bar,nav,n_pos
2021-01-21 09:30:00,1000000.0,0
2021-01-21 10:30:00,1000000.0,0
2021-01-21 11:30:00,1000000.0,0
2021-01-21 12:30:00,1000000.0,0
2021-01-21 13:30:00,1000000.0,0
2021-01-21 14:30:00,1000000.0,0
2021-01-21 15:30:00,1000000.0,0
2021-01-22 09:30:00,1000000.0,0
2021-01-22 10:30:00,1000000.0,0
2021-01-22 11:30:00,1000000.0,0
2021-01-22 12:30:00,1000000.0,0
2021-01-22 13:30:00,1000000.0,0
2021-01-22 14:30:00,1000000.0,0
2021-01-22 15:30:00,1000000.0,0
2021-01-25 09:30:00,1000000.0,0
2021-01-25 10:30:00,1000000.0,0
2021-01-25 11:30:00,1000000.0,0
2021-01-25 12:30:00,1000000.0,0
2021-01-25 13:30:00,1000000.0,0
2021-01-25 14:30:00,1000000.0,0
2021-01-25 15:30:00,1000000.0,0
2021-01-26 09:30:00,1000000.0,0
2021-01-26 10:30:00,1000000.0,0
2021-01-26 11:30:00,999760.0224989741,5
2021-01-26 12:30:00,999760.0224989741,5
2021-01-26 13:30:00,999760.0224989741,5
2021-01-26 14:30:00,999760.0224989741,5
2021-01-26 15:30:00,999760.0224989741,5
2021-01-27 09:30:00,999760.0224989741,5
2021-01-27 10:30:00,999760.0224989741,5
2021-01-27 11:30:00,999520.101687527,9
2021-01-27 12:30:00,999600.3988560172,8
2021-01-27 13:30:00,999600.3988560172,8
2021-01-27 14:30:00,1002666.633262378,5
2021-01-27 15:30:00,1002666.633262378,5
2021-01-28 09:30:00,1002666.633262378,5
2021-01-28 10:30:00,1002666.633262378,5
2021-01-28 11:30:00,1002666.633262378,5
2021-01-28 12:30:00,1002666.633262378,5
2021-01-28 13:30:00,1002666.633262378,5
2021-01-28 14:30:00,1002666.633262378,5
2021-01-28 15:30:00,1002666.633262378,5
2021-01-29 09:30:00,1002666.633262378,5
2021-01-29 10:30:00,1002666.633262378,5
2021-01-29 11:30:00,1002686.5696144996,7
2021-01-29 12:30:00,1002686.5696144996,7
2021-01-29 13:30:00,1002686.5696144996,7
2021-01-29 14:30:00,1002686.5696144996,7
2021-01-29 15:30:00,1002686.5696144996,7
2021-02-01 09:30:00,1002686.5696144996,7
2021-02-01 10:30:00,1001426.9712477743,3
2021-02-01 11:30:00,1000334.9706381839,2
2021-02-01 12:30:00,1000334.9706381839,2
2021-02-01 13:30:00,1000334.9706381839,2
2021-02-01 14:30:00,1000334.9706381839,2
2021-02-01 15:30:00,1000334.9706381839,2
2021-02-02 09:30:00,1000334.9706381839,2
2021-02-02 10:30:00,1000334.9706381839,2
2021-02-02 11:30:00,1000184.9284951123,6
2021-02-02 12:30:00,1000184.9284951123,6
2021-02-02 13:30:00,1000184.9284951123,6
2021-02-02 14:30:00,999956.981929242,4
2021-02-02 15:30:00,999956.981929242,4
2021-02-03 09:30:00,999956.981929242,4
2021-02-03 10:30:00,999956.981929242,4
2021-02-03 11:30:00,999956.981929242,4
2021-02-03 12:30:00,1000770.9466013629,2
2021-02-03 13:30:00,1000770.9466013629,2
2021-02-03 14:30:00,1000770.9466013629,2
2021-02-03 15:30:00,1000770.9466013629,2
2021-02-04 09:30:00,1000770.9466013629,2
2021-02-04 10:30:00,1000770.9466013629,2
2021-02-04 11:30:00,1000770.9466013629,2
2021-02-04 12:30:00,1000770.9466013629,2
2021-02-04 13:30:00,1000770.9466013629,2
2021-02-04 14:30:00,1000770.9466013629,2
2021-02-04 15:30:00,1000770.9466013629,2
2021-02-05 09:30:00,1000770.9466013629,2
2021-02-05 10:30:00,1000770.9466013629,2
2021-02-05 11:30:00,1000770.9466013629,2
2021-02-05 12:30:00,1000770.9466013629,2
2021-02-05 13:30:00,1000770.9466013629,2
2021-02-05 14:30:00,1000770.9466013629,2
2021-02-05 15:30:00,1000770.9466013629,2
2021-02-08 09:30:00,1000770.9466013629,2
2021-02-08 10:30:00,1000770.9466013629,2
2021-02-08 11:30:00,1000770.9466013629,2
2021-02-08 12:30:00,1000770.9466013629,2
2021-02-08 13:30:00,1000770.9466013629,2
2021-02-08 14:30:00,1000770.9466013629,2
2021-02-08 15:30:00,1000770.9466013629,2
2021-02-09 09:30:00,1000770.9466013629,2
2021-02-09 10:30:00,1000770.9466013629,2
2021-02-09 11:30:00,1001577.7057310713,0
2021-02-09 12:30:00,1001577.7057310713,0
2021-02-09 13:30:00,1001577.7057310713,0
2021-02-09 14:30:00,1001577.7057310713,0
2021-02-09 15:30:00,1001577.7057310713,0
2021-02-10 09:30:00,1001577.7057310713,0
2021-02-10 10:30:00,1001577.7057310713,0
2021-02-10 11:30:00,1001577.7057310713,0
2021-02-10 12:30:00,1001577.7057310713,0
2021-02-10 13:30:00,1001577.7057310713,0
2021-02-10 14:30:00,1001577.7057310713,0
2021-02-10 15:30:00,1001577.7057310713,0
2021-02-11 09:30:00,1001577.7057310713,0
2021-02-11 10:30:00,1001577.7057310713,0
2021-02-11 11:30:00,1001577.7057310713,0
2021-02-11 12:30:00,1001577.7057310713,0
2021-02-11 13:30:00,1001577.7057310713,0
2021-02-11 14:30:00,1001577.7057310713,0
2021-02-11 15:30:00,1001577.7057310713,0
2021-02-12 09:30:00,1001577.7057310713,0
2021-02-12 10:30:00,1001577.7057310713,0
2021-02-12 11:30:00,1001577.7057310713,0
2021-02-12 12:30:00,1001577.7057310713,0
2021-02-12 13:30:00,1001577.7057310713,0
2021-02-12 14:30:00,1001577.7057310713,0
2021-02-12 15:30:00,1001577.7057310713,0
2021-02-16 09:30:00,1001577.7057310713,0
2021-02-16 10:30:00,1001577.7057310713,0
2021-02-16 11:30:00,1001577.7057310713,0
2021-02-16 12:30:00,1001577.7057310713,0
2021-02-16 13:30:00,1001577.7057310713,0
2021-02-16 14:30:00,1001577.7057310713,0
2021-02-16 15:30:00,1001577.7057310713,0
2021-02-17 09:30:00,1001577.7057310713,0
2021-02-17 10:30:00,1001577.7057310713,0
2021-02-17 11:30:00,1001577.7057310713,0
2021-02-17 12:30:00,1001577.7057310713,0
2021-02-17 13:30:00,1001577.7057310713,0
2021-02-17 14:30:00,1001577.7057310713,0
2021-02-17 15:30:00,1001577.7057310713,0
2021-02-18 09:30:00,1001577.7057310713,0
2021-02-18 10:30:00,1001577.7057310713,0
2021-02-18 11:30:00,1001577.7057310713,0
2021-02-18 12:30:00,1001577.7057310713,0
2021-02-18 13:30:00,1001577.7057310713,0
2021-02-18 14:30:00,1001577.7057310713,0
2021-02-18 15:30:00,1001577.7057310713,0
2021-02-22 09:30:00,1001577.7057310713,0
2021-02-22 10:30:00,1001577.7057310713,0
2021-02-22 11:30:00,1001577.7057310713,0
2021-02-22 12:30:00,1001577.7057310713,0
2021-02-22 13:30:00,1001577.7057310713,0
2021-02-22 14:30:00,1001577.7057310713,0
2021-02-22 15:30:00,1001577.7057310713,0
2021-02-23 09:30:00,1001577.7057310713,0
2021-02-23 10:30:00,1001577.7057310713,0
2021-02-23 11:30:00,1001577.7057310713,0
2021-02-23 12:30:00,1001577.7057310713,0
2021-02-23 13:30:00,1001577.7057310713,0
2021-02-23 14:30:00,1001577.7057310713,0
2021-02-23 15:30:00,1001577.7057310713,0
2021-02-24 09:30:00,1001577.7057310713,0
2021-02-24 10:30:00,1001577.7057310713,0
2021-02-24 11:30:00,1001577.7057310713,0
2021-02-24 12:30:00,1001577.7057310713,0
2021-02-24 13:30:00,1001577.7057310713,0
2021-02-24 14:30:00,1001577.7057310713,0
2021-02-24 15:30:00,1001577.7057310713,0
2021-02-25 09:30:00,1001577.7057310713,0
2021-02-25 10:30:00,1001577.7057310713,0
2021-02-25 11:30:00,1001487.5655403954,2
2021-02-25 12:30:00,1001487.5655403954,2
2021-02-25 13:30:00,1001487.5655403954,2
2021-02-25 14:30:00,1001487.5655403954,2
2021-02-25 15:30:00,1001487.5655403954,2
2021-02-26 09:30:00,1001487.5655403954,2
2021-02-26 10:30:00,1001262.1885630961,1
2021-02-26 11:30:00,1001262.1885630961,1
2021-02-26 12:30:00,1001262.1885630961,1
2021-02-26 13:30:00,1001262.1885630961,1
2021-02-26 14:30:00,1001262.1885630961,1
2021-02-26 15:30:00,1001262.1885630961,1
2021-03-01 09:30:00,1001262.1885630961,1
2021-03-01 10:30:00,1000489.5581584327,0
2021-03-01 11:30:00,1000489.5581584327,0
2021-03-01 12:30:00,1000489.5581584327,0
2021-03-01 13:30:00,1000489.5581584327,0
2021-03-01 14:30:00,1000489.5581584327,0
2021-03-01 15:30:00,1000489.5581584327,0
2021-03-02 09:30:00,1000489.5581584327,0
2021-03-02 10:30:00,1000489.5581584327,0
2021-03-02 11:30:00,1000489.5581584327,0
2021-03-02 12:30:00,1000489.5581584327,0
2021-03-02 13:30:00,1000489.5581584327,0
2021-03-02 14:30:00,1000489.5581584327,0
2021-03-02 15:30:00,1000489.5581584327,0
2021-03-03 09:30:00,1000489.5581584327,0
2021-03-03 10:30:00,1000489.5581584327,0
2021-03-03 11:30:00,1000489.5581584327,0
2021-03-03 12:30:00,1000489.5581584327,0
2021-03-03 13:30:00,1000489.5581584327,0
2021-03-03 14:30:00,1000489.5581584327,0
2021-03-03 15:30:00,1000489.5581584327,0
2021-03-04 09:30:00,1000489.5581584327,0
2021-03-04 10:30:00,1000489.5581584327,0
2021-03-04 11:30:00,1000489.5581584327,0
2021-03-04 12:30:00,1000489.5581584327,0
2021-03-04 13:30:00,1000489.5581584327,0
2021-03-04 14:30:00,1000489.5581584327,0
2021-03-04 15:30:00,1000489.5581584327,0
2021-03-05 09:30:00,1000489.5581584327,0
2021-03-05 10:30:00,1000489.5581584327,0
2021-03-05 11:30:00,1000489.5581584327,0
2021-03-05 12:30:00,1000489.5581584327,0
2021-03-05 13:30:00,1000489.5581584327,0
2021-03-05 14:30:00,1000489.5581584327,0
2021-03-05 15:30:00,1000489.5581584327,0
2021-03-08 09:30:00,1000489.5581584327,0
2021-03-08 10:30:00,1000489.5581584327,0
2021-03-08 11:30:00,1000489.5581584327,0
2021-03-08 12:30:00,1000489.5581584327,0
2021-03-08 13:30:00,1000489.5581584327,0
2021-03-08 14:30:00,1000489.5581584327,0
2021-03-08 15:30:00,1000489.5581584327,0
2021-03-09 09:30:00,1000489.5581584327,0
2021-03-09 10:30:00,1000489.5581584327,0
2021-03-09 11:30:00,1000489.5581584327,0
2021-03-09 12:30:00,1000489.5581584327,0
2021-03-09 13:30:00,1000489.5581584327,0
2021-03-09 14:30:00,1000489.5581584327,0
2021-03-09 15:30:00,1000489.5581584327,0
2021-03-10 09:30:00,1000489.5581584327,0
2021-03-10 10:30:00,1000489.5581584327,0
2021-03-10 11:30:00,1000489.5581584327,0
2021-03-10 12:30:00,1000489.5581584327,0
2021-03-10 13:30:00,1000489.5581584327,0
2021-03-10 14:30:00,1000489.5581584327,0
2021-03-10 15:30:00,1000489.5581584327,0
2021-03-11 09:30:00,1000489.5581584327,0
2021-03-11 10:30:00,1000489.5581584327,0
2021-03-11 11:30:00,1000489.5581584327,0
2021-03-11 12:30:00,1000489.5581584327,0
2021-03-11 13:30:00,1000489.5581584327,0
2021-03-11 14:30:00,1000489.5581584327,0
2021-03-11 15:30:00,1000489.5581584327,0
2021-04-15 09:30:00,1000489.5581584327,0
2021-04-15 10:30:00,1000489.5581584327,0
2021-04-15 11:30:00,1000489.5581584327,0
2021-04-15 12:30:00,1000489.5581584327,0
2021-04-15 13:30:00,1000489.5581584327,0
2021-04-15 14:30:00,1000489.5581584327,0
2021-04-15 15:30:00,1000489.5581584327,0
2021-04-16 09:30:00,1000489.5581584327,0
2021-04-16 10:30:00,1000489.5581584327,0
2021-04-16 11:30:00,1000489.5581584327,0
2021-04-16 12:30:00,1000489.5581584327,0
2021-04-16 13:30:00,1000489.5581584327,0
2021-04-16 14:30:00,1000489.5581584327,0
2021-04-16 15:30:00,1000489.5581584327,0
2021-04-19 09:30:00,1000489.5581584327,0
2021-04-19 10:30:00,1000489.5581584327,0
2021-04-19 11:30:00,1000489.5581584327,0
2021-04-19 12:30:00,1000489.5581584327,0
2021-04-19 13:30:00,1000489.5581584327,0
2021-04-19 14:30:00,1000489.5581584327,0
2021-04-19 15:30:00,1000489.5581584327,0
2021-04-20 09:30:00,1000489.5581584327,0
2021-04-20 10:30:00,1000489.5581584327,0
2021-04-20 11:30:00,1000279.47155861,4
2021-04-20 12:30:00,1000039.111353551,2
2021-04-20 13:30:00,1000039.111353551,2
2021-04-20 14:30:00,1000039.111353551,2
2021-04-20 15:30:00,1000039.111353551,2
2021-04-21 09:30:00,1000039.111353551,2
2021-04-21 10:30:00,1000039.111353551,2
2021-04-21 11:30:00,1000692.8260251641,0
2021-04-21 12:30:00,1000692.8260251641,0
2021-04-21 13:30:00,1000692.8260251641,0
2021-04-21 14:30:00,1000692.8260251641,0
2021-04-21 15:30:00,1000692.8260251641,0
2021-04-22 09:30:00,1000692.8260251641,0
2021-04-22 10:30:00,1000692.8260251641,0
2021-04-22 11:30:00,1000692.8260251641,0
2021-04-22 12:30:00,1000692.8260251641,0
2021-04-22 13:30:00,1000692.8260251641,0
2021-04-22 14:30:00,1000692.8260251641,0
2021-04-22 15:30:00,1000692.8260251641,0
2021-04-23 09:30:00,1000692.8260251641,0
2021-04-23 10:30:00,1000692.8260251641,0
2021-04-23 11:30:00,1000692.8260251641,0
2021-04-23 12:30:00,1000692.8260251641,0
2021-04-23 13:30:00,1000692.8260251641,0
2021-04-23 14:30:00,1000692.8260251641,0
2021-04-23 15:30:00,1000692.8260251641,0
2021-04-26 09:30:00,1000692.8260251641,0
2021-04-26 10:30:00,1000692.8260251641,0
2021-04-26 11:30:00,1000692.8260251641,0
2021-04-26 12:30:00,1000692.8260251641,0
2021-04-26 13:30:00,1000692.8260251641,0
2021-04-26 14:30:00,1000692.8260251641,0
2021-04-26 15:30:00,1000692.8260251641,0
2021-04-27 09:30:00,1000692.8260251641,0
2021-04-27 10:30:00,1000692.8260251641,0
2021-04-27 11:30:00,1000542.7293061407,3
2021-04-27 12:30:00,1000542.7293061407,3
2021-04-27 13:30:00,1000542.7293061407,3
2021-04-27 14:30:00,1000542.7293061407,3
2021-04-27 15:30:00,1000542.7293061407,3
2021-04-28 09:30:00,1000542.7293061407,3
2021-04-28 10:30:00,1000542.7293061407,3
2021-04-28 11:30:00,1000482.6967423824,4
2021-04-28 12:30:00,1000482.6967423824,4
2021-04-28 13:30:00,1000482.6967423824,4
2021-04-28 14:30:00,999981.7711493633,3
2021-04-28 15:30:00,999981.7711493633,3
2021-04-29 09:30:00,999981.7711493633,3
2021-04-29 10:30:00,999981.7711493633,3
2021-04-29 11:30:00,999801.7852301435,6
2021-04-29 12:30:00,999801.7852301435,6
2021-04-29 13:30:00,999801.7852301435,6
2021-04-29 14:30:00,999801.7852301435,6
2021-04-29 15:30:00,999801.7852301435,6
2021-04-30 09:30:00,999801.7852301435,6
2021-04-30 10:30:00,999801.7852301435,6
2021-04-30 11:30:00,999801.7852301435,6
2021-04-30 12:30:00,999801.7852301435,6
2021-04-30 13:30:00,999801.7852301435,6
2021-04-30 14:30:00,999801.7852301435,6
2021-04-30 15:30:00,999801.7852301435,6
2021-05-03 09:30:00,999801.7852301435,6
2021-05-03 10:30:00,999801.7852301435,6
2021-05-03 11:30:00,999801.7852301435,6
2021-05-03 12:30:00,999801.7852301435,6
2021-05-03 13:30:00,999801.7852301435,6
2021-05-03 14:30:00,1000297.2722884921,5
2021-05-03 15:30:00,1000297.2722884921,5
2021-05-04 09:30:00,1000297.2722884921,5
2021-05-04 10:30:00,1000297.2722884921,5
2021-05-04 11:30:00,1000297.2722884921,5
2021-05-04 12:30:00,999940.432782253,4
2021-05-04 13:30:00,999940.432782253,4
2021-05-04 14:30:00,1002182.0831545737,3
2021-05-04 15:30:00,1002182.0831545737,3
2021-05-05 09:30:00,1002182.0831545737,3
2021-05-05 10:30:00,1002182.0831545737,3
2021-05-05 11:30:00,1002182.0831545737,3
2021-05-05 12:30:00,1002182.0831545737,3
2021-05-05 13:30:00,1002182.0831545737,3
2021-05-05 14:30:00,1002182.0831545737,3
2021-05-05 15:30:00,1002182.0831545737,3
2021-05-06 09:30:00,1002182.0831545737,3
2021-05-06 10:30:00,1002182.0831545737,3
2021-05-06 11:30:00,1002091.8885710175,5
2021-05-06 12:30:00,1002156.374552076,4
2021-05-06 13:30:00,1002037.3392153635,3
2021-05-06 14:30:00,1002037.3392153635,3
2021-05-06 15:30:00,1002037.3392153635,3
2021-05-07 09:30:00,1002037.3392153635,3
2021-05-07 10:30:00,1002037.3392153635,3
2021-05-07 11:30:00,1002037.3392153635,3
2021-05-07 12:30:00,1002037.3392153635,3
2021-05-07 13:30:00,1002037.3392153635,3
2021-05-07 14:30:00,1002037.3392153635,3
2021-05-07 15:30:00,1002037.3392153635,3
2021-05-10 09:30:00,1002037.3392153635,3
2021-05-10 10:30:00,1002037.3392153635,3
2021-05-10 11:30:00,1001947.1576585013,5
2021-05-10 12:30:00,1001947.1576585013,5
2021-05-10 13:30:00,1001947.1576585013,5
2021-05-10 14:30:00,1001947.1576585013,5
2021-05-10 15:30:00,1001947.1576585013,5
2021-05-11 09:30:00,1001947.1576585013,5
2021-05-11 10:30:00,1001947.1576585013,5
2021-05-11 11:30:00,997107.9272319247,2
2021-05-11 12:30:00,997107.9272319247,2
2021-05-11 13:30:00,997107.9272319247,2
2021-05-11 14:30:00,997107.9272319247,2
2021-05-11 15:30:00,997107.9272319247,2
2021-05-12 09:30:00,997107.9272319247,2
2021-05-12 10:30:00,997107.9272319247,2
2021-05-12 11:30:00,997107.9272319247,2
2021-05-12 12:30:00,997285.221936846,1
2021-05-12 13:30:00,997285.221936846,1
2021-05-12 14:30:00,997285.221936846,1
2021-05-12 15:30:00,997285.221936846,1
2021-05-13 09:30:00,997285.221936846,1
2021-05-13 10:30:00,997285.221936846,1
2021-05-13 11:30:00,997285.221936846,1
2021-05-13 12:30:00,997285.221936846,1
2021-05-13 13:30:00,997285.221936846,1
2021-05-13 14:30:00,997285.221936846,1
2021-05-13 15:30:00,997285.221936846,1
2021-05-14 09:30:00,997285.221936846,1
2021-05-14 10:30:00,997285.221936846,1
2021-05-14 11:30:00,997285.221936846,1
2021-05-14 12:30:00,997285.221936846,1
2021-05-14 13:30:00,997285.221936846,1
2021-05-14 14:30:00,997285.221936846,1
2021-05-14 15:30:00,997285.221936846,1
2021-05-17 09:30:00,997285.221936846,1
2021-05-17 10:30:00,997285.221936846,1
2021-05-17 11:30:00,997285.221936846,1
2021-05-17 12:30:00,997285.221936846,1
2021-05-17 13:30:00,997285.221936846,1
2021-05-17 14:30:00,997285.221936846,1
2021-05-17 15:30:00,997285.221936846,1
2021-05-18 09:30:00,997285.221936846,1
2021-05-18 10:30:00,997285.221936846,1
2021-05-18 11:30:00,997285.221936846,1
2021-05-18 12:30:00,997285.221936846,1
2021-05-18 13:30:00,997285.221936846,1
2021-05-18 14:30:00,997285.221936846,1
2021-05-18 15:30:00,997285.221936846,1
2021-05-19 09:30:00,997285.221936846,1
2021-05-19 10:30:00,997285.221936846,1
2021-05-19 11:30:00,997285.221936846,1
2021-05-19 12:30:00,997285.221936846,1
2021-05-19 13:30:00,997285.221936846,1
2021-05-19 14:30:00,997285.221936846,1
2021-05-19 15:30:00,997285.221936846,1
2021-05-20 09:30:00,997285.221936846,1
2021-05-20 10:30:00,997285.221936846,1
2021-05-20 11:30:00,997285.221936846,1
2021-05-20 12:30:00,997285.221936846,1
2021-05-20 13:30:00,997285.221936846,1
2021-05-20 14:30:00,997285.221936846,1
2021-05-20 15:30:00,997285.221936846,1
2021-05-21 09:30:00,997285.221936846,1
2021-05-21 10:30:00,997285.221936846,1
2021-05-21 11:30:00,997285.221936846,1
2021-05-21 12:30:00,997285.221936846,1
2021-05-21 13:30:00,997285.221936846,1
2021-05-21 14:30:00,997285.221936846,1
2021-05-21 15:30:00,997285.221936846,1
2021-05-24 09:30:00,997285.221936846,1
2021-05-24 10:30:00,997285.221936846,1
2021-05-24 11:30:00,998920.4987150321,0
2021-05-24 12:30:00,998920.4987150321,0
2021-05-24 13:30:00,998920.4987150321,0
2021-05-24 14:30:00,998920.4987150321,0
2021-05-24 15:30:00,998920.4987150321,0
2021-05-25 09:30:00,998920.4987150321,0
2021-05-25 10:30:00,998920.4987150321,0
2021-05-25 11:30:00,998920.4987150321,0
2021-05-25 12:30:00,998920.4987150321,0
2021-05-25 13:30:00,998920.4987150321,0
2021-05-25 14:30:00,998920.4987150321,0
2021-05-25 15:30:00,998920.4987150321,0
2021-05-26 09:30:00,998920.4987150321,0
2021-05-26 10:30:00,998920.4987150321,0
2021-05-26 11:30:00,998920.4987150321,0
2021-05-26 12:30:00,998920.4987150321,0
2021-05-26 13:30:00,998920.4987150321,0
2021-05-26 14:30:00,998920.4987150321,0
2021-05-26 15:30:00,998920.4987150321,0
2021-05-27 09:30:00,998920.4987150321,0
2021-05-27 10:30:00,998920.4987150321,0
2021-05-27 11:30:00,998920.4987150321,0
2021-05-27 12:30:00,998920.4987150321,0
2021-05-27 13:30:00,998920.4987150321,0
2021-05-27 14:30:00,998920.4987150321,0
2021-05-27 15:30:00,998920.4987150321,0
2021-05-28 09:30:00,998920.4987150321,0
2021-05-28 10:30:00,998920.4987150321,0
2021-05-28 11:30:00,998920.4987150321,0
2021-05-28 12:30:00,998920.4987150321,0
2021-05-28 13:30:00,998920.4987150321,0
2021-05-28 14:30:00,998920.4987150321,0
2021-05-28 15:30:00,998920.4987150321,0
2021-06-01 09:30:00,998920.4987150321,0
2021-06-01 10:30:00,998920.4987150321,0
2021-06-01 11:30:00,998920.4987150321,0
2021-06-01 12:30:00,998920.4987150321,0
2021-06-01 13:30:00,998920.4987150321,0
2021-06-01 14:30:00,998920.4987150321,0
2021-06-01 15:30:00,998920.4987150321,0
2021-06-02 09:30:00,998920.4987150321,0
2021-06-02 10:30:00,998920.4987150321,0
2021-06-02 11:30:00,998920.4987150321,0
2021-06-02 12:30:00,998920.4987150321,0
2021-06-02 13:30:00,998920.4987150321,0
2021-06-02 14:30:00,998920.4987150321,0
2021-06-02 15:30:00,998920.4987150321,0
2021-06-03 09:30:00,998920.4987150321,0
2021-06-03 10:30:00,998920.4987150321,0
2021-06-03 11:30:00,998920.4987150321,0
2021-06-03 12:30:00,998920.4987150321,0
2021-06-03 13:30:00,998920.4987150321,0
2021-06-03 14:30:00,998920.4987150321,0
2021-06-03 15:30:00,998920.4987150321,0
2021-06-04 09:30:00,998920.4987150321,0
2021-06-04 10:30:00,998920.4987150321,0
2021-06-04 11:30:00,998920.4987150321,0
2021-06-04 12:30:00,998920.4987150321,0
2021-06-04 13:30:00,998920.4987150321,0
2021-06-04 14:30:00,998920.4987150321,0
2021-06-04 15:30:00,998920.4987150321,0
2021-06-07 09:30:00,998920.4987150321,0
2021-06-07 10:30:00,998920.4987150321,0
2021-06-07 11:30:00,998920.4987150321,0
2021-06-07 12:30:00,998920.4987150321,0
2021-06-07 13:30:00,998920.4987150321,0
2021-06-07 14:30:00,998920.4987150321,0
2021-06-07 15:30:00,998920.4987150321,0
2021-06-08 09:30:00,998920.4987150321,0
2021-06-08 10:30:00,998920.4987150321,0
2021-06-08 11:30:00,998920.4987150321,0
2021-06-08 12:30:00,998920.4987150321,0
2021-06-08 13:30:00,998920.4987150321,0
2021-06-08 14:30:00,998920.4987150321,0
2021-06-08 15:30:00,998920.4987150321,0
2021-06-09 09:30:00,998920.4987150321,0
2021-06-09 10:30:00,998920.4987150321,0
2021-06-09 11:30:00,998920.4987150321,0
2021-06-09 12:30:00,998920.4987150321,0
2021-06-09 13:30:00,998920.4987150321,0
2021-06-09 14:30:00,998920.4987150321,0
2021-06-09 15:30:00,998920.4987150321,0
2021-07-21 09:30:00,998920.4987150321,0
2021-07-21 10:30:00,998920.4987150321,0
2021-07-21 11:30:00,998920.4987150321,0
2021-07-21 12:30:00,998920.4987150321,0
2021-07-21 13:30:00,998920.4987150321,0
2021-07-21 14:30:00,998920.4987150321,0
2021-07-21 15:30:00,998920.4987150321,0
2021-07-22 09:30:00,998920.4987150321,0
2021-07-22 10:30:00,998920.4987150321,0
2021-07-22 11:30:00,998920.4987150321,0
2021-07-22 12:30:00,998920.4987150321,0
2021-07-22 13:30:00,998920.4987150321,0
2021-07-22 14:30:00,998920.4987150321,0
2021-07-22 15:30:00,998920.4987150321,0
2021-07-23 09:30:00,998920.4987150321,0
2021-07-23 10:30:00,998920.4987150321,0
2021-07-23 11:30:00,998920.4987150321,0
2021-07-23 12:30:00,998920.4987150321,0
2021-07-23 13:30:00,998920.4987150321,0
2021-07-23 14:30:00,998920.4987150321,0
2021-07-23 15:30:00,998920.4987150321,0
2021-07-26 09:30:00,998920.4987150321,0
2021-07-26 10:30:00,998920.4987150321,0
2021-07-26 11:30:00,998680.7793711602,4
2021-07-26 12:30:00,998680.7793711602,4
2021-07-26 13:30:00,998680.7793711602,4
2021-07-26 14:30:00,998680.7793711602,4
2021-07-26 15:30:00,998680.7793711602,4
2021-07-27 09:30:00,998680.7793711602,4
2021-07-27 10:30:00,998680.7793711602,4
2021-07-27 11:30:00,998590.8998986422,6
2021-07-27 12:30:00,998590.8998986422,6
2021-07-27 13:30:00,998590.8998986422,6
2021-07-27 14:30:00,998590.8998986422,6
2021-07-27 15:30:00,998590.8998986422,6
2021-07-28 09:30:00,998590.8998986422,6
2021-07-28 10:30:00,998590.8998986422,6
2021-07-28 11:30:00,998551.8552099069,4
2021-07-28 12:30:00,997967.855745723,3
2021-07-28 13:30:00,997967.855745723,3
2021-07-28 14:30:00,997967.855745723,3
2021-07-28 15:30:00,998255.5381365304,2
2021-07-29 09:30:00,998255.5381365304,2
2021-07-29 10:30:00,998255.5381365304,2
2021-07-29 11:30:00,998255.5381365304,2
2021-07-29 12:30:00,998255.5381365304,2
2021-07-29 13:30:00,998255.5381365304,2
2021-07-29 14:30:00,998255.5381365304,2
2021-07-29 15:30:00,998255.5381365304,2
2021-07-30 09:30:00,998255.5381365304,2
2021-07-30 10:30:00,998255.5381365304,2
2021-07-30 11:30:00,998255.5381365304,2
2021-07-30 12:30:00,998255.5381365304,2
2021-07-30 13:30:00,998255.5381365304,2
2021-07-30 14:30:00,998255.5381365304,2
2021-07-30 15:30:00,998255.5381365304,2
2021-08-02 09:30:00,998255.5381365304,2
2021-08-02 10:30:00,998255.5381365304,2
2021-08-02 11:30:00,998255.5381365304,2
2021-08-02 12:30:00,998255.5381365304,2
2021-08-02 13:30:00,998255.5381365304,2
2021-08-02 14:30:00,998255.5381365304,2
2021-08-02 15:30:00,998255.5381365304,2
2021-08-03 09:30:00,998255.5381365304,2
2021-08-03 10:30:00,998255.5381365304,2
2021-08-03 11:30:00,998255.5381365304,2
2021-08-03 12:30:00,998255.5381365304,2
2021-08-03 13:30:00,998255.5381365304,2
2021-08-03 14:30:00,998255.5381365304,2
2021-08-03 15:30:00,998255.5381365304,2
2021-08-04 09:30:00,998255.5381365304,2
2021-08-04 10:30:00,998255.5381365304,2
2021-08-04 11:30:00,998255.5381365304,2
2021-08-04 12:30:00,998255.5381365304,2
2021-08-04 13:30:00,998255.5381365304,2
2021-08-04 14:30:00,998255.5381365304,2
2021-08-04 15:30:00,998255.5381365304,2
2021-08-05 09:30:00,998255.5381365304,2
2021-08-05 10:30:00,997962.3161426627,1
2021-08-05 11:30:00,997962.3161426627,1
2021-08-05 12:30:00,997962.3161426627,1
2021-08-05 13:30:00,997962.3161426627,1
2021-08-05 14:30:00,997962.3161426627,1
2021-08-05 15:30:00,997962.3161426627,1
2021-08-06 09:30:00,997962.3161426627,1
2021-08-06 10:30:00,997962.3161426627,1
2021-08-06 11:30:00,997962.3161426627,1
2021-08-06 12:30:00,997962.3161426627,1
2021-08-06 13:30:00,997962.3161426627,1
2021-08-06 14:30:00,997962.3161426627,1
2021-08-06 15:30:00,997962.3161426627,1
2021-08-09 09:30:00,997962.3161426627,1
2021-08-09 10:30:00,997962.3161426627,1
2021-08-09 11:30:00,998140.2191267195,0
2021-08-09 12:30:00,998140.2191267195,0
2021-08-09 13:30:00,998140.2191267195,0
2021-08-09 14:30:00,998140.2191267195,0
2021-08-09 15:30:00,998140.2191267195,0
2021-08-10 09:30:00,998140.2191267195,0
2021-08-10 10:30:00,998140.2191267195,0
2021-08-10 11:30:00,998140.2191267195,0
2021-08-10 12:30:00,998140.2191267195,0
2021-08-10 13:30:00,998140.2191267195,0
2021-08-10 14:30:00,998140.2191267195,0
2021-08-10 15:30:00,998140.2191267195,0
2021-08-11 09:30:00,998140.2191267195,0
2021-08-11 10:30:00,998140.2191267195,0
2021-08-11 11:30:00,998140.2191267195,0
2021-08-11 12:30:00,998140.2191267195,0
2021-08-11 13:30:00,998140.2191267195,0
2021-08-11 14:30:00,998140.2191267195,0
2021-08-11 15:30:00,998140.2191267195,0
2021-08-12 09:30:00,998140.2191267195,0
2021-08-12 10:30:00,998140.2191267195,0
2021-08-12 11:30:00,998140.2191267195,0
2021-08-12 12:30:00,998140.2191267195,0
2021-08-12 13:30:00,998140.2191267195,0
2021-08-12 14:30:00,998140.2191267195,0
2021-08-12 15:30:00,998140.2191267195,0
2021-08-13 09:30:00,998140.2191267195,0
2021-08-13 10:30:00,998140.2191267195,0
2021-08-13 11:30:00,998140.2191267195,0
2021-08-13 12:30:00,998140.2191267195,0
2021-08-13 13:30:00,998140.2191267195,0
2021-08-13 14:30:00,998140.2191267195,0
2021-08-13 15:30:00,998140.2191267195,0
2021-08-16 09:30:00,998140.2191267195,0
2021-08-16 10:30:00,998140.2191267195,0
2021-08-16 11:30:00,998140.2191267195,0
2021-08-16 12:30:00,998140.2191267195,0
2021-08-16 13:30:00,998140.2191267195,0
2021-08-16 14:30:00,998140.2191267195,0
2021-08-16 15:30:00,998140.2191267195,0
2021-08-17 09:30:00,998140.2191267195,0
2021-08-17 10:30:00,998140.2191267195,0
2021-08-17 11:30:00,998140.2191267195,0
2021-08-17 12:30:00,998140.2191267195,0
2021-08-17 13:30:00,998140.2191267195,0
2021-08-17 14:30:00,998140.2191267195,0
2021-08-17 15:30:00,998140.2191267195,0
2021-10-21 09:30:00,998140.2191267195,0
2021-10-21 10:30:00,998140.2191267195,0
2021-10-21 11:30:00,998140.2191267195,0
2021-10-21 12:30:00,998140.2191267195,0
2021-10-21 13:30:00,998140.2191267195,0
2021-10-21 14:30:00,998140.2191267195,0
2021-10-21 15:30:00,998140.2191267195,0
2021-10-22 09:30:00,998140.2191267195,0
2021-10-22 10:30:00,998140.2191267195,0
2021-10-22 11:30:00,998140.2191267195,0
2021-10-22 12:30:00,998140.2191267195,0
2021-10-22 13:30:00,998140.2191267195,0
2021-10-22 14:30:00,998140.2191267195,0
2021-10-22 15:30:00,998140.2191267195,0
2021-10-25 09:30:00,998140.2191267195,0
2021-10-25 10:30:00,998140.2191267195,0
2021-10-25 11:30:00,998140.2191267195,0
2021-10-25 12:30:00,998140.2191267195,0
2021-10-25 13:30:00,998140.2191267195,0
2021-10-25 14:30:00,998140.2191267195,0
2021-10-25 15:30:00,998140.2191267195,0
2021-10-26 09:30:00,998140.2191267195,0
2021-10-26 10:30:00,998140.2191267195,0
2021-10-26 11:30:00,997900.6870330955,4
2021-10-26 12:30:00,997900.6870330955,4
2021-10-26 13:30:00,997900.6870330955,4
2021-10-26 14:30:00,997414.8506216138,3
2021-10-26 15:30:00,997414.8506216138,3
2021-10-27 09:30:00,997414.8506216138,3
2021-10-27 10:30:00,997414.8506216138,3
2021-10-27 11:30:00,996692.3217254383,3
2021-10-27 12:30:00,996692.3217254383,3
2021-10-27 13:30:00,996406.89915498,2
2021-10-27 14:30:00,996406.89915498,2
2021-10-27 15:30:00,996406.89915498,2
2021-10-28 09:30:00,996406.89915498,2
2021-10-28 10:30:00,996745.4884208842,1
2021-10-28 11:30:00,996655.7831210683,3
2021-10-28 12:30:00,996459.6416007867,2
2021-10-28 13:30:00,996459.6416007867,2
2021-10-28 14:30:00,996459.6416007867,2
2021-10-28 15:30:00,996459.6416007867,2
2021-10-29 09:30:00,996459.6416007867,2
2021-10-29 10:30:00,996459.6416007867,2
2021-10-29 11:30:00,996160.7422684965,10
2021-10-29 12:30:00,996160.7422684965,10
2021-10-29 13:30:00,996192.7914037094,9
2021-10-29 14:30:00,996192.7914037094,9
2021-10-29 15:30:00,996192.7914037094,9
2021-11-01 09:30:00,996192.7914037094,9
2021-11-01 10:30:00,996331.9417424252,7
2021-11-01 11:30:00,996331.9417424252,7
2021-11-01 12:30:00,996331.9417424252,7
2021-11-01 13:30:00,996331.9417424252,7
2021-11-01 14:30:00,996331.9417424252,7
2021-11-01 15:30:00,996331.9417424252,7
2021-11-02 09:30:00,996331.9417424252,7
2021-11-02 10:30:00,999140.6263249014,4
2021-11-02 11:30:00,999140.6263249014,4
2021-11-02 12:30:00,999140.6263249014,4
2021-11-02 13:30:00,999140.6263249014,4
2021-11-02 14:30:00,999140.6263249014,4
2021-11-02 15:30:00,999140.6263249014,4
2021-11-03 09:30:00,999140.6263249014,4
2021-11-03 10:30:00,999321.9313769066,2
2021-11-03 11:30:00,999331.0705903242,1
2021-11-03 12:30:00,999331.0705903242,1
2021-11-03 13:30:00,999331.0705903242,1
2021-11-03 14:30:00,999331.0705903242,1
2021-11-03 15:30:00,999331.0705903242,1
2021-11-04 09:30:00,999331.0705903242,1
2021-11-04 10:30:00,999331.0705903242,1
2021-11-04 11:30:00,999331.0705903242,1
2021-11-04 12:30:00,999331.0705903242,1
2021-11-04 13:30:00,999331.0705903242,1
2021-11-04 14:30:00,999331.0705903242,1
2021-11-04 15:30:00,999331.0705903242,1
2021-11-05 09:30:00,999331.0705903242,1
2021-11-05 10:30:00,999331.0705903242,1
2021-11-05 11:30:00,999331.0705903242,1
2021-11-05 12:30:00,999331.0705903242,1
2021-11-05 13:30:00,999331.0705903242,1
2021-11-05 14:30:00,999331.0705903242,1
2021-11-05 15:30:00,999331.0705903242,1
2021-11-08 09:30:00,999331.0705903242,1
2021-11-08 10:30:00,999331.0705903242,1
2021-11-08 11:30:00,999331.0705903242,1
2021-11-08 12:30:00,999331.0705903242,1
2021-11-08 13:30:00,999331.0705903242,1
2021-11-08 14:30:00,999331.0705903242,1
2021-11-08 15:30:00,999331.0705903242,1
2021-11-09 09:30:00,999331.0705903242,1
2021-11-09 10:30:00,999331.0705903242,1
2021-11-09 11:30:00,999331.0705903242,1
2021-11-09 12:30:00,999331.0705903242,1
2021-11-09 13:30:00,999331.0705903242,1
2021-11-09 14:30:00,999331.0705903242,1
2021-11-09 15:30:00,999331.0705903242,1
2021-11-10 09:30:00,999331.0705903242,1
2021-11-10 10:30:00,999331.0705903242,1
2021-11-10 11:30:00,999331.0705903242,1
2021-11-10 12:30:00,999331.0705903242,1
2021-11-10 13:30:00,999331.0705903242,1
2021-11-10 14:30:00,999331.0705903242,1
2021-11-10 15:30:00,999331.0705903242,1
2021-11-11 09:30:00,999331.0705903242,1
2021-11-11 10:30:00,999331.0705903242,1
2021-11-11 11:30:00,996622.021273374,0
2021-11-11 12:30:00,996622.021273374,0
2021-11-11 13:30:00,996622.021273374,0
2021-11-11 14:30:00,996622.021273374,0
2021-11-11 15:30:00,996622.021273374,0
2021-11-12 09:30:00,996622.021273374,0
2021-11-12 10:30:00,996622.021273374,0
2021-11-12 11:30:00,996622.021273374,0
2021-11-12 12:30:00,996622.021273374,0
2021-11-12 13:30:00,996622.021273374,0
2021-11-12 14:30:00,996622.021273374,0
2021-11-12 15:30:00,996622.021273374,0
2021-11-15 09:30:00,996622.021273374,0
2021-11-15 10:30:00,996622.021273374,0
2021-11-15 11:30:00,996622.021273374,0
2021-11-15 12:30:00,996622.021273374,0
2021-11-15 13:30:00,996622.021273374,0
2021-11-15 14:30:00,996622.021273374,0
2021-11-15 15:30:00,996622.021273374,0
2021-11-16 09:30:00,996622.021273374,0
2021-11-16 10:30:00,996622.021273374,0
2021-11-16 11:30:00,996622.021273374,0
2021-11-16 12:30:00,996622.021273374,0
2021-11-16 13:30:00,996622.021273374,0
2021-11-16 14:30:00,996622.021273374,0
2021-11-16 15:30:00,996622.021273374,0
2021-11-17 09:30:00,996622.021273374,0
2021-11-17 10:30:00,996622.021273374,0
2021-11-17 11:30:00,996622.021273374,0
2021-11-17 12:30:00,996622.021273374,0
2021-11-17 13:30:00,996622.021273374,0
2021-11-17 14:30:00,996622.021273374,0
2021-11-17 15:30:00,996622.021273374,0
2021-11-18 09:30:00,996622.021273374,0
2021-11-18 10:30:00,996622.021273374,0
2021-11-18 11:30:00,996622.021273374,0
2021-11-18 12:30:00,996622.021273374,0
2021-11-18 13:30:00,996622.021273374,0
2021-11-18 14:30:00,996622.021273374,0
2021-11-18 15:30:00,996622.021273374,0
2022-01-20 09:30:00,996622.021273374,0
2022-01-20 10:30:00,996622.021273374,0
2022-01-20 11:30:00,996622.021273374,0
2022-01-20 12:30:00,996622.021273374,0
2022-01-20 13:30:00,996622.021273374,0
2022-01-20 14:30:00,996622.021273374,0
2022-01-20 15:30:00,996622.021273374,0
2022-01-21 09:30:00,996622.021273374,0
2022-01-21 10:30:00,996622.021273374,0
2022-01-21 11:30:00,996622.021273374,0
2022-01-21 12:30:00,996622.021273374,0
2022-01-21 13:30:00,996622.021273374,0
2022-01-21 14:30:00,996622.021273374,0
2022-01-21 15:30:00,996622.021273374,0
2022-01-24 09:30:00,996622.021273374,0
2022-01-24 10:30:00,996622.021273374,0
2022-01-24 11:30:00,996622.021273374,0
2022-01-24 12:30:00,996622.021273374,0
2022-01-24 13:30:00,996622.021273374,0
2022-01-24 14:30:00,996622.021273374,0
2022-01-24 15:30:00,996622.021273374,0
2022-01-25 09:30:00,996622.021273374,0
2022-01-25 10:30:00,996622.021273374,0
2022-01-25 11:30:00,996352.9620288375,5
2022-01-25 12:30:00,996352.9620288375,5
2022-01-25 13:30:00,996352.9620288375,5
2022-01-25 14:30:00,996352.9620288375,5
2022-01-25 15:30:00,996352.9620288375,5
2022-01-26 09:30:00,996352.9620288375,5
2022-01-26 10:30:00,996352.9620288375,5
2022-01-26 11:30:00,996352.9620288375,5
2022-01-26 12:30:00,996352.9620288375,5
2022-01-26 13:30:00,996352.9620288375,5
2022-01-26 14:30:00,996352.9620288375,5
2022-01-26 15:30:00,996352.9620288375,5
2022-01-27 09:30:00,996352.9620288375,5
2022-01-27 10:30:00,996728.6948896422,4
2022-01-27 11:30:00,996668.8911679488,5
2022-01-27 12:30:00,996668.8911679488,5
2022-01-27 13:30:00,996668.8911679488,5
2022-01-27 14:30:00,996668.8911679488,5
2022-01-27 15:30:00,996668.8911679488,5
2022-01-28 09:30:00,996668.8911679488,5
2022-01-28 10:30:00,996668.8911679488,5
2022-01-28 11:30:00,996579.1936587228,8
2022-01-28 12:30:00,996579.1936587228,8
2022-01-28 13:30:00,996579.1936587228,8
2022-01-28 14:30:00,996579.1936587228,8
2022-01-28 15:30:00,996579.1936587228,8
2022-01-31 09:30:00,996579.1936587228,8
2022-01-31 10:30:00,996579.1936587228,8
2022-01-31 11:30:00,996545.0624718252,7
2022-01-31 12:30:00,996545.0624718252,7
2022-01-31 13:30:00,996545.0624718252,7
2022-01-31 14:30:00,996545.0624718252,7
2022-01-31 15:30:00,996545.0624718252,7
2022-02-01 09:30:00,996545.0624718252,7
2022-02-01 10:30:00,996545.0624718252,7
2022-02-01 11:30:00,996455.3761068475,10
2022-02-01 12:30:00,996455.3761068475,10
2022-02-01 13:30:00,996455.3761068475,10
2022-02-01 14:30:00,996455.3761068475,10
2022-02-01 15:30:00,996455.3761068475,10
2022-02-02 09:30:00,996455.3761068475,10
2022-02-02 10:30:00,996455.3761068475,10
2022-02-02 11:30:00,996455.3761068475,10
2022-02-02 12:30:00,996455.3761068475,10
2022-02-02 13:30:00,996455.3761068475,10
2022-02-02 14:30:00,996455.3761068475,10
2022-02-02 15:30:00,996455.3761068475,10
2022-02-03 09:30:00,996455.3761068475,10
2022-02-03 10:30:00,996455.3761068475,10
2022-02-03 11:30:00,996455.3761068475,10
2022-02-03 12:30:00,996455.3761068475,10
2022-02-03 13:30:00,996455.3761068475,10
2022-02-03 14:30:00,996455.3761068475,10
2022-02-03 15:30:00,996455.3761068475,10
2022-02-04 09:30:00,996455.3761068475,10
2022-02-04 10:30:00,996689.8959529903,9
2022-02-04 11:30:00,996689.8959529903,9
2022-02-04 12:30:00,996689.8959529903,9
2022-02-04 13:30:00,996689.8959529903,9
2022-02-04 14:30:00,996689.8959529903,9
2022-02-04 15:30:00,996689.8959529903,9
2022-02-07 09:30:00,996689.8959529903,9
2022-02-07 10:30:00,996689.8959529903,9
2022-02-07 11:30:00,996689.8959529903,9
2022-02-07 12:30:00,996689.8959529903,9
2022-02-07 13:30:00,996689.8959529903,9
2022-02-07 14:30:00,996689.8959529903,9
2022-02-07 15:30:00,996689.8959529903,9
2022-02-08 09:30:00,996689.8959529903,9
2022-02-08 10:30:00,996689.8959529903,9
2022-02-08 11:30:00,996874.5161356041,6
2022-02-08 12:30:00,996874.5161356041,6
2022-02-08 13:30:00,997018.80023565,5
2022-02-08 14:30:00,997018.80023565,5
2022-02-08 15:30:00,997018.80023565,5
2022-02-09 09:30:00,997018.80023565,5
2022-02-09 10:30:00,995959.2941174253,4
2022-02-09 11:30:00,995959.2941174253,4
2022-02-09 12:30:00,995959.2941174253,4
2022-02-09 13:30:00,995959.2941174253,4
2022-02-09 14:30:00,995959.2941174253,4
2022-02-09 15:30:00,995959.2941174253,4
2022-02-10 09:30:00,995959.2941174253,4
2022-02-10 10:30:00,995959.2941174253,4
2022-02-10 11:30:00,994310.5026212703,3
2022-02-10 12:30:00,994310.5026212703,3
2022-02-10 13:30:00,994310.5026212703,3
2022-02-10 14:30:00,994802.6280070951,2
2022-02-10 15:30:00,994802.6280070951,2
2022-02-11 09:30:00,994802.6280070951,2
2022-02-11 10:30:00,994802.6280070951,2
2022-02-11 11:30:00,1003887.1143127709,0
2022-02-11 12:30:00,1003887.1143127709,0
2022-02-11 13:30:00,1003887.1143127709,0
2022-02-11 14:30:00,1003887.1143127709,0
2022-02-11 15:30:00,1003887.1143127709,0
2022-02-14 09:30:00,1003887.1143127709,0
2022-02-14 10:30:00,1003887.1143127709,0
2022-02-14 11:30:00,1003887.1143127709,0
2022-02-14 12:30:00,1003887.1143127709,0
2022-02-14 13:30:00,1003887.1143127709,0
2022-02-14 14:30:00,1003887.1143127709,0
2022-02-14 15:30:00,1003887.1143127709,0
2022-02-15 09:30:00,1003887.1143127709,0
2022-02-15 10:30:00,1003887.1143127709,0
2022-02-15 11:30:00,1003887.1143127709,0
2022-02-15 12:30:00,1003887.1143127709,0
2022-02-15 13:30:00,1003887.1143127709,0
2022-02-15 14:30:00,1003887.1143127709,0
2022-02-15 15:30:00,1003887.1143127709,0
2022-02-16 09:30:00,1003887.1143127709,0
2022-02-16 10:30:00,1003887.1143127709,0
2022-02-16 11:30:00,1003887.1143127709,0
2022-02-16 12:30:00,1003887.1143127709,0
2022-02-16 13:30:00,1003887.1143127709,0
2022-02-16 14:30:00,1003887.1143127709,0
2022-02-16 15:30:00,1003887.1143127709,0
2022-02-17 09:30:00,1003887.1143127709,0
2022-02-17 10:30:00,1003887.1143127709,0
2022-02-17 11:30:00,1003887.1143127709,0
2022-02-17 12:30:00,1003887.1143127709,0
2022-02-17 13:30:00,1003887.1143127709,0
2022-02-17 14:30:00,1003887.1143127709,0
2022-02-17 15:30:00,1003887.1143127709,0
2022-02-22 09:30:00,1003887.1143127709,0
2022-02-22 10:30:00,1003887.1143127709,0
2022-02-22 11:30:00,1003887.1143127709,0
2022-02-22 12:30:00,1003887.1143127709,0
2022-02-22 13:30:00,1003887.1143127709,0
2022-02-22 14:30:00,1003887.1143127709,0
2022-02-22 15:30:00,1003887.1143127709,0
2022-02-23 09:30:00,1003887.1143127709,0
2022-02-23 10:30:00,1003887.1143127709,0
2022-02-23 11:30:00,1003887.1143127709,0
2022-02-23 12:30:00,1003887.1143127709,0
2022-02-23 13:30:00,1003887.1143127709,0
2022-02-23 14:30:00,1003887.1143127709,0
2022-02-23 15:30:00,1003887.1143127709,0
2022-02-24 09:30:00,1003887.1143127709,0
2022-02-24 10:30:00,1003887.1143127709,0
2022-02-24 11:30:00,1003887.1143127709,0
2022-02-24 12:30:00,1003887.1143127709,0
2022-02-24 13:30:00,1003887.1143127709,0
2022-02-24 14:30:00,1003887.1143127709,0
2022-02-24 15:30:00,1003887.1143127709,0
2022-02-25 09:30:00,1003887.1143127709,0
2022-02-25 10:30:00,1003887.1143127709,0
2022-02-25 11:30:00,1003887.1143127709,0
2022-02-25 12:30:00,1003887.1143127709,0
2022-02-25 13:30:00,1003887.1143127709,0
2022-02-25 14:30:00,1003887.1143127709,0
2022-02-25 15:30:00,1003887.1143127709,0
2022-02-28 09:30:00,1003887.1143127709,0
2022-02-28 10:30:00,1003887.1143127709,0
2022-02-28 11:30:00,1003887.1143127709,0
2022-02-28 12:30:00,1003887.1143127709,0
2022-02-28 13:30:00,1003887.1143127709,0
2022-02-28 14:30:00,1003887.1143127709,0
2022-02-28 15:30:00,1003887.1143127709,0
2022-03-01 09:30:00,1003887.1143127709,0
2022-03-01 10:30:00,1003887.1143127709,0
2022-03-01 11:30:00,1003887.1143127709,0
2022-03-01 12:30:00,1003887.1143127709,0
2022-03-01 13:30:00,1003887.1143127709,0
2022-03-01 14:30:00,1003887.1143127709,0
2022-03-01 15:30:00,1003887.1143127709,0
2022-03-02 09:30:00,1003887.1143127709,0
2022-03-02 10:30:00,1003887.1143127709,0
2022-03-02 11:30:00,1003887.1143127709,0
2022-03-02 12:30:00,1003887.1143127709,0
2022-03-02 13:30:00,1003887.1143127709,0
2022-03-02 14:30:00,1003887.1143127709,0
2022-03-02 15:30:00,1003887.1143127709,0
2022-03-03 09:30:00,1003887.1143127709,0
2022-03-03 10:30:00,1003887.1143127709,0
2022-03-03 11:30:00,1003887.1143127709,0
2022-03-03 12:30:00,1003887.1143127709,0
2022-03-03 13:30:00,1003887.1143127709,0
2022-03-03 14:30:00,1003887.1143127709,0
2022-03-03 15:30:00,1003887.1143127709,0
2022-03-04 09:30:00,1003887.1143127709,0
2022-03-04 10:30:00,1003887.1143127709,0
2022-03-04 11:30:00,1003887.1143127709,0
2022-03-04 12:30:00,1003887.1143127709,0
2022-03-04 13:30:00,1003887.1143127709,0
2022-03-04 14:30:00,1003887.1143127709,0
2022-03-04 15:30:00,1003887.1143127709,0
2022-03-07 09:30:00,1003887.1143127709,0
2022-03-07 10:30:00,1003887.1143127709,0
2022-03-07 11:30:00,1003887.1143127709,0
2022-03-07 12:30:00,1003887.1143127709,0
2022-03-07 13:30:00,1003887.1143127709,0
2022-03-07 14:30:00,1003887.1143127709,0
2022-03-07 15:30:00,1003887.1143127709,0
2022-03-08 09:30:00,1003887.1143127709,0
2022-03-08 10:30:00,1003887.1143127709,0
2022-03-08 11:30:00,1003887.1143127709,0
2022-03-08 12:30:00,1003887.1143127709,0
2022-03-08 13:30:00,1003887.1143127709,0
2022-03-08 14:30:00,1003887.1143127709,0
2022-03-08 15:30:00,1003887.1143127709,0
2022-03-09 09:30:00,1003887.1143127709,0
2022-03-09 10:30:00,1003887.1143127709,0
2022-03-09 11:30:00,1003887.1143127709,0
2022-03-09 12:30:00,1003887.1143127709,0
2022-03-09 13:30:00,1003887.1143127709,0
2022-03-09 14:30:00,1003887.1143127709,0
2022-03-09 15:30:00,1003887.1143127709,0
2022-03-10 09:30:00,1003887.1143127709,0
2022-03-10 10:30:00,1003887.1143127709,0
2022-03-10 11:30:00,1003887.1143127709,0
2022-03-10 12:30:00,1003887.1143127709,0
2022-03-10 13:30:00,1003887.1143127709,0
2022-03-10 14:30:00,1003887.1143127709,0
2022-03-10 15:30:00,1003887.1143127709,0
2022-03-11 09:30:00,1003887.1143127709,0
2022-03-11 10:30:00,1003887.1143127709,0
2022-03-11 11:30:00,1003887.1143127709,0
2022-03-11 12:30:00,1003887.1143127709,0
2022-03-11 13:30:00,1003887.1143127709,0
2022-03-11 14:30:00,1003887.1143127709,0
2022-03-11 15:30:00,1003887.1143127709,0
2022-03-14 09:30:00,1003887.1143127709,0
2022-03-14 10:30:00,1003887.1143127709,0
2022-03-14 11:30:00,1003887.1143127709,0
2022-03-14 12:30:00,1003887.1143127709,0
2022-03-14 13:30:00,1003887.1143127709,0
2022-03-14 14:30:00,1003887.1143127709,0
2022-03-14 15:30:00,1003887.1143127709,0
2022-03-15 09:30:00,1003887.1143127709,0
2022-03-15 10:30:00,1003887.1143127709,0
2022-03-15 11:30:00,1003887.1143127709,0
2022-03-15 12:30:00,1003887.1143127709,0
2022-03-15 13:30:00,1003887.1143127709,0
2022-03-15 14:30:00,1003887.1143127709,0
2022-03-15 15:30:00,1003887.1143127709,0
2022-03-16 09:30:00,1003887.1143127709,0
2022-03-16 10:30:00,1003887.1143127709,0
2022-03-16 11:30:00,1003887.1143127709,0
2022-03-16 12:30:00,1003887.1143127709,0
2022-03-16 13:30:00,1003887.1143127709,0
2022-03-16 14:30:00,1003887.1143127709,0
2022-03-16 15:30:00,1003887.1143127709,0
2022-04-14 09:30:00,1003887.1143127709,0
2022-04-14 10:30:00,1003887.1143127709,0
2022-04-14 11:30:00,1003887.1143127709,0
2022-04-14 12:30:00,1003887.1143127709,0
2022-04-14 13:30:00,1003887.1143127709,0
2022-04-14 14:30:00,1003887.1143127709,0
2022-04-14 15:30:00,1003887.1143127709,0
2022-04-18 09:30:00,1003887.1143127709,0
2022-04-18 10:30:00,1003887.1143127709,0
2022-04-18 11:30:00,1003887.1143127709,0
2022-04-18 12:30:00,1003887.1143127709,0
2022-04-18 13:30:00,1003887.1143127709,0
2022-04-18 14:30:00,1003887.1143127709,0
2022-04-18 15:30:00,1003887.1143127709,0
2022-04-19 09:30:00,1003887.1143127709,0
2022-04-19 10:30:00,1003887.1143127709,0
2022-04-19 11:30:00,1003646.2030884302,4
2022-04-19 12:30:00,1003646.2030884302,4
2022-04-19 13:30:00,1003781.9343819213,3
2022-04-19 14:30:00,1003781.9343819213,3
2022-04-19 15:30:00,1003781.9343819213,3
2022-04-20 09:30:00,1003781.9343819213,3
2022-04-20 10:30:00,1003781.9343819213,3
2022-04-20 11:30:00,1003781.9343819213,3
2022-04-20 12:30:00,1003781.9343819213,3
2022-04-20 13:30:00,1003781.9343819213,3
2022-04-20 14:30:00,1003781.9343819213,3
2022-04-20 15:30:00,1003781.9343819213,3
2022-04-21 09:30:00,1003781.9343819213,3
2022-04-21 10:30:00,1003781.9343819213,3
2022-04-21 11:30:00,1003781.9343819213,3
2022-04-21 12:30:00,1003781.9343819213,3
2022-04-21 13:30:00,1003781.9343819213,3
2022-04-21 14:30:00,1003781.9343819213,3
2022-04-21 15:30:00,1003781.9343819213,3
2022-04-22 09:30:00,1003781.9343819213,3
2022-04-22 10:30:00,1003781.9343819213,3
2022-04-22 11:30:00,1003781.9343819213,3
2022-04-22 12:30:00,1003781.9343819213,3
2022-04-22 13:30:00,1003781.9343819213,3
2022-04-22 14:30:00,1003781.9343819213,3
2022-04-22 15:30:00,1003781.9343819213,3
2022-04-25 09:30:00,1003781.9343819213,3
2022-04-25 10:30:00,1003781.9343819213,3
2022-04-25 11:30:00,1003781.9343819213,3
2022-04-25 12:30:00,1003781.9343819213,3
2022-04-25 13:30:00,1003781.9343819213,3
2022-04-25 14:30:00,1003781.9343819213,3
2022-04-25 15:30:00,1003781.9343819213,3
2022-04-26 09:30:00,1003781.9343819213,3
2022-04-26 10:30:00,1003963.5689663866,2
2022-04-26 11:30:00,1005694.5841824239,0
2022-04-26 12:30:00,1005694.5841824239,0
2022-04-26 13:30:00,1005694.5841824239,0
2022-04-26 14:30:00,1005694.5841824239,0
2022-04-26 15:30:00,1005694.5841824239,0
2022-04-27 09:30:00,1005694.5841824239,0
2022-04-27 10:30:00,1005694.5841824239,0
2022-04-27 11:30:00,1005634.242507373,1
2022-04-27 12:30:00,1005634.242507373,1
2022-04-27 13:30:00,1005634.242507373,1
2022-04-27 14:30:00,1005634.242507373,1
2022-04-27 15:30:00,1005634.242507373,1
2022-04-28 09:30:00,1005634.242507373,1
2022-04-28 10:30:00,1005634.242507373,1
2022-04-28 11:30:00,1005634.242507373,1
2022-04-28 12:30:00,1005634.242507373,1
2022-04-28 13:30:00,1005634.242507373,1
2022-04-28 14:30:00,1005634.242507373,1
2022-04-28 15:30:00,1005634.242507373,1
2022-04-29 09:30:00,1005634.242507373,1
2022-04-29 10:30:00,1005634.242507373,1
2022-04-29 11:30:00,1005573.9053578934,3
2022-04-29 12:30:00,1005573.9053578934,3
2022-04-29 13:30:00,1005573.9053578934,3
2022-04-29 14:30:00,1005573.9053578934,3
2022-04-29 15:30:00,1005749.0194701275,1
2022-05-02 09:30:00,1005749.0194701275,1
2022-05-02 10:30:00,1005749.0194701275,1
2022-05-02 11:30:00,1005749.0194701275,1
2022-05-02 12:30:00,1005749.0194701275,1
2022-05-02 13:30:00,1005749.0194701275,1
2022-05-02 14:30:00,1005749.0194701275,1
2022-05-02 15:30:00,1005749.0194701275,1
2022-05-03 09:30:00,1005749.0194701275,1
2022-05-03 10:30:00,1005749.0194701275,1
2022-05-03 11:30:00,1005749.0194701275,1
2022-05-03 12:30:00,1005749.0194701275,1
2022-05-03 13:30:00,1005483.4340023863,0
2022-05-03 14:30:00,1005483.4340023863,0
2022-05-03 15:30:00,1005483.4340023863,0
2022-05-04 09:30:00,1005483.4340023863,0
2022-05-04 10:30:00,1005483.4340023863,0
2022-05-04 11:30:00,1005483.4340023863,0
2022-05-04 12:30:00,1005483.4340023863,0
2022-05-04 13:30:00,1005483.4340023863,0
2022-05-04 14:30:00,1005483.4340023863,0
2022-05-04 15:30:00,1005483.4340023863,0
2022-05-05 09:30:00,1005483.4340023863,0
2022-05-05 10:30:00,1005483.4340023863,0
2022-05-05 11:30:00,1005483.4340023863,0
2022-05-05 12:30:00,1005483.4340023863,0
2022-05-05 13:30:00,1005483.4340023863,0
2022-05-05 14:30:00,1005483.4340023863,0
2022-05-05 15:30:00,1005483.4340023863,0
2022-05-06 09:30:00,1005483.4340023863,0
2022-05-06 10:30:00,1005483.4340023863,0
2022-05-06 11:30:00,1005483.4340023863,0
2022-05-06 12:30:00,1005483.4340023863,0
2022-05-06 13:30:00,1005483.4340023863,0
2022-05-06 14:30:00,1005483.4340023863,0
2022-05-06 15:30:00,1005483.4340023863,0
2022-05-09 09:30:00,1005483.4340023863,0
2022-05-09 10:30:00,1005483.4340023863,0
2022-05-09 11:30:00,1005483.4340023863,0
2022-05-09 12:30:00,1005483.4340023863,0
2022-05-09 13:30:00,1005483.4340023863,0
2022-05-09 14:30:00,1005483.4340023863,0
2022-05-09 15:30:00,1005483.4340023863,0
2022-05-10 09:30:00,1005483.4340023863,0
2022-05-10 10:30:00,1005483.4340023863,0
2022-05-10 11:30:00,1005483.4340023863,0
2022-05-10 12:30:00,1005483.4340023863,0
2022-05-10 13:30:00,1005483.4340023863,0
2022-05-10 14:30:00,1005483.4340023863,0
2022-05-10 15:30:00,1005483.4340023863,0
2022-05-11 09:30:00,1005483.4340023863,0
2022-05-11 10:30:00,1005483.4340023863,0
2022-05-11 11:30:00,1005483.4340023863,0
2022-05-11 12:30:00,1005483.4340023863,0
2022-05-11 13:30:00,1005483.4340023863,0
2022-05-11 14:30:00,1005483.4340023863,0
2022-05-11 15:30:00,1005483.4340023863,0
2022-05-12 09:30:00,1005483.4340023863,0
2022-05-12 10:30:00,1005483.4340023863,0
2022-05-12 11:30:00,1005483.4340023863,0
2022-05-12 12:30:00,1005483.4340023863,0
2022-05-12 13:30:00,1005483.4340023863,0
2022-05-12 14:30:00,1005483.4340023863,0
2022-05-12 15:30:00,1005483.4340023863,0
2022-05-13 09:30:00,1005483.4340023863,0
2022-05-13 10:30:00,1005483.4340023863,0
2022-05-13 11:30:00,1005483.4340023863,0
2022-05-13 12:30:00,1005483.4340023863,0
2022-05-13 13:30:00,1005483.4340023863,0
2022-05-13 14:30:00,1005483.4340023863,0
2022-05-13 15:30:00,1005483.4340023863,0
2022-05-16 09:30:00,1005483.4340023863,0
2022-05-16 10:30:00,1005483.4340023863,0
2022-05-16 11:30:00,1005483.4340023863,0
2022-05-16 12:30:00,1005483.4340023863,0
2022-05-16 13:30:00,1005483.4340023863,0
2022-05-16 14:30:00,1005483.4340023863,0
2022-05-16 15:30:00,1005483.4340023863,0
2022-05-17 09:30:00,1005483.4340023863,0
2022-05-17 10:30:00,1005483.4340023863,0
2022-05-17 11:30:00,1005483.4340023863,0
2022-05-17 12:30:00,1005483.4340023863,0
2022-05-17 13:30:00,1005483.4340023863,0
2022-05-17 14:30:00,1005483.4340023863,0
2022-05-17 15:30:00,1005483.4340023863,0
2022-05-18 09:30:00,1005483.4340023863,0
2022-05-18 10:30:00,1005483.4340023863,0
2022-05-18 11:30:00,1005483.4340023863,0
2022-05-18 12:30:00,1005483.4340023863,0
2022-05-18 13:30:00,1005483.4340023863,0
2022-05-18 14:30:00,1005483.4340023863,0
2022-05-18 15:30:00,1005483.4340023863,0
2022-05-19 09:30:00,1005483.4340023863,0
2022-05-19 10:30:00,1005483.4340023863,0
2022-05-19 11:30:00,1005483.4340023863,0
2022-05-19 12:30:00,1005483.4340023863,0
2022-05-19 13:30:00,1005483.4340023863,0
2022-05-19 14:30:00,1005483.4340023863,0
2022-05-19 15:30:00,1005483.4340023863,0
2022-05-20 09:30:00,1005483.4340023863,0
2022-05-20 10:30:00,1005483.4340023863,0
2022-05-20 11:30:00,1005483.4340023863,0
2022-05-20 12:30:00,1005483.4340023863,0
2022-05-20 13:30:00,1005483.4340023863,0
2022-05-20 14:30:00,1005483.4340023863,0
2022-05-20 15:30:00,1005483.4340023863,0
2022-05-23 09:30:00,1005483.4340023863,0
2022-05-23 10:30:00,1005483.4340023863,0
2022-05-23 11:30:00,1005483.4340023863,0
2022-05-23 12:30:00,1005483.4340023863,0
2022-05-23 13:30:00,1005483.4340023863,0
2022-05-23 14:30:00,1005483.4340023863,0
2022-05-23 15:30:00,1005483.4340023863,0
2022-05-24 09:30:00,1005483.4340023863,0
2022-05-24 10:30:00,1005483.4340023863,0
2022-05-24 11:30:00,1005483.4340023863,0
2022-05-24 12:30:00,1005483.4340023863,0
2022-05-24 13:30:00,1005483.4340023863,0
2022-05-24 14:30:00,1005483.4340023863,0
2022-05-24 15:30:00,1005483.4340023863,0
2022-07-14 09:30:00,1005483.4340023863,0
2022-07-14 10:30:00,1005483.4340023863,0
2022-07-14 11:30:00,1005483.4340023863,0
2022-07-14 12:30:00,1005483.4340023863,0
2022-07-14 13:30:00,1005483.4340023863,0
2022-07-14 14:30:00,1005483.4340023863,0
2022-07-14 15:30:00,1005483.4340023863,0
2022-07-15 09:30:00,1005483.4340023863,0
2022-07-15 10:30:00,1005483.4340023863,0
2022-07-15 11:30:00,1005483.4340023863,0
2022-07-15 12:30:00,1005483.4340023863,0
2022-07-15 13:30:00,1005483.4340023863,0
2022-07-15 14:30:00,1005483.4340023863,0
2022-07-15 15:30:00,1005483.4340023863,0
2022-07-18 09:30:00,1005483.4340023863,0
2022-07-18 10:30:00,1005483.4340023863,0
2022-07-18 11:30:00,1005483.4340023863,0
2022-07-18 12:30:00,1005483.4340023863,0
2022-07-18 13:30:00,1005483.4340023863,0
2022-07-18 14:30:00,1005483.4340023863,0
2022-07-18 15:30:00,1005483.4340023863,0
2022-07-19 09:30:00,1005483.4340023863,0
2022-07-19 10:30:00,1005483.4340023863,0
2022-07-19 11:30:00,1005362.7796100464,2
2022-07-19 12:30:00,1005362.7796100464,2
2022-07-19 13:30:00,1005362.7796100464,2
2022-07-19 14:30:00,1005362.7796100464,2
2022-07-19 15:30:00,1005362.7796100464,2
2022-07-20 09:30:00,1005362.7796100464,2
2022-07-20 10:30:00,1005362.7796100464,2
2022-07-20 11:30:00,1005362.7796100464,2
2022-07-20 12:30:00,1005362.7796100464,2
2022-07-20 13:30:00,1005362.7796100464,2
2022-07-20 14:30:00,1005362.7796100464,2
2022-07-20 15:30:00,1005362.7796100464,2
2022-07-21 09:30:00,1005362.7796100464,2
2022-07-21 10:30:00,1005362.7796100464,2
2022-07-21 11:30:00,1005362.7796100464,2
2022-07-21 12:30:00,1005362.7796100464,2
2022-07-21 13:30:00,1005362.7796100464,2
2022-07-21 14:30:00,1005362.7796100464,2
2022-07-21 15:30:00,1005362.7796100464,2
2022-07-22 09:30:00,1005362.7796100464,2
2022-07-22 10:30:00,1005731.5982319767,1
2022-07-22 11:30:00,1005731.5982319767,1
2022-07-22 12:30:00,1005731.5982319767,1
2022-07-22 13:30:00,1005731.5982319767,1
2022-07-22 14:30:00,1005731.5982319767,1
2022-07-22 15:30:00,1005731.5982319767,1
2022-07-25 09:30:00,1005731.5982319767,1
2022-07-25 10:30:00,1005731.5982319767,1
2022-07-25 11:30:00,1005731.5982319767,1
2022-07-25 12:30:00,1005731.5982319767,1
2022-07-25 13:30:00,1005731.5982319767,1
2022-07-25 14:30:00,1005731.5982319767,1
2022-07-25 15:30:00,1005731.5982319767,1
2022-07-26 09:30:00,1005731.5982319767,1
2022-07-26 10:30:00,1005731.5982319767,1
2022-07-26 11:30:00,1005701.4262840297,2
2022-07-26 12:30:00,1005701.4262840297,2
2022-07-26 13:30:00,1005701.4262840297,2
2022-07-26 14:30:00,1005701.4262840297,2
2022-07-26 15:30:00,1005701.4262840297,2
2022-07-27 09:30:00,1005701.4262840297,2
2022-07-27 10:30:00,1005701.4262840297,2
2022-07-27 11:30:00,1005641.0841984526,3
2022-07-27 12:30:00,1005641.0841984526,3
2022-07-27 13:30:00,1005493.9189681604,2
2022-07-27 14:30:00,1005493.9189681604,2
2022-07-27 15:30:00,1005493.9189681604,2
2022-07-28 09:30:00,1005493.9189681604,2
2022-07-28 10:30:00,1005493.9189681604,2
2022-07-28 11:30:00,1005493.9189681604,2
2022-07-28 12:30:00,1005493.9189681604,2
2022-07-28 13:30:00,1005493.9189681604,2
2022-07-28 14:30:00,1005493.9189681604,2
2022-07-28 15:30:00,1005493.9189681604,2
2022-07-29 09:30:00,1005493.9189681604,2
2022-07-29 10:30:00,1005493.9189681604,2
2022-07-29 11:30:00,1005343.1030246259,6
2022-07-29 12:30:00,1005343.1030246259,6
2022-07-29 13:30:00,1005343.1030246259,6
2022-07-29 14:30:00,1005343.1030246259,6
2022-07-29 15:30:00,1005343.1030246259,6
2022-08-01 09:30:00,1005343.1030246259,6
2022-08-01 10:30:00,1005343.1030246259,6
2022-08-01 11:30:00,1005343.1030246259,6
2022-08-01 12:30:00,1005343.1030246259,6
2022-08-01 13:30:00,1005343.1030246259,6
2022-08-01 14:30:00,1005330.3296641054,5
2022-08-01 15:30:00,1005330.3296641054,5
2022-08-02 09:30:00,1005330.3296641054,5
2022-08-02 10:30:00,1005330.3296641054,5
2022-08-02 11:30:00,1004831.4058697087,4
2022-08-02 12:30:00,1004831.4058697087,4
2022-08-02 13:30:00,1004831.4058697087,4
2022-08-02 14:30:00,1004831.4058697087,4
2022-08-02 15:30:00,1004831.4058697087,4
2022-08-03 09:30:00,1004831.4058697087,4
2022-08-03 10:30:00,1004831.4058697087,4
2022-08-03 11:30:00,1004801.2609275327,5
2022-08-03 12:30:00,1004801.2609275327,5
2022-08-03 13:30:00,1004801.2609275327,5
2022-08-03 14:30:00,1004801.2609275327,5
2022-08-03 15:30:00,1004801.2609275327,5
2022-08-04 09:30:00,1004801.2609275327,5
2022-08-04 10:30:00,1004801.2609275327,5
2022-08-04 11:30:00,1004801.2609275327,5
2022-08-04 12:30:00,1004801.2609275327,5
2022-08-04 13:30:00,1004801.2609275327,5
2022-08-04 14:30:00,1004801.2609275327,5
2022-08-04 15:30:00,1004801.2609275327,5
2022-08-05 09:30:00,1004801.2609275327,5
2022-08-05 10:30:00,1004801.2609275327,5
2022-08-05 11:30:00,1004801.2609275327,5
2022-08-05 12:30:00,1004801.2609275327,5
2022-08-05 13:30:00,1004801.2609275327,5
2022-08-05 14:30:00,1004801.2609275327,5
2022-08-05 15:30:00,1004801.2609275327,5
2022-08-08 09:30:00,1004801.2609275327,5
2022-08-08 10:30:00,1004801.2609275327,5
2022-08-08 11:30:00,1004801.2609275327,5
2022-08-08 12:30:00,1004801.2609275327,5
2022-08-08 13:30:00,1004801.2609275327,5
2022-08-08 14:30:00,1004801.2609275327,5
2022-08-08 15:30:00,1004801.2609275327,5
2022-08-09 09:30:00,1004801.2609275327,5
2022-08-09 10:30:00,1004801.2609275327,5
2022-08-09 11:30:00,1007917.7008764931,4
2022-08-09 12:30:00,1007917.7008764931,4
2022-08-09 13:30:00,1007917.7008764931,4
2022-08-09 14:30:00,1007917.7008764931,4
2022-08-09 15:30:00,1007917.7008764931,4
2022-08-10 09:30:00,1007917.7008764931,4
2022-08-10 10:30:00,1007917.7008764931,4
2022-08-10 11:30:00,1007917.7008764931,4
2022-08-10 12:30:00,1007917.7008764931,4
2022-08-10 13:30:00,1007917.7008764931,4
2022-08-10 14:30:00,1007917.7008764931,4
2022-08-10 15:30:00,1007917.7008764931,4
2022-08-11 09:30:00,1007917.7008764931,4
2022-08-11 10:30:00,1004539.0466517329,1
2022-08-11 11:30:00,1004539.0466517329,1
2022-08-11 12:30:00,1004539.0466517329,1
2022-08-11 13:30:00,1004539.0466517329,1
2022-08-11 14:30:00,1004539.0466517329,1
2022-08-11 15:30:00,1004539.0466517329,1
2022-08-12 09:30:00,1004539.0466517329,1
2022-08-12 10:30:00,1004539.0466517329,1
2022-08-12 11:30:00,1003178.3850584477,0
2022-08-12 12:30:00,1003178.3850584477,0
2022-08-12 13:30:00,1003178.3850584477,0
2022-08-12 14:30:00,1003178.3850584477,0
2022-08-12 15:30:00,1003178.3850584477,0
2022-08-15 09:30:00,1003178.3850584477,0
2022-08-15 10:30:00,1003178.3850584477,0
2022-08-15 11:30:00,1003178.3850584477,0
2022-08-15 12:30:00,1003178.3850584477,0
2022-08-15 13:30:00,1003178.3850584477,0
2022-08-15 14:30:00,1003178.3850584477,0
2022-08-15 15:30:00,1003178.3850584477,0
2022-08-16 09:30:00,1003178.3850584477,0
2022-08-16 10:30:00,1003178.3850584477,0
2022-08-16 11:30:00,1003178.3850584477,0
2022-08-16 12:30:00,1003178.3850584477,0
2022-08-16 13:30:00,1003178.3850584477,0
2022-08-16 14:30:00,1003178.3850584477,0
2022-08-16 15:30:00,1003178.3850584477,0
2022-08-17 09:30:00,1003178.3850584477,0
2022-08-17 10:30:00,1003178.3850584477,0
2022-08-17 11:30:00,1003178.3850584477,0
2022-08-17 12:30:00,1003178.3850584477,0
2022-08-17 13:30:00,1003178.3850584477,0
2022-08-17 14:30:00,1003178.3850584477,0
2022-08-17 15:30:00,1003178.3850584477,0
2022-08-18 09:30:00,1003178.3850584477,0
2022-08-18 10:30:00,1003178.3850584477,0
2022-08-18 11:30:00,1003178.3850584477,0
2022-08-18 12:30:00,1003178.3850584477,0
2022-08-18 13:30:00,1003178.3850584477,0
2022-08-18 14:30:00,1003178.3850584477,0
2022-08-18 15:30:00,1003178.3850584477,0
2022-08-19 09:30:00,1003178.3850584477,0
2022-08-19 10:30:00,1003178.3850584477,0
2022-08-19 11:30:00,1003148.289706896,1
2022-08-19 12:30:00,1003148.289706896,1
2022-08-19 13:30:00,1003148.289706896,1
2022-08-19 14:30:00,1003148.289706896,1
2022-08-19 15:30:00,1003148.289706896,1
2022-08-22 09:30:00,1003148.289706896,1
2022-08-22 10:30:00,1003148.289706896,1
2022-08-22 11:30:00,1003148.289706896,1
2022-08-22 12:30:00,1003148.289706896,1
2022-08-22 13:30:00,1003148.289706896,1
2022-08-22 14:30:00,1003148.289706896,1
2022-08-22 15:30:00,1003148.289706896,1
2022-08-23 09:30:00,1003148.289706896,1
2022-08-23 10:30:00,1003148.289706896,1
2022-08-23 11:30:00,1003148.289706896,1
2022-08-23 12:30:00,1003148.289706896,1
2022-08-23 13:30:00,1003148.289706896,1
2022-08-23 14:30:00,1003148.289706896,1
2022-08-23 15:30:00,1003148.289706896,1
2022-08-24 09:30:00,1003148.289706896,1
2022-08-24 10:30:00,1003148.289706896,1
2022-08-24 11:30:00,1003148.289706896,1
2022-08-24 12:30:00,1003148.289706896,1
2022-08-24 13:30:00,1003148.289706896,1
2022-08-24 14:30:00,1003148.289706896,1
2022-08-24 15:30:00,1003148.289706896,1
2022-08-25 09:30:00,1003148.289706896,1
2022-08-25 10:30:00,1003148.289706896,1
2022-08-25 11:30:00,1003148.289706896,1
2022-08-25 12:30:00,1003148.289706896,1
2022-08-25 13:30:00,1003148.289706896,1
2022-08-25 14:30:00,1003148.289706896,1
2022-08-25 15:30:00,1003148.289706896,1
2022-08-26 09:30:00,1003148.289706896,1
2022-08-26 10:30:00,1003148.289706896,1
2022-08-26 11:30:00,1003148.289706896,1
2022-08-26 12:30:00,1003148.289706896,1
2022-08-26 13:30:00,1003148.289706896,1
2022-08-26 14:30:00,1003148.289706896,1
2022-08-26 15:30:00,1003148.289706896,1
2022-08-29 09:30:00,1003148.289706896,1
2022-08-29 10:30:00,1003148.289706896,1
2022-08-29 11:30:00,1003148.289706896,1
2022-08-29 12:30:00,1003148.289706896,1
2022-08-29 13:30:00,1003148.289706896,1
2022-08-29 14:30:00,1003148.289706896,1
2022-08-29 15:30:00,1003148.289706896,1
2022-08-30 09:30:00,1003148.289706896,1
2022-08-30 10:30:00,1003148.289706896,1
2022-08-30 11:30:00,1003148.289706896,1
2022-08-30 12:30:00,1003148.289706896,1
2022-08-30 13:30:00,1003148.289706896,1
2022-08-30 14:30:00,1003148.289706896,1
2022-08-30 15:30:00,1003148.289706896,1
2022-08-31 09:30:00,1003148.289706896,1
2022-08-31 10:30:00,1003148.289706896,1
2022-08-31 11:30:00,1003148.289706896,1
2022-08-31 12:30:00,1003148.289706896,1
2022-08-31 13:30:00,1003148.289706896,1
2022-08-31 14:30:00,1003148.289706896,1
2022-08-31 15:30:00,1003148.289706896,1
2022-09-01 09:30:00,1003148.289706896,1
2022-09-01 10:30:00,1003148.289706896,1
2022-09-01 11:30:00,1003148.289706896,1
2022-09-01 12:30:00,1003148.289706896,1
2022-09-01 13:30:00,1003148.289706896,1
2022-09-01 14:30:00,1003148.289706896,1
2022-09-01 15:30:00,1003148.289706896,1
2022-09-02 09:30:00,1003148.289706896,1
2022-09-02 10:30:00,1003148.289706896,1
2022-09-02 11:30:00,1001152.1663645261,0
2022-09-02 12:30:00,1001152.1663645261,0
2022-09-02 13:30:00,1001152.1663645261,0
2022-09-02 14:30:00,1001152.1663645261,0
2022-09-02 15:30:00,1001152.1663645261,0
2022-10-13 09:30:00,1001152.1663645261,0
2022-10-13 10:30:00,1001152.1663645261,0
2022-10-13 11:30:00,1001152.1663645261,0
2022-10-13 12:30:00,1001152.1663645261,0
2022-10-13 13:30:00,1001152.1663645261,0
2022-10-13 14:30:00,1001152.1663645261,0
2022-10-13 15:30:00,1001152.1663645261,0
2022-10-14 09:30:00,1001152.1663645261,0
2022-10-14 10:30:00,1001152.1663645261,0
2022-10-14 11:30:00,1001152.1663645261,0
2022-10-14 12:30:00,1001152.1663645261,0
2022-10-14 13:30:00,1001152.1663645261,0
2022-10-14 14:30:00,1001152.1663645261,0
2022-10-14 15:30:00,1001152.1663645261,0
2022-10-17 09:30:00,1001152.1663645261,0
2022-10-17 10:30:00,1001152.1663645261,0
2022-10-17 11:30:00,1001152.1663645261,0
2022-10-17 12:30:00,1001152.1663645261,0
2022-10-17 13:30:00,1001152.1663645261,0
2022-10-17 14:30:00,1001152.1663645261,0
2022-10-17 15:30:00,1001152.1663645261,0
2022-10-18 09:30:00,1001152.1663645261,0
2022-10-18 10:30:00,1001152.1663645261,0
2022-10-18 11:30:00,1001032.0317087101,2
2022-10-18 12:30:00,1001032.0317087101,2
2022-10-18 13:30:00,1001032.0317087101,2
2022-10-18 14:30:00,1001032.0317087101,2
2022-10-18 15:30:00,1001032.0317087101,2
2022-10-19 09:30:00,1001032.0317087101,2
2022-10-19 10:30:00,1001032.0317087101,2
2022-10-19 11:30:00,1001032.0317087101,2
2022-10-19 12:30:00,1001032.0317087101,2
2022-10-19 13:30:00,1001032.0317087101,2
2022-10-19 14:30:00,1001032.0317087101,2
2022-10-19 15:30:00,1001032.0317087101,2
2022-10-20 09:30:00,1001032.0317087101,2
2022-10-20 10:30:00,1001032.0317087101,2
2022-10-20 11:30:00,1001032.0317087101,2
2022-10-20 12:30:00,1001032.0317087101,2
2022-10-20 13:30:00,1001032.0317087101,2
2022-10-20 14:30:00,1001032.0317087101,2
2022-10-20 15:30:00,1001032.0317087101,2
2022-10-21 09:30:00,1001032.0317087101,2
2022-10-21 10:30:00,1001032.0317087101,2
2022-10-21 11:30:00,1001032.0317087101,2
2022-10-21 12:30:00,1001032.0317087101,2
2022-10-21 13:30:00,1001032.0317087101,2
2022-10-21 14:30:00,1001032.0317087101,2
2022-10-21 15:30:00,1001032.0317087101,2
2022-10-24 09:30:00,1001032.0317087101,2
2022-10-24 10:30:00,1001032.0317087101,2
2022-10-24 11:30:00,1001032.0317087101,2
2022-10-24 12:30:00,1001032.0317087101,2
2022-10-24 13:30:00,1001032.0317087101,2
2022-10-24 14:30:00,1001032.0317087101,2
2022-10-24 15:30:00,1001032.0317087101,2
2022-10-25 09:30:00,1001032.0317087101,2
2022-10-25 10:30:00,1001032.0317087101,2
2022-10-25 11:30:00,1000881.8841112764,5
2022-10-25 12:30:00,1000881.8841112764,5
2022-10-25 13:30:00,1000881.8841112764,5
2022-10-25 14:30:00,1001434.6989434812,4
2022-10-25 15:30:00,1001434.6989434812,4
2022-10-26 09:30:00,1001434.6989434812,4
2022-10-26 10:30:00,1001656.8057835925,3
2022-10-26 11:30:00,1001784.5658256918,2
2022-10-26 12:30:00,1001784.5658256918,2
2022-10-26 13:30:00,1001784.5658256918,2
2022-10-26 14:30:00,1001784.5658256918,2
2022-10-26 15:30:00,1001784.5658256918,2
2022-10-27 09:30:00,1001784.5658256918,2
2022-10-27 10:30:00,1001784.5658256918,2
2022-10-27 11:30:00,1001724.4587517423,3
2022-10-27 12:30:00,1001724.4587517423,3
2022-10-27 13:30:00,1001724.4587517423,3
2022-10-27 14:30:00,1001724.4587517423,3
2022-10-27 15:30:00,1001724.4587517423,3
2022-10-28 09:30:00,1001724.4587517423,3
2022-10-28 10:30:00,1001724.4587517423,3
2022-10-28 11:30:00,1001574.2081967082,7
2022-10-28 12:30:00,1001574.2081967082,7
2022-10-28 13:30:00,1000961.4870937486,5
2022-10-28 14:30:00,1000961.4870937486,5
2022-10-28 15:30:00,1000961.4870937486,5
2022-10-31 09:30:00,1000961.4870937486,5
2022-10-31 10:30:00,1000961.4870937486,5
2022-10-31 11:30:00,1000961.4870937486,5
2022-10-31 12:30:00,1000961.4870937486,5
2022-10-31 13:30:00,1000961.4870937486,5
2022-10-31 14:30:00,1000961.4870937486,5
2022-10-31 15:30:00,1000961.4870937486,5
2022-11-01 09:30:00,1000961.4870937486,5
2022-11-01 10:30:00,1000961.4870937486,5
2022-11-01 11:30:00,1001979.9357530857,3
2022-11-01 12:30:00,1001979.9357530857,3
2022-11-01 13:30:00,1001979.9357530857,3
2022-11-01 14:30:00,1001979.9357530857,3
2022-11-01 15:30:00,1001979.9357530857,3
2022-11-02 09:30:00,1001979.9357530857,3
2022-11-02 10:30:00,1001979.9357530857,3
2022-11-02 11:30:00,1001979.9357530857,3
2022-11-02 12:30:00,1001979.9357530857,3
2022-11-02 13:30:00,1001979.9357530857,3
2022-11-02 14:30:00,1001979.9357530857,3
2022-11-02 15:30:00,1001979.9357530857,3
2022-11-03 09:30:00,1001979.9357530857,3
2022-11-03 10:30:00,1001979.9357530857,3
2022-11-03 11:30:00,1001889.7602641867,6
2022-11-03 12:30:00,1001889.7602641867,6
2022-11-03 13:30:00,1001889.7602641867,6
2022-11-03 14:30:00,1001889.7602641867,6
2022-11-03 15:30:00,1001889.7602641867,6
2022-11-04 09:30:00,1001889.7602641867,6
2022-11-04 10:30:00,1001889.7602641867,6
2022-11-04 11:30:00,1001224.4597713597,5
2022-11-04 12:30:00,1001224.4597713597,5
2022-11-04 13:30:00,1001224.4597713597,5
2022-11-04 14:30:00,1001224.4597713597,5
2022-11-04 15:30:00,1001224.4597713597,5
2022-11-07 09:30:00,1001224.4597713597,5
2022-11-07 10:30:00,1001224.4597713597,5
2022-11-07 11:30:00,1001224.4597713597,5
2022-11-07 12:30:00,1001224.4597713597,5
2022-11-07 13:30:00,1001224.4597713597,5
2022-11-07 14:30:00,1001224.4597713597,5
2022-11-07 15:30:00,1001224.4597713597,5
2022-11-08 09:30:00,1001224.4597713597,5
2022-11-08 10:30:00,1001224.4597713597,5
2022-11-08 11:30:00,1001224.4597713597,5
2022-11-08 12:30:00,1001224.4597713597,5
2022-11-08 13:30:00,1001224.4597713597,5
2022-11-08 14:30:00,1001224.4597713597,5
2022-11-08 15:30:00,1001224.4597713597,5
2022-11-09 09:30:00,1001224.4597713597,5
2022-11-09 10:30:00,1003013.4075590482,3
2022-11-09 11:30:00,1003013.4075590482,3
2022-11-09 12:30:00,1003956.8107594345,2
2022-11-09 13:30:00,1003956.8107594345,2
2022-11-09 14:30:00,1003956.8107594345,2
2022-11-09 15:30:00,1003956.8107594345,2
2022-11-10 09:30:00,1003956.8107594345,2
2022-11-10 10:30:00,1003956.8107594345,2
2022-11-10 11:30:00,1003956.8107594345,2
2022-11-10 12:30:00,1003956.8107594345,2
2022-11-10 13:30:00,1003956.8107594345,2
2022-11-10 14:30:00,1003956.8107594345,2
2022-11-10 15:30:00,1003956.8107594345,2
2022-11-11 09:30:00,1003956.8107594345,2
2022-11-11 10:30:00,1003956.8107594345,2
2022-11-11 11:30:00,1000547.9876703606,0
2022-11-11 12:30:00,1000547.9876703606,0
2022-11-11 13:30:00,1000547.9876703606,0
2022-11-11 14:30:00,1000547.9876703606,0
2022-11-11 15:30:00,1000547.9876703606,0
2022-11-14 09:30:00,1000547.9876703606,0
2022-11-14 10:30:00,1000547.9876703606,0
2022-11-14 11:30:00,1000547.9876703606,0
2022-11-14 12:30:00,1000547.9876703606,0
2022-11-14 13:30:00,1000547.9876703606,0
2022-11-14 14:30:00,1000547.9876703606,0
2022-11-14 15:30:00,1000547.9876703606,0
2022-11-15 09:30:00,1000547.9876703606,0
2022-11-15 10:30:00,1000547.9876703606,0
2022-11-15 11:30:00,1000547.9876703606,0
2022-11-15 12:30:00,1000547.9876703606,0
2022-11-15 13:30:00,1000547.9876703606,0
2022-11-15 14:30:00,1000547.9876703606,0
2022-11-15 15:30:00,1000547.9876703606,0
2022-11-16 09:30:00,1000547.9876703606,0
2022-11-16 10:30:00,1000547.9876703606,0
2022-11-16 11:30:00,1000547.9876703606,0
2022-11-16 12:30:00,1000547.9876703606,0
2022-11-16 13:30:00,1000547.9876703606,0
2022-11-16 14:30:00,1000547.9876703606,0
2022-11-16 15:30:00,1000547.9876703606,0
2022-11-17 09:30:00,1000547.9876703606,0
2022-11-17 10:30:00,1000547.9876703606,0
2022-11-17 11:30:00,1000547.9876703606,0
2022-11-17 12:30:00,1000547.9876703606,0
2022-11-17 13:30:00,1000547.9876703606,0
2022-11-17 14:30:00,1000547.9876703606,0
2022-11-17 15:30:00,1000547.9876703606,0
2022-11-18 09:30:00,1000547.9876703606,0
2022-11-18 10:30:00,1000547.9876703606,0
2022-11-18 11:30:00,1000547.9876703606,0
2022-11-18 12:30:00,1000547.9876703606,0
2022-11-18 13:30:00,1000547.9876703606,0
2022-11-18 14:30:00,1000547.9876703606,0
2022-11-18 15:30:00,1000547.9876703606,0
2022-11-21 09:30:00,1000547.9876703606,0
2022-11-21 10:30:00,1000547.9876703606,0
2022-11-21 11:30:00,1000547.9876703606,0
2022-11-21 12:30:00,1000547.9876703606,0
2022-11-21 13:30:00,1000547.9876703606,0
2022-11-21 14:30:00,1000547.9876703606,0
2022-11-21 15:30:00,1000547.9876703606,0
2022-11-22 09:30:00,1000547.9876703606,0
2022-11-22 10:30:00,1000547.9876703606,0
2022-11-22 11:30:00,1000547.9876703606,0
2022-11-22 12:30:00,1000547.9876703606,0
2022-11-22 13:30:00,1000547.9876703606,0
2022-11-22 14:30:00,1000547.9876703606,0
2022-11-22 15:30:00,1000547.9876703606,0
2022-11-29 09:30:00,1000547.9876703606,0
2022-11-29 10:30:00,1000547.9876703606,0
2022-11-29 11:30:00,1000547.9876703606,0
2022-11-29 12:30:00,1000547.9876703606,0
2022-11-29 13:30:00,1000547.9876703606,0
2022-11-29 14:30:00,1000547.9876703606,0
2022-11-29 15:30:00,1000547.9876703606,0
2022-11-30 09:30:00,1000547.9876703606,0
2022-11-30 10:30:00,1000547.9876703606,0
2022-11-30 11:30:00,1000547.9876703606,0
2022-11-30 12:30:00,1000547.9876703606,0
2022-11-30 13:30:00,1000547.9876703606,0
2022-11-30 14:30:00,1000547.9876703606,0
2022-11-30 15:30:00,1000547.9876703606,0
2022-12-01 09:30:00,1000547.9876703606,0
2022-12-01 10:30:00,1000547.9876703606,0
2022-12-01 11:30:00,1000547.9876703606,0
2022-12-01 12:30:00,1000547.9876703606,0
2022-12-01 13:30:00,1000547.9876703606,0
2022-12-01 14:30:00,1000547.9876703606,0
2022-12-01 15:30:00,1000547.9876703606,0
2022-12-02 09:30:00,1000547.9876703606,0
2022-12-02 10:30:00,1000547.9876703606,0
2022-12-02 11:30:00,1000547.9876703606,0
2022-12-02 12:30:00,1000547.9876703606,0
2022-12-02 13:30:00,1000547.9876703606,0
2022-12-02 14:30:00,1000547.9876703606,0
2022-12-02 15:30:00,1000547.9876703606,0
2022-12-05 09:30:00,1000547.9876703606,0
2022-12-05 10:30:00,1000547.9876703606,0
2022-12-05 11:30:00,1000547.9876703606,0
2022-12-05 12:30:00,1000547.9876703606,0
2022-12-05 13:30:00,1000547.9876703606,0
2022-12-05 14:30:00,1000547.9876703606,0
2022-12-05 15:30:00,1000547.9876703606,0
2022-12-06 09:30:00,1000547.9876703606,0
2022-12-06 10:30:00,1000547.9876703606,0
2022-12-06 11:30:00,1000547.9876703606,0
2022-12-06 12:30:00,1000547.9876703606,0
2022-12-06 13:30:00,1000547.9876703606,0
2022-12-06 14:30:00,1000547.9876703606,0
2022-12-06 15:30:00,1000547.9876703606,0
2022-12-07 09:30:00,1000547.9876703606,0
2022-12-07 10:30:00,1000547.9876703606,0
2022-12-07 11:30:00,1000547.9876703606,0
2022-12-07 12:30:00,1000547.9876703606,0
2022-12-07 13:30:00,1000547.9876703606,0
2022-12-07 14:30:00,1000547.9876703606,0
2022-12-07 15:30:00,1000547.9876703606,0
2022-12-08 09:30:00,1000547.9876703606,0
2022-12-08 10:30:00,1000547.9876703606,0
2022-12-08 11:30:00,1000547.9876703606,0
2022-12-08 12:30:00,1000547.9876703606,0
2022-12-08 13:30:00,1000547.9876703606,0
2022-12-08 14:30:00,1000547.9876703606,0
2022-12-08 15:30:00,1000547.9876703606,0
2022-12-09 09:30:00,1000547.9876703606,0
2022-12-09 10:30:00,1000547.9876703606,0
2022-12-09 11:30:00,1000547.9876703606,0
2022-12-09 12:30:00,1000547.9876703606,0
2022-12-09 13:30:00,1000547.9876703606,0
2022-12-09 14:30:00,1000547.9876703606,0
2022-12-09 15:30:00,1000547.9876703606,0
2022-12-12 09:30:00,1000547.9876703606,0
2022-12-12 10:30:00,1000547.9876703606,0
2022-12-12 11:30:00,1000547.9876703606,0
2022-12-12 12:30:00,1000547.9876703606,0
2022-12-12 13:30:00,1000547.9876703606,0
2022-12-12 14:30:00,1000547.9876703606,0
2022-12-12 15:30:00,1000547.9876703606,0
2022-12-13 09:30:00,1000547.9876703606,0
2022-12-13 10:30:00,1000547.9876703606,0
2022-12-13 11:30:00,1000547.9876703606,0
2022-12-13 12:30:00,1000547.9876703606,0
2022-12-13 13:30:00,1000547.9876703606,0
2022-12-13 14:30:00,1000547.9876703606,0
2022-12-13 15:30:00,1000547.9876703606,0
2022-12-14 09:30:00,1000547.9876703606,0
2022-12-14 10:30:00,1000547.9876703606,0
2022-12-14 11:30:00,1000547.9876703606,0
2022-12-14 12:30:00,1000547.9876703606,0
2022-12-14 13:30:00,1000547.9876703606,0
2022-12-14 14:30:00,1000547.9876703606,0
2022-12-14 15:30:00,1000547.9876703606,0
2022-12-15 09:30:00,1000547.9876703606,0
2022-12-15 10:30:00,1000547.9876703606,0
2022-12-15 11:30:00,1000547.9876703606,0
2022-12-15 12:30:00,1000547.9876703606,0
2022-12-15 13:30:00,1000547.9876703606,0
2022-12-15 14:30:00,1000547.9876703606,0
2022-12-15 15:30:00,1000547.9876703606,0
2022-12-16 09:30:00,1000547.9876703606,0
2022-12-16 10:30:00,1000547.9876703606,0
2022-12-16 11:30:00,1000547.9876703606,0
2022-12-16 12:30:00,1000547.9876703606,0
2022-12-16 13:30:00,1000547.9876703606,0
2022-12-16 14:30:00,1000547.9876703606,0
2022-12-16 15:30:00,1000547.9876703606,0
2023-01-19 09:30:00,1000547.9876703606,0
2023-01-19 10:30:00,1000547.9876703606,0
2023-01-19 11:30:00,1000547.9876703606,0
2023-01-19 12:30:00,1000547.9876703606,0
2023-01-19 13:30:00,1000547.9876703606,0
2023-01-19 14:30:00,1000547.9876703606,0
2023-01-19 15:30:00,1000547.9876703606,0
2023-01-20 09:30:00,1000547.9876703606,0
2023-01-20 10:30:00,1000547.9876703606,0
2023-01-20 11:30:00,1000547.9876703606,0
2023-01-20 12:30:00,1000547.9876703606,0
2023-01-20 13:30:00,1000547.9876703606,0
2023-01-20 14:30:00,1000547.9876703606,0
2023-01-20 15:30:00,1000547.9876703606,0
2023-01-23 09:30:00,1000547.9876703606,0
2023-01-23 10:30:00,1000547.9876703606,0
2023-01-23 11:30:00,1000547.9876703606,0
2023-01-23 12:30:00,1000547.9876703606,0
2023-01-23 13:30:00,1000547.9876703606,0
2023-01-23 14:30:00,1000547.9876703606,0
2023-01-23 15:30:00,1000547.9876703606,0
2023-01-24 09:30:00,1000547.9876703606,0
2023-01-24 10:30:00,1000547.9876703606,0
2023-01-24 11:30:00,1000547.9876703606,0
2023-01-24 12:30:00,1000547.9876703606,0
2023-01-24 13:30:00,1000547.9876703606,0
2023-01-24 14:30:00,1000547.9876703606,0
2023-01-24 15:30:00,1000547.9876703606,0
2023-01-25 09:30:00,1000547.9876703606,0
2023-01-25 10:30:00,1000547.9876703606,0
2023-01-25 11:30:00,1000487.9547911003,1
2023-01-25 12:30:00,1000487.9547911003,1
2023-01-25 13:30:00,1000487.9547911003,1
2023-01-25 14:30:00,1000487.9547911003,1
2023-01-25 15:30:00,1000487.9547911003,1
2023-01-26 09:30:00,1000487.9547911003,1
2023-01-26 10:30:00,1000487.9547911003,1
2023-01-26 11:30:00,1000427.9255138129,2
2023-01-26 12:30:00,1000427.9255138129,2
2023-01-26 13:30:00,1000427.9255138129,2
2023-01-26 14:30:00,1000427.9255138129,2
2023-01-26 15:30:00,1000427.9255138129,2
2023-01-27 09:30:00,1000427.9255138129,2
2023-01-27 10:30:00,1000427.9255138129,2
2023-01-27 11:30:00,1000427.9255138129,2
2023-01-27 12:30:00,1000427.9255138129,2
2023-01-27 13:30:00,1000427.9255138129,2
2023-01-27 14:30:00,1000427.9255138129,2
2023-01-27 15:30:00,1000427.9255138129,2
2023-01-30 09:30:00,1000427.9255138129,2
2023-01-30 10:30:00,1000427.9255138129,2
2023-01-30 11:30:00,1000427.9255138129,2
2023-01-30 12:30:00,1000427.9255138129,2
2023-01-30 13:30:00,1000427.9255138129,2
2023-01-30 14:30:00,1000427.9255138129,2
2023-01-30 15:30:00,1000427.9255138129,2
2023-01-31 09:30:00,1000427.9255138129,2
2023-01-31 10:30:00,1000427.9255138129,2
2023-01-31 11:30:00,1000277.869428263,6
2023-01-31 12:30:00,1000277.869428263,6
2023-01-31 13:30:00,1000277.869428263,6
2023-01-31 14:30:00,1000277.869428263,6
2023-01-31 15:30:00,1000277.869428263,6
2023-02-01 09:30:00,1000277.869428263,6
2023-02-01 10:30:00,1000277.869428263,6
2023-02-01 11:30:00,1000277.869428263,6
2023-02-01 12:30:00,1000277.869428263,6
2023-02-01 13:30:00,1000277.869428263,6
2023-02-01 14:30:00,1000277.869428263,6
2023-02-01 15:30:00,1000277.869428263,6
2023-02-02 09:30:00,1000277.869428263,6
2023-02-02 10:30:00,1000277.869428263,6
2023-02-02 11:30:00,1000187.8471207378,9
2023-02-02 12:30:00,1000187.8471207378,9
2023-02-02 13:30:00,1000187.8471207378,9
2023-02-02 14:30:00,1000187.8471207378,9
2023-02-02 15:30:00,1000187.8471207378,9
2023-02-03 09:30:00,1000187.8471207378,9
2023-02-03 10:30:00,1000187.8471207378,9
2023-02-03 11:30:00,1000187.8471207378,9
2023-02-03 12:30:00,1000187.8471207378,9
2023-02-03 13:30:00,1000187.8471207378,9
2023-02-03 14:30:00,1000187.8471207378,9
2023-02-03 15:30:00,1000187.8471207378,9
2023-02-06 09:30:00,1000187.8471207378,9
2023-02-06 10:30:00,1000187.8471207378,9
2023-02-06 11:30:00,999647.2188580362,8
2023-02-06 12:30:00,999647.2188580362,8
2023-02-06 13:30:00,999647.2188580362,8
2023-02-06 14:30:00,998811.6175227711,7
2023-02-06 15:30:00,998811.6175227711,7
2023-02-07 09:30:00,998811.6175227711,7
2023-02-07 10:30:00,998811.6175227711,7
2023-02-07 11:30:00,998751.597249389,6
2023-02-07 12:30:00,998751.597249389,6
2023-02-07 13:30:00,998751.597249389,6
2023-02-07 14:30:00,998751.597249389,6
2023-02-07 15:30:00,998751.597249389,6
2023-02-08 09:30:00,998751.597249389,6
2023-02-08 10:30:00,998751.597249389,6
2023-02-08 11:30:00,1003875.7508347421,5
2023-02-08 12:30:00,1003875.7508347421,5
2023-02-08 13:30:00,1003875.7508347421,5
2023-02-08 14:30:00,1003875.7508347421,5
2023-02-08 15:30:00,1003875.7508347421,5
2023-02-09 09:30:00,1003875.7508347421,5
2023-02-09 10:30:00,1003875.7508347421,5
2023-02-09 11:30:00,1004360.4787911321,4
2023-02-09 12:30:00,1004360.4787911321,4
2023-02-09 13:30:00,1004360.4787911321,4
2023-02-09 14:30:00,1004360.4787911321,4
2023-02-09 15:30:00,1004360.4787911321,4
2023-02-10 09:30:00,1004360.4787911321,4
2023-02-10 10:30:00,1004360.4787911321,4
2023-02-10 11:30:00,1004360.4787911321,4
2023-02-10 12:30:00,1004360.4787911321,4
2023-02-10 13:30:00,1004360.4787911321,4
2023-02-10 14:30:00,1004360.4787911321,4
2023-02-10 15:30:00,1004360.4787911321,4
2023-02-13 09:30:00,1004360.4787911321,4
2023-02-13 10:30:00,1004360.4787911321,4
2023-02-13 11:30:00,1004360.4787911321,4
2023-02-13 12:30:00,1004360.4787911321,4
2023-02-13 13:30:00,1004360.4787911321,4
2023-02-13 14:30:00,1004360.4787911321,4
2023-02-13 15:30:00,1004360.4787911321,4
2023-02-14 09:30:00,1004360.4787911321,4
2023-02-14 10:30:00,1004360.4787911321,4
2023-02-14 11:30:00,1005440.415483719,2
2023-02-14 12:30:00,1005440.415483719,2
2023-02-14 13:30:00,1005440.415483719,2
2023-02-14 14:30:00,1005440.415483719,2
2023-02-14 15:30:00,1005440.415483719,2
2023-02-15 09:30:00,1005440.415483719,2
2023-02-15 10:30:00,1005440.415483719,2
2023-02-15 11:30:00,1005440.415483719,2
2023-02-15 12:30:00,1005440.415483719,2
2023-02-15 13:30:00,1005440.415483719,2
2023-02-15 14:30:00,1005440.415483719,2
2023-02-15 15:30:00,1005440.415483719,2
2023-02-16 09:30:00,1005440.415483719,2
2023-02-16 10:30:00,1005440.415483719,2
2023-02-16 11:30:00,1004175.3377698745,0
2023-02-16 12:30:00,1004175.3377698745,0
2023-02-16 13:30:00,1004175.3377698745,0
2023-02-16 14:30:00,1004175.3377698745,0
2023-02-16 15:30:00,1004175.3377698745,0
2023-02-17 09:30:00,1004175.3377698745,0
2023-02-17 10:30:00,1004175.3377698745,0
2023-02-17 11:30:00,1004175.3377698745,0
2023-02-17 12:30:00,1004175.3377698745,0
2023-02-17 13:30:00,1004175.3377698745,0
2023-02-17 14:30:00,1004175.3377698745,0
2023-02-17 15:30:00,1004175.3377698745,0
2023-02-22 09:30:00,1004175.3377698745,0
2023-02-22 10:30:00,1004175.3377698745,0
2023-02-22 11:30:00,1004175.3377698745,0
2023-02-22 12:30:00,1004175.3377698745,0
2023-02-22 13:30:00,1004175.3377698745,0
2023-02-22 14:30:00,1004175.3377698745,0
2023-02-22 15:30:00,1004175.3377698745,0
2023-02-23 09:30:00,1004175.3377698745,0
2023-02-23 10:30:00,1004175.3377698745,0
2023-02-23 11:30:00,1004175.3377698745,0
2023-02-23 12:30:00,1004175.3377698745,0
2023-02-23 13:30:00,1004175.3377698745,0
2023-02-23 14:30:00,1004175.3377698745,0
2023-02-23 15:30:00,1004175.3377698745,0
2023-02-24 09:30:00,1004175.3377698745,0
2023-02-24 10:30:00,1004175.3377698745,0
2023-02-24 11:30:00,1004175.3377698745,0
2023-02-24 12:30:00,1004175.3377698745,0
2023-02-24 13:30:00,1004175.3377698745,0
2023-02-24 14:30:00,1004175.3377698745,0
2023-02-24 15:30:00,1004175.3377698745,0
2023-02-27 09:30:00,1004175.3377698745,0
2023-02-27 10:30:00,1004175.3377698745,0
2023-02-27 11:30:00,1004175.3377698745,0
2023-02-27 12:30:00,1004175.3377698745,0
2023-02-27 13:30:00,1004175.3377698745,0
2023-02-27 14:30:00,1004175.3377698745,0
2023-02-27 15:30:00,1004175.3377698745,0
2023-02-28 09:30:00,1004175.3377698745,0
2023-02-28 10:30:00,1004175.3377698745,0
2023-02-28 11:30:00,1004175.3377698745,0
2023-02-28 12:30:00,1004175.3377698745,0
2023-02-28 13:30:00,1004175.3377698745,0
2023-02-28 14:30:00,1004175.3377698745,0
2023-02-28 15:30:00,1004175.3377698745,0
2023-03-01 09:30:00,1004175.3377698745,0
2023-03-01 10:30:00,1004175.3377698745,0
2023-03-01 11:30:00,1004175.3377698745,0
2023-03-01 12:30:00,1004175.3377698745,0
2023-03-01 13:30:00,1004175.3377698745,0
2023-03-01 14:30:00,1004175.3377698745,0
2023-03-01 15:30:00,1004175.3377698745,0
2023-03-02 09:30:00,1004175.3377698745,0
2023-03-02 10:30:00,1004175.3377698745,0
2023-03-02 11:30:00,1004175.3377698745,0
2023-03-02 12:30:00,1004175.3377698745,0
2023-03-02 13:30:00,1004175.3377698745,0
2023-03-02 14:30:00,1004175.3377698745,0
2023-03-02 15:30:00,1004175.3377698745,0
2023-03-03 09:30:00,1004175.3377698745,0
2023-03-03 10:30:00,1004175.3377698745,0
2023-03-03 11:30:00,1004175.3377698745,0
2023-03-03 12:30:00,1004175.3377698745,0
2023-03-03 13:30:00,1004175.3377698745,0
2023-03-03 14:30:00,1004175.3377698745,0
2023-03-03 15:30:00,1004175.3377698745,0
2023-03-06 09:30:00,1004175.3377698745,0
2023-03-06 10:30:00,1004175.3377698745,0
2023-03-06 11:30:00,1004175.3377698745,0
2023-03-06 12:30:00,1004175.3377698745,0
2023-03-06 13:30:00,1004175.3377698745,0
2023-03-06 14:30:00,1004175.3377698745,0
2023-03-06 15:30:00,1004175.3377698745,0
2023-03-07 09:30:00,1004175.3377698745,0
2023-03-07 10:30:00,1004175.3377698745,0
2023-03-07 11:30:00,1004175.3377698745,0
2023-03-07 12:30:00,1004175.3377698745,0
2023-03-07 13:30:00,1004175.3377698745,0
2023-03-07 14:30:00,1004175.3377698745,0
2023-03-07 15:30:00,1004175.3377698745,0
2023-03-08 09:30:00,1004175.3377698745,0
2023-03-08 10:30:00,1004175.3377698745,0
2023-03-08 11:30:00,1004175.3377698745,0
2023-03-08 12:30:00,1004175.3377698745,0
2023-03-08 13:30:00,1004175.3377698745,0
2023-03-08 14:30:00,1004175.3377698745,0
2023-03-08 15:30:00,1004175.3377698745,0
2023-03-09 09:30:00,1004175.3377698745,0
2023-03-09 10:30:00,1004175.3377698745,0
2023-03-09 11:30:00,1004175.3377698745,0
2023-03-09 12:30:00,1004175.3377698745,0
2023-03-09 13:30:00,1004175.3377698745,0
2023-03-09 14:30:00,1004175.3377698745,0
2023-03-09 15:30:00,1004175.3377698745,0
2023-03-10 09:30:00,1004175.3377698745,0
2023-03-10 10:30:00,1004175.3377698745,0
2023-03-10 11:30:00,1004175.3377698745,0
2023-03-10 12:30:00,1004175.3377698745,0
2023-03-10 13:30:00,1004175.3377698745,0
2023-03-10 14:30:00,1004175.3377698745,0
2023-03-10 15:30:00,1004175.3377698745,0
2023-03-13 09:30:00,1004175.3377698745,0
2023-03-13 10:30:00,1004175.3377698745,0
2023-03-13 11:30:00,1004175.3377698745,0
2023-03-13 12:30:00,1004175.3377698745,0
2023-03-13 13:30:00,1004175.3377698745,0
2023-03-13 14:30:00,1004175.3377698745,0
2023-03-13 15:30:00,1004175.3377698745,0
2023-04-13 09:30:00,1004175.3377698745,0
2023-04-13 10:30:00,1004175.3377698745,0
2023-04-13 11:30:00,1004175.3377698745,0
2023-04-13 12:30:00,1004175.3377698745,0
2023-04-13 13:30:00,1004175.3377698745,0
2023-04-13 14:30:00,1004175.3377698745,0
2023-04-13 15:30:00,1004175.3377698745,0
2023-04-14 09:30:00,1004175.3377698745,0
2023-04-14 10:30:00,1004175.3377698745,0
2023-04-14 11:30:00,1004175.3377698745,0
2023-04-14 12:30:00,1004175.3377698745,0
2023-04-14 13:30:00,1004175.3377698745,0
2023-04-14 14:30:00,1004175.3377698745,0
2023-04-14 15:30:00,1004175.3377698745,0
2023-04-17 09:30:00,1004175.3377698745,0
2023-04-17 10:30:00,1004175.3377698745,0
2023-04-17 11:30:00,1004175.3377698745,0
2023-04-17 12:30:00,1004175.3377698745,0
2023-04-17 13:30:00,1004175.3377698745,0
2023-04-17 14:30:00,1004175.3377698745,0
2023-04-17 15:30:00,1004175.3377698745,0
2023-04-18 09:30:00,1004175.3377698745,0
2023-04-18 10:30:00,1004175.3377698745,0
2023-04-18 11:30:00,1003994.5970539526,3
2023-04-18 12:30:00,1003994.5970539526,3
2023-04-18 13:30:00,1003994.5970539526,3
2023-04-18 14:30:00,1003994.5970539526,3
2023-04-18 15:30:00,1003994.5970539526,3
2023-04-19 09:30:00,1003061.2625980151,2
2023-04-19 10:30:00,1003061.2625980151,2
2023-04-19 11:30:00,1002439.9771769816,1
2023-04-19 12:30:00,1002439.9771769816,1
2023-04-19 13:30:00,1002439.9771769816,1
2023-04-19 14:30:00,1002439.9771769816,1
2023-04-19 15:30:00,1002439.9771769816,1
2023-04-20 09:30:00,1002439.9771769816,1
2023-04-20 10:30:00,1002439.9771769816,1
2023-04-20 11:30:00,1002439.9771769816,1
2023-04-20 12:30:00,1002439.9771769816,1
2023-04-20 13:30:00,1002516.8559770345,0
2023-04-20 14:30:00,1002516.8559770345,0
2023-04-20 15:30:00,1002516.8559770345,0
2023-04-21 09:30:00,1002516.8559770345,0
2023-04-21 10:30:00,1002516.8559770345,0
2023-04-21 11:30:00,1002516.8559770345,0
2023-04-21 12:30:00,1002516.8559770345,0
2023-04-21 13:30:00,1002516.8559770345,0
2023-04-21 14:30:00,1002516.8559770345,0
2023-04-21 15:30:00,1002516.8559770345,0
2023-04-24 09:30:00,1002516.8559770345,0
2023-04-24 10:30:00,1002516.8559770345,0
2023-04-24 11:30:00,1002516.8559770345,0
2023-04-24 12:30:00,1002516.8559770345,0
2023-04-24 13:30:00,1002516.8559770345,0
2023-04-24 14:30:00,1002516.8559770345,0
2023-04-24 15:30:00,1002516.8559770345,0
2023-04-25 09:30:00,1002516.8559770345,0
2023-04-25 10:30:00,1002516.8559770345,0
2023-04-25 11:30:00,1002516.8559770345,0
2023-04-25 12:30:00,1002516.8559770345,0
2023-04-25 13:30:00,1002516.8559770345,0
2023-04-25 14:30:00,1002516.8559770345,0
2023-04-25 15:30:00,1002516.8559770345,0
2023-04-26 09:30:00,1002516.8559770345,0
2023-04-26 10:30:00,1002516.8559770345,0
2023-04-26 11:30:00,1002456.704965676,1
2023-04-26 12:30:00,1002456.704965676,1
2023-04-26 13:30:00,1002456.704965676,1
2023-04-26 14:30:00,1002456.704965676,1
2023-04-26 15:30:00,1002456.704965676,1
2023-04-27 09:30:00,1002456.704965676,1
2023-04-27 10:30:00,1002456.704965676,1
2023-04-27 11:30:00,1002456.704965676,1
2023-04-27 12:30:00,1002456.704965676,1
2023-04-27 13:30:00,1002456.704965676,1
2023-04-27 14:30:00,1002456.704965676,1
2023-04-27 15:30:00,1002456.704965676,1
2023-04-28 09:30:00,1002456.704965676,1
2023-04-28 10:30:00,1002456.704965676,1
2023-04-28 11:30:00,1002426.631264527,2
2023-04-28 12:30:00,1002426.631264527,2
2023-04-28 13:30:00,1002426.631264527,2
2023-04-28 14:30:00,1002426.631264527,2
2023-04-28 15:30:00,1002426.631264527,2
2023-05-01 09:30:00,1002426.631264527,2
2023-05-01 10:30:00,1002188.7945157167,1
2023-05-01 11:30:00,1002188.7945157167,1
2023-05-01 12:30:00,1002188.7945157167,1
2023-05-01 13:30:00,1002188.7945157167,1
2023-05-01 14:30:00,1002188.7945157167,1
2023-05-01 15:30:00,1002188.7945157167,1
2023-05-02 09:30:00,1002188.7945157167,1
2023-05-02 10:30:00,1002188.7945157167,1
2023-05-02 11:30:00,1002188.7945157167,1
2023-05-02 12:30:00,1002188.7945157167,1
2023-05-02 13:30:00,1002188.7945157167,1
2023-05-02 14:30:00,1002188.7945157167,1
2023-05-02 15:30:00,1002188.7945157167,1
2023-05-03 09:30:00,1002188.7945157167,1
2023-05-03 10:30:00,1002188.7945157167,1
2023-05-03 11:30:00,1002188.7945157167,1
2023-05-03 12:30:00,1002188.7945157167,1
2023-05-03 13:30:00,1002188.7945157167,1
2023-05-03 14:30:00,1002188.7945157167,1
2023-05-03 15:30:00,1002188.7945157167,1
2023-05-04 09:30:00,1002188.7945157167,1
2023-05-04 10:30:00,1002188.7945157167,1
2023-05-04 11:30:00,1002098.600230093,4
2023-05-04 12:30:00,1002031.3669575314,3
2023-05-04 13:30:00,1002031.3669575314,3
2023-05-04 14:30:00,1002031.3669575314,3
2023-05-04 15:30:00,1002031.3669575314,3
2023-05-05 09:30:00,1002031.3669575314,3
2023-05-05 10:30:00,1002031.3669575314,3
2023-05-05 11:30:00,1002031.3669575314,3
2023-05-05 12:30:00,1002031.3669575314,3
2023-05-05 13:30:00,1002031.3669575314,3
2023-05-05 14:30:00,1002031.3669575314,3
2023-05-05 15:30:00,1002031.3669575314,3
2023-05-08 09:30:00,1002031.3669575314,3
2023-05-08 10:30:00,1002031.3669575314,3
2023-05-08 11:30:00,1002031.3669575314,3
2023-05-08 12:30:00,1002031.3669575314,3
2023-05-08 13:30:00,1002031.3669575314,3
2023-05-08 14:30:00,1002031.3669575314,3
2023-05-08 15:30:00,1002031.3669575314,3
2023-05-09 09:30:00,1002031.3669575314,3
2023-05-09 10:30:00,1002031.3669575314,3
2023-05-09 11:30:00,1002031.3669575314,3
2023-05-09 12:30:00,1002031.3669575314,3
2023-05-09 13:30:00,1002031.3669575314,3
2023-05-09 14:30:00,1002031.3669575314,3
2023-05-09 15:30:00,1002031.3669575314,3
2023-05-10 09:30:00,1002031.3669575314,3
2023-05-10 10:30:00,1002031.3669575314,3
2023-05-10 11:30:00,1000785.8985118506,2
2023-05-10 12:30:00,1000785.8985118506,2
2023-05-10 13:30:00,1000785.8985118506,2
2023-05-10 14:30:00,1000785.8985118506,2
2023-05-10 15:30:00,1000785.8985118506,2
2023-05-11 09:30:00,1000785.8985118506,2
2023-05-11 10:30:00,1000785.8985118506,2
2023-05-11 11:30:00,1000785.8985118506,2
2023-05-11 12:30:00,1000785.8985118506,2
2023-05-11 13:30:00,1000785.8985118506,2
2023-05-11 14:30:00,1000785.8985118506,2
2023-05-11 15:30:00,1000785.8985118506,2
2023-05-12 09:30:00,1000785.8985118506,2
2023-05-12 10:30:00,1000785.8985118506,2
2023-05-12 11:30:00,1000785.8985118506,2
2023-05-12 12:30:00,1000785.8985118506,2
2023-05-12 13:30:00,1000785.8985118506,2
2023-05-12 14:30:00,1000785.8985118506,2
2023-05-12 15:30:00,1000785.8985118506,2
2023-05-15 09:30:00,1000785.8985118506,2
2023-05-15 10:30:00,1000785.8985118506,2
2023-05-15 11:30:00,1000785.8985118506,2
2023-05-15 12:30:00,1000785.8985118506,2
2023-05-15 13:30:00,1000785.8985118506,2
2023-05-15 14:30:00,1000785.8985118506,2
2023-05-15 15:30:00,1000785.8985118506,2
2023-05-16 09:30:00,1000785.8985118506,2
2023-05-16 10:30:00,1000785.8985118506,2
2023-05-16 11:30:00,1000785.8985118506,2
2023-05-16 12:30:00,1000785.8985118506,2
2023-05-16 13:30:00,1000785.8985118506,2
2023-05-16 14:30:00,1000785.8985118506,2
2023-05-16 15:30:00,1000785.8985118506,2
2023-05-17 09:30:00,1000785.8985118506,2
2023-05-17 10:30:00,1000785.8985118506,2
2023-05-17 11:30:00,1000785.8985118506,2
2023-05-17 12:30:00,1000785.8985118506,2
2023-05-17 13:30:00,1000785.8985118506,2
2023-05-17 14:30:00,1000785.8985118506,2
2023-05-17 15:30:00,1000785.8985118506,2
2023-05-18 09:30:00,1000785.8985118506,2
2023-05-18 10:30:00,1000785.8985118506,2
2023-05-18 11:30:00,1008772.7510195923,0
2023-05-18 12:30:00,1008772.7510195923,0
2023-05-18 13:30:00,1008772.7510195923,0
2023-05-18 14:30:00,1008772.7510195923,0
2023-05-18 15:30:00,1008772.7510195923,0
2023-05-19 09:30:00,1008772.7510195923,0
2023-05-19 10:30:00,1008772.7510195923,0
2023-05-19 11:30:00,1008772.7510195923,0
2023-05-19 12:30:00,1008772.7510195923,0
2023-05-19 13:30:00,1008772.7510195923,0
2023-05-19 14:30:00,1008772.7510195923,0
2023-05-19 15:30:00,1008772.7510195923,0
2023-05-22 09:30:00,1008772.7510195923,0
2023-05-22 10:30:00,1008772.7510195923,0
2023-05-22 11:30:00,1008772.7510195923,0
2023-05-22 12:30:00,1008772.7510195923,0
2023-05-22 13:30:00,1008772.7510195923,0
2023-05-22 14:30:00,1008772.7510195923,0
2023-05-22 15:30:00,1008772.7510195923,0
2023-05-23 09:30:00,1008772.7510195923,0
2023-05-23 10:30:00,1008772.7510195923,0
2023-05-23 11:30:00,1008772.7510195923,0
2023-05-23 12:30:00,1008772.7510195923,0
2023-05-23 13:30:00,1008772.7510195923,0
2023-05-23 14:30:00,1008772.7510195923,0
2023-05-23 15:30:00,1008772.7510195923,0
2023-07-13 09:30:00,1008772.7510195923,0
2023-07-13 10:30:00,1008772.7510195923,0
2023-07-13 11:30:00,1008772.7510195923,0
2023-07-13 12:30:00,1008772.7510195923,0
2023-07-13 13:30:00,1008772.7510195923,0
2023-07-13 14:30:00,1008772.7510195923,0
2023-07-13 15:30:00,1008772.7510195923,0
2023-07-14 09:30:00,1008772.7510195923,0
2023-07-14 10:30:00,1008772.7510195923,0
2023-07-14 11:30:00,1008772.7510195923,0
2023-07-14 12:30:00,1008772.7510195923,0
2023-07-14 13:30:00,1008772.7510195923,0
2023-07-14 14:30:00,1008772.7510195923,0
2023-07-14 15:30:00,1008772.7510195923,0
2023-07-17 09:30:00,1008772.7510195923,0
2023-07-17 10:30:00,1008772.7510195923,0
2023-07-17 11:30:00,1008772.7510195923,0
2023-07-17 12:30:00,1008772.7510195923,0
2023-07-17 13:30:00,1008772.7510195923,0
2023-07-17 14:30:00,1008772.7510195923,0
2023-07-17 15:30:00,1008772.7510195923,0
2023-07-18 09:30:00,1008772.7510195923,0
2023-07-18 10:30:00,1008772.7510195923,0
2023-07-18 11:30:00,1008651.7019210518,2
2023-07-18 12:30:00,1008651.7019210518,2
2023-07-18 13:30:00,1008651.7019210518,2
2023-07-18 14:30:00,1008651.7019210518,2
2023-07-18 15:30:00,1008651.7019210518,2
2023-07-19 09:30:00,1008651.7019210518,2
2023-07-19 10:30:00,1008651.7019210518,2
2023-07-19 11:30:00,1008651.7019210518,2
2023-07-19 12:30:00,1008651.7019210518,2
2023-07-19 13:30:00,1008651.7019210518,2
2023-07-19 14:30:00,1008651.7019210518,2
2023-07-19 15:30:00,1008651.7019210518,2
2023-07-20 09:30:00,1008651.7019210518,2
2023-07-20 10:30:00,1008651.7019210518,2
2023-07-20 11:30:00,1008651.7019210518,2
2023-07-20 12:30:00,1008651.7019210518,2
2023-07-20 13:30:00,1008651.7019210518,2
2023-07-20 14:30:00,1008651.7019210518,2
2023-07-20 15:30:00,1008651.7019210518,2
2023-07-21 09:30:00,1008651.7019210518,2
2023-07-21 10:30:00,1008651.7019210518,2
2023-07-21 11:30:00,1008651.7019210518,2
2023-07-21 12:30:00,1008651.7019210518,2
2023-07-21 13:30:00,1008651.7019210518,2
2023-07-21 14:30:00,1008651.7019210518,2
2023-07-21 15:30:00,1008651.7019210518,2
2023-07-24 09:30:00,1008651.7019210518,2
2023-07-24 10:30:00,1008102.59616091,1
2023-07-24 11:30:00,1008102.59616091,1
2023-07-24 12:30:00,1008102.59616091,1
2023-07-24 13:30:00,1008102.59616091,1
2023-07-24 14:30:00,1008102.59616091,1
2023-07-24 15:30:00,1008102.59616091,1
2023-07-25 09:30:00,1008102.59616091,1
2023-07-25 10:30:00,1012433.1046902892,0
2023-07-25 11:30:00,1012250.8785765843,4
2023-07-25 12:30:00,1012250.8785765843,4
2023-07-25 13:30:00,1012250.8785765843,4
2023-07-25 14:30:00,1012250.8785765843,4
2023-07-25 15:30:00,1012250.8785765843,4
2023-07-26 09:30:00,1012250.8785765843,4
2023-07-26 10:30:00,1012250.8785765843,4
2023-07-26 11:30:00,1012190.1435238697,5
2023-07-26 12:30:00,1012190.1435238697,5
2023-07-26 13:30:00,1012190.1435238697,5
2023-07-26 14:30:00,1012190.1435238697,5
2023-07-26 15:30:00,1012056.7415021259,4
2023-07-27 09:30:00,1012056.7415021259,4
2023-07-27 10:30:00,1012056.7415021259,4
2023-07-27 11:30:00,1011996.0180976357,5
2023-07-27 12:30:00,1011996.0180976357,5
2023-07-27 13:30:00,1011996.0180976357,5
2023-07-27 14:30:00,1011996.0180976357,5
2023-07-27 15:30:00,1011996.0180976357,5
2023-07-28 09:30:00,1011996.0180976357,5
2023-07-28 10:30:00,1011996.0180976357,5
2023-07-28 11:30:00,1011844.2268918975,9
2023-07-28 12:30:00,1012318.5459013795,8
2023-07-28 13:30:00,1012318.5459013795,8
2023-07-28 14:30:00,1012318.5459013795,8
2023-07-28 15:30:00,1012318.5459013795,8
2023-07-31 09:30:00,1012318.5459013795,8
2023-07-31 10:30:00,1012318.5459013795,8
2023-07-31 11:30:00,1012046.2495893079,6
2023-07-31 12:30:00,1012469.9229627746,4
2023-07-31 13:30:00,1012469.9229627746,4
2023-07-31 14:30:00,1012469.9229627746,4
2023-07-31 15:30:00,1012469.9229627746,4
2023-08-01 09:30:00,1012469.9229627746,4
2023-08-01 10:30:00,1012469.9229627746,4
2023-08-01 11:30:00,1012469.9229627746,4
2023-08-01 12:30:00,1012469.9229627746,4
2023-08-01 13:30:00,1012469.9229627746,4
2023-08-01 14:30:00,1012469.9229627746,4
2023-08-01 15:30:00,1012469.9229627746,4
2023-08-02 09:30:00,1012469.9229627746,4
2023-08-02 10:30:00,1012469.9229627746,4
2023-08-02 11:30:00,1012469.9229627746,4
2023-08-02 12:30:00,1012469.9229627746,4
2023-08-02 13:30:00,1012469.9229627746,4
2023-08-02 14:30:00,1012469.9229627746,4
2023-08-02 15:30:00,1012469.9229627746,4
2023-08-03 09:30:00,1012469.9229627746,4
2023-08-03 10:30:00,1012469.9229627746,4
2023-08-03 11:30:00,1012439.5488650857,5
2023-08-03 12:30:00,1012439.5488650857,5
2023-08-03 13:30:00,1012439.5488650857,5
2023-08-03 14:30:00,1012439.5488650857,5
2023-08-03 15:30:00,1012439.5488650857,5
2023-08-04 09:30:00,1012439.5488650857,5
2023-08-04 10:30:00,1012439.5488650857,5
2023-08-04 11:30:00,1012439.5488650857,5
2023-08-04 12:30:00,1012439.5488650857,5
2023-08-04 13:30:00,1012439.5488650857,5
2023-08-04 14:30:00,1012439.5488650857,5
2023-08-04 15:30:00,1012439.5488650857,5
2023-08-07 09:30:00,1012439.5488650857,5
2023-08-07 10:30:00,1012439.5488650857,5
2023-08-07 11:30:00,1012439.5488650857,5
2023-08-07 12:30:00,1012439.5488650857,5
2023-08-07 13:30:00,1012439.5488650857,5
2023-08-07 14:30:00,1012439.5488650857,5
2023-08-07 15:30:00,1012439.5488650857,5
2023-08-08 09:30:00,1012439.5488650857,5
2023-08-08 10:30:00,1012439.5488650857,5
2023-08-08 11:30:00,1012740.3740577694,1
2023-08-08 12:30:00,1012740.3740577694,1
2023-08-08 13:30:00,1012740.3740577694,1
2023-08-08 14:30:00,1012740.3740577694,1
2023-08-08 15:30:00,1012740.3740577694,1
2023-08-09 09:30:00,1012740.3740577694,1
2023-08-09 10:30:00,1012740.3740577694,1
2023-08-09 11:30:00,1012740.3740577694,1
2023-08-09 12:30:00,1012740.3740577694,1
2023-08-09 13:30:00,1012740.3740577694,1
2023-08-09 14:30:00,1012740.3740577694,1
2023-08-09 15:30:00,1012740.3740577694,1
2023-08-10 09:30:00,1012740.3740577694,1
2023-08-10 10:30:00,1012740.3740577694,1
2023-08-10 11:30:00,1012740.3740577694,1
2023-08-10 12:30:00,1012740.3740577694,1
2023-08-10 13:30:00,1012740.3740577694,1
2023-08-10 14:30:00,1012740.3740577694,1
2023-08-10 15:30:00,1012740.3740577694,1
2023-08-11 09:30:00,1012740.3740577694,1
2023-08-11 10:30:00,1012740.3740577694,1
2023-08-11 11:30:00,1012740.3740577694,1
2023-08-11 12:30:00,1012740.3740577694,1
2023-08-11 13:30:00,1012740.3740577694,1
2023-08-11 14:30:00,1012740.3740577694,1
2023-08-11 15:30:00,1012740.3740577694,1
2023-08-14 09:30:00,1012740.3740577694,1
2023-08-14 10:30:00,1012740.3740577694,1
2023-08-14 11:30:00,1012740.3740577694,1
2023-08-14 12:30:00,1012740.3740577694,1
2023-08-14 13:30:00,1012740.3740577694,1
2023-08-14 14:30:00,1012740.3740577694,1
2023-08-14 15:30:00,1012740.3740577694,1
2023-08-15 09:30:00,1012740.3740577694,1
2023-08-15 10:30:00,1012740.3740577694,1
2023-08-15 11:30:00,1012740.3740577694,1
2023-08-15 12:30:00,1012740.3740577694,1
2023-08-15 13:30:00,1012740.3740577694,1
2023-08-15 14:30:00,1012740.3740577694,1
2023-08-15 15:30:00,1012740.3740577694,1
2023-08-16 09:30:00,1012740.3740577694,1
2023-08-16 10:30:00,1012740.3740577694,1
2023-08-16 11:30:00,1012740.3740577694,1
2023-08-16 12:30:00,1012740.3740577694,1
2023-08-16 13:30:00,1012740.3740577694,1
2023-08-16 14:30:00,1012740.3740577694,1
2023-08-16 15:30:00,1012740.3740577694,1
2023-08-17 09:30:00,1012740.3740577694,1
2023-08-17 10:30:00,1012740.3740577694,1
2023-08-17 11:30:00,1012764.6788038049,0
2023-08-17 12:30:00,1012764.6788038049,0
2023-08-17 13:30:00,1012764.6788038049,0
2023-08-17 14:30:00,1012764.6788038049,0
2023-08-17 15:30:00,1012764.6788038049,0
2023-08-18 09:30:00,1012764.6788038049,0
2023-08-18 10:30:00,1012764.6788038049,0
2023-08-18 11:30:00,1012764.6788038049,0
2023-08-18 12:30:00,1012764.6788038049,0
2023-08-18 13:30:00,1012764.6788038049,0
2023-08-18 14:30:00,1012764.6788038049,0
2023-08-18 15:30:00,1012764.6788038049,0
2023-08-21 09:30:00,1012764.6788038049,0
2023-08-21 10:30:00,1012764.6788038049,0
2023-08-21 11:30:00,1012764.6788038049,0
2023-08-21 12:30:00,1012764.6788038049,0
2023-08-21 13:30:00,1012764.6788038049,0
2023-08-21 14:30:00,1012764.6788038049,0
2023-08-21 15:30:00,1012764.6788038049,0
2023-08-22 09:30:00,1012764.6788038049,0
2023-08-22 10:30:00,1012764.6788038049,0
2023-08-22 11:30:00,1012764.6788038049,0
2023-08-22 12:30:00,1012764.6788038049,0
2023-08-22 13:30:00,1012764.6788038049,0
2023-08-22 14:30:00,1012764.6788038049,0
2023-08-22 15:30:00,1012764.6788038049,0
2023-10-06 09:30:00,1012764.6788038049,0
2023-10-06 10:30:00,1012764.6788038049,0
2023-10-06 11:30:00,1012764.6788038049,0
2023-10-06 12:30:00,1012764.6788038049,0
2023-10-06 13:30:00,1012764.6788038049,0
2023-10-06 14:30:00,1012764.6788038049,0
2023-10-06 15:30:00,1012764.6788038049,0
2023-10-09 09:30:00,1012764.6788038049,0
2023-10-09 10:30:00,1012764.6788038049,0
2023-10-09 11:30:00,1012764.6788038049,0
2023-10-09 12:30:00,1012764.6788038049,0
2023-10-09 13:30:00,1012764.6788038049,0
2023-10-09 14:30:00,1012764.6788038049,0
2023-10-09 15:30:00,1012764.6788038049,0
2023-10-10 09:30:00,1012764.6788038049,0
2023-10-10 10:30:00,1012764.6788038049,0
2023-10-10 11:30:00,1012764.6788038049,0
2023-10-10 12:30:00,1012764.6788038049,0
2023-10-10 13:30:00,1012764.6788038049,0
2023-10-10 14:30:00,1012764.6788038049,0
2023-10-10 15:30:00,1012764.6788038049,0
2023-10-11 09:30:00,1012764.6788038049,0
2023-10-11 10:30:00,1012764.6788038049,0
2023-10-11 11:30:00,1012612.772305187,4
2023-10-11 12:30:00,1012612.772305187,4
2023-10-11 13:30:00,1012612.772305187,4
2023-10-11 14:30:00,1012612.772305187,4
2023-10-11 15:30:00,1012612.772305187,4
2023-10-12 09:30:00,1012612.772305187,4
2023-10-12 10:30:00,1012612.772305187,4
2023-10-12 11:30:00,1012612.772305187,4
2023-10-12 12:30:00,1012612.772305187,4
2023-10-12 13:30:00,1012612.772305187,4
2023-10-12 14:30:00,1011779.6337750498,3
2023-10-12 15:30:00,1011779.6337750498,3
2023-10-13 09:30:00,1011779.6337750498,3
2023-10-13 10:30:00,1011779.6337750498,3
2023-10-13 11:30:00,1011779.6337750498,3
2023-10-13 12:30:00,1011779.6337750498,3
2023-10-13 13:30:00,1011779.6337750498,3
2023-10-13 14:30:00,1011779.6337750498,3
2023-10-13 15:30:00,1012060.7060507684,2
2023-10-16 09:30:00,1012060.7060507684,2
2023-10-16 10:30:00,1012060.7060507684,2
2023-10-16 11:30:00,1012060.7060507684,2
2023-10-16 12:30:00,1012060.7060507684,2
2023-10-16 13:30:00,1012060.7060507684,2
2023-10-16 14:30:00,1012060.7060507684,2
2023-10-16 15:30:00,1012060.7060507684,2
2023-10-17 09:30:00,1012060.7060507684,2
2023-10-17 10:30:00,1012060.7060507684,2
2023-10-17 11:30:00,1012060.7060507684,2
2023-10-17 12:30:00,1012060.7060507684,2
2023-10-17 13:30:00,1012060.7060507684,2
2023-10-17 14:30:00,1012060.7060507684,2
2023-10-17 15:30:00,1012060.7060507684,2
2023-10-18 09:30:00,1012060.7060507684,2
2023-10-18 10:30:00,1012060.7060507684,2
2023-10-18 11:30:00,1012060.7060507684,2
2023-10-18 12:30:00,1012060.7060507684,2
2023-10-18 13:30:00,1012060.7060507684,2
2023-10-18 14:30:00,1012060.7060507684,2
2023-10-18 15:30:00,1012060.7060507684,2
2023-10-19 09:30:00,1012060.7060507684,2
2023-10-19 10:30:00,1012060.7060507684,2
2023-10-19 11:30:00,1012060.7060507684,2
2023-10-19 12:30:00,1012060.7060507684,2
2023-10-19 13:30:00,1012060.7060507684,2
2023-10-19 14:30:00,1012060.7060507684,2
2023-10-19 15:30:00,1012060.7060507684,2
2023-10-20 09:30:00,1012060.7060507684,2
2023-10-20 10:30:00,1012060.7060507684,2
2023-10-20 11:30:00,1012060.7060507684,2
2023-10-20 12:30:00,1012060.7060507684,2
2023-10-20 13:30:00,1012060.7060507684,2
2023-10-20 14:30:00,1012060.7060507684,2
2023-10-20 15:30:00,1012060.7060507684,2
2023-10-23 09:30:00,1012060.7060507684,2
2023-10-23 10:30:00,1012060.7060507684,2
2023-10-23 11:30:00,1011969.6233197603,5
2023-10-23 12:30:00,1011901.999000614,4
2023-10-23 13:30:00,1011901.999000614,4
2023-10-23 14:30:00,1011901.999000614,4
2023-10-23 15:30:00,1011901.999000614,4
2023-10-24 09:30:00,1011901.999000614,4
2023-10-24 10:30:00,1011901.999000614,4
2023-10-24 11:30:00,1011750.220986349,7
2023-10-24 12:30:00,1011750.220986349,7
2023-10-24 13:30:00,1012044.2934132498,5
2023-10-24 14:30:00,1012044.2934132498,5
2023-10-24 15:30:00,1012044.2934132498,5
2023-10-25 09:30:00,1012044.2934132498,5
2023-10-25 10:30:00,1012972.6852320095,4
2023-10-25 11:30:00,1012851.1321564832,6
2023-10-25 12:30:00,1012851.1321564832,6
2023-10-25 13:30:00,1012851.1321564832,6
2023-10-25 14:30:00,1012240.5312705839,5
2023-10-25 15:30:00,1012240.5312705839,5
2023-10-26 09:30:00,1012240.5312705839,5
2023-10-26 10:30:00,1012240.5312705839,5
2023-10-26 11:30:00,1012240.5312705839,5
2023-10-26 12:30:00,1012240.5312705839,5
2023-10-26 13:30:00,1012240.5312705839,5
2023-10-26 14:30:00,1012240.5312705839,5
2023-10-26 15:30:00,1012240.5312705839,5
2023-10-27 09:30:00,1012240.5312705839,5
2023-10-27 10:30:00,1012240.5312705839,5
2023-10-27 11:30:00,1012149.4323557916,8
2023-10-27 12:30:00,1011845.0340638794,7
2023-10-27 13:30:00,1011845.0340638794,7
2023-10-27 14:30:00,1011845.0340638794,7
2023-10-27 15:30:00,1011845.0340638794,7
2023-10-30 09:30:00,1011845.0340638794,7
2023-10-30 10:30:00,1011845.0340638794,7
2023-10-30 11:30:00,1011845.0340638794,7
2023-10-30 12:30:00,1011845.0340638794,7
2023-10-30 13:30:00,1011845.0340638794,7
2023-10-30 14:30:00,1011845.0340638794,7
2023-10-30 15:30:00,1011845.0340638794,7
2023-10-31 09:30:00,1011845.0340638794,7
2023-10-31 10:30:00,1011845.0340638794,7
2023-10-31 11:30:00,1011845.0340638794,7
2023-10-31 12:30:00,1011845.0340638794,7
2023-10-31 13:30:00,1011845.0340638794,7
2023-10-31 14:30:00,1011845.0340638794,7
2023-10-31 15:30:00,1011845.0340638794,7
2023-11-01 09:30:00,1011845.0340638794,7
2023-11-01 10:30:00,1011845.0340638794,7
2023-11-01 11:30:00,1011845.0340638794,7
2023-11-01 12:30:00,1011845.0340638794,7
2023-11-01 13:30:00,1011845.0340638794,7
2023-11-01 14:30:00,1011845.0340638794,7
2023-11-01 15:30:00,1011845.0340638794,7
2023-11-02 09:30:00,1011845.0340638794,7
2023-11-02 10:30:00,1012218.5469261835,6
2023-11-02 11:30:00,1012157.8147243647,8
2023-11-02 12:30:00,1012157.8147243647,8
2023-11-02 13:30:00,1012157.8147243647,8
2023-11-02 14:30:00,1012157.8147243647,8
2023-11-02 15:30:00,1012157.8147243647,8
2023-11-03 09:30:00,1012157.8147243647,8
2023-11-03 10:30:00,1012315.9183028858,7
2023-11-03 11:30:00,1012315.9183028858,7
2023-11-03 12:30:00,1012315.9183028858,7
2023-11-03 13:30:00,1012315.9183028858,7
2023-11-03 14:30:00,1012315.9183028858,7
2023-11-03 15:30:00,1012315.9183028858,7
2023-11-06 09:30:00,1012315.9183028858,7
2023-11-06 10:30:00,1011413.9688737708,6
2023-11-06 11:30:00,1011215.7967311534,5
2023-11-06 12:30:00,1011215.7967311534,5
2023-11-06 13:30:00,1011215.7967311534,5
2023-11-06 14:30:00,1011215.7967311534,5
2023-11-06 15:30:00,1011215.7967311534,5
2023-11-07 09:30:00,1011215.7967311534,5
2023-11-07 10:30:00,1010535.3043618969,4
2023-11-07 11:30:00,1012806.1482343354,1
2023-11-07 12:30:00,1012806.1482343354,1
2023-11-07 13:30:00,1012806.1482343354,1
2023-11-07 14:30:00,1012806.1482343354,1
2023-11-07 15:30:00,1012806.1482343354,1
2023-11-08 09:30:00,1012806.1482343354,1
2023-11-08 10:30:00,1012806.1482343354,1
2023-11-08 11:30:00,1012806.1482343354,1
2023-11-08 12:30:00,1012806.1482343354,1
2023-11-08 13:30:00,1012806.1482343354,1
2023-11-08 14:30:00,1012806.1482343354,1
2023-11-08 15:30:00,1012806.1482343354,1
2023-11-09 09:30:00,1012806.1482343354,1
2023-11-09 10:30:00,1012806.1482343354,1
2023-11-09 11:30:00,1012806.1482343354,1
2023-11-09 12:30:00,1012806.1482343354,1
2023-11-09 13:30:00,1012806.1482343354,1
2023-11-09 14:30:00,1012806.1482343354,1
2023-11-09 15:30:00,1012806.1482343354,1
2023-11-10 09:30:00,1012806.1482343354,1
2023-11-10 10:30:00,1012806.1482343354,1
2023-11-10 11:30:00,1014862.2043877984,0
2023-11-10 12:30:00,1014862.2043877984,0
2023-11-10 13:30:00,1014862.2043877984,0
2023-11-10 14:30:00,1014862.2043877984,0
2023-11-10 15:30:00,1014862.2043877984,0
2023-11-13 09:30:00,1014862.2043877984,0
2023-11-13 10:30:00,1014862.2043877984,0
2023-11-13 11:30:00,1014862.2043877984,0
2023-11-13 12:30:00,1014862.2043877984,0
2023-11-13 13:30:00,1014862.2043877984,0
2023-11-13 14:30:00,1014862.2043877984,0
2023-11-13 15:30:00,1014862.2043877984,0
2023-11-14 09:30:00,1014862.2043877984,0
2023-11-14 10:30:00,1014862.2043877984,0
2023-11-14 11:30:00,1014862.2043877984,0
2023-11-14 12:30:00,1014862.2043877984,0
2023-11-14 13:30:00,1014862.2043877984,0
2023-11-14 14:30:00,1014862.2043877984,0
2023-11-14 15:30:00,1014862.2043877984,0
2023-11-15 09:30:00,1014862.2043877984,0
2023-11-15 10:30:00,1014862.2043877984,0
2023-11-15 11:30:00,1014862.2043877984,0
2023-11-15 12:30:00,1014862.2043877984,0
2023-11-15 13:30:00,1014862.2043877984,0
2023-11-15 14:30:00,1014862.2043877984,0
2023-11-15 15:30:00,1014862.2043877984,0
2023-11-16 09:30:00,1014862.2043877984,0
2023-11-16 10:30:00,1014862.2043877984,0
2023-11-16 11:30:00,1014862.2043877984,0
2023-11-16 12:30:00,1014862.2043877984,0
2023-11-16 13:30:00,1014862.2043877984,0
2023-11-16 14:30:00,1014862.2043877984,0
2023-11-16 15:30:00,1014862.2043877984,0
2023-11-17 09:30:00,1014862.2043877984,0
2023-11-17 10:30:00,1014862.2043877984,0
2023-11-17 11:30:00,1014862.2043877984,0
2023-11-17 12:30:00,1014862.2043877984,0
2023-11-17 13:30:00,1014862.2043877984,0
2023-11-17 14:30:00,1014862.2043877984,0
2023-11-17 15:30:00,1014862.2043877984,0
2023-11-20 09:30:00,1014862.2043877984,0
2023-11-20 10:30:00,1014862.2043877984,0
2023-11-20 11:30:00,1014862.2043877984,0
2023-11-20 12:30:00,1014862.2043877984,0
2023-11-20 13:30:00,1014862.2043877984,0
2023-11-20 14:30:00,1014862.2043877984,0
2023-11-20 15:30:00,1014862.2043877984,0
2023-11-21 09:30:00,1014862.2043877984,0
2023-11-21 10:30:00,1014862.2043877984,0
2023-11-21 11:30:00,1014862.2043877984,0
2023-11-21 12:30:00,1014862.2043877984,0
2023-11-21 13:30:00,1014862.2043877984,0
2023-11-21 14:30:00,1014862.2043877984,0
2023-11-21 15:30:00,1014862.2043877984,0
2023-12-06 09:30:00,1014862.2043877984,0
2023-12-06 10:30:00,1014862.2043877984,0
2023-12-06 11:30:00,1014862.2043877984,0
2023-12-06 12:30:00,1014862.2043877984,0
2023-12-06 13:30:00,1014862.2043877984,0
2023-12-06 14:30:00,1014862.2043877984,0
2023-12-06 15:30:00,1014862.2043877984,0
2023-12-07 09:30:00,1014862.2043877984,0
2023-12-07 10:30:00,1014862.2043877984,0
2023-12-07 11:30:00,1014862.2043877984,0
2023-12-07 12:30:00,1014862.2043877984,0
2023-12-07 13:30:00,1014862.2043877984,0
2023-12-07 14:30:00,1014862.2043877984,0
2023-12-07 15:30:00,1014862.2043877984,0
2023-12-08 09:30:00,1014862.2043877984,0
2023-12-08 10:30:00,1014862.2043877984,0
2023-12-08 11:30:00,1014862.2043877984,0
2023-12-08 12:30:00,1014862.2043877984,0
2023-12-08 13:30:00,1014862.2043877984,0
2023-12-08 14:30:00,1014862.2043877984,0
2023-12-08 15:30:00,1014862.2043877984,0
2023-12-11 09:30:00,1014862.2043877984,0
2023-12-11 10:30:00,1014862.2043877984,0
2023-12-11 11:30:00,1014862.2043877984,0
2023-12-11 12:30:00,1014862.2043877984,0
2023-12-11 13:30:00,1014862.2043877984,0
2023-12-11 14:30:00,1014862.2043877984,0
2023-12-11 15:30:00,1014862.2043877984,0
2023-12-12 09:30:00,1014862.2043877984,0
2023-12-12 10:30:00,1014862.2043877984,0
2023-12-12 11:30:00,1014862.2043877984,0
2023-12-12 12:30:00,1014862.2043877984,0
2023-12-12 13:30:00,1014862.2043877984,0
2023-12-12 14:30:00,1014862.2043877984,0
2023-12-12 15:30:00,1014862.2043877984,0
2023-12-13 09:30:00,1014862.2043877984,0
2023-12-13 10:30:00,1014862.2043877984,0
2023-12-13 11:30:00,1014862.2043877984,0
2023-12-13 12:30:00,1014862.2043877984,0
2023-12-13 13:30:00,1014862.2043877984,0
2023-12-13 14:30:00,1014862.2043877984,0
2023-12-13 15:30:00,1014862.2043877984,0
2023-12-14 09:30:00,1014862.2043877984,0
2023-12-14 10:30:00,1014862.2043877984,0
2023-12-14 11:30:00,1014862.2043877984,0
2023-12-14 12:30:00,1014862.2043877984,0
2023-12-14 13:30:00,1014862.2043877984,0
2023-12-14 14:30:00,1014862.2043877984,0
2023-12-14 15:30:00,1014862.2043877984,0
2023-12-15 09:30:00,1014862.2043877984,0
2023-12-15 10:30:00,1014862.2043877984,0
2023-12-15 11:30:00,1014862.2043877984,0
2023-12-15 12:30:00,1014862.2043877984,0
2023-12-15 13:30:00,1014862.2043877984,0
2023-12-15 14:30:00,1014862.2043877984,0
2023-12-15 15:30:00,1014862.2043877984,0
2023-12-18 09:30:00,1014862.2043877984,0
2023-12-18 10:30:00,1014862.2043877984,0
2023-12-18 11:30:00,1014862.2043877984,0
2023-12-18 12:30:00,1014862.2043877984,0
2023-12-18 13:30:00,1014862.2043877984,0
2023-12-18 14:30:00,1014862.2043877984,0
2023-12-18 15:30:00,1014862.2043877984,0
2023-12-19 09:30:00,1014862.2043877984,0
2023-12-19 10:30:00,1014862.2043877984,0
2023-12-19 11:30:00,1014862.2043877984,0
2023-12-19 12:30:00,1014862.2043877984,0
2023-12-19 13:30:00,1014862.2043877984,0
2023-12-19 14:30:00,1014862.2043877984,0
2023-12-19 15:30:00,1014862.2043877984,0
2023-12-20 09:30:00,1014862.2043877984,0
2023-12-20 10:30:00,1014862.2043877984,0
2023-12-20 11:30:00,1014862.2043877984,0
2023-12-20 12:30:00,1014862.2043877984,0
2023-12-20 13:30:00,1014862.2043877984,0
2023-12-20 14:30:00,1014862.2043877984,0
2023-12-20 15:30:00,1014862.2043877984,0
2023-12-21 09:30:00,1014862.2043877984,0
2023-12-21 10:30:00,1014862.2043877984,0
2023-12-21 11:30:00,1014862.2043877984,0
2023-12-21 12:30:00,1014862.2043877984,0
2023-12-21 13:30:00,1014862.2043877984,0
2023-12-21 14:30:00,1014862.2043877984,0
2023-12-21 15:30:00,1014862.2043877984,0
2023-12-22 09:30:00,1014862.2043877984,0
2023-12-22 10:30:00,1014862.2043877984,0
2023-12-22 11:30:00,1014862.2043877984,0
2023-12-22 12:30:00,1014862.2043877984,0
2023-12-22 13:30:00,1014862.2043877984,0
2023-12-22 14:30:00,1014862.2043877984,0
2023-12-22 15:30:00,1014862.2043877984,0
2024-01-18 09:30:00,1014862.2043877984,0
2024-01-18 10:30:00,1014862.2043877984,0
2024-01-18 11:30:00,1014862.2043877984,0
2024-01-18 12:30:00,1014862.2043877984,0
2024-01-18 13:30:00,1014862.2043877984,0
2024-01-18 14:30:00,1014862.2043877984,0
2024-01-18 15:30:00,1014862.2043877984,0
2024-01-19 09:30:00,1014862.2043877984,0
2024-01-19 10:30:00,1014862.2043877984,0
2024-01-19 11:30:00,1014862.2043877984,0
2024-01-19 12:30:00,1014862.2043877984,0
2024-01-19 13:30:00,1014862.2043877984,0
2024-01-19 14:30:00,1014862.2043877984,0
2024-01-19 15:30:00,1014862.2043877984,0
2024-01-22 09:30:00,1014862.2043877984,0
2024-01-22 10:30:00,1014862.2043877984,0
2024-01-22 11:30:00,1014862.2043877984,0
2024-01-22 12:30:00,1014862.2043877984,0
2024-01-22 13:30:00,1014862.2043877984,0
2024-01-22 14:30:00,1014862.2043877984,0
2024-01-22 15:30:00,1014862.2043877984,0
2024-01-23 09:30:00,1014862.2043877984,0
2024-01-23 10:30:00,1014862.2043877984,0
2024-01-23 11:30:00,1014649.0997650968,4
2024-01-23 12:30:00,1014649.0997650968,4
2024-01-23 13:30:00,1014649.0997650968,4
2024-01-23 14:30:00,1014686.2578927213,3
2024-01-23 15:30:00,1014686.2578927213,3
2024-01-24 09:30:00,1014686.2578927213,3
2024-01-24 10:30:00,1014686.2578927213,3
2024-01-24 11:30:00,1014564.4991946447,5
2024-01-24 12:30:00,1014475.9069697977,4
2024-01-24 13:30:00,1014475.9069697977,4
2024-01-24 14:30:00,1014475.9069697977,4
2024-01-24 15:30:00,1014475.9069697977,4
2024-01-25 09:30:00,1014475.9069697977,4
2024-01-25 10:30:00,1014475.9069697977,4
2024-01-25 11:30:00,1014354.1735130745,6
2024-01-25 12:30:00,1014354.1735130745,6
2024-01-25 13:30:00,1014354.1735130745,6
2024-01-25 14:30:00,1014354.1735130745,6
2024-01-25 15:30:00,1014354.1735130745,6
2024-01-26 09:30:00,1014060.1097513638,5
2024-01-26 10:30:00,1013962.4555062228,4
2024-01-26 11:30:00,1013962.4555062228,4
2024-01-26 12:30:00,1013962.4555062228,4
2024-01-26 13:30:00,1013962.4555062228,4
2024-01-26 14:30:00,1013962.4555062228,4
2024-01-26 15:30:00,1013962.4555062228,4
2024-01-29 09:30:00,1013962.4555062228,4
2024-01-29 10:30:00,1013962.4555062228,4
2024-01-29 11:30:00,1013962.4555062228,4
2024-01-29 12:30:00,1013962.4555062228,4
2024-01-29 13:30:00,1013962.4555062228,4
2024-01-29 14:30:00,1013962.4555062228,4
2024-01-29 15:30:00,1013962.4555062228,4
2024-01-30 09:30:00,1013962.4555062228,4
2024-01-30 10:30:00,1013962.4555062228,4
2024-01-30 11:30:00,1013962.4555062228,4
2024-01-30 12:30:00,1013962.4555062228,4
2024-01-30 13:30:00,1013962.4555062228,4
2024-01-30 14:30:00,1013962.4555062228,4
2024-01-30 15:30:00,1013962.4555062228,4
2024-01-31 09:30:00,1013962.4555062228,4
2024-01-31 10:30:00,1013962.4555062228,4
2024-01-31 11:30:00,1013962.4555062228,4
2024-01-31 12:30:00,1013962.4555062228,4
2024-01-31 13:30:00,1013962.4555062228,4
2024-01-31 14:30:00,1013962.4555062228,4
2024-01-31 15:30:00,1013962.4555062228,4
2024-02-01 09:30:00,1013962.4555062228,4
2024-02-01 10:30:00,1013962.4555062228,4
2024-02-01 11:30:00,1013962.4555062228,4
2024-02-01 12:30:00,1013962.4555062228,4
2024-02-01 13:30:00,1013962.4555062228,4
2024-02-01 14:30:00,1013962.4555062228,4
2024-02-01 15:30:00,1013962.4555062228,4
2024-02-02 09:30:00,1013962.4555062228,4
2024-02-02 10:30:00,1013962.4555062228,4
2024-02-02 11:30:00,1013901.6186714587,6
2024-02-02 12:30:00,1013901.6186714587,6
2024-02-02 13:30:00,1013901.6186714587,6
2024-02-02 14:30:00,1013901.6186714587,6
2024-02-02 15:30:00,1013901.6186714587,6
2024-02-05 09:30:00,1013901.6186714587,6
2024-02-05 10:30:00,1013901.6186714587,6
2024-02-05 11:30:00,1013901.6186714587,6
2024-02-05 12:30:00,1013901.6186714587,6
2024-02-05 13:30:00,1013901.6186714587,6
2024-02-05 14:30:00,1013901.6186714587,6
2024-02-05 15:30:00,1013901.6186714587,6
2024-02-06 09:30:00,1013901.6186714587,6
2024-02-06 10:30:00,1013901.6186714587,6
2024-02-06 11:30:00,1016407.6420331084,4
2024-02-06 12:30:00,1016407.6420331084,4
2024-02-06 13:30:00,1016407.6420331084,4
2024-02-06 14:30:00,1016407.6420331084,4
2024-02-06 15:30:00,1016407.6420331084,4
2024-02-07 09:30:00,1016407.6420331084,4
2024-02-07 10:30:00,1016407.6420331084,4
2024-02-07 11:30:00,1018264.0078876936,3
2024-02-07 12:30:00,1018264.0078876936,3
2024-02-07 13:30:00,1018264.0078876936,3
2024-02-07 14:30:00,1018264.0078876936,3
2024-02-07 15:30:00,1018264.0078876936,3
2024-02-08 09:30:00,1018264.0078876936,3
2024-02-08 10:30:00,1018264.0078876936,3
2024-02-08 11:30:00,1018925.6727030133,2
2024-02-08 12:30:00,1018925.6727030133,2
2024-02-08 13:30:00,1018925.6727030133,2
2024-02-08 14:30:00,1018925.6727030133,2
2024-02-08 15:30:00,1018925.6727030133,2
2024-02-09 09:30:00,1018925.6727030133,2
2024-02-09 10:30:00,1018925.6727030133,2
2024-02-09 11:30:00,1018925.6727030133,2
2024-02-09 12:30:00,1018925.6727030133,2
2024-02-09 13:30:00,1018925.6727030133,2
2024-02-09 14:30:00,1018925.6727030133,2
2024-02-09 15:30:00,1018925.6727030133,2
2024-02-12 09:30:00,1018925.6727030133,2
2024-02-12 10:30:00,1018925.6727030133,2
2024-02-12 11:30:00,1018925.6727030133,2
2024-02-12 12:30:00,1018925.6727030133,2
2024-02-12 13:30:00,1018925.6727030133,2
2024-02-12 14:30:00,1018925.6727030133,2
2024-02-12 15:30:00,1018925.6727030133,2
2024-02-13 09:30:00,1018925.6727030133,2
2024-02-13 10:30:00,1018925.6727030133,2
2024-02-13 11:30:00,1018925.6727030133,2
2024-02-13 12:30:00,1018925.6727030133,2
2024-02-13 13:30:00,1018925.6727030133,2
2024-02-13 14:30:00,1018925.6727030133,2
2024-02-13 15:30:00,1018925.6727030133,2
2024-02-14 09:30:00,1018925.6727030133,2
2024-02-14 10:30:00,1018925.6727030133,2
2024-02-14 11:30:00,1018925.6727030133,2
2024-02-14 12:30:00,1018925.6727030133,2
2024-02-14 13:30:00,1018925.6727030133,2
2024-02-14 14:30:00,1018925.6727030133,2
2024-02-14 15:30:00,1018925.6727030133,2
2024-02-15 09:30:00,1018925.6727030133,2
2024-02-15 10:30:00,1018925.6727030133,2
2024-02-15 11:30:00,1017906.8028841285,1
2024-02-15 12:30:00,1017906.8028841285,1
2024-02-15 13:30:00,1018623.5421302771,0
2024-02-15 14:30:00,1018623.5421302771,0
2024-02-15 15:30:00,1018623.5421302771,0
2024-02-16 09:30:00,1018623.5421302771,0
2024-02-16 10:30:00,1018623.5421302771,0
2024-02-16 11:30:00,1018623.5421302771,0
2024-02-16 12:30:00,1018623.5421302771,0
2024-02-16 13:30:00,1018623.5421302771,0
2024-02-16 14:30:00,1018623.5421302771,0
2024-02-16 15:30:00,1018623.5421302771,0
2024-02-20 09:30:00,1018623.5421302771,0
2024-02-20 10:30:00,1018623.5421302771,0
2024-02-20 11:30:00,1018623.5421302771,0
2024-02-20 12:30:00,1018623.5421302771,0
2024-02-20 13:30:00,1018623.5421302771,0
2024-02-20 14:30:00,1018623.5421302771,0
2024-02-20 15:30:00,1018623.5421302771,0
2024-02-21 09:30:00,1018623.5421302771,0
2024-02-21 10:30:00,1018623.5421302771,0
2024-02-21 11:30:00,1018623.5421302771,0
2024-02-21 12:30:00,1018623.5421302771,0
2024-02-21 13:30:00,1018623.5421302771,0
2024-02-21 14:30:00,1018623.5421302771,0
2024-02-21 15:30:00,1018623.5421302771,0
2024-02-22 09:30:00,1018623.5421302771,0
2024-02-22 10:30:00,1018623.5421302771,0
2024-02-22 11:30:00,1018623.5421302771,0
2024-02-22 12:30:00,1018623.5421302771,0
2024-02-22 13:30:00,1018623.5421302771,0
2024-02-22 14:30:00,1018623.5421302771,0
2024-02-22 15:30:00,1018623.5421302771,0
2024-02-23 09:30:00,1018623.5421302771,0
2024-02-23 10:30:00,1018623.5421302771,0
2024-02-23 11:30:00,1018623.5421302771,0
2024-02-23 12:30:00,1018623.5421302771,0
2024-02-23 13:30:00,1018623.5421302771,0
2024-02-23 14:30:00,1018623.5421302771,0
2024-02-23 15:30:00,1018623.5421302771,0
2024-02-26 09:30:00,1018623.5421302771,0
2024-02-26 10:30:00,1018623.5421302771,0
2024-02-26 11:30:00,1018623.5421302771,0
2024-02-26 12:30:00,1018623.5421302771,0
2024-02-26 13:30:00,1018623.5421302771,0
2024-02-26 14:30:00,1018623.5421302771,0
2024-02-26 15:30:00,1018623.5421302771,0
2024-02-27 09:30:00,1018623.5421302771,0
2024-02-27 10:30:00,1018623.5421302771,0
2024-02-27 11:30:00,1018623.5421302771,0
2024-02-27 12:30:00,1018623.5421302771,0
2024-02-27 13:30:00,1018623.5421302771,0
2024-02-27 14:30:00,1018623.5421302771,0
2024-02-27 15:30:00,1018623.5421302771,0
2024-04-18 09:30:00,1018623.5421302771,0
2024-04-18 10:30:00,1018623.5421302771,0
2024-04-18 11:30:00,1018623.5421302771,0
2024-04-18 12:30:00,1018623.5421302771,0
2024-04-18 13:30:00,1018623.5421302771,0
2024-04-18 14:30:00,1018623.5421302771,0
2024-04-18 15:30:00,1018623.5421302771,0
2024-04-19 09:30:00,1018623.5421302771,0
2024-04-19 10:30:00,1018623.5421302771,0
2024-04-19 11:30:00,1018623.5421302771,0
2024-04-19 12:30:00,1018623.5421302771,0
2024-04-19 13:30:00,1018623.5421302771,0
2024-04-19 14:30:00,1018623.5421302771,0
2024-04-19 15:30:00,1018623.5421302771,0
2024-04-22 09:30:00,1018623.5421302771,0
2024-04-22 10:30:00,1018623.5421302771,0
2024-04-22 11:30:00,1018623.5421302771,0
2024-04-22 12:30:00,1018623.5421302771,0
2024-04-22 13:30:00,1018623.5421302771,0
2024-04-22 14:30:00,1018623.5421302771,0
2024-04-22 15:30:00,1018623.5421302771,0
2024-04-23 09:30:00,1018623.5421302771,0
2024-04-23 10:30:00,1018623.5421302771,0
2024-04-23 11:30:00,1018623.5421302771,0
2024-04-23 12:30:00,1018623.5421302771,0
2024-04-23 13:30:00,1018623.5421302771,0
2024-04-23 14:30:00,1018623.5421302771,0
2024-04-23 15:30:00,1018623.5421302771,0
2024-04-24 09:30:00,1018623.5421302771,0
2024-04-24 10:30:00,1018623.5421302771,0
2024-04-24 11:30:00,1018501.3109722662,2
2024-04-24 12:30:00,1018501.3109722662,2
2024-04-24 13:30:00,1018501.3109722662,2
2024-04-24 14:30:00,1018501.3109722662,2
2024-04-24 15:30:00,1018501.3109722662,2
2024-04-25 09:30:00,1018501.3109722662,2
2024-04-25 10:30:00,1018816.0338683088,1
2024-04-25 11:30:00,1018754.9049062766,2
2024-04-25 12:30:00,1018754.9049062766,2
2024-04-25 13:30:00,1018754.9049062766,2
2024-04-25 14:30:00,1018754.9049062766,2
2024-04-25 15:30:00,1018754.9049062766,2
2024-04-26 09:30:00,1018754.9049062766,2
2024-04-26 10:30:00,1019651.0527545905,1
2024-04-26 11:30:00,1019651.0527545905,1
2024-04-26 12:30:00,1019651.0527545905,1
2024-04-26 13:30:00,1019651.0527545905,1
2024-04-26 14:30:00,1019651.0527545905,1
2024-04-26 15:30:00,1019651.0527545905,1
2024-04-29 09:30:00,1019651.0527545905,1
2024-04-29 10:30:00,1019651.0527545905,1
2024-04-29 11:30:00,1019651.0527545905,1
2024-04-29 12:30:00,1019651.0527545905,1
2024-04-29 13:30:00,1019651.0527545905,1
2024-04-29 14:30:00,1019651.0527545905,1
2024-04-29 15:30:00,1019651.0527545905,1
2024-04-30 09:30:00,1019651.0527545905,1
2024-04-30 10:30:00,1019651.0527545905,1
2024-04-30 11:30:00,1019651.0527545905,1
2024-04-30 12:30:00,1019651.0527545905,1
2024-04-30 13:30:00,1019651.0527545905,1
2024-04-30 14:30:00,1019651.0527545905,1
2024-04-30 15:30:00,1019651.0527545905,1
2024-05-01 09:30:00,1019651.0527545905,1
2024-05-01 10:30:00,1019651.0527545905,1
2024-05-01 11:30:00,1019651.0527545905,1
2024-05-01 12:30:00,1019651.0527545905,1
2024-05-01 13:30:00,1019651.0527545905,1
2024-05-01 14:30:00,1019651.0527545905,1
2024-05-01 15:30:00,1019651.0527545905,1
2024-05-02 09:30:00,1019651.0527545905,1
2024-05-02 10:30:00,1019651.0527545905,1
2024-05-02 11:30:00,1019589.8746091111,3
2024-05-02 12:30:00,1019589.8746091111,3
2024-05-02 13:30:00,1019589.8746091111,3
2024-05-02 14:30:00,1019589.8746091111,3
2024-05-02 15:30:00,1019589.8746091111,3
2024-05-03 09:30:00,1019589.8746091111,3
2024-05-03 10:30:00,1019589.8746091111,3
2024-05-03 11:30:00,1019589.8746091111,3
2024-05-03 12:30:00,1019654.5516651133,2
2024-05-03 13:30:00,1019654.5516651133,2
2024-05-03 14:30:00,1019654.5516651133,2
2024-05-03 15:30:00,1019654.5516651133,2
2024-05-06 09:30:00,1019654.5516651133,2
2024-05-06 10:30:00,1019654.5516651133,2
2024-05-06 11:30:00,1020365.505206288,1
2024-05-06 12:30:00,1020365.505206288,1
2024-05-06 13:30:00,1020365.505206288,1
2024-05-06 14:30:00,1020365.505206288,1
2024-05-06 15:30:00,1020365.505206288,1
2024-05-07 09:30:00,1020365.505206288,1
2024-05-07 10:30:00,1020365.505206288,1
2024-05-07 11:30:00,1020365.505206288,1
2024-05-07 12:30:00,1020365.505206288,1
2024-05-07 13:30:00,1020365.505206288,1
2024-05-07 14:30:00,1020365.505206288,1
2024-05-07 15:30:00,1020365.505206288,1
2024-05-08 09:30:00,1020365.505206288,1
2024-05-08 10:30:00,1020365.505206288,1
2024-05-08 11:30:00,1020365.505206288,1
2024-05-08 12:30:00,1020365.505206288,1
2024-05-08 13:30:00,1020365.505206288,1
2024-05-08 14:30:00,1020365.505206288,1
2024-05-08 15:30:00,1020365.505206288,1
2024-05-09 09:30:00,1020365.505206288,1
2024-05-09 10:30:00,1020365.505206288,1
2024-05-09 11:30:00,1020365.505206288,1
2024-05-09 12:30:00,1020365.505206288,1
2024-05-09 13:30:00,1020365.505206288,1
2024-05-09 14:30:00,1020365.505206288,1
2024-05-09 15:30:00,1020365.505206288,1
2024-05-10 09:30:00,1020365.505206288,1
2024-05-10 10:30:00,1020365.505206288,1
2024-05-10 11:30:00,1020365.505206288,1
2024-05-10 12:30:00,1020365.505206288,1
2024-05-10 13:30:00,1020365.505206288,1
2024-05-10 14:30:00,1020365.505206288,1
2024-05-10 15:30:00,1020365.505206288,1
2024-05-13 09:30:00,1020365.505206288,1
2024-05-13 10:30:00,1020365.505206288,1
2024-05-13 11:30:00,1020365.505206288,1
2024-05-13 12:30:00,1020365.505206288,1
2024-05-13 13:30:00,1020365.505206288,1
2024-05-13 14:30:00,1020365.505206288,1
2024-05-13 15:30:00,1020365.505206288,1
2024-05-14 09:30:00,1020365.505206288,1
2024-05-14 10:30:00,1020365.505206288,1
2024-05-14 11:30:00,1020365.505206288,1
2024-05-14 12:30:00,1020365.505206288,1
2024-05-14 13:30:00,1020365.505206288,1
2024-05-14 14:30:00,1020365.505206288,1
2024-05-14 15:30:00,1020365.505206288,1
2024-05-15 09:30:00,1020365.505206288,1
2024-05-15 10:30:00,1020365.505206288,1
2024-05-15 11:30:00,1020365.505206288,1
2024-05-15 12:30:00,1020365.505206288,1
2024-05-15 13:30:00,1020365.505206288,1
2024-05-15 14:30:00,1020365.505206288,1
2024-05-15 15:30:00,1020365.505206288,1
2024-05-16 09:30:00,1020365.505206288,1
2024-05-16 10:30:00,1020365.505206288,1
2024-05-16 11:30:00,1023884.6522501864,0
2024-05-16 12:30:00,1023884.6522501864,0
2024-05-16 13:30:00,1023884.6522501864,0
2024-05-16 14:30:00,1023884.6522501864,0
2024-05-16 15:30:00,1023884.6522501864,0
2024-05-17 09:30:00,1023884.6522501864,0
2024-05-17 10:30:00,1023884.6522501864,0
2024-05-17 11:30:00,1023884.6522501864,0
2024-05-17 12:30:00,1023884.6522501864,0
2024-05-17 13:30:00,1023884.6522501864,0
2024-05-17 14:30:00,1023884.6522501864,0
2024-05-17 15:30:00,1023884.6522501864,0
2024-05-20 09:30:00,1023884.6522501864,0
2024-05-20 10:30:00,1023884.6522501864,0
2024-05-20 11:30:00,1023884.6522501864,0
2024-05-20 12:30:00,1023884.6522501864,0
2024-05-20 13:30:00,1023884.6522501864,0
2024-05-20 14:30:00,1023884.6522501864,0
2024-05-20 15:30:00,1023884.6522501864,0
2024-05-21 09:30:00,1023884.6522501864,0
2024-05-21 10:30:00,1023884.6522501864,0
2024-05-21 11:30:00,1023884.6522501864,0
2024-05-21 12:30:00,1023884.6522501864,0
2024-05-21 13:30:00,1023884.6522501864,0
2024-05-21 14:30:00,1023884.6522501864,0
2024-05-21 15:30:00,1023884.6522501864,0
2024-05-24 09:30:00,1023884.6522501864,0
2024-05-24 10:30:00,1023884.6522501864,0
2024-05-24 11:30:00,1023884.6522501864,0
2024-05-24 12:30:00,1023884.6522501864,0
2024-05-24 13:30:00,1023884.6522501864,0
2024-05-24 14:30:00,1023884.6522501864,0
2024-05-24 15:30:00,1023884.6522501864,0
2024-05-28 09:30:00,1023884.6522501864,0
2024-05-28 10:30:00,1023884.6522501864,0
2024-05-28 11:30:00,1023884.6522501864,0
2024-05-28 12:30:00,1023884.6522501864,0
2024-05-28 13:30:00,1023884.6522501864,0
2024-05-28 14:30:00,1023884.6522501864,0
2024-05-28 15:30:00,1023884.6522501864,0
2024-05-29 09:30:00,1023884.6522501864,0
2024-05-29 10:30:00,1023884.6522501864,0
2024-05-29 11:30:00,1023853.935710619,1
2024-05-29 12:30:00,1023853.935710619,1
2024-05-29 13:30:00,1023853.935710619,1
2024-05-29 14:30:00,1023853.935710619,1
2024-05-29 15:30:00,1023853.935710619,1
2024-05-30 09:30:00,1023823.2191710515,0
2024-05-30 10:30:00,1023823.2191710515,0
2024-05-30 11:30:00,1023823.2191710515,0
2024-05-30 12:30:00,1023823.2191710515,0
2024-05-30 13:30:00,1023823.2191710515,0
2024-05-30 14:30:00,1023823.2191710515,0
2024-05-30 15:30:00,1023823.2191710515,0
2024-05-31 09:30:00,1023823.2191710515,0
2024-05-31 10:30:00,1023823.2191710515,0
2024-05-31 11:30:00,1023823.2191710515,0
2024-05-31 12:30:00,1023823.2191710515,0
2024-05-31 13:30:00,1023823.2191710515,0
2024-05-31 14:30:00,1023823.2191710515,0
2024-05-31 15:30:00,1023823.2191710515,0
2024-06-03 09:30:00,1023823.2191710515,0
2024-06-03 10:30:00,1023823.2191710515,0
2024-06-03 11:30:00,1023823.2191710515,0
2024-06-03 12:30:00,1023823.2191710515,0
2024-06-03 13:30:00,1023823.2191710515,0
2024-06-03 14:30:00,1023823.2191710515,0
2024-06-03 15:30:00,1023823.2191710515,0
2024-06-04 09:30:00,1023823.2191710515,0
2024-06-04 10:30:00,1023823.2191710515,0
2024-06-04 11:30:00,1023823.2191710515,0
2024-06-04 12:30:00,1023823.2191710515,0
2024-06-04 13:30:00,1023823.2191710515,0
2024-06-04 14:30:00,1023823.2191710515,0
2024-06-04 15:30:00,1023823.2191710515,0
2024-06-05 09:30:00,1023823.2191710515,0
2024-06-05 10:30:00,1023823.2191710515,0
2024-06-05 11:30:00,1023823.2191710515,0
2024-06-05 12:30:00,1023823.2191710515,0
2024-06-05 13:30:00,1023823.2191710515,0
2024-06-05 14:30:00,1023823.2191710515,0
2024-06-05 15:30:00,1023823.2191710515,0
2024-06-06 09:30:00,1023823.2191710515,0
2024-06-06 10:30:00,1023823.2191710515,0
2024-06-06 11:30:00,1023823.2191710515,0
2024-06-06 12:30:00,1023823.2191710515,0
2024-06-06 13:30:00,1023823.2191710515,0
2024-06-06 14:30:00,1023823.2191710515,0
2024-06-06 15:30:00,1023823.2191710515,0
2024-06-07 09:30:00,1023823.2191710515,0
2024-06-07 10:30:00,1023823.2191710515,0
2024-06-07 11:30:00,1023823.2191710515,0
2024-06-07 12:30:00,1023823.2191710515,0
2024-06-07 13:30:00,1023823.2191710515,0
2024-06-07 14:30:00,1023823.2191710515,0
2024-06-07 15:30:00,1023823.2191710515,0
2024-06-10 09:30:00,1023823.2191710515,0
2024-06-10 10:30:00,1023823.2191710515,0
2024-06-10 11:30:00,1023823.2191710515,0
2024-06-10 12:30:00,1023823.2191710515,0
2024-06-10 13:30:00,1023823.2191710515,0
2024-06-10 14:30:00,1023823.2191710515,0
2024-06-10 15:30:00,1023823.2191710515,0
2024-06-11 09:30:00,1023823.2191710515,0
2024-06-11 10:30:00,1023823.2191710515,0
2024-06-11 11:30:00,1023823.2191710515,0
2024-06-11 12:30:00,1023823.2191710515,0
2024-06-11 13:30:00,1023823.2191710515,0
2024-06-11 14:30:00,1023823.2191710515,0
2024-06-11 15:30:00,1023823.2191710515,0
2024-06-12 09:30:00,1023823.2191710515,0
2024-06-12 10:30:00,1023823.2191710515,0
2024-06-12 11:30:00,1023823.2191710515,0
2024-06-12 12:30:00,1023823.2191710515,0
2024-06-12 13:30:00,1023823.2191710515,0
2024-06-12 14:30:00,1023823.2191710515,0
2024-06-12 15:30:00,1023823.2191710515,0
2024-07-18 09:30:00,1023823.2191710515,0
2024-07-18 10:30:00,1023823.2191710515,0
2024-07-18 11:30:00,1023823.2191710515,0
2024-07-18 12:30:00,1023823.2191710515,0
2024-07-18 13:30:00,1023823.2191710515,0
2024-07-18 14:30:00,1023823.2191710515,0
2024-07-18 15:30:00,1023823.2191710515,0
2024-07-19 09:30:00,1023823.2191710515,0
2024-07-19 10:30:00,1023823.2191710515,0
2024-07-19 11:30:00,1023823.2191710515,0
2024-07-19 12:30:00,1023823.2191710515,0
2024-07-19 13:30:00,1023823.2191710515,0
2024-07-19 14:30:00,1023823.2191710515,0
2024-07-19 15:30:00,1023823.2191710515,0
2024-07-22 09:30:00,1023823.2191710515,0
2024-07-22 10:30:00,1023823.2191710515,0
2024-07-22 11:30:00,1023823.2191710515,0
2024-07-22 12:30:00,1023823.2191710515,0
2024-07-22 13:30:00,1023823.2191710515,0
2024-07-22 14:30:00,1023823.2191710515,0
2024-07-22 15:30:00,1023823.2191710515,0
2024-07-23 09:30:00,1023823.2191710515,0
2024-07-23 10:30:00,1023823.2191710515,0
2024-07-23 11:30:00,1023823.2191710515,0
2024-07-23 12:30:00,1023823.2191710515,0
2024-07-23 13:30:00,1023823.2191710515,0
2024-07-23 14:30:00,1023823.2191710515,0
2024-07-23 15:30:00,1023823.2191710515,0
2024-07-24 09:30:00,1023823.2191710515,0
2024-07-24 10:30:00,1023823.2191710515,0
2024-07-24 11:30:00,1023761.7897779013,1
2024-07-24 12:30:00,1023761.7897779013,1
2024-07-24 13:30:00,1023761.7897779013,1
2024-07-24 14:30:00,1023761.7897779013,1
2024-07-24 15:30:00,1023761.7897779013,1
2024-07-25 09:30:00,1023761.7897779013,1
2024-07-25 10:30:00,1023057.9735555503,0
2024-07-25 11:30:00,1022843.1479540905,4
2024-07-25 12:30:00,1022286.2663118468,3
2024-07-25 13:30:00,1022286.2663118468,3
2024-07-25 14:30:00,1022286.2663118468,3
2024-07-25 15:30:00,1022286.2663118468,3
2024-07-26 09:30:00,1022286.2663118468,3
2024-07-26 10:30:00,1022286.2663118468,3
2024-07-26 11:30:00,1022286.2663118468,3
2024-07-26 12:30:00,1022286.2663118468,3
2024-07-26 13:30:00,1022286.2663118468,3
2024-07-26 14:30:00,1022286.2663118468,3
2024-07-26 15:30:00,1022286.2663118468,3
2024-07-29 09:30:00,1022286.2663118468,3
2024-07-29 10:30:00,1022286.2663118468,3
2024-07-29 11:30:00,1022286.2663118468,3
2024-07-29 12:30:00,1022286.2663118468,3
2024-07-29 13:30:00,1022286.2663118468,3
2024-07-29 14:30:00,1022286.2663118468,3
2024-07-29 15:30:00,1022286.2663118468,3
2024-07-30 09:30:00,1022286.2663118468,3
2024-07-30 10:30:00,1022286.2663118468,3
2024-07-30 11:30:00,1022286.2663118468,3
2024-07-30 12:30:00,1022286.2663118468,3
2024-07-30 13:30:00,1022286.2663118468,3
2024-07-30 14:30:00,1022286.2663118468,3
2024-07-30 15:30:00,1022286.2663118468,3
2024-07-31 09:30:00,1022286.2663118468,3
2024-07-31 10:30:00,1022286.2663118468,3
2024-07-31 11:30:00,1022286.2663118468,3
2024-07-31 12:30:00,1022286.2663118468,3
2024-07-31 13:30:00,1022286.2663118468,3
2024-07-31 14:30:00,1022286.2663118468,3
2024-07-31 15:30:00,1022286.2663118468,3
2024-08-01 09:30:00,1022286.2663118468,3
2024-08-01 10:30:00,1022286.2663118468,3
2024-08-01 11:30:00,1022286.2663118468,3
2024-08-01 12:30:00,1023077.3836748397,2
2024-08-01 13:30:00,1023077.3836748397,2
2024-08-01 14:30:00,1023077.3836748397,2
2024-08-01 15:30:00,1023077.3836748397,2
2024-08-02 09:30:00,1023077.3836748397,2
2024-08-02 10:30:00,1023077.3836748397,2
2024-08-02 11:30:00,1022923.9303540218,6
2024-08-02 12:30:00,1022844.6309441895,5
2024-08-02 13:30:00,1022844.6309441895,5
2024-08-02 14:30:00,1022844.6309441895,5
2024-08-02 15:30:00,1022844.6309441895,5
2024-08-05 09:30:00,1022844.6309441895,5
2024-08-05 10:30:00,1021937.8538313397,4
2024-08-05 11:30:00,1021937.8538313397,4
2024-08-05 12:30:00,1021937.8538313397,4
2024-08-05 13:30:00,1021937.8538313397,4
2024-08-05 14:30:00,1021937.8538313397,4
2024-08-05 15:30:00,1021937.8538313397,4
2024-08-06 09:30:00,1021937.8538313397,4
2024-08-06 10:30:00,1021937.8538313397,4
2024-08-06 11:30:00,1021937.8538313397,4
2024-08-06 12:30:00,1021937.8538313397,4
2024-08-06 13:30:00,1021937.8538313397,4
2024-08-06 14:30:00,1021937.8538313397,4
2024-08-06 15:30:00,1021937.8538313397,4
2024-08-07 09:30:00,1021937.8538313397,4
2024-08-07 10:30:00,1021937.8538313397,4
2024-08-07 11:30:00,1021937.8538313397,4
2024-08-07 12:30:00,1021937.8538313397,4
2024-08-07 13:30:00,1021937.8538313397,4
2024-08-07 14:30:00,1021937.8538313397,4
2024-08-07 15:30:00,1021937.8538313397,4
2024-08-08 09:30:00,1021937.8538313397,4
2024-08-08 10:30:00,1021937.8538313397,4
2024-08-08 11:30:00,1017597.3252023879,3
2024-08-08 12:30:00,1017597.3252023879,3
2024-08-08 13:30:00,1017597.3252023879,3
2024-08-08 14:30:00,1017597.3252023879,3
2024-08-08 15:30:00,1017597.3252023879,3
2024-08-09 09:30:00,1017597.3252023879,3
2024-08-09 10:30:00,1017597.3252023879,3
2024-08-09 11:30:00,1017597.3252023879,3
2024-08-09 12:30:00,1017597.3252023879,3
2024-08-09 13:30:00,1017597.3252023879,3
2024-08-09 14:30:00,1017597.3252023879,3
2024-08-09 15:30:00,1017597.3252023879,3
2024-08-12 09:30:00,1017597.3252023879,3
2024-08-12 10:30:00,1017597.3252023879,3
2024-08-12 11:30:00,1017597.3252023879,3
2024-08-12 12:30:00,1017597.3252023879,3
2024-08-12 13:30:00,1017597.3252023879,3
2024-08-12 14:30:00,1017597.3252023879,3
2024-08-12 15:30:00,1017597.3252023879,3
2024-08-13 09:30:00,1017597.3252023879,3
2024-08-13 10:30:00,1017597.3252023879,3
2024-08-13 11:30:00,1017597.3252023879,3
2024-08-13 12:30:00,1017597.3252023879,3
2024-08-13 13:30:00,1017597.3252023879,3
2024-08-13 14:30:00,1017597.3252023879,3
2024-08-13 15:30:00,1017597.3252023879,3
2024-08-14 09:30:00,1017597.3252023879,3
2024-08-14 10:30:00,1017597.3252023879,3
2024-08-14 11:30:00,1017597.3252023879,3
2024-08-14 12:30:00,1017597.3252023879,3
2024-08-14 13:30:00,1017597.3252023879,3
2024-08-14 14:30:00,1017597.3252023879,3
2024-08-14 15:30:00,1017597.3252023879,3
2024-08-15 09:30:00,1017597.3252023879,3
2024-08-15 10:30:00,1017597.3252023879,3
2024-08-15 11:30:00,1017597.3252023879,3
2024-08-15 12:30:00,1017597.3252023879,3
2024-08-15 13:30:00,1017597.3252023879,3
2024-08-15 14:30:00,1017597.3252023879,3
2024-08-15 15:30:00,1017597.3252023879,3
2024-08-16 09:30:00,1017597.3252023879,3
2024-08-16 10:30:00,1017597.3252023879,3
2024-08-16 11:30:00,1016346.9676787484,0
2024-08-16 12:30:00,1016346.9676787484,0
2024-08-16 13:30:00,1016346.9676787484,0
2024-08-16 14:30:00,1016346.9676787484,0
2024-08-16 15:30:00,1016346.9676787484,0
2024-08-19 09:30:00,1016346.9676787484,0
2024-08-19 10:30:00,1016346.9676787484,0
2024-08-19 11:30:00,1016346.9676787484,0
2024-08-19 12:30:00,1016346.9676787484,0
2024-08-19 13:30:00,1016346.9676787484,0
2024-08-19 14:30:00,1016346.9676787484,0
2024-08-19 15:30:00,1016346.9676787484,0
2024-08-20 09:30:00,1016346.9676787484,0
2024-08-20 10:30:00,1016346.9676787484,0
2024-08-20 11:30:00,1016346.9676787484,0
2024-08-20 12:30:00,1016346.9676787484,0
2024-08-20 13:30:00,1016346.9676787484,0
2024-08-20 14:30:00,1016346.9676787484,0
2024-08-20 15:30:00,1016346.9676787484,0
2024-10-17 09:30:00,1016346.9676787484,0
2024-10-17 10:30:00,1016346.9676787484,0
2024-10-17 11:30:00,1016346.9676787484,0
2024-10-17 12:30:00,1016346.9676787484,0
2024-10-17 13:30:00,1016346.9676787484,0
2024-10-17 14:30:00,1016346.9676787484,0
2024-10-17 15:30:00,1016346.9676787484,0
2024-10-18 09:30:00,1016346.9676787484,0
2024-10-18 10:30:00,1016346.9676787484,0
2024-10-18 11:30:00,1016346.9676787484,0
2024-10-18 12:30:00,1016346.9676787484,0
2024-10-18 13:30:00,1016346.9676787484,0
2024-10-18 14:30:00,1016346.9676787484,0
2024-10-18 15:30:00,1016346.9676787484,0
2024-10-21 09:30:00,1016346.9676787484,0
2024-10-21 10:30:00,1016346.9676787484,0
2024-10-21 11:30:00,1016346.9676787484,0
2024-10-21 12:30:00,1016346.9676787484,0
2024-10-21 13:30:00,1016346.9676787484,0
2024-10-21 14:30:00,1016346.9676787484,0
2024-10-21 15:30:00,1016346.9676787484,0
2024-10-22 09:30:00,1016346.9676787484,0
2024-10-22 10:30:00,1016346.9676787484,0
2024-10-22 11:30:00,1016194.522951185,3
2024-10-22 12:30:00,1016194.522951185,3
2024-10-22 13:30:00,1016194.522951185,3
2024-10-22 14:30:00,1016194.522951185,3
2024-10-22 15:30:00,1016194.522951185,3
2024-10-23 09:30:00,1016194.522951185,3
2024-10-23 10:30:00,1016194.522951185,3
2024-10-23 11:30:00,1016072.5832667311,5
2024-10-23 12:30:00,1016072.5832667311,5
2024-10-23 13:30:00,1016072.5832667311,5
2024-10-23 14:30:00,1016072.5832667311,5
2024-10-23 15:30:00,1014407.8585166964,4
2024-10-24 09:30:00,1014407.8585166964,4
2024-10-24 10:30:00,1014407.8585166964,4
2024-10-24 11:30:00,1014733.698518598,4
2024-10-24 12:30:00,1014733.698518598,4
2024-10-24 13:30:00,1014733.698518598,4
2024-10-24 14:30:00,1014733.698518598,4
2024-10-24 15:30:00,1012984.6222845042,3
2024-10-25 09:30:00,1012984.6222845042,3
2024-10-25 10:30:00,1013058.1444882987,2
2024-10-25 11:30:00,1013058.1444882987,2
2024-10-25 12:30:00,1013058.1444882987,2
2024-10-25 13:30:00,1013058.1444882987,2
2024-10-25 14:30:00,1013058.1444882987,2
2024-10-25 15:30:00,1013058.1444882987,2
2024-10-28 09:30:00,1013058.1444882987,2
2024-10-28 10:30:00,1013058.1444882987,2
2024-10-28 11:30:00,1013058.1444882987,2
2024-10-28 12:30:00,1013058.1444882987,2
2024-10-28 13:30:00,1013058.1444882987,2
2024-10-28 14:30:00,1013058.1444882987,2
2024-10-28 15:30:00,1013058.1444882987,2
2024-10-29 09:30:00,1013058.1444882987,2
2024-10-29 10:30:00,1013058.1444882987,2
2024-10-29 11:30:00,1013058.1444882987,2
2024-10-29 12:30:00,1013058.1444882987,2
2024-10-29 13:30:00,1013058.1444882987,2
2024-10-29 14:30:00,1013058.1444882987,2
2024-10-29 15:30:00,1013058.1444882987,2
2024-10-30 09:30:00,1013058.1444882987,2
2024-10-30 10:30:00,1013058.1444882987,2
2024-10-30 11:30:00,1013058.1444882987,2
2024-10-30 12:30:00,1013058.1444882987,2
2024-10-30 13:30:00,1013058.1444882987,2
2024-10-30 14:30:00,1013058.1444882987,2
2024-10-30 15:30:00,1013058.1444882987,2
2024-10-31 09:30:00,1013058.1444882987,2
2024-10-31 10:30:00,1013058.1444882987,2
2024-10-31 11:30:00,1013058.1444882987,2
2024-10-31 12:30:00,1013058.1444882987,2
2024-10-31 13:30:00,1013058.1444882987,2
2024-10-31 14:30:00,1013058.1444882987,2
2024-10-31 15:30:00,1013058.1444882987,2
2024-11-01 09:30:00,1013058.1444882987,2
2024-11-01 10:30:00,1013058.1444882987,2
2024-11-01 11:30:00,1012936.582069667,5
2024-11-01 12:30:00,1012936.582069667,5
2024-11-01 13:30:00,1012936.582069667,5
2024-11-01 14:30:00,1012936.582069667,5
2024-11-01 15:30:00,1012936.582069667,5
2024-11-04 09:30:00,1012936.582069667,5
2024-11-04 10:30:00,1013181.4629156778,4
2024-11-04 11:30:00,1013181.4629156778,4
2024-11-04 12:30:00,1013181.4629156778,4
2024-11-04 13:30:00,1013181.4629156778,4
2024-11-04 14:30:00,1013181.4629156778,4
2024-11-04 15:30:00,1013181.4629156778,4
2024-11-05 09:30:00,1013181.4629156778,4
2024-11-05 10:30:00,1013181.4629156778,4
2024-11-05 11:30:00,1012758.7314820027,3
2024-11-05 12:30:00,1012758.7314820027,3
2024-11-05 13:30:00,1012758.7314820027,3
2024-11-05 14:30:00,1011853.7552174854,2
2024-11-05 15:30:00,1011853.7552174854,2
2024-11-06 09:30:00,1011853.7552174854,2
2024-11-06 10:30:00,1011853.7552174854,2
2024-11-06 11:30:00,1010264.0335955775,1
2024-11-06 12:30:00,1010264.0335955775,1
2024-11-06 13:30:00,1010264.0335955775,1
2024-11-06 14:30:00,1011322.3475154153,0
2024-11-06 15:30:00,1011322.3475154153,0
2024-11-07 09:30:00,1011322.3475154153,0
2024-11-07 10:30:00,1011322.3475154153,0
2024-11-07 11:30:00,1011322.3475154153,0
2024-11-07 12:30:00,1011322.3475154153,0
2024-11-07 13:30:00,1011322.3475154153,0
2024-11-07 14:30:00,1011322.3475154153,0
2024-11-07 15:30:00,1011322.3475154153,0
2024-11-08 09:30:00,1011322.3475154153,0
2024-11-08 10:30:00,1011322.3475154153,0
2024-11-08 11:30:00,1011322.3475154153,0
2024-11-08 12:30:00,1011322.3475154153,0
2024-11-08 13:30:00,1011322.3475154153,0
2024-11-08 14:30:00,1011322.3475154153,0
2024-11-08 15:30:00,1011322.3475154153,0
2024-11-11 09:30:00,1011322.3475154153,0
2024-11-11 10:30:00,1011322.3475154153,0
2024-11-11 11:30:00,1011322.3475154153,0
2024-11-11 12:30:00,1011322.3475154153,0
2024-11-11 13:30:00,1011322.3475154153,0
2024-11-11 14:30:00,1011322.3475154153,0
2024-11-11 15:30:00,1011322.3475154153,0
2024-11-12 09:30:00,1011322.3475154153,0
2024-11-12 10:30:00,1011322.3475154153,0
2024-11-12 11:30:00,1011322.3475154153,0
2024-11-12 12:30:00,1011322.3475154153,0
2024-11-12 13:30:00,1011322.3475154153,0
2024-11-12 14:30:00,1011322.3475154153,0
2024-11-12 15:30:00,1011322.3475154153,0
2024-11-13 09:30:00,1011322.3475154153,0
2024-11-13 10:30:00,1011322.3475154153,0
2024-11-13 11:30:00,1011322.3475154153,0
2024-11-13 12:30:00,1011322.3475154153,0
2024-11-13 13:30:00,1011322.3475154153,0
2024-11-13 14:30:00,1011322.3475154153,0
2024-11-13 15:30:00,1011322.3475154153,0
2024-11-14 09:30:00,1011322.3475154153,0
2024-11-14 10:30:00,1011322.3475154153,0
2024-11-14 11:30:00,1011322.3475154153,0
2024-11-14 12:30:00,1011322.3475154153,0
2024-11-14 13:30:00,1011322.3475154153,0
2024-11-14 14:30:00,1011322.3475154153,0
2024-11-14 15:30:00,1011322.3475154153,0
2024-11-15 09:30:00,1011322.3475154153,0
2024-11-15 10:30:00,1011322.3475154153,0
2024-11-15 11:30:00,1011322.3475154153,0
2024-11-15 12:30:00,1011322.3475154153,0
2024-11-15 13:30:00,1011322.3475154153,0
2024-11-15 14:30:00,1011322.3475154153,0
2024-11-15 15:30:00,1011322.3475154153,0
2024-11-18 09:30:00,1011322.3475154153,0
2024-11-18 10:30:00,1011322.3475154153,0
2024-11-18 11:30:00,1011322.3475154153,0
2024-11-18 12:30:00,1011322.3475154153,0
2024-11-18 13:30:00,1011322.3475154153,0
2024-11-18 14:30:00,1011322.3475154153,0
2024-11-18 15:30:00,1011322.3475154153,0
2024-11-19 09:30:00,1011322.3475154153,0
2024-11-19 10:30:00,1011322.3475154153,0
2024-11-19 11:30:00,1011322.3475154153,0
2024-11-19 12:30:00,1011322.3475154153,0
2024-11-19 13:30:00,1011322.3475154153,0
2024-11-19 14:30:00,1011322.3475154153,0
2024-11-19 15:30:00,1011322.3475154153,0
2024-11-20 09:30:00,1011322.3475154153,0
2024-11-20 10:30:00,1011322.3475154153,0
2024-11-20 11:30:00,1011322.3475154153,0
2024-11-20 12:30:00,1011322.3475154153,0
2024-11-20 13:30:00,1011322.3475154153,0
2024-11-20 14:30:00,1011322.3475154153,0
2024-11-20 15:30:00,1011322.3475154153,0
2024-11-21 09:30:00,1011322.3475154153,0
2024-11-21 10:30:00,1011322.3475154153,0
2024-11-21 11:30:00,1011322.3475154153,0
2024-11-21 12:30:00,1011322.3475154153,0
2024-11-21 13:30:00,1011322.3475154153,0
2024-11-21 14:30:00,1011322.3475154153,0
2024-11-21 15:30:00,1011322.3475154153,0
2024-11-22 09:30:00,1011322.3475154153,0
2024-11-22 10:30:00,1011322.3475154153,0
2024-11-22 11:30:00,1011322.3475154153,0
2024-11-22 12:30:00,1011322.3475154153,0
2024-11-22 13:30:00,1011322.3475154153,0
2024-11-22 14:30:00,1011322.3475154153,0
2024-11-22 15:30:00,1011322.3475154153,0
2024-11-25 09:30:00,1011322.3475154153,0
2024-11-25 10:30:00,1011322.3475154153,0
2024-11-25 11:30:00,1011322.3475154153,0
2024-11-25 12:30:00,1011322.3475154153,0
2024-11-25 13:30:00,1011322.3475154153,0
2024-11-25 14:30:00,1011322.3475154153,0
2024-11-25 15:30:00,1011322.3475154153,0
2024-11-26 09:30:00,1011322.3475154153,0
2024-11-26 10:30:00,1011322.3475154153,0
2024-11-26 11:30:00,1011322.3475154153,0
2024-11-26 12:30:00,1011322.3475154153,0
2024-11-26 13:30:00,1011322.3475154153,0
2024-11-26 14:30:00,1011322.3475154153,0
2024-11-26 15:30:00,1011322.3475154153,0
2025-01-23 09:30:00,1011322.3475154153,0
2025-01-23 10:30:00,1011322.3475154153,0
2025-01-23 11:30:00,1011322.3475154153,0
2025-01-23 12:30:00,1011322.3475154153,0
2025-01-23 13:30:00,1011322.3475154153,0
2025-01-23 14:30:00,1011322.3475154153,0
2025-01-23 15:30:00,1011322.3475154153,0
2025-01-24 09:30:00,1011322.3475154153,0
2025-01-24 10:30:00,1011322.3475154153,0
2025-01-24 11:30:00,1011322.3475154153,0
2025-01-24 12:30:00,1011322.3475154153,0
2025-01-24 13:30:00,1011322.3475154153,0
2025-01-24 14:30:00,1011322.3475154153,0
2025-01-24 15:30:00,1011322.3475154153,0
2025-01-27 09:30:00,1011322.3475154153,0
2025-01-27 10:30:00,1011322.3475154153,0
2025-01-27 11:30:00,1011322.3475154153,0
2025-01-27 12:30:00,1011322.3475154153,0
2025-01-27 13:30:00,1011322.3475154153,0
2025-01-27 14:30:00,1011322.3475154153,0
2025-01-27 15:30:00,1011322.3475154153,0
2025-01-28 09:30:00,1011322.3475154153,0
2025-01-28 10:30:00,1011322.3475154153,0
2025-01-28 11:30:00,1011109.986205313,4
2025-01-28 12:30:00,1011109.986205313,4
2025-01-28 13:30:00,1011109.986205313,4
2025-01-28 14:30:00,1011109.986205313,4
2025-01-28 15:30:00,1011109.986205313,4
2025-01-29 09:30:00,1011339.6386388685,3
2025-01-29 10:30:00,1011339.6386388685,3
2025-01-29 11:30:00,1011177.4976007908,4
2025-01-29 12:30:00,1011146.3916780765,3
2025-01-29 13:30:00,1011146.3916780765,3
2025-01-29 14:30:00,1011146.3916780765,3
2025-01-29 15:30:00,1011146.3916780765,3
2025-01-30 09:30:00,1011146.3916780765,3
2025-01-30 10:30:00,1011146.3916780765,3
2025-01-30 11:30:00,1011085.7228945758,4
2025-01-30 12:30:00,1010905.4851949739,3
2025-01-30 13:30:00,1010905.4851949739,3
2025-01-30 14:30:00,1010905.4851949739,3
2025-01-30 15:30:00,1010905.4851949739,3
2025-01-31 09:30:00,1010905.4851949739,3
2025-01-31 10:30:00,1010905.4851949739,3
2025-01-31 11:30:00,1010814.5064307238,6
2025-01-31 12:30:00,1010814.5064307238,6
2025-01-31 13:30:00,1010814.5064307238,6
2025-01-31 14:30:00,1009900.7612869984,5
2025-01-31 15:30:00,1009900.7612869984,5
2025-02-03 09:30:00,1009900.7612869984,5
2025-02-03 10:30:00,1009900.7612869984,5
2025-02-03 11:30:00,1009900.7612869984,5
2025-02-03 12:30:00,1009900.7612869984,5
2025-02-03 13:30:00,1009900.7612869984,5
2025-02-03 14:30:00,1009900.7612869984,5
2025-02-03 15:30:00,1009900.7612869984,5
2025-02-04 09:30:00,1009900.7612869984,5
2025-02-04 10:30:00,1009900.7612869984,5
2025-02-04 11:30:00,1009900.7612869984,5
2025-02-04 12:30:00,1009900.7612869984,5
2025-02-04 13:30:00,1009900.7612869984,5
2025-02-04 14:30:00,1009900.7612869984,5
2025-02-04 15:30:00,1009900.7612869984,5
2025-02-05 09:30:00,1009900.7612869984,5
2025-02-05 10:30:00,1009900.7612869984,5
2025-02-05 11:30:00,1009900.7612869984,5
2025-02-05 12:30:00,1009900.7612869984,5
2025-02-05 13:30:00,1009900.7612869984,5
2025-02-05 14:30:00,1009900.7612869984,5
2025-02-05 15:30:00,1009900.7612869984,5
2025-02-06 09:30:00,1009900.7612869984,5
2025-02-06 10:30:00,1010272.4856754115,4
2025-02-06 11:30:00,1010272.4856754115,4
2025-02-06 12:30:00,1010272.4856754115,4
2025-02-06 13:30:00,1010272.4856754115,4
2025-02-06 14:30:00,1010623.9616805576,3
2025-02-06 15:30:00,1010623.9616805576,3
2025-02-07 09:30:00,1010623.9616805576,3
2025-02-07 10:30:00,1010623.9616805576,3
2025-02-07 11:30:00,1010623.9616805576,3
2025-02-07 12:30:00,1010623.9616805576,3
2025-02-07 13:30:00,1010623.9616805576,3
2025-02-07 14:30:00,1010623.9616805576,3
2025-02-07 15:30:00,1010623.9616805576,3
2025-02-10 09:30:00,1010623.9616805576,3
2025-02-10 10:30:00,1010623.9616805576,3
2025-02-10 11:30:00,1010623.9616805576,3
2025-02-10 12:30:00,1010623.9616805576,3
2025-02-10 13:30:00,1010623.9616805576,3
2025-02-10 14:30:00,1010623.9616805576,3
2025-02-10 15:30:00,1010623.9616805576,3
2025-02-11 09:30:00,1010623.9616805576,3
2025-02-11 10:30:00,1011852.0987552763,2
2025-02-11 11:30:00,1009536.1591522465,0
2025-02-11 12:30:00,1009536.1591522465,0
2025-02-11 13:30:00,1009536.1591522465,0
2025-02-11 14:30:00,1009536.1591522465,0
2025-02-11 15:30:00,1009536.1591522465,0
2025-02-12 09:30:00,1009536.1591522465,0
2025-02-12 10:30:00,1009536.1591522465,0
2025-02-12 11:30:00,1009536.1591522465,0
2025-02-12 12:30:00,1009536.1591522465,0
2025-02-12 13:30:00,1009536.1591522465,0
2025-02-12 14:30:00,1009536.1591522465,0
2025-02-12 15:30:00,1009536.1591522465,0
2025-02-13 09:30:00,1009536.1591522465,0
2025-02-13 10:30:00,1009536.1591522465,0
2025-02-13 11:30:00,1009536.1591522465,0
2025-02-13 12:30:00,1009536.1591522465,0
2025-02-13 13:30:00,1009536.1591522465,0
2025-02-13 14:30:00,1009536.1591522465,0
2025-02-13 15:30:00,1009536.1591522465,0
2025-02-14 09:30:00,1009536.1591522465,0
2025-02-14 10:30:00,1009536.1591522465,0
2025-02-14 11:30:00,1009536.1591522465,0
2025-02-14 12:30:00,1009536.1591522465,0
2025-02-14 13:30:00,1009536.1591522465,0
2025-02-14 14:30:00,1009536.1591522465,0
2025-02-14 15:30:00,1009536.1591522465,0
2025-02-18 09:30:00,1009536.1591522465,0
2025-02-18 10:30:00,1009536.1591522465,0
2025-02-18 11:30:00,1009536.1591522465,0
2025-02-18 12:30:00,1009536.1591522465,0
2025-02-18 13:30:00,1009536.1591522465,0
2025-02-18 14:30:00,1009536.1591522465,0
2025-02-18 15:30:00,1009536.1591522465,0
2025-02-19 09:30:00,1009536.1591522465,0
2025-02-19 10:30:00,1009536.1591522465,0
2025-02-19 11:30:00,1009536.1591522465,0
2025-02-19 12:30:00,1009536.1591522465,0
2025-02-19 13:30:00,1009536.1591522465,0
2025-02-19 14:30:00,1009536.1591522465,0
2025-02-19 15:30:00,1009536.1591522465,0
2025-02-20 09:30:00,1009536.1591522465,0
2025-02-20 10:30:00,1009536.1591522465,0
2025-02-20 11:30:00,1009536.1591522465,0
2025-02-20 12:30:00,1009536.1591522465,0
2025-02-20 13:30:00,1009536.1591522465,0
2025-02-20 14:30:00,1009536.1591522465,0
2025-02-20 15:30:00,1009536.1591522465,0
2025-02-21 09:30:00,1009536.1591522465,0
2025-02-21 10:30:00,1009536.1591522465,0
2025-02-21 11:30:00,1009536.1591522465,0
2025-02-21 12:30:00,1009536.1591522465,0
2025-02-21 13:30:00,1009536.1591522465,0
2025-02-21 14:30:00,1009536.1591522465,0
2025-02-21 15:30:00,1009536.1591522465,0
2025-02-24 09:30:00,1009536.1591522465,0
2025-02-24 10:30:00,1009536.1591522465,0
2025-02-24 11:30:00,1009536.1591522465,0
2025-02-24 12:30:00,1009536.1591522465,0
2025-02-24 13:30:00,1009536.1591522465,0
2025-02-24 14:30:00,1009536.1591522465,0
2025-02-24 15:30:00,1009536.1591522465,0
2025-02-25 09:30:00,1009536.1591522465,0
2025-02-25 10:30:00,1009536.1591522465,0
2025-02-25 11:30:00,1009536.1591522465,0
2025-02-25 12:30:00,1009536.1591522465,0
2025-02-25 13:30:00,1009536.1591522465,0
2025-02-25 14:30:00,1009536.1591522465,0
2025-02-25 15:30:00,1009536.1591522465,0
2025-02-26 09:30:00,1009536.1591522465,0
2025-02-26 10:30:00,1009536.1591522465,0
2025-02-26 11:30:00,1009536.1591522465,0
2025-02-26 12:30:00,1009536.1591522465,0
2025-02-26 13:30:00,1009536.1591522465,0
2025-02-26 14:30:00,1009536.1591522465,0
2025-02-26 15:30:00,1009536.1591522465,0
2025-04-17 09:30:00,1009536.1591522465,0
2025-04-17 10:30:00,1009536.1591522465,0
2025-04-17 11:30:00,1009536.1591522465,0
2025-04-17 12:30:00,1009536.1591522465,0
2025-04-17 13:30:00,1009536.1591522465,0
2025-04-17 14:30:00,1009536.1591522465,0
2025-04-17 15:30:00,1009536.1591522465,0
2025-04-21 09:30:00,1009536.1591522465,0
2025-04-21 10:30:00,1009536.1591522465,0
2025-04-21 11:30:00,1009536.1591522465,0
2025-04-21 12:30:00,1009536.1591522465,0
2025-04-21 13:30:00,1009536.1591522465,0
2025-04-21 14:30:00,1009536.1591522465,0
2025-04-21 15:30:00,1009536.1591522465,0
2025-04-22 09:30:00,1009536.1591522465,0
2025-04-22 10:30:00,1009536.1591522465,0
2025-04-22 11:30:00,1009384.735996925,3
2025-04-22 12:30:00,1009384.735996925,3
2025-04-22 13:30:00,1009384.735996925,3
2025-04-22 14:30:00,1009384.735996925,3
2025-04-22 15:30:00,1009384.735996925,3
2025-04-23 09:30:00,1009384.735996925,3
2025-04-23 10:30:00,1009384.735996925,3
2025-04-23 11:30:00,1009293.8931875778,5
2025-04-23 12:30:00,1009293.8931875778,5
2025-04-23 13:30:00,1009258.315213626,4
2025-04-23 14:30:00,1009258.315213626,4
2025-04-23 15:30:00,1009258.315213626,4
2025-04-24 09:30:00,1009258.315213626,4
2025-04-24 10:30:00,1009258.315213626,4
2025-04-24 11:30:00,1009197.7597147132,5
2025-04-24 12:30:00,1009197.7597147132,5
2025-04-24 13:30:00,1009197.7597147132,5
2025-04-24 14:30:00,1009197.7597147132,5
2025-04-24 15:30:00,1009197.7597147132,5
2025-04-25 09:30:00,1009197.7597147132,5
2025-04-25 10:30:00,1009197.7597147132,5
2025-04-25 11:30:00,1009197.7597147132,5
2025-04-25 12:30:00,1009197.7597147132,5
2025-04-25 13:30:00,1009197.7597147132,5
2025-04-25 14:30:00,1008362.0372668784,4
2025-04-25 15:30:00,1008362.0372668784,4
2025-04-28 09:30:00,1008362.0372668784,4
2025-04-28 10:30:00,1008362.0372668784,4
2025-04-28 11:30:00,1008362.0372668784,4
2025-04-28 12:30:00,1008362.0372668784,4
2025-04-28 13:30:00,1008362.0372668784,4
2025-04-28 14:30:00,1008362.0372668784,4
2025-04-28 15:30:00,1008362.0372668784,4
2025-04-29 09:30:00,1008362.0372668784,4
2025-04-29 10:30:00,1008362.0372668784,4
2025-04-29 11:30:00,1008362.0372668784,4
2025-04-29 12:30:00,1008362.0372668784,4
2025-04-29 13:30:00,1008362.0372668784,4
2025-04-29 14:30:00,1008362.0372668784,4
2025-04-29 15:30:00,1008362.0372668784,4
2025-04-30 09:30:00,1008362.0372668784,4
2025-04-30 10:30:00,1008362.0372668784,4
2025-04-30 11:30:00,1008362.0372668784,4
2025-04-30 12:30:00,1008362.0372668784,4
2025-04-30 13:30:00,1008362.0372668784,4
2025-04-30 14:30:00,1008362.0372668784,4
2025-04-30 15:30:00,1008362.0372668784,4
2025-05-01 09:30:00,1008362.0372668784,4
2025-05-01 10:30:00,1008362.0372668784,4
2025-05-01 11:30:00,1007067.9559854488,3
2025-05-01 12:30:00,1007067.9559854488,3
2025-05-01 13:30:00,1007067.9559854488,3
2025-05-01 14:30:00,1007067.9559854488,3
2025-05-01 15:30:00,1007067.9559854488,3
2025-05-02 09:30:00,1007067.9559854488,3
2025-05-02 10:30:00,1007067.9559854488,3
2025-05-02 11:30:00,1007067.9559854488,3
2025-05-02 12:30:00,1007067.9559854488,3
2025-05-02 13:30:00,1007067.9559854488,3
2025-05-02 14:30:00,1007067.9559854488,3
2025-05-02 15:30:00,1007067.9559854488,3
2025-05-05 09:30:00,1007067.9559854488,3
2025-05-05 10:30:00,1007067.9559854488,3
2025-05-05 11:30:00,1007067.9559854488,3
2025-05-05 12:30:00,1007067.9559854488,3
2025-05-05 13:30:00,1007067.9559854488,3
2025-05-05 14:30:00,1007067.9559854488,3
2025-05-05 15:30:00,1007067.9559854488,3
2025-05-06 09:30:00,1007067.9559854488,3
2025-05-06 10:30:00,1007067.9559854488,3
2025-05-06 11:30:00,1011938.9923735835,1
2025-05-06 12:30:00,1011938.9923735835,1
2025-05-06 13:30:00,1011938.9923735835,1
2025-05-06 14:30:00,1011938.9923735835,1
2025-05-06 15:30:00,1011938.9923735835,1
2025-05-07 09:30:00,1011938.9923735835,1
2025-05-07 10:30:00,1011938.9923735835,1
2025-05-07 11:30:00,1011938.9923735835,1
2025-05-07 12:30:00,1011938.9923735835,1
2025-05-07 13:30:00,1011938.9923735835,1
2025-05-07 14:30:00,1011938.9923735835,1
2025-05-07 15:30:00,1011938.9923735835,1
2025-05-08 09:30:00,1011938.9923735835,1
2025-05-08 10:30:00,1011938.9923735835,1
2025-05-08 11:30:00,1012140.0104237269,0
2025-05-08 12:30:00,1012140.0104237269,0
2025-05-08 13:30:00,1012140.0104237269,0
2025-05-08 14:30:00,1012140.0104237269,0
2025-05-08 15:30:00,1012140.0104237269,0
2025-05-09 09:30:00,1012140.0104237269,0
2025-05-09 10:30:00,1012140.0104237269,0
2025-05-09 11:30:00,1012140.0104237269,0
2025-05-09 12:30:00,1012140.0104237269,0
2025-05-09 13:30:00,1012140.0104237269,0
2025-05-09 14:30:00,1012140.0104237269,0
2025-05-09 15:30:00,1012140.0104237269,0
2025-05-12 09:30:00,1012140.0104237269,0
2025-05-12 10:30:00,1012140.0104237269,0
2025-05-12 11:30:00,1012140.0104237269,0
2025-05-12 12:30:00,1012140.0104237269,0
2025-05-12 13:30:00,1012140.0104237269,0
2025-05-12 14:30:00,1012140.0104237269,0
2025-05-12 15:30:00,1012140.0104237269,0
2025-05-13 09:30:00,1012140.0104237269,0
2025-05-13 10:30:00,1012140.0104237269,0
2025-05-13 11:30:00,1012140.0104237269,0
2025-05-13 12:30:00,1012140.0104237269,0
2025-05-13 13:30:00,1012140.0104237269,0
2025-05-13 14:30:00,1012140.0104237269,0
2025-05-13 15:30:00,1012140.0104237269,0
2025-05-14 09:30:00,1012140.0104237269,0
2025-05-14 10:30:00,1012140.0104237269,0
2025-05-14 11:30:00,1012140.0104237269,0
2025-05-14 12:30:00,1012140.0104237269,0
2025-05-14 13:30:00,1012140.0104237269,0
2025-05-14 14:30:00,1012140.0104237269,0
2025-05-14 15:30:00,1012140.0104237269,0
2025-05-15 09:30:00,1012140.0104237269,0
2025-05-15 10:30:00,1012140.0104237269,0
2025-05-15 11:30:00,1012140.0104237269,0
2025-05-15 12:30:00,1012140.0104237269,0
2025-05-15 13:30:00,1012140.0104237269,0
2025-05-15 14:30:00,1012140.0104237269,0
2025-05-15 15:30:00,1012140.0104237269,0
