event_date,primary,dependent,event_type,beta,r2,revenue_pct,expected_a,expected_b,actual_return,score_a,score_b,direction,is_liquid,is_htb,skipped,skip_reason,score_h1,score_h2,score_h3,score_h4,score_h7,score_h14,score_h21,score_h35,score_h49,score_h70
2021-01-26,LMT,AIRI,Earnings,1.0,0.0,0.302,-0.02727700473188341,-0.00823765542902879,0.03257912811426822,-2.1943807039849683,-4.95490299332771,long,True,True,True,conflicting multi-primary signal,-7.788220755255484,-4.95490299332771,-5.945442332684637,-5.982861256146078,-4.9086471285321664,1.1696709026655245,-4.226758145782815,-2.009556819475485,-4.977845052560401,-21.252474533986238
2021-01-26,LMT,CVU,Earnings,1.0,0.0,0.24,-0.02727700473188341,-0.006546481135652018,-0.014362454343957892,-0.4734592567940578,1.1939197633580922,short,True,True,True,conflicting multi-primary signal,0.18119193254062263,1.1939197633580922,3.388235323770666,1.0854054042480037,1.2774226098070158,-1.7630617510646285,0.5010881462720087,4.622781970895683,1.0710994866152679,-14.662866635118144
2021-01-26,LMT,EMKR,Earnings,1.0,0.0,0.2391,-0.02727700473188341,-0.006521931831393323,-0.021555823163540225,-0.20974376125894195,2.3051285601884484,short,True,True,False,,1.5894900863055605,2.3051285601884484,2.1948827353356557,2.264329204005726,-1.327727332323007,3.16407239322942,-0.33959611329760186,-10.436326366133816,-6.025141853692038,-26.509813316130508
2021-01-26,LMT,SIF,Earnings,1.0,0.0,0.1108,-0.02727700473188341,-0.0030222921242926814,-0.005256815882569195,-0.807280310494479,0.7393473782086727,short,False,True,False,,0.0923689988051048,0.7393473782086727,-1.4634620932648497,-3.2906666266539646,-4.900987888774615,17.07687512182842,18.46864085461847,55.471792300673954,8.29343381788128,37.11469135910719
2021-01-26,LMT,TTMI,Earnings,1.0,0.0,0.1105,-0.02727700473188341,-0.0030141090228731167,-0.011425115785126547,-0.5811447812020205,2.7905449664975515,short,True,False,False,,4.038137091709821,2.7905449664975515,2.1456441456944297,1.7415306503108918,-2.101927409871796,-2.823839179395416,3.995287147452061,0.7085772209909602,16.14174691015334,16.424732208204333
2021-01-26,RTX,AIRI,Earnings,1.0,0.0,0.382,0.03108252947481247,0.011873526259378365,0.03257912811426822,-0.04814919071076587,-1.7438460489810623,short,True,True,True,conflicting multi-primary signal,-3.7095548817107575,-1.7438460489810623,-2.4310658005755132,-2.4570264285529926,-1.7117544977911656,2.5052816577073194,-1.238671240296083,0.29958623637215326,-1.7597628688594038,-13.050830659037386
2021-01-26,RTX,CVU,Earnings,1.0,0.0,0.36,0.03108252947481247,0.011189710610932489,-0.014362454343957892,1.462074824238369,2.2835411784399136,long,True,True,True,conflicting multi-primary signal,1.6910501060149528,2.2835411784399136,3.567313915857606,2.220055425361768,2.3323940780418964,0.5535747498419085,1.8782036975039915,4.2895789160436,2.2116858237547885,-6.993388014730485
2021-01-26,RTX,MTX,Earnings,1.0,0.0,0.2475,0.03108252947481247,0.0076929260450160864,-0.01327632870371038,1.4271315407090264,2.7257840028647538,long,True,False,False,,2.573136486499905,2.7257840028647538,2.6955010789424816,1.7945050555553053,1.469990595453464,2.943867214557647,3.532797941763133,0.23068000126887345,6.630136971167852,-0.027496028042901015
2021-01-26,RTX,MRCY,Earnings,1.0,0.0,0.19,0.03108252947481247,0.0059056806002143695,-0.02247741482193394,1.7231526906504944,4.806066792897339,long,True,False,False,,4.663700911852414,4.806066792897339,5.005459396753319,5.604682437001265,6.334981179128794,10.309986400447182,8.589391383825134,13.90714048896353,20.873919807441865,17.01240847183897
2021-01-27,NOC,FEIM,Earnings,1.0,0.0,0.3959,0.012682215469263914,0.005020889104281583,0.01297040737129103,-0.022724097593639386,-1.5832889557808527,short,False,True,False,,-3.490638110467644,-1.5832889557808527,-2.1425576374918616,-5.193845010641942,-8.192624335550015,5.145153187503792,-2.224800758608837,1.7731039675106308,5.762090549939201,6.13724712786735
2021-01-27,NOC,SYPR,Earnings,1.0,0.0,0.23,0.012682215469263914,0.0029169095579307004,-0.08407001334192529,7.628969011421849,29.821604397486297,long,True,True,False,,16.904559577306575,29.821604397486297,13.065866632433423,-42.99420677253052,-20.499169739463106,20.254023465083833,12.424093335712502,-1.2053183036051267,-39.51173613172899,-144.14650520976429
2021-01-27,NOC,MRCY,Earnings,1.0,0.0,0.12,0.012682215469263914,0.0015218658563116696,-0.033255644663823074,3.6222267508717274,22.851889590597732,long,True,False,False,,10.214164200136802,22.851889590597732,12.39862746791193,15.814739642316951,17.665464985701306,10.468163505680868,18.121881894091786,15.074308572792365,52.48772591202369,50.6468088592649
2021-01-27,NOC,CVU,Earnings,1.0,0.0,0.08,0.012682215469263914,0.001014577237541113,-0.0061789668994539915,1.4872151016854334,7.090188771067915,long,True,True,False,,4.306472651346246,7.090188771067915,6.239697708058503,-3.0339256393500316,-18.778384553045157,-3.9206699206119384,-7.560120877172284,43.10881012624481,-140.89822597602603,-152.5709145054407
2021-01-27,GD,OPXS,Earnings,1.0,0.0,0.1848,0.0,0.0,,0.0,0.0,long,False,True,True,zero volume bars,,,,,,,,,,
2021-01-27,GD,GHM,Earnings,1.0,0.0,0.1819,0.050391316106337694,0.009166180399742827,-0.04705136218243312,1.933719652869227,6.133148174102402,long,True,False,False,,3.359564853829061,6.133148174102402,3.2928546884914627,0.42028394279832526,1.622434094542856,7.927731508537388,5.961007045648746,7.397447698335254,9.4032725236912,12.66942295726177
2021-01-29,CVX,DXC,Earnings,1.0,0.0,0.31,-0.012603827026114699,-0.003907186378095557,0.0008961236721321021,-1.0710993312011792,-1.2293526812941264,long,True,False,False,,0.8247474987162712,-1.2293526812941264,-1.1773425369345614,-2.350555771206871,-0.06902702691515769,25.151587511938978,26.338779333602982,33.1392348728796,55.10013083590118,52.04927087785687
2021-01-29,CVX,MUR,Earnings,1.0,0.0,0.19,-0.012603827026114699,-0.0023947271349617927,0.028588895158620155,-3.268270986215928,-12.938268348504884,long,True,False,False,,-17.757471609729556,-12.938268348504884,-5.027034572122344,-1.268885292884901,3.351645944198486,14.637191266632165,14.473592862839856,11.802201567655857,-12.150704916682182,2.661135783772139
2021-01-29,CVX,RIG,Earnings,1.0,0.0,0.149,-0.012603827026114699,-0.00187797022689109,0.06906952851817479,-6.480044146517171,-37.77881977528304,long,True,False,False,,-37.762825353388045,-37.77881977528304,-35.91266810569405,-36.89487999399888,-40.90845541565453,-37.24153103264996,8.90287513265141,-31.479017615167887,-23.32844107889395,4.342743857752446
2021-01-29,CVX,TPL,Earnings,1.0,0.0,0.11,-0.012603827026114699,-0.0013864209728726169,0.028902540890407648,-3.293155946247324,-21.846872238612036,long,True,False,False,,-4.7581667851453675,-21.846872238612036,-13.094711643834339,-6.099341611612866,-25.60808279870825,-23.662485493585734,-31.627458111698704,-89.85537737548192,-94.27937007443262,-147.74920920174608
2021-02-02,XOM,PAGP,Earnings,1.0,0.0,0.3,0.011548559262781422,0.003464567778834426,0.023319803111950817,-1.019282456046759,-5.730941520155864,short,True,False,False,,-7.7194528035451375,-5.730941520155864,-6.032424945919919,-4.038458007684771,-2.2349289417195033,11.004839425060402,11.212225008835512,7.978895225432481,42.50573327226628,40.67023618989291
2021-02-02,XOM,IMO,Earnings,1.0,0.0,0.2994,0.011548559262781422,0.0034576386432767577,-0.020099153866381968,2.7404035784062963,6.812971203761845,long,True,False,False,,5.147281048345158,6.812971203761845,8.827166732459771,12.889872595239689,14.216864962799617,12.71620037807508,10.614878506056794,24.767820401358936,25.255571342591246,26.201322766360974
2021-02-02,XOM,PUMP,Earnings,1.0,0.0,0.249,0.011548559262781422,0.002875591256432574,-0.007684957684957711,1.6654473090617212,3.672479152858318,long,True,False,False,,5.412201372258943,3.672479152858318,5.146377513360069,5.9212777963234275,4.7322144474863785,13.045143606355147,-3.5973287025635172,-26.244572109822844,-21.71369937198402,-20.422554914475196
2021-02-02,XOM,PVL,Earnings,1.0,0.0,0.23,0.011548559262781422,0.002656168630439727,-0.06023276240667537,6.215608374699422,23.676558150867056,long,True,True,False,,18.141758412622174,23.676558150867056,19.47275581046746,17.95802290226752,14.861800539360605,-4.749743417399989,12.528421560839963,0.13609175108792926,-32.357605591960876,-74.08974760638934
2021-02-04,COP,SFL,Earnings,1.0,0.0,0.13,0.0,0.0,-0.005947397240916443,2.3500378407547515,0.0,long,False,False,True,below threshold,,,,,,,,,,
2021-02-04,COP,STR,Earnings,1.0,0.0,0.11,0.0,0.0,,0.0,0.0,long,False,False,True,zero volume bars,,,,,,,,,,
2021-02-04,COP,TPL,Earnings,1.0,0.0,0.1,0.0,0.0,0.028160642890044173,-5.392364925616208,0.0,long,False,False,True,below threshold,,,,,,,,,,
2021-02-25,OXY,TPL,Earnings,1.0,0.0,0.19,-0.014507403183033287,-0.0027564066047763244,0.03141416040759281,-3.165388251174568,-12.396780269339832,long,False,False,False,,-7.4540206581453,-12.396780269339832,-9.113539613852218,-11.220850739050132,1.4011365593315377,-0.9098552880353112,3.8537631181449625,-12.817689677622273,1.5413117693473684,-47.3577976761409
2021-02-25,OXY,PUMP,Earnings,1.0,0.0,0.137,-0.014507403183033287,-0.0019875142360755603,0.0004375533140908868,-1.0301606916531152,-1.2201510339643435,long,True,False,False,,-15.920119647926066,-1.2201510339643435,-0.13238199152889293,-9.053396036802413,-0.9695186002261077,-23.927793585067672,-36.87783379703542,-12.069477990287679,-50.07207556811097,-28.2477436909484
2021-02-25,OXY,STR,Earnings,1.0,0.0,0.1,0.0,0.0,,0.0,0.0,long,False,False,True,zero volume bars,,,,,,,,,,
2021-04-20,LMT,AIRI,Earnings,1.0,0.0,0.302,0.01283078562285693,0.0038748972581027926,-0.024341715591244845,2.8971336835277017,7.281899614330138,long,True,True,False,,8.975155272673476,7.281899614330138,9.46774046134492,7.274804139823856,10.325283189200157,-0.7640878973022304,3.3854111940167155,-20.300847624649716,-22.382068258866166,-9.648349112176813
2021-04-20,LMT,CVU,Earnings,1.0,0.0,0.24,0.0,0.0,0.0023558834660538236,0.8163882138396091,0.2349508909983715,long,False,True,True,below threshold,,,,,,,,,,
2021-04-20,LMT,EMKR,Earnings,1.0,0.0,0.2391,0.01283078562285693,0.003067840842425092,-0.008413687327621933,1.6557421793903002,3.742543619365538,long,True,True,False,,0.17742010066962438,3.742543619365538,1.118179112684083,1.0483312430120604,4.792017675012523,-0.14007130271967655,-0.9526412482111093,-10.408298449764548,-9.890158009412865,8.593996751256514
2021-04-20,LMT,SIF,Earnings,1.0,0.0,0.1108,0.01283078562285693,0.0014216510470125478,-0.01136291868318244,1.885598046540532,8.992762152892888,long,False,True,False,,10.325263761602862,8.992762152892888,-1.5038966697025518,2.406296292586309,19.66631365837902,18.32036191920783,-2.913277239463278,24.173649501461895,53.364589671459065,79.01249996194628
2021-04-20,LMT,TTMI,Earnings,1.0,0.0,0.1105,0.01283078562285693,0.0014178018113256909,0.017400862910523403,-0.3561806285287221,-11.273127859988435,short,True,False,False,,-9.95316351215462,-11.273127859988435,-12.86179470697863,-14.134084344324043,-8.174856766850388,-1.0094122959186318,-1.5455581301557368,-2.145818997350333,-2.145818997350333,13.588615201028817
2021-04-27,RTX,AIRI,Earnings,1.0,0.0,0.382,0.021582816697303844,0.00824463597837007,-0.02094804750022709,1.970589140148883,3.5408092674054523,long,True,True,False,,5.054055279863263,3.5408092674054523,2.1244634520992283,4.408495928939004,2.9199128317017045,0.10154827613482725,4.5193739256971845,5.681053862678171,2.9113928847071238,10.290641901312343
2021-04-27,RTX,CVU,Earnings,1.0,0.0,0.36,0.0,0.0,0.00938783161613991,0.56503213886292,-0.208244058714111,long,False,True,True,below threshold,,,,,,,,,,
2021-04-27,RTX,MTX,Earnings,1.0,0.0,0.2475,0.021582816697303844,0.005341747132582702,-0.00879011527650548,1.407273777087842,2.645550614496331,long,True,False,False,,3.0979486421046554,2.645550614496331,2.91852252915417,3.4205434109863817,3.612198014929007,3.6763825298374364,0.7559915711782553,2.6307247067002963,-3.810084092189422,-4.37117117613671
2021-04-27,RTX,MRCY,Earnings,1.0,0.0,0.19,0.021582816697303844,0.00410073517248773,-0.008689643276256112,1.4026185922869667,3.1190452225629826,long,True,False,False,,3.588743717612259,3.1190452225629826,1.7532637139756095,1.3683958383855799,2.4367504983006665,3.8307585005977076,2.974774142701629,6.621016370415421,59.79181562476417,44.02584135767716
2021-04-28,GD,OPXS,Earnings,1.0,0.0,0.1848,0.0,0.0,,0.0,0.0,long,False,True,True,zero volume bars,,,,,,,,,,
2021-04-28,GD,GHM,Earnings,1.0,0.0,0.1819,0.02164853336795212,0.003937868219630491,0.035843708249092686,-0.6557106959566462,-8.102312787007401,short,True,False,False,,-0.3470339994419786,-8.102312787007401,-2.1659438107729367,-3.8401254738032504,-4.733662429227457,0.6164365782245029,6.330207753680825,4.313787345663292,-1.913539836247852,-10.423209264756661
2021-04-29,NOC,FEIM,Earnings,1.0,0.0,0.3959,0.03485152358782685,0.01379771818842065,-0.00012690632864942233,1.0036413423456112,1.009197631587803,long,True,True,False,,1.4171561487989404,1.009197631587803,0.5333500988447075,0.3165107093243847,0.815037552531913,1.0368007523331395,-0.11142362438852188,2.1571785021156593,8.149891496455837,7.112350591235634
2021-04-29,NOC,SYPR,Earnings,1.0,0.0,0.23,0.03485152358782685,0.008015850425200177,-0.06389300887979879,2.833291698676718,8.970833472507467,long,True,True,False,,6.714909161943942,8.970833472507467,9.167612997347213,7.862013132183031,6.230745033644565,6.250088234226362,0.43242977240248803,-3.5152056844911983,11.696917179633381,13.456003111489983
2021-04-29,NOC,MRCY,Earnings,1.0,0.0,0.12,0.03485152358782685,0.004182182830539222,0.002562876934756839,0.9264629872407639,0.3871915603396996,long,True,False,False,,1.2088020187754644,0.3871915603396996,0.049160646662734946,0.39059464143677936,0.13175016358557318,3.6560419460690987,3.7428770524343244,56.53380753369704,41.30175498627958,30.709628600024928
2021-04-29,NOC,CVU,Earnings,1.0,0.0,0.08,0.03485152358782685,0.002788121887026148,-0.014001240681394505,1.4017397014541122,6.021746268176401,long,False,True,False,,1.1931090889003673,6.021746268176401,5.47598053031623,4.559221159397343,4.257412894547481,5.80588826011447,0.932082375813849,4.426974625625729,14.757616991359814,21.99328342575094
2021-05-06,COP,SFL,Earnings,1.0,0.0,0.13,-0.011260475406897685,-0.001463861802896699,-0.0030771422637991966,-0.726730697185816,1.1020715601091085,short,True,False,False,,-3.3999873756594217,1.1020715601091085,-0.9005462651188895,-5.631716649513016,-6.389208025485711,-4.859378970439758,-19.820163563748665,-24.03915298706738,-70.93334579603685,-90.7769145201809
2021-05-06,COP,STR,Earnings,1.0,0.0,0.11,0.0,0.0,,0.0,0.0,long,False,False,True,zero volume bars,,,,,,,,,,
2021-05-06,COP,TPL,Earnings,1.0,0.0,0.1,-0.011260475406897685,-0.0011260475406897686,-0.0170665253718624,0.5156132183733716,14.156132183733714,short,True,False,False,,11.383181761858252,14.156132183733714,6.675753672161195,12.17195369876647,46.04724211396781,-12.347929014435925,-15.074963359892404,5.595066142802763,22.19752194118171,83.77959609775955
2021-05-10,OXY,TPL,Earnings,1.0,0.0,0.19,-0.02854957302734625,-0.005424418875195788,-0.015234194145368937,-0.46639502696671353,1.808447226490981,short,False,False,False,,2.0903981296029346,1.808447226490981,1.4654528675379457,0.532559935214577,-1.5471492941944864,-3.2330985939089296,2.5461824238966932,5.913647736725102,17.397798526670183,16.19783978417836
2021-05-10,OXY,PUMP,Earnings,1.0,0.0,0.137,-0.02854957302734625,-0.003911291504746436,-0.025231781244217648,-0.11621160778659104,5.451010162141671,short,True,False,False,,2.1787478871023382,5.451010162141671,5.255330539341664,-1.7655643634707412,5.424508154566314,-2.686550575435636,1.9499335935359385,7.784394266873966,10.059820474917542,13.554490069696225
2021-05-10,OXY,STR,Earnings,1.0,0.0,0.1,0.0,0.0,,0.0,0.0,long,False,False,True,zero volume bars,,,,,,,,,,
2021-07-26,LMT,AIRI,Earnings,-2.6250000206371267,0.5953333585092411,0.302,0.08225918438357542,0.024842273683839775,0.005960957546287601,0.9275344438319301,0.7600478272580468,short,True,True,False,,1.0729232898917231,0.7600478272580468,0.7984215166911647,0.7757612524709792,1.551645688039229,1.9828381443432725,2.018401961013087,2.3538039847797174,1.6286153031180148,2.560832976824571
2021-07-26,LMT,CVU,Earnings,-1.7504729969922412,0.17980052260444312,0.24,0.054854278051817126,0.01316502673243611,0.0071318666371967526,0.8699852246627007,0.4582717694279195,short,False,True,False,,0.8170132287498864,0.4582717694279195,0.5114396342601463,0.4640763771407551,0.2823879370135975,1.4090862288278163,-0.9084520448935712,1.9617809664812231,1.495655986396238,1.431729536874052
2021-07-26,LMT,EMKR,Earnings,-0.853251360185711,0.05948726723770703,0.2391,0.026738194442382256,0.006393102291173598,0.016645608709078302,0.3774595085338436,-1.6036825239069696,long,True,True,False,,-1.247997112196875,-1.6036825239069696,1.1042922079379724,1.3800032523672712,1.5284682787097439,6.681578247704053,0.6139555551572741,-0.03979263282694221,5.2614898272886075,-4.691782964723403
2021-07-26,LMT,SIF,Earnings,-1.0218064925796948,0.008112827074784446,0.1108,0.03202017829205453,0.0035478357547596416,-0.028384633552460688,1.8864608214721914,9.000548930254435,short,False,True,False,,-1.7602795990515556,9.000548930254435,2.5046307767482454,2.599467417684311,2.738451395865165,2.4574198177255333,-0.5269353900562899,-1.3814796043968078,-3.3534783959305434,3.727004624400031
2021-07-26,LMT,TTMI,Earnings,0.05621871432343556,0.002255332553038003,0.1105,0.0,0.0,-0.0015954060900759937,-0.09440243064257132,0.0,long,False,False,True,below threshold,,,,,,,,,,
2021-07-27,RTX,AIRI,Earnings,1.0288492240342884,0.07259776795375794,0.382,0.03478620339608853,0.013288329697305819,-0.020034192648580584,1.5759235183116675,2.507653189297559,long,True,True,False,,3.9523323176902547,2.507653189297559,1.7216398524085177,2.942538172527505,1.8098035376753263,1.867642616911423,0.9057646221226594,0.4630840595790813,0.1603458546018527,-1.7681952607505236
2021-07-27,RTX,CVU,Earnings,0.06533941099797469,0.00012109203338173113,0.36,0.0,0.0,-0.015248443972605684,7.902318819325706,0.0,long,False,True,True,below threshold,,,,,,,,,,
2021-07-27,RTX,MTX,Earnings,0.5376934386843516,0.12395578783269234,0.2475,0.018179839072506074,0.004499510170445253,4.388419547123523e-05,0.9975861064943308,0.9902468949265887,long,True,False,False,,1.5589279445914948,0.9902468949265887,2.768635444779528,3.112633120415265,3.241345150796988,3.9021344721268267,2.21125404518961,1.1217098010982696,0.41714338466161527,-0.4786483854309068
2021-07-27,RTX,MRCY,Earnings,0.688251692773918,0.0710987864613224,0.19,0.02327033234146449,0.004421363144878253,-0.010844366907336207,1.4660168470397417,3.452720247577587,long,True,False,False,,2.8164025813827407,3.452720247577587,3.8696904302761164,4.01276609528957,4.305259649986311,5.245394844502249,5.968345643702692,4.997501798324841,33.89191538765685,37.65920842067172
2021-07-29,NOC,FEIM,Earnings,1.0,0.0,0.3959,0.0,0.0,,0.0,0.0,long,False,True,True,zero volume bars,,,,,,,,,,
2021-07-29,NOC,SYPR,Earnings,-0.2952075780182647,0.002484224653695022,0.23,0.0,0.0,0.0093229381719819,-3.524069050596476,0.0,long,False,True,True,below threshold,,,,,,,,,,
2021-07-29,NOC,MRCY,Earnings,0.007225393839717391,1.7588643235866286e-05,0.12,0.0,0.0,-0.0007005582913337909,0.0,0.0,long,False,False,True,below threshold,,,,,,,,,,
2021-07-29,NOC,CVU,Earnings,0.012288668945455272,7.395904396223507e-05,0.08,0.0,0.0,-0.023051061678463027,0.0,0.0,long,False,True,True,below threshold,,,,,,,,,,
2021-10-26,LMT,AIRI,Earnings,-2.5655111208934813,0.5433970823043619,0.302,0.2506850379490723,0.07570688146061984,0.016300792337985922,0.9349750089939651,0.7846854602449178,short,True,True,False,,0.7215258386894933,0.7846854602449178,0.7348256351002348,0.6191286759335997,0.47881665951978497,0.33585327839027607,-0.34479444505552004,-0.3506684647155706,-0.3421151000326094,0.16596361744135787
2021-10-26,LMT,CVU,Earnings,-1.766037539841443,0.1873618142074035,0.24,0.1725656864587881,0.04141576475010914,-0.015189876740755497,1.0880237378152413,1.366765574230172,short,True,True,False,,0.9800785549990656,1.366765574230172,0.6773782350113688,0.5276806494323714,0.5298689899817146,-0.057753269530722275,-0.0867902848199632,-0.18078328441528027,-0.4098648099222511,0.52057231564795
2021-10-26,LMT,EMKR,Earnings,-0.9033596525330161,0.06320341982897948,0.2391,0.08827042180118555,0.021105457852663465,0.012714773719760767,0.8559565768429352,0.39755991987844086,short,True,True,False,,0.320622395720974,0.39755991987844086,0.41609521169084257,0.5471101647164276,0.8438251807499902,-0.3307426665038031,-1.7112173897490253,-2.512696865490918,-7.048071894352307,-8.614154195194763
2021-10-26,LMT,SIF,Earnings,-1.0461584176052177,0.009194643772694078,0.1108,0.10222378709735251,0.011326395610386657,0.047102005153469254,0.5392265685812265,-3.158604976703731,long,False,True,False,,-4.292851763133733,-3.158604976703731,-2.054296711094712,-1.9626549192045442,-0.03755894558880772,-0.12222372332247111,1.8400312959554186,-0.6853698760628177,2.0607619487883237,4.600805988277094
2021-10-26,LMT,TTMI,Earnings,0.01568707009287764,0.00018646711347503064,0.1105,0.0,0.0,0.02206695974174464,-15.396143040970415,0.0,long,False,False,True,below threshold,,,,,,,,,,
2021-10-27,GD,OPXS,Earnings,1.0,0.0,0.1848,0.0,0.0,,0.0,0.0,long,False,True,True,zero volume bars,,,,,,,,,,
2021-10-27,GD,GHM,Earnings,-0.4998827900690625,0.11765794035575372,0.1819,-0.008547734963251034,-0.001554832989815363,0.0011973662292269526,-1.1400799433270623,-1.7700931463829697,short,False,False,False,,-8.835550906873603,-1.7700931463829697,-0.05987841767674835,2.2896562841710804,6.650020838098314,10.783105812862411,8.863420899708876,-11.277372773224696,-16.980901363191254,14.986635801804079
2021-10-28,NOC,FEIM,Earnings,1.0,0.0,0.3959,0.0,0.0,,0.0,0.0,long,False,True,True,zero volume bars,,,,,,,,,,
2021-10-28,NOC,SYPR,Earnings,0.45217620582394297,0.009623274062273146,0.23,-0.028226709292907656,-0.006492143137368761,0.004977982002680414,-1.176357149925769,-1.766770217068561,long,True,True,False,,-2.3808609226246897,-1.766770217068561,-3.1252460926442187,-3.0786782925953218,-4.468976387122396,-3.8086410293584634,-2.9354359529852525,-13.89304982118947,-7.444132675363485,23.201245370362
2021-10-28,NOC,MRCY,Earnings,0.1714288932582733,0.014012208607939391,0.12,-0.010701300670142331,-0.0012841560804170797,0.005369065303423394,-1.5017208159007818,-5.181006799173183,long,True,False,False,,-9.07691738895774,-5.181006799173183,-2.2418823417082896,3.110062335291894,11.735409100314227,-6.335892946134005,-15.838886128138938,-18.81932211642068,19.447691734806362,6.581059486851974
2021-10-28,NOC,CVU,Earnings,0.14691208329008745,0.01565882233098148,0.08,0.0,0.0,0.004977982002680414,-1.5428042754379692,0.0,long,False,True,True,below threshold,,,,,,,,,,
2021-10-29,XOM,PAGP,Earnings,0.47409626268510163,0.5140595166239006,0.3,0.004801024483826478,0.0014403073451479435,-0.026751806363917024,6.572103715371077,19.573679051236923,long,True,False,False,,12.846894949786861,19.573679051236923,15.381847800495072,14.06983805292692,6.481859285334239,-11.584503540754005,-13.733392380605004,-24.93331938305323,-16.978870180860767,-18.885688798804964
2021-10-29,XOM,IMO,Earnings,0.8094983935325484,0.5282972702781767,0.2994,0.008197536898849922,0.0024543425475156665,-0.051118548360672623,7.235842423331371,21.827797005114796,long,True,False,False,,25.897304598263695,21.827797005114796,28.53952029337511,23.836303817554008,27.999416972646575,19.23768943506734,19.30272330755541,37.277016877573914,33.08928692589441,29.35563655201124
2021-10-29,XOM,PUMP,Earnings,1.2424709802576304,0.4963095531009495,0.249,0.012582114785880215,0.0031329465816841737,-0.013632538006977406,2.0834854266530765,5.351347094992274,long,True,False,False,,7.828141093057089,5.351347094992274,12.961671088759012,15.116763034996865,14.71968172327923,18.052314771141308,17.258617114113143,19.740771901342917,12.625473025414603,24.269216495534245
2021-10-29,XOM,PVL,Earnings,3.265454810177194,0.8091682342891324,0.23,0.03306823893885615,0.007605694955936915,0.001729206294310936,0.9477079412209319,0.7726432226997036,long,True,True,False,,2.446218546249166,0.7726432226997036,1.057464946923173,-0.09131253104139958,-0.46707696618494116,3.6272222830145338,2.3881278467279334,1.4559650597967393,3.7857462745266797,-5.349511612658897
2021-10-29,CVX,DXC,Earnings,0.6270783454953262,0.05718811641998134,0.31,0.011017712763973755,0.003415490956831864,0.005406803597406168,0.5092626107402624,-0.5830238363217342,short,True,False,False,,-2.048988066924016,-0.5830238363217342,-1.5610056784717143,-1.5647527650621387,-0.38550660114267515,-2.475628398088044,-1.9149230495977179,-11.438139740116506,-0.8693074581825709,-11.91185527092967
2021-10-29,CVX,MUR,Earnings,2.0879911817925003,0.5266775757490483,0.19,0.03668582603746016,0.00697030694711743,-0.01503256260725821,1.4097648664611873,3.156657191900986,long,True,False,False,,4.499307036683916,3.156657191900986,4.0117121678105,3.748886133821443,1.1317470072923952,-2.4124607118177592,-3.3040245874379615,2.7907276894086905,-8.028133766458017,-2.0078768090259103
2021-10-29,CVX,RIG,Earnings,2.959423475954804,0.1503393794986846,0.149,0.05199681672833948,0.007747525692522583,-0.030703226138121525,1.590482803948026,4.9629718385773565,long,True,False,False,,4.237589222300991,4.9629718385773565,6.045888156863732,6.905609823988127,6.082262852715269,0.30188332489261394,1.5274029284078496,2.0076936885569228,2.096127028720009,9.583131279069313
2021-10-29,CVX,TPL,Earnings,0.9217233629828483,0.17300418148428243,0.11,0.01619460045804537,0.0017814060503849906,-0.0021453192941969144,1.132471270270279,2.204284275184356,long,False,False,False,,3.5751697315567377,2.204284275184356,-0.40008044576224,-2.427302858738757,-5.219457221125282,-15.714851321128807,-9.365219549917354,5.842796449930909,-44.53621152945101,-35.03414504422666
2022-01-25,RTX,AIRI,Earnings,0.6083600573826655,0.02727353614912076,0.382,0.009940869949043918,0.0037974123205347767,-0.04351830044104689,5.377715498152387,12.459988215058605,long,True,True,False,,7.159365710450111,12.459988215058605,4.061765175135893,4.9629425020862605,-5.820716181023406,-9.593894008584543,-17.79121805917656,-8.963216733864448,-7.395554109432359,10.548222461990036
2022-01-25,RTX,CVU,Earnings,-0.06735852208433979,0.00017909093826462552,0.36,0.0,0.0,0.02393668155175016,-22.747417516918766,0.0,long,False,True,True,conflicting multi-primary signal,,,,,,,,,,
2022-01-25,RTX,MTX,Earnings,0.3145342100252618,0.03821896000430902,0.2475,0.005139626835197753,0.001272057641711444,0.005702993710416392,-0.10961240830959329,-3.483282457816538,short,True,False,False,,4.852471224334113,-3.483282457816538,0.6137738915810119,-5.17142007183525,5.405135708379061,-1.406067842124551,-4.067919978663394,-1.9555048998434836,11.08342655379416,34.92498424368672
2022-01-25,RTX,MRCY,Earnings,0.36456223144585387,0.022507076459326036,0.19,0.005957106629794571,0.0011318502596609685,-0.0029144646054360956,1.4892416380226183,3.5749559895927283,long,True,False,False,,-7.170225363121208,3.5749559895927283,10.939285553055052,12.142277751437314,30.371360585680364,23.038902114974185,28.771735041995992,12.607224860823434,101.41362776776427,109.39777200461175
2022-01-25,LMT,AIRI,Earnings,-1.7341183444979358,0.4156107945982711,0.302,-0.04719175210558916,-0.014251909135887926,-0.04351830044104689,-0.07784096797938563,2.0535067285450808,long,True,True,False,,0.6411591606800868,2.0535067285450808,-0.18419457436984393,0.0559235636086378,-2.817375582017103,-3.822736466185877,-6.0069083584096905,-3.654692898796533,-3.2369901680466007,1.5441179332995285
2022-01-25,LMT,CVU,Earnings,-1.2311023146004225,0.15838557364919514,0.24,-0.033502831817433285,-0.008040679636183988,0.02393668155175016,-1.7144674122530337,-3.9769475510543075,short,False,True,True,conflicting multi-primary signal,-1.195646879328887,-3.9769475510543075,-2.987923949511758,-4.88633720264372,-0.4439428753342748,2.1187337330905485,4.23430569054013,5.3578133402439345,10.71157710741526,12.25841616575892
2022-01-25,LMT,EMKR,Earnings,-1.0344178623479874,0.11357405218594441,0.2391,-0.028150322893708238,-0.00673074220388564,-0.004634747019678434,-0.8353572341895117,-0.3114062492242227,short,True,True,False,,-2.6502113953395634,-0.3114062492242227,0.667962372431792,0.06166083947804958,-0.7905353278506296,-0.912796704702946,3.4842919779785504,-1.6925198631023215,4.622338190445198,4.074878259416067
2022-01-25,LMT,SIF,Earnings,-0.7714538405448539,0.00900493217149878,0.1108,-0.020994102576337048,-0.002326146565458145,0.008540399652236621,-1.4067999392297297,-4.671479595936188,short,False,True,False,,-5.543565429249648,-4.671479595936188,-28.47245821697027,14.3064324231237,17.065227862981775,-30.79938870156187,-57.5695049430771,13.224975880092531,-4.539631199473543,23.440354042749057
2022-01-25,LMT,TTMI,Earnings,0.006497139480392784,5.346500142222599e-05,0.1105,0.0,0.0,-0.018077077407404763,0.0,0.0,long,False,False,True,below threshold,,,,,,,,,,
2022-01-27,NOC,FEIM,Earnings,1.0,0.0,0.3959,0.0,0.0,,0.0,0.0,long,False,True,True,zero volume bars,,,,,,,,,,
2022-01-27,NOC,SYPR,Earnings,-0.4514298792271229,0.012177336959947715,0.23,0.022797975299717735,0.005243534318935079,-0.060500332500009045,3.6537590160806124,12.538082678611358,short,True,True,False,,5.786460887100761,12.538082678611358,13.307417613134152,15.948501972952387,21.963327031843864,24.463246358453645,16.696193942163283,18.59658702245122,15.770793983898416,11.265276250122108
2022-01-27,NOC,MRCY,Earnings,0.15924989981037968,0.017831579423424726,0.12,0.0,0.0,0.00014166143355430223,-1.0176143445231074,0.0,long,False,False,True,below threshold,,,,,,,,,,
2022-01-27,NOC,CVU,Earnings,0.04774262906480616,0.0023200459757751757,0.08,0.0,0.0,0.016382500660851233,-7.794662432522287,0.0,long,False,True,True,below threshold,,,,,,,,,,
2022-01-28,CVX,DXC,Earnings,0.1543416303071081,0.004948110376623571,0.31,-0.00565887745207735,-0.0017542520101439785,0.004588144615564659,-1.8107870605821954,-3.6154421309103086,long,True,False,False,,-1.1626394858105573,-3.6154421309103086,-9.659148981604387,-9.378796260466936,-16.657792947010424,-22.102607474911792,-16.59743681952952,-101.04508235509351,-132.0367162773317,-153.33815007634357
2022-01-28,CVX,MUR,Earnings,1.654712303219699,0.46241998419939834,0.19,-0.06066940023720671,-0.011527186045069275,0.003240679983615522,-1.053415395091183,-1.2811336583746487,long,True,False,False,,-1.1961931841386197,-1.2811336583746487,-1.358048900732373,-0.8449664899141398,-1.7684948280488764,-1.9549776444359124,-2.4538246477157832,-3.5889784182182605,-1.947053260701012,0.4345595810197175
2022-01-28,CVX,RIG,Earnings,1.9051424552177225,0.09365864737054563,0.149,-0.06985132696457168,-0.010407847717721179,0.003464439216730771,-1.049597328601759,-1.3328679771930136,long,True,False,False,,-1.7852654554555563,-1.3328679771930136,-0.6928943072503144,-0.7155984532244044,-0.8658399451324107,2.7643889832351016,-4.693577351626182,-3.5479748698627835,-7.861576024729689,-6.671993922330907
2022-01-28,CVX,TPL,Earnings,0.2285149114928296,0.01290495914698353,0.11,0.0,0.0,0.041887752029299494,-5.999485389408663,0.0,long,False,False,True,below threshold,,,,,,,,,,
2022-02-01,XOM,PAGP,Earnings,0.44794508627386764,0.500554597145704,0.3,0.01279494549797865,0.0038384836493935946,0.01186573073130039,0.07262358146230931,-2.0912547284589693,short,True,False,False,,1.635615868279446,-2.0912547284589693,-0.8487415064344652,-2.3219292484288165,-4.077001047958968,-9.647054728963838,-13.991424855063915,-10.012392319326702,-6.641080607285387,9.816995697038312
2022-02-01,XOM,IMO,Earnings,0.8380424547268137,0.5570651527323129,0.2994,0.023937549181343408,0.007166902224894216,-0.0022662646254934526,1.0946740457147446,1.3162125775375573,long,True,False,False,,0.3519302843006713,1.3162125775375573,0.27428173588500987,-1.3188870618096047,-1.8289183626361203,-0.6177065460546424,-2.3034154031051277,-1.149652648073018,-0.8103457191378035,-4.163775913416342
2022-02-01,XOM,PUMP,Earnings,1.2824106703664246,0.5406980543722328,0.249,0.036630326207737006,0.009120951225726514,-0.00065582611931813,1.0179039115185278,1.071903259110553,long,True,False,False,,0.2720408321525309,1.071903259110553,0.1306479716497233,-0.5624991296307952,-3.173253763147049,-0.5667250090458446,0.40511646556692266,1.065849330735106,-0.28083714434980994,-14.584457673903971
2022-02-01,XOM,PVL,Earnings,2.844544105292081,0.6993898748720313,0.23,0.08125055483152843,0.01868762761125154,-0.0034532496834462183,1.042501244337426,1.184788018858374,long,True,True,False,,1.9499151762867577,1.184788018858374,0.9290442442265799,1.0523055975145652,1.47797577998005,1.8535642563747767,1.5561973452821742,2.5350612726747146,1.4060547415812896,0.36283863916619064
2022-02-03,COP,ARIS,Earnings,1.0,0.0,0.2167,-0.01162327378754249,-0.0025187634297604575,0.03025811144418979,-3.6032348542473134,-13.013081930075282,long,True,False,False,,-10.610451275951208,-13.013081930075282,-13.507567027535165,-14.136790634286479,-4.233010817546229,-2.799018303021667,6.833596102237661,1.0871389840269128,-2.6286095212386154,-27.127095349540888
2022-02-03,COP,CRGY,Earnings,1.0,0.0,0.135,-0.01162327378754249,-0.0015691419613182362,-0.016078261487972638,0.38328166245252554,9.24653083298167,short,True,False,False,,1.3509124665854744,9.24653083298167,13.93149814681968,6.9199720992438465,0.3347227372555517,-20.274200517318786,6.320386650966376,9.447025961275843,-6.407910464241411,-36.0264021889513
2022-02-03,COP,SFL,Earnings,0.17463793019040702,0.05541562252833221,0.13,0.0,0.0,0.0007644490174227112,-1.3766010127034856,0.0,long,False,False,True,below threshold,,,,,,,,,,
2022-02-03,COP,STR,Earnings,1.0,0.0,0.11,0.0,0.0,,0.0,0.0,long,False,False,True,zero volume bars,,,,,,,,,,
2022-02-03,COP,TPL,Earnings,0.15657457102374386,0.08657720724632711,0.1,0.0,0.0,-0.006689568787363532,2.6757708178865807,0.0,long,False,False,True,below threshold,,,,,,,,,,
2022-02-25,OXY,TPL,Earnings,0.03076520432258989,0.012544222678497197,0.19,0.0,0.0,-0.047953784693921093,0.0,0.0,long,False,False,True,below threshold,,,,,,,,,,
2022-02-25,OXY,PUMP,Earnings,0.08068832360952384,0.04517424298954398,0.137,0.0,0.0,-0.05402589531150381,43.79105721361872,0.0,long,False,False,True,below threshold,,,,,,,,,,
2022-02-25,OXY,STR,Earnings,1.0,0.0,0.1,0.0,0.0,,0.0,0.0,long,False,False,True,zero volume bars,,,,,,,,,,
2022-04-19,LMT,AIRI,Earnings,-1.199095262750992,0.3011213597313641,0.302,0.025443271283638626,0.007683867927658865,-0.0008663552742843601,1.0340504671992188,1.1127498913881413,short,False,True,False,,2.844292661622395,1.1127498913881413,1.7437911867802711,0.05871352491504195,1.0894414309805265,2.2846917973796215,-1.9022825618136177,0.14412615406553686,-0.61171796637395,4.139486608509739
2022-04-19,LMT,CVU,Earnings,-0.6704817888346151,0.07138460515897338,0.24,0.014226767942457459,0.00341442430618979,0.02188892528807932,-0.5385732990523735,-5.41072207938489,long,False,True,False,,1.8165699489601057,-5.41072207938489,-3.8990954547474463,-3.5033811050771453,-3.8443300468326975,-20.171479613712815,-25.066603417204302,-26.791377908019673,-37.8452723718371,-39.42338127357245
2022-04-19,LMT,EMKR,Earnings,-1.3957821339222574,0.25292893516326187,0.2391,0.029616715693434284,0.007081356722300138,-0.008954956568460643,1.3023615670675415,2.264582045451868,short,True,True,False,,5.666148811176158,2.264582045451868,4.3520746178132,5.104536177307515,4.554304781847921,4.427846577302724,2.2091961159748412,2.5008792205569286,3.4127603501625536,-7.86389090448943
2022-04-19,LMT,SIF,Earnings,-1.1800627870291065,0.03143784123387594,0.1108,0.025039426436582666,0.0027743684491733592,0.019712834325299845,0.21272819985607405,-6.105341156533627,long,False,True,False,,-15.712868931513503,-6.105341156533627,5.703477719257928,5.972120659885747,5.1183503599260645,-3.0193640767653322,-11.869717545594776,-32.66399077059198,-8.92487950947535,-21.368155127253647
2022-04-19,LMT,TTMI,Earnings,-0.08356859355283486,0.01226235162739342,0.1105,0.0,0.0,0.057172890602737045,-31.242432241789736,0.0,long,False,False,True,below threshold,,,,,,,,,,
2022-04-27,GD,OPXS,Earnings,1.0,0.0,0.1848,0.0,0.0,,0.0,0.0,long,False,True,True,zero volume bars,,,,,,,,,,
2022-04-27,GD,GHM,Earnings,-0.755060314220679,0.1643560934911784,0.1819,-0.02716082558128673,-0.004940554173236056,-0.0018975305503810586,-0.9301372285351879,-0.6159275895282454,short,False,False,False,,-2.694682309174514,-0.6159275895282454,2.2849531971815695,-0.7951728485353527,-1.1671483752892016,-0.9333710228364663,-4.890691998041073,-11.067681964299023,-10.667216982461403,-10.12591733587014
2022-04-29,CVX,DXC,Earnings,-0.1845151659210341,0.007425042181247621,0.31,0.0,0.0,0.003834241483515042,-0.9081585442566062,0.0,long,False,False,True,below threshold,,,,,,,,,,
2022-04-29,CVX,MUR,Earnings,1.4423663314983213,0.42492636379925686,0.19,-0.015707552265888654,-0.0029844349305188445,0.010583119688684998,-1.6737599537814594,-4.546105019902418,long,True,False,False,,-4.069778551955332,-4.546105019902418,-3.916808790397423,-4.791586820309217,-1.633315579491266,9.475933320265115,5.166520243401256,28.80090106471711,42.53334121902947,52.43824280718942
2022-04-29,CVX,RIG,Earnings,1.5883692537027245,0.08108533782679261,0.149,-0.017297542604276423,-0.002577333848037187,-0.014813950473227148,-0.14358063384305605,4.747780980919087,short,True,False,False,,7.5248983778896505,4.747780980919087,6.949667540179088,7.980907782685994,13.758124384478348,22.236106361774105,7.296390631470743,-3.8136509689764417,40.319268721047976,59.33019516776349
2022-04-29,CVX,TPL,Earnings,0.24868458478870198,0.018777322020226306,0.11,0.0,0.0,0.020406159673269135,-8.534934439091419,0.0,long,False,False,True,below threshold,,,,,,,,,,
2022-07-19,LMT,AIRI,Earnings,-1.0835927708942337,0.2668304231455165,0.302,0.02797649548519484,0.008448901636528842,-0.027927716051586584,1.9982564137229384,4.305484813652114,short,True,True,False,,2.417012907699952,4.305484813652114,2.293226782594788,9.427529411499927,4.448948271976877,5.621314742850628,2.0388795863434828,-0.20824142324305678,-1.1724157561523838,6.699055528738555
2022-07-19,LMT,CVU,Earnings,1.0,0.0,0.24,0.0,0.0,,0.0,0.0,long,False,True,True,zero volume bars,,,,,,,,,,
2022-07-19,LMT,EMKR,Earnings,-1.1567061285276559,0.18760066792553776,0.2391,0.029864156214096587,0.0071405197507904946,0.012971672246003756,0.5656441068346402,-0.8166285786924293,long,True,True,False,,0.7639176055201354,-0.8166285786924293,0.6176556442867154,0.8224223900134868,0.821734637844675,-2.208409717639175,-0.8330887805992634,-0.5547325528099102,6.206696569186367,16.753903354537083
2022-07-19,LMT,SIF,Earnings,1.0,0.0,0.1108,0.0,0.0,,0.0,0.0,long,False,True,True,zero volume bars,,,,,,,,,,
2022-07-19,LMT,TTMI,Earnings,0.049309469943185434,0.002762623989846058,0.1105,0.0,0.0,0.02302577276172825,-19.086588935717028,0.0,long,False,False,True,below threshold,,,,,,,,,,
2022-07-26,RTX,AIRI,Earnings,0.5985956556457953,0.03743292684094324,0.382,-0.013497940579893944,-0.005156213301519486,0.02090948080264758,-2.549086742446741,-5.055200896457437,long,True,True,False,,-2.2943552023225933,-5.055200896457437,-4.884866005684099,3.20118344930313,-0.608057760822428,-2.506861280315853,12.40183533283761,9.768852828610507,8.472697227571597,14.148772134977305
2022-07-26,RTX,CVU,Earnings,1.0,0.0,0.36,0.0,0.0,,0.0,0.0,long,False,True,True,zero volume bars,,,,,,,,,,
2022-07-26,RTX,MTX,Earnings,0.10675387420490376,0.004930079646939811,0.2475,0.0,0.0,0.009119787209332606,-4.7884984052108805,0.0,long,False,False,True,below threshold,,,,,,,,,,
2022-07-26,RTX,MRCY,Earnings,0.6731055024495767,0.08510708972662973,0.19,-0.015178088899195408,-0.0028838368908471277,-0.037872240319730355,1.4951916259851374,12.132587505184933,short,True,False,False,,2.4901848873190806,12.132587505184933,11.297947498234413,12.108398022408677,21.140164917401844,23.76530476874177,31.157145929093637,28.730770129286366,84.16756628474882,68.86838835120493
2022-07-27,GD,OPXS,Earnings,1.0,0.0,0.1848,0.0,0.0,,0.0,0.0,long,False,True,True,zero volume bars,,,,,,,,,,
2022-07-27,GD,GHM,Earnings,-0.5665682229234664,0.10261235952438785,0.1819,-0.008009978487895968,-0.0014570150869482766,-0.03966072331815896,3.951414461111355,26.22053029747859,long,False,False,False,,18.00120659593089,26.22053029747859,23.664248908892894,11.512907858858735,18.575466569940076,76.32981917010228,37.857293908837605,14.20848706985517,-11.28894507588724,-77.86404659672445
2022-07-29,CVX,DXC,Earnings,-0.10741684493847392,0.0031536614903654447,0.31,-0.004682801370995045,-0.001451668425008464,-0.03800825729548042,7.1165640573399065,25.182464701096475,long,True,False,False,,22.85449010888317,25.182464701096475,26.691677014529397,25.441744878014774,31.086824340291194,15.066239717752245,24.483990726005526,87.36943308578849,102.62330599876805,140.95865933612288
2022-07-29,CVX,MUR,Earnings,1.3488110159185576,0.43498200495753925,0.19,0.058800964394126756,0.011172183234884083,0.004815538854318659,0.9181044238995568,0.5689706521029305,long,True,False,False,,0.4877137934364722,0.5689706521029305,1.0562299933619999,0.7642969261289215,0.41988062682693056,0.004228715912757459,0.9538976917156781,-0.5011975957609323,1.4078862213017984,0.37718397811644455
2022-07-29,CVX,RIG,Earnings,1.7151139006151916,0.11594921051154627,0.149,0.07476981594286977,0.011140702575487596,0.04874721193200439,0.34803621866273915,-3.3755958479010797,short,True,False,False,,-2.3652109079263233,-3.3755958479010797,-4.542057225290117,-4.7684297777028295,-5.632444431771199,-3.0279324501161575,-18.485900537580697,-12.542739433605032,-13.534092362190991,-12.062324151535691
2022-07-29,CVX,TPL,Earnings,0.28924767489424796,0.03102972271879878,0.11,0.012609655490512088,0.0013870621039563298,-0.020232448428756423,2.6045203173060494,15.586548339145903,long,False,False,False,,15.954630189761907,15.586548339145903,19.40824030118029,10.487702197053538,29.338502079808535,17.795785999449457,19.378623885188233,38.77310503459836,32.49973823854064,65.24045530648526
2022-08-03,OXY,TPL,Earnings,0.07373338343039494,0.05038131617111452,0.19,0.0,0.0,-0.007199647026050051,5.556856025570915,0.0,long,False,False,True,below threshold,,,,,,,,,,
2022-08-03,OXY,PUMP,Earnings,0.1029102767848329,0.05835736700993188,0.137,0.0,0.0,-0.10434517672806598,67.08669260223778,0.0,long,False,False,True,below threshold,,,,,,,,,,
2022-08-03,OXY,STR,Earnings,1.0,0.0,0.1,-0.01489194399932351,-0.0014891943999323512,-0.019740569663563204,0.3255871539981583,12.255871539981582,short,True,False,False,,15.322950673755395,12.255871539981582,14.482639250101242,21.717568613449135,21.404167412575777,16.71807777681158,23.851580445248935,59.82964017659437,68.05624864750997,29.481053468809982
2022-08-19,OXY,TPL,Corporate,0.08143834307716141,0.05607185374389545,0.19,0.0,0.0,-0.022760772124950094,0.0,0.0,long,False,False,True,below threshold,,,,,,,,,,
2022-08-19,OXY,PUMP,Corporate,0.1215231313777659,0.0692427386586354,0.137,0.0,0.0,-0.0007659283475514889,1.56253400324212,0.0,long,False,False,True,below threshold,,,,,,,,,,
2022-08-19,OXY,STR,Corporate,1.0,0.0,0.1,0.011204188644053948,0.001120418864405395,-0.0034204613551173627,1.3052841632519814,4.052841632519814,long,True,False,False,,3.52532115848854,4.052841632519814,2.391884583067478,-0.3177950810311994,4.951091325865816,0.05092193018900816,32.579710541789055,76.16953460888656,71.10826783317124,95.59648216913814
2022-10-18,LMT,AIRI,Earnings,-0.9610622026771687,0.19537467067391223,0.302,-0.034927821065475824,-0.010548201961773699,8.55841447666911,-246.0314452947258,-812.3624016381648,short,True,True,False,,-759.1271378596537,-812.3624016381648,-801.9553256180048,-770.9817239030575,-765.111667301432,-696.6435220724851,-712.6425225511136,-743.9493455123031,-739.1893492267942,-785.7110214695417
2022-10-18,LMT,CVU,Earnings,1.0,0.0,0.24,0.0,0.0,,0.0,0.0,long,False,True,True,zero volume bars,,,,,,,,,,
2022-10-18,LMT,EMKR,Earnings,-0.7576566350513508,0.05943320674982877,0.2391,-0.027535465763222206,-0.00658372986398643,-0.04439937614474309,0.6124432586880443,5.743802838511268,long,True,True,False,,-0.46007238127008937,5.743802838511268,4.26977823713363,2.432210977999179,2.1160592703786345,6.904102489280924,8.558634440565319,12.120287604951722,7.22061356347182,17.638319986482234
2022-10-18,LMT,SIF,Earnings,1.0,0.0,0.1108,0.0,0.0,,0.0,0.0,long,False,True,True,zero volume bars,,,,,,,,,,
2022-10-18,LMT,TTMI,Earnings,0.09625942839226456,0.010033617574425113,0.1105,0.0,0.0,-0.005127967941296125,2.4658246707435554,0.0,long,False,False,True,below threshold,,,,,,,,,,
2022-10-25,RTX,AIRI,Earnings,0.4974727846772844,0.030279452263589635,0.382,-0.010292431428937446,-0.003931708805854105,0.02484582248246198,-3.4139896052751233,-7.319344516427024,long,False,True,False,,-3.7261344064102295,-7.319344516427024,-5.47449084497347,-9.902550993017812,-16.529522153713796,0.4755385280699045,1.6919866504707217,-4.700876669913274,7.707760732502253,10.645562919965263
2022-10-25,RTX,CVU,Earnings,0.1452026462480729,0.0012926496714210645,0.36,-0.0030041608824451387,-0.00108149791768025,0.031033230254227762,-11.330082664870224,-29.694674069083952,long,True,True,False,,-41.04913333374017,-29.694674069083952,-28.854527466839386,-114.1856177423243,-82.13031008038942,-157.4747732532726,-102.82562852777639,-212.5271891027879,-107.65348239234079,-184.4801514349376
2022-10-25,RTX,MTX,Earnings,0.2912325924059278,0.03367247536352169,0.2475,-0.006025438133573886,-0.0014912959380595366,0.015844167409261947,-3.629546110676644,-11.624428730006642,long,True,False,False,,-12.485077012857275,-11.624428730006642,-14.94509184621869,-16.83050718467569,-11.893983824368206,-24.10651454061168,-14.602127365098221,22.897864646940263,44.21631671937753,44.148432897830915
2022-10-25,RTX,MRCY,Earnings,0.7511583582840117,0.10729017209334302,0.19,-0.015541042913386212,-0.0029527981535433802,0.02206682009863595,-2.419906001265127,-8.473189480342771,long,True,False,False,,-5.98090075466732,-8.473189480342771,-10.338424104620838,-10.134061164106448,-6.751058675283448,-9.4641258179736,-9.395518910168274,1.2251864535345929,-15.358292517618757,-1.8371878998019149
2022-10-27,NOC,FEIM,Earnings,-0.6204330090666933,0.2874129989339975,0.3959,0.013451449201430285,0.005325428738846249,-0.03035465430994433,3.2566084780453797,6.699945637901944,short,False,True,False,,6.2579281632278265,6.699945637901944,3.4207674711114926,5.8459612445869915,3.259757118139476,4.157056556656775,4.318248935906763,0.03810826639864848,0.8806916870936,3.9569357852802227
2022-10-27,NOC,SYPR,Earnings,-0.04120773592223199,0.00017880539366510462,0.23,0.0,0.0,-0.005069048826319065,0.0,0.0,long,False,True,True,below threshold,,,,,,,,,,
2022-10-27,NOC,MRCY,Earnings,0.13757339420980305,0.01633450947199966,0.12,0.0,0.0,0.009527597500495845,-4.194293143331503,0.0,long,False,False,True,below threshold,,,,,,,,,,
2022-10-27,NOC,CVU,Earnings,0.26690937567079004,0.0726630440615148,0.08,0.0,0.0,-0.07981727193405447,12.793004259635676,0.0,long,False,True,True,below threshold,,,,,,,,,,
2022-10-28,XOM,PAGP,Earnings,0.4542693152649077,0.4744729207781999,0.3,0.008245765129411026,0.0024737295388233076,-0.03079018529790363,4.73406043158822,13.446868105294067,long,True,False,False,,13.528483826631357,13.446868105294067,15.988249899356603,13.290848964584107,10.906024141355624,9.872583557832817,3.178534700815726,-5.052740217000137,3.823608151701724,-1.9790410575762662
2022-10-28,XOM,IMO,Earnings,0.8271149376159285,0.5470879001591145,0.2994,0.015013550951886754,0.004495057154994894,0.08871359206836531,-4.908901388662931,-18.735809581372518,short,True,False,False,,-14.70372936044896,-18.735809581372518,-16.972475572809063,-16.133807414062595,-17.886978650873672,-17.47329769314257,-18.440786179592052,-26.357380342570217,-21.598341566102587,-27.727237305983266
2022-10-28,XOM,PUMP,Earnings,1.3025049555103114,0.5258088089287836,0.249,0.023642692962364965,0.005887030547628876,-0.003996125255830631,1.1690215772878227,1.6788015152121392,long,True,False,False,,4.7208868010233855,1.6788015152121392,0.07740651843215285,-0.19966650445142986,1.0161201355076837,-3.5586539222282023,-1.7332224861555914,4.73181973110109,-1.3612988534987327,-2.27015510340729
2022-10-28,XOM,PVL,Earnings,2.5689839105994343,0.6243455501180319,0.23,0.046631452392257126,0.01072523405021914,-0.02816909166405384,1.6040792259074297,3.626431416988824,long,True,True,False,,4.605993191972356,3.626431416988824,4.426479753852667,5.058839644869665,5.08369006405265,7.478264826162666,9.335656939678268,9.229772178472526,14.15784870382686,13.838066400931599
2022-11-03,COP,ARIS,Earnings,1.0204132230025622,0.2406883351449447,0.2167,0.040355789837172015,0.008745099657715177,-0.001337995680128214,1.0331549868191596,1.1529994777072432,long,True,False,False,,0.7443993893048269,1.1529994777072432,2.749104653809664,2.9656103008830197,3.0842820129914865,3.1190077017310602,3.4805740628617494,3.976799978726867,-1.5111550472044237,0.24450548884517723
2022-11-03,COP,CRGY,Earnings,0.2387266356278231,0.05658050505028256,0.135,0.009441275082249087,0.0012745721361036267,0.0019744249852835846,0.7908730581321819,-0.5490884582801343,short,True,False,False,,11.670481241958734,-0.5490884582801343,10.660080044241562,8.366678818494945,13.20851491201493,-14.967948650698213,-24.984682591397267,-20.235345746280743,6.242032319103915,25.384284445501244
2022-11-03,COP,SFL,Earnings,0.18938362501262695,0.07162160906044113,0.13,0.0,0.0,-0.0147772137619852,2.9729694321652853,0.0,long,False,False,True,below threshold,,,,,,,,,,
2022-11-03,COP,STR,Earnings,1.0,0.0,0.11,0.03954847793761948,0.004350332573138143,0.0009437837081990672,0.9761360295663537,0.7830548142395785,long,True,False,False,,0.7905751058778848,0.7830548142395785,3.018549357601846,2.2885192724442867,3.751855103746554,-1.7604764972758378,-12.367779912784265,-24.366084262222323,-27.041766542813743,-27.645742014939312
2022-11-03,COP,TPL,Earnings,0.06697083551659133,0.009527841360109424,0.1,0.0,0.0,0.04233974778919747,-14.985741122889507,0.0,long,False,False,True,below threshold,,,,,,,,,,
2022-12-02,NOC,FEIM,Corporate,1.0,0.0,0.3959,0.0,0.0,,0.0,0.0,long,False,True,True,zero volume bars,,,,,,,,,,
2022-12-02,NOC,SYPR,Corporate,-0.031846449481780066,0.00010846988888435494,0.23,0.0,0.0,0.006803336206312384,0.0,0.0,long,False,True,True,below threshold,,,,,,,,,,
2022-12-02,NOC,MRCY,Corporate,0.14164465811778468,0.016414364132470105,0.12,0.0,0.0,0.011955202307559292,-3.3009104545896757,0.0,long,False,False,True,below threshold,,,,,,,,,,
2022-12-02,NOC,CVU,Corporate,0.29232545381715996,0.037328504850336564,0.08,0.0,0.0,-0.00992375238313076,2.72986797260423,0.0,long,False,True,True,below threshold,,,,,,,,,,
2023-01-25,GD,OPXS,Earnings,1.0,0.0,0.1848,0.0,0.0,,0.0,0.0,long,False,True,True,zero volume bars,,,,,,,,,,
2023-01-25,GD,GHM,Earnings,-0.5728519561425406,0.0915612382998301,0.1819,0.015981853019927803,0.0029070990643248677,0.006419973250111447,0.5982960647863317,-1.208377873632041,long,False,False,False,,-6.108842238200321,-1.208377873632041,5.559630534581695,6.908888071541035,5.6483600027186815,3.876430959129163,12.027961814960559,12.178035112920751,-24.89914586621153,-73.0285945879781
2023-01-26,NOC,FEIM,Earnings,-0.4908043450605059,0.1737336222825291,0.3959,0.0051532347302650355,0.0020401656297119276,0.0636214102142528,-11.34591737896261,-30.18443389482852,long,False,True,False,,6.257044240026208,-30.18443389482852,-28.749830142237144,-28.880248665200003,-32.81077697020223,0.2854174273452379,-25.876444634109365,16.90248769197746,5.433535367833749,4.589228685119411
2023-01-26,NOC,SYPR,Earnings,0.3768532016535545,0.03912119188152041,0.23,0.0,0.0,0.005494173703826038,-2.3885408164997637,0.0,long,False,True,True,below threshold,,,,,,,,,,
2023-01-26,NOC,MRCY,Earnings,0.12027209683661139,0.013603693747018086,0.12,0.0,0.0,0.00462109502949098,-4.659388262851647,0.0,long,False,False,True,below threshold,,,,,,,,,,
2023-01-26,NOC,CVU,Earnings,0.2357447343710358,0.027060203054661502,0.08,0.0,0.0,-0.007803698636599448,2.1527313274628974,0.0,long,False,True,True,below threshold,,,,,,,,,,
2023-01-31,XOM,PAGP,Earnings,0.5550273816890517,0.3837396402701001,0.3,0.006790266473814257,0.002037079942144277,-0.024577192033191586,4.619473864239378,13.064912880797928,long,True,False,False,,6.985028808075632,13.064912880797928,6.379164862639218,6.329472124665103,2.5671316387501104,-10.508449810982919,-29.581337322108574,-23.58033010769179,-15.273419961464608,-9.46280005860838
2023-01-31,XOM,IMO,Earnings,1.1998424264102978,0.584591195351589,0.2994,0.014679005163889744,0.004394894146068589,0.027700122381553796,-0.8870571998772719,-5.302796258775123,short,True,False,False,,-1.9916543864238623,-5.302796258775123,-2.6735304633746106,-4.54762637816701,-5.551747326546301,-2.312675903948087,1.0610418755914843,3.9629747704659177,1.2244960877250983,0.20915590005843257
2023-01-31,XOM,PUMP,Earnings,1.6237406492092794,0.4429474763435014,0.249,0.019865022981284477,0.004946390722339835,0.05923642404865046,-1.9819459108836242,-10.975686389090859,short,True,False,False,,-2.668831210623063,-10.975686389090859,-11.05404633875048,-10.759573103099024,-7.592076642388197,-7.047286528463524,-10.116634341548657,-12.789961602701974,-13.667220803751622,-8.837058097610555
2023-01-31,XOM,PVL,Earnings,0.6173171484021382,0.15271803929107497,0.23,0.007552326380275851,0.0017370350674634457,-0.015459381763994771,3.0469695012611617,9.89986739678766,long,True,True,False,,4.592227636998989,9.89986739678766,13.17644063652877,12.610625751508728,15.119737469216583,7.030895741207285,4.078690572012767,-3.9818791893949013,1.8291703637616306,21.47396745532585
2023-02-02,COP,ARIS,Earnings,1.0097337425783355,0.25235304698951955,0.2167,-0.026835389398033746,-0.005815228882553913,-0.07194658082685465,1.6810336067687635,11.372097862338547,short,True,False,False,,10.345789755267592,11.372097862338547,11.713254176559191,12.80240212242128,12.350030132307255,5.0999261999665855,4.8311565864023605,12.420653336978505,13.213533957333208,5.389780812800664
2023-02-02,COP,CRGY,Earnings,0.3767150157511399,0.12034427467362041,0.135,-0.010011841452336108,-0.0013515985960653747,0.00020457423012228138,-1.020433227103746,-1.1513572378055255,long,True,False,False,,-2.118837365527139,-1.1513572378055255,-1.2418041399489483,-0.856168227099288,15.38021662473473,13.187126563505815,24.731437043367617,19.01978583465562,-2.216934803682226,6.79051672516363
2023-02-02,COP,SFL,Earnings,0.1954723378006893,0.07906256994096195,0.13,0.0,0.0,0.011347500680415568,-3.1843080097476633,0.0,long,False,False,True,below threshold,,,,,,,,,,
2023-02-02,COP,STR,Earnings,0.4199094483075899,0.24195649290624788,0.11,-0.011159806869951648,-0.0012275787556946813,0.006556653679761009,-1.587523938018599,-6.341126709259992,long,True,False,False,,-9.515872425981838,-6.341126709259992,-3.81754010034845,-4.770214149066222,1.1505379555522297,-1.1421758254196843,2.0957362855190644,5.307140457950937,21.49457489079791,26.810428183913626
2023-02-02,COP,TPL,Earnings,0.15120366935210988,0.03460231972876737,0.1,0.0,0.0,-0.0003000974813432422,-0.9253209150573019,0.0,long,False,False,True,below threshold,,,,,,,,,,
2023-04-18,LMT,AIRI,Earnings,4.6922568176898976,0.04164425570508101,0.302,0.08308898082818916,0.025092872210113127,0.03882167967679554,0.5327698174915546,-0.5471198096306138,short,False,True,False,,0.3347057193905226,-0.5471198096306138,-0.7940961667693617,-1.349025392502415,-1.483687620421952,-1.902003593745764,-1.6313722469458385,-4.039891454197811,-2.9322957582071463,-1.533632248238079
2023-04-18,LMT,CVU,Earnings,-0.42673002401627835,0.02609459420288318,0.24,-0.007556398586417806,-0.0018135356607402733,0.023041018030749337,-4.049206280907978,-13.705026170449907,short,True,True,False,,-2.208258240095846,-13.705026170449907,-12.439103831557642,-10.290924012664078,-32.15822765817166,-34.39026847949604,-42.228826038407455,-43.71873084959642,-27.471447746493666,9.743470311075637
2023-04-18,LMT,EMKR,Earnings,-0.33633043845362576,0.013298576683220098,0.2391,-0.005955631679676025,-0.0014239915346105376,-0.037775661661111834,5.34284718949691,25.52800999371355,long,True,True,False,,17.98307261756079,25.52800999371355,23.848505607752443,25.14525873258009,58.779629222450154,44.01197282137265,40.26211624772314,-56.95793082877795,-46.27729286196104,7.625468932419268
2023-04-18,LMT,SIF,Earnings,0.328706827535297,0.016893936076103788,0.1108,0.0,0.0,-0.02573393747028501,5.421156196979211,0.0,long,False,True,True,below threshold,,,,,,,,,,
2023-04-18,LMT,TTMI,Earnings,0.038785835596693186,0.0013458763006766183,0.1105,0.0,0.0,-0.015393269738430037,0.0,0.0,long,False,False,True,below threshold,,,,,,,,,,
2023-04-26,GD,OPXS,Earnings,1.0,0.0,0.1848,0.0,0.0,,0.0,0.0,long,False,True,True,zero volume bars,,,,,,,,,,
2023-04-26,GD,GHM,Earnings,-0.6495817272273404,0.1184921918053643,0.1819,0.01627311164890452,0.0029600790089357324,0.04148628934192915,-1.5493765566785094,-13.015264192845022,long,False,False,False,,-15.547996370913543,-13.015264192845022,-20.94404748018686,-20.825675211402903,-22.2764410328977,-15.651485894712266,-8.722134335522128,5.174818549103896,-7.001372976539916,-3.954157536361757
2023-04-27,NOC,FEIM,Earnings,1.0,0.0,0.3959,0.0,0.0,,0.0,0.0,long,False,True,True,zero volume bars,,,,,,,,,,
2023-04-27,NOC,SYPR,Earnings,0.2288522434920156,0.018467511556017002,0.23,0.0,0.0,-0.036441621107870685,10.714985470380203,0.0,long,False,True,True,below threshold,,,,,,,,,,
2023-04-27,NOC,MRCY,Earnings,0.13088595188691837,0.018786390868667402,0.12,0.0,0.0,0.01645193477521324,-10.247475373874357,0.0,long,False,False,True,below threshold,,,,,,,,,,
2023-04-27,NOC,CVU,Earnings,0.24241911751982298,0.02741665960709716,0.08,0.0,0.0,-0.011720727965924927,2.5570253518342523,0.0,long,False,True,True,below threshold,,,,,,,,,,
2023-04-28,CVX,DXC,Earnings,-0.22748876650949051,0.021744040204969117,0.31,0.0,0.0,0.006359019557050191,-1.4991626060516392,0.0,long,False,False,True,below threshold,,,,,,,,,,
2023-04-28,CVX,MUR,Earnings,1.3043555276548364,0.5190982826820242,0.19,-0.01458920657498757,-0.0027719492492476383,-0.0009735785155162956,-0.9332672061011567,-0.6487747689534561,long,True,False,False,,-0.6321491483854891,-0.6487747689534561,-1.6780230351632532,-2.1333800697004723,-3.7501367425241723,-4.305331708157942,0.9703159682642748,-0.3816852541145768,-2.4683085939712552,-0.21096676066329995
2023-04-28,CVX,RIG,Earnings,0.5481791915785739,0.06093178871517868,0.149,0.0,0.0,0.011056944684422258,-2.8033370279453127,0.0,long,False,False,True,below threshold,,,,,,,,,,
2023-04-28,CVX,TPL,Earnings,0.14888408763188868,0.017174583635322538,0.11,0.0,0.0,0.005863342269062034,-4.520961465232298,0.0,long,False,False,True,below threshold,,,,,,,,,,
2023-05-04,COP,ARIS,Earnings,1.0886323970558571,0.25427287441229374,0.2167,0.026501636981389378,0.005742904733867078,-0.033285863865548104,2.255992748256378,6.795997915350152,long,True,False,False,,6.360856895943776,6.795997915350152,8.061646579065892,10.443218455924143,8.124645562543709,12.862370277933884,4.203118852980624,-41.60212536413925,-45.072921320358404,-47.39474017007184
2023-05-04,COP,CRGY,Earnings,0.4103536661728513,0.14726717285188617,0.135,0.009989638306104125,0.001348601171324057,0.0346593794720481,-2.469532971065593,-24.700244230115498,short,True,False,False,,-26.6484692930092,-24.700244230115498,-12.1400828862896,-13.742981784390013,-11.127497597336136,-21.702906869416864,-9.076192077260455,8.38376237519283,39.920014368160565,32.274371912559715
2023-05-04,COP,SFL,Earnings,0.2404189433742678,0.10451754043274186,0.13,0.0,0.0,-0.014076135298044265,3.4050455288991763,0.0,long,False,False,True,below threshold,,,,,,,,,,
2023-05-04,COP,STR,Earnings,0.3820714243436633,0.16416449289481327,0.11,0.009301136192806694,0.0010231249812087363,0.006059962070399275,0.3484707733786412,-4.922992969285081,short,True,False,False,,-1.017685341147756,-4.922992969285081,-8.230805916245135,-4.786964655488587,-3.1275517884966777,-20.44862637225133,-43.754080015924984,-59.256056320839434,-26.166302242714025,-60.068657244860596
2023-05-04,COP,TPL,Earnings,0.16436589273635488,0.03898847034439512,0.1,0.0,0.0,-0.01081433111467779,3.7026917354696574,0.0,long,False,False,True,below threshold,,,,,,,,,,
2023-07-18,LMT,AIRI,Earnings,6.027444143346108,0.059217891428757,0.302,-0.07513424128048052,-0.022690540866705116,-0.006024622328255224,-0.9198152237171737,-0.7344874957522307,long,False,True,False,,-1.1888407237622718,-0.7344874957522307,0.043407471701902435,1.4492833211606555,0.6424887490069595,-0.842536886115957,-0.020874282890340465,1.77259503480756,2.627867543715802,2.783174061194158
2023-07-18,LMT,CVU,Earnings,-0.027669493546008325,0.00019584368484837356,0.24,0.0,0.0,0.02265219652553315,0.0,0.0,long,False,True,True,below threshold,,,,,,,,,,
2023-07-18,LMT,EMKR,Earnings,-0.5064029328206906,0.026178787763135647,0.2391,0.006312493195261773,0.00150931712298709,-0.00841399649121498,2.3329117720919874,6.5747041910999044,short,True,True,False,,5.357379436524994,6.5747041910999044,2.86628449971043,-3.3150528676871547,22.980584667172067,45.90082969154289,96.76538211974645,143.14433824773735,144.86277917487374,159.48343355764666
2023-07-18,LMT,SIF,Earnings,-0.4280346572373207,0.05093013770000954,0.1108,0.0,0.0,-0.05947943882415583,12.147647235741657,0.0,long,False,True,True,below threshold,,,,,,,,,,
2023-07-18,LMT,TTMI,Earnings,-0.01134849607809181,7.607995736613749e-05,0.1105,0.0,0.0,0.010312044137322368,0.0,0.0,long,False,False,True,below threshold,,,,,,,,,,
2023-07-25,RTX,AIRI,Earnings,0.03473309948594202,0.0002656515595733655,0.382,-0.0036316521830110186,-0.0013872911339102092,0.038422969867832654,-11.58002471921086,-28.6963997885101,long,False,True,False,,-33.13392341852689,-28.6963997885101,-34.182643932358445,-17.69094859745326,-5.340648754128944,14.162917370303779,32.25316447990906,16.29625662824189,50.250989686345726,73.63691188282334
2023-07-25,RTX,CVU,Earnings,0.4098514858995554,0.023578162392748236,0.36,-0.04285359111356776,-0.015427292800884394,0.03949456508163774,-1.9216162299437598,-3.5600450831771115,long,False,True,False,,-3.837338056745642,-3.5600450831771115,-4.070565697190248,-3.721695411807227,-4.605529090793951,-4.311643844479948,-3.5543038894294616,-7.019875599912028,-7.671133445909903,-8.609584668148514
2023-07-25,RTX,MTX,Earnings,-0.1287890986818227,0.0038527017220508775,0.2475,0.013466037246839091,0.003332844218592675,0.056086225182868266,-3.165013370658357,-15.828336851144877,long,True,False,False,,-16.77749880123803,-15.828336851144877,-12.721469023853356,-14.865510970550044,-13.055774434600178,-11.596639263548687,-15.349105214567603,-21.31286414059735,-26.01208594283632,-19.17016644632267
2023-07-25,RTX,MRCY,Earnings,0.42285637651966346,0.02665412044375437,0.19,-0.04421336723805244,-0.008400539775229964,0.03478517019480025,-1.7867568648981393,-5.140825604727049,long,True,False,False,,-5.122215357065878,-5.140825604727049,-5.149977428165039,-5.37133479506513,-4.357026597404037,-4.801001334431129,-2.704442765107833,-5.881286101059396,-6.257399864293352,-6.673438929776683
2023-07-26,GD,OPXS,Earnings,1.0,0.0,0.1848,0.0,0.0,,0.0,0.0,long,False,True,True,zero volume bars,,,,,,,,,,
2023-07-26,GD,GHM,Earnings,-0.48108793769293434,0.045874677190673285,0.1819,-0.008131334835360935,-0.0014790898065521541,0.0008724586922723588,-1.1072958757617848,-1.589861878844336,short,False,False,False,,4.570881820386101,-1.589861878844336,-3.291938657504407,2.017766652395913,-4.787458161262806,-11.777664142949007,-5.838738341664383,5.243707171117822,-15.94609901650331,-95.55938994563016
2023-07-27,NOC,FEIM,Earnings,1.0,0.0,0.3959,0.0,0.0,,0.0,0.0,long,False,True,True,zero volume bars,,,,,,,,,,
2023-07-27,NOC,SYPR,Earnings,0.21014087041169152,0.015468353423704007,0.23,-0.009094066563194697,-0.0020916353095347803,0.015925038076721083,-2.7511459770013715,-8.61367816087553,long,True,True,False,,9.357887980755425,-8.61367816087553,14.533154702032038,-12.190131977038897,10.192349733776963,-28.505387831198767,-15.017605735103325,2.934798003340115,-15.863288125215753,-21.042371827806278
2023-07-27,NOC,MRCY,Earnings,0.14106573410012319,0.01877067821134004,0.12,0.0,0.0,-0.015483709412366233,1.5363306917134454,0.0,long,False,False,True,below threshold,,,,,,,,,,
2023-07-27,NOC,CVU,Earnings,0.2721000031096617,0.033121247113450325,0.08,0.0,0.0,0.011703476949082699,-1.9938909943638132,0.0,long,False,True,True,below threshold,,,,,,,,,,
2023-07-28,XOM,PAGP,Earnings,0.5150977597844104,0.2726108747833367,0.3,-0.007798017591875069,-0.0023394052775625204,-0.015755681046049096,1.0204726214602666,5.734908738200889,short,True,False,False,,4.689894019734167,5.734908738200889,6.259058928324579,5.210511002986502,6.6232809999016276,11.17104925778124,15.625091582548034,15.787194844136394,7.198322453634629,16.78581566883095
2023-07-28,XOM,IMO,Earnings,1.1943824181596572,0.5821915629456917,0.2994,-0.018081645534885466,-0.005413644673144709,0.048176308406657244,-3.6643763319941893,-9.899052545070772,long,True,False,False,,-8.15647248643808,-9.899052545070772,-11.013394569641338,-10.00031911906009,-9.671498258265302,-5.136228559741856,-4.660224406314629,-1.2099993219121992,-1.7098806711302628,-5.695521724435396
2023-07-28,XOM,PUMP,Earnings,1.8130756195547313,0.500577727791362,0.249,-0.027447984985617263,-0.0068345482614186985,0.009212662178735285,-1.335640746800274,-2.3479548064268028,long,True,False,False,,-2.246954509889142,-2.3479548064268028,-3.0054509589311285,-2.2346742147426055,-1.411954302088185,-4.266259198161781,-7.16298071256881,4.340006813308596,1.810545654942115,2.0277512374119713
2023-07-28,XOM,PVL,Earnings,0.7162540986658325,0.17526918286478377,0.23,-0.010843304898057578,-0.002493960126553243,-0.012725423530786244,0.17357426083866934,4.102496786255084,short,True,True,False,,7.746917833336093,4.102496786255084,-0.10444228981208131,-0.03821850399878122,1.414057500679118,9.250974504722803,9.989981546367739,16.636720886487403,8.372333467608732,12.913741077075887
2023-08-03,COP,ARIS,Earnings,1.0750804469249067,0.25427905250284,0.2167,-0.011792747606228922,-0.0025554884062698076,0.03753661602781365,-4.183025473044706,-15.688627009897122,long,True,False,False,,-19.946544181009354,-15.688627009897122,-8.268645372851106,-5.464156058986064,-6.206141163155805,-29.73882085065022,-27.006240388496316,-21.268482874932495,-4.691184240330653,-11.840007532996685
2023-08-03,COP,CRGY,Earnings,0.49488230126602795,0.2194900230885718,0.135,0.0,0.0,0.006301012370899164,-2.160738446553502,0.0,long,False,False,True,below threshold,,,,,,,,,,
2023-08-03,COP,SFL,Earnings,0.25358258022892616,0.12980536490869055,0.13,0.0,0.0,-0.000134626736322618,-0.9516008359516832,0.0,long,False,False,True,below threshold,,,,,,,,,,
2023-08-03,COP,STR,Earnings,0.3494134718711588,0.16050730177037498,0.11,0.0,0.0,-0.0020029836204533396,-0.4774068511605041,0.0,long,False,False,True,below threshold,,,,,,,,,,
2023-08-03,COP,TPL,Earnings,0.1373964480749008,0.030442247460246374,0.1,0.0,0.0,0.04251277969599168,-29.207848087999622,0.0,long,False,False,True,below threshold,,,,,,,,,,
2023-10-11,XOM,PAGP,Corporate,0.4438016737836702,0.25215951305162554,0.3,-0.010768741524014594,-0.003230622457204378,0.04497431245604665,-5.176375889025906,-14.921252963419692,long,True,False,False,,-10.86015791212177,-14.921252963419692,-14.427952964017743,-14.291657518044461,-12.95276949167467,-12.078415864713195,-7.564668149972445,-6.667180979281602,-5.611249786217328,-16.066296984597017
2023-10-11,XOM,IMO,Corporate,1.059853423030873,0.5279925688463972,0.2994,-0.025717089952943573,-0.007699696731911306,0.006033585533071834,-1.2346138518826166,-1.7836133997415387,long,True,False,False,,-1.9190347813422004,-1.7836133997415387,-2.1804034229958673,-2.158798052934354,-2.446126069127092,-3.2338684201886507,-0.6097303059345829,0.9216458216119243,2.3189871900961916,2.673921888265334
2023-10-11,XOM,PUMP,Corporate,1.7205784047030093,0.4743954947608051,0.249,-0.04174942368757205,-0.01039560649820544,0.010599248873878182,-1.2538777290243976,-2.0195892731903515,long,True,False,False,,-2.5261164012216906,-2.0195892731903515,-2.4979740897143814,-2.36240610944491,-2.9241891450374755,-2.2072046832391776,-2.424304741292891,-3.8405753184385265,-3.960624714585468,-7.661098978665069
2023-10-11,XOM,PVL,Corporate,0.8150344772593736,0.185307604143779,0.23,-0.019776616757522226,-0.004548621854230112,0.050159270976378637,-3.5362918031619373,-12.027355665921467,long,True,True,False,,-8.694062852566297,-12.027355665921467,-12.570223707976151,-11.29615070858425,-6.559264537504332,-3.54261032283565,-1.2561489456480424,3.1298621234463853,8.659919773671737,-2.9253824546110785
2023-10-23,CVX,DXC,Corporate,-0.3293922522057607,0.03396894597129796,0.31,0.004631094619297833,0.0014356393319823282,-0.004083170680230102,1.8816858682211925,3.844147962003846,short,True,False,False,,-2.4136685727456615,3.844147962003846,1.0925091312047794,2.1928419351784187,18.39972792309855,-4.842787881681619,8.141067065928572,-14.772645506249942,-31.813233732214698,-93.36335742525964
2023-10-23,CVX,MUR,Corporate,1.3901089430761373,0.5133751196023476,0.19,-0.01954425461864312,-0.003713408377542193,-0.0011925488669780222,-0.9389821259368746,-0.6788532944046033,long,True,False,False,,-0.22849362185426184,-0.6788532944046033,0.19551304802218353,0.5765383499077322,0.6153741140061432,-0.0059981115682372155,0.43035992624142133,-7.110385958410617,-2.991022789163879,-4.4942409126703735
2023-10-23,CVX,RIG,Corporate,0.6828416254596927,0.06663373455207844,0.149,-0.009600420642327617,-0.001430462675706815,0.0071027229684217895,-1.739834558613646,-5.965332608145276,long,True,False,False,,-1.0515013144224417,-5.965332608145276,-6.421963169886217,0.9713318251637303,-6.219809691174044,-7.348510766920868,5.569230685874571,16.051262915394304,12.601973201551491,3.424136022554404
2023-10-23,CVX,TPL,Corporate,0.06082337529689516,0.0026182539940577954,0.11,0.0,0.0,-0.003834478142071076,0.0,0.0,long,False,False,True,below threshold,,,,,,,,,,
2023-10-24,RTX,AIRI,Earnings,0.08187805145616463,0.0026398423104208035,0.382,0.004384612057279348,0.0016749218058807111,0.07649994409972607,-16.44736891208439,-44.673740607550755,short,True,True,False,,-22.293980673865473,-44.673740607550755,-97.58957463350363,-108.02397301852982,-75.05462161989361,-56.1786374954986,-45.47865869466577,-87.53514898287382,-93.65693192592677,-68.31874132832131
2023-10-24,RTX,CVU,Earnings,0.18635399489913668,0.00874933163130065,0.36,0.00997935293311636,0.0035925670559218896,-0.01752828110375939,2.756454674089339,5.879040761359277,long,False,True,False,,7.4949447529420405,5.879040761359277,1.533213395298433,1.872031974178676,2.554512817798184,11.808020927226607,14.424005059561964,21.530662453566087,29.95384467621911,22.318085096684598
2023-10-24,RTX,MTX,Earnings,0.13232650129706713,0.00734804066138095,0.2475,0.00708615267176132,0.0017538227862609267,-0.009575928923389146,2.351357974765307,6.460032221273967,long,True,False,False,,8.136009127475702,6.460032221273967,11.394692175033141,11.10829054168401,18.633682671918752,25.247155191615768,22.380160395379843,-14.78442451536664,-11.33852672393535,-34.49019923806586
2023-10-24,RTX,MRCY,Earnings,0.059519894842072776,0.0011139639698234394,0.19,0.0,0.0,-0.0016450422828370708,1.5161206491909602,0.0,long,False,False,True,below threshold,,,,,,,,,,
2023-10-25,GD,OPXS,Earnings,1.0,0.0,0.1848,0.03096143379156505,0.005721672964681221,-0.005338351514438744,1.1724193895662898,1.9330053547959405,long,False,True,False,,0.543571300685402,1.9330053547959405,0.9584397422391753,0.508128843380021,2.641038794175983,1.6183464847028048,0.7146657867567628,5.477136070684475,8.542309898861172,8.574693455938798
2023-10-25,GD,GHM,Earnings,-0.3972671399280182,0.02907730094712646,0.1819,-0.012299960250445744,-0.002237362769556081,-0.006590645930763042,-0.46417339596490154,1.945720747856506,long,False,False,False,,-0.7594173049149129,1.945720747856506,1.9892184335245333,2.531698579408038,5.7441790079587856,13.83699526951465,10.682146008881967,17.22367282615288,-8.785040745126645,9.627150789464055
2023-10-27,CVX,DXC,Earnings,-0.32048963778769896,0.032573158223515364,0.31,0.010050279672478577,0.0031155866984683587,0.02530063234655092,-1.5174058007394073,-7.120663873352926,long,True,False,False,,-3.651103467395336,-7.120663873352926,-5.940569507637772,-3.3131227552995566,-4.428262872795189,-5.824542150214064,-12.531608247281833,-39.370145205222585,-42.6418269454264,-45.13108129578424
2023-10-27,CVX,MUR,Earnings,1.3740270157816203,0.5111026398175174,0.19,-0.04308830663440705,-0.008186778260537339,0.013417588821527437,-1.3113974502496037,-2.638933948682125,long,True,False,False,,-2.288474407596258,-2.638933948682125,-2.693542648247624,-2.4957599452316344,-3.8461340613134913,-2.4302673481986203,-1.9024118361836644,-2.000848798720579,-1.2625389568958523,1.1136497191181025
2023-10-27,CVX,RIG,Earnings,0.6767055825707623,0.06655716747074225,0.149,-0.021220905635859984,-0.0031619149397431375,0.016047431361386963,-1.7562086009312128,-6.075225509605454,long,True,False,False,,-4.836711542090797,-6.075225509605454,-6.203508346615636,-3.5433736271391023,-1.584181561783212,-4.254574002567156,-3.3064747176913154,-7.4646700807662505,-2.7191044811832077,-10.715483082375833
2023-10-27,CVX,TPL,Earnings,0.07515173671454013,0.004012267575669193,0.11,0.0,0.0,0.005056429524373747,-3.1455605844005072,0.0,long,False,False,True,below threshold,,,,,,,,,,
2023-11-02,COP,ARIS,Earnings,1.064770445504514,0.23564560685375213,0.2167,0.02288261916744498,0.004958663573585328,0.07433211427230645,-2.2484093594521064,-13.990352374029099,short,True,False,False,,-19.492488383589492,-13.990352374029099,-14.828148523931665,-11.495774947816239,-14.012843207235914,-28.000947051690652,-24.188326595620374,-13.102274812967233,-18.17609325347449,-8.048887330988665
2023-11-02,COP,CRGY,Earnings,0.49068053265318917,0.20044728737462325,0.135,0.010545048286217088,0.001423581518639307,-0.00018829643637515575,1.0178563844625794,1.1322695145376247,long,True,False,False,,7.407981780911195,1.1322695145376247,1.0408278588003055,-2.8779505621200228,-2.8943452826883425,-9.213766899643355,12.384837818321218,68.37697642413349,78.69171382632071,31.374138624028543
2023-11-02,COP,SFL,Earnings,0.25844726971934245,0.1754908248017406,0.13,0.0,0.0,-0.007005306320683533,2.26126236561162,0.0,long,False,False,True,below threshold,,,,,,,,,,
2023-11-02,COP,STR,Earnings,0.3492439693604841,0.155607920152383,0.11,0.0,0.0,-0.005742130432320955,1.765058056688521,0.0,long,False,False,True,below threshold,,,,,,,,,,
2023-11-02,COP,TPL,Earnings,0.12449797736114421,0.02356855083977194,0.1,0.0,0.0,-0.010473895830337946,4.914679483700675,0.0,long,False,False,True,below threshold,,,,,,,,,,
2024-01-23,LMT,AIRI,Earnings,6.9773459060475975,0.06885372827663971,0.302,-0.23527991658179248,-0.07105453480770133,0.05258005959516397,-1.223478741233254,-1.7399958318981918,long,False,True,True,conflicting multi-primary signal,-2.1377942979429956,-1.7399958318981918,-1.8904884623775748,-1.977373549924085,-1.884971948882559,-1.9413421474602734,-2.665987878870705,-1.4635478087317186,-0.8708439583181358,-0.8894554965658837
2024-01-23,LMT,CVU,Earnings,0.12997797624630067,0.003578952529088353,0.24,-0.004382928382867422,-0.0010519028118881812,0.001410272842704583,-1.32176497526568,-2.3406873969403335,long,False,True,False,,8.324223245017805,-2.3406873969403335,-11.329954601625715,-17.39519678541354,-6.532241333319564,-4.198765221538844,-45.0231871768799,-39.95098793523923,-25.959379375756317,-33.106124674015646
2024-01-23,LMT,EMKR,Earnings,-0.2599827579018019,0.006551105855116424,0.2391,0.008766760658780364,0.002096132473514385,0.04308417498881426,-3.914491984637819,-19.55412791567469,long,True,True,False,,-14.0779015292721,-19.55412791567469,-20.603533675436903,-15.712905846501393,-9.940213408116437,-15.107884507212646,-80.88363446296027,-49.89759418124722,-11.265978530543055,-61.058279385322884
2024-01-23,LMT,SIF,Earnings,-0.8153849142783532,0.06368871125518916,0.1108,0.02749522486009801,0.0030464709144988594,0.0015663772128196776,0.9430309364338804,0.48583877647906426,short,False,True,False,,6.693725760038285,0.48583877647906426,-4.059807854895748,-2.351469985925398,-2.7408993421544205,-8.39253415085806,-28.518353351253914,-5.780605702137801,-7.370023425130236,-7.1839602866989845
2024-01-23,LMT,TTMI,Earnings,0.04232452395112956,0.0006552713020393508,0.1105,0.0,0.0,-0.004650400381319731,2.258394469259676,0.0,long,False,False,True,below threshold,,,,,,,,,,
2024-01-23,RTX,AIRI,Earnings,0.3936496658902131,0.0673490131155755,0.382,0.022112189754808432,0.00844685648633682,0.05258005959516397,-1.377876645334509,-5.224807972079867,short,False,True,True,conflicting multi-primary signal,-8.57106879677261,-5.224807972079867,-6.490744461944063,-7.2216174781163796,-6.444339825996618,-6.918523120508146,-13.014206814085881,-2.8993410109238833,2.0864541707501916,1.9298948407333292
2024-01-23,RTX,CVU,Earnings,0.1200758221836199,0.0035908489492627593,0.36,0.0067449298072803235,0.0024281747306209166,0.001410272842704583,0.7909136369095544,0.41920454697098447,long,False,True,False,,5.039320781334088,0.41920454697098447,-3.4750108610794825,-6.102517534076512,-1.3966068591261458,-0.38572817214287086,-18.07116229967441,-15.873848993735107,-9.812583220330373,-12.908604845250775
2024-01-23,RTX,MTX,Earnings,0.23706705105453527,0.023937233063199725,0.2475,0.013316591049750134,0.003295856284813158,-0.0033338741961075765,1.2503549281983943,2.011535063427856,long,True,False,False,,3.7489492680769465,2.011535063427856,0.6288402765128719,1.2413725599635426,3.029697110885337,6.059859379595993,0.996716501445673,0.010185886484083492,6.878665890550799,-9.049439817947862
2024-01-23,RTX,MRCY,Earnings,0.014802693684215641,7.813792450095391e-05,0.19,0.0,0.0,0.0016693236650664701,0.0,0.0,long,False,False,True,below threshold,,,,,,,,,,
2024-01-24,GD,OPXS,Earnings,2.033528162138285,0.21264595251935048,0.1848,0.08078028262471317,0.014928196229046993,0.00026767046902224575,0.996686438072199,0.9820694700876574,long,False,True,False,,-0.27385751765982363,0.9820694700876574,-0.12968983846010443,0.05060124578023526,0.6642389555048195,1.0719809941504044,2.7862340572158693,-2.048293900305747,-1.4076451475613683,-4.574090656350514
2024-01-24,GD,GHM,Earnings,-0.26008357552479366,0.010506803952033517,0.1819,-0.01033161238094034,-0.001879320292093048,-0.006558185237430406,-0.36523119571066337,2.489658077456496,long,False,False,False,,-0.04114373904511654,2.489658077456496,-0.28196850403341195,9.14089754145484,10.69034326975816,1.1935432539784352,-13.3478227044028,2.9356099002035605,23.86858044620593,-50.114725274780206
2024-01-25,NOC,FEIM,Earnings,-0.2473635955391123,0.014766450069097825,0.3959,0.015005085450785863,0.005940513329966123,0.01410344867723973,0.06008874634558718,-1.374112790235951,long,False,True,False,,-2.4739332968042427,-1.374112790235951,-4.921153891018434,-5.878111017214776,-8.279052303580759,-3.926748894937368,-2.9067430798982596,0.14332862610418617,-9.997163195457599,-3.751171465155413
2024-01-25,NOC,SYPR,Earnings,0.41300123517572007,0.10074214296005146,0.23,-0.025052671196768402,-0.005762114375256732,0.03167550340811139,-2.26435632988299,-6.49720143427387,long,True,True,False,,-2.035912754643448,-6.49720143427387,-5.010720478737624,1.889447735602333,-0.10060207931901946,-8.424906341084883,-4.828612348590737,5.437067966431767,15.659180204380133,20.07448183358551
2024-01-25,NOC,MRCY,Earnings,0.10592425784628114,0.008304996479833737,0.12,0.0,0.0,-0.01162470358889672,0.8091882980714673,0.0,long,False,False,True,below threshold,,,,,,,,,,
2024-01-25,NOC,CVU,Earnings,0.2129452593039572,0.019219084323381264,0.08,-0.012917267818782198,-0.0010333814255025758,0.03191521948356585,-3.4707407116820717,-31.884258896025898,long,True,True,False,,-47.701525185881735,-31.884258896025898,-26.70877195066018,-30.12753381744796,-42.2737258414383,-46.45802700346332,-37.13207223398456,-22.985444830342892,-37.32267006364487,-33.481071506259944
2024-02-02,CVX,DXC,Earnings,-0.09922928382247168,0.0032395782294684095,0.31,0.0,0.0,-0.02065218906852314,8.065792631043392,0.0,long,False,False,True,below threshold,,,,,,,,,,
2024-02-02,CVX,MUR,Earnings,1.1014710523128215,0.40701228237366993,0.19,0.025286780721448278,0.0048044883370751724,-0.015000354340058919,1.593209333576243,4.122154387243384,long,True,False,False,,3.7520154668011076,4.122154387243384,4.197055859932428,4.872739681114067,5.2659805084376545,5.51004014061038,4.8262411836500805,6.060544916038997,2.3207561585185417,0.8985284199433026
2024-02-02,CVX,RIG,Earnings,0.4819590028483488,0.03381879652015041,0.149,0.011064468372694791,0.0016486057875315238,-0.024107499580468147,3.1788213196000736,15.622961876510564,long,True,False,False,,6.063943113981793,15.622961876510564,21.35657826877545,22.104300619349388,25.77758050219478,41.87603120031737,37.88999417545733,23.858769492285255,9.068862005311823,53.54068146580127
2024-02-02,CVX,TPL,Earnings,0.13192982154731786,0.01300069525395764,0.11,0.0,0.0,-0.016117645241156046,6.321550194729543,0.0,long,False,False,True,below threshold,,,,,,,,,,
2024-02-08,COP,ARIS,Earnings,0.2808499423517081,0.02524275654562491,0.2167,0.0,0.0,0.0017846696296104315,0.42060362728220646,0.0,long,False,False,True,below threshold,,,,,,,,,,
2024-02-08,COP,CRGY,Earnings,0.5159421354797,0.2078314756750952,0.135,0.0,0.0,-0.007285341490054351,2.287482084701513,0.0,long,False,False,True,below threshold,,,,,,,,,,
2024-02-08,COP,SFL,Earnings,0.20276048912561012,0.08417565607010224,0.13,0.0,0.0,-0.009179280883993772,5.127790118640429,0.0,long,False,False,True,below threshold,,,,,,,,,,
2024-02-08,COP,STR,Earnings,0.3839354005218405,0.15715126308037874,0.11,0.0,0.0,0.011174051638013549,-1.653657042394169,0.0,long,False,False,True,below threshold,,,,,,,,,,
2024-02-08,COP,TPL,Earnings,0.16316453529864083,0.029579125725148425,0.1,0.0,0.0,-0.014720992174875863,9.226281964929262,0.0,long,False,False,True,below threshold,,,,,,,,,,
2024-04-24,GD,OPXS,Earnings,1.749158237078373,0.2392551625862387,0.1848,-0.08752079269056841,-0.016173842489217043,0.007958584453716592,-1.0909336422700642,-1.4920651637990483,long,False,True,False,,-1.0621053119358002,-1.4920651637990483,-2.8684416638853167,-2.8817807871192986,-2.247920353024915,-1.5418917168447497,-0.34310672845120677,-1.062450906142968,-1.0351692928474425,-7.163062812771663
2024-04-24,GD,GHM,Earnings,0.20552139287154203,0.005620457883120045,0.1819,-0.010283457972922749,-0.001870561005274648,-0.005671505263329633,-0.4484826720483318,2.0319809123236294,short,True,False,False,,-4.8574853409592285,2.0319809123236294,3.4676017454023405,7.047224989636667,9.423292282129175,18.193010036657128,10.624539130574117,22.04138724794535,35.342976789638826,8.474507394143297
2024-04-25,NOC,FEIM,Earnings,1.0,0.0,0.3959,0.0,0.0,,0.0,0.0,long,False,True,True,zero volume bars,,,,,,,,,,
2024-04-25,NOC,SYPR,Earnings,0.24262372896669437,0.024427759515115,0.23,0.004678900030467025,0.0010761470070074159,0.07339135884193172,-14.685600966902074,-67.19826507348728,short,True,True,False,,-28.097687459056942,-67.19826507348728,-69.39638868016529,-41.498246400103106,-8.319503282184634,-4.774990391021073,-6.716119899762827,33.569863352441466,57.181908411592794,95.56891536958832
2024-04-25,NOC,MRCY,Earnings,0.1134403501154444,0.0071348985009085375,0.12,0.0,0.0,-0.0074915321795198785,4.424463946714121,0.0,long,False,False,True,below threshold,,,,,,,,,,
2024-04-25,NOC,CVU,Earnings,0.24640152657943057,0.023330527486822517,0.08,0.0,0.0,0.0013171500770754116,0.7228075643455735,0.0,long,False,True,True,below threshold,,,,,,,,,,
2024-05-02,COP,ARIS,Earnings,0.8582936188216582,0.15810847856239152,0.2167,-0.01767132965552132,-0.00382937713635147,0.027621352031998378,-2.5630601980971033,-8.213014296710215,long,True,False,False,,-7.393452053000061,-8.213014296710215,-8.320972240953715,-7.894659575319363,-8.365898838868778,-16.541095405965375,-21.426231068344727,-60.84630328069462,-54.255504311939326,-51.86299533640577
2024-05-02,COP,CRGY,Earnings,0.44518747928827607,0.17621115621358951,0.135,-0.009165924728433014,-0.001237399838338457,0.0119839230547256,-2.3074428832642555,-10.684762098253746,long,True,False,False,,-14.453785369605846,-10.684762098253746,-14.368820411019902,-13.906875962369972,-16.296050301605554,-22.829649849040557,-33.56369917802286,-156.11189121564513,-136.90003660424267,-141.2840912887279
2024-05-02,COP,SFL,Earnings,0.3056035773997814,0.19625161878877584,0.13,0.0,0.0,0.015195738429914216,-3.4150717092064835,0.0,long,False,False,True,below threshold,,,,,,,,,,
2024-05-02,COP,STR,Earnings,0.42376789194741205,0.20290126190742963,0.11,0.0,0.0,-0.0015723517906807314,-0.8197860828484091,0.0,long,False,False,True,below threshold,,,,,,,,,,
2024-05-02,COP,TPL,Earnings,-0.32345617142597965,0.0375432833944771,0.1,0.0,0.0,-0.0013309180116232778,1.1998492467976074,0.0,long,False,False,True,below threshold,,,,,,,,,,
2024-05-29,COP,ARIS,Corporate,0.8205594913398389,0.14289306297032323,0.2167,-0.01584317144275115,-0.0034332152516441746,-0.00018256000657968646,-0.9884770541529919,-0.9468253537286199,long,True,False,False,,-2.5217388033952806,-0.9468253537286199,-1.8374150471460984,-1.4906708908467454,-0.29018126880443634,0.14873012924982945,-1.9945101615942056,-4.472990492507158,-2.0977870951097635,-1.5276361445559041
2024-05-29,COP,CRGY,Corporate,0.37948252944368166,0.12062337778434062,0.135,0.0,0.0,0.009569828973545573,-2.306111764044293,0.0,long,False,False,True,below threshold,,,,,,,,,,
2024-05-29,COP,SFL,Corporate,0.2819655251373112,0.18295795379874358,0.13,0.0,0.0,0.015117044344902165,-3.7767630812406288,0.0,long,False,False,True,below threshold,,,,,,,,,,
2024-05-29,COP,STR,Corporate,0.42573826069091986,0.20285481261783844,0.11,0.0,0.0,-0.0012063252435693013,-0.8532460883875684,0.0,long,False,False,True,below threshold,,,,,,,,,,
2024-05-29,COP,TPL,Corporate,-0.42521512644366477,0.05994661472476892,0.1,0.0,0.0,-0.001042355611427133,1.1269624091297936,0.0,long,False,False,True,below threshold,,,,,,,,,,
2024-07-24,GD,OPXS,Earnings,1.0,0.0,0.1848,0.0,0.0,,0.0,0.0,long,False,True,True,zero volume bars,,,,,,,,,,
2024-07-24,GD,GHM,Earnings,0.8492991261117885,0.09506296031693506,0.1819,-0.026965876352281128,-0.004905092908479937,0.020029122809778484,-1.7427580898213293,-5.083331994619732,long,True,False,False,,-2.032033315310386,-5.083331994619732,-6.866345761866017,-4.833865494714726,1.2404376404564843,4.239885560027386,0.21808289597392336,4.738795388305145,10.657900946948683,17.2154980800068
2024-07-25,NOC,FEIM,Earnings,-0.15927118511748248,0.004138455345155001,0.3959,-0.0030682991283552718,-0.001214739624915852,-0.0060923682445973674,0.9855848435035456,4.0153696476472485,long,True,True,False,,5.639644662068381,4.0153696476472485,14.359065830488305,36.38219622753974,40.38286613860743,26.592603489129242,15.596179949010894,54.85890646574452,39.94058477482986,48.95539455418183
2024-07-25,NOC,SYPR,Earnings,1.0,0.0,0.23,0.0,0.0,,0.0,0.0,long,False,True,True,zero volume bars,,,,,,,,,,
2024-07-25,NOC,MRCY,Earnings,-0.10468683054932995,0.0058084421645546724,0.12,0.0,0.0,-0.037916307975110475,17.80067775207203,0.0,long,False,False,True,below threshold,,,,,,,,,,
2024-07-25,NOC,CVU,Earnings,0.268736722181927,0.022218371440818507,0.08,0.0,0.0,-0.011040540406863326,3.1325677180390095,0.0,long,False,True,True,below threshold,,,,,,,,,,
2024-07-25,RTX,AIRI,Earnings,0.751167509189419,0.10729072225972724,0.382,0.03775433311658584,0.01442215525053579,0.0032261832317446067,0.9145480011054066,0.7763036678152003,long,True,True,False,,3.220578426551232,0.7763036678152003,2.375466566667282,4.2836800060099955,1.6510726205057031,1.7623515664009062,4.06095206869232,2.203201801162093,2.4160469230051373,5.79067246482767
2024-07-25,RTX,CVU,Earnings,0.13403006735624007,0.005695263439547071,0.36,0.0067364678965765945,0.002425128442767574,-0.011040540406863326,2.638921253150188,5.552559036528302,long,False,True,False,,8.410926216567706,5.552559036528302,9.23858310650686,10.969486064844226,2.33179719483823,10.819454929859056,10.394727876528139,12.902809959762997,1.2967480732756154,15.693108638458206
2024-07-25,RTX,MTX,Earnings,0.2900692643406675,0.0376561807539193,0.2475,0.014579133813466085,0.0036083356188328563,-0.010501605216217298,1.720317499693805,3.910373736136586,long,True,False,False,,5.241994759121231,3.910373736136586,5.059436101681304,6.684189422249674,6.654956815710618,33.642005428005504,39.049177889392,44.987165250683425,47.835933772745044,58.84671548259559
2024-07-25,RTX,MRCY,Earnings,0.09859062914235048,0.0034854827325175863,0.19,0.0,0.0,-0.037916307975110475,8.651743363898952,0.0,long,False,False,True,below threshold,,,,,,,,,,
2024-08-02,XOM,PAGP,Earnings,0.42899932743352687,0.16475309415523043,0.3,0.010342353126411814,0.003102705937923544,-0.0012375543322726106,1.1196588742567881,1.3988629141892936,long,True,False,False,,5.6306151946342275,1.3988629141892936,0.8229538171176287,-0.6580474434147273,2.5627864818515427,3.8582588978532533,-2.319460503018907,1.0122938480254755,12.43582157370328,6.032661981738794
2024-08-02,XOM,IMO,Earnings,0.7626629571568324,0.36500071655909283,0.2994,0.018386344954285837,0.005504871679313179,-0.002733435563196416,1.1486666093773714,1.4965484615142668,long,True,False,False,,0.8733409607412806,1.4965484615142668,0.07499986684793339,-0.19489000051025182,-1.6826278038608653,-4.067231949601264,-4.7767564113424035,-9.146554917633042,-17.042873387685443,-19.887665901723484
2024-08-02,XOM,PUMP,Earnings,1.180883656761642,0.2695374645737062,0.249,0.02846884598281753,0.007088742649721564,-0.03801329606502088,2.3352594653103935,6.3624878124915405,long,True,False,False,,5.600177504445901,6.3624878124915405,7.440300648178421,7.102622603026175,8.712259072367154,11.949456018734784,11.706489699150154,13.295325916115114,12.789363341789635,12.698528345204991
2024-08-02,XOM,PVL,Earnings,0.40540334684814044,0.043773406127765924,0.23,0.009773499172635307,0.0022479048097061205,0.028731587992048103,-1.9397442496842177,-11.781496737757468,short,True,True,False,,-5.086223369408256,-11.781496737757468,-11.777251333960848,-7.803047677753302,-4.9972571869042195,-30.868935221124374,-51.404983520430804,-54.76587616579854,-26.029799216992036,-47.953563882339694
2024-10-22,LMT,AIRI,Earnings,12.125477645114563,0.14260468235605783,0.302,-0.2567030408996722,-0.07752431835170101,0.013405318038943114,-1.0522211111795219,-1.1729175866871582,long,True,True,False,,-1.2528028649098497,-1.1729175866871582,-1.3654407981264087,-1.4971819647705769,-1.8599939188076031,-1.6923446975197463,-1.1084608921485017,-1.795537224268949,-1.3592041774115848,-1.2938118211780145
2024-10-22,LMT,CVU,Earnings,1.0543477621613235,0.12491820093511308,0.24,-0.02232112289791937,-0.005357069495500648,0.039585771967581236,-2.7734668703101475,-8.389445292958948,long,True,True,True,conflicting multi-primary signal,-7.189520565533153,-8.389445292958948,-8.632795973380764,-9.431915857248635,-8.875815232405147,-13.91586847180542,-22.940134169237833,-20.777383582084468,-20.614478666806853,-22.022944282701427
2024-10-22,LMT,EMKR,Earnings,7.034325088800897,0.2191852319993557,0.2391,-0.14892053689114582,-0.03560690037067297,0.03293305960058321,-1.2211451844593857,-1.9249066685879788,long,True,True,False,,-1.5711583648440572,-1.9249066685879788,-1.790846951252866,-2.0358945433411577,-1.9203872540507378,0.3793700481710822,0.49985949068854774,0.2643409221934791,1.3445272704618436,-0.03205092094733158
2024-10-22,LMT,SIF,Earnings,1.0,0.0,0.1108,0.0,0.0,,0.0,0.0,long,False,True,True,zero volume bars,,,,,,,,,,
2024-10-22,LMT,TTMI,Earnings,0.25711449491120547,0.013793134703812271,0.1105,0.0,0.0,0.00789112334369347,-2.4497065892040935,0.0,long,False,False,True,below threshold,,,,,,,,,,
2024-10-22,RTX,AIRI,Earnings,1.546773147071528,0.182610837946094,0.382,0.0,0.0,0.013405318038943114,0.6235929494074424,0.01464122881529387,long,False,True,True,below threshold,,,,,,,,,,
2024-10-22,RTX,CVU,Earnings,0.5368033297101327,0.06400833367680858,0.36,0.012359700568109982,0.004449492204519593,0.039585771967581236,-2.2028099507296237,-7.896694307582289,short,True,True,True,conflicting multi-primary signal,-6.452017059320046,-7.896694307582289,-8.189682011993334,-9.151800958683072,-8.482270693914455,-14.550359865318132,-25.415334173600506,-22.81144036633709,-22.615307209521042,-24.311062104586647
2024-10-22,RTX,MTX,Earnings,0.3891752966482647,0.06513579970124006,0.2475,0.008960619036538612,0.0022177532115433066,0.019937133572332903,-1.2249727938477784,-7.989789066051629,short,True,False,False,,-7.422249871307854,-7.989789066051629,-6.973864406323573,-9.135522592994707,-9.20795974732627,-7.9330658310896025,-17.48562728856725,-11.126990558972036,-14.922808944904265,-19.5645847677806
2024-10-22,RTX,MRCY,Earnings,-0.06888691133261493,0.0021856233773057676,0.19,0.0,0.0,0.022517320203711513,-15.196694683576991,0.0,long,False,False,True,below threshold,,,,,,,,,,
2024-10-23,GD,OPXS,Earnings,1.4630628550245381,0.22888026317371601,0.1848,-0.02672268776781572,-0.004938352699492344,-0.11898642983380933,3.4526370576059437,23.094356372326537,short,True,True,False,,2.0606012275302454,23.094356372326537,17.61642781880982,18.771207348843024,22.476388127534637,0.3086261240790388,2.967528728811645,16.82825958473698,26.51119727544353,30.980861656992992
2024-10-23,GD,GHM,Earnings,0.9391349208414571,0.1254601175167498,0.1819,-0.017153199655989954,-0.0031201670174245727,-0.04089632991322825,1.384180837010611,12.107096410173781,short,False,False,False,,4.669024566720249,12.107096410173781,9.72634558187508,10.3749085288704,13.61024953280941,11.31871826129041,8.810201041693421,16.001416787717957,16.380705196927224,10.132411419691127
2024-10-24,NOC,FEIM,Earnings,0.17415757595375153,0.005139466629048628,0.3959,0.0,0.0,0.0021117720154232465,0.5312557629641007,-0.18399655730209488,long,False,True,True,below threshold,,,,,,,,,,
2024-10-24,NOC,SYPR,Earnings,-0.17845955365307303,0.006986513940973382,0.23,-0.004616454083033294,-0.0010617844390976576,0.010806836248012725,-3.340938749446409,-11.17799456281047,short,False,True,False,,-8.86963487895616,-11.17799456281047,-13.891876893828353,-18.912247265713674,-36.471377887897006,0.1204902681626403,53.71685884128534,57.97671827948991,47.22350543870267,94.98471505963902
2024-10-24,NOC,MRCY,Earnings,-0.12130458078888412,0.007359363845188094,0.12,0.0,0.0,0.0022165235322191587,-1.7063605357822447,0.0,long,False,False,True,below threshold,,,,,,,,,,
2024-10-24,NOC,CVU,Earnings,-0.04601464569424945,0.0008540162737272761,0.08,0.0,0.0,0.01622476172636117,-14.630554618317298,0.0,long,False,True,True,below threshold,,,,,,,,,,
2024-11-01,CVX,DXC,Earnings,0.4060922875595107,0.022997143519982277,0.31,0.012363944452902082,0.0038328227803996456,0.0061287079333954,0.5043080339982552,-0.5990063419411121,short,True,False,False,,2.7675103116215576,-0.5990063419411121,-0.5732520588707286,-0.9676580522835426,-2.7658784717301996,-4.547454048303748,-6.25315482155876,-20.870496280054216,-20.32304362921923,-4.477045916866999
2024-11-01,CVX,MUR,Earnings,1.5917376094903144,0.3772799922556348,0.19,0.048462273207908114,0.009207831909502542,-0.0015928992860851801,1.0328688520088911,1.172993957941532,long,True,False,False,,1.2897457999087378,1.172993957941532,1.2569404947935459,1.1343362642699004,1.4942484259798678,1.8093838577117107,3.5899252990282333,1.209922802299095,0.8678131159584479,2.305514860417634
2024-11-01,CVX,RIG,Earnings,-0.06427466321246472,0.0002878852929005804,0.149,0.0,0.0,0.02187598449285442,-12.17880790620321,0.0,long,False,False,True,below threshold,,,,,,,,,,
2024-11-01,CVX,TPL,Earnings,0.6637525469933565,0.09185911409842984,0.11,0.020208705934351204,0.0022229576527786326,0.008936806198188684,0.5577744449733566,-3.020232318424031,short,True,False,False,,2.3235710482419907,-3.020232318424031,-7.337514361801447,-8.022892471491938,-4.427444264344033,-9.816432352940739,-20.89130671910061,-41.01222024332553,-60.3850249846014,-41.72439583762199
2025-01-28,RTX,AIRI,Earnings,1.4259202058600506,0.14389912799772575,0.382,0.036806911467311375,0.014060240180512945,-0.0011292143894177215,1.030679411675728,1.0803125960097593,long,False,True,False,,0.9664002253350094,1.0803125960097593,0.8023196382118124,0.25047079804805766,-0.04858700636045756,-0.14804366002815486,0.013434457813992265,-0.49251838880571863,-0.4500509369588547,0.9794142225643989
2025-01-28,RTX,CVU,Earnings,0.8470100730154843,0.09063920205868847,0.36,0.0,0.0,0.009779876519673117,0.5526879034197972,-0.24253360161167425,long,False,True,True,below threshold,,,,,,,,,,
2025-01-28,RTX,MTX,Earnings,0.2943485260207191,0.04169379734976575,0.2475,0.007597942783371662,0.0018804908388844863,0.015443561714342276,-1.0325977905678627,-7.2125163255267175,short,True,False,False,,-3.429716621783911,-7.2125163255267175,-6.726940759493366,-4.599780301083901,-8.663576930467219,-4.294205924833872,1.8203182675426899,15.068185415359007,12.839820003476186,35.66806703785625
2025-01-28,RTX,MRCY,Earnings,-0.1071451032571576,0.006051037850907326,0.19,0.0,0.0,-0.006845585102139673,1.4751646436600898,0.0,long,False,False,True,below threshold,,,,,,,,,,
2025-01-28,LMT,AIRI,Earnings,1.96130463866172,0.15765745696771694,0.302,-0.15443423042317586,-0.046639137587799105,-0.0011292143894177215,-0.9926880563569134,-0.9757882660824945,long,False,True,False,,-1.0101292803905633,-0.9757882660824945,-1.059594441695674,-1.2259595941694559,-1.3161161617072865,-1.346099229800804,-1.2974186315267977,-1.4499475784888947,-1.4371449709857607,-1.006205967563235
2025-01-28,LMT,CVU,Earnings,-0.15826942485982118,0.0020433132957833333,0.24,0.012462223535260226,0.002990933648462454,0.009779876519673117,0.21523823641886702,-2.2698406815880543,long,True,True,False,,2.115427148294259,-2.2698406815880543,3.3040883723145917,4.828853601615454,3.312933730684278,-0.5818678033438439,28.779769760136208,40.673785820260946,51.80246264095861,48.87466863335623
2025-01-28,LMT,EMKR,Earnings,6.047510158209273,0.1638629324219315,0.2391,-0.47618435140022697,-0.11385567841979427,-0.002763201317522262,-0.9941972025972776,-0.975730667491751,long,True,True,False,,-0.9131883452706467,-0.975730667491751,-0.9889980445898755,-0.9617028868067726,-1.0031170685194228,-1.0288213082382596,-0.8690831221842549,-0.8138621141980138,-0.8200781933532808,-0.8905187560384829
2025-01-28,LMT,SIF,Earnings,1.0,0.0,0.1108,0.0,0.0,,0.0,0.0,long,False,True,True,zero volume bars,,,,,,,,,,
2025-01-28,LMT,TTMI,Earnings,-0.04486758677377577,0.0003793500767630409,0.1105,0.0,0.0,0.002645953395817172,0.25105320548093135,0.0,long,False,False,True,below threshold,,,,,,,,,,
2025-01-29,GD,OPXS,Earnings,1.270068030331857,0.24097329353350216,0.1848,-0.03868545313041134,-0.007149071738500016,0.00911187925898371,-1.2355376122457953,-2.2745541788192374,long,False,True,False,,-2.419065384186886,-2.2745541788192374,-0.3524273881258046,-0.32739420153060717,-0.5316818053708687,2.7785848220044187,4.633938681998726,3.5008107111651525,3.119402254540484,16.055190851371556
2025-01-29,GD,GHM,Earnings,-0.19182706130518357,0.004650465814145188,0.1819,0.005842928577083548,0.0010628287081714974,0.0023800392369184645,0.5926633013702792,-1.2393441376015435,long,True,False,False,,1.0760004153144127,-1.2393441376015435,0.3211078788566912,-0.8674757253953901,-0.9289648667127214,-19.538778724401602,-5.71265534598621,-41.78305414109393,-38.89501793991195,149.84290651147353
2025-01-30,NOC,FEIM,Earnings,0.013181562592161175,2.624596206801666e-05,0.3959,0.0,0.0,0.0027665532270861742,0.0,0.0,long,False,True,True,below threshold,,,,,,,,,,
2025-01-30,NOC,SYPR,Earnings,-0.35172616843328075,0.015385393872706099,0.23,0.010071182563526408,0.002316371989611074,-0.026305994647704438,3.6120065326760833,12.356550142069926,short,True,True,False,,12.843397326997103,12.356550142069926,8.410048533436962,-7.437251671051763,-25.829595620655663,-8.582486823873914,-23.104499527005412,-51.05495036989907,-36.70560006467239,-17.874210169676335
2025-01-30,NOC,MRCY,Earnings,-0.10890861153857864,0.004622972347685161,0.12,0.0,0.0,0.004979507508940906,-0.5967921271571237,0.0,long,False,False,True,below threshold,,,,,,,,,,
2025-01-30,NOC,CVU,Earnings,0.0024175637802191785,4.148905888845533e-06,0.08,0.0,0.0,-0.035207086646591876,0.0,0.0,long,False,True,True,below threshold,,,,,,,,,,
2025-01-31,CVX,DXC,Earnings,0.2100388416089522,0.005366707306824758,0.31,-0.005240792516540491,-0.0016246456801275522,0.020348933883204186,-4.882797080590544,-13.525151872872721,long,True,False,False,,-13.794219175866896,-13.525151872872721,-21.07175855209975,-20.267756996129336,-22.721936613140937,-27.236874233317973,-31.74160874785249,-34.229170264846985,38.65828496723478,23.04962465384839
2025-01-31,CVX,MUR,Earnings,1.121383821508697,0.24528217655660955,0.19,-0.02798025305659405,-0.00531624808075287,0.011285592646932165,-1.4033413359094877,-3.1228491363657236,long,True,False,False,,-1.5480090216939182,-3.1228491363657236,-2.109208090100489,-2.743831356708098,-0.4688051569309455,7.925015683453177,5.586261301215699,3.7056567716098177,-4.200715210854359,-5.006398719612313
2025-01-31,CVX,RIG,Earnings,-0.09707326049491116,0.000556332651881597,0.149,0.0,0.0,0.019318201808269875,-6.975716893416625,0.0,long,False,False,True,below threshold,,,,,,,,,,
2025-01-31,CVX,TPL,Earnings,0.6517209951418601,0.06779173593074361,0.11,-0.01626144235060477,-0.0017887586585665245,0.03892573450776855,-3.393744273632707,-22.761311578479155,long,True,False,False,,-17.691155611739347,-22.761311578479155,-19.97497080398165,-20.68433620822558,-18.133736685156794,-31.269581808100327,-31.447232369739957,-29.67118996813819,-36.79450769205887,-31.925508035178222
2025-04-22,LMT,AIRI,Earnings,1.8534739796473252,0.1353270584981794,0.302,0.019233744745085782,0.005808590913015906,0.0039012895935719087,0.7971643252378772,0.32835869284065283,long,False,True,False,,-0.4009092146053411,0.32835869284065283,-0.6486920164811402,-7.110857145175108,-7.661069594664037,-6.168162388241278,-7.505269345462904,-13.18143157691756,-14.22670013844745,-17.936880530918177
2025-04-22,LMT,CVU,Earnings,-0.18306454435979766,0.0027315075480233153,0.24,0.0,0.0,0.010983659099757221,-6.781831775496248,0.0,long,False,True,True,below threshold,,,,,,,,,,
2025-04-22,LMT,EMKR,Earnings,1.0,0.0,0.2391,0.0,0.0,,0.0,0.0,long,False,True,True,zero volume bars,,,,,,,,,,
2025-04-22,LMT,SIF,Earnings,1.0,0.0,0.1108,0.0,0.0,,0.0,0.0,long,False,True,True,zero volume bars,,,,,,,,,,
2025-04-22,LMT,TTMI,Earnings,-0.058124770494388044,0.0005076779876902471,0.1105,0.0,0.0,0.0275041539423379,0.0,0.0,long,False,False,True,below threshold,,,,,,,,,,
2025-04-22,RTX,AIRI,Earnings,1.4581858146816824,0.14403167172445364,0.382,-0.12036665394183496,-0.04598006180578096,0.0039012895935719087,-1.0324117142564844,-1.084847419519593,long,False,True,False,,-1.1769747193531122,-1.084847419519593,-1.2082767419005553,-2.0246321831675074,-2.094139680739592,-1.9055429957278955,-2.0744576734474327,-2.791518570357456,-2.92356574971554,-3.3922671665249817
2025-04-22,RTX,CVU,Earnings,0.8243675370240738,0.0813987809549015,0.36,-0.06804781739803191,-0.024497214263291486,0.010983659099757221,-1.1614108948639827,-1.4483635968443964,long,False,True,False,,-1.8330435846660078,-1.4483635968443964,-2.1297506079556308,-2.085662403438762,-1.7973637345549727,-0.890777017514655,-0.2623253067515166,0.7836500063909526,2.4485555536170573,1.7067708704349656
2025-04-22,RTX,MTX,Earnings,0.3679984706426525,0.061548869926243865,0.2475,-0.03037661189746115,-0.007518211444621634,0.020034825466849718,-1.6595477314744311,-3.6648393190886113,long,True,False,False,,-1.809248821195301,-3.6648393190886113,-3.7994394163935703,-4.187846145640634,-4.1185243674115934,-1.013435976318672,-1.7636194401730765,19.80289420345897,19.101129945054588,19.88756163991998
2025-04-22,RTX,MRCY,Earnings,-0.03889754677204178,0.0006647447033750753,0.19,0.0,0.0,0.01081672663636686,-2.3688395250406096,0.0,long,False,False,True,below threshold,,,,,,,,,,
2025-04-23,GD,OPXS,Earnings,0.9408443159074872,0.15180230968842323,0.1848,-0.05497074231012416,-0.010158593178910944,-0.018968352201140397,-0.6549373102126197,0.8672223473343095,short,False,True,False,,0.7051236336554664,0.8672223473343095,0.7514048593626402,1.2359081707090662,0.7853777745034273,-4.786424105824369,-2.3638327999389155,-3.9093347918542416,-1.6306528557040578,-9.583635011038524
2025-04-23,GD,GHM,Earnings,-0.48065511966911056,0.026125186754056284,0.1819,0.028083252751426122,0.005108343675484412,-0.007299500097244182,1.2599235979483716,2.4289367671708164,short,True,False,False,,-1.7846032582827716,2.4289367671708164,2.757563199731143,2.399542331602882,6.158262181766805,-2.780484826035914,0.02918824049446162,9.240128653678054,2.5182570502260795,-3.324686137273565
2025-04-24,NOC,FEIM,Earnings,-0.10817517807984914,0.0022611256171085614,0.3959,0.0,0.0,0.004482290281039357,-0.9984309558211864,0.0,long,False,True,True,below threshold,,,,,,,,,,
2025-04-24,NOC,SYPR,Earnings,-0.8503316491677323,0.10895084915753916,0.23,0.017630781181604292,0.004055079671768987,-0.016403718989925847,1.9304022788871804,5.04522729950948,short,False,True,False,,4.821214458692898,5.04522729950948,8.629131788758379,4.841392714583247,8.13328022062166,7.0014921078620835,14.514643385814782,19.141278058436058,25.093521541752153,27.75705131927832
2025-04-24,NOC,MRCY,Earnings,-0.13738456094549248,0.008722860739918126,0.12,0.0,0.0,0.007134510037377192,-1.5046267318781974,0.0,long,False,False,True,below threshold,,,,,,,,,,
2025-04-24,NOC,CVU,Earnings,-0.07618662937643861,0.005660191914801049,0.08,0.0,0.0,0.028470817651077972,-17.023451742653947,0.0,long,False,True,True,below threshold,,,,,,,,,,
2025-05-06,OXY,TPL,Earnings,0.45235299966182363,0.1647966007101922,0.19,0.0,0.0,0.0012674982658410659,0.800421800896913,-0.05041157422677398,long,False,False,True,below threshold,,,,,,,,,,
2025-05-06,OXY,PUMP,Earnings,0.3556791773345662,0.10466658865510825,0.137,0.0,0.0,-0.015555321612801251,4.115040906112785,0.0,long,False,False,True,below threshold,,,,,,,,,,
2025-05-06,OXY,STR,Earnings,0.16989450716643134,0.054108157148124336,0.1,0.0,0.0,-0.001215642702318759,1.5096473959387577,0.0,long,False,False,True,below threshold,,,,,,,,,,
