bar_start,open,high,low,close,volume
2016-01-04 09:30:00,18.32,18.455,18.22,18.38,2272619
2016-01-04 10:30:00,18.38,18.41,18.285,18.4,1938056
2016-01-04 11:30:00,18.4,18.44,18.35,18.41,1398654
2016-01-04 12:30:00,18.41,18.44,18.35,18.39,1066814
2016-01-04 13:30:00,18.39,18.435,18.34,18.405,1213436
2016-01-04 14:30:00,18.4,18.415,18.205,18.295,2072067
2016-01-04 15:30:00,18.29,18.47,18.2495,18.46,2376903
2016-01-05 09:30:00,18.47,18.5,18.29,18.4134,1775726
2016-01-05 10:30:00,18.41,18.625,18.4,18.5401,1257258
2016-01-05 11:30:00,18.5439,18.59,18.38,18.4,794877
2016-01-05 12:30:00,18.4,18.425,18.32,18.38,1117573
2016-01-05 13:30:00,18.38,18.58,18.3471,18.5527,804565
2016-01-05 14:30:00,18.5585,18.57,18.44,18.55,1103839
2016-01-05 15:30:00,18.54,18.56,18.48,18.495,1892534
2016-01-06 09:30:00,18.17,18.23,17.72,17.76,4604830
2016-01-06 10:30:00,17.76,17.76,17.57,17.675,3152123
2016-01-06 11:30:00,17.6763,17.69,17.49,17.6,3143274
2016-01-06 12:30:00,17.6,17.635,17.42,17.42,1799771
2016-01-06 13:30:00,17.43,17.55,17.2438,17.54,3188152
2016-01-06 14:30:00,17.55,17.63,17.24,17.63,5117763
2016-01-06 15:30:00,17.62,17.755,17.6126,17.73,5519475
2016-01-07 09:30:00,17.3,17.56,17.02,17.37,3036655
2016-01-07 10:30:00,17.37,17.59,17.37,17.535,2068659
2016-01-07 11:30:00,17.54,17.61,17.435,17.44,1144893
2016-01-07 12:30:00,17.4401,17.48,17.28,17.31,1288853
2016-01-07 13:30:00,17.31,17.355,17.245,17.26,1264928
2016-01-07 14:30:00,17.2576,17.36,17.125,17.125,3172800
2016-01-07 15:30:00,17.12,17.36,17.115,17.21,3059868
2016-01-08 09:30:00,17.22,17.255,16.79,16.8165,8407000
2016-01-08 10:30:00,16.815,16.93,16.52,16.665,5932264
2016-01-08 11:30:00,16.665,17.02,16.59,17.0,5807234
2016-01-08 12:30:00,17.01,17.01,16.88,16.9,1813157
2016-01-08 13:30:00,16.91,17.0,16.905,16.955,1476194
2016-01-08 14:30:00,16.95,17.02,16.92,16.95,1924610
2016-01-08 15:30:00,16.95,16.95,16.75,16.795,2942328
2016-01-11 09:30:00,16.98,17.05,16.81,16.82,2578042
2016-01-11 10:30:00,16.82,16.945,16.73,16.75,2017402
2016-01-11 11:30:00,16.755,16.79,16.53,16.55,2990583
2016-01-11 12:30:00,16.545,16.67,16.46,16.53,4591560
2016-01-11 13:30:00,16.53,16.57,16.4,16.55,3055172
2016-01-11 14:30:00,16.56,16.71,16.5,16.69,3355909
2016-01-11 15:30:00,16.69,16.77,16.67,16.68,3159001
2016-01-12 09:30:00,16.93,17.2,16.8,16.81,2746069
2016-01-12 10:30:00,16.81,16.8877,16.655,16.695,1752912
2016-01-12 11:30:00,16.695,16.725,16.59,16.64,1672625
2016-01-12 12:30:00,16.64,16.68,16.57,16.66,1073978
2016-01-12 13:30:00,16.66,16.78,16.59,16.67,1351997
2016-01-12 14:30:00,16.67,16.79,16.645,16.74,1775247
2016-01-12 15:30:00,16.74,16.8,16.71,16.76,2362583
2016-01-13 09:30:00,16.92,17.105,16.775,16.78,3774033
2016-01-13 10:30:00,16.78,16.785,16.47,16.495,6044612
2016-01-13 11:30:00,16.49,16.62,16.42,16.47,2493632
2016-01-13 12:30:00,16.47,16.51,16.36,16.415,1632873
2016-01-13 13:30:00,16.415,16.46,16.12,16.235,4119194
2016-01-13 14:30:00,16.23,16.345,16.02,16.28,3056919
2016-01-13 15:30:00,16.275,16.33,16.17,16.2,3073438
2016-01-14 09:30:00,16.36,16.6,16.205,16.595,4224225
2016-01-14 10:30:00,16.595,16.72,16.485,16.52,3076540
2016-01-14 11:30:00,16.52,16.775,16.49,16.73,1102008
2016-01-14 12:30:00,16.74,16.95,16.72,16.945,1603075
2016-01-14 13:30:00,16.95,17.025,16.5329,17.0,2512841
2016-01-14 14:30:00,17.0,17.03,16.94,16.94,3155218
2016-01-14 15:30:00,16.94,16.945,16.79,16.815,3039314
2016-01-15 09:30:00,16.08,16.42,15.95,16.305,5681868
2016-01-15 10:30:00,16.3,16.4,16.175,16.275,2574626
2016-01-15 11:30:00,16.28,16.28,15.98,16.0,3735541
2016-01-15 12:30:00,16.0001,16.08,15.85,16.015,2833750
2016-01-15 13:30:00,16.02,16.17,15.99,16.04,1992088
2016-01-15 14:30:00,16.045,16.24,16.0,16.15,2401473
2016-01-15 15:30:00,16.15,16.175,16.075,16.08,3739723
2016-01-19 09:30:00,16.36,16.76,16.36,16.659,5416065
2016-01-19 10:30:00,16.6501,16.67,16.424,16.67,3261199
2016-01-19 11:30:00,16.67,16.73,16.51,16.6,2118763
2016-01-19 12:30:00,16.59,16.635,16.5,16.53,1610275
2016-01-19 13:30:00,16.53,16.585,16.35,16.43,1837230
2016-01-19 14:30:00,16.43,16.54,16.315,16.515,2130385
2016-01-19 15:30:00,16.515,16.56,16.45,16.45,2301960
2016-02-16 09:30:00,16.15,16.66,16.15,16.51,3297494
2016-02-16 10:30:00,16.515,16.67,16.5,16.6,1412286
2016-02-16 11:30:00,16.5986,16.8,16.5986,16.78,1118014
2016-02-16 12:30:00,16.775,16.91,16.7,16.885,1232896
2016-02-16 13:30:00,16.885,16.985,16.825,16.865,2200496
2016-02-16 14:30:00,16.86,16.94,16.805,16.94,1898643
2016-02-16 15:30:00,16.94,16.95,16.69,16.72,5678401
2016-02-17 09:30:00,16.89,17.1,16.76,16.99,1918601
2016-02-17 10:30:00,16.99,17.2,16.953,17.18,2607792
2016-02-17 11:30:00,17.175,17.21,17.045,17.16,1080132
2016-02-17 12:30:00,17.165,17.19,17.085,17.144,716922
2016-02-17 13:30:00,17.15,17.27,17.12,17.2,1176915
2016-02-17 14:30:00,17.2,17.21,17.01,17.035,1892242
2016-02-17 15:30:00,17.04,17.18,16.85,17.14,1629587
2016-02-18 09:30:00,17.17,17.2,17.045,17.12,2193252
2016-02-18 10:30:00,17.12,17.175,17.05,17.0999,1016272
2016-02-18 11:30:00,17.1,17.16,17.06,17.125,951090
2016-02-18 12:30:00,17.13,17.16,17.03,17.08,892653
2016-02-18 13:30:00,17.08,17.245,17.07,17.175,1777084
2016-02-18 14:30:00,17.18,17.29,17.175,17.185,1793301
2016-02-18 15:30:00,17.185,17.2481,17.11,17.15,2781079
2016-02-19 09:30:00,18.5,18.75,17.17,18.7099,14814474
2016-02-19 10:30:00,18.7,18.8497,18.52,18.64,5593019
2016-02-19 11:30:00,18.645,18.8,18.55,18.77,2220118
2016-02-19 12:30:00,18.775,18.81,18.72,18.76,1742283
2016-02-19 13:30:00,18.76,18.78,18.56,18.56,1874770
2016-02-19 14:30:00,18.57,18.57,18.33,18.515,3437540
2016-02-19 15:30:00,18.515,18.52,18.37,18.38,4064464
2016-02-22 09:30:00,18.7,18.82,18.5,18.63,4080778
2016-02-22 10:30:00,18.63,18.64,18.49,18.54,1782792
2016-02-22 11:30:00,18.54,18.56,18.45,18.515,1128311
2016-02-22 12:30:00,18.52,18.64,18.5,18.635,1202717
2016-02-22 13:30:00,18.636,18.69,18.54,18.615,1585260
2016-02-22 14:30:00,18.61,18.64,18.51,18.58,1424414
2016-02-22 15:30:00,18.58,18.62,18.52,18.59,3130281
2016-02-23 09:30:00,18.48,18.61,18.4172,18.555,2229343
2016-02-23 10:30:00,18.5542,18.665,18.49,18.53,1672145
2016-02-23 11:30:00,18.54,18.65,18.53,18.58,1143604
2016-02-23 12:30:00,18.58,18.725,18.57,18.71,1964904
2016-02-23 13:30:00,18.71,18.715,18.56,18.565,1116431
2016-02-23 14:30:00,18.565,18.59,18.48,18.55,1434308
2016-02-23 15:30:00,18.55,18.6,18.49,18.51,1714269
2016-03-28 09:30:00,20.22,20.32,20.15,20.2742,1212106
2016-03-28 10:30:00,20.27,20.2865,20.2,20.255,537193
2016-03-28 11:30:00,20.26,20.275,20.18,20.21,567935
2016-03-28 12:30:00,20.21,20.2901,20.2022,20.24,364592
2016-03-28 13:30:00,20.235,20.27,20.17,20.19,479191
2016-03-28 14:30:00,20.19,20.22,20.15,20.215,789431
2016-03-28 15:30:00,20.22,20.24,20.17,20.2,1197353
2016-03-29 09:30:00,20.12,20.39,20.04,20.3899,1193842
2016-03-29 10:30:00,20.39,20.41,20.3,20.33,800278
2016-03-29 11:30:00,20.33,20.5,20.3184,20.49,1012348
2016-03-29 12:30:00,20.49,20.5657,20.46,20.53,708625
2016-03-29 13:30:00,20.54,20.62,20.47,20.61,669594
2016-03-29 14:30:00,20.61,20.675,20.6,20.66,683306
2016-03-29 15:30:00,20.66,20.66,20.585,20.59,1324276
2016-03-30 09:30:00,20.81,21.2,20.79,21.1,2807766
2016-03-30 10:30:00,21.1,21.13,20.955,21.035,1475365
2016-03-30 11:30:00,21.03,21.13,21.01,21.075,1070244
2016-03-30 12:30:00,21.075,21.11,20.98,20.99,1079147
2016-03-30 13:30:00,20.99,21.035,20.93,20.995,1671580
2016-03-30 14:30:00,20.995,21.1,20.975,21.06,1904307
2016-03-30 15:30:00,21.06,21.0732,21.03,21.05,1789032
2016-03-31 09:30:00,20.91,21.2,20.84,21.18,2088930
2016-03-31 10:30:00,21.175,21.22,21.11,21.16,1209670
2016-03-31 11:30:00,21.16,21.41,21.16,21.36,2830699
2016-03-31 12:30:00,21.3625,21.37,21.25,21.27,1116891
2016-03-31 13:30:00,21.265,21.325,21.22,21.25,1612115
2016-03-31 14:30:00,21.25,21.26,21.19,21.21,1604879
2016-03-31 15:30:00,21.21,21.23,21.18,21.18,2790926
2016-04-01 09:30:00,20.99,21.27,20.89,21.2,2646843
2016-04-01 10:30:00,21.2,21.39,21.155,21.315,1854149
2016-04-01 11:30:00,21.315,21.38,21.18,21.2,864120
2016-04-01 12:30:00,21.2,21.33,21.17,21.27,755105
2016-04-01 13:30:00,21.265,21.34,21.26,21.27,1745733
2016-04-01 14:30:00,21.27,21.345,21.25,21.305,1064340
2016-04-01 15:30:00,21.31,21.42,21.3,21.42,1922919
2016-04-04 09:30:00,21.38,21.46,21.3,21.4246,1558029
2016-04-04 10:30:00,21.425,21.4599,21.3,21.31,972792
2016-04-04 11:30:00,21.315,21.43,21.31,21.344,698371
2016-04-04 12:30:00,21.34,21.37,21.31,21.36,522800
2016-04-04 13:30:00,21.35,21.36,21.22,21.22,754037
2016-04-04 14:30:00,21.22,21.24,21.17,21.17,952039
2016-04-04 15:30:00,21.18,21.2,21.14,21.17,1810882
2016-04-14 09:30:00,21.29,21.35,20.72,21.25,6326580
2016-04-14 10:30:00,21.25,21.37,21.24,21.26,2449289
2016-04-14 11:30:00,21.255,21.4886,21.255,21.41,1350653
2016-04-14 12:30:00,21.4,21.49,21.375,21.41,1210288
2016-04-14 13:30:00,21.41,21.46,21.38,21.4224,919267
2016-04-14 14:30:00,21.42,21.51,21.39,21.485,3122810
2016-04-14 15:30:00,21.485,21.52,21.47,21.48,1958294
2016-04-15 09:30:00,21.47,21.49,21.3,21.465,2700235
2016-04-15 10:30:00,21.465,21.505,21.4,21.425,1066086
2016-04-15 11:30:00,21.43,21.5,21.42,21.45,829644
2016-04-15 12:30:00,21.4501,21.48,21.425,21.47,697956
2016-04-15 13:30:00,21.47,21.495,21.29,21.39,2087173
2016-04-15 14:30:00,21.39,21.48,21.34,21.475,2147833
2016-04-15 15:30:00,21.48,21.5,21.44,21.46,1827385
2016-04-18 09:30:00,21.4,21.63,21.26,21.58,1921274
2016-04-18 10:30:00,21.59,21.64,21.49,21.525,1276695
2016-04-18 11:30:00,21.53,21.64,21.5,21.6185,1100838
2016-04-18 12:30:00,21.62,21.67,21.58,21.595,927481
2016-04-18 13:30:00,21.6,21.61,21.53,21.55,785350
2016-04-18 14:30:00,21.55,21.64,21.54,21.55,1125320
2016-04-18 15:30:00,21.54,21.6,21.535,21.56,1704526
2016-04-19 09:30:00,21.38,21.52,21.36,21.425,2027864
2016-04-19 10:30:00,21.425,21.5,21.39,21.435,1178892
2016-04-19 11:30:00,21.435,21.45,21.255,21.26,1256708
2016-04-19 12:30:00,21.27,21.39,21.22,21.36,1418750
2016-04-19 13:30:00,21.36,21.3875,21.26,21.266,1741899
2016-04-19 14:30:00,21.2663,21.32,21.24,21.26,1366306
2016-04-19 15:30:00,21.255,21.29,21.17,21.2,2689876
2016-04-20 09:30:00,21.14,21.32,21.025,21.045,2321663
2016-04-20 10:30:00,21.05,21.09,20.97,21.08,2376812
2016-04-20 11:30:00,21.09,21.13,21.02,21.11,2931461
2016-04-20 12:30:00,21.1087,21.23,21.1,21.18,1519477
2016-04-20 13:30:00,21.185,21.25,21.16,21.23,1737609
2016-04-20 14:30:00,21.23,21.28,21.22,21.23,788803
2016-04-20 15:30:00,21.23,21.23,21.12,21.14,1512792
2016-04-21 09:30:00,21.09,21.24,21.0,21.005,1540245
2016-04-21 10:30:00,21.0,21.055,20.93,20.985,1331486
2016-04-21 11:30:00,20.99,21.02,20.85,21.0,1210266
2016-04-21 12:30:00,21.0,21.03,20.945,20.945,749445
2016-04-21 13:30:00,20.94,21.03,20.915,20.93,1207033
2016-04-21 14:30:00,20.935,20.95,20.8901,20.92,696219
2016-04-21 15:30:00,20.92,20.98,20.92,20.95,1672683
2016-04-22 09:30:00,20.94,21.25,20.9,21.19,1496601
2016-04-22 10:30:00,21.19,21.26,21.033,21.08,1026796
2016-04-22 11:30:00,21.08,21.14,20.9,20.915,1133420
2016-04-22 12:30:00,20.92,20.95,20.87,20.885,1477179
2016-04-22 13:30:00,20.885,21.05,20.88,21.03,993753
2016-04-22 14:30:00,21.025,21.1,21.01,21.075,1102930
2016-04-22 15:30:00,21.08,21.11,21.05,21.1,1273709
2016-04-25 09:30:00,21.02,21.13,20.9,20.955,1347465
2016-04-25 10:30:00,20.955,21.0,20.91,20.94,875994
2016-04-25 11:30:00,20.95,20.96,20.87,20.95,852445
2016-04-25 12:30:00,20.95,21.015,20.925,20.995,670984
2016-04-25 13:30:00,20.99,21.03,20.881,20.935,948022
2016-04-25 14:30:00,20.935,20.965,20.905,20.95,775487
2016-04-25 15:30:00,20.96,20.99,20.92,20.94,984977
2016-04-26 09:30:00,21.12,21.45,21.0,21.27,2644480
2016-04-26 10:30:00,21.27,21.29,21.15,21.215,1225462
2016-04-26 11:30:00,21.215,21.4011,21.2,21.35,1065055
2016-04-26 12:30:00,21.36,21.37,21.29,21.315,470429
2016-04-26 13:30:00,21.32,21.4,21.215,21.215,1576597
2016-04-26 14:30:00,21.2126,21.28,21.21,21.23,904212
2016-04-26 15:30:00,21.235,21.3,21.2325,21.27,950484
2016-04-27 09:30:00,21.24,21.4801,21.21,21.2395,1608372
2016-04-27 10:30:00,21.23,21.24,21.17,21.19,898192
2016-04-27 11:30:00,21.2,21.31,21.19,21.27,853624
2016-04-27 12:30:00,21.28,21.28,21.21,21.225,695742
2016-04-27 13:30:00,21.225,21.38,21.2,21.3599,1219078
2016-04-27 14:30:00,21.36,21.49,21.315,21.49,1147126
2016-04-27 15:30:00,21.49,21.515,21.41,21.42,2288954
2016-04-28 09:30:00,21.26,21.29,21.04,21.18,2302830
2016-04-28 10:30:00,21.1739,21.24,21.15,21.17,1915517
2016-04-28 11:30:00,21.17,21.22,21.12,21.125,980113
2016-04-28 12:30:00,21.13,21.16,21.0,21.005,756400
2016-04-28 13:30:00,21.01,21.08,21.0,21.07,772610
2016-04-28 14:30:00,21.065,21.07,20.75,20.79,1972948
2016-04-28 15:30:00,20.79,20.83,20.72,20.805,2060362
2016-04-29 09:30:00,20.65,20.67,20.23,20.33,2874738
2016-04-29 10:30:00,20.33,20.43,20.21,20.21,2064455
2016-04-29 11:30:00,20.22,20.35,20.1738,20.32,1498383
2016-04-29 12:30:00,20.31,20.39,20.28,20.35,764810
2016-04-29 13:30:00,20.35,20.3599,20.19,20.25,1134412
2016-04-29 14:30:00,20.25,20.33,20.2,20.305,1538817
2016-04-29 15:30:00,20.3,20.48,20.3,20.465,3106132
2016-05-02 09:30:00,20.5,20.57,20.34,20.51,2582101
2016-05-02 10:30:00,20.51,20.65,20.41,20.47,1874716
2016-05-02 11:30:00,20.465,20.51,20.35,20.41,1079399
2016-05-02 12:30:00,20.41,20.46,20.34,20.37,1286329
2016-05-02 13:30:00,20.375,20.4,20.32,20.33,1202517
2016-05-02 14:30:00,20.34,20.39,20.32,20.375,1196293
2016-05-02 15:30:00,20.38,20.38,20.3,20.31,2311759
2016-05-03 09:30:00,20.11,20.34,19.99,20.005,2708768
2016-05-03 10:30:00,20.0,20.1,19.98,20.0,1889372
2016-05-03 11:30:00,20.0,20.1,19.98,20.07,3345244
2016-05-03 12:30:00,20.065,20.14,20.06,20.091,1710549
2016-05-03 13:30:00,20.1,20.11,20.03,20.05,2624730
2016-05-03 14:30:00,20.05,20.1,20.04,20.09,1358518
2016-05-03 15:30:00,20.09,20.11,20.03,20.1,2363231
2016-05-16 09:30:00,19.54,19.85,19.54,19.85,1454417
2016-05-16 10:30:00,19.85,19.89,19.78,19.87,1119384
2016-05-16 11:30:00,19.875,19.93,19.86,19.885,966508
2016-05-16 12:30:00,19.89,19.97,19.88,19.97,762975
2016-05-16 13:30:00,19.97,19.98,19.915,19.98,769499
2016-05-16 14:30:00,19.98,19.98,19.95,19.95,652423
2016-05-16 15:30:00,19.955,19.96,19.835,19.845,1609181
2016-05-17 09:30:00,19.8,19.95,19.73,19.83,2191938
2016-05-17 10:30:00,19.83,19.98,19.8,19.905,804294
2016-05-17 11:30:00,19.9,19.96,19.8,19.82,733681
2016-05-17 12:30:00,19.825,19.86,19.76,19.785,496874
2016-05-17 13:30:00,19.785,19.84,19.6,19.64,715412
2016-05-17 14:30:00,19.63,19.685,19.59,19.64,988727
2016-05-17 15:30:00,19.635,19.71,19.625,19.645,1290581
2016-05-18 09:30:00,19.64,19.865,19.58,19.86,1406840
2016-05-18 10:30:00,19.85,19.96,19.81,19.95,1944223
2016-05-18 11:30:00,19.9263,19.9667,19.87,19.92,1100172
2016-05-18 12:30:00,19.92,20.085,19.91,20.055,1129166
2016-05-18 13:30:00,20.06,20.1,19.8,19.8,1268277
2016-05-18 14:30:00,19.8,19.95,19.77,19.85,1165754
2016-05-18 15:30:00,19.85,19.93,19.81,19.92,1431480
2016-05-19 09:30:00,19.79,20.04,19.76,19.8,2427228
2016-05-19 10:30:00,19.79,19.85,19.72,19.8499,1511210
2016-05-19 11:30:00,19.84,19.8492,19.72,19.78,1239695
2016-05-19 12:30:00,19.7825,19.86,19.74,19.825,1013558
2016-05-19 13:30:00,19.82,19.91,19.82,19.83,1136173
2016-05-19 14:30:00,19.84,19.92,19.79,19.86,1141430
2016-05-19 15:30:00,19.865,19.93,19.86,19.9,2524266
2016-05-20 09:30:00,21.73,22.75,21.7,22.425,20990700
2016-05-20 10:30:00,22.43,22.77,22.4201,22.515,6324804
2016-05-20 11:30:00,22.51,22.615,22.29,22.37,3791800
2016-05-20 12:30:00,22.37,22.5,22.285,22.3699,3228124
2016-05-20 13:30:00,22.36,22.625,22.2163,22.59,4309707
2016-05-20 14:30:00,22.59,22.63,22.45,22.49,4642909
2016-05-20 15:30:00,22.49,22.7775,22.49,22.67,9436492
2016-05-23 09:30:00,22.88,23.02,22.77,22.97,6997623
2016-05-23 10:30:00,22.97,22.98,22.85,22.865,2403428
2016-05-23 11:30:00,22.86,22.89,22.77,22.835,2431645
2016-05-23 12:30:00,22.83,22.895,22.79,22.865,1540267
2016-05-23 13:30:00,22.865,23.0,22.85,22.915,3902047
2016-05-23 14:30:00,22.91,22.96,22.895,22.9,2696842
2016-05-23 15:30:00,22.9,22.93,22.87,22.92,4257984
2016-05-24 09:30:00,22.93,23.42,22.92,23.41,5209102
2016-05-24 10:30:00,23.405,23.45,23.32,23.36,2885590
2016-05-24 11:30:00,23.36,23.44,23.285,23.425,1650623
2016-05-24 12:30:00,23.43,23.44,23.3,23.405,1685118
2016-05-24 13:30:00,23.405,23.48,23.35,23.475,1509684
2016-05-24 14:30:00,23.48,23.48,23.38,23.445,2962207
2016-05-24 15:30:00,23.45,23.49,23.41,23.49,2184938
2016-06-27 09:30:00,23.04,23.17,22.44,22.46,3336674
2016-06-27 10:30:00,22.465,22.58,22.2,22.3599,4236647
2016-06-27 11:30:00,22.36,22.475,22.32,22.45,1903870
2016-06-27 12:30:00,22.46,22.54,22.34,22.495,1366737
2016-06-27 13:30:00,22.485,22.5,22.295,22.4,1694935
2016-06-27 14:30:00,22.4,22.425,22.17,22.22,3391224
2016-06-27 15:30:00,22.22,22.35,22.2,22.29,3212471
2016-06-28 09:30:00,22.75,22.9,22.64,22.775,3758962
2016-06-28 10:30:00,22.775,22.785,22.56,22.57,1596650
2016-06-28 11:30:00,22.58,22.71,22.56,22.65,1041426
2016-06-28 12:30:00,22.64,22.75,22.64,22.68,1290416
2016-06-28 13:30:00,22.68,22.805,22.67,22.7575,1409489
2016-06-28 14:30:00,22.75,22.97,22.75,22.885,1523748
2016-06-28 15:30:00,22.89,22.955,22.85,22.94,2105884
2016-06-29 09:30:00,23.25,23.58,23.18,23.46,3014400
2016-06-29 10:30:00,23.46,23.47,23.35,23.43,1621339
2016-06-29 11:30:00,23.43,23.5,23.37,23.4685,1103969
2016-06-29 12:30:00,23.46,23.5,23.4,23.44,678711
2016-06-29 13:30:00,23.44,23.665,23.4325,23.63,1682260
2016-06-29 14:30:00,23.63,23.71,23.62,23.67,2077370
2016-06-29 15:30:00,23.665,23.67,23.55,23.56,1763698
2016-06-30 09:30:00,23.71,23.73,23.465,23.6701,1755263
2016-06-30 10:30:00,23.675,23.73,23.63,23.66,1677100
2016-06-30 11:30:00,23.67,23.95,23.665,23.92,1137422
2016-06-30 12:30:00,23.93,23.94,23.6444,23.86,772675
2016-06-30 13:30:00,23.87,23.94,23.83,23.865,910521
2016-06-30 14:30:00,23.87,23.98,23.81,23.96,1469705
2016-06-30 15:30:00,23.965,23.97,23.87,23.96,1469121
2016-07-01 09:30:00,23.81,24.01,23.74,23.92,1877024
2016-07-01 10:30:00,23.91,23.99,23.86,23.9614,1257172
2016-07-01 11:30:00,23.97,24.02,23.92,23.93,1043577
2016-07-01 12:30:00,23.935,23.99,23.89,23.89,812568
2016-07-01 13:30:00,23.89,23.93,23.86,23.8669,1093239
2016-07-01 14:30:00,23.86,23.95,23.83,23.9,1047562
2016-07-01 15:30:00,23.9,23.97,23.875,23.89,1181599
2016-07-05 09:30:00,23.75,23.8,23.52,23.64,1372613
2016-07-05 10:30:00,23.65,23.745,23.57,23.665,979819
2016-07-05 11:30:00,23.66,23.68,23.56,23.65,697314
2016-07-05 12:30:00,23.65,23.66,23.53,23.53,732080
2016-07-05 13:30:00,23.53,23.69,23.49,23.67,906106
2016-07-05 14:30:00,23.67,23.76,23.63,23.745,1409938
2016-07-05 15:30:00,23.74,23.87,23.74,23.84,2052674
2016-07-11 09:30:00,25.0,25.22,24.998,25.095,2537541
2016-07-11 10:30:00,25.09,25.28,25.09,25.205,1877461
2016-07-11 11:30:00,25.2,25.25,25.16,25.205,1390930
2016-07-11 12:30:00,25.205,25.3,25.19,25.254,991761
2016-07-11 13:30:00,25.255,25.2999,25.19,25.235,1079062
2016-07-11 14:30:00,25.235,25.2416,25.19,25.195,1080331
2016-07-11 15:30:00,25.195,25.2,25.13,25.15,1420133
2016-07-12 09:30:00,25.32,25.46,25.21,25.27,1921761
2016-07-12 10:30:00,25.27,25.3,25.17,25.195,1197781
2016-07-12 11:30:00,25.195,25.22,25.17,25.2099,898594
2016-07-12 12:30:00,25.21,25.225,25.13,25.18,806394
2016-07-12 13:30:00,25.185,25.24,25.16,25.235,1233201
2016-07-12 14:30:00,25.23,25.33,25.22,25.33,2186060
2016-07-12 15:30:00,25.33,25.41,25.2018,25.405,1949415
2016-07-13 09:30:00,25.49,25.765,25.41,25.73,2615154
2016-07-13 10:30:00,25.73,25.96,25.73,25.92,3219511
2016-07-13 11:30:00,25.9262,25.9262,25.78,25.8,2097694
2016-07-13 12:30:00,25.795,25.92,25.78,25.875,1021464
2016-07-13 13:30:00,25.875,25.92,25.83,25.91,2103123
2016-07-13 14:30:00,25.91,25.94,25.885,25.92,1916740
2016-07-13 15:30:00,25.92,25.97,25.89,25.91,2132117
2016-07-14 09:30:00,26.06,26.24,25.86,25.875,2683616
2016-07-14 10:30:00,25.875,25.955,25.87,25.893,1418927
2016-07-14 11:30:00,25.89,25.89,25.74,25.8,1496292
2016-07-14 12:30:00,25.7901,25.97,25.7901,25.97,1802108
2016-07-14 13:30:00,25.96,26.12,25.94,26.105,1704986
2016-07-14 14:30:00,26.1,26.23,26.1,26.23,2584696
2016-07-14 15:30:00,26.23,26.24,26.1,26.105,2318415
2016-07-15 09:30:00,26.02,26.21,25.95,26.205,2561574
2016-07-15 10:30:00,26.205,26.24,26.06,26.095,1050413
2016-07-15 11:30:00,26.1,26.15,26.09,26.13,571307
2016-07-15 12:30:00,26.13,26.135,26.05,26.115,532809
2016-07-15 13:30:00,26.11,26.14,26.1,26.135,727539
2016-07-15 14:30:00,26.134,26.23,26.13,26.225,1170245
2016-07-15 15:30:00,26.225,26.34,26.21,26.33,2990464
2016-07-18 09:30:00,26.53,26.6,26.36,26.5,2039403
2016-07-18 10:30:00,26.499,26.57,26.49,26.5346,1015248
2016-07-18 11:30:00,26.54,26.55,26.43,26.435,1400219
2016-07-18 12:30:00,26.44,26.4485,26.39,26.4275,778783
2016-07-18 13:30:00,26.425,26.64,26.42,26.53,2836366
2016-07-18 14:30:00,26.535,26.58,26.48,26.515,2014231
2016-07-18 15:30:00,26.52,26.61,26.51,26.6,2687168
2016-07-19 09:30:00,26.5,26.7,26.48,26.685,2036954
2016-07-19 10:30:00,26.68,26.77,26.675,26.77,1486677
2016-07-19 11:30:00,26.765,26.82,26.58,26.58,4243578
2016-07-19 12:30:00,26.5836,26.6291,26.49,26.5,1611613
2016-07-19 13:30:00,26.5,26.5421,26.46,26.5,1421167
2016-07-19 14:30:00,26.495,26.5,26.38,26.385,1727617
2016-07-19 15:30:00,26.38,26.42,26.32,26.395,2464537
2016-07-20 09:30:00,26.57,26.59,26.42,26.545,1921183
2016-07-20 10:30:00,26.545,26.62,26.51,26.6199,1093119
2016-07-20 11:30:00,26.62,26.66,26.561,26.57,885193
2016-07-20 12:30:00,26.57,26.705,26.57,26.695,885375
2016-07-20 13:30:00,26.7,26.765,26.69,26.725,899727
2016-07-20 14:30:00,26.725,26.73,26.65,26.675,1080186
2016-07-20 15:30:00,26.68,26.68,26.6,26.65,2145630
2016-07-21 09:30:00,26.61,26.66,26.3675,26.595,3792301
2016-07-21 10:30:00,26.5907,26.66,26.54,26.54,1156229
2016-07-21 11:30:00,26.544,26.55,26.295,26.325,2079168
2016-07-21 12:30:00,26.32,26.33,26.22,26.285,1610520
2016-07-21 13:30:00,26.29,26.319,26.2,26.24,1627385
2016-07-21 14:30:00,26.24,26.26,26.06,26.125,1899107
2016-07-21 15:30:00,26.125,26.24,26.1,26.23,1917553
2016-07-22 09:30:00,26.39,26.39,26.08,26.1828,1345638
2016-07-22 10:30:00,26.2222,26.285,26.18,26.2101,769504
2016-07-22 11:30:00,26.22,26.33,26.21,26.31,440609
2016-07-22 12:30:00,26.31,26.34,26.27,26.33,549453
2016-07-22 13:30:00,26.34,26.41,26.3089,26.365,563275
2016-07-22 14:30:00,26.365,26.37,26.34,26.351,540730
2016-07-22 15:30:00,26.355,26.37,26.33,26.37,752850
2016-07-25 09:30:00,26.44,26.579,26.36,26.41,1449117
2016-07-25 10:30:00,26.405,26.43,26.35,26.38,912343
2016-07-25 11:30:00,26.38,26.4408,26.25,26.309,1122483
2016-07-25 12:30:00,26.305,26.39,26.3,26.385,477796
2016-07-25 13:30:00,26.38,26.43,26.36,26.395,811752
2016-07-25 14:30:00,26.4,26.43,26.38,26.42,576486
2016-07-25 15:30:00,26.41,26.495,26.39,26.49,1188441
2016-08-15 09:30:00,27.4,27.75,27.35,27.69,2994834
2016-08-15 10:30:00,27.69,27.71,27.57,27.589,1643333
2016-08-15 11:30:00,27.61,27.6668,27.53,27.66,1416539
2016-08-15 12:30:00,27.659,27.66,27.51,27.5115,600902
2016-08-15 13:30:00,27.52,27.52,27.47,27.4946,964297
2016-08-15 14:30:00,27.5,27.51,27.465,27.495,1079686
2016-08-15 15:30:00,27.495,27.51,27.45,27.46,1481714
2016-08-16 09:30:00,27.43,27.5224,27.305,27.391,1881409
2016-08-16 10:30:00,27.4,27.415,27.31,27.375,951201
2016-08-16 11:30:00,27.375,27.39,27.27,27.28,835935
2016-08-16 12:30:00,27.28,27.34,27.25,27.265,531197
2016-08-16 13:30:00,27.27,27.3,27.21,27.24,537971
2016-08-16 14:30:00,27.24,27.29,27.22,27.27,664014
2016-08-16 15:30:00,27.27,27.2791,27.21,27.22,875326
2016-08-17 09:30:00,27.4,27.43,27.06,27.13,1912998
2016-08-17 10:30:00,27.13,27.43,27.06,27.1,1706774
2016-08-17 11:30:00,27.1,27.1364,27.0,27.06,813599
2016-08-17 12:30:00,27.06,27.15,27.05,27.1,776995
2016-08-17 13:30:00,27.095,27.22,27.05,27.19,1332467
2016-08-17 14:30:00,27.19,27.24,27.12,27.23,1537216
2016-08-17 15:30:00,27.235,27.33,27.21,27.29,1648235
2016-08-18 09:30:00,27.6,27.68,27.25,27.425,2684456
2016-08-18 10:30:00,27.425,27.75,27.41,27.705,2434177
2016-08-18 11:30:00,27.71,27.71,27.43,27.43,2158753
2016-08-18 12:30:00,27.43,27.46,27.34,27.385,1313721
2016-08-18 13:30:00,27.385,27.48,27.29,27.35,2434826
2016-08-18 14:30:00,27.35,27.65,27.33,27.645,3069867
2016-08-18 15:30:00,27.64,27.69,27.56,27.67,3316264
2016-08-19 09:30:00,28.99,29.605,28.64,29.605,21043228
2016-08-19 10:30:00,29.605,29.74,28.8563,29.5228,9235981
2016-08-19 11:30:00,29.52,29.7,29.43,29.675,4702423
2016-08-19 12:30:00,29.675,29.68,29.48,29.505,3544315
2016-08-19 13:30:00,29.505,29.55,29.46,29.511,3292174
2016-08-19 14:30:00,29.52,29.63,29.49,29.6,4555429
2016-08-19 15:30:00,29.6,29.65,29.4863,29.64,5577624
2016-08-22 09:30:00,29.52,29.53,28.86,29.395,8207068
2016-08-22 10:30:00,29.4,29.52,29.25,29.27,4158249
2016-08-22 11:30:00,29.27,29.46,29.16,29.3801,3603341
2016-08-22 12:30:00,29.3983,29.415,29.16,29.2,2806256
2016-08-22 13:30:00,29.19,29.26,29.095,29.1,2351548
2016-08-22 14:30:00,29.1,29.215,29.05,29.08,3328288
2016-08-22 15:30:00,29.0899,29.19,29.07,29.15,4109223
2016-08-23 09:30:00,29.25,29.82,29.2,29.75,5251887
2016-08-23 10:30:00,29.76,30.08,29.75,30.03,3315596
2016-08-23 11:30:00,30.02,30.15,29.7423,30.12,1926819
2016-08-23 12:30:00,30.12,30.12,29.96,30.035,2611640
2016-08-23 13:30:00,30.03,30.09,29.99,30.02,2263036
2016-08-23 14:30:00,30.025,30.065,29.87,29.9,3293978
2016-08-23 15:30:00,29.905,29.97,29.84,29.94,3775686
2016-09-29 09:30:00,29.68,29.76,29.46,29.59,1692523
2016-09-29 10:30:00,29.59,29.5993,29.3926,29.4699,1050108
2016-09-29 11:30:00,29.47,29.55,29.46,29.49,794192
2016-09-29 12:30:00,29.49,29.82,29.3,29.75,1960978
2016-09-29 13:30:00,29.75,29.77,29.46,29.57,2003043
2016-09-29 14:30:00,29.56,29.64,29.48,29.5701,958445
2016-09-29 15:30:00,29.57,29.64,29.53,29.58,1943001
2016-09-30 09:30:00,29.68,30.0,29.66,30.0,2532120
2016-09-30 10:30:00,30.0,30.2,29.93,30.14,1706488
2016-09-30 11:30:00,30.14,30.17,30.03,30.11,1021733
2016-09-30 12:30:00,30.11,30.134,30.005,30.06,576856
2016-09-30 13:30:00,30.06,30.16,30.0291,30.12,953915
2016-09-30 14:30:00,30.12,30.17,30.06,30.08,1090771
2016-09-30 15:30:00,30.08,30.21,30.06,30.15,3027351
2016-10-03 09:30:00,30.18,30.4,30.1,30.11,2840272
2016-10-03 10:30:00,30.11,30.2,30.03,30.05,1287445
2016-10-03 11:30:00,30.05,30.12,29.94,29.955,817534
2016-10-03 12:30:00,29.95,30.02,29.8801,29.98,659930
2016-10-03 13:30:00,29.98,30.015,29.91,29.96,671018
2016-10-03 14:30:00,29.96,29.9699,29.8,29.81,1606358
2016-10-03 15:30:00,29.8099,29.94,29.8027,29.91,1479561
2016-10-04 09:30:00,29.89,30.13,29.74,29.925,1534907
2016-10-04 10:30:00,29.925,29.955,29.76,29.89,1071854
2016-10-04 11:30:00,29.89,29.94,29.77,29.775,625396
2016-10-04 12:30:00,29.78,29.815,29.57,29.615,626290
2016-10-04 13:30:00,29.6161,29.655,29.53,29.55,847893
2016-10-04 14:30:00,29.55,29.64,29.52,29.615,643035
2016-10-04 15:30:00,29.62,29.62,29.53,29.61,2640573
2016-10-05 09:30:00,29.74,29.93,29.59,29.86,1705778
2016-10-05 10:30:00,29.86,30.0,29.855,29.95,816369
2016-10-05 11:30:00,29.95,30.11,29.942,30.1,838079
2016-10-05 12:30:00,30.1,30.13,30.045,30.125,845779
2016-10-05 13:30:00,30.13,30.18,30.09,30.13,691712
2016-10-05 14:30:00,30.125,30.14,29.92,29.925,932354
2016-10-05 15:30:00,29.9632,30.0,29.92,29.94,1646853
2016-10-06 09:30:00,30.05,30.09,29.44,29.56,2713460
2016-10-06 10:30:00,29.555,29.73,29.45,29.73,1652539
2016-10-06 11:30:00,29.73,29.91,29.68,29.8,1089886
2016-10-06 12:30:00,29.81,29.85,29.76,29.815,685558
2016-10-06 13:30:00,29.81,29.89,29.78,29.85,1239654
2016-10-06 14:30:00,29.85,29.96,29.82,29.82,1051282
2016-10-06 15:30:00,29.82,29.9,29.82,29.89,2957351
2016-10-07 09:30:00,29.83,29.91,29.5101,29.89,2506319
2016-10-07 10:30:00,29.895,29.895,29.77,29.785,1136607
2016-10-07 11:30:00,29.79,29.805,29.47,29.64,1485302
2016-10-07 12:30:00,29.635,29.74,29.57,29.71,808658
2016-10-07 13:30:00,29.72,29.8,29.7,29.74,979575
2016-10-07 14:30:00,29.74,29.825,29.73,29.745,1214881
2016-10-07 15:30:00,29.745,29.8148,29.73,29.75,1826018
2016-10-10 09:30:00,29.97,30.0,29.81,29.8289,1784679
2016-10-10 10:30:00,29.83,29.8628,29.53,29.5605,935580
2016-10-10 11:30:00,29.5344,29.59,29.5,29.5545,792783
2016-10-10 12:30:00,29.55,29.67,29.49,29.585,1087633
2016-10-10 13:30:00,29.6019,29.6019,29.48,29.49,734351
2016-10-10 14:30:00,29.49,29.54,29.36,29.4,1966826
2016-10-10 15:30:00,29.4,29.45,29.35,29.375,2138021
2016-10-11 09:30:00,29.37,29.39,28.66,28.82,4312080
2016-10-11 10:30:00,28.76,29.04,28.72,28.73,2344220
2016-10-11 11:30:00,28.73,28.91,28.7243,28.83,1358478
2016-10-11 12:30:00,28.83,28.84,28.6,28.68,1563056
2016-10-11 13:30:00,28.685,28.685,28.32,28.35,3993044
2016-10-11 14:30:00,28.35,28.73,28.3011,28.72,3334562
2016-10-11 15:30:00,28.715,28.745,28.62,28.645,2375302
2016-10-12 09:30:00,28.66,28.7089,28.26,28.64,3435782
2016-10-12 10:30:00,28.64,28.68,28.49,28.633,2011247
2016-10-12 11:30:00,28.63,28.64,28.49,28.58,1351766
2016-10-12 12:30:00,28.58,28.755,28.58,28.75,801522
2016-10-12 13:30:00,28.75,28.805,28.66,28.75,1087613
2016-10-12 14:30:00,28.75,28.8,28.66,28.66,999999
2016-10-12 15:30:00,28.66,28.71,28.62,28.64,1709840
2016-10-13 09:30:00,28.25,28.26,27.56,27.855,4991654
2016-10-13 10:30:00,27.855,27.935,27.69,27.795,2487653
2016-10-13 11:30:00,27.795,27.835,27.73,27.7634,1665687
2016-10-13 12:30:00,27.76,27.82,27.71,27.78,1612880
2016-10-13 13:30:00,27.7701,27.88,27.7,27.86,1637104
2016-10-13 14:30:00,27.86,27.97,27.85,27.85,1859970
2016-10-13 15:30:00,27.85,27.91,27.79,27.87,2309474
2016-10-14 09:30:00,27.95,28.41,27.82,28.35,2659891
2016-10-14 10:30:00,28.35,28.3693,28.21,28.22,1405272
2016-10-14 11:30:00,28.22,28.27,28.09,28.135,1711549
2016-10-14 12:30:00,28.14,28.18,28.1,28.1442,1636901
2016-10-14 13:30:00,28.15,28.205,27.99,28.115,1332055
2016-10-14 14:30:00,28.12,28.18,28.05,28.14,1037034
2016-10-14 15:30:00,28.1432,28.19,28.07,28.07,1735777
2016-10-17 09:30:00,28.07,28.65,27.95,28.095,2488079
2016-10-17 10:30:00,28.0993,28.23,28.08,28.14,1573620
2016-10-17 11:30:00,28.14,28.17,28.08,28.1,1107967
2016-10-17 12:30:00,28.09,28.11,27.96,27.975,915081
2016-10-17 13:30:00,27.975,27.99,27.9,27.96,1066727
2016-10-17 14:30:00,27.95,27.97,27.79,27.83,1482672
2016-10-17 15:30:00,27.83,27.85,27.74,27.8,2004796
2016-10-18 09:30:00,28.24,28.31,27.955,28.045,2949081
2016-10-18 10:30:00,28.045,28.32,28.01,28.31,1680482
2016-10-18 11:30:00,28.315,28.34,28.16,28.1885,1257532
2016-10-18 12:30:00,28.19,28.29,28.16,28.255,1192605
2016-10-18 13:30:00,28.25,28.29,28.19,28.259,928730
2016-10-18 14:30:00,28.26,28.265,28.03,28.03,1482345
2016-10-18 15:30:00,28.03,28.055,27.97,28.01,1884782
2016-10-19 09:30:00,27.98,28.29,27.95,28.095,2732070
2016-10-19 10:30:00,28.1,28.34,28.06,28.335,1927735
2016-10-19 11:30:00,28.34,28.43,28.1337,28.34,975879
2016-10-19 12:30:00,28.33,28.39,28.29,28.35,1268501
2016-10-19 13:30:00,28.35,28.37,28.28,28.33,892279
2016-10-19 14:30:00,28.33,28.34,28.28,28.305,1129759
2016-10-19 15:30:00,28.3,28.385,28.28,28.32,2258412
2016-10-20 09:30:00,28.22,28.37,28.135,28.2,2449509
2016-10-20 10:30:00,28.195,28.2,28.02,28.16,1629558
2016-10-20 11:30:00,28.16,28.24,28.105,28.21,790476
2016-10-20 12:30:00,28.22,28.33,28.18,28.3,927505
2016-10-20 13:30:00,28.3,28.33,28.225,28.315,1078016
2016-10-20 14:30:00,28.31,28.405,28.27,28.345,1342238
2016-10-20 15:30:00,28.34,28.45,28.33,28.38,1641173
2016-10-21 09:30:00,28.26,28.56,28.05,28.515,3094823
2016-10-21 10:30:00,28.52,28.56,28.33,28.379,1186579
2016-10-21 11:30:00,28.375,28.44,28.28,28.3,625669
2016-10-21 12:30:00,28.3,28.33,28.225,28.25,485165
2016-10-21 13:30:00,28.25,28.29,28.21,28.28,773949
2016-10-21 14:30:00,28.28,28.41,28.27,28.395,893585
2016-10-21 15:30:00,28.395,28.47,28.375,28.42,1877876
2016-11-14 09:30:00,29.4,29.5,29.1,29.1534,2502478
2016-11-14 10:30:00,29.16,29.33,28.93,29.085,1933901
2016-11-14 11:30:00,29.08,29.2,28.99,29.0,1003551
2016-11-14 12:30:00,29.005,29.205,28.99,29.185,1029739
2016-11-14 13:30:00,29.19,29.26,28.97,29.02,1009554
2016-11-14 14:30:00,29.02,29.16,28.9578,29.145,1140536
2016-11-14 15:30:00,29.15,29.19,28.97,28.98,2509420
2016-11-15 09:30:00,29.12,29.41,29.1,29.4,3105665
2016-11-15 10:30:00,29.395,29.54,29.335,29.455,1669665
2016-11-15 11:30:00,29.455,29.53,29.36,29.365,874592
2016-11-15 12:30:00,29.37,29.46,29.32,29.36,916328
2016-11-15 13:30:00,29.35,29.54,29.345,29.45,1393678
2016-11-15 14:30:00,29.46,29.595,29.45,29.54,1242166
2016-11-15 15:30:00,29.54,29.64,29.51,29.62,1938083
2016-11-16 09:30:00,30.0,30.3,29.54,29.685,3812597
2016-11-16 10:30:00,29.685,29.99,29.68,29.985,1944842
2016-11-16 11:30:00,29.985,30.19,29.9813,30.105,1314025
2016-11-16 12:30:00,30.109,30.16,29.92,29.95,1084668
2016-11-16 13:30:00,29.94,30.09,29.91,29.95,1130857
2016-11-16 14:30:00,29.9448,30.06,29.87,30.02,1663523
2016-11-16 15:30:00,30.02,30.1687,29.94,30.02,2629078
2016-11-17 09:30:00,30.39,30.4,30.0,30.33,3587224
2016-11-17 10:30:00,30.32,30.47,30.27,30.45,1686041
2016-11-17 11:30:00,30.45,30.8463,30.42,30.7047,2387231
2016-11-17 12:30:00,30.7001,30.8,30.02,30.6,1493223
2016-11-17 13:30:00,30.595,30.65,30.5,30.575,1849630
2016-11-17 14:30:00,30.58,30.75,30.5435,30.585,2132169
2016-11-17 15:30:00,30.585,30.75,30.515,30.73,4036888
2016-11-18 09:30:00,30.47,31.24,30.3511,30.715,8983667
2016-11-18 10:30:00,30.7207,31.07,30.53,30.57,4315322
2016-11-18 11:30:00,30.58,31.25,30.46,30.945,3268141
2016-11-18 12:30:00,30.95,30.96,30.76,30.93,1165172
2016-11-18 13:30:00,30.93,30.9889,30.84,30.9,1259680
2016-11-18 14:30:00,30.9,30.9251,30.8,30.82,1462179
2016-11-18 15:30:00,30.815,30.837,30.7,30.75,2229200
2016-11-21 09:30:00,30.88,31.28,30.84,31.0602,3375783
2016-11-21 10:30:00,31.065,31.26,31.0,31.23,1860011
2016-11-21 11:30:00,31.2359,31.26,31.14,31.175,1175813
2016-11-21 12:30:00,31.18,31.365,31.175,31.3499,1134460
2016-11-21 13:30:00,31.35,31.42,31.32,31.3701,1362424
2016-11-21 14:30:00,31.375,31.45,31.22,31.33,1609369
2016-11-21 15:30:00,31.325,31.38,31.27,31.35,1643038
2016-11-22 09:30:00,31.53,31.8,31.345,31.665,2339627
2016-11-22 10:30:00,31.67,31.75,31.58,31.625,1228070
2016-11-22 11:30:00,31.62,31.7072,31.5,31.57,934188
2016-11-22 12:30:00,31.58,31.59,31.51,31.56,855916
2016-11-22 13:30:00,31.5568,31.625,31.53,31.535,996232
2016-11-22 14:30:00,31.54,31.65,31.525,31.64,1007474
2016-11-22 15:30:00,31.6363,31.72,31.6316,31.67,1152921
2016-12-16 09:30:00,33.33,33.4,32.94,33.07,5192866
2016-12-16 10:30:00,33.08,33.225,32.69,32.69,1307816
2016-12-16 11:30:00,32.69,32.83,32.65,32.695,739398
2016-12-16 12:30:00,32.695,32.78,32.5,32.505,583909
2016-12-16 13:30:00,32.51,32.59,32.46,32.57,840018
2016-12-16 14:30:00,32.57,32.65,32.47,32.49,911656
2016-12-16 15:30:00,32.49,32.57,32.42,32.51,1510545
2016-12-19 09:30:00,32.25,32.76,32.25,32.55,3192600
2016-12-19 10:30:00,32.55,32.695,32.33,32.39,1745245
2016-12-19 11:30:00,32.4,32.48,32.31,32.3574,637929
2016-12-19 12:30:00,32.35,32.42,32.34,32.37,591642
2016-12-19 13:30:00,32.3736,32.54,32.32,32.4624,1190876
2016-12-19 14:30:00,32.47,32.5,32.37,32.435,1223031
2016-12-19 15:30:00,32.4302,32.45,32.365,32.44,1120926
2016-12-20 09:30:00,32.88,32.91,32.58,32.63,1341664
2016-12-20 10:30:00,32.625,32.735,32.58,32.61,742802
2016-12-20 11:30:00,32.605,32.62,32.48,32.5,1066263
2016-12-20 12:30:00,32.5,32.55,32.48,32.5,687782
2016-12-20 13:30:00,32.5,32.51,32.37,32.46,724650
2016-12-20 14:30:00,32.46,32.47,32.35,32.425,1068644
2016-12-20 15:30:00,32.43,32.61,32.41,32.61,1871129
2016-12-21 09:30:00,32.61,32.85,32.5,32.771,1234892
2016-12-21 10:30:00,32.77,32.78,32.57,32.745,655741
2016-12-21 11:30:00,32.75,32.83,32.72,32.82,513506
2016-12-21 12:30:00,32.82,32.82,32.7,32.79,578637
2016-12-21 13:30:00,32.79,32.99,32.76,32.9245,884119
2016-12-21 14:30:00,32.92,32.935,32.645,32.655,771972
2016-12-21 15:30:00,32.66,32.68,32.565,32.58,1118431
2016-12-22 09:30:00,33.28,33.62,32.86,33.27,4137032
2016-12-22 10:30:00,33.27,33.35,32.95,32.9699,1375857
2016-12-22 11:30:00,32.97,33.035,32.88,32.9192,972814
2016-12-22 12:30:00,32.91,33.03,32.876,32.99,770969
2016-12-22 13:30:00,32.98,33.1,32.9364,32.9364,485911
2016-12-22 14:30:00,32.935,32.99,32.9,32.93,488704
2016-12-22 15:30:00,32.93,33.01,32.88,33.01,893048
2016-12-23 09:30:00,32.95,33.0,32.78,32.7985,925371
2016-12-23 10:30:00,32.8,32.805,32.67,32.73,581655
2016-12-23 11:30:00,32.73,32.805,32.7,32.8,379925
2016-12-23 12:30:00,32.79,32.805,32.72,32.72,293083
2016-12-23 13:30:00,32.73,32.74,32.66,32.6957,453797
2016-12-23 14:30:00,32.695,32.85,32.68,32.85,570856
2016-12-23 15:30:00,32.85,32.94,32.83,32.9,624227
2017-01-09 09:30:00,32.3,33.04,32.21,32.93,2729235
2017-01-09 10:30:00,32.9281,33.01,32.84,32.9364,1505256
2017-01-09 11:30:00,32.9301,33.07,32.92,32.9765,1183668
2017-01-09 12:30:00,32.97,32.98,32.85,32.8659,601099
2017-01-09 13:30:00,32.87,32.9598,32.81,32.89,486834
2017-01-09 14:30:00,32.882,32.89,32.74,32.86,685744
2017-01-09 15:30:00,32.86,32.86,32.75,32.77,1475263
2017-01-10 09:30:00,32.87,33.09,32.74,32.9516,2309733
2017-01-10 10:30:00,32.95,33.12,32.9,33.07,799428
2017-01-10 11:30:00,33.07,33.2,33.02,33.155,958396
2017-01-10 12:30:00,33.16,33.18,33.02,33.07,896181
2017-01-10 13:30:00,33.0737,33.1,33.01,33.02,580853
2017-01-10 14:30:00,33.01,33.1,33.0,33.04,502186
2017-01-10 15:30:00,33.04,33.15,33.0399,33.13,1292137
2017-01-11 09:30:00,33.21,33.28,32.8,32.86,1943669
2017-01-11 10:30:00,32.86,33.04,32.82,32.925,1264690
2017-01-11 11:30:00,32.925,33.145,32.825,33.065,959293
2017-01-11 12:30:00,33.065,33.1,32.855,32.895,859168
2017-01-11 13:30:00,32.895,33.06,32.86,33.042,696435
2017-01-11 14:30:00,33.05,33.35,33.04,33.35,1236061
2017-01-11 15:30:00,33.35,33.48,33.295,33.46,2596863
2017-01-12 09:30:00,33.3,33.3,32.8,32.9,1779225
2017-01-12 10:30:00,32.8928,32.91,32.6,32.8,997075
2017-01-12 11:30:00,32.7553,33.0,32.73,32.99,618421
2017-01-12 12:30:00,32.985,33.145,32.985,33.0805,577162
2017-01-12 13:30:00,33.05,33.17,33.05,33.133,525960
2017-01-12 14:30:00,33.14,33.2292,33.08,33.185,566973
2017-01-12 15:30:00,33.18,33.3399,33.18,33.3,1209521
2017-01-13 09:30:00,33.32,33.7893,33.3,33.7365,1506770
2017-01-13 10:30:00,33.74,33.88,33.73,33.86,922833
2017-01-13 11:30:00,33.86,33.895,33.76,33.815,788819
2017-01-13 12:30:00,33.81,33.83,33.71,33.735,441951
2017-01-13 13:30:00,33.74,33.82,33.7292,33.79,728757
2017-01-13 14:30:00,33.7951,33.87,33.79,33.79,635151
2017-01-13 15:30:00,33.79,33.84,33.76,33.79,1457114
2017-01-17 09:30:00,33.79,33.83,33.37,33.47,2088194
2017-01-17 10:30:00,33.47,33.62,33.42,33.4439,909905
2017-01-17 11:30:00,33.4536,33.78,33.31,33.355,571753
2017-01-17 12:30:00,33.36,33.39,33.25,33.255,491109
2017-01-17 13:30:00,33.255,33.2605,33.12,33.14,539022
2017-01-17 14:30:00,33.15,33.26,33.09,33.225,715373
2017-01-17 15:30:00,33.22,33.31,33.22,33.29,780183
2017-01-23 09:30:00,33.76,34.2,33.63,33.649,1560336
2017-01-23 10:30:00,33.64,33.79,33.56,33.7801,959118
2017-01-23 11:30:00,33.79,33.86,33.63,33.74,920404
2017-01-23 12:30:00,33.73,33.76,33.7,33.72,460601
2017-01-23 13:30:00,33.72,33.86,33.7,33.73,786451
2017-01-23 14:30:00,33.73,33.8,33.69,33.76,1102514
2017-01-23 15:30:00,33.77,33.78,33.74,33.75,931856
2017-01-24 09:30:00,33.89,34.19,33.88,34.0911,1760126
2017-01-24 10:30:00,34.06,34.14,34.02,34.06,783496
2017-01-24 11:30:00,34.06,34.14,34.055,34.1027,638833
2017-01-24 12:30:00,34.1,34.2,34.0642,34.15,837189
2017-01-24 13:30:00,34.15,34.21,34.1,34.1,1316094
2017-01-24 14:30:00,34.105,34.17,34.09,34.09,999719
2017-01-24 15:30:00,34.1,34.11,34.01,34.03,1789930
2017-01-25 09:30:00,34.3,34.83,34.22,34.25,4261467
2017-01-25 10:30:00,34.245,34.52,34.24,34.34,1329320
2017-01-25 11:30:00,34.33,34.3878,34.25,34.38,1182769
2017-01-25 12:30:00,34.38,34.5,34.255,34.465,890119
2017-01-25 13:30:00,34.47,34.54,34.41,34.43,736017
2017-01-25 14:30:00,34.42,34.51,34.31,34.49,1162711
2017-01-25 15:30:00,34.49,34.51,34.4,34.43,1820192
2017-01-26 09:30:00,34.42,34.47,33.92,34.025,3241021
2017-01-26 10:30:00,34.025,34.225,34.01,34.05,1373071
2017-01-26 11:30:00,34.05,34.13,33.91,33.92,796601
2017-01-26 12:30:00,33.9235,34.02,33.91,33.945,739204
2017-01-26 13:30:00,33.949,34.01,33.85,33.9764,910663
2017-01-26 14:30:00,33.9741,34.1247,33.93,33.966,873320
2017-01-26 15:30:00,33.97,34.01,33.95,33.97,1089578
2017-01-27 09:30:00,34.26,34.64,34.22,34.62,1976991
2017-01-27 10:30:00,34.615,34.8,34.57,34.74,947893
2017-01-27 11:30:00,34.74,34.97,34.71,34.95,1584232
2017-01-27 12:30:00,34.94,35.15,34.9,35.1,1782699
2017-01-27 13:30:00,35.09,35.1,34.83,34.88,1384649
2017-01-27 14:30:00,34.88,35.0,34.87,34.92,831170
2017-01-27 15:30:00,34.93,35.05,34.91,35.04,1663956
2017-01-30 09:30:00,34.79,34.85,33.77,33.995,2755728
2017-01-30 10:30:00,33.9939,34.27,33.88,34.17,1994137
2017-01-30 11:30:00,34.17,34.3558,34.14,34.3,1001380
2017-01-30 12:30:00,34.3034,34.32,34.195,34.265,783855
2017-01-30 13:30:00,34.27,34.36,34.2,34.3235,1141663
2017-01-30 14:30:00,34.32,34.42,34.27,34.29,937807
2017-01-30 15:30:00,34.2965,34.39,34.29,34.33,1719726
2017-01-31 09:30:00,34.14,34.3,33.93,34.06,1706213
2017-01-31 10:30:00,34.06,34.25,34.05,34.15,1042987
2017-01-31 11:30:00,34.15,34.23,34.09,34.215,967334
2017-01-31 12:30:00,34.22,34.315,34.12,34.205,1382418
2017-01-31 13:30:00,34.205,34.2199,34.135,34.1975,632371
2017-01-31 14:30:00,34.19,34.275,34.16,34.235,1218942
2017-01-31 15:30:00,34.235,34.28,34.22,34.24,1406364
2017-02-10 09:30:00,35.63,35.65,35.09,35.27,1463877
2017-02-10 10:30:00,35.27,35.53,35.255,35.446,875784
2017-02-10 11:30:00,35.45,35.4899,35.38,35.46,484219
2017-02-10 12:30:00,35.46,35.5,35.43,35.43,394860
2017-02-10 13:30:00,35.435,35.45,35.37,35.405,681669
2017-02-10 14:30:00,35.4,35.45,35.3,35.34,618562
2017-02-10 15:30:00,35.35,35.4133,35.31,35.32,1228754
2017-02-13 09:30:00,35.72,35.8295,35.5,35.78,2923750
2017-02-13 10:30:00,35.79,35.82,35.57,35.58,1264783
2017-02-13 11:30:00,35.59,35.59,35.48,35.51,1080338
2017-02-13 12:30:00,35.505,35.56,35.44,35.45,1855482
2017-02-13 13:30:00,35.45,35.47,35.37,35.4499,1498598
2017-02-13 14:30:00,35.4401,35.5,35.4,35.5,1191793
2017-02-13 15:30:00,35.49,35.5498,35.405,35.45,1658770
2017-02-14 09:30:00,35.5,35.55,35.12,35.36,2682619
2017-02-14 10:30:00,35.3634,35.43,35.27,35.43,1174589
2017-02-14 11:30:00,35.425,35.44,35.328,35.335,972955
2017-02-14 12:30:00,35.3399,35.47,35.33,35.4325,664965
2017-02-14 13:30:00,35.44,35.45,35.37,35.3839,799049
2017-02-14 14:30:00,35.39,35.39,35.24,35.265,1314369
2017-02-14 15:30:00,35.26,35.31,35.23,35.24,1937761
2017-02-15 09:30:00,35.46,35.52,35.261,35.48,3398749
2017-02-15 10:30:00,35.48,35.735,35.44,35.685,2262497
2017-02-15 11:30:00,35.685,35.73,35.57,35.695,1570001
2017-02-15 12:30:00,35.7,35.71,35.54,35.615,1441576
2017-02-15 13:30:00,35.615,35.62,35.4,35.52,2104469
2017-02-15 14:30:00,35.52,35.62,35.47,35.5468,2083973
2017-02-15 15:30:00,35.55,35.62,35.42,35.49,3214725
2017-02-16 09:30:00,35.62,35.8,34.58,35.49,8194035
2017-02-16 10:30:00,35.49,35.61,34.22,35.41,3311882
2017-02-16 11:30:00,35.4025,35.42,35.1,35.11,1596780
2017-02-16 12:30:00,35.115,35.17,34.99,35.05,1444219
2017-02-16 13:30:00,35.055,35.21,34.995,35.105,1689254
2017-02-16 14:30:00,35.11,35.15,35.05,35.085,2078456
2017-02-16 15:30:00,35.085,35.18,35.01,35.18,2217901
2017-02-17 09:30:00,34.97,35.09,34.72,35.07,3511916
2017-02-17 10:30:00,35.07,35.5,35.005,35.45,2417486
2017-02-17 11:30:00,35.45,35.575,35.34,35.35,1906587
2017-02-17 12:30:00,35.355,35.46,35.29,35.455,836485
2017-02-17 13:30:00,35.46,35.66,35.44,35.635,1445473
2017-02-17 14:30:00,35.635,35.8,35.3756,35.62,2018129
2017-02-17 15:30:00,35.62,35.69,35.57,35.67,2112044
2017-03-20 09:30:00,39.34,39.71,39.2101,39.635,1523490
2017-03-20 10:30:00,39.64,39.6535,39.45,39.5699,1070796
2017-03-20 11:30:00,39.5699,39.675,39.53,39.59,649934
2017-03-20 12:30:00,39.59,39.7661,39.57,39.75,712320
2017-03-20 13:30:00,39.76,39.76,39.55,39.56,851157
2017-03-20 14:30:00,39.56,39.59,39.46,39.555,789923
2017-03-20 15:30:00,39.555,39.6,39.515,39.57,919636
2017-03-21 09:30:00,39.7,39.81,39.23,39.23,2224272
2017-03-21 10:30:00,39.235,39.89,38.46,38.61,2598340
2017-03-21 11:30:00,38.62,39.2501,38.3,38.65,2093111
2017-03-21 12:30:00,38.64,38.665,38.415,38.59,1046570
2017-03-21 13:30:00,38.59,38.7099,38.38,38.58,1303309
2017-03-21 14:30:00,38.58,38.68,38.4371,38.63,1303959
2017-03-21 15:30:00,38.625,39.1354,38.44,38.57,2139782
2017-03-22 09:30:00,38.48,38.74,38.39,38.477,2307269
2017-03-22 10:30:00,38.47,38.72,38.34,38.625,1928881
2017-03-22 11:30:00,38.63,38.695,38.56,38.6355,723235
2017-03-22 12:30:00,38.63,38.67,38.535,38.655,550195
2017-03-22 13:30:00,38.65,38.75,38.64,38.67,598501
2017-03-22 14:30:00,38.665,38.8368,38.66,38.71,840162
2017-03-22 15:30:00,38.72,38.83,38.65,38.82,1349438
2017-03-23 09:30:00,38.84,38.95,38.61,38.73,1380978
2017-03-23 10:30:00,38.74,38.945,38.735,38.94,965422
2017-03-23 11:30:00,38.9361,39.04,38.84,38.9857,747973
2017-03-23 12:30:00,38.98,39.06,38.925,39.0,786606
2017-03-23 13:30:00,39.005,39.1092,38.9501,39.06,627138
2017-03-23 14:30:00,39.0599,39.1,38.835,38.835,695839
2017-03-23 15:30:00,38.84,38.86,38.78,38.85,1160008
2017-03-24 09:30:00,39.38,39.68,39.16,39.295,3044178
2017-03-24 10:30:00,39.3,39.41,39.12,39.1376,974910
2017-03-24 11:30:00,39.135,39.195,38.98,39.07,1144704
2017-03-24 12:30:00,39.075,39.1292,39.01,39.1056,780074
2017-03-24 13:30:00,39.105,39.11,38.97,38.99,497540
2017-03-24 14:30:00,38.99,39.04,38.74,38.88,753559
2017-03-24 15:30:00,38.87,39.085,38.825,38.97,1336178
2017-03-27 09:30:00,38.6,38.7,38.295,38.56,1657650
2017-03-27 10:30:00,38.57,38.73,38.56,38.73,742814
2017-03-27 11:30:00,38.73,38.895,38.69,38.8548,664658
2017-03-27 12:30:00,38.85,38.9866,38.35,38.91,540920
2017-03-27 13:30:00,38.91,38.93,38.795,38.84,733360
2017-03-27 14:30:00,38.83,38.98,38.8203,38.91,579319
2017-03-27 15:30:00,38.92,39.0,38.84,38.87,1186751
2017-03-28 09:30:00,38.74,39.195,38.7099,38.83,1885533
2017-03-28 10:30:00,38.8282,38.99,38.77,38.94,860887
2017-03-28 11:30:00,38.94,39.04,38.91,39.021,892619
2017-03-28 12:30:00,39.03,39.03,38.88,38.8939,773950
2017-03-28 13:30:00,38.89,39.05,38.85,38.9825,964816
2017-03-28 14:30:00,38.98,38.98,38.83,38.86,972750
2017-03-28 15:30:00,38.85,38.88,38.81,38.82,1041165
2017-04-10 09:30:00,38.82,39.2,38.82,39.0,1608071
2017-04-10 10:30:00,39.005,39.06,38.88,38.935,822132
2017-04-10 11:30:00,38.94,38.94,38.745,38.8001,841277
2017-04-10 12:30:00,38.8025,39.01,38.7801,38.989,671723
2017-04-10 13:30:00,38.986,39.13,38.98,39.005,858215
2017-04-10 14:30:00,39.0,39.08,38.931,38.975,818411
2017-04-10 15:30:00,38.975,38.99,38.84,38.86,911250
2017-04-11 09:30:00,38.69,38.71,37.9,38.01,2292277
2017-04-11 10:30:00,38.01,38.015,37.6,37.74,2639746
2017-04-11 11:30:00,37.74,38.095,37.74,38.06,928637
2017-04-11 12:30:00,38.06,38.17,37.93,38.08,718768
2017-04-11 13:30:00,38.08,38.12,37.96,38.105,911537
2017-04-11 14:30:00,38.1,38.16,37.98,38.04,1174788
2017-04-11 15:30:00,38.04,38.21,38.0301,38.205,1408373
2017-04-12 09:30:00,38.35,38.37,37.97,38.0,1390160
2017-04-12 10:30:00,38.005,38.075,37.81,37.9302,773788
2017-04-12 11:30:00,37.93,37.95,37.76,37.777,1126517
2017-04-12 12:30:00,37.765,37.83,37.63,37.7701,772078
2017-04-12 13:30:00,37.77,37.92,37.75,37.9001,570851
2017-04-12 14:30:00,37.9,37.9499,37.7,37.76,852470
2017-04-12 15:30:00,37.77,37.825,37.69,37.77,1013808
2017-04-13 09:30:00,37.63,38.23,37.4001,38.11,1292969
2017-04-13 10:30:00,38.11,38.25,38.075,38.11,600568
2017-04-13 11:30:00,38.12,38.16,37.94,37.98,407082
2017-04-13 12:30:00,37.98,38.03,37.67,37.765,897611
2017-04-13 13:30:00,37.765,37.78,37.58,37.78,573864
2017-04-13 14:30:00,37.77,37.81,37.605,37.62,667844
2017-04-13 15:30:00,37.62,37.64,37.51,37.52,1002386
2017-04-17 09:30:00,37.64,37.9,37.57,37.82,1048476
2017-04-17 10:30:00,37.82,37.9029,37.794,37.88,575705
2017-04-17 11:30:00,37.88,37.89,37.75,37.83,492792
2017-04-17 12:30:00,37.84,37.86,37.77,37.8,288957
2017-04-17 13:30:00,37.805,37.82,37.73,37.77,315682
2017-04-17 14:30:00,37.7701,37.89,37.701,37.87,950922
2017-04-17 15:30:00,37.865,38.03,37.83,38.02,1293626
2017-04-18 09:30:00,37.79,38.0587,37.6,37.855,1179570
2017-04-18 10:30:00,37.85,37.91,37.73,37.835,477769
2017-04-18 11:30:00,37.84,37.8659,37.69,37.76,444770
2017-04-18 12:30:00,37.76,37.84,37.7147,37.84,596006
2017-04-18 13:30:00,37.84,37.96,37.83,37.8899,545257
2017-04-18 14:30:00,37.9,38.04,37.85,38.02,1618324
2017-04-18 15:30:00,38.0235,38.11,38.01,38.05,996682
2017-04-24 09:30:00,40.36,40.51,40.2,40.275,1668298
2017-04-24 10:30:00,40.28,40.315,40.09,40.23,1257783
2017-04-24 11:30:00,40.23,40.34,40.195,40.28,473003
2017-04-24 12:30:00,40.271,40.35,40.22,40.3445,427649
2017-04-24 13:30:00,40.35,40.495,40.345,40.48,549869
2017-04-24 14:30:00,40.49,40.61,40.44,40.545,625787
2017-04-24 15:30:00,40.545,40.56,40.42,40.44,1108593
2017-04-25 09:30:00,40.62,40.69,40.28,40.49,1520740
2017-04-25 10:30:00,40.5,40.71,40.42,40.683,1218964
2017-04-25 11:30:00,40.68,40.73,40.61,40.715,643200
2017-04-25 12:30:00,40.715,40.84,40.67,40.7826,710514
2017-04-25 13:30:00,40.79,40.83,40.71,40.715,750070
2017-04-25 14:30:00,40.72,40.87,40.7,40.825,824011
2017-04-25 15:30:00,40.82,40.83,40.78,40.78,1050384
2017-04-26 09:30:00,40.78,40.86,40.425,40.47,1384768
2017-04-26 10:30:00,40.48,40.84,40.48,40.815,731445
2017-04-26 11:30:00,40.8101,40.92,40.72,40.73,660532
2017-04-26 12:30:00,40.7301,40.81,40.72,40.785,534570
2017-04-26 13:30:00,40.78,40.8,40.67,40.715,533268
2017-04-26 14:30:00,40.71,40.85,40.69,40.79,564623
2017-04-26 15:30:00,40.79,40.8,40.7101,40.72,699871
2017-04-27 09:30:00,40.85,41.79,40.85,41.71,2626006
2017-04-27 10:30:00,41.71,41.82,41.5,41.52,1041667
2017-04-27 11:30:00,41.52,41.53,41.37,41.4,770955
2017-04-27 12:30:00,41.4,41.4499,41.29,41.315,793938
2017-04-27 13:30:00,41.31,41.33,41.21,41.22,737767
2017-04-27 14:30:00,41.21,41.33,41.2,41.33,834583
2017-04-27 15:30:00,41.33,41.38,41.295,41.34,1051117
2017-04-28 09:30:00,41.25,41.33,40.7,40.78,2208792
2017-04-28 10:30:00,40.77,40.88,40.64,40.77,1017537
2017-04-28 11:30:00,40.77,40.9227,40.685,40.7401,625538
2017-04-28 12:30:00,40.75,40.76,40.59,40.66,756158
2017-04-28 13:30:00,40.66,40.74,40.61,40.6899,594006
2017-04-28 14:30:00,40.68,40.745,40.64,40.65,734283
2017-04-28 15:30:00,40.64,40.8574,40.58,40.62,1739203
2017-05-01 09:30:00,40.94,41.3,40.85,40.92,1631457
2017-05-01 10:30:00,40.9178,41.35,40.915,41.31,712408
2017-05-01 11:30:00,41.315,41.45,41.3,41.3188,563763
2017-05-01 12:30:00,41.32,41.41,41.27,41.405,535803
2017-05-01 13:30:00,41.41,41.555,41.38,41.445,714810
2017-05-01 14:30:00,41.445,41.58,41.37,41.555,777716
2017-05-01 15:30:00,41.555,41.71,41.37,41.7,1399913
2017-05-02 09:30:00,41.72,41.75,41.13,41.43,1711321
2017-05-02 10:30:00,41.43,41.47,41.31,41.38,1065954
2017-05-02 11:30:00,41.375,41.62,41.34,41.59,733705
2017-05-02 12:30:00,41.58,41.695,41.52,41.625,545545
2017-05-02 13:30:00,41.63,41.66,41.51,41.515,796591
2017-05-02 14:30:00,41.51,41.69,41.47,41.665,717848
2017-05-02 15:30:00,41.66,41.71,41.63,41.71,863647
2017-05-15 09:30:00,43.88,44.09,43.71,44.0,3460885
2017-05-15 10:30:00,44.0,44.24,43.92,44.19,1957519
2017-05-15 11:30:00,44.19,44.425,44.11,44.17,1219823
2017-05-15 12:30:00,44.175,44.25,44.14,44.22,1047079
2017-05-15 13:30:00,44.227,44.285,44.11,44.125,1033755
2017-05-15 14:30:00,44.12,44.38,44.12,44.29,1152626
2017-05-15 15:30:00,44.295,44.32,44.23,44.32,1459025
2017-05-16 09:30:00,44.79,44.88,44.31,44.4301,3899851
2017-05-16 10:30:00,44.435,44.86,44.38,44.85,2008974
2017-05-16 11:30:00,44.845,45.0,44.78,45.0,1317975
2017-05-16 12:30:00,44.99,45.02,44.9,44.91,1583740
2017-05-16 13:30:00,44.91,44.94,44.8207,44.8301,1017660
2017-05-16 14:30:00,44.83,44.8955,44.71,44.755,1374943
2017-05-16 15:30:00,44.755,45.08,44.74,45.07,1724846
2017-05-17 09:30:00,44.58,45.07,43.64,43.7431,4673009
2017-05-17 10:30:00,43.75,43.84,43.335,43.5,3635480
2017-05-17 11:30:00,43.5,43.645,43.33,43.625,1937613
2017-05-17 12:30:00,43.625,43.81,43.55,43.589,1463098
2017-05-17 13:30:00,43.585,43.9,43.12,43.13,1971453
2017-05-17 14:30:00,43.125,43.375,42.83,43.02,2545642
2017-05-17 15:30:00,43.015,43.1,42.73,42.76,2751319
2017-05-18 09:30:00,43.01,43.61,42.835,43.46,4996072
2017-05-18 10:30:00,43.46,43.73,43.44,43.545,2263661
2017-05-18 11:30:00,43.545,43.58,43.33,43.48,1595080
2017-05-18 12:30:00,43.47,43.74,43.465,43.52,1570757
2017-05-18 13:30:00,43.51,43.995,43.42,43.99,2758928
2017-05-18 14:30:00,43.99,44.07,43.68,43.807,2545726
2017-05-18 15:30:00,43.805,44.1,43.43,43.91,3049787
2017-05-19 09:30:00,45.02,45.74,44.03,44.32,8982393
2017-05-19 10:30:00,44.328,44.83,44.2,44.59,2466285
2017-05-19 11:30:00,44.59,44.6,44.08,44.14,2710448
2017-05-19 12:30:00,44.14,44.25,43.91,44.165,2004953
2017-05-19 13:30:00,44.1601,44.166,43.98,44.13,1481994
2017-05-19 14:30:00,44.13,44.3349,43.9,43.9799,1846956
2017-05-19 15:30:00,43.97,44.1,43.85,44.08,2588256
2017-05-22 09:30:00,44.2,44.4,43.62,44.325,3827486
2017-05-22 10:30:00,44.33,44.435,43.9445,44.39,1869382
2017-05-22 11:30:00,44.38,44.4,44.23,44.2815,1204795
2017-05-22 12:30:00,44.2899,44.35,44.25,44.28,872031
2017-05-22 13:30:00,44.29,44.52,44.26,44.49,977710
2017-05-22 14:30:00,44.49,44.69,44.485,44.65,1416953
2017-05-22 15:30:00,44.656,44.8188,44.65,44.73,1618645
2017-05-23 09:30:00,44.81,44.84,44.3,44.526,2637397
2017-05-23 10:30:00,44.53,44.75,44.36,44.75,1228140
2017-05-23 11:30:00,44.75,44.9,44.715,44.72,933157
2017-05-23 12:30:00,44.71,44.795,44.67,44.705,532812
2017-05-23 13:30:00,44.71,44.8,44.64,44.79,650484
2017-05-23 14:30:00,44.7815,44.94,44.72,44.875,1305443
2017-05-23 15:30:00,44.88,44.94,44.86,44.91,955265
2017-06-26 09:30:00,44.47,44.65,43.43,43.905,2535068
2017-06-26 10:30:00,43.905,43.935,42.91,43.1956,1933398
2017-06-26 11:30:00,43.19,43.36,43.12,43.275,1638293
2017-06-26 12:30:00,43.28,43.5,43.2583,43.41,962130
2017-06-26 13:30:00,43.405,44.36,43.32,43.39,627196
2017-06-26 14:30:00,43.4,43.55,42.98,43.4301,684982
2017-06-26 15:30:00,43.435,43.44,43.2,43.25,1022025
2017-06-27 09:30:00,43.0,43.1,42.28,42.48,3252599
2017-06-27 10:30:00,42.49,42.96,42.485,42.845,1195270
2017-06-27 11:30:00,42.8444,43.05,42.81,42.98,757254
2017-06-27 12:30:00,42.975,42.98,42.55,42.59,948112
2017-06-27 13:30:00,42.6,42.65,42.06,42.44,1736983
2017-06-27 14:30:00,42.44,43.4987,42.09,42.12,1240756
2017-06-27 15:30:00,42.121,42.15,41.83,41.9,3042923
2017-06-28 09:30:00,41.89,42.24,41.42,42.04,4373112
2017-06-28 10:30:00,42.04,42.58,42.0,42.42,2101972
2017-06-28 11:30:00,42.43,42.53,42.28,42.2955,1719559
2017-06-28 12:30:00,42.3,42.66,42.27,42.59,1360230
2017-06-28 13:30:00,42.59,42.69,41.8871,42.5,977162
2017-06-28 14:30:00,42.5,42.71,42.49,42.71,1220902
2017-06-28 15:30:00,42.71,42.775,42.64,42.68,1978301
2017-06-29 09:30:00,42.35,42.46,41.84,42.0,2382651
2017-06-29 10:30:00,42.0,42.04,41.37,41.45,1980742
2017-06-29 11:30:00,41.45,41.54,41.21,41.4,1560904
2017-06-29 12:30:00,41.4,41.43,40.78,40.835,1559879
2017-06-29 13:30:00,40.84,41.24,40.835,41.22,1238911
2017-06-29 14:30:00,41.22,41.49,41.05,41.3699,1529834
2017-06-29 15:30:00,41.3601,41.57,41.36,41.44,1571970
2017-06-30 09:30:00,41.81,42.02,41.09,41.555,2995917
2017-06-30 10:30:00,41.56,41.76,41.27,41.28,1204381
2017-06-30 11:30:00,41.2845,41.585,41.22,41.54,718695
2017-06-30 12:30:00,41.54,41.59,41.42,41.58,576310
2017-06-30 13:30:00,41.59,41.66,41.44,41.62,818021
2017-06-30 14:30:00,41.62,41.68,41.5,41.58,678665
2017-06-30 15:30:00,41.58,41.58,41.3,41.3,1202092
2017-07-03 09:30:00,41.33,41.965,41.31,41.52,2023689
2017-07-03 10:30:00,41.525,41.64,41.12,41.51,1412911
2017-07-03 11:30:00,41.515,41.53,41.08,41.245,1276573
2017-07-03 12:30:00,41.25,41.3816,40.98,41.01,2298402
2017-07-03 13:30:00,41.01,41.05,41.0,41.05,15838
2017-07-03 14:30:00,41.01,41.05,41.0,41.05,12481
2017-07-03 15:30:00,41.03,41.0301,41.0,41.0,877
2017-07-10 09:30:00,43.6,44.02,43.51,43.9,2567123
2017-07-10 10:30:00,43.9,44.1088,43.76,44.0,1057372
2017-07-10 11:30:00,44.0,44.15,43.89,44.145,918413
2017-07-10 12:30:00,44.1464,44.2,43.97,44.03,595732
2017-07-10 13:30:00,44.03,44.43,44.0184,44.389,1241703
2017-07-10 14:30:00,44.38,44.48,44.31,44.39,962533
2017-07-10 15:30:00,44.38,44.5,44.215,44.22,2293246
2017-07-11 09:30:00,44.35,45.05,44.04,44.95,3702855
2017-07-11 10:30:00,44.94,45.06,44.31,44.62,1501305
2017-07-11 11:30:00,44.62,44.885,44.5694,44.83,1156017
2017-07-11 12:30:00,44.83,45.0,44.7907,44.905,865217
2017-07-11 13:30:00,44.9,45.33,44.89,45.3199,1370300
2017-07-11 14:30:00,45.31,45.435,45.205,45.315,1738961
2017-07-11 15:30:00,45.3101,45.5,45.31,45.4,2550840
2017-07-12 09:30:00,45.67,45.98,44.84,45.52,3489868
2017-07-12 10:30:00,45.52,45.5399,45.21,45.3299,1268064
2017-07-12 11:30:00,45.3237,45.45,45.21,45.245,1065348
2017-07-12 12:30:00,45.25,45.31,45.09,45.18,786993
2017-07-12 13:30:00,45.18,45.32,45.1668,45.21,700994
2017-07-12 14:30:00,45.21,45.4,45.13,45.369,1077084
2017-07-12 15:30:00,45.365,45.42,45.27,45.29,1279554
2017-07-13 09:30:00,45.28,45.66,45.08,45.16,2083225
2017-07-13 10:30:00,45.1499,45.43,45.025,45.25,901263
2017-07-13 11:30:00,45.25,45.44,45.1,45.425,717205
2017-07-13 12:30:00,45.43,45.445,45.28,45.38,743305
2017-07-13 13:30:00,45.38,45.4,44.9915,45.11,1490430
2017-07-13 14:30:00,45.11,45.265,45.08,45.21,770184
2017-07-13 15:30:00,45.215,45.31,45.17,45.3,1536471
2017-07-14 09:30:00,45.36,45.78,45.35,45.72,2186444
2017-07-14 10:30:00,45.72,45.76,45.6,45.73,900125
2017-07-14 11:30:00,45.7262,45.84,45.669,45.79,984451
2017-07-14 12:30:00,45.795,45.925,45.78,45.86,703274
2017-07-14 13:30:00,45.855,46.0,45.84,45.98,602849
2017-07-14 14:30:00,45.98,46.09,45.95,46.055,735895
2017-07-14 15:30:00,46.06,46.13,46.0,46.1201,1293060
2017-07-17 09:30:00,46.2,46.45,45.78,45.8,2262157
2017-07-17 10:30:00,45.8,46.045,45.68,45.96,1265208
2017-07-17 11:30:00,45.96,46.05,45.825,46.03,741036
2017-07-17 12:30:00,46.04,46.16,46.02,46.09,581939
2017-07-17 13:30:00,46.095,46.145,45.98,46.02,619740
2017-07-17 14:30:00,46.02,46.09,45.94,46.05,678806
2017-07-17 15:30:00,46.05,46.1998,46.031,46.15,1206504
2017-07-18 09:30:00,46.02,46.28,45.68,46.21,1433998
2017-07-18 10:30:00,46.2199,46.28,45.95,46.24,820943
2017-07-18 11:30:00,46.24,46.38,46.2,46.349,566422
2017-07-18 12:30:00,46.34,46.47,46.21,46.42,625123
2017-07-18 13:30:00,46.41,46.49,46.4,46.4099,398790
2017-07-18 14:30:00,46.4,46.49,46.39,46.485,568092
2017-07-18 15:30:00,46.485,46.63,46.47,46.62,867859
2017-07-24 09:30:00,46.67,46.995,46.56,46.82,1205234
2017-07-24 10:30:00,46.815,46.85,46.605,46.65,539302
2017-07-24 11:30:00,46.66,46.86,46.65,46.845,935699
2017-07-24 12:30:00,46.8434,47.02,46.8434,46.989,625595
2017-07-24 13:30:00,46.98,46.985,46.79,46.795,981274
2017-07-24 14:30:00,46.795,46.85,46.63,46.7201,1958133
2017-07-24 15:30:00,46.72,46.8,46.69,46.79,1231676
2017-07-25 09:30:00,46.64,46.65,45.85,46.45,2208780
2017-07-25 10:30:00,46.451,46.63,46.38,46.495,786641
2017-07-25 11:30:00,46.49,46.61,46.41,46.51,645245
2017-07-25 12:30:00,46.51,46.62,46.43,46.605,567826
2017-07-25 13:30:00,46.605,46.67,46.53,46.54,442324
2017-07-25 14:30:00,46.5453,46.56,46.38,46.4,803497
2017-07-25 15:30:00,46.3948,46.43,46.31,46.4,1358384
2017-07-26 09:30:00,46.72,47.26,46.51,47.18,2236161
2017-07-26 10:30:00,47.18,47.255,46.89,46.95,1267532
2017-07-26 11:30:00,46.95,47.17,46.95,47.005,716134
2017-07-26 12:30:00,47.0,47.18,46.915,47.09,658932
2017-07-26 13:30:00,47.0999,47.31,47.09,47.19,794779
2017-07-26 14:30:00,47.18,47.43,47.14,47.36,1035174
2017-07-26 15:30:00,47.37,47.47,47.29,47.45,1538889
2017-07-27 09:30:00,47.5,47.59,47.105,47.33,3202371
2017-07-27 10:30:00,47.33,47.5,47.205,47.299,1989530
2017-07-27 11:30:00,47.291,47.43,47.14,47.16,1092810
2017-07-27 12:30:00,47.17,47.18,45.43,45.51,3415642
2017-07-27 13:30:00,45.51,45.9978,45.3,45.71,2803123
2017-07-27 14:30:00,45.71,45.88,45.545,45.7555,1916484
2017-07-27 15:30:00,45.76,46.06,45.711,46.03,2024093
2017-07-28 09:30:00,45.9,46.04,45.17,45.4,2798382
2017-07-28 10:30:00,45.41,45.42,45.12,45.235,1148612
2017-07-28 11:30:00,45.23,45.3014,44.91,45.04,1381306
2017-07-28 12:30:00,45.0466,45.26,45.004,45.08,963294
2017-07-28 13:30:00,45.08,45.33,45.07,45.26,835391
2017-07-28 14:30:00,45.25,45.36,45.13,45.2,886102
2017-07-28 15:30:00,45.19,45.28,45.19,45.245,1090566
2017-07-31 09:30:00,45.43,45.5,44.87,45.015,1773618
2017-07-31 10:30:00,45.015,45.07,44.81,44.94,955962
2017-07-31 11:30:00,44.94,45.2119,44.72,44.82,789544
2017-07-31 12:30:00,44.82,44.8299,44.38,44.39,1013105
2017-07-31 13:30:00,44.39,44.4,44.03,44.185,1623153
2017-07-31 14:30:00,44.18,44.435,44.01,44.42,1441544
2017-07-31 15:30:00,44.42,44.49,44.24,44.32,2147479
2017-08-01 09:30:00,44.44,44.79,44.07,44.23,2612842
2017-08-01 10:30:00,44.23,44.38,44.16,44.205,1196806
2017-08-01 11:30:00,44.205,44.25,44.02,44.12,924812
2017-08-01 12:30:00,44.115,44.25,44.015,44.2,1235566
2017-08-01 13:30:00,44.2046,44.24,44.15,44.205,692509
2017-08-01 14:30:00,44.2,44.3287,44.12,44.12,889110
2017-08-01 15:30:00,44.12,44.14,44.04,44.1,1469986
2017-08-14 09:30:00,43.7,44.24,43.65,43.9624,1730766
2017-08-14 10:30:00,43.97,44.0565,43.63,43.6999,1316179
2017-08-14 11:30:00,43.7,43.79,43.59,43.71,1052869
2017-08-14 12:30:00,43.71,43.88,43.635,43.8001,613876
2017-08-14 13:30:00,43.8,43.84,43.69,43.71,1207249
2017-08-14 14:30:00,43.71,43.8,43.605,43.7851,1025286
2017-08-14 15:30:00,43.79,43.81,43.69,43.78,1667392
2017-08-15 09:30:00,43.85,44.35,43.6,44.08,1905290
2017-08-15 10:30:00,44.0951,44.17,43.93,44.01,815795
2017-08-15 11:30:00,44.015,44.1,43.87,43.96,428922
2017-08-15 12:30:00,43.96,44.03,43.78,43.82,571327
2017-08-15 13:30:00,43.81,43.86,43.715,43.825,517233
2017-08-15 14:30:00,43.825,43.88,43.72,43.8,558184
2017-08-15 15:30:00,43.795,43.935,43.79,43.89,1008896
2017-08-16 09:30:00,44.32,44.36,43.76,43.86,2111949
2017-08-16 10:30:00,43.87,44.33,43.81,44.2699,1135651
2017-08-16 11:30:00,44.27,44.55,44.23,44.545,836746
2017-08-16 12:30:00,44.54,44.616,44.13,44.2,839424
2017-08-16 13:30:00,44.2,44.3796,44.1,44.18,757178
2017-08-16 14:30:00,44.1733,44.544,44.11,44.41,935160
2017-08-16 15:30:00,44.41,44.48,44.3702,44.465,1388126
2017-08-17 09:30:00,44.33,44.4,43.43,43.6389,2078670
2017-08-17 10:30:00,43.64,43.97,43.56,43.72,1399467
2017-08-17 11:30:00,43.73,43.875,43.495,43.62,1037604
2017-08-17 12:30:00,43.62,43.64,43.115,43.39,1140098
2017-08-17 13:30:00,43.39,43.47,43.1799,43.405,1576114
2017-08-17 14:30:00,43.405,43.47,43.14,43.26,1944407
2017-08-17 15:30:00,43.26,43.43,43.0,43.13,3195702
2017-08-18 09:30:00,44.77,45.25,43.9,43.97,7677234
2017-08-18 10:30:00,43.965,44.22,43.66,44.175,2994011
2017-08-18 11:30:00,44.1707,44.38,44.01,44.3785,2825047
2017-08-18 12:30:00,44.375,44.6,44.27,44.5098,2167904
2017-08-18 13:30:00,44.5062,44.55,44.02,44.38,1548702
2017-08-18 14:30:00,44.385,44.47,44.29,44.4282,1272446
2017-08-18 15:30:00,44.47,44.505,44.265,44.3,2031259
2017-08-21 09:30:00,44.13,44.26,43.0211,43.11,3429206
2017-08-21 10:30:00,43.12,43.4,43.05,43.32,1655735
2017-08-21 11:30:00,43.32,43.61,43.31,43.53,1181503
2017-08-21 12:30:00,43.52,43.59,43.4,43.425,886846
2017-08-21 13:30:00,43.4298,43.5589,43.37,43.39,1131367
2017-08-21 14:30:00,43.39,43.4275,43.15,43.21,1390536
2017-08-21 15:30:00,43.215,43.37,43.2091,43.31,1731502
2017-08-22 09:30:00,43.62,44.12,43.6,44.11,1969689
2017-08-22 10:30:00,44.11,44.36,44.05,44.335,1281144
2017-08-22 11:30:00,44.33,44.46,44.06,44.37,873447
2017-08-22 12:30:00,44.375,44.4,44.23,44.27,954130
2017-08-22 13:30:00,44.275,44.5,44.23,44.45,963578
2017-08-22 14:30:00,44.44,44.53,44.36,44.4169,890004
2017-08-22 15:30:00,44.41,44.51,44.39,44.44,1356619
2017-09-20 09:30:00,48.37,48.37,47.65,47.81,1798891
2017-09-20 10:30:00,47.8,47.885,47.265,47.5,1357887
2017-09-20 11:30:00,47.505,47.6093,47.085,47.389,1807572
2017-09-20 12:30:00,47.38,47.45,47.17,47.19,723308
2017-09-20 13:30:00,47.1844,47.225,46.77,46.84,1140952
2017-09-20 14:30:00,46.83,47.195,46.8,47.1573,1385034
2017-09-20 15:30:00,47.16,47.32,47.14,47.28,1576702
2017-09-21 09:30:00,47.31,47.53,46.8462,46.93,2033928
2017-09-21 10:30:00,46.92,47.39,46.76,47.2742,1104597
2017-09-21 11:30:00,47.275,47.41,47.18,47.33,827994
2017-09-21 12:30:00,47.33,47.49,47.22,47.33,658182
2017-09-21 13:30:00,47.32,47.435,47.19,47.235,670057
2017-09-21 14:30:00,47.235,47.25,47.055,47.125,737813
2017-09-21 15:30:00,47.13,47.18,47.0198,47.14,1122788
2017-09-22 09:30:00,46.89,47.57,46.84,47.49,1248153
2017-09-22 10:30:00,47.5,47.8,47.3361,47.73,940861
2017-09-22 11:30:00,47.73,47.835,47.615,47.66,533695
2017-09-22 12:30:00,47.67,47.805,47.54,47.69,669661
2017-09-22 13:30:00,47.69,47.8786,47.625,47.87,614302
2017-09-22 14:30:00,47.87,47.92,47.6442,47.75,636770
2017-09-22 15:30:00,47.75,47.81,47.71,47.76,872224
2017-09-25 09:30:00,47.52,47.68,46.72,46.99,2961710
2017-09-25 10:30:00,46.99,47.0838,46.13,46.5,2061464
2017-09-25 11:30:00,46.5,46.545,45.97,46.11,1305463
2017-09-25 12:30:00,46.11,46.379,46.095,46.27,682138
2017-09-25 13:30:00,46.27,46.41,46.19,46.22,728080
2017-09-25 14:30:00,46.22,46.36,46.09,46.3,1056041
2017-09-25 15:30:00,46.3255,46.38,46.19,46.325,1555137
2017-09-26 09:30:00,46.56,46.86,46.155,46.155,2117852
2017-09-26 10:30:00,46.155,46.56,45.58,45.83,2007163
2017-09-26 11:30:00,45.84,46.16,45.7981,46.05,838302
2017-09-26 12:30:00,46.04,46.38,45.97,46.3005,789664
2017-09-26 13:30:00,46.3,46.31,46.1233,46.21,848464
2017-09-26 14:30:00,46.205,46.2129,46.08,46.13,806249
2017-09-26 15:30:00,46.1405,46.15,45.87,45.92,1435521
2017-09-27 09:30:00,46.73,47.45,46.6,47.44,2512645
2017-09-27 10:30:00,47.44,47.68,47.27,47.61,1916579
2017-09-27 11:30:00,47.615,47.68,47.39,47.63,1093140
2017-09-27 12:30:00,47.63,47.8,47.48,47.76,1162137
2017-09-27 13:30:00,47.755,48.65,47.72,48.63,2877631
2017-09-27 14:30:00,48.625,49.71,48.48,49.27,6129557
2017-09-27 15:30:00,49.27,49.275,48.8,48.84,3812519
2017-09-28 09:30:00,48.95,49.89,48.641,49.54,6022930
2017-09-28 10:30:00,49.53,49.85,49.36,49.83,2406669
2017-09-28 11:30:00,49.84,50.06,49.69,49.94,2173841
2017-09-28 12:30:00,49.94,50.38,49.93,50.12,2350006
2017-09-28 13:30:00,50.12,50.88,50.1169,50.615,2603871
2017-09-28 14:30:00,50.62,50.8,50.52,50.53,2086549
2017-09-28 15:30:00,50.53,50.669,50.42,50.625,2796174
2017-09-29 09:30:00,50.59,51.5,50.56,50.665,5755961
2017-09-29 10:30:00,50.67,51.459,50.66,51.45,3032437
2017-09-29 11:30:00,51.45,51.91,51.34,51.84,2843759
2017-09-29 12:30:00,51.84,52.28,51.6071,52.04,2222808
2017-09-29 13:30:00,52.03,52.19,51.83,51.945,1335557
2017-09-29 14:30:00,51.95,52.27,51.5291,52.19,1904719
2017-09-29 15:30:00,52.2,52.23,52.0414,52.1,3129717
2017-10-16 09:30:00,54.38,54.77,54.28,54.58,2585171
2017-10-16 10:30:00,54.57,54.7,54.39,54.6254,1160436
2017-10-16 11:30:00,54.63,54.8,54.42,54.6199,1082966
2017-10-16 12:30:00,54.619,54.85,54.59,54.85,765127
2017-10-16 13:30:00,54.85,54.9,54.73,54.769,841684
2017-10-16 14:30:00,54.76,55.07,54.72,55.005,1431792
2017-10-16 15:30:00,55.0095,55.09,54.96,55.05,1486972
2017-10-17 09:30:00,54.97,55.28,54.28,54.5864,2885937
2017-10-17 10:30:00,54.59,55.0,54.59,54.93,1612358
2017-10-17 11:30:00,54.94,54.99,54.76,54.84,793278
2017-10-17 12:30:00,54.84,55.17,54.7,55.08,1360533
2017-10-17 13:30:00,55.075,55.125,54.91,55.01,990079
2017-10-17 14:30:00,55.01,55.24,54.955,55.0,992101
2017-10-17 15:30:00,54.995,55.14,54.98,55.125,1282026
2017-10-18 09:30:00,55.29,55.61,54.67,54.9001,3411674
2017-10-18 10:30:00,54.91,54.96,54.67,54.8,1498405
2017-10-18 11:30:00,54.8,55.125,54.7685,54.9899,1010257
2017-10-18 12:30:00,54.99,55.22,54.96,55.2,568864
2017-10-18 13:30:00,55.2042,55.46,55.169,55.32,803671
2017-10-18 14:30:00,55.32,55.42,54.9508,55.37,866557
2017-10-18 15:30:00,55.36,55.38,55.25,55.34,1098813
2017-10-19 09:30:00,54.56,55.0,54.15,54.86,2313284
2017-10-19 10:30:00,54.87,55.16,54.74,55.03,888472
2017-10-19 11:30:00,55.04,55.23,54.87,55.02,606498
2017-10-19 12:30:00,55.01,55.09,54.8,55.07,574410
2017-10-19 13:30:00,55.08,55.22,54.975,55.12,529369
2017-10-19 14:30:00,55.115,55.199,55.02,55.1573,749203
2017-10-19 15:30:00,55.175,55.34,55.1577,55.33,1164902
2017-10-20 09:30:00,55.84,56.235,55.73,55.985,2310880
2017-10-20 10:30:00,55.985,56.19,55.95,55.98,901329
2017-10-20 11:30:00,55.99,56.23,55.9285,56.175,665020
2017-10-20 12:30:00,56.18,56.23,56.05,56.1762,476558
2017-10-20 13:30:00,56.18,56.19,56.05,56.0766,595809
2017-10-20 14:30:00,56.055,56.06,55.8,55.81,1248507
2017-10-20 15:30:00,55.815,56.12,55.81,56.09,1570847
2017-10-23 09:30:00,56.49,56.6,55.8,56.14,2760441
2017-10-23 10:30:00,56.15,56.4,56.131,56.34,1272409
2017-10-23 11:30:00,56.33,56.73,56.2566,56.6507,1043944
2017-10-23 12:30:00,56.66,56.728,56.57,56.595,679125
2017-10-23 13:30:00,56.59,56.71,56.43,56.51,790797
2017-10-23 14:30:00,56.51,56.655,56.2208,56.29,1593527
2017-10-23 15:30:00,56.29,56.39,56.13,56.38,1811553
2017-10-24 09:30:00,56.61,56.66,55.86,56.07,2042413
2017-10-24 10:30:00,56.07,56.29,56.03,56.26,897657
2017-10-24 11:30:00,56.26,56.49,56.2062,56.39,586359
2017-10-24 12:30:00,56.38,56.46,56.265,56.32,375914
2017-10-24 13:30:00,56.315,56.5,56.12,56.3456,551259
2017-10-24 14:30:00,56.34,56.3786,56.0,56.2,803874
2017-10-24 15:30:00,56.2,56.38,56.1095,56.38,1006877
2017-10-25 09:30:00,56.24,56.39,55.81,56.17,1679131
2017-10-25 10:30:00,56.17,56.28,54.82,55.279,2060067
2017-10-25 11:30:00,55.27,55.365,54.61,54.66,1519095
2017-10-25 12:30:00,54.6542,55.305,54.571,55.25,1019857
2017-10-25 13:30:00,55.26,55.55,55.148,55.495,1006232
2017-10-25 14:30:00,55.49,55.4951,55.3,55.39,1109904
2017-10-25 15:30:00,55.395,55.49,55.18,55.31,1645052
2017-10-26 09:30:00,55.66,56.3605,55.59,56.2679,2159490
2017-10-26 10:30:00,56.26,56.43,56.02,56.11,947580
2017-10-26 11:30:00,56.1,56.17,55.9147,56.07,712012
2017-10-26 12:30:00,56.06,56.22,55.98,56.175,522502
2017-10-26 13:30:00,56.175,56.36,56.12,56.165,736568
2017-10-26 14:30:00,56.17,56.25,56.0,56.0546,704834
2017-10-26 15:30:00,56.08,56.13,55.9,55.91,1135396
2017-10-27 09:30:00,56.26,56.33,55.64,55.75,2798607
2017-10-27 10:30:00,55.75,56.26,55.5,55.81,1267649
2017-10-27 11:30:00,55.8,56.32,55.76,56.23,1261690
2017-10-27 12:30:00,56.2362,56.4,56.17,56.285,913513
2017-10-27 13:30:00,56.3063,56.66,56.28,56.55,1051194
2017-10-27 14:30:00,56.55,56.565,56.39,56.46,984978
2017-10-27 15:30:00,56.45,56.82,56.1083,56.68,1602795
2017-10-30 09:30:00,56.47,56.6,55.63,55.769,2313321
2017-10-30 10:30:00,55.7679,56.0456,55.6,55.875,1216245
2017-10-30 11:30:00,55.8699,55.96,55.58,55.73,652725
2017-10-30 12:30:00,55.74,55.95,55.71,55.9,596924
2017-10-30 13:30:00,55.9,55.95,55.75,55.85,510068
2017-10-30 14:30:00,55.8881,56.02,55.82,55.96,572643
2017-10-30 15:30:00,55.96,56.0,55.88,55.9,1087637
2017-10-31 09:30:00,56.08,56.468,55.69,56.34,1919123
2017-10-31 10:30:00,56.34,56.68,56.33,56.465,916110
2017-10-31 11:30:00,56.469,56.55,56.36,56.415,556702
2017-10-31 12:30:00,56.41,56.545,56.39,56.47,734146
2017-10-31 13:30:00,56.47,56.5,56.26,56.47,722958
2017-10-31 14:30:00,56.47,56.4716,56.26,56.39,652470
2017-10-31 15:30:00,56.39,56.45,56.25,56.43,1275131
2017-11-13 09:30:00,56.39,56.7,56.09,56.63,2214985
2017-11-13 10:30:00,56.63,56.8182,56.39,56.65,1066914
2017-11-13 11:30:00,56.65,57.04,56.645,57.0,878922
2017-11-13 12:30:00,57.009,57.02,56.68,56.935,819708
2017-11-13 13:30:00,56.935,57.01,56.78,56.925,982470
2017-11-13 14:30:00,56.9201,57.1,56.92,57.01,927488
2017-11-13 15:30:00,57.01,57.0988,56.92,57.02,1183737
2017-11-14 09:30:00,56.83,56.95,56.34,56.37,2532084
2017-11-14 10:30:00,56.36,56.565,56.1466,56.4139,1209307
2017-11-14 11:30:00,56.42,56.62,56.35,56.371,775365
2017-11-14 12:30:00,56.38,56.395,55.79,56.05,999459
2017-11-14 13:30:00,56.06,56.38,56.0325,56.34,560640
2017-11-14 14:30:00,56.34,56.45,56.23,56.35,760079
2017-11-14 15:30:00,56.36,56.47,56.3,56.42,1095078
2017-11-15 09:30:00,56.24,56.5499,55.45,55.95,2376708
2017-11-15 10:30:00,55.96,56.3,55.77,56.06,1371301
2017-11-15 11:30:00,56.06,56.11,55.65,55.71,972983
2017-11-15 12:30:00,55.71,55.97,55.67,55.77,758727
2017-11-15 13:30:00,55.77,56.07,55.765,55.98,831101
2017-11-15 14:30:00,55.975,56.045,55.82,55.861,859943
2017-11-15 15:30:00,55.87,55.93,55.63,55.77,1480990
2017-11-16 09:30:00,56.31,57.5,56.26,57.3699,3189375
2017-11-16 10:30:00,57.37,57.74,56.36,57.3,2301926
2017-11-16 11:30:00,57.3,57.69,57.27,57.6843,1197982
2017-11-16 12:30:00,57.681,57.96,57.55,57.6723,1351285
2017-11-16 13:30:00,57.679,58.0,57.6,57.8911,1281616
2017-11-16 14:30:00,57.89,57.99,57.73,57.88,1713107
2017-11-16 15:30:00,57.88,58.0,57.74,57.84,2444526
2017-11-17 09:30:00,60.4,60.89,56.9,57.45,11830119
2017-11-17 10:30:00,57.42,57.69,56.84,57.33,2729493
2017-11-17 11:30:00,57.35,57.39,56.875,57.283,1995374
2017-11-17 12:30:00,57.289,57.478,57.12,57.28,2073580
2017-11-17 13:30:00,57.2899,57.3,56.63,56.79,2580607
2017-11-17 14:30:00,56.77,56.96,56.13,56.36,2428765
2017-11-17 15:30:00,56.355,56.55,56.085,56.48,3068868
2017-11-20 09:30:00,56.66,57.92,56.64,57.79,4646046
2017-11-20 10:30:00,57.8,58.145,57.5,57.99,2272590
2017-11-20 11:30:00,57.98,58.22,57.82,57.8499,1316359
2017-11-20 12:30:00,57.845,58.14,57.72,57.86,1226945
2017-11-20 13:30:00,57.87,57.95,57.35,57.4275,1355040
2017-11-20 14:30:00,57.43,57.56,57.31,57.47,1124519
2017-11-20 15:30:00,57.475,57.64,57.4,57.615,1080786
2017-11-21 09:30:00,58.0,58.86,58.0,58.5975,2883139
2017-11-21 10:30:00,58.6,58.6927,58.35,58.41,1455929
2017-11-21 11:30:00,58.41,58.653,58.3,58.52,941400
2017-11-21 12:30:00,58.52,58.74,58.49,58.67,733390
2017-11-21 13:30:00,58.67,58.86,58.6,58.72,869234
2017-11-21 14:30:00,58.73,58.7411,58.62,58.705,889577
2017-11-21 15:30:00,58.705,58.83,58.64,58.8,1512911
2017-12-14 09:30:00,50.99,51.54,50.57,51.38,2285829
2017-12-14 10:30:00,51.365,51.81,51.35,51.785,1831572
2017-12-14 11:30:00,51.78,51.81,51.6,51.74,952586
2017-12-14 12:30:00,51.74,51.745,51.31,51.5562,826323
2017-12-14 13:30:00,51.555,51.57,51.26,51.26,817854
2017-12-14 14:30:00,51.2656,51.42,51.2,51.28,882007
2017-12-14 15:30:00,51.28,51.44,51.245,51.31,979651
2017-12-15 09:30:00,51.32,51.97,51.15,51.78,4527812
2017-12-15 10:30:00,51.78,52.13,51.775,52.055,1089094
2017-12-15 11:30:00,52.06,52.37,52.02,52.27,973211
2017-12-15 12:30:00,52.27,52.44,52.22,52.321,793791
2017-12-15 13:30:00,52.33,52.72,52.3,52.7,1006717
2017-12-15 14:30:00,52.705,52.88,50.8,52.825,1225759
2017-12-15 15:30:00,52.83,52.85,52.36,52.56,2015146
2017-12-18 09:30:00,53.22,53.49,52.76,53.1658,3513748
2017-12-18 10:30:00,53.17,53.405,52.995,53.275,1535376
2017-12-18 11:30:00,53.27,53.43,53.21,53.3979,1050327
2017-12-18 12:30:00,53.3955,53.54,53.28,53.2944,1528810
2017-12-18 13:30:00,53.3,53.37,53.23,53.24,1020304
2017-12-18 14:30:00,53.24,53.5,53.19,53.335,1264542
2017-12-18 15:30:00,53.34,53.48,53.26,53.41,2066713
2017-12-19 09:30:00,52.98,53.43,52.78,52.89,2680430
2017-12-19 10:30:00,52.88,53.01,52.68,52.89,1375510
2017-12-19 11:30:00,52.9,52.91,52.33,52.365,1245189
2017-12-19 12:30:00,52.365,53.03,52.34,52.945,1618998
2017-12-19 13:30:00,52.945,53.21,52.92,52.99,1140549
2017-12-19 14:30:00,52.989,53.015,52.66,52.85,752182
2017-12-19 15:30:00,52.85,53.01,52.83,52.95,976840
2017-12-20 09:30:00,54.12,54.25,53.07,53.1,4099704
2017-12-20 10:30:00,53.1,53.44,52.92,53.3895,1432889
2017-12-20 11:30:00,53.385,53.69,53.36,53.63,754842
2017-12-20 12:30:00,53.6239,53.705,53.45,53.69,706129
2017-12-20 13:30:00,53.69,53.735,53.35,53.36,705599
2017-12-20 14:30:00,53.36,53.5299,53.19,53.2666,841116
2017-12-20 15:30:00,53.245,53.42,53.18,53.29,1071285
2017-12-21 09:30:00,53.18,53.32,52.09,52.1694,2668612
2017-12-21 10:30:00,52.17,52.315,51.81,52.2863,1573732
2017-12-21 11:30:00,52.29,52.29,52.03,52.13,738804
2017-12-21 12:30:00,52.135,52.3,51.96,52.2301,754167
2017-12-21 13:30:00,52.24,52.83,52.07,52.16,721135
2017-12-21 14:30:00,52.16,52.229,51.92,51.9754,955489
2017-12-21 15:30:00,51.98,51.99,51.82,51.9,1497855
2017-12-22 09:30:00,51.69,52.105,51.3,52.08,2590970
2017-12-22 10:30:00,52.09,52.115,51.8,51.97,928585
2017-12-22 11:30:00,51.97,52.1301,51.83,52.12,554134
2017-12-22 12:30:00,52.12,52.23,52.0,52.03,486937
2017-12-22 13:30:00,52.035,52.24,52.0241,52.08,551117
2017-12-22 14:30:00,52.09,52.13,52.01,52.0562,711959
2017-12-22 15:30:00,52.085,52.12,52.01,52.07,647082
2017-12-29 09:30:00,51.82,51.94,51.51,51.71,1433411
2017-12-29 10:30:00,51.705,51.74,51.37,51.435,956790
2017-12-29 11:30:00,51.4312,51.48,51.28,51.389,536743
2017-12-29 12:30:00,51.39,51.6,51.35,51.495,516281
2017-12-29 13:30:00,51.5,51.582,51.44,51.555,440516
2017-12-29 14:30:00,51.56,51.59,51.42,51.445,855320
2017-12-29 15:30:00,51.44,51.5094,51.06,51.14,1258412
2018-01-02 09:30:00,51.74,52.54,51.22,52.45,2716997
2018-01-02 10:30:00,52.45,52.76,52.37,52.595,1333716
2018-01-02 11:30:00,52.59,52.75,52.54,52.69,804439
2018-01-02 12:30:00,52.68,52.81,52.51,52.71,975764
2018-01-02 13:30:00,52.715,52.81,52.61,52.8,1000088
2018-01-02 14:30:00,52.8,52.92,52.74,52.83,1007558
2018-01-02 15:30:00,52.835,53.06,52.78,53.04,1440711
2018-01-03 09:30:00,53.54,54.2779,53.18,53.27,3178762
2018-01-03 10:30:00,53.27,53.83,53.26,53.82,1367035
2018-01-03 11:30:00,53.82,53.84,53.45,53.6662,1278958
2018-01-03 12:30:00,53.665,53.94,53.64,53.852,835448
2018-01-03 13:30:00,53.855,53.87,53.66,53.82,825043
2018-01-03 14:30:00,53.82,53.94,53.65,53.88,1120325
2018-01-03 15:30:00,53.88,54.08,53.84,53.93,1571255
2018-01-04 09:30:00,54.46,54.94,53.98,54.4,3037723
2018-01-04 10:30:00,54.41,54.825,54.31,54.58,1479825
2018-01-04 11:30:00,54.59,54.89,54.58,54.735,978933
2018-01-04 12:30:00,54.735,54.75,54.33,54.39,904321
2018-01-04 13:30:00,54.39,54.42,54.21,54.295,747546
2018-01-04 14:30:00,54.299,54.37,54.19,54.355,807457
2018-01-04 15:30:00,54.355,54.39,54.25,54.29,985114
2018-01-05 09:30:00,54.65,54.91,54.22,54.275,3364747
2018-01-05 10:30:00,54.28,54.82,54.24,54.615,1366955
2018-01-05 11:30:00,54.615,54.885,54.55,54.8099,1012066
2018-01-05 12:30:00,54.81,54.84,54.6307,54.72,761461
2018-01-05 13:30:00,54.72,54.76,54.635,54.675,892063
2018-01-05 14:30:00,54.67,54.69,54.41,54.49,1151458
2018-01-05 15:30:00,54.49,54.66,54.4314,54.56,1586608
2018-01-08 09:30:00,55.01,56.37,54.97,56.18,3669959
2018-01-08 10:30:00,56.19,56.34,55.83,56.2,1808644
2018-01-08 11:30:00,56.2,56.45,56.01,56.17,1361088
2018-01-08 12:30:00,56.18,56.29,56.07,56.15,884616
2018-01-08 13:30:00,56.15,56.39,56.13,56.2751,891282
2018-01-08 14:30:00,56.2766,56.31,55.93,56.0,1106804
2018-01-08 15:30:00,56.005,56.07,55.86,55.92,1856727
2018-01-16 09:30:00,54.93,55.4,54.37,54.5201,4361973
2018-01-16 10:30:00,54.53,54.815,54.45,54.77,1792177
2018-01-16 11:30:00,54.7739,55.02,54.6,54.6406,1521465
2018-01-16 12:30:00,54.64,54.919,54.5,54.9156,1270468
2018-01-16 13:30:00,54.92,54.93,54.24,54.245,1303708
2018-01-16 14:30:00,54.25,54.605,54.01,54.6,1495900
2018-01-16 15:30:00,54.59,54.66,54.43,54.49,1531607
2018-01-17 09:30:00,55.71,56.25,55.47,55.82,4922355
2018-01-17 10:30:00,55.8216,56.87,55.78,56.686,2930668
2018-01-17 11:30:00,56.68,56.78,56.31,56.76,1326891
2018-01-17 12:30:00,56.755,56.88,56.46,56.8199,1325098
2018-01-17 13:30:00,56.81,57.09,56.69,57.025,1725269
2018-01-17 14:30:00,57.0248,57.52,56.96,57.295,2035892
2018-01-17 15:30:00,57.3,57.43,57.26,57.34,2125483
2018-01-18 09:30:00,56.75,58.64,56.68,57.8,5729589
2018-01-18 10:30:00,57.8,58.06,57.38,57.47,1824168
2018-01-18 11:30:00,57.46,57.88,57.346,57.675,1351024
2018-01-18 12:30:00,57.675,57.7499,57.201,57.5,1146593
2018-01-18 13:30:00,57.5,57.76,57.4687,57.7201,976044
2018-01-18 14:30:00,57.725,57.8938,57.43,57.486,1154527
2018-01-18 15:30:00,57.489,57.49,57.29,57.39,1480803
2018-01-19 09:30:00,57.66,57.72,56.6,57.14,3745036
2018-01-19 10:30:00,57.14,57.1923,56.22,56.87,1780567
2018-01-19 11:30:00,56.89,57.18,56.8111,57.04,908432
2018-01-19 12:30:00,57.04,57.1801,56.97,57.14,1110548
2018-01-19 13:30:00,57.1368,57.44,57.1072,57.34,740572
2018-01-19 14:30:00,57.35,57.43,57.08,57.43,957296
2018-01-19 15:30:00,57.44,57.47,56.9744,57.39,1197320
2018-01-22 09:30:00,57.47,58.11,56.91,56.9744,2541848
2018-01-22 10:30:00,56.98,57.19,56.87,57.08,1068143
2018-01-22 11:30:00,57.08,57.3081,56.99,57.11,840083
2018-01-22 12:30:00,57.105,57.19,56.99,57.0433,786959
2018-01-22 13:30:00,57.0439,57.21,57.0,57.19,926896
2018-01-22 14:30:00,57.197,57.3,57.09,57.27,802139
2018-01-22 15:30:00,57.28,57.52,57.27,57.46,1324296
2018-01-23 09:30:00,57.99,58.18,57.51,57.9,2561862
2018-01-23 10:30:00,57.91,58.03,57.65,57.81,1373704
2018-01-23 11:30:00,57.81,57.86,57.44,57.62,1080641
2018-01-23 12:30:00,57.62,57.76,57.34,57.42,700112
2018-01-23 13:30:00,57.42,57.51,57.18,57.2561,831832
2018-01-23 14:30:00,57.2501,57.53,57.225,57.515,699776
2018-01-23 15:30:00,57.52,57.83,57.48,57.78,1039094
2018-01-24 09:30:00,57.32,57.42,56.36,56.81,3146737
2018-01-24 10:30:00,56.81,57.145,56.76,56.8281,1560558
2018-01-24 11:30:00,56.82,56.85,56.44,56.64,1619403
2018-01-24 12:30:00,56.63,56.84,55.8392,56.78,1423809
2018-01-24 13:30:00,56.79,57.13,56.75,56.92,1042360
2018-01-24 14:30:00,56.92,57.19,56.7956,56.84,982782
2018-01-24 15:30:00,56.835,57.0749,56.77,56.89,1242322
2018-01-25 09:30:00,58.18,58.73,56.55,56.91,4475805
2018-01-25 10:30:00,56.92,57.04,56.281,56.7201,1787734
2018-01-25 11:30:00,56.73,56.95,56.49,56.64,1083154
2018-01-25 12:30:00,56.6258,56.685,56.02,56.3884,1416717
2018-01-25 13:30:00,56.38,56.48,55.84,56.11,1257864
2018-01-25 14:30:00,56.11,56.17,55.53,55.665,1840619
2018-01-25 15:30:00,55.66,55.9,55.46,55.76,2329715
2018-01-26 09:30:00,56.42,56.985,55.93,56.7,3358361
2018-01-26 10:30:00,56.7,56.7145,56.35,56.45,944301
2018-01-26 11:30:00,56.45,56.47,56.0101,56.23,984377
2018-01-26 12:30:00,56.24,56.56,56.16,56.4748,717976
2018-01-26 13:30:00,56.47,56.92,55.76,56.72,1083764
2018-01-26 14:30:00,56.71,56.97,56.66,56.895,1216759
2018-01-26 15:30:00,56.89,57.12,56.85,57.11,1647645
2018-01-29 09:30:00,56.73,56.92,55.48,55.65,2655330
2018-01-29 10:30:00,55.63,55.63,54.82,54.8799,2596024
2018-01-29 11:30:00,54.8768,55.3,54.84,55.205,1364131
2018-01-29 12:30:00,55.21,55.56,55.14,55.3146,899851
2018-01-29 13:30:00,55.32,55.445,55.27,55.4,790579
2018-01-29 14:30:00,55.399,55.5341,55.17,55.175,1079950
2018-01-29 15:30:00,55.18,55.47,55.02,55.33,1892362
2018-01-30 09:30:00,54.28,54.5065,53.24,53.6654,4655834
2018-01-30 10:30:00,53.67,53.92,53.38,53.53,2175120
2018-01-30 11:30:00,53.5355,54.0,53.3,53.51,1566694
2018-01-30 12:30:00,53.5029,54.109,53.21,53.3,1193469
2018-01-30 13:30:00,53.3,54.0,53.29,53.57,1042017
2018-01-30 14:30:00,53.5662,53.61,53.325,53.51,1377541
2018-01-30 15:30:00,53.515,53.6,53.37,53.39,1745207
2018-02-09 09:30:00,46.69,47.63,46.16,47.37,4374308
2018-02-09 10:30:00,47.36,47.41,46.03,46.43,2745817
2018-02-09 11:30:00,46.42,46.74,45.45,45.47,1977625
2018-02-09 12:30:00,45.49,46.005,45.13,45.53,1876720
2018-02-09 13:30:00,45.519,47.75,45.22,47.12,3089307
2018-02-09 14:30:00,47.11,47.85,46.5737,47.7,3589574
2018-02-09 15:30:00,47.71,48.5,47.62,48.02,3970853
2018-02-12 09:30:00,48.94,49.63,48.41,48.65,4990319
2018-02-12 10:30:00,48.65,48.97,48.43,48.6355,1984596
2018-02-12 11:30:00,48.62,49.27,48.53,49.159,1659217
2018-02-12 12:30:00,49.15,49.16,48.835,48.946,1258159
2018-02-12 13:30:00,48.95,49.56,48.9388,49.47,1179021
2018-02-12 14:30:00,49.48,49.88,48.9,49.7655,1873565
2018-02-12 15:30:00,49.77,49.81,49.2632,49.49,2644052
2018-02-13 09:30:00,49.26,49.3584,48.5,48.829,3363115
2018-02-13 10:30:00,48.81,49.0201,48.58,48.775,1621032
2018-02-13 11:30:00,48.77,48.94,48.645,48.7,1045169
2018-02-13 12:30:00,48.7,48.96,48.54,48.84,1081988
2018-02-13 13:30:00,48.835,49.4798,48.83,49.3639,1530292
2018-02-13 14:30:00,49.36,49.56,49.18,49.495,1559041
2018-02-13 15:30:00,49.49,49.65,49.38,49.55,2243365
2018-02-14 09:30:00,49.5,51.2451,49.1502,50.97,5016249
2018-02-14 10:30:00,50.95,51.15,49.87,51.07,2386500
2018-02-14 11:30:00,51.08,51.2,50.7,50.84,1860522
2018-02-14 12:30:00,50.835,51.4,50.75,51.2,1724411
2018-02-14 13:30:00,51.209,51.89,51.2,51.79,2428696
2018-02-14 14:30:00,51.8,52.12,51.53,52.03,2727954
2018-02-14 15:30:00,52.02,52.0546,51.76,51.9691,3170978
2018-02-15 09:30:00,52.16,53.48,51.5,51.9739,7846241
2018-02-15 10:30:00,51.975,51.995,50.58,51.615,4270413
2018-02-15 11:30:00,51.74,52.16,51.45,52.14,1871106
2018-02-15 12:30:00,52.15,52.74,52.1,52.5495,2119178
2018-02-15 13:30:00,52.55,53.0,52.36,52.95,2297291
2018-02-15 14:30:00,52.9548,53.75,52.94,53.605,4014559
2018-02-15 15:30:00,53.6,54.0,53.481,54.0,3346123
2018-02-16 09:30:00,53.8,55.8,53.66,55.24,9106243
2018-02-16 10:30:00,55.24,55.7811,55.16,55.39,3772683
2018-02-16 11:30:00,55.4,55.98,55.35,55.82,2824934
2018-02-16 12:30:00,55.83,56.09,55.18,55.32,3225537
2018-02-16 13:30:00,55.31,55.74,55.0299,55.29,2408549
2018-02-16 14:30:00,55.3,55.77,55.17,55.5,2509563
2018-02-16 15:30:00,55.5,55.5847,54.99,55.02,3022373
2018-03-19 09:30:00,58.9,59.44,57.76,58.91,3071743
2018-03-19 10:30:00,58.91,58.9239,57.9339,58.09,1454613
2018-03-19 11:30:00,58.1,58.11,57.47,57.93,2149386
2018-03-19 12:30:00,57.93,58.01,57.55,57.84,1334967
2018-03-19 13:30:00,57.83,58.25,57.77,58.02,1164408
2018-03-19 14:30:00,58.02,58.56,57.73,58.3,1507556
2018-03-19 15:30:00,58.29,58.59,58.22,58.5,1718595
2018-03-20 09:30:00,58.68,59.12,58.32,58.98,1959470
2018-03-20 10:30:00,58.99,59.14,58.77,59.13,1217374
2018-03-20 11:30:00,59.13,59.2638,58.6214,59.23,952125
2018-03-20 12:30:00,59.22,59.35,59.01,59.164,686245
2018-03-20 13:30:00,59.165,59.38,59.04,59.355,772399
2018-03-20 14:30:00,59.36,59.52,59.27,59.34,1041106
2018-03-20 15:30:00,59.34,59.41,59.1,59.23,968267
2018-03-21 09:30:00,59.53,61.08,59.46,60.86,3192867
2018-03-21 10:30:00,60.8634,61.06,60.45,60.94,1974357
2018-03-21 11:30:00,60.95,61.14,60.53,60.655,1318064
2018-03-21 12:30:00,60.659,61.065,60.0275,60.82,1338686
2018-03-21 13:30:00,60.8151,61.57,60.58,61.07,2460959
2018-03-21 14:30:00,61.0701,61.2557,60.42,60.91,2622162
2018-03-21 15:30:00,60.915,61.105,60.76,60.77,1829851
2018-03-22 09:30:00,59.67,60.62,59.51,60.33,2912713
2018-03-22 10:30:00,60.32,60.35,59.28,59.36,2408799
2018-03-22 11:30:00,59.36,59.81,58.93,59.78,2006567
2018-03-22 12:30:00,59.77,59.93,59.44,59.9101,1295165
2018-03-22 13:30:00,59.92,60.03,59.5,59.51,1591885
2018-03-22 14:30:00,59.5,59.639,59.235,59.271,1251757
2018-03-22 15:30:00,59.29,59.6,58.9,58.98,2288780
2018-03-23 09:30:00,58.67,58.83,56.86,57.11,4210330
2018-03-23 10:30:00,57.12,57.79,56.9455,56.9455,2307701
2018-03-23 11:30:00,56.94,57.24,56.45,57.14,1742553
2018-03-23 12:30:00,57.14,57.19,56.645,57.0,1397062
2018-03-23 13:30:00,57.02,57.5,56.73,56.85,1432790
2018-03-23 14:30:00,56.85,56.95,56.025,56.15,2673690
2018-03-23 15:30:00,56.15,56.9446,55.37,55.38,3662561
2018-03-26 09:30:00,57.24,58.34,57.15,57.52,4104398
2018-03-26 10:30:00,57.52,57.57,56.61,57.1,2130193
2018-03-26 11:30:00,57.1,57.445,56.94,57.078,1224734
2018-03-26 12:30:00,57.075,57.48,56.92,57.29,1006383
2018-03-26 13:30:00,57.29,57.68,57.14,57.67,1164463
2018-03-26 14:30:00,57.67,58.12,57.575,58.1088,1626375
2018-03-26 15:30:00,58.12,58.52,58.0,58.47,1960818
2018-03-27 09:30:00,59.06,59.23,57.275,57.42,3132976
2018-03-27 10:30:00,57.42,57.99,57.33,57.7,1644098
2018-03-27 11:30:00,57.7,58.23,57.5,57.53,1239152
2018-03-27 12:30:00,57.51,57.72,57.25,57.36,1111861
2018-03-27 13:30:00,57.355,57.419,56.23,56.25,1860214
2018-03-27 14:30:00,56.2565,56.72,55.49,55.515,2626295
2018-03-27 15:30:00,55.51,57.1162,54.84,55.45,3369369
2018-04-12 09:30:00,55.34,56.32,54.95,56.15,2100794
2018-04-12 10:30:00,56.17,56.259,55.8,56.12,1139388
2018-04-12 11:30:00,56.117,56.36,56.1099,56.34,1014857
2018-04-12 12:30:00,56.34,56.67,56.02,56.055,1166872
2018-04-12 13:30:00,56.055,56.42,56.01,56.37,768502
2018-04-12 14:30:00,56.37,56.44,56.23,56.315,888918
2018-04-12 15:30:00,56.31,56.48,56.225,56.43,1227726
2018-04-13 09:30:00,56.88,57.0578,55.75,55.87,1809533
2018-04-13 10:30:00,55.8589,56.23,55.687,56.18,923565
2018-04-13 11:30:00,56.18,56.345,55.94,56.27,612626
2018-04-13 12:30:00,56.26,56.59,56.04,56.52,539029
2018-04-13 13:30:00,56.5244,56.535,56.28,56.35,615153
2018-04-13 14:30:00,56.34,56.475,55.78,55.89,922215
2018-04-13 15:30:00,55.88,56.19,55.81,56.07,839890
2018-04-16 09:30:00,56.44,56.89,56.18,56.89,1759727
2018-04-16 10:30:00,56.9,56.91,56.21,56.47,1023033
2018-04-16 11:30:00,56.47,57.02,56.385,56.98,1017062
2018-04-16 12:30:00,56.99,57.24,56.74,57.019,881402
2018-04-16 13:30:00,57.01,57.16,56.84,56.96,856730
2018-04-16 14:30:00,56.95,57.07,56.74,56.83,754210
2018-04-16 15:30:00,56.83,57.05,56.8008,56.88,994616
2018-04-17 09:30:00,57.2,58.4,57.15,57.71,2436181
2018-04-17 10:30:00,57.71,58.37,57.6601,58.14,1396943
2018-04-17 11:30:00,58.121,58.17,57.84,57.98,1056332
2018-04-17 12:30:00,57.98,57.98,57.68,57.87,971757
2018-04-17 13:30:00,57.88,57.965,57.7,57.84,830507
2018-04-17 14:30:00,57.84,58.095,57.79,57.86,1407991
2018-04-17 15:30:00,57.86,58.02,57.82,57.86,1097850
2018-04-18 09:30:00,56.0,56.4,54.57,55.01,5542292
2018-04-18 10:30:00,55.01,55.36,54.85,54.94,3156150
2018-04-18 11:30:00,54.9352,55.1883,54.57,55.0748,1645822
2018-04-18 12:30:00,55.07,55.1,54.88,54.93,1003628
2018-04-18 13:30:00,54.94,54.96,54.68,54.96,1146964
2018-04-18 14:30:00,54.95,55.04,54.71,54.88,1582146
2018-04-18 15:30:00,54.885,55.03,54.72,54.73,2209610
2018-04-19 09:30:00,53.65,54.19,52.61,52.86,4550261
2018-04-19 10:30:00,52.85,52.9817,51.29,51.595,5646803
2018-04-19 11:30:00,51.59,51.61,51.3,51.41,2542375
2018-04-19 12:30:00,51.42,51.65,50.92,51.05,2636317
2018-04-19 13:30:00,51.05,51.24,50.8,50.94,2232236
2018-04-19 14:30:00,50.941,51.23,50.91,50.975,2257215
2018-04-19 15:30:00,50.975,51.4,50.96,51.18,3154274
2018-04-20 09:30:00,51.15,52.04,51.05,51.34,4197972
2018-04-20 10:30:00,51.34,51.44,50.72,50.725,1961520
2018-04-20 11:30:00,50.74,51.28,50.72,51.11,1422227
2018-04-20 12:30:00,51.11,51.2,50.87,51.19,1998066
2018-04-20 13:30:00,51.18,51.279,50.75,50.84,1248206
2018-04-20 14:30:00,50.84,51.0,50.68,50.87,1781859
2018-04-20 15:30:00,50.86,51.25,50.79,51.1,2437341
2018-04-23 09:30:00,51.53,52.33,50.51,51.11,2740022
2018-04-23 10:30:00,51.105,51.365,50.84,51.15,1446526
2018-04-23 11:30:00,51.15,51.1799,50.39,50.5,1117011
2018-04-23 12:30:00,50.51,50.64,50.18,50.36,1387739
2018-04-23 13:30:00,50.36,50.48,49.93,50.1,1536624
2018-04-23 14:30:00,50.095,51.11,50.0196,50.235,1131075
2018-04-23 15:30:00,50.24,50.3301,50.145,50.19,1299523
2018-04-24 09:30:00,50.68,51.05,49.77,49.88,3009564
2018-04-24 10:30:00,49.885,50.87,49.45,49.905,1986937
2018-04-24 11:30:00,49.92,50.06,49.1452,49.23,1737450
2018-04-24 12:30:00,49.23,49.25,48.815,48.865,1731940
2018-04-24 13:30:00,48.87,49.6154,48.18,48.38,2419187
2018-04-24 14:30:00,48.38,48.81,48.29,48.625,2549305
2018-04-24 15:30:00,48.63,48.78,48.35,48.71,2181868
2018-04-25 09:30:00,48.76,48.94,47.74,48.68,4018554
2018-04-25 10:30:00,48.69,49.42,48.66,49.38,2306375
2018-04-25 11:30:00,49.38,49.47,48.85,49.23,1499144
2018-04-25 12:30:00,49.23,49.39,48.7734,48.94,1039825
2018-04-25 13:30:00,48.94,49.27,48.9,48.96,1053576
2018-04-25 14:30:00,48.965,49.405,48.92,49.22,1274588
2018-04-25 15:30:00,49.215,49.29,48.85,49.15,1311151
2018-04-26 09:30:00,50.02,50.48,49.55,50.47,3365446
2018-04-26 10:30:00,50.48,50.54,49.9697,50.28,1624824
2018-04-26 11:30:00,50.2899,50.32,49.89,50.22,1039608
2018-04-26 12:30:00,50.225,50.38,50.04,50.36,1002451
2018-04-26 13:30:00,50.37,50.46,50.21,50.406,1150912
2018-04-26 14:30:00,50.405,50.65,50.37,50.56,1183849
2018-04-26 15:30:00,50.57,50.66,50.46,50.5035,1905667
2018-04-27 09:30:00,51.05,51.39,49.78,49.8367,2872673
2018-04-27 10:30:00,49.84,49.8886,49.3,49.75,1998330
2018-04-27 11:30:00,49.75,49.75,49.385,49.5,1160478
2018-04-27 12:30:00,49.505,49.87,49.35,49.69,871097
2018-04-27 13:30:00,49.69,49.7328,49.46,49.605,625942
2018-04-27 14:30:00,49.6,49.7001,49.48,49.5,859878
2018-04-27 15:30:00,49.495,49.53,49.235,49.39,1580913
2018-04-30 09:30:00,49.52,49.95,49.41,49.69,2453824
2018-04-30 10:30:00,49.695,49.84,49.58,49.6645,1046963
2018-04-30 11:30:00,49.66,49.6981,49.17,49.58,1726908
2018-04-30 12:30:00,49.57,49.75,49.46,49.72,1163604
2018-04-30 13:30:00,49.72,49.855,49.51,49.77,1222406
2018-04-30 14:30:00,49.75,49.8201,49.53,49.68,1775417
2018-04-30 15:30:00,49.68,49.91,49.6414,49.66,1020157
2018-05-01 09:30:00,49.74,49.98,49.51,49.81,2608335
2018-05-01 10:30:00,49.8,50.38,49.65,50.35,2341960
2018-05-01 11:30:00,50.349,50.38,50.02,50.14,990347
2018-05-01 12:30:00,50.14,50.27,49.98,50.15,1113159
2018-05-01 13:30:00,50.15,50.69,50.12,50.675,874762
2018-05-01 14:30:00,50.68,50.72,50.55,50.705,1439596
2018-05-01 15:30:00,50.7,50.95,50.67,50.9,1656808
2018-05-14 09:30:00,55.77,56.949,55.76,55.965,3863211
2018-05-14 10:30:00,55.965,56.06,55.43,55.655,1822903
2018-05-14 11:30:00,55.655,56.1593,55.5801,55.74,1418397
2018-05-14 12:30:00,55.73,55.76,55.24,55.34,1241466
2018-05-14 13:30:00,55.35,55.52,55.23,55.48,841040
2018-05-14 14:30:00,55.478,55.58,55.39,55.455,1069662
2018-05-14 15:30:00,55.45,55.48,55.25,55.26,1460452
2018-05-15 09:30:00,54.68,54.88,53.61,53.635,3169664
2018-05-15 10:30:00,53.63,54.179,53.59,53.9,2125649
2018-05-15 11:30:00,53.9,53.975,53.48,53.58,1451758
2018-05-15 12:30:00,53.58,53.72,53.53,53.62,1056736
2018-05-15 13:30:00,53.615,53.97,53.57,53.945,1442812
2018-05-15 14:30:00,53.94,54.08,53.745,53.825,1207068
2018-05-15 15:30:00,53.82,54.13,53.8,54.1001,1449331
2018-05-16 09:30:00,54.55,55.2,54.38,55.1601,2135443
2018-05-16 10:30:00,55.17,55.47,55.1,55.115,1294286
2018-05-16 11:30:00,55.11,55.19,55.0,55.1,1232896
2018-05-16 12:30:00,55.09,55.17,54.92,54.93,929734
2018-05-16 13:30:00,54.925,55.17,54.92,55.145,1138608
2018-05-16 14:30:00,55.14,55.41,55.1,55.33,1417924
2018-05-16 15:30:00,55.325,55.36,55.02,55.16,1306693
2018-05-17 09:30:00,54.68,54.98,54.09,54.17,4108623
2018-05-17 10:30:00,54.16,54.56,54.07,54.29,2795738
2018-05-17 11:30:00,54.295,54.39,54.24,54.365,1071584
2018-05-17 12:30:00,54.3656,54.52,54.145,54.245,1284155
2018-05-17 13:30:00,54.25,54.27,53.4461,53.725,2337646
2018-05-17 14:30:00,53.725,54.33,53.725,54.01,2434626
2018-05-17 15:30:00,54.01,54.475,53.9,53.98,2709632
2018-05-18 09:30:00,50.17,50.46,48.5201,49.1,18407398
2018-05-18 10:30:00,49.09,49.6,48.85,49.46,8300293
2018-05-18 11:30:00,49.46,49.55,49.0,49.09,4122507
2018-05-18 12:30:00,49.09,50.0,49.0634,49.725,5690946
2018-05-18 13:30:00,49.726,50.17,49.55,50.1432,3613911
2018-05-18 14:30:00,50.1452,50.25,49.98,50.03,4020387
2018-05-18 15:30:00,50.03,50.12,49.5,49.5052,4142473
2018-05-21 09:30:00,50.706,51.365,50.27,50.32,6510325
2018-05-21 10:30:00,50.315,50.43,49.66,49.7576,2775160
2018-05-21 11:30:00,49.68,50.28,49.5,49.98,2296888
2018-05-21 12:30:00,49.981,50.16,49.801,49.82,1369117
2018-05-21 13:30:00,49.82,49.88,49.51,49.51,1667602
2018-05-21 14:30:00,49.52,49.9899,49.37,49.9899,2843380
2018-05-21 15:30:00,49.98,50.04,49.82,49.99,2592139
2018-05-22 09:30:00,50.57,51.33,50.28,50.3499,5023428
2018-05-22 10:30:00,50.345,50.7307,50.3101,50.375,2160774
2018-05-22 11:30:00,50.3777,50.39,50.12,50.16,1382258
2018-05-22 12:30:00,50.17,50.28,50.0,50.19,1410972
2018-05-22 13:30:00,50.205,50.37,50.07,50.335,1048701
2018-05-22 14:30:00,50.33,50.39,50.21,50.275,1363659
2018-05-22 15:30:00,50.271,50.32,50.12,50.24,1755327
2018-06-15 09:30:00,49.17,49.7,48.76,49.38,7086885
2018-06-15 10:30:00,49.39,49.47,49.13,49.16,2065742
2018-06-15 11:30:00,49.15,49.2761,48.95,49.26,1655120
2018-06-15 12:30:00,49.26,49.42,49.16,49.3657,1376591
2018-06-15 13:30:00,49.36,49.515,49.285,49.515,1562550
2018-06-15 14:30:00,49.52,49.53,49.23,49.28,1332659
2018-06-15 15:30:00,49.28,49.34,49.225,49.29,2434045
2018-06-18 09:30:00,48.86,49.0,48.31,48.41,3142492
2018-06-18 10:30:00,48.41,48.79,48.4001,48.49,2180573
2018-06-18 11:30:00,48.5,48.51,48.28,48.375,1436118
2018-06-18 12:30:00,48.37,48.42,48.21,48.219,1293559
2018-06-18 13:30:00,48.21,48.4,48.15,48.3435,1267101
2018-06-18 14:30:00,48.35,48.41,48.25,48.38,1469575
2018-06-18 15:30:00,48.38,48.42,48.29,48.33,1833374
2018-06-19 09:30:00,47.56,48.42,47.201,47.8,3196008
2018-06-19 10:30:00,47.8,48.7375,47.72,48.64,2201223
2018-06-19 11:30:00,48.64,48.81,48.26,48.28,1345006
2018-06-19 12:30:00,48.27,48.34,48.16,48.29,1156199
2018-06-19 13:30:00,48.28,48.68,48.22,48.5474,1291632
2018-06-19 14:30:00,48.54,48.59,48.38,48.465,1273187
2018-06-19 15:30:00,48.46,48.56,48.43,48.54,1096570
2018-06-20 09:30:00,48.75,48.975,48.14,48.24,2550950
2018-06-20 10:30:00,48.241,48.44,48.205,48.345,1075609
2018-06-20 11:30:00,48.34,48.385,48.21,48.32,988343
2018-06-20 12:30:00,48.325,48.69,48.3,48.595,936922
2018-06-20 13:30:00,48.595,48.6,48.495,48.54,709121
2018-06-20 14:30:00,48.55,48.61,48.46,48.53,864937
2018-06-20 15:30:00,48.525,48.63,48.49,48.58,1094538
2018-06-21 09:30:00,49.52,49.79,48.9,49.1621,4236825
2018-06-21 10:30:00,49.15,49.2215,48.76,48.965,1504459
2018-06-21 11:30:00,48.965,49.28,48.965,49.19,1119678
2018-06-21 12:30:00,49.19,49.22,48.91,48.995,678404
2018-06-21 13:30:00,49.0,49.13,48.9901,49.06,893621
2018-06-21 14:30:00,49.06,49.11,48.4286,48.84,1247437
2018-06-21 15:30:00,48.8401,49.02,48.73,48.99,1633775
2018-06-22 09:30:00,49.35,49.46,47.76,47.799,2613004
2018-06-22 10:30:00,47.79,48.24,47.73,48.12,1656983
2018-06-22 11:30:00,48.12,48.365,48.04,48.1901,853088
2018-06-22 12:30:00,48.2,48.3605,48.14,48.321,786271
2018-06-22 13:30:00,48.325,48.5,48.28,48.405,1161097
2018-06-22 14:30:00,48.4,48.59,48.1965,48.42,1312098
2018-06-22 15:30:00,48.42,48.46,47.92,47.97,2785309
2018-06-25 09:30:00,47.34,47.34,46.7,46.8,3781128
2018-06-25 10:30:00,46.8,46.8293,46.26,46.41,2395220
2018-06-25 11:30:00,46.42,46.52,46.0833,46.35,1486240
2018-06-25 12:30:00,46.36,46.53,46.17,46.31,1436007
2018-06-25 13:30:00,46.31,46.64,46.31,46.615,1274493
2018-06-25 14:30:00,46.62,46.65,46.27,46.56,1380121
2018-06-25 15:30:00,46.565,46.86,46.5,46.72,1812001
2018-07-16 09:30:00,45.96,46.64,45.96,46.57,1988252
2018-07-16 10:30:00,46.56,46.605,46.31,46.3499,941425
2018-07-16 11:30:00,46.35,46.66,46.31,46.65,733517
2018-07-16 12:30:00,46.65,46.65,46.44,46.4401,668777
2018-07-16 13:30:00,46.449,46.61,46.42,46.505,562893
2018-07-16 14:30:00,46.5,46.5144,46.33,46.365,606679
2018-07-16 15:30:00,46.37,46.4508,46.28,46.32,1267747
2018-07-17 09:30:00,45.95,46.685,45.95,46.595,1265542
2018-07-17 10:30:00,46.59,46.96,46.485,46.85,1395505
2018-07-17 11:30:00,46.86,46.9875,46.72,46.9875,1271275
2018-07-17 12:30:00,46.99,47.35,46.94,47.3037,1001362
2018-07-17 13:30:00,47.3059,47.46,47.21,47.2534,863249
2018-07-17 14:30:00,47.25,47.28,47.1,47.12,996361
2018-07-17 15:30:00,47.12,47.41,46.9708,47.3,1724482
2018-07-18 09:30:00,48.93,49.15,47.84,48.1453,4552726
2018-07-18 10:30:00,48.14,48.62,47.53,48.285,2395024
2018-07-18 11:30:00,48.28,48.37,48.17,48.31,1402710
2018-07-18 12:30:00,48.3102,48.315,48.03,48.109,1628185
2018-07-18 13:30:00,48.1099,48.33,47.95,48.195,1448982
2018-07-18 14:30:00,48.1967,48.29,48.1,48.29,1087678
2018-07-18 15:30:00,48.2899,48.39,48.2,48.28,2190759
2018-07-19 09:30:00,47.71,48.0,46.951,47.025,2923134
2018-07-19 10:30:00,47.02,47.2399,46.815,47.11,1430316
2018-07-19 11:30:00,47.12,47.175,46.805,46.82,960641
2018-07-19 12:30:00,46.8368,46.91,46.6,46.6086,1179613
2018-07-19 13:30:00,46.61,46.9,46.56,46.8364,930709
2018-07-19 14:30:00,46.835,46.8579,46.56,46.79,1622140
2018-07-19 15:30:00,46.79,46.855,46.63,46.66,1754247
2018-07-20 09:30:00,46.56,46.97,46.21,46.944,2406270
2018-07-20 10:30:00,46.95,47.095,46.69,46.87,1010345
2018-07-20 11:30:00,46.865,46.89,46.7,46.7,458859
2018-07-20 12:30:00,46.71,46.945,46.69,46.8201,455279
2018-07-20 13:30:00,46.82,46.86,46.725,46.8,447220
2018-07-20 14:30:00,46.8,46.81,46.625,46.745,698704
2018-07-20 15:30:00,46.74,46.83,46.7,46.77,1151778
2018-07-23 09:30:00,46.3,46.56,45.43,45.73,2846122
2018-07-23 10:30:00,45.72,46.05,45.66,46.035,1000008
2018-07-23 11:30:00,46.03,46.465,45.6822,46.4121,653816
2018-07-23 12:30:00,46.4199,46.49,46.25,46.28,588928
2018-07-23 13:30:00,46.27,46.76,46.25,46.355,748691
2018-07-23 14:30:00,46.35,46.47,46.31,46.38,486087
2018-07-23 15:30:00,46.385,46.54,46.38,46.42,779151
2018-07-24 09:30:00,46.61,47.27,46.55,47.06,1259966
2018-07-24 10:30:00,47.06,47.13,46.51,46.71,891364
2018-07-24 11:30:00,46.7,46.72,46.3095,46.394,951882
2018-07-24 12:30:00,46.4,46.4122,46.03,46.145,932992
2018-07-24 13:30:00,46.14,46.17,45.9,45.91,754230
2018-07-24 14:30:00,45.91,46.07,45.865,45.96,924226
2018-07-24 15:30:00,45.96,46.3956,45.83,45.92,1301000
2018-07-25 09:30:00,45.79,46.07,45.15,45.37,1756208
2018-07-25 10:30:00,45.38,45.4967,45.13,45.285,1375152
2018-07-25 11:30:00,45.29,45.67,45.151,45.6,1132340
2018-07-25 12:30:00,45.6,45.78,45.54,45.5552,775733
2018-07-25 13:30:00,45.56,45.745,45.555,45.7175,631929
2018-07-25 14:30:00,45.72,45.81,45.48,45.48,734861
2018-07-25 15:30:00,45.485,45.96,45.41,45.96,1839820
2018-07-26 09:30:00,45.84,46.88,45.84,46.53,2121577
2018-07-26 10:30:00,46.535,47.25,46.48,47.045,1868007
2018-07-26 11:30:00,47.04,47.22,46.98,46.9939,1089691
2018-07-26 12:30:00,47.0,47.23,46.87,47.2,781235
2018-07-26 13:30:00,47.205,47.31,47.09,47.18,995424
2018-07-26 14:30:00,47.175,47.2,46.98,47.195,970970
2018-07-26 15:30:00,47.2,47.23,47.09,47.17,2070494
2018-07-27 09:30:00,48.63,49.475,48.35,48.725,6601706
2018-07-27 10:30:00,48.72,49.0,48.6,48.635,1962784
2018-07-27 11:30:00,48.62,48.69,48.37,48.475,1751431
2018-07-27 12:30:00,48.464,48.5143,47.88,48.43,1976128
2018-07-27 13:30:00,48.42,48.53,48.16,48.3,1194305
2018-07-27 14:30:00,48.2943,48.405,48.2199,48.325,1216073
2018-07-27 15:30:00,48.33,48.485,48.29,48.31,1785218
2018-07-30 09:30:00,48.28,48.43,47.97,48.17,1901809
2018-07-30 10:30:00,48.17,48.1799,47.61,47.78,1352298
2018-07-30 11:30:00,47.78,47.96,47.63,47.87,949088
2018-07-30 12:30:00,47.87,48.1,47.68,48.08,755065
2018-07-30 13:30:00,48.08,48.3,48.03,48.09,855868
2018-07-30 14:30:00,48.085,48.22,47.86,47.865,1780654
2018-07-30 15:30:00,47.86,48.04,47.84,47.91,1180670
2018-07-31 09:30:00,48.38,49.0638,48.15,48.615,2585533
2018-07-31 10:30:00,48.615,48.8901,48.55,48.815,928536
2018-07-31 11:30:00,48.82,48.88,48.67,48.855,934722
2018-07-31 12:30:00,48.855,48.9599,48.57,48.734,1356517
2018-07-31 13:30:00,48.7358,48.81,48.63,48.75,945543
2018-07-31 14:30:00,48.74,48.7852,48.57,48.71,900013
2018-07-31 15:30:00,48.71,48.73,48.56,48.63,1390869
2018-08-13 09:30:00,48.06,48.57,47.66,48.5,2055618
2018-08-13 10:30:00,48.51,48.6,48.27,48.285,824028
2018-08-13 11:30:00,48.285,48.357,48.09,48.14,734716
2018-08-13 12:30:00,48.14,48.34,48.09,48.315,479053
2018-08-13 13:30:00,48.32,48.49,48.28,48.48,529532
2018-08-13 14:30:00,48.49,48.49,48.28,48.35,555388
2018-08-13 15:30:00,48.355,48.4231,48.25,48.26,835157
2018-08-14 09:30:00,48.42,48.895,48.23,48.41,1845782
2018-08-14 10:30:00,48.42,48.75,48.385,48.61,791524
2018-08-14 11:30:00,48.619,48.82,48.375,48.55,514050
2018-08-14 12:30:00,48.56,48.575,48.28,48.35,589274
2018-08-14 13:30:00,48.3538,48.56,48.34,48.45,560618
2018-08-14 14:30:00,48.4499,48.58,48.37,48.5099,719737
2018-08-14 15:30:00,48.505,48.54,48.35,48.37,746282
2018-08-15 09:30:00,47.88,48.1,47.34,47.445,2063618
2018-08-15 10:30:00,47.44,47.615,47.17,47.45,1564221
2018-08-15 11:30:00,47.4533,47.67,47.27,47.62,1038406
2018-08-15 12:30:00,47.62,47.73,47.28,47.28,977899
2018-08-15 13:30:00,47.29,47.46,47.2383,47.27,1061038
2018-08-15 14:30:00,47.27,47.635,47.26,47.495,1117434
2018-08-15 15:30:00,47.495,47.62,47.46,47.5,1482426
2018-08-16 09:30:00,47.99,48.23,47.515,47.62,1902142
2018-08-16 10:30:00,47.63,47.63,47.17,47.21,1555967
2018-08-16 11:30:00,47.22,47.98,47.21,47.69,1531376
2018-08-16 12:30:00,47.71,47.74,47.49,47.6,1102816
2018-08-16 13:30:00,47.595,47.62,47.41,47.44,974455
2018-08-16 14:30:00,47.45,47.6,47.35,47.4,1479964
2018-08-16 15:30:00,47.4,47.46,47.1423,47.44,2705952
2018-08-17 09:30:00,44.8,44.82,42.6202,43.335,19663858
2018-08-17 10:30:00,43.34,44.76,43.0,44.655,8564650
2018-08-17 11:30:00,44.66,44.81,43.95,44.1201,4796043
2018-08-17 12:30:00,44.12,44.44,43.99,44.0475,3527825
2018-08-17 13:30:00,44.08,44.6353,44.03,44.5501,3804408
2018-08-17 14:30:00,44.55,44.69,43.83,43.83,5246124
2018-08-17 15:30:00,43.84,44.06,43.62,43.76,6023190
2018-08-20 09:30:00,43.8,44.15,43.05,43.24,4053919
2018-08-20 10:30:00,43.235,43.45,43.0201,43.38,2521402
2018-08-20 11:30:00,43.377,43.92,43.35,43.75,2221715
2018-08-20 12:30:00,43.7584,43.85,43.58,43.73,1095692
2018-08-20 13:30:00,43.7201,43.95,43.11,43.7502,1176217
2018-08-20 14:30:00,43.76,43.7646,43.53,43.565,1529426
2018-08-20 15:30:00,43.56,43.66,43.51,43.53,1715870
2018-08-21 09:30:00,43.49,43.7,42.85,43.431,3478300
2018-08-21 10:30:00,43.44,43.945,43.43,43.91,2011814
2018-08-21 11:30:00,43.915,44.23,43.885,44.1,2065727
2018-08-21 12:30:00,44.091,44.18,43.985,44.16,1520225
2018-08-21 13:30:00,44.165,44.18,43.901,43.9513,1559431
2018-08-21 14:30:00,43.9353,43.9379,43.73,43.735,1585981
2018-08-21 15:30:00,43.739,43.83,43.65,43.77,2528913
2018-09-17 09:30:00,38.95,39.1,38.66,38.825,2068910
2018-09-17 10:30:00,38.826,39.08,38.78,39.0,1771980
2018-09-17 11:30:00,39.0,39.12,38.9301,38.9903,1105753
2018-09-17 12:30:00,38.965,39.1,38.82,39.07,1176669
2018-09-17 13:30:00,39.0699,39.17,38.99,39.125,535721
2018-09-17 14:30:00,39.12,39.12,38.86,38.9,1215021
2018-09-17 15:30:00,38.905,38.93,38.64,38.7,1731825
2018-09-18 09:30:00,38.72,39.09,38.72,39.03,1921816
2018-09-18 10:30:00,39.0266,39.32,38.94,39.2899,1487558
2018-09-18 11:30:00,39.28,39.43,39.2,39.2,1010720
2018-09-18 12:30:00,39.21,39.34,39.2,39.22,913799
2018-09-18 13:30:00,39.23,39.5,39.14,39.285,866524
2018-09-18 14:30:00,39.28,39.33,39.16,39.215,815372
2018-09-18 15:30:00,39.21,39.23,39.13,39.19,2003626
2018-09-19 09:30:00,39.39,39.47,39.01,39.015,1931892
2018-09-19 10:30:00,39.01,39.09,38.85,38.97,1332766
2018-09-19 11:30:00,38.97,39.088,38.94,39.0133,1040700
2018-09-19 12:30:00,39.02,39.07,38.91,38.92,563541
2018-09-19 13:30:00,38.917,39.05,38.91,38.96,544462
2018-09-19 14:30:00,38.96,39.07,38.93,39.02,779057
2018-09-19 15:30:00,39.025,39.06,39.0,39.05,1149660
2018-09-20 09:30:00,39.25,39.84,39.18,39.62,2694654
2018-09-20 10:30:00,39.62,39.78,39.59,39.66,1002857
2018-09-20 11:30:00,39.66,39.69,39.53,39.67,912073
2018-09-20 12:30:00,39.68,39.84,39.66,39.7,925012
2018-09-20 13:30:00,39.707,39.765,39.41,39.435,841127
2018-09-20 14:30:00,39.435,39.52,39.285,39.475,2411951
2018-09-20 15:30:00,39.48,39.505,39.37,39.4,1994485
2018-09-21 09:30:00,39.33,39.865,39.15,39.55,5692042
2018-09-21 10:30:00,39.555,39.95,39.46,39.87,1001191
2018-09-21 11:30:00,39.8617,39.957,39.78,39.8,1207535
2018-09-21 12:30:00,39.81,39.855,39.63,39.645,619933
2018-09-21 13:30:00,39.64,39.68,39.57,39.65,675151
2018-09-21 14:30:00,39.65,39.67,39.5,39.525,648559
2018-09-21 15:30:00,39.525,39.7199,39.5,39.62,2308019
2018-09-24 09:30:00,39.24,39.5,38.86,39.02,2184590
2018-09-24 10:30:00,39.025,39.235,38.98,39.136,1473042
2018-09-24 11:30:00,39.1323,39.163,38.95,39.13,1188428
2018-09-24 12:30:00,39.13,39.29,39.045,39.08,813105
2018-09-24 13:30:00,39.08,39.26,39.08,39.17,976344
2018-09-24 14:30:00,39.1775,39.23,39.09,39.15,1194050
2018-09-24 15:30:00,39.15,39.1707,39.035,39.09,1741360
2018-09-25 09:30:00,39.15,39.23,38.73,38.8,2208989
2018-09-25 10:30:00,38.79,38.85,38.675,38.79,886820
2018-09-25 11:30:00,38.795,38.85,38.61,38.62,927567
2018-09-25 12:30:00,38.62,38.83,38.58,38.7,949680
2018-09-25 13:30:00,38.7,38.7,38.55,38.5968,904335
2018-09-25 14:30:00,38.6,38.64,38.51,38.57,992026
2018-09-25 15:30:00,38.58,38.7,38.56,38.59,1207264
2018-10-15 09:30:00,33.55,33.55,33.05,33.4,2207752
2018-10-15 10:30:00,33.39,33.61,33.1164,33.56,1041119
2018-10-15 11:30:00,33.57,33.62,33.4,33.5511,1245081
2018-10-15 12:30:00,33.55,33.7,33.515,33.6299,876589
2018-10-15 13:30:00,33.62,33.85,33.59,33.63,969237
2018-10-15 14:30:00,33.635,33.7895,33.48,33.505,1148456
2018-10-15 15:30:00,33.5,33.63,33.42,33.42,1873023
2018-10-16 09:30:00,33.85,34.3299,33.72,34.015,2508893
2018-10-16 10:30:00,34.01,34.2,33.88,34.12,1434894
2018-10-16 11:30:00,34.13,34.37,34.05,34.15,913385
2018-10-16 12:30:00,34.15,34.4795,34.13,34.455,1076792
2018-10-16 13:30:00,34.46,34.69,33.43,34.6882,1435188
2018-10-16 14:30:00,34.69,34.75,34.58,34.68,1364338
2018-10-16 15:30:00,34.6764,34.8,34.3634,34.76,1893412
2018-10-17 09:30:00,36.09,36.1,35.11,35.365,4419804
2018-10-17 10:30:00,35.36,35.48,34.89,34.98,2554206
2018-10-17 11:30:00,34.98,35.28,34.92,35.16,1965173
2018-10-17 12:30:00,35.16,35.45,35.03,35.0401,1305397
2018-10-17 13:30:00,35.05,35.18,34.89,34.98,1247111
2018-10-17 14:30:00,34.985,35.1611,34.94,35.1173,1156493
2018-10-17 15:30:00,35.11,35.12,34.89,34.96,1631003
2018-10-18 09:30:00,34.85,34.89,34.29,34.44,1761297
2018-10-18 10:30:00,34.43,34.51,34.0399,34.11,1229997
2018-10-18 11:30:00,34.1,34.19,33.78,34.165,1602906
2018-10-18 12:30:00,34.17,34.32,33.83,33.87,1212601
2018-10-18 13:30:00,33.88,34.96,33.77,33.97,1037231
2018-10-18 14:30:00,33.96,34.125,33.82,33.955,1526992
2018-10-18 15:30:00,33.95,34.061,33.84,33.91,2100398
2018-10-19 09:30:00,34.17,34.81,34.16,34.39,2574669
2018-10-19 10:30:00,34.395,34.6,33.92,34.46,1421905
2018-10-19 11:30:00,34.46,34.496,33.979,34.01,2935000
2018-10-19 12:30:00,34.0,34.25,33.89,34.25,1453002
2018-10-19 13:30:00,34.24,34.57,34.09,34.47,1662739
2018-10-19 14:30:00,34.475,34.54,34.32,34.47,1288764
2018-10-19 15:30:00,34.47,34.53,34.28,34.29,2118776
2018-10-22 09:30:00,34.39,34.54,33.62,33.7565,2761833
2018-10-22 10:30:00,33.76,33.92,33.69,33.73,1644134
2018-10-22 11:30:00,33.735,34.39,33.15,33.2,1668129
2018-10-22 12:30:00,33.2,33.86,33.2,33.445,1633925
2018-10-22 13:30:00,33.445,34.29,33.39,33.48,1022949
2018-10-22 14:30:00,33.48,33.76,33.44,33.6,1583624
2018-10-22 15:30:00,33.6021,33.67,33.5,33.53,1601316
2018-10-23 09:30:00,32.11,32.65,32.11,32.5,3863330
2018-10-23 10:30:00,32.5,33.155,32.445,33.13,1855141
2018-10-23 11:30:00,33.135,33.32,32.97,33.28,1500518
2018-10-23 12:30:00,33.29,33.65,33.27,33.45,2496345
2018-10-23 13:30:00,33.46,33.69,33.305,33.6,1555562
2018-10-23 14:30:00,33.61,33.94,33.535,33.8558,1887715
2018-10-23 15:30:00,33.855,33.8725,33.49,33.52,2002743
2018-10-24 09:30:00,33.1,33.61,33.05,33.12,2596264
2018-10-24 10:30:00,33.11,33.205,32.91,32.94,1821697
2018-10-24 11:30:00,32.95,33.28,32.77,33.04,1569133
2018-10-24 12:30:00,33.04,33.06,32.71,32.7386,935352
2018-10-24 13:30:00,32.735,33.52,32.64,32.91,1335287
2018-10-24 14:30:00,32.91,32.95,32.23,32.23,1878954
2018-10-24 15:30:00,32.23,32.288,31.78,31.82,3155949
2018-10-25 09:30:00,32.21,32.75,32.18,32.49,2371163
2018-10-25 10:30:00,32.4932,32.58,32.09,32.5,1484332
2018-10-25 11:30:00,32.5,32.63,32.36,32.41,1187357
2018-10-25 12:30:00,32.41,32.6,32.31,32.58,934703
2018-10-25 13:30:00,32.59,32.9101,32.5,32.83,1376008
2018-10-25 14:30:00,32.84,32.94,32.7,32.74,1672328
2018-10-25 15:30:00,32.75,32.78,32.5549,32.64,2545362
2018-10-26 09:30:00,31.7,32.33,31.57,31.78,2333433
2018-10-26 10:30:00,31.78,32.46,31.64,32.3647,1807002
2018-10-26 11:30:00,32.37,32.8,32.0,32.55,1708878
2018-10-26 12:30:00,32.5401,32.99,32.52,32.745,1119909
2018-10-26 13:30:00,32.75,32.81,32.52,32.67,1042507
2018-10-26 14:30:00,32.66,32.75,32.36,32.5501,1305315
2018-10-26 15:30:00,32.55,32.65,31.72,32.35,2048719
2018-10-29 09:30:00,32.65,32.75,32.34,32.4536,1951648
2018-10-29 10:30:00,32.46,32.53,32.15,32.22,1159384
2018-10-29 11:30:00,32.23,32.37,31.9725,32.0362,1177937
2018-10-29 12:30:00,32.035,32.36,31.96,32.01,1148102
2018-10-29 13:30:00,32.02,32.15,31.43,31.4971,2354222
2018-10-29 14:30:00,31.4585,31.51,30.85,30.89,2394811
2018-10-29 15:30:00,30.9,31.165,30.53,31.13,3127983
2018-10-30 09:30:00,31.2,32.4,31.1,32.23,3941965
2018-10-30 10:30:00,32.24,32.3,31.12,31.8401,1916574
2018-10-30 11:30:00,31.85,32.12,31.77,32.03,1662441
2018-10-30 12:30:00,32.03,32.04,31.12,31.71,1008748
2018-10-30 13:30:00,31.7,31.89,31.63,31.73,1068338
2018-10-30 14:30:00,31.74,32.2161,31.68,32.18,1269107
2018-10-30 15:30:00,32.18,32.46,32.15,32.43,2515662
2018-11-12 09:30:00,33.73,33.8,32.815,32.97,2417422
2018-11-12 10:30:00,32.96,33.76,32.46,32.5699,1549154
2018-11-12 11:30:00,32.56,32.93,32.55,32.83,1089552
2018-11-12 12:30:00,32.82,34.28,32.69,32.73,659789
2018-11-12 13:30:00,32.7343,32.98,32.64,32.885,838434
2018-11-12 14:30:00,32.88,33.0,32.71,32.865,1173637
2018-11-12 15:30:00,32.8642,32.865,32.58,32.6166,1897221
2018-11-13 09:30:00,32.94,33.57,32.7,33.05,2773814
2018-11-13 10:30:00,33.05,34.015,32.92,33.975,2271132
2018-11-13 11:30:00,34.0275,34.06,33.72,33.81,1323151
2018-11-13 12:30:00,33.81,33.8281,32.62,33.6251,956493
2018-11-13 13:30:00,33.63,33.8873,32.62,33.47,1317542
2018-11-13 14:30:00,33.47,33.55,33.28,33.39,981995
2018-11-13 15:30:00,33.38,33.52,33.3,33.48,1197800
2018-11-14 09:30:00,33.8,34.39,33.57,34.165,1872045
2018-11-14 10:30:00,34.165,34.17,33.76,33.91,1130502
2018-11-14 11:30:00,33.9,33.9699,33.7,33.71,1044289
2018-11-14 12:30:00,33.71,34.15,33.33,33.61,1362130
2018-11-14 13:30:00,33.61,33.645,33.2,33.41,754921
2018-11-14 14:30:00,33.41,33.8288,33.355,33.77,964045
2018-11-14 15:30:00,33.77,33.8184,33.54,33.59,1640012
2018-11-15 09:30:00,33.32,34.2,33.24,34.0599,1764456
2018-11-15 10:30:00,34.05,34.53,33.75,34.3968,1680689
2018-11-15 11:30:00,34.41,34.86,34.28,34.82,1488506
2018-11-15 12:30:00,34.82,35.08,33.58,35.075,1381662
2018-11-15 13:30:00,35.0785,35.4,34.9701,35.3898,1769678
2018-11-15 14:30:00,35.38,35.5,34.98,34.985,3067112
2018-11-15 15:30:00,34.98,35.07,34.8,35.02,2611633
2018-11-16 09:30:00,32.15,34.9,32.07,33.61,8556998
2018-11-16 10:30:00,33.61,34.73,33.61,34.56,4761441
2018-11-16 11:30:00,34.56,35.13,34.2902,34.89,3466075
2018-11-16 12:30:00,34.89,35.82,34.885,35.35,3146149
2018-11-16 13:30:00,35.34,35.3741,34.925,35.17,1640167
2018-11-16 14:30:00,35.17,35.73,35.17,35.48,2283148
2018-11-16 15:30:00,35.48,35.5968,34.6979,35.4,2808200
2018-11-19 09:30:00,35.24,35.67,35.0,35.09,3273991
2018-11-19 10:30:00,35.09,35.57,34.92,34.94,2221039
2018-11-19 11:30:00,34.93,35.0532,34.39,34.7042,1828935
2018-11-19 12:30:00,34.697,35.4,34.36,34.47,1260738
2018-11-19 13:30:00,34.46,35.4,34.29,34.52,1543084
2018-11-19 14:30:00,34.51,34.74,34.395,34.5,1267495
2018-11-19 15:30:00,34.5,34.53,34.28,34.42,2335562
2018-11-20 09:30:00,33.34,35.2,33.14,35.18,4588725
2018-11-20 10:30:00,35.175,36.92,35.145,35.95,6552530
2018-11-20 11:30:00,35.9537,36.42,35.87,36.32,2374443
2018-11-20 12:30:00,36.31,36.4355,35.8101,36.0101,1751565
2018-11-20 13:30:00,36.01,36.19,34.42,35.44,2027886
2018-11-20 14:30:00,35.43,35.935,35.43,35.89,4920103
2018-11-20 15:30:00,35.895,35.97,35.66,35.77,2249404
2018-12-13 09:30:00,34.59,34.59,33.81,34.04,1939338
2018-12-13 10:30:00,34.05,34.19,33.96,34.08,1135084
2018-12-13 11:30:00,34.08,34.27,33.86,33.87,851593
2018-12-13 12:30:00,33.86,34.0781,33.86,33.95,805408
2018-12-13 13:30:00,33.95,34.0601,33.6,33.75,1233054
2018-12-13 14:30:00,33.74,33.7757,33.535,33.5939,1311977
2018-12-13 15:30:00,33.59,33.835,33.5395,33.7,1317457
2018-12-14 09:30:00,33.19,33.4401,32.88,33.3,1919566
2018-12-14 10:30:00,33.295,33.51,33.18,33.3,1204555
2018-12-14 11:30:00,33.29,33.43,33.025,33.12,1210838
2018-12-14 12:30:00,33.12,33.23,32.94,33.1,1085200
2018-12-14 13:30:00,33.1,33.71,32.95,32.99,987323
2018-12-14 14:30:00,32.994,32.995,32.64,32.81,1451695
2018-12-14 15:30:00,32.8,32.84,32.63,32.64,1871178
2018-12-17 09:30:00,32.6,33.305,32.515,33.2755,2185125
2018-12-17 10:30:00,33.27,33.8135,32.9397,33.55,1388454
2018-12-17 11:30:00,33.56,33.7622,33.45,33.62,916224
2018-12-17 12:30:00,33.62,33.64,33.04,33.18,1380221
2018-12-17 13:30:00,33.175,33.225,32.87,32.905,831024
2018-12-17 14:30:00,32.91,33.0,32.595,32.655,1287907
2018-12-17 15:30:00,32.66,32.75,32.529,32.66,2432947
2018-12-18 09:30:00,33.07,34.16,32.89,34.125,2765406
2018-12-18 10:30:00,34.12,34.315,33.69,33.765,2575238
2018-12-18 11:30:00,33.77,34.11,33.61,34.1,1203830
2018-12-18 12:30:00,34.1,34.16,32.67,33.91,773799
2018-12-18 13:30:00,33.89,33.9437,32.67,33.76,1013612
2018-12-18 14:30:00,33.765,33.765,33.2143,33.295,1374081
2018-12-18 15:30:00,33.3,33.57,33.27,33.275,1907124
2018-12-19 09:30:00,32.73,33.76,32.425,33.5,2395926
2018-12-19 10:30:00,33.49,33.59,33.03,33.0532,1155927
2018-12-19 11:30:00,33.055,33.23,32.9678,33.091,997263
2018-12-19 12:30:00,33.095,33.21,32.95,33.06,961346
2018-12-19 13:30:00,33.065,33.28,32.42,32.82,1633269
2018-12-19 14:30:00,32.82,32.88,31.43,31.44,3760925
2018-12-19 15:30:00,31.45,31.71,31.36,31.53,2483083
2018-12-20 09:30:00,32.01,32.25,31.48,31.8699,2523224
2018-12-20 10:30:00,31.86,31.98,31.41,31.49,1311170
2018-12-20 11:30:00,31.49,31.57,31.0273,31.2,1607996
2018-12-20 12:30:00,31.19,31.25,30.93,31.0392,2027687
2018-12-20 13:30:00,31.02,31.13,30.78,31.0541,1705384
2018-12-20 14:30:00,31.05,31.425,31.0,31.29,2659768
2018-12-20 15:30:00,31.29,31.3677,30.89,30.9,3093266
2018-12-21 09:30:00,30.89,31.83,30.89,31.44,6421775
2018-12-21 10:30:00,31.44,31.515,30.881,31.12,1633662
2018-12-21 11:30:00,31.12,31.16,30.6,30.6101,1310088
2018-12-21 12:30:00,30.61,31.04,30.52,30.91,2056232
2018-12-21 13:30:00,30.92,31.1742,30.68,30.76,2075363
2018-12-21 14:30:00,30.7641,30.82,30.39,30.4,1657716
2018-12-21 15:30:00,30.4,30.717,30.25,30.3,2646768
2019-01-14 09:30:00,34.34,34.34,33.41,33.82,2119657
2019-01-14 10:30:00,33.825,33.89,33.63,33.83,1005583
2019-01-14 11:30:00,33.83,34.22,33.7696,34.16,930434
2019-01-14 12:30:00,34.16,34.3,34.05,34.2,815289
2019-01-14 13:30:00,34.21,34.25,33.91,33.93,538870
2019-01-14 14:30:00,33.93,34.03,33.86,33.985,633752
2019-01-14 15:30:00,33.985,34.035,33.82,33.84,1027758
2019-01-15 09:30:00,34.09,34.325,33.743,33.87,1548388
2019-01-15 10:30:00,33.88,33.935,33.49,33.49,947286
2019-01-15 11:30:00,33.5,33.9832,33.44,33.68,788318
2019-01-15 12:30:00,33.69,33.72,33.5776,33.5927,458204
2019-01-15 13:30:00,33.585,33.73,33.44,33.45,585841
2019-01-15 14:30:00,33.45,33.7,33.4,33.68,756436
2019-01-15 15:30:00,33.67,33.77,33.6438,33.75,808282
2019-01-16 09:30:00,33.76,34.27,33.56,34.105,1403908
2019-01-16 10:30:00,34.105,34.22,33.94,34.18,756253
2019-01-16 11:30:00,34.19,34.25,33.94,33.99,653292
2019-01-16 12:30:00,33.99,34.0754,33.75,33.89,480798
2019-01-16 13:30:00,33.88,33.96,33.79,33.82,558498
2019-01-16 14:30:00,33.82,33.95,33.79,33.95,855477
2019-01-16 15:30:00,33.95,33.95,33.61,33.64,1245276
2019-01-17 09:30:00,33.5,33.95,33.25,33.95,1984159
2019-01-17 10:30:00,33.95,34.2,33.88,33.991,1022889
2019-01-17 11:30:00,33.99,34.0956,33.91,33.9599,562756
2019-01-17 12:30:00,33.955,34.08,33.8967,34.029,1427665
2019-01-17 13:30:00,34.02,34.075,33.93,33.99,537576
2019-01-17 14:30:00,33.985,34.63,33.96,34.58,1913894
2019-01-17 15:30:00,34.58,34.71,34.45,34.54,1588854
2019-01-18 09:30:00,34.96,35.685,34.63,35.62,3395151
2019-01-18 10:30:00,35.6184,36.3,35.535,36.165,1792923
2019-01-18 11:30:00,36.162,36.32,36.03,36.235,947413
2019-01-18 12:30:00,36.235,36.2516,35.81,35.86,1045420
2019-01-18 13:30:00,35.87,35.88,34.54,35.6314,816727
2019-01-18 14:30:00,35.625,35.68,35.51,35.645,951419
2019-01-18 15:30:00,35.65,35.8346,35.57,35.71,1471196
2019-01-22 09:30:00,35.33,35.37,34.55,34.77,1954031
2019-01-22 10:30:00,34.77,35.71,34.51,34.55,1146383
2019-01-22 11:30:00,34.54,34.61,34.355,34.4,762501
2019-01-22 12:30:00,34.41,34.51,34.18,34.31,692266
2019-01-22 13:30:00,34.31,34.52,34.28,34.37,694690
2019-01-22 14:30:00,34.37,34.425,34.12,34.27,1134429
2019-01-22 15:30:00,34.26,34.48,34.205,34.44,1637610
2019-01-23 09:30:00,34.71,34.94,34.49,34.505,2329157
2019-01-23 10:30:00,34.505,34.6,34.09,34.17,1064084
2019-01-23 11:30:00,34.16,34.2,33.7,33.895,891446
2019-01-23 12:30:00,33.89,34.15,33.835,34.12,852015
2019-01-23 13:30:00,34.12,34.42,34.1112,34.34,1141749
2019-01-23 14:30:00,34.36,34.395,34.11,34.255,1009942
2019-01-23 15:30:00,34.255,34.36,34.165,34.3,1418369
2019-01-24 09:30:00,36.16,37.73,36.01,37.6733,6799154
2019-01-24 10:30:00,37.675,37.915,37.32,37.805,4127227
2019-01-24 11:30:00,37.8,37.86,37.58,37.64,1585514
2019-01-24 12:30:00,37.6464,37.7015,37.22,37.32,1761204
2019-01-24 13:30:00,37.33,37.59,37.2601,37.565,1322227
2019-01-24 14:30:00,37.56,37.87,37.485,37.72,1770275
2019-01-24 15:30:00,37.72,37.86,37.64,37.82,2548930
2019-01-25 09:30:00,38.4,39.18,38.31,38.99,5465989
2019-01-25 10:30:00,38.9859,39.22,37.82,38.97,2453952
2019-01-25 11:30:00,38.97,39.31,38.9071,39.28,1612816
2019-01-25 12:30:00,39.275,39.48,39.11,39.38,1584673
2019-01-25 13:30:00,39.385,39.46,39.065,39.0775,1760600
2019-01-25 14:30:00,39.09,39.39,39.01,39.3,1663035
2019-01-25 15:30:00,39.295,39.33,33.7,39.18,1993508
2019-01-28 09:30:00,37.61,38.79,37.52,38.7199,3723740
2019-01-28 10:30:00,38.71,38.95,38.62,38.86,1378250
2019-01-28 11:30:00,38.87,38.92,38.435,38.69,1201719
2019-01-28 12:30:00,38.7,38.745,38.42,38.5568,981978
2019-01-28 13:30:00,38.55,38.64,38.46,38.58,868613
2019-01-28 14:30:00,38.58,38.92,38.57,38.8,1275649
2019-01-28 15:30:00,38.8,38.89,38.67,38.69,1496277
2019-01-29 09:30:00,39.28,39.35,38.25,38.6,2383710
2019-01-29 10:30:00,38.61,38.7,38.075,38.1,1220258
2019-01-29 11:30:00,38.105,38.1858,37.84,38.16,1424502
2019-01-29 12:30:00,38.16,38.3,38.09,38.28,547875
2019-01-29 13:30:00,38.28,38.29,38.17,38.24,491777
2019-01-29 14:30:00,38.24,38.295,38.14,38.27,827535
2019-01-29 15:30:00,38.27,38.4,38.2,38.2,1122861
2019-02-08 09:30:00,39.3,39.7,38.99,39.21,2320196
2019-02-08 10:30:00,39.21,39.28,39.01,39.05,1331310
2019-02-08 11:30:00,39.06,39.19,38.73,39.14,1196768
2019-02-08 12:30:00,39.14,39.92,39.13,39.38,1203697
2019-02-08 13:30:00,39.38,39.92,39.32,39.69,726109
2019-02-08 14:30:00,39.6884,39.74,39.565,39.695,822885
2019-02-08 15:30:00,39.69,39.8,39.2683,39.8,1452648
2019-02-11 09:30:00,39.95,40.19,39.33,39.53,2011903
2019-02-11 10:30:00,39.54,39.74,39.1885,39.7,804609
2019-02-11 11:30:00,39.7,39.78,39.59,39.75,1232205
2019-02-11 12:30:00,39.75,39.91,39.685,39.81,1720205
2019-02-11 13:30:00,39.8,39.91,39.77,39.81,801338
2019-02-11 14:30:00,39.81,39.94,39.775,39.895,1438314
2019-02-11 15:30:00,39.89,39.95,39.78,39.91,1388203
2019-02-12 09:30:00,40.38,40.75,40.28,40.68,1829515
2019-02-12 10:30:00,40.69,40.89,40.55,40.66,1585297
2019-02-12 11:30:00,40.66,40.78,40.53,40.74,1098510
2019-02-12 12:30:00,40.74,40.77,39.9,40.6501,708000
2019-02-12 13:30:00,40.6898,40.8895,40.64,40.8325,935967
2019-02-12 14:30:00,40.84,40.8531,40.69,40.78,1026344
2019-02-12 15:30:00,40.78,40.82,40.67,40.68,1022947
2019-02-13 09:30:00,40.96,41.155,40.7199,40.86,2160224
2019-02-13 10:30:00,40.85,41.01,40.69,40.88,871839
2019-02-13 11:30:00,40.87,41.03,40.77,40.99,697772
2019-02-13 12:30:00,40.989,41.125,40.87,41.08,1149848
2019-02-13 13:30:00,41.09,41.2,40.69,41.1617,865369
2019-02-13 14:30:00,41.16,41.235,41.06,41.13,892725
2019-02-13 15:30:00,41.14,41.16,40.8,40.85,1192238
2019-02-14 09:30:00,40.74,41.22,40.6,40.915,3318607
2019-02-14 10:30:00,40.92,40.92,40.51,40.79,2067629
2019-02-14 11:30:00,40.79,40.86,40.64,40.85,1302406
2019-02-14 12:30:00,40.8551,40.8951,40.74,40.785,961143
2019-02-14 13:30:00,40.79,40.86,40.71,40.82,895932
2019-02-14 14:30:00,40.81,40.9,40.6949,40.87,1154968
2019-02-14 15:30:00,40.875,41.02,40.69,40.71,2329938
2019-02-15 09:30:00,39.99,40.2,38.59,39.4379,7906849
2019-02-15 10:30:00,39.44,39.7,39.02,39.435,3008698
2019-02-15 11:30:00,39.43,39.49,39.29,39.39,1968536
2019-02-15 12:30:00,39.39,39.505,39.22,39.22,2161081
2019-02-15 13:30:00,39.2274,39.28,39.1,39.13,1445968
2019-02-15 14:30:00,39.14,39.24,39.03,39.09,1705788
2019-02-15 15:30:00,39.095,39.215,38.98,39.1,3369580
2019-03-15 09:30:00,39.4,40.905,39.29,40.695,7029431
2019-03-15 10:30:00,40.7,41.03,40.36,40.41,2500255
2019-03-15 11:30:00,40.42,40.57,40.355,40.4901,1272619
2019-03-15 12:30:00,40.49,40.49,38.93,40.44,870819
2019-03-15 13:30:00,40.44,40.635,40.4236,40.61,1060914
2019-03-15 14:30:00,40.61,40.66,40.43,40.49,1084694
2019-03-15 15:30:00,40.48,40.54,40.33,40.39,2347012
2019-03-18 09:30:00,40.38,40.68,40.12,40.435,1722785
2019-03-18 10:30:00,40.43,40.71,40.205,40.25,1033313
2019-03-18 11:30:00,40.24,40.25,39.91,40.02,849595
2019-03-18 12:30:00,40.025,40.24,40.01,40.16,377805
2019-03-18 13:30:00,40.165,40.17,40.01,40.045,433332
2019-03-18 14:30:00,40.045,40.12,40.0,40.02,665986
2019-03-18 15:30:00,40.02,40.11,39.98,40.0,1222543
2019-03-19 09:30:00,40.2,40.59,40.175,40.57,1049172
2019-03-19 10:30:00,40.57,40.74,40.36,40.38,697939
2019-03-19 11:30:00,40.375,40.62,40.35,40.61,688368
2019-03-19 12:30:00,40.61,40.67,40.35,40.6,881389
2019-03-19 13:30:00,40.6,40.68,40.0,40.66,743592
2019-03-19 14:30:00,40.66,40.67,40.34,40.435,709087
2019-03-19 15:30:00,40.43,40.475,40.285,40.38,1165930
2019-03-20 09:30:00,40.38,40.62,39.8,39.885,1272581
2019-03-20 10:30:00,39.89,39.98,39.63,39.65,792751
2019-03-20 11:30:00,39.66,39.7159,39.47,39.56,716936
2019-03-20 12:30:00,39.56,40.37,39.36,39.48,738492
2019-03-20 13:30:00,39.47,40.37,39.465,39.9,748357
2019-03-20 14:30:00,39.9,40.37,39.74,39.74,740598
2019-03-20 15:30:00,39.74,39.7662,39.55,39.55,1416114
2019-03-21 09:30:00,39.75,41.17,39.57,41.115,2851167
2019-03-21 10:30:00,41.116,41.28,40.985,41.15,1300632
2019-03-21 11:30:00,41.1499,41.39,41.07,41.08,1223051
2019-03-21 12:30:00,41.08,41.41,39.57,41.405,882552
2019-03-21 13:30:00,41.41,41.725,41.2841,41.715,1301701
2019-03-21 14:30:00,41.72,41.99,41.07,41.7025,2158659
2019-03-21 15:30:00,41.71,41.7555,41.3,41.32,2253517
2019-03-22 09:30:00,41.04,41.21,40.54,40.76,1626005
2019-03-22 10:30:00,40.76,40.9,40.33,40.38,1154775
2019-03-22 11:30:00,40.38,40.45,40.01,40.05,1141682
2019-03-22 12:30:00,40.05,40.3,39.98,40.13,688329
2019-03-22 13:30:00,40.12,41.33,39.96,40.1862,892243
2019-03-22 14:30:00,40.18,40.29,39.98,39.995,909092
2019-03-22 15:30:00,39.99,40.03,39.81,39.85,1981601
2019-03-25 09:30:00,39.69,40.13,39.065,39.41,1757540
2019-03-25 10:30:00,39.4,39.86,39.3,39.62,627995
2019-03-25 11:30:00,39.63,39.65,39.36,39.5099,504108
2019-03-25 12:30:00,39.5,39.535,39.25,39.415,509877
2019-03-25 13:30:00,39.41,39.4341,39.15,39.2,382408
2019-03-25 14:30:00,39.205,39.39,39.2,39.365,604351
2019-03-25 15:30:00,39.36,39.465,39.28,39.41,1106803
2019-04-15 09:30:00,42.75,43.13,42.61,42.615,1219941
2019-04-15 10:30:00,42.615,42.7613,42.425,42.61,1071974
2019-04-15 11:30:00,42.605,42.6463,42.34,42.3699,557642
2019-04-15 12:30:00,42.37,42.5751,42.33,42.53,425508
2019-04-15 13:30:00,42.54,42.99,42.52,42.6175,327320
2019-04-15 14:30:00,42.62,42.765,42.6181,42.715,543209
2019-04-15 15:30:00,42.71,42.76,42.68,42.71,623057
2019-04-16 09:30:00,43.03,44.15,43.03,44.112,2631019
2019-04-16 10:30:00,44.11,44.14,43.6954,43.74,1630989
2019-04-16 11:30:00,43.74,43.85,43.65,43.85,846180
2019-04-16 12:30:00,43.85,43.985,42.71,43.9,556290
2019-04-16 13:30:00,43.9,44.05,43.88,43.9999,888164
2019-04-16 14:30:00,44.0,44.04,43.71,43.745,1519349
2019-04-16 15:30:00,43.74,43.7464,43.5219,43.72,1097802
2019-04-17 09:30:00,44.35,44.53,43.86,44.2316,2383874
2019-04-17 10:30:00,44.23,44.3717,43.75,43.78,1135929
2019-04-17 11:30:00,43.78,43.94,43.6,43.8,833038
2019-04-17 12:30:00,43.8,43.87,42.92,43.755,648719
2019-04-17 13:30:00,43.755,43.9308,43.7,43.72,449057
2019-04-17 14:30:00,43.72,44.03,43.715,43.88,544119
2019-04-17 15:30:00,43.885,43.95,43.785,43.885,1432106
2019-04-18 09:30:00,43.94,44.24,43.84,43.92,1643808
2019-04-18 10:30:00,43.925,44.1,43.85,44.02,625646
2019-04-18 11:30:00,44.02,44.279,44.0,44.1761,566407
2019-04-18 12:30:00,44.18,44.2,43.89,44.0845,449361
2019-04-18 13:30:00,44.085,44.21,44.08,44.16,491030
2019-04-18 14:30:00,44.165,44.18,43.94,43.96,593620
2019-04-18 15:30:00,43.96,44.0732,43.79,43.95,1073525
2019-04-22 09:30:00,43.86,43.9,43.27,43.39,1193162
2019-04-22 10:30:00,43.39,43.66,43.37,43.62,699845
2019-04-22 11:30:00,43.63,43.79,43.57,43.6901,620058
2019-04-22 12:30:00,43.69,43.75,43.66,43.7063,325005
2019-04-22 13:30:00,43.7,43.98,43.67,43.935,363223
2019-04-22 14:30:00,43.935,43.96,43.84,43.84,384027
2019-04-22 15:30:00,43.85,43.89,43.755,43.78,566127
2019-04-23 09:30:00,43.8,43.98,43.4,43.945,1195008
2019-04-23 10:30:00,43.95,43.96,43.59,43.69,746425
2019-04-23 11:30:00,43.69,43.75,43.53,43.7116,558442
2019-04-23 12:30:00,43.7199,43.87,43.66,43.8249,550264
2019-04-23 13:30:00,43.825,43.9636,43.74,43.81,407604
2019-04-23 14:30:00,43.81,43.995,43.79,43.975,788379
2019-04-23 15:30:00,43.9736,43.98,43.76,43.83,1034203
2019-04-24 09:30:00,43.91,44.85,43.86,44.8,1971671
2019-04-24 10:30:00,44.815,45.64,44.7156,45.0901,2759158
2019-04-24 11:30:00,45.095,45.2104,44.685,44.866,1334528
2019-04-24 12:30:00,44.82,44.94,44.67,44.74,1339547
2019-04-24 13:30:00,44.7373,44.79,43.83,44.61,723038
2019-04-24 14:30:00,44.61,44.71,44.565,44.69,778935
2019-04-24 15:30:00,44.685,44.705,44.42,44.47,1103641
2019-04-25 09:30:00,45.17,45.75,44.38,44.635,3287144
2019-04-25 10:30:00,44.63,44.945,44.3,44.92,1412984
2019-04-25 11:30:00,44.91,45.03,44.83,44.94,978332
2019-04-25 12:30:00,44.94,45.11,44.46,44.875,594882
2019-04-25 13:30:00,44.8793,44.9353,44.7202,44.8084,491888
2019-04-25 14:30:00,44.8248,44.84,44.52,44.535,656308
2019-04-25 15:30:00,44.54,44.8132,44.42,44.44,1114065
2019-04-26 09:30:00,43.6,44.07,43.33,43.755,1973975
2019-04-26 10:30:00,43.75,44.38,43.67,44.3,947777
2019-04-26 11:30:00,44.295,44.311,43.97,44.14,661912
2019-04-26 12:30:00,44.15,44.3,44.14,44.215,686214
2019-04-26 13:30:00,44.21,44.45,44.175,44.39,479049
2019-04-26 14:30:00,44.38,44.615,44.325,44.5648,664164
2019-04-26 15:30:00,44.565,44.71,44.5332,44.66,1136934
2019-04-29 09:30:00,44.71,44.91,44.25,44.48,944958
2019-04-29 10:30:00,44.48,44.8,44.4,44.615,548578
2019-04-29 11:30:00,44.61,44.73,44.53,44.67,379356
2019-04-29 12:30:00,44.67,44.78,44.59,44.645,705586
2019-04-29 13:30:00,44.64,44.665,44.45,44.55,412778
2019-04-29 14:30:00,44.55,44.57,44.335,44.37,629980
2019-04-29 15:30:00,44.36,44.43,44.2,44.23,1020698
2019-04-30 09:30:00,44.15,44.58,43.96,44.33,1262964
2019-04-30 10:30:00,44.32,44.3542,43.75,43.77,1681384
2019-04-30 11:30:00,43.78,44.05,43.72,44.04,1590743
2019-04-30 12:30:00,44.04,44.08,43.9346,43.95,715711
2019-04-30 13:30:00,43.95,44.08,43.86,43.915,1797581
2019-04-30 14:30:00,43.915,43.975,43.87,43.91,1139243
2019-04-30 15:30:00,43.9,44.14,43.9,44.07,1186636
2019-05-13 09:30:00,39.26,39.64,38.67,39.03,3025608
2019-05-13 10:30:00,39.01,39.365,38.84,38.995,1375593
2019-05-13 11:30:00,38.995,39.23,38.9,39.14,1157398
2019-05-13 12:30:00,39.14,39.25,38.89,38.94,809541
2019-05-13 13:30:00,38.93,39.4,38.91,39.3,871338
2019-05-13 14:30:00,39.31,39.505,39.18,39.25,875985
2019-05-13 15:30:00,39.24,39.245,38.98,39.07,1519505
2019-05-14 09:30:00,39.62,40.13,39.4,40.085,1956283
2019-05-14 10:30:00,40.08,40.27,39.995,40.255,1172314
2019-05-14 11:30:00,40.2593,40.33,40.07,40.13,707635
2019-05-14 12:30:00,40.13,40.335,40.13,40.285,458817
2019-05-14 13:30:00,40.29,40.4,39.09,40.165,565371
2019-05-14 14:30:00,40.17,40.33,40.04,40.2,504912
2019-05-14 15:30:00,40.19,40.2,39.98,40.0,1787612
2019-05-15 09:30:00,40.41,41.37,40.11,41.32,3065100
2019-05-15 10:30:00,41.32,41.58,40.7098,41.43,2032271
2019-05-15 11:30:00,41.42,41.74,41.39,41.45,1323179
2019-05-15 12:30:00,41.45,41.645,40.01,41.55,994301
2019-05-15 13:30:00,41.545,41.74,41.54,41.69,568776
2019-05-15 14:30:00,41.69,41.86,40.01,41.66,1111830
2019-05-15 15:30:00,41.66,41.68,41.48,41.51,1801673
2019-05-16 09:30:00,41.23,41.63,40.96,41.39,2500801
2019-05-16 10:30:00,41.38,42.06,41.36,41.83,1539106
2019-05-16 11:30:00,41.83,42.15,41.75,42.085,879119
2019-05-16 12:30:00,42.085,42.19,41.95,41.99,712240
2019-05-16 13:30:00,41.99,42.085,41.5,42.085,734952
2019-05-16 14:30:00,42.08,42.18,41.9,41.95,1436307
2019-05-16 15:30:00,41.945,42.03,41.61,41.66,2238673
2019-05-17 09:30:00,43.39,44.2,42.84,44.0473,7834054
2019-05-17 10:30:00,44.04,44.36,43.5785,43.895,2622724
2019-05-17 11:30:00,43.9,43.92,43.47,43.495,1619503
2019-05-17 12:30:00,43.49,43.6968,41.66,43.45,1204743
2019-05-17 13:30:00,43.46,43.62,41.66,43.46,923171
2019-05-17 14:30:00,43.46,43.4899,42.78,42.93,2020596
2019-05-17 15:30:00,42.94,43.651,42.565,42.715,2520783
2019-05-20 09:30:00,41.83,42.76,41.76,42.175,5042372
2019-05-20 10:30:00,42.175,42.37,41.47,41.805,2084300
2019-05-20 11:30:00,41.81,41.9,41.425,41.43,1423273
2019-05-20 12:30:00,41.43,41.4873,40.82,40.88,1976827
2019-05-20 13:30:00,40.87,42.7,40.23,40.35,4889421
2019-05-20 14:30:00,40.355,40.46,40.22,40.42,2201631
2019-05-20 15:30:00,40.42,40.54,40.265,40.35,2305397
2019-05-21 09:30:00,41.17,41.29,40.82,41.08,2083148
2019-05-21 10:30:00,41.08,41.36,40.905,41.32,1244654
2019-05-21 11:30:00,41.32,41.34,41.08,41.16,617473
2019-05-21 12:30:00,41.16,41.225,41.06,41.0827,484428
2019-05-21 13:30:00,41.06,41.19,40.35,41.15,509704
2019-05-21 14:30:00,41.1598,41.21,40.995,41.075,866990
2019-05-21 15:30:00,41.075,41.3,41.07,41.28,2195986
2019-06-20 09:30:00,43.72,43.99,43.27,43.5,2124602
2019-06-20 10:30:00,43.5,43.59,43.1,43.185,1292121
2019-06-20 11:30:00,43.18,43.32,43.0,43.26,1080587
2019-06-20 12:30:00,43.265,43.31,42.53,43.2507,603789
2019-06-20 13:30:00,43.26,43.335,42.53,43.29,543131
2019-06-20 14:30:00,43.29,43.2918,43.095,43.21,1117625
2019-06-20 15:30:00,43.22,43.2913,43.1718,43.22,1111149
2019-06-21 09:30:00,42.83,43.0,42.61,42.745,3498796
2019-06-21 10:30:00,42.75,43.21,42.65,42.95,1474564
2019-06-21 11:30:00,42.95,43.0699,42.73,42.85,852483
2019-06-21 12:30:00,42.84,43.0255,42.8,42.99,558270
2019-06-21 13:30:00,43.0,43.21,42.94,43.06,694651
2019-06-21 14:30:00,43.06,43.16,42.97,43.13,613346
2019-06-21 15:30:00,43.13,43.175,42.94,42.95,1636090
2019-06-24 09:30:00,42.96,42.96,42.38,42.69,3004521
2019-06-24 10:30:00,42.69,42.75,42.5,42.62,993490
2019-06-24 11:30:00,42.62,42.68,42.3631,42.525,791396
2019-06-24 12:30:00,42.52,42.61,42.49,42.51,543559
2019-06-24 13:30:00,42.51,42.61,42.42,42.445,691059
2019-06-24 14:30:00,42.44,42.4867,42.29,42.29,1221834
2019-06-24 15:30:00,42.3,42.39,42.24,42.34,2040566
2019-06-25 09:30:00,42.25,42.7,42.19,42.57,1614874
2019-06-25 10:30:00,42.58,42.615,42.32,42.42,1221438
2019-06-25 11:30:00,42.415,42.495,42.27,42.35,893806
2019-06-25 12:30:00,42.35,42.43,42.18,42.42,851350
2019-06-25 13:30:00,42.42,42.45,42.11,42.11,1202313
2019-06-25 14:30:00,42.1206,42.14,41.9,42.13,1245133
2019-06-25 15:30:00,42.12,42.2109,41.95,41.98,1518958
2019-06-26 09:30:00,43.05,43.8,42.83,43.4,2928080
2019-06-26 10:30:00,43.4,43.495,43.1216,43.3499,1537015
2019-06-26 11:30:00,43.345,43.71,43.34,43.625,856018
2019-06-26 12:30:00,43.62,43.67,43.4,43.41,538341
2019-06-26 13:30:00,43.415,43.54,41.98,43.535,588919
2019-06-26 14:30:00,43.54,43.5599,43.32,43.41,994035
2019-06-26 15:30:00,43.4,43.61,43.375,43.58,1769275
2019-06-27 09:30:00,43.83,44.87,43.79,44.7,2134771
2019-06-27 10:30:00,44.71,44.75,43.58,44.595,1475328
2019-06-27 11:30:00,44.59,44.75,44.48,44.57,874431
2019-06-27 12:30:00,44.57,44.67,44.53,44.565,578659
2019-06-27 13:30:00,44.5639,44.64,44.48,44.63,483772
2019-06-27 14:30:00,44.6331,44.68,44.51,44.59,907549
2019-06-27 15:30:00,44.59,44.76,44.559,44.71,1888363
2019-06-28 09:30:00,45.12,45.39,44.97,45.09,2281710
2019-06-28 10:30:00,45.1,45.25,45.0498,45.15,810635
2019-06-28 11:30:00,45.15,45.3,45.12,45.23,905693
2019-06-28 12:30:00,45.24,45.265,44.99,45.055,529954
2019-06-28 13:30:00,45.05,45.06,44.9833,45.05,538991
2019-06-28 14:30:00,45.05,45.115,45.01,45.05,740654
2019-06-28 15:30:00,45.06,45.1,44.675,44.92,2486520
2019-07-15 09:30:00,46.85,47.43,46.13,46.195,1868385
2019-07-15 10:30:00,46.2,46.51,45.92,46.165,729590
2019-07-15 11:30:00,46.17,46.2,45.9919,46.09,616412
2019-07-15 12:30:00,46.0922,46.13,46.03,46.035,477351
2019-07-15 13:30:00,46.04,46.14,45.985,45.99,480736
2019-07-15 14:30:00,45.99,46.29,45.97,46.26,1067246
2019-07-15 15:30:00,46.26,46.35,46.2,46.29,1014030
2019-07-16 09:30:00,46.0,46.15,45.5,46.06,1191011
2019-07-16 10:30:00,46.06,46.28,45.99,46.105,548305
2019-07-16 11:30:00,46.105,46.23,45.795,45.9188,1021890
2019-07-16 12:30:00,45.92,46.18,45.86,46.135,650574
2019-07-16 13:30:00,46.13,46.28,45.95,46.0036,696441
2019-07-16 14:30:00,46.0,46.14,45.92,46.08,642499
2019-07-16 15:30:00,46.085,46.13,45.99,46.0,1202856
2019-07-17 09:30:00,46.26,46.47,45.61,46.16,1985354
2019-07-17 10:30:00,46.16,46.38,46.11,46.2831,959013
2019-07-17 11:30:00,46.28,46.37,46.165,46.25,1123187
2019-07-17 12:30:00,46.24,46.33,46.22,46.27,478614
2019-07-17 13:30:00,46.265,46.29,46.01,46.2004,614593
2019-07-17 14:30:00,46.205,46.26,46.155,46.17,1700438
2019-07-17 15:30:00,46.17,46.4107,46.16,46.22,1341860
2019-07-18 09:30:00,46.47,47.805,46.38,47.68,3114129
2019-07-18 10:30:00,47.68,47.887,47.545,47.74,2468442
2019-07-18 11:30:00,47.73,48.11,47.69,48.0898,2965860
2019-07-18 12:30:00,48.09,48.18,47.98,48.17,1282010
2019-07-18 13:30:00,48.1601,48.4,46.22,48.385,1058207
2019-07-18 14:30:00,48.385,48.64,48.34,48.345,1446252
2019-07-18 15:30:00,48.34,48.3468,47.9465,48.175,1620159
2019-07-19 09:30:00,48.14,48.49,47.885,47.935,2031436
2019-07-19 10:30:00,47.935,48.1144,47.755,47.9,1040881
2019-07-19 11:30:00,47.91,47.935,47.71,47.825,576955
2019-07-19 12:30:00,47.825,48.055,47.79,48.025,643680
2019-07-19 13:30:00,48.02,48.17,47.86,47.87,729945
2019-07-19 14:30:00,47.88,47.9607,47.84,47.89,1159475
2019-07-19 15:30:00,47.89,48.005,47.66,47.8,2137448
2019-07-22 09:30:00,49.32,49.94,49.21,49.86,4316983
2019-07-22 10:30:00,49.86,50.5789,49.795,50.22,3204163
2019-07-22 11:30:00,50.22,50.5,50.055,50.21,2253467
2019-07-22 12:30:00,50.21,50.3997,50.185,50.2624,1548101
2019-07-22 13:30:00,50.2625,50.68,50.25,50.625,2428242
2019-07-22 14:30:00,50.63,50.71,50.44,50.655,2293094
2019-07-22 15:30:00,50.65,50.8,50.49,50.73,4023967
2019-07-23 09:30:00,50.64,50.96,50.1101,50.39,2740107
2019-07-23 10:30:00,50.4,50.87,50.35,50.74,1022469
2019-07-23 11:30:00,50.745,51.045,50.57,50.99,1387851
2019-07-23 12:30:00,50.9944,51.18,50.82,51.045,1159754
2019-07-23 13:30:00,51.05,51.32,51.03,51.1,717527
2019-07-23 14:30:00,51.1026,51.125,50.91,50.95,574146
2019-07-23 15:30:00,50.95,51.08,50.8507,51.03,1148160
2019-07-24 09:30:00,50.98,51.745,50.76,51.67,2159332
2019-07-24 10:30:00,51.68,52.05,51.6301,52.04,1695187
2019-07-24 11:30:00,52.04,52.11,51.865,51.89,1361263
2019-07-24 12:30:00,51.89,52.095,51.88,52.035,701253
2019-07-24 13:30:00,52.04,52.245,51.03,52.17,831684
2019-07-24 14:30:00,52.17,52.42,52.05,52.4,1114800
2019-07-24 15:30:00,52.39,52.42,52.11,52.16,1825357
2019-07-25 09:30:00,51.72,51.79,50.89,51.13,2212437
2019-07-25 10:30:00,51.14,51.715,51.13,51.33,1004039
2019-07-25 11:30:00,51.32,51.46,51.15,51.28,450636
2019-07-25 12:30:00,51.28,52.14,50.76,50.825,943203
2019-07-25 13:30:00,50.83,52.14,50.77,50.77,611214
2019-07-25 14:30:00,50.77,50.945,50.67,50.875,898838
2019-07-25 15:30:00,50.88,50.95,50.76,50.82,1165725
2019-07-26 09:30:00,50.89,51.1,50.56,50.65,1622747
2019-07-26 10:30:00,50.65,50.7,50.53,50.655,741593
2019-07-26 11:30:00,50.655,50.72,50.46,50.72,666536
2019-07-26 12:30:00,50.72,50.91,50.69,50.78,390594
2019-07-26 13:30:00,50.79,50.89,50.77,50.8223,340280
2019-07-26 14:30:00,50.83,50.9,50.81,50.83,371437
2019-07-26 15:30:00,50.8341,50.87,50.71,50.74,659444
2019-07-29 09:30:00,50.49,50.64,50.06,50.17,1374418
2019-07-29 10:30:00,50.17,50.4,50.125,50.34,682041
2019-07-29 11:30:00,50.35,50.61,50.33,50.5,566877
2019-07-29 12:30:00,50.4577,50.56,50.43,50.54,299214
2019-07-29 13:30:00,50.535,50.67,50.49,50.655,279577
2019-07-29 14:30:00,50.65,50.69,50.56,50.6616,407698
2019-07-29 15:30:00,50.67,50.77,50.655,50.675,469178
2019-07-30 09:30:00,50.08,50.57,49.91,50.4652,882052
2019-07-30 10:30:00,50.47,50.68,50.45,50.63,419779
2019-07-30 11:30:00,50.64,50.8968,50.63,50.84,472440
2019-07-30 12:30:00,50.84,50.92,50.76,50.785,413813
2019-07-30 13:30:00,50.79,51.02,50.77,50.96,384353
2019-07-30 14:30:00,50.96,51.0458,50.92,50.93,406869
2019-07-30 15:30:00,50.9335,50.98,50.58,50.74,1198775
2019-08-12 09:30:00,46.98,47.09,46.5,46.77,947837
2019-08-12 10:30:00,46.77,47.15,46.26,46.5465,923137
2019-08-12 11:30:00,46.54,46.705,46.44,46.61,638767
2019-08-12 12:30:00,46.605,46.64,46.45,46.49,482518
2019-08-12 13:30:00,46.49,46.53,46.3238,46.36,490216
2019-08-12 14:30:00,46.35,46.525,46.23,46.495,1129705
2019-08-12 15:30:00,46.49,46.54,46.38,46.45,1363767
2019-08-13 09:30:00,46.4,48.17,46.07,48.04,2857229
2019-08-13 10:30:00,48.035,48.085,46.777,47.67,1147529
2019-08-13 11:30:00,47.67,48.16,47.51,48.05,967474
2019-08-13 12:30:00,48.06,48.11,47.86,48.01,822722
2019-08-13 13:30:00,48.01,48.2,47.98,48.19,431215
2019-08-13 14:30:00,48.2,48.25,48.04,48.0715,671607
2019-08-13 15:30:00,48.07,48.12,47.9088,48.06,1368117
2019-08-14 09:30:00,46.95,47.245,46.5901,47.0936,977329
2019-08-14 10:30:00,47.08,47.125,46.39,46.65,876915
2019-08-14 11:30:00,46.64,46.77,46.4,46.5541,678309
2019-08-14 12:30:00,46.56,47.0345,46.44,46.9377,738282
2019-08-14 13:30:00,46.93,47.1,46.775,46.8301,702816
2019-08-14 14:30:00,46.84,47.08,46.73,46.9,795416
2019-08-14 15:30:00,46.905,47.01,46.69,46.7,1286528
2019-08-15 09:30:00,47.03,47.34,46.66,46.99,1018677
2019-08-15 10:30:00,46.99,47.235,46.72,46.97,815533
2019-08-15 11:30:00,46.98,47.31,46.92,47.0411,735446
2019-08-15 12:30:00,47.05,47.12,46.895,46.94,462383
2019-08-15 13:30:00,46.94,46.995,46.5,46.75,826420
2019-08-15 14:30:00,46.75,47.285,46.64,47.1699,1477623
2019-08-15 15:30:00,47.16,47.255,46.97,47.16,1873198
2019-08-16 09:30:00,45.71,46.69,44.62,45.3174,7293284
2019-08-16 10:30:00,45.315,46.88,45.25,46.125,3261169
2019-08-16 11:30:00,46.125,46.42,45.88,46.32,1158283
2019-08-16 12:30:00,46.32,46.67,46.2643,46.64,800153
2019-08-16 13:30:00,46.6346,46.99,46.6004,46.78,1036216
2019-08-16 14:30:00,46.785,46.975,46.49,46.82,1188524
2019-08-16 15:30:00,46.82,46.92,46.1734,46.62,1880747
2019-08-19 09:30:00,47.6,47.93,46.8,47.095,2734359
2019-08-19 10:30:00,47.09,47.29,46.985,47.235,1067900
2019-08-19 11:30:00,47.235,47.42,47.18,47.185,838215
2019-08-19 12:30:00,47.18,47.38,47.1438,47.17,608181
2019-08-19 13:30:00,47.165,47.23,46.63,47.18,565458
2019-08-19 14:30:00,47.185,47.195,47.02,47.16,575724
2019-08-19 15:30:00,47.15,47.29,47.06,47.1,1751093
2019-08-20 09:30:00,46.9,47.0,46.5,46.93,1419461
2019-08-20 10:30:00,46.93,47.14,46.83,46.92,1287587
2019-08-20 11:30:00,46.93,47.0,46.83,46.935,696771
2019-08-20 12:30:00,46.9362,46.95,46.78,46.83,560476
2019-08-20 13:30:00,46.84,47.1,46.71,46.775,610404
2019-08-20 14:30:00,46.77,47.1,46.69,46.85,744801
2019-08-20 15:30:00,46.845,46.94,46.7,46.72,1299657
2019-09-23 09:30:00,50.95,51.73,50.71,51.67,766176
2019-09-23 10:30:00,51.6802,51.79,51.475,51.59,941318
2019-09-23 11:30:00,51.59,51.84,51.555,51.8099,410388
2019-09-23 12:30:00,51.8,51.94,51.55,51.935,300129
2019-09-23 13:30:00,51.93,51.97,50.96,51.83,359685
2019-09-23 14:30:00,51.83,51.97,51.77,51.895,458621
2019-09-23 15:30:00,51.895,51.9174,51.7,51.77,809802
2019-09-24 09:30:00,52.02,52.58,51.67,51.835,1306845
2019-09-24 10:30:00,51.835,52.0,51.455,51.56,706748
2019-09-24 11:30:00,51.5681,51.64135,51.06,51.195,634886
2019-09-24 12:30:00,51.19,51.76,50.87,50.99,643758
2019-09-24 13:30:00,50.99,51.76,50.96,51.4,638706
2019-09-24 14:30:00,51.41,51.46,51.03,51.14,613054
2019-09-24 15:30:00,51.13,51.3769,51.02,51.16,1306753
2019-09-25 09:30:00,50.65,51.1895,50.5,51.08,1045048
2019-09-25 10:30:00,51.07,51.97,51.06,51.7684,992839
2019-09-25 11:30:00,51.75,51.77,51.38,51.61,942777
2019-09-25 12:30:00,51.61,51.75,51.4266,51.7293,430338
2019-09-25 13:30:00,51.73,51.92,51.69,51.8599,363688
2019-09-25 14:30:00,51.85,52.09,51.81,51.995,458767
2019-09-25 15:30:00,52.0,52.12,51.89,51.93,814913
2019-09-26 09:30:00,52.17,52.33,51.81,52.29,1108006
2019-09-26 10:30:00,52.28,52.46,51.83,51.9,702593
2019-09-26 11:30:00,51.89,52.28,51.88,52.23,360622
2019-09-26 12:30:00,52.22,52.27,51.99,52.02,229053
2019-09-26 13:30:00,52.02,52.33,51.93,52.185,438896
2019-09-26 14:30:00,52.19,52.2361,51.97,52.135,503988
2019-09-26 15:30:00,52.13,52.245,52.05,52.16,819266
2019-09-27 09:30:00,51.14,51.46,49.96,50.28,2723116
2019-09-27 10:30:00,50.27,50.75,50.25,50.64,1074498
2019-09-27 11:30:00,50.63,50.67,49.92,50.23,849370
2019-09-27 12:30:00,50.22,50.37,49.86,49.985,726938
2019-09-27 13:30:00,49.985,52.15,49.57,49.57,749773
2019-09-27 14:30:00,49.57,49.77,49.15,49.375,1308612
2019-09-27 15:30:00,49.37,50.0149,49.28,49.42,2170425
2019-09-30 09:30:00,49.75,49.84,49.26,49.705,1067108
2019-09-30 10:30:00,49.71,50.04,49.68,50.03,734441
2019-09-30 11:30:00,50.04,50.22,49.83,50.16,456179
2019-09-30 12:30:00,50.16,50.21,49.97,49.971,560803
2019-09-30 13:30:00,49.98,50.065,49.43,49.995,435449
2019-09-30 14:30:00,49.99,50.06,49.83,49.9,688805
2019-09-30 15:30:00,49.9,49.95,49.69,49.9,1643895
2019-10-01 09:30:00,50.39,51.0,50.33,50.64,1689169
2019-10-01 10:30:00,50.64,50.685,50.21,50.45,855012
2019-10-01 11:30:00,50.46,50.48,50.03,50.115,673834
2019-10-01 12:30:00,50.12,50.16,49.79,49.97,584459
2019-10-01 13:30:00,49.975,50.17,49.775,50.165,891756
2019-10-01 14:30:00,50.17,50.4,50.1045,50.3998,714817
2019-10-01 15:30:00,50.39,50.395,49.99,49.99,1450348
2019-10-02 09:30:00,49.38,49.88,49.25,49.83,1454443
2019-10-02 10:30:00,49.82,49.82,49.35,49.49,793609
2019-10-02 11:30:00,49.49,49.635,49.3,49.411,944769
2019-10-02 12:30:00,49.42,49.5,49.2,49.47,588122
2019-10-02 13:30:00,49.47,50.02,49.31,49.5,618937
2019-10-02 14:30:00,49.51,49.6,49.41,49.45,623447
2019-10-02 15:30:00,49.445,49.54,49.33,49.46,724222
2019-10-03 09:30:00,49.42,49.71,48.78,49.17,1183815
2019-10-03 10:30:00,49.17,49.58,48.85,49.48,739421
2019-10-03 11:30:00,49.48,49.53,49.31,49.375,656319
2019-10-03 12:30:00,49.36,49.5,49.35,49.445,710397
2019-10-03 13:30:00,49.45,49.765,49.425,49.72,809592
2019-10-03 14:30:00,49.7275,49.735,49.465,49.5,792523
2019-10-03 15:30:00,49.5,49.65,49.3,49.65,1263384
2019-10-04 09:30:00,50.04,50.47,49.89,50.145,880484
2019-10-04 10:30:00,50.14,50.52,49.64,50.375,571177
2019-10-04 11:30:00,50.37,50.67,50.36,50.571,353458
2019-10-04 12:30:00,50.57,50.635,50.46,50.56,269224
2019-10-04 13:30:00,50.56,50.69,49.64,50.65,366857
2019-10-04 14:30:00,50.65,50.75,50.64,50.71,430115
2019-10-04 15:30:00,50.71,50.9,50.485,50.87,1051707
2019-10-07 09:30:00,50.82,51.025,50.59,50.94,658672
2019-10-07 10:30:00,50.93,51.06,50.8501,50.89,466718
2019-10-07 11:30:00,50.88,50.97,50.82,50.86,516227
2019-10-07 12:30:00,50.86,50.93,50.71,50.78,344462
2019-10-07 13:30:00,50.7899,51.11,50.78,50.835,475104
2019-10-07 14:30:00,50.83,50.86,50.61,50.82,556237
2019-10-07 15:30:00,50.83,50.86,50.58,50.63,874230
2019-10-08 09:30:00,50.05,50.28,49.07,49.41,1174975
2019-10-08 10:30:00,49.4042,50.65,49.2475,49.51,628998
2019-10-08 11:30:00,49.52,49.89,49.42,49.85,580350
2019-10-08 12:30:00,49.855,50.14,49.43,49.905,438641
2019-10-08 13:30:00,49.905,50.06,49.81,49.87,347802
2019-10-08 14:30:00,49.87,50.65,49.57,49.66,694286
2019-10-08 15:30:00,49.655,49.75,49.27,49.29,1182690
2019-10-14 09:30:00,51.81,52.065,51.79,51.85,1058747
2019-10-14 10:30:00,51.85,52.06,51.85,51.9,394496
2019-10-14 11:30:00,51.9,52.115,51.885,51.96,432316
2019-10-14 12:30:00,51.95,51.99,51.87,51.9,234904
2019-10-14 13:30:00,51.9,52.13,51.87,51.9752,390522
2019-10-14 14:30:00,51.97,52.02,51.92,51.99,318767
2019-10-14 15:30:00,51.99,52.0005,51.865,51.93,456774
2019-10-15 09:30:00,52.07,52.52,51.875,52.465,1408278
2019-10-15 10:30:00,52.4607,53.0801,52.39,52.96,1507652
2019-10-15 11:30:00,52.961,53.14,52.5,52.84,627442
2019-10-15 12:30:00,52.835,52.995,52.82,52.945,483019
2019-10-15 13:30:00,52.945,53.01,52.745,52.86,1461163
2019-10-15 14:30:00,52.85,52.95,52.78,52.895,627726
2019-10-15 15:30:00,52.895,52.98,52.8044,52.9,1439351
2019-10-16 09:30:00,51.95,52.8,51.81,52.755,1473088
2019-10-16 10:30:00,52.76,52.7678,52.3,52.34,632633
2019-10-16 11:30:00,52.345,52.38,52.1,52.16,649285
2019-10-16 12:30:00,52.16,52.18,51.67,51.805,665024
2019-10-16 13:30:00,51.8,52.91,51.38,51.44,1217682
2019-10-16 14:30:00,51.445,51.69,51.35,51.43,1073980
2019-10-16 15:30:00,51.43,51.63,51.39,51.55,1918337
2019-10-17 09:30:00,52.46,53.25,52.3,52.53,1744543
2019-10-17 10:30:00,52.52,52.546,51.94,52.03,606690
2019-10-17 11:30:00,52.04,52.055,51.84,51.9985,406314
2019-10-17 12:30:00,52.0,52.1,51.9,52.075,290274
2019-10-17 13:30:00,52.08,52.12,51.56,52.01,304988
2019-10-17 14:30:00,52.01,52.09,51.98,52.09,462982
2019-10-17 15:30:00,52.09,52.19,51.99,52.15,954403
2019-10-18 09:30:00,52.22,52.41,51.83,52.045,1938673
2019-10-18 10:30:00,52.04,52.05,51.78,51.945,723716
2019-10-18 11:30:00,51.94,51.96,51.04,51.2056,989450
2019-10-18 12:30:00,51.2,51.75,51.18,51.7,758753
2019-10-18 13:30:00,51.705,52.14,51.65,51.7091,498633
2019-10-18 14:30:00,51.72,51.91,51.69,51.84,402983
2019-10-18 15:30:00,51.84,51.9,51.68,51.68,879945
2019-10-21 09:30:00,52.31,52.5399,51.99,52.31,1284742
2019-10-21 10:30:00,52.3,52.705,52.2562,52.515,1032748
2019-10-21 11:30:00,52.5115,52.67,52.41,52.67,803143
2019-10-21 12:30:00,52.6644,52.69,52.485,52.5025,417001
2019-10-21 13:30:00,52.5,52.58,51.68,52.495,596786
2019-10-21 14:30:00,52.5,52.6,52.48,52.495,365804
2019-10-21 15:30:00,52.49,52.68,52.46,52.63,838696
2019-10-22 09:30:00,52.62,52.71,52.23,52.41,938443
2019-10-22 10:30:00,52.415,52.64,52.175,52.3049,585913
2019-10-22 11:30:00,52.3,52.425,52.22,52.36,319022
2019-10-22 12:30:00,52.36,52.36,52.16,52.205,319910
2019-10-22 13:30:00,52.205,52.64,50.9,52.37,342114
2019-10-22 14:30:00,52.38,52.38,52.07,52.21,535265
2019-10-22 15:30:00,52.21,52.321,51.94,51.99,863879
2019-10-23 09:30:00,51.3,51.45,50.86,51.025,1314243
2019-10-23 10:30:00,51.03,51.13,50.64,50.83,1257007
2019-10-23 11:30:00,50.83,51.06,50.76,51.05,753024
2019-10-23 12:30:00,51.04,51.17,50.87,50.945,700500
2019-10-23 13:30:00,50.95,51.0699,50.6591,50.685,938337
2019-10-23 14:30:00,50.695,50.78,50.34,50.395,1338295
2019-10-23 15:30:00,50.395,50.54,50.24,50.53,1629379
2019-10-24 09:30:00,52.76,54.0,52.63,53.745,5848772
2019-10-24 10:30:00,53.74,54.52,53.67,54.45,3147606
2019-10-24 11:30:00,54.45,54.605,54.14,54.275,1926404
2019-10-24 12:30:00,54.27,54.45,54.18,54.37,989571
2019-10-24 13:30:00,54.37,54.39,54.27,54.34,1289939
2019-10-24 14:30:00,54.34,54.76,54.25,54.745,1622441
2019-10-24 15:30:00,54.745,55.12,54.2213,55.08,2848251
2019-10-25 09:30:00,54.9,55.3493,54.53,55.12,2317307
2019-10-25 10:30:00,55.12,55.48,55.01,55.47,1409996
2019-10-25 11:30:00,55.47,55.73,55.434782,55.64,841284
2019-10-25 12:30:00,55.635,55.7,55.47826,55.7,516983
2019-10-25 13:30:00,55.7,55.81,55.07,55.615,715897
2019-10-25 14:30:00,55.615,55.67,55.495,55.64,627835
2019-10-25 15:30:00,55.64,55.84,55.3823,55.72,1441398
2019-10-28 09:30:00,56.03,56.65,56.0,56.62,1893810
2019-10-28 10:30:00,56.61,57.04,55.72,57.025,1292694
2019-10-28 11:30:00,57.021,57.19,56.89,57.06,1073058
2019-10-28 12:30:00,57.07,57.29,56.81,57.22,1202565
2019-10-28 13:30:00,57.2097,57.2609,55.72,57.16,686178
2019-10-28 14:30:00,57.155,57.28,57.06,57.245,749768
2019-10-28 15:30:00,57.24,57.2505,56.94,56.94,1282058
2019-10-29 09:30:00,56.7,57.1,56.113,56.145,1365431
2019-10-29 10:30:00,56.15,56.41,55.795,55.955,840185
2019-10-29 11:30:00,55.955,55.99,55.675,55.96,538757
2019-10-29 12:30:00,55.96,56.0,55.8,55.84,378728
2019-10-29 13:30:00,55.845,55.89,55.57,55.62,556165
2019-10-29 14:30:00,55.61,56.0,55.4,55.54,838936
2019-10-29 15:30:00,55.55,55.8817,55.48,55.52,1096491
2019-11-11 09:30:00,55.77,56.41,55.51,56.3,1229334
2019-11-11 10:30:00,56.3,56.58,56.1,56.49,660707
2019-11-11 11:30:00,56.49,56.73,56.4331,56.57,555978
2019-11-11 12:30:00,56.565,56.63,56.43,56.525,322665
2019-11-11 13:30:00,56.53,56.595,56.485,56.51,452385
2019-11-11 14:30:00,56.515,56.64,56.41,56.55,520068
2019-11-11 15:30:00,56.545,56.625,56.5,56.6,1229512
2019-11-12 09:30:00,57.0,57.25,56.53,56.79,1215442
2019-11-12 10:30:00,56.7886,56.7886,56.4,56.6701,703322
2019-11-12 11:30:00,56.68,56.71,56.42,56.61,445906
2019-11-12 12:30:00,56.61,56.69,56.52,56.6,345296
2019-11-12 13:30:00,56.5961,56.7,56.43,56.46,453436
2019-11-12 14:30:00,56.455,56.59,56.2,56.32,585785
2019-11-12 15:30:00,56.3299,56.45,56.22,56.42,990654
2019-11-13 09:30:00,56.11,56.68,56.0,56.6,912029
2019-11-13 10:30:00,56.6,57.14,56.51,57.025,836878
2019-11-13 11:30:00,57.025,57.32,57.0,57.205,705354
2019-11-13 12:30:00,57.205,57.385,57.08,57.1535,517702
2019-11-13 13:30:00,57.15,57.2,56.42,56.8,665596
2019-11-13 14:30:00,56.805,57.255,56.7695,57.155,558384
2019-11-13 15:30:00,57.15,57.25,57.07,57.13,1082661
2019-11-14 09:30:00,57.035,57.2,56.75,56.86,1036333
2019-11-14 10:30:00,56.87,57.12,56.505,56.97,749377
2019-11-14 11:30:00,56.98,56.995,56.67,56.77,447731
2019-11-14 12:30:00,56.77,57.03,56.7159,56.97,455273
2019-11-14 13:30:00,56.975,57.0925,56.66,56.85,833002
2019-11-14 14:30:00,56.845,56.99,56.82,56.915,694392
2019-11-14 15:30:00,56.915,57.08,56.84,56.94,1436413
2019-11-15 09:30:00,60.325,62.26,60.22,62.13,12315093
2019-11-15 10:30:00,62.125,62.9208,56.96,62.24,4613975
2019-11-15 11:30:00,62.24,62.73,62.13,62.2897,2744790
2019-11-15 12:30:00,62.285,62.35,61.9,62.2155,2302931
2019-11-15 13:30:00,62.215,62.3098,61.86,61.9211,1295398
2019-11-15 14:30:00,61.92,62.2,61.72,61.815,1523090
2019-11-15 15:30:00,61.82,62.2218,61.67,62.04,2217040
2019-11-18 09:30:00,61.89,62.14,61.36,62.09,2723037
2019-11-18 10:30:00,62.09,62.65,61.9599,62.46,1321005
2019-11-18 11:30:00,62.47,63.07,62.34,62.727,1606732
2019-11-18 12:30:00,62.72,62.96,62.29,62.8296,959079
2019-11-18 13:30:00,62.82,62.835,62.605,62.75,795867
2019-11-18 14:30:00,62.745,62.7616,62.2,62.215,937975
2019-11-18 15:30:00,62.215,62.37,62.15,62.37,1165252
2019-11-19 09:30:00,62.25,62.67,61.66,61.82,2001688
2019-11-19 10:30:00,61.83,62.35,61.595,61.8,1005594
2019-11-19 11:30:00,61.8,61.95,61.67,61.735,841884
2019-11-19 12:30:00,61.735,61.74,60.845,61.015,1482519
2019-11-19 13:30:00,61.015,61.23,60.91,61.21,1057338
2019-11-19 14:30:00,61.21,61.24,60.92,60.945,894339
2019-11-19 15:30:00,60.945,61.4047,60.85,60.92,1329195
2019-12-13 09:30:00,60.19,60.83,59.9499,60.6,1485611
2019-12-13 10:30:00,60.61,60.6171,59.77,59.87,1116634
2019-12-13 11:30:00,59.87,60.2613,59.86,59.93,683454
2019-12-13 12:30:00,59.94,60.36,59.935,59.97,439819
2019-12-13 13:30:00,59.9799,60.08,59.9,59.9466,496719
2019-12-13 14:30:00,59.9949,60.025,59.85,59.915,442176
2019-12-13 15:30:00,59.915,60.0,59.8099,59.87,745840
2019-12-16 09:30:00,61.0,61.43,60.81,60.92,1471006
2019-12-16 10:30:00,60.93,60.965,59.87,60.7693,807591
2019-12-16 11:30:00,60.7615,60.8065,60.57,60.7,558568
2019-12-16 12:30:00,60.7,60.74,60.52,60.54,381634
2019-12-16 13:30:00,60.54,60.54,60.29,60.355,613594
2019-12-16 14:30:00,60.35,60.3781,60.1,60.1,684216
2019-12-16 15:30:00,60.1,60.1921,59.93,59.96,1006847
2019-12-17 09:30:00,60.44,60.68,60.2,60.55,1473553
2019-12-17 10:30:00,60.55,60.58,60.3,60.325,1141647
2019-12-17 11:30:00,60.33,60.54,60.28,60.4291,532605
2019-12-17 12:30:00,60.48,60.48,60.31,60.315,735688
2019-12-17 13:30:00,60.31,60.455,59.96,60.3649,620312
2019-12-17 14:30:00,60.369,60.605,60.315,60.515,703572
2019-12-17 15:30:00,60.52,60.895,60.41,60.8,1654558
2019-12-18 09:30:00,60.76,61.41,60.58,60.62,1372027
2019-12-18 10:30:00,60.62,61.11,60.5998,61.005,612716
2019-12-18 11:30:00,61.01,61.0226,60.75,60.8131,541379
2019-12-18 12:30:00,60.81,60.82,60.52,60.52,387685
2019-12-18 13:30:00,60.52,60.725,60.51,60.6057,303166
2019-12-18 14:30:00,60.61,61.02,60.48,60.54,434779
2019-12-18 15:30:00,60.55,60.56,60.37,60.38,803201
2019-12-19 09:30:00,60.56,60.7,59.88,60.2,1225404
2019-12-19 10:30:00,60.195,60.395,59.98,60.395,669038
2019-12-19 11:30:00,60.4,60.57,60.38,60.5,356070
2019-12-19 12:30:00,60.5,60.5275,60.34,60.395,350044
2019-12-19 13:30:00,60.39,60.438,60.32,60.365,268567
2019-12-19 14:30:00,60.36,60.5,60.36,60.4,357826
2019-12-19 15:30:00,60.3915,60.68,60.2595,60.68,1030728
2019-12-20 09:30:00,61.15,61.735,60.7,61.705,3884167
2019-12-20 10:30:00,61.705,61.97,60.67,61.915,1106307
2019-12-20 11:30:00,61.92,61.98,61.54,61.58,614751
2019-12-20 12:30:00,61.58,61.82,61.54,61.79,531400
2019-12-20 13:30:00,61.795,61.95,61.72,61.751,552897
2019-12-20 14:30:00,61.7513,61.935,61.71,61.71,647069
2019-12-20 15:30:00,61.72,61.94,61.56,61.82,1445880
2019-12-23 09:30:00,62.03,62.03,61.2,61.205,1205431
2019-12-23 10:30:00,61.2059,61.81,61.11,61.265,485228
2019-12-23 11:30:00,61.27,61.5261,61.223,61.37,581620
2019-12-23 12:30:00,61.365,61.59,61.28,61.545,440296
2019-12-23 13:30:00,61.55,61.81,61.42,61.445,319729
2019-12-23 14:30:00,61.4444,61.4699,61.16,61.1749,534900
2019-12-23 15:30:00,61.16,61.165,61.03,61.08,730619
2020-01-13 09:30:00,61.51,61.95,61.34,61.8339,990675
2020-01-13 10:30:00,61.83,61.86,61.485,61.63,641529
2020-01-13 11:30:00,61.635,61.78,61.52,61.705,300650
2020-01-13 12:30:00,61.711,61.78,61.56,61.68,281211
2020-01-13 13:30:00,61.68,61.69,61.47,61.605,371655
2020-01-13 14:30:00,61.605,61.6873,61.55,61.64,342412
2020-01-13 15:30:00,61.635,61.86,61.625,61.805,619506
2020-01-14 09:30:00,62.2,62.68,62.09,62.57,1481626
2020-01-14 10:30:00,62.5698,62.99,61.81,62.22,999600
2020-01-14 11:30:00,62.23,63.55,62.08,63.44,1594114
2020-01-14 12:30:00,63.44,63.54,63.02,63.13,767140
2020-01-14 13:30:00,63.12,63.1914,61.81,62.62,855862
2020-01-14 14:30:00,62.61,62.74,62.33,62.3816,514221
2020-01-14 15:30:00,62.38,62.8088,62.25,62.35,946369
2020-01-15 09:30:00,62.13,63.0,61.41,61.845,1034801
2020-01-15 10:30:00,61.85,62.35,61.635,61.71,830667
2020-01-15 11:30:00,61.72,61.77,61.42,61.46,488979
2020-01-15 12:30:00,61.455,61.77,61.35,61.76,569134
2020-01-15 13:30:00,61.76,62.35,61.65,62.14,554713
2020-01-15 14:30:00,62.135,62.365,61.71,61.775,660181
2020-01-15 15:30:00,61.77,61.96,61.51,61.92,1196831
2020-01-16 09:30:00,62.59,63.145,62.47,62.965,1562556
2020-01-16 10:30:00,62.96,63.095,62.63,62.85,589625
2020-01-16 11:30:00,62.85,63.0,62.7738,62.895,423983
2020-01-16 12:30:00,62.8901,62.99,62.84,62.93,428067
2020-01-16 13:30:00,62.92,63.03,62.86,63.005,422069
2020-01-16 14:30:00,63.0,63.18,62.95,62.995,600522
2020-01-16 15:30:00,62.99,63.23,62.9676,63.21,798972
2020-01-17 09:30:00,63.63,63.81,62.71,63.015,2077276
2020-01-17 10:30:00,63.015,63.06,62.545,62.635,640455
2020-01-17 11:30:00,62.639,62.94,62.6274,62.785,344202
2020-01-17 12:30:00,62.78,63.01,62.74,62.97,308103
2020-01-17 13:30:00,62.9735,63.21,62.49,62.548,359825
2020-01-17 14:30:00,62.55,62.875,62.545,62.8454,525452
2020-01-17 15:30:00,62.855,62.9679,62.73,62.84,1049223
2020-01-21 09:30:00,62.65,63.65,62.65,63.43,1635967
2020-01-21 10:30:00,63.44,63.89,63.31,63.71,941299
2020-01-21 11:30:00,63.72,63.85,63.66,63.67,405138
2020-01-21 12:30:00,63.665,63.69,63.425,63.51,356730
2020-01-21 13:30:00,63.5,63.53,63.1,63.26,395149
2020-01-21 14:30:00,63.265,63.475,63.175,63.33,366129
2020-01-21 15:30:00,63.3751,63.5305,63.0448,63.17,682295
2020-01-22 09:30:00,63.68,64.435,63.62,64.355,1366426
2020-01-22 10:30:00,64.35,64.475,63.2,64.3256,695770
2020-01-22 11:30:00,64.325,64.6,64.04,64.16,620824
2020-01-22 12:30:00,64.15,64.36,63.2,64.36,427683
2020-01-22 13:30:00,64.3547,64.4149,64.035,64.115,386356
2020-01-22 14:30:00,64.12,64.13,63.78,63.895,479519
2020-01-22 15:30:00,63.9,64.01,63.76,63.88,978532
2020-01-23 09:30:00,64.13,64.27,63.31,63.535,1399514
2020-01-23 10:30:00,63.55,63.94,63.36,63.38,742832
2020-01-23 11:30:00,63.3945,63.56,63.29,63.5,366573
2020-01-23 12:30:00,63.5,63.52,63.13,63.33,760443
2020-01-23 13:30:00,63.33,63.89,63.33,63.5719,532200
2020-01-23 14:30:00,63.575,63.78,63.472477,63.725,778981
2020-01-23 15:30:00,63.725,63.97,63.66,63.89,1192721
2020-01-24 09:30:00,64.8,64.94,63.08,63.1,1998019
2020-01-24 10:30:00,63.11,63.33,62.88,63.02,798837
2020-01-24 11:30:00,63.01,63.085,62.26,62.33,849794
2020-01-24 12:30:00,62.34,62.685,62.07,62.07,769354
2020-01-24 13:30:00,62.0726,62.17,61.08,61.71,855183
2020-01-24 14:30:00,61.73,62.435,61.73,62.25,653030
2020-01-24 15:30:00,62.25,62.6183,61.86,62.0,1119002
2020-01-27 09:30:00,59.96,60.45,59.31,59.78,1827382
2020-01-27 10:30:00,59.76,62.0,58.82,59.14,1143716
2020-01-27 11:30:00,59.14,59.69,59.1343,59.67,829114
2020-01-27 12:30:00,59.67,59.74,59.475,59.54,490393
2020-01-27 13:30:00,59.53,62.0,59.34,59.545,576033
2020-01-27 14:30:00,59.55,59.57,59.0,59.125,839545
2020-01-27 15:30:00,59.12,59.24,59.0,59.03,1648723
2020-01-28 09:30:00,59.72,60.099,58.9,59.9758,1809433
2020-01-28 10:30:00,59.94,60.13,59.8575,59.9,577083
2020-01-28 11:30:00,59.895,60.33,59.84,60.3026,490071
2020-01-28 12:30:00,60.31,60.35,59.99,60.01,391776
2020-01-28 13:30:00,60.02,60.25,59.88,60.216,405751
2020-01-28 14:30:00,60.22,60.35,60.185,60.2653,519487
2020-01-28 15:30:00,60.265,60.305,60.0188,60.19,883302
2020-02-07 09:30:00,62.88,62.99,61.79,61.99,1191856
2020-02-07 10:30:00,61.98,62.41,61.97,62.0981,460125
2020-02-07 11:30:00,62.09,62.26,61.98,62.217,461354
2020-02-07 12:30:00,62.21,62.32,61.955,62.07,354122
2020-02-07 13:30:00,62.065,62.17,61.63,61.82,817560
2020-02-07 14:30:00,61.83,61.95,61.75,61.9016,582515
2020-02-07 15:30:00,61.9,61.92,61.64,61.72,1140933
2020-02-10 09:30:00,61.47,62.36,61.08,62.27,1264862
2020-02-10 10:30:00,62.26,62.27,62.0,62.15,544938
2020-02-10 11:30:00,62.15,62.39,62.14,62.185,403341
2020-02-10 12:30:00,62.185,62.21,62.045,62.095,265339
2020-02-10 13:30:00,62.1,62.28,62.02,62.24,306660
2020-02-10 14:30:00,62.235,62.83,62.235,62.8,701246
2020-02-10 15:30:00,62.81,62.96,62.695,62.94,938639
2020-02-11 09:30:00,63.57,64.7,63.33,64.04,1654397
2020-02-11 10:30:00,64.03,64.23,63.94,64.0325,450154
2020-02-11 11:30:00,64.02,64.27,63.8,64.255,531857
2020-02-11 12:30:00,64.26,64.42,64.2145,64.34,396507
2020-02-11 13:30:00,64.34,64.36,63.825,64.05,390948
2020-02-11 14:30:00,64.06,64.19,63.8,63.98,353966
2020-02-11 15:30:00,63.97,64.63,63.9612,64.45,1430386
2020-02-12 09:30:00,64.95,65.68,64.62,65.11,2918146
2020-02-12 10:30:00,65.11,65.37,65.05,65.2388,1109889
2020-02-12 11:30:00,65.23,65.54,65.09,65.424,761459
2020-02-12 12:30:00,65.43,65.48,65.26,65.3413,692690
2020-02-12 13:30:00,65.3261,65.49,64.45,65.35,864856
2020-02-12 14:30:00,65.2261,65.43,65.17,65.24,1007779
2020-02-12 15:30:00,65.2196,65.62,65.11,65.4,2050142
2020-02-13 09:30:00,66.81,68.25,65.92,68.2299,7265254
2020-02-13 10:30:00,68.21,68.84,67.91,68.8114,3240620
2020-02-13 11:30:00,68.8,69.44,67.282653,69.035,2528650
2020-02-13 12:30:00,69.0326,69.0768,67.999,68.32,2188260
2020-02-13 13:30:00,68.315,68.45,65.37,67.7055,1288308
2020-02-13 14:30:00,67.78,67.98,67.23,67.401,1246375
2020-02-13 15:30:00,67.41,68.2774,67.07,67.355,1751052
2020-02-14 09:30:00,67.46,67.9,67.09,67.1899,1766451
2020-02-14 10:30:00,67.18,67.445,67.0,67.2024,716401
2020-02-14 11:30:00,67.2,67.63,67.11,67.53,868562
2020-02-14 12:30:00,67.54,67.67,67.22,67.3,556906
2020-02-14 13:30:00,67.3,67.42,66.88,67.0525,713254
2020-02-14 14:30:00,67.05,67.05,66.55,66.605,1271462
2020-02-14 15:30:00,66.6,67.1298,66.5615,66.84,1697991
2020-03-04 09:30:00,59.36,59.7,58.04,59.386,1155329
2020-03-04 10:30:00,59.39,59.51,58.69,59.21,859460
2020-03-04 11:30:00,59.23,59.69,58.83,59.6,660941
2020-03-04 12:30:00,59.61,60.22,59.46,60.1,599588
2020-03-04 13:30:00,60.11,60.22,58.04,60.11,585474
2020-03-04 14:30:00,60.12,60.21,59.65,60.13,710696
2020-03-04 15:30:00,60.12,60.65,59.91,60.52,2072506
2020-03-05 09:30:00,58.48,60.0,58.26,59.5701,1491703
2020-03-05 10:30:00,59.59,60.46,59.4,60.31,970477
2020-03-05 11:30:00,60.31,60.37,59.49,59.64,547981
2020-03-05 12:30:00,59.64,59.77,58.69,58.95,655745
2020-03-05 13:30:00,58.96,60.52,58.61,58.69,1623640
2020-03-05 14:30:00,58.7,59.15,58.53,58.71,1294083
2020-03-05 15:30:00,58.72,59.35,58.65,59.14,1977524
2020-03-06 09:30:00,57.03,58.33,56.8136,58.24,1759831
2020-03-06 10:30:00,58.24,59.13,57.47,57.65,745567
2020-03-06 11:30:00,57.65,57.9,57.1281,57.39,726291
2020-03-06 12:30:00,57.41,57.9,57.35,57.5,614488
2020-03-06 13:30:00,57.49,59.13,56.82,57.0,996346
2020-03-06 14:30:00,57.0,57.1455,56.24,56.87,1451324
2020-03-06 15:30:00,56.85,58.03,56.74,57.78,1744623
2020-03-09 09:30:00,52.81,57.79,52.0,54.1881,1749335
2020-03-09 10:30:00,54.185,54.3199,52.35,54.05,1220346
2020-03-09 11:30:00,54.0551,55.33,53.85,54.31,769576
2020-03-09 12:30:00,54.4968,54.57,53.75,53.85,668341
2020-03-09 13:30:00,53.854,53.854,52.655,52.75,933875
2020-03-09 14:30:00,52.9824,53.18,52.38,52.94,1876065
2020-03-09 15:30:00,52.9598,53.31,52.04,52.042,1756219
2020-03-10 09:30:00,54.54,54.6,52.07,53.955,1846131
2020-03-10 10:30:00,53.96,54.03,52.8201,52.84,1458308
2020-03-10 11:30:00,52.86,54.02,52.5501,53.45,1072602
2020-03-10 12:30:00,53.41,54.25,53.17,54.12,793967
2020-03-10 13:30:00,54.13,54.24,53.27,53.81,717154
2020-03-10 14:30:00,53.86,55.86,53.7493,55.39,1268466
2020-03-10 15:30:00,55.385,56.16,55.23,56.16,1571062
2020-03-11 09:30:00,54.26,54.99,53.8,54.25,1775344
2020-03-11 10:30:00,54.24,56.17,53.23,53.27,841509
2020-03-11 11:30:00,53.28,53.59,52.75,53.24,1762172
2020-03-11 12:30:00,53.245,53.297,52.49,52.54,1299911
2020-03-11 13:30:00,52.54,52.59,51.5,51.62,1902667
2020-03-11 14:30:00,51.61,52.28,51.41,51.97,1896403
2020-03-11 15:30:00,51.94,52.96,51.8434,52.47,2191334
2020-03-12 09:30:00,48.69,50.05,48.0,49.645,2953013
2020-03-12 10:30:00,49.65,50.04,48.35,48.52,1988684
2020-03-12 11:30:00,48.5,48.85,47.559,48.14,1764527
2020-03-12 12:30:00,48.14,50.36,47.52,48.57,3489029
2020-03-12 13:30:00,48.57,52.49,47.51,47.71,1924561
2020-03-12 14:30:00,47.7,47.97,46.605,46.62,1642984
2020-03-12 15:30:00,46.63,46.8704,45.1,45.11,2562953
2020-03-20 09:30:00,41.38,42.79,40.78,42.36,3809437
2020-03-20 10:30:00,42.36,43.26,41.03,41.57,1519627
2020-03-20 11:30:00,41.58,41.98,40.29,40.45,1155831
2020-03-20 12:30:00,40.4,42.02,40.37,41.6162,1145689
2020-03-20 13:30:00,41.64,41.8999,40.19,40.5,1164699
2020-03-20 14:30:00,40.55,40.77,39.28,39.9878,1730166
2020-03-20 15:30:00,39.9985,40.2642,37.8,37.93,2226846
2020-03-23 09:30:00,38.97,40.99,37.92,40.675,3683021
2020-03-23 10:30:00,40.6518,41.04,39.245,39.38,2002700
2020-03-23 11:30:00,39.7306,40.38,39.28,40.01,1987582
2020-03-23 12:30:00,40.01,41.54,39.79,40.21,1321387
2020-03-23 13:30:00,40.21,40.6,37.99,40.29,1294653
2020-03-23 14:30:00,40.32,41.06,39.26,39.36,1633760
2020-03-23 15:30:00,39.36,40.41,38.91,40.17,1706399
2020-03-24 09:30:00,44.24,45.49,40.17,44.695,3248163
2020-03-24 10:30:00,44.69,45.22,44.31,44.64,1241868
2020-03-24 11:30:00,44.63,46.03,44.4,45.99,1399414
2020-03-24 12:30:00,45.98,46.24,44.3748,44.8,2094790
2020-03-24 13:30:00,44.78,45.2,40.17,43.566,1888985
2020-03-24 14:30:00,43.55,44.28,43.03,43.946,2099151
2020-03-24 15:30:00,43.96,45.2,43.9249,45.17,2522058
2020-03-25 09:30:00,44.88,46.65,43.7668,44.31,2009311
2020-03-25 10:30:00,44.32,45.31,44.2075,45.08,968567
2020-03-25 11:30:00,45.09,47.48,44.95,47.34,1200556
2020-03-25 12:30:00,47.33,47.88,46.595,47.64,1381462
2020-03-25 13:30:00,47.64,48.22,45.14,47.28,1022422
2020-03-25 14:30:00,47.25,47.88,46.81,47.05,1266497
2020-03-25 15:30:00,47.05,47.52,44.49,44.7,2172219
2020-03-26 09:30:00,46.22,47.29,44.73,47.01,2084178
2020-03-26 10:30:00,47.05,48.15,46.56,48.09,1539293
2020-03-26 11:30:00,48.08,48.44,47.42,47.841,1019414
2020-03-26 12:30:00,47.86,48.61,47.38,47.44,922109
2020-03-26 13:30:00,47.44,47.865,44.73,47.84,1564593
2020-03-26 14:30:00,47.86,48.49,47.7196,48.49,1178357
2020-03-26 15:30:00,48.498,49.39,47.97,49.27,2094565
2020-03-27 09:30:00,47.51,48.13,46.63,47.6,1924842
2020-03-27 10:30:00,47.5901,47.8,47.08,47.13,977153
2020-03-27 11:30:00,47.1399,47.248,45.4701,45.57,1162336
2020-03-27 12:30:00,45.575,46.23,45.5,45.91,892093
2020-03-27 13:30:00,45.93,49.2,45.53,45.66,953163
2020-03-27 14:30:00,45.64,46.68,45.54,46.48,1264548
2020-03-27 15:30:00,46.46,46.5227,44.83,45.03,2224875
2020-03-30 09:30:00,45.51,46.45,45.31,46.27,1595627
2020-03-30 10:30:00,46.258,47.25,46.1901,47.03,954345
2020-03-30 11:30:00,47.0,47.22,46.6202,47.06,868881
2020-03-30 12:30:00,47.08,47.22,46.73,47.06,740779
2020-03-30 13:30:00,47.07,47.34,45.05,46.8,706430
2020-03-30 14:30:00,46.8,47.4,46.73,47.02,772249
2020-03-30 15:30:00,47.04,47.51,46.95,47.3,1120989
2020-04-13 09:30:00,49.31,49.59,48.53,48.845,1118120
2020-04-13 10:30:00,48.83,49.14,48.37,48.71,659980
2020-04-13 11:30:00,48.71,49.61,48.47,49.33,645712
2020-04-13 12:30:00,49.32,49.35,48.95,49.23,529629
2020-04-13 13:30:00,49.24,49.67,49.16,49.29,546821
2020-04-13 14:30:00,49.31,49.7,49.165,49.64,588010
2020-04-13 15:30:00,49.66,49.98,49.57,49.89,931106
2020-04-14 09:30:00,51.44,52.84,49.88,52.53,1820803
2020-04-14 10:30:00,52.55,52.59,51.07,51.72,1009136
2020-04-14 11:30:00,51.73,52.04,51.7,51.8,677159
2020-04-14 12:30:00,51.8068,51.93,51.54,51.83,371652
2020-04-14 13:30:00,51.84,52.32,49.88,52.28,536198
2020-04-14 14:30:00,52.3,52.35,52.0705,52.1748,722922
2020-04-14 15:30:00,52.17,52.54,52.12,52.48,1439138
2020-04-15 09:30:00,51.31,52.47,49.91,49.98,1613408
2020-04-15 10:30:00,49.96,50.39,49.74,50.1,829324
2020-04-15 11:30:00,50.105,50.25,49.81,50.17,616403
2020-04-15 12:30:00,50.17,50.36,49.98,50.2,609405
2020-04-15 13:30:00,50.215,50.65,50.04,50.6322,581063
2020-04-15 14:30:00,50.62,50.83,50.36,50.49,615095
2020-04-15 15:30:00,50.49,50.7,49.8,50.36,1078519
2020-04-16 09:30:00,51.76,52.59,50.8,51.56,1774728
2020-04-16 10:30:00,51.5833,51.9462,51.43,51.79,1198246
2020-04-16 11:30:00,51.78,51.96,51.15,51.33,786795
2020-04-16 12:30:00,51.328,51.49,50.91,51.45,612465
2020-04-16 13:30:00,51.45,51.67,50.37,51.59,529060
2020-04-16 14:30:00,51.59,51.9453,51.46,51.7,796662
2020-04-16 15:30:00,51.71,52.55,51.6774,52.26,1484323
2020-04-17 09:30:00,53.71,53.9,52.61,52.95,1898251
2020-04-17 10:30:00,52.96,53.2,52.57,52.65,880047
2020-04-17 11:30:00,52.67,52.93,52.27,52.505,815402
2020-04-17 12:30:00,52.51,52.98,52.483,52.86,468615
2020-04-17 13:30:00,52.88,53.0,52.23,52.84,570953
2020-04-17 14:30:00,52.84,53.0982,52.59,53.04,651650
2020-04-17 15:30:00,53.04,53.64,53.0161,53.2,1699692
2020-04-20 09:30:00,52.08,53.2,51.405,51.9,1730785
2020-04-20 10:30:00,51.6914,52.2,51.6914,51.9544,746798
2020-04-20 11:30:00,51.96,52.17,51.8176,52.06,472103
2020-04-20 12:30:00,52.06,52.23,51.5402,51.55,454361
2020-04-20 13:30:00,51.55,51.6991,51.09,51.11,576437
2020-04-20 14:30:00,51.12,51.405,50.685,50.805,1083818
2020-04-20 15:30:00,50.805,51.03,50.61,50.62,949740
2020-04-21 09:30:00,49.78,50.63,48.99,49.42,1578546
2020-04-21 10:30:00,49.42,49.47,48.28,48.53,1408484
2020-04-21 11:30:00,48.53,48.74,48.275,48.58,891011
2020-04-21 12:30:00,48.58,48.951428,48.27,48.95,833511
2020-04-21 13:30:00,48.9499,49.53,48.825,49.385,844995
2020-04-21 14:30:00,49.39,49.4334,48.355,48.74,1105918
2020-04-21 15:30:00,48.73,48.86,48.21,48.27,1316729
2020-04-22 09:30:00,50.1,50.77,48.33,50.68,1670204
2020-04-22 10:30:00,50.69,51.15,50.65,50.78,827810
2020-04-22 11:30:00,50.78,51.04,50.74,50.8781,706270
2020-04-22 12:30:00,50.875,51.33,50.82,51.33,629301
2020-04-22 13:30:00,51.34,51.71,51.2688,51.64,662246
2020-04-22 14:30:00,51.6736,52.08,51.63,51.9395,735167
2020-04-22 15:30:00,51.9911,52.44,51.92,52.11,1361237
2020-04-23 09:30:00,51.7,52.2,51.23,51.61,1271037
2020-04-23 10:30:00,51.605,52.22,51.6,51.945,732486
2020-04-23 11:30:00,51.96,52.0434,51.33,51.76,531421
2020-04-23 12:30:00,51.76,51.7661,50.58,51.11,1054077
2020-04-23 13:30:00,51.11,51.72,50.67,51.13,639503
2020-04-23 14:30:00,51.14,51.45,50.86,50.99,531524
2020-04-23 15:30:00,50.9911,52.01,50.8,50.85,1623381
2020-04-24 09:30:00,51.22,51.55,49.9301,50.24,1178968
2020-04-24 10:30:00,50.2709,50.79,50.19,50.36,611071
2020-04-24 11:30:00,50.4257,51.1,50.27,51.07,504719
2020-04-24 12:30:00,50.8824,51.09,50.7639,50.85,237096
2020-04-24 13:30:00,50.8249,51.43,50.8,51.27,547818
2020-04-24 14:30:00,51.2309,51.52,51.16,51.51,634190
2020-04-24 15:30:00,51.51,51.88,51.4141,51.75,1566210
2020-04-27 09:30:00,52.41,52.72,51.74,51.97,1136734
2020-04-27 10:30:00,51.97,52.02,51.455,51.9,770557
2020-04-27 11:30:00,51.9,52.09,51.47,51.5075,523910
2020-04-27 12:30:00,51.51,51.73,51.02,51.08,899402
2020-04-27 13:30:00,51.09,51.74,50.85,50.85,611523
2020-04-27 14:30:00,50.86,51.02,50.65,50.7043,800897
2020-04-27 15:30:00,50.7026,51.3,50.7026,51.04,1197996
2020-04-28 09:30:00,51.83,52.12,51.19,51.43,1843730
2020-04-28 10:30:00,51.44,51.66,50.26,50.99,1232409
2020-04-28 11:30:00,50.99,51.2,50.49,50.595,722369
2020-04-28 12:30:00,50.59,50.74,50.502,50.68,651519
2020-04-28 13:30:00,50.68,51.428,50.6,51.335,809883
2020-04-28 14:30:00,51.33,51.39,50.79,50.9527,687818
2020-04-28 15:30:00,50.95,51.08,50.35,50.42,1115694
2020-05-11 09:30:00,54.03,54.1365,53.37,53.825,2012316
2020-05-11 10:30:00,53.82,54.08,53.67,54.06,811606
2020-05-11 11:30:00,54.06,54.4164,53.87,54.11,846065
2020-05-11 12:30:00,54.11,54.2,53.93,54.185,554234
2020-05-11 13:30:00,54.19,54.41,53.81,54.05,701983
2020-05-11 14:30:00,54.0584,54.23,53.99,54.08,860543
2020-05-11 15:30:00,54.07,54.138,53.92,54.0,1062626
2020-05-12 09:30:00,54.69,54.69,53.55,54.03,1359912
2020-05-12 10:30:00,54.03,54.39,53.91,54.0684,580861
2020-05-12 11:30:00,54.07,54.3925,53.955,54.37,392862
2020-05-12 12:30:00,54.38,54.55,53.7,53.75,719109
2020-05-12 13:30:00,53.75,54.0278,53.71,53.85,448231
2020-05-12 14:30:00,53.86,53.89,53.19,53.2,636986
2020-05-12 15:30:00,53.3519,53.3519,52.31,52.31,1747837
2020-05-13 09:30:00,52.45,52.79,51.5,52.69,1524288
2020-05-13 10:30:00,52.71,52.86,51.55,51.71,1061483
2020-05-13 11:30:00,51.7068,51.785,50.51,51.18,1095155
2020-05-13 12:30:00,51.2,51.25,50.53,50.92,663376
2020-05-13 13:30:00,50.92,51.02,50.4,50.56,639854
2020-05-13 14:30:00,50.57,50.985,50.45,50.785,815812
2020-05-13 15:30:00,50.78,51.61,50.6175,51.5,1256146
2020-05-14 09:30:00,50.84,51.49,49.65,50.1027,1527724
2020-05-14 10:30:00,50.092,51.9,50.092,51.29,871493
2020-05-14 11:30:00,51.29,51.83,50.77,51.29,904888
2020-05-14 12:30:00,51.29,51.94,51.25,51.875,917839
2020-05-14 13:30:00,51.875,51.96,51.25,51.73,578319
2020-05-14 14:30:00,51.74,54.05,51.315,53.93,4019594
2020-05-14 15:30:00,53.9298,54.65,53.37,54.5,3780082
2020-05-15 09:30:00,53.16,54.43,52.05,52.65,7256169
2020-05-15 10:30:00,52.65,52.6681,51.3303,51.4673,3025939
2020-05-15 11:30:00,51.45,51.9,51.17,51.61,1923571
2020-05-15 12:30:00,51.6,52.11,51.44,51.69,1742725
2020-05-15 13:30:00,51.7005,52.5,51.45,52.425,1801010
2020-05-15 14:30:00,52.3739,52.6,51.95,52.25,1470926
2020-05-15 15:30:00,52.2304,52.3562,51.8139,52.05,1753510
2020-05-18 09:30:00,53.53,54.1,52.04,52.7,2726211
2020-05-18 10:30:00,52.71,53.565,52.41,53.1771,1552479
2020-05-18 11:30:00,53.17,53.6,53.05,53.54,818837
2020-05-18 12:30:00,53.54,54.14,53.3684,54.09,935616
2020-05-18 13:30:00,54.1,54.1768,52.04,54.02,636365
2020-05-18 14:30:00,54.015,54.52,53.9615,54.415,961180
2020-05-18 15:30:00,54.4116,54.65,54.24,54.34,1756066
2020-05-19 09:30:00,54.49,55.82,54.02,55.66,2117945
2020-05-19 10:30:00,55.66,55.9,55.39,55.81,1202984
2020-05-19 11:30:00,55.8,56.4,55.7712,56.365,1352078
2020-05-19 12:30:00,56.3661,57.0,56.28,56.9499,1249195
2020-05-19 13:30:00,56.945,56.9484,54.36,56.395,1044079
2020-05-19 14:30:00,56.38,56.5,55.82,56.14,1159807
2020-05-19 15:30:00,56.018,56.35,55.44,55.45,1557301
2020-06-24 09:30:00,60.29,60.89,60.08,60.61,1009110
2020-06-24 10:30:00,60.6,60.66,60.1,60.29,1363808
2020-06-24 11:30:00,60.29,60.41,59.15,59.6301,1236808
2020-06-24 12:30:00,59.62,59.9899,59.38,59.66,344759
2020-06-24 13:30:00,59.64,60.84,59.4,59.8874,453272
2020-06-24 14:30:00,59.97,60.35,59.79,60.13,403133
2020-06-24 15:30:00,60.14,60.35,59.805,59.95,1110118
2020-06-25 09:30:00,59.64,59.97,58.6,59.3332,1432673
2020-06-25 10:30:00,59.355,59.72,59.11,59.41,606396
2020-06-25 11:30:00,59.43,59.77,59.095,59.67,313919
2020-06-25 12:30:00,59.68,59.77,59.54,59.592,294581
2020-06-25 13:30:00,59.59,59.75,59.305,59.41,763727
2020-06-25 14:30:00,59.4,60.01,59.19,59.93,1079742
2020-06-25 15:30:00,59.93,60.07,59.78,59.98,1111500
2020-06-26 09:30:00,59.94,60.16,58.76,59.1,756834
2020-06-26 10:30:00,59.11,59.16,58.58,58.99,501906
2020-06-26 11:30:00,59.0,59.25,58.68,58.97,424886
2020-06-26 12:30:00,58.97,59.21,58.82,59.09,779793
2020-06-26 13:30:00,59.095,59.98,58.78,58.84,518666
2020-06-26 14:30:00,58.84,58.905,58.47,58.815,556580
2020-06-26 15:30:00,58.7604,59.14,58.01,58.37,1533208
2020-06-29 09:30:00,58.48,58.52,57.56,58.105,1214257
2020-06-29 10:30:00,58.12,58.83,58.1,58.79,589074
2020-06-29 11:30:00,58.79,58.83,58.5,58.76,385321
2020-06-29 12:30:00,58.76,59.02,58.75,58.97,331198
2020-06-29 13:30:00,58.98,59.01,58.38,58.73,426496
2020-06-29 14:30:00,58.735,58.83,58.53,58.74,507557
2020-06-29 15:30:00,58.74,59.07,58.53,59.07,654353
2020-06-30 09:30:00,59.13,60.94,59.06,60.59,1735211
2020-06-30 10:30:00,60.59,60.73,59.12,60.43,494546
2020-06-30 11:30:00,60.42,60.8,60.29,60.53,365474
2020-06-30 12:30:00,60.52,60.57,59.95,60.18,392933
2020-06-30 13:30:00,60.17,60.335,59.06,60.33,363148
2020-06-30 14:30:00,60.34,60.35,60.03,60.28,382820
2020-06-30 15:30:00,60.27,60.78,60.26,60.44,1035387
2020-07-01 09:30:00,60.64,60.69,59.54,60.39,1038465
2020-07-01 10:30:00,60.375,60.78,60.24,60.27,771575
2020-07-01 11:30:00,60.4697,60.4697,60.14,60.22,398247
2020-07-01 12:30:00,60.2643,60.36,60.05,60.17,384361
2020-07-01 13:30:00,60.16,60.45,60.01,60.06,446166
2020-07-01 14:30:00,60.06,60.2,59.95,60.145,469375
2020-07-01 15:30:00,60.1721,60.26,54.67,59.68,837284
2020-07-02 09:30:00,60.42,61.237,59.68,60.91,967211
2020-07-02 10:30:00,60.9323,61.1,60.34,60.51,405841
2020-07-02 11:30:00,60.52,61.08,60.51,61.06,312713
2020-07-02 12:30:00,61.07,61.22,60.96,61.16,429788
2020-07-02 13:30:00,61.16,61.36,59.68,61.28,560765
2020-07-02 14:30:00,61.3105,61.645,61.25,61.49,842849
2020-07-02 15:30:00,61.49,61.6,60.83,61.0,1091480
2020-07-13 09:30:00,63.14,63.79,62.59,63.41,1119941
2020-07-13 10:30:00,63.41,63.55,63.07,63.55,789576
2020-07-13 11:30:00,63.55,63.65,63.36,63.45,531058
2020-07-13 12:30:00,63.45,63.66,63.3439,63.63,392406
2020-07-13 13:30:00,63.63,63.731,62.55,62.62,581728
2020-07-13 14:30:00,62.61,63.1,62.34,62.34,690796
2020-07-13 15:30:00,62.35,62.41,61.41,61.51,1177447
2020-07-14 09:30:00,60.88,61.61,60.06,60.84,1603999
2020-07-14 10:30:00,60.85,61.57,60.69,61.36,728638
2020-07-14 11:30:00,61.36,61.83,61.26,61.59,447593
2020-07-14 12:30:00,61.6,61.76,61.05,61.5,446128
2020-07-14 13:30:00,61.5,62.09,61.49,62.079,511872
2020-07-14 14:30:00,62.08,62.37,61.78,62.27,689896
2020-07-14 15:30:00,62.28,62.8,62.19,62.54,1145927
2020-07-15 09:30:00,62.8,62.87,61.64,62.3699,1190913
2020-07-15 10:30:00,62.38,62.43,61.6784,61.9984,505138
2020-07-15 11:30:00,62.0,62.079,61.3,61.72,517030
2020-07-15 12:30:00,61.72,62.035,61.52,62.02,369829
2020-07-15 13:30:00,62.01,62.3,61.85,62.275,514344
2020-07-15 14:30:00,62.27,62.3293,61.74,62.18,565324
2020-07-15 15:30:00,62.18,62.36,61.98,62.11,880870
2020-07-16 09:30:00,61.71,62.17,61.5,61.98,936953
2020-07-16 10:30:00,61.98,62.39,61.63,61.71,490431
2020-07-16 11:30:00,61.7,62.11,61.67,61.75,283419
2020-07-16 12:30:00,61.75,62.5,61.74,62.28,474766
2020-07-16 13:30:00,62.29,62.56,62.1,62.41,375338
2020-07-16 14:30:00,62.42,62.4983,62.08,62.475,371600
2020-07-16 15:30:00,62.47,62.62,62.19,62.34,531879
2020-07-17 09:30:00,62.72,62.85,61.95,62.06,954768
2020-07-17 10:30:00,62.05,62.54,61.97,62.52,352604
2020-07-17 11:30:00,62.5284,62.73,62.2476,62.54,396897
2020-07-17 12:30:00,62.55,62.59,62.17,62.3133,235372
2020-07-17 13:30:00,62.33,62.58,62.19,62.48,202035
2020-07-17 14:30:00,62.47,62.5,62.255,62.445,282056
2020-07-17 15:30:00,62.4434,62.47,62.26,62.29,734201
2020-07-20 09:30:00,62.52,62.64,61.88,62.59,814063
2020-07-20 10:30:00,62.6,62.86,62.46,62.85,431864
2020-07-20 11:30:00,62.84,63.04,62.69,62.735,363965
2020-07-20 12:30:00,62.73,62.99,62.69,62.955,274602
2020-07-20 13:30:00,62.955,63.6784,62.95,63.655,512481
2020-07-20 14:30:00,63.6577,63.76,63.51,63.695,602575
2020-07-20 15:30:00,63.695,63.92,63.6685,63.72,875860
2020-07-21 09:30:00,64.07,64.84,63.52,63.6601,1683269
2020-07-21 10:30:00,63.67,63.87,63.2905,63.49,613896
2020-07-21 11:30:00,63.49,63.61,63.25,63.6,611272
2020-07-21 12:30:00,63.59,63.98,63.5149,63.94,380749
2020-07-21 13:30:00,63.93,64.29,63.85,64.28,337215
2020-07-21 14:30:00,64.2816,64.2816,63.68,63.71,436101
2020-07-21 15:30:00,63.71,63.92,63.555,63.83,992201
2020-07-22 09:30:00,63.58,64.61,63.51,64.17,988528
2020-07-22 10:30:00,64.17,64.26,63.55,63.865,499591
2020-07-22 11:30:00,63.87,64.13,63.74,64.02,543048
2020-07-22 12:30:00,64.015,64.12,63.85,63.98,274712
2020-07-22 13:30:00,63.98,63.99,63.74,63.86,417889
2020-07-22 14:30:00,63.86,64.09,63.66,63.98,485775
2020-07-22 15:30:00,63.98,64.52,63.97,64.22,728181
2020-07-23 09:30:00,64.47,65.22,64.11,64.815,1222228
2020-07-23 10:30:00,64.7944,65.33,64.7944,65.29,532369
2020-07-23 11:30:00,65.2094,65.34,64.66,64.69,403018
2020-07-23 12:30:00,64.7507,64.7507,64.19,64.26,513986
2020-07-23 13:30:00,64.2858,64.3,63.2,63.59,695541
2020-07-23 14:30:00,63.5479,63.87,63.26,63.7,560577
2020-07-23 15:30:00,63.7142,63.8,63.44,63.63,724486
2020-07-24 09:30:00,60.39,60.97,59.61,60.91,2550614
2020-07-24 10:30:00,60.9,61.19,60.76,60.935,1606844
2020-07-24 11:30:00,60.94,61.28,60.75,61.26,1380782
2020-07-24 12:30:00,61.26,61.35,60.4,60.75,809005
2020-07-24 13:30:00,60.745,61.04,60.6059,61.03,583974
2020-07-24 14:30:00,61.05,61.07,60.605,60.68,1277558
2020-07-24 15:30:00,60.68,60.7123,60.34,60.621,1352293
2020-07-27 09:30:00,61.62,62.51,61.11,62.5,1711473
2020-07-27 10:30:00,62.49,62.54,62.17,62.25,1111998
2020-07-27 11:30:00,62.25,62.83,62.18,62.78,743151
2020-07-27 12:30:00,62.775,63.0299,62.65,62.95,491152
2020-07-27 13:30:00,62.95,63.04,62.78,62.945,424514
2020-07-27 14:30:00,62.9467,63.065,62.68,63.02,627130
2020-07-27 15:30:00,63.02,63.05,62.81,63.01,868774
2020-07-28 09:30:00,62.53,62.789,61.9,62.76,972158
2020-07-28 10:30:00,62.7078,62.9,62.46,62.72,577773
2020-07-28 11:30:00,62.7557,62.87,62.43,62.62,431142
2020-07-28 12:30:00,62.577,62.82,62.577,62.805,324464
2020-07-28 13:30:00,62.81,62.95,62.685,62.69,347664
2020-07-28 14:30:00,62.68,62.7698,62.4,62.465,463807
2020-07-28 15:30:00,62.4851,62.57,62.26,62.3,869313
2020-08-10 09:30:00,63.65,64.61,63.6,64.41,1435211
2020-08-10 10:30:00,64.4436,64.56,63.98,64.265,892706
2020-08-10 11:30:00,64.26,64.7,64.15,64.4639,498593
2020-08-10 12:30:00,64.48,65.09,64.47,65.005,473906
2020-08-10 13:30:00,65.02,65.18,64.7801,65.12,476152
2020-08-10 14:30:00,65.12,65.1599,64.77,64.82,565749
2020-08-10 15:30:00,64.82,65.29,64.7988,65.26,1124173
2020-08-11 09:30:00,65.31,66.12,64.73,65.14,2325766
2020-08-11 10:30:00,65.145,65.455,65.01,65.19,603326
2020-08-11 11:30:00,65.19,65.435,65.01,65.31,503332
2020-08-11 12:30:00,65.31,65.74,60.0,65.67,446300
2020-08-11 13:30:00,65.68,65.73,65.3101,65.3989,432373
2020-08-11 14:30:00,65.4216,65.56,64.56,64.86,865300
2020-08-11 15:30:00,64.7249,64.87,64.23,64.46,1272389
2020-08-12 09:30:00,64.85,65.88,64.7,65.86,1178135
2020-08-12 10:30:00,65.6917,66.11,65.6917,65.965,738623
2020-08-12 11:30:00,65.9399,66.38,65.8501,66.2674,766093
2020-08-12 12:30:00,66.27,66.67,66.1,66.155,653090
2020-08-12 13:30:00,66.155,66.5977,66.15,66.3415,492684
2020-08-12 14:30:00,66.28,66.62,66.23,66.45,553698
2020-08-12 15:30:00,66.455,66.55,66.15,66.49,900142
2020-08-13 09:30:00,66.42,66.6,65.6,65.75,1739411
2020-08-13 10:30:00,65.75,65.86,64.95,64.965,1217519
2020-08-13 11:30:00,64.97,65.6,64.61,65.33,1401685
2020-08-13 12:30:00,65.33,65.7,65.23,65.37,805588
2020-08-13 13:30:00,65.35,65.38,64.84,64.97,981942
2020-08-13 14:30:00,64.98,65.21,64.7618,65.105,1148425
2020-08-13 15:30:00,65.11,65.34,65.0,65.06,1563012
2020-08-14 09:30:00,67.37,69.9,66.5,67.82,11309613
2020-08-14 10:30:00,67.81,68.46,67.52,68.205,4046265
2020-08-14 11:30:00,68.21,68.3243,67.6,67.78,1460502
2020-08-14 12:30:00,67.78,67.97,67.18,67.26,1276071
2020-08-14 13:30:00,67.26,67.49,67.01,67.28,1548469
2020-08-14 14:30:00,67.1743,67.5,67.1743,67.235,1080123
2020-08-14 15:30:00,67.2535,67.68,67.05,67.63,1902370
2020-08-17 09:30:00,68.1,68.24,67.06,67.5,2131349
2020-08-17 10:30:00,67.3789,67.58,66.77,67.5,1093520
2020-08-17 11:30:00,67.518,67.55,67.14,67.23,700565
2020-08-17 12:30:00,67.2402,67.735,67.21,67.38,640753
2020-08-17 13:30:00,67.4409,67.47,67.16,67.165,416528
2020-08-17 14:30:00,67.3283,67.4,66.965,67.005,615130
2020-08-17 15:30:00,67.0596,67.165,66.87,66.97,786234
2020-08-18 09:30:00,67.4,67.4,66.12,66.17,1423021
2020-08-18 10:30:00,66.17,66.74,66.06,66.545,688082
2020-08-18 11:30:00,66.55,66.72,66.31,66.7005,799006
2020-08-18 12:30:00,66.71,66.76,66.46,66.54,402421
2020-08-18 13:30:00,66.5301,66.65,66.46,66.495,415467
2020-08-18 14:30:00,66.5,66.65,66.44,66.5699,628705
2020-08-18 15:30:00,66.56,66.71,66.36,66.42,1283907
2020-09-24 09:30:00,56.97,57.96,56.76,57.75,1340258
2020-09-24 10:30:00,57.75,58.039,57.49,57.86,999782
2020-09-24 11:30:00,57.86,58.45,57.84,58.105,637065
2020-09-24 12:30:00,58.11,58.71,57.87,58.64,475551
2020-09-24 13:30:00,58.645,58.82,58.0311,58.05,576501
2020-09-24 14:30:00,58.05,58.35,57.45,57.56,652404
2020-09-24 15:30:00,57.56,57.97,57.47,57.81,1015957
2020-09-25 09:30:00,57.5,57.71,56.65,57.53,1269872
2020-09-25 10:30:00,57.52,57.7878,57.035,57.53,961174
2020-09-25 11:30:00,57.535,57.795,57.1789,57.595,616125
2020-09-25 12:30:00,57.595,57.98,57.44,57.785,507630
2020-09-25 13:30:00,57.79,58.11,57.73,57.89,448987
2020-09-25 14:30:00,57.89,58.38,57.745,58.29,670657
2020-09-25 15:30:00,58.29,58.36,58.02,58.23,1058594
2020-09-28 09:30:00,58.28,59.615,58.24,59.48,2064236
2020-09-28 10:30:00,59.47,59.73,59.15,59.63,963190
2020-09-28 11:30:00,59.63,59.655,59.0,59.2,656101
2020-09-28 12:30:00,59.2074,59.59,59.1363,59.5119,427399
2020-09-28 13:30:00,59.51,59.78,59.35,59.5,613398
2020-09-28 14:30:00,59.5,59.85,59.44,59.77,598985
2020-09-28 15:30:00,59.77,59.8014,59.3,59.31,1582524
2020-09-29 09:30:00,59.45,60.25,59.1603,59.95,1007518
2020-09-29 10:30:00,59.955,59.96,59.51,59.59,670041
2020-09-29 11:30:00,59.6404,59.66,59.15,59.39,1033281
2020-09-29 12:30:00,59.385,59.93,59.335,59.7195,589649
2020-09-29 13:30:00,59.72,59.88,59.61,59.71,292975
2020-09-29 14:30:00,59.705,59.8659,59.68,59.8,365092
2020-09-29 15:30:00,59.795,59.81,59.64,59.67,819564
2020-09-30 09:30:00,59.43,59.9,58.97,59.8207,1360496
2020-09-30 10:30:00,59.83,60.183,59.45,59.935,999871
2020-09-30 11:30:00,59.93,59.99,59.64,59.99,625181
2020-09-30 12:30:00,59.995,60.09,59.47,59.6,625687
2020-09-30 13:30:00,59.595,60.1,59.58,60.01,642205
2020-09-30 14:30:00,60.01,60.085,59.275,59.5,1095700
2020-09-30 15:30:00,59.5,59.69,59.23,59.44,1392578
2020-10-01 09:30:00,60.0,60.47,59.51,60.12,1694071
2020-10-01 10:30:00,60.105,60.66,60.03,60.57,1174007
2020-10-01 11:30:00,60.575,60.95,60.495,60.742,569412
2020-10-01 12:30:00,60.7369,60.89,60.38,60.4501,524925
2020-10-01 13:30:00,60.46,60.67,60.31,60.57,852149
2020-10-01 14:30:00,60.57,61.02,60.4736,60.695,740985
2020-10-01 15:30:00,60.69,60.77,60.52,60.64,1256015
2020-10-02 09:30:00,59.09,59.66,58.88,59.61,1130809
2020-10-02 10:30:00,59.6,59.6,58.53,59.23,1212667
2020-10-02 11:30:00,59.21,59.26,58.46,59.11,913744
2020-10-02 12:30:00,59.11,59.3,58.81,59.01,468310
2020-10-02 13:30:00,59.02,59.0399,58.5636,58.62,552712
2020-10-02 14:30:00,58.62,58.95,58.38,58.72,784461
2020-10-02 15:30:00,58.73,58.7633,58.19,58.21,1221886
2020-10-12 09:30:00,64.37,64.71,63.97,64.17,1297313
2020-10-12 10:30:00,64.15,64.39,63.995,64.32,573444
2020-10-12 11:30:00,64.32,64.58,64.1235,64.555,559134
2020-10-12 12:30:00,64.55,65.01,64.5387,64.98,1146334
2020-10-12 13:30:00,64.99,65.105,64.86,65.1,778806
2020-10-12 14:30:00,65.1,65.125,64.56,64.61,875170
2020-10-12 15:30:00,64.6,64.805,64.39,64.68,906789
2020-10-13 09:30:00,65.18,65.24,64.15,64.91,1396210
2020-10-13 10:30:00,64.91,65.42,64.79,65.17,1091323
2020-10-13 11:30:00,65.1918,65.36,64.93,65.1362,785814
2020-10-13 12:30:00,65.14,65.42,65.02,65.1,610232
2020-10-13 13:30:00,65.1,65.1,64.37,64.4022,895759
2020-10-13 14:30:00,64.41,65.02,64.3,64.95,705665
2020-10-13 15:30:00,64.95,65.05,60.4,64.68,701533
2020-10-14 09:30:00,64.73,65.18,64.13,64.19,1125157
2020-10-14 10:30:00,64.19,64.3,63.94,64.0726,960175
2020-10-14 11:30:00,64.1261,64.19,63.42,63.5799,790699
2020-10-14 12:30:00,63.5185,63.74,63.46,63.68,567857
2020-10-14 13:30:00,63.675,64.0,63.56,63.79,429005
2020-10-14 14:30:00,63.79,64.04,63.69,63.9646,469052
2020-10-14 15:30:00,63.975,64.18,63.95,63.96,861812
2020-10-15 09:30:00,62.81,62.94,62.02,62.23,1815464
2020-10-15 10:30:00,62.2499,62.91,62.17,62.85,798532
2020-10-15 11:30:00,62.86,62.97,62.685,62.81,446309
2020-10-15 12:30:00,62.8035,62.97,62.67,62.793,625576
2020-10-15 13:30:00,62.8,63.39,62.78,63.38,832231
2020-10-15 14:30:00,63.385,63.57,63.04,63.54,487129
2020-10-15 15:30:00,63.54,63.69,63.48,63.51,704006
2020-10-16 09:30:00,63.87,63.94,63.11,63.4391,1355003
2020-10-16 10:30:00,63.45,63.5,62.4,62.5218,1310165
2020-10-16 11:30:00,62.52,62.965,62.49,62.961,822599
2020-10-16 12:30:00,62.955,62.99,62.5,62.925,428171
2020-10-16 13:30:00,62.925,63.085,62.88,63.07,403939
2020-10-16 14:30:00,63.075,63.225,62.92,63.0219,564113
2020-10-16 15:30:00,63.02,63.14,62.94,63.0,1142182
2020-10-19 09:30:00,63.19,63.62,63.08,63.38,908831
2020-10-19 10:30:00,63.38,63.38,62.61,62.8,480083
2020-10-19 11:30:00,62.8,62.89,62.52,62.6401,337365
2020-10-19 12:30:00,62.62,62.81,62.6009,62.7,201459
2020-10-19 13:30:00,62.71,62.99,62.54,62.65,692265
2020-10-19 14:30:00,62.65,62.65,61.81,62.11,1183402
2020-10-19 15:30:00,62.11,62.36,61.87,62.05,789416
2020-10-20 09:30:00,62.63,63.01,62.41,62.64,781462
2020-10-20 10:30:00,62.64,62.77,62.07,62.38,561867
2020-10-20 11:30:00,62.38,62.44,62.13,62.25,337342
2020-10-20 12:30:00,62.255,62.79,62.2,62.78,403200
2020-10-20 13:30:00,62.78,62.82,62.41,62.52,371316
2020-10-20 14:30:00,62.53,62.59,62.02,62.32,532834
2020-10-20 15:30:00,62.2751,62.56,62.16,62.25,623520
2020-10-21 09:30:00,62.44,62.68,62.14,62.42,857039
2020-10-21 10:30:00,62.43,62.59,61.9,62.1,575942
2020-10-21 11:30:00,62.1089,62.82,62.06,62.665,685930
2020-10-21 12:30:00,62.67,62.68,62.28,62.64,314229
2020-10-21 13:30:00,62.6091,62.82,62.48,62.7,403597
2020-10-21 14:30:00,62.5955,62.86,62.49,62.595,495935
2020-10-21 15:30:00,62.5598,62.635,62.04,62.09,1009527
2020-10-22 09:30:00,61.71,62.01,60.86,61.26,1810898
2020-10-22 10:30:00,61.26,61.5,60.89,61.49,1207666
2020-10-22 11:30:00,61.495,61.53,61.055,61.195,496854
2020-10-22 12:30:00,61.2,61.77,61.05,61.77,488555
2020-10-22 13:30:00,61.77,62.16,61.7627,61.925,489934
2020-10-22 14:30:00,61.92,62.02,61.55,61.84,500822
2020-10-22 15:30:00,61.835,61.92,61.59,61.7,662923
2020-10-23 09:30:00,61.71,62.17,61.4301,61.5011,913843
2020-10-23 10:30:00,61.5,61.5277,60.98,61.045,1102607
2020-10-23 11:30:00,61.04,61.12,60.65,60.93,794636
2020-10-23 12:30:00,60.92,61.2701,60.91,61.25,491785
2020-10-23 13:30:00,61.25,61.329,61.12,61.29,430287
2020-10-23 14:30:00,61.29,61.31,60.985,61.195,490721
2020-10-23 15:30:00,61.2,61.2,60.72,60.94,1495322
2020-10-26 09:30:00,60.22,60.5,59.7,59.73,1040208
2020-10-26 10:30:00,59.73,59.73,59.02,59.16,902094
2020-10-26 11:30:00,59.2315,59.33,58.98,59.208,579595
2020-10-26 12:30:00,59.2,59.2,58.71,58.71,524406
2020-10-26 13:30:00,58.7948,59.32,58.6401,59.31,495318
2020-10-26 14:30:00,59.1605,59.31,58.97,59.23,745748
2020-10-26 15:30:00,59.1644,59.55,59.05,59.51,1043690
2020-10-27 09:30:00,59.88,59.99,59.065,59.1,895136
2020-10-27 10:30:00,59.1,59.38,59.07,59.16,600557
2020-10-27 11:30:00,59.17,59.17,58.88,58.9549,372415
2020-10-27 12:30:00,58.95,59.066,58.76,59.03,400798
2020-10-27 13:30:00,59.03,59.34,59.025,59.08,466656
2020-10-27 14:30:00,59.09,59.125,58.83,59.03,399150
2020-10-27 15:30:00,59.03,59.18,58.78,58.82,741035
2020-11-05 09:30:00,66.16,67.9,65.9063,67.15,2701307
2020-11-05 10:30:00,67.14,67.97,67.12,67.9,1288230
2020-11-05 11:30:00,67.9,69.01,67.26,68.66,1752365
2020-11-05 12:30:00,68.66,68.95,68.38,68.91,1331899
2020-11-05 13:30:00,68.92,69.53,68.67,69.43,1376857
2020-11-05 14:30:00,69.42,69.9,69.35,69.76,1543741
2020-11-05 15:30:00,69.76,70.06,69.42,69.9878,2045354
2020-11-06 09:30:00,68.91,69.35,68.34,69.0889,1978123
2020-11-06 10:30:00,69.1701,69.52,68.52,68.96,759462
2020-11-06 11:30:00,68.8103,69.7,68.76,69.47,1061605
2020-11-06 12:30:00,69.47,70.03,69.47,69.9235,823476
2020-11-06 13:30:00,69.9344,69.97,69.68,69.79,495827
2020-11-06 14:30:00,69.7959,70.275,69.7411,70.265,761464
2020-11-06 15:30:00,70.1078,70.86,70.1078,70.53,1629682
2020-11-09 09:30:00,73.09,78.19,73.07,73.99,2903133
2020-11-09 10:30:00,73.9572,74.3188,73.18,73.59,1173423
2020-11-09 11:30:00,73.5461,73.735,72.78,73.1752,765001
2020-11-09 12:30:00,73.089,73.28,72.5772,72.681,727206
2020-11-09 13:30:00,72.6902,72.77,72.19,72.395,841693
2020-11-09 14:30:00,72.39,72.7708,72.05,72.09,943605
2020-11-09 15:30:00,72.09,72.3598,71.26,71.28,1389260
2020-11-10 09:30:00,70.95,71.49,69.75,69.835,1450062
2020-11-10 10:30:00,70.0,70.49,69.79,70.43,984787
2020-11-10 11:30:00,70.1637,70.95,70.1637,70.55,789769
2020-11-10 12:30:00,70.7122,70.7122,69.65,69.795,540399
2020-11-10 13:30:00,69.78,70.13,69.31,69.37,710779
2020-11-10 14:30:00,69.5122,69.79,69.2,69.49,953685
2020-11-10 15:30:00,69.3615,69.55,69.095,69.4,1094921
2020-11-11 09:30:00,70.21,71.11,69.8849,71.04,2054463
2020-11-11 10:30:00,71.07,75.77,70.58,70.9489,601620
2020-11-11 11:30:00,70.945,71.5901,70.85,71.57,1004861
2020-11-11 12:30:00,71.58,71.67,71.1672,71.19,841679
2020-11-11 13:30:00,71.19,71.7001,71.18,71.445,765282
2020-11-11 14:30:00,71.45,71.57,71.26,71.28,742494
2020-11-11 15:30:00,71.28,71.31,71.07,71.15,1252181
2020-11-12 09:30:00,71.0,71.15,69.91,70.1,2105393
2020-11-12 10:30:00,70.08,70.75,70.011,70.6522,929499
2020-11-12 11:30:00,70.67,70.69,70.25,70.365,897987
2020-11-12 12:30:00,70.36,75.77,70.02,70.06,486895
2020-11-12 13:30:00,70.06,70.49,70.01,70.01,503407
2020-11-12 14:30:00,70.01,70.1,69.43,69.83,1085551
2020-11-12 15:30:00,69.82,70.08,69.66,69.8,1474020
2020-11-13 09:30:00,72.21,73.95,71.36,72.7199,3654890
2020-11-13 10:30:00,72.7022,73.0899,72.27,72.35,925063
2020-11-13 11:30:00,72.35,72.47,72.0,72.08,617003
2020-11-13 12:30:00,72.0859,72.21,71.85,71.87,746470
2020-11-13 13:30:00,71.87,72.09,71.5,71.93,864324
2020-11-13 14:30:00,71.93,72.19,71.88,72.0601,943181
2020-11-13 15:30:00,72.0549,72.94,72.0259,72.83,1829288
2020-11-16 09:30:00,73.45,73.45,72.51,73.12,2668909
2020-11-16 10:30:00,73.13,74.2,73.115,73.92,987951
2020-11-16 11:30:00,73.93,74.01,73.4622,73.54,403773
2020-11-16 12:30:00,73.52,73.92,73.47,73.68,480154
2020-11-16 13:30:00,73.66,73.84,73.48,73.77,420598
2020-11-16 14:30:00,73.79,73.96,73.54,73.85,755105
2020-11-16 15:30:00,73.85,74.54,73.81,74.51,1507487
2020-11-17 09:30:00,74.18,74.18,73.06,73.675,1051637
2020-11-17 10:30:00,73.6916,74.27,73.6752,73.82,684686
2020-11-17 11:30:00,73.9375,74.23,73.8073,74.195,429477
2020-11-17 12:30:00,74.1359,74.42,73.7925,74.38,532723
2020-11-17 13:30:00,74.2922,74.57,74.1504,74.34,542901
2020-11-17 14:30:00,74.4067,74.4903,73.98,74.1,474805
2020-11-17 15:30:00,74.1,74.45,74.01,74.38,1077561
2020-11-18 09:30:00,74.72,75.78,74.58,75.25,1825089
2020-11-18 10:30:00,75.1352,75.47,74.6799,75.32,700898
2020-11-18 11:30:00,75.33,75.94,75.2551,75.835,861357
2020-11-18 12:30:00,75.834,76.06,75.5901,75.7,754313
2020-11-18 13:30:00,75.71,75.787,75.3,75.47,997376
2020-11-18 14:30:00,75.47,76.67,75.38,76.01,2460643
2020-11-18 15:30:00,76.2096,76.2096,75.53,75.7,2191848
2020-11-19 09:30:00,75.25,75.89,74.51,75.41,1439729
2020-11-19 10:30:00,75.42,75.99,75.38,75.52,788968
2020-11-19 11:30:00,75.54,75.73,75.37,75.57,624274
2020-11-19 12:30:00,75.5681,76.0,75.53,75.97,414103
2020-11-19 13:30:00,75.98,76.4,75.92,76.29,679494
2020-11-19 14:30:00,76.29,77.29,76.285,77.2011,1750025
2020-11-19 15:30:00,77.1373,77.51,76.96,77.32,2252889
2020-11-20 09:30:00,77.2,78.58,77.04,78.4822,2086586
2020-11-20 10:30:00,78.48,78.5094,77.5,77.8,979231
2020-11-20 11:30:00,77.8,78.05,77.25,77.7901,782553
2020-11-20 12:30:00,77.79,78.0596,77.63,77.93,473431
2020-11-20 13:30:00,77.925,77.99,77.43,77.86,492021
2020-11-20 14:30:00,77.86,77.89,77.34,77.37,649892
2020-11-20 15:30:00,77.37,77.605,76.68,76.72,1389749
2020-11-23 09:30:00,77.27,79.05,76.85,78.03,1478560
2020-11-23 10:30:00,78.04,78.69,77.96,78.495,817954
2020-11-23 11:30:00,78.49,78.98,78.345,78.7,693973
2020-11-23 12:30:00,78.7,79.34,78.64,79.2705,758719
2020-11-23 13:30:00,79.28,79.71,79.26,79.65,792768
2020-11-23 14:30:00,79.64,80.22,79.5753,79.965,1311170
2020-11-23 15:30:00,79.96,80.58,79.9534,80.51,1738294
2020-11-24 09:30:00,81.17,81.23,79.82,80.89,1588749
2020-11-24 10:30:00,80.91,82.15,80.835,82.1,1264082
2020-11-24 11:30:00,82.1,82.63,82.04,82.4572,1299135
2020-11-24 12:30:00,82.46,82.745,82.42,82.44,781147
2020-11-24 13:30:00,82.4399,82.62,82.23,82.26,894170
2020-11-24 14:30:00,82.3637,82.98,82.21,82.975,1359247
2020-11-24 15:30:00,82.97,83.14,82.61,83.0099,1424096
