bar_start,open,high,low,close,volume
2016-01-11 09:30:00,5.68,5.75,5.65,5.66,111535
2016-01-11 10:30:00,5.67,5.705,5.63,5.66,136926
2016-01-11 11:30:00,5.66,5.69,5.63,5.64,79088
2016-01-11 12:30:00,5.64,5.66,5.62,5.64,101935
2016-01-11 13:30:00,5.65,5.66,5.59,5.6336,99304
2016-01-11 14:30:00,5.64,5.71,5.6,5.7,112600
2016-01-11 15:30:00,5.7,5.72,5.66,5.67,120542
2016-01-12 09:30:00,5.73,5.84,5.62,5.64,103833
2016-01-12 10:30:00,5.65,5.67,5.57,5.6,74546
2016-01-12 11:30:00,5.6,5.64,5.51,5.57,50138
2016-01-12 12:30:00,5.56,5.57,5.51,5.54,76998
2016-01-12 13:30:00,5.55,5.56,5.53,5.56,60008
2016-01-12 14:30:00,5.55,5.67,5.55,5.63,95004
2016-01-12 15:30:00,5.63,5.685,5.61,5.66,128387
2016-01-13 09:30:00,5.7,5.81,5.64,5.65,55518
2016-01-13 10:30:00,5.65,5.6999,5.63,5.645,101833
2016-01-13 11:30:00,5.645,5.67,5.6,5.61,110832
2016-01-13 12:30:00,5.61,5.6599,5.57,5.63,130670
2016-01-13 13:30:00,5.64,5.66,5.56,5.6499,202343
2016-01-13 14:30:00,5.645,5.7,5.59,5.6816,205853
2016-01-13 15:30:00,5.685,5.695,5.65,5.65,164771
2016-01-14 09:30:00,5.68,5.85,5.56,5.73,176409
2016-01-14 10:30:00,5.74,5.78,5.55,5.56,133183
2016-01-14 11:30:00,5.57,5.67,5.55,5.655,118153
2016-01-14 12:30:00,5.65,5.79,5.65,5.79,75702
2016-01-14 13:30:00,5.785,5.805,5.66,5.69,117744
2016-01-14 14:30:00,5.7,5.75,5.68,5.68,170197
2016-01-14 15:30:00,5.69,5.69,5.65,5.67,208076
2016-01-15 09:30:00,5.48,5.57,5.42,5.51,306833
2016-01-15 10:30:00,5.5,5.53,5.47,5.5,167284
2016-01-15 11:30:00,5.5,5.53,5.44,5.48,131396
2016-01-15 12:30:00,5.4799,5.5,5.43,5.48,155750
2016-01-15 13:30:00,5.47,5.52,5.465,5.49,58275
2016-01-15 14:30:00,5.49,5.56,5.48,5.53,119074
2016-01-15 15:30:00,5.535,5.56,5.49,5.56,268879
2016-01-19 09:30:00,5.69,5.69,5.54,5.57,184651
2016-01-19 10:30:00,5.57,5.58,5.46,5.475,213833
2016-01-19 11:30:00,5.47,5.4975,5.43,5.48,139583
2016-01-19 12:30:00,5.475,5.475,5.43,5.4399,127976
2016-01-19 13:30:00,5.44,5.4515,5.37,5.41,138799
2016-01-19 14:30:00,5.3887,5.44,5.36,5.44,179186
2016-01-19 15:30:00,5.44,5.46,5.41,5.43,248099
2016-01-20 09:30:00,5.35,5.45,5.29,5.32,188705
2016-01-20 10:30:00,5.32,5.32,5.21,5.26,145377
2016-01-20 11:30:00,5.25,5.29,5.15,5.17,134792
2016-01-20 12:30:00,5.17,5.3,5.15,5.23,111693
2016-01-20 13:30:00,5.23,5.42,5.23,5.365,130262
2016-01-20 14:30:00,5.37,5.55,5.36,5.55,203578
2016-01-20 15:30:00,5.55,5.57,5.51,5.53,323814
2016-01-21 09:30:00,5.55,5.81,5.5,5.6,99827
2016-01-21 10:30:00,5.61,5.69,5.57,5.6,96542
2016-01-21 11:30:00,5.61,5.8,5.61,5.8,110039
2016-01-21 12:30:00,5.79,5.84,5.78,5.79,133629
2016-01-21 13:30:00,5.79,5.8209,5.7,5.74,216973
2016-01-21 14:30:00,5.74,5.81,5.73,5.75,147254
2016-01-21 15:30:00,5.75,5.84,5.75,5.81,331188
2016-01-22 09:30:00,5.94,6.06,5.87,6.03,229015
2016-01-22 10:30:00,6.03,6.06,5.91,5.96,374773
2016-01-22 11:30:00,5.96,5.965,5.87,5.93,135798
2016-01-22 12:30:00,5.93,5.99,5.921,5.96,94385
2016-01-22 13:30:00,5.96,6.06,5.96,6.045,175070
2016-01-22 14:30:00,6.045,6.06,6.0,6.055,179632
2016-01-22 15:30:00,6.05,6.08,6.05,6.07,223833
2016-01-25 09:30:00,6.07,6.07,5.81,5.865,277726
2016-01-25 10:30:00,5.86,5.88,5.8,5.85,108437
2016-01-25 11:30:00,5.845,5.905,5.83,5.855,74587
2016-01-25 12:30:00,5.86,5.92,5.85,5.89,49053
2016-01-25 13:30:00,5.89,5.9,5.815,5.85,63110
2016-01-25 14:30:00,5.845,5.87,5.79,5.82,168633
2016-01-25 15:30:00,5.82,5.82,5.75,5.75,157039
2016-01-26 09:30:00,5.82,5.945,5.78,5.935,87119
2016-01-26 10:30:00,5.93,5.97,5.91,5.965,54305
2016-01-26 11:30:00,5.97,6.01,5.935,6.0099,63231
2016-01-26 12:30:00,6.01,6.02,5.94,5.98,42984
2016-01-26 13:30:00,5.975,5.99,5.93,5.94,45890
2016-01-26 14:30:00,5.939,5.97,5.92,5.939,87796
2016-01-26 15:30:00,5.93,5.94,5.91,5.93,111761
2016-01-27 09:30:00,5.9,5.94,5.76,5.84,115514
2016-01-27 10:30:00,5.84,5.9,5.83,5.89,60549
2016-01-27 11:30:00,5.89,5.94,5.865,5.91,78902
2016-01-27 12:30:00,5.91,5.94,5.87,5.88,48865
2016-01-27 13:30:00,5.88,5.9,5.785,5.815,74279
2016-01-27 14:30:00,5.825,5.86,5.73,5.83,367744
2016-01-27 15:30:00,5.83,5.85,5.805,5.84,179970
2016-01-28 09:30:00,5.99,6.0,5.81,5.82,138717
2016-01-28 10:30:00,5.82,5.94,5.79,5.875,70187
2016-01-28 11:30:00,5.88,5.88,5.79,5.81,50561
2016-01-28 12:30:00,5.82,5.84,5.76,5.8,66473
2016-01-28 13:30:00,5.8,5.805,5.74,5.775,67880
2016-01-28 14:30:00,5.78,5.82,5.76,5.81,95267
2016-01-28 15:30:00,5.81,5.81,5.77,5.79,123666
2016-01-29 09:30:00,5.83,6.04,5.79,6.01,83990
2016-01-29 10:30:00,6.01,6.08,5.98,6.03,119147
2016-01-29 11:30:00,6.04,6.05,5.96,5.9601,89107
2016-01-29 12:30:00,5.97,6.05,5.97,6.05,30532
2016-01-29 13:30:00,6.0465,6.05,6.005,6.03,85244
2016-01-29 14:30:00,6.03,6.14,6.02,6.14,243829
2016-01-29 15:30:00,6.139,6.14,6.06,6.14,334593
2016-02-01 09:30:00,6.11,6.11,6.01,6.025,108831
2016-02-01 10:30:00,6.02,6.07,5.92,5.94,201720
2016-02-01 11:30:00,5.94,5.965,5.82,5.82,96725
2016-02-01 12:30:00,5.82,5.84,5.8,5.83,105328
2016-02-01 13:30:00,5.83,5.84,5.8,5.835,120214
2016-02-01 14:30:00,5.8265,5.94,5.8265,5.92,134766
2016-02-01 15:30:00,5.92,5.96,5.91,5.93,180903
2016-03-07 09:30:00,5.22,5.3,5.16,5.28,130808
2016-03-07 10:30:00,5.28,5.3,5.25,5.255,104565
2016-03-07 11:30:00,5.255,5.27,5.24,5.255,80853
2016-03-07 12:30:00,5.26,5.29,5.25,5.28,78647
2016-03-07 13:30:00,5.28,5.28,5.22,5.225,116587
2016-03-07 14:30:00,5.2201,5.28,5.18,5.26,286580
2016-03-07 15:30:00,5.26,5.28,5.25,5.27,217532
2016-03-08 09:30:00,5.21,5.23,5.0,5.03,180269
2016-03-08 10:30:00,5.03,5.105,5.02,5.0603,233761
2016-03-08 11:30:00,5.065,5.115,5.045,5.1,158921
2016-03-08 12:30:00,5.1,5.13,5.09,5.12,109787
2016-03-08 13:30:00,5.12,5.14,5.095,5.105,98499
2016-03-08 14:30:00,5.1,5.12,5.095,5.1,209861
2016-03-08 15:30:00,5.1,5.12,5.09,5.105,270003
2016-03-09 09:30:00,5.14,5.18,4.97,4.97,96675
2016-03-09 10:30:00,4.98,5.01,4.88,4.97,230641
2016-03-09 11:30:00,4.97,5.07,4.96,5.06,123533
2016-03-09 12:30:00,5.06,5.11,5.02,5.1,140154
2016-03-09 13:30:00,5.1,5.13,5.09,5.1,85175
2016-03-09 14:30:00,5.1,5.11,5.07,5.07,128277
2016-03-09 15:30:00,5.075,5.13,5.07,5.12,217697
2016-03-10 09:30:00,5.12,5.21,5.12,5.125,121782
2016-03-10 10:30:00,5.12,5.21,5.12,5.185,200075
2016-03-10 11:30:00,5.18,5.23,5.175,5.1844,140012
2016-03-10 12:30:00,5.18,5.21,5.165,5.2,167693
2016-03-10 13:30:00,5.2019,5.21,5.17,5.2,106650
2016-03-10 14:30:00,5.2,5.23,5.18,5.225,90615
2016-03-10 15:30:00,5.23,5.23,5.19,5.2,106089
2016-03-11 09:30:00,5.26,5.35,5.215,5.285,57784
2016-03-11 10:30:00,5.285,5.35,5.27,5.34,73420
2016-03-11 11:30:00,5.35,5.39,5.3429,5.39,55138
2016-03-11 12:30:00,5.385,5.39,5.35,5.379,52753
2016-03-11 13:30:00,5.3773,5.4,5.37,5.38,66552
2016-03-11 14:30:00,5.3836,5.4,5.365,5.4,110149
2016-03-11 15:30:00,5.395,5.4,5.35,5.35,172173
2016-03-14 09:30:00,5.36,5.39,5.24,5.39,99330
2016-03-14 10:30:00,5.39,5.4,5.35,5.38,88001
2016-03-14 11:30:00,5.37,5.4,5.36,5.3695,66871
2016-03-14 12:30:00,5.365,5.365,5.34,5.35,49523
2016-03-14 13:30:00,5.35,5.4,5.35,5.395,107089
2016-03-14 14:30:00,5.395,5.41,5.36,5.36,85934
2016-03-14 15:30:00,5.36,5.37,5.35,5.35,139448
2016-03-15 09:30:00,5.34,5.35,5.21,5.26,116740
2016-03-15 10:30:00,5.26,5.26,5.21,5.235,150278
2016-03-15 11:30:00,5.235,5.24,5.2,5.2,119823
2016-03-15 12:30:00,5.205,5.21,5.2,5.2,32126
2016-03-15 13:30:00,5.21,5.235,5.2,5.225,49539
2016-03-15 14:30:00,5.22,5.23,5.19,5.19,201121
2016-03-15 15:30:00,5.195,5.2,5.18,5.2,219573
2016-04-15 09:30:00,5.57,5.66,5.545,5.635,127386
2016-04-15 10:30:00,5.64,5.66,5.62,5.635,39221
2016-04-15 11:30:00,5.6303,5.64,5.59,5.615,74348
2016-04-15 12:30:00,5.615,5.615,5.57,5.58,40359
2016-04-15 13:30:00,5.58,5.58,5.54,5.545,66902
2016-04-15 14:30:00,5.55,5.59,5.54,5.585,69394
2016-04-15 15:30:00,5.585,5.59,5.56,5.57,101031
2016-04-18 09:30:00,5.53,5.57,5.49,5.57,41244
2016-04-18 10:30:00,5.57,5.575,5.51,5.535,54201
2016-04-18 11:30:00,5.54,5.56,5.535,5.54,33961
2016-04-18 12:30:00,5.54,5.55,5.5,5.54,38203
2016-04-18 13:30:00,5.54,5.54,5.48,5.49,54875
2016-04-18 14:30:00,5.49,5.5,5.45,5.47,74781
2016-04-18 15:30:00,5.47,5.48,5.45,5.45,132550
2016-04-19 09:30:00,5.51,5.55,5.45,5.47,132134
2016-04-19 10:30:00,5.48,5.51,5.46,5.465,141116
2016-04-19 11:30:00,5.465,5.5,5.41,5.43,199155
2016-04-19 12:30:00,5.43,5.47,5.42,5.47,45799
2016-04-19 13:30:00,5.465,5.49,5.45,5.47,69912
2016-04-19 14:30:00,5.47,5.49,5.44,5.46,115717
2016-04-19 15:30:00,5.465,5.49,5.46,5.47,154745
2016-04-20 09:30:00,5.47,5.54,5.45,5.51,109709
2016-04-20 10:30:00,5.51,5.5275,5.48,5.5,83757
2016-04-20 11:30:00,5.5,5.51,5.48,5.51,66138
2016-04-20 12:30:00,5.51,5.53,5.5,5.51,32510
2016-04-20 13:30:00,5.5,5.55,5.5,5.53,57154
2016-04-20 14:30:00,5.5375,5.58,5.52,5.56,137923
2016-04-20 15:30:00,5.56,5.58,5.55,5.55,147902
2016-04-21 09:30:00,5.53,5.65,5.43,5.46,200581
2016-04-21 10:30:00,5.465,5.48,5.42,5.475,68378
2016-04-21 11:30:00,5.475,5.475,5.43,5.45,61563
2016-04-21 12:30:00,5.45,5.46,5.43,5.43,30530
2016-04-21 13:30:00,5.435,5.465,5.43,5.43,57327
2016-04-21 14:30:00,5.43,5.45,5.42,5.445,124898
2016-04-21 15:30:00,5.4425,5.47,5.44,5.46,88123
2016-04-22 09:30:00,5.46,5.74,5.46,5.72,203350
2016-04-22 10:30:00,5.72,5.75,5.6601,5.74,116524
2016-04-22 11:30:00,5.74,5.76,5.71,5.73,92834
2016-04-22 12:30:00,5.73,5.74,5.7,5.72,120290
2016-04-22 13:30:00,5.71,5.78,5.71,5.77,90531
2016-04-22 14:30:00,5.775,5.79,5.75,5.7516,92503
2016-04-22 15:30:00,5.76,5.78,5.75,5.75,302742
2016-04-25 09:30:00,5.77,5.925,5.76,5.77,305036
2016-04-25 10:30:00,5.77,5.84,5.77,5.79,112599
2016-04-25 11:30:00,5.79,5.8,5.78,5.79,81142
2016-04-25 12:30:00,5.785,5.79,5.72,5.72,118420
2016-04-25 13:30:00,5.725,5.73,5.7,5.7,61877
2016-04-25 14:30:00,5.7001,5.71,5.7,5.705,35577
2016-04-25 15:30:00,5.705,5.71,5.68,5.7,153544
2016-04-26 09:30:00,5.73,5.811,5.66,5.77,182530
2016-04-26 10:30:00,5.77,5.78,5.7,5.765,108499
2016-04-26 11:30:00,5.765,5.78,5.76,5.76,118617
2016-04-26 12:30:00,5.77,5.77,5.74,5.765,50772
2016-04-26 13:30:00,5.77,5.78,5.74,5.775,52457
2016-04-26 14:30:00,5.77,5.79,5.75,5.76,50033
2016-04-26 15:30:00,5.76,5.79,5.76,5.78,91861
2016-04-27 09:30:00,5.8,5.95,5.72,5.72,200181
2016-04-27 10:30:00,5.72,5.78,5.7,5.77,115270
2016-04-27 11:30:00,5.76,5.79,5.75,5.75,91677
2016-04-27 12:30:00,5.75,5.76,5.75,5.76,68067
2016-04-27 13:30:00,5.755,5.83,5.75,5.79,151361
2016-04-27 14:30:00,5.79,5.86,5.77,5.85,161943
2016-04-27 15:30:00,5.85,5.86,5.83,5.84,308053
2016-04-28 09:30:00,5.72,5.805,5.27,5.805,538995
2016-04-28 10:30:00,5.81,6.05,5.78,6.0151,331162
2016-04-28 11:30:00,6.045,6.13,5.89,5.895,264518
2016-04-28 12:30:00,5.9,6.04,5.9,6.005,249653
2016-04-28 13:30:00,6.0,6.09,6.0,6.045,284949
2016-04-28 14:30:00,6.0425,6.05,5.87,5.895,262813
2016-04-28 15:30:00,5.89,5.9,5.83,5.87,239010
2016-04-29 09:30:00,5.81,5.87,5.55,5.7289,296693
2016-04-29 10:30:00,5.7289,5.82,5.645,5.66,235777
2016-04-29 11:30:00,5.66,5.71,5.64,5.655,170467
2016-04-29 12:30:00,5.65,5.69,5.645,5.67,115297
2016-04-29 13:30:00,5.67,5.69,5.64,5.6785,135875
2016-04-29 14:30:00,5.68,5.69,5.64,5.68,161877
2016-04-29 15:30:00,5.675,5.72,5.67,5.72,238431
2016-05-02 09:30:00,5.7,5.83,5.59,5.83,187683
2016-05-02 10:30:00,5.83,5.83,5.79,5.82,209359
2016-05-02 11:30:00,5.82,5.82,5.75,5.76,196887
2016-05-02 12:30:00,5.76,5.83,5.76,5.83,84113
2016-05-02 13:30:00,5.8292,5.83,5.77,5.81,168903
2016-05-02 14:30:00,5.81,5.81,5.75,5.78,139780
2016-05-02 15:30:00,5.78,5.8,5.7671,5.78,266820
2016-05-03 09:30:00,5.75,5.85,5.75,5.85,189981
2016-05-03 10:30:00,5.845,5.845,5.78,5.81,105452
2016-05-03 11:30:00,5.81,5.85,5.805,5.835,61862
2016-05-03 12:30:00,5.837,5.86,5.82,5.845,104884
2016-05-03 13:30:00,5.85,5.87,5.84,5.855,123627
2016-05-03 14:30:00,5.86,5.86,5.84,5.85,106266
2016-05-03 15:30:00,5.85,5.86,5.8,5.8,227245
2016-05-31 09:30:00,6.41,6.42,6.31,6.33,105714
2016-05-31 10:30:00,6.33,6.35,6.29,6.34,179014
2016-05-31 11:30:00,6.3301,6.345,6.3,6.325,63296
2016-05-31 12:30:00,6.33,6.35,6.31,6.33,102527
2016-05-31 13:30:00,6.33,6.33,6.3,6.3198,62886
2016-05-31 14:30:00,6.32,6.32,6.22,6.22,144446
2016-05-31 15:30:00,6.22,6.31,6.22,6.31,199956
2016-06-01 09:30:00,6.25,6.28,6.13,6.2,99856
2016-06-01 10:30:00,6.2,6.28,6.19,6.25,65926
2016-06-01 11:30:00,6.255,6.28,6.23,6.275,87590
2016-06-01 12:30:00,6.27,6.31,6.26,6.2997,69936
2016-06-01 13:30:00,6.29,6.34,6.27,6.34,65001
2016-06-01 14:30:00,6.335,6.355,6.31,6.34,126289
2016-06-01 15:30:00,6.34,6.38,6.33,6.37,249639
2016-06-02 09:30:00,6.36,6.42,6.27,6.355,93708
2016-06-02 10:30:00,6.355,6.37,6.31,6.33,48343
2016-06-02 11:30:00,6.33,6.35,6.3,6.325,60564
2016-06-02 12:30:00,6.32,6.34,6.31,6.325,41864
2016-06-02 13:30:00,6.3258,6.37,6.325,6.345,49910
2016-06-02 14:30:00,6.345,6.38,6.345,6.365,86731
2016-06-02 15:30:00,6.365,6.38,6.36,6.38,164560
2016-06-03 09:30:00,6.38,6.38,6.26,6.305,63256
2016-06-03 10:30:00,6.3,6.33,6.28,6.31,61625
2016-06-03 11:30:00,6.31,6.395,6.31,6.395,111078
2016-06-03 12:30:00,6.4,6.4,6.36,6.37,52112
2016-06-03 13:30:00,6.37,6.395,6.35,6.37,108448
2016-06-03 14:30:00,6.37,6.39,6.35,6.375,92124
2016-06-03 15:30:00,6.375,6.39,6.37,6.39,140431
2016-06-06 09:30:00,6.41,6.47,6.36,6.4,74292
2016-06-06 10:30:00,6.41,6.43,6.38,6.4,138962
2016-06-06 11:30:00,6.405,6.46,6.4,6.455,57259
2016-06-06 12:30:00,6.45,6.455,6.415,6.43,77977
2016-06-06 13:30:00,6.43,6.47,6.42,6.47,52874
2016-06-06 14:30:00,6.47,6.4825,6.46,6.46,59191
2016-06-06 15:30:00,6.46,6.47,6.42,6.42,137582
2016-06-07 09:30:00,6.42,6.46,6.33,6.35,97764
2016-06-07 10:30:00,6.35,6.43,6.31,6.405,165172
2016-06-07 11:30:00,6.41,6.43,6.401,6.43,53214
2016-06-07 12:30:00,6.42,6.45,6.4,6.443,66487
2016-06-07 13:30:00,6.445,6.455,6.33,6.44,34116
2016-06-07 14:30:00,6.435,6.45,6.415,6.43,59521
2016-06-07 15:30:00,6.43,6.44,6.41,6.44,143341
2016-07-11 09:30:00,6.01,6.05,5.95,5.95,88904
2016-07-11 10:30:00,5.955,6.0,5.955,5.995,51186
2016-07-11 11:30:00,6.0,6.0,5.99,5.99,46563
2016-07-11 12:30:00,5.995,6.0,5.99,5.995,26840
2016-07-11 13:30:00,5.995,6.0,5.98,5.995,41423
2016-07-11 14:30:00,5.995,6.0,5.98,5.9899,39899
2016-07-11 15:30:00,5.99,6.0,5.98,5.99,151039
2016-07-12 09:30:00,6.04,6.17,6.0,6.14,188187
2016-07-12 10:30:00,6.14,6.16,6.13,6.145,67428
2016-07-12 11:30:00,6.15,6.15,6.14,6.145,51288
2016-07-12 12:30:00,6.145,6.15,6.13,6.145,91777
2016-07-12 13:30:00,6.15,6.15,6.14,6.145,57223
2016-07-12 14:30:00,6.145,6.15,6.14,6.145,103510
2016-07-12 15:30:00,6.145,6.15,6.14,6.15,240428
2016-07-13 09:30:00,6.18,6.2,6.12,6.18,128020
2016-07-13 10:30:00,6.18,6.2199,6.12,6.12,76975
2016-07-13 11:30:00,6.13,6.17,6.1,6.16,79491
2016-07-13 12:30:00,6.17,6.17,6.14,6.145,84777
2016-07-13 13:30:00,6.14,6.15,6.12,6.13,62310
2016-07-13 14:30:00,6.14,6.14,6.11,6.13,81141
2016-07-13 15:30:00,6.13,6.15,6.11,6.13,192949
2016-07-14 09:30:00,6.18,6.19,6.09,6.13,89834
2016-07-14 10:30:00,6.14,6.16,6.135,6.14,74396
2016-07-14 11:30:00,6.14,6.16,6.13,6.135,51440
2016-07-14 12:30:00,6.135,6.16,6.135,6.155,25451
2016-07-14 13:30:00,6.155,6.16,6.14,6.145,48820
2016-07-14 14:30:00,6.145,6.16,6.135,6.16,31259
2016-07-14 15:30:00,6.16,6.16,6.14,6.16,116027
2016-07-15 09:30:00,6.18,6.21,6.06,6.195,99062
2016-07-15 10:30:00,6.195,6.23,6.17,6.18,50020
2016-07-15 11:30:00,6.18,6.215,6.175,6.2,29037
2016-07-15 12:30:00,6.2,6.2,6.17,6.18,45874
2016-07-15 13:30:00,6.185,6.215,6.18,6.2,28521
2016-07-15 14:30:00,6.2,6.2,6.165,6.17,113178
2016-07-15 15:30:00,6.175,6.18,6.165,6.18,74387
2016-07-18 09:30:00,6.2,6.26,5.75,6.22,99096
2016-07-18 10:30:00,6.22,6.24,6.2,6.22,92192
2016-07-18 11:30:00,6.225,6.23,6.21,6.22,37628
2016-07-18 12:30:00,6.22,6.23,6.2,6.22,78350
2016-07-18 13:30:00,6.22,6.22,6.2,6.205,77033
2016-07-18 14:30:00,6.21,6.22,6.2,6.22,49828
2016-07-18 15:30:00,6.215,6.22,6.21,6.22,81432
2016-07-19 09:30:00,6.19,6.2,6.03,6.17,70754
2016-07-19 10:30:00,6.175,6.23,6.16,6.225,63547
2016-07-19 11:30:00,6.22,6.245,6.19,6.19,56204
2016-07-19 12:30:00,6.19,6.2,6.17,6.175,14745
2016-07-19 13:30:00,6.175,6.18,6.16,6.175,28523
2016-07-19 14:30:00,6.17,6.18,6.17,6.175,16937
2016-07-19 15:30:00,6.18,6.18,6.17,6.18,74479
2016-07-20 09:30:00,6.2,6.23,6.17,6.215,95634
2016-07-20 10:30:00,6.215,6.28,6.21,6.275,96378
2016-07-20 11:30:00,6.28,6.285,6.27,6.28,45222
2016-07-20 12:30:00,6.28,6.29,6.27,6.275,36924
2016-07-20 13:30:00,6.28,6.3,6.27,6.27,34830
2016-07-20 14:30:00,6.275,6.275,6.25,6.255,43770
2016-07-20 15:30:00,6.255,6.29,6.25,6.29,175863
2016-07-21 09:30:00,6.28,6.36,6.26,6.29,160448
2016-07-21 10:30:00,6.28,6.305,6.24,6.265,245087
2016-07-21 11:30:00,6.265,6.265,6.23,6.235,124765
2016-07-21 12:30:00,6.24,6.25,6.21,6.245,139267
2016-07-21 13:30:00,6.24,6.25,6.21,6.21,53690
2016-07-21 14:30:00,6.21,6.25,6.21,6.25,96466
2016-07-21 15:30:00,6.245,6.27,6.24,6.27,118225
2016-07-22 09:30:00,6.26,6.26,6.17,6.235,108133
2016-07-22 10:30:00,6.23,6.26,6.225,6.24,97848
2016-07-22 11:30:00,6.24,6.26,6.22,6.245,103628
2016-07-22 12:30:00,6.25,6.25,6.24,6.25,147382
2016-07-22 13:30:00,6.245,6.29,6.24,6.25,337084
2016-07-22 14:30:00,6.24,6.25,6.24,6.25,100030
2016-07-22 15:30:00,6.245,6.27,6.24,6.265,88782
2016-07-25 09:30:00,6.31,6.385,6.29,6.345,415540
2016-07-25 10:30:00,6.345,6.35,6.28,6.295,133842
2016-07-25 11:30:00,6.2935,6.3,6.27,6.295,105637
2016-07-25 12:30:00,6.295,6.3,6.28,6.3,42643
2016-07-25 13:30:00,6.29,6.325,6.28,6.3,145263
2016-07-25 14:30:00,6.3,6.32,6.28,6.285,179170
2016-07-25 15:30:00,6.285,6.3,6.22,6.23,448323
2016-07-26 09:30:00,6.26,6.37,6.22,6.37,128954
2016-07-26 10:30:00,6.37,6.37,6.26,6.275,75407
2016-07-26 11:30:00,6.275,6.28,6.26,6.275,56682
2016-07-26 12:30:00,6.275,6.28,6.26,6.265,21083
2016-07-26 13:30:00,6.26,6.285,6.26,6.28,173242
2016-07-26 14:30:00,6.28,6.28,6.25,6.265,126941
2016-07-26 15:30:00,6.265,6.27,6.24,6.255,240345
2016-08-03 09:30:00,7.33,7.56,7.29,7.51,664329
2016-08-03 10:30:00,7.51,7.54,7.49,7.51,451550
2016-08-03 11:30:00,7.51,7.52,7.49,7.505,232000
2016-08-03 12:30:00,7.51,7.52,7.48,7.495,355884
2016-08-03 13:30:00,7.495,7.52,7.48,7.505,413234
2016-08-03 14:30:00,7.51,7.52,7.48,7.5,351541
2016-08-03 15:30:00,7.5,7.53,7.4801,7.515,619343
2016-08-04 09:30:00,7.55,7.62,7.53,7.5345,500144
2016-08-04 10:30:00,7.54,7.58,7.53,7.57,164075
2016-08-04 11:30:00,7.565,7.58,7.555,7.58,511187
2016-08-04 12:30:00,7.58,7.58,7.565,7.57,266957
2016-08-04 13:30:00,7.58,7.58,7.57,7.58,271977
2016-08-04 14:30:00,7.58,7.58,7.55,7.565,355793
2016-08-04 15:30:00,7.565,7.57,7.54,7.55,667629
2016-08-05 09:30:00,7.6,7.94,7.6,7.9,980228
2016-08-05 10:30:00,7.9,8.02,7.8901,8.01,575629
2016-08-05 11:30:00,8.02,8.08,8.01,8.06,362246
2016-08-05 12:30:00,8.055,8.09,8.04,8.065,277682
2016-08-05 13:30:00,8.07,8.09,7.96,7.96,553996
2016-08-05 14:30:00,7.97,8.035,7.91,8.03,640382
2016-08-05 15:30:00,8.025,8.08,8.0201,8.055,637967
2016-08-08 09:30:00,8.12,8.3,8.1,8.25,746160
2016-08-08 10:30:00,8.2468,8.3,8.23,8.27,397301
2016-08-08 11:30:00,8.265,8.28,8.23,8.245,335836
2016-08-08 12:30:00,8.245,8.26,8.2,8.2,361671
2016-08-08 13:30:00,8.2,8.2475,8.14,8.23,351301
2016-08-08 14:30:00,8.235,8.25,8.21,8.225,315461
2016-08-08 15:30:00,8.225,8.25,8.21,8.25,467288
2016-08-09 09:30:00,8.31,8.35,8.26,8.29,528966
2016-08-09 10:30:00,8.295,8.35,8.28,8.28,288063
2016-08-09 11:30:00,8.29,8.32,8.285,8.31,192830
2016-08-09 12:30:00,8.31,8.345,8.3,8.32,233212
2016-08-09 13:30:00,8.32,8.35,8.3,8.325,219802
2016-08-09 14:30:00,8.325,8.34,8.32,8.32,203484
2016-08-09 15:30:00,8.33,8.34,8.3,8.33,325951
2016-08-10 09:30:00,8.32,8.32,8.19,8.3,299497
2016-08-10 10:30:00,8.3,8.35,8.2201,8.25,217054
2016-08-10 11:30:00,8.255,8.31,8.22,8.3,126212
2016-08-10 12:30:00,8.2891,8.3,8.28,8.3,82336
2016-08-10 13:30:00,8.3,8.325,8.28,8.32,99072
2016-08-10 14:30:00,8.32,8.38,8.31,8.33,145576
2016-08-10 15:30:00,8.33,8.34,8.28,8.29,200066
2016-08-11 09:30:00,8.35,8.37,8.31,8.34,193098
2016-08-11 10:30:00,8.34,8.44,8.33,8.44,574581
2016-08-11 11:30:00,8.44,8.49,8.4338,8.48,117018
2016-08-11 12:30:00,8.49,8.55,8.48,8.55,170880
2016-08-11 13:30:00,8.55,8.58,8.49,8.565,320376
2016-08-11 14:30:00,8.57,8.59,8.48,8.54,307629
2016-08-11 15:30:00,8.54,8.56,8.5,8.545,413169
2016-08-29 09:30:00,9.23,9.32,9.21,9.305,198097
2016-08-29 10:30:00,9.31,9.31,9.25,9.31,80168
2016-08-29 11:30:00,9.31,9.33,9.29,9.2939,116795
2016-08-29 12:30:00,9.3005,9.34,9.29,9.33,81425
2016-08-29 13:30:00,9.3267,9.36,9.31,9.3199,93651
2016-08-29 14:30:00,9.32,9.32,9.265,9.285,172359
2016-08-29 15:30:00,9.285,9.29,9.26,9.27,160510
2016-08-30 09:30:00,9.24,9.36,9.22,9.325,142175
2016-08-30 10:30:00,9.32,9.325,9.24,9.275,115019
2016-08-30 11:30:00,9.275,9.3,9.24,9.255,74719
2016-08-30 12:30:00,9.25,9.29,9.23,9.265,90654
2016-08-30 13:30:00,9.265,9.27,9.205,9.225,111071
2016-08-30 14:30:00,9.22,9.25,9.2,9.24,72235
2016-08-30 15:30:00,9.235,9.24,9.22,9.23,110536
2016-08-31 09:30:00,9.23,9.27,9.11,9.11,141900
2016-08-31 10:30:00,9.11,9.12,9.045,9.095,180477
2016-08-31 11:30:00,9.11,9.11,9.03,9.0515,121101
2016-08-31 12:30:00,9.05,9.08,9.03,9.075,134891
2016-08-31 13:30:00,9.0749,9.09,9.07,9.07,229151
2016-08-31 14:30:00,9.07,9.085,9.06,9.08,144833
2016-08-31 15:30:00,9.08,9.11,9.07,9.1,322697
2016-09-01 09:30:00,9.09,9.24,9.07,9.18,195255
2016-09-01 10:30:00,9.175,9.175,9.105,9.17,109559
2016-09-01 11:30:00,9.169,9.23,9.15,9.23,98556
2016-09-01 12:30:00,9.22,9.27,9.22,9.24,66426
2016-09-01 13:30:00,9.24,9.27,9.2,9.26,123243
2016-09-01 14:30:00,9.26,9.26,9.185,9.22,109628
2016-09-01 15:30:00,9.21,9.25,9.21,9.25,188038
2016-09-02 09:30:00,9.3,9.32,9.2,9.3,151789
2016-09-02 10:30:00,9.31,9.311,9.23,9.245,78496
2016-09-02 11:30:00,9.24,9.3,9.23,9.25,55601
2016-09-02 12:30:00,9.245,9.28,9.23,9.24,57408
2016-09-02 13:30:00,9.24,9.24,9.185,9.22,75659
2016-09-02 14:30:00,9.22,9.26,9.215,9.22,55883
2016-09-02 15:30:00,9.225,9.25,9.22,9.25,128437
2016-09-06 09:30:00,9.1,9.29,9.04,9.11,541362
2016-09-06 10:30:00,9.11,9.18,9.0824,9.135,182452
2016-09-06 11:30:00,9.135,9.1499,9.09,9.1,149605
2016-09-06 12:30:00,9.09,9.14,9.09,9.11,128972
2016-09-06 13:30:00,9.11,9.15,9.07,9.15,148505
2016-09-06 14:30:00,9.15,9.18,9.14,9.1701,133488
2016-09-06 15:30:00,9.175,9.2,9.16,9.19,202342
2016-10-10 09:30:00,9.87,10.13,9.87,9.96,242087
2016-10-10 10:30:00,9.965,10.0,9.88,9.895,89050
2016-10-10 11:30:00,9.9,9.93,9.87,9.89,44249
2016-10-10 12:30:00,9.895,9.9,9.83,9.83,121777
2016-10-10 13:30:00,9.83,9.87,9.77,9.835,92310
2016-10-10 14:30:00,9.83,9.86,9.81,9.83,71545
2016-10-10 15:30:00,9.83,9.84,9.8,9.8,139390
2016-10-11 09:30:00,9.85,9.92,9.52,9.555,198552
2016-10-11 10:30:00,9.56,9.6,9.52,9.5351,158976
2016-10-11 11:30:00,9.53,9.56,9.52,9.5387,47718
2016-10-11 12:30:00,9.535,9.56,9.4,9.48,94876
2016-10-11 13:30:00,9.47,9.48,9.34,9.37,112495
2016-10-11 14:30:00,9.37,9.44,9.34,9.41,78382
2016-10-11 15:30:00,9.42,9.44,9.41,9.44,127186
2016-10-12 09:30:00,9.4,9.42,9.31,9.395,114406
2016-10-12 10:30:00,9.395,9.4599,9.36,9.45,68780
2016-10-12 11:30:00,9.45,9.466,9.4,9.43,43492
2016-10-12 12:30:00,9.43,9.48,9.415,9.48,46790
2016-10-12 13:30:00,9.48,9.51,9.46,9.47,47226
2016-10-12 14:30:00,9.47,9.505,9.46,9.47,49349
2016-10-12 15:30:00,9.465,9.49,9.44,9.48,108491
2016-10-13 09:30:00,9.37,9.424,9.1836,9.2735,121030
2016-10-13 10:30:00,9.275,9.34,9.235,9.306,69901
2016-10-13 11:30:00,9.31,9.385,9.31,9.375,111246
2016-10-13 12:30:00,9.37,9.42,9.355,9.375,49221
2016-10-13 13:30:00,9.38,9.425,9.355,9.4199,51164
2016-10-13 14:30:00,9.42,9.43,9.38,9.39,67050
2016-10-13 15:30:00,9.39,9.395,9.33,9.36,132015
2016-10-14 09:30:00,9.37,9.6,9.36,9.5,88692
2016-10-14 10:30:00,9.5,9.525,9.41,9.41,51026
2016-10-14 11:30:00,9.4,9.43,9.35,9.3864,70255
2016-10-14 12:30:00,9.39,9.41,9.37,9.385,56007
2016-10-14 13:30:00,9.38,9.405,9.31,9.3467,75317
2016-10-14 14:30:00,9.35,9.35,9.31,9.33,79944
2016-10-14 15:30:00,9.33,9.35,9.32,9.32,117579
2016-10-17 09:30:00,9.39,9.46,9.27,9.38,175325
2016-10-17 10:30:00,9.38,9.405,9.3,9.365,87053
2016-10-17 11:30:00,9.37,9.41,9.355,9.4,57597
2016-10-17 12:30:00,9.395,9.41,9.36,9.365,61538
2016-10-17 13:30:00,9.37,9.38,9.335,9.375,62313
2016-10-17 14:30:00,9.38,9.385,9.31,9.33,134346
2016-10-17 15:30:00,9.325,9.34,9.31,9.32,162841
2016-10-18 09:30:00,9.45,9.5,9.41,9.455,109795
2016-10-18 10:30:00,9.455,9.5,9.445,9.48,86198
2016-10-18 11:30:00,9.485,9.485,9.44,9.45,40439
2016-10-18 12:30:00,9.45,9.47,9.42,9.465,59012
2016-10-18 13:30:00,9.46,9.46,9.43,9.46,45690
2016-10-18 14:30:00,9.46,9.47,9.405,9.43,73479
2016-10-18 15:30:00,9.425,9.425,9.37,9.39,189677
2016-10-19 09:30:00,9.37,9.47,9.28,9.46,160451
2016-10-19 10:30:00,9.46,9.54,9.46,9.52,103578
2016-10-19 11:30:00,9.53,9.55,9.495,9.53,85852
2016-10-19 12:30:00,9.53,9.54,9.51,9.51,36421
2016-10-19 13:30:00,9.515,9.53,9.49,9.51,45051
2016-10-19 14:30:00,9.51,9.52,9.47,9.51,61165
2016-10-19 15:30:00,9.51,9.53,9.49,9.49,169052
2016-10-20 09:30:00,9.44,9.575,9.4175,9.48,154608
2016-10-20 10:30:00,9.47,9.4802,9.44,9.4638,77728
2016-10-20 11:30:00,9.465,9.48,9.45,9.455,60944
2016-10-20 12:30:00,9.46,9.52,9.45,9.48,47187
2016-10-20 13:30:00,9.49,9.53,9.45,9.53,98606
2016-10-20 14:30:00,9.53,9.645,9.51,9.64,213280
2016-10-20 15:30:00,9.65,9.72,9.64,9.72,519953
2016-10-21 09:30:00,9.68,9.7,9.53,9.655,182294
2016-10-21 10:30:00,9.66,9.67,9.62,9.647,80971
2016-10-21 11:30:00,9.63,9.67,9.61,9.6355,67979
2016-10-21 12:30:00,9.63,9.64,9.61,9.62,59110
2016-10-21 13:30:00,9.62,9.62,9.59,9.6,75882
2016-10-21 14:30:00,9.59,9.64,9.59,9.62,67612
2016-10-21 15:30:00,9.615,9.63,9.6,9.62,132219
2016-10-24 09:30:00,9.7,9.895,9.7,9.8245,172687
2016-10-24 10:30:00,9.825,9.83,9.77,9.81,91594
2016-10-24 11:30:00,9.8,9.82,9.73,9.735,71288
2016-10-24 12:30:00,9.73,9.74,9.71,9.72,52357
2016-10-24 13:30:00,9.725,9.765,9.72,9.76,36916
2016-10-24 14:30:00,9.76,9.79,9.7563,9.78,48611
2016-10-24 15:30:00,9.78,9.78,9.75,9.76,102107
2016-10-25 09:30:00,9.78,9.88,9.68,9.71,143523
2016-10-25 10:30:00,9.7001,9.72,9.61,9.66,101456
2016-10-25 11:30:00,9.66,9.69,9.62,9.66,55917
2016-10-25 12:30:00,9.6599,9.68,9.64,9.66,24675
2016-10-25 13:30:00,9.66,9.67,9.635,9.64,28772
2016-10-25 14:30:00,9.635,9.67,9.62,9.64,89385
2016-10-25 15:30:00,9.64,9.68,9.61,9.66,181996
2016-10-26 09:30:00,9.59,9.7,9.4911,9.53,176833
2016-10-26 10:30:00,9.53,9.6299,9.525,9.5899,118509
2016-10-26 11:30:00,9.59,9.62,9.58,9.59,33885
2016-10-26 12:30:00,9.595,9.63,9.58,9.58,65979
2016-10-26 13:30:00,9.58,9.585,9.48,9.48,110881
2016-10-26 14:30:00,9.48,9.49,9.46,9.4601,65768
2016-10-26 15:30:00,9.46,9.49,9.44,9.47,338418
2016-10-27 09:30:00,9.53,9.6,9.465,9.48,141499
2016-10-27 10:30:00,9.47,9.495,9.45,9.475,55466
2016-10-27 11:30:00,9.48,9.48,9.42,9.4308,95972
2016-10-27 12:30:00,9.43,9.44,9.38,9.3801,66322
2016-10-27 13:30:00,9.385,9.415,9.35,9.36,64361
2016-10-27 14:30:00,9.36,9.38,9.3,9.3,81179
2016-10-27 15:30:00,9.31,9.33,9.3,9.33,149366
2016-10-28 09:30:00,9.35,9.44,9.32,9.36,225095
2016-10-28 10:30:00,9.36,9.36,9.29,9.315,114493
2016-10-28 11:30:00,9.31,9.395,9.31,9.37,68679
2016-10-28 12:30:00,9.375,9.38,9.28,9.29,50330
2016-10-28 13:30:00,9.295,9.295,9.16,9.185,83153
2016-10-28 14:30:00,9.19,9.2401,9.16,9.2401,157863
2016-10-28 15:30:00,9.24,9.245,9.18,9.19,153001
2016-10-31 09:30:00,9.21,9.29,9.09,9.12,193362
2016-10-31 10:30:00,9.12,9.12,9.04,9.055,90902
2016-10-31 11:30:00,9.06,9.09,9.055,9.07,64668
2016-10-31 12:30:00,9.06,9.09,9.015,9.03,96679
2016-10-31 13:30:00,9.035,9.16,9.02,9.15,239524
2016-10-31 14:30:00,9.14,9.15,9.105,9.135,151907
2016-10-31 15:30:00,9.135,9.31,9.09,9.26,478675
2016-11-01 09:30:00,9.88,10.8,9.8,10.31,1677392
2016-11-01 10:30:00,10.315,10.4,10.06,10.385,475905
2016-11-01 11:30:00,10.3707,10.39,10.18,10.2064,358482
2016-11-01 12:30:00,10.21,10.25,10.1,10.115,371050
2016-11-01 13:30:00,10.12,10.18,10.06,10.1585,255700
2016-11-01 14:30:00,10.15,10.2,10.09,10.19,275241
2016-11-01 15:30:00,10.19,10.25,10.16,10.24,538193
2016-11-02 09:30:00,10.33,10.5,10.17,10.5,481418
2016-11-02 10:30:00,10.49,10.715,10.47,10.7,715284
2016-11-02 11:30:00,10.7,10.7,10.58,10.585,252366
2016-11-02 12:30:00,10.585,10.59,10.47,10.52,138754
2016-11-02 13:30:00,10.52,10.6,10.495,10.59,200651
2016-11-02 14:30:00,10.585,10.63,10.57,10.6,216839
2016-11-02 15:30:00,10.605,10.62,10.58,10.58,334224
2016-11-03 09:30:00,10.56,10.6,10.51,10.575,328141
2016-11-03 10:30:00,10.575,10.58,10.38,10.42,395431
2016-11-03 11:30:00,10.425,10.44,10.29,10.34,174178
2016-11-03 12:30:00,10.35,10.36,10.305,10.33,92449
2016-11-03 13:30:00,10.3364,10.3364,10.29,10.295,125700
2016-11-03 14:30:00,10.295,10.3,10.26,10.265,176141
2016-11-03 15:30:00,10.265,10.2675,10.2,10.21,294081
2016-11-04 09:30:00,10.25,10.25,10.02,10.225,405174
2016-11-04 10:30:00,10.22,10.46,10.22,10.46,351466
2016-11-04 11:30:00,10.46,10.51,10.42,10.5,228224
2016-11-04 12:30:00,10.495,10.51,10.44,10.4927,150514
2016-11-04 13:30:00,10.495,10.51,10.47,10.49,174897
2016-11-04 14:30:00,10.49,10.49,10.42,10.45,287141
2016-11-04 15:30:00,10.455,10.46,10.4,10.43,407343
2016-11-07 09:30:00,10.67,10.9,10.54,10.89,461652
2016-11-07 10:30:00,10.89,11.0,10.86,10.945,336063
2016-11-07 11:30:00,10.95,11.05,10.92,11.04,441292
2016-11-07 12:30:00,11.04,11.05,10.95,10.98,173001
2016-11-07 13:30:00,10.97,10.99,10.875,10.89,188160
2016-11-07 14:30:00,10.8969,10.91,10.85,10.8508,171892
2016-11-07 15:30:00,10.8511,10.93,10.85,10.91,334562
2016-12-05 09:30:00,11.2,11.22,10.93,11.08,474532
2016-12-05 10:30:00,11.08,11.21,10.95,11.1258,326018
2016-12-05 11:30:00,11.13,11.15,11.0569,11.09,147309
2016-12-05 12:30:00,11.08,11.23,11.07,11.21,201604
2016-12-05 13:30:00,11.215,11.25,11.19,11.2343,140219
2016-12-05 14:30:00,11.24,11.275,11.2,11.24,123049
2016-12-05 15:30:00,11.235,11.26,11.215,11.24,284397
2016-12-06 09:30:00,11.39,11.45,11.265,11.31,228527
2016-12-06 10:30:00,11.31,11.37,11.2,11.2,144195
2016-12-06 11:30:00,11.2,11.21,11.155,11.21,87160
2016-12-06 12:30:00,11.21,11.21,11.09,11.135,119320
2016-12-06 13:30:00,11.135,11.2,11.125,11.195,119623
2016-12-06 14:30:00,11.195,11.22,11.18,11.19,112255
2016-12-06 15:30:00,11.185,11.26,11.185,11.26,192877
2016-12-07 09:30:00,11.19,11.34,11.16,11.2701,316465
2016-12-07 10:30:00,11.28,11.28,11.23,11.255,112744
2016-12-07 11:30:00,11.255,11.365,11.255,11.345,70365
2016-12-07 12:30:00,11.345,11.43,11.33,11.39,96836
2016-12-07 13:30:00,11.385,11.5,11.355,11.43,110463
2016-12-07 14:30:00,11.43,11.465,11.4,11.455,138739
2016-12-07 15:30:00,11.455,11.46,11.39,11.44,220764
2016-12-08 09:30:00,11.46,11.615,11.37,11.605,226468
2016-12-08 10:30:00,11.605,11.78,11.57,11.76,207756
2016-12-08 11:30:00,11.765,11.77,11.58,11.615,168040
2016-12-08 12:30:00,11.61,11.71,11.6,11.61,170909
2016-12-08 13:30:00,11.61,11.645,11.41,11.47,182437
2016-12-08 14:30:00,11.47,11.51,11.34,11.34,527538
2016-12-08 15:30:00,11.345,11.4,11.345,11.37,590621
2016-12-09 09:30:00,11.37,11.52,10.98,11.0242,415602
2016-12-09 10:30:00,11.02,11.11,10.98,11.02,317951
2016-12-09 11:30:00,11.029,11.11,11.005,11.015,181673
2016-12-09 12:30:00,11.0135,11.09,11.0,11.01,125124
2016-12-09 13:30:00,11.005,11.01,10.88,10.9,263923
2016-12-09 14:30:00,10.895,10.905,10.83,10.855,374418
2016-12-09 15:30:00,10.855,10.87,10.84,10.84,291019
2016-12-12 09:30:00,10.8,11.095,10.7,10.9,353173
2016-12-12 10:30:00,10.895,10.905,10.7767,10.79,447469
2016-12-12 11:30:00,10.79,10.79,10.63,10.64,210517
2016-12-12 12:30:00,10.64,10.69,10.57,10.6,309874
2016-12-12 13:30:00,10.595,10.73,10.57,10.725,193601
2016-12-12 14:30:00,10.72,10.74,10.625,10.69,394658
2016-12-12 15:30:00,10.68,10.7,10.63,10.7,294400
2016-12-13 09:30:00,10.73,10.91,10.62,10.81,333685
2016-12-13 10:30:00,10.82,10.935,10.775,10.935,168686
2016-12-13 11:30:00,10.93,10.98,10.8832,10.8901,153854
2016-12-13 12:30:00,10.9,10.96,10.85,10.93,160196
2016-12-13 13:30:00,10.93,10.98,10.865,10.88,157674
2016-12-13 14:30:00,10.87,10.89,10.82,10.85,152822
2016-12-13 15:30:00,10.855,10.855,10.78,10.79,211658
2017-01-09 09:30:00,10.27,10.5,10.24,10.42,274400
2017-01-09 10:30:00,10.42,10.5761,10.37,10.57,159628
2017-01-09 11:30:00,10.58,10.65,10.56,10.62,143563
2017-01-09 12:30:00,10.62,10.64,10.56,10.57,105909
2017-01-09 13:30:00,10.57,10.58,10.5,10.515,122643
2017-01-09 14:30:00,10.52,10.52,10.38,10.39,192149
2017-01-09 15:30:00,10.39,10.41,10.37,10.37,169078
2017-01-10 09:30:00,10.44,10.695,10.44,10.67,241601
2017-01-10 10:30:00,10.675,10.8,10.67,10.79,191099
2017-01-10 11:30:00,10.795,10.8,10.71,10.74,240438
2017-01-10 12:30:00,10.7302,10.745,10.72,10.74,70889
2017-01-10 13:30:00,10.74,10.745,10.665,10.69,77755
2017-01-10 14:30:00,10.685,10.73,10.68,10.705,79965
2017-01-10 15:30:00,10.705,10.73,10.69,10.7,187462
2017-01-11 09:30:00,10.68,10.74,10.59,10.64,107304
2017-01-11 10:30:00,10.63,10.72,10.63,10.65,141763
2017-01-11 11:30:00,10.65,10.7,10.585,10.65,77960
2017-01-11 12:30:00,10.65,10.65,10.55,10.56,63809
2017-01-11 13:30:00,10.55,10.63,10.54,10.625,53605
2017-01-11 14:30:00,10.63,10.72,10.62,10.72,131751
2017-01-11 15:30:00,10.72,10.76,10.71,10.74,123170
2017-01-12 09:30:00,10.69,10.75,10.275,10.37,185784
2017-01-12 10:30:00,10.38,10.39,10.23,10.31,168929
2017-01-12 11:30:00,10.315,10.375,10.265,10.375,85419
2017-01-12 12:30:00,10.375,10.44,10.36,10.435,72354
2017-01-12 13:30:00,10.44,10.5,10.43,10.47,47315
2017-01-12 14:30:00,10.465,10.51,10.45,10.485,73307
2017-01-12 15:30:00,10.485,10.525,10.48,10.49,163058
2017-01-13 09:30:00,10.53,10.76,10.5,10.7438,193923
2017-01-13 10:30:00,10.745,10.775,10.55,10.59,185380
2017-01-13 11:30:00,10.595,10.595,10.44,10.475,239089
2017-01-13 12:30:00,10.475,10.505,10.46,10.465,99692
2017-01-13 13:30:00,10.46,10.48,10.42,10.4367,91188
2017-01-13 14:30:00,10.425,10.505,10.42,10.46,139195
2017-01-13 15:30:00,10.46,10.4863,10.44,10.46,212076
2017-01-17 09:30:00,10.38,10.42,10.16,10.165,226773
2017-01-17 10:30:00,10.18,10.19,10.07,10.08,180306
2017-01-17 11:30:00,10.08,10.13,10.055,10.08,150366
2017-01-17 12:30:00,10.09,10.09,9.96,9.965,264811
2017-01-17 13:30:00,9.96,9.97,9.85,9.85,195230
2017-01-17 14:30:00,9.855,9.87,9.81,9.84,173843
2017-01-17 15:30:00,9.83,9.835,9.79,9.79,489905
2017-01-26 09:30:00,9.9,9.9,9.75,9.7966,258023
2017-01-26 10:30:00,9.795,9.85,9.79,9.835,192153
2017-01-26 11:30:00,9.83,9.88,9.8,9.8163,130256
2017-01-26 12:30:00,9.805,9.81,9.78,9.785,130218
2017-01-26 13:30:00,9.785,9.81,9.78,9.799,119123
2017-01-26 14:30:00,9.8,9.82,9.775,9.79,162959
2017-01-26 15:30:00,9.79,9.8,9.72,9.73,212743
2017-01-27 09:30:00,9.79,9.822,9.74,9.79,130056
2017-01-27 10:30:00,9.79,9.81,9.725,9.75,87953
2017-01-27 11:30:00,9.755,9.78,9.69,9.71,119291
2017-01-27 12:30:00,9.71,9.745,9.68,9.72,69722
2017-01-27 13:30:00,9.725,9.75,9.67,9.7,140513
2017-01-27 14:30:00,9.7,9.71,9.67,9.68,133530
2017-01-27 15:30:00,9.68,9.715,9.675,9.69,149741
2017-01-30 09:30:00,9.63,9.6328,9.38,9.47,373409
2017-01-30 10:30:00,9.4749,9.51,9.41,9.47,113746
2017-01-30 11:30:00,9.47,9.5015,9.46,9.48,96116
2017-01-30 12:30:00,9.485,9.535,9.48,9.51,144412
2017-01-30 13:30:00,9.51,9.55,9.49,9.545,173194
2017-01-30 14:30:00,9.545,9.56,9.52,9.525,277927
2017-01-30 15:30:00,9.521,9.53,9.52,9.525,276882
2017-01-31 09:30:00,9.45,9.53,9.33,9.375,170847
2017-01-31 10:30:00,9.38,9.45,9.38,9.405,120643
2017-01-31 11:30:00,9.4,9.47,9.38,9.46,80260
2017-01-31 12:30:00,9.46,9.49,9.4034,9.465,80394
2017-01-31 13:30:00,9.465,9.47,9.38,9.4157,93149
2017-01-31 14:30:00,9.42,9.44,9.385,9.39,213926
2017-01-31 15:30:00,9.39,9.42,9.39,9.41,266108
2017-02-01 09:30:00,9.51,9.58,9.45,9.54,335504
2017-02-01 10:30:00,9.54,9.58,9.495,9.55,126498
2017-02-01 11:30:00,9.555,9.62,9.55,9.58,121013
2017-02-01 12:30:00,9.59,9.65,9.5899,9.635,99159
2017-02-01 13:30:00,9.63,9.69,9.58,9.67,164078
2017-02-01 14:30:00,9.67,9.68,9.62,9.64,149167
2017-02-01 15:30:00,9.64,9.65,9.62,9.63,245678
2017-02-02 09:30:00,9.66,10.14,9.63,10.05,677433
2017-02-02 10:30:00,10.055,10.19,10.03,10.0997,261450
2017-02-02 11:30:00,10.1,10.14,10.04,10.09,202329
2017-02-02 12:30:00,10.09,10.09,10.01,10.0181,122047
2017-02-02 13:30:00,10.015,10.02,9.92,9.93,143072
2017-02-02 14:30:00,9.94,9.97,9.93,9.945,107847
2017-02-02 15:30:00,9.945,9.96,9.92,9.925,250726
2017-02-03 09:30:00,9.99,10.21,9.95,10.16,399888
2017-02-03 10:30:00,10.1699,10.2,10.095,10.11,227333
2017-02-03 11:30:00,10.11,10.14,10.1,10.1,147871
2017-02-03 12:30:00,10.1,10.13,10.1,10.115,85435
2017-02-03 13:30:00,10.11,10.135,10.1,10.11,79534
2017-02-03 14:30:00,10.11,10.12,10.09,10.105,88113
2017-02-03 15:30:00,10.11,10.13,10.06,10.065,303960
2017-02-06 09:30:00,9.99,9.99,9.8,9.96,239708
2017-02-06 10:30:00,9.96,9.9625,9.89,9.93,133338
2017-02-06 11:30:00,9.94,9.98,9.91,9.93,108488
2017-02-06 12:30:00,9.93,9.94,9.86,9.86,85493
2017-02-06 13:30:00,9.86,9.89,9.84,9.845,58734
2017-02-06 14:30:00,9.845,9.98,9.835,9.97,216659
2017-02-06 15:30:00,9.97,9.99,9.95,9.99,180255
2017-02-27 09:30:00,10.14,10.16,10.01,10.065,436718
2017-02-27 10:30:00,10.06,10.07,9.81,9.84,378485
2017-02-27 11:30:00,9.84,9.85,9.77,9.79,284805
2017-02-27 12:30:00,9.8,9.86,9.79,9.85,143236
2017-02-27 13:30:00,9.85,9.865,9.83,9.86,140377
2017-02-27 14:30:00,9.86,9.93,9.82,9.9,349214
2017-02-27 15:30:00,9.9,9.91,9.84,9.85,366462
2017-02-28 09:30:00,9.86,9.93,9.79,9.87,280379
2017-02-28 10:30:00,9.87,9.9,9.83,9.835,256560
2017-02-28 11:30:00,9.835,9.85,9.73,9.77,170163
2017-02-28 12:30:00,9.77,9.83,9.73,9.83,116813
2017-02-28 13:30:00,9.83,9.87,9.8,9.86,183013
2017-02-28 14:30:00,9.86,9.9,9.83,9.89,162856
2017-02-28 15:30:00,9.89,9.89,9.79,9.82,479574
2017-03-01 09:30:00,9.94,10.0,9.85,9.905,208181
2017-03-01 10:30:00,9.9,9.91,9.83,9.89,187692
2017-03-01 11:30:00,9.89,10.025,9.86,10.025,185581
2017-03-01 12:30:00,10.025,10.05,9.97,10.035,177707
2017-03-01 13:30:00,10.04,10.19,10.04,10.185,260345
2017-03-01 14:30:00,10.19,10.22,10.15,10.19,299272
2017-03-01 15:30:00,10.185,10.19,10.11,10.14,358307
2017-03-02 09:30:00,10.14,10.21,10.0949,10.17,212991
2017-03-02 10:30:00,10.17,10.29,10.15,10.235,431987
2017-03-02 11:30:00,10.235,10.32,10.235,10.275,203271
2017-03-02 12:30:00,10.275,10.32,10.27,10.32,106200
2017-03-02 13:30:00,10.32,10.32,10.28,10.29,109706
2017-03-02 14:30:00,10.29,10.32,10.27,10.31,287521
2017-03-02 15:30:00,10.315,10.32,10.24,10.255,273055
2017-03-03 09:30:00,10.24,10.315,10.2,10.27,244077
2017-03-03 10:30:00,10.27,10.36,10.26,10.325,215297
2017-03-03 11:30:00,10.325,10.325,10.28,10.305,115716
2017-03-03 12:30:00,10.3,10.32,10.27,10.315,122442
2017-03-03 13:30:00,10.31,10.3199,10.26,10.275,72083
2017-03-03 14:30:00,10.265,10.27,10.2,10.225,223377
2017-03-03 15:30:00,10.225,10.25,10.21,10.25,261051
2017-03-06 09:30:00,10.23,10.38,10.12,10.38,221425
2017-03-06 10:30:00,10.38,10.38,10.35,10.36,128413
2017-03-06 11:30:00,10.3679,10.3679,10.33,10.36,130389
2017-03-06 12:30:00,10.36,10.45,10.35,10.43,123028
2017-03-06 13:30:00,10.43,10.5,10.43,10.5,112270
2017-03-06 14:30:00,10.5,10.51,10.44,10.5,763746
2017-03-06 15:30:00,10.49,10.51,10.48,10.495,243001
2017-03-07 09:30:00,10.49,10.605,10.49,10.595,243624
2017-03-07 10:30:00,10.59,10.66,10.55,10.6163,246510
2017-03-07 11:30:00,10.6,10.66,10.585,10.64,169357
2017-03-07 12:30:00,10.63,10.67,10.62,10.66,99747
2017-03-07 13:30:00,10.665,10.67,10.63,10.67,143052
2017-03-07 14:30:00,10.67,10.675,10.63,10.645,174416
2017-03-07 15:30:00,10.65,10.655,10.64,10.64,253710
2017-04-10 09:30:00,11.53,11.57,11.45,11.54,258265
2017-04-10 10:30:00,11.55,11.61,11.44,11.4475,165677
2017-04-10 11:30:00,11.45,11.45,11.255,11.3,123605
2017-04-10 12:30:00,11.3,11.44,11.27,11.44,68150
2017-04-10 13:30:00,11.435,11.49,11.38,11.385,103576
2017-04-10 14:30:00,11.39,11.405,11.36,11.3675,273953
2017-04-10 15:30:00,11.365,11.41,11.35,11.38,248998
2017-04-11 09:30:00,11.33,11.39,11.14,11.2,212826
2017-04-11 10:30:00,11.195,11.195,11.08,11.12,157587
2017-04-11 11:30:00,11.13,11.205,11.13,11.18,273069
2017-04-11 12:30:00,11.19,11.24,11.14,11.2,69401
2017-04-11 13:30:00,11.2,11.22,11.18,11.1909,91368
2017-04-11 14:30:00,11.19,11.37,11.17,11.19,89764
2017-04-11 15:30:00,11.185,11.21,11.18,11.21,144867
2017-04-12 09:30:00,11.2,11.4,11.16,11.33,244383
2017-04-12 10:30:00,11.335,11.36,11.2,11.26,115240
2017-04-12 11:30:00,11.255,11.255,11.19,11.2,99272
2017-04-12 12:30:00,11.19,11.23,11.16,11.1963,78680
2017-04-12 13:30:00,11.205,11.28,11.19,11.23,72685
2017-04-12 14:30:00,11.22,11.25,11.17,11.195,118461
2017-04-12 15:30:00,11.19,11.22,11.18,11.2,342844
2017-04-13 09:30:00,11.15,11.35,11.13,11.29,173064
2017-04-13 10:30:00,11.29,11.31,11.22,11.24,59027
2017-04-13 11:30:00,11.235,11.25,11.13,11.16,85611
2017-04-13 12:30:00,11.16,11.185,11.06,11.085,64328
2017-04-13 13:30:00,11.0801,11.09,10.95,11.01,174288
2017-04-13 14:30:00,11.0166,11.03,10.93,10.96,124645
2017-04-13 15:30:00,10.95,10.96,10.9,10.905,236098
2017-04-17 09:30:00,10.94,11.04,10.81,11.015,200123
2017-04-17 10:30:00,11.015,11.13,10.995,11.065,126297
2017-04-17 11:30:00,11.0645,11.09,11.0,11.065,136682
2017-04-17 12:30:00,11.065,11.065,11.03,11.06,107435
2017-04-17 13:30:00,11.0576,11.1,11.05,11.08,66357
2017-04-17 14:30:00,11.09,11.16,11.08,11.155,150006
2017-04-17 15:30:00,11.16,11.21,11.14,11.2,443025
2017-04-18 09:30:00,11.14,11.25,11.08,11.24,322460
2017-04-18 10:30:00,11.2399,11.27,11.11,11.15,81006
2017-04-18 11:30:00,11.15,11.155,11.02,11.03,84119
2017-04-18 12:30:00,11.03,11.06,10.98,11.05,82606
2017-04-18 13:30:00,11.06,11.1,11.03,11.09,53477
2017-04-18 14:30:00,11.09,11.13,11.05,11.13,231680
2017-04-18 15:30:00,11.13,11.24,11.11,11.21,450821
2017-04-19 09:30:00,11.32,11.39,11.2,11.31,249156
2017-04-19 10:30:00,11.3,11.42,11.26,11.42,200849
2017-04-19 11:30:00,11.42,11.42,11.35,11.38,140908
2017-04-19 12:30:00,11.37,11.38,11.3,11.32,124569
2017-04-19 13:30:00,11.31,11.36,11.26,11.3,121171
2017-04-19 14:30:00,11.29,11.35,11.24,11.33,170251
2017-04-19 15:30:00,11.33,11.4,11.3,11.37,255614
2017-04-20 09:30:00,11.46,11.51,11.16,11.49,407385
2017-04-20 10:30:00,11.5,11.62,11.47,11.6166,261124
2017-04-20 11:30:00,11.615,11.76,11.61,11.73,209594
2017-04-20 12:30:00,11.73,11.7416,11.67,11.735,122665
2017-04-20 13:30:00,11.73,11.84,11.72,11.84,189263
2017-04-20 14:30:00,11.84,11.86,11.815,11.86,180982
2017-04-20 15:30:00,11.85,11.91,11.85,11.885,392656
2017-04-21 09:30:00,11.85,11.9,11.67,11.77,327697
2017-04-21 10:30:00,11.76,11.766,11.6,11.73,264736
2017-04-21 11:30:00,11.732,11.75,11.69,11.7,97111
2017-04-21 12:30:00,11.69,11.73,11.69,11.705,139668
2017-04-21 13:30:00,11.7,11.77,11.695,11.75,226422
2017-04-21 14:30:00,11.75,11.77,11.7,11.77,167650
2017-04-21 15:30:00,11.76,11.79,11.72,11.73,296282
2017-04-24 09:30:00,11.96,11.98,11.62,11.88,211730
2017-04-24 10:30:00,11.89,11.9,11.84,11.8661,114261
2017-04-24 11:30:00,11.8631,11.905,11.84,11.84,97831
2017-04-24 12:30:00,11.84,11.8918,11.84,11.88,74516
2017-04-24 13:30:00,11.8859,11.92,11.88,11.915,64504
2017-04-24 14:30:00,11.91,11.98,11.91,11.95,165617
2017-04-24 15:30:00,11.95,11.96,11.88,11.885,228851
2017-04-26 09:30:00,12.08,12.08,11.82,11.85,289744
2017-04-26 10:30:00,11.85,11.99,11.825,11.975,228560
2017-04-26 11:30:00,11.9759,11.99,11.95,11.955,83887
2017-04-26 12:30:00,11.95,12.02,11.95,12.0,68099
2017-04-26 13:30:00,12.0,12.01,11.94,11.95,114321
2017-04-26 14:30:00,11.96,12.02,11.95,12.01,130425
2017-04-26 15:30:00,12.01,12.01,11.95,11.975,253214
2017-04-27 09:30:00,11.98,12.33,11.923,12.3,399467
2017-04-27 10:30:00,12.3,12.38,12.25,12.38,261889
2017-04-27 11:30:00,12.3863,12.4,12.33,12.38,99514
2017-04-27 12:30:00,12.38,12.45,12.3722,12.44,89686
2017-04-27 13:30:00,12.44,12.48,12.4,12.415,190551
2017-04-27 14:30:00,12.41,12.42,12.3,12.35,539893
2017-04-27 15:30:00,12.35,12.39,12.3,12.33,531540
2017-04-28 09:30:00,12.33,12.33,11.0,11.507,1335845
2017-04-28 10:30:00,11.505,11.575,11.44,11.54,563919
2017-04-28 11:30:00,11.54,11.64,11.4925,11.635,287922
2017-04-28 12:30:00,11.65,11.73,11.59,11.675,211451
2017-04-28 13:30:00,11.6783,11.92,11.67,11.86,400531
2017-04-28 14:30:00,11.86,11.98,11.6948,11.6948,606610
2017-04-28 15:30:00,11.695,11.82,11.695,11.77,543698
2017-05-01 09:30:00,11.83,12.18,11.83,12.035,374688
2017-05-01 10:30:00,12.04,12.08,11.99,12.025,152929
2017-05-01 11:30:00,12.02,12.15,12.0123,12.0801,258003
2017-05-01 12:30:00,12.08,12.17,12.02,12.165,171475
2017-05-01 13:30:00,12.17,12.23,12.12,12.13,209364
2017-05-01 14:30:00,12.125,12.13,12.08,12.09,157806
2017-05-01 15:30:00,12.095,12.1,12.07,12.085,227213
2017-05-02 09:30:00,12.07,12.09,11.73,11.97,430754
2017-05-02 10:30:00,11.9642,11.97,11.71,11.72,320169
2017-05-02 11:30:00,11.725,11.75,11.68,11.68,166878
2017-05-02 12:30:00,11.685,11.74,11.6333,11.7,160817
2017-05-02 13:30:00,11.7,11.74,11.64,11.64,160289
2017-05-02 14:30:00,11.63,11.705,11.61,11.705,196054
2017-05-02 15:30:00,11.7,11.74,11.68,11.71,325095
2017-05-03 09:30:00,11.66,11.76,11.52,11.53,187157
2017-05-03 10:30:00,11.53,11.705,11.53,11.695,102277
2017-05-03 11:30:00,11.69,11.735,11.655,11.705,98742
2017-05-03 12:30:00,11.71,11.74,11.69,11.71,71729
2017-05-03 13:30:00,11.715,11.72,11.6347,11.65,88719
2017-05-03 14:30:00,11.65,11.69,11.635,11.66,106325
2017-05-03 15:30:00,11.659,11.74,11.65,11.74,294173
2017-05-04 09:30:00,11.75,11.845,11.64,11.83,157503
2017-05-04 10:30:00,11.8301,11.87,11.78,11.865,135004
2017-05-04 11:30:00,11.8649,11.87,11.72,11.73,64711
2017-05-04 12:30:00,11.72,11.94,11.715,11.93,161249
2017-05-04 13:30:00,11.9247,12.02,11.87,11.99,269554
2017-05-04 14:30:00,11.99,12.03,11.905,11.905,150861
2017-05-04 15:30:00,11.905,11.995,11.9,11.96,175204
2017-05-30 09:30:00,11.72,11.8,11.61,11.653,198475
2017-05-30 10:30:00,11.65,11.76,11.65,11.745,101633
2017-05-30 11:30:00,11.74,11.76,11.67,11.735,109557
2017-05-30 12:30:00,11.74,11.75,11.68,11.715,78218
2017-05-30 13:30:00,11.715,11.75,11.67,11.685,107725
2017-05-30 14:30:00,11.685,11.685,11.58,11.595,162265
2017-05-30 15:30:00,11.59,11.67,11.59,11.63,255207
2017-05-31 09:30:00,11.72,11.77,11.31,11.4,264672
2017-05-31 10:30:00,11.4,11.43,11.34,11.41,130056
2017-05-31 11:30:00,11.415,11.44,11.36,11.36,71701
2017-05-31 12:30:00,11.36,11.4,11.31,11.375,94736
2017-05-31 13:30:00,11.375,11.375,11.27,11.33,119398
2017-05-31 14:30:00,11.32,11.35,11.24,11.35,166000
2017-05-31 15:30:00,11.345,11.365,11.33,11.35,166869
2017-06-01 09:30:00,11.37,11.501,11.27,11.32,140380
2017-06-01 10:30:00,11.32,11.35,11.24,11.35,81141
2017-06-01 11:30:00,11.34,11.37,11.305,11.3335,70911
2017-06-01 12:30:00,11.325,11.355,11.29,11.305,92655
2017-06-01 13:30:00,11.3,11.33,11.28,11.315,58429
2017-06-01 14:30:00,11.31,11.3146,11.25,11.27,71728
2017-06-01 15:30:00,11.275,11.38,11.275,11.365,202567
2017-06-02 09:30:00,11.4,11.47,11.27,11.39,154623
2017-06-02 10:30:00,11.395,11.43,11.335,11.39,105281
2017-06-02 11:30:00,11.39,11.45,11.375,11.3884,152129
2017-06-02 12:30:00,11.385,11.3857,11.29,11.351,112334
2017-06-02 13:30:00,11.3575,11.42,11.32,11.4068,153302
2017-06-02 14:30:00,11.381,11.4,11.32,11.355,139904
2017-06-02 15:30:00,11.36,11.365,11.31,11.33,249369
2017-06-05 09:30:00,11.29,11.56,11.25,11.55,112006
2017-06-05 10:30:00,11.55,11.61,11.485,11.49,98521
2017-06-05 11:30:00,11.49,11.52,11.44,11.45,80273
2017-06-05 12:30:00,11.46,11.48,11.43,11.47,59899
2017-06-05 13:30:00,11.46,11.51,11.44,11.5,64465
2017-06-05 14:30:00,11.505,11.56,11.5,11.56,100774
2017-06-05 15:30:00,11.565,11.57,11.525,11.55,146090
2017-06-06 09:30:00,11.52,11.7,11.402,11.7,69273
2017-06-06 10:30:00,11.7,11.72,11.61,11.685,112700
2017-06-06 11:30:00,11.68,11.775,11.68,11.75,78134
2017-06-06 12:30:00,11.75,11.84,11.73,11.8,99061
2017-06-06 13:30:00,11.8005,11.87,11.77,11.84,122268
2017-06-06 14:30:00,11.835,11.8699,11.755,11.76,114711
2017-06-06 15:30:00,11.75,11.79,11.71,11.74,339068
2017-07-10 09:30:00,9.82,9.88,9.71,9.83,116675
2017-07-10 10:30:00,9.83,9.91,9.795,9.87,88600
2017-07-10 11:30:00,9.875,9.95,9.87,9.93,66705
2017-07-10 12:30:00,9.931,9.95,9.895,9.905,62065
2017-07-10 13:30:00,9.9043,10.0,9.9043,9.97,87320
2017-07-10 14:30:00,9.97,9.99,9.92,9.95,90740
2017-07-10 15:30:00,9.95,10.0,9.915,9.93,239568
2017-07-11 09:30:00,9.91,10.09,9.85,9.995,134998
2017-07-11 10:30:00,9.99,10.08,9.9,9.97,110113
2017-07-11 11:30:00,9.97,10.045,9.87,9.975,196406
2017-07-11 12:30:00,9.9776,10.01,9.96,10.0,45398
2017-07-11 13:30:00,9.99,10.06,9.99,10.04,68285
2017-07-11 14:30:00,10.035,10.045,9.97,10.01,86775
2017-07-11 15:30:00,10.02,10.05,10.01,10.03,165907
2017-07-12 09:30:00,10.18,10.3,10.14,10.25,169325
2017-07-12 10:30:00,10.24,10.25,10.18,10.215,71264
2017-07-12 11:30:00,10.215,10.24,10.17,10.23,77740
2017-07-12 12:30:00,10.23,10.24,10.17,10.22,61127
2017-07-12 13:30:00,10.22,10.26,10.19,10.19,44814
2017-07-12 14:30:00,10.19,10.2,10.13,10.19,57637
2017-07-12 15:30:00,10.19,10.22,10.18,10.2,131619
2017-07-13 09:30:00,10.19,10.265,10.095,10.1,122589
2017-07-13 10:30:00,10.105,10.2,10.08,10.155,94683
2017-07-13 11:30:00,10.155,10.21,10.105,10.2006,79554
2017-07-13 12:30:00,10.2,10.205,10.08,10.11,84048
2017-07-13 13:30:00,10.11,10.13,9.99,9.99,266883
2017-07-13 14:30:00,9.99,10.13,9.97,10.11,205204
2017-07-13 15:30:00,10.115,10.17,10.09,10.16,274173
2017-07-14 09:30:00,10.19,10.325,10.1,10.25,191142
2017-07-14 10:30:00,10.25,10.29,10.21,10.27,80691
2017-07-14 11:30:00,10.275,10.275,10.24,10.24,39298
2017-07-14 12:30:00,10.245,10.31,10.2405,10.31,48344
2017-07-14 13:30:00,10.31,10.37,10.305,10.36,80026
2017-07-14 14:30:00,10.36,10.39,10.32,10.39,99491
2017-07-14 15:30:00,10.38,10.39,10.36,10.36,135967
2017-07-17 09:30:00,10.38,10.395,10.26,10.26,104044
2017-07-17 10:30:00,10.26,10.36,10.19,10.335,96002
2017-07-17 11:30:00,10.3393,10.49,10.32,10.46,192238
2017-07-17 12:30:00,10.4612,10.515,10.45,10.455,73055
2017-07-17 13:30:00,10.45,10.47,10.43,10.45,71560
2017-07-17 14:30:00,10.44,10.44,10.41,10.42,45140
2017-07-17 15:30:00,10.42,10.47,10.42,10.44,121571
2017-07-18 09:30:00,10.4,10.51,10.34,10.44,149380
2017-07-18 10:30:00,10.43,10.435,10.36,10.3925,151922
2017-07-18 11:30:00,10.39,10.45,10.39,10.43,49390
2017-07-18 12:30:00,10.43,10.47,10.42,10.46,49580
2017-07-18 13:30:00,10.45,10.495,10.44,10.45,54215
2017-07-18 14:30:00,10.45,10.5,10.45,10.48,64013
2017-07-18 15:30:00,10.49,10.56,10.48,10.56,167087
2017-07-19 09:30:00,10.66,10.84,10.5,10.83,165546
2017-07-19 10:30:00,10.84,10.87,10.75,10.84,147957
2017-07-19 11:30:00,10.84,10.9,10.84,10.86,137407
2017-07-19 12:30:00,10.86,10.89,10.84,10.875,54212
2017-07-19 13:30:00,10.88,10.89,10.85,10.85,65724
2017-07-19 14:30:00,10.855,10.88,10.78,10.87,99813
2017-07-19 15:30:00,10.875,10.89,10.86,10.89,204348
2017-07-20 09:30:00,10.92,10.92,10.675,10.77,94255
2017-07-20 10:30:00,10.77,10.81,10.7,10.81,91767
2017-07-20 11:30:00,10.81,10.85,10.76,10.765,56163
2017-07-20 12:30:00,10.765,10.82,10.745,10.81,37525
2017-07-20 13:30:00,10.81,10.86,10.79,10.84,56855
2017-07-20 14:30:00,10.84,10.86,10.8,10.86,61842
2017-07-20 15:30:00,10.855,10.9,10.84,10.85,139733
2017-07-21 09:30:00,10.88,10.9,10.565,10.69,316413
2017-07-21 10:30:00,10.69,10.75,10.65,10.745,89775
2017-07-21 11:30:00,10.75,10.93,10.71,10.895,245472
2017-07-21 12:30:00,10.895,10.97,10.89,10.965,132594
2017-07-21 13:30:00,10.97,10.97,10.93,10.94,103066
2017-07-21 14:30:00,10.93,10.98,10.915,10.955,234878
2017-07-21 15:30:00,10.95,10.98,10.94,10.96,235939
2017-07-24 09:30:00,10.94,10.96,10.865,10.92,104277
2017-07-24 10:30:00,10.92,10.9226,10.83,10.88,82462
2017-07-24 11:30:00,10.88,10.95,10.8575,10.94,66238
2017-07-24 12:30:00,10.94,11.02,10.94,11.015,72098
2017-07-24 13:30:00,11.02,11.03,10.99,10.995,64955
2017-07-24 14:30:00,10.995,11.03,10.98,11.005,101130
2017-07-24 15:30:00,11.01,11.02,11.0,11.02,163636
2017-07-25 09:30:00,11.0,11.025,10.89,10.94,139361
2017-07-25 10:30:00,10.95,10.97,10.905,10.96,62455
2017-07-25 11:30:00,10.955,10.98,10.935,10.94,42268
2017-07-25 12:30:00,10.94,11.02,10.94,11.02,76613
2017-07-25 13:30:00,11.015,11.02,10.94,10.965,95223
2017-07-25 14:30:00,10.97,10.99,10.95,10.985,101867
2017-07-25 15:30:00,10.985,11.01,10.98,11.0,211827
2017-07-26 09:30:00,11.07,11.14,10.93,11.12,92204
2017-07-26 10:30:00,11.11,11.115,10.985,11.015,115839
2017-07-26 11:30:00,11.02,11.03,10.925,10.93,106425
2017-07-26 12:30:00,10.93,11.02,10.91,11.0,74761
2017-07-26 13:30:00,11.0,11.04,10.96,10.97,102027
2017-07-26 14:30:00,10.97,11.08,10.93,11.04,153827
2017-07-26 15:30:00,11.04,11.06,11.01,11.05,199893
2017-07-27 09:30:00,11.12,11.13,10.98,11.12,76361
2017-07-27 10:30:00,11.1074,11.225,11.1,11.16,349999
2017-07-27 11:30:00,11.16,11.25,11.14,11.14,69443
2017-07-27 12:30:00,11.14,11.17,10.72,10.77,451882
2017-07-27 13:30:00,10.77,10.89,10.71,10.87,185062
2017-07-27 14:30:00,10.87,10.88,10.795,10.82,116793
2017-07-27 15:30:00,10.825,10.87,10.8,10.81,206430
2017-07-28 09:30:00,10.75,10.81,10.6,10.78,339572
2017-07-28 10:30:00,10.79,10.805,10.65,10.67,119300
2017-07-28 11:30:00,10.675,10.69,10.45,10.49,240511
2017-07-28 12:30:00,10.49,10.6,10.48,10.53,92728
2017-07-28 13:30:00,10.54,10.59,10.48,10.5,182067
2017-07-28 14:30:00,10.5,10.52,10.41,10.42,262462
2017-07-28 15:30:00,10.43,10.5,10.42,10.49,437517
2017-08-07 09:30:00,8.79,8.9,8.79,8.815,146452
2017-08-07 10:30:00,8.81,8.905,8.79,8.895,81627
2017-08-07 11:30:00,8.89,8.96,8.88,8.91,109187
2017-08-07 12:30:00,8.915,8.96,8.91,8.95,57172
2017-08-07 13:30:00,8.955,8.96,8.87,8.94,149605
2017-08-07 14:30:00,8.93,9.12,8.93,9.115,293052
2017-08-07 15:30:00,9.11,9.12,9.04,9.11,398209
2017-08-08 09:30:00,9.16,9.2,9.035,9.169,269096
2017-08-08 10:30:00,9.165,9.26,9.16,9.255,163681
2017-08-08 11:30:00,9.255,9.28,9.19,9.1951,140797
2017-08-08 12:30:00,9.2,9.2,9.08,9.095,133756
2017-08-08 13:30:00,9.09,9.105,9.05,9.08,116120
2017-08-08 14:30:00,9.085,9.14,9.05,9.07,326054
2017-08-08 15:30:00,9.07,9.14,9.03,9.13,486932
2017-08-09 09:30:00,9.02,9.02,8.82,8.88,179308
2017-08-09 10:30:00,8.89,8.9199,8.8,8.805,117278
2017-08-09 11:30:00,8.805,8.9,8.775,8.895,154008
2017-08-09 12:30:00,8.89,8.905,8.85,8.88,76868
2017-08-09 13:30:00,8.88,8.9,8.83,8.835,81185
2017-08-09 14:30:00,8.835,8.87,8.8,8.85,129339
2017-08-09 15:30:00,8.86,8.92,8.84,8.9,294594
2017-08-10 09:30:00,8.8,8.86,8.6,8.69,148009
2017-08-10 10:30:00,8.695,8.71,8.615,8.69,76679
2017-08-10 11:30:00,8.69,8.71,8.58,8.585,132631
2017-08-10 12:30:00,8.5918,8.68,8.545,8.67,113209
2017-08-10 13:30:00,8.6341,8.67,8.58,8.625,69604
2017-08-10 14:30:00,8.63,8.66,8.53,8.565,102918
2017-08-10 15:30:00,8.565,8.57,8.52,8.53,432808
2017-08-11 09:30:00,8.55,8.75,8.5,8.665,185848
2017-08-11 10:30:00,8.67,8.69,8.57,8.575,125829
2017-08-11 11:30:00,8.58,8.645,8.58,8.625,80176
2017-08-11 12:30:00,8.6335,8.645,8.591,8.6279,56038
2017-08-11 13:30:00,8.625,8.69,8.625,8.675,154738
2017-08-11 14:30:00,8.67,8.73,8.64,8.72,247727
2017-08-11 15:30:00,8.72,8.75,8.71,8.73,239100
2017-08-14 09:30:00,8.86,8.95,8.79,8.905,202880
2017-08-14 10:30:00,8.91,8.94,8.82,8.82,117175
2017-08-14 11:30:00,8.82,8.84,8.76,8.79,96413
2017-08-14 12:30:00,8.795,8.81,8.755,8.765,61781
2017-08-14 13:30:00,8.76,8.78,8.73,8.76,49774
2017-08-14 14:30:00,8.76,8.79,8.74,8.78,90032
2017-08-14 15:30:00,8.775,8.8,8.77,8.795,160606
2017-08-15 09:30:00,8.77,8.88,8.7,8.8225,278550
2017-08-15 10:30:00,8.81,8.83,8.76,8.78,107585
2017-08-15 11:30:00,8.78,8.825,8.73,8.74,110098
2017-08-15 12:30:00,8.74,8.79,8.71,8.715,105947
2017-08-15 13:30:00,8.715,8.72,8.64,8.67,93399
2017-08-15 14:30:00,8.68,8.73,8.63,8.68,163261
2017-08-15 15:30:00,8.68,8.72,8.68,8.685,176669
2017-08-21 09:30:00,8.44,8.46,8.345,8.37,104364
2017-08-21 10:30:00,8.37,8.47,8.3694,8.44,111551
2017-08-21 11:30:00,8.44,8.52,8.44,8.46,81768
2017-08-21 12:30:00,8.46,8.53,8.45,8.51,100412
2017-08-21 13:30:00,8.515,8.57,8.51,8.53,153865
2017-08-21 14:30:00,8.535,8.615,8.535,8.59,255831
2017-08-21 15:30:00,8.585,8.62,8.57,8.59,222206
2017-08-22 09:30:00,8.65,8.76,8.6,8.725,199848
2017-08-22 10:30:00,8.72,8.79,8.71,8.755,129461
2017-08-22 11:30:00,8.755,8.8,8.73,8.735,96468
2017-08-22 12:30:00,8.74,8.74,8.62,8.69,271273
2017-08-22 13:30:00,8.7,8.71,8.65,8.7,70044
2017-08-22 14:30:00,8.7,8.74,8.67,8.72,132301
2017-08-22 15:30:00,8.72,8.73,8.67,8.675,264469
2017-08-23 09:30:00,8.57,8.68,8.51,8.64,119375
2017-08-23 10:30:00,8.64,8.71,8.6,8.67,74395
2017-08-23 11:30:00,8.67,8.685,8.605,8.615,80065
2017-08-23 12:30:00,8.61,8.645,8.59,8.64,69439
2017-08-23 13:30:00,8.635,8.695,8.61,8.68,58636
2017-08-23 14:30:00,8.68,8.74,8.65,8.65,93619
2017-08-23 15:30:00,8.655,8.71,8.65,8.66,118957
2017-08-24 09:30:00,8.7,8.73,8.5962,8.7,96814
2017-08-24 10:30:00,8.7,8.76,8.67,8.72,136619
2017-08-24 11:30:00,8.72,8.74,8.68,8.695,61622
2017-08-24 12:30:00,8.695,8.72,8.67,8.7,67060
2017-08-24 13:30:00,8.7,8.75,8.685,8.75,70127
2017-08-24 14:30:00,8.745,8.79,8.7333,8.765,75224
2017-08-24 15:30:00,8.77,8.785,8.7,8.7,273138
2017-08-25 09:30:00,8.65,8.71,8.44,8.545,303065
2017-08-25 10:30:00,8.54,8.555,8.42,8.423,154590
2017-08-25 11:30:00,8.4453,8.53,8.41,8.53,87709
2017-08-25 12:30:00,8.52,8.56,8.51,8.54,87103
2017-08-25 13:30:00,8.54,8.56,8.51,8.55,88657
2017-08-25 14:30:00,8.545,8.56,8.52,8.535,144844
2017-08-25 15:30:00,8.535,8.57,8.51,8.53,216219
2017-08-28 09:30:00,8.58,8.6,8.47,8.525,471459
2017-08-28 10:30:00,8.52,8.58,8.52,8.53,57428
2017-08-28 11:30:00,8.5244,8.62,8.52,8.5794,97873
2017-08-28 12:30:00,8.58,8.6,8.55,8.57,48539
2017-08-28 13:30:00,8.58,8.61,8.57,8.595,32574
2017-08-28 14:30:00,8.59,8.66,8.59,8.655,94204
2017-08-28 15:30:00,8.655,8.66,8.61,8.64,161067
2017-08-29 09:30:00,8.49,8.61,8.44,8.61,83046
2017-08-29 10:30:00,8.61,8.72,8.6,8.665,79794
2017-08-29 11:30:00,8.67,8.75,8.665,8.73,86354
2017-08-29 12:30:00,8.73,8.8,8.72,8.78,66625
2017-08-29 13:30:00,8.785,8.79,8.73,8.77,61744
2017-08-29 14:30:00,8.77,8.85,8.77,8.85,120524
2017-08-29 15:30:00,8.845,8.87,8.83,8.83,219199
2017-10-16 09:30:00,10.94,10.97,10.7001,10.86,74122
2017-10-16 10:30:00,10.85,10.86,10.775,10.84,157923
2017-10-16 11:30:00,10.85,10.88,10.835,10.86,53149
2017-10-16 12:30:00,10.86,10.88,10.83,10.87,32442
2017-10-16 13:30:00,10.8767,10.9,10.84,10.85,59043
2017-10-16 14:30:00,10.85,10.865,10.75,10.75,169097
2017-10-16 15:30:00,10.75,10.81,10.74,10.81,173451
2017-10-17 09:30:00,10.76,10.83,10.61,10.615,163854
2017-10-17 10:30:00,10.62,10.68,10.6,10.61,148910
2017-10-17 11:30:00,10.61,10.6101,10.57,10.575,91661
2017-10-17 12:30:00,10.57,10.63,10.56,10.62,45627
2017-10-17 13:30:00,10.6235,10.65,10.59,10.63,57985
2017-10-17 14:30:00,10.624,10.69,10.62,10.63,61017
2017-10-17 15:30:00,10.625,10.66,10.62,10.64,203498
2017-10-18 09:30:00,10.68,10.71,10.525,10.6,75693
2017-10-18 10:30:00,10.61,10.62,10.54,10.555,54449
2017-10-18 11:30:00,10.555,10.65,10.55,10.64,47272
2017-10-18 12:30:00,10.64,10.69,10.62,10.69,52233
2017-10-18 13:30:00,10.68,10.74,10.6761,10.7073,76930
2017-10-18 14:30:00,10.7,10.72,10.65,10.72,105371
2017-10-18 15:30:00,10.72,10.72,10.67,10.7,151831
2017-10-19 09:30:00,10.59,10.604,10.32,10.44,181515
2017-10-19 10:30:00,10.445,10.5,10.39,10.46,98673
2017-10-19 11:30:00,10.46,10.49,10.37,10.4,142352
2017-10-19 12:30:00,10.4,10.475,10.36,10.47,119636
2017-10-19 13:30:00,10.47,10.59,10.44,10.56,374953
2017-10-19 14:30:00,10.55,10.58,10.52,10.525,118905
2017-10-19 15:30:00,10.52,10.59,10.52,10.58,241472
2017-10-20 09:30:00,10.65,10.69,10.54,10.63,242369
2017-10-20 10:30:00,10.63,10.72,10.62,10.715,56213
2017-10-20 11:30:00,10.715,10.77,10.69,10.77,251222
2017-10-20 12:30:00,10.77,10.8,10.7597,10.76,89195
2017-10-20 13:30:00,10.761,10.82,10.73,10.79,164464
2017-10-20 14:30:00,10.7901,10.7973,10.72,10.73,219253
2017-10-20 15:30:00,10.73,10.73,10.67,10.69,355357
2017-10-23 09:30:00,10.76,10.76,10.63,10.68,230409
2017-10-23 10:30:00,10.69,10.71,10.56,10.5875,320401
2017-10-23 11:30:00,10.58,10.64,10.56,10.64,97053
2017-10-23 12:30:00,10.631,10.705,10.63,10.65,91439
2017-10-23 13:30:00,10.65,10.7,10.63,10.64,191482
2017-10-23 14:30:00,10.63,10.635,10.52,10.54,191197
2017-10-23 15:30:00,10.55,10.555,10.49,10.53,326920
2017-10-24 09:30:00,10.6,10.73,10.6,10.69,165872
2017-10-24 10:30:00,10.68,10.7,10.61,10.61,102814
2017-10-24 11:30:00,10.62,10.655,10.61,10.63,79050
2017-10-24 12:30:00,10.6301,10.64,10.6,10.64,56720
2017-10-24 13:30:00,10.63,10.65,10.58,10.62,77237
2017-10-24 14:30:00,10.62,10.64,10.585,10.59,146375
2017-10-24 15:30:00,10.59,10.64,10.59,10.63,142942
2017-10-25 09:30:00,10.53,10.67,10.471,10.66,86117
2017-10-25 10:30:00,10.66,10.67,10.47,10.53,69894
2017-10-25 11:30:00,10.52,10.59,10.5146,10.555,95981
2017-10-25 12:30:00,10.56,10.74,10.54,10.74,87589
2017-10-25 13:30:00,10.745,10.8,10.73,10.77,106667
2017-10-25 14:30:00,10.77,10.77,10.7,10.765,85061
2017-10-25 15:30:00,10.76,10.82,10.75,10.81,202898
2017-10-26 09:30:00,10.87,10.97,10.65,10.95,95998
2017-10-26 10:30:00,10.94,10.98,10.895,10.92,88109
2017-10-26 11:30:00,10.92,10.92,10.86,10.88,48237
2017-10-26 12:30:00,10.88,10.91,10.85,10.87,52907
2017-10-26 13:30:00,10.8639,10.9,10.85,10.88,38040
2017-10-26 14:30:00,10.88,10.88,10.81,10.86,65752
2017-10-26 15:30:00,10.865,10.9,10.85,10.88,144385
2017-10-27 09:30:00,10.93,10.952,10.76,10.79,103905
2017-10-27 10:30:00,10.8,10.84,10.72,10.84,107390
2017-10-27 11:30:00,10.794,10.93,10.794,10.89,61764
2017-10-27 12:30:00,10.9081,10.92,10.88,10.9,45377
2017-10-27 13:30:00,10.9,10.97,10.89,10.9,132857
2017-10-27 14:30:00,10.9,10.925,10.86,10.92,72834
2017-10-27 15:30:00,10.915,10.95,10.905,10.945,141390
2017-10-30 09:30:00,10.94,10.98,10.85,10.88,124184
2017-10-30 10:30:00,10.89,10.94,10.845,10.875,66324
2017-10-30 11:30:00,10.9029,10.9029,10.8,10.81,82370
2017-10-30 12:30:00,10.82,10.87,10.81,10.84,56309
2017-10-30 13:30:00,10.84,11.0,10.79,10.9497,143570
2017-10-30 14:30:00,10.92,11.01,10.92,10.9925,252611
2017-10-30 15:30:00,11.0,11.13,10.98,11.11,492055
2017-10-31 09:30:00,11.09,11.8,11.03,11.58,590342
2017-10-31 10:30:00,11.56,11.74,11.54,11.7101,198116
2017-10-31 11:30:00,11.71,11.79,11.63,11.71,211479
2017-10-31 12:30:00,11.7,11.72,11.58,11.6,181002
2017-10-31 13:30:00,11.5928,11.62,11.49,11.58,138829
2017-10-31 14:30:00,11.58,11.64,11.51,11.64,157176
2017-10-31 15:30:00,11.64,11.64,11.56,11.56,319853
2017-11-01 09:30:00,11.62,11.88,11.2799,11.3,290776
2017-11-01 10:30:00,11.295,11.295,11.18,11.2,139143
2017-11-01 11:30:00,11.19,11.26,11.11,11.12,136691
2017-11-01 12:30:00,11.13,11.14,10.86,10.95,282680
2017-11-01 13:30:00,10.95,10.96,10.72,10.76,362424
2017-11-01 14:30:00,10.765,10.89,10.76,10.84,156035
2017-11-01 15:30:00,10.835,10.85,10.75,10.81,257253
2017-11-02 09:30:00,10.76,10.8,10.55,10.79,278640
2017-11-02 10:30:00,10.8,10.885,10.79,10.82,98627
2017-11-02 11:30:00,10.82,11.0,10.78,10.995,109860
2017-11-02 12:30:00,10.995,11.05,10.91,11.01,90983
2017-11-02 13:30:00,11.0,11.12,10.99,11.12,112416
2017-11-02 14:30:00,11.115,11.14,11.06,11.135,164772
2017-11-02 15:30:00,11.13,11.15,11.085,11.135,265537
2017-11-03 09:30:00,11.18,11.3,10.74,11.26,257186
2017-11-03 10:30:00,11.26,11.35,11.22,11.31,143390
2017-11-03 11:30:00,11.3,11.3095,11.115,11.13,97068
2017-11-03 12:30:00,11.12,11.16,11.09,11.111,88355
2017-11-03 13:30:00,11.11,11.19,11.09,11.15,141667
2017-11-03 14:30:00,11.15,11.17,11.09,11.16,111733
2017-11-03 15:30:00,11.16,11.19,11.14,11.16,226494
2017-11-06 09:30:00,11.22,11.4122,11.17,11.38,174889
2017-11-06 10:30:00,11.3867,11.42,11.24,11.24,157409
2017-11-06 11:30:00,11.24,11.37,11.24,11.37,97120
2017-11-06 12:30:00,11.365,11.42,11.36,11.38,138724
2017-11-06 13:30:00,11.38,11.41,11.34,11.385,106130
2017-11-06 14:30:00,11.38,11.44,11.38,11.39,94795
2017-11-06 15:30:00,11.39,11.43,11.39,11.41,194631
2017-11-07 09:30:00,11.3,11.55,11.09,11.4866,150941
2017-11-07 10:30:00,11.48,11.56,11.38,11.415,240050
2017-11-07 11:30:00,11.43,11.43,11.3,11.375,104878
2017-11-07 12:30:00,11.37,11.4,11.26,11.31,101865
2017-11-07 13:30:00,11.31,11.41,11.31,11.41,63054
2017-11-07 14:30:00,11.4,11.41,11.28,11.3,96644
2017-11-07 15:30:00,11.31,11.37,11.3,11.36,125487
2017-11-08 09:30:00,11.29,11.465,11.16,11.4043,89202
2017-11-08 10:30:00,11.4,11.51,11.36,11.43,126121
2017-11-08 11:30:00,11.44,11.48,11.42,11.47,52664
2017-11-08 12:30:00,11.48,11.5168,11.45,11.48,49666
2017-11-08 13:30:00,11.47,11.53,11.46,11.51,66096
2017-11-08 14:30:00,11.51,11.525,11.47,11.495,80994
2017-11-08 15:30:00,11.49,11.5,11.46,11.48,107522
2017-11-09 09:30:00,11.36,11.3825,11.08,11.23,117138
2017-11-09 10:30:00,11.24,11.24,11.095,11.13,188444
2017-11-09 11:30:00,11.13,11.15,10.95,10.98,146247
2017-11-09 12:30:00,10.975,11.06,10.92,11.03,144914
2017-11-09 13:30:00,11.03,11.05,10.91,10.945,172963
2017-11-09 14:30:00,10.94,11.01,10.94,11.005,131261
2017-11-09 15:30:00,11.01,11.06,10.9999,11.06,166901
2017-12-01 09:30:00,10.58,10.64,10.39,10.59,253031
2017-12-01 10:30:00,10.59,10.59,10.14,10.16,125130
2017-12-01 11:30:00,10.16,10.35,10.02,10.27,192323
2017-12-01 12:30:00,10.27,10.36,10.22,10.35,72466
2017-12-01 13:30:00,10.34,10.4,10.32,10.395,76123
2017-12-01 14:30:00,10.4,10.42,10.34,10.38,83297
2017-12-01 15:30:00,10.38,10.45,10.38,10.45,142140
2017-12-04 09:30:00,10.56,10.7579,10.1683,10.315,240996
2017-12-04 10:30:00,10.31,10.34,10.14,10.27,150367
2017-12-04 11:30:00,10.265,10.42,10.24,10.345,67291
2017-12-04 12:30:00,10.35,10.365,10.285,10.29,63253
2017-12-04 13:30:00,10.28,10.29,10.22,10.23,58242
2017-12-04 14:30:00,10.23,10.255,10.15,10.16,84765
2017-12-04 15:30:00,10.165,10.185,10.12,10.12,216967
2017-12-05 09:30:00,10.1,10.38,9.92,10.23,186276
2017-12-05 10:30:00,10.24,10.4,10.22,10.4,74688
2017-12-05 11:30:00,10.4,10.4,10.315,10.345,113469
2017-12-05 12:30:00,10.345,10.38,10.28,10.3411,113150
2017-12-05 13:30:00,10.32,10.3317,10.23,10.24,61558
2017-12-05 14:30:00,10.25,10.28,10.15,10.26,111614
2017-12-05 15:30:00,10.26,10.28,10.22,10.24,155337
2017-12-06 09:30:00,10.16,10.27,10.08,10.19,98968
2017-12-06 10:30:00,10.18,10.195,10.09,10.1,59812
2017-12-06 11:30:00,10.11,10.135,10.04,10.04,61864
2017-12-06 12:30:00,10.0671,10.0955,10.025,10.06,47340
2017-12-06 13:30:00,10.06,10.12,10.05,10.1,93368
2017-12-06 14:30:00,10.1,10.11,10.05,10.1,114085
2017-12-06 15:30:00,10.1,10.12,10.08,10.09,104548
2017-12-07 09:30:00,10.19,10.39,10.15,10.35,223802
2017-12-07 10:30:00,10.35,10.4,10.27,10.29,79338
2017-12-07 11:30:00,10.3,10.3,10.19,10.19,74278
2017-12-07 12:30:00,10.2,10.24,10.185,10.2,61560
2017-12-07 13:30:00,10.1999,10.21,10.15,10.15,67036
2017-12-07 14:30:00,10.15,10.24,10.14,10.225,76240
2017-12-07 15:30:00,10.22,10.275,10.21,10.255,126212
2017-12-08 09:30:00,10.38,10.42,10.265,10.27,89875
2017-12-08 10:30:00,10.28,10.3166,10.19,10.2,69451
2017-12-08 11:30:00,10.21,10.26,10.2,10.24,32514
2017-12-08 12:30:00,10.24,10.2477,10.19,10.19,44488
2017-12-08 13:30:00,10.2,10.21,10.1,10.12,79416
2017-12-08 14:30:00,10.125,10.15,10.1,10.105,57210
2017-12-08 15:30:00,10.1,10.1,10.02,10.04,235007
2017-12-11 09:30:00,10.06,10.27,10.05,10.13,95895
2017-12-11 10:30:00,10.14,10.19,10.08,10.15,100659
2017-12-11 11:30:00,10.16,10.24,10.14,10.24,72783
2017-12-11 12:30:00,10.24,10.25,10.1801,10.2,62998
2017-12-11 13:30:00,10.2,10.25,10.19,10.2367,73567
2017-12-11 14:30:00,10.24,10.27,10.215,10.25,95257
2017-12-11 15:30:00,10.26,10.29,10.25,10.29,160148
2018-01-16 09:30:00,10.54,10.66,10.54,10.625,101354
2018-01-16 10:30:00,10.63,10.635,10.52,10.55,85664
2018-01-16 11:30:00,10.54,10.59,10.53,10.57,58436
2018-01-16 12:30:00,10.56,10.59,10.54,10.59,39014
2018-01-16 13:30:00,10.5807,10.59,10.47,10.47,60753
2018-01-16 14:30:00,10.47,10.515,10.41,10.51,61711
2018-01-16 15:30:00,10.51,10.55,10.495,10.53,130920
2018-01-17 09:30:00,10.68,10.75,10.46,10.63,123915
2018-01-17 10:30:00,10.63,10.74,10.63,10.73,46641
2018-01-17 11:30:00,10.73,10.74,10.69,10.74,58275
2018-01-17 12:30:00,10.735,10.76,10.71,10.745,59664
2018-01-17 13:30:00,10.75,10.85,10.75,10.83,89690
2018-01-17 14:30:00,10.8301,10.91,10.83,10.87,153065
2018-01-17 15:30:00,10.87,10.91,10.84,10.865,162670
2018-01-18 09:30:00,10.87,10.975,10.75,10.82,91945
2018-01-18 10:30:00,10.822,10.88,10.8081,10.82,42170
2018-01-18 11:30:00,10.825,10.89,10.8,10.88,73492
2018-01-18 12:30:00,10.87,10.9,10.85,10.86,34287
2018-01-18 13:30:00,10.86,10.91,10.86,10.9,76877
2018-01-18 14:30:00,10.89,10.9,10.83,10.835,45822
2018-01-18 15:30:00,10.83,10.86,10.805,10.83,125674
2018-01-19 09:30:00,10.87,10.89,10.76,10.8202,106801
2018-01-19 10:30:00,10.83,10.92,10.8,10.92,59296
2018-01-19 11:30:00,10.915,10.95,10.88,10.905,67485
2018-01-19 12:30:00,10.91,10.94,10.86,10.8808,78441
2018-01-19 13:30:00,10.895,10.95,10.89,10.94,36181
2018-01-19 14:30:00,10.94,10.94,10.89,10.915,91027
2018-01-19 15:30:00,10.915,10.92,10.89,10.9,165476
2018-01-22 09:30:00,10.84,10.86,10.59,10.72,165778
2018-01-22 10:30:00,10.71,10.75,10.7,10.73,43779
2018-01-22 11:30:00,10.73,10.8,10.72,10.785,57107
2018-01-22 12:30:00,10.78,10.795,10.75,10.75,51658
2018-01-22 13:30:00,10.75,10.79,10.75,10.78,69432
2018-01-22 14:30:00,10.78,10.78,10.74,10.76,52410
2018-01-22 15:30:00,10.76,10.78,10.73,10.73,164770
2018-01-23 09:30:00,10.74,10.86,10.73,10.8382,86474
2018-01-23 10:30:00,10.83,10.885,10.83,10.8652,82826
2018-01-23 11:30:00,10.86,10.875,10.83,10.85,53216
2018-01-23 12:30:00,10.85,10.91,10.85,10.89,41214
2018-01-23 13:30:00,10.89,10.91,10.835,10.84,49576
2018-01-23 14:30:00,10.84,10.85,10.805,10.83,60703
2018-01-23 15:30:00,10.83,10.85,10.79,10.835,148492
2018-01-25 09:30:00,10.51,10.55,10.31,10.375,188221
2018-01-25 10:30:00,10.375,10.41,10.175,10.2,154827
2018-01-25 11:30:00,10.2,10.25,10.15,10.16,126019
2018-01-25 12:30:00,10.17,10.2,10.13,10.16,115930
2018-01-25 13:30:00,10.15,10.16,10.105,10.13,100680
2018-01-25 14:30:00,10.125,10.15,10.07,10.07,147698
2018-01-25 15:30:00,10.08,10.08,10.0,10.05,227199
2018-01-26 09:30:00,10.14,10.255,10.07,10.25,78100
2018-01-26 10:30:00,10.26,10.31,10.23,10.29,69799
2018-01-26 11:30:00,10.29,10.3,10.22,10.27,54603
2018-01-26 12:30:00,10.26,10.3,10.25,10.2901,35964
2018-01-26 13:30:00,10.279,10.34,10.265,10.31,40296
2018-01-26 14:30:00,10.305,10.33,10.29,10.33,49408
2018-01-26 15:30:00,10.3275,10.355,10.32,10.34,128433
2018-01-29 09:30:00,10.29,10.33,10.17,10.246,54546
2018-01-29 10:30:00,10.25,10.25,10.13,10.18,54849
2018-01-29 11:30:00,10.18,10.28,10.17,10.27,58490
2018-01-29 12:30:00,10.26,10.31,10.24,10.29,38359
2018-01-29 13:30:00,10.29,10.38,10.28,10.34,131545
2018-01-29 14:30:00,10.33,10.35,10.25,10.2541,81713
2018-01-29 15:30:00,10.25,10.36,10.24,10.34,239195
2018-01-30 09:30:00,10.19,10.26,10.11,10.24,128368
2018-01-30 10:30:00,10.245,10.29,10.21,10.23,63116
2018-01-30 11:30:00,10.225,10.245,10.17,10.17,37441
2018-01-30 12:30:00,10.17,10.175,10.08,10.0848,62544
2018-01-30 13:30:00,10.09,10.155,10.09,10.12,47364
2018-01-30 14:30:00,10.13,10.15,10.07,10.13,91089
2018-01-30 15:30:00,10.12,10.15,10.1,10.105,112394
2018-01-31 09:30:00,10.19,10.2871,10.15,10.22,126309
2018-01-31 10:30:00,10.215,10.26,10.12,10.12,86519
2018-01-31 11:30:00,10.11,10.135,10.06,10.0685,58305
2018-01-31 12:30:00,10.065,10.085,10.04,10.0725,46781
2018-01-31 13:30:00,10.065,10.09,10.03,10.055,105638
2018-01-31 14:30:00,10.0499,10.07,10.02,10.06,125124
2018-01-31 15:30:00,10.05,10.08,10.05,10.05,161759
2018-02-01 09:30:00,10.0,10.15,9.95,10.105,98135
2018-02-01 10:30:00,10.105,10.135,10.0,10.015,116405
2018-02-01 11:30:00,10.01,10.03,9.97,10.01,83812
2018-02-01 12:30:00,10.01,10.03,9.99,10.02,85684
2018-02-01 13:30:00,10.025,10.025,9.97,9.97,75718
2018-02-01 14:30:00,9.975,10.03,9.97,10.01,85024
2018-02-01 15:30:00,10.01,10.05,9.96,10.05,281124
2018-02-02 09:30:00,9.96,9.96,9.735,9.74,247253
2018-02-02 10:30:00,9.7427,9.85,9.685,9.79,103418
2018-02-02 11:30:00,9.79,9.81,9.75,9.81,74506
2018-02-02 12:30:00,9.7998,9.85,9.76,9.77,82896
2018-02-02 13:30:00,9.76,9.79,9.7,9.7051,76161
2018-02-02 14:30:00,9.705,9.77,9.665,9.76,195911
2018-02-02 15:30:00,9.75,9.78,9.72,9.73,243820
2018-02-05 09:30:00,9.61,9.73,9.54,9.7167,89584
2018-02-05 10:30:00,9.73,9.77,9.61,9.6263,93675
2018-02-05 11:30:00,9.625,9.64,9.545,9.59,54077
2018-02-05 12:30:00,9.6,9.63,9.52,9.54,94456
2018-02-05 13:30:00,9.55,9.57,9.46,9.465,141857
2018-02-05 14:30:00,9.46,9.4699,9.19,9.33,214272
2018-02-05 15:30:00,9.33,9.335,9.1,9.12,291219
2018-03-07 09:30:00,10.73,11.0,10.58,10.87,187385
2018-03-07 10:30:00,10.87,10.95,10.87,10.8993,98865
2018-03-07 11:30:00,10.9,10.95,10.85,10.865,104569
2018-03-07 12:30:00,10.86,10.94,10.84,10.935,77040
2018-03-07 13:30:00,10.935,10.95,10.885,10.925,69521
2018-03-07 14:30:00,10.93,10.95,10.92,10.95,72544
2018-03-07 15:30:00,10.95,10.99,10.94,10.95,118980
2018-03-08 09:30:00,10.97,11.0499,10.86,10.9836,76091
2018-03-08 10:30:00,10.94,11.02,10.94,11.01,55073
2018-03-08 11:30:00,11.0038,11.02,10.96,11.0,56178
2018-03-08 12:30:00,11.0021,11.08,10.995,11.035,86292
2018-03-08 13:30:00,11.03,11.045,10.96,10.96,48841
2018-03-08 14:30:00,10.96,10.995,10.94,10.97,73266
2018-03-08 15:30:00,10.97,10.99,10.94,10.99,151364
2018-03-09 09:30:00,11.11,11.24,11.067,11.22,178918
2018-03-09 10:30:00,11.22,11.33,11.2194,11.31,126968
2018-03-09 11:30:00,11.31,11.33,11.275,11.285,62602
2018-03-09 12:30:00,11.29,11.465,11.28,11.445,134467
2018-03-09 13:30:00,11.45,11.45,11.33,11.33,157205
2018-03-09 14:30:00,11.335,11.43,11.33,11.42,176080
2018-03-09 15:30:00,11.415,11.45,11.38,11.4,171871
2018-03-12 09:30:00,11.48,11.57,11.35,11.5448,272495
2018-03-12 10:30:00,11.56,11.58,11.45,11.51,182672
2018-03-12 11:30:00,11.51,11.56,11.49,11.52,109394
2018-03-12 12:30:00,11.5241,11.55,11.5,11.52,63235
2018-03-12 13:30:00,11.525,11.55,11.49,11.52,95239
2018-03-12 14:30:00,11.5345,11.54,11.49,11.52,52193
2018-03-12 15:30:00,11.51,11.55,11.5,11.515,116967
2018-03-13 09:30:00,11.58,11.68,11.53,11.62,124166
2018-03-13 10:30:00,11.61,11.6159,11.3638,11.38,135850
2018-03-13 11:30:00,11.38,11.43,11.31,11.34,74322
2018-03-13 12:30:00,11.3433,11.45,11.3433,11.385,70190
2018-03-13 13:30:00,11.38,11.42,11.27,11.28,90897
2018-03-13 14:30:00,11.28,11.3,11.18,11.185,166697
2018-03-13 15:30:00,11.185,11.2,11.15,11.155,203211
2018-03-14 09:30:00,11.24,11.27,11.05,11.14,303457
2018-03-14 10:30:00,11.145,11.245,11.11,11.14,85220
2018-03-14 11:30:00,11.14,11.16,11.07,11.14,79523
2018-03-14 12:30:00,11.1474,11.17,11.11,11.135,60310
2018-03-14 13:30:00,11.13,11.225,11.13,11.16,53360
2018-03-14 14:30:00,11.16,11.22,11.11,11.2,92214
2018-03-14 15:30:00,11.205,11.21,11.11,11.12,272011
2018-03-15 09:30:00,11.19,11.29,11.11,11.25,106299
2018-03-15 10:30:00,11.25,11.345,11.19,11.34,73380
2018-03-15 11:30:00,11.34,11.35,11.25,11.27,78002
2018-03-15 12:30:00,11.26,11.28,11.22,11.23,59726
2018-03-15 13:30:00,11.23,11.26,11.18,11.21,89992
2018-03-15 14:30:00,11.21,11.26,11.19,11.26,68073
2018-03-15 15:30:00,11.26,11.265,11.23,11.24,129147
2018-03-16 09:30:00,11.25,11.32,11.1562,11.32,325712
2018-03-16 10:30:00,11.32,11.39,11.26,11.34,58996
2018-03-16 11:30:00,11.34,11.415,11.32,11.4,106141
2018-03-16 12:30:00,11.395,11.41,11.36,11.36,47262
2018-03-16 13:30:00,11.36,11.38,11.335,11.345,34595
2018-03-16 14:30:00,11.35,11.35,11.27,11.29,49151
2018-03-16 15:30:00,11.29,11.34,11.28,11.28,180848
2018-03-19 09:30:00,11.29,11.36,11.11,11.21,89982
2018-03-19 10:30:00,11.21,11.24,11.06,11.1,66753
2018-03-19 11:30:00,11.0937,11.1,10.96,11.02,57705
2018-03-19 12:30:00,11.03,11.03,10.93,10.98,53986
2018-03-19 13:30:00,10.975,11.05,10.97,11.0,60408
2018-03-19 14:30:00,11.0,11.053,10.96,11.02,115665
2018-03-19 15:30:00,11.02,11.09,11.015,11.09,124874
2018-03-20 09:30:00,11.09,11.18,11.06,11.15,66014
2018-03-20 10:30:00,11.14,11.18,11.12,11.16,48733
2018-03-20 11:30:00,11.17,11.17,11.08,11.16,38956
2018-03-20 12:30:00,11.155,11.175,11.11,11.13,40305
2018-03-20 13:30:00,11.13,11.16,11.12,11.135,39477
2018-03-20 14:30:00,11.135,11.2,11.13,11.13,60224
2018-03-20 15:30:00,11.13,11.14,11.09,11.13,132138
2018-04-12 09:30:00,10.0,10.09,9.96,10.08,51208
2018-04-12 10:30:00,10.07,10.21,10.01,10.205,1014910
2018-04-12 11:30:00,10.205,10.3,10.1031,10.2442,123960
2018-04-12 12:30:00,10.25,10.32,10.2,10.2,54550
2018-04-12 13:30:00,10.195,10.23,10.18,10.19,34162
2018-04-12 14:30:00,10.2,10.255,10.175,10.2428,56133
2018-04-12 15:30:00,10.24,10.26,10.21,10.22,101559
2018-04-13 09:30:00,10.25,10.29,10.07,10.0985,79682
2018-04-13 10:30:00,10.1,10.2,10.08,10.1838,42839
2018-04-13 11:30:00,10.19,10.24,10.15,10.21,30831
2018-04-13 12:30:00,10.21,10.23,10.17,10.2,22508
2018-04-13 13:30:00,10.205,10.22,10.17,10.17,29701
2018-04-13 14:30:00,10.17,10.21,10.1,10.1194,94006
2018-04-13 15:30:00,10.13,10.17,10.105,10.12,210982
2018-04-16 09:30:00,10.23,10.23,10.04,10.14,64160
2018-04-16 10:30:00,10.1312,10.15,10.07,10.13,63415
2018-04-16 11:30:00,10.13,10.24,10.11,10.23,51519
2018-04-16 12:30:00,10.24,10.295,10.205,10.24,72746
2018-04-16 13:30:00,10.23,10.25,10.19,10.24,45982
2018-04-16 14:30:00,10.235,10.26,10.2,10.22,56772
2018-04-16 15:30:00,10.22,10.26,10.215,10.24,83200
2018-04-17 09:30:00,10.35,10.48,10.28,10.31,73413
2018-04-17 10:30:00,10.32,10.375,10.29,10.34,52787
2018-04-17 11:30:00,10.34,10.36,10.275,10.3365,57717
2018-04-17 12:30:00,10.335,10.335,10.27,10.29,55971
2018-04-17 13:30:00,10.29,10.3301,10.255,10.3301,56348
2018-04-17 14:30:00,10.335,10.41,10.33,10.4,70360
2018-04-17 15:30:00,10.4,10.41,10.37,10.39,95776
2018-04-18 09:30:00,10.41,10.43,10.1,10.205,107367
2018-04-18 10:30:00,10.21,10.29,10.18,10.2398,39183
2018-04-18 11:30:00,10.2441,10.25,10.171,10.24,50252
2018-04-18 12:30:00,10.24,10.2775,10.22,10.24,27268
2018-04-18 13:30:00,10.24,10.245,10.17,10.2,47234
2018-04-18 14:30:00,10.21,10.22,10.17,10.195,45022
2018-04-18 15:30:00,10.195,10.22,10.18,10.19,80365
2018-04-19 09:30:00,10.01,10.14,9.9,9.91,219260
2018-04-19 10:30:00,9.905,9.935,9.75,9.815,99933
2018-04-19 11:30:00,9.811,9.82,9.755,9.79,86659
2018-04-19 12:30:00,9.79,9.83,9.72,9.73,82006
2018-04-19 13:30:00,9.73,9.77,9.69,9.72,58130
2018-04-19 14:30:00,9.725,9.7563,9.7,9.71,68869
2018-04-19 15:30:00,9.71,9.795,9.71,9.76,146106
2018-04-20 09:30:00,9.71,10.01,9.71,9.78,175328
2018-04-20 10:30:00,9.79,9.84,9.68,9.68,66708
2018-04-20 11:30:00,9.69,9.85,9.685,9.81,56674
2018-04-20 12:30:00,9.81,9.84,9.76,9.81,78312
2018-04-20 13:30:00,9.81,9.85,9.76,9.77,34597
2018-04-20 14:30:00,9.76,9.77,9.69,9.705,54166
2018-04-20 15:30:00,9.71,9.75,9.7,9.74,101886
2018-04-23 09:30:00,9.76,9.98,9.69,9.76,74890
2018-04-23 10:30:00,9.755,9.82,9.72,9.8,45192
2018-04-23 11:30:00,9.8,9.805,9.68,9.685,64568
2018-04-23 12:30:00,9.68,9.695,9.62,9.65,93130
2018-04-23 13:30:00,9.64,9.66,9.5,9.54,161971
2018-04-23 14:30:00,9.54,9.58,9.51,9.56,122078
2018-04-23 15:30:00,9.56,9.6,9.53,9.55,161832
2018-04-24 09:30:00,9.63,9.81,9.52,9.6033,146807
2018-04-24 10:30:00,9.615,9.655,9.47,9.54,200453
2018-04-24 11:30:00,9.55,9.565,9.355,9.37,138609
2018-04-24 12:30:00,9.37,9.375,9.27,9.32,189987
2018-04-24 13:30:00,9.325,9.34,9.185,9.215,120254
2018-04-24 14:30:00,9.22,9.27,9.2,9.2,320109
2018-04-24 15:30:00,9.2,9.21,9.13,9.13,318090
2018-04-25 09:30:00,9.07,9.3099,8.72,8.78,329615
2018-04-25 10:30:00,8.785,8.88,8.69,8.84,629456
2018-04-25 11:30:00,8.85,8.91,8.84,8.9,247870
2018-04-25 12:30:00,8.8909,8.92,8.84,8.88,119262
2018-04-25 13:30:00,8.88,8.9,8.86,8.8888,111202
2018-04-25 14:30:00,8.895,8.91,8.85,8.9,192371
2018-04-25 15:30:00,8.9,8.905,8.8,8.81,452909
2018-04-26 09:30:00,8.91,9.095,8.86,9.095,158791
2018-04-26 10:30:00,9.09,9.13,9.0771,9.1,108329
2018-04-26 11:30:00,9.1,9.11,9.0,9.06,90669
2018-04-26 12:30:00,9.06,9.1,9.04,9.095,64376
2018-04-26 13:30:00,9.1,9.13,9.08,9.1,77243
2018-04-26 14:30:00,9.091,9.145,9.07,9.13,144667
2018-04-26 15:30:00,9.14,9.18,9.12,9.12,278721
2018-04-27 09:30:00,8.45,8.9572,8.26,8.51,1109462
2018-04-27 10:30:00,8.51,8.59,8.49,8.59,396037
2018-04-27 11:30:00,8.59,8.62,8.54,8.55,268635
2018-04-27 12:30:00,8.55,8.58,8.545,8.55,218616
2018-04-27 13:30:00,8.55,8.56,8.35,8.375,417207
2018-04-27 14:30:00,8.37,8.41,8.36,8.405,421491
2018-04-27 15:30:00,8.4,8.46,8.35,8.46,981321
2018-04-30 09:30:00,8.42,8.48,8.3,8.41,363106
2018-04-30 10:30:00,8.41,8.43,8.4,8.405,217102
2018-04-30 11:30:00,8.405,8.41,8.33,8.39,377843
2018-04-30 12:30:00,8.38,8.39,8.35,8.36,231657
2018-04-30 13:30:00,8.36,8.39,8.35,8.365,254077
2018-04-30 14:30:00,8.3681,8.37,8.28,8.29,228443
2018-04-30 15:30:00,8.29,8.32,8.28,8.28,341022
2018-06-01 09:30:00,9.21,9.3,9.15,9.25,78700
2018-06-01 10:30:00,9.25,9.28,9.16,9.27,93716
2018-06-01 11:30:00,9.27,9.285,9.24,9.25,55368
2018-06-01 12:30:00,9.25,9.285,9.2305,9.26,40626
2018-06-01 13:30:00,9.26,9.3,9.26,9.28,35527
2018-06-01 14:30:00,9.28,9.33,9.26,9.32,101035
2018-06-01 15:30:00,9.32,9.34,9.3,9.31,119730
2018-06-04 09:30:00,9.35,9.41,9.29,9.38,128851
2018-06-04 10:30:00,9.38,9.38,9.24,9.28,93037
2018-06-04 11:30:00,9.28,9.34,9.24,9.32,98670
2018-06-04 12:30:00,9.33,9.34,9.3,9.33,77479
2018-06-04 13:30:00,9.33,9.335,9.27,9.305,93050
2018-06-04 14:30:00,9.305,9.34,9.295,9.33,79791
2018-06-04 15:30:00,9.335,9.35,9.32,9.35,193045
2018-06-05 09:30:00,9.36,9.47,9.36,9.39,112812
2018-06-05 10:30:00,9.38,9.39,9.25,9.29,89900
2018-06-05 11:30:00,9.3,9.32,9.27,9.29,66707
2018-06-05 12:30:00,9.3,9.35,9.28,9.34,72611
2018-06-05 13:30:00,9.3455,9.37,9.33,9.36,74567
2018-06-05 14:30:00,9.36,9.4,9.35,9.35,112842
2018-06-05 15:30:00,9.35,9.39,9.35,9.38,123127
2018-06-06 09:30:00,9.43,9.44,9.31,9.33,176058
2018-06-06 10:30:00,9.32,9.37,9.28,9.29,134103
2018-06-06 11:30:00,9.3,9.315,9.27,9.28,77022
2018-06-06 12:30:00,9.28,9.38,9.28,9.38,105615
2018-06-06 13:30:00,9.362,9.385,9.34,9.35,44055
2018-06-06 14:30:00,9.35,9.4,9.348,9.4,105511
2018-06-06 15:30:00,9.395,9.42,9.39,9.41,110828
2018-06-07 09:30:00,9.38,9.38,9.27,9.285,162713
2018-06-07 10:30:00,9.28,9.34,9.23,9.255,101958
2018-06-07 11:30:00,9.255,9.335,9.23,9.24,125788
2018-06-07 12:30:00,9.245,9.27,9.225,9.235,64110
2018-06-07 13:30:00,9.23,9.305,9.21,9.277,106440
2018-06-07 14:30:00,9.28,9.32,9.28,9.3,103836
2018-06-07 15:30:00,9.2919,9.31,9.27,9.27,124806
2018-06-08 09:30:00,9.2,9.23,9.03,9.085,170764
2018-06-08 10:30:00,9.085,9.11,9.05,9.08,126147
2018-06-08 11:30:00,9.08,9.12,9.05,9.115,63302
2018-06-08 12:30:00,9.1104,9.135,9.09,9.12,68945
2018-06-08 13:30:00,9.12,9.145,9.085,9.12,147830
2018-06-08 14:30:00,9.11,9.12,9.08,9.11,128362
2018-06-08 15:30:00,9.11,9.12,9.09,9.095,151758
2018-06-11 09:30:00,9.1,9.2,9.09,9.09,186126
2018-06-11 10:30:00,9.09,9.13,9.05,9.105,173245
2018-06-11 11:30:00,9.1,9.1132,9.07,9.08,97338
2018-06-11 12:30:00,9.085,9.09,8.99,9.03,215449
2018-06-11 13:30:00,9.023,9.05,8.99,9.04,101437
2018-06-11 14:30:00,9.03,9.06,9.02,9.04,124535
2018-06-11 15:30:00,9.03,9.04,8.99,8.99,134525
2018-07-16 09:30:00,8.64,8.67,8.55,8.63,107489
2018-07-16 10:30:00,8.63,8.64,8.56,8.575,68800
2018-07-16 11:30:00,8.57,8.58,8.55,8.565,36230
2018-07-16 12:30:00,8.57,8.57,8.545,8.55,44333
2018-07-16 13:30:00,8.55,8.57,8.54,8.555,41470
2018-07-16 14:30:00,8.55,8.555,8.51,8.525,141551
2018-07-16 15:30:00,8.53,8.53,8.5,8.505,165141
2018-07-17 09:30:00,8.46,8.54,8.46,8.4981,156936
2018-07-17 10:30:00,8.51,8.52,8.46,8.46,151281
2018-07-17 11:30:00,8.46,8.5,8.44,8.5,199301
2018-07-17 12:30:00,8.495,8.51,8.48,8.5,163286
2018-07-17 13:30:00,8.51,8.58,8.505,8.53,200572
2018-07-17 14:30:00,8.52,8.53,8.49,8.5,149784
2018-07-17 15:30:00,8.51,8.52,8.48,8.49,324841
2018-07-18 09:30:00,8.58,8.64,8.55,8.595,146398
2018-07-18 10:30:00,8.59,8.66,8.57,8.645,215606
2018-07-18 11:30:00,8.645,8.74,8.62,8.735,212808
2018-07-18 12:30:00,8.735,8.84,8.6707,8.83,342612
2018-07-18 13:30:00,8.83,8.89,8.83,8.85,105285
2018-07-18 14:30:00,8.85,8.95,8.8499,8.95,222547
2018-07-18 15:30:00,8.95,8.95,8.91,8.925,201527
2018-07-19 09:30:00,8.91,8.92,8.8445,8.915,172111
2018-07-19 10:30:00,8.915,8.95,8.87,8.94,76644
2018-07-19 11:30:00,8.94,8.975,8.93,8.97,84667
2018-07-19 12:30:00,8.97,8.98,8.93,8.97,69132
2018-07-19 13:30:00,8.97,9.0,8.94,8.98,122878
2018-07-19 14:30:00,8.985,8.99,8.92,8.93,94157
2018-07-19 15:30:00,8.93,8.94,8.91,8.92,209356
2018-07-20 09:30:00,8.85,8.91,8.74,8.78,255079
2018-07-20 10:30:00,8.78,8.815,8.75,8.815,74059
2018-07-20 11:30:00,8.82,8.82,8.78,8.78,82931
2018-07-20 12:30:00,8.785,8.8,8.77,8.77,74335
2018-07-20 13:30:00,8.78,8.78,8.755,8.755,47965
2018-07-20 14:30:00,8.755,8.77,8.75,8.77,46323
2018-07-20 15:30:00,8.77,8.77,8.72,8.73,232613
2018-07-23 09:30:00,8.73,8.73,8.53,8.585,97845
2018-07-23 10:30:00,8.58,8.615,8.57,8.595,118869
2018-07-23 11:30:00,8.5938,8.635,8.59,8.605,154346
2018-07-23 12:30:00,8.605,8.66,8.6,8.63,82927
2018-07-23 13:30:00,8.635,8.68,8.635,8.66,127332
2018-07-23 14:30:00,8.67,8.68,8.65,8.66,66006
2018-07-23 15:30:00,8.665,8.69,8.65,8.67,174592
2018-07-24 09:30:00,8.75,8.965,8.71,8.92,267769
2018-07-24 10:30:00,8.92,8.94,8.81,8.83,97213
2018-07-24 11:30:00,8.82,8.83,8.77,8.805,149992
2018-07-24 12:30:00,8.805,8.83,8.76,8.785,81815
2018-07-24 13:30:00,8.785,8.7859,8.73,8.74,44437
2018-07-24 14:30:00,8.745,8.8,8.74,8.795,52103
2018-07-24 15:30:00,8.8,8.8,8.76,8.76,117709
2018-07-25 09:30:00,8.78,8.8,8.575,8.605,111348
2018-07-25 10:30:00,8.61,8.625,8.55,8.59,140837
2018-07-25 11:30:00,8.6,8.68,8.5988,8.68,106091
2018-07-25 12:30:00,8.675,8.685,8.61,8.61,74675
2018-07-25 13:30:00,8.61,8.6213,8.58,8.61,75414
2018-07-25 14:30:00,8.6123,8.62,8.52,8.53,260167
2018-07-25 15:30:00,8.53,8.64,8.53,8.64,215064
2018-07-26 09:30:00,8.62,8.78,8.62,8.73,195790
2018-07-26 10:30:00,8.72,8.87,8.71,8.86,251167
2018-07-26 11:30:00,8.86,8.87,8.77,8.784,134143
2018-07-26 12:30:00,8.79,8.81,8.75,8.8,88796
2018-07-26 13:30:00,8.8,8.89,8.7962,8.89,130702
2018-07-26 14:30:00,8.88,8.89,8.84,8.88,155813
2018-07-26 15:30:00,8.88,8.91,8.87,8.9,173567
2018-07-27 09:30:00,8.95,9.085,8.95,9.06,223696
2018-07-27 10:30:00,9.06,9.12,9.055,9.12,221427
2018-07-27 11:30:00,9.115,9.15,9.09,9.1,85457
2018-07-27 12:30:00,9.095,9.1,8.94,9.05,124465
2018-07-27 13:30:00,9.04,9.05,8.95,8.965,60308
2018-07-27 14:30:00,8.965,8.99,8.94,8.94,97305
2018-07-27 15:30:00,8.94,8.99,8.94,8.95,171192
2018-07-30 09:30:00,8.98,9.12,8.93,9.0,125263
2018-07-30 10:30:00,8.9976,9.0,8.91,8.95,66015
2018-07-30 11:30:00,8.95,9.01,8.92,8.99,118058
2018-07-30 12:30:00,8.99,9.06,8.95,9.05,104705
2018-07-30 13:30:00,9.0513,9.08,9.03,9.04,71227
2018-07-30 14:30:00,9.03,9.06,9.0,9.01,134997
2018-07-30 15:30:00,9.01,9.05,8.97,8.99,182909
2018-09-04 09:30:00,8.71,8.72,8.55,8.56,232248
2018-09-04 10:30:00,8.57,8.62,8.5,8.5,232677
2018-09-04 11:30:00,8.5,8.505,8.43,8.445,144940
2018-09-04 12:30:00,8.45,8.47,8.44,8.4497,107314
2018-09-04 13:30:00,8.4436,8.45,8.42,8.44,87226
2018-09-04 14:30:00,8.44,8.45,8.4,8.405,138947
2018-09-04 15:30:00,8.4,8.405,8.34,8.38,529907
2018-09-05 09:30:00,8.35,8.41,8.31,8.3355,223983
2018-09-05 10:30:00,8.355,8.39,8.31,8.31,189082
2018-09-05 11:30:00,8.315,8.32,8.27,8.285,121246
2018-09-05 12:30:00,8.277,8.295,8.2241,8.25,93379
2018-09-05 13:30:00,8.25,8.27,8.21,8.25,76812
2018-09-05 14:30:00,8.25,8.27,8.24,8.265,100535
2018-09-05 15:30:00,8.2664,8.28,8.25,8.27,178792
2018-09-06 09:30:00,8.22,8.25,8.025,8.12,358209
2018-09-06 10:30:00,8.11,8.12,8.0,8.02,151524
2018-09-06 11:30:00,8.02,8.08,8.0,8.01,96024
2018-09-06 12:30:00,8.005,8.01,7.92,7.9701,266874
2018-09-06 13:30:00,7.96,7.97,7.91,7.91,95181
2018-09-06 14:30:00,7.92,7.94,7.855,7.88,248708
2018-09-06 15:30:00,7.87,7.88,7.83,7.86,288942
2018-09-07 09:30:00,7.83,8.08,7.76,7.86,193895
2018-09-07 10:30:00,7.86,7.9,7.85,7.87,119913
2018-09-07 11:30:00,7.87,7.91,7.785,7.8,139613
2018-09-07 12:30:00,7.795,7.81,7.78,7.78,69538
2018-09-07 13:30:00,7.78,7.82,7.78,7.8,115215
2018-09-07 14:30:00,7.8026,7.82,7.78,7.8,111070
2018-09-07 15:30:00,7.8,7.83,7.8,7.81,199208
2018-09-10 09:30:00,7.93,7.93,7.78,7.79,145126
2018-09-10 10:30:00,7.8,7.84,7.79,7.83,59336
2018-09-10 11:30:00,7.83,7.84,7.75,7.75,79839
2018-09-10 12:30:00,7.76,7.78,7.75,7.76,31146
2018-09-10 13:30:00,7.765,7.78,7.76,7.77,67642
2018-09-10 14:30:00,7.7723,7.8,7.77,7.79,95559
2018-09-10 15:30:00,7.79,7.83,7.79,7.82,211975
2018-09-11 09:30:00,7.81,7.81,7.625,7.66,167151
2018-09-11 10:30:00,7.665,7.6897,7.56,7.6897,244686
2018-09-11 11:30:00,7.685,7.7697,7.67,7.705,97234
2018-09-11 12:30:00,7.71,7.71,7.65,7.68,55943
2018-09-11 13:30:00,7.685,7.685,7.62,7.63,67177
2018-09-11 14:30:00,7.63,7.65,7.59,7.63,114686
2018-09-11 15:30:00,7.625,7.64,7.6,7.62,149738
2018-10-15 09:30:00,6.81,6.93,6.77,6.915,210553
2018-10-15 10:30:00,6.91,7.0,6.89,6.97,138831
2018-10-15 11:30:00,6.975,7.06,6.96,7.06,190870
2018-10-15 12:30:00,7.06,7.105,7.03,7.07,122170
2018-10-15 13:30:00,7.06,7.11,7.02,7.02,63863
2018-10-15 14:30:00,7.0267,7.08,6.99,6.99,131079
2018-10-15 15:30:00,6.995,7.0,6.96,6.96,178206
2018-10-16 09:30:00,7.03,7.14,6.985,7.015,154117
2018-10-16 10:30:00,7.015,7.09,7.01,7.08,75233
2018-10-16 11:30:00,7.09,7.12,7.06,7.09,73664
2018-10-16 12:30:00,7.09,7.13,7.085,7.115,121835
2018-10-16 13:30:00,7.115,7.16,7.095,7.145,151294
2018-10-16 14:30:00,7.145,7.16,7.1232,7.135,127699
2018-10-16 15:30:00,7.1338,7.16,7.13,7.15,230071
2018-10-17 09:30:00,7.29,7.36,7.13,7.17,162058
2018-10-17 10:30:00,7.17,7.19,7.06,7.075,156719
2018-10-17 11:30:00,7.08,7.16,7.055,7.15,189149
2018-10-17 12:30:00,7.15,7.2,6.88,6.965,475810
2018-10-17 13:30:00,6.965,7.04,6.79,6.8,578083
2018-10-17 14:30:00,6.81,6.85,6.77,6.775,370642
2018-10-17 15:30:00,6.77,6.77,6.71,6.71,397516
2018-10-18 09:30:00,6.61,6.76,6.3,6.38,732679
2018-10-18 10:30:00,6.385,6.41,6.36,6.39,312634
2018-10-18 11:30:00,6.38,6.415,6.31,6.4,281653
2018-10-18 12:30:00,6.395,6.42,6.345,6.36,325617
2018-10-18 13:30:00,6.35,6.38,6.35,6.35,180666
2018-10-18 14:30:00,6.35,6.4,6.33,6.335,299459
2018-10-18 15:30:00,6.33,6.3309,6.28,6.29,416566
2018-10-19 09:30:00,6.3,6.385,6.26,6.36,157049
2018-10-19 10:30:00,6.36,6.36,6.25,6.26,100866
2018-10-19 11:30:00,6.255,6.26,6.1099,6.14,327164
2018-10-19 12:30:00,6.135,6.175,6.1,6.16,96161
2018-10-19 13:30:00,6.16,6.21,6.12,6.175,128870
2018-10-19 14:30:00,6.17,6.2,6.11,6.115,182050
2018-10-19 15:30:00,6.11,6.12,6.08,6.1,361972
2018-10-22 09:30:00,6.15,6.2,6.095,6.11,140567
2018-10-22 10:30:00,6.105,6.17,6.1,6.12,95054
2018-10-22 11:30:00,6.11,6.15,6.05,6.07,187194
2018-10-22 12:30:00,6.065,6.17,6.06,6.105,199665
2018-10-22 13:30:00,6.1,6.14,6.1,6.12,180357
2018-10-22 14:30:00,6.11,6.2,6.11,6.175,120237
2018-10-22 15:30:00,6.1799,6.19,6.14,6.14,162157
2018-10-23 09:30:00,6.0,6.11,5.91,6.09,431549
2018-10-23 10:30:00,6.1,6.24,6.08,6.235,293289
2018-10-23 11:30:00,6.235,6.29,6.19,6.28,153087
2018-10-23 12:30:00,6.275,6.31,6.225,6.23,152493
2018-10-23 13:30:00,6.24,6.24,6.19,6.195,111944
2018-10-23 14:30:00,6.2,6.2476,6.2,6.23,154023
2018-10-23 15:30:00,6.225,6.2374,6.16,6.17,232227
2018-10-24 09:30:00,6.12,6.16,5.97,5.99,549689
2018-10-24 10:30:00,5.985,6.02,5.92,5.93,191530
2018-10-24 11:30:00,5.925,5.97,5.905,5.96,144313
2018-10-24 12:30:00,5.96,5.965,5.87,5.88,135101
2018-10-24 13:30:00,5.875,5.885,5.84,5.87,154767
2018-10-24 14:30:00,5.88,5.9,5.78,5.785,177266
2018-10-24 15:30:00,5.78,5.81,5.72,5.735,285182
2018-10-25 09:30:00,5.74,5.88,5.74,5.85,292711
2018-10-25 10:30:00,5.86,5.9,5.82,5.9,173547
2018-10-25 11:30:00,5.9,5.91,5.835,5.85,169257
2018-10-25 12:30:00,5.855,5.93,5.854,5.905,171955
2018-10-25 13:30:00,5.9051,5.94,5.86,5.935,142593
2018-10-25 14:30:00,5.9358,6.02,5.92,6.01,214231
2018-10-25 15:30:00,6.02,6.0399,5.995,6.03,278516
2018-10-26 09:30:00,5.9,5.99,5.83,5.91,242655
2018-10-26 10:30:00,5.91,5.98,5.84,5.97,178746
2018-10-26 11:30:00,5.98,6.04,5.9775,6.02,147307
2018-10-26 12:30:00,6.025,6.13,6.025,6.085,130818
2018-10-26 13:30:00,6.085,6.1,6.03,6.065,125480
2018-10-26 14:30:00,6.07,6.07,5.985,6.01,188478
2018-10-26 15:30:00,6.01,6.03,5.97,5.97,192742
2018-10-29 09:30:00,6.15,6.3,6.0342,6.1599,271415
2018-10-29 10:30:00,6.145,6.17,6.11,6.135,172232
2018-10-29 11:30:00,6.1363,6.21,6.1,6.1,152596
2018-10-29 12:30:00,6.1024,6.185,6.1,6.15,99494
2018-10-29 13:30:00,6.155,6.195,6.06,6.07,97659
2018-10-29 14:30:00,6.07,6.09,5.97,5.99,147616
2018-10-29 15:30:00,5.99,6.05,5.92,6.035,275959
2018-11-02 09:30:00,7.31,7.46,7.25,7.25,325161
2018-11-02 10:30:00,7.255,7.335,7.2,7.28,182411
2018-11-02 11:30:00,7.2836,7.34,7.2,7.22,116225
2018-11-02 12:30:00,7.223,7.225,7.15,7.18,135356
2018-11-02 13:30:00,7.18,7.185,7.1,7.135,187315
2018-11-02 14:30:00,7.13,7.185,7.11,7.16,183501
2018-11-02 15:30:00,7.16,7.17,7.13,7.14,227813
2018-11-05 09:30:00,7.13,7.17,6.91,6.92,187280
2018-11-05 10:30:00,6.93,6.97,6.87,6.88,134068
2018-11-05 11:30:00,6.9033,6.97,6.88,6.9295,119342
2018-11-05 12:30:00,6.935,6.9397,6.85,6.91,92133
2018-11-05 13:30:00,6.91,6.98,6.885,6.975,101926
2018-11-05 14:30:00,6.9738,7.0,6.96,6.96,144423
2018-11-05 15:30:00,6.97,7.0,6.95,6.99,205012
2018-11-06 09:30:00,7.0,7.15,6.91,7.06,135452
2018-11-06 10:30:00,7.065,7.15,7.01,7.025,162172
2018-11-06 11:30:00,7.025,7.11,7.0,7.09,125620
2018-11-06 12:30:00,7.09,7.14,7.06,7.105,94034
2018-11-06 13:30:00,7.105,7.14,7.03,7.05,125239
2018-11-06 14:30:00,7.05,7.1,7.03,7.03,156905
2018-11-06 15:30:00,7.03,7.07,7.03,7.05,225147
2018-11-07 09:30:00,7.1,7.1,6.895,6.9399,238648
2018-11-07 10:30:00,6.94,7.015,6.93,7.005,178089
2018-11-07 11:30:00,7.0,7.04,6.95,6.96,85886
2018-11-07 12:30:00,6.9651,7.04,6.95,7.0,63210
2018-11-07 13:30:00,7.0,7.005,6.95,6.97,79166
2018-11-07 14:30:00,6.97,7.04,6.97,7.03,93965
2018-11-07 15:30:00,7.0325,7.06,7.03,7.06,133332
2018-11-08 09:30:00,6.99,7.13,6.97,7.08,89924
2018-11-08 10:30:00,7.07,7.085,7.03,7.06,73411
2018-11-08 11:30:00,7.06,7.095,7.04,7.08,48564
2018-11-08 12:30:00,7.0806,7.09,7.01,7.03,77606
2018-11-08 13:30:00,7.04,7.06,7.01,7.02,54467
2018-11-08 14:30:00,7.03,7.04,6.99,7.01,75672
2018-11-08 15:30:00,7.01,7.04,7.0,7.04,109468
2018-11-09 09:30:00,6.91,6.9977,6.735,6.76,238500
2018-11-09 10:30:00,6.76,6.83,6.73,6.76,196975
2018-11-09 11:30:00,6.7666,6.81,6.7548,6.79,65434
2018-11-09 12:30:00,6.79,6.84,6.77,6.79,73907
2018-11-09 13:30:00,6.78,6.78,6.72,6.745,112921
2018-11-09 14:30:00,6.74,6.745,6.7,6.72,188927
2018-11-09 15:30:00,6.725,6.73,6.71,6.72,280569
2018-11-12 09:30:00,6.65,6.69,6.5,6.54,150583
2018-11-12 10:30:00,6.55,6.55,6.45,6.49,117016
2018-11-12 11:30:00,6.495,6.61,6.495,6.58,123603
2018-11-12 12:30:00,6.58,6.61,6.54,6.555,76192
2018-11-12 13:30:00,6.555,6.59,6.54,6.57,59987
2018-11-12 14:30:00,6.57,6.61,6.54,6.57,105517
2018-11-12 15:30:00,6.57,6.57,6.5,6.5,186871
2018-12-03 09:30:00,7.0,7.125,6.94,6.985,146067
2018-12-03 10:30:00,6.985,7.01,6.915,6.94,125151
2018-12-03 11:30:00,6.94,6.97,6.875,6.954,71169
2018-12-03 12:30:00,6.96,6.995,6.94,6.995,44822
2018-12-03 13:30:00,6.99,6.995,6.93,6.975,46746
2018-12-03 14:30:00,6.98,6.99,6.94,6.965,80818
2018-12-03 15:30:00,6.97,6.99,6.955,6.97,96647
2018-12-04 09:30:00,6.9,6.96,6.74,6.775,105901
2018-12-04 10:30:00,6.775,6.78,6.69,6.705,69325
2018-12-04 11:30:00,6.71,6.72,6.61,6.615,81902
2018-12-04 12:30:00,6.615,6.66,6.58,6.61,82799
2018-12-04 13:30:00,6.6,6.71,6.59,6.655,73315
2018-12-04 14:30:00,6.655,6.7,6.59,6.595,92415
2018-12-04 15:30:00,6.59,6.62,6.56,6.57,183558
2018-12-06 09:30:00,6.41,6.65,6.32,6.47,197740
2018-12-06 10:30:00,6.4699,6.475,6.35,6.35,87915
2018-12-06 11:30:00,6.35,6.46,6.345,6.455,139321
2018-12-06 12:30:00,6.45,6.49,6.375,6.3766,69259
2018-12-06 13:30:00,6.37,6.43,6.35,6.4,116269
2018-12-06 14:30:00,6.4,6.4,6.335,6.365,105291
2018-12-06 15:30:00,6.36,6.38,6.34,6.38,177552
2018-12-07 09:30:00,6.41,6.4715,6.34,6.41,104260
2018-12-07 10:30:00,6.41,6.45,6.33,6.35,47759
2018-12-07 11:30:00,6.35,6.35,6.25,6.27,97181
2018-12-07 12:30:00,6.27,6.315,6.225,6.24,73981
2018-12-07 13:30:00,6.2488,6.26,6.19,6.22,67724
2018-12-07 14:30:00,6.22,6.22,6.13,6.17,108525
2018-12-07 15:30:00,6.16,6.235,6.16,6.17,264839
2018-12-10 09:30:00,6.14,6.265,6.115,6.19,122187
2018-12-10 10:30:00,6.1891,6.205,6.115,6.145,111686
2018-12-10 11:30:00,6.15,6.29,6.15,6.255,172623
2018-12-10 12:30:00,6.255,6.385,6.2461,6.32,199299
2018-12-10 13:30:00,6.315,6.365,6.26,6.295,103716
2018-12-10 14:30:00,6.295,6.35,6.265,6.3,92211
2018-12-10 15:30:00,6.3,6.33,6.29,6.3,97510
2018-12-11 09:30:00,6.41,6.52,6.35,6.51,127554
2018-12-11 10:30:00,6.5115,6.52,6.365,6.395,72049
2018-12-11 11:30:00,6.39,6.39,6.3,6.33,42797
2018-12-11 12:30:00,6.32,6.36,6.27,6.275,48813
2018-12-11 13:30:00,6.27,6.34,6.221,6.3352,77073
2018-12-11 14:30:00,6.34,6.385,6.29,6.36,97394
2018-12-11 15:30:00,6.36,6.37,6.29,6.3,82724
2019-01-14 09:30:00,7.38,7.4053,7.26,7.32,93537
2019-01-14 10:30:00,7.315,7.3879,7.28,7.35,89978
2019-01-14 11:30:00,7.34,7.43,7.3329,7.43,98520
2019-01-14 12:30:00,7.42,7.46,7.37,7.44,106393
2019-01-14 13:30:00,7.433,7.4554,7.43,7.44,64908
2019-01-14 14:30:00,7.44,7.44,7.39,7.415,85946
2019-01-14 15:30:00,7.415,7.42,7.37,7.37,213186
2019-01-15 09:30:00,7.41,7.48,7.36,7.39,107319
2019-01-15 10:30:00,7.39,7.4,7.325,7.365,93021
2019-01-15 11:30:00,7.3713,7.3713,7.32,7.33,84116
2019-01-15 12:30:00,7.34,7.35,7.31,7.335,49943
2019-01-15 13:30:00,7.338,7.38,7.3,7.305,66078
2019-01-15 14:30:00,7.305,7.38,7.3,7.35,88135
2019-01-15 15:30:00,7.345,7.38,7.34,7.37,90008
2019-01-16 09:30:00,7.44,7.53,7.39,7.42,85805
2019-01-16 10:30:00,7.43,7.48,7.385,7.439,44380
2019-01-16 11:30:00,7.445,7.455,7.32,7.3393,66880
2019-01-16 12:30:00,7.34,7.38,7.32,7.32,39546
2019-01-16 13:30:00,7.32,7.33,7.29,7.3,70841
2019-01-16 14:30:00,7.3,7.3984,7.285,7.3,115698
2019-01-16 15:30:00,7.295,7.3,7.26,7.27,158461
2019-01-17 09:30:00,7.2,7.31,7.17,7.24,207881
2019-01-17 10:30:00,7.23,7.24,7.14,7.15,101003
2019-01-17 11:30:00,7.14,7.185,7.12,7.12,140358
2019-01-17 12:30:00,7.125,7.15,7.1,7.11,140990
2019-01-17 13:30:00,7.1189,7.12,7.085,7.09,63110
2019-01-17 14:30:00,7.095,7.24,7.095,7.24,105295
2019-01-17 15:30:00,7.24,7.25,7.19,7.22,149402
2019-01-18 09:30:00,7.29,7.44,7.28,7.44,150284
2019-01-18 10:30:00,7.44,7.52,7.42,7.485,103198
2019-01-18 11:30:00,7.5,7.555,7.46,7.54,75403
2019-01-18 12:30:00,7.55,7.55,7.5,7.505,37045
2019-01-18 13:30:00,7.51,7.51,7.44,7.46,70342
2019-01-18 14:30:00,7.465,7.5,7.45,7.48,42966
2019-01-18 15:30:00,7.48,7.5,7.47,7.49,87592
2019-01-22 09:30:00,7.44,7.47,7.26,7.35,128579
2019-01-22 10:30:00,7.34,7.385,7.29,7.33,80672
2019-01-22 11:30:00,7.33,7.34,7.275,7.3,83803
2019-01-22 12:30:00,7.31,7.33,7.24,7.27,52865
2019-01-22 13:30:00,7.27,7.31,7.265,7.27,74068
2019-01-22 14:30:00,7.27,7.29,7.235,7.26,110275
2019-01-22 15:30:00,7.26,7.3101,7.25,7.29,122247
2019-01-24 09:30:00,7.28,7.51,7.28,7.49,166954
2019-01-24 10:30:00,7.49,7.5,7.375,7.45,104905
2019-01-24 11:30:00,7.46,7.49,7.39,7.4,67589
2019-01-24 12:30:00,7.41,7.41,7.32,7.3452,67013
2019-01-24 13:30:00,7.35,7.38,7.34,7.37,36115
2019-01-24 14:30:00,7.36,7.38,7.35,7.365,54868
2019-01-24 15:30:00,7.37,7.395,7.35,7.38,90706
2019-01-25 09:30:00,7.44,7.61,7.44,7.6,119921
2019-01-25 10:30:00,7.61,7.63,7.59,7.61,77605
2019-01-25 11:30:00,7.61,7.72,7.6,7.715,86834
2019-01-25 12:30:00,7.72,7.79,7.69,7.77,114776
2019-01-25 13:30:00,7.78,7.8,7.73,7.74,123209
2019-01-25 14:30:00,7.74,7.785,7.73,7.745,73611
2019-01-25 15:30:00,7.745,7.765,7.73,7.75,142220
2019-01-28 09:30:00,7.57,7.79,7.5,7.78,157368
2019-01-28 10:30:00,7.78,7.825,7.77,7.82,86592
2019-01-28 11:30:00,7.83,7.83,7.7,7.7561,86917
2019-01-28 12:30:00,7.76,7.79,7.74,7.76,70310
2019-01-28 13:30:00,7.77,7.82,7.765,7.81,54130
2019-01-28 14:30:00,7.815,7.83,7.79,7.83,85406
2019-01-28 15:30:00,7.83,7.84,7.81,7.82,113129
2019-01-29 09:30:00,7.85,7.89,7.71,7.77,133473
2019-01-29 10:30:00,7.77,7.79,7.7261,7.77,65355
2019-01-29 11:30:00,7.78,7.78,7.71,7.75,69514
2019-01-29 12:30:00,7.75,7.8,7.73,7.79,79998
2019-01-29 13:30:00,7.79,7.81,7.78,7.81,48428
2019-01-29 14:30:00,7.81,7.82,7.76,7.79,64741
2019-01-29 15:30:00,7.785,7.81,7.78,7.79,133053
2019-01-30 09:30:00,7.88,7.94,7.789,7.8985,127440
2019-01-30 10:30:00,7.89,7.91,7.76,7.7809,83543
2019-01-30 11:30:00,7.78,7.88,7.7501,7.86,84822
2019-01-30 12:30:00,7.86,7.89,7.83,7.86,68553
2019-01-30 13:30:00,7.86,8.0,7.85,7.965,71145
2019-01-30 14:30:00,7.97,8.01,7.93,7.97,163806
2019-01-30 15:30:00,7.96,7.9758,7.91,7.92,144791
2019-01-31 09:30:00,7.9,8.0,7.81,8.0,129632
2019-01-31 10:30:00,8.0,8.04,7.95,7.96,108382
2019-01-31 11:30:00,7.98,8.08,7.969,8.05,70029
2019-01-31 12:30:00,8.06,8.08,8.04,8.055,46003
2019-01-31 13:30:00,8.05,8.07,8.02,8.04,45670
2019-01-31 14:30:00,8.04,8.05,7.94,7.9551,101847
2019-01-31 15:30:00,7.98,8.02,7.97,8.0,172817
2019-02-01 09:30:00,8.02,8.15,7.99,8.11,221549
2019-02-01 10:30:00,8.1001,8.16,8.075,8.1107,129570
2019-02-01 11:30:00,8.125,8.16,8.1,8.15,80220
2019-02-01 12:30:00,8.15,8.16,8.1,8.135,63100
2019-02-01 13:30:00,8.13,8.17,8.11,8.165,65693
2019-02-01 14:30:00,8.165,8.17,8.09,8.1,89105
2019-02-01 15:30:00,8.1,8.15,8.09,8.13,150495
2019-02-04 09:30:00,8.15,8.22,8.12,8.12,167498
2019-02-04 10:30:00,8.12,8.16,8.095,8.16,55470
2019-02-04 11:30:00,8.16,8.21,8.14,8.2,65916
2019-02-04 12:30:00,8.19,8.19,8.16,8.175,37322
2019-02-04 13:30:00,8.175,8.19,8.14,8.19,56181
2019-02-04 14:30:00,8.18,8.22,8.18,8.215,73389
2019-02-04 15:30:00,8.215,8.22,8.18,8.22,161476
2019-03-11 09:30:00,8.53,8.62,8.49,8.57,122694
2019-03-11 10:30:00,8.5937,8.6,8.56,8.57,120672
2019-03-11 11:30:00,8.58,8.59,8.53,8.5601,75458
2019-03-11 12:30:00,8.57,8.61,8.55,8.605,68546
2019-03-11 13:30:00,8.605,8.62,8.59,8.62,69977
2019-03-11 14:30:00,8.61,8.66,8.61,8.635,85139
2019-03-11 15:30:00,8.64,8.66,8.61,8.63,167132
2019-03-12 09:30:00,8.7,8.99,8.615,8.6999,147542
2019-03-12 10:30:00,8.7,8.73,8.67,8.6986,78375
2019-03-12 11:30:00,8.7,8.8,8.6901,8.79,61759
2019-03-12 12:30:00,8.78,8.79,8.73,8.73,23017
2019-03-12 13:30:00,8.7301,8.78,8.72,8.74,60921
2019-03-12 14:30:00,8.74,8.75,8.69,8.72,53087
2019-03-12 15:30:00,8.71,8.73,8.68,8.73,97834
2019-03-13 09:30:00,8.76,8.85,8.67,8.6803,73413
2019-03-13 10:30:00,8.68,8.69,8.6275,8.65,131934
2019-03-13 11:30:00,8.65,8.65,8.56,8.575,106863
2019-03-13 12:30:00,8.575,8.64,8.56,8.63,41660
2019-03-13 13:30:00,8.635,8.66,8.615,8.635,53094
2019-03-13 14:30:00,8.63,8.6339,8.58,8.59,64274
2019-03-13 15:30:00,8.58,8.61,8.58,8.59,128537
2019-03-14 09:30:00,8.6,8.74,8.5626,8.66,87537
2019-03-14 10:30:00,8.66,8.66,8.575,8.61,40413
2019-03-14 11:30:00,8.61,8.65,8.585,8.63,43804
2019-03-14 12:30:00,8.63,8.64,8.59,8.595,44065
2019-03-14 13:30:00,8.6,8.61,8.575,8.6,39546
2019-03-14 14:30:00,8.6044,8.63,8.584,8.615,57289
2019-03-14 15:30:00,8.615,8.64,8.59,8.59,180534
2019-03-15 09:30:00,8.69,8.89,8.62,8.87,623233
2019-03-15 10:30:00,8.8679,8.89,8.81,8.81,99200
2019-03-15 11:30:00,8.8101,8.85,8.79,8.81,66172
2019-03-15 12:30:00,8.81,8.81,8.76,8.78,44974
2019-03-15 13:30:00,8.78,8.8,8.77,8.7916,44944
2019-03-15 14:30:00,8.8,8.8,8.77,8.775,46317
2019-03-15 15:30:00,8.77,8.7803,8.75,8.77,138127
2019-03-18 09:30:00,8.74,8.83,8.73,8.75,82736
2019-03-18 10:30:00,8.7465,8.81,8.69,8.69,70403
2019-03-18 11:30:00,8.69,8.7,8.63,8.65,37372
2019-03-18 12:30:00,8.645,8.74,8.645,8.735,57153
2019-03-18 13:30:00,8.7373,8.745,8.68,8.6807,35672
2019-03-18 14:30:00,8.685,8.72,8.68,8.7,48279
2019-03-18 15:30:00,8.705,8.75,8.69,8.69,171421
2019-03-19 09:30:00,8.74,8.82,8.72,8.79,66362
2019-03-19 10:30:00,8.79,8.81,8.73,8.77,39366
2019-03-19 11:30:00,8.76,8.84,8.76,8.8,109532
2019-03-19 12:30:00,8.81,8.82,8.73,8.7556,59005
2019-03-19 13:30:00,8.75,8.77,8.7301,8.76,55095
2019-03-19 14:30:00,8.765,8.78,8.73,8.75,48872
2019-03-19 15:30:00,8.745,8.76,8.71,8.72,138751
2019-04-15 09:30:00,9.1,9.1685,9.08,9.08,66191
2019-04-15 10:30:00,9.08,9.1,9.02,9.09,131673
2019-04-15 11:30:00,9.1,9.17,9.075,9.11,198608
2019-04-15 12:30:00,9.11,9.12,9.07,9.11,69785
2019-04-15 13:30:00,9.11,9.11,9.095,9.11,17054
2019-04-15 14:30:00,9.11,9.11,9.09,9.1,48681
2019-04-15 15:30:00,9.1,9.1,9.04,9.045,192079
2019-04-16 09:30:00,9.08,9.24,9.0446,9.16,130229
2019-04-16 10:30:00,9.16,9.17,9.09,9.1,48098
2019-04-16 11:30:00,9.1,9.11,9.08,9.09,47314
2019-04-16 12:30:00,9.09,9.1,9.08,9.1,30445
2019-04-16 13:30:00,9.095,9.1,9.07,9.08,33680
2019-04-16 14:30:00,9.0812,9.095,9.06,9.065,66707
2019-04-16 15:30:00,9.065,9.07,9.01,9.03,136849
2019-04-17 09:30:00,9.14,9.19,9.02,9.05,164741
2019-04-17 10:30:00,9.04,9.055,8.99,9.0075,67406
2019-04-17 11:30:00,8.99,9.04,8.96,9.0398,58677
2019-04-17 12:30:00,9.04,9.05,9.0,9.03,55197
2019-04-17 13:30:00,9.02,9.05,8.96,8.975,66859
2019-04-17 14:30:00,8.98,9.06,8.98,9.055,51556
2019-04-17 15:30:00,9.06,9.06,9.03,9.04,124804
2019-04-18 09:30:00,9.03,9.15,9.02,9.03,110813
2019-04-18 10:30:00,9.025,9.03,9.0,9.01,82918
2019-04-18 11:30:00,9.02,9.09,9.01,9.085,66039
2019-04-18 12:30:00,9.085,9.095,9.04,9.05,61652
2019-04-18 13:30:00,9.045,9.05,9.035,9.05,42048
2019-04-18 14:30:00,9.05,9.05,9.04,9.04,70203
2019-04-18 15:30:00,9.03,9.05,9.02,9.04,161739
2019-04-22 09:30:00,8.95,9.02,8.895,8.91,117814
2019-04-22 10:30:00,8.91,8.96,8.9,8.94,59288
2019-04-22 11:30:00,8.9344,8.97,8.91,8.97,40645
2019-04-22 12:30:00,8.97,8.98,8.92,8.93,34088
2019-04-22 13:30:00,8.93,8.93,8.89,8.91,36267
2019-04-22 14:30:00,8.9,8.92,8.88,8.92,55066
2019-04-22 15:30:00,8.92,8.92,8.88,8.9,74432
2019-04-23 09:30:00,8.9,9.01,8.88,8.99,131220
2019-04-23 10:30:00,8.995,9.0,8.92,8.94,67900
2019-04-23 11:30:00,8.95,9.0,8.94,8.98,50678
2019-04-23 12:30:00,8.99,9.17,8.98,9.11,232399
2019-04-23 13:30:00,9.11,9.12,9.06,9.1,60451
2019-04-23 14:30:00,9.11,9.11,9.04,9.06,73642
2019-04-23 15:30:00,9.065,9.07,9.02,9.02,110372
2019-04-25 09:30:00,9.5,9.74,9.46,9.58,326781
2019-04-25 10:30:00,9.575,9.58,9.4867,9.52,230479
2019-04-25 11:30:00,9.53,9.54,9.485,9.505,79566
2019-04-25 12:30:00,9.5,9.55,9.5,9.51,72076
2019-04-25 13:30:00,9.51,9.51,9.43,9.48,53494
2019-04-25 14:30:00,9.475,9.4763,9.39,9.41,59339
2019-04-25 15:30:00,9.41,9.42,9.39,9.4,78413
2019-04-26 09:30:00,9.31,9.3402,9.16,9.24,142154
2019-04-26 10:30:00,9.24,9.265,9.15,9.255,158211
2019-04-26 11:30:00,9.255,9.26,9.15,9.16,125667
2019-04-26 12:30:00,9.16,9.19,9.12,9.1506,115602
2019-04-26 13:30:00,9.15,9.1504,9.11,9.1403,171214
2019-04-26 14:30:00,9.14,9.15,9.1,9.115,146434
2019-04-26 15:30:00,9.115,9.17,9.105,9.17,162629
2019-04-29 09:30:00,9.13,9.24,9.06,9.12,153164
2019-04-29 10:30:00,9.125,9.18,9.11,9.13,94750
2019-04-29 11:30:00,9.13,9.16,9.12,9.16,51596
2019-04-29 12:30:00,9.1551,9.16,9.1,9.1,84863
2019-04-29 13:30:00,9.11,9.15,9.11,9.1279,42202
2019-04-29 14:30:00,9.127,9.17,9.11,9.14,87312
2019-04-29 15:30:00,9.135,9.14,9.1,9.11,131861
2019-04-30 09:30:00,9.11,9.18,9.07,9.0861,138632
2019-04-30 10:30:00,9.085,9.11,8.99,8.99,161734
2019-04-30 11:30:00,8.995,9.05,8.995,9.0,38185
2019-04-30 12:30:00,9.0,9.07,9.0,9.03,48706
2019-04-30 13:30:00,9.03,9.045,9.03,9.03,71359
2019-04-30 14:30:00,9.035,9.04,9.01,9.02,71396
2019-04-30 15:30:00,9.03,9.0699,9.01,9.05,118302
2019-05-01 09:30:00,8.95,9.26,8.95,9.07,170636
2019-05-01 10:30:00,9.06,9.09,9.025,9.09,96855
2019-05-01 11:30:00,9.085,9.13,9.05,9.0621,70361
2019-05-01 12:30:00,9.07,9.09,9.03,9.07,52697
2019-05-01 13:30:00,9.0733,9.09,9.04,9.085,61728
2019-05-01 14:30:00,9.09,9.09,8.97,8.99,89925
2019-05-01 15:30:00,8.99,8.99,8.94,8.97,161578
2019-05-02 09:30:00,8.97,9.09,8.93,9.03,77341
2019-05-02 10:30:00,9.035,9.07,8.94,8.95,69358
2019-05-02 11:30:00,8.95,9.0,8.88,8.98,92062
2019-05-02 12:30:00,8.9865,8.99,8.95,8.98,31806
2019-05-02 13:30:00,8.98,9.03,8.93,8.94,127991
2019-05-02 14:30:00,8.93,9.01,8.92,8.99,86098
2019-05-02 15:30:00,8.98,9.01,8.93,8.97,175417
2019-05-03 09:30:00,8.91,9.08,8.58,8.7369,286379
2019-05-03 10:30:00,8.72,8.75,8.65,8.71,212466
2019-05-03 11:30:00,8.71,8.73,8.41,8.46,239828
2019-05-03 12:30:00,8.46,8.51,8.37,8.3999,168584
2019-05-03 13:30:00,8.395,8.515,8.34,8.475,271263
2019-05-03 14:30:00,8.475,8.4811,8.38,8.41,202685
2019-05-03 15:30:00,8.41,8.42,8.38,8.41,294372
2019-05-06 09:30:00,8.2,8.28,8.15,8.17,306528
2019-05-06 10:30:00,8.1728,8.175,8.09,8.1,292042
2019-05-06 11:30:00,8.105,8.14,8.0,8.005,136892
2019-05-06 12:30:00,8.0,8.03,7.96,7.96,132998
2019-05-06 13:30:00,7.965,8.05,7.91,8.05,280472
2019-05-06 14:30:00,8.05,8.13,8.03,8.03,260940
2019-05-06 15:30:00,8.035,8.05,7.99,8.0,358826
2019-05-13 09:30:00,7.28,7.37,7.08,7.1,305985
2019-05-13 10:30:00,7.09,7.14,7.03,7.035,148863
2019-05-13 11:30:00,7.04,7.07,7.0,7.04,140748
2019-05-13 12:30:00,7.04,7.08,7.02,7.04,134914
2019-05-13 13:30:00,7.035,7.16,7.03,7.15,180189
2019-05-13 14:30:00,7.15,7.23,7.1,7.14,349949
2019-05-13 15:30:00,7.15,7.15,7.09,7.14,290042
2019-05-14 09:30:00,7.2,7.33,7.14,7.33,107943
2019-05-14 10:30:00,7.33,7.35,7.29,7.33,132498
2019-05-14 11:30:00,7.33,7.343,7.29,7.305,65608
2019-05-14 12:30:00,7.3118,7.33,7.29,7.295,85255
2019-05-14 13:30:00,7.29,7.31,7.26,7.2844,107217
2019-05-14 14:30:00,7.285,7.3,7.23,7.265,102303
2019-05-14 15:30:00,7.265,7.265,7.19,7.21,186897
2019-05-15 09:30:00,7.13,7.2,7.12,7.2,101675
2019-05-15 10:30:00,7.2,7.23,7.18,7.23,58975
2019-05-15 11:30:00,7.23,7.27,7.21,7.215,49653
2019-05-15 12:30:00,7.22,7.25,7.21,7.24,45384
2019-05-15 13:30:00,7.235,7.28,7.2336,7.2769,52325
2019-05-15 14:30:00,7.275,7.35,7.255,7.3443,145116
2019-05-15 15:30:00,7.345,7.35,7.3,7.3,142586
2019-05-16 09:30:00,7.26,7.3,7.17,7.18,230948
2019-05-16 10:30:00,7.17,7.25,7.17,7.22,127140
2019-05-16 11:30:00,7.22,7.27,7.21,7.259,100357
2019-05-16 12:30:00,7.26,7.27,7.245,7.26,59541
2019-05-16 13:30:00,7.255,7.275,7.21,7.27,203992
2019-05-16 14:30:00,7.28,7.33,7.245,7.265,136679
2019-05-16 15:30:00,7.26,7.27,7.245,7.26,189403
2019-05-17 09:30:00,6.96,7.28,6.96,7.2,144010
2019-05-17 10:30:00,7.2,7.27,7.185,7.2,111182
2019-05-17 11:30:00,7.21,7.22,7.16,7.16,106715
2019-05-17 12:30:00,7.16,7.19,7.15,7.155,111638
2019-05-17 13:30:00,7.155,7.19,7.15,7.16,99370
2019-05-17 14:30:00,7.16,7.21,7.16,7.17,156978
2019-05-17 15:30:00,7.17,7.19,7.16,7.16,255437
2019-05-20 09:30:00,7.06,7.13,7.03,7.07,298853
2019-05-20 10:30:00,7.07,7.11,7.045,7.07,262826
2019-05-20 11:30:00,7.07,7.1,7.05,7.07,145531
2019-05-20 12:30:00,7.06,7.09,7.05,7.085,118310
2019-05-20 13:30:00,7.085,7.09,7.05,7.06,205224
2019-05-20 14:30:00,7.06,7.1,7.055,7.07,359739
2019-05-20 15:30:00,7.06,7.105,7.04,7.04,358036
2019-05-21 09:30:00,7.16,7.23,7.11,7.17,144895
2019-05-21 10:30:00,7.17,7.2,7.155,7.195,153823
2019-05-21 11:30:00,7.195,7.2,7.11,7.115,119553
2019-05-21 12:30:00,7.12,7.12,7.07,7.08,96502
2019-05-21 13:30:00,7.075,7.0836,7.04,7.055,71796
2019-05-21 14:30:00,7.055,7.06,7.0,7.015,138039
2019-05-21 15:30:00,7.015,7.02,6.99,7.01,225618
2019-06-10 09:30:00,7.17,7.46,7.17,7.435,232881
2019-06-10 10:30:00,7.43,7.465,7.4,7.455,121757
2019-06-10 11:30:00,7.46,7.49,7.41,7.425,74806
2019-06-10 12:30:00,7.42,7.44,7.41,7.435,82974
2019-06-10 13:30:00,7.44,7.44,7.29,7.37,282327
2019-06-10 14:30:00,7.37,7.415,7.35,7.375,105549
2019-06-10 15:30:00,7.37,7.41,7.36,7.41,137874
2019-06-11 09:30:00,7.51,7.53,7.42,7.4525,75850
2019-06-11 10:30:00,7.46,7.51,7.45,7.49,86980
2019-06-11 11:30:00,7.495,7.5,7.41,7.415,77647
2019-06-11 12:30:00,7.42,7.44,7.335,7.355,83971
2019-06-11 13:30:00,7.355,7.38,7.34,7.3535,82637
2019-06-11 14:30:00,7.35,7.36,7.33,7.345,93080
2019-06-11 15:30:00,7.3475,7.38,7.34,7.36,141335
2019-06-12 09:30:00,7.36,7.38,7.21,7.2399,86782
2019-06-12 10:30:00,7.245,7.245,7.15,7.1978,91196
2019-06-12 11:30:00,7.19,7.21,7.15,7.2,48536
2019-06-12 12:30:00,7.21,7.25,7.2,7.215,41509
2019-06-12 13:30:00,7.22,7.26,7.215,7.245,38857
2019-06-12 14:30:00,7.2462,7.27,7.23,7.24,58006
2019-06-12 15:30:00,7.245,7.25,7.2,7.2,148567
2019-06-13 09:30:00,7.25,7.34,7.19,7.25,63541
2019-06-13 10:30:00,7.25,7.285,7.23,7.245,41612
2019-06-13 11:30:00,7.25,7.26,7.22,7.22,78127
2019-06-13 12:30:00,7.22,7.25,7.2,7.245,29146
2019-06-13 13:30:00,7.245,7.26,7.23,7.24,35550
2019-06-13 14:30:00,7.24,7.25,7.22,7.225,65313
2019-06-13 15:30:00,7.23,7.26,7.22,7.25,119177
2019-06-14 09:30:00,7.13,7.19,7.02,7.06,216801
2019-06-14 10:30:00,7.07,7.08,6.98,7.0025,126252
2019-06-14 11:30:00,7.0,7.01,6.905,6.91,106515
2019-06-14 12:30:00,6.91,6.9226,6.85,6.85,118278
2019-06-14 13:30:00,6.85,6.86,6.81,6.835,112836
2019-06-14 14:30:00,6.84,6.87,6.83,6.865,62822
2019-06-14 15:30:00,6.865,6.9,6.85,6.86,152449
2019-06-17 09:30:00,6.93,7.0,6.865,6.97,107025
2019-06-17 10:30:00,6.98,7.0,6.965,6.985,55034
2019-06-17 11:30:00,6.99,6.99,6.95,6.967,65458
2019-06-17 12:30:00,6.97,6.97,6.95,6.955,45908
2019-06-17 13:30:00,6.96,6.97,6.955,6.9666,52129
2019-06-17 14:30:00,6.965,6.97,6.91,6.91,67061
2019-06-17 15:30:00,6.91,6.92,6.85,6.85,135264
2019-06-18 09:30:00,6.93,7.13,6.86,7.095,201458
2019-06-18 10:30:00,7.1,7.17,7.095,7.14,126257
2019-06-18 11:30:00,7.13,7.1418,7.07,7.09,57378
2019-06-18 12:30:00,7.1,7.1,7.03,7.05,89882
2019-06-18 13:30:00,7.05,7.15,7.04,7.145,74489
2019-06-18 14:30:00,7.14,7.165,7.13,7.145,109025
2019-06-18 15:30:00,7.14,7.155,7.09,7.13,153970
2019-07-03 09:30:00,7.56,7.56,7.45,7.49,51442
2019-07-03 10:30:00,7.49,7.49,7.425,7.44,75810
2019-07-03 11:30:00,7.44,7.465,7.44,7.46,30449
2019-07-03 12:30:00,7.46,7.49,7.45,7.48,112955
2019-07-03 13:30:00,,,,,0
2019-07-03 14:30:00,,,,,0
2019-07-03 15:30:00,,,,,0
2019-07-05 09:30:00,7.43,7.45,7.33,7.33,67698
2019-07-05 10:30:00,7.33,7.37,7.29,7.36,32381
2019-07-05 11:30:00,7.36,7.4,7.35,7.389,22085
2019-07-05 12:30:00,7.385,7.415,7.38,7.405,19997
2019-07-05 13:30:00,7.41,7.47,7.41,7.46,85919
2019-07-05 14:30:00,7.46,7.46,7.43,7.43,50933
2019-07-05 15:30:00,7.435,7.44,7.4,7.41,53567
2019-07-08 09:30:00,7.38,7.39,7.28,7.3516,84658
2019-07-08 10:30:00,7.345,7.345,7.3,7.31,58183
2019-07-08 11:30:00,7.31,7.32,7.29,7.31,45528
2019-07-08 12:30:00,7.31,7.33,7.31,7.31,42208
2019-07-08 13:30:00,7.31,7.34,7.31,7.315,42818
2019-07-08 14:30:00,7.315,7.345,7.31,7.335,77591
2019-07-08 15:30:00,7.3368,7.35,7.33,7.35,93803
2019-07-09 09:30:00,7.31,7.35,7.28,7.335,37056
2019-07-09 10:30:00,7.34,7.37,7.33,7.335,64889
2019-07-09 11:30:00,7.34,7.385,7.335,7.38,38598
2019-07-09 12:30:00,7.3892,7.39,7.35,7.355,30941
2019-07-09 13:30:00,7.355,7.38,7.34,7.37,38458
2019-07-09 14:30:00,7.37,7.39,7.37,7.38,41214
2019-07-09 15:30:00,7.37,7.41,7.37,7.39,91481
2019-07-10 09:30:00,7.48,7.6,7.4,7.481,158584
2019-07-10 10:30:00,7.485,7.5,7.43,7.435,46556
2019-07-10 11:30:00,7.44,7.48,7.43,7.47,48302
2019-07-10 12:30:00,7.465,7.47,7.45,7.45,26120
2019-07-10 13:30:00,7.45,7.46,7.41,7.42,78890
2019-07-10 14:30:00,7.42,7.47,7.42,7.45,49906
2019-07-10 15:30:00,7.45,7.47,7.44,7.44,66867
2019-07-15 09:30:00,7.57,7.66,7.53,7.575,77459
2019-07-15 10:30:00,7.57,7.6,7.55,7.57,36077
2019-07-15 11:30:00,7.58,7.58,7.53,7.55,33394
2019-07-15 12:30:00,7.55,7.55,7.53,7.54,18497
2019-07-15 13:30:00,7.54,7.56,7.53,7.56,21378
2019-07-15 14:30:00,7.56,7.6,7.55,7.59,42281
2019-07-15 15:30:00,7.59,7.6,7.57,7.57,82997
2019-07-16 09:30:00,7.57,7.59,7.46,7.57,55836
2019-07-16 10:30:00,7.575,7.575,7.53,7.545,55296
2019-07-16 11:30:00,7.54,7.57,7.49,7.505,68706
2019-07-16 12:30:00,7.5013,7.565,7.5,7.56,48982
2019-07-16 13:30:00,7.55,7.5588,7.53,7.55,35623
2019-07-16 14:30:00,7.545,7.59,7.54,7.575,84410
2019-07-16 15:30:00,7.575,7.59,7.56,7.56,90547
2019-07-17 09:30:00,7.59,7.61,7.47,7.58,78360
2019-07-17 10:30:00,7.575,7.66,7.57,7.65,119255
2019-07-17 11:30:00,7.66,7.68,7.65,7.655,24877
2019-07-17 12:30:00,7.66,7.67,7.64,7.67,20407
2019-07-17 13:30:00,7.67,7.68,7.64,7.65,27000
2019-07-17 14:30:00,7.65,7.65,7.62,7.62,40234
2019-07-17 15:30:00,7.62,7.64,7.6,7.6,73145
2019-07-18 09:30:00,7.62,7.71,7.6,7.69,58247
2019-07-18 10:30:00,7.685,7.7,7.625,7.635,73193
2019-07-18 11:30:00,7.635,7.66,7.63,7.645,78643
2019-07-18 12:30:00,7.645,7.655,7.61,7.615,42318
2019-07-18 13:30:00,7.6163,7.64,7.6099,7.63,34414
2019-07-18 14:30:00,7.625,7.67,7.62,7.66,36046
2019-07-18 15:30:00,7.655,7.66,7.63,7.635,70859
2019-07-19 09:30:00,7.64,7.73,7.64,7.68,115943
2019-07-19 10:30:00,7.675,7.72,7.66,7.69,49147
2019-07-19 11:30:00,7.68,7.74,7.66,7.7352,83667
2019-07-19 12:30:00,7.74,7.75,7.72,7.735,66504
2019-07-19 13:30:00,7.7327,7.74,7.63,7.64,126705
2019-07-19 14:30:00,7.65,7.66,7.6299,7.645,81546
2019-07-19 15:30:00,7.645,7.65,7.61,7.61,82484
2019-07-22 09:30:00,7.65,7.79,7.61,7.73,67027
2019-07-22 10:30:00,7.725,7.76,7.71,7.72,61016
2019-07-22 11:30:00,7.715,7.77,7.69,7.695,77054
2019-07-22 12:30:00,7.7,7.72,7.66,7.715,413375
2019-07-22 13:30:00,7.72,7.78,7.72,7.73,80853
2019-07-22 14:30:00,7.74,7.765,7.71,7.7466,37624
2019-07-22 15:30:00,7.74,7.75,7.72,7.75,83542
2019-07-23 09:30:00,7.81,7.89,7.78,7.83,78773
2019-07-23 10:30:00,7.8201,7.9,7.82,7.87,41337
2019-07-23 11:30:00,7.865,7.8713,7.83,7.845,55383
2019-07-23 12:30:00,7.85,7.88,7.85,7.88,29649
2019-07-23 13:30:00,7.8792,7.9,7.87,7.885,66698
2019-07-23 14:30:00,7.89,7.9,7.87,7.895,78680
2019-07-23 15:30:00,7.895,7.935,7.895,7.92,194439
2019-07-25 09:30:00,8.31,8.33,8.12,8.18,149010
2019-07-25 10:30:00,8.175,8.205,8.115,8.13,135900
2019-07-25 11:30:00,8.12,8.195,8.11,8.19,110208
2019-07-25 12:30:00,8.185,8.19,8.11,8.12,71301
2019-07-25 13:30:00,8.11,8.14,8.06,8.06,69800
2019-07-25 14:30:00,8.06,8.0706,8.015,8.035,65576
2019-07-25 15:30:00,8.035,8.06,8.02,8.03,191366
2019-07-26 09:30:00,8.11,8.15,8.07,8.125,69998
2019-07-26 10:30:00,8.12,8.18,8.105,8.175,38710
2019-07-26 11:30:00,8.175,8.19,8.135,8.135,59942
2019-07-26 12:30:00,8.139,8.16,8.135,8.15,22415
2019-07-26 13:30:00,8.15,8.17,8.135,8.135,40070
2019-07-26 14:30:00,8.135,8.18,8.13,8.17,65652
2019-07-26 15:30:00,8.17,8.2,8.16,8.19,140586
2019-07-29 09:30:00,8.2,8.3,8.07,8.12,281761
2019-07-29 10:30:00,8.11,8.185,8.09,8.16,69161
2019-07-29 11:30:00,8.15,8.1638,8.11,8.13,44972
2019-07-29 12:30:00,8.13,8.14,8.095,8.095,40695
2019-07-29 13:30:00,8.095,8.13,8.04,8.075,183110
2019-07-29 14:30:00,8.075,8.1,8.06,8.09,77236
2019-07-29 15:30:00,8.09,8.21,8.09,8.2,299912
2019-07-30 09:30:00,8.4,9.32,8.0665,9.17,1081777
2019-07-30 10:30:00,9.17,9.3,9.07,9.22,507530
2019-07-30 11:30:00,9.22,9.41,9.17,9.385,557193
2019-07-30 12:30:00,9.38,9.48,9.38,9.465,457664
2019-07-30 13:30:00,9.465,9.64,9.4546,9.605,315177
2019-07-30 14:30:00,9.605,9.74,9.5986,9.72,375236
2019-07-30 15:30:00,9.71,9.79,9.7,9.78,456377
2019-07-31 09:30:00,9.57,9.64,9.39,9.405,439923
2019-07-31 10:30:00,9.41,9.49,9.32,9.32,286841
2019-07-31 11:30:00,9.325,9.39,9.325,9.38,193340
2019-07-31 12:30:00,9.37,9.41,9.36,9.38,138659
2019-07-31 13:30:00,9.3702,9.41,9.35,9.375,203244
2019-07-31 14:30:00,9.375,9.42,8.97,9.275,511151
2019-07-31 15:30:00,9.275,9.3,9.22,9.23,415067
2019-08-01 09:30:00,9.21,9.5,9.02,9.44,341161
2019-08-01 10:30:00,9.43,9.53,9.43,9.485,234929
2019-08-01 11:30:00,9.485,9.5,9.395,9.495,134299
2019-08-01 12:30:00,9.495,9.54,9.36,9.37,122301
2019-08-01 13:30:00,9.37,9.4,9.05,9.125,183371
2019-08-01 14:30:00,9.12,9.23,9.06,9.23,189522
2019-08-01 15:30:00,9.22,9.275,9.2,9.23,217496
2019-08-02 09:30:00,9.19,9.23,9.01,9.08,120302
2019-08-02 10:30:00,9.07,9.1,8.93,9.04,135408
2019-08-02 11:30:00,9.045,9.155,9.0438,9.125,110081
2019-08-02 12:30:00,9.1251,9.15,9.09,9.135,46775
2019-08-02 13:30:00,9.135,9.145,9.08,9.115,78147
2019-08-02 14:30:00,9.11,9.15,9.07,9.135,90666
2019-08-02 15:30:00,9.13,9.17,9.11,9.15,110106
2019-08-05 09:30:00,8.89,8.91,8.63,8.72,350337
2019-08-05 10:30:00,8.72,8.8661,8.69,8.85,111162
2019-08-05 11:30:00,8.85,8.945,8.83,8.92,101735
2019-08-05 12:30:00,8.925,8.99,8.86,8.869,192181
2019-08-05 13:30:00,8.86,8.8855,8.78,8.8,67739
2019-08-05 14:30:00,8.8083,8.85,8.765,8.81,98344
2019-08-05 15:30:00,8.81,8.9,8.81,8.86,147131
2019-09-09 09:30:00,9.07,9.12,8.9,8.97,81937
2019-09-09 10:30:00,8.97,9.07,8.958,9.04,50694
2019-09-09 11:30:00,9.03,9.09,8.98,8.98,49112
2019-09-09 12:30:00,8.985,9.0,8.95,8.96,37859
2019-09-09 13:30:00,8.95,8.97,8.92,8.965,38234
2019-09-09 14:30:00,8.9676,9.11,8.96,9.1,101213
2019-09-09 15:30:00,9.1,9.16,9.0933,9.15,134226
2019-09-10 09:30:00,9.14,9.16,8.99,9.07,87348
2019-09-10 10:30:00,9.065,9.065,8.93,8.935,55181
2019-09-10 11:30:00,8.935,9.07,8.92,9.06,54544
2019-09-10 12:30:00,9.06,9.08,8.98,9.04,46635
2019-09-10 13:30:00,9.03,9.06,9.01,9.01,36921
2019-09-10 14:30:00,9.015,9.11,9.015,9.105,47195
2019-09-10 15:30:00,9.105,9.12,9.08,9.12,104472
2019-09-11 09:30:00,9.17,9.17,9.04,9.1,79791
2019-09-11 10:30:00,9.11,9.23,9.0,9.15,431151
2019-09-11 11:30:00,9.16,9.17,9.09,9.12,73143
2019-09-11 12:30:00,9.125,9.195,9.1233,9.14,78508
2019-09-11 13:30:00,9.14,9.18,9.1,9.18,72897
2019-09-11 14:30:00,9.18,9.28,9.17,9.265,141654
2019-09-11 15:30:00,9.27,9.27,9.22,9.25,165186
2019-09-12 09:30:00,9.24,9.37,9.06,9.19,125325
2019-09-12 10:30:00,9.185,9.25,9.11,9.235,59930
2019-09-12 11:30:00,9.23,9.26,9.21,9.23,62253
2019-09-12 12:30:00,9.23,9.27,9.23,9.235,28132
2019-09-12 13:30:00,9.235,9.26,9.215,9.25,38420
2019-09-12 14:30:00,9.26,9.27,9.21,9.24,77205
2019-09-12 15:30:00,9.24,9.27,9.22,9.23,112093
2019-09-13 09:30:00,9.22,9.26,9.08,9.15,83106
2019-09-13 10:30:00,9.15,9.2,9.14,9.17,37830
2019-09-13 11:30:00,9.17,9.18,9.13,9.18,27062
2019-09-13 12:30:00,9.175,9.2,9.17,9.19,40858
2019-09-13 13:30:00,9.2,9.21,9.17,9.2,66389
2019-09-13 14:30:00,9.2,9.2,9.12,9.16,91970
2019-09-13 15:30:00,9.15,9.16,9.12,9.12,107631
2019-09-16 09:30:00,9.0,9.125,8.83,9.045,82144
2019-09-16 10:30:00,9.04,9.17,9.02,9.155,60605
2019-09-16 11:30:00,9.15,9.16,9.075,9.085,64548
2019-09-16 12:30:00,9.09,9.1,9.07,9.0758,61911
2019-09-16 13:30:00,9.08,9.15,9.08,9.145,63391
2019-09-16 14:30:00,9.15,9.15,9.08,9.08,64717
2019-09-16 15:30:00,9.08,9.09,9.06,9.07,122046
2019-09-17 09:30:00,8.97,9.06,8.86,8.945,148371
2019-09-17 10:30:00,8.95,9.085,8.95,9.05,78346
2019-09-17 11:30:00,9.05,9.05,8.98,9.0,61298
2019-09-17 12:30:00,8.9954,8.9954,8.945,8.965,76627
2019-09-17 13:30:00,8.97,9.05,8.96,9.05,60538
2019-09-17 14:30:00,9.05,9.09,9.04,9.065,100931
2019-09-17 15:30:00,9.065,9.13,9.065,9.13,151909
2019-10-14 09:30:00,9.77,9.815,9.7,9.71,69178
2019-10-14 10:30:00,9.72,9.74,9.665,9.665,29149
2019-10-14 11:30:00,9.665,9.7,9.66,9.66,36997
2019-10-14 12:30:00,9.655,9.7,9.645,9.7,31372
2019-10-14 13:30:00,9.7,9.75,9.69,9.74,38042
2019-10-14 14:30:00,9.735,9.75,9.71,9.715,41575
2019-10-14 15:30:00,9.7283,9.75,9.7,9.74,83253
2019-10-15 09:30:00,9.82,9.93,9.7458,9.91,79681
2019-10-15 10:30:00,9.92,9.96,9.87,9.895,69586
2019-10-15 11:30:00,9.89,9.915,9.85,9.85,32936
2019-10-15 12:30:00,9.8686,9.895,9.84,9.87,49528
2019-10-15 13:30:00,9.87,9.9,9.85,9.85,48060
2019-10-15 14:30:00,9.85,9.86,9.84,9.8561,42766
2019-10-15 15:30:00,9.8483,9.88,9.845,9.87,107237
2019-10-16 09:30:00,9.84,9.87,9.76,9.86,46321
2019-10-16 10:30:00,9.85,9.87,9.81,9.82,49854
2019-10-16 11:30:00,9.83,9.845,9.78,9.79,47380
2019-10-16 12:30:00,9.79,9.8,9.75,9.755,56332
2019-10-16 13:30:00,9.75,9.76,9.72,9.75,43805
2019-10-16 14:30:00,9.74,9.775,9.73,9.75,45616
2019-10-16 15:30:00,9.75,9.79,9.75,9.78,115904
2019-10-17 09:30:00,9.85,10.03,9.8135,9.85,103241
2019-10-17 10:30:00,9.85,9.87,9.76,9.775,40213
2019-10-17 11:30:00,9.78,9.79,9.72,9.745,30155
2019-10-17 12:30:00,9.74,9.765,9.73,9.75,27657
2019-10-17 13:30:00,9.75,9.79,9.75,9.7679,37765
2019-10-17 14:30:00,9.775,9.82,9.77,9.805,41454
2019-10-17 15:30:00,9.805,9.85,9.8,9.84,119573
2019-10-18 09:30:00,9.79,9.92,9.79,9.9,86135
2019-10-18 10:30:00,9.9,9.935,9.88,9.905,62059
2019-10-18 11:30:00,9.91,9.91,9.78,9.805,100021
2019-10-18 12:30:00,9.8032,9.88,9.8,9.8669,66562
2019-10-18 13:30:00,9.875,9.875,9.85,9.8523,31075
2019-10-18 14:30:00,9.85,9.88,9.83,9.88,33877
2019-10-18 15:30:00,9.87,9.92,9.87,9.89,100107
2019-10-21 09:30:00,10.06,10.19,9.66,10.05,120889
2019-10-21 10:30:00,10.05,10.15,10.0463,10.125,64786
2019-10-21 11:30:00,10.12,10.165,10.09,10.165,83907
2019-10-21 12:30:00,10.165,10.32,10.165,10.31,133713
2019-10-21 13:30:00,10.315,10.345,10.2,10.245,116105
2019-10-21 14:30:00,10.24,10.2484,10.2,10.2,97950
2019-10-21 15:30:00,10.205,10.22,10.18,10.19,123873
2019-10-22 09:30:00,10.18,10.2,10.051,10.1633,72142
2019-10-22 10:30:00,10.17,10.18,10.11,10.115,76255
2019-10-22 11:30:00,10.11,10.13,10.08,10.12,65969
2019-10-22 12:30:00,10.11,10.12,10.08,10.09,75746
2019-10-22 13:30:00,10.08,10.16,10.08,10.155,52669
2019-10-22 14:30:00,10.15,10.155,10.09,10.115,79120
2019-10-22 15:30:00,10.115,10.12,10.09,10.09,109007
2019-10-24 09:30:00,10.03,10.1594,9.9272,10.01,118382
2019-10-24 10:30:00,10.01,10.14,10.0099,10.13,116073
2019-10-24 11:30:00,10.13,10.17,10.07,10.09,115174
2019-10-24 12:30:00,10.09,10.13,10.07,10.13,25528
2019-10-24 13:30:00,10.12,10.21,10.11,10.21,63382
2019-10-24 14:30:00,10.21,10.31,10.2,10.3,90602
2019-10-24 15:30:00,10.31,10.37,10.3018,10.37,212649
2019-10-25 09:30:00,10.38,10.625,10.34,10.59,200965
2019-10-25 10:30:00,10.6,10.65,10.565,10.645,139787
2019-10-25 11:30:00,10.645,10.71,10.635,10.7,147192
2019-10-25 12:30:00,10.7,10.745,10.68,10.7423,129384
2019-10-25 13:30:00,10.74,10.75,10.68,10.695,184431
2019-10-25 14:30:00,10.7,10.75,10.68,10.75,149494
2019-10-25 15:30:00,10.74,10.83,10.73,10.82,220433
2019-10-28 09:30:00,10.92,11.141,10.91,11.12,274362
2019-10-28 10:30:00,11.12,11.19,11.063,11.095,124892
2019-10-28 11:30:00,11.095,11.15,11.01,11.13,177120
2019-10-28 12:30:00,11.13,11.13,11.03,11.05,171823
2019-10-28 13:30:00,11.055,11.11,11.04,11.1,114492
2019-10-28 14:30:00,11.1,11.14,11.0931,11.123,186474
2019-10-28 15:30:00,11.125,11.15,11.08,11.085,360667
2019-10-29 09:30:00,13.46,14.81,13.15,14.59,3064394
2019-10-29 10:30:00,14.59,14.8,14.2404,14.37,1142822
2019-10-29 11:30:00,14.37,14.44,14.11,14.39,667442
2019-10-29 12:30:00,14.39,14.6539,14.34,14.58,536128
2019-10-29 13:30:00,14.57,14.75,14.5421,14.62,599683
2019-10-29 14:30:00,14.61,15.0,14.59,14.94,914018
2019-10-29 15:30:00,14.9327,15.0,14.84,14.92,817463
2019-10-30 09:30:00,14.85,15.245,14.42,14.98,989800
2019-10-30 10:30:00,14.98,15.043,14.4528,14.4978,530468
2019-10-30 11:30:00,14.47,14.5,14.04,14.145,518195
2019-10-30 12:30:00,14.145,14.16,13.93,13.95,331676
2019-10-30 13:30:00,13.945,14.065,13.83,13.88,294464
2019-10-30 14:30:00,13.885,13.92,13.65,13.74,484528
2019-10-30 15:30:00,13.74,13.77,13.58,13.6,653034
2019-10-31 09:30:00,13.69,13.98,13.065,13.155,718164
2019-10-31 10:30:00,13.16,13.201,12.74,12.77,484254
2019-10-31 11:30:00,12.77,12.7723,12.52,12.54,367249
2019-10-31 12:30:00,12.535,12.68,12.435,12.453,298759
2019-10-31 13:30:00,12.46,12.46,12.345,12.35,366648
2019-10-31 14:30:00,12.355,12.425,12.305,12.335,362482
2019-10-31 15:30:00,12.335,12.47,12.315,12.425,524960
2019-11-01 09:30:00,12.55,12.89,12.47,12.83,509003
2019-11-01 10:30:00,12.83,12.93,12.78,12.83,325771
2019-11-01 11:30:00,12.83,12.85,12.683,12.845,252884
2019-11-01 12:30:00,12.855,12.93,12.8,12.925,216207
2019-11-01 13:30:00,12.93,12.95,12.87,12.92,240288
2019-11-01 14:30:00,12.915,12.96,12.87,12.945,443288
2019-11-01 15:30:00,12.94,12.97,12.91,12.96,364246
2019-11-04 09:30:00,13.08,13.3,12.99,13.17,404246
2019-11-04 10:30:00,13.169,13.17,12.99,12.995,145151
2019-11-04 11:30:00,13.0,13.126,12.99,13.025,158136
2019-11-04 12:30:00,13.025,13.13,13.0,13.115,123856
2019-11-04 13:30:00,13.116,13.24,13.08,13.215,173388
2019-11-04 14:30:00,13.22,13.2995,13.215,13.26,120971
2019-11-04 15:30:00,13.265,13.33,13.24,13.32,304163
2019-11-05 09:30:00,13.24,13.3,12.96,13.05,362096
2019-11-05 10:30:00,13.06,13.11,12.97,13.105,230776
2019-11-05 11:30:00,13.11,13.18,13.08,13.13,120355
2019-11-05 12:30:00,13.14,13.215,13.12,13.16,87307
2019-11-05 13:30:00,13.16,13.2401,13.13,13.14,410907
2019-11-05 14:30:00,13.14,13.22,13.12,13.19,169957
2019-11-05 15:30:00,13.19,13.22,13.18,13.21,257667
2019-11-06 09:30:00,13.21,13.23,12.93,12.96,134987
2019-11-06 10:30:00,12.965,13.0387,12.87,12.875,130316
2019-11-06 11:30:00,12.88,12.9656,12.84,12.92,114654
2019-11-06 12:30:00,12.915,12.99,12.9,12.94,63070
2019-11-06 13:30:00,12.945,12.965,12.88,12.91,78082
2019-11-06 14:30:00,12.91,13.08,12.91,13.05,95699
2019-11-06 15:30:00,13.06,13.09,13.03,13.07,206244
2019-11-07 09:30:00,13.25,13.25,12.94,13.01,207886
2019-11-07 10:30:00,13.01,13.015,12.86,12.9199,203473
2019-11-07 11:30:00,12.91,12.96,12.835,12.905,138376
2019-11-07 12:30:00,12.91,12.97,12.88,12.92,88183
2019-11-07 13:30:00,12.92,12.925,12.725,12.7797,226230
2019-11-07 14:30:00,12.8,12.81,12.62,12.6845,212936
2019-11-07 15:30:00,12.685,12.77,12.68,12.76,231918
2019-11-08 09:30:00,12.67,12.81,12.59,12.72,137494
2019-11-08 10:30:00,12.715,12.805,12.7,12.78,78905
2019-11-08 11:30:00,12.79,12.85,12.78,12.81,62537
2019-11-08 12:30:00,12.8181,12.8181,12.725,12.76,67970
2019-11-08 13:30:00,12.77,12.835,12.7646,12.82,52957
2019-11-08 14:30:00,12.82,12.87,12.81,12.84,83236
2019-11-08 15:30:00,12.85,12.85,12.78,12.8,154471
2019-11-11 09:30:00,12.69,12.79,12.52,12.78,104826
2019-11-11 10:30:00,12.78,12.87,12.77,12.84,90708
2019-11-11 11:30:00,12.835,12.86,12.805,12.82,52382
2019-11-11 12:30:00,12.82,12.8219,12.77,12.8066,73375
2019-11-11 13:30:00,12.805,12.82,12.74,12.75,90121
2019-11-11 14:30:00,12.745,12.8,12.705,12.71,105187
2019-11-11 15:30:00,12.705,12.71,12.655,12.71,143117
2019-12-09 09:30:00,12.57,12.6158,12.5286,12.56,92379
2019-12-09 10:30:00,12.57,12.64,12.565,12.61,45261
2019-12-09 11:30:00,12.61,12.61,12.565,12.565,29216
2019-12-09 12:30:00,12.56,12.57,12.53,12.55,45706
2019-12-09 13:30:00,12.555,12.58,12.545,12.575,32827
2019-12-09 14:30:00,12.575,12.63,12.57,12.595,47535
2019-12-09 15:30:00,12.595,12.625,12.54,12.55,136146
2019-12-10 09:30:00,12.56,12.65,12.41,12.4869,80416
2019-12-10 10:30:00,12.49,12.535,12.45,12.53,42788
2019-12-10 11:30:00,12.53,12.54,12.46,12.46,29856
2019-12-10 12:30:00,12.465,12.47,12.415,12.43,41814
2019-12-10 13:30:00,12.425,12.43,12.39,12.4,47734
2019-12-10 14:30:00,12.4,12.42,12.36,12.36,39526
2019-12-10 15:30:00,12.365,12.44,12.33,12.425,124894
2019-12-11 09:30:00,12.16,12.59,12.16,12.57,71288
2019-12-11 10:30:00,12.57,12.5899,12.49,12.575,58053
2019-12-11 11:30:00,12.57,12.6,12.57,12.58,53471
2019-12-11 12:30:00,12.585,12.66,12.575,12.66,65795
2019-12-11 13:30:00,12.66,12.76,12.635,12.76,186519
2019-12-11 14:30:00,12.76,12.78,12.715,12.77,95637
2019-12-11 15:30:00,12.77,12.78,12.71,12.75,147543
2019-12-12 09:30:00,12.12,12.9,12.04,12.82,460811
2019-12-12 10:30:00,12.81,12.815,12.65,12.66,111960
2019-12-12 11:30:00,12.65,12.67,12.57,12.625,105316
2019-12-12 12:30:00,12.625,12.645,12.6,12.625,34505
2019-12-12 13:30:00,12.62,12.64,12.59,12.62,44365
2019-12-12 14:30:00,12.62,12.75,12.62,12.75,72025
2019-12-12 15:30:00,12.75,12.78,12.73,12.74,159495
2019-12-13 09:30:00,12.66,12.88,12.61,12.82,130595
2019-12-13 10:30:00,12.82,12.8297,12.6367,12.6414,83039
2019-12-13 11:30:00,12.65,12.77,12.65,12.74,47176
2019-12-13 12:30:00,12.74,12.85,12.74,12.79,58454
2019-12-13 13:30:00,12.79,12.82,12.77,12.795,60574
2019-12-13 14:30:00,12.8,12.81,12.775,12.795,48406
2019-12-13 15:30:00,12.8,12.82,12.78,12.79,93804
2019-12-16 09:30:00,12.84,13.04,12.8,12.935,109179
2019-12-16 10:30:00,12.93,12.9836,12.89,12.905,50904
2019-12-16 11:30:00,12.8995,12.91,12.82,12.895,73375
2019-12-16 12:30:00,12.89,12.91,12.88,12.895,62121
2019-12-16 13:30:00,12.895,12.95,12.89,12.925,57878
2019-12-16 14:30:00,12.92,12.93,12.9,12.915,53936
2019-12-16 15:30:00,12.91,12.945,12.87,12.91,126468
2019-12-17 09:30:00,13.04,13.04,12.86,12.885,107192
2019-12-17 10:30:00,12.885,12.99,12.88,12.885,143459
2019-12-17 11:30:00,12.885,12.89,12.85,12.87,60776
2019-12-17 12:30:00,12.865,12.9,12.84,12.86,45697
2019-12-17 13:30:00,12.865,12.91,12.85,12.895,54510
2019-12-17 14:30:00,12.9005,12.935,12.89,12.91,54449
2019-12-17 15:30:00,12.91,12.94,12.88,12.94,117199
2020-01-13 09:30:00,12.75,12.86,12.69,12.7766,107147
2020-01-13 10:30:00,12.78,12.815,12.75,12.78,33833
2020-01-13 11:30:00,12.785,12.79,12.75,12.76,59094
2020-01-13 12:30:00,12.755,12.77,12.74,12.755,37477
2020-01-13 13:30:00,12.755,12.755,12.72,12.74,36871
2020-01-13 14:30:00,12.75,12.75,12.73,12.75,40167
2020-01-13 15:30:00,12.745,12.78,12.73,12.78,135269
2020-01-14 09:30:00,12.79,12.885,12.74,12.8,173837
2020-01-14 10:30:00,12.805,12.91,12.805,12.89,79606
2020-01-14 11:30:00,12.895,12.99,12.85,12.9827,42296
2020-01-14 12:30:00,12.98,13.04,12.98,13.0,77265
2020-01-14 13:30:00,13.005,13.04,12.9,12.975,79866
2020-01-14 14:30:00,12.98,13.0,12.93,12.93,49093
2020-01-14 15:30:00,12.9398,12.97,12.91,12.93,250548
2020-01-15 09:30:00,12.91,13.03,12.825,12.91,262026
2020-01-15 10:30:00,12.91,12.94,12.865,12.92,50291
2020-01-15 11:30:00,12.93,12.97,12.88,12.88,60410
2020-01-15 12:30:00,12.885,12.92,12.86,12.92,105087
2020-01-15 13:30:00,12.915,13.04,12.915,13.03,45061
2020-01-15 14:30:00,13.04,13.05,12.895,12.915,89012
2020-01-15 15:30:00,12.915,12.99,12.89,12.98,138481
2020-01-16 09:30:00,12.99,13.28,12.99,13.22,205974
2020-01-16 10:30:00,13.21,13.27,13.16,13.18,86369
2020-01-16 11:30:00,13.18,13.22,13.14,13.14,65695
2020-01-16 12:30:00,13.14,13.17,13.125,13.135,46656
2020-01-16 13:30:00,13.14,13.25,13.13,13.21,60337
2020-01-16 14:30:00,13.21,13.23,13.2,13.21,45913
2020-01-16 15:30:00,13.2154,13.26,13.2,13.24,133041
2020-01-17 09:30:00,13.35,13.42,13.13,13.22,199020
2020-01-17 10:30:00,13.22,13.22,13.03,13.11,92688
2020-01-17 11:30:00,13.105,13.18,13.09,13.12,46407
2020-01-17 12:30:00,13.125,13.205,13.12,13.2,46321
2020-01-17 13:30:00,13.205,13.21,13.14,13.16,68004
2020-01-17 14:30:00,13.165,13.2,13.15,13.1703,83103
2020-01-17 15:30:00,13.1766,13.22,13.16,13.2,70849
2020-01-21 09:30:00,13.1,13.2,13.06,13.15,168212
2020-01-21 10:30:00,13.15,13.18,13.1,13.15,93593
2020-01-21 11:30:00,13.155,13.155,13.11,13.115,38385
2020-01-21 12:30:00,13.12,13.1378,13.1,13.105,65504
2020-01-21 13:30:00,13.105,13.12,13.04,13.05,99599
2020-01-21 14:30:00,13.045,13.12,13.03,13.095,44871
2020-01-21 15:30:00,13.095,13.11,13.07,13.1,101092
2020-01-23 09:30:00,13.2,13.3,13.11,13.23,131612
2020-01-23 10:30:00,13.255,13.4,13.25,13.31,70900
2020-01-23 11:30:00,13.32,13.38,13.28,13.36,39866
2020-01-23 12:30:00,13.36,13.4,13.32,13.375,48522
2020-01-23 13:30:00,13.378,13.44,13.35,13.4,54879
2020-01-23 14:30:00,13.4,13.48,13.4,13.435,71716
2020-01-23 15:30:00,13.43,13.45,13.36,13.39,122129
2020-01-24 09:30:00,13.44,13.4499,13.04,13.1005,359889
2020-01-24 10:30:00,13.0661,13.17,13.03,13.04,202542
2020-01-24 11:30:00,13.04,13.08,12.89,12.95,170096
2020-01-24 12:30:00,12.945,12.97,12.84,12.845,85711
2020-01-24 13:30:00,12.845,12.88,12.72,12.7304,235995
2020-01-24 14:30:00,12.74,12.85,12.655,12.78,186475
2020-01-24 15:30:00,12.78,12.8,12.68,12.8,292407
2020-01-27 09:30:00,12.46,12.4638,11.94,12.0,330904
2020-01-27 10:30:00,11.995,12.01,11.8,11.9,162925
2020-01-27 11:30:00,11.9,12.09,11.86,12.07,166604
2020-01-27 12:30:00,12.06,12.07,11.99,12.05,86776
2020-01-27 13:30:00,12.0437,12.055,11.935,11.94,91468
2020-01-27 14:30:00,11.94,11.94,11.87,11.89,96129
2020-01-27 15:30:00,11.89,11.9,11.83,11.84,177141
2020-01-28 09:30:00,11.94,12.18,11.93,12.03,154506
2020-01-28 10:30:00,12.02,12.06,11.99,12.01,113013
2020-01-28 11:30:00,12.0,12.05,11.98,12.0334,39190
2020-01-28 12:30:00,12.035,12.05,11.97,11.975,47111
2020-01-28 13:30:00,11.98,12.03,11.95,12.0,71665
2020-01-28 14:30:00,12.0,12.07,12.0,12.07,70309
2020-01-28 15:30:00,12.065,12.08,12.0,12.01,129509
2020-01-29 09:30:00,12.07,12.14,11.99,12.05,246615
2020-01-29 10:30:00,12.05,12.06,11.89,11.905,104784
2020-01-29 11:30:00,11.9,11.96,11.8,11.96,144612
2020-01-29 12:30:00,11.9552,12.01,11.9159,12.01,58884
2020-01-29 13:30:00,12.0,12.035,11.99,12.01,76592
2020-01-29 14:30:00,12.01,12.01,11.935,11.94,130646
2020-01-29 15:30:00,11.945,11.9998,11.91,11.93,226099
2020-01-30 09:30:00,11.79,12.13,11.78,11.8671,173299
2020-01-30 10:30:00,11.89,11.89,11.71,11.765,94046
2020-01-30 11:30:00,11.77,11.875,11.7597,11.77,75472
2020-01-30 12:30:00,11.76,11.78,11.7,11.78,75823
2020-01-30 13:30:00,11.77,11.87,11.76,11.84,53058
2020-01-30 14:30:00,11.845,11.93,11.7734,11.92,79603
2020-01-30 15:30:00,11.915,11.99,11.8937,11.98,154350
2020-01-31 09:30:00,11.84,11.93,11.465,11.465,166303
2020-01-31 10:30:00,11.46,11.58,11.405,11.41,117713
2020-01-31 11:30:00,11.405,11.524,11.39,11.4799,76972
2020-01-31 12:30:00,11.47,11.47,11.31,11.335,127009
2020-01-31 13:30:00,11.33,11.35,11.255,11.295,128100
2020-01-31 14:30:00,11.29,11.409,11.25,11.26,114005
2020-01-31 15:30:00,11.26,11.27,11.2,11.245,180515
2020-02-03 09:30:00,11.21,11.36,11.195,11.35,178311
2020-02-03 10:30:00,11.35,11.37,11.19,11.21,94562
2020-02-03 11:30:00,11.21,11.23,11.15,11.18,63400
2020-02-03 12:30:00,11.19,11.25,11.16,11.19,74680
2020-02-03 13:30:00,11.18,11.203,11.15,11.17,62342
2020-02-03 14:30:00,11.17,11.21,11.17,11.2,86561
2020-02-03 15:30:00,11.2,11.205,11.13,11.16,149401
2020-02-04 09:30:00,11.37,11.48,11.21,11.39,189576
2020-02-04 10:30:00,11.385,11.47,11.37,11.4494,75303
2020-02-04 11:30:00,11.47,11.515,11.44,11.4978,65137
2020-02-04 12:30:00,11.5,11.51,11.46,11.48,51529
2020-02-04 13:30:00,11.48,11.55,11.45,11.45,72047
2020-02-04 14:30:00,11.445,11.45,11.395,11.405,151757
2020-02-04 15:30:00,11.41,11.47,11.36,11.45,203889
2020-02-05 09:30:00,11.68,11.789,11.52,11.66,275061
2020-02-05 10:30:00,11.665,11.69,11.59,11.62,100560
2020-02-05 11:30:00,11.615,11.69,11.58,11.65,122525
2020-02-05 12:30:00,11.66,11.71,11.63,11.659,104944
2020-02-05 13:30:00,11.64,11.66,11.58,11.64,129698
2020-02-05 14:30:00,11.64,11.84,11.63,11.81,121106
2020-02-05 15:30:00,11.8,11.84,11.78,11.84,184221
2020-02-06 09:30:00,11.87,11.87,11.615,11.64,191154
2020-02-06 10:30:00,11.635,11.655,11.56,11.565,142857
2020-02-06 11:30:00,11.565,11.61,11.55,11.6,57996
2020-02-06 12:30:00,11.6,11.6,11.55,11.55,72227
2020-02-06 13:30:00,11.55,11.55,11.445,11.455,97395
2020-02-06 14:30:00,11.455,11.54,11.44,11.52,109782
2020-02-06 15:30:00,11.525,11.53,11.43,11.44,158406
2020-02-07 09:30:00,11.32,11.41,11.12,11.14,177680
2020-02-07 10:30:00,11.14,11.31,11.14,11.16,149228
2020-02-07 11:30:00,11.17,11.21,11.145,11.18,79456
2020-02-07 12:30:00,11.19,11.19,11.105,11.13,109207
2020-02-07 13:30:00,11.13,11.17,11.09,11.165,191849
2020-02-07 14:30:00,11.165,11.17,11.11,11.11,225243
2020-02-07 15:30:00,11.11,11.12,11.06,11.07,346501
2020-02-10 09:30:00,11.08,11.415,10.94,11.3,658619
2020-02-10 10:30:00,11.3,11.35,11.17,11.32,383014
2020-02-10 11:30:00,11.315,11.323,11.22,11.3,267703
2020-02-10 12:30:00,11.29,11.45,11.225,11.445,170315
2020-02-10 13:30:00,11.45,11.495,11.4,11.47,120079
2020-02-10 14:30:00,11.4676,11.61,11.46,11.53,310582
2020-02-10 15:30:00,11.5224,11.61,11.46,11.55,490900
2020-03-04 09:30:00,10.57,10.7411,10.33,10.62,194412
2020-03-04 10:30:00,10.62,10.62,10.47,10.59,97543
2020-03-04 11:30:00,10.59,10.695,10.51,10.68,73044
2020-03-04 12:30:00,10.69,10.96,10.69,10.78,80772
2020-03-04 13:30:00,10.78,10.8,10.71,10.7761,67793
2020-03-04 14:30:00,10.775,10.825,10.69,10.825,86926
2020-03-04 15:30:00,10.82,10.88,10.77,10.86,201746
2020-03-05 09:30:00,10.53,10.73,10.46,10.62,177301
2020-03-05 10:30:00,10.615,10.66,10.53,10.65,56934
2020-03-05 11:30:00,10.65,10.69,10.605,10.63,96350
2020-03-05 12:30:00,10.6351,10.64,10.4,10.445,87663
2020-03-05 13:30:00,10.44,10.46,10.21,10.21,160846
2020-03-05 14:30:00,10.22,10.28,10.15,10.205,227095
2020-03-05 15:30:00,10.195,10.32,10.19,10.31,166262
2020-03-06 09:30:00,9.95,10.1331,9.84,10.1331,190554
2020-03-06 10:30:00,10.13,10.155,9.85,9.87,90849
2020-03-06 11:30:00,9.87,9.88,9.8,9.81,110738
2020-03-06 12:30:00,9.81,9.88,9.72,9.73,102787
2020-03-06 13:30:00,9.74,9.8,9.6,9.65,94707
2020-03-06 14:30:00,9.66,9.73,9.61,9.68,127110
2020-03-06 15:30:00,9.685,9.89,9.67,9.85,226912
2020-03-09 09:30:00,9.14,9.19,8.8,8.908,204934
2020-03-09 10:30:00,8.91,8.92,8.75,8.845,141254
2020-03-09 11:30:00,8.84,9.03,8.82,8.89,138551
2020-03-09 12:30:00,8.895,8.9,8.78,8.78,72665
2020-03-09 13:30:00,8.78,8.79,8.63,8.63,136598
2020-03-09 14:30:00,8.635,8.79,8.5801,8.78,184178
2020-03-09 15:30:00,8.785,8.8,8.61,8.61,243673
2020-03-10 09:30:00,9.13,9.32,8.87,8.93,309746
2020-03-10 10:30:00,8.9202,8.9812,8.79,8.79,152404
2020-03-10 11:30:00,8.79,8.91,8.705,8.83,104362
2020-03-10 12:30:00,8.835,8.995,8.81,8.96,93580
2020-03-10 13:30:00,8.96,9.045,8.9,9.04,127861
2020-03-10 14:30:00,9.035,9.33,9.025,9.28,226969
2020-03-10 15:30:00,9.29,9.47,9.26,9.435,316599
2020-03-11 09:30:00,9.09,9.27,8.9,9.11,254110
2020-03-11 10:30:00,9.11,9.113,8.8,8.84,209939
2020-03-11 11:30:00,8.85,9.08,8.8206,8.93,185732
2020-03-11 12:30:00,8.93,8.9627,8.675,8.765,287313
2020-03-11 13:30:00,8.76,8.81,8.635,8.64,230918
2020-03-11 14:30:00,8.65,8.72,8.56,8.65,282503
2020-03-11 15:30:00,8.65,8.85,8.615,8.65,469264
2020-03-12 09:30:00,8.02,8.02,7.64,7.85,258151
2020-03-12 10:30:00,7.85,7.99,7.76,7.766,141724
2020-03-12 11:30:00,7.76,7.81,7.35,7.51,292558
2020-03-12 12:30:00,7.5,8.1,7.46,7.83,276543
2020-03-12 13:30:00,7.83,7.91,7.61,7.73,215262
2020-03-12 14:30:00,7.73,7.785,7.52,7.555,250079
2020-03-12 15:30:00,7.555,7.61,7.37,7.38,164932
2020-03-13 09:30:00,7.92,8.15,7.52,7.77,264443
2020-03-13 10:30:00,7.775,7.81,7.54,7.54,185449
2020-03-13 11:30:00,7.5662,7.5662,7.37,7.48,173070
2020-03-13 12:30:00,7.4672,7.81,7.4672,7.72,125024
2020-03-13 13:30:00,7.725,7.94,7.685,7.69,165128
2020-03-13 14:30:00,7.695,7.91,7.67,7.83,197241
2020-03-13 15:30:00,7.83,8.02,7.715,8.02,399900
2020-03-16 09:30:00,7.03,7.55,7.0,7.49,176425
2020-03-16 10:30:00,7.495,7.95,7.495,7.91,163136
2020-03-16 11:30:00,7.91,7.93,7.65,7.682,118679
2020-03-16 12:30:00,7.7,7.72,7.52,7.54,162549
2020-03-16 13:30:00,7.53,7.54,7.29,7.38,149572
2020-03-16 14:30:00,7.38,7.58,7.3331,7.43,208023
2020-03-16 15:30:00,7.43,7.51,7.0,7.27,332501
2020-03-17 09:30:00,7.45,7.5141,7.0,7.09,206063
2020-03-17 10:30:00,7.09,7.14,6.91,6.975,339138
2020-03-17 11:30:00,6.97,7.27,6.94,7.175,297122
2020-03-17 12:30:00,7.17,7.29,6.955,6.97,185764
2020-03-17 13:30:00,6.98,7.94,6.96,7.79,302945
2020-03-17 14:30:00,7.8,8.0,7.74,7.82,338871
2020-03-17 15:30:00,7.815,8.03,7.8,7.98,357273
2020-04-13 09:30:00,9.15,9.15,8.84,8.89,198438
2020-04-13 10:30:00,8.89,8.965,8.84,8.965,90900
2020-04-13 11:30:00,8.96,9.1,8.91,9.065,83287
2020-04-13 12:30:00,9.06,9.065,8.87,8.9,76420
2020-04-13 13:30:00,8.9,8.985,8.89,8.92,86220
2020-04-13 14:30:00,8.92,8.96,8.83,8.96,134747
2020-04-13 15:30:00,8.96,9.02,8.9338,8.99,249850
2020-04-14 09:30:00,9.23,9.4,9.1,9.28,172718
2020-04-14 10:30:00,9.28,9.28,9.03,9.16,135723
2020-04-14 11:30:00,9.165,9.26,9.165,9.21,86381
2020-04-14 12:30:00,9.2107,9.22,9.08,9.2,97466
2020-04-14 13:30:00,9.2,9.2441,9.085,9.09,116838
2020-04-14 14:30:00,9.1,9.135,9.015,9.12,213433
2020-04-14 15:30:00,9.125,9.21,9.095,9.12,258867
2020-04-15 09:30:00,8.77,8.81,8.56,8.59,212954
2020-04-15 10:30:00,8.59,8.67,8.505,8.61,239504
2020-04-15 11:30:00,8.6,8.635,8.52,8.55,103563
2020-04-15 12:30:00,8.55,8.68,8.55,8.64,136440
2020-04-15 13:30:00,8.64,8.72,8.58,8.69,140975
2020-04-15 14:30:00,8.7,8.73,8.65,8.685,199539
2020-04-15 15:30:00,8.68,8.69,8.59,8.64,264465
2020-04-16 09:30:00,8.81,8.89,8.61,8.788,168308
2020-04-16 10:30:00,8.785,9.03,8.76,8.95,110348
2020-04-16 11:30:00,8.96,9.07,8.86,8.93,117301
2020-04-16 12:30:00,8.92,8.96,8.835,8.96,89213
2020-04-16 13:30:00,8.95,9.07,8.885,9.06,141007
2020-04-16 14:30:00,9.06,9.105,9.0,9.097,131236
2020-04-16 15:30:00,9.09,9.225,9.09,9.18,214888
2020-04-17 09:30:00,9.55,9.65,9.34,9.34,260740
2020-04-17 10:30:00,9.34,9.37,9.2,9.23,226195
2020-04-17 11:30:00,9.225,9.2794,9.2,9.22,67571
2020-04-17 12:30:00,9.23,9.36,9.2212,9.245,81548
2020-04-17 13:30:00,9.25,9.29,9.21,9.24,75964
2020-04-17 14:30:00,9.23,9.49,9.225,9.46,168212
2020-04-17 15:30:00,9.465,9.5,9.39,9.44,207880
2020-04-20 09:30:00,9.15,9.31,9.02,9.2068,110923
2020-04-20 10:30:00,9.22,9.34,9.22,9.25,87219
2020-04-20 11:30:00,9.25,9.36,9.195,9.33,52425
2020-04-20 12:30:00,9.3482,9.3699,9.22,9.24,38716
2020-04-20 13:30:00,9.24,9.31,9.19,9.21,91487
2020-04-20 14:30:00,9.205,9.29,9.18,9.23,95317
2020-04-20 15:30:00,9.23,9.26,9.19,9.23,142936
2020-04-21 09:30:00,8.92,9.1,8.87,9.02,164888
2020-04-21 10:30:00,9.02,9.04,8.73,8.75,134359
2020-04-21 11:30:00,8.76,8.86,8.73,8.8353,114574
2020-04-21 12:30:00,8.83,8.87,8.74,8.87,62728
2020-04-21 13:30:00,8.86,8.91,8.8,8.86,71203
2020-04-21 14:30:00,8.87,8.8811,8.76,8.84,117421
2020-04-21 15:30:00,8.83,8.88,8.77,8.77,162048
2020-04-23 09:30:00,9.16,9.46,9.1,9.2757,193460
2020-04-23 10:30:00,9.28,9.33,9.26,9.315,71114
2020-04-23 11:30:00,9.31,9.31,9.23,9.28,69535
2020-04-23 12:30:00,9.2888,9.29,9.06,9.22,126566
2020-04-23 13:30:00,9.2167,9.24,9.11,9.185,69205
2020-04-23 14:30:00,9.19,9.26,9.16,9.215,87215
2020-04-23 15:30:00,9.215,9.27,9.15,9.17,207452
2020-04-24 09:30:00,9.17,9.4,9.124,9.16,176518
2020-04-24 10:30:00,9.16,9.31,9.16,9.3,120996
2020-04-24 11:30:00,9.3,9.4,9.28,9.4,91730
2020-04-24 12:30:00,9.392,9.43,9.35,9.36,74492
2020-04-24 13:30:00,9.36,9.42,9.33,9.355,85902
2020-04-24 14:30:00,9.35,9.43,9.33,9.43,84939
2020-04-24 15:30:00,9.42,9.49,9.395,9.41,173232
2020-04-27 09:30:00,9.72,10.2755,9.57,10.23,484205
2020-04-27 10:30:00,10.22,10.25,10.11,10.205,245865
2020-04-27 11:30:00,10.205,10.2699,10.08,10.085,164377
2020-04-27 12:30:00,10.085,10.17,10.0325,10.0565,131237
2020-04-27 13:30:00,10.05,10.19,10.05,10.13,184455
2020-04-27 14:30:00,10.135,10.29,10.13,10.2,285069
2020-04-27 15:30:00,10.205,10.25,10.17,10.19,352758
2020-04-28 09:30:00,10.65,10.78,9.52,9.82,1295577
2020-04-28 10:30:00,9.82,9.82,9.17,9.3864,850486
2020-04-28 11:30:00,9.38,9.62,9.33,9.5,492160
2020-04-28 12:30:00,9.49,9.73,9.45,9.6713,262895
2020-04-28 13:30:00,9.665,9.725,9.5822,9.71,186361
2020-04-28 14:30:00,9.71,9.71,9.5,9.59,468049
2020-04-28 15:30:00,9.585,9.68,9.55,9.56,480059
2020-04-29 09:30:00,9.66,10.25,9.61,10.19,431921
2020-04-29 10:30:00,10.2,10.34,10.145,10.32,256546
2020-04-29 11:30:00,10.315,10.482,10.2891,10.43,238019
2020-04-29 12:30:00,10.43,10.62,10.429,10.565,236783
2020-04-29 13:30:00,10.56,10.64,10.49,10.6398,217392
2020-04-29 14:30:00,10.64,10.8,10.525,10.56,377848
2020-04-29 15:30:00,10.57,10.62,10.48,10.535,432514
2020-04-30 09:30:00,10.42,10.445,9.92,9.98,312803
2020-04-30 10:30:00,9.99,10.2,9.965,10.11,204568
2020-04-30 11:30:00,10.105,10.175,9.98,9.99,141297
2020-04-30 12:30:00,9.99,10.185,9.97,10.115,199574
2020-04-30 13:30:00,10.11,10.12,9.895,9.94,152971
2020-04-30 14:30:00,9.945,9.97,9.88,9.96,137103
2020-04-30 15:30:00,9.97,9.98,9.86,9.87,267703
2020-05-01 09:30:00,9.55,9.71,9.47,9.61,309151
2020-05-01 10:30:00,9.62,9.7,9.58,9.6,103408
2020-05-01 11:30:00,9.6,9.62,9.38,9.51,191422
2020-05-01 12:30:00,9.505,9.56,9.45,9.52,93643
2020-05-01 13:30:00,9.525,9.61,9.505,9.605,127492
2020-05-01 14:30:00,9.61,9.695,9.5864,9.66,121516
2020-05-01 15:30:00,9.655,9.74,9.63,9.73,310584
2020-05-04 09:30:00,9.61,9.72,9.45,9.675,172956
2020-05-04 10:30:00,9.675,9.68,9.5,9.515,140175
2020-05-04 11:30:00,9.5139,9.585,9.51,9.575,81645
2020-05-04 12:30:00,9.58,9.59,9.5,9.56,133007
2020-05-04 13:30:00,9.56,9.58,9.47,9.525,172676
2020-05-04 14:30:00,9.53,9.7,9.51,9.68,204581
2020-05-04 15:30:00,9.68,9.75,9.68,9.73,186373
2020-06-01 09:30:00,10.6,10.64,10.3574,10.64,131105
2020-06-01 10:30:00,10.64,10.7,10.45,10.47,93517
2020-06-01 11:30:00,10.47,10.51,10.44,10.49,71002
2020-06-01 12:30:00,10.5,10.61,10.495,10.59,61123
2020-06-01 13:30:00,10.5843,10.61,10.485,10.5,57124
2020-06-01 14:30:00,10.5,10.58,10.48,10.515,84174
2020-06-01 15:30:00,10.51,10.57,10.45,10.47,162673
2020-06-02 09:30:00,10.57,10.61,10.43,10.49,153026
2020-06-02 10:30:00,10.49,10.49,10.275,10.375,172797
2020-06-02 11:30:00,10.3891,10.42,10.34,10.37,148236
2020-06-02 12:30:00,10.3833,10.48,10.36,10.475,77229
2020-06-02 13:30:00,10.47,10.6,10.47,10.58,93170
2020-06-02 14:30:00,10.5829,10.62,10.5,10.56,161071
2020-06-02 15:30:00,10.5517,10.61,10.54,10.6,210786
2020-06-03 09:30:00,10.79,11.1,10.79,11.089,211599
2020-06-03 10:30:00,11.08,11.44,11.0666,11.4,232069
2020-06-03 11:30:00,11.4,11.49,11.4,11.425,165035
2020-06-03 12:30:00,11.43,11.485,11.39,11.4687,115905
2020-06-03 13:30:00,11.4632,11.4715,11.39,11.4,125008
2020-06-03 14:30:00,11.395,11.42,11.35,11.375,123735
2020-06-03 15:30:00,11.375,11.43,11.333,11.41,315602
2020-06-04 09:30:00,11.35,11.65,11.35,11.61,352844
2020-06-04 10:30:00,11.61,11.92,11.61,11.7019,376092
2020-06-04 11:30:00,11.7019,11.75,11.58,11.7,136690
2020-06-04 12:30:00,11.684,11.73,11.58,11.68,163802
2020-06-04 13:30:00,11.69,11.785,11.68,11.7,85339
2020-06-04 14:30:00,11.705,11.74,11.66,11.66,208478
2020-06-04 15:30:00,11.655,11.75,11.595,11.74,217003
2020-06-05 09:30:00,12.0,12.715,11.99,12.64,476915
2020-06-05 10:30:00,12.65,12.91,12.635,12.895,328639
2020-06-05 11:30:00,12.9,13.09,12.86,12.95,539148
2020-06-05 12:30:00,12.96,13.06,12.76,12.82,196562
2020-06-05 13:30:00,12.82,12.83,12.66,12.68,177341
2020-06-05 14:30:00,12.68,12.74,12.565,12.6,208043
2020-06-05 15:30:00,12.61,12.62,12.51,12.54,239890
2020-06-08 09:30:00,13.0,13.02,12.75,12.855,357713
2020-06-08 10:30:00,12.8569,12.99,12.825,12.955,152562
2020-06-08 11:30:00,12.955,12.9604,12.85,12.9315,122911
2020-06-08 12:30:00,12.92,12.97,12.83,12.84,127858
2020-06-08 13:30:00,12.845,12.8579,12.72,12.77,149153
2020-06-08 14:30:00,12.76,12.79,12.64,12.7111,144605
2020-06-08 15:30:00,12.73,12.76,12.695,12.72,225113
2020-06-09 09:30:00,12.48,12.5664,12.3186,12.5,234959
2020-06-09 10:30:00,12.49,12.72,12.49,12.62,199270
2020-06-09 11:30:00,12.6342,12.6887,12.58,12.6487,100745
2020-06-09 12:30:00,12.6499,12.76,12.625,12.76,84434
2020-06-09 13:30:00,12.77,12.81,12.68,12.7,99031
2020-06-09 14:30:00,12.695,12.74,12.665,12.74,144056
2020-06-09 15:30:00,12.735,12.76,12.6,12.62,200326
2020-07-13 09:30:00,12.36,12.52,12.275,12.35,175381
2020-07-13 10:30:00,12.36,12.36,12.24,12.35,83075
2020-07-13 11:30:00,12.36,12.4,12.3,12.3402,49138
2020-07-13 12:30:00,12.3401,12.45,12.33,12.4087,51553
2020-07-13 13:30:00,12.405,12.48,12.23,12.23,139108
2020-07-13 14:30:00,12.24,12.335,12.19,12.205,158442
2020-07-13 15:30:00,12.195,12.2281,11.95,11.96,293051
2020-07-14 09:30:00,11.92,12.08,11.765,11.9,214502
2020-07-14 10:30:00,11.91,12.015,11.8501,11.995,133925
2020-07-14 11:30:00,11.99,12.16,11.97,12.075,107696
2020-07-14 12:30:00,12.07,12.09,11.97,12.01,44157
2020-07-14 13:30:00,12.01,12.1722,12.0,12.155,82978
2020-07-14 14:30:00,12.16,12.18,12.1,12.175,73280
2020-07-14 15:30:00,12.175,12.26,12.17,12.24,125325
2020-07-15 09:30:00,12.36,12.47,12.12,12.21,205160
2020-07-15 10:30:00,12.2,12.32,12.085,12.17,116638
2020-07-15 11:30:00,12.17,12.18,12.0,12.1,84691
2020-07-15 12:30:00,12.1,12.1641,12.07,12.155,68124
2020-07-15 13:30:00,12.16,12.28,12.15,12.2496,97639
2020-07-15 14:30:00,12.25,12.26,12.15,12.22,81232
2020-07-15 15:30:00,12.22,12.26,12.17,12.17,108184
2020-07-16 09:30:00,12.06,12.155,11.95,12.04,116317
2020-07-16 10:30:00,12.04,12.14,12.0354,12.0755,75063
2020-07-16 11:30:00,12.07,12.14,12.06,12.095,75635
2020-07-16 12:30:00,12.095,12.16,12.075,12.155,52165
2020-07-16 13:30:00,12.15,12.19,12.09,12.185,56354
2020-07-16 14:30:00,12.1821,12.2,12.1,12.1565,81347
2020-07-16 15:30:00,12.18,12.235,12.17,12.22,154861
2020-07-17 09:30:00,12.27,12.29,12.1,12.15,97380
2020-07-17 10:30:00,12.155,12.23,12.12,12.205,51332
2020-07-17 11:30:00,12.205,12.2536,12.175,12.2,43160
2020-07-17 12:30:00,12.2,12.2112,12.11,12.13,53664
2020-07-17 13:30:00,12.125,12.19,12.1,12.15,42089
2020-07-17 14:30:00,12.1619,12.17,12.11,12.15,51143
2020-07-17 15:30:00,12.14,12.16,12.13,12.15,88367
2020-07-20 09:30:00,12.32,12.32,12.145,12.26,119283
2020-07-20 10:30:00,12.265,12.33,12.25,12.2826,72587
2020-07-20 11:30:00,12.3091,12.345,12.27,12.2788,88672
2020-07-20 12:30:00,12.28,12.33,12.25,12.28,42638
2020-07-20 13:30:00,12.29,12.39,12.28,12.39,68874
2020-07-20 14:30:00,12.38,12.385,12.29,12.3325,89401
2020-07-20 15:30:00,12.3308,12.34,12.3,12.3,146745
2020-07-21 09:30:00,12.51,12.55,12.205,12.22,174412
2020-07-21 10:30:00,12.23,12.275,12.171,12.255,75753
2020-07-21 11:30:00,12.26,12.26,12.19,12.235,38184
2020-07-21 12:30:00,12.24,12.28,12.23,12.26,46578
2020-07-21 13:30:00,12.26,12.305,12.25,12.29,41000
2020-07-21 14:30:00,12.29,12.3,12.255,12.27,121804
2020-07-21 15:30:00,12.275,12.295,12.21,12.29,142496
2020-07-23 09:30:00,12.16,12.58,12.15,12.52,286861
2020-07-23 10:30:00,12.525,12.96,12.5039,12.95,402073
2020-07-23 11:30:00,12.96,12.985,12.86,12.9,176569
2020-07-23 12:30:00,12.9,12.9,12.66,12.67,129456
2020-07-23 13:30:00,12.665,12.67,12.46,12.515,199597
2020-07-23 14:30:00,12.515,12.71,12.44,12.64,234956
2020-07-23 15:30:00,12.64,12.69,12.6,12.64,126885
2020-07-24 09:30:00,12.68,12.72,12.11,12.31,331554
2020-07-24 10:30:00,12.31,12.38,12.25,12.26,91530
2020-07-24 11:30:00,12.26,12.34,12.2,12.205,130845
2020-07-24 12:30:00,12.21,12.23,12.12,12.17,178627
2020-07-24 13:30:00,12.16,12.24,12.15,12.24,75142
2020-07-24 14:30:00,12.25,12.255,12.12,12.135,212027
2020-07-24 15:30:00,12.135,12.19,12.07,12.08,193558
2020-07-27 09:30:00,12.12,13.35,12.12,13.21,688103
2020-07-27 10:30:00,13.215,13.59,13.17,13.395,555420
2020-07-27 11:30:00,13.3997,13.4863,13.305,13.38,248367
2020-07-27 12:30:00,13.38,13.41,13.285,13.3187,267101
2020-07-27 13:30:00,13.32,13.38,13.28,13.38,213492
2020-07-27 14:30:00,13.3899,13.63,13.3509,13.57,474115
2020-07-27 15:30:00,13.565,13.695,13.53,13.62,646577
2020-07-28 09:30:00,15.44,15.8,13.88,14.2399,3398559
2020-07-28 10:30:00,14.23,14.4,13.72,14.3987,1471747
2020-07-28 11:30:00,14.3923,14.51,14.09,14.32,741181
2020-07-28 12:30:00,14.31,14.36,14.1,14.3248,341386
2020-07-28 13:30:00,14.321,14.49,14.11,14.14,375119
2020-07-28 14:30:00,14.14,14.365,14.1,14.34,379128
2020-07-28 15:30:00,14.3453,14.455,14.26,14.31,538231
2020-07-29 09:30:00,14.4,14.48,13.78,13.9913,578249
2020-07-29 10:30:00,13.99,14.275,13.965,14.26,215344
2020-07-29 11:30:00,14.26,14.2687,14.0433,14.195,151164
2020-07-29 12:30:00,14.205,14.27,14.2,14.265,117690
2020-07-29 13:30:00,14.26,14.3538,14.22,14.315,169966
2020-07-29 14:30:00,14.32,14.47,14.2,14.28,330605
2020-07-29 15:30:00,14.28,14.32,14.0804,14.16,448753
2020-07-30 09:30:00,13.9,14.0,13.75,13.86,446440
2020-07-30 10:30:00,13.8521,14.085,13.83,14.04,402980
2020-07-30 11:30:00,14.04,14.17,13.99,14.015,148649
2020-07-30 12:30:00,14.02,14.1,13.98,14.03,91487
2020-07-30 13:30:00,14.035,14.15,14.01,14.1,103511
2020-07-30 14:30:00,14.09,14.13,14.05,14.125,90869
2020-07-30 15:30:00,14.125,14.19,14.09,14.17,206943
2020-07-31 09:30:00,14.34,14.34,13.67,13.72,232484
2020-07-31 10:30:00,13.715,13.79,13.55,13.6713,179075
2020-07-31 11:30:00,13.675,13.68,13.45,13.535,188452
2020-07-31 12:30:00,13.53,13.55,13.392,13.54,161049
2020-07-31 13:30:00,13.54,13.56,13.395,13.445,154263
2020-07-31 14:30:00,13.45,13.552,13.43,13.52,139221
2020-07-31 15:30:00,13.51,13.6,13.475,13.6,257296
2020-08-03 09:30:00,13.84,13.99,13.7,13.7799,237897
2020-08-03 10:30:00,13.77,13.82,13.68,13.79,173234
2020-08-03 11:30:00,13.79,13.91,13.79,13.85,138777
2020-08-03 12:30:00,13.84,13.89,13.8013,13.88,95984
2020-08-03 13:30:00,13.885,13.94,13.825,13.89,130352
2020-08-03 14:30:00,13.9008,13.9008,13.81,13.84,130153
2020-08-03 15:30:00,13.8289,13.85,13.74,13.75,261814
2020-08-31 09:30:00,12.61,12.67,12.22,12.25,173372
2020-08-31 10:30:00,12.2406,12.297,12.13,12.165,128774
2020-08-31 11:30:00,12.17,12.32,12.16,12.31,101184
2020-08-31 12:30:00,12.305,12.36,12.29,12.33,60081
2020-08-31 13:30:00,12.327,12.35,12.275,12.34,72955
2020-08-31 14:30:00,12.33,12.35,12.25,12.27,57237
2020-08-31 15:30:00,12.262,12.265,12.19,12.2,154553
2020-09-01 09:30:00,12.24,12.4187,12.15,12.37,264763
2020-09-01 10:30:00,12.37,12.45,12.17,12.17,140918
2020-09-01 11:30:00,12.175,12.35,12.17,12.33,137117
2020-09-01 12:30:00,12.33,12.38,12.3,12.33,95624
2020-09-01 13:30:00,12.335,12.44,12.31,12.43,84228
2020-09-01 14:30:00,12.42,12.48,12.41,12.445,82377
2020-09-01 15:30:00,12.44,12.5,12.43,12.5,127734
2020-09-02 09:30:00,12.58,12.77,12.5,12.76,162588
2020-09-02 10:30:00,12.7587,12.79,12.5913,12.6017,76555
2020-09-02 11:30:00,12.61,12.65,12.54,12.59,60878
2020-09-02 12:30:00,12.59,12.61,12.55,12.6,39328
2020-09-02 13:30:00,12.6087,12.66,12.5932,12.65,48203
2020-09-02 14:30:00,12.64,12.78,12.63,12.755,95016
2020-09-02 15:30:00,12.75,12.82,12.735,12.77,126318
2020-09-03 09:30:00,12.59,12.675,11.9399,12.005,290332
2020-09-03 10:30:00,12.01,12.075,11.82,11.98,200710
2020-09-03 11:30:00,11.97,12.08,11.9,11.97,117457
2020-09-03 12:30:00,11.96,12.01,11.85,11.965,137657
2020-09-03 13:30:00,11.96,11.96,11.8353,11.891,76817
2020-09-03 14:30:00,11.895,11.97,11.84,11.885,121098
2020-09-03 15:30:00,11.885,11.94,11.84,11.89,228800
2020-09-04 09:30:00,11.9,12.01,11.38,11.39,333361
2020-09-04 10:30:00,11.3801,11.4,11.13,11.275,314318
2020-09-04 11:30:00,11.29,11.52,11.29,11.49,133767
2020-09-04 12:30:00,11.4967,11.53,11.38,11.39,94664
2020-09-04 13:30:00,11.38,11.49,11.345,11.45,98482
2020-09-04 14:30:00,11.44,11.74,11.42,11.735,184938
2020-09-04 15:30:00,11.73,11.745,11.5,11.5,218835
2020-09-08 09:30:00,11.15,11.2717,10.925,11.2717,350518
2020-09-08 10:30:00,11.1776,11.27,11.01,11.055,149050
2020-09-08 11:30:00,11.0448,11.079,10.91,10.95,147918
2020-09-08 12:30:00,10.9571,10.97,10.9,10.925,117637
2020-09-08 13:30:00,10.9378,10.97,10.86,10.86,149475
2020-09-08 14:30:00,10.8837,12.6,10.76,10.87,169429
2020-09-08 15:30:00,10.86,10.87,10.71,10.715,212400
2020-09-10 09:30:00,11.29,11.4,11.07,11.11,169474
2020-09-10 10:30:00,11.1,11.16,11.04,11.15,101978
2020-09-10 11:30:00,11.145,11.17,11.08,11.13,123461
2020-09-10 12:30:00,11.1209,11.17,11.08,11.105,69773
2020-09-10 13:30:00,11.1389,11.155,10.99,10.99,97241
2020-09-10 14:30:00,11.0275,11.075,10.97,11.0,144555
2020-09-10 15:30:00,11.0056,11.075,10.96,10.97,173780
2020-09-11 09:30:00,11.2406,11.25,11.025,11.175,194730
2020-09-11 10:30:00,11.175,11.2099,11.1,11.1287,76897
2020-09-11 11:30:00,11.12,11.12,11.0313,11.06,68245
2020-09-11 12:30:00,11.05,11.055,10.91,10.91,110986
2020-09-11 13:30:00,10.915,10.95,10.84,10.88,98010
2020-09-11 14:30:00,10.8874,10.96,10.8497,10.95,98656
2020-09-11 15:30:00,10.95,10.96,10.88,10.89,152523
2020-09-14 09:30:00,11.54,11.87,11.36,11.435,404221
2020-09-14 10:30:00,11.44,11.48,11.33,11.394,170989
2020-09-14 11:30:00,11.4,11.4898,11.3817,11.42,109943
2020-09-14 12:30:00,11.409,11.49,11.4,11.425,72262
2020-09-14 13:30:00,11.425,11.52,11.36,11.47,148189
2020-09-14 14:30:00,11.47,11.5066,11.44,11.49,115459
2020-09-14 15:30:00,11.495,11.56,11.47,11.53,196978
2020-09-15 09:30:00,11.66,11.78,11.45,11.54,187350
2020-09-15 10:30:00,11.535,11.57,11.48,11.51,195635
2020-09-15 11:30:00,11.52,11.54,11.42,11.48,83444
2020-09-15 12:30:00,11.47,11.52,11.45,11.46,80449
2020-09-15 13:30:00,11.46,11.52,11.44,11.47,70854
2020-09-15 14:30:00,11.47,11.5,11.43,11.43,116305
2020-09-15 15:30:00,11.43,11.4359,11.39,11.41,123075
2020-09-16 09:30:00,11.47,11.63,11.44,11.6,156885
2020-09-16 10:30:00,11.61,11.64,11.55,11.57,143770
2020-09-16 11:30:00,11.565,11.57,11.49,11.55,119241
2020-09-16 12:30:00,11.54,11.55,11.465,11.515,214502
2020-09-16 13:30:00,11.51,11.57,11.4861,11.535,74035
2020-09-16 14:30:00,11.53,11.61,11.52,11.55,352912
2020-09-16 15:30:00,11.54,11.56,11.485,11.5,140933
2020-09-17 09:30:00,11.18,11.3,11.01,11.25,234776
2020-09-17 10:30:00,11.25,11.43,11.24,11.3849,193851
2020-09-17 11:30:00,11.39,11.41,11.34,11.3489,80011
2020-09-17 12:30:00,11.34,11.435,11.33,11.42,164703
2020-09-17 13:30:00,11.42,11.56,11.4,11.45,251369
2020-09-17 14:30:00,11.45,11.52,11.44,11.44,294012
2020-09-17 15:30:00,11.445,11.505,11.44,11.48,180181
2020-09-18 09:30:00,11.62,11.65,11.44,11.57,445696
2020-09-18 10:30:00,11.565,11.57,11.48,11.51,187742
2020-09-18 11:30:00,11.51,11.515,11.4,11.44,141977
2020-09-18 12:30:00,11.43,11.44,11.19,11.19,123108
2020-09-18 13:30:00,11.19,11.26,11.16,11.25,62123
2020-09-18 14:30:00,11.25,11.3,11.24,11.3,84947
2020-09-18 15:30:00,11.29,11.3,11.22,11.27,319224
2020-10-12 09:30:00,12.85,12.93,12.79,12.865,147594
2020-10-12 10:30:00,12.86,12.86,12.75,12.755,88743
2020-10-12 11:30:00,12.76,12.795,12.71,12.79,58078
2020-10-12 12:30:00,12.7863,12.8,12.71,12.74,40207
2020-10-12 13:30:00,12.745,12.76,12.67,12.7521,75788
2020-10-12 14:30:00,12.76,12.84,12.7511,12.83,99755
2020-10-12 15:30:00,12.83,12.84,12.8,12.84,132425
2020-10-13 09:30:00,12.85,12.8818,12.75,12.865,138720
2020-10-13 10:30:00,12.8589,12.89,12.81,12.865,42165
2020-10-13 11:30:00,12.86,12.905,12.8,12.83,49772
2020-10-13 12:30:00,12.825,12.855,12.8,12.8213,53113
2020-10-13 13:30:00,12.82,12.84,12.76,12.775,57300
2020-10-13 14:30:00,12.775,12.86,12.76,12.85,79394
2020-10-13 15:30:00,12.84,12.87,12.78,12.79,133872
2020-10-14 09:30:00,12.8,13.01,12.79,12.916,201779
2020-10-14 10:30:00,12.915,12.96,12.89,12.9319,122426
2020-10-14 11:30:00,12.94,12.94,12.78,12.7899,149075
2020-10-14 12:30:00,12.7895,12.81,12.76,12.79,70060
2020-10-14 13:30:00,12.795,12.8,12.72,12.7323,78592
2020-10-14 14:30:00,12.74,12.87,12.7,12.84,144234
2020-10-14 15:30:00,12.835,12.87,12.77,12.78,148892
2020-10-15 09:30:00,12.51,12.69,12.41,12.59,164243
2020-10-15 10:30:00,12.59,12.72,12.57,12.71,108269
2020-10-15 11:30:00,12.71,12.77,12.6995,12.765,90139
2020-10-15 12:30:00,12.76,12.86,12.75,12.84,87505
2020-10-15 13:30:00,12.845,12.87,12.82,12.8367,62798
2020-10-15 14:30:00,12.83,12.9,12.81,12.89,116524
2020-10-15 15:30:00,12.895,12.93,12.87,12.9,131194
2020-10-16 09:30:00,12.96,13.03,12.875,12.96,131912
2020-10-16 10:30:00,12.96,13.0,12.905,12.92,128820
2020-10-16 11:30:00,12.925,12.94,12.87,12.9,117405
2020-10-16 12:30:00,12.895,12.91,12.81,12.89,97891
2020-10-16 13:30:00,12.89,12.91,12.86,12.895,53604
2020-10-16 14:30:00,12.8897,12.91,12.84,12.85,69040
2020-10-16 15:30:00,12.85,12.87,12.79,12.79,171459
2020-10-19 09:30:00,12.99,13.1,12.93,13.035,158628
2020-10-19 10:30:00,13.03,13.07,12.91,12.93,156825
2020-10-19 11:30:00,12.92,12.94,12.87,12.89,123902
2020-10-19 12:30:00,12.89,12.9,12.85,12.865,86048
2020-10-19 13:30:00,12.87,12.88,12.84,12.87,134881
2020-10-19 14:30:00,12.88,12.88,12.7,12.75,165587
2020-10-19 15:30:00,12.745,12.78,12.68,12.7,270699
2020-10-20 09:30:00,12.99,13.07,12.84,13.04,240354
2020-10-20 10:30:00,13.03,13.08,12.99,13.08,148485
2020-10-20 11:30:00,13.08,13.12,13.06,13.12,118153
2020-10-20 12:30:00,13.115,13.22,13.11,13.175,198161
2020-10-20 13:30:00,13.175,13.22,13.15,13.165,118731
2020-10-20 14:30:00,13.17,13.22,13.06,13.12,191841
2020-10-20 15:30:00,13.12,13.16,13.08,13.15,247920
2020-10-22 09:30:00,13.25,13.36,13.03,13.05,237529
2020-10-22 10:30:00,13.06,13.0616,12.92,13.02,136567
2020-10-22 11:30:00,13.03,13.04,12.965,12.975,97103
2020-10-22 12:30:00,12.98,13.06,12.95,13.06,88948
2020-10-22 13:30:00,13.065,13.12,13.045,13.1,87164
2020-10-22 14:30:00,13.09,13.145,13.07,13.125,80081
2020-10-22 15:30:00,13.125,13.15,13.085,13.11,170850
2020-10-23 09:30:00,13.3,13.34,13.06,13.1,203999
2020-10-23 10:30:00,13.1,13.12,12.97,12.995,162443
2020-10-23 11:30:00,12.99,13.045,12.97,12.98,179948
2020-10-23 12:30:00,12.9737,13.17,12.97,13.1262,118963
2020-10-23 13:30:00,13.12,13.18,13.09,13.16,61389
2020-10-23 14:30:00,13.17,13.25,13.14,13.235,118475
2020-10-23 15:30:00,13.23,13.305,13.21,13.3,360612
2020-10-26 09:30:00,13.21,13.4,13.11,13.22,407233
2020-10-26 10:30:00,13.225,13.235,13.08,13.095,304625
2020-10-26 11:30:00,13.095,13.105,13.035,13.09,105750
2020-10-26 12:30:00,13.085,13.1,13.02,13.05,139372
2020-10-26 13:30:00,13.04,13.38,13.02,13.375,398461
2020-10-26 14:30:00,13.375,13.38,13.28,13.295,387532
2020-10-26 15:30:00,13.3,13.42,13.28,13.4089,545043
2020-10-27 09:30:00,12.68,12.8,11.24,11.64,1905900
2020-10-27 10:30:00,11.63,11.93,11.606,11.755,641736
2020-10-27 11:30:00,11.7589,11.7589,11.54,11.61,332228
2020-10-27 12:30:00,11.6,11.62,11.41,11.46,315172
2020-10-27 13:30:00,11.46,11.5,11.28,11.47,548587
2020-10-27 14:30:00,11.465,11.55,11.35,11.4,495829
2020-10-27 15:30:00,11.4,11.42,11.21,11.24,746170
2020-10-28 09:30:00,10.87,11.42,10.83,11.17,557478
2020-10-28 10:30:00,11.161,11.34,11.14,11.3398,213392
2020-10-28 11:30:00,11.33,11.365,11.28,11.29,129810
2020-10-28 12:30:00,11.295,11.33,11.24,11.31,171871
2020-10-28 13:30:00,11.32,11.47,11.3,11.46,224890
2020-10-28 14:30:00,11.4689,11.76,11.39,11.71,404724
2020-10-28 15:30:00,11.71,11.75,11.54,11.55,544793
2020-10-29 09:30:00,11.57,11.67,11.4576,11.625,335623
2020-10-29 10:30:00,11.628,11.765,11.615,11.75,143853
2020-10-29 11:30:00,11.74,11.755,11.63,11.645,192003
2020-10-29 12:30:00,11.645,11.7389,11.59,11.641,224060
2020-10-29 13:30:00,11.645,11.76,11.59,11.76,227264
2020-10-29 14:30:00,11.75,11.795,11.71,11.78,256538
2020-10-29 15:30:00,11.775,11.82,11.72,11.75,327035
2020-10-30 09:30:00,11.69,11.92,11.605,11.82,269247
2020-10-30 10:30:00,11.82,11.8421,11.73,11.745,238680
2020-10-30 11:30:00,11.74,11.8,11.725,11.79,136223
2020-10-30 12:30:00,11.7811,11.8,11.72,11.76,108117
2020-10-30 13:30:00,11.75,11.79,11.695,11.725,168287
2020-10-30 14:30:00,11.72,11.77,11.68,11.75,151111
2020-10-30 15:30:00,11.74,11.85,11.7017,11.85,252454
2020-11-02 09:30:00,12.0,12.04,11.82,11.925,186379
2020-11-02 10:30:00,11.9211,11.9291,11.73,11.77,158029
2020-11-02 11:30:00,11.77,11.84,11.72,11.84,101236
2020-11-02 12:30:00,11.845,11.845,11.7,11.76,103060
2020-11-02 13:30:00,11.76,11.77,11.701,11.7611,98126
2020-11-02 14:30:00,11.7648,11.87,11.75,11.84,113631
2020-11-02 15:30:00,11.85,11.87,11.79,11.82,187609
2020-11-03 09:30:00,11.97,12.25,11.9424,12.15,288212
2020-11-03 10:30:00,12.15,12.18,11.96,11.9711,189023
2020-11-03 11:30:00,11.96,12.04,11.9202,12.035,97441
2020-11-03 12:30:00,12.0192,12.11,12.0192,12.085,89328
2020-11-03 13:30:00,12.09,12.17,12.051,12.1621,82458
2020-11-03 14:30:00,12.15,12.2,12.11,12.16,126827
2020-11-03 15:30:00,12.154,12.23,12.14,12.16,177935
2020-11-04 09:30:00,12.22,12.287,12.01,12.235,176648
2020-11-04 10:30:00,12.24,12.26,12.155,12.25,101358
2020-11-04 11:30:00,12.255,12.46,12.2173,12.43,87501
2020-11-04 12:30:00,12.435,12.49,12.4099,12.43,83459
2020-11-04 13:30:00,12.43,12.5,12.415,12.475,129045
2020-11-04 14:30:00,12.475,12.505,12.39,12.39,159243
2020-11-04 15:30:00,12.39,12.5,12.39,12.48,167445
2020-11-05 09:30:00,12.55,12.89,12.51,12.805,315786
2020-11-05 10:30:00,12.8,12.8689,12.775,12.82,158584
2020-11-05 11:30:00,12.825,12.875,12.79,12.8588,98243
2020-11-05 12:30:00,12.86,12.925,12.8,12.92,133215
2020-11-05 13:30:00,12.92,12.96,12.89,12.925,130320
2020-11-05 14:30:00,12.925,12.98,12.8899,12.94,204581
2020-11-05 15:30:00,12.945,13.0,12.92,12.99,189448
2020-11-06 09:30:00,12.9,12.98,12.8,12.96,162272
2020-11-06 10:30:00,12.96,12.9711,12.8,12.82,86407
2020-11-06 11:30:00,12.83,12.875,12.8,12.82,60830
2020-11-06 12:30:00,12.82,12.875,12.8,12.8606,64398
2020-11-06 13:30:00,12.865,12.89,12.84,12.845,60767
2020-11-06 14:30:00,12.845,12.87,12.75,12.78,117292
2020-11-06 15:30:00,12.78,12.79,12.69,12.7,347227
2020-11-09 09:30:00,13.15,13.47,13.1311,13.24,441447
2020-11-09 10:30:00,13.25,13.35,13.175,13.2599,222936
2020-11-09 11:30:00,13.255,13.2648,13.045,13.0886,121027
2020-11-09 12:30:00,13.085,13.15,13.045,13.1,100706
2020-11-09 13:30:00,13.11,13.13,13.065,13.09,101340
2020-11-09 14:30:00,13.09,13.115,12.97,12.985,201407
2020-11-09 15:30:00,12.975,13.02,12.82,12.83,223704
2020-12-07 09:30:00,15.47,15.58,15.325,15.5,228176
2020-12-07 10:30:00,15.495,15.515,15.43,15.48,100021
2020-12-07 11:30:00,15.48,15.59,15.455,15.59,71187
2020-12-07 12:30:00,15.585,15.59,15.495,15.515,56732
2020-12-07 13:30:00,15.515,15.55,15.475,15.52,94794
2020-12-07 14:30:00,15.52,15.53,15.45,15.5,87716
2020-12-07 15:30:00,15.5,15.51,15.47,15.49,218122
2020-12-08 09:30:00,15.42,15.49,15.29,15.295,183181
2020-12-08 10:30:00,15.3,15.38,15.28,15.28,98907
2020-12-08 11:30:00,15.275,15.32,15.26,15.32,103245
2020-12-08 12:30:00,15.3159,15.32,15.26,15.285,102459
2020-12-08 13:30:00,15.285,15.46,15.285,15.43,72506
2020-12-08 14:30:00,15.435,15.46,15.375,15.375,87381
2020-12-08 15:30:00,15.38,15.44,15.37,15.39,198834
2020-12-09 09:30:00,15.36,15.51,15.32,15.385,151264
2020-12-09 10:30:00,15.385,15.3895,15.23,15.2389,100768
2020-12-09 11:30:00,15.2346,15.2346,14.98,15.02,164376
2020-12-09 12:30:00,15.025,15.0269,14.87,14.9,139271
2020-12-09 13:30:00,14.9,14.91,14.782,14.8756,131578
2020-12-09 14:30:00,14.875,14.88,14.71,14.72,141019
2020-12-09 15:30:00,14.7169,14.84,14.715,14.82,190671
2020-12-10 09:30:00,14.69,15.07,14.56,15.045,193685
2020-12-10 10:30:00,15.05,15.085,15.005,15.05,89950
2020-12-10 11:30:00,15.06,15.06,14.96,14.98,70877
2020-12-10 12:30:00,14.98,15.08,14.9701,15.05,85463
2020-12-10 13:30:00,15.06,15.08,15.015,15.04,74920
2020-12-10 14:30:00,15.04,15.07,15.02,15.0489,89745
2020-12-10 15:30:00,15.045,15.135,15.045,15.095,185096
2020-12-11 09:30:00,14.9,15.05,14.8,14.98,187649
2020-12-11 10:30:00,14.97,14.9908,14.81,14.81,106644
2020-12-11 11:30:00,14.8,14.82,14.61,14.6598,131420
2020-12-11 12:30:00,14.6502,14.7,14.6,14.675,101876
2020-12-11 13:30:00,14.68,14.75,14.6772,14.72,57404
2020-12-11 14:30:00,14.72,14.83,14.72,14.8098,50732
2020-12-11 15:30:00,14.805,14.865,14.785,14.82,86295
2020-12-14 09:30:00,15.0,15.27,14.9,15.06,194495
2020-12-14 10:30:00,15.06,15.165,14.975,15.1159,83306
2020-12-14 11:30:00,15.11,15.17,15.08,15.1,33185
2020-12-14 12:30:00,15.1,15.13,15.03,15.07,25087
2020-12-14 13:30:00,15.06,15.15,15.06,15.12,36446
2020-12-14 14:30:00,15.12,15.12,15.055,15.09,54201
2020-12-14 15:30:00,15.09,15.09,14.97,14.97,119308
2020-12-15 09:30:00,15.23,15.41,15.18,15.36,194543
2020-12-15 10:30:00,15.36,15.47,15.32,15.43,92564
2020-12-15 11:30:00,15.44,15.525,15.385,15.485,119612
2020-12-15 12:30:00,15.485,15.55,15.48,15.495,91808
2020-12-15 13:30:00,15.495,15.61,15.495,15.595,93819
2020-12-15 14:30:00,15.6,15.61,15.5,15.505,101297
2020-12-15 15:30:00,15.505,15.58,15.49,15.58,174637
