bar_start,open,high,low,close,volume
2016-01-11 09:30:00,82.98,83.26,82.64,82.83,306367
2016-01-11 10:30:00,82.8,83.15,82.02,82.51,156716
2016-01-11 11:30:00,82.51,82.78,81.89,82.06,105756
2016-01-11 12:30:00,82.045,82.25,81.84,81.8695,85210
2016-01-11 13:30:00,81.85,82.17,81.6,82.11,114789
2016-01-11 14:30:00,82.135,82.34,81.68,82.28,120833
2016-01-11 15:30:00,82.275,82.57,82.21,82.34,169173
2016-01-12 09:30:00,83.35,83.95,82.71,82.87,176741
2016-01-12 10:30:00,82.87,83.17,82.34,82.451,90873
2016-01-12 11:30:00,82.48,82.62,81.91,82.01,66481
2016-01-12 12:30:00,82.02,82.28,81.665,82.0,62763
2016-01-12 13:30:00,82.05,82.374,81.94,82.26,103815
2016-01-12 14:30:00,82.25,82.62,82.06,82.41,183620
2016-01-12 15:30:00,82.4101,82.83,82.32,82.67,167990
2016-01-13 09:30:00,82.75,83.1,82.02,82.34,163590
2016-01-13 10:30:00,82.36,82.36,81.58,81.64,107137
2016-01-13 11:30:00,81.64,81.8884,81.38,81.49,63945
2016-01-13 12:30:00,81.46,81.48,81.11,81.17,97088
2016-01-13 13:30:00,81.17,81.26,80.3975,80.71,105201
2016-01-13 14:30:00,80.67,80.69,79.87,80.22,183722
2016-01-13 15:30:00,80.22,80.3992,80.0,80.01,167436
2016-01-14 09:30:00,82.31,82.44,81.05,81.81,549026
2016-01-14 10:30:00,81.79,82.45,81.26,81.625,175173
2016-01-14 11:30:00,81.66,82.26,81.42,82.19,48762
2016-01-14 12:30:00,82.11,82.81,82.08,82.74,79807
2016-01-14 13:30:00,82.73,83.19,82.4,83.19,207349
2016-01-14 14:30:00,83.2,83.49,82.97,83.23,174479
2016-01-14 15:30:00,83.26,83.26,82.8,82.9,115710
2016-01-15 09:30:00,78.66,79.45,78.39,78.83,554256
2016-01-15 10:30:00,78.81,79.3,78.07,78.43,160735
2016-01-15 11:30:00,78.36,78.55,77.37,77.61,73944
2016-01-15 12:30:00,77.5,77.96,77.1733,77.63,78972
2016-01-15 13:30:00,77.63,77.97,77.43,77.49,92135
2016-01-15 14:30:00,77.48,78.23,77.39,77.92,237048
2016-01-15 15:30:00,77.95,78.01,77.37,77.47,281480
2016-01-19 09:30:00,79.79,80.61,79.56,80.57,447863
2016-01-19 10:30:00,80.56,80.65,79.88,80.25,274912
2016-01-19 11:30:00,80.31,80.79,80.05,80.79,134473
2016-01-19 12:30:00,80.79,80.85,80.33,80.36,93064
2016-01-19 13:30:00,80.3999,80.52,79.55,79.87,105534
2016-01-19 14:30:00,79.87,80.42,79.3,80.32,138744
2016-01-19 15:30:00,80.33,80.86,80.2,80.32,216232
2016-04-14 09:30:00,100.79,100.8,99.85,100.26,231570
2016-04-14 10:30:00,100.28,100.36,99.81,99.91,78480
2016-04-14 11:30:00,99.9,100.43,99.77,100.43,39860
2016-04-14 12:30:00,100.39,100.7,100.34,100.66,27930
2016-04-14 13:30:00,100.64,100.68,100.48,100.48,36919
2016-04-14 14:30:00,100.431,100.56,100.31,100.45,55877
2016-04-14 15:30:00,100.44,100.58,100.25,100.37,45952
2016-04-15 09:30:00,99.87,100.44,99.69,100.3,167920
2016-04-15 10:30:00,100.3,100.56,100.13,100.21,54275
2016-04-15 11:30:00,100.25,100.33,99.91,100.03,39426
2016-04-15 12:30:00,100.0101,100.03,99.65,99.67,34030
2016-04-15 13:30:00,99.68,99.74,99.4201,99.5401,61404
2016-04-15 14:30:00,99.58,99.65,99.41,99.57,82008
2016-04-15 15:30:00,99.57,99.63,99.31,99.55,94093
2016-04-18 09:30:00,98.88,99.92,98.79,99.83,78619
2016-04-18 10:30:00,99.86,100.0305,99.44,99.44,43924
2016-04-18 11:30:00,99.46,99.479,99.11,99.31,17727
2016-04-18 12:30:00,99.37,99.58,99.18,99.23,33425
2016-04-18 13:30:00,99.22,99.33,99.1601,99.19,19833
2016-04-18 14:30:00,99.195,99.34,99.13,99.14,80160
2016-04-18 15:30:00,99.13,99.31,99.12,99.23,54778
2016-04-19 09:30:00,100.24,100.31,99.93,100.3,222147
2016-04-19 10:30:00,100.29,100.74,100.21,100.47,110105
2016-04-19 11:30:00,100.47,100.67,99.59,99.691,88017
2016-04-19 12:30:00,99.71,99.98,99.42,99.775,65288
2016-04-19 13:30:00,99.81,99.89,99.48,99.56,93838
2016-04-19 14:30:00,99.55,99.89,99.35,99.84,99694
2016-04-19 15:30:00,99.84,99.91,99.64,99.75,117317
2016-04-20 09:30:00,99.01,99.56,95.9,96.7,513517
2016-04-20 10:30:00,96.71,96.79,95.91,95.95,244318
2016-04-20 11:30:00,95.96,95.96,95.13,95.24,284744
2016-04-20 12:30:00,95.3,96.57,95.3,96.452,102353
2016-04-20 13:30:00,96.5,97.3,96.242,96.94,548990
2016-04-20 14:30:00,96.99,97.27,96.75,96.95,183187
2016-04-20 15:30:00,96.95,96.97,96.36,96.44,130765
2016-04-21 09:30:00,97.24,97.24,96.0,96.005,192751
2016-04-21 10:30:00,96.03,96.51,95.92,96.13,169993
2016-04-21 11:30:00,96.16,96.16,95.51,95.96,66580
2016-04-21 12:30:00,95.92,96.07,95.86,96.02,15498
2016-04-21 13:30:00,95.9201,96.22,95.9201,96.13,28611
2016-04-21 14:30:00,96.1,96.2,95.85,95.96,46494
2016-04-21 15:30:00,95.96,96.01,95.78,95.83,61951
2016-04-22 09:30:00,95.73,96.47,95.66,96.17,79208
2016-04-22 10:30:00,96.25,96.31,95.68,95.79,48325
2016-04-22 11:30:00,95.77,95.94,95.45,95.45,21352
2016-04-22 12:30:00,95.47,95.64,95.2901,95.44,10111
2016-04-22 13:30:00,95.4401,95.849,95.43,95.76,20001
2016-04-22 14:30:00,95.795,95.8999,95.7,95.82,43234
2016-04-22 15:30:00,95.77,95.88,95.69,95.87,43703
2016-04-25 09:30:00,96.3,96.47,96.14,96.21,108744
2016-04-25 10:30:00,96.23,96.52,96.14,96.4,90795
2016-04-25 11:30:00,96.38,96.43,95.98,96.12,12717
2016-04-25 12:30:00,96.14,96.35,96.05,96.35,15372
2016-04-25 13:30:00,96.31,96.38,95.94,96.1201,15746
2016-04-25 14:30:00,96.1,96.2,95.93,96.01,29381
2016-04-25 15:30:00,96.025,96.19,96.01,96.13,52967
2016-04-26 09:30:00,96.45,96.86,96.36,96.63,106459
2016-04-26 10:30:00,96.55,96.71,96.43,96.67,48775
2016-04-26 11:30:00,96.71,96.98,96.69,96.93,36389
2016-04-26 12:30:00,96.92,96.92,96.64,96.71,19897
2016-04-26 13:30:00,96.73,96.82,96.4898,96.49,31564
2016-04-26 14:30:00,96.47,96.58,96.29,96.39,42917
2016-04-26 15:30:00,96.36,96.4799,96.34,96.41,50625
2016-04-27 09:30:00,97.73,98.05,97.67,97.93,179767
2016-04-27 10:30:00,97.92,98.06,97.83,98.01,75468
2016-04-27 11:30:00,98.02,98.66,98.02,98.63,55169
2016-04-27 12:30:00,98.66,98.84,98.57,98.62,47151
2016-04-27 13:30:00,98.61,99.0,98.04,98.95,62989
2016-04-27 14:30:00,98.97,99.29,98.9001,99.2,83939
2016-04-27 15:30:00,99.22,99.43,99.21,99.24,82416
2016-04-28 09:30:00,98.3,99.28,98.15,99.1298,146192
2016-04-28 10:30:00,99.15,99.58,98.84,98.86,149117
2016-04-28 11:30:00,98.89,99.32,98.89,99.07,127617
2016-04-28 12:30:00,99.04,99.07,98.75,98.84,53882
2016-04-28 13:30:00,98.86,98.93,98.76,98.89,54738
2016-04-28 14:30:00,98.9,98.9,98.04,98.06,151216
2016-04-28 15:30:00,98.06,98.13,97.75,97.99,174648
2016-04-29 09:30:00,98.34,98.56,97.0,97.77,337205
2016-04-29 10:30:00,97.77,98.46,96.46,96.58,173218
2016-04-29 11:30:00,96.55,97.11,96.4201,96.99,57447
2016-04-29 12:30:00,96.98,97.03,96.55,96.9,29525
2016-04-29 13:30:00,96.87,96.87,96.095,96.22,59275
2016-04-29 14:30:00,96.24,96.58,96.05,96.29,50664
2016-04-29 15:30:00,96.33,96.75,96.33,96.59,62511
2016-05-02 09:30:00,96.7,97.21,96.54,96.97,107280
2016-05-02 10:30:00,96.95,97.48,96.94,97.3,107946
2016-05-02 11:30:00,97.31,97.5799,97.09,97.26,39069
2016-05-02 12:30:00,97.29,97.55,97.2001,97.4,34944
2016-05-02 13:30:00,97.3701,97.45,97.2,97.28,21887
2016-05-02 14:30:00,97.31,97.56,97.2736,97.52,36515
2016-05-02 15:30:00,97.51,97.53,97.37,97.45,105255
2016-05-03 09:30:00,95.13,95.19,94.66,94.96,169459
2016-05-03 10:30:00,94.88,94.89,94.18,94.18,102844
2016-05-03 11:30:00,94.19,94.48,94.1,94.302,40544
2016-05-03 12:30:00,94.37,94.67,94.37,94.56,22254
2016-05-03 13:30:00,94.58,94.69,94.37,94.5,29208
2016-05-03 14:30:00,94.52,94.71,94.4401,94.53,92479
2016-05-03 15:30:00,94.51,94.58,94.36,94.42,119516
2016-07-11 09:30:00,99.12,99.4,98.99,99.21,193812
2016-07-11 10:30:00,99.19,99.75,99.1101,99.65,72619
2016-07-11 11:30:00,99.6425,99.68,99.44,99.66,29154
2016-07-11 12:30:00,99.66,99.88,99.63,99.78,22532
2016-07-11 13:30:00,99.76,99.84,99.68,99.77,25142
2016-07-11 14:30:00,99.785,99.85,99.69,99.74,35923
2016-07-11 15:30:00,99.74,99.95,99.72,99.75,95973
2016-07-12 09:30:00,100.86,101.12,100.36,100.55,126207
2016-07-12 10:30:00,100.52,100.7,100.27,100.38,53895
2016-07-12 11:30:00,100.37,100.37,100.12,100.29,23540
2016-07-12 12:30:00,100.32,100.92,100.0,100.098,509184
2016-07-12 13:30:00,100.11,100.4,100.041,100.38,56752
2016-07-12 14:30:00,100.37,100.41,100.18,100.28,20529
2016-07-12 15:30:00,100.295,101.83,100.295,100.88,416153
2016-07-13 09:30:00,101.1,101.54,100.98,101.5,97201
2016-07-13 10:30:00,101.51,101.81,101.21,101.28,125380
2016-07-13 11:30:00,101.31,101.33,100.94,100.94,32827
2016-07-13 12:30:00,100.92,101.32,100.86,101.23,18946
2016-07-13 13:30:00,101.22,101.3899,100.99,101.1501,278527
2016-07-13 14:30:00,101.15,101.24,101.05,101.1025,26986
2016-07-13 15:30:00,101.1,101.27,101.03,101.1,102478
2016-07-14 09:30:00,103.73,103.85,102.75,103.37,267736
2016-07-14 10:30:00,103.3899,103.3899,102.81,103.06,175090
2016-07-14 11:30:00,103.03,103.03,102.6,102.85,90581
2016-07-14 12:30:00,102.835,102.91,102.61,102.75,34529
2016-07-14 13:30:00,102.78,102.9,102.59,102.79,82008
2016-07-14 14:30:00,102.7925,103.23,102.71,103.0,48251
2016-07-14 15:30:00,103.04,103.18,102.99,103.0,81364
2016-07-15 09:30:00,101.25,101.89,101.19,101.76,184808
2016-07-15 10:30:00,101.795,101.94,101.45,101.79,93279
2016-07-15 11:30:00,101.7523,101.83,101.68,101.8,27253
2016-07-15 12:30:00,101.76,101.779,101.53,101.595,25107
2016-07-15 13:30:00,101.61,101.62,101.36,101.4,31204
2016-07-15 14:30:00,101.44,101.61,101.39,101.58,43411
2016-07-15 15:30:00,101.58,101.67,101.5,101.625,71241
2016-07-18 09:30:00,102.75,103.21,102.46,102.94,165732
2016-07-18 10:30:00,102.94,103.38,102.86,103.2,41503
2016-07-18 11:30:00,103.22,103.34,102.82,102.82,85931
2016-07-18 12:30:00,102.78,102.86,102.6,102.71,179438
2016-07-18 13:30:00,102.77,102.94,102.68,102.91,31580
2016-07-18 14:30:00,102.93,103.03,102.8,103.0,62000
2016-07-18 15:30:00,103.03,103.22,102.99,103.11,90279
2016-07-19 09:30:00,103.27,104.2,103.16,104.1,557062
2016-07-19 10:30:00,104.1,104.35,103.88,104.26,837876
2016-07-19 11:30:00,104.25,104.6299,104.1021,104.6299,175653
2016-07-19 12:30:00,104.61,105.17,104.32,105.14,891908
2016-07-19 13:30:00,105.13,105.65,105.12,105.52,230413
2016-07-19 14:30:00,105.53,106.3,105.49,106.02,300003
2016-07-19 15:30:00,106.02,106.16,105.41,105.54,262314
2016-07-20 09:30:00,107.58,108.34,107.1,107.64,492269
2016-07-20 10:30:00,107.67,107.85,107.19,107.35,182111
2016-07-20 11:30:00,107.3501,107.68,107.06,107.645,90102
2016-07-20 12:30:00,107.67,108.15,107.63,108.135,300732
2016-07-20 13:30:00,108.17,108.345,107.8725,107.95,101587
2016-07-20 14:30:00,107.95,108.25,107.86,108.12,94105
2016-07-20 15:30:00,108.11,108.17,107.84,108.16,196164
2016-07-21 09:30:00,105.41,105.78,105.1621,105.44,222479
2016-07-21 10:30:00,105.44,106.37,105.42,106.06,128570
2016-07-21 11:30:00,106.07,106.1,105.54,105.68,53877
2016-07-21 12:30:00,105.69,105.71,105.16,105.45,324633
2016-07-21 13:30:00,105.48,105.63,105.3501,105.47,203681
2016-07-21 14:30:00,105.43,105.48,104.9501,105.3,82765
2016-07-21 15:30:00,105.3,105.54,105.14,105.5,374844
2016-07-22 09:30:00,105.55,105.86,105.28,105.49,134127
2016-07-22 10:30:00,105.52,105.72,105.18,105.38,87328
2016-07-22 11:30:00,105.42,105.49,105.28,105.45,16982
2016-07-22 12:30:00,105.48,105.515,105.31,105.37,31275
2016-07-22 13:30:00,105.385,105.47,105.34,105.41,43515
2016-07-22 14:30:00,105.45,105.49,105.32,105.38,25368
2016-07-22 15:30:00,105.41,105.66,105.41,105.63,46920
2016-07-25 09:30:00,106.19,106.51,105.95,106.11,119759
2016-07-25 10:30:00,106.11,106.31,105.93,106.105,46291
2016-07-25 11:30:00,106.11,106.34,106.03,106.25,46486
2016-07-25 12:30:00,106.24,106.41,106.19,106.37,15393
2016-07-25 13:30:00,106.37,106.42,106.23,106.28,32594
2016-07-25 14:30:00,106.3,106.5,106.27,106.37,63810
2016-07-25 15:30:00,106.36,106.57,106.34,106.46,153554
2016-10-10 09:30:00,107.63,107.74,107.49,107.55,186437
2016-10-10 10:30:00,107.57,107.72,107.5,107.59,172069
2016-10-10 11:30:00,107.52,107.62,107.35,107.52,43781
2016-10-10 12:30:00,107.51,107.62,107.36,107.36,34890
2016-10-10 13:30:00,107.36,107.43,107.26,107.34,28187
2016-10-10 14:30:00,107.32,107.46,107.266,107.35,78894
2016-10-10 15:30:00,107.33,107.3599,106.98,106.99,113525
2016-10-11 09:30:00,105.61,105.65,104.51,104.69,162726
2016-10-11 10:30:00,104.699,104.7,103.5001,103.59,132067
2016-10-11 11:30:00,103.58,103.79,103.48,103.4901,56974
2016-10-11 12:30:00,103.54,103.59,102.93,103.04,66826
2016-10-11 13:30:00,103.05,103.05,102.425,102.49,97120
2016-10-11 14:30:00,102.52,102.73,102.41,102.59,166340
2016-10-11 15:30:00,102.605,102.85,102.58,102.69,218438
2016-10-12 09:30:00,102.31,102.43,101.84,102.0,200813
2016-10-12 10:30:00,101.97,101.9899,101.48,101.55,48467
2016-10-12 11:30:00,101.544,101.7588,101.42,101.68,88206
2016-10-12 12:30:00,101.68,102.01,101.67,101.95,49179
2016-10-12 13:30:00,101.96,102.23,101.62,102.04,164433
2016-10-12 14:30:00,101.98,102.37,101.9725,102.34,86468
2016-10-12 15:30:00,102.34,102.67,102.11,102.58,143051
2016-10-13 09:30:00,100.59,100.66,100.04,100.36,217519
2016-10-13 10:30:00,100.26,100.63,100.04,100.04,99577
2016-10-13 11:30:00,100.07,100.4,100.07,100.31,41941
2016-10-13 12:30:00,100.28,100.53,100.2201,100.335,36367
2016-10-13 13:30:00,100.328,100.42,100.27,100.38,91172
2016-10-13 14:30:00,100.38,100.53,100.33,100.41,149853
2016-10-13 15:30:00,100.4,100.45,100.175,100.4,471775
2016-10-14 09:30:00,101.58,102.11,101.53,101.65,114484
2016-10-14 10:30:00,101.65,101.84,101.28,101.28,38005
2016-10-14 11:30:00,101.25,101.37,100.941,101.2,11858
2016-10-14 12:30:00,101.14,101.47,101.13,101.33,19205
2016-10-14 13:30:00,101.35,101.58,101.15,101.429,36800
2016-10-14 14:30:00,101.39,101.39,101.17,101.25,16990
2016-10-14 15:30:00,101.304,101.36,101.09,101.14,44239
2016-10-17 09:30:00,100.62,101.17,100.51,101.1,117905
2016-10-17 10:30:00,101.11,101.18,100.7,100.77,77115
2016-10-17 11:30:00,100.8,100.995,100.79,100.91,14173
2016-10-17 12:30:00,100.91,101.14,100.87,101.1,22826
2016-10-17 13:30:00,101.08,101.2,100.9799,101.17,32305
2016-10-17 14:30:00,101.17,101.27,101.12,101.26,60485
2016-10-17 15:30:00,101.26,101.34,101.1,101.16,60635
2016-10-18 09:30:00,102.51,102.54,101.91,101.93,240400
2016-10-18 10:30:00,101.96,102.26,101.83,101.94,106695
2016-10-18 11:30:00,101.96,102.14,101.95,102.105,62800
2016-10-18 12:30:00,102.09,102.12,101.98,102.04,69776
2016-10-18 13:30:00,102.03,102.33,101.98,102.31,68710
2016-10-18 14:30:00,102.33,102.577,102.145,102.537,142534
2016-10-18 15:30:00,102.525,102.56,102.08,102.39,237416
2016-10-19 09:30:00,104.75,104.75,103.2,104.66,372616
2016-10-19 10:30:00,104.67,104.69,104.06,104.16,407178
2016-10-19 11:30:00,104.18,104.21,103.42,103.45,80595
2016-10-19 12:30:00,103.49,103.68,103.3,103.63,45728
2016-10-19 13:30:00,103.62,103.83,103.48,103.82,39816
2016-10-19 14:30:00,103.78,104.01,103.68,103.99,40202
2016-10-19 15:30:00,103.95,104.28,103.89,104.08,130431
2016-10-20 09:30:00,102.52,103.31,102.47,102.99,158168
2016-10-20 10:30:00,103.0,103.03,102.67,102.88,142395
2016-10-20 11:30:00,102.88,103.05,102.68,103.0,56119
2016-10-20 12:30:00,103.0,103.1099,102.86,102.98,39317
2016-10-20 13:30:00,102.98,103.29,102.98,103.27,101270
2016-10-20 14:30:00,103.29,103.61,103.19,103.38,54839
2016-10-20 15:30:00,103.37,103.62,103.37,103.6,131225
2016-10-21 09:30:00,103.47,104.07,103.4,104.07,264943
2016-10-21 10:30:00,104.08,104.5,104.08,104.38,167943
2016-10-21 11:30:00,104.42,104.99,104.3802,104.84,411038
2016-10-21 12:30:00,104.85,104.97,103.58,104.81,322218
2016-10-21 13:30:00,104.82,105.01,104.73,104.93,105279
2016-10-21 14:30:00,104.95,105.26,104.9,105.2369,94251
2016-10-21 15:30:00,105.2301,105.32,105.18,105.28,196017
2017-01-09 09:30:00,111.02,111.96,110.93,111.96,146059
2017-01-09 10:30:00,111.91,112.48,111.8,112.47,108348
2017-01-09 11:30:00,112.44,112.58,112.295,112.4601,91454
2017-01-09 12:30:00,112.45,112.7999,112.35,112.54,33138
2017-01-09 13:30:00,112.51,112.62,112.38,112.47,22695
2017-01-09 14:30:00,112.5,112.59,112.38,112.59,78353
2017-01-09 15:30:00,112.59,112.68,112.36,112.47,62467
2017-01-10 09:30:00,112.58,113.02,112.58,112.82,71880
2017-01-10 10:30:00,112.87,113.13,112.69,112.7,72417
2017-01-10 11:30:00,112.71,113.02,112.681,112.81,315475
2017-01-10 12:30:00,112.835,112.869,112.72,112.81,7905
2017-01-10 13:30:00,112.81,112.87,112.67,112.7001,20996
2017-01-10 14:30:00,112.77,112.9,112.74,112.84,185677
2017-01-10 15:30:00,112.83,112.89,112.62,112.64,124202
2017-01-11 09:30:00,112.25,112.75,112.18,112.2901,93283
2017-01-11 10:30:00,112.3,112.69,112.21,112.27,46812
2017-01-11 11:30:00,112.31,112.7499,112.1801,112.6,38744
2017-01-11 12:30:00,112.65,113.09,112.61,112.8501,34769
2017-01-11 13:30:00,112.89,113.1,112.82,113.08,95674
2017-01-11 14:30:00,113.05,113.25,112.945,113.08,42848
2017-01-11 15:30:00,113.08,113.51,113.07,113.48,74345
2017-01-12 09:30:00,113.94,114.07,113.27,113.4,161706
2017-01-12 10:30:00,113.37,113.64,113.0,113.61,53945
2017-01-12 11:30:00,113.6,113.79,113.43,113.78,34426
2017-01-12 12:30:00,113.83,114.19,113.82,114.04,64406
2017-01-12 13:30:00,114.06,114.35,114.05,114.22,50874
2017-01-12 14:30:00,114.22,114.78,114.22,114.58,138237
2017-01-12 15:30:00,114.6,114.82,114.46,114.8,159150
2017-01-13 09:30:00,114.77,115.23,114.72,115.12,113000
2017-01-13 10:30:00,115.12,115.28,114.98,115.131,49885
2017-01-13 11:30:00,115.1792,115.34,115.09,115.12,501620
2017-01-13 12:30:00,115.12,115.41,115.11,115.37,32976
2017-01-13 13:30:00,115.38,115.47,115.12,115.26,129823
2017-01-13 14:30:00,115.24,115.54,115.24,115.47,51132
2017-01-13 15:30:00,115.47,115.5,115.28,115.3,181411
2017-01-17 09:30:00,115.63,115.89,115.48,115.84,252289
2017-01-17 10:30:00,115.83,115.91,114.88,115.1,163549
2017-01-17 11:30:00,115.07,116.12,115.04,116.065,198954
2017-01-17 12:30:00,116.03,116.32,115.65,115.65,154913
2017-01-17 13:30:00,115.65,115.88,115.24,115.872,164070
2017-01-17 14:30:00,115.84,116.21,115.58,116.02,152531
2017-01-17 15:30:00,116.02,116.22,115.69,115.91,246988
2017-01-23 09:30:00,121.97,122.0,120.8,120.8,339794
2017-01-23 10:30:00,120.8,121.47,120.6,121.37,276490
2017-01-23 11:30:00,121.45,121.6499,121.05,121.47,484621
2017-01-23 12:30:00,121.45,121.809,121.42,121.71,48301
2017-01-23 13:30:00,121.65,121.959,121.53,121.7178,30492
2017-01-23 14:30:00,121.76,122.24,121.63,122.18,235013
2017-01-23 15:30:00,122.17,122.32,122.13,122.19,144082
2017-01-24 09:30:00,122.28,123.0,122.185,122.46,339827
2017-01-24 10:30:00,122.51,122.74,122.43,122.47,45250
2017-01-24 11:30:00,122.44,122.49,122.07,122.19,262002
2017-01-24 12:30:00,122.16,122.2825,122.06,122.26,49283
2017-01-24 13:30:00,122.26,122.7399,122.24,122.505,67925
2017-01-24 14:30:00,122.54,122.785,122.35,122.67,78410
2017-01-24 15:30:00,122.67,122.71,122.47,122.54,97308
2017-01-25 09:30:00,122.51,122.98,122.41,122.56,129713
2017-01-25 10:30:00,122.55,122.68,122.27,122.45,57927
2017-01-25 11:30:00,122.4529,122.67,122.34,122.441,22075
2017-01-25 12:30:00,122.46,122.9,122.28,122.69,76879
2017-01-25 13:30:00,122.78,122.92,122.67,122.7,39421
2017-01-25 14:30:00,122.69,122.77,122.51,122.77,61305
2017-01-25 15:30:00,122.77,122.83,122.68,122.78,56161
2017-01-26 09:30:00,121.3,122.16,121.12,121.44,145386
2017-01-26 10:30:00,121.39,121.52,121.11,121.33,93894
2017-01-26 11:30:00,121.37,121.6,121.14,121.37,50528
2017-01-26 12:30:00,121.31,121.63,121.28,121.48,45535
2017-01-26 13:30:00,121.48,121.63,121.37,121.48,83613
2017-01-26 14:30:00,121.485,121.52,121.18,121.19,88215
2017-01-26 15:30:00,121.2,121.25,121.07,121.14,95985
2017-01-27 09:30:00,121.44,121.89,121.04,121.38,151641
2017-01-27 10:30:00,121.39,121.75,121.26,121.39,72135
2017-01-27 11:30:00,121.42,121.67,121.29,121.435,146618
2017-01-27 12:30:00,121.47,121.96,121.38,121.881,40309
2017-01-27 13:30:00,121.88,121.98,121.68,121.7896,29901
2017-01-27 14:30:00,121.85,122.09,121.7979,121.9,66574
2017-01-27 15:30:00,121.9,121.9,121.69,121.75,129836
2017-01-30 09:30:00,120.91,121.0,120.02,120.2899,123022
2017-01-30 10:30:00,120.3,120.73,120.03,120.57,203569
2017-01-30 11:30:00,120.66,121.4118,120.6,121.35,460979
2017-01-30 12:30:00,121.3,121.41,121.13,121.2,37857
2017-01-30 13:30:00,121.222,121.67,121.14,121.6,99675
2017-01-30 14:30:00,121.6,121.84,121.545,121.78,90520
2017-01-30 15:30:00,121.77,121.88,121.58,121.71,110010
2017-01-31 09:30:00,121.64,121.83,120.99,121.55,160079
2017-01-31 10:30:00,121.53,122.0,121.3901,121.49,267363
2017-01-31 11:30:00,121.51,121.75,121.3001,121.58,323123
2017-01-31 12:30:00,121.6,121.67,121.4,121.53,97323
2017-01-31 13:30:00,121.52,121.58,121.3,121.53,44038
2017-01-31 14:30:00,121.48,121.77,121.4,121.59,378291
2017-01-31 15:30:00,121.58,121.79,121.39,121.4,125050
2017-04-10 09:30:00,130.71,130.8,130.3,130.38,173258
2017-04-10 10:30:00,130.39,130.51,130.16,130.42,325756
2017-04-10 11:30:00,130.36,130.38,129.6901,129.77,53734
2017-04-10 12:30:00,129.775,130.38,129.75,130.32,375092
2017-04-10 13:30:00,130.3,130.4999,130.22,130.25,25988
2017-04-10 14:30:00,130.26,130.37,129.99,130.1752,34837
2017-04-10 15:30:00,130.19,130.19,129.86,129.89,41811
2017-04-11 09:30:00,129.64,129.77,128.66,128.86,126307
2017-04-11 10:30:00,128.86,129.31,128.31,129.3,152539
2017-04-11 11:30:00,129.32,129.65,129.04,129.58,127091
2017-04-11 12:30:00,129.5875,129.7,129.25,129.385,39448
2017-04-11 13:30:00,129.3675,129.46,129.09,129.4,42483
2017-04-11 14:30:00,129.34,129.69,129.22,129.46,54624
2017-04-11 15:30:00,129.5,129.85,129.41,129.79,61462
2017-04-12 09:30:00,129.75,129.97,129.33,129.5,98446
2017-04-12 10:30:00,129.52,129.6234,129.25,129.35,76438
2017-04-12 11:30:00,129.36,129.39,128.49,128.59,48515
2017-04-12 12:30:00,128.51,129.41,128.22,128.47,43985
2017-04-12 13:30:00,128.45,129.05,128.38,128.9297,36424
2017-04-12 14:30:00,128.922,129.34,128.69,129.13,56427
2017-04-12 15:30:00,129.18,129.26,128.89,129.05,83639
2017-04-13 09:30:00,129.01,129.89,128.81,129.7,118387
2017-04-13 10:30:00,129.66,129.89,129.35,129.59,59984
2017-04-13 11:30:00,129.59,129.73,129.31,129.4,134991
2017-04-13 12:30:00,129.38,129.7881,128.82,129.03,56576
2017-04-13 13:30:00,129.0425,129.05,128.79,128.915,52801
2017-04-13 14:30:00,128.94,129.042,128.61,128.72,62178
2017-04-13 15:30:00,128.725,128.77,128.34,128.4,97906
2017-04-17 09:30:00,128.89,129.97,128.89,129.63,51121
2017-04-17 10:30:00,129.65,129.84,129.52,129.6,30883
2017-04-17 11:30:00,129.6,129.6,129.29,129.44,21481
2017-04-17 12:30:00,129.48,129.55,129.15,129.4101,42608
2017-04-17 13:30:00,129.48,129.55,129.345,129.55,19297
2017-04-17 14:30:00,129.5282,130.08,129.37,130.01,58810
2017-04-17 15:30:00,130.0089,130.3,129.92,130.26,100882
2017-04-18 09:30:00,130.38,130.96,130.29,130.37,204240
2017-04-18 10:30:00,130.42,130.74,130.07,130.66,136364
2017-04-18 11:30:00,130.58,130.96,129.81,129.94,77603
2017-04-18 12:30:00,129.88,130.02,129.8,129.98,158150
2017-04-18 13:30:00,129.99,130.17,129.93,130.11,58971
2017-04-18 14:30:00,130.125,130.5,130.125,130.45,65687
2017-04-18 15:30:00,130.45,130.89,130.31,130.65,167404
2017-04-24 09:30:00,133.68,134.29,133.3501,133.9,231041
2017-04-24 10:30:00,133.91,133.95,133.09,133.18,81721
2017-04-24 11:30:00,133.08,133.21,132.74,132.74,50517
2017-04-24 12:30:00,132.755,132.965,132.71,132.77,47974
2017-04-24 13:30:00,132.75,133.129,132.75,133.07,38737
2017-04-24 14:30:00,133.06,133.41,133.01,133.37,55462
2017-04-24 15:30:00,133.34,133.515,133.11,133.49,120297
2017-04-25 09:30:00,134.9,134.95,133.86,134.38,181535
2017-04-25 10:30:00,134.43,134.84,134.33,134.8165,79743
2017-04-25 11:30:00,134.82,134.85,134.53,134.72,72940
2017-04-25 12:30:00,134.75,134.92,134.5,134.5,34653
2017-04-25 13:30:00,134.5,134.55,134.26,134.3,35975
2017-04-25 14:30:00,134.27,134.64,134.27,134.56,81704
2017-04-25 15:30:00,134.56,134.61,134.2,134.24,166126
2017-04-26 09:30:00,133.04,133.44,132.68,132.75,170609
2017-04-26 10:30:00,132.7101,132.79,132.08,132.3,80035
2017-04-26 11:30:00,132.33,132.85,132.04,132.07,44930
2017-04-26 12:30:00,132.09,132.47,132.0,132.4299,38811
2017-04-26 13:30:00,132.42,132.6299,132.18,132.5,47425
2017-04-26 14:30:00,132.5,132.82,132.41,132.69,59895
2017-04-26 15:30:00,132.68,132.7,132.37,132.45,142544
2017-04-27 09:30:00,132.66,133.38,132.351,133.38,129902
2017-04-27 10:30:00,133.38,133.9,133.01,133.02,65914
2017-04-27 11:30:00,133.09,133.16,132.73,132.87,41218
2017-04-27 12:30:00,132.91,133.09,132.8,132.96,23566
2017-04-27 13:30:00,132.92,132.93,132.68,132.705,47211
2017-04-27 14:30:00,132.729,132.79,132.58,132.79,52733
2017-04-27 15:30:00,132.79,133.08,132.76,132.95,57180
2017-04-28 09:30:00,133.13,133.17,132.18,132.215,156573
2017-04-28 10:30:00,132.22,132.5,132.14,132.45,117705
2017-04-28 11:30:00,132.42,132.44,131.7,131.935,73287
2017-04-28 12:30:00,131.91,132.0,131.75,131.93,39673
2017-04-28 13:30:00,131.92,132.0965,131.76,131.7675,41192
2017-04-28 14:30:00,131.75,131.96,131.57,131.8861,65575
2017-04-28 15:30:00,131.805,132.11,131.75,131.86,152686
2017-05-01 09:30:00,132.05,132.75,131.66,131.825,45842
2017-05-01 10:30:00,131.86,132.42,131.86,132.2,21541
2017-05-01 11:30:00,132.22,132.64,132.22,132.465,22062
2017-05-01 12:30:00,132.42,132.68,132.305,132.62,13770
2017-05-01 13:30:00,132.62,132.82,132.57,132.75,18822
2017-05-01 14:30:00,132.67,132.88,132.61,132.84,38420
2017-05-01 15:30:00,132.83,133.01,132.82,132.82,82947
2017-05-02 09:30:00,133.98,134.58,133.71,134.26,207129
2017-05-02 10:30:00,134.23,134.62,133.99,134.43,67395
2017-05-02 11:30:00,134.49,134.72,134.145,134.54,144538
2017-05-02 12:30:00,134.53,134.6299,134.26,134.49,38239
2017-05-02 13:30:00,134.441,134.7,134.33,134.5286,72334
2017-05-02 14:30:00,134.525,134.9,134.5159,134.88,166655
2017-05-02 15:30:00,134.86,135.05,134.77,135.0,78107
2017-07-10 09:30:00,134.0,134.33,133.51,134.0,159086
2017-07-10 10:30:00,134.0,134.31,133.97,134.12,39683
2017-07-10 11:30:00,134.18,134.22,133.86,134.2,32939
2017-07-10 12:30:00,134.18,134.28,134.0,134.12,11784
2017-07-10 13:30:00,134.12,134.57,134.0875,134.57,21956
2017-07-10 14:30:00,134.61,135.05,134.51,134.83,64101
2017-07-10 15:30:00,134.8101,135.05,134.73,134.82,71176
2017-07-11 09:30:00,133.7,135.06,133.66,134.97,181960
2017-07-11 10:30:00,134.97,135.22,134.13,134.54,271232
2017-07-11 11:30:00,134.56,134.84,134.35,134.81,177681
2017-07-11 12:30:00,134.83,135.14,134.8,134.96,58644
2017-07-11 13:30:00,134.93,135.84,134.93,135.675,99789
2017-07-11 14:30:00,135.64,135.78,135.44,135.65,72902
2017-07-11 15:30:00,135.65,136.06,135.6,135.81,147194
2017-07-12 09:30:00,136.61,137.285,136.275,136.99,255240
2017-07-12 10:30:00,136.96,137.3548,136.6,136.97,218464
2017-07-12 11:30:00,137.078,137.2,136.68,136.9,50644
2017-07-12 12:30:00,136.92,137.19,136.82,137.0,29208
2017-07-12 13:30:00,137.0,137.5699,137.0,137.304,54785
2017-07-12 14:30:00,137.28,137.42,137.14,137.15,63435
2017-07-12 15:30:00,137.15,137.32,136.91,136.91,103175
2017-07-13 09:30:00,136.76,137.602,136.72,136.87,141224
2017-07-13 10:30:00,136.85,137.42,136.79,137.12,80054
2017-07-13 11:30:00,137.05,137.4299,136.85,137.4299,30408
2017-07-13 12:30:00,137.3775,137.3775,136.87,137.1,28964
2017-07-13 13:30:00,137.16,137.18,136.37,136.57,70548
2017-07-13 14:30:00,136.57,137.04,136.55,136.93,44345
2017-07-13 15:30:00,136.935,137.06,136.71,136.81,67389
2017-07-14 09:30:00,138.04,139.0,137.89,138.77,361202
2017-07-14 10:30:00,138.76,139.35,138.5,139.305,260632
2017-07-14 11:30:00,139.3,139.47,139.075,139.28,109172
2017-07-14 12:30:00,139.25,139.5,139.08,139.48,44515
2017-07-14 13:30:00,139.48,139.65,139.35,139.65,38885
2017-07-14 14:30:00,139.6,139.68,139.41,139.64,36944
2017-07-14 15:30:00,139.66,140.05,139.59,139.95,111353
2017-07-17 09:30:00,140.42,140.79,139.8,140.1,257837
2017-07-17 10:30:00,140.15,140.29,139.64,139.8,95597
2017-07-17 11:30:00,139.84,139.88,139.1,139.45,114644
2017-07-17 12:30:00,139.53,139.5999,139.4,139.48,33090
2017-07-17 13:30:00,139.48,139.56,139.32,139.4,155528
2017-07-17 14:30:00,139.38,140.26,139.38,140.125,101150
2017-07-17 15:30:00,140.1201,140.37,140.03,140.2,117259
2017-07-18 09:30:00,141.28,141.97,141.13,141.79,261261
2017-07-18 10:30:00,141.77,142.1123,141.24,142.0,195439
2017-07-18 11:30:00,142.03,142.49,141.89,142.05,115916
2017-07-18 12:30:00,142.03,142.14,141.77,142.08,121802
2017-07-18 13:30:00,142.04,142.48,142.03,142.308,92866
2017-07-18 14:30:00,142.31,142.54,142.3,142.47,114386
2017-07-18 15:30:00,142.47,143.38,142.42,143.31,284123
2017-07-24 09:30:00,153.88,154.54,153.57,153.58,229103
2017-07-24 10:30:00,153.57,153.719,153.05,153.08,152241
2017-07-24 11:30:00,153.1,153.7407,153.06,153.5951,377227
2017-07-24 12:30:00,153.58,153.99,153.54,153.815,29611
2017-07-24 13:30:00,153.81,153.94,153.541,153.9299,151527
2017-07-24 14:30:00,153.905,153.91,153.64,153.76,96204
2017-07-24 15:30:00,153.75,154.02,153.63,153.75,201089
2017-07-25 09:30:00,154.35,154.38,153.51,153.669,174502
2017-07-25 10:30:00,153.6699,153.6699,153.12,153.22,298188
2017-07-25 11:30:00,153.155,153.53,153.05,153.23,42229
2017-07-25 12:30:00,153.24,153.48,153.11,153.48,130893
2017-07-25 13:30:00,153.48,153.54,153.131,153.17,35707
2017-07-25 14:30:00,153.15,153.32,152.95,152.95,68099
2017-07-25 15:30:00,152.975,153.0,152.56,152.7,198279
2017-07-26 09:30:00,152.99,154.13,152.6787,154.06,152744
2017-07-26 10:30:00,154.12,154.12,153.46,153.78,108764
2017-07-26 11:30:00,153.86,153.955,153.51,153.5934,93305
2017-07-26 12:30:00,153.59,153.6899,153.33,153.6,62961
2017-07-26 13:30:00,153.6,154.5,153.59,154.21,77375
2017-07-26 14:30:00,154.21,154.7,153.97,154.6054,101308
2017-07-26 15:30:00,154.5983,154.63,154.35,154.51,97110
2017-07-27 09:30:00,154.9,155.17,154.73,154.93,166980
2017-07-27 10:30:00,154.92,155.74,154.78,154.78,125829
2017-07-27 11:30:00,154.78,155.16,154.13,154.13,139907
2017-07-27 12:30:00,154.1114,154.16,151.47,151.8,146735
2017-07-27 13:30:00,151.8,153.2,151.64,152.865,114959
2017-07-27 14:30:00,152.815,153.23,152.69,152.93,67423
2017-07-27 15:30:00,152.98,153.38,152.87,153.21,111795
2017-07-28 09:30:00,151.7,152.77,151.65,151.96,225984
2017-07-28 10:30:00,152.02,152.64,151.69,152.49,147076
2017-07-28 11:30:00,152.49,152.74,152.255,152.39,24037
2017-07-28 12:30:00,152.599,152.79,152.381,152.57,24456
2017-07-28 13:30:00,152.55,152.76,152.48,152.61,20372
2017-07-28 14:30:00,152.61,152.88,152.37,152.51,23724
2017-07-28 15:30:00,152.56,152.65,152.36,152.57,44001
2017-07-31 09:30:00,151.74,152.3411,151.0751,151.15,210763
2017-07-31 10:30:00,151.17,151.57,150.68,151.16,126131
2017-07-31 11:30:00,151.1303,151.41,150.56,150.57,135613
2017-07-31 12:30:00,150.62,150.885,150.2901,150.37,79671
2017-07-31 13:30:00,150.33,150.39,149.91,150.05,70562
2017-07-31 14:30:00,150.05,150.61,149.99,150.45,81015
2017-07-31 15:30:00,150.43,150.635,150.1701,150.4,124333
2017-08-01 09:30:00,152.07,152.1,151.05,151.13,177534
2017-08-01 10:30:00,151.081,151.63,151.0,151.03,65081
2017-08-01 11:30:00,151.02,151.2,150.62,150.78,16776
2017-08-01 12:30:00,150.62,151.04,150.6,150.85,24130
2017-08-01 13:30:00,150.84,151.03,150.57,150.57,17789
2017-08-01 14:30:00,150.58,150.84,150.545,150.75,22569
2017-08-01 15:30:00,150.72,151.03,150.65,150.92,41825
2017-09-20 09:30:00,167.91,168.02,166.635,167.0315,208442
2017-09-20 10:30:00,167.03,167.2975,165.5,166.1701,215279
2017-09-20 11:30:00,166.22,166.4,165.63,166.34,113694
2017-09-20 12:30:00,166.4,166.49,166.0105,166.08,56067
2017-09-20 13:30:00,166.08,166.1799,164.075,164.24,80340
2017-09-20 14:30:00,164.16,164.82,163.72,164.62,135845
2017-09-20 15:30:00,164.65,165.37,164.56,165.24,153690
2017-09-21 09:30:00,165.53,165.5845,164.9,164.9,136012
2017-09-21 10:30:00,164.88,165.06,164.16,164.95,79387
2017-09-21 11:30:00,164.99,165.39,164.74,165.225,127374
2017-09-21 12:30:00,165.229,165.715,164.85,165.215,68034
2017-09-21 13:30:00,165.095,165.92,165.02,165.83,44035
2017-09-21 14:30:00,165.78,166.12,165.55,165.95,130025
2017-09-21 15:30:00,165.93,166.11,165.52,165.68,192794
2017-09-22 09:30:00,165.2,166.37,165.08,166.3,90928
2017-09-22 10:30:00,166.3,166.38,165.95,166.19,34070
2017-09-22 11:30:00,166.21,166.45,166.0,166.04,19102
2017-09-22 12:30:00,165.99,166.17,165.6,165.741,29949
2017-09-22 13:30:00,165.76,166.02,165.67,166.02,19850
2017-09-22 14:30:00,166.02,166.1561,165.65,165.735,27725
2017-09-22 15:30:00,165.79,166.1,165.74,165.94,51544
2017-09-25 09:30:00,164.88,165.19,164.15,164.5799,173757
2017-09-25 10:30:00,164.53,164.53,162.271,162.69,172461
2017-09-25 11:30:00,162.64,162.769,161.17,161.28,94862
2017-09-25 12:30:00,161.1901,161.59,161.15,161.41,75922
2017-09-25 13:30:00,161.4,161.86,161.265,161.44,80726
2017-09-25 14:30:00,161.555,161.99,161.28,161.8,260038
2017-09-25 15:30:00,161.81,162.0831,161.755,162.05,50239
2017-09-26 09:30:00,161.68,162.42,161.63,161.71,246432
2017-09-26 10:30:00,161.73,161.79,160.95,161.66,139192
2017-09-26 11:30:00,161.71,161.99,161.46,161.53,173633
2017-09-26 12:30:00,161.6,162.61,161.56,162.5331,38140
2017-09-26 13:30:00,162.51,162.59,161.99,162.36,49113
2017-09-26 14:30:00,162.33,162.92,162.26,162.82,94126
2017-09-26 15:30:00,162.85,162.89,162.58,162.85,256375
2017-09-27 09:30:00,163.23,164.59,162.91,164.24,455888
2017-09-27 10:30:00,164.25,165.96,164.18,165.91,209338
2017-09-27 11:30:00,165.86,166.24,165.28,166.185,69517
2017-09-27 12:30:00,166.175,166.2,165.511,165.665,72125
2017-09-27 13:30:00,165.65,166.79,165.57,166.65,75889
2017-09-27 14:30:00,166.64,167.92,166.52,167.6417,146143
2017-09-27 15:30:00,167.48,167.66,166.82,166.94,139414
2017-09-28 09:30:00,168.27,169.02,168.14,168.451,291921
2017-09-28 10:30:00,168.47,169.14,168.4,168.9,185311
2017-09-28 11:30:00,168.95,169.55,168.4457,169.27,157508
2017-09-28 12:30:00,169.26,170.13,168.78,170.01,146889
2017-09-28 13:30:00,170.04,170.88,169.98,170.43,150089
2017-09-28 14:30:00,170.49,171.0,170.44,170.49,157163
2017-09-28 15:30:00,170.51,170.84,170.09,170.53,306256
2017-10-16 09:30:00,175.78,176.04,175.36,175.951,139720
2017-10-16 10:30:00,175.96,176.24,175.79,176.12,65805
2017-10-16 11:30:00,176.18,176.46,175.51,175.98,178447
2017-10-16 12:30:00,176.21,176.3533,175.99,176.18,35239
2017-10-16 13:30:00,176.27,176.5,176.15,176.38,37439
2017-10-16 14:30:00,176.36,176.61,176.145,176.35,163074
2017-10-16 15:30:00,176.37,176.58,176.3001,176.58,66618
2017-10-17 09:30:00,176.01,176.21,175.07,175.07,151374
2017-10-17 10:30:00,175.11,175.58,174.72,174.72,127331
2017-10-17 11:30:00,174.84,175.12,174.46,174.67,124181
2017-10-17 12:30:00,174.67,175.51,174.55,175.23,80753
2017-10-17 13:30:00,175.24,176.13,175.14,175.798,94802
2017-10-17 14:30:00,175.89,176.38,175.71,176.22,132563
2017-10-17 15:30:00,176.2,176.69,176.15,176.17,289306
2017-10-18 09:30:00,175.88,175.97,168.6,170.6356,1132648
2017-10-18 10:30:00,170.55,171.31,169.6,170.43,515425
2017-10-18 11:30:00,170.32,171.73,170.224,171.73,264129
2017-10-18 12:30:00,171.71,172.13,171.28,171.95,100186
2017-10-18 13:30:00,171.93,172.72,171.72,172.64,98453
2017-10-18 14:30:00,172.64,172.77,172.0,172.175,159012
2017-10-18 15:30:00,172.16,172.2,171.6,171.65,305716
2017-10-19 09:30:00,174.01,174.94,173.4,174.3,506738
2017-10-19 10:30:00,174.3,175.74,173.97,175.468,139862
2017-10-19 11:30:00,175.444,175.815,174.84,175.2,95278
2017-10-19 12:30:00,175.146,175.74,174.93,175.4874,50497
2017-10-19 13:30:00,175.53,176.29,175.37,175.87,65212
2017-10-19 14:30:00,175.83,176.02,175.71,175.9696,85311
2017-10-19 15:30:00,175.96,176.125,175.785,175.99,135456
2017-10-20 09:30:00,176.01,176.22,175.07,175.28,168377
2017-10-20 10:30:00,175.23,175.52,174.77,174.9,116888
2017-10-20 11:30:00,174.94,175.7,174.69,175.55,191757
2017-10-20 12:30:00,175.55,175.86,175.17,175.765,55920
2017-10-20 13:30:00,175.765,175.98,175.49,175.6244,71110
2017-10-20 14:30:00,175.63,175.68,175.47,175.52,72419
2017-10-20 15:30:00,175.52,175.6109,170.05,175.229,197023
2017-10-23 09:30:00,178.06,179.28,177.4,178.46,354567
2017-10-23 10:30:00,178.465,178.6027,173.42,178.2845,338702
2017-10-23 11:30:00,178.31,178.4884,178.1,178.29,168827
2017-10-23 12:30:00,178.27,178.63,178.05,178.505,39126
2017-10-23 13:30:00,178.4945,178.6027,178.11,178.3,152648
2017-10-23 14:30:00,178.28,178.54,177.94,178.0032,69465
2017-10-23 15:30:00,177.99,178.13,177.29,178.09,186493
2017-10-24 09:30:00,177.77,178.28,177.19,177.709,154677
2017-10-24 10:30:00,177.71,178.285,177.5464,178.0,118378
2017-10-24 11:30:00,178.02,178.449,177.76,178.4,37370
2017-10-24 12:30:00,178.39,178.41,177.9,178.19,19363
2017-10-24 13:30:00,178.25,178.36,177.86,178.055,41337
2017-10-24 14:30:00,178.03,178.125,177.82,177.93,92636
2017-10-24 15:30:00,177.92,178.5,177.88,178.41,91361
2017-10-25 09:30:00,178.5,178.98,178.16,178.82,119597
2017-10-25 10:30:00,178.82,178.88,177.12,177.47,150062
2017-10-25 11:30:00,177.38,177.58,175.84,175.84,120083
2017-10-25 12:30:00,175.84,177.17,175.71,177.17,26645
2017-10-25 13:30:00,177.17,177.52,177.0,177.03,26714
2017-10-25 14:30:00,177.12,178.02,177.01,177.889,51564
2017-10-25 15:30:00,177.745,177.955,177.3,177.45,56149
2017-10-26 09:30:00,177.53,177.9,176.85,177.43,153805
2017-10-26 10:30:00,177.44,178.1201,177.3,178.11,77675
2017-10-26 11:30:00,178.04,178.33,177.7868,178.105,24037
2017-10-26 12:30:00,178.18,178.4,177.861,178.11,23562
2017-10-26 13:30:00,178.02,178.59,178.0,178.32,31029
2017-10-26 14:30:00,178.3325,178.35,177.755,177.8709,40192
2017-10-26 15:30:00,178.0,178.08,177.73,177.82,65714
2017-10-27 09:30:00,178.25,178.36,177.13,177.5,155534
2017-10-27 10:30:00,177.58,177.96,177.32,177.54,79756
2017-10-27 11:30:00,177.57,178.05,177.19,177.78,56316
2017-10-27 12:30:00,177.82,178.43,177.758,178.06,25172
2017-10-27 13:30:00,178.12,178.87,178.0678,178.57,29954
2017-10-27 14:30:00,178.54,178.92,178.51,178.65,31802
2017-10-27 15:30:00,178.66,179.27,178.62,178.93,212716
2017-10-30 09:30:00,178.29,178.84,178.1,178.2901,172910
2017-10-30 10:30:00,178.2921,178.48,177.8,177.83,811550
2017-10-30 11:30:00,177.83,177.99,177.29,177.43,81483
2017-10-30 12:30:00,177.45,177.93,177.45,177.72,22209
2017-10-30 13:30:00,177.71,177.9,177.41,177.55,33708
2017-10-30 14:30:00,177.52,177.779,177.38,177.6074,31139
2017-10-30 15:30:00,177.64,178.18,177.46,177.86,71348
2017-10-31 09:30:00,179.66,180.29,179.63,180.08,154682
2017-10-31 10:30:00,180.02,180.64,179.75,180.56,75346
2017-10-31 11:30:00,180.6,180.94,180.25,180.43,77136
2017-10-31 12:30:00,180.42,180.98,180.24,180.8002,42846
2017-10-31 13:30:00,180.77,180.909,180.58,180.74,27663
2017-10-31 14:30:00,180.76,180.95,180.5,180.95,42285
2017-10-31 15:30:00,180.86,180.94,180.65,180.68,93802
2017-12-29 09:30:00,174.61,174.78,174.068,174.11,45504
2017-12-29 10:30:00,174.07,174.4873,173.99,174.47,29920
2017-12-29 11:30:00,174.41,174.87,174.26,174.66,18084
2017-12-29 12:30:00,174.65,174.925,174.54,174.765,10236
2017-12-29 13:30:00,174.8001,174.9199,174.52,174.71,9016
2017-12-29 14:30:00,174.7458,174.746,174.23,174.28,19393
2017-12-29 15:30:00,174.21,174.64,173.71,173.82,50092
2018-01-02 09:30:00,174.14,176.2,173.98,175.96,199269
2018-01-02 10:30:00,176.05,176.65,175.6267,175.79,74648
2018-01-02 11:30:00,175.9,176.55,175.71,176.36,205098
2018-01-02 12:30:00,176.38,176.63,176.09,176.5799,42112
2018-01-02 13:30:00,176.55,177.25,176.32,177.17,68086
2018-01-02 14:30:00,177.17,177.54,177.12,177.52,96204
2018-01-02 15:30:00,177.47,177.84,177.42,177.75,104921
2018-01-03 09:30:00,177.73,179.57,177.68,178.2,181420
2018-01-03 10:30:00,178.21,178.81,178.18,178.35,71426
2018-01-03 11:30:00,178.36,178.555,177.92,178.215,217523
2018-01-03 12:30:00,178.23,179.1299,178.08,178.935,272547
2018-01-03 13:30:00,178.9497,179.52,178.73,179.36,85229
2018-01-03 14:30:00,179.36,179.58,178.9,179.285,95732
2018-01-03 15:30:00,179.27,179.4,178.93,179.08,105324
2018-01-04 09:30:00,180.49,181.77,173.82,180.9374,233531
2018-01-04 10:30:00,180.97,181.3776,180.3563,180.7959,148385
2018-01-04 11:30:00,180.88,181.49,180.64,180.83,58542
2018-01-04 12:30:00,180.89,180.89,180.16,180.209,37433
2018-01-04 13:30:00,180.2,181.11,179.83,179.83,256380
2018-01-04 14:30:00,179.85,180.6,179.84,180.45,53704
2018-01-04 15:30:00,180.45,180.77,180.31,180.69,75777
2018-01-05 09:30:00,180.84,181.7,180.75,181.47,116874
2018-01-05 10:30:00,181.48,182.59,181.4,182.48,96851
2018-01-05 11:30:00,182.44,183.3188,182.21,183.1492,53446
2018-01-05 12:30:00,183.1045,183.45,182.96,183.3136,32935
2018-01-05 13:30:00,183.2114,183.27,182.99,183.19,31670
2018-01-05 14:30:00,183.17,183.34,182.73,182.97,49425
2018-01-05 15:30:00,182.9255,183.0,182.62,182.83,67772
2018-01-08 09:30:00,183.19,184.11,182.81,183.97,189628
2018-01-08 10:30:00,183.92,184.19,183.44,184.14,83209
2018-01-08 11:30:00,184.132,184.48,183.73,184.2,170932
2018-01-08 12:30:00,184.125,184.2,183.7,183.756,39068
2018-01-08 13:30:00,183.78,183.8922,183.61,183.67,105913
2018-01-08 14:30:00,183.6,183.84,183.3125,183.75,35905
2018-01-08 15:30:00,183.64,184.09,183.52,183.78,93886
2018-01-16 09:30:00,187.69,188.51,187.53,188.06,452264
2018-01-16 10:30:00,188.07,188.38,187.68,187.97,198452
2018-01-16 11:30:00,187.95,187.9699,186.73,186.99,132504
2018-01-16 12:30:00,186.89,187.58,186.44,187.06,117836
2018-01-16 13:30:00,187.145,187.39,186.07,186.0745,107249
2018-01-16 14:30:00,186.06,186.32,185.26,186.2745,121803
2018-01-16 15:30:00,186.24,187.03,185.71,186.38,222539
2018-01-17 09:30:00,194.99,198.09,194.76,197.26,966203
2018-01-17 10:30:00,197.34,198.05,195.622,197.5291,327656
2018-01-17 11:30:00,197.59,197.82,196.57,197.03,156645
2018-01-17 12:30:00,196.99,199.485,196.5,199.27,257670
2018-01-17 13:30:00,199.36,200.6445,198.2362,200.49,260516
2018-01-17 14:30:00,200.37,201.14,199.9191,200.38,213207
2018-01-17 15:30:00,200.38,201.2,198.86,199.23,350403
2018-01-18 09:30:00,202.29,204.2,201.81,203.26,955178
2018-01-18 10:30:00,203.2,203.68,202.8597,203.65,1121124
2018-01-18 11:30:00,203.64,205.49,203.49,205.37,518678
2018-01-18 12:30:00,205.33,205.5999,204.0,204.0,165447
2018-01-18 13:30:00,204.0,204.4,203.77,203.999,293196
2018-01-18 14:30:00,204.015,204.84,203.65,204.12,228823
2018-01-18 15:30:00,203.99,204.2,203.19,203.28,238641
2018-01-19 09:30:00,205.22,205.74,203.17,204.32,539654
2018-01-19 10:30:00,204.28,204.35,203.21,204.07,150657
2018-01-19 11:30:00,204.16,204.94,203.95,204.89,59835
2018-01-19 12:30:00,204.89,205.38,204.58,205.02,42235
2018-01-19 13:30:00,205.12,205.65,204.91,205.175,40744
2018-01-19 14:30:00,205.17,205.98,205.0201,205.98,77630
2018-01-19 15:30:00,205.98,206.05,205.23,205.53,171356
2018-01-22 09:30:00,204.5,204.58,203.3,203.75,248396
2018-01-22 10:30:00,203.86,204.3999,203.495,204.18,198857
2018-01-22 11:30:00,204.155,204.93,203.78,204.82,105434
2018-01-22 12:30:00,204.92,205.22,204.451,204.59,109910
2018-01-22 13:30:00,204.72,205.34,204.63,205.2563,107741
2018-01-22 14:30:00,205.17,205.54,205.1121,205.45,79587
2018-01-22 15:30:00,205.3544,205.55,205.16,205.53,90818
2018-01-23 09:30:00,204.42,205.95,204.13,205.77,209985
2018-01-23 10:30:00,205.7,205.81,204.71,204.87,79097
2018-01-23 11:30:00,204.88,205.29,204.47,204.8599,42723
2018-01-23 12:30:00,204.9479,204.965,204.09,204.44,26222
2018-01-23 13:30:00,204.5244,204.86,204.041,204.1825,29404
2018-01-23 14:30:00,204.21,204.79,204.06,204.64,34964
2018-01-23 15:30:00,204.8,205.64,204.6601,205.41,80748
2018-01-24 09:30:00,203.51,204.01,202.373,203.8,154718
2018-01-24 10:30:00,203.82,203.94,202.37,202.66,99515
2018-01-24 11:30:00,202.58,202.8,201.8,202.19,71921
2018-01-24 12:30:00,202.1,202.51,200.47,201.6592,50757
2018-01-24 13:30:00,201.725,202.59,201.4582,202.434,52082
2018-01-24 14:30:00,202.41,202.94,202.11,202.47,52391
2018-01-24 15:30:00,202.545,202.97,202.195,202.31,70354
2018-01-25 09:30:00,207.14,208.59,205.02,205.6801,369556
2018-01-25 10:30:00,205.64,205.93,204.08,204.41,140739
2018-01-25 11:30:00,204.38,205.51,203.925,204.7295,105534
2018-01-25 12:30:00,204.71,204.8,202.73,204.14,177503
2018-01-25 13:30:00,204.05,204.1999,202.67,202.8,137388
2018-01-25 14:30:00,202.8,202.81,201.07,201.215,147727
2018-01-25 15:30:00,201.22,201.26,200.62,200.83,120061
2018-01-26 09:30:00,204.14,206.31,203.73,205.8071,325397
2018-01-26 10:30:00,205.75,206.45,205.34,205.8051,123275
2018-01-26 11:30:00,205.82,206.05,204.72,205.06,37804
2018-01-26 12:30:00,205.17,205.92,204.97,205.79,25929
2018-01-26 13:30:00,205.705,206.76,205.595,206.08,35010
2018-01-26 14:30:00,206.01,206.5,205.69,206.04,116814
2018-01-26 15:30:00,205.99,206.55,205.79,206.45,134579
2018-01-29 09:30:00,204.24,204.55,202.59,203.2,239323
2018-01-29 10:30:00,203.2,203.2,201.92,202.25,196819
2018-01-29 11:30:00,202.32,203.3305,202.24,203.29,58214
2018-01-29 12:30:00,203.14,204.21,202.89,203.7901,44117
2018-01-29 13:30:00,203.99,204.04,203.4,203.57,30228
2018-01-29 14:30:00,203.58,203.7899,203.16,203.38,234341
2018-01-29 15:30:00,203.38,204.6,203.01,204.07,158331
2018-01-30 09:30:00,202.86,203.42,201.68,202.67,274303
2018-01-30 10:30:00,202.75,203.03,201.955,202.18,67041
2018-01-30 11:30:00,202.24,202.39,201.4,201.57,62013
2018-01-30 12:30:00,201.575,202.04,200.72,200.9708,44474
2018-01-30 13:30:00,200.84,201.4428,200.52,200.7288,68296
2018-01-30 14:30:00,200.77,200.93,200.01,200.59,78580
2018-01-30 15:30:00,200.72,201.0,200.18,200.269,98925
2018-04-12 09:30:00,205.8,207.32,205.68,206.39,416591
2018-04-12 10:30:00,206.49,207.06,206.2544,206.89,167743
2018-04-12 11:30:00,206.93,207.15,205.77,205.98,55151
2018-04-12 12:30:00,205.991,206.585,205.1,205.19,69263
2018-04-12 13:30:00,205.2,205.91,205.01,205.7,57217
2018-04-12 14:30:00,205.77,206.32,205.32,205.851,76160
2018-04-12 15:30:00,205.81,206.47,205.56,206.24,152120
2018-04-13 09:30:00,205.72,206.54,205.0,205.18,192668
2018-04-13 10:30:00,205.15,206.38,204.83,206.26,119290
2018-04-13 11:30:00,206.43,206.98,206.245,206.72,48166
2018-04-13 12:30:00,206.66,207.149,206.32,206.9002,15525
2018-04-13 13:30:00,206.89,207.015,206.19,206.5,22588
2018-04-13 14:30:00,206.31,206.66,205.07,205.155,42647
2018-04-13 15:30:00,205.15,206.2,205.121,205.59,60579
2018-04-16 09:30:00,207.65,207.97,206.6101,207.66,201132
2018-04-16 10:30:00,207.59,207.73,205.6,205.87,50514
2018-04-16 11:30:00,205.94,206.935,205.56,206.51,158083
2018-04-16 12:30:00,206.56,207.26,206.14,206.55,62478
2018-04-16 13:30:00,206.58,206.7198,206.07,206.3675,142186
2018-04-16 14:30:00,206.34,206.67,205.85,206.32,50631
2018-04-16 15:30:00,206.36,207.15,206.13,206.65,119290
2018-04-17 09:30:00,208.47,209.13,207.84,208.62,331952
2018-04-17 10:30:00,208.615,209.77,208.0,209.77,152060
2018-04-17 11:30:00,209.75,211.33,209.36,211.33,115617
2018-04-17 12:30:00,211.32,211.96,211.1001,211.89,58317
2018-04-17 13:30:00,211.93,212.62,211.7,212.58,78474
2018-04-17 14:30:00,212.56,213.35,212.53,212.75,142506
2018-04-17 15:30:00,212.74,213.21,212.59,212.84,267385
2018-04-18 09:30:00,208.75,208.81,202.93,203.23,622065
2018-04-18 10:30:00,203.38,206.33,203.37,206.26,303123
2018-04-18 11:30:00,206.16,207.96,204.03,207.86,123000
2018-04-18 12:30:00,207.83,208.3,206.38,206.72,90841
2018-04-18 13:30:00,206.77,206.93,205.83,206.39,90883
2018-04-18 14:30:00,206.51,207.3,205.85,207.14,195132
2018-04-18 15:30:00,207.11,207.275,205.5,206.43,146912
2018-04-19 09:30:00,203.51,203.62,199.45,200.25,557777
2018-04-19 10:30:00,200.24,200.28,197.57,198.11,233705
2018-04-19 11:30:00,198.279,198.63,195.64,196.075,712041
2018-04-19 12:30:00,196.075,196.83,194.81,194.81,143027
2018-04-19 13:30:00,194.89,195.46,194.5,194.7478,163046
2018-04-19 14:30:00,194.72,195.26,194.14,194.41,201053
2018-04-19 15:30:00,194.45,195.78,194.32,195.05,309661
2018-04-20 09:30:00,194.83,195.99,193.47,193.92,310979
2018-04-20 10:30:00,193.969,194.06,192.405,193.25,480197
2018-04-20 11:30:00,193.24,194.41,193.16,194.19,457486
2018-04-20 12:30:00,194.02,194.5,193.31,194.355,70521
2018-04-20 13:30:00,194.33,194.52,193.45,193.53,85606
2018-04-20 14:30:00,193.62,193.77,192.21,192.51,79533
2018-04-20 15:30:00,192.55,193.76,192.42,193.01,146309
2018-04-23 09:30:00,194.54,195.0,193.552,194.38,214376
2018-04-23 10:30:00,194.44,195.17,193.99,195.06,97346
2018-04-23 11:30:00,195.05,195.28,192.77,193.09,72430
2018-04-23 12:30:00,193.08,193.34,192.33,192.37,71306
2018-04-23 13:30:00,192.44,193.059,191.13,191.4,57281
2018-04-23 14:30:00,191.44,191.67,190.6501,191.4,102001
2018-04-23 15:30:00,191.355,191.68,191.03,191.36,116412
2018-04-24 09:30:00,196.02,197.07,193.82,193.82,396357
2018-04-24 10:30:00,193.86,196.19,193.45,195.3,201294
2018-04-24 11:30:00,195.32,195.58,193.28,193.5,86019
2018-04-24 12:30:00,193.41,194.35,192.73,193.82,89364
2018-04-24 13:30:00,193.87,194.04,191.67,192.48,96092
2018-04-24 14:30:00,192.37,194.42,192.13,193.87,92094
2018-04-24 15:30:00,193.93,194.21,193.05,194.13,114033
2018-04-25 09:30:00,193.65,193.83,190.26,192.05,296480
2018-04-25 10:30:00,192.12,193.49,191.7,193.1,124921
2018-04-25 11:30:00,193.05,193.19,191.34,192.44,72273
2018-04-25 12:30:00,192.325,192.83,191.04,191.46,66690
2018-04-25 13:30:00,191.37,192.24,191.0235,191.0235,56231
2018-04-25 14:30:00,191.35,192.72,191.27,192.04,91226
2018-04-25 15:30:00,192.12,192.46,190.89,191.68,88361
2018-04-26 09:30:00,193.94,195.13,193.3,194.85,212921
2018-04-26 10:30:00,194.8,195.17,194.135,194.23,168059
2018-04-26 11:30:00,194.3,194.71,193.23,194.595,74379
2018-04-26 12:30:00,194.6,195.095,193.99,194.95,90540
2018-04-26 13:30:00,194.95,195.6099,194.75,195.025,55346
2018-04-26 14:30:00,195.08,195.99,194.73,195.54,103563
2018-04-26 15:30:00,195.62,195.85,194.95,195.7,131652
2018-04-27 09:30:00,194.51,194.65,192.18,192.24,393593
2018-04-27 10:30:00,192.24,192.8,191.29,192.79,157084
2018-04-27 11:30:00,192.82,192.92,191.43,191.62,102344
2018-04-27 12:30:00,191.55,192.11,191.13,191.7,81950
2018-04-27 13:30:00,191.775,191.82,191.24,191.82,55267
2018-04-27 14:30:00,191.86,192.16,191.18,191.46,140086
2018-04-27 15:30:00,191.39,191.88,191.23,191.8,144413
2018-04-30 09:30:00,189.62,190.25,188.85,189.34,152171
2018-04-30 10:30:00,189.27,190.05,189.04,189.74,69939
2018-04-30 11:30:00,189.82,190.05,188.05,188.79,43643
2018-04-30 12:30:00,188.79,189.25,188.5,189.16,49548
2018-04-30 13:30:00,188.75,189.47,188.3,188.79,31308
2018-04-30 14:30:00,188.78,188.81,187.61,187.94,82156
2018-04-30 15:30:00,188.02,188.79,187.95,188.46,133127
2018-05-01 09:30:00,188.5,189.81,187.89,189.58,122041
2018-05-01 10:30:00,189.63,190.199,188.78,189.94,55114
2018-05-01 11:30:00,190.01,190.08,189.24,189.78,53655
2018-05-01 12:30:00,189.79,189.94,188.94,189.6256,47176
2018-05-01 13:30:00,189.74,191.0,189.4,190.6658,42947
2018-05-01 14:30:00,190.73,191.08,190.3916,190.95,58329
2018-05-01 15:30:00,190.95,191.77,190.76,191.39,86739
2018-07-16 09:30:00,199.84,201.21,199.37,200.8075,259465
2018-07-16 10:30:00,200.88,201.155,199.89,200.45,68668
2018-07-16 11:30:00,200.36,200.64,199.86,200.5061,636553
2018-07-16 12:30:00,200.35,200.58,200.05,200.1175,31027
2018-07-16 13:30:00,200.25,200.36,200.005,200.1338,27239
2018-07-16 14:30:00,200.115,200.189,199.44,199.51,52371
2018-07-16 15:30:00,199.56,200.19,199.54,199.98,65754
2018-07-17 09:30:00,199.77,201.08,199.39,200.9,202397
2018-07-17 10:30:00,200.88,201.8002,200.88,201.3001,96038
2018-07-17 11:30:00,201.345,202.85,201.19,202.85,612510
2018-07-17 12:30:00,202.8,203.96,202.55,203.8988,47869
2018-07-17 13:30:00,203.95,204.14,203.61,203.88,44906
2018-07-17 14:30:00,203.87,204.19,203.37,203.62,94158
2018-07-17 15:30:00,203.71,204.88,203.62,204.68,196252
2018-07-18 09:30:00,213.3,216.59,212.75,216.52,776084
2018-07-18 10:30:00,216.49,218.24,216.08,216.74,296630
2018-07-18 11:30:00,216.68,218.38,211.14,218.35,1779394
2018-07-18 12:30:00,218.4,218.49,217.36,217.7,92846
2018-07-18 13:30:00,217.69,217.81,217.0,217.5601,93687
2018-07-18 14:30:00,217.6,218.42,217.29,218.245,125284
2018-07-18 15:30:00,218.263,218.4,217.43,217.91,219188
2018-07-19 09:30:00,215.63,216.19,215.1,215.7433,314080
2018-07-19 10:30:00,215.78,216.74,215.49,215.95,120003
2018-07-19 11:30:00,216.0198,216.41,215.01,215.32,82089
2018-07-19 12:30:00,215.35,216.0544,214.6,215.78,47498
2018-07-19 13:30:00,215.72,216.4,215.66,215.91,36380
2018-07-19 14:30:00,215.89,216.05,215.14,215.45,50706
2018-07-19 15:30:00,215.38,217.9,214.96,215.29,110365
2018-07-20 09:30:00,216.76,219.52,216.71,219.4904,447046
2018-07-20 10:30:00,219.49,221.49,219.32,221.46,282991
2018-07-20 11:30:00,221.39,221.47,220.13,220.19,283891
2018-07-20 12:30:00,220.25,220.55,219.92,220.12,55174
2018-07-20 13:30:00,220.105,220.36,219.92,220.11,45018
2018-07-20 14:30:00,220.155,220.19,219.47,220.07,68977
2018-07-20 15:30:00,220.06,220.1,219.57,219.91,114042
2018-07-23 09:30:00,219.57,219.67,216.99,218.8,319192
2018-07-23 10:30:00,218.8,219.81,218.52,219.57,117311
2018-07-23 11:30:00,219.6275,220.99,219.32,220.89,148070
2018-07-23 12:30:00,220.91,221.67,220.63,220.75,96991
2018-07-23 13:30:00,220.85,221.4,220.6,220.68,33494
2018-07-23 14:30:00,220.61,221.01,220.55,220.81,36803
2018-07-23 15:30:00,220.8,221.0899,220.61,220.9,84409
2018-07-24 09:30:00,219.46,219.86,218.9,219.28,256325
2018-07-24 10:30:00,219.41,219.91,217.5,217.76,125199
2018-07-24 11:30:00,217.75,217.88,216.38,216.622,83203
2018-07-24 12:30:00,216.725,216.725,214.25,214.59,63965
2018-07-24 13:30:00,214.6602,214.79,213.63,213.69,51096
2018-07-24 14:30:00,213.81,214.66,213.53,214.05,90768
2018-07-24 15:30:00,214.05,214.355,213.52,213.6,154792
2018-07-25 09:30:00,215.73,216.38,215.31,215.7,559719
2018-07-25 10:30:00,215.68,216.12,214.83,215.41,307103
2018-07-25 11:30:00,215.41,217.9,215.1,217.53,632038
2018-07-25 12:30:00,217.57,217.759,216.52,216.65,194738
2018-07-25 13:30:00,216.68,218.13,216.4926,218.13,68589
2018-07-25 14:30:00,218.11,218.73,217.04,217.1,112039
2018-07-25 15:30:00,217.06,219.07,216.42,218.98,185213
2018-07-26 09:30:00,215.95,216.84,214.8,215.25,233973
2018-07-26 10:30:00,215.227,216.54,215.18,216.12,93697
2018-07-26 11:30:00,216.14,216.58,214.7101,214.98,761830
2018-07-26 12:30:00,215.01,215.83,214.23,215.8,34760
2018-07-26 13:30:00,215.7549,216.5,215.51,216.15,40078
2018-07-26 14:30:00,216.045,216.5,215.5091,216.5,39147
2018-07-26 15:30:00,216.495,216.82,216.12,216.66,76150
2018-07-27 09:30:00,216.94,217.59,216.68,217.05,265849
2018-07-27 10:30:00,217.02,217.18,216.3,216.52,110583
2018-07-27 11:30:00,216.52,216.6599,214.86,214.86,41625
2018-07-27 12:30:00,214.82,214.82,212.34,213.58,65137
2018-07-27 13:30:00,213.58,214.33,212.62,212.94,59759
2018-07-27 14:30:00,212.94,213.6,212.761,212.99,201725
2018-07-27 15:30:00,213.04,213.78,213.01,213.26,131274
2018-07-30 09:30:00,216.31,216.6,215.27,215.96,230756
2018-07-30 10:30:00,215.85,216.33,215.25,215.36,121953
2018-07-30 11:30:00,215.46,215.645,214.2001,214.51,54305
2018-07-30 12:30:00,214.46,215.504,213.61,215.5,40126
2018-07-30 13:30:00,215.38,216.34,215.33,215.5899,60129
2018-07-30 14:30:00,215.59,215.65,214.41,214.41,80647
2018-07-30 15:30:00,214.41,215.01,214.21,214.51,54149
2018-07-31 09:30:00,215.15,216.29,214.14,215.02,291696
2018-07-31 10:30:00,215.11,215.7,214.87,215.4,169217
2018-07-31 11:30:00,215.4,216.17,214.62,215.965,86234
2018-07-31 12:30:00,215.951,216.32,215.35,215.64,77779
2018-07-31 13:30:00,215.64,216.17,215.3496,215.79,86195
2018-07-31 14:30:00,215.83,215.89,214.52,214.705,87371
2018-07-31 15:30:00,214.7,214.7461,213.96,213.98,149284
2018-10-15 09:30:00,173.48,174.12,172.83,173.81,206606
2018-10-15 10:30:00,173.66,174.4,173.5,174.24,134393
2018-10-15 11:30:00,174.25,174.9399,173.8,174.41,67122
2018-10-15 12:30:00,174.33,174.82,174.14,174.34,37389
2018-10-15 13:30:00,174.34,175.09,173.7254,173.8262,47939
2018-10-15 14:30:00,173.7657,175.12,173.59,173.9968,54588
2018-10-15 15:30:00,173.98,174.29,173.34,173.34,71977
2018-10-16 09:30:00,178.38,179.89,177.99,178.59,176690
2018-10-16 10:30:00,178.56,179.88,177.73,179.74,139105
2018-10-16 11:30:00,179.75,180.6,179.23,179.96,72306
2018-10-16 12:30:00,179.96,180.83,179.8,180.63,40013
2018-10-16 13:30:00,180.6526,181.87,180.48,181.7171,84246
2018-10-16 14:30:00,181.82,182.3,180.87,180.87,103637
2018-10-16 15:30:00,180.86,182.06,180.86,181.96,140981
2018-10-17 09:30:00,187.58,189.25,184.91,187.04,700817
2018-10-17 10:30:00,186.95,187.63,184.38,185.17,324813
2018-10-17 11:30:00,185.23,186.44,184.7301,185.8495,80966
2018-10-17 12:30:00,185.7342,186.2011,184.67,184.67,37476
2018-10-17 13:30:00,184.525,185.2259,183.31,184.0597,76035
2018-10-17 14:30:00,183.9,185.37,183.59,185.16,124647
2018-10-17 15:30:00,185.055,185.5,184.5401,185.01,170709
2018-10-18 09:30:00,182.29,182.84,180.1401,181.565,216341
2018-10-18 10:30:00,181.58,182.01,178.63,178.93,110213
2018-10-18 11:30:00,179.07,179.17,176.92,177.85,94758
2018-10-18 12:30:00,177.83,178.03,176.215,176.5414,44057
2018-10-18 13:30:00,176.355,177.5699,175.85,176.22,51137
2018-10-18 14:30:00,176.28,177.5,176.25,177.42,80111
2018-10-18 15:30:00,177.27,177.39,176.2,176.39,189313
2018-10-19 09:30:00,176.06,178.38,175.84,176.49,216721
2018-10-19 10:30:00,176.54,177.73,176.54,176.88,61311
2018-10-19 11:30:00,177.0141,177.31,173.9,174.61,82661
2018-10-19 12:30:00,174.735,175.78,173.71,175.15,103989
2018-10-19 13:30:00,175.495,175.98,174.23,175.46,36955
2018-10-19 14:30:00,175.64,176.5,175.14,176.49,52693
2018-10-19 15:30:00,176.1683,176.76,175.55,175.7,133998
2018-10-22 09:30:00,176.35,176.77,174.2,175.12,135763
2018-10-22 10:30:00,175.1652,176.52,174.87,175.78,67619
2018-10-22 11:30:00,175.76,175.88,174.7,175.06,57876
2018-10-22 12:30:00,175.11,176.12,174.91,175.63,36278
2018-10-22 13:30:00,175.4576,176.2577,175.38,175.73,37561
2018-10-22 14:30:00,175.92,176.87,175.8,176.61,40071
2018-10-22 15:30:00,176.62,177.02,176.28,176.33,102783
2018-10-23 09:30:00,167.63,169.44,167.26,169.08,390513
2018-10-23 10:30:00,169.03,170.47,168.12,170.3,237944
2018-10-23 11:30:00,170.45,172.27,169.75,172.005,70854
2018-10-23 12:30:00,172.11,174.17,170.46,173.22,203859
2018-10-23 13:30:00,173.28,174.2299,172.51,173.9381,43040
2018-10-23 14:30:00,173.87,174.42,173.55,174.05,114484
2018-10-23 15:30:00,174.06,174.07,172.64,172.87,140777
2018-10-24 09:30:00,167.3,167.71,164.95,165.31,424676
2018-10-24 10:30:00,165.25,165.45,161.89,161.89,343965
2018-10-24 11:30:00,161.935,164.93,161.79,164.0,508758
2018-10-24 12:30:00,164.24,164.24,162.0125,162.16,52331
2018-10-24 13:30:00,162.3,162.74,161.7001,162.59,121987
2018-10-24 14:30:00,162.595,162.94,160.04,160.09,124899
2018-10-24 15:30:00,160.16,160.59,157.95,158.06,268905
2018-10-25 09:30:00,165.25,167.6,163.69,167.18,411765
2018-10-25 10:30:00,167.28,168.4162,166.61,168.2272,118241
2018-10-25 11:30:00,168.25,168.45,166.65,166.8901,60107
2018-10-25 12:30:00,166.8901,168.49,166.79,168.49,49836
2018-10-25 13:30:00,168.2019,169.95,167.99,169.15,38789
2018-10-25 14:30:00,169.39,170.35,168.88,169.07,128965
2018-10-25 15:30:00,169.15,169.38,168.55,169.04,141951
2018-10-26 09:30:00,164.4,165.78,163.0475,163.41,256909
2018-10-26 10:30:00,163.35,165.25,162.21,165.06,169978
2018-10-26 11:30:00,165.23,168.2524,164.99,166.9,89359
2018-10-26 12:30:00,166.82,169.16,166.78,167.75,52432
2018-10-26 13:30:00,167.76,168.185,166.6,167.49,58018
2018-10-26 14:30:00,167.475,167.9932,165.8,166.8,68466
2018-10-26 15:30:00,166.69,167.26,165.93,166.21,120770
2018-10-29 09:30:00,168.52,169.7,168.28,169.32,163048
2018-10-29 10:30:00,169.41,169.47,166.45,167.22,82305
2018-10-29 11:30:00,167.41,167.96,165.24,165.48,77810
2018-10-29 12:30:00,165.53,166.84,165.03,165.9216,51045
2018-10-29 13:30:00,165.99,166.8999,164.37,164.52,57637
2018-10-29 14:30:00,164.5,164.75,162.02,162.37,119466
2018-10-29 15:30:00,162.3346,163.46,160.38,163.38,139681
2018-10-30 09:30:00,166.1,169.41,165.66,167.63,384314
2018-10-30 10:30:00,167.89,168.22,166.6573,167.6,153081
2018-10-30 11:30:00,167.72,169.14,167.4347,168.5,115970
2018-10-30 12:30:00,168.36,168.68,166.59,167.24,46341
2018-10-30 13:30:00,167.26,167.99,166.3925,167.1299,45192
2018-10-30 14:30:00,167.12,168.87,166.8701,168.63,89262
2018-10-30 15:30:00,168.65,169.29,168.27,168.59,258047
2019-01-14 09:30:00,160.08,160.35,158.79,159.1868,147861
2019-01-14 10:30:00,159.2,159.52,158.26,158.89,72693
2019-01-14 11:30:00,158.89,160.1099,158.76,159.905,100695
2019-01-14 12:30:00,159.85,160.22,159.78,160.14,52489
2019-01-14 13:30:00,160.14,160.2,159.3,159.3651,23069
2019-01-14 14:30:00,159.38,159.7399,159.3001,159.455,81004
2019-01-14 15:30:00,159.51,159.66,158.62,158.69,177220
2019-01-15 09:30:00,158.95,160.91,158.87,160.2,103203
2019-01-15 10:30:00,160.25,160.62,159.09,159.16,66376
2019-01-15 11:30:00,159.09,159.93,158.87,159.7,36235
2019-01-15 12:30:00,159.7,159.83,159.13,159.44,33658
2019-01-15 13:30:00,159.42,159.61,158.42,158.59,35975
2019-01-15 14:30:00,158.41,159.21,158.28,158.89,37381
2019-01-15 15:30:00,158.89,159.73,158.74,159.23,120613
2019-01-16 09:30:00,159.07,159.39,158.44,158.5,132915
2019-01-16 10:30:00,158.56,158.925,158.06,158.67,49323
2019-01-16 11:30:00,158.6617,158.93,157.65,157.98,44656
2019-01-16 12:30:00,158.07,158.13,157.57,157.89,24069
2019-01-16 13:30:00,157.82,158.27,157.69,158.27,22699
2019-01-16 14:30:00,158.2734,158.64,157.65,158.03,94993
2019-01-16 15:30:00,158.05,158.09,157.18,157.27,147351
2019-01-17 09:30:00,155.77,156.69,155.22,156.55,281501
2019-01-17 10:30:00,156.505,156.72,156.09,156.475,122606
2019-01-17 11:30:00,156.53,157.0,156.42,156.71,44843
2019-01-17 12:30:00,156.7,156.95,156.4671,156.8,39179
2019-01-17 13:30:00,156.81,156.935,156.24,156.32,28740
2019-01-17 14:30:00,156.33,158.63,156.2,157.51,249685
2019-01-17 15:30:00,157.52,158.11,157.22,157.53,112453
2019-01-18 09:30:00,159.13,160.86,158.86,160.49,319812
2019-01-18 10:30:00,160.56,162.54,160.47,162.43,269932
2019-01-18 11:30:00,162.53,163.99,162.07,163.99,214875
2019-01-18 12:30:00,163.8901,163.96,163.06,163.06,108560
2019-01-18 13:30:00,163.05,164.01,162.82,163.32,88864
2019-01-18 14:30:00,163.285,163.53,162.96,163.0022,227832
2019-01-18 15:30:00,162.99,163.07,162.16,162.7,384709
2019-01-22 09:30:00,160.9,161.0,159.05,159.51,289667
2019-01-22 10:30:00,159.5,160.88,159.45,160.4471,119077
2019-01-22 11:30:00,160.45,160.61,159.17,159.43,84544
2019-01-22 12:30:00,159.26,159.82,158.34,158.98,87296
2019-01-22 13:30:00,158.905,159.57,158.7,158.93,69128
2019-01-22 14:30:00,159.04,159.13,157.92,158.59,100054
2019-01-22 15:30:00,158.52,159.55,158.31,159.35,171929
2019-01-23 09:30:00,163.33,164.05,161.915,162.58,347133
2019-01-23 10:30:00,162.49,163.83,161.44,161.65,194239
2019-01-23 11:30:00,161.71,162.36,160.64,161.115,129654
2019-01-23 12:30:00,161.07,162.53,160.9,162.2055,252569
2019-01-23 13:30:00,162.1,162.92,161.69,161.7,114147
2019-01-23 14:30:00,161.705,162.27,160.8201,162.18,137444
2019-01-23 15:30:00,162.16,162.31,161.8,162.11,120407
2019-01-24 09:30:00,167.65,169.59,167.53,168.7,321231
2019-01-24 10:30:00,168.73,169.07,168.01,168.7087,340469
2019-01-24 11:30:00,168.76,169.34,168.32,168.5287,180504
2019-01-24 12:30:00,168.52,168.6399,167.24,167.63,77289
2019-01-24 13:30:00,167.595,168.7199,167.57,168.7199,62981
2019-01-24 14:30:00,168.56,169.23,168.44,168.8965,82015
2019-01-24 15:30:00,168.86,169.28,168.49,168.78,159360
2019-01-25 09:30:00,173.19,175.67,172.63,175.415,400090
2019-01-25 10:30:00,175.49,176.37,175.3898,175.9778,217867
2019-01-25 11:30:00,175.94,176.34,175.2,176.08,355046
2019-01-25 12:30:00,176.07,176.7,175.61,176.6504,70170
2019-01-25 13:30:00,176.4667,176.84,176.1249,176.1249,75948
2019-01-25 14:30:00,176.1798,176.82,176.11,176.5,99079
2019-01-25 15:30:00,176.52,176.84,176.25,176.77,245811
2019-01-28 09:30:00,171.71,174.9,171.2101,174.63,706574
2019-01-28 10:30:00,174.63,175.48,174.27,175.2201,145901
2019-01-28 11:30:00,175.3,175.385,173.7,174.11,232088
2019-01-28 12:30:00,174.13,174.79,173.75,174.48,288404
2019-01-28 13:30:00,174.5223,174.72,173.87,174.07,319670
2019-01-28 14:30:00,174.13,175.06,174.02,174.64,110396
2019-01-28 15:30:00,174.69,174.751,174.1,174.15,166910
2019-01-29 09:30:00,174.42,174.63,173.23,173.99,145938
2019-01-29 10:30:00,174.05,174.09,172.33,172.81,80890
2019-01-29 11:30:00,172.935,174.02,172.865,173.9266,185700
2019-01-29 12:30:00,173.9,174.46,173.83,174.32,146868
2019-01-29 13:30:00,174.22,174.33,173.71,173.895,100455
2019-01-29 14:30:00,173.85,174.56,173.71,174.51,106754
2019-01-29 15:30:00,174.43,174.78,174.4,174.61,146796
2019-04-15 09:30:00,201.39,201.73,200.42,200.51,93634
2019-04-15 10:30:00,200.48,200.48,199.39,200.01,75794
2019-04-15 11:30:00,200.0,200.2,198.99,199.25,26321
2019-04-15 12:30:00,199.39,199.77,199.14,199.585,18777
2019-04-15 13:30:00,199.65,200.1997,199.5401,199.96,20928
2019-04-15 14:30:00,200.02,200.31,199.6,199.71,48263
2019-04-15 15:30:00,199.68,199.97,199.52,199.84,68043
2019-04-16 09:30:00,201.38,202.94,201.06,202.82,138896
2019-04-16 10:30:00,202.81,203.76,202.64,203.14,64353
2019-04-16 11:30:00,203.2,203.8,203.05,203.7156,66043
2019-04-16 12:30:00,203.7419,204.21,203.55,203.91,34299
2019-04-16 13:30:00,204.05,204.17,203.795,204.02,34996
2019-04-16 14:30:00,204.15,204.55,203.73,203.85,68789
2019-04-16 15:30:00,203.81,203.88,202.85,203.62,294056
2019-04-17 09:30:00,208.09,208.9,201.07,202.71,499438
2019-04-17 10:30:00,202.6985,204.16,202.45,203.25,128666
2019-04-17 11:30:00,203.35,203.67,201.86,201.885,144246
2019-04-17 12:30:00,202.04,203.5,200.58,201.48,156047
2019-04-17 13:30:00,201.48,203.62,201.23,202.535,137996
2019-04-17 14:30:00,202.58,203.67,202.26,203.12,85646
2019-04-17 15:30:00,203.15,203.38,202.83,203.35,85379
2019-04-18 09:30:00,206.05,207.03,204.67,204.9,217032
2019-04-18 10:30:00,204.765,205.83,204.58,205.37,98219
2019-04-18 11:30:00,205.4829,206.4,205.31,205.66,268795
2019-04-18 12:30:00,205.585,205.89,205.2601,205.52,49752
2019-04-18 13:30:00,205.51,206.42,205.47,206.34,42407
2019-04-18 14:30:00,206.2,206.46,205.9701,206.275,66677
2019-04-18 15:30:00,206.21,206.31,205.6,206.0,103182
2019-04-22 09:30:00,204.62,205.35,203.7249,204.37,101877
2019-04-22 10:30:00,204.26,205.172,204.23,204.9772,39370
2019-04-22 11:30:00,205.06,205.28,204.39,205.08,43156
2019-04-22 12:30:00,205.2199,205.43,204.9275,205.21,20133
2019-04-22 13:30:00,205.15,205.79,205.095,205.78,18554
2019-04-22 14:30:00,205.79,205.8899,205.39,205.59,39489
2019-04-22 15:30:00,205.65,205.81,205.38,205.5,57484
2019-04-23 09:30:00,204.11,205.15,203.91,204.93,108988
2019-04-23 10:30:00,204.93,204.98,204.3,204.875,56928
2019-04-23 11:30:00,204.905,206.1125,204.9,205.95,54420
2019-04-23 12:30:00,205.94,206.13,205.57,205.645,22374
2019-04-23 13:30:00,205.65,205.81,204.76,204.995,34316
2019-04-23 14:30:00,205.0,205.54,204.7,205.19,45678
2019-04-23 15:30:00,205.32,205.34,204.71,205.29,70651
2019-04-24 09:30:00,205.48,206.04,205.17,205.89,118766
2019-04-24 10:30:00,205.77,207.83,205.6204,207.53,96294
2019-04-24 11:30:00,207.54,207.71,206.09,207.1245,52628
2019-04-24 12:30:00,207.03,207.14,206.31,206.864,37022
2019-04-24 13:30:00,206.895,207.12,206.22,206.42,34331
2019-04-24 14:30:00,206.37,206.72,205.81,206.0,49437
2019-04-24 15:30:00,205.9101,205.98,205.25,205.32,51405
2019-04-25 09:30:00,206.88,207.31,204.01,204.74,242958
2019-04-25 10:30:00,204.64,206.36,204.24,206.36,177812
2019-04-25 11:30:00,206.39,206.7,205.37,205.537,64142
2019-04-25 12:30:00,205.445,205.85,204.72,205.19,58311
2019-04-25 13:30:00,205.2,206.43,204.98,206.155,67942
2019-04-25 14:30:00,206.1839,206.28,205.41,205.8749,62114
2019-04-25 15:30:00,205.94,206.39,205.7201,206.21,65121
2019-04-26 09:30:00,204.75,205.76,203.18,205.53,203717
2019-04-26 10:30:00,205.36,206.11,205.34,205.84,55761
2019-04-26 11:30:00,205.73,206.22,205.0408,205.98,39809
2019-04-26 12:30:00,205.955,206.57,205.68,206.39,35023
2019-04-26 13:30:00,206.41,207.06,206.09,206.89,46001
2019-04-26 14:30:00,206.9,207.19,206.5,206.985,58226
2019-04-26 15:30:00,207.0,207.29,206.74,207.26,80729
2019-04-29 09:30:00,205.74,206.36,205.06,206.01,99019
2019-04-29 10:30:00,206.0,206.63,205.85,206.25,38796
2019-04-29 11:30:00,206.2053,206.85,206.14,206.6,20419
2019-04-29 12:30:00,206.5939,207.085,206.42,206.955,18227
2019-04-29 13:30:00,206.945,207.26,206.51,207.0501,43622
2019-04-29 14:30:00,207.1395,207.1395,206.15,206.5599,38891
2019-04-29 15:30:00,206.37,206.53,205.95,206.5,69797
2019-04-30 09:30:00,206.65,207.8883,206.29,207.27,86753
2019-04-30 10:30:00,207.26,207.92,206.8,207.39,60197
2019-04-30 11:30:00,207.47,208.5099,207.39,208.1474,29894
2019-04-30 12:30:00,208.155,208.77,207.8401,208.4552,23023
2019-04-30 13:30:00,208.55,209.0,208.2049,208.66,33947
2019-04-30 14:30:00,208.6202,208.8,208.26,208.53,38121
2019-04-30 15:30:00,208.53,209.04,208.3419,208.89,48480
2019-07-15 09:30:00,208.29,209.19,207.09,207.45,162980
2019-07-15 10:30:00,207.45,207.79,207.1,207.41,97147
2019-07-15 11:30:00,207.3905,207.42,206.1531,206.5,60004
2019-07-15 12:30:00,206.495,206.72,206.0822,206.1575,32753
2019-07-15 13:30:00,206.175,206.91,206.05,206.763,76999
2019-07-15 14:30:00,206.68,207.2,206.62,207.1,55591
2019-07-15 15:30:00,207.0504,207.25,206.61,206.7,155931
2019-07-16 09:30:00,205.28,206.42,204.3,206.405,177836
2019-07-16 10:30:00,206.45,206.91,206.23,206.52,63969
2019-07-16 11:30:00,206.4601,206.96,205.67,205.94,55624
2019-07-16 12:30:00,206.01,206.37,205.83,206.07,43647
2019-07-16 13:30:00,206.0,206.13,205.21,205.39,67328
2019-07-16 14:30:00,205.39,205.96,205.1701,205.6,80767
2019-07-16 15:30:00,205.58,205.69,205.0,205.06,105047
2019-07-17 09:30:00,217.67,219.31,215.21,216.31,778257
2019-07-17 10:30:00,216.21,217.8587,215.8611,217.3653,172053
2019-07-17 11:30:00,217.0075,218.3095,217.0075,218.0,390857
2019-07-17 12:30:00,217.9852,219.5,217.8005,219.2638,88866
2019-07-17 13:30:00,219.33,219.6,218.38,219.0959,105107
2019-07-17 14:30:00,218.99,219.05,218.0625,218.6201,126199
2019-07-17 15:30:00,218.69,218.9158,217.16,217.68,281926
2019-07-18 09:30:00,221.83,225.13,221.53,224.44,508316
2019-07-18 10:30:00,224.41,224.7,223.7745,223.96,93796
2019-07-18 11:30:00,223.9611,224.07,223.2,223.31,280923
2019-07-18 12:30:00,223.33,224.78,223.32,224.692,109696
2019-07-18 13:30:00,224.6169,226.74,224.4929,226.2457,138216
2019-07-18 14:30:00,226.15,226.99,225.52,226.04,206021
2019-07-18 15:30:00,225.88,226.78,225.78,226.7,313152
2019-07-19 09:30:00,223.05,224.89,223.04,223.54,279205
2019-07-19 10:30:00,223.48,224.7,223.15,224.44,70660
2019-07-19 11:30:00,224.37,224.46,223.1301,224.2972,78669
2019-07-19 12:30:00,224.36,224.99,224.21,224.42,41314
2019-07-19 13:30:00,224.425,224.48,223.62,224.0,68671
2019-07-19 14:30:00,224.1,224.26,223.52,223.64,71638
2019-07-19 15:30:00,223.61,223.92,223.34,223.8,126901
2019-07-22 09:30:00,225.29,226.87,225.29,226.29,222221
2019-07-22 10:30:00,226.46,227.09,226.03,226.2541,109750
2019-07-22 11:30:00,226.2532,227.49,226.18,226.77,96844
2019-07-22 12:30:00,226.77,227.4595,226.71,227.41,51401
2019-07-22 13:30:00,227.4,228.1199,227.4,227.8065,50492
2019-07-22 14:30:00,227.84,227.99,227.42,227.77,71649
2019-07-22 15:30:00,227.768,227.87,227.56,227.87,108618
2019-07-23 09:30:00,230.86,230.97,229.61,229.895,162299
2019-07-23 10:30:00,229.95,231.06,229.73,230.35,77307
2019-07-23 11:30:00,230.28,230.6,229.31,230.22,387481
2019-07-23 12:30:00,230.1437,230.65,230.04,230.33,21002
2019-07-23 13:30:00,230.36,231.41,230.16,230.37,31572
2019-07-23 14:30:00,230.2977,230.82,230.18,230.515,31698
2019-07-23 15:30:00,230.56,230.77,230.19,230.21,59920
2019-07-24 09:30:00,230.19,231.93,230.01,231.82,167197
2019-07-24 10:30:00,231.89,233.8756,231.885,233.4,136013
2019-07-24 11:30:00,233.52,234.0,233.15,233.7062,225732
2019-07-24 12:30:00,233.63,233.89,233.2,233.65,21945
2019-07-24 13:30:00,233.71,234.04,233.45,233.63,45459
2019-07-24 14:30:00,233.68,234.5,233.27,234.5,46123
2019-07-24 15:30:00,234.45,234.49,233.61,234.06,106696
2019-07-25 09:30:00,232.76,232.85,230.145,230.99,146109
2019-07-25 10:30:00,231.03,234.06,230.92,232.23,54499
2019-07-25 11:30:00,232.13,232.97,231.46,232.255,49380
2019-07-25 12:30:00,232.255,232.26,230.37,230.5,32554
2019-07-25 13:30:00,230.54,230.99,230.25,230.25,36407
2019-07-25 14:30:00,230.2519,230.49,229.67,230.08,45279
2019-07-25 15:30:00,230.08,230.3,229.84,230.09,107595
2019-07-26 09:30:00,232.22,232.46,231.53,231.8,120698
2019-07-26 10:30:00,231.9,232.15,231.34,231.92,65915
2019-07-26 11:30:00,232.04,232.32,231.23,231.52,53018
2019-07-26 12:30:00,231.44,232.17,231.27,231.94,30746
2019-07-26 13:30:00,231.94,231.96,231.36,231.5875,22676
2019-07-26 14:30:00,231.555,232.2,231.55,231.73,37020
2019-07-26 15:30:00,231.7329,231.79,230.83,230.87,48859
2019-07-29 09:30:00,230.61,230.7,229.39,229.52,95959
2019-07-29 10:30:00,229.6,230.51,229.52,230.28,71963
2019-07-29 11:30:00,230.28,230.6429,229.48,230.235,35628
2019-07-29 12:30:00,230.2747,231.08,230.14,230.89,23615
2019-07-29 13:30:00,230.895,231.1299,230.65,230.97,14347
2019-07-29 14:30:00,230.99,231.29,230.72,230.89,23818
2019-07-29 15:30:00,230.86,231.28,230.77,230.81,34713
2019-07-30 09:30:00,227.66,228.44,227.33,228.115,93106
2019-07-30 10:30:00,228.1328,229.32,227.92,229.16,40962
2019-07-30 11:30:00,229.22,229.33,228.46,228.69,36910
2019-07-30 12:30:00,228.46,230.97,228.16,228.275,19588
2019-07-30 13:30:00,228.35,229.3,228.15,229.26,63394
2019-07-30 14:30:00,229.28,229.405,228.54,228.815,47240
2019-07-30 15:30:00,228.815,229.16,227.95,228.26,120708
2019-09-30 09:30:00,245.04,246.5,244.76,246.39,90354
2019-09-30 10:30:00,246.4,247.33,246.25,247.21,45349
2019-09-30 11:30:00,247.14,249.45,247.14,249.19,81075
2019-09-30 12:30:00,249.09,249.56,248.14,248.19,38830
2019-09-30 13:30:00,248.0901,248.73,247.89,248.73,34916
2019-09-30 14:30:00,248.62,248.7667,247.96,248.28,62880
2019-09-30 15:30:00,248.3,248.6,247.57,248.43,119196
2019-10-01 09:30:00,249.45,250.17,246.19,247.18,285436
2019-10-01 10:30:00,247.09,247.7099,245.65,246.44,102622
2019-10-01 11:30:00,246.4342,246.45,245.1162,245.8601,41427
2019-10-01 12:30:00,245.9484,246.43,244.565,245.2667,18885
2019-10-01 13:30:00,245.305,245.93,244.7001,245.69,41477
2019-10-01 14:30:00,245.75,246.6,245.5,246.035,60371
2019-10-01 15:30:00,246.22,246.22,245.4,245.47,87988
2019-10-02 09:30:00,243.52,243.52,241.55,241.55,127710
2019-10-02 10:30:00,241.65,241.66,239.83,240.2507,107381
2019-10-02 11:30:00,240.26,240.65,239.25,239.25,92764
2019-10-02 12:30:00,239.4329,239.99,238.24,239.84,55118
2019-10-02 13:30:00,239.8209,240.39,238.865,240.24,75392
2019-10-02 14:30:00,240.29,240.97,239.9,240.5306,63916
2019-10-02 15:30:00,240.585,241.0,239.81,240.46,113486
2019-10-03 09:30:00,241.13,241.88,238.5,241.685,160270
2019-10-03 10:30:00,241.6,242.8707,239.66,242.17,93967
2019-10-03 11:30:00,242.2,243.54,242.03,243.54,48240
2019-10-03 12:30:00,243.17,243.89,242.71,243.4636,23219
2019-10-03 13:30:00,243.3074,244.95,243.3074,244.741,46383
2019-10-03 14:30:00,244.75,244.7908,243.4819,243.945,35990
2019-10-03 15:30:00,243.91,244.6,243.2,244.36,92392
2019-10-04 09:30:00,244.65,249.59,244.18,244.4,134402
2019-10-04 10:30:00,244.39,245.3,244.1886,244.9,62518
2019-10-04 11:30:00,244.89,246.0,244.72,245.45,74887
2019-10-04 12:30:00,245.39,245.63,245.08,245.255,21555
2019-10-04 13:30:00,245.255,245.745,244.62,245.24,24114
2019-10-04 14:30:00,245.15,245.39,244.91,245.1446,41845
2019-10-04 15:30:00,245.14,246.355,245.14,246.02,105025
2019-10-07 09:30:00,247.38,248.96,247.26,248.38,132529
2019-10-07 10:30:00,248.32,248.81,247.83,247.9089,82718
2019-10-07 11:30:00,247.885,248.69,247.885,248.19,37479
2019-10-07 12:30:00,248.13,248.18,247.29,247.955,40335
2019-10-07 13:30:00,247.95,249.46,247.85,247.98,40784
2019-10-07 14:30:00,248.0247,248.16,246.955,248.15,59512
2019-10-07 15:30:00,248.05,248.1107,247.16,247.38,72171
2019-10-08 09:30:00,244.19,245.01,241.5,241.98,123645
2019-10-08 10:30:00,241.82,243.82,241.55,242.79,116625
2019-10-08 11:30:00,242.87,244.4599,241.87,244.07,76848
2019-10-08 12:30:00,244.1072,245.44,242.02,244.795,25562
2019-10-08 13:30:00,244.7389,245.5,244.31,244.687,42883
2019-10-08 14:30:00,244.77,245.6,242.97,243.48,61263
2019-10-08 15:30:00,243.51,243.6,242.04,242.3,78848
2019-10-14 09:30:00,259.85,261.19,259.5,260.57,177840
2019-10-14 10:30:00,260.64,261.13,259.26,259.33,166185
2019-10-14 11:30:00,259.3,261.29,259.09,260.55,90251
2019-10-14 12:30:00,260.47,260.79,260.04,260.24,24405
2019-10-14 13:30:00,260.17,261.56,260.07,261.03,48450
2019-10-14 14:30:00,261.0301,261.88,260.8301,261.67,65836
2019-10-14 15:30:00,261.695,262.0,261.27,261.63,129583
2019-10-15 09:30:00,263.44,267.05,263.0,266.62,300633
2019-10-15 10:30:00,266.66,268.6,266.18,267.98,260572
2019-10-15 11:30:00,268.0,269.39,267.49,267.56,127493
2019-10-15 12:30:00,267.68,269.245,267.57,268.82,126270
2019-10-15 13:30:00,268.9178,269.36,268.31,268.42,113856
2019-10-15 14:30:00,268.45,268.76,266.89,267.13,122325
2019-10-15 15:30:00,267.24,267.75,267.1,267.56,170709
2019-10-16 09:30:00,260.24,260.6,256.8,260.33,461389
2019-10-16 10:30:00,260.33,260.77,257.7,257.96,137275
2019-10-16 11:30:00,257.91,258.19,255.6864,255.905,132394
2019-10-16 12:30:00,255.92,256.91,253.89,254.0166,155533
2019-10-16 13:30:00,254.05,255.105,253.2949,254.59,218528
2019-10-16 14:30:00,254.56,255.34,254.3,254.46,197527
2019-10-16 15:30:00,254.55,255.17,254.38,254.46,187733
2019-10-17 09:30:00,256.2,257.17,254.87,255.21,329948
2019-10-17 10:30:00,255.11,255.76,254.65,254.65,279816
2019-10-17 11:30:00,254.89,255.4586,253.31,253.4601,538073
2019-10-17 12:30:00,253.78,254.44,253.242,254.1755,83327
2019-10-17 13:30:00,254.2,254.71,253.8,254.1681,54741
2019-10-17 14:30:00,254.045,268.176,253.61,253.77,79830
2019-10-17 15:30:00,253.7125,254.08,253.47,253.9,127656
2019-10-18 09:30:00,253.99,255.3,253.64,254.35,204205
2019-10-18 10:30:00,254.2,254.28,253.18,254.02,95398
2019-10-18 11:30:00,254.045,254.54,252.33,252.895,920587
2019-10-18 12:30:00,252.78,254.28,252.56,253.7326,59480
2019-10-18 13:30:00,253.9419,254.3,253.45,254.3,56098
2019-10-18 14:30:00,254.085,254.93,253.82,254.565,65966
2019-10-18 15:30:00,254.6,254.89,254.23,254.335,95149
2019-10-21 09:30:00,258.0,259.25,257.1,259.07,200876
2019-10-21 10:30:00,259.17,260.36,258.99,259.725,193427
2019-10-21 11:30:00,259.765,261.09,259.43,260.9,72369
2019-10-21 12:30:00,260.8921,261.01,259.84,260.125,41974
2019-10-21 13:30:00,260.14,260.19,259.23,259.8181,83756
2019-10-21 14:30:00,259.83,260.31,259.51,260.09,71411
2019-10-21 15:30:00,260.09,260.644,259.955,260.45,93109
2019-10-22 09:30:00,258.81,260.34,258.29,258.42,247663
2019-10-22 10:30:00,258.4614,258.75,257.155,257.4644,58067
2019-10-22 11:30:00,257.488,258.4851,257.07,257.31,47538
2019-10-22 12:30:00,257.45,257.57,256.762,256.91,25146
2019-10-22 13:30:00,256.93,260.43,256.6,256.9,96792
2019-10-22 14:30:00,257.15,257.15,255.05,255.75,82634
2019-10-22 15:30:00,255.59,255.81,255.09,255.29,202327
2019-10-23 09:30:00,254.85,255.85,253.72,254.42,146126
2019-10-23 10:30:00,254.41,255.65,253.52,255.3,69922
2019-10-23 11:30:00,255.68,256.39,254.6342,256.1386,261006
2019-10-23 12:30:00,256.1,257.2,256.08,256.82,40442
2019-10-23 13:30:00,256.7627,257.37,256.0065,256.25,73464
2019-10-23 14:30:00,256.35,257.09,256.17,257.09,74658
2019-10-23 15:30:00,256.99,257.9599,256.8744,257.85,119948
2019-10-24 09:30:00,260.67,262.5,260.62,262.15,168363
2019-10-24 10:30:00,262.12,263.53,261.88,263.36,88493
2019-10-24 11:30:00,263.43,263.87,262.0101,262.3175,73387
2019-10-24 12:30:00,262.37,263.68,257.66,263.68,20802
2019-10-24 13:30:00,263.5962,263.63,257.66,263.09,35199
2019-10-24 14:30:00,263.18,264.39,262.88,264.16,61020
2019-10-24 15:30:00,264.11,265.48,263.9101,264.83,155641
2019-10-25 09:30:00,262.4,266.7969,261.85,262.68,138386
2019-10-25 10:30:00,262.8,263.72,262.76,263.36,62118
2019-10-25 11:30:00,263.52,264.7,263.355,264.365,69869
2019-10-25 12:30:00,264.3555,264.47,263.68,264.34,17024
2019-10-25 13:30:00,264.49,264.72,263.35,264.33,112180
2019-10-25 14:30:00,264.39,264.56,263.2393,263.55,129982
2019-10-25 15:30:00,263.44,264.2,263.31,263.98,83556
2019-10-28 09:30:00,267.24,267.635,266.37,267.38,157810
2019-10-28 10:30:00,267.39,267.99,267.1101,267.99,62573
2019-10-28 11:30:00,267.99,268.3699,267.38,267.81,78593
2019-10-28 12:30:00,267.7741,267.86,266.54,266.855,39534
2019-10-28 13:30:00,266.9202,267.26,266.47,266.74,53880
2019-10-28 14:30:00,266.76,266.83,266.39,266.41,69711
2019-10-28 15:30:00,266.4,266.78,265.87,266.38,121028
2019-10-29 09:30:00,269.08,269.33,266.63,266.79,83033
2019-10-29 10:30:00,266.8181,267.43,265.83,266.1,41686
2019-10-29 11:30:00,266.13,266.25,264.99,265.31,74964
2019-10-29 12:30:00,265.34,266.29,265.34,266.1017,65066
2019-10-29 13:30:00,266.105,266.19,264.83,265.12,83763
2019-10-29 14:30:00,265.085,265.66,264.95,265.1,40788
2019-10-29 15:30:00,265.02,265.17,264.24,264.625,81648
2020-01-13 09:30:00,298.68,299.3,297.4101,298.965,104733
2020-01-13 10:30:00,298.98,299.55,298.69,299.345,61521
2020-01-13 11:30:00,299.36,300.74,299.06,300.4226,42159
2020-01-13 12:30:00,300.35,300.88,300.3201,300.86,18361
2020-01-13 13:30:00,300.8,300.99,300.39,300.84,23031
2020-01-13 14:30:00,300.805,301.62,300.76,300.95,42415
2020-01-13 15:30:00,300.9693,301.56,300.88,301.45,65386
2020-01-14 09:30:00,299.15,300.46,298.41,299.24,109647
2020-01-14 10:30:00,299.21,300.1,298.9,299.77,48893
2020-01-14 11:30:00,299.77,303.39,299.46,303.04,112157
2020-01-14 12:30:00,303.2037,305.7,303.16,305.24,78764
2020-01-14 13:30:00,305.36,305.93,301.45,303.1925,88505
2020-01-14 14:30:00,303.35,303.8972,302.1501,302.36,53699
2020-01-14 15:30:00,302.33,303.37,302.19,302.4,93756
2020-01-15 09:30:00,301.53,302.92,301.39,301.99,106723
2020-01-15 10:30:00,301.99,302.64,301.67,302.4,81407
2020-01-15 11:30:00,302.385,302.95,301.1905,301.26,50257
2020-01-15 12:30:00,301.3584,301.47,300.35,301.04,36537
2020-01-15 13:30:00,301.135,301.676,300.5701,301.676,27651
2020-01-15 14:30:00,301.545,302.05,300.01,300.25,29803
2020-01-15 15:30:00,300.5099,300.59,299.72,300.08,94111
2020-01-16 09:30:00,302.55,302.97,301.47,301.82,106736
2020-01-16 10:30:00,301.95,302.15,300.36,300.53,67636
2020-01-16 11:30:00,300.57,301.08,300.08,300.08,46799
2020-01-16 12:30:00,300.08,300.16,299.54,299.66,45030
2020-01-16 13:30:00,299.66,300.6199,299.56,300.2093,37208
2020-01-16 14:30:00,300.3094,300.982,300.14,300.74,46854
2020-01-16 15:30:00,300.87,301.36,300.71,301.07,142231
2020-01-17 09:30:00,300.73,301.05,299.88,300.065,167947
2020-01-17 10:30:00,300.065,300.627353,299.36,299.94,109748
2020-01-17 11:30:00,300.0,300.775,299.47,299.63,63522
2020-01-17 12:30:00,299.66,300.1509,299.24,300.07,49155
2020-01-17 13:30:00,300.06,300.4,299.59,300.09,50222
2020-01-17 14:30:00,300.06,300.365,299.69,299.85,76735
2020-01-17 15:30:00,299.85,300.38,299.69,300.04,148415
2020-01-21 09:30:00,298.11,299.52,297.43,299.43,145843
2020-01-21 10:30:00,299.43,301.25,298.315502,301.175,137593
2020-01-21 11:30:00,301.1,301.37,300.53,300.62,45759
2020-01-21 12:30:00,300.6681,300.72,299.36,299.51,30909
2020-01-21 13:30:00,299.51,299.74,298.155,298.6596,48884
2020-01-21 14:30:00,298.62,299.5099,298.1701,299.265,42748
2020-01-21 15:30:00,299.29,299.63,298.145,298.38,81431
2020-01-22 09:30:00,300.56,301.23,297.89,300.725,377710
2020-01-22 10:30:00,300.69,301.69,298.7,299.72,183134
2020-01-22 11:30:00,299.93,300.2332,297.7096,298.12,96334
2020-01-22 12:30:00,298.12,298.5695,297.38,297.5663,74988
2020-01-22 13:30:00,297.59,298.59,296.9,297.9596,68627
2020-01-22 14:30:00,297.98,298.06,296.32,296.77,98771
2020-01-22 15:30:00,296.915,297.42,296.01,296.24,144180
2020-01-23 09:30:00,296.92,297.11,293.35,294.06,163214
2020-01-23 10:30:00,294.06,294.26,291.55,291.83,106489
2020-01-23 11:30:00,291.7879,294.56,291.68,294.43,94206
2020-01-23 12:30:00,294.43,294.53,293.04,293.55,46216
2020-01-23 13:30:00,293.54,296.25,293.25,294.15,56797
2020-01-23 14:30:00,294.12,295.25,293.6,294.78,74979
2020-01-23 15:30:00,294.685,294.9,293.87,294.14,116623
2020-01-24 09:30:00,296.89,298.21,295.66,297.69,212879
2020-01-24 10:30:00,297.62,298.84,297.36,298.81,223306
2020-01-24 11:30:00,298.785,299.37,296.42,297.04,131929
2020-01-24 12:30:00,297.28,298.591,296.95,297.235,91371
2020-01-24 13:30:00,297.43,297.7016,294.45,294.92,53147
2020-01-24 14:30:00,294.95,296.77,294.77,296.19,63672
2020-01-24 15:30:00,296.02,296.51,294.77,295.55,93112
2020-01-27 09:30:00,287.23,288.7299,286.58,287.905,270631
2020-01-27 10:30:00,287.6731,287.94,284.82,285.84,127357
2020-01-27 11:30:00,285.82,286.02,284.43,285.8,81207
2020-01-27 12:30:00,285.89,286.025,284.8,285.38,55278
2020-01-27 13:30:00,285.43,286.04,284.88,285.64,63109
2020-01-27 14:30:00,285.9,286.21,284.24,284.4,116454
2020-01-27 15:30:00,284.37,284.95,283.77,284.35,106017
2020-01-28 09:30:00,286.19,287.74,285.15,287.385,306996
2020-01-28 10:30:00,287.42,287.85,286.95,287.47,324532
2020-01-28 11:30:00,287.47,289.0,287.4425,288.81,139866
2020-01-28 12:30:00,288.82,289.15,288.23,289.0199,46094
2020-01-28 13:30:00,288.925,289.4442,288.58,289.39,330144
2020-01-28 14:30:00,289.32,289.95,288.89,289.75,134458
2020-01-28 15:30:00,289.89,290.27,289.4,290.18,122785
2020-03-04 09:30:00,292.45,294.84,284.3,294.36,295984
2020-03-04 10:30:00,294.11,294.35,291.81,292.72,146812
2020-03-04 11:30:00,292.8,296.48,292.21,296.095,145608
2020-03-04 12:30:00,296.4495,299.47,295.47,298.91,98534
2020-03-04 13:30:00,299.18,299.65,297.872,299.4,103421
2020-03-04 14:30:00,299.4901,300.21,297.4511,300.21,118709
2020-03-04 15:30:00,300.29,301.99,299.48,301.61,289508
2020-03-05 09:30:00,291.12,295.43,290.64,294.52,450203
2020-03-05 10:30:00,294.42,295.97,294.05,295.02,138250
2020-03-05 11:30:00,295.06,295.49,291.0,292.03,213659
2020-03-05 12:30:00,291.4253,292.44,287.5601,288.896,119624
2020-03-05 13:30:00,289.29,301.61,286.6,287.24,85587
2020-03-05 14:30:00,287.075,289.005,286.01,286.49,147966
2020-03-05 15:30:00,286.5899,289.31,286.07,288.47,201430
2020-03-06 09:30:00,284.41,287.56,282.822,287.28,303457
2020-03-06 10:30:00,287.23,288.26,284.02,284.996,131539
2020-03-06 11:30:00,285.16,286.03,282.61,283.6965,84031
2020-03-06 12:30:00,283.44,285.53,283.289,284.53,60980
2020-03-06 13:30:00,284.5378,288.25,282.65,283.08,56231
2020-03-06 14:30:00,283.0,284.29,281.26,283.275,132120
2020-03-06 15:30:00,283.265,288.22,282.995,288.21,259300
2020-03-09 09:30:00,265.33,288.11,264.02,271.2,402553
2020-03-09 10:30:00,270.98,273.45,269.89,271.25,172990
2020-03-09 11:30:00,271.03,276.4525,270.53,271.0768,159710
2020-03-09 12:30:00,271.29,272.36,268.6801,269.16,141551
2020-03-09 13:30:00,269.1956,269.62,264.3201,265.1032,116541
2020-03-09 14:30:00,265.02,270.47,264.02,269.645,128098
2020-03-09 15:30:00,269.7218,270.25,263.86,264.46,206735
2020-03-10 09:30:00,277.84,277.99,273.985,274.99,244977
2020-03-10 10:30:00,275.12,275.3151,267.42,268.15,202196
2020-03-10 11:30:00,268.295,271.0,266.51,266.68,230409
2020-03-10 12:30:00,266.7,270.26,265.0,268.81,97140
2020-03-10 13:30:00,269.24,270.43,266.44,269.43,93146
2020-03-10 14:30:00,269.3337,279.78,268.9,278.675,226051
2020-03-10 15:30:00,278.665,280.62,277.23,280.19,285869
2020-03-11 09:30:00,271.79,274.33,270.71,272.235,206437
2020-03-11 10:30:00,272.03,272.62,267.96,268.0857,131071
2020-03-11 11:30:00,268.03,270.05,266.93,267.07,122461
2020-03-11 12:30:00,266.99,268.62,265.29,266.45,115490
2020-03-11 13:30:00,266.23,267.0808,262.59,263.33,105499
2020-03-11 14:30:00,262.92,265.5799,260.4,262.43,155447
2020-03-11 15:30:00,262.3,265.88,261.77,264.09,224979
2020-03-12 09:30:00,245.25,250.65,241.188,248.58,585271
2020-03-12 10:30:00,248.5334,252.06,244.8657,245.18,333796
2020-03-12 11:30:00,245.12,245.47,237.4001,241.84,312561
2020-03-12 12:30:00,241.35,254.86,240.37,248.185,261217
2020-03-12 13:30:00,248.19,249.699,242.5,245.46,85726
2020-03-12 14:30:00,245.45,248.27,243.05,244.38,177030
2020-03-12 15:30:00,244.515,247.86,240.74,240.74,427542
2020-04-13 09:30:00,274.85,276.39,273.99,275.15,98313
2020-04-13 10:30:00,274.915,275.37,272.01,273.61,72164
2020-04-13 11:30:00,273.69,274.49,272.07,273.15,72261
2020-04-13 12:30:00,273.36,274.16,272.25,273.34,61496
2020-04-13 13:30:00,272.85,274.73,272.778,273.5,89300
2020-04-13 14:30:00,273.52,275.18,272.98,274.24,116536
2020-04-13 15:30:00,274.32,275.89,272.97,273.57,249638
2020-04-14 09:30:00,287.11,294.3,274.1,294.01,229889
2020-04-14 10:30:00,294.05,294.77,288.36,289.3772,195431
2020-04-14 11:30:00,289.36,291.39,288.35,290.0449,154439
2020-04-14 12:30:00,290.46,290.46,288.29,288.735,69425
2020-04-14 13:30:00,288.735,289.4599,287.801,288.54,87073
2020-04-14 14:30:00,288.54,289.34,287.74,288.484,123389
2020-04-14 15:30:00,288.625,289.65,287.5,289.0,228981
2020-04-15 09:30:00,276.7,288.93,275.04,278.29,277780
2020-04-15 10:30:00,278.29,279.88,276.7,277.82,201028
2020-04-15 11:30:00,278.0,278.71,277.14,278.1062,233953
2020-04-15 12:30:00,278.095,278.84,268.03,278.27,96396
2020-04-15 13:30:00,279.0299,280.405,277.73,279.73,83832
2020-04-15 14:30:00,280.19,284.64,280.0222,283.8802,257628
2020-04-15 15:30:00,284.06,284.54,282.0,282.92,271020
2020-04-16 09:30:00,289.83,291.16,287.02,289.34,291644
2020-04-16 10:30:00,288.816,292.08,287.18,291.71,149849
2020-04-16 11:30:00,291.82,292.76,289.0201,289.415,140478
2020-04-16 12:30:00,289.27,295.58,286.17,288.76,163567
2020-04-16 13:30:00,288.64,290.22,282.49,289.88,93601
2020-04-16 14:30:00,289.56,290.8751,288.4,290.34,96924
2020-04-16 15:30:00,290.34,292.47,290.06,292.4,202662
2020-04-17 09:30:00,301.04,301.62,297.13,297.46,311732
2020-04-17 10:30:00,297.44,298.22,294.46,295.0,65829
2020-04-17 11:30:00,295.19,296.3999,293.77,294.75,74694
2020-04-17 12:30:00,294.78,295.9899,294.27,294.27,28832
2020-04-17 13:30:00,294.54,295.64,293.9,295.0,51911
2020-04-17 14:30:00,294.945,295.83,293.48,295.4449,71936
2020-04-17 15:30:00,295.54,297.62,295.03,295.34,145470
2020-04-20 09:30:00,291.89,295.22,291.44,294.81,119682
2020-04-20 10:30:00,294.66,296.96,293.545,295.82,56959
2020-04-20 11:30:00,295.74,298.0099,295.32,297.5399,66805
2020-04-20 12:30:00,297.04,297.94,295.37,295.41,56219
2020-04-20 13:30:00,295.54,296.258,293.73,293.89,34947
2020-04-20 14:30:00,293.6548,294.5799,291.723,293.28,63050
2020-04-20 15:30:00,293.31,294.16,291.44,291.86,82529
2020-04-21 09:30:00,286.23,287.55,284.67,285.61,146910
2020-04-21 10:30:00,285.49,285.735,278.52,279.64,148410
2020-04-21 11:30:00,279.56,282.4,279.54,281.93,67169
2020-04-21 12:30:00,281.45,282.95,279.57,282.38,32027
2020-04-21 13:30:00,282.13,285.0,281.68,283.94,35011
2020-04-21 14:30:00,284.27,284.27,280.19,281.2,71647
2020-04-21 15:30:00,281.62,282.39,280.4901,281.33,112859
2020-04-22 09:30:00,289.63,290.38,287.92,288.39,120111
2020-04-22 10:30:00,288.95,290.82,288.38,290.07,63247
2020-04-22 11:30:00,290.28,291.48,289.6201,290.3265,40066
2020-04-22 12:30:00,290.235,291.67,289.9,291.51,48338
2020-04-22 13:30:00,291.63,293.25,281.09,293.1301,63018
2020-04-22 14:30:00,293.175,294.76,292.77,294.3615,74318
2020-04-22 15:30:00,294.19,295.54,293.97,294.98,95782
2020-04-23 09:30:00,290.94,296.12,290.4,295.46,153914
2020-04-23 10:30:00,295.6,297.27,292.59,294.19,96101
2020-04-23 11:30:00,294.165,294.165,291.06,292.67,75736
2020-04-23 12:30:00,292.68,293.33,288.65,289.04,118849
2020-04-23 13:30:00,289.35,290.48,288.0,289.5201,65072
2020-04-23 14:30:00,289.995,291.14,288.58,289.1599,49697
2020-04-23 15:30:00,289.14,290.07,288.71,289.3,124581
2020-04-24 09:30:00,289.65,290.69,285.9401,287.72,100961
2020-04-24 10:30:00,287.7,289.3,285.8664,286.71,51434
2020-04-24 11:30:00,286.715,289.5,286.715,289.41,28317
2020-04-24 12:30:00,289.64,291.03,289.08,290.54,20389
2020-04-24 13:30:00,290.697,292.62,290.415,291.11,37466
2020-04-24 14:30:00,291.13,291.82,289.84,290.4575,95009
2020-04-24 15:30:00,290.74,292.68,290.52,291.75,84954
2020-04-27 09:30:00,293.86,294.8,291.25,291.62,128580
2020-04-27 10:30:00,291.63,293.39,290.25,293.26,96803
2020-04-27 11:30:00,293.32,293.86,292.158768,293.13,239497
2020-04-27 12:30:00,292.93,294.13,291.41,292.38,31512
2020-04-27 13:30:00,291.93,292.6017,290.83,291.1703,32223
2020-04-27 14:30:00,291.31,292.36,290.7,291.02,44607
2020-04-27 15:30:00,291.05,291.99,290.6326,290.9,93549
2020-04-28 09:30:00,297.58,297.59,294.01,295.07,140876
2020-04-28 10:30:00,295.13,296.23,292.35,294.27,92696
2020-04-28 11:30:00,294.13,295.5599,291.55,291.9921,45423
2020-04-28 12:30:00,291.93,294.235,291.4,293.84,30185
2020-04-28 13:30:00,294.05,295.88,293.61,295.28,33812
2020-04-28 14:30:00,295.4996,296.11,293.9301,294.225,68507
2020-04-28 15:30:00,294.08,294.82,291.07,291.39,90942
2020-07-13 09:30:00,397.54,402.43,397.54,400.74,280138
2020-07-13 10:30:00,400.85,402.68,399.88,402.68,138077
2020-07-13 11:30:00,402.49,402.87,400.54,401.28,50549
2020-07-13 12:30:00,401.17,401.25,399.08,400.06,45546
2020-07-13 13:30:00,400.01,400.24,394.41,394.84,87330
2020-07-13 14:30:00,394.725,396.945,392.1001,392.33,87897
2020-07-13 15:30:00,392.49,392.66,387.81,388.28,149418
2020-07-14 09:30:00,386.67,391.65,385.35,388.37,297705
2020-07-14 10:30:00,388.43,391.31,387.17,390.231,149271
2020-07-14 11:30:00,390.02,394.32,389.78,392.63,68012
2020-07-14 12:30:00,392.6543,393.76,389.63,392.9,41774
2020-07-14 13:30:00,392.74,395.9,392.34,395.5,69527
2020-07-14 14:30:00,395.429,396.14,392.89,394.64,59929
2020-07-14 15:30:00,394.715,397.57,394.12,396.88,131540
2020-07-15 09:30:00,387.12,387.69,377.21,381.66,525315
2020-07-15 10:30:00,381.715,383.1,376.43,377.79,244129
2020-07-15 11:30:00,377.775,378.5799,373.07,375.6241,142836
2020-07-15 12:30:00,375.6299,378.53,374.37,378.03,109881
2020-07-15 13:30:00,378.0,378.5,374.28,375.68,170948
2020-07-15 14:30:00,375.67,375.7499,372.41,375.5565,176869
2020-07-15 15:30:00,375.36,376.72,375.07,375.14,199068
2020-07-16 09:30:00,374.17,378.15,372.8,377.28,289797
2020-07-16 10:30:00,377.18,380.03,377.05,378.665,108328
2020-07-16 11:30:00,378.725,380.9341,378.39,380.22,62281
2020-07-16 12:30:00,380.42,393.94,379.82,387.1,858071
2020-07-16 13:30:00,387.145,388.42,384.99,387.9133,341153
2020-07-16 14:30:00,387.96,388.73,385.14,386.685,266493
2020-07-16 15:30:00,386.7026,388.1599,384.9301,385.215,242099
2020-07-17 09:30:00,385.26,387.25,381.83,382.04,426380
2020-07-17 10:30:00,382.01,383.3994,380.7301,382.16,151701
2020-07-17 11:30:00,382.26,383.35,380.1,382.04,112345
2020-07-17 12:30:00,382.1599,382.7699,381.1,381.66,56473
2020-07-17 13:30:00,381.8529,382.5,381.24,382.16,57081
2020-07-17 14:30:00,382.04,382.6399,381.05,382.5574,75829
2020-07-17 15:30:00,382.48,383.788,382.29,383.4,107632
2020-07-20 09:30:00,383.72,386.96,382.08,386.7901,268265
2020-07-20 10:30:00,386.77,389.42,386.5054,388.2418,158390
2020-07-20 11:30:00,388.51,389.4,386.486,386.69,138733
2020-07-20 12:30:00,386.65,388.9,386.5359,387.25,87582
2020-07-20 13:30:00,387.41,389.35,387.0,388.956,57561
2020-07-20 14:30:00,389.0042,390.62,388.48,390.36,82844
2020-07-20 15:30:00,390.3155,392.52,390.25,391.48,129865
2020-07-21 09:30:00,391.99,392.29,387.9,388.45,245962
2020-07-21 10:30:00,388.32,389.129,386.2401,387.78,86488
2020-07-21 11:30:00,387.7672,388.4299,384.66,385.705,88058
2020-07-21 12:30:00,385.7495,391.48,384.78,386.421,53027
2020-07-21 13:30:00,386.2723,388.6299,385.5,388.3365,80971
2020-07-21 14:30:00,388.18,388.27,383.87,383.9,89424
2020-07-21 15:30:00,384.14,385.14,383.155,383.82,137577
2020-07-22 09:30:00,392.62,394.55,390.42,392.26,247244
2020-07-22 10:30:00,392.26,393.4399,389.72,391.25,130601
2020-07-22 11:30:00,391.36,393.4441,391.08,392.64,53843
2020-07-22 12:30:00,392.521,392.6189,391.2241,391.7,58580
2020-07-22 13:30:00,391.6,391.86,390.0059,391.237,57210
2020-07-22 14:30:00,391.23,392.25,390.32,391.26,44911
2020-07-22 15:30:00,391.2125,392.82,391.0447,392.73,69319
2020-07-23 09:30:00,390.2,393.768,389.33,391.63,191852
2020-07-23 10:30:00,391.66,393.42,390.5,392.97,83157
2020-07-23 11:30:00,393.06,394.25,389.0,389.415,61907
2020-07-23 12:30:00,389.49,389.5783,386.6,387.8,60300
2020-07-23 13:30:00,387.64,387.82,381.89,384.408,103915
2020-07-23 14:30:00,384.4041,385.13,382.32,383.644,86435
2020-07-23 15:30:00,383.64,384.92,382.76,383.92,141850
2020-07-24 09:30:00,371.01,373.81,366.73,372.55,534594
2020-07-24 10:30:00,372.505,374.25,371.41,373.57,187448
2020-07-24 11:30:00,373.47,375.3155,371.8,373.02,126882
2020-07-24 12:30:00,373.03,373.44,368.51,369.7,105381
2020-07-24 13:30:00,370.14,372.09,369.3964,371.9627,91549
2020-07-24 14:30:00,372.12,372.26,367.2791,367.4734,187058
2020-07-24 15:30:00,367.63,368.756,366.676,367.68,315494
2020-07-27 09:30:00,377.8,383.616,376.25,382.46,319406
2020-07-27 10:30:00,382.4422,383.83,380.6,380.6,164160
2020-07-27 11:30:00,380.71,382.63,379.11,381.924,84536
2020-07-27 12:30:00,381.9254,382.7999,381.42,382.497,80223
2020-07-27 13:30:00,382.58,383.8,382.05,382.55,61827
2020-07-27 14:30:00,382.42,382.98,381.1159,382.39,105983
2020-07-27 15:30:00,382.535,382.75,380.61,381.77,196702
2020-07-28 09:30:00,381.04,381.77,376.29,378.3949,166986
2020-07-28 10:30:00,378.2148,379.2849,377.28,378.7101,72876
2020-07-28 11:30:00,378.835,380.23,378.52,379.0223,42311
2020-07-28 12:30:00,379.055,379.9285,378.7001,379.5,24055
2020-07-28 13:30:00,379.285,380.7,379.03,379.03,27884
2020-07-28 14:30:00,379.09,379.23,376.79,377.3,43850
2020-07-28 15:30:00,377.54,378.09,376.1801,376.535,69164
2020-10-12 09:30:00,395.66,398.83,391.02,397.27,212955
2020-10-12 10:30:00,397.19,399.28,396.54,398.4999,93563
2020-10-12 11:30:00,398.29,399.3,396.5,399.03,99129
2020-10-12 12:30:00,399.06,399.8,398.1772,399.7,80106
2020-10-12 13:30:00,399.71,400.85,399.0,400.8,81811
2020-10-12 14:30:00,400.54,401.12,398.13,398.84,83031
2020-10-12 15:30:00,399.12,399.41,397.35,399.04,124824
2020-10-13 09:30:00,401.38,402.52,398.09,402.02,234313
2020-10-13 10:30:00,401.78,402.96,399.32,402.35,126753
2020-10-13 11:30:00,402.3162,405.54,402.3162,404.64,141524
2020-10-13 12:30:00,404.37,407.23,404.25,406.78,97305
2020-10-13 13:30:00,406.72,406.9299,403.23,404.705,98879
2020-10-13 14:30:00,404.5,409.19,404.0,408.14,120710
2020-10-13 15:30:00,408.13,408.72,405.07,405.65,129212
2020-10-14 09:30:00,402.78,406.13,401.08,401.75,323184
2020-10-14 10:30:00,401.98,402.05,399.48,400.0,137496
2020-10-14 11:30:00,399.814,400.99,395.27,396.1,95274
2020-10-14 12:30:00,396.3418,399.96,396.091,399.15,58325
2020-10-14 13:30:00,398.8101,401.01,398.02,398.4473,58061
2020-10-14 14:30:00,398.23,399.99,397.53,398.69,91640
2020-10-14 15:30:00,398.51,399.61,397.55,398.21,116908
2020-10-15 09:30:00,383.86,386.3716,381.37,381.87,256613
2020-10-15 10:30:00,381.86,385.47,380.72,385.06,153439
2020-10-15 11:30:00,385.17,386.3216,384.65,385.22,88737
2020-10-15 12:30:00,385.18,386.9984,385.03,386.02,59290
2020-10-15 13:30:00,386.2781,387.92,386.0,387.1,46157
2020-10-15 14:30:00,387.025,387.3874,385.5582,387.2,59174
2020-10-15 15:30:00,387.25,387.58,386.15,386.15,82224
2020-10-16 09:30:00,390.57,392.4,389.163,392.2,210040
2020-10-16 10:30:00,392.28,392.416,387.01,387.76,96904
2020-10-16 11:30:00,387.65,388.42,386.22,387.39,34673
2020-10-16 12:30:00,387.59,388.1099,385.87,387.5,22063
2020-10-16 13:30:00,387.87,388.43,387.0301,388.2099,19539
2020-10-16 14:30:00,388.21,388.74,387.49,387.9265,29366
2020-10-16 15:30:00,387.85,388.38,386.47,386.91,88606
2020-10-19 09:30:00,392.19,392.4293,390.0,392.2,95793
2020-10-19 10:30:00,392.32,392.32,389.01,390.14,60482
2020-10-19 11:30:00,390.0,390.48,387.48,388.1404,24129
2020-10-19 12:30:00,388.12,389.2,387.6805,388.5831,19731
2020-10-19 13:30:00,388.6,388.8319,386.85,388.025,31063
2020-10-19 14:30:00,387.65,387.86,383.5,384.49,53026
2020-10-19 15:30:00,384.71,385.7699,383.81,385.23,66691
2020-10-20 09:30:00,387.08,389.378,386.69,387.95,116675
2020-10-20 10:30:00,388.31,388.89,385.77,386.235,45745
2020-10-20 11:30:00,386.04,386.885,385.0,385.8816,17575
2020-10-20 12:30:00,385.64,387.35,385.51,386.95,22980
2020-10-20 13:30:00,386.8654,387.95,385.9,386.652,31883
2020-10-20 14:30:00,386.47,386.6,384.0,385.51,51128
2020-10-20 15:30:00,385.63,386.56,384.5,384.72,53189
2020-10-21 09:30:00,385.65,389.285,385.12,388.38,93836
2020-10-21 10:30:00,388.45,388.69,384.07,384.27,64608
2020-10-21 11:30:00,384.08,386.46,383.79,385.54,38448
2020-10-21 12:30:00,385.4807,385.4807,383.0849,384.82,14830
2020-10-21 13:30:00,384.81,387.11,384.64,386.79,39959
2020-10-21 14:30:00,386.79,387.574,385.2621,386.0874,29820
2020-10-21 15:30:00,386.17,386.4,382.98,383.0,48169
2020-10-22 09:30:00,380.99,382.09,377.6,377.94,141509
2020-10-22 10:30:00,378.1,379.95,375.6571,379.44,88985
2020-10-22 11:30:00,379.48,379.61,377.53,377.9,45437
2020-10-22 12:30:00,377.6568,379.79,377.2,379.48,39182
2020-10-22 13:30:00,379.68,380.8,379.15,379.8,28535
2020-10-22 14:30:00,379.8,380.2108,375.7023,377.05,107298
2020-10-22 15:30:00,377.08,377.82,375.4,375.5,139434
2020-10-23 09:30:00,379.11,379.16,374.07,375.48,182333
2020-10-23 10:30:00,375.4,376.53,374.0808,374.82,62737
2020-10-23 11:30:00,374.845,376.2012,374.17,375.66,33683
2020-10-23 12:30:00,375.8776,378.93,375.61,378.43,32595
2020-10-23 13:30:00,378.58,379.56,378.11,379.3446,29408
2020-10-23 14:30:00,379.4068,379.54,378.0,378.405,30343
2020-10-23 15:30:00,378.39,378.64,377.375,378.55,66901
2020-10-26 09:30:00,371.34,374.9428,371.0,371.72,309426
2020-10-26 10:30:00,371.73,372.07,367.5428,368.1107,89140
2020-10-26 11:30:00,368.2104,368.75,365.73,366.0416,133055
2020-10-26 12:30:00,366.27,366.46,364.37,364.5,57566
2020-10-26 13:30:00,364.5,367.683,363.83,367.683,55907
2020-10-26 14:30:00,367.6,368.5,367.12,368.0,75586
2020-10-26 15:30:00,368.08,368.49,366.41,367.48,139074
2020-10-27 09:30:00,368.41,370.62,366.895,367.14,157597
2020-10-27 10:30:00,366.9,368.66,366.52,367.68,109509
2020-10-27 11:30:00,367.73,368.24,366.76,367.0,85155
2020-10-27 12:30:00,366.92,367.0396,365.24,366.43,50233
2020-10-27 13:30:00,366.43,366.9208,365.56,366.26,60347
2020-10-27 14:30:00,366.1816,366.25,364.4,366.0,84639
2020-10-27 15:30:00,365.92,367.47,365.6751,366.21,135951
2020-11-05 09:30:00,397.2,399.6935,395.292,395.49,223046
2020-11-05 10:30:00,395.46,398.9,395.4,397.32,104250
2020-11-05 11:30:00,397.46,397.74,393.46,394.3285,386827
2020-11-05 12:30:00,394.6818,396.28,393.92,395.6,41735
2020-11-05 13:30:00,395.76,398.1611,394.57,397.91,58685
2020-11-05 14:30:00,397.91,398.37,396.2401,396.9701,70878
2020-11-05 15:30:00,396.97,398.5,396.0,397.955,105260
2020-11-06 09:30:00,402.38,403.1732,398.1,402.74,268262
2020-11-06 10:30:00,402.52,403.3699,400.8296,402.5,94232
2020-11-06 11:30:00,402.5591,404.25,402.3988,403.49,50443
2020-11-06 12:30:00,403.5,406.1499,402.84,406.024,44263
2020-11-06 13:30:00,405.89,406.638,405.53,405.82,35444
2020-11-06 14:30:00,405.8699,406.79,404.7449,406.69,85600
2020-11-06 15:30:00,406.51,407.66,405.78,405.87,88041
2020-11-09 09:30:00,417.04,420.9,414.07,419.885,282061
2020-11-09 10:30:00,419.99,420.696,415.51,417.8,193126
2020-11-09 11:30:00,417.58,418.9731,414.639,415.9,205226
2020-11-09 12:30:00,416.8,416.853,412.0,412.55,68203
2020-11-09 13:30:00,412.427,412.9792,410.24,411.08,45259
2020-11-09 14:30:00,410.83,413.15,409.46,410.42,64021
2020-11-09 15:30:00,410.44,411.47,406.32,406.48,150191
2020-11-10 09:30:00,409.22,410.13,401.2,401.23,272570
2020-11-10 10:30:00,401.44,407.283664,400.2804,404.55,134000
2020-11-10 11:30:00,404.575,406.09,402.5,404.25,89805
2020-11-10 12:30:00,404.145,405.11,401.27,401.765,62712
2020-11-10 13:30:00,401.64,404.11,400.2836,401.146,82852
2020-11-10 14:30:00,401.105,403.63,400.06,401.375,87041
2020-11-10 15:30:00,401.38,401.54,397.91,399.3,159035
2020-11-11 09:30:00,407.64,411.4,407.27,411.285,215961
2020-11-11 10:30:00,411.39,413.47,409.98,413.235,145783
2020-11-11 11:30:00,413.51,414.83,412.11,414.825,78818
2020-11-11 12:30:00,414.68,416.27,414.4085,415.0337,66908
2020-11-11 13:30:00,414.9507,416.85,414.9507,415.6758,46558
2020-11-11 14:30:00,415.754,418.2,414.88,417.3289,107462
2020-11-11 15:30:00,417.4395,418.64,416.58,417.65,181601
2020-11-12 09:30:00,419.16,421.2,417.65,418.215,188577
2020-11-12 10:30:00,418.3,419.36,417.18,418.9858,70813
2020-11-12 11:30:00,418.99,419.21,415.11,415.43,35516
2020-11-12 12:30:00,415.43,416.17,413.8005,414.12,48808
2020-11-12 13:30:00,414.32,416.25,413.8,414.3024,29428
2020-11-12 14:30:00,414.29,415.2,412.35,413.47,59311
2020-11-12 15:30:00,413.47,413.59,412.01,412.3,88770
2020-11-13 09:30:00,419.65,421.43,418.23,420.4,130161
2020-11-13 10:30:00,420.2,420.2,417.59,418.44,65975
2020-11-13 11:30:00,418.32,419.25,416.535,418.2248,29653
2020-11-13 12:30:00,418.19,418.96,417.3805,417.5039,27145
2020-11-13 13:30:00,417.525,418.1851,416.38,417.28,25947
2020-11-13 14:30:00,417.415,418.4451,416.97,417.64,22462
2020-11-13 15:30:00,417.73,419.74,417.63,419.59,61334
