bar_start,open,high,low,close,volume
2016-01-14 09:30:00,18.69,18.93,18.555,18.93,728161
2016-01-14 10:30:00,18.93,19.12,18.83,18.935,863096
2016-01-14 11:30:00,18.93,19.115,18.9,19.08,462766
2016-01-14 12:30:00,19.08,19.285,19.08,19.245,392623
2016-01-14 13:30:00,19.245,19.3544,18.8923,19.32,679090
2016-01-14 14:30:00,19.32,19.48,19.3,19.445,667859
2016-01-14 15:30:00,19.445,19.46,19.36,19.39,972492
2016-01-15 09:30:00,18.82,19.15,18.586,19.02,648706
2016-01-15 10:30:00,19.01,19.15,18.97,19.06,433057
2016-01-15 11:30:00,19.06,19.11,18.78,18.83,471437
2016-01-15 12:30:00,18.83,18.8654,18.72,18.78,319696
2016-01-15 13:30:00,18.78,18.915,18.74,18.81,329594
2016-01-15 14:30:00,18.81,19.04,18.8,19.0,385957
2016-01-15 15:30:00,19.0,19.0175,18.93,18.99,453804
2016-01-19 09:30:00,19.2,19.33,19.05,19.33,442930
2016-01-19 10:30:00,19.33,19.345,19.0,19.09,277135
2016-01-19 11:30:00,19.1,19.115,18.93,19.01,288764
2016-01-19 12:30:00,18.9485,19.12,18.9485,19.03,311463
2016-01-19 13:30:00,19.025,19.0321,18.72,18.83,312560
2016-01-19 14:30:00,18.825,18.93,18.71,18.92,303295
2016-01-19 15:30:00,18.93,18.975,18.85,18.85,421420
2016-01-20 09:30:00,18.54,18.76,18.51,18.56,358278
2016-01-20 10:30:00,18.57,18.57,18.41,18.51,469822
2016-01-20 11:30:00,18.51,18.63,18.32,18.34,272623
2016-01-20 12:30:00,18.35,18.605,18.35,18.51,289732
2016-01-20 13:30:00,18.51,18.84,18.5,18.78,382382
2016-01-20 14:30:00,18.78,19.17,18.75,19.16,664901
2016-01-20 15:30:00,19.16,19.165,19.01,19.03,804822
2016-01-21 09:30:00,19.12,19.18,18.3,19.11,172322
2016-01-21 10:30:00,19.11,19.1801,18.96,19.04,252780
2016-01-21 11:30:00,19.05,19.26,19.03,19.205,183189
2016-01-21 12:30:00,19.21,19.24,19.1,19.1,184843
2016-01-21 13:30:00,19.1,19.1501,18.93,18.99,244173
2016-01-21 14:30:00,18.99,19.13,18.985,19.03,225409
2016-01-21 15:30:00,19.03,19.11,18.93,18.93,387541
2016-01-22 09:30:00,19.2,19.38,19.12,19.2,356832
2016-01-22 10:30:00,19.2,19.31,19.17,19.28,243267
2016-01-22 11:30:00,19.29,19.37,19.205,19.3301,190449
2016-01-22 12:30:00,19.33,19.44,19.31,19.39,171713
2016-01-22 13:30:00,19.39,19.48,19.37,19.44,199836
2016-01-22 14:30:00,19.43,19.5,19.38,19.49,354264
2016-01-22 15:30:00,19.49,19.55,19.445,19.51,370679
2016-02-12 09:30:00,20.4,20.49,20.08,20.2,493483
2016-02-12 10:30:00,20.21,20.435,20.2,20.425,511055
2016-02-12 11:30:00,20.43,20.47,20.31,20.33,332469
2016-02-12 12:30:00,20.335,20.35,20.22,20.25,235924
2016-02-12 13:30:00,20.25,20.32,20.125,20.2901,362943
2016-02-12 14:30:00,20.295,20.35,20.235,20.305,370580
2016-02-12 15:30:00,20.305,20.31,20.245,20.29,518318
2016-02-16 09:30:00,20.48,20.67,20.32,20.585,223467
2016-02-16 10:30:00,20.59,20.63,20.46,20.5,346407
2016-02-16 11:30:00,20.5,20.73,20.5,20.695,410898
2016-02-16 12:30:00,20.7,20.825,20.65,20.8,565567
2016-02-16 13:30:00,20.7936,20.87,20.71,20.74,657504
2016-02-16 14:30:00,20.75,20.7707,20.64,20.725,565104
2016-02-16 15:30:00,20.73,20.74,20.61,20.61,1491791
2016-02-17 09:30:00,20.6,20.99,20.56,20.97,590238
2016-02-17 10:30:00,20.97,21.03,20.75,20.865,632876
2016-02-17 11:30:00,20.8601,20.885,20.715,20.86,491517
2016-02-17 12:30:00,20.865,21.06,20.8237,20.97,591854
2016-02-17 13:30:00,20.96,21.07,20.95,21.0,902582
2016-02-17 14:30:00,21.0,21.02,20.87,20.905,801154
2016-02-17 15:30:00,20.9,20.96,20.89,20.95,887686
2016-02-18 09:30:00,20.95,21.09,20.41,20.96,968317
2016-02-18 10:30:00,20.96,20.99,20.875,20.94,468693
2016-02-18 11:30:00,20.94,20.99,20.89,20.98,299721
2016-02-18 12:30:00,20.98,20.99,20.72,20.74,273314
2016-02-18 13:30:00,20.75,20.8,20.7,20.79,462463
2016-02-18 14:30:00,20.79,20.94,20.77,20.83,674126
2016-02-18 15:30:00,20.835,20.84,20.74,20.78,616986
2016-02-19 09:30:00,20.73,21.0,20.595,20.88,399545
2016-02-19 10:30:00,20.88,20.95,20.79,20.93,367959
2016-02-19 11:30:00,20.93,20.97,20.81,20.91,276638
2016-02-19 12:30:00,20.91,20.99,20.895,20.9899,259949
2016-02-19 13:30:00,20.985,21.0,20.94,20.95,281475
2016-02-19 14:30:00,20.955,20.97,20.93,20.965,365381
2016-02-19 15:30:00,20.97,20.97,20.9085,20.95,466600
2016-02-22 09:30:00,21.08,21.19,20.86,21.0,1007232
2016-02-22 10:30:00,21.0,21.16,20.99,21.15,443404
2016-02-22 11:30:00,21.155,21.16,21.08,21.16,298928
2016-02-22 12:30:00,21.15,21.23,21.15,21.21,278683
2016-02-22 13:30:00,21.22,21.29,21.19,21.205,329979
2016-02-22 14:30:00,21.21,21.275,21.18,21.235,481880
2016-02-22 15:30:00,21.24,21.275,21.195,21.26,870110
2016-04-18 09:30:00,23.39,23.59,23.27,23.4924,290551
2016-04-18 10:30:00,23.495,23.58,23.425,23.52,309444
2016-04-18 11:30:00,23.515,23.5532,23.455,23.52,153768
2016-04-18 12:30:00,23.53,23.58,23.46,23.53,195696
2016-04-18 13:30:00,23.53,23.67,23.5285,23.64,174666
2016-04-18 14:30:00,23.64,23.69,23.61,23.62,212040
2016-04-18 15:30:00,23.62,23.66,23.61,23.64,327524
2016-04-19 09:30:00,23.63,23.74,23.54,23.64,387252
2016-04-19 10:30:00,23.64,23.6749,23.57,23.6,240019
2016-04-19 11:30:00,23.6,23.64,23.46,23.5,152963
2016-04-19 12:30:00,23.5,23.71,23.48,23.68,366230
2016-04-19 13:30:00,23.685,23.715,23.58,23.58,597025
2016-04-19 14:30:00,23.585,23.615,23.53,23.55,511432
2016-04-19 15:30:00,23.56,23.62,23.53,23.62,540449
2016-04-20 09:30:00,23.5,23.61,23.4,23.47,288297
2016-04-20 10:30:00,23.475,23.535,23.37,23.51,194524
2016-04-20 11:30:00,23.51,23.54,23.41,23.44,178614
2016-04-20 12:30:00,23.45,23.53,23.43,23.445,249543
2016-04-20 13:30:00,23.45,23.54,23.44,23.52,185170
2016-04-20 14:30:00,23.53,23.65,23.5,23.54,1613987
2016-04-20 15:30:00,23.54,23.545,23.465,23.51,283356
2016-04-21 09:30:00,23.56,23.68,23.42,23.59,236065
2016-04-21 10:30:00,23.58,23.6301,23.45,23.48,212176
2016-04-21 11:30:00,23.47,23.56,23.4,23.48,306256
2016-04-21 12:30:00,23.49,23.55,23.48,23.5215,172428
2016-04-21 13:30:00,23.52,23.55,23.495,23.495,211138
2016-04-21 14:30:00,23.49,23.57,23.48,23.55,258955
2016-04-21 15:30:00,23.5438,23.605,23.5438,23.58,318381
2016-04-22 09:30:00,23.45,23.74,23.43,23.595,495302
2016-04-22 10:30:00,23.6,23.67,23.54,23.56,638012
2016-04-22 11:30:00,23.57,23.58,23.445,23.53,332260
2016-04-22 12:30:00,23.53,23.64,23.52,23.6,362126
2016-04-22 13:30:00,23.6,23.785,23.58,23.74,465157
2016-04-22 14:30:00,23.74,23.785,23.63,23.67,279758
2016-04-22 15:30:00,23.67,23.76,23.625,23.75,687542
2016-04-25 09:30:00,23.76,23.85,23.66,23.77,527520
2016-04-25 10:30:00,23.77,23.89,23.74,23.81,444463
2016-04-25 11:30:00,23.81,23.84,23.7125,23.775,712505
2016-04-25 12:30:00,23.77,23.82,23.735,23.76,198708
2016-04-25 13:30:00,23.75,23.78,23.705,23.74,282262
2016-04-25 14:30:00,23.73,23.85,23.7,23.72,442097
2016-04-25 15:30:00,23.72,23.8,23.715,23.78,533010
2016-04-26 09:30:00,23.02,23.5,23.0,23.2,1043087
2016-04-26 10:30:00,23.2,23.27,23.055,23.205,853930
2016-04-26 11:30:00,23.21,23.43,23.17,23.3525,826718
2016-04-26 12:30:00,23.35,23.575,23.35,23.565,727892
2016-04-26 13:30:00,23.56,23.71,23.495,23.5,938339
2016-04-26 14:30:00,23.5,23.66,23.5,23.595,647141
2016-04-26 15:30:00,23.59,23.625,23.5,23.53,1043362
2016-05-03 09:30:00,23.33,23.489,23.211,23.38,329336
2016-05-03 10:30:00,23.38,23.42,23.28,23.28,240233
2016-05-03 11:30:00,23.28,23.33,23.245,23.2798,209606
2016-05-03 12:30:00,23.28,23.39,23.275,23.38,162981
2016-05-03 13:30:00,23.39,23.46,23.32,23.37,169414
2016-05-03 14:30:00,23.37,23.41,23.34,23.38,257214
2016-05-03 15:30:00,23.37,23.4,23.33,23.36,308690
2016-05-04 09:30:00,23.3,23.415,23.24,23.28,302907
2016-05-04 10:30:00,23.28,23.325,23.14,23.165,252516
2016-05-04 11:30:00,23.17,23.2,23.135,23.15,234472
2016-05-04 12:30:00,23.16,23.17,23.1,23.13,199515
2016-05-04 13:30:00,23.13,23.14,23.0301,23.105,241491
2016-05-04 14:30:00,23.105,23.16,23.08,23.12,230836
2016-05-04 15:30:00,23.11,23.18,23.11,23.13,302022
2016-05-05 09:30:00,23.22,23.37,22.98,22.99,521055
2016-05-05 10:30:00,22.99,23.195,22.97,23.11,293648
2016-05-05 11:30:00,23.12,23.25,23.11,23.19,166249
2016-05-05 12:30:00,23.18,23.21,23.09,23.11,206576
2016-05-05 13:30:00,23.1,23.13,23.065,23.11,206243
2016-05-05 14:30:00,23.1,23.14,23.05,23.135,323918
2016-05-05 15:30:00,23.135,23.15,23.045,23.06,516348
2016-05-06 09:30:00,23.02,23.195,22.945,23.125,307444
2016-05-06 10:30:00,23.12,23.22,23.1,23.21,289597
2016-05-06 11:30:00,23.22,23.22,23.11,23.19,128257
2016-05-06 12:30:00,23.19,23.32,23.16,23.31,176955
2016-05-06 13:30:00,23.31,23.44,23.28,23.39,301087
2016-05-06 14:30:00,23.39,23.44,23.34,23.375,276822
2016-05-06 15:30:00,23.38,23.38,23.335,23.35,412399
2016-05-09 09:30:00,23.25,23.65,23.19,23.52,566886
2016-05-09 10:30:00,23.52,23.555,23.43,23.52,320434
2016-05-09 11:30:00,23.51,23.595,23.475,23.58,185022
2016-05-09 12:30:00,23.575,23.61,23.545,23.575,129018
2016-05-09 13:30:00,23.58,23.6075,23.56,23.575,156105
2016-05-09 14:30:00,23.58,23.655,23.56,23.635,385244
2016-05-09 15:30:00,23.635,23.65,23.6,23.61,526118
2016-05-10 09:30:00,23.66,23.68,23.39,23.625,323648
2016-05-10 10:30:00,23.63,23.67,23.415,23.525,713782
2016-05-10 11:30:00,23.525,23.57,23.35,23.545,1022590
2016-05-10 12:30:00,23.55,23.64,23.49,23.62,335130
2016-05-10 13:30:00,23.62,23.63,23.57,23.57,209030
2016-05-10 14:30:00,23.575,23.63,23.52,23.63,270127
2016-05-10 15:30:00,23.63,23.64,23.58,23.64,429961
2016-05-11 09:30:00,23.63,23.739,23.45,23.73,183582
2016-05-11 10:30:00,23.74,23.76,23.56,23.56,193457
2016-05-11 11:30:00,23.56,23.59,23.49,23.545,120058
2016-05-11 12:30:00,23.55,23.61,23.53,23.6,107173
2016-05-11 13:30:00,23.61,23.63,23.535,23.62,208021
2016-05-11 14:30:00,23.63,23.65,23.54,23.575,189170
2016-05-11 15:30:00,23.58,23.6,23.54,23.6,431030
2016-05-12 09:30:00,23.67,23.72,23.6,23.61,203829
2016-05-12 10:30:00,23.61,23.63,23.36,23.4,242371
2016-05-12 11:30:00,23.4,23.44,23.29,23.33,283646
2016-05-12 12:30:00,23.34,23.405,23.27,23.37,148673
2016-05-12 13:30:00,23.37,23.52,23.32,23.51,176772
2016-05-12 14:30:00,23.5,23.57,23.485,23.5,233562
2016-05-12 15:30:00,23.51,23.51,23.43,23.45,309467
2016-05-13 09:30:00,23.49,23.9,23.45,23.865,551262
2016-05-13 10:30:00,23.86,23.925,23.84,23.88,479525
2016-05-13 11:30:00,23.88,23.92,23.79,23.905,420127
2016-05-13 12:30:00,23.9,23.91,23.75,23.79,352160
2016-05-13 13:30:00,23.8,23.8,23.58,23.6,366457
2016-05-13 14:30:00,23.61,23.68,23.57,23.6575,373651
2016-05-13 15:30:00,23.66,23.69,23.64,23.68,597059
2016-05-16 09:30:00,23.8,24.0,23.74,23.99,564547
2016-05-16 10:30:00,23.99,24.09,23.89,24.09,577868
2016-05-16 11:30:00,24.09,24.15,24.03,24.045,314400
2016-05-16 12:30:00,24.04,24.12,24.01,24.085,226924
2016-05-16 13:30:00,24.09,24.175,24.06,24.08,363475
2016-05-16 14:30:00,24.09,24.09,23.97,23.98,679018
2016-05-16 15:30:00,23.985,24.0,23.92,23.95,610708
2016-05-17 09:30:00,23.92,23.97,23.72,23.86,269693
2016-05-17 10:30:00,23.85,23.95,23.83,23.85,179714
2016-05-17 11:30:00,23.85,23.99,23.85,23.89,145667
2016-05-17 12:30:00,23.89,23.91,23.8,23.85,133650
2016-05-17 13:30:00,23.85,23.89,23.55,23.59,283789
2016-05-17 14:30:00,23.6,23.64,23.5,23.57,297550
2016-05-17 15:30:00,23.58,23.62,23.5347,23.56,480809
2016-07-18 09:30:00,25.63,25.73,25.58,25.69,201370
2016-07-18 10:30:00,25.69,25.73,25.63,25.63,118055
2016-07-18 11:30:00,25.63,25.65,25.55,25.58,130563
2016-07-18 12:30:00,25.5744,25.58,25.515,25.55,90108
2016-07-18 13:30:00,25.55,25.61,25.54,25.59,158818
2016-07-18 14:30:00,25.6,25.685,25.59,25.625,278456
2016-07-18 15:30:00,25.63,25.665,25.62,25.65,333912
2016-07-19 09:30:00,25.66,25.88,25.54,25.88,370018
2016-07-19 10:30:00,25.88,25.92,25.82,25.88,254066
2016-07-19 11:30:00,25.875,25.9,25.85,25.8725,180998
2016-07-19 12:30:00,25.87,25.91,25.8334,25.845,215994
2016-07-19 13:30:00,25.84,25.915,25.83,25.87,293932
2016-07-19 14:30:00,25.87,25.91,25.84,25.89,243865
2016-07-19 15:30:00,25.89,25.92,25.861,25.9,548349
2016-07-20 09:30:00,26.0,26.035,25.795,25.955,653723
2016-07-20 10:30:00,25.955,26.06,25.95,26.055,559918
2016-07-20 11:30:00,26.05,26.18,26.0438,26.13,367397
2016-07-20 12:30:00,26.125,26.19,26.07,26.19,248748
2016-07-20 13:30:00,26.19,26.22,26.15,26.2,320310
2016-07-20 14:30:00,26.21,26.23,26.15,26.22,350276
2016-07-20 15:30:00,26.215,26.23,26.11,26.11,483576
2016-07-21 09:30:00,26.03,26.109,25.86,25.95,191959
2016-07-21 10:30:00,25.955,25.995,25.93,25.95,142871
2016-07-21 11:30:00,25.94,25.96,25.87,25.905,134014
2016-07-21 12:30:00,25.9,25.9,25.85,25.88,94212
2016-07-21 13:30:00,25.88,25.9,25.79,25.83,109937
2016-07-21 14:30:00,25.83,25.84,25.79,25.84,131654
2016-07-21 15:30:00,25.83,25.84,25.81,25.84,189751
2016-07-22 09:30:00,25.81,25.93,25.68,25.895,338298
2016-07-22 10:30:00,25.89,25.964,25.89,25.955,198842
2016-07-22 11:30:00,25.95,26.07,25.93,26.06,330419
2016-07-22 12:30:00,26.065,26.115,26.03,26.08,199142
2016-07-22 13:30:00,26.08,26.09,26.04,26.07,93890
2016-07-22 14:30:00,26.06,26.135,26.035,26.06,356807
2016-07-22 15:30:00,26.05,26.08,26.04,26.07,190358
2016-07-25 09:30:00,26.07,26.1,25.9194,26.085,239551
2016-07-25 10:30:00,26.085,26.125,26.06,26.12,229648
2016-07-25 11:30:00,26.11,26.135,26.07,26.129,214376
2016-07-25 12:30:00,26.12,26.21,26.12,26.175,183701
2016-07-25 13:30:00,26.175,26.22,26.16,26.17,208014
2016-07-25 14:30:00,26.17,26.235,26.15,26.15,312615
2016-07-25 15:30:00,26.15,26.17,26.07,26.15,734409
2016-07-26 09:30:00,25.51,25.76,24.9901,25.03,1300284
2016-07-26 10:30:00,25.025,25.08,24.69,24.745,817811
2016-07-26 11:30:00,24.75,24.87,24.73,24.78,552540
2016-07-26 12:30:00,24.78,24.82,24.6601,24.6701,491229
2016-07-26 13:30:00,24.68,24.695,24.54,24.645,406894
2016-07-26 14:30:00,24.65,24.66,24.44,24.45,607567
2016-07-26 15:30:00,24.45,24.47,24.25,24.26,1121287
2016-07-27 09:30:00,24.4,24.49,24.335,24.48,735637
2016-07-27 10:30:00,24.47,24.47,24.28,24.32,470907
2016-07-27 11:30:00,24.32,24.325,24.18,24.19,280776
2016-07-27 12:30:00,24.18,24.22,24.15,24.21,163533
2016-07-27 13:30:00,24.21,24.23,24.12,24.195,417496
2016-07-27 14:30:00,24.19,24.3,24.17,24.27,374302
2016-07-27 15:30:00,24.27,24.2875,24.17,24.17,564791
2016-07-28 09:30:00,24.23,24.42,24.23,24.27,222740
2016-07-28 10:30:00,24.27,24.285,24.19,24.265,245385
2016-07-28 11:30:00,24.265,24.28,24.19,24.22,170154
2016-07-28 12:30:00,24.22,24.23,24.14,24.15,224638
2016-07-28 13:30:00,24.15,24.19,24.065,24.09,271139
2016-07-28 14:30:00,24.085,24.15,24.08,24.08,355215
2016-07-28 15:30:00,24.09,24.11,24.01,24.01,687414
2016-07-29 09:30:00,24.05,24.16,23.86,23.86,393896
2016-07-29 10:30:00,23.86,23.98,23.83,23.975,351332
2016-07-29 11:30:00,23.98,24.08,23.98,24.05,223031
2016-07-29 12:30:00,24.05,24.07,23.9826,24.055,200967
2016-07-29 13:30:00,24.0501,24.07,24.02,24.06,209530
2016-07-29 14:30:00,24.06,24.1,24.01,24.02,384329
2016-07-29 15:30:00,24.02,24.1,24.01,24.05,511139
2016-08-01 09:30:00,24.0,24.19,24.0,24.18,289558
2016-08-01 10:30:00,24.1798,24.275,24.15,24.24,203006
2016-08-01 11:30:00,24.24,24.26,24.06,24.1099,159389
2016-08-01 12:30:00,24.1,24.16,24.09,24.145,139493
2016-08-01 13:30:00,24.14,24.18,24.12,24.14,163816
2016-08-01 14:30:00,24.13,24.2,24.13,24.155,222516
2016-08-01 15:30:00,24.15,24.19,24.15,24.15,358569
2016-08-03 09:30:00,23.98,24.1,23.88,24.0899,163533
2016-08-03 10:30:00,24.08,24.16,24.04,24.15,183822
2016-08-03 11:30:00,24.16,24.21,24.14,24.15,177241
2016-08-03 12:30:00,24.15,24.17,24.13,24.1325,45549
2016-08-03 13:30:00,24.1399,24.17,24.12,24.1435,89225
2016-08-03 14:30:00,24.141,24.18,24.12,24.18,130095
2016-08-03 15:30:00,24.175,24.22,24.16,24.22,246607
2016-08-04 09:30:00,24.19,24.29,24.13,24.17,248212
2016-08-04 10:30:00,24.17,24.27,24.17,24.255,152886
2016-08-04 11:30:00,24.255,24.36,24.2203,24.345,155654
2016-08-04 12:30:00,24.35,24.35,24.225,24.28,124152
2016-08-04 13:30:00,24.28,24.3,24.265,24.27,107693
2016-08-04 14:30:00,24.27,24.3,24.27,24.285,112486
2016-08-04 15:30:00,24.29,24.36,24.285,24.33,326486
2016-08-05 09:30:00,24.37,24.65,24.36,24.615,201267
2016-08-05 10:30:00,24.615,24.66,24.59,24.625,97042
2016-08-05 11:30:00,24.63,24.685,24.62,24.68,182955
2016-08-05 12:30:00,24.68,24.73,24.67,24.72,145400
2016-08-05 13:30:00,24.72,24.74,24.7,24.72,156905
2016-08-05 14:30:00,24.72,24.73,24.67,24.73,212443
2016-08-05 15:30:00,24.73,24.73,24.67,24.69,217341
2016-08-08 09:30:00,24.7,24.8,24.6,24.67,218470
2016-08-08 10:30:00,24.665,24.72,24.65,24.71,138787
2016-08-08 11:30:00,24.7,24.719,24.655,24.675,106921
2016-08-08 12:30:00,24.67,24.68,24.66,24.665,68885
2016-08-08 13:30:00,24.67,24.68,24.62,24.62,92752
2016-08-08 14:30:00,24.6299,24.68,24.62,24.675,117585
2016-08-08 15:30:00,24.68,24.72,24.67,24.69,239747
2016-08-09 09:30:00,24.75,24.79,24.53,24.74,148921
2016-08-09 10:30:00,24.73,24.75,24.69,24.72,166655
2016-08-09 11:30:00,24.72,24.73,24.66,24.66,133418
2016-08-09 12:30:00,24.65,24.67,24.63,24.6546,89038
2016-08-09 13:30:00,24.65,24.7,24.6,24.64,274623
2016-08-09 14:30:00,24.64,24.719,24.63,24.7,156319
2016-08-09 15:30:00,24.7,24.71,24.6,24.63,588684
2016-08-10 09:30:00,24.62,24.75,24.61,24.7,163105
2016-08-10 10:30:00,24.7,24.75,24.64,24.66,149331
2016-08-10 11:30:00,24.66,24.72,24.62,24.67,98845
2016-08-10 12:30:00,24.665,24.73,24.65,24.71,98239
2016-08-10 13:30:00,24.7,24.75,24.68,24.68,145039
2016-08-10 14:30:00,24.685,24.705,24.68,24.685,161688
2016-08-10 15:30:00,24.685,24.7,24.65,24.66,172674
2016-08-11 09:30:00,24.8,24.97,24.67,24.7301,254331
2016-08-11 10:30:00,24.74,24.85,24.73,24.845,159740
2016-08-11 11:30:00,24.84,24.9,24.83,24.885,179227
2016-08-11 12:30:00,24.8801,24.89,24.8301,24.85,92716
2016-08-11 13:30:00,24.845,24.9,24.84,24.845,332005
2016-08-11 14:30:00,24.84,24.845,24.78,24.835,399547
2016-08-11 15:30:00,24.835,24.85,24.795,24.805,273712
2016-08-12 09:30:00,24.72,24.88,24.683,24.745,128940
2016-08-12 10:30:00,24.76,24.85,24.755,24.815,145608
2016-08-12 11:30:00,24.82,24.82,24.735,24.74,75449
2016-08-12 12:30:00,24.75,24.78,24.695,24.725,74696
2016-08-12 13:30:00,24.72,24.73,24.69,24.705,138462
2016-08-12 14:30:00,24.705,24.72,24.68,24.71,202795
2016-08-12 15:30:00,24.715,24.74,24.7,24.71,186463
2016-08-15 09:30:00,24.71,24.9,24.03,24.8401,622643
2016-08-15 10:30:00,24.84,24.9,24.84,24.87,105573
2016-08-15 11:30:00,24.87,24.88,24.8,24.865,343512
2016-08-15 12:30:00,24.875,24.875,24.83,24.85,52544
2016-08-15 13:30:00,24.86,24.87,24.81,24.855,116641
2016-08-15 14:30:00,24.855,24.895,24.78,24.795,177529
2016-08-15 15:30:00,24.795,24.82,24.74,24.75,477514
2016-08-16 09:30:00,24.87,24.87,24.44,24.631,223792
2016-08-16 10:30:00,24.63,24.635,24.54,24.56,187255
2016-08-16 11:30:00,24.56,24.565,24.5,24.5025,95677
2016-08-16 12:30:00,24.505,24.53,24.5,24.51,122417
2016-08-16 13:30:00,24.51,24.52,24.45,24.46,244408
2016-08-16 14:30:00,24.455,24.48,24.37,24.4599,692546
2016-08-16 15:30:00,24.455,24.475,24.35,24.37,599156
2016-10-17 09:30:00,26.0,26.2,26.0,26.19,220588
2016-10-17 10:30:00,26.18,26.19,26.02,26.04,111423
2016-10-17 11:30:00,26.04,26.07,25.99,26.01,119606
2016-10-17 12:30:00,26.01,26.02,25.93,25.94,105901
2016-10-17 13:30:00,25.95,25.96,25.89,25.95,138039
2016-10-17 14:30:00,25.95,25.95,25.92,25.93,141901
2016-10-17 15:30:00,25.93,25.97,25.92,25.95,247728
2016-10-18 09:30:00,26.26,26.27,26.1,26.19,207103
2016-10-18 10:30:00,26.19,26.32,26.19,26.27,137141
2016-10-18 11:30:00,26.27,26.37,26.2,26.36,113750
2016-10-18 12:30:00,26.37,26.38,26.29,26.315,82992
2016-10-18 13:30:00,26.31,26.33,26.27,26.3,119873
2016-10-18 14:30:00,26.3,26.31,26.22,26.22,139387
2016-10-18 15:30:00,26.22,26.24,26.19,26.24,192538
2016-10-19 09:30:00,26.46,28.87,26.16,26.35,423265
2016-10-19 10:30:00,26.35,26.38,26.2831,26.355,209738
2016-10-19 11:30:00,26.36,26.38,26.175,26.19,391565
2016-10-19 12:30:00,26.185,26.1937,26.13,26.17,209965
2016-10-19 13:30:00,26.17,26.22,26.14,26.14,151819
2016-10-19 14:30:00,26.14,26.195,26.12,26.18,229400
2016-10-19 15:30:00,26.185,26.19,26.105,26.14,382693
2016-10-20 09:30:00,26.02,26.11,25.9,25.92,344221
2016-10-20 10:30:00,25.91,25.915,25.74,25.79,246173
2016-10-20 11:30:00,25.785,25.88,25.73,25.81,184713
2016-10-20 12:30:00,25.815,25.94,25.81,25.87,162901
2016-10-20 13:30:00,25.88,25.92,25.82,25.87,172719
2016-10-20 14:30:00,25.87,25.938,25.85,25.88,227136
2016-10-20 15:30:00,25.88,25.9001,25.82,25.82,407022
2016-10-21 09:30:00,25.82,25.905,25.75,25.76,327353
2016-10-21 10:30:00,25.76,25.93,25.76,25.86,161061
2016-10-21 11:30:00,25.86,25.87,25.765,25.765,197644
2016-10-21 12:30:00,25.77,25.8,25.68,25.695,218453
2016-10-21 13:30:00,25.7,25.72,25.645,25.69,235224
2016-10-21 14:30:00,25.69,25.75,25.67,25.74,209721
2016-10-21 15:30:00,25.735,25.77,25.7,25.71,288154
2016-10-24 09:30:00,25.92,26.01,25.81,25.91,413439
2016-10-24 10:30:00,25.91,26.035,25.89,25.93,279344
2016-10-24 11:30:00,25.935,25.94,25.82,25.82,209706
2016-10-24 12:30:00,25.82,25.84,25.72,25.74,279573
2016-10-24 13:30:00,25.74,25.78,25.7,25.735,331884
2016-10-24 14:30:00,25.74,25.77,25.69,25.695,385191
2016-10-24 15:30:00,25.7,25.77,25.64,25.73,797898
2016-10-25 09:30:00,26.23,26.3,24.99,25.2838,1304965
2016-10-25 10:30:00,25.285,25.3,25.18,25.235,573291
2016-10-25 11:30:00,25.235,25.275,25.22,25.26,302146
2016-10-25 12:30:00,25.255,25.585,25.23,25.57,770683
2016-10-25 13:30:00,25.57,25.59,25.38,25.4,456554
2016-10-25 14:30:00,25.395,25.4,25.33,25.345,464849
2016-10-25 15:30:00,25.345,25.52,25.34,25.51,818601
2016-11-07 09:30:00,25.65,25.65,25.21,25.39,191789
2016-11-07 10:30:00,25.38,25.43,25.339,25.395,145960
2016-11-07 11:30:00,25.39,25.5,25.385,25.455,129404
2016-11-07 12:30:00,25.46,25.48,25.42,25.43,69184
2016-11-07 13:30:00,25.43,25.46,25.37,25.385,66591
2016-11-07 14:30:00,25.38,25.4,25.31,25.31,112803
2016-11-07 15:30:00,25.32,25.46,25.305,25.43,207275
2016-11-08 09:30:00,25.33,25.5,25.32,25.49,200111
2016-11-08 10:30:00,25.495,25.59,25.4,25.53,492969
2016-11-08 11:30:00,25.53,25.67,25.5,25.65,96955
2016-11-08 12:30:00,25.65,25.73,25.61,25.64,75018
2016-11-08 13:30:00,25.64,25.69,25.54,25.56,86054
2016-11-08 14:30:00,25.56,25.595,25.49,25.54,146962
2016-11-08 15:30:00,25.54,25.58,25.43,25.46,231056
2016-11-09 09:30:00,25.07,25.29,24.52,24.96,257536
2016-11-09 10:30:00,24.96,25.13,24.87,25.13,194696
2016-11-09 11:30:00,25.13,25.32,25.1,25.185,182783
2016-11-09 12:30:00,25.185,25.23,25.0,25.05,204093
2016-11-09 13:30:00,25.055,25.2454,25.04,25.15,255453
2016-11-09 14:30:00,25.15,25.19,25.015,25.12,467322
2016-11-09 15:30:00,25.12,25.13,25.02,25.06,535507
2016-11-10 09:30:00,25.16,25.39,24.84,24.85,259497
2016-11-10 10:30:00,24.85,24.9,24.4708,24.7,379594
2016-11-10 11:30:00,24.7,24.74,24.52,24.56,253579
2016-11-10 12:30:00,24.565,24.92,24.55,24.87,243577
2016-11-10 13:30:00,24.88,25.015,24.84,24.88,168448
2016-11-10 14:30:00,24.89,24.94,24.82,24.84,181392
2016-11-10 15:30:00,24.84,24.86,24.795,24.83,443548
2016-11-11 09:30:00,24.84,25.45,24.74,25.33,432030
2016-11-11 10:30:00,25.33,25.43,25.23,25.39,358138
2016-11-11 11:30:00,25.39,25.56,25.35,25.49,300784
2016-11-11 12:30:00,25.49,25.55,25.44,25.485,179049
2016-11-11 13:30:00,25.48,25.53,25.33,25.33,138123
2016-11-11 14:30:00,25.33,25.39,25.28,25.34,138219
2016-11-11 15:30:00,25.35,25.41,25.32,25.33,423375
2016-11-14 09:30:00,26.95,26.95,25.69,25.84,1637290
2016-11-14 10:30:00,25.84,25.84,25.4,25.495,849611
2016-11-14 11:30:00,25.5,25.65,25.47,25.5,415211
2016-11-14 12:30:00,25.5,25.555,25.41,25.4375,424610
2016-11-14 13:30:00,25.4327,25.47,25.33,25.36,359764
2016-11-14 14:30:00,25.365,25.43,25.29,25.425,338249
2016-11-14 15:30:00,25.43,25.52,25.4,25.5,1452089
2016-11-15 09:30:00,25.51,25.68,25.3,25.51,714433
2016-11-15 10:30:00,25.52,25.565,25.42,25.44,463876
2016-11-15 11:30:00,25.435,25.46,25.35,25.425,287351
2016-11-15 12:30:00,25.43,25.52,25.38,25.495,221939
2016-11-15 13:30:00,25.49,25.535,25.46,25.46,681763
2016-11-15 14:30:00,25.47,25.58,25.465,25.54,410306
2016-11-15 15:30:00,25.54,25.575,25.4325,25.44,329673
2017-01-26 09:30:00,26.31,26.41,26.11,26.13,164718
2017-01-26 10:30:00,26.12,26.13,25.95,25.995,201060
2017-01-26 11:30:00,26.0,26.07,25.97,26.015,88318
2017-01-26 12:30:00,26.02,26.02,25.95,25.96,108289
2017-01-26 13:30:00,25.95,26.03,25.94,26.03,105363
2017-01-26 14:30:00,26.025,26.04,25.97,25.995,115284
2017-01-26 15:30:00,25.995,25.995,25.94,25.96,275897
2017-01-27 09:30:00,26.01,26.19,25.97,26.11,262119
2017-01-27 10:30:00,26.11,26.17,26.07,26.14,89219
2017-01-27 11:30:00,26.14,26.19,26.12,26.185,65775
2017-01-27 12:30:00,26.19,26.195,26.12,26.17,60360
2017-01-27 13:30:00,26.165,26.22,26.165,26.22,71759
2017-01-27 14:30:00,26.215,26.24,26.18,26.18,117275
2017-01-27 15:30:00,26.185,26.23,26.17,26.23,189793
2017-01-30 09:30:00,26.18,26.2,25.76,25.85,184053
2017-01-30 10:30:00,25.845,25.98,25.79,25.95,107086
2017-01-30 11:30:00,25.95,26.135,25.945,26.1,202398
2017-01-30 12:30:00,26.1,26.13,26.07,26.1,91749
2017-01-30 13:30:00,26.105,26.215,26.08,26.2057,113133
2017-01-30 14:30:00,26.21,26.24,26.175,26.195,107806
2017-01-30 15:30:00,26.195,26.21,26.09,26.11,538466
2017-01-31 09:30:00,25.98,26.11,25.86,25.86,345814
2017-01-31 10:30:00,25.86,25.89,25.7143,25.8,384669
2017-01-31 11:30:00,25.805,25.87,25.72,25.855,241368
2017-01-31 12:30:00,25.85,25.87,25.73,25.85,638094
2017-01-31 13:30:00,25.85,25.86,25.71,25.85,512496
2017-01-31 14:30:00,25.84,26.1,25.79,25.99,933843
2017-01-31 15:30:00,25.995,26.065,25.985,26.03,758760
2017-02-01 09:30:00,26.03,26.13,25.82,25.93,371293
2017-02-01 10:30:00,25.93,26.09,25.88,26.03,354118
2017-02-01 11:30:00,26.03,26.14,25.96,26.1,253876
2017-02-01 12:30:00,26.105,26.125,25.97,25.99,238122
2017-02-01 13:30:00,25.985,26.075,25.92,26.025,394604
2017-02-01 14:30:00,26.025,26.03,25.83,25.91,519530
2017-02-01 15:30:00,25.915,25.92,25.77,25.82,928341
2017-02-02 09:30:00,26.49,29.31,26.04,28.7,4002091
2017-02-02 10:30:00,28.7,28.95,28.11,28.27,2143463
2017-02-02 11:30:00,28.28,28.62,28.06,28.39,1618993
2017-02-02 12:30:00,28.395,28.56,28.31,28.435,478534
2017-02-02 13:30:00,28.434,28.73,28.43,28.71,474165
2017-02-02 14:30:00,28.71,28.9,28.67,28.9,591966
2017-02-02 15:30:00,28.89,28.95,28.374,28.93,1078547
2017-02-03 09:30:00,29.05,29.58,28.87,29.485,1196255
2017-02-03 10:30:00,29.485,29.5,29.3,29.355,661115
2017-02-03 11:30:00,29.355,29.39,29.27,29.315,563326
2017-02-03 12:30:00,29.31,29.37,29.225,29.29,378097
2017-02-03 13:30:00,29.285,29.33,29.21,29.24,435214
2017-02-03 14:30:00,29.24,29.25,29.17,29.18,584061
2017-02-03 15:30:00,29.18,29.19,29.13,29.13,840085
2017-02-06 09:30:00,29.37,29.37,28.92,29.34,438764
2017-02-06 10:30:00,29.34,29.5,29.27,29.4961,318500
2017-02-06 11:30:00,29.49,29.59,29.48,29.5,285775
2017-02-06 12:30:00,29.49,29.495,29.36,29.41,243608
2017-02-06 13:30:00,29.405,29.43,29.35,29.395,223408
2017-02-06 14:30:00,29.395,29.41,29.37,29.38,208177
2017-02-06 15:30:00,29.38,29.4,29.355,29.38,343430
2017-02-07 09:30:00,29.35,29.68,29.24,29.56,534219
2017-02-07 10:30:00,29.57,29.69,29.51,29.53,352124
2017-02-07 11:30:00,29.535,29.56,29.41,29.43,207439
2017-02-07 12:30:00,29.42,29.45,29.37,29.4,177743
2017-02-07 13:30:00,29.395,29.47,29.36,29.425,177546
2017-02-07 14:30:00,29.43,29.44,29.35,29.425,363663
2017-02-07 15:30:00,29.425,29.43,29.36,29.38,528526
2017-02-08 09:30:00,29.29,29.33,29.01,29.32,243250
2017-02-08 10:30:00,29.32,29.43,29.28,29.345,199007
2017-02-08 11:30:00,29.35,29.4,29.29,29.34,160261
2017-02-08 12:30:00,29.335,29.3485,29.235,29.24,115486
2017-02-08 13:30:00,29.25,29.34,29.23,29.305,182623
2017-02-08 14:30:00,29.31,29.345,29.22,29.255,202717
2017-02-08 15:30:00,29.25,29.27,29.22,29.23,298433
2017-02-09 09:30:00,29.31,29.63,29.29,29.49,306680
2017-02-09 10:30:00,29.49,29.63,29.43,29.58,224826
2017-02-09 11:30:00,29.59,29.6,29.24,29.52,179563
2017-02-09 12:30:00,29.52,29.53,29.46,29.475,122063
2017-02-09 13:30:00,29.47,29.57,29.45,29.54,120453
2017-02-09 14:30:00,29.545,29.58,29.53,29.53,167868
2017-02-09 15:30:00,29.53,29.58,29.53,29.55,385449
2017-02-10 09:30:00,29.7,29.75,29.44,29.66,276433
2017-02-10 10:30:00,29.67,29.73,29.59,29.6,199352
2017-02-10 11:30:00,29.605,29.65,29.54,29.5642,141198
2017-02-10 12:30:00,29.575,29.62,29.54,29.6,114250
2017-02-10 13:30:00,29.59,29.62,29.57,29.615,125916
2017-02-10 14:30:00,29.615,29.65,29.515,29.53,262864
2017-02-10 15:30:00,29.535,29.55,29.51,29.53,282790
2017-02-13 09:30:00,29.6,29.85,29.5,29.85,231928
2017-02-13 10:30:00,29.85,29.87,29.775,29.83,176761
2017-02-13 11:30:00,29.825,29.835,29.77,29.775,107222
2017-02-13 12:30:00,29.78,29.8,29.76,29.79,91186
2017-02-13 13:30:00,29.8,29.87,29.8,29.87,113833
2017-02-13 14:30:00,29.87,29.88,29.83,29.835,154832
2017-02-13 15:30:00,29.835,29.8406,29.8,29.82,283585
2017-02-14 09:30:00,29.64,29.84,29.61,29.81,211749
2017-02-14 10:30:00,29.82,29.825,29.73,29.79,143747
2017-02-14 11:30:00,29.8,29.915,29.79,29.85,135538
2017-02-14 12:30:00,29.86,29.89,29.83,29.855,100895
2017-02-14 13:30:00,29.8537,29.89,29.81,29.86,113160
2017-02-14 14:30:00,29.861,29.88,29.82,29.865,168631
2017-02-14 15:30:00,29.87,29.94,29.86,29.92,304649
2017-02-27 09:30:00,31.28,31.445,31.05,31.445,268116
2017-02-27 10:30:00,31.45,31.48,31.3,31.3,268427
2017-02-27 11:30:00,31.3,31.435,31.29,31.41,195665
2017-02-27 12:30:00,31.41,31.455,31.38,31.39,149437
2017-02-27 13:30:00,31.385,31.47,31.38,31.43,230233
2017-02-27 14:30:00,31.43,31.5,31.4,31.49,274333
2017-02-27 15:30:00,31.485,31.54,31.45,31.54,586835
2017-02-28 09:30:00,31.54,31.56,31.275,31.275,156525
2017-02-28 10:30:00,31.28,31.38,31.18,31.355,183690
2017-02-28 11:30:00,31.35,31.35,31.165,31.21,117829
2017-02-28 12:30:00,31.215,31.22,31.04,31.05,204761
2017-02-28 13:30:00,31.055,31.06,30.925,31.0,489952
2017-02-28 14:30:00,30.99,31.04,30.93,30.95,228423
2017-02-28 15:30:00,30.945,30.965,30.89,30.9,548114
2017-03-01 09:30:00,31.72,31.72,30.61,31.08,306301
2017-03-01 10:30:00,31.075,31.17,31.04,31.135,261810
2017-03-01 11:30:00,31.14,31.35,31.13,31.315,219330
2017-03-01 12:30:00,31.315,31.32,31.21,31.23,128316
2017-03-01 13:30:00,31.23,31.29,31.19,31.275,198663
2017-03-01 14:30:00,31.28,31.33,31.23,31.295,246478
2017-03-01 15:30:00,31.29,31.33,31.25,31.31,866838
2017-03-02 09:30:00,31.19,31.36,30.8757,31.14,204228
2017-03-02 10:30:00,31.14,31.2155,31.04,31.115,162543
2017-03-02 11:30:00,31.12,31.165,31.04,31.12,106346
2017-03-02 12:30:00,31.12,31.17,31.08,31.08,103225
2017-03-02 13:30:00,31.085,31.18,31.05,31.16,217063
2017-03-02 14:30:00,31.16,31.205,31.09,31.1,164099
2017-03-02 15:30:00,31.1,31.12,31.0525,31.08,271816
2017-03-03 09:30:00,31.03,31.16,30.79,31.0,176006
2017-03-03 10:30:00,30.99,31.08,30.975,31.055,158761
2017-03-03 11:30:00,31.05,31.09,30.98,30.99,125059
2017-03-03 12:30:00,30.99,31.03,30.905,30.965,257065
2017-03-03 13:30:00,30.965,31.045,30.95,30.99,114616
2017-03-03 14:30:00,30.99,31.03,30.985,31.03,131429
2017-03-03 15:30:00,31.035,31.105,30.99,31.095,403309
2017-03-06 09:30:00,30.96,31.1,30.84,31.085,351510
2017-03-06 10:30:00,31.08,31.08,30.92,30.985,113094
2017-03-06 11:30:00,30.985,31.01,30.94,30.96,111144
2017-03-06 12:30:00,30.97,31.08,30.97,31.05,86797
2017-03-06 13:30:00,31.05,31.07,31.01,31.04,96167
2017-03-06 14:30:00,31.04,31.09,31.03,31.04,126630
2017-03-06 15:30:00,31.04,31.075,31.0,31.01,137732
2017-03-07 09:30:00,31.1,31.19,30.96,31.175,198293
2017-03-07 10:30:00,31.18,31.29,31.18,31.22,198675
2017-03-07 11:30:00,31.21,31.25,31.16,31.17,127036
2017-03-07 12:30:00,31.17,31.25,31.16,31.2,650891
2017-03-07 13:30:00,31.21,31.2299,31.17,31.19,129727
2017-03-07 14:30:00,31.18,31.245,31.165,31.19,150583
2017-03-07 15:30:00,31.2,31.25,31.135,31.24,571395
2017-04-26 09:30:00,31.99,32.0,31.7,31.705,520278
2017-04-26 10:30:00,31.71,31.735,31.6,31.675,408118
2017-04-26 11:30:00,31.675,31.77,31.64,31.735,285417
2017-04-26 12:30:00,31.7415,31.78,31.68,31.745,222533
2017-04-26 13:30:00,31.745,31.785,31.69,31.735,307500
2017-04-26 14:30:00,31.73,31.81,31.73,31.81,386643
2017-04-26 15:30:00,31.805,31.82,31.715,31.745,652956
2017-04-27 09:30:00,31.83,32.195,31.83,32.08,292049
2017-04-27 10:30:00,32.08,32.12,31.97,31.97,301864
2017-04-27 11:30:00,31.97,32.0,31.87,31.92,250412
2017-04-27 12:30:00,31.92,31.98,31.895,31.96,116108
2017-04-27 13:30:00,31.95,32.05,31.925,32.0083,142513
2017-04-27 14:30:00,32.01,32.07,31.98,32.065,183995
2017-04-27 15:30:00,32.07,32.115,32.03,32.04,399438
2017-04-28 09:30:00,32.05,32.245,31.9301,32.11,413642
2017-04-28 10:30:00,32.11,32.24,32.075,32.19,309045
2017-04-28 11:30:00,32.19,32.24,32.155,32.22,204527
2017-04-28 12:30:00,32.22,32.31,32.17,32.3054,250117
2017-04-28 13:30:00,32.3,32.475,32.3,32.45,363946
2017-04-28 14:30:00,32.455,32.575,32.39,32.51,503059
2017-04-28 15:30:00,32.51,32.6,32.51,32.58,707502
2017-05-01 09:30:00,32.73,32.94,32.36,32.69,522170
2017-05-01 10:30:00,32.695,32.79,32.635,32.635,226575
2017-05-01 11:30:00,32.635,32.66,32.575,32.595,182206
2017-05-01 12:30:00,32.6,32.66,32.59,32.66,234642
2017-05-01 13:30:00,32.655,32.72,32.625,32.685,136379
2017-05-01 14:30:00,32.68,32.72,32.66,32.71,295731
2017-05-01 15:30:00,32.705,32.75,32.69,32.7,516517
2017-05-02 09:30:00,32.72,32.93,32.635,32.73,366181
2017-05-02 10:30:00,32.73,32.75,32.645,32.69,213436
2017-05-02 11:30:00,32.685,32.75,32.68,32.74,121645
2017-05-02 12:30:00,32.73,32.74,32.68,32.685,100090
2017-05-02 13:30:00,32.68,32.745,32.67,32.685,159615
2017-05-02 14:30:00,32.685,32.75,32.593,32.735,431346
2017-05-02 15:30:00,32.735,32.8,32.72,32.79,472926
2017-05-03 09:30:00,32.77,32.77,32.32,32.63,346262
2017-05-03 10:30:00,32.63,32.64,32.525,32.6,216530
2017-05-03 11:30:00,32.6,32.655,32.56,32.64,122320
2017-05-03 12:30:00,32.64,32.67,32.6,32.615,51421
2017-05-03 13:30:00,32.615,32.66,32.59,32.61,69828
2017-05-03 14:30:00,32.615,32.64,32.58,32.635,110533
2017-05-03 15:30:00,32.63,32.77,32.63,32.76,407862
2017-05-04 09:30:00,32.74,32.92,32.63,32.88,216518
2017-05-04 10:30:00,32.88,32.9,32.77,32.87,183610
2017-05-04 11:30:00,32.87,32.9,32.75,32.8,193442
2017-05-04 12:30:00,32.8,32.83,32.77,32.775,95222
2017-05-04 13:30:00,32.78,32.785,32.72,32.75,109222
2017-05-04 14:30:00,32.74,32.8,32.73,32.735,140884
2017-05-04 15:30:00,32.735,32.77,32.72,32.75,236606
2017-05-05 09:30:00,32.86,32.9,32.78,32.89,128912
2017-05-05 10:30:00,32.89,33.01,32.85,32.96,121020
2017-05-05 11:30:00,32.965,33.03,32.95,32.95,72241
2017-05-05 12:30:00,32.94,32.96,32.9,32.92,128618
2017-05-05 13:30:00,32.915,33.01,32.91,32.96,123601
2017-05-05 14:30:00,32.96,33.04,32.94,33.005,165005
2017-05-05 15:30:00,33.01,33.06,32.99,33.03,367994
2017-05-08 09:30:00,33.0,33.15,32.82,32.865,189914
2017-05-08 10:30:00,32.8668,32.9699,32.83,32.86,342590
2017-05-08 11:30:00,32.86,32.87,32.815,32.8227,138946
2017-05-08 12:30:00,32.82,32.87,32.8,32.81,104723
2017-05-08 13:30:00,32.8,32.86,32.775,32.85,93241
2017-05-08 14:30:00,32.845,32.8467,32.78,32.82,114838
2017-05-08 15:30:00,32.82,32.83,32.78,32.825,238570
2017-05-09 09:30:00,32.93,33.07,32.81,32.975,187541
2017-05-09 10:30:00,32.975,33.065,32.975,33.06,155991
2017-05-09 11:30:00,33.06,33.14,33.025,33.075,127149
2017-05-09 12:30:00,33.07,33.1,33.03,33.06,68707
2017-05-09 13:30:00,33.06,33.11,33.03,33.033,99245
2017-05-09 14:30:00,33.03,33.055,33.02,33.03,85459
2017-05-09 15:30:00,33.03,33.03,32.97,33.0,297864
2017-05-10 09:30:00,33.03,33.0858,32.86,32.96,313150
2017-05-10 10:30:00,32.97,33.01,32.9,32.965,94899
2017-05-10 11:30:00,32.97,33.085,32.945,33.065,119377
2017-05-10 12:30:00,33.065,33.08,32.99,32.99,147117
2017-05-10 13:30:00,33.0,33.02,32.9,32.915,144525
2017-05-10 14:30:00,32.915,32.96,32.89,32.9,125290
2017-05-10 15:30:00,32.905,32.95,32.88,32.925,222601
2017-05-11 09:30:00,32.86,32.92,32.68,32.77,212690
2017-05-11 10:30:00,32.77,32.93,32.73,32.93,111337
2017-05-11 11:30:00,32.93,32.97,32.835,32.96,353191
2017-05-11 12:30:00,32.96,32.96,32.845,32.845,186493
2017-05-11 13:30:00,32.86,32.92,32.86,32.9,156897
2017-05-11 14:30:00,32.91,32.93,32.87,32.905,88645
2017-05-11 15:30:00,32.905,32.99,32.9,32.98,375395
2017-05-12 09:30:00,33.02,33.1,32.74,32.85,320876
2017-05-12 10:30:00,32.85,32.96,32.81,32.905,102707
2017-05-12 11:30:00,32.9,32.96,32.9,32.945,67033
2017-05-12 12:30:00,32.94,32.97,32.93,32.95,54956
2017-05-12 13:30:00,32.945,32.95,32.91,32.92,61316
2017-05-12 14:30:00,32.91,32.96,32.88,32.9,85700
2017-05-12 15:30:00,32.9,32.91,32.86,32.89,153291
2017-05-15 09:30:00,33.06,33.19,32.92,33.05,254683
2017-05-15 10:30:00,33.06,33.06,32.96,33.005,143678
2017-05-15 11:30:00,33.005,33.14,33.005,33.109,95981
2017-05-15 12:30:00,33.1,33.135,33.08,33.13,127122
2017-05-15 13:30:00,33.13,33.15,33.08,33.08,169309
2017-05-15 14:30:00,33.08,33.13,33.08,33.105,106722
2017-05-15 15:30:00,33.105,33.16,33.08,33.15,309397
2017-05-16 09:30:00,33.25,33.31,33.09,33.09,193296
2017-05-16 10:30:00,33.1,33.18,33.03,33.17,105176
2017-05-16 11:30:00,33.17,33.175,33.115,33.17,88980
2017-05-16 12:30:00,33.16,33.19,33.13,33.18,48225
2017-05-16 13:30:00,33.17,33.21,33.15,33.16,62167
2017-05-16 14:30:00,33.16,33.23,33.15,33.22,187643
2017-05-16 15:30:00,33.22,33.26,33.1974,33.245,273401
2017-05-17 09:30:00,32.92,33.05,32.75,32.795,222279
2017-05-17 10:30:00,32.795,32.87,32.72,32.755,216189
2017-05-17 11:30:00,32.75,32.825,32.72,32.77,158780
2017-05-17 12:30:00,32.77,32.84,32.75,32.83,91683
2017-05-17 13:30:00,32.82,32.84,32.63,32.6518,99869
2017-05-17 14:30:00,32.65,32.66,32.5,32.515,194810
2017-05-17 15:30:00,32.51,32.56,32.39,32.39,382702
2017-05-18 09:30:00,32.28,32.49,32.07,32.46,288142
2017-05-18 10:30:00,32.465,32.7,32.45,32.57,309566
2017-05-18 11:30:00,32.57,32.63,32.29,32.34,257143
2017-05-18 12:30:00,32.34,32.64,32.26,32.32,325510
2017-05-18 13:30:00,32.33,32.45,32.29,32.395,201753
2017-05-18 14:30:00,32.385,32.41,32.28,32.295,279998
2017-05-18 15:30:00,32.295,32.435,32.28,32.31,568291
2017-05-19 09:30:00,32.61,32.68,32.38,32.595,239580
2017-05-19 10:30:00,32.595,32.715,32.51,32.675,218663
2017-05-19 11:30:00,32.67,32.705,32.6,32.68,152095
2017-05-19 12:30:00,32.67,32.81,32.66,32.781,134163
2017-05-19 13:30:00,32.785,32.795,32.73,32.75,116557
2017-05-19 14:30:00,32.75,32.875,32.75,32.77,186082
2017-05-19 15:30:00,32.77,32.79,32.715,32.78,227718
2017-07-20 09:30:00,35.31,35.32,34.81,34.83,231473
2017-07-20 10:30:00,34.83,35.06,34.75,34.99,217471
2017-07-20 11:30:00,34.98,35.12,34.95,35.08,170265
2017-07-20 12:30:00,35.08,35.1,35.01,35.055,84237
2017-07-20 13:30:00,35.055,35.17,35.035,35.045,271264
2017-07-20 14:30:00,35.04,35.135,34.97,35.1,254428
2017-07-20 15:30:00,35.1,35.1,35.045,35.08,256247
2017-07-21 09:30:00,34.92,35.06,34.885,34.955,195016
2017-07-21 10:30:00,34.95,35.0,34.82,34.86,302244
2017-07-21 11:30:00,34.86,35.0,34.86,34.99,210025
2017-07-21 12:30:00,34.99,35.1,34.98,35.03,195041
2017-07-21 13:30:00,35.02,35.0318,34.92,34.99,110373
2017-07-21 14:30:00,34.98,35.03,34.97,35.0,125360
2017-07-21 15:30:00,35.01,35.03,34.96,34.97,334857
2017-07-24 09:30:00,34.98,35.07,34.7501,34.89,283298
2017-07-24 10:30:00,34.87,34.96,34.8,34.87,258059
2017-07-24 11:30:00,34.87,34.91,34.83,34.88,288213
2017-07-24 12:30:00,34.87,34.9,34.81,34.87,252644
2017-07-24 13:30:00,34.865,35.04,34.85,34.94,725206
2017-07-24 14:30:00,34.92,35.1,34.9,35.065,693074
2017-07-24 15:30:00,35.06,35.1,34.89,35.07,906019
2017-07-25 09:30:00,35.49,36.64,35.07,36.415,995734
2017-07-25 10:30:00,36.415,36.5204,36.24,36.4548,693167
2017-07-25 11:30:00,36.445,36.79,36.35,36.68,752241
2017-07-25 12:30:00,36.685,36.71,36.33,36.67,510900
2017-07-25 13:30:00,36.67,36.84,36.5931,36.7,402461
2017-07-25 14:30:00,36.69,36.73,36.5,36.585,793009
2017-07-25 15:30:00,36.585,36.68,36.57,36.65,878505
2017-07-26 09:30:00,36.76,37.33,36.7,37.235,824747
2017-07-26 10:30:00,37.235,37.31,37.14,37.22,541674
2017-07-26 11:30:00,37.22,37.34,37.21,37.34,319035
2017-07-26 12:30:00,37.34,37.48,37.33,37.465,286904
2017-07-26 13:30:00,37.47,37.5,37.24,37.28,368096
2017-07-26 14:30:00,37.28,37.3,37.15,37.25,594168
2017-07-26 15:30:00,37.25,37.25,37.15,37.17,749274
2017-07-27 09:30:00,37.36,37.51,37.26,37.33,303673
2017-07-27 10:30:00,37.33,37.465,37.3,37.425,276171
2017-07-27 11:30:00,37.43,37.5,37.31,37.315,246551
2017-07-27 12:30:00,37.305,37.305,36.45,36.53,470399
2017-07-27 13:30:00,36.54,36.89,36.47,36.89,303334
2017-07-27 14:30:00,36.87,36.88,36.765,36.855,294115
2017-07-27 15:30:00,36.86,37.01,36.8408,36.98,393501
2017-07-28 09:30:00,36.78,37.171,36.74,37.02,186416
2017-07-28 10:30:00,37.03,37.16,36.99,37.12,150788
2017-07-28 11:30:00,37.11,37.21,37.07,37.09,106921
2017-07-28 12:30:00,37.0927,37.2,37.09,37.17,84975
2017-07-28 13:30:00,37.17,37.27,37.17,37.245,111552
2017-07-28 14:30:00,37.245,37.27,37.03,37.07,167012
2017-07-28 15:30:00,37.065,37.08,36.975,37.01,270335
2017-08-07 09:30:00,36.22,36.4,36.22,36.38,271517
2017-08-07 10:30:00,36.38,36.71,36.38,36.695,237291
2017-08-07 11:30:00,36.7,36.7788,36.595,36.61,185843
2017-08-07 12:30:00,36.6,36.73,36.58,36.72,77325
2017-08-07 13:30:00,36.71,36.76,36.63,36.66,115075
2017-08-07 14:30:00,36.66,36.66,36.58,36.64,129073
2017-08-07 15:30:00,36.65,36.68,36.58,36.62,307906
2017-08-08 09:30:00,36.61,36.77,36.52,36.69,209958
2017-08-08 10:30:00,36.7,36.945,36.67,36.84,364186
2017-08-08 11:30:00,36.83,36.89,36.76,36.815,330611
2017-08-08 12:30:00,36.815,36.82,36.72,36.76,137994
2017-08-08 13:30:00,36.76,36.8,36.72,36.77,140420
2017-08-08 14:30:00,36.77,36.8,36.675,36.7,167362
2017-08-08 15:30:00,36.7,36.8,36.6,36.79,503165
2017-08-09 09:30:00,36.58,36.63,36.4,36.47,209144
2017-08-09 10:30:00,36.46,36.54,36.44,36.46,164707
2017-08-09 11:30:00,36.47,36.615,36.45,36.605,171307
2017-08-09 12:30:00,36.61,36.655,36.57,36.59,252649
2017-08-09 13:30:00,36.595,36.65,36.54,36.59,141486
2017-08-09 14:30:00,36.59,36.61,36.5,36.505,181820
2017-08-09 15:30:00,36.505,36.62,36.49,36.55,264622
2017-08-10 09:30:00,36.52,36.56,36.06,36.205,184962
2017-08-10 10:30:00,36.21,36.38,36.165,36.37,167322
2017-08-10 11:30:00,36.39,36.44,34.09,36.24,158826
2017-08-10 12:30:00,36.24,36.4,36.13,36.35,167317
2017-08-10 13:30:00,36.36,36.42,36.3,36.42,106262
2017-08-10 14:30:00,36.4216,36.46,36.17,36.2,195494
2017-08-10 15:30:00,36.2,36.23,36.12,36.19,469287
2017-08-11 09:30:00,36.29,36.67,36.17,36.38,203802
2017-08-11 10:30:00,36.39,36.47,36.32,36.33,130049
2017-08-11 11:30:00,36.33,36.53,36.33,36.5,82512
2017-08-11 12:30:00,36.495,36.54,36.4,36.42,110236
2017-08-11 13:30:00,36.42,36.46,36.31,36.4,143219
2017-08-11 14:30:00,36.41,36.41,36.24,36.29,146884
2017-08-11 15:30:00,36.29,36.45,36.26,36.33,396919
2017-08-14 09:30:00,36.53,36.86,36.45,36.78,250288
2017-08-14 10:30:00,36.79,36.93,36.79,36.885,155419
2017-08-14 11:30:00,36.89,36.93,36.86,36.89,105696
2017-08-14 12:30:00,36.895,36.995,36.87,36.985,90437
2017-08-14 13:30:00,36.985,37.02,36.96,37.015,157225
2017-08-14 14:30:00,37.015,37.06,36.96,37.05,238786
2017-08-14 15:30:00,37.055,37.06,36.94,37.0,412132
2017-08-15 09:30:00,37.02,37.27,36.95,37.245,363676
2017-08-15 10:30:00,37.24,37.27,37.15,37.22,191087
2017-08-15 11:30:00,37.22,37.28,37.17,37.2,125435
2017-08-15 12:30:00,37.2,37.21,37.08,37.091,147009
2017-08-15 13:30:00,37.095,37.14,37.07,37.135,110145
2017-08-15 14:30:00,37.135,37.23,37.1156,37.21,124366
2017-08-15 15:30:00,37.21,37.26,37.171,37.22,262333
2017-10-19 09:30:00,41.66,41.87,41.32,41.55,155000
2017-10-19 10:30:00,41.54,41.735,41.535,41.71,152346
2017-10-19 11:30:00,41.71,41.745,41.62,41.68,104996
2017-10-19 12:30:00,41.68,41.69,41.59,41.67,97467
2017-10-19 13:30:00,41.68,41.71,41.655,41.67,132758
2017-10-19 14:30:00,41.675,41.795,41.67,41.785,174834
2017-10-19 15:30:00,41.78,41.81,41.755,41.8,291387
2017-10-20 09:30:00,41.94,42.22,41.83,42.18,358894
2017-10-20 10:30:00,42.19,42.27,42.16,42.21,141393
2017-10-20 11:30:00,42.21,42.36,42.21,42.336,148658
2017-10-20 12:30:00,42.355,42.45,42.33,42.34,137774
2017-10-20 13:30:00,42.33,42.39,42.31,42.371,123667
2017-10-20 14:30:00,42.38,42.39,42.29,42.29,161334
2017-10-20 15:30:00,42.3,42.37,42.24,42.28,408514
2017-10-23 09:30:00,42.47,42.56,42.12,42.25,196176
2017-10-23 10:30:00,42.25,42.3,42.09,42.11,253131
2017-10-23 11:30:00,42.11,42.26,42.1,42.2335,96669
2017-10-23 12:30:00,42.26,42.36,42.225,42.31,66137
2017-10-23 13:30:00,42.32,42.3229,42.23,42.29,130545
2017-10-23 14:30:00,42.29,42.31,42.135,42.14,204954
2017-10-23 15:30:00,42.14,42.21,42.105,42.15,270246
2017-10-24 09:30:00,42.16,42.31,41.92,42.1,191511
2017-10-24 10:30:00,42.1,42.27,42.06,42.22,249435
2017-10-24 11:30:00,42.215,42.32,42.15,42.29,144201
2017-10-24 12:30:00,42.29,42.32,42.23,42.24,100559
2017-10-24 13:30:00,42.24,42.33,42.23,42.285,182245
2017-10-24 14:30:00,42.285,42.31,42.22,42.28,228521
2017-10-24 15:30:00,42.285,42.31,42.22,42.3,260463
2017-10-25 09:30:00,42.23,42.37,42.09,42.37,315841
2017-10-25 10:30:00,42.37,42.42,42.055,42.135,247896
2017-10-25 11:30:00,42.13,42.16,41.93,41.94,160900
2017-10-25 12:30:00,41.93,42.13,41.85,42.11,129327
2017-10-25 13:30:00,42.12,42.225,42.06,42.18,243716
2017-10-25 14:30:00,42.18,42.18,42.06,42.18,290554
2017-10-25 15:30:00,42.18,42.25,42.11,42.22,539016
2017-10-26 09:30:00,42.37,42.64,42.26,42.62,146890
2017-10-26 10:30:00,42.62,42.8,42.58,42.65,204133
2017-10-26 11:30:00,42.65,42.8,42.61,42.8,124111
2017-10-26 12:30:00,42.795,42.88,42.64,42.8038,173700
2017-10-26 13:30:00,42.74,42.755,42.64,42.7,152930
2017-10-26 14:30:00,42.7,42.83,42.69,42.75,251565
2017-10-26 15:30:00,42.745,42.8,42.7,42.7,458210
2017-10-27 09:30:00,42.91,42.91,41.341,42.54,499428
2017-10-27 10:30:00,42.54,42.62,42.3,42.55,233744
2017-10-27 11:30:00,42.55,42.82,42.49,42.76,160077
2017-10-27 12:30:00,42.76,42.86,42.74,42.86,182694
2017-10-27 13:30:00,42.86,42.94,42.78,42.86,168394
2017-10-27 14:30:00,42.86,43.065,42.75,42.9896,245524
2017-10-27 15:30:00,42.99,43.23,42.99,43.08,475751
2017-11-06 09:30:00,44.0,44.31,43.69,44.21,454115
2017-11-06 10:30:00,44.22,44.2579,43.9481,43.96,242029
2017-11-06 11:30:00,43.97,44.055,43.9425,44.04,103209
2017-11-06 12:30:00,44.04,44.19,44.02,44.13,120067
2017-11-06 13:30:00,44.13,44.19,44.06,44.1101,123757
2017-11-06 14:30:00,44.12,44.28,44.12,44.26,152186
2017-11-06 15:30:00,44.265,44.34,44.23,44.29,304890
2017-11-07 09:30:00,44.4,44.665,44.36,44.43,227206
2017-11-07 10:30:00,44.43,44.465,44.29,44.315,138546
2017-11-07 11:30:00,44.315,44.34,44.16,44.21,144115
2017-11-07 12:30:00,44.2,44.255,44.16,44.18,74154
2017-11-07 13:30:00,44.18,44.2,44.04,44.1,82387
2017-11-07 14:30:00,44.09,44.2,44.07,44.16,130180
2017-11-07 15:30:00,44.17,44.33,44.16,44.3,309571
2017-11-08 09:30:00,44.25,44.39,44.0,44.06,169738
2017-11-08 10:30:00,44.09,44.1884,44.02,44.06,251689
2017-11-08 11:30:00,44.065,44.09,43.98,44.01,162140
2017-11-08 12:30:00,44.005,44.22,43.99,44.165,153388
2017-11-08 13:30:00,44.17,44.17,43.99,44.05,330512
2017-11-08 14:30:00,44.06,44.15,44.05,44.125,215691
2017-11-08 15:30:00,44.13,44.17,44.04,44.06,522198
2017-11-09 09:30:00,44.14,44.2,43.65,43.99,415915
2017-11-09 10:30:00,44.0,44.04,43.72,43.76,238859
2017-11-09 11:30:00,43.76,43.76,43.32,43.33,228214
2017-11-09 12:30:00,43.33,43.56,43.2,43.515,243303
2017-11-09 13:30:00,43.52,43.62,43.41,43.53,302619
2017-11-09 14:30:00,43.53,43.715,43.455,43.645,283336
2017-11-09 15:30:00,43.645,43.6526,43.52,43.53,696789
2017-11-10 09:30:00,43.51,43.85,43.41,43.77,311460
2017-11-10 10:30:00,43.775,43.83,43.63,43.77,235764
2017-11-10 11:30:00,43.78,43.95,43.725,43.81,234216
2017-11-10 12:30:00,43.81,43.93,43.79,43.88,123828
2017-11-10 13:30:00,43.89,44.02,43.86,44.0075,133962
2017-11-10 14:30:00,44.01,44.12,43.99,44.12,220891
2017-11-10 15:30:00,44.115,44.16,44.02,44.02,609657
2017-11-13 09:30:00,43.83,44.32,43.83,44.29,235346
2017-11-13 10:30:00,44.295,44.39,44.07,44.37,204454
2017-11-13 11:30:00,44.375,44.64,44.32,44.592,199398
2017-11-13 12:30:00,44.59,44.59,44.36,44.41,165409
2017-11-13 13:30:00,44.4129,44.605,44.391,44.56,168036
2017-11-13 14:30:00,44.56,44.69,44.49,44.63,227536
2017-11-13 15:30:00,44.63,44.68,44.6,44.67,300458
2017-11-14 09:30:00,44.52,44.61,44.36,44.46,230441
2017-11-14 10:30:00,44.455,44.775,44.42,44.68,339335
2017-11-14 11:30:00,44.68,44.83,44.65,44.79,173555
2017-11-14 12:30:00,44.79,44.8,44.5,44.62,143751
2017-11-14 13:30:00,44.63,44.68,44.56,44.6,301960
2017-11-14 14:30:00,44.61,44.74,44.55,44.665,283682
2017-11-14 15:30:00,44.665,44.78,44.62,44.77,497625
2018-01-25 09:30:00,45.58,45.95,45.45,45.49,193558
2018-01-25 10:30:00,45.5,45.655,45.49,45.57,114710
2018-01-25 11:30:00,45.575,45.64,45.44,45.44,155152
2018-01-25 12:30:00,45.46,45.5684,45.25,45.3,157935
2018-01-25 13:30:00,45.29,45.335,45.05,45.16,117456
2018-01-25 14:30:00,45.165,45.18,44.795,44.83,260790
2018-01-25 15:30:00,44.825,44.88,44.77,44.86,378416
2018-01-26 09:30:00,45.17,45.64,44.671,45.63,365203
2018-01-26 10:30:00,45.635,45.77,45.6,45.68,114515
2018-01-26 11:30:00,45.68,45.68,45.44,45.52,103728
2018-01-26 12:30:00,45.515,45.62,45.43,45.6,154525
2018-01-26 13:30:00,45.6,45.81,44.86,45.78,122715
2018-01-26 14:30:00,45.78,45.8,45.7,45.76,141273
2018-01-26 15:30:00,45.765,45.81,45.7,45.8,285504
2018-01-29 09:30:00,45.58,45.745,44.85,45.21,315030
2018-01-29 10:30:00,45.21,45.21,44.76,44.88,225215
2018-01-29 11:30:00,44.87,45.2,44.86,45.1,114168
2018-01-29 12:30:00,45.11,45.14,45.02,45.02,99529
2018-01-29 13:30:00,45.0274,45.1098,44.78,44.89,131432
2018-01-29 14:30:00,44.885,44.8938,44.65,44.655,237502
2018-01-29 15:30:00,44.65,44.71,44.475,44.56,513009
2018-01-30 09:30:00,44.36,44.71,43.81,44.06,321028
2018-01-30 10:30:00,44.06,44.3568,44.01,44.21,215092
2018-01-30 11:30:00,44.2,44.31,44.03,44.03,228070
2018-01-30 12:30:00,44.02,44.1,43.95,44.02,179170
2018-01-30 13:30:00,44.01,44.15,43.95,44.02,316573
2018-01-30 14:30:00,44.02,44.075,43.841,44.075,333784
2018-01-30 15:30:00,44.075,44.14,43.96,43.98,503738
2018-01-31 09:30:00,44.06,44.79,43.91,44.57,364969
2018-01-31 10:30:00,44.57,44.86,44.34,44.695,390646
2018-01-31 11:30:00,44.69,45.03,44.67,44.86,263209
2018-01-31 12:30:00,44.86,45.03,44.77,45.0299,233951
2018-01-31 13:30:00,45.02,45.03,44.47,44.59,362149
2018-01-31 14:30:00,44.6086,44.66,44.435,44.5965,826981
2018-01-31 15:30:00,44.64,44.89,44.59,44.86,749326
2018-02-01 09:30:00,44.4,45.25,42.9,43.11,1831012
2018-02-01 10:30:00,43.09,43.37,42.27,42.52,772964
2018-02-01 11:30:00,42.475,43.0,42.38,42.93,579600
2018-02-01 12:30:00,42.925,43.17,42.83,42.9011,867236
2018-02-01 13:30:00,42.92,42.99,41.93,42.15,685397
2018-02-01 14:30:00,42.18,42.35,41.92,42.21,776183
2018-02-01 15:30:00,42.21,42.37,41.9,42.22,1050904
2018-02-02 09:30:00,42.04,42.15,41.35,41.5,569640
2018-02-02 10:30:00,41.5,41.69,41.24,41.59,448157
2018-02-02 11:30:00,41.59,41.74,41.37,41.73,380922
2018-02-02 12:30:00,41.72,41.74,41.4401,41.535,386654
2018-02-02 13:30:00,41.535,41.64,41.31,41.33,383071
2018-02-02 14:30:00,41.325,41.5554,41.26,41.28,439122
2018-02-02 15:30:00,41.28,41.482,41.08,41.11,779343
2018-02-05 09:30:00,40.93,41.41,40.43,41.33,458232
2018-02-05 10:30:00,41.33,41.42,41.02,41.03,273479
2018-02-05 11:30:00,41.03,41.1,40.85,40.945,229411
2018-02-05 12:30:00,40.94,41.02,40.59,40.65,296361
2018-02-05 13:30:00,40.6601,40.78,40.43,40.47,296658
2018-02-05 14:30:00,40.46,40.46,39.51,40.14,622698
2018-02-05 15:30:00,40.14,40.22,39.26,39.28,792873
2018-02-06 09:30:00,38.74,39.0615,37.76,38.435,848797
2018-02-06 10:30:00,38.44,38.9199,38.01,38.7099,512048
2018-02-06 11:30:00,38.7,39.09,38.46,38.965,409146
2018-02-06 12:30:00,38.95,39.27,38.69,38.89,360291
2018-02-06 13:30:00,38.89,38.9,38.48,38.57,339063
2018-02-06 14:30:00,38.57,39.51,38.54,39.42,460265
2018-02-06 15:30:00,39.41,39.66,38.739,39.59,673841
2018-02-07 09:30:00,37.91,39.43,37.61,39.2001,728747
2018-02-07 10:30:00,39.22,39.7299,39.09,39.67,286278
2018-02-07 11:30:00,39.64,39.64,39.16,39.25,195303
2018-02-07 12:30:00,39.26,39.26,38.68,38.821,212496
2018-02-07 13:30:00,38.82,39.06,38.67,38.94,253883
2018-02-07 14:30:00,38.9599,39.015,38.5,38.98,301715
2018-02-07 15:30:00,38.995,39.1,38.56,38.57,622590
2018-02-08 09:30:00,38.48,38.4978,37.91,38.03,351488
2018-02-08 10:30:00,38.03,38.57,37.41,37.51,309984
2018-02-08 11:30:00,37.515,38.07,37.47,37.7,260651
2018-02-08 12:30:00,37.705,37.77,37.191,37.32,319418
2018-02-08 13:30:00,37.34,37.85,37.3,37.63,357621
2018-02-08 14:30:00,37.62,37.7,37.32,37.47,435835
2018-02-08 15:30:00,37.47,37.53,36.79,36.82,999954
2018-02-09 09:30:00,37.33,37.88,37.23,37.46,402285
2018-02-09 10:30:00,37.45,37.48,36.82,37.225,356124
2018-02-09 11:30:00,37.23,37.38,36.58,36.62,302856
2018-02-09 12:30:00,36.59,36.84,36.31,36.43,271649
2018-02-09 13:30:00,36.4,37.32,36.23,37.03,425702
2018-02-09 14:30:00,37.01,37.37,36.825,37.29,442601
2018-02-09 15:30:00,37.27,38.02,37.26,37.66,777925
2018-02-12 09:30:00,37.92,38.75,37.92,38.26,427273
2018-02-12 10:30:00,38.26,38.38,38.0999,38.29,285140
2018-02-12 11:30:00,38.29,38.66,38.19,38.55,220019
2018-02-12 12:30:00,38.55,38.56,38.36,38.54,183392
2018-02-12 13:30:00,38.54,38.72,38.48,38.63,183267
2018-02-12 14:30:00,38.63,38.8399,38.5,38.755,283010
2018-02-12 15:30:00,38.76,38.81,38.51,38.61,646137
2018-02-13 09:30:00,38.77,39.13,37.815,37.815,322819
2018-02-13 10:30:00,37.81,38.01,37.63,37.64,241060
2018-02-13 11:30:00,37.635,37.76,37.56,37.62,178373
2018-02-13 12:30:00,37.63,37.86,37.54,37.83,418145
2018-02-13 13:30:00,37.83,38.0,37.71,37.94,322006
2018-02-13 14:30:00,37.94,37.9799,37.82,37.96,263289
2018-02-13 15:30:00,37.97,38.04,37.86,37.91,417024
2018-04-20 09:30:00,37.02,37.62,37.01,37.39,568470
2018-04-20 10:30:00,37.38,37.51,36.85,36.85,268833
2018-04-20 11:30:00,36.86,37.07,36.83,36.84,215745
2018-04-20 12:30:00,36.84,37.06,36.77,37.06,299242
2018-04-20 13:30:00,37.06,37.12,37.01,37.0752,202537
2018-04-20 14:30:00,37.07,37.08,36.83,36.88,466955
2018-04-20 15:30:00,36.89,37.06,36.88,37.03,485842
2018-04-23 09:30:00,37.21,37.47,36.85,37.1,391451
2018-04-23 10:30:00,37.1,37.2,37.04,37.19,487114
2018-04-23 11:30:00,37.19,37.19,36.9,36.96,290957
2018-04-23 12:30:00,36.95,36.99,36.73,36.89,406449
2018-04-23 13:30:00,36.89,36.93,36.66,36.75,270604
2018-04-23 14:30:00,36.75,36.81,36.65,36.72,385836
2018-04-23 15:30:00,36.71,36.87,36.64,36.75,797671
2018-04-24 09:30:00,40.11,41.49,40.06,40.882,3500524
2018-04-24 10:30:00,40.88,40.99,40.51,40.905,1068478
2018-04-24 11:30:00,40.905,41.13,40.52,40.57,911097
2018-04-24 12:30:00,40.57,40.5826,40.23,40.24,582456
2018-04-24 13:30:00,40.23,40.31,39.85,39.86,683078
2018-04-24 14:30:00,39.855,40.0,39.74,39.78,720501
2018-04-24 15:30:00,39.775,40.6171,39.62,40.1,1165425
2018-04-25 09:30:00,39.96,40.1,38.58,39.14,766533
2018-04-25 10:30:00,39.14,39.7128,38.97,39.665,494496
2018-04-25 11:30:00,39.66,39.71,39.34,39.54,496789
2018-04-25 12:30:00,39.54,39.65,39.505,39.57,327536
2018-04-25 13:30:00,39.57,39.69,39.4,39.44,305122
2018-04-25 14:30:00,39.45,39.68,39.405,39.56,363466
2018-04-25 15:30:00,39.57,39.58,39.4,39.56,610020
2018-04-26 09:30:00,39.85,40.4,39.29,40.305,511183
2018-04-26 10:30:00,40.3,40.48,40.17,40.23,304465
2018-04-26 11:30:00,40.23,40.25,39.88,40.09,263314
2018-04-26 12:30:00,40.09,40.1455,39.97,40.04,205544
2018-04-26 13:30:00,40.0492,40.1774,39.98,40.09,267966
2018-04-26 14:30:00,40.0735,40.14,39.96,39.97,320816
2018-04-26 15:30:00,39.98,39.99,39.81,39.89,912028
2018-04-27 09:30:00,40.02,40.19,39.8,39.9285,769833
2018-04-27 10:30:00,39.9,40.22,39.8,40.22,481432
2018-04-27 11:30:00,40.22,40.22,39.95,40.01,201635
2018-04-27 12:30:00,40.01,40.16,39.9,39.965,216162
2018-04-27 13:30:00,39.96,40.085,39.9,40.08,189732
2018-04-27 14:30:00,40.08,40.12,39.885,39.93,314758
2018-04-27 15:30:00,39.94,40.01,39.89,39.97,480766
2018-04-30 09:30:00,40.1,40.3,40.01,40.28,260241
2018-04-30 10:30:00,40.27,40.36,40.18,40.3047,278059
2018-04-30 11:30:00,40.3,40.31,39.96,40.095,816213
2018-04-30 12:30:00,40.09,40.15,39.99,40.13,319452
2018-04-30 13:30:00,40.12,40.17,40.05,40.15,207415
2018-04-30 14:30:00,40.14,40.17,40.01,40.1,317640
2018-04-30 15:30:00,40.08,40.2,40.06,40.06,463789
2018-05-07 09:30:00,40.84,41.24,40.84,41.23,258915
2018-05-07 10:30:00,41.22,41.27,41.0652,41.114,172973
2018-05-07 11:30:00,41.11,41.13,41.06,41.06,169018
2018-05-07 12:30:00,41.06,41.07,41.0008,41.05,135995
2018-05-07 13:30:00,41.06,41.1,41.0,41.06,166630
2018-05-07 14:30:00,41.055,41.09,40.95,41.0401,366021
2018-05-07 15:30:00,41.04,41.1,41.0,41.06,342523
2018-05-08 09:30:00,40.89,41.2,40.85,40.96,230067
2018-05-08 10:30:00,40.97,41.085,40.84,40.93,653665
2018-05-08 11:30:00,40.92,40.93,40.785,40.845,376764
2018-05-08 12:30:00,40.85,40.87,40.76,40.77,333587
2018-05-08 13:30:00,40.78,40.95,40.66,40.84,672337
2018-05-08 14:30:00,40.85,40.93,40.69,40.81,392228
2018-05-08 15:30:00,40.81,40.91,40.72,40.91,773067
2018-05-09 09:30:00,40.73,41.22,40.73,41.035,192824
2018-05-09 10:30:00,41.04,41.255,40.99,41.255,174097
2018-05-09 11:30:00,41.25,41.53,41.25,41.51,136307
2018-05-09 12:30:00,41.52,41.69,41.44,41.69,121409
2018-05-09 13:30:00,41.69,41.84,41.65,41.83,150931
2018-05-09 14:30:00,41.84,41.89,41.72,41.77,233906
2018-05-09 15:30:00,41.775,41.81,41.71,41.76,362730
2018-05-10 09:30:00,41.57,41.96,41.56,41.88,254253
2018-05-10 10:30:00,41.89,42.2306,41.84,42.06,400134
2018-05-10 11:30:00,42.05,42.2107,41.99,42.19,214985
2018-05-10 12:30:00,42.18,42.26,42.17,42.24,189121
2018-05-10 13:30:00,42.23,42.28,42.05,42.26,190283
2018-05-10 14:30:00,42.255,42.27,42.12,42.18,107407
2018-05-10 15:30:00,42.19,42.25,42.14,42.24,427372
2018-05-11 09:30:00,42.25,42.47,42.12,42.37,268749
2018-05-11 10:30:00,42.365,42.4,42.22,42.24,176463
2018-05-11 11:30:00,42.24,42.25,42.06,42.16,220624
2018-05-11 12:30:00,42.14,42.42,42.08,42.22,256136
2018-05-11 13:30:00,42.21,42.22,42.1,42.18,98806
2018-05-11 14:30:00,42.18,42.26,42.18,42.24,183704
2018-05-11 15:30:00,42.24,42.28,42.21,42.26,314318
2018-05-14 09:30:00,42.37,42.54,42.13,42.255,766856
2018-05-14 10:30:00,42.25,42.36,42.2,42.29,277251
2018-05-14 11:30:00,42.27,42.41,42.1,42.33,220015
2018-05-14 12:30:00,42.31,42.33,42.0,42.07,593359
2018-05-14 13:30:00,42.07,42.155,42.01,42.1,497578
2018-05-14 14:30:00,42.0848,42.22,42.05,42.1654,232748
2018-05-14 15:30:00,42.15,42.2,42.1,42.2,596679
2018-05-15 09:30:00,41.83,41.96,41.27,41.31,230906
2018-05-15 10:30:00,41.29,41.46,41.24,41.24,317821
2018-05-15 11:30:00,41.24,41.35,41.1,41.19,355308
2018-05-15 12:30:00,41.19,41.27,41.06,41.22,320990
2018-05-15 13:30:00,41.22,41.25,40.95,41.08,268427
2018-05-15 14:30:00,41.07,41.24,40.95,40.99,362704
2018-05-15 15:30:00,40.99,41.12,40.92,41.09,1014723
2018-07-20 09:30:00,44.92,45.595,44.92,45.32,281003
2018-07-20 10:30:00,45.32,45.38,45.17,45.2896,84834
2018-07-20 11:30:00,45.29,45.36,45.2,45.265,94523
2018-07-20 12:30:00,45.27,45.27,45.165,45.27,115759
2018-07-20 13:30:00,45.28,45.34,45.165,45.2,116470
2018-07-20 14:30:00,45.21,45.22,45.12,45.195,159113
2018-07-20 15:30:00,45.195,45.2227,45.09,45.14,194396
2018-07-23 09:30:00,44.98,45.1,44.81,45.0,191588
2018-07-23 10:30:00,44.98,45.1,44.95,44.97,103880
2018-07-23 11:30:00,44.96,45.16,44.96,45.09,75450
2018-07-23 12:30:00,45.07,45.13,44.94,44.96,67264
2018-07-23 13:30:00,44.96,45.15,44.9572,45.13,168992
2018-07-23 14:30:00,45.12,45.17,45.03,45.07,118823
2018-07-23 15:30:00,45.07,45.22,45.03,45.15,408452
2018-07-24 09:30:00,45.8,46.55,45.61,46.45,817519
2018-07-24 10:30:00,46.441,46.45,45.83,45.98,531808
2018-07-24 11:30:00,45.98,46.0283,45.73,45.8,258263
2018-07-24 12:30:00,45.7878,45.87,45.34,45.43,256922
2018-07-24 13:30:00,45.44,45.625,45.23,45.43,258424
2018-07-24 14:30:00,45.43,45.56,45.41,45.47,305445
2018-07-24 15:30:00,45.47,45.8705,45.36,45.5,480122
2018-07-25 09:30:00,45.6,46.12,45.34,45.97,292748
2018-07-25 10:30:00,45.98,46.08,45.9372,46.05,294442
2018-07-25 11:30:00,46.05,46.45,45.96,46.41,221473
2018-07-25 12:30:00,46.4,46.51,46.37,46.39,124444
2018-07-25 13:30:00,46.395,46.5,46.37,46.46,154405
2018-07-25 14:30:00,46.465,46.54,46.39,46.41,243537
2018-07-25 15:30:00,46.41,46.82,46.4,46.8,783760
2018-07-26 09:30:00,46.84,48.26,46.44,46.54,337875
2018-07-26 10:30:00,46.54,46.795,46.53,46.76,174434
2018-07-26 11:30:00,46.76,46.76,46.42,46.44,139321
2018-07-26 12:30:00,46.45,46.63,46.3886,46.63,140703
2018-07-26 13:30:00,46.63,46.69,46.55,46.58,199926
2018-07-26 14:30:00,46.59,46.59,46.32,46.43,226621
2018-07-26 15:30:00,46.41,46.5695,46.23,46.27,437678
2018-07-27 09:30:00,46.25,46.45,45.74,45.76,193018
2018-07-27 10:30:00,45.78,45.87,45.4,45.4,167729
2018-07-27 11:30:00,45.42,45.61,45.32,45.33,97709
2018-07-27 12:30:00,45.33,45.34,44.82,44.935,198312
2018-07-27 13:30:00,44.92,45.2007,44.89,45.05,154065
2018-07-27 14:30:00,45.0599,45.26,44.99,45.2199,141988
2018-07-27 15:30:00,45.19,45.323,45.13,45.24,355624
2018-07-30 09:30:00,44.77,45.29,44.6,44.71,208358
2018-07-30 10:30:00,44.7,44.7,44.29,44.3599,156226
2018-07-30 11:30:00,44.36,44.42,44.11,44.155,114476
2018-07-30 12:30:00,44.17,44.27,43.91,44.26,121746
2018-07-30 13:30:00,44.27,44.4,44.18,44.29,196210
2018-07-30 14:30:00,44.3,44.315,44.01,44.015,210778
2018-07-30 15:30:00,44.015,44.16,43.86,43.92,502134
2018-08-13 09:30:00,45.31,45.68,45.2,45.56,106754
2018-08-13 10:30:00,45.56,45.61,45.19,45.2,111504
2018-08-13 11:30:00,45.2149,45.53,45.07,45.31,331862
2018-08-13 12:30:00,45.31,45.44,45.2775,45.43,205975
2018-08-13 13:30:00,45.44,45.51,45.358,45.46,116880
2018-08-13 14:30:00,45.46,45.48,45.29,45.33,181114
2018-08-13 15:30:00,45.33,45.42,45.31,45.37,280992
2018-08-14 09:30:00,45.66,45.82,45.42,45.6192,194383
2018-08-14 10:30:00,45.63,45.94,45.61,45.89,141598
2018-08-14 11:30:00,45.89,46.08,45.425,46.046,199466
2018-08-14 12:30:00,46.06,46.1,45.88,45.92,79511
2018-08-14 13:30:00,45.91,46.02,45.88,45.9,83039
2018-08-14 14:30:00,45.91,46.0,45.88,45.985,98027
2018-08-14 15:30:00,45.9878,46.06,45.867,45.99,284786
2018-08-15 09:30:00,45.61,45.82,45.1,45.15,261585
2018-08-15 10:30:00,45.15,45.45,45.1,45.41,177668
2018-08-15 11:30:00,45.42,45.47,45.23,45.39,139570
2018-08-15 12:30:00,45.39,45.49,45.26,45.27,135135
2018-08-15 13:30:00,45.27,45.41,45.19,45.2,165326
2018-08-15 14:30:00,45.2,45.465,45.165,45.43,146278
2018-08-15 15:30:00,45.43,45.54,45.4,45.44,224523
2018-08-16 09:30:00,45.58,45.71,45.28,45.53,128980
2018-08-16 10:30:00,45.53,45.6,45.42,45.56,194339
2018-08-16 11:30:00,45.56,45.74,45.5346,45.64,181618
2018-08-16 12:30:00,45.62,45.635,45.5,45.505,144467
2018-08-16 13:30:00,45.5,45.54,45.42,45.42,123955
2018-08-16 14:30:00,45.41,45.46,45.33,45.3975,144374
2018-08-16 15:30:00,45.3999,45.5379,45.27,45.38,300650
2018-08-17 09:30:00,45.22,45.38,44.9102,44.92,209432
2018-08-17 10:30:00,44.915,45.01,44.83,44.92,120661
2018-08-17 11:30:00,44.92,45.04,44.898,44.959,73723
2018-08-17 12:30:00,44.96,44.98,44.691,44.71,139589
2018-08-17 13:30:00,44.71,45.1,44.71,45.05,93583
2018-08-17 14:30:00,45.07,45.16,45.03,45.12,82119
2018-08-17 15:30:00,45.12,45.225,45.11,45.17,183416
2018-08-20 09:30:00,45.2,45.37,45.02,45.05,178213
2018-08-20 10:30:00,45.04,45.0914,44.83,44.92,131314
2018-08-20 11:30:00,44.925,45.1,44.92,45.07,95346
2018-08-20 12:30:00,45.08,45.1,45.0,45.06,74803
2018-08-20 13:30:00,45.06,45.16,45.01,45.125,81874
2018-08-20 14:30:00,45.13,45.135,45.05,45.1,173507
2018-08-20 15:30:00,45.09,45.12,45.04,45.075,212552
2018-08-21 09:30:00,45.12,45.53,45.05,45.47,150457
2018-08-21 10:30:00,45.48,45.5,45.37,45.46,146400
2018-08-21 11:30:00,45.46,45.64,45.46,45.52,144352
2018-08-21 12:30:00,45.52,45.62,45.49,45.49,102567
2018-08-21 13:30:00,45.5,45.51,45.44,45.465,159847
2018-08-21 14:30:00,45.47,45.48,45.345,45.42,157701
2018-08-21 15:30:00,45.42,45.45,45.37,45.39,275048
2018-08-22 09:30:00,45.4,45.61,45.25,45.48,117735
2018-08-22 10:30:00,45.5,45.74,45.5,45.73,98942
2018-08-22 11:30:00,45.73,45.83,45.7,45.73,72358
2018-08-22 12:30:00,45.73,45.76,45.66,45.73,43385
2018-08-22 13:30:00,45.73,45.77,45.68,45.695,74249
2018-08-22 14:30:00,45.695,45.78,45.69,45.76,54592
2018-08-22 15:30:00,45.77,45.8,45.73,45.76,154334
2018-08-23 09:30:00,45.62,46.62,45.58,46.61,354604
2018-08-23 10:30:00,46.63,46.735,46.2,46.28,173970
2018-08-23 11:30:00,46.28,46.37,46.1401,46.37,97120
2018-08-23 12:30:00,46.37,46.4,46.24,46.29,73600
2018-08-23 13:30:00,46.29,46.49,46.27,46.49,115427
2018-08-23 14:30:00,46.485,46.52,46.4,46.425,155622
2018-08-23 15:30:00,46.43,46.4403,46.32,46.36,307170
2018-10-19 09:30:00,40.14,40.72,40.14,40.49,330695
2018-10-19 10:30:00,40.5003,40.66,40.25,40.3,219666
2018-10-19 11:30:00,40.29,40.32,39.97,40.06,400556
2018-10-19 12:30:00,40.05,40.3,39.97,40.2,426352
2018-10-19 13:30:00,40.2,40.24,40.03,40.15,292707
2018-10-19 14:30:00,40.15,40.3398,40.13,40.3,234952
2018-10-19 15:30:00,40.29,40.3,40.09,40.12,505466
2018-10-22 09:30:00,40.29,40.69,40.14,40.2722,479760
2018-10-22 10:30:00,40.27,40.67,40.23,40.62,382611
2018-10-22 11:30:00,40.62,40.72,40.29,40.52,264517
2018-10-22 12:30:00,40.52,40.82,40.52,40.65,245183
2018-10-22 13:30:00,40.65,40.76,40.61,40.63,267576
2018-10-22 14:30:00,40.635,40.74,40.615,40.7,286477
2018-10-22 15:30:00,40.7,40.79,40.55,40.62,755937
2018-10-23 09:30:00,43.9,44.95,43.0,44.57,2015426
2018-10-23 10:30:00,44.56,45.15,44.44,45.085,1087828
2018-10-23 11:30:00,45.081,45.48,45.05,45.47,861336
2018-10-23 12:30:00,45.48,46.06,45.4532,45.95,900751
2018-10-23 13:30:00,45.96,46.49,45.79,46.48,731404
2018-10-23 14:30:00,46.5,47.03,46.39,46.88,998449
2018-10-23 15:30:00,46.87,47.035,45.5508,46.85,1416662
2018-10-24 09:30:00,46.47,46.9,46.0,46.42,984844
2018-10-24 10:30:00,46.42,46.46,45.68,45.7,678588
2018-10-24 11:30:00,45.715,46.32,45.6,46.11,715521
2018-10-24 12:30:00,46.0969,46.1699,45.72,45.83,643294
2018-10-24 13:30:00,45.835,45.95,45.58,45.91,681802
2018-10-24 14:30:00,45.91,45.93,45.38,45.41,789423
2018-10-24 15:30:00,45.4,45.51,45.11,45.12,1368118
2018-10-25 09:30:00,45.57,46.4,45.49,46.18,475680
2018-10-25 10:30:00,46.18,46.69,46.04,46.65,373599
2018-10-25 11:30:00,46.64,46.71,46.34,46.53,299730
2018-10-25 12:30:00,46.53,46.93,46.47,46.905,287204
2018-10-25 13:30:00,46.91,46.98,46.73,46.8,411229
2018-10-25 14:30:00,46.81,46.96,46.53,46.6,465344
2018-10-25 15:30:00,46.6,46.63,46.31,46.53,755902
2018-10-26 09:30:00,45.24,46.07,45.11,45.74,323161
2018-10-26 10:30:00,45.745,46.06,45.38,45.98,279245
2018-10-26 11:30:00,46.01,46.2,45.85,46.0732,278165
2018-10-26 12:30:00,46.1,46.52,46.04,46.2,220231
2018-10-26 13:30:00,46.19,46.2583,45.77,45.97,222620
2018-10-26 14:30:00,45.96,46.02,45.43,45.61,314297
2018-10-26 15:30:00,45.61,45.8944,45.395,45.52,703561
2018-10-29 09:30:00,46.41,46.53,45.93,45.936,324169
2018-10-29 10:30:00,45.92,45.925,45.05,45.19,445406
2018-10-29 11:30:00,45.18,45.24,44.63,44.7,369718
2018-10-29 12:30:00,44.68,44.96,44.49,44.79,294439
2018-10-29 13:30:00,44.8,44.95,44.39,44.4,294321
2018-10-29 14:30:00,44.4,44.57,43.84,43.87,408932
2018-10-29 15:30:00,43.87,44.33,43.49,44.31,640290
2018-11-12 09:30:00,45.99,45.99,45.3,45.32,152425
2018-11-12 10:30:00,45.31,45.3656,44.69,44.77,291444
2018-11-12 11:30:00,44.8362,45.34,44.79,45.31,179642
2018-11-12 12:30:00,45.315,45.32,44.96,45.165,389257
2018-11-12 13:30:00,45.1775,45.58,45.1135,45.49,270504
2018-11-12 14:30:00,45.5,45.51,45.1,45.27,204667
2018-11-12 15:30:00,45.26,45.265,44.77,44.82,356754
2018-11-13 09:30:00,45.01,45.42,44.66,44.85,139355
2018-11-13 10:30:00,44.81,45.83,44.81,45.6,321578
2018-11-13 11:30:00,45.6,45.65,45.27,45.29,114657
2018-11-13 12:30:00,45.27,45.3414,44.92,45.03,85951
2018-11-13 13:30:00,45.03,45.17,44.64,44.8,108894
2018-11-13 14:30:00,44.78,44.82,44.51,44.6,176647
2018-11-13 15:30:00,44.59,44.7,44.47,44.59,230462
2018-11-14 09:30:00,45.08,45.59,44.91,45.1,221417
2018-11-14 10:30:00,45.12,45.19,44.69,44.79,101977
2018-11-14 11:30:00,44.775,44.84,44.39,44.65,83196
2018-11-14 12:30:00,44.64,44.73,44.48,44.59,113798
2018-11-14 13:30:00,44.56,44.62,44.25,44.45,96935
2018-11-14 14:30:00,44.44,44.91,44.4,44.72,136419
2018-11-14 15:30:00,44.72,44.72,44.34,44.42,229522
2018-11-15 09:30:00,44.16,44.72,44.0035,44.58,322322
2018-11-15 10:30:00,44.5738,44.99,44.31,44.95,153805
2018-11-15 11:30:00,44.93,45.14,44.83,45.06,171064
2018-11-15 12:30:00,45.08,45.31,44.83,45.3,134120
2018-11-15 13:30:00,45.3,45.52,45.25,45.51,148344
2018-11-15 14:30:00,45.52,45.58,45.18,45.24,251892
2018-11-15 15:30:00,45.24,45.56,45.24,45.54,206995
2018-11-16 09:30:00,45.4,45.85,45.12,45.68,401918
2018-11-16 10:30:00,45.67,45.76,45.24,45.53,161455
2018-11-16 11:30:00,45.53,45.59,45.21,45.39,151654
2018-11-16 12:30:00,45.37,46.04,45.33,45.5499,189889
2018-11-16 13:30:00,45.55,45.63,45.39,45.61,131844
2018-11-16 14:30:00,45.61,45.89,45.6094,45.85,199969
2018-11-16 15:30:00,45.85,45.945,45.73,45.76,368428
2018-11-19 09:30:00,45.6,45.69,43.68,43.71,294709
2018-11-19 10:30:00,43.7221,43.92,43.42,43.535,239096
2018-11-19 11:30:00,43.53,43.54,43.1,43.23,235245
2018-11-19 12:30:00,43.24,43.42,42.98,43.0232,153354
2018-11-19 13:30:00,43.02,43.33,42.9,43.1409,173742
2018-11-19 14:30:00,43.13,43.3,42.99,43.1,236997
2018-11-19 15:30:00,43.095,43.13,42.66,42.77,435912
2018-11-20 09:30:00,42.4,43.41,41.8421,42.69,345157
2018-11-20 10:30:00,42.69,43.25,42.6,42.79,252050
2018-11-20 11:30:00,42.79,43.21,42.77,43.04,283098
2018-11-20 12:30:00,43.036,43.115,42.59,42.745,235585
2018-11-20 13:30:00,42.74,42.84,42.48,42.55,228239
2018-11-20 14:30:00,42.55,42.79,42.4,42.7,323351
2018-11-20 15:30:00,42.7,42.8,42.58,42.68,345574
2019-01-24 09:30:00,45.18,45.92,45.18,45.67,121315
2019-01-24 10:30:00,45.67,45.68,45.38,45.67,101467
2019-01-24 11:30:00,45.68,45.895,45.65,45.808,102819
2019-01-24 12:30:00,45.82,45.88,45.6292,45.71,81983
2019-01-24 13:30:00,45.71,46.13,45.6965,45.92,170929
2019-01-24 14:30:00,45.91,45.97,45.8,45.805,125032
2019-01-24 15:30:00,45.805,45.98,45.78,45.94,248458
2019-01-25 09:30:00,46.48,46.55,46.22,46.45,148715
2019-01-25 10:30:00,46.46,46.64,46.45,46.59,99313
2019-01-25 11:30:00,46.58,46.71,46.49,46.685,65398
2019-01-25 12:30:00,46.68,46.73,46.499,46.69,71513
2019-01-25 13:30:00,46.67,46.74,46.56,46.58,93327
2019-01-25 14:30:00,46.59,46.69,46.54,46.57,96262
2019-01-25 15:30:00,46.575,46.61,46.505,46.58,204850
2019-01-28 09:30:00,45.96,46.41,45.17,46.39,121424
2019-01-28 10:30:00,46.37,46.38,46.1,46.29,85647
2019-01-28 11:30:00,46.32,46.32,45.96,46.13,93129
2019-01-28 12:30:00,46.13,46.39,46.06,46.33,93482
2019-01-28 13:30:00,46.3235,46.38,46.16,46.2,91502
2019-01-28 14:30:00,46.2,46.33,46.14,46.255,98822
2019-01-28 15:30:00,46.26,46.46,46.25,46.46,209235
2019-01-29 09:30:00,46.45,46.59,46.25,46.4,77689
2019-01-29 10:30:00,46.43,46.45,45.97,46.205,180834
2019-01-29 11:30:00,46.215,46.48,46.2,46.45,79060
2019-01-29 12:30:00,46.44,46.5,46.37,46.495,59347
2019-01-29 13:30:00,46.5,46.55,46.31,46.31,85258
2019-01-29 14:30:00,46.315,46.42,46.215,46.4022,134313
2019-01-29 15:30:00,46.41,46.47,46.29,46.3,233801
2019-01-30 09:30:00,46.53,46.68,46.27,46.47,140403
2019-01-30 10:30:00,46.48,46.545,46.41,46.43,105177
2019-01-30 11:30:00,46.425,46.83,46.39,46.75,93131
2019-01-30 12:30:00,46.746,46.77,46.53,46.58,67371
2019-01-30 13:30:00,46.58,47.2,46.5636,47.1,236258
2019-01-30 14:30:00,47.1,47.59,47.06,47.46,457666
2019-01-30 15:30:00,47.45,47.58,47.34,47.47,399147
2019-01-31 09:30:00,47.5,47.84,47.48,47.83,196675
2019-01-31 10:30:00,47.83,48.17,47.8183,47.99,331878
2019-01-31 11:30:00,47.99,48.16,47.92,48.06,168192
2019-01-31 12:30:00,48.06,48.09,47.9,47.97,143071
2019-01-31 13:30:00,47.98,48.13,47.9,48.0,224699
2019-01-31 14:30:00,48.0,48.11,47.87,47.88,299513
2019-01-31 15:30:00,47.88,48.07,47.85,48.04,425656
2019-02-01 09:30:00,48.05,48.69,47.98,48.61,304065
2019-02-01 10:30:00,48.63,48.66,48.35,48.625,130508
2019-02-01 11:30:00,48.62,48.81,48.5,48.55,138347
2019-02-01 12:30:00,48.55,48.57,48.405,48.53,134103
2019-02-01 13:30:00,48.53,48.57,48.32,48.4187,116998
2019-02-01 14:30:00,48.43,48.65,48.37,48.64,151662
2019-02-01 15:30:00,48.63,48.72,48.6084,48.67,239849
2019-02-11 09:30:00,51.0,51.45,50.9133,51.04,283654
2019-02-11 10:30:00,51.05,51.15,50.81,50.92,301748
2019-02-11 11:30:00,50.91,51.02,50.74,50.9,191593
2019-02-11 12:30:00,50.91,50.91,50.75,50.75,114628
2019-02-11 13:30:00,50.74,50.93,50.72,50.86,103616
2019-02-11 14:30:00,50.86,50.94,50.7,50.82,130032
2019-02-11 15:30:00,50.81,50.91,50.76,50.84,197858
2019-02-12 09:30:00,51.31,51.7,50.98,51.4,246373
2019-02-12 10:30:00,51.41,51.72,51.27,51.71,184656
2019-02-12 11:30:00,51.7161,51.8,51.65,51.7,136352
2019-02-12 12:30:00,51.71,51.82,51.66,51.81,103983
2019-02-12 13:30:00,51.81,52.12,51.8,52.059,242494
2019-02-12 14:30:00,52.05,52.15,52.01,52.12,192444
2019-02-12 15:30:00,52.125,52.18,51.7878,52.12,367767
2019-02-13 09:30:00,52.25,52.39,51.57,51.66,372820
2019-02-13 10:30:00,51.665,51.8,51.37,51.45,289205
2019-02-13 11:30:00,51.445,51.5,51.26,51.27,240766
2019-02-13 12:30:00,51.275,51.41,51.2,51.405,151791
2019-02-13 13:30:00,51.405,51.55,51.3856,51.545,118005
2019-02-13 14:30:00,51.545,51.67,51.545,51.6,149710
2019-02-13 15:30:00,51.61,51.6475,51.34,51.37,271585
2019-02-14 09:30:00,51.32,51.79,51.01,51.75,207061
2019-02-14 10:30:00,51.75,51.9,51.6,51.66,249285
2019-02-14 11:30:00,51.6501,51.87,51.5731,51.87,111382
2019-02-14 12:30:00,51.88,51.88,51.72,51.7453,63755
2019-02-14 13:30:00,51.75,51.81,51.57,51.76,61717
2019-02-14 14:30:00,51.76,51.785,51.59,51.625,151371
2019-02-14 15:30:00,51.625,51.815,51.62,51.66,262847
2019-02-15 09:30:00,52.09,52.31,51.7,52.2999,584554
2019-02-15 10:30:00,52.3,52.48,52.05,52.13,374846
2019-02-15 11:30:00,52.14,52.29,52.09,52.245,100007
2019-02-15 12:30:00,52.23,52.2466,52.13,52.13,123798
2019-02-15 13:30:00,52.14,52.405,52.14,52.325,164723
2019-02-15 14:30:00,52.329,52.48,52.329,52.455,192412
2019-02-15 15:30:00,52.46,52.6,52.2749,52.57,398914
2019-02-19 09:30:00,52.34,52.5,52.14,52.38,705483
2019-02-19 10:30:00,52.3701,52.45,52.28,52.32,346292
2019-02-19 11:30:00,52.33,52.67,52.31,52.63,231110
2019-02-19 12:30:00,52.63,52.78,52.59,52.65,296372
2019-02-19 13:30:00,52.64,52.725,52.59,52.65,200181
2019-02-19 14:30:00,52.65,52.71,52.52,52.57,302866
2019-02-19 15:30:00,52.57,52.69,52.5433,52.65,521362
2019-03-06 09:30:00,58.9,59.18,58.69,58.8701,411973
2019-03-06 10:30:00,58.88,58.94,58.63,58.69,193774
2019-03-06 11:30:00,58.69,58.78,58.43,58.65,189473
2019-03-06 12:30:00,58.64,58.76,58.48,58.52,126031
2019-03-06 13:30:00,58.52,58.825,58.5138,58.745,253960
2019-03-06 14:30:00,58.745,58.7761,58.45,58.465,167042
2019-03-06 15:30:00,58.469,58.59,58.455,58.51,218144
2019-03-07 09:30:00,58.38,58.64,58.21,58.36,274171
2019-03-07 10:30:00,58.36,58.59,58.23,58.54,179141
2019-03-07 11:30:00,58.55,58.78,58.5475,58.684,139158
2019-03-07 12:30:00,58.69,58.83,58.58,58.62,93065
2019-03-07 13:30:00,58.6375,58.69,58.47,58.49,173321
2019-03-07 14:30:00,58.49,58.585,58.25,58.48,252097
2019-03-07 15:30:00,58.47,58.89,58.47,58.77,719094
2019-03-08 09:30:00,58.13,58.48,57.7263,58.47,374061
2019-03-08 10:30:00,58.47,59.05,58.42,58.94,208759
2019-03-08 11:30:00,58.93,59.0021,58.62,58.78,179304
2019-03-08 12:30:00,58.77,58.7981,58.65,58.7981,128262
2019-03-08 13:30:00,58.78,58.98,58.74,58.89,181304
2019-03-08 14:30:00,58.9,59.035,58.88,58.88,197965
2019-03-08 15:30:00,58.88,59.17,58.7922,59.16,332002
2019-03-11 09:30:00,59.33,59.93,59.17,59.68,295293
2019-03-11 10:30:00,59.66,59.8606,59.57,59.84,179600
2019-03-11 11:30:00,59.85,59.98,59.73,59.895,319108
2019-03-11 12:30:00,59.9,59.97,59.72,59.85,151554
2019-03-11 13:30:00,59.86,59.95,59.79,59.83,134514
2019-03-11 14:30:00,59.83,60.0,59.83,59.94,222550
2019-03-11 15:30:00,59.94,59.98,59.85,59.95,301141
2019-03-12 09:30:00,60.0,60.51,59.86,60.45,324697
2019-03-12 10:30:00,60.45,60.69,60.27,60.3,213099
2019-03-12 11:30:00,60.31,60.53,60.27,60.485,192669
2019-03-12 12:30:00,60.47,60.515,60.42,60.46,113077
2019-03-12 13:30:00,60.46,60.67,60.39,60.59,138923
2019-03-12 14:30:00,60.59,60.66,60.47,60.555,218540
2019-03-12 15:30:00,60.55,60.7,60.4911,60.62,374968
2019-03-13 09:30:00,61.265,61.29,60.79,61.095,337607
2019-03-13 10:30:00,61.11,61.38,61.06,61.33,339516
2019-03-13 11:30:00,61.32,61.43,61.2,61.27,139703
2019-03-13 12:30:00,61.27,61.27,61.1,61.12,115739
2019-03-13 13:30:00,61.12,61.23,60.87,61.125,258363
2019-03-13 14:30:00,61.12,61.16,60.0,60.79,289715
2019-03-13 15:30:00,60.79,60.835,60.63,60.66,315542
2019-03-14 09:30:00,60.76,61.15,60.6,61.135,244175
2019-03-14 10:30:00,61.13,61.3499,61.05,61.2649,187806
2019-03-14 11:30:00,61.26,61.4,61.165,61.29,152379
2019-03-14 12:30:00,61.29,61.38,61.17,61.26,120224
2019-03-14 13:30:00,61.258,61.2806,61.1,61.13,123663
2019-03-14 14:30:00,61.13,61.22,61.04,61.16,174570
2019-03-14 15:30:00,61.16,61.23,61.1,61.16,356555
2019-04-25 09:30:00,68.11,68.44,66.8,67.07,499388
2019-04-25 10:30:00,67.04,67.49,66.86,67.225,223754
2019-04-25 11:30:00,67.23,67.26,66.72,66.73,228874
2019-04-25 12:30:00,66.735,67.09,66.68,67.04,171358
2019-04-25 13:30:00,67.04,67.43,67.01,67.29,164002
2019-04-25 14:30:00,67.3,67.5,67.3,67.41,189310
2019-04-25 15:30:00,67.42,67.62,67.2013,67.47,338113
2019-04-26 09:30:00,67.5,67.9,66.84,67.57,311917
2019-04-26 10:30:00,67.5678,67.87,67.51,67.75,232326
2019-04-26 11:30:00,67.75,67.9464,67.73,67.9,156207
2019-04-26 12:30:00,67.9062,67.99,67.71,67.88,162099
2019-04-26 13:30:00,67.87,68.04,67.78,67.92,199751
2019-04-26 14:30:00,67.92,68.11,67.88,68.085,207556
2019-04-26 15:30:00,68.08,68.25,68.05,68.22,311799
2019-04-29 09:30:00,68.57,68.87,67.9193,68.35,354703
2019-04-29 10:30:00,68.37,68.5507,68.21,68.35,232699
2019-04-29 11:30:00,68.35,68.43,68.099,68.15,154297
2019-04-29 12:30:00,68.16,68.26,68.05,68.17,120308
2019-04-29 13:30:00,68.17,68.325,68.03,68.28,146130
2019-04-29 14:30:00,68.28,68.28,68.13,68.15,167884
2019-04-29 15:30:00,68.15,68.26,68.115,68.18,232071
2019-04-30 09:30:00,68.18,68.98,68.15,68.7,391790
2019-04-30 10:30:00,68.7,68.88,68.39,68.51,225430
2019-04-30 11:30:00,68.5,69.01,68.495,68.93,218742
2019-04-30 12:30:00,68.92,69.03,68.74,68.85,151950
2019-04-30 13:30:00,68.84,69.21,68.83,68.9963,161379
2019-04-30 14:30:00,69.0016,69.17,68.9777,69.055,156495
2019-04-30 15:30:00,69.06,69.44,68.8745,69.37,445046
2019-05-01 09:30:00,69.6,70.0,68.46,68.74,363058
2019-05-01 10:30:00,68.75,69.345,68.63,69.33,203250
2019-05-01 11:30:00,69.34,69.59,69.1,69.28,181222
2019-05-01 12:30:00,69.25,69.3,69.0,69.025,107002
2019-05-01 13:30:00,69.025,69.3,68.92,69.2102,132314
2019-05-01 14:30:00,69.23,69.33,68.75,68.84,190505
2019-05-01 15:30:00,68.84,68.8649,68.53,68.55,313819
2019-05-02 09:30:00,68.55,69.33,68.2,69.015,301365
2019-05-02 10:30:00,69.01,69.4099,68.64,68.76,221044
2019-05-02 11:30:00,68.76,69.44,68.52,69.44,663530
2019-05-02 12:30:00,69.45,69.5152,68.96,69.34,236918
2019-05-02 13:30:00,69.34,69.52,69.1,69.28,197591
2019-05-02 14:30:00,69.29,69.45,69.19,69.33,184442
2019-05-02 15:30:00,69.33,69.46,69.1248,69.44,339949
2019-05-03 09:30:00,69.59,70.29,69.51,70.1,315494
2019-05-03 10:30:00,70.09,70.495,70.03,70.23,273605
2019-05-03 11:30:00,70.24,70.27,69.78,69.91,179382
2019-05-03 12:30:00,69.93,70.0712,69.75,70.07,132075
2019-05-03 13:30:00,70.07,70.32,70.05,70.13,179226
2019-05-03 14:30:00,70.12,70.29,70.06,70.28,197470
2019-05-03 15:30:00,70.28,70.34,68.75,70.28,335808
2019-05-13 09:30:00,67.36,68.27,66.85,67.15,423676
2019-05-13 10:30:00,67.11,67.4199,66.945,66.97,167772
2019-05-13 11:30:00,67.02,67.08,66.73,66.88,211975
2019-05-13 12:30:00,66.88,67.0499,66.67,66.74,128376
2019-05-13 13:30:00,66.73,67.29,66.7,67.19,134204
2019-05-13 14:30:00,67.21,67.4,66.99,67.05,142564
2019-05-13 15:30:00,67.03,67.04,66.68,66.91,271639
2019-05-14 09:30:00,67.43,68.21,67.08,68.21,274721
2019-05-14 10:30:00,68.23,68.27,67.76,68.07,228531
2019-05-14 11:30:00,68.05,68.44,68.0337,68.125,153098
2019-05-14 12:30:00,68.14,68.41,68.13,68.4,106345
2019-05-14 13:30:00,68.42,68.49,68.18,68.35,125207
2019-05-14 14:30:00,68.35,68.44,68.12,68.3,148962
2019-05-14 15:30:00,68.29,68.29,68.06,68.09,242511
2019-05-15 09:30:00,67.55,68.87,67.31,68.76,307554
2019-05-15 10:30:00,68.74,69.09,68.6424,69.07,195477
2019-05-15 11:30:00,69.09,69.19,68.81,68.85,266581
2019-05-15 12:30:00,68.86,68.98,68.7,68.89,129488
2019-05-15 13:30:00,68.89,69.03,68.76,68.88,191546
2019-05-15 14:30:00,68.86,68.88,68.71,68.83,144339
2019-05-15 15:30:00,68.82,68.85,68.62,68.74,305503
2019-05-16 09:30:00,68.9,70.25,68.75,70.18,463599
2019-05-16 10:30:00,70.1944,70.3689,70.1,70.1,259415
2019-05-16 11:30:00,70.11,70.32,70.01,70.13,173945
2019-05-16 12:30:00,70.13,70.2,69.87,70.02,177308
2019-05-16 13:30:00,70.03,70.15,69.93,70.13,162037
2019-05-16 14:30:00,70.13,70.1728,69.78,69.95,165841
2019-05-16 15:30:00,69.94,70.01,69.72,69.85,275693
2019-05-17 09:30:00,69.55,69.71,69.0,69.4,412172
2019-05-17 10:30:00,69.4,69.93,69.3,69.66,278904
2019-05-17 11:30:00,69.67,69.67,69.12,69.23,179554
2019-05-17 12:30:00,69.24,69.43,69.05,69.17,175775
2019-05-17 13:30:00,69.185,69.4,69.09,69.31,179600
2019-05-17 14:30:00,69.3,69.38,68.69,68.83,309211
2019-05-17 15:30:00,68.855,69.2932,68.56,68.64,347916
2019-05-20 09:30:00,67.24,67.43,65.13,65.895,916258
2019-05-20 10:30:00,65.895,66.21,65.6502,65.95,362638
2019-05-20 11:30:00,65.96,66.064,65.7,65.74,381274
2019-05-20 12:30:00,65.74,65.7903,65.02,65.13,296612
2019-05-20 13:30:00,65.135,65.3,64.81,65.07,309428
2019-05-20 14:30:00,65.07,65.16,64.36,64.59,461993
2019-05-20 15:30:00,64.59,64.78,64.51,64.61,469663
2019-05-21 09:30:00,65.4,65.7489,65.14,65.43,448872
2019-05-21 10:30:00,65.43,65.775,65.34,65.765,465771
2019-05-21 11:30:00,65.76,65.77,65.42,65.473,266502
2019-05-21 12:30:00,65.4826,65.51,65.3789,65.4,151771
2019-05-21 13:30:00,65.39,65.54,65.38,65.48,226757
2019-05-21 14:30:00,65.49,65.52,65.36,65.4,237428
2019-05-21 15:30:00,65.4,65.45,65.26,65.35,337255
2019-07-03 09:30:00,74.43,74.59,74.02,74.45,403766
2019-07-03 10:30:00,74.4501,74.63,74.26,74.34,236679
2019-07-03 11:30:00,74.35,74.56,74.35,74.495,207514
2019-07-03 12:30:00,74.5,75.02,74.48,74.81,1278952
2019-07-03 13:30:00,74.64,74.81,74.43,74.43,26
2019-07-03 14:30:00,75.3,75.3,75.3,75.3,133
2019-07-03 15:30:00,,,,,0
2019-07-05 09:30:00,74.2,74.42,72.88,73.1388,246525
2019-07-05 10:30:00,73.13,73.35,72.97,73.33,114771
2019-07-05 11:30:00,73.34,73.66,73.26,73.6,98996
2019-07-05 12:30:00,73.595,74.05,73.59,74.04,93571
2019-07-05 13:30:00,74.05,74.205,73.97,74.18,92406
2019-07-05 14:30:00,74.175,74.43,74.1746,74.325,103670
2019-07-05 15:30:00,74.33,74.41,74.18,74.4,256176
2019-07-08 09:30:00,74.08,74.2,73.73,74.0,189539
2019-07-08 10:30:00,74.0,74.27,73.885,74.11,133801
2019-07-08 11:30:00,74.115,74.1449,73.9,73.95,90648
2019-07-08 12:30:00,73.95,74.21,73.95,74.17,83966
2019-07-08 13:30:00,74.19,74.27,74.095,74.26,103239
2019-07-08 14:30:00,74.26,74.47,74.1966,74.345,162962
2019-07-08 15:30:00,74.345,74.45,74.27,74.38,213928
2019-07-09 09:30:00,73.85,74.14,73.54,74.0723,274505
2019-07-09 10:30:00,74.088,74.32,74.03,74.08,191236
2019-07-09 11:30:00,74.07,74.12,73.87,73.935,163335
2019-07-09 12:30:00,73.92,74.07,73.8079,73.999,157581
2019-07-09 13:30:00,74.0,74.02,73.84,73.94,164599
2019-07-09 14:30:00,73.95,74.22,73.9085,74.22,204353
2019-07-09 15:30:00,74.22,74.57,74.21,74.48,279455
2019-07-10 09:30:00,74.84,75.595,74.7,75.22,305834
2019-07-10 10:30:00,75.22,75.24,74.58,74.73,192777
2019-07-10 11:30:00,74.7,75.06,74.7,74.88,103213
2019-07-10 12:30:00,74.9,75.08,74.8781,75.05,104272
2019-07-10 13:30:00,75.05,75.13,74.73,74.77,98982
2019-07-10 14:30:00,74.77,75.01,74.69,74.97,151021
2019-07-10 15:30:00,74.965,75.19,74.89,75.1,265010
2019-07-25 09:30:00,75.7,76.38,75.38,76.08,439151
2019-07-25 10:30:00,76.09,76.75,76.09,76.65,305284
2019-07-25 11:30:00,76.63,77.1,76.59,76.85,324233
2019-07-25 12:30:00,76.825,76.9054,76.3,76.49,231074
2019-07-25 13:30:00,76.5,76.71,76.46,76.54,199229
2019-07-25 14:30:00,76.55,76.61,76.04,76.2383,248910
2019-07-25 15:30:00,76.24,76.35,75.95,76.05,424230
2019-07-26 09:30:00,76.19,76.62,76.03,76.58,225515
2019-07-26 10:30:00,76.57,76.79,76.49,76.68,136986
2019-07-26 11:30:00,76.66,76.68,76.15,76.23,133175
2019-07-26 12:30:00,76.2305,76.35,76.12,76.27,99020
2019-07-26 13:30:00,76.26,76.31,76.06,76.07,106236
2019-07-26 14:30:00,76.08,76.1265,75.76,75.9635,174006
2019-07-26 15:30:00,75.96,76.075,75.85,75.93,255008
2019-07-29 09:30:00,76.02,76.2737,74.54,75.02,395122
2019-07-29 10:30:00,75.03,75.27,74.84,75.22,146251
2019-07-29 11:30:00,75.22,75.5701,75.18,75.51,125109
2019-07-29 12:30:00,75.51,75.74,75.48,75.7,84679
2019-07-29 13:30:00,75.69,75.93,75.61,75.9,90682
2019-07-29 14:30:00,75.89,76.19,75.83,76.17,190166
2019-07-29 15:30:00,76.18,76.44,76.15,76.33,249813
2019-07-30 09:30:00,75.78,76.27,75.52,75.9535,179251
2019-07-30 10:30:00,75.97,76.02,75.73,75.76,164524
2019-07-30 11:30:00,75.77,75.8298,75.36,75.45,91036
2019-07-30 12:30:00,75.45,75.555,75.31,75.43,78413
2019-07-30 13:30:00,75.42,75.66,75.33,75.43,111820
2019-07-30 14:30:00,75.44,75.61,75.23,75.26,168792
2019-07-30 15:30:00,75.26,75.56,75.24,75.55,188538
2019-07-31 09:30:00,75.73,75.83,75.04,75.45,238944
2019-07-31 10:30:00,75.44,75.61,75.27,75.46,153553
2019-07-31 11:30:00,75.48,75.56,75.365,75.3988,97651
2019-07-31 12:30:00,75.3986,75.3986,75.11,75.15,78432
2019-07-31 13:30:00,75.15,75.32,74.931,75.14,218371
2019-07-31 14:30:00,75.12,75.25,73.06,74.27,407642
2019-07-31 15:30:00,74.26,74.37,73.82,73.91,239037
2019-08-01 09:30:00,73.94,74.8,73.66,74.79,343698
2019-08-01 10:30:00,74.82,75.28,74.7,75.28,215107
2019-08-01 11:30:00,75.2905,75.34,74.87,75.0705,129273
2019-08-01 12:30:00,75.08,75.26,74.3,74.37,138061
2019-08-01 13:30:00,74.35,74.7017,72.79,73.025,304974
2019-08-01 14:30:00,73.05,73.2,72.6369,73.06,305223
2019-08-01 15:30:00,73.06,74.1119,72.9,73.04,421021
2019-08-02 09:30:00,72.32,72.99,71.26,71.395,306139
2019-08-02 10:30:00,71.4,71.4911,70.91,71.46,263845
2019-08-02 11:30:00,71.49,71.52,71.19,71.48,158668
2019-08-02 12:30:00,71.49,71.5,70.8,70.96,151460
2019-08-02 13:30:00,70.955,71.135,70.65,70.97,240297
2019-08-02 14:30:00,70.98,71.27,70.82,71.225,253053
2019-08-02 15:30:00,71.23,71.46,71.1,71.27,290943
2019-08-12 09:30:00,69.95,70.03,68.83,69.43,276412
2019-08-12 10:30:00,69.41,69.7,68.83,69.08,184901
2019-08-12 11:30:00,69.08,69.63,68.8974,69.57,151017
2019-08-12 12:30:00,69.56,69.65,69.23,69.37,126465
2019-08-12 13:30:00,69.35,69.4116,68.63,68.68,133872
2019-08-12 14:30:00,68.6613,68.92,68.39,68.67,170604
2019-08-12 15:30:00,68.67,68.78,68.5601,68.73,219696
2019-08-13 09:30:00,68.6,70.61,68.41,70.51,336688
2019-08-13 10:30:00,70.57,70.61,69.81,70.0,159746
2019-08-13 11:30:00,69.98,70.83,69.9191,70.695,133463
2019-08-13 12:30:00,70.685,70.8453,70.49,70.73,158532
2019-08-13 13:30:00,70.71,70.78,70.39,70.6646,82888
2019-08-13 14:30:00,70.78,71.13,70.75,71.13,219224
2019-08-13 15:30:00,71.13,71.13,70.566,71.0,490809
2019-08-14 09:30:00,69.42,69.87,68.6,68.7,223212
2019-08-14 10:30:00,68.71,68.72,67.82,68.05,258929
2019-08-14 11:30:00,68.05,68.2,67.31,67.61,215325
2019-08-14 12:30:00,67.61,67.85,67.28,67.74,199541
2019-08-14 13:30:00,67.7302,68.28,67.66,67.9,188768
2019-08-14 14:30:00,67.91,68.07,67.56,67.75,203309
2019-08-14 15:30:00,67.73,67.95,67.5,67.73,271989
2019-08-15 09:30:00,67.92,68.42,67.55,68.045,208348
2019-08-15 10:30:00,68.0,68.293,67.3,67.63,343211
2019-08-15 11:30:00,67.64,68.38,67.62,67.9475,180180
2019-08-15 12:30:00,67.98,68.17,67.74,68.01,114237
2019-08-15 13:30:00,68.01,68.11,67.52,68.09,184574
2019-08-15 14:30:00,68.11,68.3,67.89,68.15,175566
2019-08-15 15:30:00,68.13,68.39,67.8781,68.14,224933
2019-08-16 09:30:00,69.05,69.4398,68.5,69.0297,346116
2019-08-16 10:30:00,68.93,69.469,68.7601,69.135,166028
2019-08-16 11:30:00,69.12,69.21,68.95,69.07,114401
2019-08-16 12:30:00,69.08,69.26,69.05,69.24,104554
2019-08-16 13:30:00,69.24,69.25,69.105,69.16,91110
2019-08-16 14:30:00,69.16,69.24,69.04,69.21,130473
2019-08-16 15:30:00,69.2,69.49,69.03,69.31,297176
2019-08-19 09:30:00,70.59,70.7,69.06,69.4,222481
2019-08-19 10:30:00,69.4,69.72,69.31,69.56,152746
2019-08-19 11:30:00,69.555,69.72,69.52,69.63,89324
2019-08-19 12:30:00,69.63,69.81,69.55,69.735,81345
2019-08-19 13:30:00,69.72,69.74,69.42,69.62,105342
2019-08-19 14:30:00,69.62,69.7,69.52,69.69,109917
2019-08-19 15:30:00,69.69,69.82,69.58,69.61,183780
2019-08-20 09:30:00,69.37,69.6595,68.5,68.93,322754
2019-08-20 10:30:00,68.9,69.48,68.73,69.33,169685
2019-08-20 11:30:00,69.34,69.42,69.23,69.3003,124733
2019-08-20 12:30:00,69.29,69.31,69.15,69.15,96144
2019-08-20 13:30:00,69.16,69.195,68.7857,68.95,183583
2019-08-20 14:30:00,68.95,69.038,68.8143,68.9,153368
2019-08-20 15:30:00,68.9,68.94,68.76,68.79,211479
2019-10-24 09:30:00,63.72,64.5499,63.57,64.48,266824
2019-10-24 10:30:00,64.47,64.94,64.39,64.69,139914
2019-10-24 11:30:00,64.69,65.15,64.66,64.8742,156850
2019-10-24 12:30:00,64.89,65.225,64.79,65.225,134327
2019-10-24 13:30:00,65.23,65.27,64.9,64.94,121687
2019-10-24 14:30:00,64.94,65.02,64.84,64.96,157663
2019-10-24 15:30:00,64.96,65.14,64.8483,65.07,277222
2019-10-25 09:30:00,64.81,65.33,64.46,65.02,133469
2019-10-25 10:30:00,65.025,65.4,64.83,65.32,93564
2019-10-25 11:30:00,65.32,65.3799,65.12,65.2,80724
2019-10-25 12:30:00,65.19,65.25,65.105,65.23,64475
2019-10-25 13:30:00,65.195,65.23,65.02,65.09,67136
2019-10-25 14:30:00,65.08,65.17,64.97,65.07,86403
2019-10-25 15:30:00,65.07,65.17,65.05,65.11,167351
2019-10-28 09:30:00,65.18,65.91,65.18,65.56,128524
2019-10-28 10:30:00,65.54,65.94,65.46,65.79,62631
2019-10-28 11:30:00,65.81,65.93,65.66,65.74,93475
2019-10-28 12:30:00,65.72,65.93,65.72,65.87,68898
2019-10-28 13:30:00,65.865,65.89,65.71,65.71,85117
2019-10-28 14:30:00,65.71,66.0,65.7,65.945,117917
2019-10-28 15:30:00,65.95,65.97,65.72,65.89,238512
2019-10-29 09:30:00,65.97,66.31,65.72,66.24,128928
2019-10-29 10:30:00,66.24,66.58,66.24,66.35,122607
2019-10-29 11:30:00,66.3092,66.43,66.09,66.26,90919
2019-10-29 12:30:00,66.26,66.32,66.0724,66.11,103799
2019-10-29 13:30:00,66.09,66.09,65.82,65.86,77503
2019-10-29 14:30:00,65.85,65.99,65.82,65.9,85138
2019-10-29 15:30:00,65.9,66.1805,65.83,65.96,283267
2019-10-30 09:30:00,66.16,66.21,65.52,65.86,166754
2019-10-30 10:30:00,65.87,66.1097,65.7867,66.05,107096
2019-10-30 11:30:00,66.05,66.37,66.02,66.25,103112
2019-10-30 12:30:00,66.26,66.3673,66.18,66.28,89054
2019-10-30 13:30:00,66.28,66.45,66.0,66.32,126019
2019-10-30 14:30:00,66.3,66.77,66.18,66.67,147738
2019-10-30 15:30:00,66.68,66.99,66.6674,66.94,307872
2019-10-31 09:30:00,66.71,67.0,65.76,65.87,219431
2019-10-31 10:30:00,65.88,65.97,65.46,65.49,145351
2019-10-31 11:30:00,65.48,65.66,65.2701,65.34,108916
2019-10-31 12:30:00,65.34,65.48,65.21,65.43,94288
2019-10-31 13:30:00,65.43,65.57,65.18,65.23,309478
2019-10-31 14:30:00,65.24,65.29,64.91,65.21,119374
2019-10-31 15:30:00,65.22,65.39,65.15,65.34,196397
2019-11-01 09:30:00,65.69,66.42,65.47,65.9,339920
2019-11-01 10:30:00,65.91,66.07,65.56,66.02,175896
2019-11-01 11:30:00,66.02,66.06,65.84,66.0,282027
2019-11-01 12:30:00,66.0,66.04,65.75,65.925,480303
2019-11-01 13:30:00,65.93,66.15,65.47,65.52,572651
2019-11-01 14:30:00,65.52,65.52,65.2477,65.31,123803
2019-11-01 15:30:00,65.31,65.57,65.22,65.47,277274
2019-11-11 09:30:00,66.76,67.63,66.46,67.63,100410
2019-11-11 10:30:00,67.64,67.705,67.43,67.455,98318
2019-11-11 11:30:00,67.45,67.69,67.34,67.53,78259
2019-11-11 12:30:00,67.52,67.68,67.39,67.65,64612
2019-11-11 13:30:00,67.65,67.67,67.43,67.5383,104996
2019-11-11 14:30:00,67.57,67.64,67.52,67.579,120667
2019-11-11 15:30:00,67.57,67.57,67.28,67.46,169731
2019-11-12 09:30:00,67.24,68.19,67.2122,68.09,191486
2019-11-12 10:30:00,68.1,68.25,67.72,67.75,142599
2019-11-12 11:30:00,67.75,67.82,67.37,67.45,88555
2019-11-12 12:30:00,67.4654,67.6545,67.38,67.51,63065
2019-11-12 13:30:00,67.51,67.72,67.35,67.37,67988
2019-11-12 14:30:00,67.37,67.52,67.222,67.46,80419
2019-11-12 15:30:00,67.46,67.63,67.46,67.59,139747
2019-11-13 09:30:00,67.22,67.74,66.83,67.41,116891
2019-11-13 10:30:00,67.45,67.78,67.28,67.28,104146
2019-11-13 11:30:00,67.3,67.58,67.28,67.43,58328
2019-11-13 12:30:00,67.4399,67.4654,67.31,67.42,54229
2019-11-13 13:30:00,67.43,67.64,67.0703,67.14,75623
2019-11-13 14:30:00,67.15,67.44,67.1323,67.42,94858
2019-11-13 15:30:00,67.41,67.45,67.17,67.2,198559
2019-11-14 09:30:00,66.8,67.3,66.64,67.07,121245
2019-11-14 10:30:00,67.06,67.31,66.93,67.31,109198
2019-11-14 11:30:00,67.3,67.37,66.79,67.05,105960
2019-11-14 12:30:00,67.05,67.19,66.87,67.102,81456
2019-11-14 13:30:00,67.1,67.22,66.99,67.0675,100755
2019-11-14 14:30:00,67.06,67.1,66.92,67.08,106451
2019-11-14 15:30:00,67.08,67.26,67.02,67.18,156454
2019-11-15 09:30:00,67.22,67.52,66.7,66.97,301850
2019-11-15 10:30:00,66.98,67.24,66.86,67.19,120510
2019-11-15 11:30:00,67.19,67.28,66.995,67.25,111414
2019-11-15 12:30:00,67.25,67.34,67.17,67.25,94150
2019-11-15 13:30:00,67.24,67.34,67.2,67.28,98476
2019-11-15 14:30:00,67.29,67.34,67.16,67.235,118877
2019-11-15 15:30:00,67.23,67.58,67.13,67.47,292043
2019-11-18 09:30:00,67.61,67.62,66.97,67.14,187778
2019-11-18 10:30:00,67.1301,67.74,67.09,67.4351,143612
2019-11-18 11:30:00,67.435,67.68,67.28,67.3,109906
2019-11-18 12:30:00,67.3,67.37,67.16,67.335,70911
2019-11-18 13:30:00,67.335,67.43,67.21,67.35,81538
2019-11-18 14:30:00,67.35,67.39,67.11,67.2254,98864
2019-11-18 15:30:00,67.23,67.28,66.99,67.2,192517
2019-11-19 09:30:00,67.5,68.0,67.29,67.76,190782
2019-11-19 10:30:00,67.78,67.9,67.51,67.725,107607
2019-11-19 11:30:00,67.73,67.99,67.73,67.9299,90919
2019-11-19 12:30:00,67.88,67.94,67.71,67.8,77099
2019-11-19 13:30:00,67.79,68.22,67.76,68.18,118538
2019-11-19 14:30:00,68.2,68.48,68.17,68.38,166898
2019-11-19 15:30:00,68.37,68.6,68.35,68.485,427132
2020-01-23 09:30:00,74.92,75.275,74.2,75.22,126891
2020-01-23 10:30:00,75.25,75.55,74.84,74.91,148508
2020-01-23 11:30:00,74.92,75.28,74.91,75.28,69111
2020-01-23 12:30:00,75.27,75.36,74.94,75.24,73844
2020-01-23 13:30:00,75.2392,75.53,75.2,75.25,82604
2020-01-23 14:30:00,75.25,75.39,75.17,75.25,114413
2020-01-23 15:30:00,75.2578,75.48,75.22,75.42,120437
2020-01-24 09:30:00,75.87,76.37,75.34,75.48,209527
2020-01-24 10:30:00,75.47,75.73,75.2279,75.36,98149
2020-01-24 11:30:00,75.37,75.44,74.78,74.96,94401
2020-01-24 12:30:00,74.97,75.14,74.69,74.69,56290
2020-01-24 13:30:00,74.68,75.42,70.14,74.14,86096
2020-01-24 14:30:00,74.18,74.71,74.16,74.56,100065
2020-01-24 15:30:00,74.55,74.65,74.305,74.58,163653
2020-01-27 09:30:00,72.62,73.26,71.7284,73.015,300728
2020-01-27 10:30:00,73.015,73.1,72.55,72.84,130039
2020-01-27 11:30:00,72.86,73.06,72.78,72.92,100783
2020-01-27 12:30:00,72.92,73.12,72.79,73.08,59001
2020-01-27 13:30:00,73.07,73.26,73.01,73.25,73264
2020-01-27 14:30:00,73.24,73.28,72.78,72.795,125256
2020-01-27 15:30:00,72.79,72.82,72.52,72.62,206991
2020-01-28 09:30:00,73.03,73.875,72.85,73.81,210416
2020-01-28 10:30:00,73.8,74.28,73.77,74.25,100735
2020-01-28 11:30:00,74.23,74.52,74.16,74.41,89464
2020-01-28 12:30:00,74.41,74.4654,74.08,74.14,83088
2020-01-28 13:30:00,74.14,74.395,74.1,74.26,82495
2020-01-28 14:30:00,74.26,74.43,74.24,74.345,148118
2020-01-28 15:30:00,74.35,74.41,74.07,74.18,261420
2020-01-29 09:30:00,74.48,74.65,73.63,73.74,165466
2020-01-29 10:30:00,73.74,73.8799,73.53,73.66,101099
2020-01-29 11:30:00,73.65,73.79,73.44,73.78,91532
2020-01-29 12:30:00,73.8,73.8,73.57,73.78,90456
2020-01-29 13:30:00,73.775,73.84,73.45,73.63,114980
2020-01-29 14:30:00,73.635,73.74,73.045,73.2,148001
2020-01-29 15:30:00,73.2,73.32,73.0901,73.14,226804
2020-01-30 09:30:00,72.46,73.18,72.11,72.85,151792
2020-01-30 10:30:00,72.84,72.85,72.29,72.63,119736
2020-01-30 11:30:00,72.6382,72.92,72.39,72.39,101926
2020-01-30 12:30:00,72.39,72.46,72.09,72.31,95902
2020-01-30 13:30:00,72.33,72.66,72.2,72.6,112443
2020-01-30 14:30:00,72.605,72.88,72.33,72.74,134574
2020-01-30 15:30:00,72.76,73.21,72.73,73.16,166391
2020-01-31 09:30:00,72.86,73.12,72.12,72.155,276973
2020-01-31 10:30:00,72.13,72.24,71.53,71.53,231565
2020-01-31 11:30:00,71.55,72.16,71.36,72.13,204226
2020-01-31 12:30:00,72.13,72.1821,71.81,72.16,151854
2020-01-31 13:30:00,72.15,72.3242,71.9851,72.16,124647
2020-01-31 14:30:00,72.17,72.51,72.12,72.35,317722
2020-01-31 15:30:00,72.35,72.4,71.98,72.1,601357
2020-02-10 09:30:00,73.49,73.74,72.98,73.66,306235
2020-02-10 10:30:00,73.67,73.94,73.56,73.89,127771
2020-02-10 11:30:00,73.905,74.07,73.86,73.86,100567
2020-02-10 12:30:00,73.86,73.88,73.76,73.766,110958
2020-02-10 13:30:00,73.77,73.85,73.665,73.85,147890
2020-02-10 14:30:00,73.86,74.54,73.8134,74.53,147108
2020-02-10 15:30:00,74.525,74.66,74.48,74.66,193913
2020-02-11 09:30:00,75.04,75.81,74.68,75.61,257539
2020-02-11 10:30:00,75.61,75.88,75.47,75.83,185943
2020-02-11 11:30:00,75.83,75.84,75.3798,75.615,139133
2020-02-11 12:30:00,75.61,75.83,75.5592,75.76,90223
2020-02-11 13:30:00,75.76,75.77,75.33,75.47,132594
2020-02-11 14:30:00,75.49,75.71,75.413,75.65,170443
2020-02-11 15:30:00,75.67,75.87,75.61,75.75,259839
2020-02-12 09:30:00,76.38,76.71,75.83,76.32,256111
2020-02-12 10:30:00,76.32,77.07,76.15,76.9889,267903
2020-02-12 11:30:00,77.0111,77.08,76.67,76.87,153216
2020-02-12 12:30:00,76.91,77.17,76.75,76.75,104815
2020-02-12 13:30:00,76.76,76.94,76.73,76.9,150198
2020-02-12 14:30:00,76.915,77.1,76.79,76.95,215680
2020-02-12 15:30:00,76.96,77.22,76.9,77.16,391549
2020-02-13 09:30:00,77.0,77.77,75.27,77.6954,716582
2020-02-13 10:30:00,77.55,79.29,77.49,79.2,478069
2020-02-13 11:30:00,79.19,79.59,78.83,79.18,428694
2020-02-13 12:30:00,79.19,79.4,78.94,79.35,193238
2020-02-13 13:30:00,79.35,79.44,78.72,79.0,239683
2020-02-13 14:30:00,79.0,79.29,78.8924,79.086,290713
2020-02-13 15:30:00,79.08,79.37,78.78,79.25,548822
2020-02-14 09:30:00,79.56,79.59,78.3501,78.755,247624
2020-02-14 10:30:00,78.74,79.69,78.6995,79.32,218258
2020-02-14 11:30:00,79.32,79.32,78.91,78.985,143033
2020-02-14 12:30:00,78.99,79.13,78.65,78.79,90294
2020-02-14 13:30:00,78.77,78.81,78.58,78.81,112486
2020-02-14 14:30:00,78.78,78.88,78.58,78.62,135223
2020-02-14 15:30:00,78.61,78.9409,78.6,78.74,211058
2020-02-18 09:30:00,78.33,78.82,78.05,78.46,303192
2020-02-18 10:30:00,78.42,78.94,78.37,78.9,280377
2020-02-18 11:30:00,78.88,79.0,78.27,78.335,189934
2020-02-18 12:30:00,78.335,78.75,78.335,78.71,128700
2020-02-18 13:30:00,78.7,78.78,78.5,78.7546,100160
2020-02-18 14:30:00,78.7535,78.84,78.63,78.78,99055
2020-02-18 15:30:00,78.78,78.78,78.47,78.6,216352
2020-03-04 09:30:00,67.58,68.6599,66.31,68.26,362046
2020-03-04 10:30:00,68.3,68.32,67.33,67.84,178070
2020-03-04 11:30:00,67.86,67.88,67.23,67.76,189138
2020-03-04 12:30:00,67.77,69.23,67.7,69.21,213039
2020-03-04 13:30:00,69.24,69.44,68.92,69.17,338469
2020-03-04 14:30:00,69.17,69.77,68.98,69.76,239816
2020-03-04 15:30:00,69.76,70.39,69.76,70.27,480057
2020-03-05 09:30:00,67.78,68.85,67.7,68.56,216557
2020-03-05 10:30:00,68.52,69.62,68.52,69.5123,233221
2020-03-05 11:30:00,69.53,69.57,67.9401,68.17,186288
2020-03-05 12:30:00,68.14,68.35,67.27,67.5,151471
2020-03-05 13:30:00,67.53,67.82,66.83,66.93,152857
2020-03-05 14:30:00,66.96,67.5,66.82,66.99,246825
2020-03-05 15:30:00,66.995,68.03,66.94,67.85,467927
2020-03-06 09:30:00,64.5,65.84,64.3401,65.215,454043
2020-03-06 10:30:00,65.2,65.48,64.46,64.565,319801
2020-03-06 11:30:00,64.61,64.99,63.68,63.71,308796
2020-03-06 12:30:00,63.74,64.27,63.67,64.02,281351
2020-03-06 13:30:00,64.02,64.16,63.2424,63.59,396757
2020-03-06 14:30:00,63.5632,63.79,62.97,63.5,390577
2020-03-06 15:30:00,63.5,65.09,63.39,64.73,531203
2020-03-09 09:30:00,60.9,64.17,58.05,62.53,589641
2020-03-09 10:30:00,62.5326,62.75,61.64,62.19,443159
2020-03-09 11:30:00,62.1532,63.19,62.02,62.08,248026
2020-03-09 12:30:00,62.4144,62.4144,61.44,61.652,212695
2020-03-09 13:30:00,61.61,61.7029,60.25,60.26,237249
2020-03-09 14:30:00,60.6923,60.94,59.56,60.72,347477
2020-03-09 15:30:00,60.7,61.0,59.74,59.74,450005
2020-03-10 09:30:00,61.31,62.67,61.0,61.89,534428
2020-03-10 10:30:00,61.885,62.05,60.4901,60.5295,392094
2020-03-10 11:30:00,60.59,61.01,59.855,60.52,317743
2020-03-10 12:30:00,60.536,61.37,60.36,61.12,245667
2020-03-10 13:30:00,61.145,61.29,60.0301,60.54,222955
2020-03-10 14:30:00,60.5801,62.5899,60.444,62.2199,314646
2020-03-10 15:30:00,62.18,62.92,61.98,62.91,444373
2020-03-11 09:30:00,61.0,62.65,60.615,62.1,439593
2020-03-11 10:30:00,62.0,62.72,61.78,61.87,327278
2020-03-11 11:30:00,61.9,62.34,61.23,61.9692,192694
2020-03-11 12:30:00,61.93,62.14,61.44,61.95,214178
2020-03-11 13:30:00,61.91,62.14,61.29,61.39,321383
2020-03-11 14:30:00,61.36,61.85,60.375,60.8472,274215
2020-03-11 15:30:00,60.785,62.71,60.7,62.23,772835
2020-03-12 09:30:00,58.08,60.12,57.56,59.78,430817
2020-03-12 10:30:00,59.785,60.39,59.48,59.63,408290
2020-03-12 11:30:00,59.66,59.97,58.37,59.57,424077
2020-03-12 12:30:00,59.57,62.66,58.98,60.93,315506
2020-03-12 13:30:00,60.95,61.41,59.25,59.49,261534
2020-03-12 14:30:00,59.47,60.07,58.28,58.32,370484
2020-03-12 15:30:00,58.29,58.93,56.82,56.93,962404
2020-04-23 09:30:00,79.2,80.46,79.2,80.32,491951
2020-04-23 10:30:00,80.33,81.16,80.2486,81.1,277223
2020-04-23 11:30:00,81.1,81.43,80.71,81.3943,204048
2020-04-23 12:30:00,81.39,81.39,80.01,80.22,315395
2020-04-23 13:30:00,80.23,80.59,79.46,80.18,215470
2020-04-23 14:30:00,80.18,80.61,79.62,79.86,245905
2020-04-23 15:30:00,79.86,80.04,79.575,79.83,362750
2020-04-24 09:30:00,80.85,81.319,79.11,79.97,280175
2020-04-24 10:30:00,79.98,80.28,79.75,80.01,126557
2020-04-24 11:30:00,80.0,80.81,79.79,80.7,131550
2020-04-24 12:30:00,80.7,80.89,80.16,80.2163,102713
2020-04-24 13:30:00,80.2712,80.85,80.15,80.66,137714
2020-04-24 14:30:00,80.64,80.94,80.58,80.91,174140
2020-04-24 15:30:00,80.92,81.085,80.47,80.52,469359
2020-04-27 09:30:00,81.13,81.81,80.86,81.46,223940
2020-04-27 10:30:00,81.46,81.46,80.545,81.23,162442
2020-04-27 11:30:00,81.19,81.87,81.17,81.63,208784
2020-04-27 12:30:00,81.63,81.98,81.57,81.74,141171
2020-04-27 13:30:00,81.73,81.82,81.51,81.52,132534
2020-04-27 14:30:00,81.52,81.7,81.32,81.45,153101
2020-04-27 15:30:00,81.4388,81.8,81.2,81.29,305182
2020-04-28 09:30:00,82.0,82.48,79.41,79.65,617400
2020-04-28 10:30:00,79.65,79.98,78.92,79.39,312165
2020-04-28 11:30:00,79.4,79.51,78.73,79.13,189164
2020-04-28 12:30:00,79.1288,79.48,78.98,79.295,116831
2020-04-28 13:30:00,79.28,79.85,79.2,79.79,137660
2020-04-28 14:30:00,79.8,79.8288,79.06,79.23,205640
2020-04-28 15:30:00,79.22,79.3,78.34,78.47,415171
2020-04-29 09:30:00,78.53,81.19,78.53,81.02,386168
2020-04-29 10:30:00,81.02,81.699,80.89,81.66,244013
2020-04-29 11:30:00,81.66,82.12,81.53,82.015,238145
2020-04-29 12:30:00,82.03,82.24,81.9499,82.09,200524
2020-04-29 13:30:00,82.08,82.45,81.79,82.03,307530
2020-04-29 14:30:00,82.08,82.64,81.91,82.63,337094
2020-04-29 15:30:00,82.63,82.78,81.68,81.99,562947
2020-04-30 09:30:00,81.75,82.61,81.55,82.35,497865
2020-04-30 10:30:00,82.1421,82.4,81.36,82.05,255948
2020-04-30 11:30:00,82.1667,82.1968,81.1166,81.15,235083
2020-04-30 12:30:00,81.2291,81.86,80.97,81.7,210532
2020-04-30 13:30:00,81.7582,81.83,81.26,81.44,207259
2020-04-30 14:30:00,81.3722,81.57,80.88,81.44,243801
2020-04-30 15:30:00,81.45,81.56,80.97,81.12,495604
2020-05-01 09:30:00,79.59,80.06,78.45,78.56,405107
2020-05-01 10:30:00,78.54,78.6028,77.62,77.64,297907
2020-05-01 11:30:00,77.64,77.65,76.59,77.11,460638
2020-05-01 12:30:00,77.08,77.2,76.23,76.3502,269110
2020-05-01 13:30:00,76.32,76.43,75.92,76.35,289720
2020-05-01 14:30:00,76.38,76.38,75.76,75.99,315675
2020-05-01 15:30:00,75.98,76.13,75.5,75.86,536525
2020-05-11 09:30:00,81.75,82.92,81.43,82.6,221726
2020-05-11 10:30:00,82.6111,82.96,81.37,82.86,249470
2020-05-11 11:30:00,82.7981,82.92,82.59,82.8772,155169
2020-05-11 12:30:00,82.88,83.07,82.76,83.05,310480
2020-05-11 13:30:00,83.0206,83.58,83.01,83.1,184591
2020-05-11 14:30:00,83.1,83.58,83.1,83.25,185034
2020-05-11 15:30:00,83.25,83.37,82.91,82.94,356512
2020-05-12 09:30:00,83.57,83.64,81.73,82.43,348695
2020-05-12 10:30:00,82.425,83.38,82.395,82.87,156237
2020-05-12 11:30:00,82.9312,83.41,82.66,83.41,92717
2020-05-12 12:30:00,83.39,83.43,82.75,82.755,92261
2020-05-12 13:30:00,82.74,83.01,82.52,82.71,125422
2020-05-12 14:30:00,82.7,82.8,82.15,82.24,163029
2020-05-12 15:30:00,82.25,82.37,81.05,81.05,430218
2020-05-13 09:30:00,81.44,82.89,80.48,82.76,408650
2020-05-13 10:30:00,82.79,82.9898,81.55,81.87,308073
2020-05-13 11:30:00,81.86,81.92,79.82,80.55,257482
2020-05-13 12:30:00,80.51,80.73,79.94,80.0807,191219
2020-05-13 13:30:00,80.09,81.2,79.91,80.98,468147
2020-05-13 14:30:00,80.94,81.16,80.33,80.75,275674
2020-05-13 15:30:00,80.74,81.2501,80.57,80.97,450514
2020-05-14 09:30:00,80.41,81.417,79.96,80.02,309489
2020-05-14 10:30:00,80.04,80.85,79.68,80.755,233637
2020-05-14 11:30:00,80.78,81.15,80.25,80.84,234879
2020-05-14 12:30:00,80.84,81.42,80.75,81.4,107707
2020-05-14 13:30:00,81.38,81.52,80.98,81.42,133997
2020-05-14 14:30:00,81.43,81.56,80.94,81.49,349691
2020-05-14 15:30:00,81.5,81.9,81.29,81.86,471880
2020-05-15 09:30:00,79.19,81.4,79.0,80.58,880769
2020-05-15 10:30:00,80.58,80.97,79.7,80.17,262210
2020-05-15 11:30:00,80.19,81.15,80.16,81.03,267412
2020-05-15 12:30:00,81.05,81.714,80.91,81.56,134392
2020-05-15 13:30:00,81.54,81.93,81.06,81.93,111802
2020-05-15 14:30:00,81.92,82.1934,81.51,82.13,243636
2020-05-15 15:30:00,82.15,82.32,81.71,82.08,307326
2020-05-18 09:30:00,82.1478,83.14,81.3357,82.86,746685
2020-05-18 10:30:00,82.87,83.86,82.87,83.48,348307
2020-05-18 11:30:00,83.51,84.06,83.41,83.8341,235163
2020-05-18 12:30:00,83.84,83.91,83.5,83.88,149800
2020-05-18 13:30:00,83.8615,84.02,83.55,83.75,180142
2020-05-18 14:30:00,83.75,83.87,83.33,83.47,261839
2020-05-18 15:30:00,83.47,83.92,83.36,83.36,313153
2020-05-19 09:30:00,83.76,86.42,83.5,86.38,546406
2020-05-19 10:30:00,86.41,87.0,86.2744,86.49,345547
2020-05-19 11:30:00,86.5,86.68,86.0,86.1,208732
2020-05-19 12:30:00,86.08,86.7,86.02,86.562,177445
2020-05-19 13:30:00,86.57,86.92,86.46,86.51,166474
2020-05-19 14:30:00,86.5,86.98,86.1819,86.51,286312
2020-05-19 15:30:00,86.5,86.5,85.42,85.45,264583
2020-05-20 09:30:00,86.4519,88.33,86.4519,88.29,431169
2020-05-20 10:30:00,88.3,88.57,87.69,88.351,357154
2020-05-20 11:30:00,88.37,88.53,87.4301,87.49,166844
2020-05-20 12:30:00,87.51,87.71,86.92,87.43,157305
2020-05-20 13:30:00,87.45,87.84,87.345,87.45,151685
2020-05-20 14:30:00,87.43,88.19,87.41,88.18,212493
2020-05-20 15:30:00,88.18,88.41,88.03,88.07,463244
2020-05-21 09:30:00,88.25,88.52,86.82,86.84,261559
2020-05-21 10:30:00,86.84,87.1,86.16,86.8,183095
2020-05-21 11:30:00,86.83,87.25,86.7452,86.98,106318
2020-05-21 12:30:00,86.98,87.0255,86.5,86.72,99728
2020-05-21 13:30:00,86.71,86.99,86.59,86.8,93880
2020-05-21 14:30:00,86.83,86.855,86.1301,86.38,186915
2020-05-21 15:30:00,86.36,86.51,86.0,86.11,312128
2020-05-22 09:30:00,86.1,86.65,85.43,86.01,251805
2020-05-22 10:30:00,86.04,86.25,85.22,85.28,279061
2020-05-22 11:30:00,85.29,85.7298,85.235,85.64,175769
2020-05-22 12:30:00,85.6394,85.92,85.57,85.86,89606
2020-05-22 13:30:00,85.86,85.92,85.57,85.67,126592
2020-05-22 14:30:00,85.71,85.91,85.47,85.56,122869
2020-05-22 15:30:00,85.54,86.18,85.49,86.04,259577
2020-05-26 09:30:00,87.73,87.85,86.41,87.16,355042
2020-05-26 10:30:00,87.15,87.17,86.59,86.72,141361
2020-05-26 11:30:00,86.73,86.73,85.93,86.2,129550
2020-05-26 12:30:00,86.2,86.477,86.05,86.27,108746
2020-05-26 13:30:00,86.29,86.48,86.12,86.27,111278
2020-05-26 14:30:00,86.28,86.345,85.5,85.53,146308
2020-05-26 15:30:00,85.51,85.6,84.87,85.05,292654
2020-07-23 09:30:00,104.45,105.19,103.19,104.66,266049
2020-07-23 10:30:00,104.69,105.7,104.69,105.63,198274
2020-07-23 11:30:00,105.63,105.91,104.41,104.5,145342
2020-07-23 12:30:00,104.46,104.55,103.57,103.82,146158
2020-07-23 13:30:00,103.8,104.09,102.3003,103.039,209779
2020-07-23 14:30:00,103.0411,103.37,102.62,102.97,203595
2020-07-23 15:30:00,102.9902,103.35,102.46,102.94,266646
2020-07-24 09:30:00,102.7,102.94,100.63,102.11,512261
2020-07-24 10:30:00,102.12,103.33,101.52,103.2,391758
2020-07-24 11:30:00,103.2,103.37,102.23,102.6284,197343
2020-07-24 12:30:00,102.6234,102.6234,101.57,102.02,144698
2020-07-24 13:30:00,102.025,102.87,101.75,102.87,105479
2020-07-24 14:30:00,102.85,102.8516,101.97,102.04,178576
2020-07-24 15:30:00,102.03,102.64,101.89,102.57,319884
2020-07-27 09:30:00,104.03,105.2,103.62,104.34,318281
2020-07-27 10:30:00,104.32,104.9,103.56,103.61,164289
2020-07-27 11:30:00,103.61,103.95,103.3,103.889,102346
2020-07-27 12:30:00,103.885,104.435,103.8,104.31,101781
2020-07-27 13:30:00,104.32,104.975,104.245,104.89,139493
2020-07-27 14:30:00,104.9063,105.33,104.71,105.28,154490
2020-07-27 15:30:00,105.285,105.41,105.16,105.26,265897
2020-07-28 09:30:00,105.39,105.44,103.89,105.11,184106
2020-07-28 10:30:00,105.11,105.41,104.68,105.12,139681
2020-07-28 11:30:00,105.1416,105.35,104.85,105.26,105168
2020-07-28 12:30:00,105.26,105.78,105.12,105.63,91238
2020-07-28 13:30:00,105.638,105.985,105.06,105.0781,115495
2020-07-28 14:30:00,105.08,105.1474,104.2,104.37,136531
2020-07-28 15:30:00,104.355,104.49,103.88,104.08,200050
2020-07-29 09:30:00,104.38,106.35,104.38,106.28,278438
2020-07-29 10:30:00,106.3,106.52,105.86,106.18,304927
2020-07-29 11:30:00,106.16,106.25,105.32,105.77,323775
2020-07-29 12:30:00,105.77,106.16,105.7,105.96,271664
2020-07-29 13:30:00,105.94,106.41,105.84,106.21,252998
2020-07-29 14:30:00,106.23,107.0,105.9,106.2048,329187
2020-07-29 15:30:00,106.19,106.42,105.73,105.96,275433
2020-07-30 09:30:00,104.41,105.8,104.41,105.51,309667
2020-07-30 10:30:00,105.49,106.66,105.39,106.57,146517
2020-07-30 11:30:00,106.58,107.84,106.54,107.54,181652
2020-07-30 12:30:00,107.55,107.9,107.18,107.76,245283
2020-07-30 13:30:00,107.73,108.06,107.299,107.672,104429
2020-07-30 14:30:00,107.69,108.03,107.47,107.99,112007
2020-07-30 15:30:00,107.98,108.03,107.48,107.65,185487
2020-07-31 09:30:00,108.29,108.7,106.05,106.8,387137
2020-07-31 10:30:00,106.9156,108.43,106.745,108.09,195179
2020-07-31 11:30:00,108.271,108.32,107.21,107.46,119302
2020-07-31 12:30:00,107.4051,107.66,106.64,107.62,106020
2020-07-31 13:30:00,107.4763,107.79,106.91,107.27,102555
2020-07-31 14:30:00,107.1878,108.64,107.1878,108.52,176549
2020-07-31 15:30:00,108.5028,109.28,108.45,109.25,259272
2020-08-14 09:30:00,108.99,109.65,107.62,107.62,181128
2020-08-14 10:30:00,107.63,108.46,107.52,108.15,88627
2020-08-14 11:30:00,108.17,108.35,107.67,108.07,53313
2020-08-14 12:30:00,108.1,108.43,108.07,108.26,63921
2020-08-14 13:30:00,108.25,108.318,107.77,107.945,35988
2020-08-14 14:30:00,107.95,108.1,107.71,107.78,61255
2020-08-14 15:30:00,107.77,108.27,107.73,107.98,127218
2020-08-17 09:30:00,108.43,109.9162,108.0949,109.23,247281
2020-08-17 10:30:00,109.27,109.4,108.74,109.39,93279
2020-08-17 11:30:00,109.4,109.67,109.13,109.54,84926
2020-08-17 12:30:00,109.51,109.755,109.47,109.6,66204
2020-08-17 13:30:00,109.6,109.71,109.43,109.55,65907
2020-08-17 14:30:00,109.6149,109.79,109.44,109.604,134440
2020-08-17 15:30:00,109.6,109.64,109.39,109.54,146942
2020-08-18 09:30:00,109.78,110.47,108.5,108.55,235653
2020-08-18 10:30:00,108.8677,109.59,108.41,109.378,87555
2020-08-18 11:30:00,109.38,109.55,109.05,109.06,104895
2020-08-18 12:30:00,109.08,109.4,109.0,109.11,71424
2020-08-18 13:30:00,109.1141,109.43,108.97,109.16,90214
2020-08-18 14:30:00,109.175,109.39,109.01,109.24,136073
2020-08-18 15:30:00,109.23,109.39,109.035,109.14,148698
2020-08-19 09:30:00,109.04,109.5,107.37,108.53,320543
2020-08-19 10:30:00,108.5,108.92,108.1,108.92,81477
2020-08-19 11:30:00,108.91,109.49,108.8797,109.2,109572
2020-08-19 12:30:00,109.205,109.28,109.0,109.185,49743
2020-08-19 13:30:00,109.17,109.59,108.14,108.415,101568
2020-08-19 14:30:00,108.44,109.11,108.39,108.55,79366
2020-08-19 15:30:00,108.55,108.76,108.24,108.53,167576
2020-08-20 09:30:00,107.99,109.33,107.88,108.97,154582
2020-08-20 10:30:00,108.96,109.7,108.79,109.685,90483
2020-08-20 11:30:00,109.68,110.24,109.66,109.99,113352
2020-08-20 12:30:00,110.0,110.34,109.88,110.265,59019
2020-08-20 13:30:00,110.26,110.91,110.14,110.88,118086
2020-08-20 14:30:00,110.8323,111.26,110.81,111.18,169200
2020-08-20 15:30:00,111.18,111.635,111.11,111.27,255181
2020-08-21 09:30:00,110.7,111.2,109.31,110.33,376735
2020-08-21 10:30:00,110.34,110.82,109.89,110.27,134990
2020-08-21 11:30:00,110.29,110.7399,109.745,110.71,117347
2020-08-21 12:30:00,110.7271,110.7271,110.19,110.45,129141
2020-08-21 13:30:00,110.44,110.5,110.14,110.27,77948
2020-08-21 14:30:00,110.262,110.67,110.2301,110.56,142915
2020-08-21 15:30:00,110.545,110.64,110.35,110.57,197751
2020-08-24 09:30:00,111.79,113.05,111.22,112.075,283490
2020-08-24 10:30:00,112.07,112.07,110.59,110.7,86077
2020-08-24 11:30:00,110.7,111.24,110.7,111.01,72344
2020-08-24 12:30:00,110.98,111.59,110.89,110.96,86861
2020-08-24 13:30:00,110.95,111.2636,110.84,111.11,58354
2020-08-24 14:30:00,111.1,111.21,110.7204,111.0982,105594
2020-08-24 15:30:00,111.11,111.32,111.03,111.27,121158
2020-09-09 09:30:00,102.63,103.95,101.15,102.73,350845
2020-09-09 10:30:00,102.65,103.2,102.39,103.11,122764
2020-09-09 11:30:00,103.11,103.5,102.77,103.47,84181
2020-09-09 12:30:00,103.48,104.27,103.42,103.955,123346
2020-09-09 13:30:00,103.934,104.05,103.35,103.75,112193
2020-09-09 14:30:00,103.74,105.0,103.74,104.98,156701
2020-09-09 15:30:00,105.0,105.12,104.17,104.34,260055
2020-09-10 09:30:00,104.7,105.83,104.31,105.16,244636
2020-09-10 10:30:00,105.1699,105.74,103.76,105.03,128186
2020-09-10 11:30:00,105.0136,105.31,103.82,104.03,85199
2020-09-10 12:30:00,104.0,104.45,103.37,103.98,91151
2020-09-10 13:30:00,103.9556,104.23,101.9,101.93,137302
2020-09-10 14:30:00,101.97,102.85,101.5,102.0907,205243
2020-09-10 15:30:00,102.09,102.76,101.9,102.23,163466
2020-09-11 09:30:00,103.1,103.63,101.84,103.09,223955
2020-09-11 10:30:00,103.15,103.81,102.69,103.06,111472
2020-09-11 11:30:00,103.08,103.08,102.075,102.24,84990
2020-09-11 12:30:00,102.2,102.2,100.67,100.71,123063
2020-09-11 13:30:00,100.71,101.38,100.21,100.76,124235
2020-09-11 14:30:00,100.77,101.77,100.57,101.63,162667
2020-09-11 15:30:00,101.66,101.865,101.08,101.54,127255
2020-09-14 09:30:00,102.88,103.18,102.01,103.1,225445
2020-09-14 10:30:00,103.08,103.77,102.89,103.662,150875
2020-09-14 11:30:00,103.69,103.9799,103.21,103.29,100070
2020-09-14 12:30:00,103.3,103.37,102.56,102.94,110259
2020-09-14 13:30:00,102.94,103.82,102.65,103.55,186311
2020-09-14 14:30:00,103.54,103.74,103.03,103.44,139686
2020-09-14 15:30:00,103.46,104.05,103.23,103.25,196938
2020-09-15 09:30:00,104.45,105.8843,104.15,105.13,207930
2020-09-15 10:30:00,105.17,105.4,104.57,105.13,91591
2020-09-15 11:30:00,105.115,105.61,105.0468,105.37,93287
2020-09-15 12:30:00,105.3772,105.64,105.25,105.38,80562
2020-09-15 13:30:00,105.38,105.5,104.98,105.16,113996
2020-09-15 14:30:00,105.17,105.41,104.84,105.12,142731
2020-09-15 15:30:00,105.11,105.33,104.64,105.23,194213
2020-09-16 09:30:00,105.72,106.24,104.58,105.07,171140
2020-09-16 10:30:00,105.07,105.13,104.22,104.79,95512
2020-09-16 11:30:00,104.84,105.03,104.41,104.53,56837
2020-09-16 12:30:00,104.55,104.55,103.61,103.7,67475
2020-09-16 13:30:00,103.67,104.41,103.5193,104.14,96081
2020-09-16 14:30:00,104.16,104.49,102.9,102.96,164044
2020-09-16 15:30:00,102.9638,103.22,102.42,102.58,181026
2020-10-22 09:30:00,111.67,112.0599,110.12,110.3308,198694
2020-10-22 10:30:00,110.3107,110.3877,108.86,109.93,169854
2020-10-22 11:30:00,109.92,109.99,109.21,109.34,116481
2020-10-22 12:30:00,109.35,109.78,108.75,109.78,121492
2020-10-22 13:30:00,109.78,110.43,109.66,110.16,145588
2020-10-22 14:30:00,110.15,110.325,109.7,109.9,126792
2020-10-22 15:30:00,109.8659,110.09,109.19,109.27,299669
2020-10-23 09:30:00,109.73,110.82,109.05,110.535,164314
2020-10-23 10:30:00,110.48,110.98,109.9,110.57,137345
2020-10-23 11:30:00,110.53,111.38,110.3528,111.225,135082
2020-10-23 12:30:00,111.2,111.77,111.15,111.7,83182
2020-10-23 13:30:00,111.74,111.94,111.51,111.89,93934
2020-10-23 14:30:00,111.89,111.9686,111.57,111.795,113242
2020-10-23 15:30:00,111.81,112.11,111.62,112.03,164378
2020-10-26 09:30:00,110.31,112.22,110.04,110.04,123797
2020-10-26 10:30:00,110.055,110.14,108.55,108.91,121120
2020-10-26 11:30:00,108.87,109.23,108.53,109.11,86358
2020-10-26 12:30:00,109.06,109.1,108.08,108.27,70589
2020-10-26 13:30:00,108.25,109.25,108.1,109.22,84295
2020-10-26 14:30:00,109.24,109.5,108.94,109.28,87218
2020-10-26 15:30:00,109.31,109.89,109.03,109.88,192717
2020-10-27 09:30:00,111.0,112.2,109.98,110.075,134158
2020-10-27 10:30:00,110.05,111.44,109.95,111.07,84161
2020-10-27 11:30:00,111.12,111.48,110.79,110.97,81102
2020-10-27 12:30:00,110.93,111.29,110.79,110.98,63138
2020-10-27 13:30:00,111.01,111.1758,110.31,110.49,89797
2020-10-27 14:30:00,110.5,110.52,109.89,110.27,83094
2020-10-27 15:30:00,110.25,110.37,109.68,109.86,190010
2020-10-28 09:30:00,108.28,108.71,106.02,106.22,224836
2020-10-28 10:30:00,106.22,107.03,105.9,106.5162,159761
2020-10-28 11:30:00,106.54,106.99,106.31,106.5225,136096
2020-10-28 12:30:00,106.54,106.84,106.27,106.78,126193
2020-10-28 13:30:00,106.76,107.86,106.76,107.85,137903
2020-10-28 14:30:00,107.855,108.98,107.485,108.71,563791
2020-10-28 15:30:00,108.7,109.39,107.5,107.64,390180
2020-10-29 09:30:00,107.65,109.9,106.99,109.665,191360
2020-10-29 10:30:00,109.66,109.96,109.17,109.6757,122670
2020-10-29 11:30:00,109.63,109.91,109.16,109.61,112546
2020-10-29 12:30:00,109.65,110.14,109.47,109.9549,112018
2020-10-29 13:30:00,110.1075,111.37,109.9638,111.35,146266
2020-10-29 14:30:00,111.31,111.51,110.66,111.04,188289
2020-10-29 15:30:00,111.01,111.23,110.13,110.22,221250
2020-10-30 09:30:00,108.82,110.79,108.35,109.98,315758
2020-10-30 10:30:00,109.97,110.01,108.14,108.419,348342
2020-10-30 11:30:00,108.35,109.62,108.1333,109.56,156063
2020-10-30 12:30:00,109.56,109.6,108.78,109.04,157295
2020-10-30 13:30:00,109.03,109.08,108.37,108.665,222314
2020-10-30 14:30:00,108.66,109.36,108.5599,108.645,251592
2020-10-30 15:30:00,108.66,109.51,108.505,109.51,397637
2020-11-13 09:30:00,115.56,116.545,114.9,115.5501,172358
2020-11-13 10:30:00,115.692,115.692,114.73,115.3,118895
2020-11-13 11:30:00,115.25,115.73,115.16,115.4637,69989
2020-11-13 12:30:00,115.39,115.505,115.2,115.28,53525
2020-11-13 13:30:00,115.25,115.57,114.84,115.4,83844
2020-11-13 14:30:00,115.41,115.66,115.33,115.5672,101296
2020-11-13 15:30:00,115.6,116.025,115.56,115.82,137594
2020-11-16 09:30:00,115.0,115.43,114.032,115.27,247968
2020-11-16 10:30:00,115.2,116.38,114.86,115.59,98068
2020-11-16 11:30:00,115.59,116.18,115.24,115.34,93048
2020-11-16 12:30:00,115.3,115.38,114.38,114.75,111199
2020-11-16 13:30:00,114.83,114.97,114.44,114.515,90616
2020-11-16 14:30:00,114.5,114.56,113.9338,114.08,128531
2020-11-16 15:30:00,114.08,114.87,113.98,114.85,217929
2020-11-17 09:30:00,115.0,115.29,113.31,113.65,201781
2020-11-17 10:30:00,113.7,114.41,113.48,113.74,154598
2020-11-17 11:30:00,113.7227,113.98,113.44,113.685,72177
2020-11-17 12:30:00,113.6849,114.21,113.4,114.14,116654
2020-11-17 13:30:00,113.9784,114.33,113.46,113.76,108677
2020-11-17 14:30:00,113.7989,114.07,113.54,113.82,126807
2020-11-17 15:30:00,113.7115,113.78,113.27,113.5,254016
2020-11-18 09:30:00,113.765,113.765,112.2001,112.73,218069
2020-11-18 10:30:00,112.76,113.16,112.49,112.56,80669
2020-11-18 11:30:00,112.52,112.6773,112.15,112.38,134679
2020-11-18 12:30:00,112.4,112.51,111.77,111.86,106107
2020-11-18 13:30:00,111.86,111.9299,111.14,111.64,169894
2020-11-18 14:30:00,111.66,111.94,111.4907,111.575,199260
2020-11-18 15:30:00,111.59,111.72,110.83,111.03,335636
2020-11-19 09:30:00,111.5,112.88,110.41,112.095,219855
2020-11-19 10:30:00,112.12,112.71,111.92,112.42,222410
2020-11-19 11:30:00,112.45,113.0,112.195,112.8076,515095
2020-11-19 12:30:00,112.8084,113.12,111.928,112.15,84645
2020-11-19 13:30:00,112.2,112.27,111.79,112.2,99947
2020-11-19 14:30:00,112.2,112.57,112.0574,112.525,253128
2020-11-19 15:30:00,112.4328,112.82,112.34,112.56,381599
2020-11-20 09:30:00,112.82,114.54,112.57,114.35,419359
2020-11-20 10:30:00,114.3756,114.68,114.09,114.48,176908
2020-11-20 11:30:00,114.48,114.88,113.99,114.1,103284
2020-11-20 12:30:00,114.12,114.275,112.6,113.79,78247
2020-11-20 13:30:00,113.78,113.9999,113.6,113.915,98825
2020-11-20 14:30:00,113.92,114.24,113.41,113.45,162531
2020-11-20 15:30:00,113.42,113.52,112.64,112.79,257561
2020-11-23 09:30:00,113.52,114.0,111.32,111.39,166497
2020-11-23 10:30:00,111.31,111.4542,109.65,109.92,120072
2020-11-23 11:30:00,109.85,110.47,109.72,110.36,62738
2020-11-23 12:30:00,110.36,111.07,110.025,110.98,70426
2020-11-23 13:30:00,110.97,111.06,110.5,110.9304,93180
2020-11-23 14:30:00,110.95,111.62,110.91,111.42,145157
2020-11-23 15:30:00,111.42,111.49,111.09,111.25,178470
