bar_start,open,high,low,close,volume
2016-01-04 09:30:00,13.01,13.8,12.8434,12.89,58805
2016-01-04 10:30:00,12.86,12.93,12.78,12.8,42152
2016-01-04 11:30:00,12.8,12.92,12.79,12.86,40472
2016-01-04 12:30:00,12.85,12.89,12.83,12.87,31067
2016-01-04 13:30:00,12.89,12.9,12.8,12.84,44395
2016-01-04 14:30:00,12.85,12.85,12.77,12.79,65324
2016-01-04 15:30:00,12.79,12.81,12.74,12.78,194152
2016-01-05 09:30:00,12.81,13.8,12.63,12.65,47490
2016-01-05 10:30:00,12.64,12.775,12.62,12.71,27171
2016-01-05 11:30:00,12.7,12.76,12.64,12.66,46327
2016-01-05 12:30:00,12.65,12.73,12.63,12.65,26350
2016-01-05 13:30:00,12.65,12.82,12.65,12.77,33307
2016-01-05 14:30:00,12.77,12.78,12.7269,12.7672,37613
2016-01-05 15:30:00,12.77,12.78,12.725,12.77,78428
2016-01-06 09:30:00,12.53,12.61,12.36,12.588,49570
2016-01-06 10:30:00,12.58,12.6,12.52,12.57,24754
2016-01-06 11:30:00,12.57,12.59,12.5,12.52,16692
2016-01-06 12:30:00,12.51,12.54,12.47,12.5,36804
2016-01-06 13:30:00,12.5,12.5098,12.44,12.47,20681
2016-01-06 14:30:00,12.47,12.47,12.38,12.45,40512
2016-01-06 15:30:00,12.44,12.4501,12.4,12.4,79750
2016-01-07 09:30:00,12.14,12.79,12.1,12.15,42408
2016-01-07 10:30:00,12.16,12.19,12.07,12.11,51155
2016-01-07 11:30:00,12.12,12.135,12.04,12.04,53952
2016-01-07 12:30:00,12.05,12.0583,11.9,11.91,57051
2016-01-07 13:30:00,11.9,11.93,11.86,11.86,96209
2016-01-07 14:30:00,11.86,11.91,11.82,11.835,103283
2016-01-07 15:30:00,11.83,11.87,11.78,11.79,189340
2016-01-08 09:30:00,11.8,11.97,11.74,11.7619,81824
2016-01-08 10:30:00,11.74,11.7615,11.45,11.45,91314
2016-01-08 11:30:00,11.45,11.69,11.415,11.6701,239842
2016-01-08 12:30:00,11.6875,11.6875,11.57,11.61,73610
2016-01-08 13:30:00,11.61,11.655,11.57,11.59,49671
2016-01-08 14:30:00,11.59,11.64,11.565,11.585,65611
2016-01-08 15:30:00,11.571,11.58,11.44,11.46,272710
2016-01-11 09:30:00,11.53,11.64,11.51,11.5499,56849
2016-01-11 10:30:00,11.55,11.6,11.48,11.515,44093
2016-01-11 11:30:00,11.51,11.52,11.4635,11.47,85482
2016-01-11 12:30:00,11.47,11.52,11.43,11.45,40040
2016-01-11 13:30:00,11.4356,11.59,11.41,11.58,200083
2016-01-11 14:30:00,11.5,11.67,11.495,11.63,154281
2016-01-11 15:30:00,11.64,11.67,11.55,11.59,293552
2016-01-12 09:30:00,11.7,11.76,11.62,11.64,202027
2016-01-12 10:30:00,11.63,11.665,11.48,11.48,31989
2016-01-12 11:30:00,11.49,11.54,11.43,11.46,28329
2016-01-12 12:30:00,11.45,11.45,11.36,11.39,27342
2016-01-12 13:30:00,11.39,11.4175,11.34,11.39,35900
2016-01-12 14:30:00,11.38,11.385,11.29,11.33,119454
2016-01-12 15:30:00,11.32,11.44,11.31,11.42,152678
2016-01-13 09:30:00,11.43,11.6,11.38,11.4,32343
2016-01-13 10:30:00,11.4,11.4,11.2801,11.34,22425
2016-01-13 11:30:00,11.34,11.36,11.18,11.19,38164
2016-01-13 12:30:00,11.19,11.21,11.14,11.18,32333
2016-01-13 13:30:00,11.18,11.19,11.09,11.13,68879
2016-01-13 14:30:00,11.13,11.13,10.98,11.07,87404
2016-01-13 15:30:00,11.07,11.07,10.94,10.98,275215
2016-01-14 09:30:00,11.09,11.41,10.87,11.14,67030
2016-01-14 10:30:00,11.14,11.25,10.92,10.97,86782
2016-01-14 11:30:00,10.97,11.115,10.97,11.085,68741
2016-01-14 12:30:00,11.09,11.17,11.06,11.1,97606
2016-01-14 13:30:00,11.1,11.28,11.1,11.27,230449
2016-01-14 14:30:00,11.27,11.44,11.27,11.32,65856
2016-01-14 15:30:00,11.32,11.32,11.24,11.26,99231
2016-01-15 09:30:00,10.92,11.13,10.92,11.07,139348
2016-01-15 10:30:00,11.08,11.17,10.89,10.92,111417
2016-01-15 11:30:00,10.923,10.97,10.81,10.83,41945
2016-01-15 12:30:00,10.84,10.88,10.74,10.86,57105
2016-01-15 13:30:00,10.85,10.95,10.84,10.87,46902
2016-01-15 14:30:00,10.86,11.01,10.83,10.9,98544
2016-01-15 15:30:00,10.89,10.93,10.87,10.89,165408
2016-01-19 09:30:00,11.06,11.06,10.701,10.96,53221
2016-01-19 10:30:00,10.96,10.97,10.74,10.83,72178
2016-01-19 11:30:00,10.83,10.85,10.7,10.76,71229
2016-01-19 12:30:00,10.76,10.76,10.65,10.66,55932
2016-01-19 13:30:00,10.67,10.71,10.58,10.59,154419
2016-01-19 14:30:00,10.6,10.64,10.52,10.6391,113395
2016-01-19 15:30:00,10.635,10.72,10.61,10.62,168252
2016-02-16 09:30:00,11.85,12.09,11.71,11.85,68804
2016-02-16 10:30:00,11.85,11.9199,11.81,11.88,58235
2016-02-16 11:30:00,11.88,12.025,11.88,12.02,53889
2016-02-16 12:30:00,12.02,12.07,11.99,12.0158,39941
2016-02-16 13:30:00,12.0,12.07,11.99,12.03,38498
2016-02-16 14:30:00,12.04,12.06,11.98,12.0255,51409
2016-02-16 15:30:00,12.015,12.05,12.0,12.01,106635
2016-02-17 09:30:00,12.08,12.16,11.68,12.15,94503
2016-02-17 10:30:00,12.15,12.16,12.093,12.13,56083
2016-02-17 11:30:00,12.14,12.15,12.05,12.07,51299
2016-02-17 12:30:00,12.08,12.09,12.03,12.06,52054
2016-02-17 13:30:00,12.065,12.11,12.03,12.06,53309
2016-02-17 14:30:00,12.07,12.09,12.0,12.03,75989
2016-02-17 15:30:00,12.03,12.04,11.995,12.01,161053
2016-02-18 09:30:00,12.01,12.6699,11.96,12.22,83374
2016-02-18 10:30:00,12.23,12.25,12.15,12.21,71775
2016-02-18 11:30:00,12.21,12.27,12.17,12.24,77814
2016-02-18 12:30:00,12.2163,12.26,12.13,12.16,90609
2016-02-18 13:30:00,12.16,12.175,12.12,12.12,77853
2016-02-18 14:30:00,12.13,12.16,12.09,12.14,96981
2016-02-18 15:30:00,12.14,12.15,12.105,12.12,143671
2016-02-19 09:30:00,12.09,12.3,11.5,12.28,90664
2016-02-19 10:30:00,12.28,12.28,12.1975,12.21,35514
2016-02-19 11:30:00,12.22,12.24,12.17,12.2,82261
2016-02-19 12:30:00,12.2,12.22,12.19,12.205,22066
2016-02-19 13:30:00,12.2,12.23,12.195,12.2,26236
2016-02-19 14:30:00,12.19,12.1993,12.075,12.1047,61307
2016-02-19 15:30:00,12.13,12.14,12.09,12.11,73974
2016-02-22 09:30:00,12.21,12.44,12.08,12.21,50590
2016-02-22 10:30:00,12.2135,12.235,12.135,12.14,47688
2016-02-22 11:30:00,12.14,12.15,12.11,12.12,34979
2016-02-22 12:30:00,12.13,12.18,12.11,12.14,42085
2016-02-22 13:30:00,12.15,12.2,12.13,12.165,26488
2016-02-22 14:30:00,12.16,12.21,12.14,12.175,53896
2016-02-22 15:30:00,12.17,12.17,12.1,12.13,86312
2016-02-23 09:30:00,12.11,12.2,12.0,12.16,61275
2016-02-23 10:30:00,12.16,12.22,12.16,12.22,72430
2016-02-23 11:30:00,12.22,12.24,12.1737,12.23,35840
2016-02-23 12:30:00,12.23,12.2425,12.21,12.225,14861
2016-02-23 13:30:00,12.22,12.22,12.19,12.2,76145
2016-02-23 14:30:00,12.2099,12.21,12.09,12.13,64435
2016-02-23 15:30:00,12.12,12.17,12.08,12.09,79173
2016-03-28 09:30:00,13.04,13.04,12.84,12.84,43960
2016-03-28 10:30:00,12.83,12.85,12.8,12.83,12768
2016-03-28 11:30:00,12.84,12.86,12.78,12.86,8523
2016-03-28 12:30:00,12.87,12.945,12.86,12.93,15337
2016-03-28 13:30:00,12.935,12.97,12.9,12.9,19022
2016-03-28 14:30:00,12.91,12.915,12.88,12.8925,13790
2016-03-28 15:30:00,12.89,12.895,12.83,12.84,40690
2016-03-29 09:30:00,12.78,13.11,12.67,13.09,41878
2016-03-29 10:30:00,13.09,13.12,13.06,13.09,32141
2016-03-29 11:30:00,13.09,13.17,13.08,13.17,25078
2016-03-29 12:30:00,13.17,13.3,13.1564,13.28,38480
2016-03-29 13:30:00,13.27,13.43,13.26,13.43,43599
2016-03-29 14:30:00,13.43,13.535,13.43,13.51,68642
2016-03-29 15:30:00,13.51,13.515,12.8,13.49,84570
2016-03-30 09:30:00,13.52,13.64,13.469,13.6,60055
2016-03-30 10:30:00,13.62,13.62,13.45,13.45,27821
2016-03-30 11:30:00,13.45,13.52,13.42,13.46,36864
2016-03-30 12:30:00,13.46,13.48,13.435,13.44,18361
2016-03-30 13:30:00,13.44,13.54,13.43,13.54,54742
2016-03-30 14:30:00,13.531,13.645,13.531,13.635,75365
2016-03-30 15:30:00,13.63,13.65,13.57,13.58,65931
2016-03-31 09:30:00,13.54,13.67,13.26,13.5235,30899
2016-03-31 10:30:00,13.51,13.6,13.48,13.58,44694
2016-03-31 11:30:00,13.58,13.64,13.565,13.64,10378
2016-03-31 12:30:00,13.63,13.675,13.62,13.64,17775
2016-03-31 13:30:00,13.64,13.65,13.603,13.64,16390
2016-03-31 14:30:00,13.64,13.68,13.63,13.6701,17945
2016-03-31 15:30:00,13.68,13.69,13.6,13.62,74894
2016-04-01 09:30:00,13.5,13.7,13.38,13.43,53228
2016-04-01 10:30:00,13.41,13.46,13.37,13.39,36060
2016-04-01 11:30:00,13.39,13.45,13.375,13.4,44178
2016-04-01 12:30:00,13.4,13.455,13.38,13.44,51876
2016-04-01 13:30:00,13.44,13.48,13.43,13.45,35235
2016-04-01 14:30:00,13.46,13.49,13.45,13.47,56237
2016-04-01 15:30:00,13.48,13.505,13.45,13.47,84215
2016-04-04 09:30:00,13.39,13.48,13.32,13.4,46066
2016-04-04 10:30:00,13.39,13.41,13.27,13.31,37386
2016-04-04 11:30:00,13.32,13.39,13.31,13.3426,17688
2016-04-04 12:30:00,13.34,13.38,13.325,13.34,17987
2016-04-04 13:30:00,13.34,13.34,13.27,13.29,39573
2016-04-04 14:30:00,13.295,13.35,13.29,13.33,34686
2016-04-04 15:30:00,13.32,13.34,13.26,13.26,68463
2016-04-14 09:30:00,13.43,13.455,13.0801,13.455,72717
2016-04-14 10:30:00,13.46,13.53,13.435,13.525,29358
2016-04-14 11:30:00,13.53,13.57,13.48,13.495,60704
2016-04-14 12:30:00,13.49,13.56,13.46,13.56,21737
2016-04-14 13:30:00,13.56,13.56,13.47,13.48,33465
2016-04-14 14:30:00,13.48,13.585,13.48,13.5502,22691
2016-04-14 15:30:00,13.55,13.57,13.515,13.56,86317
2016-04-15 09:30:00,13.52,13.6,13.474,13.595,62729
2016-04-15 10:30:00,13.595,13.63,13.59,13.63,24814
2016-04-15 11:30:00,13.63,13.63,13.61,13.615,17131
2016-04-15 12:30:00,13.62,13.62,13.58,13.61,26094
2016-04-15 13:30:00,13.6,13.615,13.5736,13.61,23081
2016-04-15 14:30:00,13.61,13.63,13.61,13.62,20454
2016-04-15 15:30:00,13.62,13.63,13.53,13.55,76022
2016-04-18 09:30:00,13.47,13.61,13.0,13.6,18853
2016-04-18 10:30:00,13.5901,13.61,13.54,13.55,19063
2016-04-18 11:30:00,13.55,13.63,13.54,13.63,26836
2016-04-18 12:30:00,13.63,13.65,13.59,13.63,40030
2016-04-18 13:30:00,13.63,13.63,13.58,13.5968,17193
2016-04-18 14:30:00,13.6,13.65,13.5925,13.64,31521
2016-04-18 15:30:00,13.64,13.69,13.62,13.68,90225
2016-04-19 09:30:00,13.69,13.74,13.3601,13.71,60188
2016-04-19 10:30:00,13.7,13.74,13.6,13.73,53864
2016-04-19 11:30:00,13.73,13.75,13.69,13.72,63284
2016-04-19 12:30:00,13.71,13.71,13.635,13.695,29058
2016-04-19 13:30:00,13.7,13.7,13.66,13.66,26759
2016-04-19 14:30:00,13.66,13.69,13.64,13.6625,25541
2016-04-19 15:30:00,13.67,13.68,13.63,13.65,35343
2016-04-20 09:30:00,13.57,13.65,13.39,13.51,40758
2016-04-20 10:30:00,13.52,13.54,13.439,13.5312,18587
2016-04-20 11:30:00,13.53,13.53,13.45,13.45,15689
2016-04-20 12:30:00,13.45,13.51,13.45,13.5,29290
2016-04-20 13:30:00,13.49,13.59,13.49,13.57,27352
2016-04-20 14:30:00,13.57,13.6,13.54,13.54,17092
2016-04-20 15:30:00,13.54,13.55,13.51,13.515,27782
2016-04-21 09:30:00,13.53,13.6,13.46,13.57,41832
2016-04-21 10:30:00,13.57,13.59,13.55,13.5799,15860
2016-04-21 11:30:00,13.57,13.58,13.45,13.52,31960
2016-04-21 12:30:00,13.52,13.57,13.52,13.53,22972
2016-04-21 13:30:00,13.53,13.5589,13.5,13.545,30165
2016-04-21 14:30:00,13.54,13.55,13.51,13.5199,30558
2016-04-21 15:30:00,13.5125,13.57,13.51,13.53,52284
2016-04-22 09:30:00,13.52,13.75,13.4,13.71,77301
2016-04-22 10:30:00,13.71,13.74,13.63,13.7,25661
2016-04-22 11:30:00,13.69,13.73,13.6801,13.69,29465
2016-04-22 12:30:00,13.7004,13.72,13.66,13.67,23712
2016-04-22 13:30:00,13.67,13.75,13.6601,13.73,32720
2016-04-22 14:30:00,13.74,13.74,13.68,13.68,22214
2016-04-22 15:30:00,13.68,13.69,13.64,13.68,63412
2016-04-25 09:30:00,13.64,13.75,13.61,13.7,60538
2016-04-25 10:30:00,13.71,13.75,13.67,13.67,27428
2016-04-25 11:30:00,13.68,13.69,13.595,13.61,19507
2016-04-25 12:30:00,13.62,13.69,13.61,13.65,19990
2016-04-25 13:30:00,13.6528,13.6528,13.59,13.6201,25777
2016-04-25 14:30:00,13.62,13.68,13.62,13.67,52345
2016-04-25 15:30:00,13.67,13.705,13.65,13.69,104255
2016-04-26 09:30:00,13.74,14.02,13.64,13.98,322260
2016-04-26 10:30:00,13.96,14.01,13.79,13.98,152070
2016-04-26 11:30:00,13.98,14.11,13.96,13.98,285069
2016-04-26 12:30:00,14.0,14.075,13.96,14.0,145514
2016-04-26 13:30:00,14.0,14.05,13.92,13.9372,134078
2016-04-26 14:30:00,13.93,13.9337,13.73,13.79,89016
2016-04-26 15:30:00,13.79,13.825,13.75,13.77,224183
2016-04-27 09:30:00,13.78,13.99,13.49,13.86,103535
2016-04-27 10:30:00,13.86,13.95,13.85,13.915,69019
2016-04-27 11:30:00,13.92,13.99,13.9,13.91,57009
2016-04-27 12:30:00,13.9,13.92,13.85,13.85,30451
2016-04-27 13:30:00,13.85,13.92,13.845,13.86,72410
2016-04-27 14:30:00,13.86,13.9175,13.8275,13.91,51646
2016-04-27 15:30:00,13.915,13.93,13.89,13.9,107777
2016-04-28 09:30:00,13.75,13.99,13.64,13.79,73556
2016-04-28 10:30:00,13.8,13.86,13.75,13.785,48714
2016-04-28 11:30:00,13.79,13.79,13.7475,13.775,49941
2016-04-28 12:30:00,13.77,13.7781,13.68,13.69,30862
2016-04-28 13:30:00,13.685,13.7,13.65,13.665,35045
2016-04-28 14:30:00,13.67,13.675,13.52,13.52,50596
2016-04-28 15:30:00,13.52,13.58,13.5,13.51,91376
2016-04-29 09:30:00,13.5,13.5,13.23,13.33,46384
2016-04-29 10:30:00,13.32,13.45,13.25,13.26,36112
2016-04-29 11:30:00,13.255,13.32,13.238,13.29,29009
2016-04-29 12:30:00,13.29,13.32,13.22,13.28,28193
2016-04-29 13:30:00,13.29,13.3,13.19,13.22,61670
2016-04-29 14:30:00,13.21,13.25,13.16,13.21,42707
2016-04-29 15:30:00,13.215,13.32,13.21,13.28,112217
2016-05-02 09:30:00,13.38,13.48,13.17,13.29,53551
2016-05-02 10:30:00,13.27,13.41,13.26,13.41,49353
2016-05-02 11:30:00,13.41,13.44,13.365,13.4,52191
2016-05-02 12:30:00,13.4,13.41,13.33,13.39,33225
2016-05-02 13:30:00,13.39,13.45,13.39,13.45,45298
2016-05-02 14:30:00,13.45,13.51,13.43,13.51,51484
2016-05-02 15:30:00,13.5,13.62,13.5,13.62,177089
2016-05-03 09:30:00,13.53,13.735,13.457,13.54,53559
2016-05-03 10:30:00,13.53,13.53,13.39,13.39,59438
2016-05-03 11:30:00,13.39,13.5,13.39,13.5,37022
2016-05-03 12:30:00,13.51,13.58,13.49,13.56,45519
2016-05-03 13:30:00,13.57,13.6,13.54,13.59,63236
2016-05-03 14:30:00,13.59,13.63,13.56,13.62,69953
2016-05-03 15:30:00,13.61,13.62,13.58,13.58,109120
2016-05-16 09:30:00,13.05,13.21,12.845,13.16,29589
2016-05-16 10:30:00,13.16,13.2025,13.1,13.15,38618
2016-05-16 11:30:00,13.15,13.23,13.09,13.09,49540
2016-05-16 12:30:00,13.1,13.12,13.07,13.1,35521
2016-05-16 13:30:00,13.11,13.2025,13.09,13.19,50391
2016-05-16 14:30:00,13.19,13.22,13.17,13.19,62844
2016-05-16 15:30:00,13.195,13.2,13.13,13.15,81881
2016-05-17 09:30:00,13.15,13.18,12.99,13.11,74728
2016-05-17 10:30:00,13.1,13.19,13.03,13.12,30889
2016-05-17 11:30:00,13.1101,13.17,13.06,13.0774,30068
2016-05-17 12:30:00,13.07,13.09,12.97,12.99,41860
2016-05-17 13:30:00,12.9968,13.01,12.79,12.83,54555
2016-05-17 14:30:00,12.83,12.885,12.79,12.82,88098
2016-05-17 15:30:00,12.815,12.88,12.815,12.84,107223
2016-05-18 09:30:00,12.81,13.15,12.81,13.14,26059
2016-05-18 10:30:00,13.12,13.18,13.07,13.1799,41990
2016-05-18 11:30:00,13.18,13.23,13.15,13.16,15189
2016-05-18 12:30:00,13.16,13.28,13.16,13.27,18863
2016-05-18 13:30:00,13.2619,13.32,13.1688,13.21,70314
2016-05-18 14:30:00,13.19,13.25,13.16,13.18,58069
2016-05-18 15:30:00,13.185,13.24,13.17,13.22,75190
2016-05-19 09:30:00,13.09,13.33,13.09,13.17,48427
2016-05-19 10:30:00,13.16,13.18,13.01,13.03,35078
2016-05-19 11:30:00,13.04,13.095,12.98,13.05,62134
2016-05-19 12:30:00,13.05,13.095,13.04,13.08,47739
2016-05-19 13:30:00,13.07,13.12,13.04,13.1175,57601
2016-05-19 14:30:00,13.12,13.13,13.03,13.105,41417
2016-05-19 15:30:00,13.11,13.14,13.1,13.11,91102
2016-05-20 09:30:00,13.21,13.52,13.13,13.46,68287
2016-05-20 10:30:00,13.47,13.55,13.4666,13.52,14227
2016-05-20 11:30:00,13.54,13.58,13.52,13.55,23321
2016-05-20 12:30:00,13.55,13.55,13.48,13.48,18037
2016-05-20 13:30:00,13.48,13.48,13.39,13.4625,19503
2016-05-20 14:30:00,13.4626,13.48,13.4,13.44,71030
2016-05-20 15:30:00,13.44,13.51,13.44,13.5,72910
2016-05-23 09:30:00,13.55,13.67,13.48,13.59,27746
2016-05-23 10:30:00,13.62,13.6399,13.57,13.58,31026
2016-05-23 11:30:00,13.585,13.585,13.51,13.52,14896
2016-05-23 12:30:00,13.52,13.55,13.5199,13.53,10454
2016-05-23 13:30:00,13.53,13.61,13.515,13.5904,22686
2016-05-23 14:30:00,13.59,13.6,13.54,13.56,33928
2016-05-23 15:30:00,13.5501,13.57,13.52,13.53,55916
2016-05-24 09:30:00,13.64,13.84,13.59,13.75,126560
2016-05-24 10:30:00,13.75,13.905,13.74,13.83,135798
2016-05-24 11:30:00,13.83,13.91,13.79,13.79,134894
2016-05-24 12:30:00,13.8,13.915,13.8,13.89,92360
2016-05-24 13:30:00,13.89,13.8999,13.84,13.8825,98804
2016-05-24 14:30:00,13.88,13.89,13.8,13.82,175088
2016-05-24 15:30:00,13.83,13.87,13.81,13.85,116256
2016-06-27 09:30:00,13.8,13.94,13.57,13.58,66420
2016-06-27 10:30:00,13.58,13.61,13.41,13.51,63588
2016-06-27 11:30:00,13.52,13.57,13.49,13.56,38415
2016-06-27 12:30:00,13.57,13.66,13.51,13.64,41387
2016-06-27 13:30:00,13.63,13.63,13.5199,13.56,51146
2016-06-27 14:30:00,13.565,13.57,13.41,13.46,74455
2016-06-27 15:30:00,13.46,13.55,13.45,13.52,143343
2016-06-28 09:30:00,13.64,13.86,13.54,13.82,34816
2016-06-28 10:30:00,13.81,13.82,13.66,13.66,54505
2016-06-28 11:30:00,13.6601,13.71,13.66,13.7,42633
2016-06-28 12:30:00,13.71,13.75,13.64,13.67,20008
2016-06-28 13:30:00,13.65,13.71,13.65,13.69,27573
2016-06-28 14:30:00,13.7,13.845,13.6932,13.78,124641
2016-06-28 15:30:00,13.78,13.8,13.73,13.745,111577
2016-06-29 09:30:00,13.91,14.01,13.85,13.92,78559
2016-06-29 10:30:00,13.92,13.95,13.885,13.93,23748
2016-06-29 11:30:00,13.9368,13.975,13.9101,13.96,30874
2016-06-29 12:30:00,13.96,13.98,13.9101,13.94,21248
2016-06-29 13:30:00,13.94,14.0265,13.94,14.02,30399
2016-06-29 14:30:00,14.0174,14.11,14.015,14.04,128413
2016-06-29 15:30:00,14.04,14.05,14.0,14.03,86076
2016-06-30 09:30:00,14.02,14.16,13.8,14.08,29204
2016-06-30 10:30:00,14.1,14.225,14.085,14.2,25232
2016-06-30 11:30:00,14.19,14.31,14.19,14.3,17400
2016-06-30 12:30:00,14.295,14.31,14.23,14.26,23733
2016-06-30 13:30:00,14.27,14.31,14.25,14.29,25639
2016-06-30 14:30:00,14.28,14.4,14.28,14.39,41802
2016-06-30 15:30:00,14.38,14.47,14.35,14.47,116985
2016-07-01 09:30:00,14.45,14.54,14.0601,14.52,35021
2016-07-01 10:30:00,14.52,14.56,14.47,14.49,42554
2016-07-01 11:30:00,14.48,14.52,14.48,14.5,38047
2016-07-01 12:30:00,14.49,14.56,14.46,14.53,58502
2016-07-01 13:30:00,14.52,14.545,14.51,14.525,44165
2016-07-01 14:30:00,14.52,14.525,14.45,14.485,30037
2016-07-01 15:30:00,14.49,14.52,14.47,14.5,60846
2016-07-05 09:30:00,14.38,14.6,14.3,14.34,46621
2016-07-05 10:30:00,14.35,14.39,14.22,14.25,21774
2016-07-05 11:30:00,14.26,14.26,14.16,14.23,9152
2016-07-05 12:30:00,14.22,14.22,14.153,14.153,8889
2016-07-05 13:30:00,14.16,14.18,14.12,14.1333,28052
2016-07-05 14:30:00,14.13,14.16,14.11,14.14,25333
2016-07-05 15:30:00,14.15,14.22,14.1475,14.16,87484
2016-07-11 09:30:00,14.75,14.88,14.75,14.83,64612
2016-07-11 10:30:00,14.81,14.95,14.81,14.88,97474
2016-07-11 11:30:00,14.89,15.0,14.89,14.985,57838
2016-07-11 12:30:00,14.98,14.99,14.94,14.945,50003
2016-07-11 13:30:00,14.94,15.0,14.93,14.97,66848
2016-07-11 14:30:00,14.97,14.99,14.93,14.94,39321
2016-07-11 15:30:00,14.9301,14.97,14.92,14.96,81790
2016-07-12 09:30:00,15.0,15.08,14.82,15.02,80334
2016-07-12 10:30:00,15.02,15.03,14.99,15.0,132452
2016-07-12 11:30:00,14.995,15.015,14.97,14.98,60690
2016-07-12 12:30:00,14.98,15.0,14.97,14.99,24956
2016-07-12 13:30:00,14.99,15.0601,14.97,15.05,84509
2016-07-12 14:30:00,15.05,15.1,14.99,15.035,77120
2016-07-12 15:30:00,15.03,15.0357,14.98,14.98,112614
2016-07-13 09:30:00,15.09,15.1,14.88,15.0101,133088
2016-07-13 10:30:00,15.015,15.06,15.0,15.01,83158
2016-07-13 11:30:00,15.01,15.02,14.92,14.98,61018
2016-07-13 12:30:00,14.97,15.05,14.97,15.04,30752
2016-07-13 13:30:00,15.04,15.05,15.015,15.04,35979
2016-07-13 14:30:00,15.045,15.045,14.9827,14.9827,68843
2016-07-13 15:30:00,15.0,15.0,14.97,15.0,80331
2016-07-14 09:30:00,15.1,15.27,14.81,15.26,93775
2016-07-14 10:30:00,15.26,15.29,15.17,15.2,52027
2016-07-14 11:30:00,15.19,15.22,15.16,15.17,33313
2016-07-14 12:30:00,15.17,15.2,15.1582,15.18,20654
2016-07-14 13:30:00,15.18,15.19,15.161,15.18,19174
2016-07-14 14:30:00,15.1725,15.18,15.08,15.105,50669
2016-07-14 15:30:00,15.1,15.11,15.05,15.05,86310
2016-07-15 09:30:00,15.17,15.17,14.92,15.04,91540
2016-07-15 10:30:00,15.04,15.04,14.9625,14.97,28481
2016-07-15 11:30:00,14.98,15.0,14.97,14.99,18812
2016-07-15 12:30:00,14.99,15.0,14.9699,14.99,22713
2016-07-15 13:30:00,14.995,15.005,14.97,15.0,26241
2016-07-15 14:30:00,15.0,15.02,14.98,15.02,38854
2016-07-15 15:30:00,15.02,15.03,14.985,14.99,105426
2016-07-18 09:30:00,15.11,15.18,14.9,15.04,55483
2016-07-18 10:30:00,15.04,15.05,15.02,15.04,51600
2016-07-18 11:30:00,15.05,15.05,14.99,14.99,32420
2016-07-18 12:30:00,14.99,14.99,14.95,14.97,15645
2016-07-18 13:30:00,14.97,15.0,14.97,14.99,36782
2016-07-18 14:30:00,14.995,15.01,14.97,14.98,35128
2016-07-18 15:30:00,14.98,14.99,14.96,14.96,69118
2016-07-19 09:30:00,14.92,15.12,14.53,14.92,39201
2016-07-19 10:30:00,14.9299,14.96,14.91,14.945,46126
2016-07-19 11:30:00,14.94,14.96,14.92,14.92,44115
2016-07-19 12:30:00,14.925,14.94,14.89,14.91,18608
2016-07-19 13:30:00,14.9099,14.91,14.875,14.8878,25870
2016-07-19 14:30:00,14.88,14.89,14.87,14.88,31808
2016-07-19 15:30:00,14.87,14.91,14.87,14.88,83314
2016-07-20 09:30:00,14.98,15.07,14.89,14.965,76678
2016-07-20 10:30:00,14.97,15.01,14.96,14.97,65210
2016-07-20 11:30:00,14.97,14.9799,14.95,14.96,33991
2016-07-20 12:30:00,14.97,14.98,14.96,14.97,30205
2016-07-20 13:30:00,14.98,14.98,14.95,14.965,38040
2016-07-20 14:30:00,14.9684,14.97,14.95,14.95,36588
2016-07-20 15:30:00,14.95,14.965,14.95,14.95,57506
2016-07-21 09:30:00,14.88,14.97,14.84,14.87,32798
2016-07-21 10:30:00,14.89,14.9,14.85,14.87,22434
2016-07-21 11:30:00,14.87,14.87,14.76,14.835,71818
2016-07-21 12:30:00,14.835,14.85,14.78,14.785,13645
2016-07-21 13:30:00,14.785,14.79,14.71,14.74,30284
2016-07-21 14:30:00,14.73,14.76,14.7005,14.76,37348
2016-07-21 15:30:00,14.76,14.77,14.72,14.72,122688
2016-07-22 09:30:00,14.72,14.87,14.56,14.68,31643
2016-07-22 10:30:00,14.68,14.735,14.66,14.72,35554
2016-07-22 11:30:00,14.72,14.74,14.7,14.74,34416
2016-07-22 12:30:00,14.735,14.79,14.73,14.78,24743
2016-07-22 13:30:00,14.7659,14.79,14.6779,14.775,70791
2016-07-22 14:30:00,14.7819,14.7819,14.74,14.755,30309
2016-07-22 15:30:00,14.76,14.76,14.73,14.76,37527
2016-07-25 09:30:00,14.7,14.93,14.68,14.83,85310
2016-07-25 10:30:00,14.84,14.84,14.77,14.84,59119
2016-07-25 11:30:00,14.84,14.85,14.8,14.83,34393
2016-07-25 12:30:00,14.83,14.88,14.79,14.8799,22899
2016-07-25 13:30:00,14.87,14.87,14.82,14.83,46715
2016-07-25 14:30:00,14.82,14.915,14.79,14.905,80148
2016-07-25 15:30:00,14.905,14.94,14.88,14.89,242620
2016-08-15 09:30:00,17.02,17.2,17.02,17.15,73485
2016-08-15 10:30:00,17.15,17.215,17.13,17.13,42618
2016-08-15 11:30:00,17.13,17.14,17.09,17.11,35121
2016-08-15 12:30:00,17.11,17.14,17.09,17.1,38645
2016-08-15 13:30:00,17.1,17.12,17.035,17.0501,70224
2016-08-15 14:30:00,17.06,17.09,17.05,17.055,44435
2016-08-15 15:30:00,17.05,17.08,17.03,17.07,141456
2016-08-16 09:30:00,17.07,17.17,16.89,16.99,22932
2016-08-16 10:30:00,16.99,16.995,16.95,16.97,31432
2016-08-16 11:30:00,16.97,16.97,16.895,16.895,38717
2016-08-16 12:30:00,16.89,16.92,16.85,16.86,66126
2016-08-16 13:30:00,16.86,16.88,16.83,16.85,56792
2016-08-16 14:30:00,16.84,16.86,16.805,16.81,85527
2016-08-16 15:30:00,16.815,16.82,16.69,16.71,332966
2016-08-17 09:30:00,16.71,16.88,16.58,16.88,116260
2016-08-17 10:30:00,16.89,16.9,16.81,16.81,52735
2016-08-17 11:30:00,16.8,16.8,16.6837,16.69,74265
2016-08-17 12:30:00,16.7,16.82,16.69,16.785,87355
2016-08-17 13:30:00,16.79,16.85,16.76,16.85,76741
2016-08-17 14:30:00,16.855,16.86,16.745,16.78,42383
2016-08-17 15:30:00,16.775,16.8,16.75,16.78,118253
2016-08-18 09:30:00,16.87,17.07,16.81,16.84,51190
2016-08-18 10:30:00,16.84,16.99,16.83,16.9651,43007
2016-08-18 11:30:00,16.99,17.03,16.976,16.98,34606
2016-08-18 12:30:00,16.975,16.98,16.92,16.9601,22182
2016-08-18 13:30:00,16.9706,17.01,16.9601,16.9901,22183
2016-08-18 14:30:00,16.995,17.03,16.98,17.01,28554
2016-08-18 15:30:00,17.02,17.03,16.98,17.03,81900
2016-08-19 09:30:00,16.99,17.15,16.9001,17.15,202248
2016-08-19 10:30:00,17.16,17.22,17.13,17.22,61452
2016-08-19 11:30:00,17.2101,17.28,17.19,17.27,51063
2016-08-19 12:30:00,17.26,17.27,17.21,17.25,34274
2016-08-19 13:30:00,17.24,17.33,17.22,17.32,79683
2016-08-19 14:30:00,17.32,17.37,17.285,17.32,295261
2016-08-19 15:30:00,17.32,17.34,17.28,17.31,105739
2016-08-22 09:30:00,17.25,17.465,17.18,17.2,60521
2016-08-22 10:30:00,17.2,17.24,17.1,17.1,28918
2016-08-22 11:30:00,17.09,17.1833,17.08,17.15,21166
2016-08-22 12:30:00,17.16,17.16,17.1001,17.13,32928
2016-08-22 13:30:00,17.13,17.18,17.12,17.135,25797
2016-08-22 14:30:00,17.135,17.145,17.12,17.125,30740
2016-08-22 15:30:00,17.125,17.13,17.09,17.095,110409
2016-08-23 09:30:00,17.09,17.35,17.09,17.33,91955
2016-08-23 10:30:00,17.3267,17.45,17.32,17.4098,156027
2016-08-23 11:30:00,17.41,17.53,17.405,17.53,113290
2016-08-23 12:30:00,17.52,17.54,17.49,17.53,45822
2016-08-23 13:30:00,17.53,17.55,17.505,17.54,66572
2016-08-23 14:30:00,17.545,17.57,17.54,17.555,87742
2016-08-23 15:30:00,17.55,17.58,17.55,17.57,168127
2016-09-29 09:30:00,17.2,17.23,17.06,17.17,51540
2016-09-29 10:30:00,17.17,17.19,17.12,17.14,27618
2016-09-29 11:30:00,17.1501,17.21,17.15,17.2,12674
2016-09-29 12:30:00,17.2,17.33,17.1,17.305,46350
2016-09-29 13:30:00,17.31,17.33,17.19,17.27,48925
2016-09-29 14:30:00,17.27,17.29,17.19,17.24,58944
2016-09-29 15:30:00,17.23,17.26,17.16,17.17,81766
2016-09-30 09:30:00,17.22,17.35,17.19,17.26,27934
2016-09-30 10:30:00,17.28,17.418,17.27,17.39,36355
2016-09-30 11:30:00,17.39,17.43,17.27,17.34,25536
2016-09-30 12:30:00,17.33,17.36,17.32,17.345,36374
2016-09-30 13:30:00,17.34,17.4593,17.34,17.44,36373
2016-09-30 14:30:00,17.44,17.449,17.4,17.42,33772
2016-09-30 15:30:00,17.4103,17.48,17.41,17.42,95633
2016-10-03 09:30:00,17.39,17.49,17.37,17.38,32521
2016-10-03 10:30:00,17.3801,17.43,17.34,17.34,22162
2016-10-03 11:30:00,17.34,17.34,17.25,17.28,21451
2016-10-03 12:30:00,17.28,17.31,17.2401,17.281,14317
2016-10-03 13:30:00,17.28,17.34,17.24,17.335,34296
2016-10-03 14:30:00,17.33,17.335,17.22,17.22,41482
2016-10-03 15:30:00,17.225,17.25,17.2,17.205,83274
2016-10-04 09:30:00,17.24,17.37,17.21,17.27,17297
2016-10-04 10:30:00,17.26,17.3201,17.1401,17.17,14899
2016-10-04 11:30:00,17.19,17.28,17.17,17.23,14073
2016-10-04 12:30:00,17.21,17.22,17.11,17.11,20901
2016-10-04 13:30:00,17.12,17.145,17.09,17.11,17004
2016-10-04 14:30:00,17.11,17.21,17.0836,17.2,46493
2016-10-04 15:30:00,17.21,17.21,17.15,17.16,72231
2016-10-05 09:30:00,17.21,17.33,17.16,17.31,37634
2016-10-05 10:30:00,17.35,17.39,17.34,17.39,17754
2016-10-05 11:30:00,17.39,17.4,17.361,17.39,15944
2016-10-05 12:30:00,17.4,17.466,17.38,17.46,25584
2016-10-05 13:30:00,17.46,17.53,17.46,17.47,37257
2016-10-05 14:30:00,17.475,17.49,17.43,17.45,38054
2016-10-05 15:30:00,17.46,17.53,17.46,17.5,121498
2016-10-06 09:30:00,17.49,17.49,17.34,17.44,18205
2016-10-06 10:30:00,17.43,17.4399,17.27,17.31,129935
2016-10-06 11:30:00,17.305,17.45,17.29,17.445,100896
2016-10-06 12:30:00,17.445,17.5,17.42,17.48,29281
2016-10-06 13:30:00,17.47,17.5649,17.42,17.54,65602
2016-10-06 14:30:00,17.54,17.58,17.52,17.55,58249
2016-10-06 15:30:00,17.55,17.5572,17.49,17.5,169137
2016-10-07 09:30:00,17.56,17.59,17.19,17.365,77513
2016-10-07 10:30:00,17.365,17.38,17.28,17.3,53792
2016-10-07 11:30:00,17.3,17.3,17.1,17.145,95657
2016-10-07 12:30:00,17.15,17.15,17.105,17.11,52809
2016-10-07 13:30:00,17.11,17.235,17.09,17.15,87668
2016-10-07 14:30:00,17.15,17.22,17.145,17.17,42979
2016-10-07 15:30:00,17.18,17.185,17.14,17.15,93140
2016-10-10 09:30:00,17.23,17.36,17.23,17.275,42932
2016-10-10 10:30:00,17.28,17.29,17.19,17.19,29063
2016-10-10 11:30:00,17.2,17.2,17.0,17.11,115051
2016-10-10 12:30:00,17.1007,17.17,17.1,17.11,23143
2016-10-10 13:30:00,17.12,17.13,17.07,17.075,34430
2016-10-10 14:30:00,17.08,17.08,16.98,16.99,113528
2016-10-10 15:30:00,16.99,17.0,16.96,16.99,123222
2016-10-11 09:30:00,17.02,17.19,16.59,16.61,58289
2016-10-11 10:30:00,16.62,16.72,16.54,16.54,33292
2016-10-11 11:30:00,16.54,16.64,16.54,16.61,18900
2016-10-11 12:30:00,16.61,16.62,16.51,16.55,25392
2016-10-11 13:30:00,16.54,16.54,16.4,16.44,108151
2016-10-11 14:30:00,16.44,16.51,16.42,16.48,43980
2016-10-11 15:30:00,16.475,16.49,16.46,16.49,81994
2016-10-12 09:30:00,16.37,16.68,16.33,16.35,74149
2016-10-12 10:30:00,16.345,16.37,16.32,16.355,63959
2016-10-12 11:30:00,16.355,16.37,16.33,16.355,43577
2016-10-12 12:30:00,16.36,16.37,16.34,16.35,66301
2016-10-12 13:30:00,16.36,16.54,16.35,16.49,41102
2016-10-12 14:30:00,16.48,16.52,16.47,16.47,29758
2016-10-12 15:30:00,16.47,16.53,16.45,16.515,68372
2016-10-13 09:30:00,16.38,16.38,16.15,16.26,34410
2016-10-13 10:30:00,16.26,16.33,16.23,16.29,49125
2016-10-13 11:30:00,16.3,16.3222,16.27,16.31,81875
2016-10-13 12:30:00,16.31,16.4,16.2961,16.35,19100
2016-10-13 13:30:00,16.3443,16.45,16.32,16.43,19159
2016-10-13 14:30:00,16.43,16.46,16.395,16.4,30286
2016-10-13 15:30:00,16.4,16.41,16.35,16.38,103889
2016-10-14 09:30:00,16.42,16.57,16.42,16.49,36949
2016-10-14 10:30:00,16.5,16.51,16.39,16.41,64884
2016-10-14 11:30:00,16.41,16.44,16.37,16.41,51911
2016-10-14 12:30:00,16.42,16.455,16.4,16.42,47825
2016-10-14 13:30:00,16.42,16.45,16.37,16.41,30651
2016-10-14 14:30:00,16.42,16.43,16.3,16.42,60847
2016-10-14 15:30:00,16.42,16.45,16.4101,16.42,42336
2016-10-17 09:30:00,16.39,16.79,16.06,16.495,65277
2016-10-17 10:30:00,16.5,16.51,16.36,16.37,20985
2016-10-17 11:30:00,16.375,16.4453,16.365,16.41,88510
2016-10-17 12:30:00,16.41,16.42,16.38,16.38,22993
2016-10-17 13:30:00,16.38,16.41,16.36,16.37,18718
2016-10-17 14:30:00,16.3701,16.38,16.32,16.34,33313
2016-10-17 15:30:00,16.33,16.345,16.29,16.3,74421
2016-10-18 09:30:00,16.52,16.52,16.24,16.34,46034
2016-10-18 10:30:00,16.345,16.4,16.34,16.39,59373
2016-10-18 11:30:00,16.395,16.42,16.35,16.4,50304
2016-10-18 12:30:00,16.41,16.43,16.37,16.39,37402
2016-10-18 13:30:00,16.395,16.4,16.345,16.38,49460
2016-10-18 14:30:00,16.39,16.4,16.35,16.37,90099
2016-10-18 15:30:00,16.36,16.36,16.31,16.31,65760
2016-10-19 09:30:00,16.3,16.36,16.2,16.35,70350
2016-10-19 10:30:00,16.34,16.49,16.31,16.49,52518
2016-10-19 11:30:00,16.5,16.59,16.49,16.52,52469
2016-10-19 12:30:00,16.52,16.54,16.42,16.49,53756
2016-10-19 13:30:00,16.5,16.51,16.48,16.5,34238
2016-10-19 14:30:00,16.5,16.5,16.43,16.43,27640
2016-10-19 15:30:00,16.43,16.46,16.42,16.43,61677
2016-10-20 09:30:00,16.33,16.5,16.27,16.27,43121
2016-10-20 10:30:00,16.25,16.25,16.11,16.245,85849
2016-10-20 11:30:00,16.24,16.26,16.17,16.19,18421
2016-10-20 12:30:00,16.195,16.3,16.19,16.25,21964
2016-10-20 13:30:00,16.25,16.26,16.21,16.24,20991
2016-10-20 14:30:00,16.24,16.32,16.2201,16.24,48250
2016-10-20 15:30:00,16.235,16.235,16.18,16.2,125423
2016-10-21 09:30:00,16.07,16.37,16.01,16.2,65484
2016-10-21 10:30:00,16.2,16.26,16.2,16.22,29444
2016-10-21 11:30:00,16.23,16.25,16.18,16.18,28762
2016-10-21 12:30:00,16.185,16.22,16.17,16.19,14849
2016-10-21 13:30:00,16.19,16.2,16.155,16.2,31668
2016-10-21 14:30:00,16.2,16.21,16.18,16.2,43970
2016-10-21 15:30:00,16.19,16.2,16.16,16.17,146660
2016-11-14 09:30:00,18.0,18.45,17.9,18.2,122220
2016-11-14 10:30:00,18.15,18.2,17.85,18.15,73702
2016-11-14 11:30:00,18.125,18.2,17.9,17.9,58775
2016-11-14 12:30:00,17.9,18.05,17.85,17.925,57466
2016-11-14 13:30:00,17.95,18.0,17.65,17.65,43066
2016-11-14 14:30:00,17.65,17.8,17.6,17.75,76930
2016-11-14 15:30:00,17.75,17.8,17.675,17.75,157328
2016-11-15 09:30:00,17.8,18.1,17.8,18.01,27755
2016-11-15 10:30:00,18.0,18.0,17.85,17.875,16961
2016-11-15 11:30:00,17.875,18.1,17.85,18.025,69661
2016-11-15 12:30:00,18.025,18.15,18.0,18.1,40481
2016-11-15 13:30:00,18.15,18.15,18.05,18.075,51996
2016-11-15 14:30:00,18.075,18.2,18.075,18.15,82229
2016-11-15 15:30:00,18.15,18.25,18.125,18.25,188080
2016-11-16 09:30:00,18.0,18.45,17.75,18.2032,229456
2016-11-16 10:30:00,18.2,18.3,18.1,18.2,62423
2016-11-16 11:30:00,18.25,18.3,18.2,18.25,48884
2016-11-16 12:30:00,18.225,18.25,18.15,18.25,41706
2016-11-16 13:30:00,18.25,18.3,18.2,18.25,63877
2016-11-16 14:30:00,18.2685,18.3,18.2,18.225,67738
2016-11-16 15:30:00,18.25,18.25,18.2,18.2,87276
2016-11-17 09:30:00,18.3,18.45,18.075,18.15,87812
2016-11-17 10:30:00,18.2,18.2,18.0,18.15,129518
2016-11-17 11:30:00,18.15,18.325,18.125,18.3,66789
2016-11-17 12:30:00,18.3,18.325,18.25,18.25,19695
2016-11-17 13:30:00,18.25,18.35,18.25,18.25,88701
2016-11-17 14:30:00,18.3024,18.4,18.25,18.325,51584
2016-11-17 15:30:00,18.35,18.4,18.3,18.325,167684
2016-11-18 09:30:00,18.45,18.525,17.85,18.5,144125
2016-11-18 10:30:00,18.5,18.55,18.35,18.425,40620
2016-11-18 11:30:00,18.45,18.525,18.425,18.4877,74896
2016-11-18 12:30:00,18.45,18.49,18.2,18.35,34486
2016-11-18 13:30:00,18.375,18.475,18.35,18.425,45563
2016-11-18 14:30:00,18.425,18.45,18.35,18.4,43875
2016-11-18 15:30:00,18.45,18.45,18.325,18.45,130290
2016-11-21 09:30:00,19.15,19.15,18.244,18.275,68000
2016-11-21 10:30:00,18.25,18.5,18.25,18.475,25507
2016-11-21 11:30:00,18.4817,18.55,18.45,18.45,36519
2016-11-21 12:30:00,18.475,18.55,18.4,18.425,33126
2016-11-21 13:30:00,18.4,18.45,18.35,18.45,47633
2016-11-21 14:30:00,18.4185,18.5,18.4,18.5,36209
2016-11-21 15:30:00,18.45,18.5,18.35,18.5,216759
2016-11-22 09:30:00,18.65,18.65,18.15,18.375,73292
2016-11-22 10:30:00,18.35,18.45,18.2,18.2,61705
2016-11-22 11:30:00,18.225,18.25,18.15,18.175,62411
2016-11-22 12:30:00,18.2,18.2,18.15,18.1822,33671
2016-11-22 13:30:00,18.175,18.325,18.15,18.225,110063
2016-11-22 14:30:00,18.25,18.275,18.1,18.125,110700
2016-11-22 15:30:00,18.1,18.35,18.1,18.25,261887
2016-12-16 09:30:00,18.65,18.9,18.5,18.7,690051
2016-12-16 10:30:00,18.7,18.7,18.4,18.4,47252
2016-12-16 11:30:00,18.35,18.39,18.3,18.3,33984
2016-12-16 12:30:00,18.3,18.35,18.2,18.25,89160
2016-12-16 13:30:00,18.25,18.25,18.1,18.24,68473
2016-12-16 14:30:00,18.25,18.25,18.15,18.175,51610
2016-12-16 15:30:00,18.2,18.2,17.95,17.95,225442
2016-12-19 09:30:00,18.1,18.6,18.0,18.525,70594
2016-12-19 10:30:00,18.5,18.55,18.35,18.375,165306
2016-12-19 11:30:00,18.375,18.45,18.25,18.3,85254
2016-12-19 12:30:00,18.25,18.4,18.25,18.325,109981
2016-12-19 13:30:00,18.3236,18.35,18.25,18.325,108849
2016-12-19 14:30:00,18.3325,18.35,18.2,18.275,167992
2016-12-19 15:30:00,18.275,18.3,18.15,18.15,293090
2016-12-20 09:30:00,18.25,18.5,18.0,18.3,43998
2016-12-20 10:30:00,18.3,18.35,18.2,18.225,25684
2016-12-20 11:30:00,18.2,18.5,18.2,18.45,34039
2016-12-20 12:30:00,18.4,18.5,18.4,18.475,28440
2016-12-20 13:30:00,18.5,18.5,18.35,18.4,40376
2016-12-20 14:30:00,18.4,18.5,18.35,18.5,45039
2016-12-20 15:30:00,18.475,18.5,18.45,18.45,106714
2016-12-21 09:30:00,18.4,18.55,18.15,18.4,31337
2016-12-21 10:30:00,18.45,18.45,18.35,18.35,50266
2016-12-21 11:30:00,18.35,18.5,18.35,18.475,27079
2016-12-21 12:30:00,18.5,18.5,18.45,18.475,29563
2016-12-21 13:30:00,18.475,18.65,18.475,18.61,231838
2016-12-21 14:30:00,18.625,18.7,18.55,18.625,120413
2016-12-21 15:30:00,18.625,18.65,18.4,18.4,123348
2016-12-22 09:30:00,18.45,18.75,18.1,18.15,63981
2016-12-22 10:30:00,18.2,18.325,18.15,18.18,47082
2016-12-22 11:30:00,18.15,18.15,17.9,18.1,73988
2016-12-22 12:30:00,18.1,18.35,18.0632,18.35,55614
2016-12-22 13:30:00,18.3,18.35,18.25,18.25,42980
2016-12-22 14:30:00,18.25,18.3,18.05,18.075,109107
2016-12-22 15:30:00,18.075,18.15,18.0,18.1,167313
2016-12-23 09:30:00,18.0,18.25,17.9,18.075,56620
2016-12-23 10:30:00,18.0418,18.1,17.975,18.075,51002
2016-12-23 11:30:00,18.0531,18.1,17.95,18.1,33596
2016-12-23 12:30:00,18.1,18.15,18.05,18.1,24882
2016-12-23 13:30:00,18.15,18.15,18.05,18.05,48144
2016-12-23 14:30:00,18.05,18.15,18.05,18.125,41207
2016-12-23 15:30:00,18.15,18.15,18.1,18.1,87304
2017-01-09 09:30:00,18.15,18.3,18.0,18.125,56755
2017-01-09 10:30:00,18.1,18.35,18.1,18.255,129931
2017-01-09 11:30:00,18.3,18.4,18.25,18.35,137897
2017-01-09 12:30:00,18.35,18.4,18.25,18.325,82369
2017-01-09 13:30:00,18.3,18.35,18.25,18.3,89145
2017-01-09 14:30:00,18.3,18.325,18.125,18.24,179144
2017-01-09 15:30:00,18.225,18.275,18.1,18.1,91880
2017-01-10 09:30:00,18.15,18.25,18.1,18.15,18048
2017-01-10 10:30:00,18.175,18.225,18.05,18.125,111110
2017-01-10 11:30:00,18.15,18.2,18.05,18.1,70408
2017-01-10 12:30:00,18.1,18.15,18.05,18.105,25431
2017-01-10 13:30:00,18.1,18.15,18.025,18.075,48250
2017-01-10 14:30:00,18.1,18.15,18.05,18.075,69614
2017-01-10 15:30:00,18.05,18.25,18.05,18.25,168024
2017-01-11 09:30:00,18.25,18.6,18.15,18.5,166949
2017-01-11 10:30:00,18.45,18.7,18.45,18.7,55716
2017-01-11 11:30:00,18.65,18.9,18.55,18.85,87347
2017-01-11 12:30:00,18.85,18.9,18.775,18.775,50554
2017-01-11 13:30:00,18.8,18.95,18.775,18.925,53897
2017-01-11 14:30:00,18.925,19.05,18.9,18.975,101877
2017-01-11 15:30:00,18.95,19.05,18.9,18.95,142369
2017-01-12 09:30:00,18.85,18.85,18.45,18.55,122614
2017-01-12 10:30:00,18.5,18.6,18.35,18.425,96556
2017-01-12 11:30:00,18.4,18.4351,18.25,18.35,111005
2017-01-12 12:30:00,18.35,18.5,18.3,18.431,44623
2017-01-12 13:30:00,18.4,18.5,18.35,18.5,38056
2017-01-12 14:30:00,18.45,18.555,18.4,18.4,26535
2017-01-12 15:30:00,18.45,18.5,18.35,18.4,70833
2017-01-13 09:30:00,18.55,18.85,18.5,18.775,52550
2017-01-13 10:30:00,18.775,18.9,18.75,18.85,90065
2017-01-13 11:30:00,18.85,18.93,18.75,18.75,54364
2017-01-13 12:30:00,18.75,18.85,18.75,18.85,16806
2017-01-13 13:30:00,18.9,18.9,18.775,18.85,44790
2017-01-13 14:30:00,18.85,18.9,18.8,18.85,28457
2017-01-13 15:30:00,18.85,19.0,18.85,18.95,74171
2017-01-17 09:30:00,18.85,18.9,18.5,18.545,42575
2017-01-17 10:30:00,18.5,18.575,18.35,18.375,26686
2017-01-17 11:30:00,18.375,18.4,18.25,18.36,28615
2017-01-17 12:30:00,18.375,18.4,18.3,18.35,17087
2017-01-17 13:30:00,18.35,18.45,18.25,18.3,106048
2017-01-17 14:30:00,18.3,18.35,18.2,18.3,26007
2017-01-17 15:30:00,18.25,18.3,18.15,18.2,89675
2017-01-23 09:30:00,18.2,18.45,18.1,18.2,79272
2017-01-23 10:30:00,18.175,18.175,18.05,18.125,25657
2017-01-23 11:30:00,18.15,18.15,18.05,18.05,38098
2017-01-23 12:30:00,18.1,18.25,18.05,18.2055,41338
2017-01-23 13:30:00,18.2,18.4,18.175,18.4,55637
2017-01-23 14:30:00,18.4,18.65,18.35,18.625,197343
2017-01-23 15:30:00,18.65,18.7,18.5,18.55,217368
2017-01-24 09:30:00,18.7,18.9,18.5,18.825,97274
2017-01-24 10:30:00,18.85,19.025,18.75,18.8831,69180
2017-01-24 11:30:00,18.9,19.2,18.85,19.05,65060
2017-01-24 12:30:00,19.05,19.05,18.9,18.95,54367
2017-01-24 13:30:00,18.925,19.1,18.925,18.975,56499
2017-01-24 14:30:00,18.975,19.05,18.95,18.975,41346
2017-01-24 15:30:00,19.0,19.05,18.95,18.95,109725
2017-01-25 09:30:00,19.15,19.4,18.9,18.9,67258
2017-01-25 10:30:00,18.9711,19.15,18.95,18.95,44517
2017-01-25 11:30:00,18.9597,19.0,18.8,18.8486,38860
2017-01-25 12:30:00,18.9,18.95,18.775,18.925,59395
2017-01-25 13:30:00,18.9296,19.05,18.875,19.0213,38164
2017-01-25 14:30:00,19.05,19.2,19.025,19.15,73998
2017-01-25 15:30:00,19.175,19.25,19.125,19.175,158885
2017-01-26 09:30:00,19.3,19.35,18.9,18.9,43664
2017-01-26 10:30:00,18.9,19.05,18.8,18.825,73462
2017-01-26 11:30:00,18.85,18.9,18.8,18.9,38511
2017-01-26 12:30:00,18.9,18.95,18.85,18.85,16505
2017-01-26 13:30:00,18.9,19.1,18.8,19.1,54657
2017-01-26 14:30:00,19.1,19.15,19.0,19.05,106481
2017-01-26 15:30:00,19.05,19.1,18.95,19.0,89567
2017-01-27 09:30:00,19.0,19.35,19.0,19.25,41836
2017-01-27 10:30:00,19.25,19.3,19.1,19.125,34019
2017-01-27 11:30:00,19.125,19.2,19.1,19.2,14565
2017-01-27 12:30:00,19.2,19.2,19.05,19.1,31737
2017-01-27 13:30:00,19.15,19.2,19.05,19.1,44948
2017-01-27 14:30:00,19.1,19.15,19.1,19.1,19986
2017-01-27 15:30:00,19.15,19.15,19.0,19.05,170505
2017-01-30 09:30:00,18.85,19.0,18.5,18.7,50286
2017-01-30 10:30:00,18.675,18.8,18.5,18.6323,34668
2017-01-30 11:30:00,18.65,18.85,18.6127,18.85,30671
2017-01-30 12:30:00,18.84,18.95,18.725,18.925,28415
2017-01-30 13:30:00,18.95,19.1,18.925,19.045,103828
2017-01-30 14:30:00,19.025,19.075,18.875,18.9,214574
2017-01-30 15:30:00,18.95,19.0,18.85,18.9,105165
2017-01-31 09:30:00,18.75,18.85,18.45,18.6,35687
2017-01-31 10:30:00,18.575,18.65,18.55,18.575,13247
2017-01-31 11:30:00,18.575,18.6,18.5,18.6,16298
2017-01-31 12:30:00,18.6,18.7,18.525,18.55,27555
2017-01-31 13:30:00,18.555,18.6,18.35,18.35,64919
2017-01-31 14:30:00,18.375,18.75,18.35,18.7,92487
2017-01-31 15:30:00,18.725,18.85,18.7,18.75,135425
2017-02-10 09:30:00,20.5,21.1,20.5,20.85,286801
2017-02-10 10:30:00,20.8624,21.0,20.8,20.85,121407
2017-02-10 11:30:00,20.875,21.0,20.85,20.9,160234
2017-02-10 12:30:00,20.925,21.05,20.9,21.0,90698
2017-02-10 13:30:00,21.0,21.2,20.9648,21.125,133029
2017-02-10 14:30:00,21.125,21.15,20.9,21.025,177002
2017-02-10 15:30:00,21.025,21.05,20.95,20.95,236555
2017-02-13 09:30:00,21.2,21.3584,21.05,21.35,273001
2017-02-13 10:30:00,21.3052,21.4,21.2,21.3,159767
2017-02-13 11:30:00,21.3,21.35,21.25,21.3,84139
2017-02-13 12:30:00,21.3,21.45,21.275,21.35,61139
2017-02-13 13:30:00,21.35,21.4,21.25,21.25,65320
2017-02-13 14:30:00,21.25,21.425,21.2,21.425,149368
2017-02-13 15:30:00,21.425,21.475,21.3,21.35,169691
2017-02-14 09:30:00,21.35,21.5,21.1417,21.4,89740
2017-02-14 10:30:00,21.425,21.6,21.35,21.475,199761
2017-02-14 11:30:00,21.475,21.55,21.45,21.5258,86395
2017-02-14 12:30:00,21.525,21.6,21.45,21.475,108847
2017-02-14 13:30:00,21.475,21.575,21.45,21.475,93818
2017-02-14 14:30:00,21.475,21.6,19.6639,21.55,166866
2017-02-14 15:30:00,21.55,21.65,21.5,21.65,258197
2017-02-15 09:30:00,21.5,21.94,21.45,21.575,81083
2017-02-15 10:30:00,21.575,21.75,21.55,21.725,98721
2017-02-15 11:30:00,21.7,21.9,21.65,21.9,56546
2017-02-15 12:30:00,21.9,21.9,21.675,21.7,58695
2017-02-15 13:30:00,21.725,21.85,21.7,21.7,66586
2017-02-15 14:30:00,21.725,21.85,21.7,21.819,153427
2017-02-15 15:30:00,21.825,21.9,21.8,21.825,211608
2017-02-16 09:30:00,21.85,21.95,21.45,21.6,129481
2017-02-16 10:30:00,21.65,21.65,21.45,21.6,87662
2017-02-16 11:30:00,21.6,21.6,21.475,21.55,67444
2017-02-16 12:30:00,21.55,21.6,21.5,21.525,21519
2017-02-16 13:30:00,21.5,21.625,21.5,21.55,61367
2017-02-16 14:30:00,21.575,21.7,21.55,21.65,58391
2017-02-16 15:30:00,21.7,21.8,21.65,21.75,119634
2017-02-17 09:30:00,21.75,21.85,21.4,21.725,94598
2017-02-17 10:30:00,21.725,22.0,21.72,21.8,155950
2017-02-17 11:30:00,21.8,21.9,21.8,21.8,20211
2017-02-17 12:30:00,21.8,21.9,21.8,21.85,27333
2017-02-17 13:30:00,21.8679,21.9,21.85,21.85,20606
2017-02-17 14:30:00,21.875,21.925,21.85,21.85,40104
2017-02-17 15:30:00,21.875,21.95,21.85,21.925,94112
2017-03-20 09:30:00,23.35,23.55,23.0,23.1832,174320
2017-03-20 10:30:00,23.15,23.2,22.85,23.1,181810
2017-03-20 11:30:00,23.1,23.2,23.05,23.2,31895
2017-03-20 12:30:00,23.2,23.25,23.1,23.15,59657
2017-03-20 13:30:00,23.15,23.325,23.05,23.1,146243
2017-03-20 14:30:00,23.15,23.3,23.05,23.25,180663
2017-03-20 15:30:00,23.3,23.35,23.25,23.3,223637
2017-03-21 09:30:00,23.5,23.56,23.15,23.15,95205
2017-03-21 10:30:00,23.125,23.3,22.85,22.9107,154396
2017-03-21 11:30:00,22.905,23.2,22.85,22.9788,121913
2017-03-21 12:30:00,23.0,23.025,22.85,22.9,125513
2017-03-21 13:30:00,22.85,22.975,22.725,22.7891,211373
2017-03-21 14:30:00,22.775,22.9,22.7,22.7,176168
2017-03-21 15:30:00,22.725,22.8,22.55,22.65,326179
2017-03-22 09:30:00,22.6,23.3,22.45,22.6,123848
2017-03-22 10:30:00,22.525,22.65,22.45,22.575,123277
2017-03-22 11:30:00,22.575,22.65,22.45,22.55,89949
2017-03-22 12:30:00,22.55,22.65,22.525,22.575,82622
2017-03-22 13:30:00,22.575,22.65,22.5,22.55,80895
2017-03-22 14:30:00,22.55,22.7,22.5,22.675,115639
2017-03-22 15:30:00,22.675,22.75,22.6,22.75,164579
2017-03-23 09:30:00,22.7,22.9,22.6,22.65,51630
2017-03-23 10:30:00,22.65,23.0,22.625,22.95,77431
2017-03-23 11:30:00,22.89,22.95,22.85,22.95,20953
2017-03-23 12:30:00,22.95,23.05,22.85,22.875,42995
2017-03-23 13:30:00,22.85,23.05,22.85,23.0,48689
2017-03-23 14:30:00,23.0013,23.05,22.85,22.875,72977
2017-03-23 15:30:00,22.875,22.875,22.75,22.8,110571
2017-03-24 09:30:00,23.0,23.4,22.9,23.25,41395
2017-03-24 10:30:00,23.275,23.45,23.225,23.225,91740
2017-03-24 11:30:00,23.225,23.3,23.05,23.1,48340
2017-03-24 12:30:00,23.05,23.15,23.0,23.125,32482
2017-03-24 13:30:00,23.125,23.15,22.9,22.95,59798
2017-03-24 14:30:00,22.925,22.95,22.65,22.65,111033
2017-03-24 15:30:00,22.65,22.9,22.65,22.75,233674
2017-03-27 09:30:00,22.3,22.7,22.2,22.4,189451
2017-03-27 10:30:00,22.4,22.645,22.35,22.6,251139
2017-03-27 11:30:00,22.65,22.95,22.6209,22.95,45823
2017-03-27 12:30:00,22.925,23.075,22.85,22.925,58422
2017-03-27 13:30:00,22.9319,23.0,22.85,22.98,29531
2017-03-27 14:30:00,22.9719,23.1,22.88,22.972,74665
2017-03-27 15:30:00,22.95,23.05,22.9,22.95,68589
2017-03-28 09:30:00,22.85,23.05,22.75,22.9,33618
2017-03-28 10:30:00,22.85,22.9,22.71,22.845,23969
2017-03-28 11:30:00,22.831,22.95,22.8,22.925,22024
2017-03-28 12:30:00,22.925,23.25,22.91,23.2,53489
2017-03-28 13:30:00,23.15,23.25,23.05,23.15,52457
2017-03-28 14:30:00,23.175,23.2,22.9,22.9,85284
2017-03-28 15:30:00,22.925,23.05,22.9,23.05,102640
2017-04-10 09:30:00,23.5,23.7,23.35,23.455,108014
2017-04-10 10:30:00,23.5,23.6,23.3,23.37,93151
2017-04-10 11:30:00,23.4,23.4,23.0,23.15,60060
2017-04-10 12:30:00,23.2,23.375,23.175,23.3299,27688
2017-04-10 13:30:00,23.35,23.4,23.175,23.175,52887
2017-04-10 14:30:00,23.15,23.35,23.15,23.2359,58920
2017-04-10 15:30:00,23.2,23.3,23.15,23.25,86833
2017-04-11 09:30:00,23.1,23.3,22.95,23.05,108208
2017-04-11 10:30:00,23.05,23.05,22.8,22.85,177411
2017-04-11 11:30:00,22.875,23.45,22.8308,23.45,181343
2017-04-11 12:30:00,23.45,23.45,23.25,23.375,106089
2017-04-11 13:30:00,23.4,23.425,23.35,23.4,224330
2017-04-11 14:30:00,23.4,23.425,23.2,23.25,129724
2017-04-11 15:30:00,23.275,23.35,23.25,23.3,120295
2017-04-12 09:30:00,23.15,23.4172,22.9,23.2,57614
2017-04-12 10:30:00,23.15,23.25,22.9,23.0,108141
2017-04-12 11:30:00,22.95,23.01,22.85,22.925,192986
2017-04-12 12:30:00,22.9,23.1,22.875,23.05,43964
2017-04-12 13:30:00,23.025,23.2,22.9,22.975,92213
2017-04-12 14:30:00,22.95,23.0,22.75,23.0,210016
2017-04-12 15:30:00,22.975,23.0,22.85,22.9,212837
2017-04-13 09:30:00,22.8,23.05,22.6,22.85,77818
2017-04-13 10:30:00,22.875,22.95,22.75,22.75,30291
2017-04-13 11:30:00,22.775,22.875,22.65,22.825,84449
2017-04-13 12:30:00,22.8,22.85,22.45,22.675,198285
2017-04-13 13:30:00,22.65,22.8,22.55,22.8,81442
2017-04-13 14:30:00,22.75,22.85,22.55,22.55,58665
2017-04-13 15:30:00,22.6,22.7,22.55,22.575,166527
2017-04-17 09:30:00,22.55,23.15,22.5,22.6,105907
2017-04-17 10:30:00,22.575,22.925,22.55,22.8,94980
2017-04-17 11:30:00,22.85,22.85,22.6,22.7,129412
2017-04-17 12:30:00,22.725,22.75,22.55,22.625,80608
2017-04-17 13:30:00,22.625,22.75,22.525,22.6,168322
2017-04-17 14:30:00,22.625,22.9,22.5,22.875,241382
2017-04-17 15:30:00,22.875,22.9,22.75,22.85,214036
2017-04-18 09:30:00,22.7,23.0,22.6,22.725,84472
2017-04-18 10:30:00,22.75,22.9,22.75,22.8841,75340
2017-04-18 11:30:00,22.9,22.9,22.675,22.75,48848
2017-04-18 12:30:00,22.75,22.85,22.7,22.85,62409
2017-04-18 13:30:00,22.85,23.0,22.7794,22.875,74434
2017-04-18 14:30:00,22.9,23.1,22.8,23.05,72532
2017-04-18 15:30:00,23.04,23.1,23.0,23.05,145269
2017-04-24 09:30:00,24.3,24.45,23.99,24.05,224777
2017-04-24 10:30:00,24.05,24.15,23.95,24.0,50902
2017-04-24 11:30:00,24.1,24.1,24.0,24.1,50582
2017-04-24 12:30:00,24.1,24.1,24.0,24.05,93041
2017-04-24 13:30:00,24.05,24.08,23.925,24.025,100733
2017-04-24 14:30:00,24.025,24.1,23.95,24.075,160387
2017-04-24 15:30:00,24.1,24.1,23.95,24.05,244131
2017-04-25 09:30:00,24.2,24.25,23.7,24.0,134706
2017-04-25 10:30:00,24.0,24.15,23.9,24.1,143936
2017-04-25 11:30:00,24.125,24.125,23.975,24.025,57372
2017-04-25 12:30:00,24.025,24.2,24.0,24.2,171854
2017-04-25 13:30:00,24.2,24.35,24.1501,24.225,56653
2017-04-25 14:30:00,24.225,24.275,24.15,24.25,130341
2017-04-25 15:30:00,24.25,24.25,24.2,24.25,123224
2017-04-26 09:30:00,24.2,24.3,23.9,24.075,56731
2017-04-26 10:30:00,24.1,24.4,24.0,24.2,99432
2017-04-26 11:30:00,24.21,24.35,24.1,24.3,78575
2017-04-26 12:30:00,24.25,24.45,24.2,24.425,152820
2017-04-26 13:30:00,24.425,24.5,24.25,24.35,127981
2017-04-26 14:30:00,24.375,24.55,24.35,24.475,161304
2017-04-26 15:30:00,24.45,24.5,24.35,24.5,268985
2017-04-27 09:30:00,25.0,25.4,24.45,25.25,189649
2017-04-27 10:30:00,25.275,25.6,25.1,25.25,158386
2017-04-27 11:30:00,25.25,25.4,25.1,25.25,73818
2017-04-27 12:30:00,25.25,25.45,25.25,25.419,112673
2017-04-27 13:30:00,25.4,25.45,25.2,25.29,145046
2017-04-27 14:30:00,25.275,25.5,25.2,25.375,138514
2017-04-27 15:30:00,25.375,25.6,25.35,25.45,312419
2017-04-28 09:30:00,25.1,25.31,24.45,24.575,198162
2017-04-28 10:30:00,24.575,24.75,24.4,24.6,110365
2017-04-28 11:30:00,24.6,24.8,24.575,24.725,69042
2017-04-28 12:30:00,24.7,24.9,24.65,24.85,144775
2017-04-28 13:30:00,24.85,25.0,24.825,24.875,73113
2017-04-28 14:30:00,24.9,25.0,24.8,24.875,140045
2017-04-28 15:30:00,24.875,24.95,24.75,24.8,312903
2017-05-01 09:30:00,24.9,25.075,24.65,24.65,154970
2017-05-01 10:30:00,24.677,25.15,24.65,25.095,85470
2017-05-01 11:30:00,25.075,25.3,25.0,25.1,85543
2017-05-01 12:30:00,25.075,25.2,24.925,25.175,120305
2017-05-01 13:30:00,25.175,25.5,25.1311,25.25,141993
2017-05-01 14:30:00,25.225,25.3,25.125,25.2,161113
2017-05-01 15:30:00,25.175,25.3,25.15,25.3,171031
2017-05-02 09:30:00,25.35,25.45,24.875,25.19,95023
2017-05-02 10:30:00,25.175,25.2,25.025,25.05,77555
2017-05-02 11:30:00,25.05,25.15,24.975,25.025,63650
2017-05-02 12:30:00,25.0185,25.05,24.875,24.9,53634
2017-05-02 13:30:00,24.925,25.0,24.9,24.975,61124
2017-05-02 14:30:00,25.0,25.15,24.95,25.075,153571
2017-05-02 15:30:00,25.075,25.15,25.0,25.1,212664
2017-05-15 09:30:00,24.1,24.35,24.1,24.175,174847
2017-05-15 10:30:00,24.175,24.35,24.15,24.3,121302
2017-05-15 11:30:00,24.325,24.35,24.25,24.25,65843
2017-05-15 12:30:00,24.25,24.3,24.2,24.275,61417
2017-05-15 13:30:00,24.275,24.35,24.15,24.2,159187
2017-05-15 14:30:00,24.2,24.35,24.2,24.3,96102
2017-05-15 15:30:00,24.275,24.35,24.2,24.25,160483
2017-05-16 09:30:00,24.45,24.55,24.35,24.45,193352
2017-05-16 10:30:00,24.425,24.85,24.375,24.8,161189
2017-05-16 11:30:00,24.8,24.95,24.7,24.875,194460
2017-05-16 12:30:00,24.875,24.875,24.7,24.7579,72662
2017-05-16 13:30:00,24.725,24.78,24.65,24.65,63434
2017-05-16 14:30:00,24.675,24.75,24.625,24.725,93065
2017-05-16 15:30:00,24.7,24.85,24.7,24.75,133790
2017-05-17 09:30:00,24.35,24.35,23.85,23.9,131551
2017-05-17 10:30:00,23.975,24.0,23.475,23.525,120935
2017-05-17 11:30:00,23.525,23.7,23.45,23.6,89848
2017-05-17 12:30:00,23.6,23.85,23.55,23.7,157015
2017-05-17 13:30:00,23.65,23.7,23.35,23.3951,89257
2017-05-17 14:30:00,23.375,23.41,23.2,23.3,151823
2017-05-17 15:30:00,23.275,23.35,23.2,23.25,157757
2017-05-18 09:30:00,23.2,23.475,22.85,23.25,173074
2017-05-18 10:30:00,23.25,23.6,23.25,23.51,78361
2017-05-18 11:30:00,23.525,23.55,23.275,23.35,124198
2017-05-18 12:30:00,23.3,23.45,23.25,23.425,85048
2017-05-18 13:30:00,23.4,23.75,23.4,23.625,130351
2017-05-18 14:30:00,23.625,23.75,23.6,23.75,95315
2017-05-18 15:30:00,23.725,23.825,23.65,23.7,172870
2017-05-19 09:30:00,23.85,24.05,23.6,23.8,112517
2017-05-19 10:30:00,23.8,23.8,23.41,23.525,93830
2017-05-19 11:30:00,23.525,23.55,23.35,23.5275,60195
2017-05-19 12:30:00,23.525,23.6,23.47,23.5,33229
2017-05-19 13:30:00,23.5,23.6,23.45,23.5694,52909
2017-05-19 14:30:00,23.55,23.625,23.3,23.3,115020
2017-05-19 15:30:00,23.35,23.4,23.25,23.35,159664
2017-05-22 09:30:00,23.9,23.99,23.45,23.65,119463
2017-05-22 10:30:00,23.6,23.8,23.55,23.75,142522
2017-05-22 11:30:00,23.75,23.8,23.55,23.6,75794
2017-05-22 12:30:00,23.65,23.85,23.65,23.8,127269
2017-05-22 13:30:00,23.775,23.95,23.7,23.8912,92225
2017-05-22 14:30:00,23.825,24.25,23.8,24.15,315255
2017-05-22 15:30:00,24.175,24.3332,24.15,24.3,279927
2017-05-23 09:30:00,24.3,24.525,23.85,24.05,108896
2017-05-23 10:30:00,24.075,24.125,24.0,24.125,103665
2017-05-23 11:30:00,24.125,24.3,24.05,24.15,74077
2017-05-23 12:30:00,24.1,24.2,24.05,24.175,45292
2017-05-23 13:30:00,24.15,24.2,24.0,24.075,42140
2017-05-23 14:30:00,24.1,24.35,24.1,24.3,114144
2017-05-23 15:30:00,24.25,24.35,24.2,24.25,121023
2017-06-26 09:30:00,23.6,23.9,23.15,23.2,124972
2017-06-26 10:30:00,23.25,23.25,22.9,23.125,112391
2017-06-26 11:30:00,23.125,23.15,23.0,23.1,76212
2017-06-26 12:30:00,23.1,23.15,23.05,23.125,88895
2017-06-26 13:30:00,23.125,23.2,23.05,23.075,105553
2017-06-26 14:30:00,23.1,23.2,23.055,23.125,97728
2017-06-26 15:30:00,23.15,23.15,23.025,23.1,198777
2017-06-27 09:30:00,22.95,23.2,22.6,22.7,280521
2017-06-27 10:30:00,22.675,22.85,22.6,22.625,453841
2017-06-27 11:30:00,22.65,22.8,22.6,22.75,153640
2017-06-27 12:30:00,22.725,22.75,22.625,22.675,108716
2017-06-27 13:30:00,22.675,22.7,22.4,22.525,209377
2017-06-27 14:30:00,22.55,22.55,22.35,22.425,217717
2017-06-27 15:30:00,22.425,22.5,22.35,22.45,403531
2017-06-28 09:30:00,22.65,22.85,22.35,22.7,333440
2017-06-28 10:30:00,22.7,23.1,22.6,23.025,442219
2017-06-28 11:30:00,23.025,23.25,23.0,23.1,115216
2017-06-28 12:30:00,23.05,23.2,23.05,23.2,190977
2017-06-28 13:30:00,23.175,23.4,23.1,23.38,211840
2017-06-28 14:30:00,23.375,23.45,23.25,23.45,170752
2017-06-28 15:30:00,23.4176,23.45,23.325,23.4,243495
2017-06-29 09:30:00,23.3,23.5,22.7083,22.7745,98970
2017-06-29 10:30:00,22.8,22.875,22.575,22.6,124244
2017-06-29 11:30:00,22.625,22.75,22.5,22.575,244511
2017-06-29 12:30:00,22.6,22.6,22.0,22.1,150456
2017-06-29 13:30:00,22.1,22.2,21.975,22.125,169480
2017-06-29 14:30:00,22.125,22.135,21.95,22.0,201029
2017-06-29 15:30:00,22.0,22.15,21.975,22.0,258077
2017-06-30 09:30:00,22.1,22.275,22.0,22.125,118091
2017-06-30 10:30:00,22.125,22.2,22.025,22.025,165362
2017-06-30 11:30:00,22.025,22.15,21.95,22.1,159211
2017-06-30 12:30:00,22.1,22.1,21.95,22.0001,59696
2017-06-30 13:30:00,22.025,22.15,22.0,22.15,79536
2017-06-30 14:30:00,22.125,22.15,21.95,21.9973,155070
2017-06-30 15:30:00,22.0,22.0601,21.9,21.95,199051
2017-07-03 09:30:00,22.15,22.25,21.9,22.025,90271
2017-07-03 10:30:00,22.025,22.05,21.775,22.05,97058
2017-07-03 11:30:00,22.05,22.05,21.925,22.025,101175
2017-07-03 12:30:00,22.0,22.05,21.9,21.9281,223320
2017-07-03 13:30:00,21.95,21.95,21.95,21.95,3268
2017-07-03 14:30:00,,,,,0
2017-07-03 15:30:00,,,,,0
2017-07-10 09:30:00,22.5,22.65,22.225,22.35,161291
2017-07-10 10:30:00,22.375,22.5,22.3,22.475,90275
2017-07-10 11:30:00,22.475,22.65,22.45,22.65,84527
2017-07-10 12:30:00,22.65,22.775,22.6,22.625,103313
2017-07-10 13:30:00,22.625,22.8,22.6,22.725,79125
2017-07-10 14:30:00,22.7367,22.775,22.5,22.575,144257
2017-07-10 15:30:00,22.575,22.6,22.4,22.4,225688
2017-07-11 09:30:00,22.4,23.2,22.3,23.1,202947
2017-07-11 10:30:00,23.1,23.55,23.05,23.2,266873
2017-07-11 11:30:00,23.15,23.35,23.125,23.175,47119
2017-07-11 12:30:00,23.2,23.25,23.1454,23.2,42785
2017-07-11 13:30:00,23.175,23.25,23.15,23.25,108266
2017-07-11 14:30:00,23.25,23.35,23.2,23.275,110661
2017-07-11 15:30:00,23.275,23.3,23.2,23.2,113902
2017-07-12 09:30:00,23.4,23.9,23.4,23.725,135611
2017-07-12 10:30:00,23.725,23.8,23.605,23.775,83299
2017-07-12 11:30:00,23.775,23.85,23.7,23.775,73616
2017-07-12 12:30:00,23.8,23.8,23.7,23.775,99717
2017-07-12 13:30:00,23.75,23.9,23.75,23.85,157482
2017-07-12 14:30:00,23.825,23.9,23.75,23.875,84731
2017-07-12 15:30:00,23.85,23.95,23.85,23.85,170157
2017-07-13 09:30:00,24.0,24.05,23.85,23.85,264611
2017-07-13 10:30:00,23.875,24.05,23.85,23.975,243580
2017-07-13 11:30:00,23.975,24.125,23.9,24.125,88153
2017-07-13 12:30:00,24.1,24.125,23.975,24.05,53018
2017-07-13 13:30:00,24.05,24.075,23.95,23.975,65679
2017-07-13 14:30:00,23.975,24.1,23.9,24.1,88241
2017-07-13 15:30:00,24.075,24.15,24.025,24.1,114884
2017-07-14 09:30:00,24.15,24.425,24.15,24.305,100845
2017-07-14 10:30:00,24.3,24.4,24.25,24.3818,40530
2017-07-14 11:30:00,24.375,24.4,24.3,24.375,30025
2017-07-14 12:30:00,24.375,24.49,24.375,24.475,53246
2017-07-14 13:30:00,24.45,24.55,24.45,24.525,40541
2017-07-14 14:30:00,24.55,24.6,24.475,24.6,60813
2017-07-14 15:30:00,24.575,24.6,24.5,24.55,212708
2017-07-17 09:30:00,24.45,24.7,24.35,24.5,186006
2017-07-17 10:30:00,24.5,24.825,24.5,24.75,184943
2017-07-17 11:30:00,24.7,24.9,24.675,24.9,67806
2017-07-17 12:30:00,24.875,25.0,24.8428,24.9068,68771
2017-07-17 13:30:00,24.925,25.1,24.8,24.925,167539
2017-07-17 14:30:00,24.925,24.9566,24.8,24.85,60844
2017-07-17 15:30:00,24.875,25.0,24.85,24.9,224489
2017-07-18 09:30:00,24.85,25.35,24.51,25.3,177186
2017-07-18 10:30:00,25.275,25.35,25.05,25.15,134912
2017-07-18 11:30:00,25.125,25.25,25.05,25.15,82107
2017-07-18 12:30:00,25.15,25.2,25.0,25.05,69278
2017-07-18 13:30:00,25.1,25.2,25.075,25.15,53547
2017-07-18 14:30:00,25.15,25.4,25.15,25.325,173518
2017-07-18 15:30:00,25.35,25.4,25.2,25.2,206260
2017-07-24 09:30:00,25.85,26.0,25.575,25.6,137709
2017-07-24 10:30:00,25.625,25.65,25.355,25.5,172528
2017-07-24 11:30:00,25.5,25.6,25.45,25.575,56521
2017-07-24 12:30:00,25.6,25.9,25.5,25.85,116149
2017-07-24 13:30:00,25.85,25.9,25.7,25.85,66634
2017-07-24 14:30:00,25.825,25.85,25.75,25.8,66201
2017-07-24 15:30:00,25.8,25.85,25.76,25.8,101942
2017-07-25 09:30:00,25.8,26.0,25.65,25.65,70282
2017-07-25 10:30:00,25.65,25.825,25.55,25.8,73124
2017-07-25 11:30:00,25.8,25.8,25.625,25.695,42471
2017-07-25 12:30:00,25.7,25.75,25.65,25.7,22228
2017-07-25 13:30:00,25.7,25.75,25.7,25.725,28228
2017-07-25 14:30:00,25.725,25.8,25.55,25.65,211258
2017-07-25 15:30:00,25.625,25.7,25.525,25.7,161678
2017-07-26 09:30:00,26.0,26.3,25.5,25.875,65067
2017-07-26 10:30:00,25.9,26.0,25.825,25.925,81279
2017-07-26 11:30:00,25.925,25.95,25.7,25.75,141935
2017-07-26 12:30:00,25.75,25.85,25.67,25.85,87263
2017-07-26 13:30:00,25.85,25.85,25.7,25.75,197155
2017-07-26 14:30:00,25.775,25.95,25.7,25.86,209922
2017-07-26 15:30:00,25.85,25.9,25.75,25.9,369432
2017-07-27 09:30:00,26.7,26.85,25.8,26.55,190530
2017-07-27 10:30:00,26.5,26.9,26.45,26.825,107004
2017-07-27 11:30:00,26.8,26.95,26.65,26.7,85780
2017-07-27 12:30:00,26.7,26.75,26.05,26.15,262589
2017-07-27 13:30:00,26.05,26.5,25.75,26.45,131794
2017-07-27 14:30:00,26.45,26.6,26.35,26.525,143447
2017-07-27 15:30:00,26.5,26.7,26.5,26.625,231427
2017-07-28 09:30:00,26.55,27.1,26.45,26.9374,153719
2017-07-28 10:30:00,26.85,26.95,26.45,26.575,114268
2017-07-28 11:30:00,26.575,26.65,26.43,26.5,55160
2017-07-28 12:30:00,26.45,26.6,26.45,26.4996,71484
2017-07-28 13:30:00,26.475,26.75,26.475,26.6,73060
2017-07-28 14:30:00,26.6,26.65,26.45,26.475,153093
2017-07-28 15:30:00,26.45,26.5,26.4,26.5,208885
2017-07-31 09:30:00,26.5,26.55,26.1,26.25,89787
2017-07-31 10:30:00,26.2,26.35,26.025,26.3,119000
2017-07-31 11:30:00,26.25,26.4,26.15,26.3,65247
2017-07-31 12:30:00,26.25,26.325,26.15,26.25,52300
2017-07-31 13:30:00,26.2,26.35,26.1,26.2,102640
2017-07-31 14:30:00,26.2,26.25,26.05,26.125,202734
2017-07-31 15:30:00,26.15,26.15,26.05,26.1,198413
2017-08-01 09:30:00,26.3,26.35,26.0,26.05,111826
2017-08-01 10:30:00,26.1,26.2,26.05,26.1,71594
2017-08-01 11:30:00,26.05,26.1,25.85,25.9,93083
2017-08-01 12:30:00,25.85,26.15,25.85,26.15,59022
2017-08-01 13:30:00,26.1,26.2,26.025,26.05,46510
2017-08-01 14:30:00,26.075,26.2,26.0,26.15,104781
2017-08-01 15:30:00,26.125,26.3,26.1,26.3,332067
2017-08-14 09:30:00,24.75,24.9,24.55,24.625,95011
2017-08-14 10:30:00,24.625,24.7,24.4,24.45,65596
2017-08-14 11:30:00,24.475,24.6,24.475,24.6,30583
2017-08-14 12:30:00,24.6,24.65,24.525,24.6,26212
2017-08-14 13:30:00,24.625,24.65,24.5,24.55,44161
2017-08-14 14:30:00,24.55,24.7,24.475,24.7,74560
2017-08-14 15:30:00,24.7,24.7,24.605,24.65,62811
2017-08-15 09:30:00,24.8,24.85,24.575,24.75,49790
2017-08-15 10:30:00,24.725,24.7279,24.55,24.575,30209
2017-08-15 11:30:00,24.6,24.65,24.525,24.55,33642
2017-08-15 12:30:00,24.6,24.6,24.35,24.425,50019
2017-08-15 13:30:00,24.4,24.45,24.25,24.4,44210
2017-08-15 14:30:00,24.45,24.45,24.3,24.375,46408
2017-08-15 15:30:00,24.37,24.45,24.35,24.45,85878
2017-08-16 09:30:00,24.5,24.8,24.4,24.5,44183
2017-08-16 10:30:00,24.55,24.65,24.45,24.45,56480
2017-08-16 11:30:00,24.45,24.5,24.35,24.475,133407
2017-08-16 12:30:00,24.475,24.7,24.4,24.45,105515
2017-08-16 13:30:00,24.45,24.5,24.36,24.4,56333
2017-08-16 14:30:00,24.35,24.5,24.35,24.45,75415
2017-08-16 15:30:00,24.425,24.45,24.35,24.425,136080
2017-08-17 09:30:00,24.3,24.65,23.81,23.975,84783
2017-08-17 10:30:00,23.975,24.1,23.875,24.05,85847
2017-08-17 11:30:00,24.0,24.05,23.85,23.875,70030
2017-08-17 12:30:00,23.85,23.85,23.6,23.7012,61756
2017-08-17 13:30:00,23.675,23.75,23.55,23.6429,56001
2017-08-17 14:30:00,23.675,23.7,23.46,23.5,89658
2017-08-17 15:30:00,23.5,23.6,23.4,23.45,143006
2017-08-18 09:30:00,23.25,23.7,23.05,23.6589,211166
2017-08-18 10:30:00,23.7,23.8,23.6,23.7491,45961
2017-08-18 11:30:00,23.775,23.85,23.7,23.8,47016
2017-08-18 12:30:00,23.825,23.85,23.7,23.8,48628
2017-08-18 13:30:00,23.775,23.9,23.7,23.85,49900
2017-08-18 14:30:00,23.85,23.875,23.75,23.85,76819
2017-08-18 15:30:00,23.825,23.85,23.75,23.8,103172
2017-08-21 09:30:00,23.85,23.85,23.5,23.7,94099
2017-08-21 10:30:00,23.675,23.85,23.65,23.775,74345
2017-08-21 11:30:00,23.75,23.925,23.75,23.85,64410
2017-08-21 12:30:00,23.825,23.875,23.75,23.8,34333
2017-08-21 13:30:00,23.75,23.8,23.7,23.775,47710
2017-08-21 14:30:00,23.775,23.8,23.75,23.775,37564
2017-08-21 15:30:00,23.775,23.9,23.775,23.85,131154
2017-08-22 09:30:00,24.1,24.3,24.1,24.225,44400
2017-08-22 10:30:00,24.2,24.4,24.2,24.35,37204
2017-08-22 11:30:00,24.3431,24.4,24.225,24.275,31207
2017-08-22 12:30:00,24.275,24.3,24.15,24.2,47371
2017-08-22 13:30:00,24.16,24.3,24.15,24.25,29622
2017-08-22 14:30:00,24.271,24.325,24.2,24.275,39970
2017-08-22 15:30:00,24.25,24.35,24.2,24.35,65665
2017-09-20 09:30:00,27.95,27.95,27.6,27.65,105258
2017-09-20 10:30:00,27.7,27.75,27.3,27.35,56684
2017-09-20 11:30:00,27.35,27.425,27.25,27.3553,63028
2017-09-20 12:30:00,27.4,27.8442,27.25,27.295,34967
2017-09-20 13:30:00,27.3,27.4,27.1,27.15,60538
2017-09-20 14:30:00,27.175,27.3872,27.1,27.375,95496
2017-09-20 15:30:00,27.4,27.45,27.3,27.45,134821
2017-09-21 09:30:00,27.5,27.8,27.1,27.325,118209
2017-09-21 10:30:00,27.3,27.65,27.25,27.6,105444
2017-09-21 11:30:00,27.55,27.65,27.5,27.65,56224
2017-09-21 12:30:00,27.625,27.65,27.55,27.625,33191
2017-09-21 13:30:00,27.625,27.725,27.55,27.65,57005
2017-09-21 14:30:00,27.65,27.75,27.575,27.75,78977
2017-09-21 15:30:00,27.75,27.75,27.6,27.6,166471
2017-09-22 09:30:00,27.5,27.89,27.5,27.75,80662
2017-09-22 10:30:00,27.75,27.95,27.7,27.85,104892
2017-09-22 11:30:00,27.8,27.85,27.65,27.75,57086
2017-09-22 12:30:00,27.7,27.75,27.55,27.6,82823
2017-09-22 13:30:00,27.6,27.825,27.6,27.775,73105
2017-09-22 14:30:00,27.75,27.85,27.7,27.825,90722
2017-09-22 15:30:00,27.825,27.85,27.75,27.85,116309
2017-09-25 09:30:00,27.7,27.85,27.4,27.65,132439
2017-09-25 10:30:00,27.675,27.75,27.35,27.625,170809
2017-09-25 11:30:00,27.6,27.6,27.3,27.425,69423
2017-09-25 12:30:00,27.425,27.6,27.425,27.475,36870
2017-09-25 13:30:00,27.5,27.55,27.4,27.425,30694
2017-09-25 14:30:00,27.425,27.5,27.35,27.5,75637
2017-09-25 15:30:00,27.475,27.5,27.4,27.5,104165
2017-09-26 09:30:00,27.5,27.75,27.5,27.55,78601
2017-09-26 10:30:00,27.55,27.55,27.35,27.3973,74273
2017-09-26 11:30:00,27.45,27.5,27.4,27.425,43898
2017-09-26 12:30:00,27.4,27.6,27.35,27.55,66647
2017-09-26 13:30:00,27.575,27.575,27.425,27.4939,76297
2017-09-26 14:30:00,27.475,27.525,27.4,27.475,98362
2017-09-26 15:30:00,27.475,27.55,27.3,27.3,213932
2017-09-27 09:30:00,27.65,27.9,27.4,27.9,188874
2017-09-27 10:30:00,27.925,27.95,27.65,27.875,152819
2017-09-27 11:30:00,27.875,28.0,27.75,28.0,86355
2017-09-27 12:30:00,28.0,28.1,27.85,28.05,114108
2017-09-27 13:30:00,28.05,28.3,28.0,28.225,293574
2017-09-27 14:30:00,28.225,28.525,28.15,28.45,206276
2017-09-27 15:30:00,28.475,28.5,28.3,28.35,150857
2017-09-28 09:30:00,28.4,28.6,28.05,28.175,73565
2017-09-28 10:30:00,28.2,28.3742,28.1,28.3742,105116
2017-09-28 11:30:00,28.375,28.55,28.25,28.475,57173
2017-09-28 12:30:00,28.5,28.7,28.45,28.5,54596
2017-09-28 13:30:00,28.525,28.6,28.45,28.5293,147931
2017-09-28 14:30:00,28.525,28.525,28.35,28.3574,88277
2017-09-28 15:30:00,28.375,28.45,28.3,28.4,241220
2017-09-29 09:30:00,28.8,28.8,28.325,28.35,208932
2017-09-29 10:30:00,28.35,28.925,28.3,28.8804,108003
2017-09-29 11:30:00,28.85,28.925,28.8,28.9,49638
2017-09-29 12:30:00,28.9,29.0,28.85,28.9,35294
2017-09-29 13:30:00,28.9,28.95,28.8,28.9,49058
2017-09-29 14:30:00,28.875,28.9,28.7089,28.85,58131
2017-09-29 15:30:00,28.85,28.9,28.8,28.825,151518
2017-10-16 09:30:00,29.9,30.05,29.7,29.875,104753
2017-10-16 10:30:00,29.85,29.9,29.7,29.75,58511
2017-10-16 11:30:00,29.8,29.85,29.65,29.775,53172
2017-10-16 12:30:00,29.7762,29.875,29.75,29.875,32215
2017-10-16 13:30:00,29.85,29.95,29.85,29.9,65538
2017-10-16 14:30:00,29.85,30.1,29.85,30.025,291001
2017-10-16 15:30:00,30.0,30.05,29.9,29.95,156270
2017-10-17 09:30:00,30.0,30.1,29.65,29.85,67641
2017-10-17 10:30:00,29.85,30.1,29.85,30.1,88436
2017-10-17 11:30:00,30.075,30.1,29.95,30.0,66791
2017-10-17 12:30:00,29.9848,30.025,29.9,30.0,41944
2017-10-17 13:30:00,30.0,30.075,29.95,30.0,61646
2017-10-17 14:30:00,29.975,30.1,29.95,30.025,103693
2017-10-17 15:30:00,30.05,30.075,29.95,29.95,89341
2017-10-18 09:30:00,30.5,30.55,30.0,30.175,137334
2017-10-18 10:30:00,30.175,30.35,30.1,30.3,128476
2017-10-18 11:30:00,30.3,30.5,30.2,30.4,102077
2017-10-18 12:30:00,30.425,30.55,30.375,30.525,121423
2017-10-18 13:30:00,30.55,30.6,30.45,30.525,233329
2017-10-18 14:30:00,30.525,30.575,30.5,30.525,70425
2017-10-18 15:30:00,30.525,30.55,30.35,30.45,202331
2017-10-19 09:30:00,30.2,30.3,29.6,30.175,139769
2017-10-19 10:30:00,30.175,30.3,30.05,30.2,82169
2017-10-19 11:30:00,30.2,30.225,29.925,30.1,98029
2017-10-19 12:30:00,30.075,30.225,29.95,30.225,72098
2017-10-19 13:30:00,30.225,30.3,30.15,30.225,41253
2017-10-19 14:30:00,30.225,30.3,30.2,30.275,45035
2017-10-19 15:30:00,30.3,30.3,30.2,30.2,70041
2017-10-20 09:30:00,30.6,30.9,30.4,30.65,227753
2017-10-20 10:30:00,30.65,30.65,30.425,30.5,91944
2017-10-20 11:30:00,30.5,30.55,30.45,30.525,72166
2017-10-20 12:30:00,30.55,30.55,30.41,30.475,91823
2017-10-20 13:30:00,30.5,30.5,30.4,30.45,77997
2017-10-20 14:30:00,30.475,30.5,30.3,30.325,74292
2017-10-20 15:30:00,30.325,30.325,30.15,30.2,176224
2017-10-23 09:30:00,30.2,30.9,30.1,30.2,164795
2017-10-23 10:30:00,30.225,30.4,30.175,30.225,122271
2017-10-23 11:30:00,30.225,30.5,30.2,30.45,100221
2017-10-23 12:30:00,30.425,30.45,30.4,30.45,58869
2017-10-23 13:30:00,30.45,30.45,30.3,30.325,72708
2017-10-23 14:30:00,30.325,30.4,30.275,30.275,112122
2017-10-23 15:30:00,30.275,30.325,30.05,30.1,320142
2017-10-24 09:30:00,30.3,30.5,30.15,30.3,137634
2017-10-24 10:30:00,30.325,30.35,30.2,30.25,101040
2017-10-24 11:30:00,30.275,30.5,30.25,30.5,76698
2017-10-24 12:30:00,30.5,30.65,30.5,30.65,36624
2017-10-24 13:30:00,30.625,30.7,30.6,30.625,56258
2017-10-24 14:30:00,30.625,30.65,30.4,30.425,87100
2017-10-24 15:30:00,30.425,30.5,30.35,30.35,172444
2017-10-25 09:30:00,30.3,30.95,30.3,30.575,102836
2017-10-25 10:30:00,30.575,30.65,29.9,30.0,126336
2017-10-25 11:30:00,30.04,30.2,29.65,29.8,136308
2017-10-25 12:30:00,29.8,30.15,29.7,30.0,214317
2017-10-25 13:30:00,30.0,30.2,29.8,30.05,278745
2017-10-25 14:30:00,30.05,30.2,29.9,30.075,170399
2017-10-25 15:30:00,30.075,30.1,29.95,30.05,480605
2017-10-26 09:30:00,30.4,31.2,30.4,31.125,237150
2017-10-26 10:30:00,31.125,31.4,30.95,31.15,122875
2017-10-26 11:30:00,31.05,31.4,30.95,31.325,94704
2017-10-26 12:30:00,31.3,31.65,31.25,31.5365,112238
2017-10-26 13:30:00,31.5,31.825,31.45,31.7805,281940
2017-10-26 14:30:00,31.75,32.1,31.6,32.1,252212
2017-10-26 15:30:00,32.1,32.25,31.95,32.0,385003
2017-10-27 09:30:00,32.3,32.75,32.05,32.3,212552
2017-10-27 10:30:00,32.3,32.4,32.0,32.35,157670
2017-10-27 11:30:00,32.35,32.75,32.35,32.575,96201
2017-10-27 12:30:00,32.575,32.675,32.35,32.55,91411
2017-10-27 13:30:00,32.55,32.7,32.4,32.55,94236
2017-10-27 14:30:00,32.575,32.6,32.25,32.3,116943
2017-10-27 15:30:00,32.3,32.4688,32.175,32.275,225612
2017-10-30 09:30:00,32.35,32.6,31.775,32.2,194631
2017-10-30 10:30:00,32.225,32.45,32.0,32.2,155885
2017-10-30 11:30:00,32.2,32.35,32.05,32.1256,83632
2017-10-30 12:30:00,32.125,32.25,32.05,32.0868,59941
2017-10-30 13:30:00,32.1,32.1,31.84,32.0502,137255
2017-10-30 14:30:00,32.05,32.15,31.975,32.1,182501
2017-10-30 15:30:00,32.125,32.15,32.025,32.15,134164
2017-10-31 09:30:00,32.4,32.595,32.15,32.4,207314
2017-10-31 10:30:00,32.4,32.5,32.35,32.425,142967
2017-10-31 11:30:00,32.4268,32.75,32.4,32.725,114981
2017-10-31 12:30:00,32.725,32.95,32.7,32.8803,101914
2017-10-31 13:30:00,32.8862,33.05,32.75,33.05,105071
2017-10-31 14:30:00,33.01,33.05,32.825,32.95,168409
2017-10-31 15:30:00,32.95,32.95,32.7,32.7,203512
2017-11-13 09:30:00,31.3,31.75,31.06,31.75,122429
2017-11-13 10:30:00,31.7,32.05,31.625,31.925,98578
2017-11-13 11:30:00,31.925,32.175,31.9,32.0,107178
2017-11-13 12:30:00,32.0,32.0105,31.725,31.8276,66813
2017-11-13 13:30:00,31.8,31.9,31.7,31.875,94024
2017-11-13 14:30:00,31.875,31.95,31.8,31.85,135702
2017-11-13 15:30:00,31.825,31.85,31.65,31.65,205623
2017-11-14 09:30:00,31.5,31.74,31.21,31.45,60579
2017-11-14 10:30:00,31.45,31.6,31.325,31.4307,45156
2017-11-14 11:30:00,31.425,31.6167,31.4,31.55,28447
2017-11-14 12:30:00,31.55,31.55,31.2,31.425,114684
2017-11-14 13:30:00,31.45,31.5,31.3,31.3,64169
2017-11-14 14:30:00,31.35,31.35,30.8,30.825,322420
2017-11-14 15:30:00,30.825,31.0,30.8,30.95,299055
2017-11-15 09:30:00,30.7,30.7,30.2,30.675,115842
2017-11-15 10:30:00,30.65,30.95,30.575,30.875,75720
2017-11-15 11:30:00,30.85,30.875,30.6,30.65,92575
2017-11-15 12:30:00,30.65,30.75,30.6,30.7,59137
2017-11-15 13:30:00,30.65,30.8,30.65,30.725,68703
2017-11-15 14:30:00,30.7,30.8,30.6,30.675,112277
2017-11-15 15:30:00,30.7,30.85,30.6,30.7,295107
2017-11-16 09:30:00,30.9,31.445,30.8,31.3,111051
2017-11-16 10:30:00,31.275,31.55,31.2,31.425,104959
2017-11-16 11:30:00,31.425,31.5,31.25,31.5,79326
2017-11-16 12:30:00,31.5,31.8,31.5,31.675,82231
2017-11-16 13:30:00,31.675,31.75,31.35,31.375,129032
2017-11-16 14:30:00,31.375,31.45,31.275,31.375,181503
2017-11-16 15:30:00,31.4,31.45,31.3,31.4,213524
2017-11-17 09:30:00,31.3,31.695,30.825,30.875,152959
2017-11-17 10:30:00,30.9,31.05,30.75,31.0,117276
2017-11-17 11:30:00,31.0,31.1,30.9,31.0,216821
2017-11-17 12:30:00,31.0,31.15,30.9,31.05,150105
2017-11-17 13:30:00,31.05,31.05,30.925,31.025,198360
2017-11-17 14:30:00,31.025,31.15,30.95,31.025,209942
2017-11-17 15:30:00,31.05,31.25,31.0,31.25,293491
2017-11-20 09:30:00,31.4,31.65,31.2,31.35,230732
2017-11-20 10:30:00,31.45,31.7,31.3501,31.65,85147
2017-11-20 11:30:00,31.6,31.7,31.5,31.575,80319
2017-11-20 12:30:00,31.55,31.7,31.5,31.7,71773
2017-11-20 13:30:00,31.675,31.7,31.5,31.65,81415
2017-11-20 14:30:00,31.6,31.675,31.525,31.65,88966
2017-11-20 15:30:00,31.65,31.7,31.5742,31.7,171317
2017-11-21 09:30:00,31.8,32.8,31.8,32.75,187776
2017-11-21 10:30:00,32.8,32.85,32.5,32.69,99692
2017-11-21 11:30:00,32.65,32.7,32.55,32.575,79636
2017-11-21 12:30:00,32.55,32.65,32.5,32.5538,72349
2017-11-21 13:30:00,32.525,32.65,32.45,32.475,124011
2017-11-21 14:30:00,32.45,32.55,32.4,32.475,105788
2017-11-21 15:30:00,32.5,32.6,32.4,32.6,182385
2017-12-14 09:30:00,29.65,30.55,29.65,30.15,207924
2017-12-14 10:30:00,30.15,30.5,30.15,30.5,142606
2017-12-14 11:30:00,30.475,30.5,30.35,30.45,77442
2017-12-14 12:30:00,30.35,30.45,30.2,30.275,69379
2017-12-14 13:30:00,30.25,30.3,29.95,29.95,107421
2017-12-14 14:30:00,29.925,30.05,29.9,29.95,88668
2017-12-14 15:30:00,29.95,30.125,29.9,30.0,150898
2017-12-15 09:30:00,30.15,30.85,29.45,30.7,582285
2017-12-15 10:30:00,30.7,30.75,30.45,30.7,97160
2017-12-15 11:30:00,30.65,31.0,30.65,30.9,54361
2017-12-15 12:30:00,30.9,31.1,30.9,31.025,59172
2017-12-15 13:30:00,31.05,31.3,31.05,31.2,132356
2017-12-15 14:30:00,31.225,31.45,31.15,31.45,96900
2017-12-15 15:30:00,31.425,31.45,30.975,31.25,422332
2017-12-18 09:30:00,31.6,32.1,31.55,31.65,182459
2017-12-18 10:30:00,31.65,31.65,31.31,31.4,111347
2017-12-18 11:30:00,31.375,31.4,31.25,31.325,69997
2017-12-18 12:30:00,31.35,31.425,31.1,31.125,146578
2017-12-18 13:30:00,31.11,31.3,31.05,31.25,72205
2017-12-18 14:30:00,31.25,31.45,31.15,31.225,136330
2017-12-18 15:30:00,31.225,31.45,31.2,31.45,175063
2017-12-19 09:30:00,31.35,32.1,31.35,31.625,187053
2017-12-19 10:30:00,31.6473,31.7,31.3,31.4,66760
2017-12-19 11:30:00,31.45,31.45,31.025,31.05,68699
2017-12-19 12:30:00,31.1,31.35,31.05,31.1,69548
2017-12-19 13:30:00,31.125,31.225,31.0,31.1,81772
2017-12-19 14:30:00,31.1,31.15,30.825,30.875,133358
2017-12-19 15:30:00,30.875,31.0,30.8,31.0,207644
2017-12-20 09:30:00,31.3,31.55,30.65,30.75,178586
2017-12-20 10:30:00,30.725,31.05,30.65,30.9661,67261
2017-12-20 11:30:00,30.975,31.3,30.9,31.175,49155
2017-12-20 12:30:00,31.16,31.25,31.0,31.1,33819
2017-12-20 13:30:00,31.15,31.2,30.91,30.95,64922
2017-12-20 14:30:00,30.925,31.0,30.825,30.85,66133
2017-12-20 15:30:00,30.875,31.05,30.85,31.0,167191
2017-12-21 09:30:00,31.05,31.4,30.7,30.85,92698
2017-12-21 10:30:00,30.825,30.9,30.6255,30.9,90281
2017-12-21 11:30:00,30.9,30.925,30.65,30.6792,49743
2017-12-21 12:30:00,30.7,30.8,30.7,30.75,45692
2017-12-21 13:30:00,30.75,30.75,30.5,30.525,69388
2017-12-21 14:30:00,30.525,30.825,30.5,30.79,97745
2017-12-21 15:30:00,30.775,30.8,30.65,30.7,84595
2017-12-22 09:30:00,30.8,31.05,30.35,30.9,81468
2017-12-22 10:30:00,30.95,31.0,30.75,30.88,42637
2017-12-22 11:30:00,30.9,31.05,30.85,31.01,38149
2017-12-22 12:30:00,31.0325,31.15,31.0,31.0,21441
2017-12-22 13:30:00,31.025,31.15,30.925,30.95,20457
2017-12-22 14:30:00,30.95,31.05,30.8,30.85,70651
2017-12-22 15:30:00,30.825,30.9539,30.675,30.9,176333
2017-12-29 09:30:00,31.0,31.15,30.85,30.925,111627
2017-12-29 10:30:00,30.95,31.1,30.775,30.84,40174
2017-12-29 11:30:00,30.831,30.85,30.7,30.775,25015
2017-12-29 12:30:00,30.75,30.85,30.7,30.825,24211
2017-12-29 13:30:00,30.8,30.85,30.7,30.85,34685
2017-12-29 14:30:00,30.85,30.85,30.625,30.675,90164
2017-12-29 15:30:00,30.675,30.8076,30.45,30.45,95779
2018-01-02 09:30:00,30.6,31.15,30.15,30.9,243971
2018-01-02 10:30:00,30.95,31.3,30.85,31.24,83330
2018-01-02 11:30:00,31.225,31.3,31.1,31.25,36641
2018-01-02 12:30:00,31.25,31.45,31.2,31.35,65240
2018-01-02 13:30:00,31.35,31.475,31.2,31.3674,89311
2018-01-02 14:30:00,31.375,31.5,31.25,31.4,202041
2018-01-02 15:30:00,31.4,31.625,31.35,31.6,243704
2018-01-03 09:30:00,31.6,31.9,31.4,31.6,242021
2018-01-03 10:30:00,31.6,31.65,31.45,31.625,59540
2018-01-03 11:30:00,31.65,31.65,31.35,31.475,55260
2018-01-03 12:30:00,31.5,31.65,31.45,31.5,44021
2018-01-03 13:30:00,31.45,31.65,31.4,31.6,74425
2018-01-03 14:30:00,31.63,31.8,31.55,31.79,93457
2018-01-03 15:30:00,31.75,31.8,31.6,31.65,229463
2018-01-04 09:30:00,31.95,32.45,31.7,32.3,207136
2018-01-04 10:30:00,32.3,32.55,32.2,32.35,80307
2018-01-04 11:30:00,32.4,32.45,32.2,32.2795,88273
2018-01-04 12:30:00,32.25,32.275,32.0,32.125,74417
2018-01-04 13:30:00,32.15,32.15,31.9,32.05,87110
2018-01-04 14:30:00,32.0,32.175,31.9,32.175,82084
2018-01-04 15:30:00,32.15,32.3,32.12,32.225,125249
2018-01-05 09:30:00,32.45,32.7,32.2,32.6,107769
2018-01-05 10:30:00,32.575,32.8,32.55,32.7,44534
2018-01-05 11:30:00,32.65,32.75,32.525,32.6,41160
2018-01-05 12:30:00,32.65,32.8,32.5,32.7,91973
2018-01-05 13:30:00,32.7,32.95,32.6,32.95,81360
2018-01-05 14:30:00,32.925,33.04,32.65,32.75,131315
2018-01-05 15:30:00,32.75,32.8,32.7,32.775,82148
2018-01-08 09:30:00,32.65,33.4305,32.6,33.3,226597
2018-01-08 10:30:00,33.325,33.55,33.2,33.275,170790
2018-01-08 11:30:00,33.275,33.5,33.25,33.425,87126
2018-01-08 12:30:00,33.4,33.65,33.35,33.5,75804
2018-01-08 13:30:00,33.5,33.65,33.4,33.45,65160
2018-01-08 14:30:00,33.45,33.65,33.45,33.625,128769
2018-01-08 15:30:00,33.625,33.65,33.4,33.4,177902
2018-01-16 09:30:00,32.8,32.95,32.55,32.7679,108737
2018-01-16 10:30:00,32.725,32.75,32.475,32.725,119289
2018-01-16 11:30:00,32.75,32.7779,32.575,32.65,90568
2018-01-16 12:30:00,32.6,32.7,32.5,32.6,68099
2018-01-16 13:30:00,32.65,32.65,32.175,32.25,89019
2018-01-16 14:30:00,32.15,32.45,32.05,32.425,108929
2018-01-16 15:30:00,32.4,32.5344,32.2,32.3,200814
2018-01-17 09:30:00,32.5,32.95,32.5,32.65,97232
2018-01-17 10:30:00,32.7,32.85,32.65,32.75,160598
2018-01-17 11:30:00,32.8,32.8,32.675,32.75,100575
2018-01-17 12:30:00,32.8,32.8,32.65,32.775,189509
2018-01-17 13:30:00,32.8,33.25,32.775,33.175,141731
2018-01-17 14:30:00,33.175,33.45,33.1,33.35,160728
2018-01-17 15:30:00,33.35,33.55,33.325,33.45,239825
2018-01-18 09:30:00,33.35,33.95,33.21,33.5,127443
2018-01-18 10:30:00,33.55,33.75,33.475,33.625,139353
2018-01-18 11:30:00,33.625,33.85,33.55,33.85,107473
2018-01-18 12:30:00,33.85,33.9437,33.6245,33.75,55763
2018-01-18 13:30:00,33.775,34.0,33.725,33.99,82405
2018-01-18 14:30:00,33.95,33.9859,33.775,33.887,102242
2018-01-18 15:30:00,33.85,34.0,33.825,33.91,182414
2018-01-19 09:30:00,33.95,34.2,33.6,34.05,125435
2018-01-19 10:30:00,34.025,34.2,33.8,34.15,70386
2018-01-19 11:30:00,34.15,34.2,34.05,34.15,39828
2018-01-19 12:30:00,34.195,34.3,34.1,34.2,44232
2018-01-19 13:30:00,34.225,34.45,34.2,34.4,154152
2018-01-19 14:30:00,34.35,34.55,34.31,34.55,79278
2018-01-19 15:30:00,34.525,34.55,34.2051,34.55,128501
2018-01-22 09:30:00,34.7,34.8,34.2,34.3,189751
2018-01-22 10:30:00,34.25,34.4,34.25,34.3,151870
2018-01-22 11:30:00,34.3,34.55,34.25,34.55,151526
2018-01-22 12:30:00,34.5,34.55,34.35,34.375,121900
2018-01-22 13:30:00,34.375,34.525,34.35,34.5075,75500
2018-01-22 14:30:00,34.525,34.575,34.4,34.425,103814
2018-01-22 15:30:00,34.4,34.65,34.4,34.575,159533
2018-01-23 09:30:00,34.5,34.8,34.4,34.675,116833
2018-01-23 10:30:00,34.695,35.0,34.65,34.925,88412
2018-01-23 11:30:00,34.9,34.95,34.7,34.775,57405
2018-01-23 12:30:00,34.75,34.85,34.75,34.85,58328
2018-01-23 13:30:00,34.85,34.9,34.8,34.8449,74563
2018-01-23 14:30:00,34.8,34.95,34.775,34.95,84992
2018-01-23 15:30:00,34.9,35.1,34.8149,35.05,93940
2018-01-24 09:30:00,35.05,35.25,34.6,34.9,143510
2018-01-24 10:30:00,34.9,35.0,34.65,34.725,266428
2018-01-24 11:30:00,34.7,34.75,34.41,34.525,253874
2018-01-24 12:30:00,34.525,34.649,34.26,34.6,231703
2018-01-24 13:30:00,34.61,34.75,34.525,34.675,81828
2018-01-24 14:30:00,34.675,34.75,34.6,34.625,113731
2018-01-24 15:30:00,34.6,34.75,34.6,34.725,170396
2018-01-25 09:30:00,34.9,35.35,34.45,34.5,236234
2018-01-25 10:30:00,34.5,34.6,34.25,34.45,73488
2018-01-25 11:30:00,34.45,34.75,34.35,34.45,80405
2018-01-25 12:30:00,34.425,34.45,34.225,34.35,90224
2018-01-25 13:30:00,34.325,34.35,34.15,34.175,69868
2018-01-25 14:30:00,34.2,34.2,34.0,34.01,104459
2018-01-25 15:30:00,34.0455,34.1,33.95,34.075,153010
2018-01-26 09:30:00,34.2,34.945,34.2,34.5933,115856
2018-01-26 10:30:00,34.525,34.65,34.2,34.4,145428
2018-01-26 11:30:00,34.4,34.45,34.0,34.169,48508
2018-01-26 12:30:00,34.175,34.225,34.1,34.15,24202
2018-01-26 13:30:00,34.175,34.5,34.15,34.4,88081
2018-01-26 14:30:00,34.35,34.5,34.35,34.475,77095
2018-01-26 15:30:00,34.475,34.55,34.385,34.5,121053
2018-01-29 09:30:00,34.45,34.65,34.0,34.175,109010
2018-01-29 10:30:00,34.2,34.2,33.75,33.825,137086
2018-01-29 11:30:00,33.8,33.95,33.8,33.85,64131
2018-01-29 12:30:00,33.875,34.05,33.8,34.025,79379
2018-01-29 13:30:00,34.05,34.1,33.925,34.1,44883
2018-01-29 14:30:00,34.05,34.1,33.95,33.95,62125
2018-01-29 15:30:00,33.975,34.1,33.85,34.0,188498
2018-01-30 09:30:00,33.65,33.75,33.06,33.7,162525
2018-01-30 10:30:00,33.7,33.775,33.55,33.7,141333
2018-01-30 11:30:00,33.65,33.75,33.45,33.45,131005
2018-01-30 12:30:00,33.475,33.55,33.35,33.4,75411
2018-01-30 13:30:00,33.4,33.65,33.35,33.425,68919
2018-01-30 14:30:00,33.425,33.5,33.325,33.425,102738
2018-01-30 15:30:00,33.4,33.45,33.35,33.35,161685
2018-02-09 09:30:00,30.2,31.15,29.95,31.0,248286
2018-02-09 10:30:00,30.95,31.05,30.395,30.5,185312
2018-02-09 11:30:00,30.475,30.7,29.8,29.8,113477
2018-02-09 12:30:00,29.85,30.1,29.6,29.791,124313
2018-02-09 13:30:00,29.8,30.75,29.6,30.4,195223
2018-02-09 14:30:00,30.45,30.7,30.225,30.595,181561
2018-02-09 15:30:00,30.55,31.05,30.55,30.75,278004
2018-02-12 09:30:00,31.1,31.15,30.45,30.65,139526
2018-02-12 10:30:00,30.7,30.825,30.55,30.75,68186
2018-02-12 11:30:00,30.75,31.05,30.7,31.032,122023
2018-02-12 12:30:00,31.025,31.1,30.9,31.0,89671
2018-02-12 13:30:00,31.0,31.275,31.0,31.25,85395
2018-02-12 14:30:00,31.275,31.45,31.15,31.375,82550
2018-02-12 15:30:00,31.35,31.4,31.05,31.15,138019
2018-02-13 09:30:00,31.25,31.25,30.51,30.775,106052
2018-02-13 10:30:00,30.8,31.1,30.75,30.85,90127
2018-02-13 11:30:00,30.875,31.025,30.8,30.875,74755
2018-02-13 12:30:00,30.9,30.975,30.8,30.8722,65863
2018-02-13 13:30:00,30.9,31.29,30.85,31.15,74011
2018-02-13 14:30:00,31.15,31.275,31.025,31.25,61162
2018-02-13 15:30:00,31.25,31.275,31.1,31.2,129524
2018-02-14 09:30:00,30.75,31.65,30.75,31.5,120649
2018-02-14 10:30:00,31.6,31.75,31.3,31.6,74639
2018-02-14 11:30:00,31.55,31.9,31.5,31.75,65438
2018-02-14 12:30:00,31.8,32.1,31.75,32.0,91160
2018-02-14 13:30:00,32.0,32.35,31.975,32.2755,125408
2018-02-14 14:30:00,32.275,32.55,32.25,32.45,166645
2018-02-14 15:30:00,32.425,32.45,32.2,32.3,190455
2018-02-15 09:30:00,33.0,33.19,32.25,32.5,195834
2018-02-15 10:30:00,32.5,32.5,31.8,32.325,124083
2018-02-15 11:30:00,32.35,32.375,32.1,32.25,71346
2018-02-15 12:30:00,32.275,32.55,32.25,32.45,72127
2018-02-15 13:30:00,32.45,32.65,32.275,32.65,52610
2018-02-15 14:30:00,32.65,33.1,32.65,33.0,99622
2018-02-15 15:30:00,33.0,33.1,32.95,33.1,121332
2018-02-16 09:30:00,32.9,33.4,32.56,33.05,88043
2018-02-16 10:30:00,33.1,33.2,32.975,33.05,49231
2018-02-16 11:30:00,33.1,33.25,33.05,33.15,33565
2018-02-16 12:30:00,33.2,33.3,33.1,33.1,100925
2018-02-16 13:30:00,33.125,33.3,33.1,33.2,88110
2018-02-16 14:30:00,33.2,33.25,33.1,33.15,52142
2018-02-16 15:30:00,33.15,33.2,33.0,33.0,157661
2018-03-19 09:30:00,36.05,36.65,35.7,36.3,475190
2018-03-19 10:30:00,36.25,36.5,36.15,36.25,297198
2018-03-19 11:30:00,36.2,36.25,35.8,36.075,259218
2018-03-19 12:30:00,36.075,36.15,35.85,36.075,118012
2018-03-19 13:30:00,36.05,36.25,36.0452,36.15,91402
2018-03-19 14:30:00,36.15,36.425,36.0,36.245,109059
2018-03-19 15:30:00,36.2,36.55,36.2,36.55,205136
2018-03-20 09:30:00,36.5,37.125,36.35,36.8,127496
2018-03-20 10:30:00,36.75,36.8,36.55,36.7767,184413
2018-03-20 11:30:00,36.7698,36.775,36.5,36.7,157315
2018-03-20 12:30:00,36.65,36.75,36.55,36.6245,129396
2018-03-20 13:30:00,36.625,36.74,36.55,36.625,117456
2018-03-20 14:30:00,36.64,36.7,36.4,36.425,194044
2018-03-20 15:30:00,36.425,36.5,36.2,36.3,319885
2018-03-21 09:30:00,36.4,37.94,36.2,37.875,261155
2018-03-21 10:30:00,37.85,38.225,37.85,38.225,278484
2018-03-21 11:30:00,38.225,38.25,38.0,38.1815,162143
2018-03-21 12:30:00,38.15,38.25,37.85,38.05,155285
2018-03-21 13:30:00,38.0,38.2,37.85,38.0,193547
2018-03-21 14:30:00,37.95,38.0,37.5,37.675,216164
2018-03-21 15:30:00,37.7,37.85,37.625,37.825,244241
2018-03-22 09:30:00,37.5,37.8,37.0,37.5,354201
2018-03-22 10:30:00,37.5,37.55,37.0,37.1,251856
2018-03-22 11:30:00,37.075,37.25,36.7,37.1935,133605
2018-03-22 12:30:00,37.2,37.35,37.05,37.35,60708
2018-03-22 13:30:00,37.35,37.45,37.1,37.125,50810
2018-03-22 14:30:00,37.1,37.2,36.825,36.825,110237
2018-03-22 15:30:00,36.825,36.9,36.7,36.75,201093
2018-03-23 09:30:00,36.85,37.05,35.85,36.19,241777
2018-03-23 10:30:00,36.2,36.4,36.1,36.175,84882
2018-03-23 11:30:00,36.15,36.35,35.975,36.2,236418
2018-03-23 12:30:00,36.175,36.4,36.1,36.35,137737
2018-03-23 13:30:00,36.35,36.4,36.1,36.25,179370
2018-03-23 14:30:00,36.2,36.25,35.8,36.0,217799
2018-03-23 15:30:00,36.025,36.1,35.8,35.8,370839
2018-03-26 09:30:00,36.5,36.85,32.755,36.79,153584
2018-03-26 10:30:00,36.75,36.9,36.55,36.7,194185
2018-03-26 11:30:00,36.7,37.0,36.7,36.761,96474
2018-03-26 12:30:00,36.7,36.9,36.7,36.875,69687
2018-03-26 13:30:00,36.875,37.15,36.8,37.15,82091
2018-03-26 14:30:00,37.15,37.45,37.055,37.45,106777
2018-03-26 15:30:00,37.425,37.65,37.35,37.6,215223
2018-03-27 09:30:00,37.75,37.75,36.95,37.175,186886
2018-03-27 10:30:00,37.175,37.4,37.0,37.3,166250
2018-03-27 11:30:00,37.3,37.475,37.05,37.1,147017
2018-03-27 12:30:00,37.125,37.2,36.8,36.875,119093
2018-03-27 13:30:00,36.869,36.9,36.01,36.025,139053
2018-03-27 14:30:00,36.025,36.275,35.6,35.625,217815
2018-03-27 15:30:00,35.6,35.6546,35.2,35.35,255991
2018-04-12 09:30:00,35.7,36.85,35.7,36.7,72060
2018-04-12 10:30:00,36.75,36.75,36.4,36.675,67258
2018-04-12 11:30:00,36.675,36.9,36.65,36.75,54344
2018-04-12 12:30:00,36.775,37.0,36.75,36.775,77275
2018-04-12 13:30:00,36.775,36.9,36.7,36.85,85635
2018-04-12 14:30:00,36.875,36.9,36.65,36.8,106687
2018-04-12 15:30:00,36.8,36.85,36.65,36.8,127417
2018-04-13 09:30:00,37.1,37.1,36.55,36.65,101208
2018-04-13 10:30:00,36.6,36.825,36.55,36.775,50551
2018-04-13 11:30:00,36.8,37.1,36.75,37.1,50991
2018-04-13 12:30:00,37.1,37.15,36.91,37.14,36533
2018-04-13 13:30:00,37.15,37.15,36.95,36.975,34170
2018-04-13 14:30:00,36.95,37.05,36.65,36.8,110440
2018-04-13 15:30:00,36.8,36.95,36.75,36.8,121547
2018-04-16 09:30:00,37.2,37.2,36.8,37.05,80162
2018-04-16 10:30:00,37.05,37.05,36.8,36.95,65326
2018-04-16 11:30:00,36.975,37.25,36.9,37.2,48315
2018-04-16 12:30:00,37.2,37.25,37.025,37.1,45513
2018-04-16 13:30:00,37.1,37.175,37.0,37.15,58669
2018-04-16 14:30:00,37.125,37.2,36.95,37.025,133775
2018-04-16 15:30:00,37.0,37.025,36.9,36.95,162504
2018-04-17 09:30:00,37.15,37.5686,37.05,37.25,81904
2018-04-17 10:30:00,37.25,37.55,37.175,37.45,64124
2018-04-17 11:30:00,37.425,37.4802,37.35,37.35,82356
2018-04-17 12:30:00,37.375,37.45,37.35,37.45,61370
2018-04-17 13:30:00,37.475,37.5,37.3,37.4,75973
2018-04-17 14:30:00,37.375,37.75,37.35,37.75,132876
2018-04-17 15:30:00,37.725,37.85,37.65,37.65,196947
2018-04-18 09:30:00,37.5,37.65,36.7,37.125,216843
2018-04-18 10:30:00,37.15,37.4,37.1,37.3,136083
2018-04-18 11:30:00,37.25,37.35,37.075,37.2541,121097
2018-04-18 12:30:00,37.2,37.3,37.125,37.225,128092
2018-04-18 13:30:00,37.225,37.25,37.1,37.225,57981
2018-04-18 14:30:00,37.225,37.25,37.0,37.15,314145
2018-04-18 15:30:00,37.125,37.2,37.025,37.15,143353
2018-04-19 09:30:00,36.6,36.65,35.5,35.7,224561
2018-04-19 10:30:00,35.675,35.675,34.925,35.4,170740
2018-04-19 11:30:00,35.4,35.45,34.975,35.05,155999
2018-04-19 12:30:00,35.025,35.15,34.3195,34.4,361097
2018-04-19 13:30:00,34.4,34.7,34.35,34.6,195754
2018-04-19 14:30:00,34.6,34.7,34.5,34.625,213186
2018-04-19 15:30:00,34.6,34.8,34.6,34.7,379324
2018-04-20 09:30:00,34.5,35.05,34.25,34.425,363872
2018-04-20 10:30:00,34.425,34.55,33.95,33.95,234032
2018-04-20 11:30:00,33.95,34.5,33.95,34.25,265777
2018-04-20 12:30:00,34.25,34.375,34.1,34.35,61630
2018-04-20 13:30:00,34.35,34.4,34.05,34.075,163105
2018-04-20 14:30:00,34.1,34.1045,33.75,33.825,193562
2018-04-20 15:30:00,33.825,33.85,33.65,33.7,363144
2018-04-23 09:30:00,34.0,34.1,33.65,33.975,151733
2018-04-23 10:30:00,33.95,34.07,33.85,33.95,99995
2018-04-23 11:30:00,33.95,34.0,33.5,33.55,75497
2018-04-23 12:30:00,33.55,33.6,33.35,33.6,79287
2018-04-23 13:30:00,33.575,33.625,33.28,33.3,68661
2018-04-23 14:30:00,33.325,33.55,33.3,33.45,78309
2018-04-23 15:30:00,33.4,33.6,33.4,33.5,147704
2018-04-24 09:30:00,33.7,34.7,33.45,33.45,150903
2018-04-24 10:30:00,33.5,33.7,33.25,33.7,96123
2018-04-24 11:30:00,33.675,33.8,33.2,33.3,83790
2018-04-24 12:30:00,33.225,33.25,33.05,33.1,61087
2018-04-24 13:30:00,33.1,33.15,32.65,32.9,96173
2018-04-24 14:30:00,32.8613,33.125,32.825,32.975,76648
2018-04-24 15:30:00,33.0,33.3,32.85,33.25,210796
2018-04-25 09:30:00,33.4,33.4,32.4,32.9,329656
2018-04-25 10:30:00,32.9,33.35,32.8,33.3,166002
2018-04-25 11:30:00,33.35,33.35,32.9,33.1,135381
2018-04-25 12:30:00,33.1,33.3,33.0,33.15,139556
2018-04-25 13:30:00,33.15,33.325,33.0511,33.15,344114
2018-04-25 14:30:00,33.175,33.5,33.15,33.275,185955
2018-04-25 15:30:00,33.275,33.35,33.05,33.3,297888
2018-04-26 09:30:00,33.25,34.0,32.65,32.85,410865
2018-04-26 10:30:00,32.9,33.5,32.8292,33.2,195677
2018-04-26 11:30:00,33.2,33.55,33.05,33.5,107629
2018-04-26 12:30:00,33.5,33.7,33.35,33.5741,297977
2018-04-26 13:30:00,33.6,33.75,33.3833,33.4838,144157
2018-04-26 14:30:00,33.5,33.65,33.4,33.5353,92794
2018-04-26 15:30:00,33.5,33.55,33.4,33.4,197160
2018-04-27 09:30:00,33.8,34.0,33.05,33.1,304021
2018-04-27 10:30:00,33.1,33.125,32.5,32.75,133761
2018-04-27 11:30:00,32.775,32.775,32.35,32.375,62526
2018-04-27 12:30:00,32.375,32.65,32.25,32.65,95207
2018-04-27 13:30:00,32.625,32.875,32.6,32.75,109907
2018-04-27 14:30:00,32.75,32.7875,32.55,32.625,109516
2018-04-27 15:30:00,32.6,32.7,32.4,32.6,235163
2018-04-30 09:30:00,32.9,33.09,32.7,32.7949,82767
2018-04-30 10:30:00,32.85,32.9,32.6,32.7,59903
2018-04-30 11:30:00,32.7,32.7,32.2,32.45,71224
2018-04-30 12:30:00,32.425,32.475,32.25,32.35,53005
2018-04-30 13:30:00,32.4,32.5,32.2,32.3,44643
2018-04-30 14:30:00,32.35,32.375,32.15,32.35,89176
2018-04-30 15:30:00,32.325,32.45,32.2,32.2,153678
2018-05-01 09:30:00,32.2,32.5,31.85,32.25,84995
2018-05-01 10:30:00,32.25,32.4,32.1,32.375,47059
2018-05-01 11:30:00,32.35,32.437,32.25,32.4,88975
2018-05-01 12:30:00,32.4,32.55,32.25,32.4,62722
2018-05-01 13:30:00,32.4,32.725,32.35,32.65,47142
2018-05-01 14:30:00,32.7,32.8,32.65,32.75,69767
2018-05-01 15:30:00,32.725,32.95,32.675,32.75,170524
2018-05-14 09:30:00,35.8,36.5,35.5,36.2,124221
2018-05-14 10:30:00,36.25,36.45,36.1891,36.25,152437
2018-05-14 11:30:00,36.25,36.45,36.2,36.275,47942
2018-05-14 12:30:00,36.275,36.35,35.925,36.0,48377
2018-05-14 13:30:00,35.9928,36.1,35.875,36.1,47703
2018-05-14 14:30:00,36.1,36.2,35.95,36.125,71030
2018-05-14 15:30:00,36.1,36.125,36.0,36.05,92658
2018-05-15 09:30:00,35.65,35.95,35.45,35.7,74086
2018-05-15 10:30:00,35.65,35.8,35.6,35.75,60305
2018-05-15 11:30:00,35.75,35.832,35.45,35.55,193980
2018-05-15 12:30:00,35.5,35.7,35.5,35.675,95907
2018-05-15 13:30:00,35.65,35.8,35.55,35.775,54110
2018-05-15 14:30:00,35.75,35.85,35.65,35.7,45504
2018-05-15 15:30:00,35.675,35.85,35.6698,35.8,89628
2018-05-16 09:30:00,36.0,36.45,35.4159,36.225,54905
2018-05-16 10:30:00,36.25,36.5,36.25,36.3,56859
2018-05-16 11:30:00,36.3,36.6,36.25,36.575,43495
2018-05-16 12:30:00,36.575,36.7,36.45,36.45,46941
2018-05-16 13:30:00,36.45,36.7,36.45,36.65,51772
2018-05-16 14:30:00,36.6,36.65,36.475,36.5,80915
2018-05-16 15:30:00,36.45,36.55,36.45,36.55,123282
2018-05-17 09:30:00,36.6,36.9,36.3,36.8,90421
2018-05-17 10:30:00,36.825,37.0,36.75,36.775,51458
2018-05-17 11:30:00,36.8,36.95,36.75,36.825,43345
2018-05-17 12:30:00,36.825,36.9,36.75,36.825,67044
2018-05-17 13:30:00,36.825,36.85,36.5,36.7,109129
2018-05-17 14:30:00,36.7,36.875,36.7,36.75,64611
2018-05-17 15:30:00,36.725,36.9,36.7,36.9,124872
2018-05-18 09:30:00,36.25,36.25,34.6,35.225,531961
2018-05-18 10:30:00,35.25,35.25,34.65,34.9,322995
2018-05-18 11:30:00,34.925,34.95,34.5,34.7,171040
2018-05-18 12:30:00,34.725,35.15,34.7,35.125,109356
2018-05-18 13:30:00,35.125,35.125,34.6,34.7255,202371
2018-05-18 14:30:00,34.75,34.75,34.35,34.35,307951
2018-05-18 15:30:00,34.375,34.525,34.15,34.15,376362
2018-05-21 09:30:00,34.65,35.2597,34.55,34.75,164349
2018-05-21 10:30:00,34.75,35.0,34.65,34.75,149534
2018-05-21 11:30:00,34.762,35.0,34.6,34.85,75633
2018-05-21 12:30:00,34.85,34.95,34.8,34.875,48193
2018-05-21 13:30:00,34.85,34.925,34.5,34.55,56970
2018-05-21 14:30:00,34.5802,34.65,34.45,34.625,87537
2018-05-21 15:30:00,34.625,34.9,34.6,34.775,165999
2018-05-22 09:30:00,35.05,35.5,34.95,35.0,62371
2018-05-22 10:30:00,35.0,35.3,35.0,35.2,55592
2018-05-22 11:30:00,35.2,35.2,34.95,35.0,39089
2018-05-22 12:30:00,35.05,35.05,34.85,34.95,29851
2018-05-22 13:30:00,35.0,35.0,34.9,34.974,19161
2018-05-22 14:30:00,35.0,35.0,34.725,34.7963,64279
2018-05-22 15:30:00,34.75,34.9,34.7,34.825,143099
2018-06-15 09:30:00,38.55,38.675,38.2,38.4,370244
2018-06-15 10:30:00,38.35,38.45,38.2,38.35,70356
2018-06-15 11:30:00,38.3,38.35,38.15,38.15,99583
2018-06-15 12:30:00,38.15,38.3,38.05,38.15,162828
2018-06-15 13:30:00,38.15,38.275,38.125,38.2,52123
2018-06-15 14:30:00,38.225,38.25,38.05,38.1,232028
2018-06-15 15:30:00,38.15,38.325,38.05,38.25,182638
2018-06-18 09:30:00,38.05,38.2,37.35,37.5,161708
2018-06-18 10:30:00,37.525,37.9,37.5,37.7,84542
2018-06-18 11:30:00,37.7,37.75,37.45,37.5,78770
2018-06-18 12:30:00,37.475,37.5,37.35,37.375,94224
2018-06-18 13:30:00,37.375,37.4,37.25,37.3,75766
2018-06-18 14:30:00,37.275,37.65,37.25,37.425,223567
2018-06-18 15:30:00,37.45,37.45,37.25,37.3,228450
2018-06-19 09:30:00,36.9,37.1,36.175,36.175,164817
2018-06-19 10:30:00,36.2,36.475,35.875,36.45,174434
2018-06-19 11:30:00,36.475,36.55,36.3,36.35,101862
2018-06-19 12:30:00,36.35,36.7,36.15,36.625,139843
2018-06-19 13:30:00,36.625,36.9,36.55,36.9,115193
2018-06-19 14:30:00,36.85,36.925,36.65,36.675,169242
2018-06-19 15:30:00,36.65,36.75,36.55,36.55,227923
2018-06-20 09:30:00,36.9,37.19,36.25,36.25,132503
2018-06-20 10:30:00,36.25,36.55,36.2,36.425,72150
2018-06-20 11:30:00,36.425,36.5,36.35,36.4102,95392
2018-06-20 12:30:00,36.45,36.45,36.3,36.3,62060
2018-06-20 13:30:00,36.325,36.35,36.2,36.275,69855
2018-06-20 14:30:00,36.275,36.3,36.1,36.125,170504
2018-06-20 15:30:00,36.125,36.2,36.1,36.15,188935
2018-06-21 09:30:00,36.25,36.475,35.7,35.725,125164
2018-06-21 10:30:00,35.75,36.0,35.7,35.85,88789
2018-06-21 11:30:00,35.875,36.025,35.85,35.95,65277
2018-06-21 12:30:00,35.95,36.0,35.8,35.95,36116
2018-06-21 13:30:00,35.95,36.05,35.85,35.95,94913
2018-06-21 14:30:00,35.95,36.0,35.8,35.85,113937
2018-06-21 15:30:00,35.85,35.95,35.75,35.9,204106
2018-06-22 09:30:00,36.2,36.2,35.55,35.55,55761
2018-06-22 10:30:00,35.6,35.85,35.5,35.75,50508
2018-06-22 11:30:00,35.75,35.95,35.7,35.85,88045
2018-06-22 12:30:00,35.85,36.25,35.85,36.25,65978
2018-06-22 13:30:00,36.225,36.3,35.9,35.9,78547
2018-06-22 14:30:00,35.925,36.05,35.85,35.85,174393
2018-06-22 15:30:00,35.85,35.9076,35.25,35.4,509829
2018-06-25 09:30:00,35.0,35.35,34.3,34.4,149424
2018-06-25 10:30:00,34.4,34.55,34.1,34.15,93260
2018-06-25 11:30:00,34.2,34.2,33.85,34.0,69388
2018-06-25 12:30:00,34.025,34.4,34.025,34.3485,106605
2018-06-25 13:30:00,34.375,34.65,34.3,34.4,89939
2018-06-25 14:30:00,34.4,34.55,34.25,34.3,116248
2018-06-25 15:30:00,34.325,34.55,34.25,34.4,153783
2018-07-16 09:30:00,35.15,35.41,34.875,35.2,126992
2018-07-16 10:30:00,35.2,35.27,34.95,35.05,92178
2018-07-16 11:30:00,35.0,35.25,35.0,35.225,50830
2018-07-16 12:30:00,35.225,35.3,35.15,35.2,93947
2018-07-16 13:30:00,35.175,35.4,35.15,35.325,49873
2018-07-16 14:30:00,35.3,35.3,35.125,35.175,133001
2018-07-16 15:30:00,35.2,35.4,35.15,35.35,158700
2018-07-17 09:30:00,35.4,35.6302,35.05,35.6302,103861
2018-07-17 10:30:00,35.625,35.75,35.55,35.65,55176
2018-07-17 11:30:00,35.675,35.85,35.625,35.825,75363
2018-07-17 12:30:00,35.85,35.95,35.775,35.925,58544
2018-07-17 13:30:00,35.925,36.15,35.9,36.125,77727
2018-07-17 14:30:00,36.125,36.4,36.05,36.35,172325
2018-07-17 15:30:00,36.375,36.6,36.35,36.45,265824
2018-07-18 09:30:00,36.8,37.35,36.8,37.105,281742
2018-07-18 10:30:00,37.125,37.45,37.1,37.225,160782
2018-07-18 11:30:00,37.2,37.4,37.15,37.35,106827
2018-07-18 12:30:00,37.375,37.45,37.3,37.45,63208
2018-07-18 13:30:00,37.4075,37.7,37.35,37.7,175407
2018-07-18 14:30:00,37.7,37.95,37.6,37.9,198544
2018-07-18 15:30:00,37.895,37.95,37.8,37.8,307182
2018-07-19 09:30:00,37.45,37.75,37.21,37.575,229405
2018-07-19 10:30:00,37.575,37.74,37.2,37.625,172455
2018-07-19 11:30:00,37.65,37.8,37.55,37.6,77830
2018-07-19 12:30:00,37.625,37.85,37.6,37.78,89436
2018-07-19 13:30:00,37.775,38.0,37.75,37.9,75695
2018-07-19 14:30:00,37.9,38.0,37.8,37.95,125051
2018-07-19 15:30:00,37.925,38.05,37.85,37.95,271874
2018-07-20 09:30:00,37.9,38.2,37.5,38.2,157473
2018-07-20 10:30:00,38.2,38.35,38.05,38.1,88481
2018-07-20 11:30:00,38.1,38.125,37.8,38.0,130003
2018-07-20 12:30:00,38.05,38.35,37.95,38.3,131279
2018-07-20 13:30:00,38.3,38.375,38.1,38.15,102936
2018-07-20 14:30:00,38.15,38.15,37.95,38.005,108169
2018-07-20 15:30:00,38.025,38.05,37.775,37.85,208197
2018-07-23 09:30:00,37.65,37.7,37.1,37.55,221261
2018-07-23 10:30:00,37.56,37.85,37.525,37.725,151705
2018-07-23 11:30:00,37.75,38.05,37.7001,38.0,150622
2018-07-23 12:30:00,38.05,38.1,37.85,37.85,61939
2018-07-23 13:30:00,37.9,38.0981,37.85,37.9,70914
2018-07-23 14:30:00,37.925,38.0,37.8,37.8,46224
2018-07-23 15:30:00,37.85,38.0,37.8,37.9,91936
2018-07-24 09:30:00,38.25,38.65,38.05,38.525,89263
2018-07-24 10:30:00,38.55,38.55,37.9,38.05,96444
2018-07-24 11:30:00,38.05,38.05,37.6,37.675,123201
2018-07-24 12:30:00,37.7,37.8,37.4,37.45,149370
2018-07-24 13:30:00,37.4,37.45,37.225,37.375,119955
2018-07-24 14:30:00,37.375,37.65,37.35,37.6,120488
2018-07-24 15:30:00,37.625,37.65,37.475,37.6,247776
2018-07-25 09:30:00,37.45,37.8188,37.25,37.5,198620
2018-07-25 10:30:00,37.55,37.7,37.0501,37.275,196053
2018-07-25 11:30:00,37.275,37.7,37.15,37.65,120547
2018-07-25 12:30:00,37.625,37.7,37.4,37.45,93587
2018-07-25 13:30:00,37.4,37.5,37.2,37.4,130526
2018-07-25 14:30:00,37.425,37.59,37.4,37.475,155749
2018-07-25 15:30:00,37.5,37.7,37.3,37.7,238787
2018-07-26 09:30:00,38.55,38.55,34.45,34.6,335663
2018-07-26 10:30:00,34.55,35.9,34.55,35.9,317965
2018-07-26 11:30:00,35.875,35.95,35.3,35.3,187327
2018-07-26 12:30:00,35.325,36.05,35.2,35.95,161151
2018-07-26 13:30:00,35.975,36.35,35.9,36.35,189096
2018-07-26 14:30:00,36.4,36.4,35.65,35.75,164321
2018-07-26 15:30:00,35.775,36.35,35.75,36.25,504220
2018-07-27 09:30:00,36.65,36.95,36.26,36.3,215303
2018-07-27 10:30:00,36.3,36.35,35.95,36.0562,160739
2018-07-27 11:30:00,35.95,36.05,35.25,35.25,134288
2018-07-27 12:30:00,35.275,35.3,34.9,35.0,201710
2018-07-27 13:30:00,35.0,35.35,34.95,35.075,93519
2018-07-27 14:30:00,35.075,35.25,34.95,35.175,130589
2018-07-27 15:30:00,35.175,35.3876,35.15,35.2,201436
2018-07-30 09:30:00,35.0,35.375,34.575,35.25,207434
2018-07-30 10:30:00,35.25,35.3,34.5,34.525,152672
2018-07-30 11:30:00,34.525,34.75,34.45,34.525,111915
2018-07-30 12:30:00,34.55,34.9,34.4,34.875,77667
2018-07-30 13:30:00,34.85,34.99,34.6,34.625,61127
2018-07-30 14:30:00,34.625,34.85,34.55,34.575,124190
2018-07-30 15:30:00,34.6,34.775,34.55,34.675,200494
2018-07-31 09:30:00,34.85,35.7,34.85,35.15,125785
2018-07-31 10:30:00,35.15,35.375,35.15,35.26,69506
2018-07-31 11:30:00,35.3,35.65,35.25,35.625,119275
2018-07-31 12:30:00,35.625,35.7,35.35,35.45,102232
2018-07-31 13:30:00,35.5,35.5,35.15,35.275,70127
2018-07-31 14:30:00,35.275,35.35,35.15,35.15,131978
2018-07-31 15:30:00,35.2,35.225,35.05,35.1,125747
2018-08-13 09:30:00,35.05,35.2,34.85,35.0,108607
2018-08-13 10:30:00,35.0,35.1,34.95,34.95,26870
2018-08-13 11:30:00,34.95,35.025,34.8,34.85,46808
2018-08-13 12:30:00,34.8742,34.925,34.75,34.85,40604
2018-08-13 13:30:00,34.825,35.05,34.775,34.9997,57613
2018-08-13 14:30:00,35.05,35.05,34.85,34.95,36865
2018-08-13 15:30:00,34.9,35.0,34.85,34.9,92716
2018-08-14 09:30:00,35.0,35.25,34.9,35.05,107828
2018-08-14 10:30:00,35.075,35.4,35.05,35.4,122410
2018-08-14 11:30:00,35.4,35.4,34.925,35.3,31808
2018-08-14 12:30:00,35.3,35.3,35.05,35.1,48554
2018-08-14 13:30:00,35.075,35.15,35.0,35.0,40255
2018-08-14 14:30:00,35.05,35.1,34.975,35.1,40924
2018-08-14 15:30:00,35.05,35.1,35.0,35.0,96876
2018-08-15 09:30:00,34.8,34.95,34.15,34.15,176486
2018-08-15 10:30:00,34.15,34.3,33.8,34.15,97858
2018-08-15 11:30:00,34.125,34.225,33.871,34.025,58165
2018-08-15 12:30:00,34.05,34.15,33.9,33.95,69828
2018-08-15 13:30:00,33.975,34.025,33.75,33.925,66641
2018-08-15 14:30:00,33.9,34.15,33.85,34.0,143725
2018-08-15 15:30:00,34.0,34.05,33.75,33.75,153229
2018-08-16 09:30:00,33.85,34.3,33.75,33.85,152191
2018-08-16 10:30:00,33.84,34.0,33.75,33.85,60209
2018-08-16 11:30:00,33.85,34.0,33.8,33.825,85050
2018-08-16 12:30:00,33.8,33.85,33.6,33.65,40246
2018-08-16 13:30:00,33.65,33.7,33.55,33.55,60851
2018-08-16 14:30:00,33.54,33.6,33.45,33.55,97401
2018-08-16 15:30:00,33.55,33.55,33.375,33.45,176331
2018-08-17 09:30:00,33.2,33.29,32.45,32.9,247923
2018-08-17 10:30:00,32.875,33.025,32.4164,32.537,155887
2018-08-17 11:30:00,32.525,32.6,32.45,32.4999,95754
2018-08-17 12:30:00,32.47,32.5,32.15,32.1936,53100
2018-08-17 13:30:00,32.15,32.55,32.15,32.525,121466
2018-08-17 14:30:00,32.525,32.525,32.35,32.425,133244
2018-08-17 15:30:00,32.425,32.45,32.325,32.35,221621
2018-08-20 09:30:00,32.5,33.1,32.05,32.175,190929
2018-08-20 10:30:00,32.2,32.35,32.05,32.325,173866
2018-08-20 11:30:00,32.3,32.375,32.2,32.25,252369
2018-08-20 12:30:00,32.25,32.35,32.25,32.325,131012
2018-08-20 13:30:00,32.325,32.55,32.3,32.4,216721
2018-08-20 14:30:00,32.4,32.4,32.3,32.325,140305
2018-08-20 15:30:00,32.325,32.45,32.25,32.325,202164
2018-08-21 09:30:00,32.35,32.7,32.35,32.475,139760
2018-08-21 10:30:00,32.475,32.74,32.475,32.6391,142113
2018-08-21 11:30:00,32.625,32.89,32.6,32.875,218484
2018-08-21 12:30:00,32.875,32.95,32.8,32.875,65108
2018-08-21 13:30:00,32.85,32.9,32.75,32.85,70326
2018-08-21 14:30:00,32.8377,32.85,32.65,32.7,72983
2018-08-21 15:30:00,32.7,32.75,32.65,32.725,180906
2018-09-17 09:30:00,30.4,30.5,29.85,30.0,101185
2018-09-17 10:30:00,29.975,30.15,29.95,30.0,88807
2018-09-17 11:30:00,30.05,30.25,30.025,30.15,53027
2018-09-17 12:30:00,30.175,30.275,30.1,30.175,75222
2018-09-17 13:30:00,30.175,30.3,30.1,30.225,85884
2018-09-17 14:30:00,30.225,30.3,29.95,29.975,68515
2018-09-17 15:30:00,29.95,30.0,29.75,29.8,121190
2018-09-18 09:30:00,29.9,30.35,29.8,29.8,136025
2018-09-18 10:30:00,29.8,30.0,29.69,29.9,55278
2018-09-18 11:30:00,29.9,29.95,29.75,29.825,64178
2018-09-18 12:30:00,29.825,29.85,29.65,29.75,49975
2018-09-18 13:30:00,29.725,29.75,29.505,29.55,89421
2018-09-18 14:30:00,29.575,29.65,29.4,29.45,96262
2018-09-18 15:30:00,29.475,29.5,29.4,29.45,156265
2018-09-19 09:30:00,29.6,29.8,29.3,29.35,123637
2018-09-19 10:30:00,29.35,29.375,29.05,29.2142,339812
2018-09-19 11:30:00,29.225,29.3,28.95,28.975,154295
2018-09-19 12:30:00,28.96,29.05,28.9,28.9364,79630
2018-09-19 13:30:00,28.925,28.95,28.7,28.7679,180279
2018-09-19 14:30:00,28.775,29.1,28.7483,29.05,227674
2018-09-19 15:30:00,29.0673,29.25,29.05,29.25,244358
2018-09-20 09:30:00,29.45,29.75,28.9,29.55,216436
2018-09-20 10:30:00,29.575,29.6,29.4,29.4,134137
2018-09-20 11:30:00,29.425,29.45,29.325,29.375,96940
2018-09-20 12:30:00,29.375,29.6,29.35,29.5754,103618
2018-09-20 13:30:00,29.575,29.6,29.35,29.3754,120865
2018-09-20 14:30:00,29.35,29.6,29.3,29.6,278884
2018-09-20 15:30:00,29.575,29.65,29.4,29.6,150610
2018-09-21 09:30:00,29.6,29.9,29.5,29.575,527365
2018-09-21 10:30:00,29.55,29.8,29.55,29.725,132493
2018-09-21 11:30:00,29.725,29.8,29.65,29.75,55573
2018-09-21 12:30:00,29.7,29.775,29.65,29.7318,50959
2018-09-21 13:30:00,29.725,29.85,29.7,29.75,46825
2018-09-21 14:30:00,29.75,29.875,29.7,29.825,111615
2018-09-21 15:30:00,29.825,30.05,29.725,30.0,422541
2018-09-24 09:30:00,29.9,30.1,29.45,30.075,161537
2018-09-24 10:30:00,30.0999,30.3,29.95,30.2,106428
2018-09-24 11:30:00,30.2,30.35,30.15,30.175,75255
2018-09-24 12:30:00,30.175,30.45,30.175,30.3,93760
2018-09-24 13:30:00,30.3,30.5,30.3,30.5,137673
2018-09-24 14:30:00,30.45,30.55,30.3,30.3,114245
2018-09-24 15:30:00,30.3,30.35,30.15,30.225,187964
2018-09-25 09:30:00,30.2,30.4,30.0,30.25,174052
2018-09-25 10:30:00,30.225,30.25,29.8,29.85,68504
2018-09-25 11:30:00,29.875,29.9,29.6,29.625,63907
2018-09-25 12:30:00,29.65,29.675,29.45,29.625,103164
2018-09-25 13:30:00,29.625,29.75,29.5,29.57,109766
2018-09-25 14:30:00,29.5661,29.65,29.45,29.525,126809
2018-09-25 15:30:00,29.5499,29.65,29.425,29.45,200583
2018-10-15 09:30:00,26.2,26.43,25.89,26.03,91200
2018-10-15 10:30:00,26.03,26.24,25.86,26.18,97910
2018-10-15 11:30:00,26.19,26.37,26.025,26.28,260127
2018-10-15 12:30:00,26.3065,26.45,26.22,26.39,56267
2018-10-15 13:30:00,26.405,26.5207,26.34,26.36,68762
2018-10-15 14:30:00,26.36,26.61,26.34,26.35,203821
2018-10-15 15:30:00,26.35,26.47,26.32,26.33,196944
2018-10-16 09:30:00,26.74,27.06,26.4,26.8399,133681
2018-10-16 10:30:00,26.8,27.13,26.78,27.05,74817
2018-10-16 11:30:00,27.05,27.28,26.97,27.26,107535
2018-10-16 12:30:00,27.25,27.425,27.2,27.4,166194
2018-10-16 13:30:00,27.4,27.5855,27.38,27.56,76937
2018-10-16 14:30:00,27.56,27.68,27.53,27.615,99739
2018-10-16 15:30:00,27.61,27.73,27.61,27.71,311107
2018-10-17 09:30:00,27.98,28.34,27.42,28.03,385464
2018-10-17 10:30:00,28.02,28.15,27.88,28.01,290283
2018-10-17 11:30:00,28.01,28.15,27.96,28.08,169531
2018-10-17 12:30:00,28.095,28.25,28.05,28.08,105910
2018-10-17 13:30:00,28.06,28.26,28.01,28.07,306274
2018-10-17 14:30:00,28.07,28.105,27.86,28.07,144478
2018-10-17 15:30:00,28.04,28.045,27.9001,27.99,233841
2018-10-18 09:30:00,27.65,27.65,26.97,27.48,392964
2018-10-18 10:30:00,27.52,27.58,27.153,27.28,250188
2018-10-18 11:30:00,27.26,27.36,26.98,27.16,182295
2018-10-18 12:30:00,27.16,27.23,27.06,27.13,185210
2018-10-18 13:30:00,27.12,27.16,26.98,27.06,147462
2018-10-18 14:30:00,27.06,27.16,26.99,27.04,154561
2018-10-18 15:30:00,27.05,27.15,27.02,27.12,274303
2018-10-19 09:30:00,27.01,27.56,26.9922,27.11,145094
2018-10-19 10:30:00,27.1,27.14,26.7,26.7529,82763
2018-10-19 11:30:00,26.75,26.78,26.36,26.455,45686
2018-10-19 12:30:00,26.465,26.68,26.38,26.62,78523
2018-10-19 13:30:00,26.59,26.77,26.42,26.71,86237
2018-10-19 14:30:00,26.72,26.78,26.61,26.7,119329
2018-10-19 15:30:00,26.695,26.74,26.66,26.68,220175
2018-10-22 09:30:00,26.84,26.9251,26.44,26.67,141952
2018-10-22 10:30:00,26.6799,27.01,26.64,26.82,133773
2018-10-22 11:30:00,26.82,26.92,26.65,26.69,146996
2018-10-22 12:30:00,26.7,26.85,26.68,26.79,53907
2018-10-22 13:30:00,26.7604,26.86,26.715,26.74,72871
2018-10-22 14:30:00,26.74,26.96,26.72,26.87,76246
2018-10-22 15:30:00,26.86,26.95,26.75,26.78,153222
2018-10-23 09:30:00,25.99,26.12,25.5,25.81,592184
2018-10-23 10:30:00,25.8067,26.59,25.745,26.54,205439
2018-10-23 11:30:00,26.53,26.66,26.24,26.64,183987
2018-10-23 12:30:00,26.62,26.85,26.565,26.63,93966
2018-10-23 13:30:00,26.65,26.9,26.62,26.84,110885
2018-10-23 14:30:00,26.83,27.04,26.83,27.0,97427
2018-10-23 15:30:00,26.995,27.02,26.82,26.83,130847
2018-10-24 09:30:00,26.47,26.47,25.98,26.02,296738
2018-10-24 10:30:00,26.03,26.03,25.69,25.71,133074
2018-10-24 11:30:00,25.69,26.04,25.6,25.86,108537
2018-10-24 12:30:00,25.86,25.86,25.431,25.45,92734
2018-10-24 13:30:00,25.445,25.55,25.35,25.495,190199
2018-10-24 14:30:00,25.49,25.58,25.05,25.05,167613
2018-10-24 15:30:00,25.055,25.126,24.71,24.73,364355
2018-10-25 09:30:00,23.39,26.41,23.39,25.5,344641
2018-10-25 10:30:00,25.5,26.82,25.201,25.49,342465
2018-10-25 11:30:00,25.57,25.66,25.32,25.4,110245
2018-10-25 12:30:00,25.39,25.54,25.33,25.47,189910
2018-10-25 13:30:00,25.46,25.63,25.29,25.57,210200
2018-10-25 14:30:00,25.56,25.5875,25.32,25.43,315186
2018-10-25 15:30:00,25.44,25.47,25.29,25.37,314882
2018-10-26 09:30:00,24.46,25.1,24.28,24.335,272826
2018-10-26 10:30:00,24.31,24.79,24.14,24.78,189739
2018-10-26 11:30:00,24.78,25.07,24.726,24.97,165438
2018-10-26 12:30:00,24.94,25.21,24.86,25.01,184170
2018-10-26 13:30:00,25.01,25.01,24.74,24.84,175878
2018-10-26 14:30:00,24.825,24.89,24.61,24.87,288089
2018-10-26 15:30:00,24.87,24.97,24.79,24.84,250088
2018-10-29 09:30:00,25.2,26.0,24.885,25.9725,230423
2018-10-29 10:30:00,25.985,26.17,25.82,26.13,282935
2018-10-29 11:30:00,26.135,26.28,25.77,25.82,235872
2018-10-29 12:30:00,25.83,26.06,25.81,25.9987,196510
2018-10-29 13:30:00,26.0,26.14,25.76,25.7825,321965
2018-10-29 14:30:00,25.78,25.88,25.39,25.5,402697
2018-10-29 15:30:00,25.48,25.57,25.2,25.53,438315
2018-10-30 09:30:00,25.36,26.68,25.09,26.25,343116
2018-10-30 10:30:00,26.21,26.2547,25.71,26.06,333019
2018-10-30 11:30:00,26.06,26.42,25.99,26.35,144271
2018-10-30 12:30:00,26.345,26.46,26.04,26.06,107739
2018-10-30 13:30:00,26.04,26.17,25.92,26.075,173947
2018-10-30 14:30:00,26.08,26.48,26.02,26.47,207014
2018-10-30 15:30:00,26.48,26.74,26.48,26.72,449166
2018-11-12 09:30:00,26.52,26.52,25.75,25.95,186282
2018-11-12 10:30:00,25.94,25.94,25.47,25.54,167402
2018-11-12 11:30:00,25.53,26.29,25.53,26.2,109850
2018-11-12 12:30:00,26.19,26.26,26.03,26.06,75090
2018-11-12 13:30:00,26.07,26.2,25.8765,26.13,102364
2018-11-12 14:30:00,26.11,26.245,25.88,25.985,174467
2018-11-12 15:30:00,25.98,25.99,25.69,25.73,223108
2018-11-13 09:30:00,25.95,26.79,25.79,26.14,189754
2018-11-13 10:30:00,26.1,26.54,26.07,26.42,248791
2018-11-13 11:30:00,26.425,26.57,26.31,26.43,87871
2018-11-13 12:30:00,26.42,26.44,26.32,26.35,86712
2018-11-13 13:30:00,26.37,26.5,26.1,26.17,83563
2018-11-13 14:30:00,26.14,26.26,26.01,26.17,79606
2018-11-13 15:30:00,26.18,26.33,26.14,26.25,125103
2018-11-14 09:30:00,26.65,26.84,26.3789,26.52,192409
2018-11-14 10:30:00,26.505,26.58,26.27,26.5,115716
2018-11-14 11:30:00,26.48,26.54,26.34,26.5135,103172
2018-11-14 12:30:00,26.515,26.53,26.2,26.26,84993
2018-11-14 13:30:00,26.262,26.34,26.025,26.24,105796
2018-11-14 14:30:00,26.21,26.51,26.195,26.44,85830
2018-11-14 15:30:00,26.44,26.455,26.265,26.27,113870
2018-11-15 09:30:00,26.12,26.7,26.04,26.651,86274
2018-11-15 10:30:00,26.63,26.89,26.45,26.81,90437
2018-11-15 11:30:00,26.8,27.0899,26.77,27.04,99197
2018-11-15 12:30:00,27.03,27.2,26.85,27.19,112394
2018-11-15 13:30:00,27.2,27.43,27.125,27.4239,104212
2018-11-15 14:30:00,27.4395,27.47,27.206,27.25,85677
2018-11-15 15:30:00,27.25,27.4,27.25,27.4,106882
2018-11-16 09:30:00,26.84,26.84,26.24,26.5,304274
2018-11-16 10:30:00,26.54,26.8,26.5,26.72,156151
2018-11-16 11:30:00,26.72,26.82,26.49,26.76,132220
2018-11-16 12:30:00,26.76,27.21,26.74,27.11,83520
2018-11-16 13:30:00,27.11,27.13,26.92,27.05,76272
2018-11-16 14:30:00,27.04,27.32,27.0,27.245,69540
2018-11-16 15:30:00,27.25,27.28,27.21,27.28,155195
2018-11-19 09:30:00,27.14,27.38,26.82,26.91,143518
2018-11-19 10:30:00,26.9,27.22,26.82,26.95,77625
2018-11-19 11:30:00,26.95,26.96,26.63,26.8,112537
2018-11-19 12:30:00,26.78,26.93,26.57,26.59,98571
2018-11-19 13:30:00,26.57,26.674,26.34,26.48,119275
2018-11-19 14:30:00,26.46,26.57,26.38,26.44,159997
2018-11-19 15:30:00,26.45,26.45,26.19,26.22,153407
2018-11-20 09:30:00,26.0,26.95,25.63,26.83,356349
2018-11-20 10:30:00,26.83,27.53,26.77,27.09,283630
2018-11-20 11:30:00,27.09,27.55,27.09,27.44,108384
2018-11-20 12:30:00,27.45,27.45,27.08,27.205,106607
2018-11-20 13:30:00,27.2,27.37,27.11,27.11,130382
2018-11-20 14:30:00,27.13,27.35,27.13,27.33,163492
2018-11-20 15:30:00,27.33,27.43,27.23,27.26,230985
2018-12-13 09:30:00,26.95,27.11,26.69,26.75,65796
2018-12-13 10:30:00,26.77,27.01,26.75,26.875,86581
2018-12-13 11:30:00,26.86,26.99,26.67,26.68,62884
2018-12-13 12:30:00,26.66,26.8,26.63,26.77,61985
2018-12-13 13:30:00,26.75,26.9,26.63,26.69,111491
2018-12-13 14:30:00,26.68,26.725,26.52,26.68,61465
2018-12-13 15:30:00,26.67,26.8,26.62,26.64,141389
2018-12-14 09:30:00,26.47,27.04,26.1282,26.74,142265
2018-12-14 10:30:00,26.74,26.9,26.49,26.5501,105845
2018-12-14 11:30:00,26.55,26.63,26.25,26.34,113756
2018-12-14 12:30:00,26.36,26.41,26.26,26.33,49341
2018-12-14 13:30:00,26.33,26.39,26.2,26.2181,88278
2018-12-14 14:30:00,26.2,26.26,26.04,26.18,110631
2018-12-14 15:30:00,26.18,26.18,25.97,26.0,152820
2018-12-17 09:30:00,25.95,26.33,25.8,26.31,97923
2018-12-17 10:30:00,26.3081,26.59,26.2,26.54,55744
2018-12-17 11:30:00,26.53,26.62,26.36,26.41,62112
2018-12-17 12:30:00,26.4062,26.4062,26.08,26.15,81493
2018-12-17 13:30:00,26.15,26.18,25.93,25.965,52842
2018-12-17 14:30:00,25.96,26.0635,25.9,25.94,57273
2018-12-17 15:30:00,25.93,25.93,25.7,25.76,248951
2018-12-18 09:30:00,26.03,26.74,25.84,26.73,296743
2018-12-18 10:30:00,26.7,26.87,26.14,26.205,126437
2018-12-18 11:30:00,26.21,26.45,26.1,26.44,124138
2018-12-18 12:30:00,26.46,26.67,26.42,26.49,70691
2018-12-18 13:30:00,26.49,26.49,26.3201,26.41,57961
2018-12-18 14:30:00,26.41,26.42,25.99,26.03,107840
2018-12-18 15:30:00,26.03,26.17,25.95,25.97,184846
2018-12-19 09:30:00,25.92,26.42,25.59,26.2972,104358
2018-12-19 10:30:00,26.285,26.49,26.2,26.23,140836
2018-12-19 11:30:00,26.23,26.31,26.06,26.09,158213
2018-12-19 12:30:00,26.09,26.16,25.98,26.075,129386
2018-12-19 13:30:00,26.08,26.1,25.43,25.79,178954
2018-12-19 14:30:00,25.8,25.93,24.89,24.92,277892
2018-12-19 15:30:00,24.92,25.19,24.9121,25.08,329787
2018-12-20 09:30:00,25.08,25.64,24.84,25.57,126320
2018-12-20 10:30:00,25.56,25.74,25.11,25.11,149085
2018-12-20 11:30:00,25.16,25.33,24.97,25.12,154231
2018-12-20 12:30:00,25.12,25.17,24.97,25.05,154346
2018-12-20 13:30:00,25.0429,25.22,24.96,25.2132,225390
2018-12-20 14:30:00,25.21,25.7,25.19,25.59,183893
2018-12-20 15:30:00,25.59,25.71,25.3,25.41,218737
2018-12-21 09:30:00,25.61,25.82,25.26,25.71,645233
2018-12-21 10:30:00,25.71,25.75,25.18,25.29,136360
2018-12-21 11:30:00,25.3,25.34,24.96,24.96,153749
2018-12-21 12:30:00,24.99,25.41,24.93,25.25,132054
2018-12-21 13:30:00,25.24,25.38,25.02,25.1,150071
2018-12-21 14:30:00,25.12,25.2,24.97,25.01,311991
2018-12-21 15:30:00,25.02,25.11,24.98,25.0,491799
2019-01-14 09:30:00,28.95,29.07,28.43,28.67,80175
2019-01-14 10:30:00,28.68,28.7,28.48,28.61,97927
2019-01-14 11:30:00,28.59,29.06,28.59,29.02,109271
2019-01-14 12:30:00,29.04,29.04,28.9532,29.0099,67952
2019-01-14 13:30:00,29.0,29.025,28.89,28.92,59696
2019-01-14 14:30:00,28.92,29.01,28.92,28.94,100421
2019-01-14 15:30:00,28.93,28.95,28.69,28.69,222573
2019-01-15 09:30:00,28.75,29.02,28.54,28.57,53878
2019-01-15 10:30:00,28.57,28.78,28.52,28.64,69819
2019-01-15 11:30:00,28.64,28.78,28.59,28.77,79278
2019-01-15 12:30:00,28.77,28.79,28.66,28.69,79020
2019-01-15 13:30:00,28.685,28.78,28.61,28.62,64146
2019-01-15 14:30:00,28.6,28.815,28.57,28.81,75372
2019-01-15 15:30:00,28.8,28.87,28.68,28.71,132615
2019-01-16 09:30:00,28.68,29.1379,28.535,28.84,69256
2019-01-16 10:30:00,28.855,28.92,28.62,28.79,91765
2019-01-16 11:30:00,28.795,28.85,28.62,28.6403,87651
2019-01-16 12:30:00,28.65,28.81,28.63,28.73,114346
2019-01-16 13:30:00,28.73,28.795,28.69,28.795,64676
2019-01-16 14:30:00,28.79,28.98,28.7625,28.97,142753
2019-01-16 15:30:00,28.97,28.97,28.9,28.93,244931
2019-01-17 09:30:00,28.64,28.86,28.49,28.86,131984
2019-01-17 10:30:00,28.85,29.1,28.77,28.96,96979
2019-01-17 11:30:00,28.96,29.21,28.93,29.17,95412
2019-01-17 12:30:00,29.18,29.2235,29.02,29.15,80339
2019-01-17 13:30:00,29.13,29.19,29.03,29.08,80911
2019-01-17 14:30:00,29.09,29.47,29.06,29.45,162662
2019-01-17 15:30:00,29.45,29.53,29.28,29.33,213920
2019-01-18 09:30:00,29.37,29.95,29.37,29.86,180291
2019-01-18 10:30:00,29.85,30.16,29.81,30.02,204494
2019-01-18 11:30:00,30.01,30.43,29.91,30.38,191430
2019-01-18 12:30:00,30.4,30.4,30.0,30.02,73539
2019-01-18 13:30:00,30.01,30.17,29.95,29.99,82626
2019-01-18 14:30:00,29.99,30.03,29.9,30.01,75980
2019-01-18 15:30:00,30.02,30.05,29.93,30.03,192054
2019-01-22 09:30:00,29.78,29.78,29.11,29.37,56548
2019-01-22 10:30:00,29.34,29.55,29.32,29.48,65782
2019-01-22 11:30:00,29.485,29.575,29.34,29.4,79504
2019-01-22 12:30:00,29.4099,29.48,29.23,29.3267,193988
2019-01-22 13:30:00,29.32,29.47,29.31,29.34,68143
2019-01-22 14:30:00,29.34,29.43,29.26,29.39,111339
2019-01-22 15:30:00,29.39,29.54,29.34,29.52,190871
2019-01-23 09:30:00,29.67,29.96,29.46,29.46,167709
2019-01-23 10:30:00,29.4501,29.78,29.4501,29.56,188214
2019-01-23 11:30:00,29.57,29.6,29.27,29.42,159550
2019-01-23 12:30:00,29.42,29.55,29.34,29.45,113892
2019-01-23 13:30:00,29.45,29.64,29.4386,29.56,138056
2019-01-23 14:30:00,29.555,29.62,29.44,29.58,103897
2019-01-23 15:30:00,29.59,29.61,29.55,29.59,150000
2019-01-24 09:30:00,29.91,31.52,29.91,31.4812,251799
2019-01-24 10:30:00,31.48,31.57,31.1,31.4,252936
2019-01-24 11:30:00,31.39,31.47,31.19,31.22,165212
2019-01-24 12:30:00,31.24,31.32,30.76,30.795,153201
2019-01-24 13:30:00,30.795,31.05,29.58,31.04,80786
2019-01-24 14:30:00,31.05,31.05,30.83,30.84,123444
2019-01-24 15:30:00,30.85,30.93,30.73,30.89,214597
2019-01-25 09:30:00,31.38,31.695,31.13,31.3,156700
2019-01-25 10:30:00,31.31,31.62,31.27,31.345,198524
2019-01-25 11:30:00,31.345,31.46,31.295,31.46,182918
2019-01-25 12:30:00,31.44,31.56,31.38,31.51,128057
2019-01-25 13:30:00,31.51,31.58,31.38,31.405,126344
2019-01-25 14:30:00,31.41,31.5,31.375,31.39,215309
2019-01-25 15:30:00,31.385,31.39,31.26,31.32,304229
2019-01-28 09:30:00,30.74,33.34,30.36,33.34,2518351
2019-01-28 10:30:00,33.33,34.28,33.1489,34.17,1847157
2019-01-28 11:30:00,34.2,34.2,33.27,33.37,1055563
2019-01-28 12:30:00,33.37,33.63,33.08,33.0963,643362
2019-01-28 13:30:00,33.0952,33.42,32.85,32.98,702690
2019-01-28 14:30:00,32.98,33.19,32.9559,33.17,466131
2019-01-28 15:30:00,33.17,33.3,33.13,33.17,547945
2019-01-29 09:30:00,33.26,33.5,32.63,33.47,517004
2019-01-29 10:30:00,33.48,33.53,33.08,33.12,241162
2019-01-29 11:30:00,33.12,33.19,32.91,33.11,133164
2019-01-29 12:30:00,33.11,33.17,32.99,33.15,140841
2019-01-29 13:30:00,33.15,33.37,33.08,33.28,145778
2019-01-29 14:30:00,33.28,33.31,33.08,33.235,197266
2019-01-29 15:30:00,33.235,33.5,33.21,33.42,756943
2019-02-08 09:30:00,33.0,33.14,32.72,32.99,384121
2019-02-08 10:30:00,33.01,33.17,32.85,32.9,261969
2019-02-08 11:30:00,32.89,32.99,32.66,32.82,153275
2019-02-08 12:30:00,32.83,33.07,32.82,33.02,100849
2019-02-08 13:30:00,33.01,33.26,32.955,33.14,126210
2019-02-08 14:30:00,33.15,33.355,33.1,33.325,220287
2019-02-08 15:30:00,33.32,33.52,33.22,33.5,431768
2019-02-11 09:30:00,34.03,34.03,32.86,33.43,239371
2019-02-11 10:30:00,33.45,33.57,33.31,33.38,118162
2019-02-11 11:30:00,33.39,33.56,33.33,33.4834,138023
2019-02-11 12:30:00,33.48,33.59,33.27,33.4,204751
2019-02-11 13:30:00,33.4,33.45,33.33,33.4,189590
2019-02-11 14:30:00,33.4,33.47,33.36,33.4,107330
2019-02-11 15:30:00,33.4,33.63,33.32,33.61,314766
2019-02-12 09:30:00,33.98,34.1,33.71,34.0312,353262
2019-02-12 10:30:00,34.04,34.15,33.76,33.95,282457
2019-02-12 11:30:00,33.95,34.15,33.82,34.06,208314
2019-02-12 12:30:00,34.06,34.09,33.87,34.02,188246
2019-02-12 13:30:00,34.015,34.09,33.94,34.06,185259
2019-02-12 14:30:00,34.06,34.1,33.99,34.04,184276
2019-02-12 15:30:00,34.05,34.15,33.95,34.13,512567
2019-02-13 09:30:00,34.33,34.38,33.63,33.805,300886
2019-02-13 10:30:00,33.81,33.96,33.72,33.75,476207
2019-02-13 11:30:00,33.75,33.865,33.7,33.85,295331
2019-02-13 12:30:00,33.84,34.08,33.8321,33.92,229988
2019-02-13 13:30:00,33.92,34.01,33.86,33.95,289408
2019-02-13 14:30:00,33.97,34.005,33.88,33.95,194575
2019-02-13 15:30:00,33.95,34.1,33.88,33.92,480256
2019-02-14 09:30:00,33.77,34.23,33.71,34.18,286684
2019-02-14 10:30:00,34.1765,34.32,33.89,34.25,385096
2019-02-14 11:30:00,34.25,34.42,34.15,34.23,217733
2019-02-14 12:30:00,34.23,34.2674,34.1,34.14,181822
2019-02-14 13:30:00,34.14,34.18,33.93,33.93,160029
2019-02-14 14:30:00,33.93,34.09,33.9,34.02,229906
2019-02-14 15:30:00,34.04,34.24,34.02,34.22,491742
2019-02-15 09:30:00,34.46,34.59,34.1,34.57,305953
2019-02-15 10:30:00,34.59,34.75,34.3,34.37,213309
2019-02-15 11:30:00,34.37,34.39,34.24,34.3,171265
2019-02-15 12:30:00,34.3,34.35,34.03,34.09,162390
2019-02-15 13:30:00,34.08,34.16,33.99,34.1221,224312
2019-02-15 14:30:00,34.1221,34.15,34.0,34.03,252955
2019-02-15 15:30:00,34.05,34.2,34.04,34.18,161454
2019-03-15 09:30:00,35.47,35.99,35.25,35.85,994619
2019-03-15 10:30:00,35.86,35.92,35.63,35.63,150657
2019-03-15 11:30:00,35.62,35.71,35.52,35.53,109020
2019-03-15 12:30:00,35.5586,35.5586,35.39,35.43,131368
2019-03-15 13:30:00,35.43,35.57,35.43,35.55,106180
2019-03-15 14:30:00,35.55,35.57,35.45,35.52,128572
2019-03-15 15:30:00,35.51,35.51,35.32,35.37,215269
2019-03-18 09:30:00,35.36,35.6189,35.27,35.32,160021
2019-03-18 10:30:00,35.33,35.42,34.96,34.98,157955
2019-03-18 11:30:00,34.99,35.03,34.89,34.95,115728
2019-03-18 12:30:00,34.94,35.205,34.91,35.1673,90322
2019-03-18 13:30:00,35.16,35.1637,35.025,35.08,181894
2019-03-18 14:30:00,35.08,35.18,35.075,35.135,203304
2019-03-18 15:30:00,35.14,35.21,35.14,35.15,224282
2019-03-19 09:30:00,35.29,35.39,35.11,35.225,66673
2019-03-19 10:30:00,35.23,35.3,35.09,35.13,74600
2019-03-19 11:30:00,35.1299,35.2875,35.07,35.18,175185
2019-03-19 12:30:00,35.18,35.2,34.905,35.02,131115
2019-03-19 13:30:00,35.02,35.0602,34.93,35.06,76263
2019-03-19 14:30:00,35.06,35.13,35.02,35.09,234301
2019-03-19 15:30:00,35.095,35.24,35.09,35.2,203910
2019-03-20 09:30:00,35.22,35.38,34.82,34.875,116439
2019-03-20 10:30:00,34.86,34.88,34.68,34.7,64363
2019-03-20 11:30:00,34.7,34.72,34.52,34.6,98236
2019-03-20 12:30:00,34.6,34.615,34.46,34.58,90736
2019-03-20 13:30:00,34.58,34.98,34.57,34.98,95286
2019-03-20 14:30:00,34.98,35.04,34.785,34.8,155780
2019-03-20 15:30:00,34.8016,34.81,34.58,34.6,211729
2019-03-21 09:30:00,34.63,35.67,34.51,35.66,161372
2019-03-21 10:30:00,35.68,35.91,35.56,35.85,122522
2019-03-21 11:30:00,35.85,36.11,35.84,35.99,122801
2019-03-21 12:30:00,36.0,36.07,35.86,36.02,137193
2019-03-21 13:30:00,36.01,36.08,35.92,36.0702,65866
2019-03-21 14:30:00,36.06,36.3,35.96,35.97,124977
2019-03-21 15:30:00,35.97,36.0072,35.83,35.87,155762
2019-03-22 09:30:00,35.7,35.83,35.1,35.21,90616
2019-03-22 10:30:00,35.21,35.38,34.88,34.89,72257
2019-03-22 11:30:00,34.88,35.04,34.65,34.65,113160
2019-03-22 12:30:00,34.64,34.8,34.58,34.67,67135
2019-03-22 13:30:00,34.66,34.87,34.62,34.8345,124397
2019-03-22 14:30:00,34.81,34.92,34.72,34.75,82263
2019-03-22 15:30:00,34.75,34.8552,34.63,34.65,253376
2019-03-25 09:30:00,34.44,34.7899,34.07,34.2,132351
2019-03-25 10:30:00,34.2,34.76,34.19,34.75,419110
2019-03-25 11:30:00,34.73,34.73,34.5,34.58,55143
2019-03-25 12:30:00,34.57,34.62,34.415,34.56,50000
2019-03-25 13:30:00,34.55,34.59,34.355,34.42,72697
2019-03-25 14:30:00,34.415,34.71,34.415,34.7,86788
2019-03-25 15:30:00,34.7,34.78,34.63,34.69,139707
2019-04-15 09:30:00,40.29,40.67,40.22,40.22,218568
2019-04-15 10:30:00,40.2,40.26,39.76,39.97,138252
2019-04-15 11:30:00,39.96,39.97,39.62,39.725,137157
2019-04-15 12:30:00,39.74,39.85,39.65,39.84,56765
2019-04-15 13:30:00,39.84,40.07,39.78,40.05,150676
2019-04-15 14:30:00,40.07,40.12,39.91,39.91,123673
2019-04-15 15:30:00,39.91,39.9495,39.76,39.78,199755
2019-04-16 09:30:00,40.0,40.33,39.885,40.17,99975
2019-04-16 10:30:00,40.14,40.18,39.87,39.87,137072
2019-04-16 11:30:00,39.875,40.04,39.84,39.97,95451
2019-04-16 12:30:00,39.965,40.02,39.9,39.94,90623
2019-04-16 13:30:00,39.95,40.01,39.9065,39.99,81371
2019-04-16 14:30:00,40.0,40.0,39.87,39.89,149220
2019-04-16 15:30:00,39.88,39.8958,39.68,39.83,270092
2019-04-17 09:30:00,40.2,40.58,39.93,40.16,226473
2019-04-17 10:30:00,40.16,40.455,40.1266,40.18,186328
2019-04-17 11:30:00,40.18,40.25,39.98,40.22,157361
2019-04-17 12:30:00,40.22,40.31,40.17,40.26,131446
2019-04-17 13:30:00,40.25,40.31,40.07,40.085,166166
2019-04-17 14:30:00,40.09,40.34,40.085,40.25,141132
2019-04-17 15:30:00,40.25,40.36,40.23,40.35,279692
2019-04-18 09:30:00,40.32,40.58,40.14,40.22,83625
2019-04-18 10:30:00,40.22,40.6299,40.19,40.57,96025
2019-04-18 11:30:00,40.58,40.71,40.52,40.68,103897
2019-04-18 12:30:00,40.69,40.77,40.58,40.6,35112
2019-04-18 13:30:00,40.61,40.72,40.58,40.715,35686
2019-04-18 14:30:00,40.715,40.7203,40.55,40.55,49414
2019-04-18 15:30:00,40.54,40.64,40.46,40.6,207387
2019-04-22 09:30:00,40.55,40.6,40.14,40.15,174197
2019-04-22 10:30:00,40.21,40.62,40.15,40.61,117888
2019-04-22 11:30:00,40.59,40.7299,40.56,40.65,121922
2019-04-22 12:30:00,40.655,40.72,40.55,40.56,112004
2019-04-22 13:30:00,40.56,40.63,40.47,40.61,175183
2019-04-22 14:30:00,40.61,40.72,40.525,40.68,142046
2019-04-22 15:30:00,40.69,40.86,40.66,40.7,211158
2019-04-23 09:30:00,40.71,40.995,40.41,40.84,90283
2019-04-23 10:30:00,40.84,40.86,40.5701,40.79,90382
2019-04-23 11:30:00,40.78,40.92,40.66,40.82,98748
2019-04-23 12:30:00,40.83,40.83,40.67,40.751,99274
2019-04-23 13:30:00,40.76,40.77,40.665,40.71,69558
2019-04-23 14:30:00,40.71,40.77,40.665,40.74,88189
2019-04-23 15:30:00,40.745,40.76,40.63,40.69,136210
2019-04-24 09:30:00,40.78,41.1,40.67,40.92,152718
2019-04-24 10:30:00,40.92,41.72,40.87,41.4,439518
2019-04-24 11:30:00,41.41,41.42,40.88,41.04,164762
2019-04-24 12:30:00,41.04,41.11,40.91,40.99,151627
2019-04-24 13:30:00,41.0,41.01,40.75,40.93,216764
2019-04-24 14:30:00,40.91,41.07,40.83,40.95,210355
2019-04-24 15:30:00,40.9501,41.0,40.79,40.79,218079
2019-04-25 09:30:00,39.25,39.5,38.1381,38.21,617548
2019-04-25 10:30:00,38.23,38.36,37.55,38.01,401004
2019-04-25 11:30:00,38.04,38.5,37.9615,38.47,286230
2019-04-25 12:30:00,38.48,39.0,38.4587,38.515,379761
2019-04-25 13:30:00,38.52,38.65,38.18,38.46,302998
2019-04-25 14:30:00,38.45,38.7199,38.32,38.41,379125
2019-04-25 15:30:00,38.42,39.02,38.388,39.02,873870
2019-04-26 09:30:00,38.49,38.98,38.1193,38.765,294682
2019-04-26 10:30:00,38.8,39.29,38.76,39.2133,215255
2019-04-26 11:30:00,39.215,39.3,39.03,39.24,273911
2019-04-26 12:30:00,39.24,39.36,39.2,39.24,213475
2019-04-26 13:30:00,39.24,39.52,39.24,39.51,214856
2019-04-26 14:30:00,39.51,39.66,39.3,39.59,329358
2019-04-26 15:30:00,39.57,39.73,39.2349,39.72,432868
2019-04-29 09:30:00,39.5,40.16,39.395,40.11,300232
2019-04-29 10:30:00,40.095,40.42,39.995,40.24,155655
2019-04-29 11:30:00,40.27,40.4591,40.17,40.22,151383
2019-04-29 12:30:00,40.24,40.3,40.04,40.19,134777
2019-04-29 13:30:00,40.185,40.54,40.15,40.45,159646
2019-04-29 14:30:00,40.46,40.51,40.31,40.49,156883
2019-04-29 15:30:00,40.49,40.55,40.42,40.45,273770
2019-04-30 09:30:00,40.5,40.79,40.2101,40.7,157259
2019-04-30 10:30:00,40.69,40.71,40.35,40.58,222945
2019-04-30 11:30:00,40.59,40.705,40.49,40.635,259097
2019-04-30 12:30:00,40.64,40.775,40.63,40.66,106132
2019-04-30 13:30:00,40.65,40.85,40.64,40.72,173675
2019-04-30 14:30:00,40.72,40.73,40.64,40.645,163679
2019-04-30 15:30:00,40.645,40.87,40.6392,40.86,305885
2019-05-13 09:30:00,38.03,38.6,36.86,37.25,247284
2019-05-13 10:30:00,37.21,37.79,37.112,37.355,333656
2019-05-13 11:30:00,37.38,37.585,37.09,37.44,108517
2019-05-13 12:30:00,37.4791,37.48,36.9,36.94,219111
2019-05-13 13:30:00,36.9,37.36,36.81,37.25,168478
2019-05-13 14:30:00,37.24,37.45,36.99,37.04,203494
2019-05-13 15:30:00,37.04,37.15,36.87,37.09,221956
2019-05-14 09:30:00,37.49,37.95,37.1,37.82,164051
2019-05-14 10:30:00,37.79,37.875,37.64,37.815,251106
2019-05-14 11:30:00,37.81,37.98,37.8,37.84,101945
2019-05-14 12:30:00,37.84,37.99,37.83,37.92,139282
2019-05-14 13:30:00,37.93,38.05,37.825,37.94,79241
2019-05-14 14:30:00,37.94,38.01,37.82,37.96,170330
2019-05-14 15:30:00,37.96,37.98,37.84,37.87,199170
2019-05-15 09:30:00,37.46,38.16,37.1739,38.16,206569
2019-05-15 10:30:00,38.13,38.29,38.08,38.28,114659
2019-05-15 11:30:00,38.25,38.44,38.12,38.12,70072
2019-05-15 12:30:00,38.15,38.23,38.07,38.09,47155
2019-05-15 13:30:00,38.1,38.38,38.1,38.3095,83722
2019-05-15 14:30:00,38.3414,38.3414,38.15,38.22,82037
2019-05-15 15:30:00,38.22,38.4,38.21,38.29,276722
2019-05-16 09:30:00,38.3,38.43,37.71,38.33,145920
2019-05-16 10:30:00,38.35,38.42,38.09,38.125,151461
2019-05-16 11:30:00,38.125,38.29,38.1,38.275,88742
2019-05-16 12:30:00,38.25,38.31,38.12,38.17,69243
2019-05-16 13:30:00,38.17,38.2,37.95,38.2,62692
2019-05-16 14:30:00,38.18,38.3,38.045,38.13,105753
2019-05-16 15:30:00,38.14,38.14,37.79,37.81,221444
2019-05-17 09:30:00,37.44,37.9,37.0,37.48,232233
2019-05-17 10:30:00,37.47,37.95,37.33,37.705,79233
2019-05-17 11:30:00,37.705,37.705,37.33,37.53,123250
2019-05-17 12:30:00,37.54,37.76,37.42,37.55,80664
2019-05-17 13:30:00,37.56,37.63,37.49,37.57,76447
2019-05-17 14:30:00,37.56,37.575,37.11,37.15,102573
2019-05-17 15:30:00,37.15,37.5351,36.97,37.04,208993
2019-05-20 09:30:00,36.46,36.89,36.22,36.47,247756
2019-05-20 10:30:00,36.5,36.7,36.3001,36.55,164177
2019-05-20 11:30:00,36.58,36.86,36.48,36.795,206897
2019-05-20 12:30:00,36.8011,36.83,36.55,36.62,119388
2019-05-20 13:30:00,36.61,36.62,36.21,36.21,96750
2019-05-20 14:30:00,36.21,36.25,35.94,36.08,127835
2019-05-20 15:30:00,36.075,36.195,36.01,36.15,204241
2019-05-21 09:30:00,36.56,37.08,36.44,36.67,98996
2019-05-21 10:30:00,36.67,36.88,36.63,36.82,90523
2019-05-21 11:30:00,36.82,36.83,36.43,36.43,77926
2019-05-21 12:30:00,36.44,36.47,36.34,36.37,83331
2019-05-21 13:30:00,36.39,36.56,36.24,36.45,119434
2019-05-21 14:30:00,36.45,36.51,36.225,36.23,128405
2019-05-21 15:30:00,36.23,36.29,36.16,36.29,228325
2019-06-20 09:30:00,37.83,38.26,37.46,38.075,194104
2019-06-20 10:30:00,38.05,38.19,37.91,38.01,107183
2019-06-20 11:30:00,38.02,38.24,37.965,38.21,90179
2019-06-20 12:30:00,38.24,38.25,38.09,38.18,63306
2019-06-20 13:30:00,38.19,38.5,38.11,38.43,79611
2019-06-20 14:30:00,38.43,38.62,38.27,38.59,213424
2019-06-20 15:30:00,38.5885,38.68,38.2461,38.48,199807
2019-06-21 09:30:00,38.19,38.59,38.0025,38.24,255428
2019-06-21 10:30:00,38.25,38.56,38.17,38.19,106658
2019-06-21 11:30:00,38.18,38.2218,37.85,37.91,81778
2019-06-21 12:30:00,37.89,38.08,37.83,37.85,89215
2019-06-21 13:30:00,37.85,38.05,37.8,37.94,96274
2019-06-21 14:30:00,37.94,37.94,37.72,37.81,64756
2019-06-21 15:30:00,37.81,37.89,37.78,37.84,124649
2019-06-24 09:30:00,37.96,38.06,37.63,37.78,113491
2019-06-24 10:30:00,37.8,37.89,37.54,37.71,165081
2019-06-24 11:30:00,37.73,37.73,37.51,37.62,111069
2019-06-24 12:30:00,37.5989,37.67,37.52,37.59,119199
2019-06-24 13:30:00,37.595,37.64,37.35,37.35,282767
2019-06-24 14:30:00,37.3547,37.42,37.21,37.26,131777
2019-06-24 15:30:00,37.27,37.305,37.19,37.25,136807
2019-06-25 09:30:00,37.46,37.88,37.03,37.42,207751
2019-06-25 10:30:00,37.42,37.55,37.27,37.27,151561
2019-06-25 11:30:00,37.28,37.51,37.24,37.44,136695
2019-06-25 12:30:00,37.44,37.73,37.41,37.71,136317
2019-06-25 13:30:00,37.7,37.71,37.485,37.53,131511
2019-06-25 14:30:00,37.51,37.65,37.45,37.64,233787
2019-06-25 15:30:00,37.64,37.76,37.28,37.46,532329
2019-06-26 09:30:00,37.72,38.2,37.39,37.53,167369
2019-06-26 10:30:00,37.59,37.78,37.36,37.67,139841
2019-06-26 11:30:00,37.67,37.71,37.52,37.705,96981
2019-06-26 12:30:00,37.7,37.88,37.63,37.74,118718
2019-06-26 13:30:00,37.75,37.91,37.68,37.76,105184
2019-06-26 14:30:00,37.76,37.76,37.63,37.67,86856
2019-06-26 15:30:00,37.66,37.84,37.62,37.7,153014
2019-06-27 09:30:00,38.08,38.43,37.76,38.1,196491
2019-06-27 10:30:00,38.105,38.22,37.72,37.85,194302
2019-06-27 11:30:00,37.83,37.91,37.65,37.735,192056
2019-06-27 12:30:00,37.73,37.87,37.68,37.85,104513
2019-06-27 13:30:00,37.85,38.21,37.83,38.2,120931
2019-06-27 14:30:00,38.21,38.26,38.0,38.11,173911
2019-06-27 15:30:00,38.1,38.11,37.96,38.05,262469
2019-06-28 09:30:00,38.26,38.44,37.86,38.24,161206
2019-06-28 10:30:00,38.24,38.24,38.0,38.119,161509
2019-06-28 11:30:00,38.1,38.25,38.03,38.21,136339
2019-06-28 12:30:00,38.2032,38.26,37.98,38.02,132285
2019-06-28 13:30:00,38.02,38.1,37.85,37.85,228621
2019-06-28 14:30:00,37.85,37.91,37.5,37.515,348886
2019-06-28 15:30:00,37.52,37.5499,37.04,37.27,1472645
2019-07-15 09:30:00,36.86,36.98,36.56,36.7,128001
2019-07-15 10:30:00,36.72,36.73,36.46,36.6,110168
2019-07-15 11:30:00,36.6047,36.61,36.41,36.54,79441
2019-07-15 12:30:00,36.53,36.61,36.48,36.6,67606
2019-07-15 13:30:00,36.59,36.68,36.565,36.65,81351
2019-07-15 14:30:00,36.653,36.695,36.63,36.66,120315
2019-07-15 15:30:00,36.655,36.6756,36.52,36.6,158620
2019-07-16 09:30:00,36.47,36.77,36.14,36.485,62162
2019-07-16 10:30:00,36.485,36.495,36.3,36.405,59040
2019-07-16 11:30:00,36.405,36.5,36.14,36.2,60983
2019-07-16 12:30:00,36.2,36.49,36.18,36.47,42105
2019-07-16 13:30:00,36.46,36.48,36.31,36.41,88139
2019-07-16 14:30:00,36.39,36.515,36.33,36.385,159500
2019-07-16 15:30:00,36.39,36.56,36.38,36.39,216598
2019-07-17 09:30:00,36.8,37.08,36.0,36.95,310312
2019-07-17 10:30:00,36.955,37.185,36.89,37.17,166337
2019-07-17 11:30:00,37.16,37.28,37.15,37.23,103136
2019-07-17 12:30:00,37.226,37.38,36.39,37.36,121637
2019-07-17 13:30:00,37.36,37.4,37.28,37.33,101211
2019-07-17 14:30:00,37.33,37.51,37.31,37.315,173509
2019-07-17 15:30:00,37.32,37.46,37.28,37.28,246189
2019-07-18 09:30:00,37.24,37.92,37.24,37.77,161532
2019-07-18 10:30:00,37.78,37.91,37.63,37.67,314023
2019-07-18 11:30:00,37.67,37.915,37.65,37.91,50618
2019-07-18 12:30:00,37.9,37.9296,37.64,37.69,66695
2019-07-18 13:30:00,37.69,37.87,37.6658,37.845,83561
2019-07-18 14:30:00,37.845,37.97,37.8064,37.91,233816
2019-07-18 15:30:00,37.915,38.08,37.8011,38.04,245218
2019-07-19 09:30:00,38.22,38.4,37.9448,38.0,69106
2019-07-19 10:30:00,37.995,38.275,37.95,38.23,107517
2019-07-19 11:30:00,38.22,38.3,38.04,38.3,72881
2019-07-19 12:30:00,38.28,38.38,38.22,38.36,64717
2019-07-19 13:30:00,38.356,38.46,38.29,38.37,84296
2019-07-19 14:30:00,38.38,38.42,38.17,38.23,122531
2019-07-19 15:30:00,38.24,38.3453,38.05,38.05,211664
2019-07-22 09:30:00,38.04,38.5675,38.04,38.5601,117681
2019-07-22 10:30:00,38.56,38.89,38.56,38.88,160007
2019-07-22 11:30:00,38.87,39.035,38.79,38.79,92288
2019-07-22 12:30:00,38.79,39.09,38.78,39.09,80765
2019-07-22 13:30:00,39.1,39.125,38.94,38.95,78529
2019-07-22 14:30:00,38.95,39.03,38.85,38.97,150193
2019-07-22 15:30:00,38.97,38.97,38.71,38.72,331606
2019-07-23 09:30:00,39.06,39.39,38.65,39.305,125802
2019-07-23 10:30:00,39.3,39.34,39.07,39.24,115332
2019-07-23 11:30:00,39.24,39.355,39.07,39.24,66013
2019-07-23 12:30:00,39.24,39.36,39.22,39.28,61789
2019-07-23 13:30:00,39.285,39.54,39.27,39.51,160704
2019-07-23 14:30:00,39.5127,39.64,39.45,39.6,95650
2019-07-23 15:30:00,39.6,39.735,39.3418,39.73,208950
2019-07-24 09:30:00,39.7,41.49,39.7,41.14,324859
2019-07-24 10:30:00,41.13,41.59,41.13,41.52,259065
2019-07-24 11:30:00,41.54,41.69,41.43,41.59,148882
2019-07-24 12:30:00,41.6,41.7,41.46,41.57,160719
2019-07-24 13:30:00,41.58,41.68,41.53,41.61,228674
2019-07-24 14:30:00,41.605,42.12,41.51,42.105,293018
2019-07-24 15:30:00,42.11,42.18,42.05,42.14,446090
2019-07-25 09:30:00,42.43,44.65,41.85,42.28,934128
2019-07-25 10:30:00,42.29,42.79,42.14,42.72,385973
2019-07-25 11:30:00,42.72,43.02,42.68,42.9,307284
2019-07-25 12:30:00,42.9,43.23,42.59,42.97,333512
2019-07-25 13:30:00,43.0561,43.14,42.77,43.07,393793
2019-07-25 14:30:00,43.09,43.3,42.97,43.0,420691
2019-07-25 15:30:00,43.0,43.085,42.7608,43.06,748319
2019-07-26 09:30:00,43.15,43.98,43.0856,43.7433,401072
2019-07-26 10:30:00,43.76,44.12,43.65,44.11,220771
2019-07-26 11:30:00,44.11,44.37,44.02,44.16,235539
2019-07-26 12:30:00,44.155,44.45,44.119,44.41,178605
2019-07-26 13:30:00,44.405,44.415,44.17,44.304,177987
2019-07-26 14:30:00,44.3,44.45,44.09,44.15,238916
2019-07-26 15:30:00,44.15,44.27,43.96,43.99,334942
2019-07-29 09:30:00,44.06,44.18,43.3468,44.08,200807
2019-07-29 10:30:00,44.07,44.3472,43.985,44.215,211590
2019-07-29 11:30:00,44.215,44.725,44.215,44.68,165221
2019-07-29 12:30:00,44.7,44.72,44.49,44.68,127086
2019-07-29 13:30:00,44.675,45.13,44.6,45.03,293964
2019-07-29 14:30:00,45.02,45.05,44.865,44.8823,193512
2019-07-29 15:30:00,44.89,44.92,44.8,44.9,285354
2019-07-30 09:30:00,44.48,44.67,44.0983,44.17,187562
2019-07-30 10:30:00,44.165,44.23,43.85,44.01,178546
2019-07-30 11:30:00,44.02,44.425,43.95,44.425,120684
2019-07-30 12:30:00,44.43,44.455,44.28,44.395,119339
2019-07-30 13:30:00,44.39,44.49,44.3,44.3551,112224
2019-07-30 14:30:00,44.35,44.4,44.25,44.335,145913
2019-07-30 15:30:00,44.3331,44.38,44.19,44.29,231059
2019-08-12 09:30:00,41.6,41.6,41.005,41.0818,90797
2019-08-12 10:30:00,41.08,41.2,41.04,41.14,70525
2019-08-12 11:30:00,41.14,41.31,41.1,41.23,53529
2019-08-12 12:30:00,41.205,41.26,41.075,41.17,59634
2019-08-12 13:30:00,41.16,41.17,41.06,41.07,58505
2019-08-12 14:30:00,41.07,41.11,40.94,41.1,107770
2019-08-12 15:30:00,41.09,41.14,41.01,41.08,140359
2019-08-13 09:30:00,41.17,42.69,39.78,42.54,113265
2019-08-13 10:30:00,42.575,42.62,42.23,42.3,188998
2019-08-13 11:30:00,42.325,42.59,42.29,42.45,64248
2019-08-13 12:30:00,42.48,42.5103,42.0849,42.155,46141
2019-08-13 13:30:00,42.14,42.36,42.12,42.36,48531
2019-08-13 14:30:00,42.37,42.43,42.13,42.16,77492
2019-08-13 15:30:00,42.15,42.3617,42.1,42.18,130774
2019-08-14 09:30:00,41.19,41.67,40.0,41.47,89050
2019-08-14 10:30:00,41.48,41.51,41.11,41.29,108613
2019-08-14 11:30:00,41.28,41.39,41.03,41.14,76672
2019-08-14 12:30:00,41.16,41.42,40.99,41.3,53307
2019-08-14 13:30:00,41.32,41.38,41.21,41.24,46650
2019-08-14 14:30:00,41.27,41.4108,41.15,41.3,75540
2019-08-14 15:30:00,41.3,41.35,41.18,41.25,118158
2019-08-15 09:30:00,41.37,42.09,41.02,41.73,86385
2019-08-15 10:30:00,41.72,41.72,41.2,41.48,90126
2019-08-15 11:30:00,41.43,41.52,41.23,41.385,59215
2019-08-15 12:30:00,41.36,41.39,41.19,41.33,55814
2019-08-15 13:30:00,41.33,41.5,41.12,41.46,142163
2019-08-15 14:30:00,41.47,41.62,41.355,41.42,43041
2019-08-15 15:30:00,41.42,41.48,41.29,41.34,121511
2019-08-16 09:30:00,41.78,42.18,41.45,41.62,83255
2019-08-16 10:30:00,41.6481,42.19,41.54,42.08,46345
2019-08-16 11:30:00,42.0924,42.28,41.99,42.16,35892
2019-08-16 12:30:00,42.16,42.33,42.15,42.3,49321
2019-08-16 13:30:00,42.305,42.35,42.22,42.3,36746
2019-08-16 14:30:00,42.29,42.325,42.16,42.26,53470
2019-08-16 15:30:00,42.26,42.34,42.1123,42.25,92314
2019-08-19 09:30:00,43.03,43.32,42.86,43.03,124951
2019-08-19 10:30:00,43.04,43.04,42.83,42.9459,51061
2019-08-19 11:30:00,42.94,43.2,42.93,43.02,52004
2019-08-19 12:30:00,43.01,43.11,42.95,43.09,36193
2019-08-19 13:30:00,43.09,43.09,42.84,42.94,56116
2019-08-19 14:30:00,42.9279,43.19,42.78,42.82,107389
2019-08-19 15:30:00,42.82,43.01,42.77,42.79,138392
2019-08-20 09:30:00,42.82,43.0256,42.11,42.87,60324
2019-08-20 10:30:00,42.92,43.02,42.74,42.7942,59192
2019-08-20 11:30:00,42.78,42.96,42.76,42.91,37761
2019-08-20 12:30:00,42.89,42.99,42.75,42.85,38478
2019-08-20 13:30:00,42.875,42.91,42.71,42.71,58214
2019-08-20 14:30:00,42.7236,42.77,42.53,42.65,57592
2019-08-20 15:30:00,42.66,42.8152,42.35,42.4,222759
2019-09-23 09:30:00,47.23,47.86,47.01,47.82,99863
2019-09-23 10:30:00,47.845,48.1,47.7868,48.07,66411
2019-09-23 11:30:00,48.08,48.28,48.0,48.24,34390
2019-09-23 12:30:00,48.23,48.32,48.0997,48.315,48007
2019-09-23 13:30:00,48.33,48.34,48.18,48.3,47717
2019-09-23 14:30:00,48.295,48.36,48.27,48.31,63199
2019-09-23 15:30:00,48.305,48.33,47.98,48.01,161325
2019-09-24 09:30:00,48.09,48.45,47.54,47.71,83153
2019-09-24 10:30:00,47.73,47.83,47.56,47.72,73836
2019-09-24 11:30:00,47.7,47.73,47.34,47.459,103247
2019-09-24 12:30:00,47.43,47.51,46.85,47.25,148312
2019-09-24 13:30:00,47.28,47.65,47.14,47.57,91478
2019-09-24 14:30:00,47.5659,47.59,47.15,47.23,130656
2019-09-24 15:30:00,47.23,47.4317,47.04,47.12,166959
2019-09-25 09:30:00,47.25,47.57,46.44,46.675,98795
2019-09-25 10:30:00,46.68,47.26,46.64,47.1986,98770
2019-09-25 11:30:00,47.23,47.38,47.01,47.36,96347
2019-09-25 12:30:00,47.34,47.39,47.13,47.335,76700
2019-09-25 13:30:00,47.34,47.68,47.32,47.66,83329
2019-09-25 14:30:00,47.66,47.89,47.51,47.825,110349
2019-09-25 15:30:00,47.8516,47.8516,47.68,47.8,222234
2019-09-26 09:30:00,47.91,48.25,47.41,47.66,53964
2019-09-26 10:30:00,47.62,47.8,47.35,47.49,103861
2019-09-26 11:30:00,47.49,47.65,47.34,47.53,67260
2019-09-26 12:30:00,47.54,47.63,47.37,47.39,61333
2019-09-26 13:30:00,47.3711,47.65,47.34,47.56,82947
2019-09-26 14:30:00,47.5654,47.71,47.43,47.7,111316
2019-09-26 15:30:00,47.7,47.8,47.57,47.69,100587
2019-09-27 09:30:00,47.5,47.5304,46.61,46.8318,139835
2019-09-27 10:30:00,46.85,47.28,46.78,47.06,176316
2019-09-27 11:30:00,47.04,47.1,46.3,46.9,106599
2019-09-27 12:30:00,46.88,46.95,46.44,46.5,129246
2019-09-27 13:30:00,46.52,46.61,46.3,46.32,63791
2019-09-27 14:30:00,46.3,46.44,46.06,46.21,71799
2019-09-27 15:30:00,46.21,46.7533,46.18,46.28,129846
2019-09-30 09:30:00,46.49,46.75,46.03,46.75,161871
2019-09-30 10:30:00,46.73,46.8,46.44,46.53,129672
2019-09-30 11:30:00,46.53,46.8,46.42,46.79,96130
2019-09-30 12:30:00,46.79,46.91,46.78,46.83,60925
2019-09-30 13:30:00,46.82,47.07,46.78,47.06,64844
2019-09-30 14:30:00,47.06,47.14,46.935,47.04,67248
2019-09-30 15:30:00,47.03,47.09,46.96,47.08,124463
2019-10-01 09:30:00,47.22,47.9899,46.96,47.56,261342
2019-10-01 10:30:00,47.56,47.74,47.06,47.26,106152
2019-10-01 11:30:00,47.275,47.275,46.9504,46.97,108622
2019-10-01 12:30:00,46.97,47.03,46.58,46.7,57007
2019-10-01 13:30:00,46.7043,46.82,46.6,46.79,86787
2019-10-01 14:30:00,46.78,46.89,46.67,46.83,104435
2019-10-01 15:30:00,46.83,47.0515,46.725,46.88,180591
2019-10-02 09:30:00,46.35,46.86,45.91,46.15,163720
2019-10-02 10:30:00,46.14,46.27,45.88,46.22,92861
2019-10-02 11:30:00,46.22,46.39,45.9,45.9,85338
2019-10-02 12:30:00,45.9,45.98,45.6018,45.8697,162327
2019-10-02 13:30:00,45.87,46.19,45.74,46.18,103271
2019-10-02 14:30:00,46.18,46.36,46.0677,46.16,78461
2019-10-02 15:30:00,46.17,46.3,46.1,46.24,163734
2019-10-03 09:30:00,46.4,46.67,45.4343,45.93,160024
2019-10-03 10:30:00,45.9441,46.54,45.76,46.39,85654
2019-10-03 11:30:00,46.42,46.49,46.2,46.39,75006
2019-10-03 12:30:00,46.41,46.61,46.36,46.5743,63211
2019-10-03 13:30:00,46.57,47.04,46.56,47.0,130390
2019-10-03 14:30:00,47.01,47.01,40.3679,46.78,129715
2019-10-03 15:30:00,46.79,46.93,46.71,46.93,225796
2019-10-04 09:30:00,47.2,47.45,46.905,47.19,73959
2019-10-04 10:30:00,47.13,47.24,47.0,47.18,60889
2019-10-04 11:30:00,47.1795,47.3,47.12,47.18,56321
2019-10-04 12:30:00,47.165,47.24,47.04,47.14,52170
2019-10-04 13:30:00,47.1422,47.33,47.09,47.32,72219
2019-10-04 14:30:00,47.32,47.48,47.3032,47.45,104238
2019-10-04 15:30:00,47.46,47.69,47.2361,47.66,96782
2019-10-07 09:30:00,47.0,47.22,46.57,47.02,119336
2019-10-07 10:30:00,47.0,47.06,46.795,46.795,70901
2019-10-07 11:30:00,46.795,47.04,46.795,46.89,75345
2019-10-07 12:30:00,46.88,47.08,46.82,46.89,74056
2019-10-07 13:30:00,46.9076,47.28,46.89,47.04,57371
2019-10-07 14:30:00,47.03,47.06,46.83,46.92,59437
2019-10-07 15:30:00,46.92,46.97,46.74,46.79,154879
2019-10-08 09:30:00,46.29,46.29,45.47,45.8,99696
2019-10-08 10:30:00,45.7827,46.27,45.77,46.07,56279
2019-10-08 11:30:00,46.08,46.3,45.96,46.27,41193
2019-10-08 12:30:00,46.26,46.56,46.17,46.29,48217
2019-10-08 13:30:00,46.29,46.41,46.1,46.15,55379
2019-10-08 14:30:00,46.16,46.25,45.73,45.87,111333
2019-10-08 15:30:00,45.87,45.93,45.56,45.56,94296
2019-10-14 09:30:00,47.34,47.44,47.05,47.0974,51247
2019-10-14 10:30:00,47.08,47.25,46.92,46.94,34641
2019-10-14 11:30:00,46.94,47.13,46.93,47.04,36953
2019-10-14 12:30:00,47.0603,47.09,46.8601,46.99,43848
2019-10-14 13:30:00,46.97,47.09,46.915,47.06,56935
2019-10-14 14:30:00,47.05,47.19,47.035,47.14,64695
2019-10-14 15:30:00,47.135,47.19,47.07,47.14,97234
2019-10-15 09:30:00,47.51,48.0899,47.07,47.945,68763
2019-10-15 10:30:00,47.95,48.21,47.72,47.91,76950
2019-10-15 11:30:00,47.93,48.02,47.77,47.79,53926
2019-10-15 12:30:00,47.79,48.08,47.77,48.05,39127
2019-10-15 13:30:00,48.05,48.16,48.0,48.12,115407
2019-10-15 14:30:00,48.12,48.13,47.85,47.98,62767
2019-10-15 15:30:00,47.98,48.03,47.92,48.0,87855
2019-10-16 09:30:00,47.68,48.0,47.18,47.68,170234
2019-10-16 10:30:00,47.665,47.665,47.35,47.38,103958
2019-10-16 11:30:00,47.39,47.4197,47.2,47.37,73541
2019-10-16 12:30:00,47.38,47.39,47.07,47.0886,34605
2019-10-16 13:30:00,47.1,47.17,46.98,46.98,58910
2019-10-16 14:30:00,46.99,47.17,46.99,47.04,79012
2019-10-16 15:30:00,47.035,47.25,47.0258,47.17,151576
2019-10-17 09:30:00,47.43,48.63,47.275,48.41,198390
2019-10-17 10:30:00,48.43,48.44,48.0,48.303,210288
2019-10-17 11:30:00,48.28,48.34,48.09,48.26,105687
2019-10-17 12:30:00,48.23,48.52,48.23,48.49,102306
2019-10-17 13:30:00,48.48,48.52,48.33,48.455,113735
2019-10-17 14:30:00,48.46,48.52,48.2176,48.45,145360
2019-10-17 15:30:00,48.45,48.47,48.3127,48.43,227114
2019-10-18 09:30:00,48.39,48.82,48.11,48.53,89519
2019-10-18 10:30:00,48.56,48.5684,48.24,48.4,39027
2019-10-18 11:30:00,48.42,48.45,47.87,48.07,78874
2019-10-18 12:30:00,48.09,48.56,48.07,48.49,81753
2019-10-18 13:30:00,48.51,48.62,48.38,48.56,155547
2019-10-18 14:30:00,48.54,48.68,48.5168,48.565,130787
2019-10-18 15:30:00,48.57,48.71,48.49,48.7,351259
2019-10-21 09:30:00,49.15,49.37,48.74,48.85,183179
2019-10-21 10:30:00,48.86,49.06,48.8148,48.9,159697
2019-10-21 11:30:00,48.92,49.3,48.84,49.29,94724
2019-10-21 12:30:00,49.26,49.4,49.12,49.24,70353
2019-10-21 13:30:00,49.23,49.29,49.1,49.19,99844
2019-10-21 14:30:00,49.19,49.2,49.0,49.055,77524
2019-10-21 15:30:00,49.05,49.06,48.925,49.01,163311
2019-10-22 09:30:00,49.08,49.51,49.02,49.21,242050
2019-10-22 10:30:00,49.17,49.26,48.75,48.75,165395
2019-10-22 11:30:00,48.775,48.95,48.65,48.895,56415
2019-10-22 12:30:00,48.895,48.93,48.67,48.719,57075
2019-10-22 13:30:00,48.72,48.78,48.6,48.67,68354
2019-10-22 14:30:00,48.68,48.69,48.11,48.19,182148
2019-10-22 15:30:00,48.19,48.7931,48.0,48.04,155171
2019-10-23 09:30:00,47.7,47.88,47.23,47.495,193580
2019-10-23 10:30:00,47.51,47.78,47.23,47.78,110428
2019-10-23 11:30:00,47.78,47.85,47.58,47.73,104283
2019-10-23 12:30:00,47.73,47.92,47.66,47.69,105836
2019-10-23 13:30:00,47.68,47.96,47.44,47.47,116436
2019-10-23 14:30:00,47.46,47.51,47.22,47.45,110546
2019-10-23 15:30:00,47.45,47.69,47.41,47.6,215473
2019-10-24 09:30:00,46.28,47.8,44.62,46.745,789952
2019-10-24 10:30:00,46.73,47.47,46.56,47.325,193839
2019-10-24 11:30:00,47.325,47.4,46.475,46.88,225509
2019-10-24 12:30:00,46.84,47.03,46.48,46.65,154508
2019-10-24 13:30:00,46.65,46.95,46.47,46.83,280496
2019-10-24 14:30:00,46.85,47.56,46.66,47.55,324414
2019-10-24 15:30:00,47.53,47.72,46.8636,47.6,428002
2019-10-25 09:30:00,47.4,47.45,46.42,46.98,204026
2019-10-25 10:30:00,46.98,47.32,46.71,47.285,155488
2019-10-25 11:30:00,47.29,47.55,47.2,47.46,149329
2019-10-25 12:30:00,47.46,47.5,47.18,47.47,103642
2019-10-25 13:30:00,47.48,47.64,47.39,47.61,95427
2019-10-25 14:30:00,47.6,47.97,47.58,47.93,143069
2019-10-25 15:30:00,47.9283,48.04,47.3381,47.99,323569
2019-10-28 09:30:00,48.55,48.94,48.28,48.94,137163
2019-10-28 10:30:00,48.92,49.1,47.98,48.93,115748
2019-10-28 11:30:00,48.93,49.4392,48.85,49.43,125624
2019-10-28 12:30:00,49.42,49.49,49.22,49.31,100368
2019-10-28 13:30:00,49.3,49.56,49.29,49.5388,130809
2019-10-28 14:30:00,49.535,49.61,49.43,49.57,139468
2019-10-28 15:30:00,49.58,49.68,49.48,49.63,371373
2019-10-29 09:30:00,49.7,50.15,49.7,49.8,162880
2019-10-29 10:30:00,49.8,50.11,49.69,49.815,93103
2019-10-29 11:30:00,49.83,49.9,49.56,49.81,91557
2019-10-29 12:30:00,49.785,49.84,49.37,49.46,92491
2019-10-29 13:30:00,49.46,49.57,49.385,49.45,138469
2019-10-29 14:30:00,49.4282,49.525,49.23,49.285,154564
2019-10-29 15:30:00,49.3,49.6369,49.12,49.17,159294
2019-11-11 09:30:00,47.33,47.93,47.33,47.9007,92999
2019-11-11 10:30:00,47.9,48.08,47.86,47.89,47488
2019-11-11 11:30:00,47.89,48.1,47.86,47.94,159238
2019-11-11 12:30:00,47.94,47.99,47.72,47.9675,73769
2019-11-11 13:30:00,47.97,48.02,47.88,47.93,46392
2019-11-11 14:30:00,47.93,48.03,47.92,47.97,41777
2019-11-11 15:30:00,47.975,47.98,47.84,47.9,98493
2019-11-12 09:30:00,48.01,48.46,47.77,48.08,63417
2019-11-12 10:30:00,48.05,48.11,47.87,48.02,24354
2019-11-12 11:30:00,48.02,48.02,47.61,47.915,43495
2019-11-12 12:30:00,47.9133,48.01,47.87,47.91,33455
2019-11-12 13:30:00,47.91,48.12,47.9,47.96,62644
2019-11-12 14:30:00,47.97,48.06,47.83,47.97,81479
2019-11-12 15:30:00,47.97,48.065,47.94,48.0,141806
2019-11-13 09:30:00,47.63,48.036,47.48,47.995,106065
2019-11-13 10:30:00,47.995,48.34,47.93,48.2902,63118
2019-11-13 11:30:00,48.26,48.54,48.26,48.45,29326
2019-11-13 12:30:00,48.45,48.53,48.375,48.52,24116
2019-11-13 13:30:00,48.52,48.57,48.23,48.445,64079
2019-11-13 14:30:00,48.46,48.69,48.42,48.6,76616
2019-11-13 15:30:00,48.6,48.65,48.5,48.58,90957
2019-11-14 09:30:00,48.46,48.77,48.14,48.14,83061
2019-11-14 10:30:00,48.15,48.17,47.9,48.14,42861
2019-11-14 11:30:00,48.13,48.17,47.75,47.77,45579
2019-11-14 12:30:00,47.7723,48.1,47.7414,47.94,60772
2019-11-14 13:30:00,47.95,48.03,47.83,47.93,33614
2019-11-14 14:30:00,47.91,48.02,47.85,47.98,40139
2019-11-14 15:30:00,47.99,48.09,47.965,48.03,51142
2019-11-15 09:30:00,48.54,49.28,48.32,48.905,136625
2019-11-15 10:30:00,48.93,49.44,48.86,49.35,82016
2019-11-15 11:30:00,49.35,49.77,49.3291,49.69,172239
2019-11-15 12:30:00,49.69,49.97,49.56,49.87,109920
2019-11-15 13:30:00,49.86,49.91,49.64,49.64,86666
2019-11-15 14:30:00,49.67,49.7,49.53,49.585,95416
2019-11-15 15:30:00,49.5575,49.6991,49.44,49.54,177111
2019-11-18 09:30:00,49.58,49.8199,49.05,49.16,108077
2019-11-18 10:30:00,49.16,49.55,48.45,48.5,130504
2019-11-18 11:30:00,48.52,48.79,48.5,48.52,103532
2019-11-18 12:30:00,48.53,48.64,48.45,48.58,71517
2019-11-18 13:30:00,48.59,48.59,48.32,48.335,83520
2019-11-18 14:30:00,48.33,48.3814,47.77,47.77,140359
2019-11-18 15:30:00,47.77,47.83,47.54,47.64,274010
2019-11-19 09:30:00,47.81,48.2,47.21,47.68,104377
2019-11-19 10:30:00,47.67,47.76,47.465,47.71,51426
2019-11-19 11:30:00,47.75,48.07,47.75,47.99,77961
2019-11-19 12:30:00,47.99,48.07,47.82,48.02,41458
2019-11-19 13:30:00,48.02,48.45,48.02,48.43,82303
2019-11-19 14:30:00,48.43,48.5,48.37,48.42,175571
2019-11-19 15:30:00,48.44,48.49,48.1061,48.31,157733
2019-12-13 09:30:00,49.49,50.35,48.805,50.102,181279
2019-12-13 10:30:00,50.06,50.0624,49.5,49.52,52006
2019-12-13 11:30:00,49.53,49.9,49.51,49.74,66389
2019-12-13 12:30:00,49.74,49.9,49.7,49.78,116646
2019-12-13 13:30:00,49.795,49.93,49.73,49.84,105146
2019-12-13 14:30:00,49.835,49.93,49.78,49.88,72487
2019-12-13 15:30:00,49.885,50.04,49.84,50.02,139554
2019-12-16 09:30:00,50.43,50.83,50.175,50.56,82313
2019-12-16 10:30:00,50.5748,50.99,50.49,50.96,146204
2019-12-16 11:30:00,50.96,51.06,50.3,51.03,92689
2019-12-16 12:30:00,51.02,51.07,50.93,51.0,45638
2019-12-16 13:30:00,51.0,51.04,50.89,50.89,145978
2019-12-16 14:30:00,50.89,50.93,50.73,50.745,108305
2019-12-16 15:30:00,50.745,50.82,50.62,50.64,195995
2019-12-17 09:30:00,50.72,50.94,50.51,50.595,44173
2019-12-17 10:30:00,50.595,50.74,50.5,50.59,65313
2019-12-17 11:30:00,50.585,50.74,50.53,50.62,44617
2019-12-17 12:30:00,50.64,50.84,50.57,50.78,104382
2019-12-17 13:30:00,50.795,51.13,50.79,50.92,134624
2019-12-17 14:30:00,50.94,51.03,50.91,50.96,104788
2019-12-17 15:30:00,50.97,51.11,50.8277,51.04,122056
2019-12-18 09:30:00,50.87,51.1,50.25,50.335,162570
2019-12-18 10:30:00,50.335,50.795,50.3,50.75,99201
2019-12-18 11:30:00,50.76,50.7736,50.6189,50.67,73487
2019-12-18 12:30:00,50.68,50.89,50.67,50.83,54783
2019-12-18 13:30:00,50.82,50.88,50.69,50.83,66943
2019-12-18 14:30:00,50.84,50.98,50.83,50.94,45938
2019-12-18 15:30:00,50.94,50.98,50.85,50.85,138731
2019-12-19 09:30:00,50.87,51.04,50.17,50.55,111184
2019-12-19 10:30:00,50.55,50.99,50.5111,50.8263,100076
2019-12-19 11:30:00,50.82,51.07,50.7822,51.01,48200
2019-12-19 12:30:00,50.96,51.06,50.9,51.0585,31324
2019-12-19 13:30:00,51.06,51.13,50.99,50.99,57122
2019-12-19 14:30:00,51.01,51.03,50.83,50.905,51481
2019-12-19 15:30:00,50.905,51.03,50.85,51.02,106453
2019-12-20 09:30:00,51.39,51.4,50.81,51.02,95895
2019-12-20 10:30:00,51.02,51.41,50.9805,51.21,49831
2019-12-20 11:30:00,51.2274,51.26,50.99,51.14,52722
2019-12-20 12:30:00,51.14,51.24,51.0,51.23,34584
2019-12-20 13:30:00,51.23,51.31,51.05,51.12,36333
2019-12-20 14:30:00,51.1175,51.222,51.08,51.09,41981
2019-12-20 15:30:00,51.095,51.17,51.05,51.11,89611
2019-12-23 09:30:00,51.34,51.53,50.97,51.12,85935
2019-12-23 10:30:00,51.125,51.25,51.1,51.13,33443
2019-12-23 11:30:00,51.13,51.3197,51.11,51.23,29726
2019-12-23 12:30:00,51.2378,51.37,51.22,51.33,23519
2019-12-23 13:30:00,51.3342,51.38,51.22,51.32,31723
2019-12-23 14:30:00,51.33,51.4,51.26,51.26,29504
2019-12-23 15:30:00,51.2888,51.32,51.19,51.22,46109
2020-01-13 09:30:00,52.5,53.1,52.27,52.97,119625
2020-01-13 10:30:00,52.99,53.01,52.66,52.91,81633
2020-01-13 11:30:00,52.9,53.12,52.87,53.0,94021
2020-01-13 12:30:00,52.99,53.12,52.98,53.115,80963
2020-01-13 13:30:00,53.1005,53.27,53.07,53.23,100051
2020-01-13 14:30:00,53.23,53.33,53.18,53.1875,141773
2020-01-13 15:30:00,53.18,53.41,53.17,53.38,128369
2020-01-14 09:30:00,53.42,53.7,53.37,53.5607,129446
2020-01-14 10:30:00,53.55,53.65,53.42,53.59,58920
2020-01-14 11:30:00,53.58,54.12,53.53,54.1,84593
2020-01-14 12:30:00,54.0819,54.25,54.0,54.0,94975
2020-01-14 13:30:00,54.01,54.06,53.49,53.75,86458
2020-01-14 14:30:00,53.7212,53.855,53.525,53.63,165403
2020-01-14 15:30:00,53.63,53.7128,53.55,53.63,171505
2020-01-15 09:30:00,53.69,54.08,53.052,53.86,109337
2020-01-15 10:30:00,53.85,54.105,53.84,53.94,90706
2020-01-15 11:30:00,53.95,54.035,53.7859,53.7859,72136
2020-01-15 12:30:00,53.77,53.78,53.55,53.72,67875
2020-01-15 13:30:00,53.72,53.88,53.66,53.855,87793
2020-01-15 14:30:00,53.86,53.86,53.22,53.26,100683
2020-01-15 15:30:00,53.25,53.5,53.16,53.48,153606
2020-01-16 09:30:00,53.88,53.98,53.46,53.79,92540
2020-01-16 10:30:00,53.81,53.94,53.73,53.94,105941
2020-01-16 11:30:00,53.92,54.12,53.92,54.08,65015
2020-01-16 12:30:00,54.0886,54.34,54.06,54.255,54691
2020-01-16 13:30:00,54.255,54.67,54.255,54.65,158490
2020-01-16 14:30:00,54.65,54.75,54.445,54.615,227767
2020-01-16 15:30:00,54.615,55.05,54.59,55.04,368454
2020-01-17 09:30:00,55.39,55.47,55.01,55.19,95149
2020-01-17 10:30:00,55.22,55.43,55.1,55.38,120420
2020-01-17 11:30:00,55.385,55.59,55.325,55.5698,308423
2020-01-17 12:30:00,55.57,55.93,55.53,55.93,95077
2020-01-17 13:30:00,55.915,56.01,55.849,55.87,234534
2020-01-17 14:30:00,55.885,56.04,55.81,56.01,278994
2020-01-17 15:30:00,56.01,56.33,56.01,56.19,233618
2020-01-21 09:30:00,56.21,56.99,56.0,56.88,349297
2020-01-21 10:30:00,56.8827,57.375,56.825,57.21,181664
2020-01-21 11:30:00,57.22,57.39,57.1908,57.285,257278
2020-01-21 12:30:00,57.285,57.3,57.155,57.235,343377
2020-01-21 13:30:00,57.24,57.44,57.0934,57.4103,339919
2020-01-21 14:30:00,57.41,57.74,57.37,57.62,107203
2020-01-21 15:30:00,57.61,57.695,57.2087,57.52,330724
2020-01-22 09:30:00,57.99,58.18,57.57,58.1,174138
2020-01-22 10:30:00,58.1,58.35,57.905,58.22,207828
2020-01-22 11:30:00,58.2,58.28,57.54,57.62,114700
2020-01-22 12:30:00,57.615,57.82,57.515,57.52,102970
2020-01-22 13:30:00,57.5494,57.6,57.37,57.58,88660
2020-01-22 14:30:00,57.56,57.5963,57.06,57.16,100032
2020-01-22 15:30:00,57.17,57.38,57.1562,57.32,287788
2020-01-23 09:30:00,57.28,57.53,56.9,57.4939,383380
2020-01-23 10:30:00,57.53,57.67,57.36,57.4922,229358
2020-01-23 11:30:00,57.52,57.58,57.33,57.53,129112
2020-01-23 12:30:00,57.52,57.59,57.42,57.5,123218
2020-01-23 13:30:00,57.5,57.56,57.466667,57.5,99149
2020-01-23 14:30:00,57.5,57.56,57.47,57.55,119710
2020-01-23 15:30:00,57.56,57.56,57.42,57.5,220827
2020-01-24 09:30:00,57.99,58.18,56.91,56.91,81100
2020-01-24 10:30:00,56.93,57.1,56.79,56.9,88296
2020-01-24 11:30:00,56.89,56.89,56.21,56.34,97651
2020-01-24 12:30:00,56.34,56.65,56.15,56.15,70350
2020-01-24 13:30:00,56.15,56.2295,55.62,55.73,135157
2020-01-24 14:30:00,55.745,56.24,55.73,56.17,220047
2020-01-24 15:30:00,56.18,56.18,55.855,55.93,181203
2020-01-27 09:30:00,54.6,54.68,53.53,54.35,205313
2020-01-27 10:30:00,54.37,54.42,54.06,54.37,51152
2020-01-27 11:30:00,54.39,54.46,54.28,54.36,101771
2020-01-27 12:30:00,54.36,54.43,53.999,54.18,61597
2020-01-27 13:30:00,54.17,54.1923,53.95,54.13,50684
2020-01-27 14:30:00,54.16,54.17,53.7701,53.89,99769
2020-01-27 15:30:00,53.88,53.89,53.63,53.67,197697
2020-01-28 09:30:00,54.09,54.28,53.25,53.6292,142715
2020-01-28 10:30:00,53.62,54.15,53.48,54.15,355591
2020-01-28 11:30:00,54.1368,54.29,54.0,54.27,105796
2020-01-28 12:30:00,54.27,54.42,54.11,54.225,94897
2020-01-28 13:30:00,54.22,54.24,54.05,54.23,104901
2020-01-28 14:30:00,54.24,54.59,54.23,54.56,104160
2020-01-28 15:30:00,54.56,54.56,53.9434,54.37,125059
2020-02-07 09:30:00,55.83,56.54,55.2795,56.455,165869
2020-02-07 10:30:00,56.44,56.81,56.28,56.46,114035
2020-02-07 11:30:00,56.47,56.54,56.11,56.33,40360
2020-02-07 12:30:00,56.32,56.39,56.05,56.12,39616
2020-02-07 13:30:00,56.12,56.15,55.59,55.72,35206
2020-02-07 14:30:00,55.6626,55.825,55.6,55.6,58162
2020-02-07 15:30:00,55.59,55.74,55.45,55.58,137603
2020-02-10 09:30:00,55.25,55.86,55.03,55.61,80756
2020-02-10 10:30:00,55.62,55.75,55.52,55.73,51254
2020-02-10 11:30:00,55.726,55.94,55.68,55.7016,77207
2020-02-10 12:30:00,55.71,55.81,55.66,55.73,43754
2020-02-10 13:30:00,55.74,55.81,55.6781,55.81,32757
2020-02-10 14:30:00,55.81,56.1,55.81,56.08,82941
2020-02-10 15:30:00,56.08,56.41,56.0368,56.34,116331
2020-02-11 09:30:00,56.62,57.63,56.47,57.3,77233
2020-02-11 10:30:00,57.251,57.54,57.17,57.25,46713
2020-02-11 11:30:00,57.2604,57.65,57.08,57.61,56433
2020-02-11 12:30:00,57.61,57.86,57.57,57.7,47658
2020-02-11 13:30:00,57.7,57.74,57.2,57.3,41767
2020-02-11 14:30:00,57.28,57.46,57.12,57.26,47669
2020-02-11 15:30:00,57.27,57.46,57.1907,57.4,76963
2020-02-12 09:30:00,57.87,58.0,57.33,57.39,136561
2020-02-12 10:30:00,57.35,57.64,57.3301,57.47,49958
2020-02-12 11:30:00,57.47,57.74,57.46,57.74,33629
2020-02-12 12:30:00,57.74,58.26,57.72,58.19,78940
2020-02-12 13:30:00,58.21,58.34,58.0,58.22,45767
2020-02-12 14:30:00,58.225,58.415,58.19,58.4,47861
2020-02-12 15:30:00,58.39,58.49,58.2925,58.49,92499
2020-02-13 09:30:00,58.11,58.6427,57.71,58.445,75455
2020-02-13 10:30:00,58.45,58.81,58.39,58.81,33941
2020-02-13 11:30:00,58.81,59.04,58.74,59.03,38093
2020-02-13 12:30:00,59.01,59.05,58.81,58.95,50294
2020-02-13 13:30:00,58.9497,59.01,58.74,58.79,54306
2020-02-13 14:30:00,58.78,58.81,58.42,58.5,131890
2020-02-13 15:30:00,58.51,58.51,58.28,58.39,99083
2020-02-14 09:30:00,58.43,58.68,58.1,58.36,70099
2020-02-14 10:30:00,58.38,58.72,58.28,58.67,44377
2020-02-14 11:30:00,58.6575,58.77,58.15,58.19,38064
2020-02-14 12:30:00,58.21,58.3,58.11,58.11,31730
2020-02-14 13:30:00,58.16,58.19,57.85,58.05,37578
2020-02-14 14:30:00,58.0373,58.11,57.85,57.9528,44590
2020-02-14 15:30:00,57.95,58.285,57.93,58.15,61287
2020-03-04 09:30:00,54.6,54.73,53.5,54.345,151178
2020-03-04 10:30:00,54.26,54.45,54.01,54.33,81716
2020-03-04 11:30:00,54.39,54.89,54.1,54.74,76749
2020-03-04 12:30:00,54.74,55.59,54.74,55.41,46040
2020-03-04 13:30:00,55.44,55.49,55.09,55.43,50755
2020-03-04 14:30:00,55.42,55.71,55.22,55.7,57595
2020-03-04 15:30:00,55.71,55.96,55.38,55.96,168875
2020-03-05 09:30:00,54.56,55.85,54.5068,55.53,59291
2020-03-05 10:30:00,55.51,56.04,55.48,55.9,54544
2020-03-05 11:30:00,55.94,56.02,55.115,55.25,47005
2020-03-05 12:30:00,55.25,55.31,54.29,54.75,81486
2020-03-05 13:30:00,54.71,54.91,54.0,54.06,113372
2020-03-05 14:30:00,54.0603,54.47,53.98,54.02,65829
2020-03-05 15:30:00,54.01,54.8462,54.01,54.29,192798
2020-03-06 09:30:00,53.34,53.34,51.93,52.71,183254
2020-03-06 10:30:00,52.72,52.9,51.9,51.9501,144334
2020-03-06 11:30:00,51.97,52.085,51.56,51.86,56946
2020-03-06 12:30:00,51.85,52.28,51.69,51.91,69630
2020-03-06 13:30:00,51.8704,51.99,51.47,51.72,78541
2020-03-06 14:30:00,51.75,52.0,51.5,51.75,85140
2020-03-06 15:30:00,51.72,52.76,51.62,52.71,183604
2020-03-09 09:30:00,48.62,49.76,46.34,49.49,202702
2020-03-09 10:30:00,49.37,49.73,46.47,49.59,102132
2020-03-09 11:30:00,49.5,50.45,49.42,49.47,86017
2020-03-09 12:30:00,49.5,49.7299,49.3,49.4,103911
2020-03-09 13:30:00,49.3738,49.38,48.74,48.88,166044
2020-03-09 14:30:00,48.86,49.36,48.535,49.05,216602
2020-03-09 15:30:00,49.04,49.23,48.51,48.51,354490
2020-03-10 09:30:00,50.29,50.47,49.54,50.02,222120
2020-03-10 10:30:00,50.02,50.04,48.45,48.6,170274
2020-03-10 11:30:00,48.6,49.92,48.45,49.61,149211
2020-03-10 12:30:00,49.57,49.86,49.465,49.695,113945
2020-03-10 13:30:00,49.68,49.79,49.07,49.52,120551
2020-03-10 14:30:00,49.5066,50.76,49.48,50.6619,210002
2020-03-10 15:30:00,50.68,51.75,50.6474,51.71,364200
2020-03-11 09:30:00,50.16,50.83,49.5456,49.99,121556
2020-03-11 10:30:00,49.98,49.98,49.05,49.11,100548
2020-03-11 11:30:00,49.12,49.92,49.07,49.58,108367
2020-03-11 12:30:00,49.58,49.58,48.2,48.35,108814
2020-03-11 13:30:00,48.35,48.4,47.63,47.69,172361
2020-03-11 14:30:00,47.69,48.03,46.97,47.35,168717
2020-03-11 15:30:00,47.335,47.88,47.1675,47.5,280980
2020-03-12 09:30:00,44.89,45.05,43.25,44.7753,217447
2020-03-12 10:30:00,44.57,45.33,44.45,44.54,200744
2020-03-12 11:30:00,44.56,44.72,43.25,43.93,131060
2020-03-12 12:30:00,43.89,45.35,43.36,44.645,254424
2020-03-12 13:30:00,44.68,47.49,43.81,43.85,201601
2020-03-12 14:30:00,43.79,44.05,42.62,42.6275,224352
2020-03-12 15:30:00,42.62,43.42,42.36,42.36,352668
2020-03-20 09:30:00,41.48,42.94,40.7201,42.43,249298
2020-03-20 10:30:00,42.34,43.21,42.18,42.54,239785
2020-03-20 11:30:00,42.54,42.58,41.14,41.21,152021
2020-03-20 12:30:00,41.26,42.47,41.22,42.06,124412
2020-03-20 13:30:00,42.06,42.24,40.54,40.8,159096
2020-03-20 14:30:00,40.83,41.16,39.917,40.91,177872
2020-03-20 15:30:00,40.98,41.26,38.73,39.03,397932
2020-03-23 09:30:00,39.49,40.51,38.12,38.965,367808
2020-03-23 10:30:00,38.925,39.83,38.58,38.78,210455
2020-03-23 11:30:00,38.765,39.59,38.22,39.15,160568
2020-03-23 12:30:00,39.085,40.47,38.92,39.435,140772
2020-03-23 13:30:00,39.38,40.28,38.97,39.9107,109716
2020-03-23 14:30:00,40.1399,40.89,39.25,39.28,138160
2020-03-23 15:30:00,39.325,40.13,39.01,40.02,264756
2020-03-24 09:30:00,42.17,43.64,41.18,42.32,132205
2020-03-24 10:30:00,42.3,42.7875,41.96,42.25,108608
2020-03-24 11:30:00,42.15,43.395,41.8847,43.38,166639
2020-03-24 12:30:00,43.42,43.84,41.97,42.26,130331
2020-03-24 13:30:00,42.2619,42.95,41.56,42.304,133982
2020-03-24 14:30:00,42.15,42.96,42.02,42.94,144766
2020-03-24 15:30:00,42.9,44.04,42.75,43.95,293403
2020-03-25 09:30:00,44.21,44.91,42.47,42.96,167988
2020-03-25 10:30:00,43.01,43.64,42.66,43.51,72469
2020-03-25 11:30:00,43.53,45.07,42.935,45.07,154543
2020-03-25 12:30:00,45.09,45.83,44.1292,45.56,114186
2020-03-25 13:30:00,45.6,46.055,44.63,45.42,86124
2020-03-25 14:30:00,45.28,46.14,45.04,45.68,91550
2020-03-25 15:30:00,45.705,46.0684,43.92,43.98,292167
2020-03-26 09:30:00,45.33,46.15,43.84,45.495,104999
2020-03-26 10:30:00,45.4,46.01,44.64,45.7863,50725
2020-03-26 11:30:00,45.8331,46.37,45.3529,46.26,70183
2020-03-26 12:30:00,46.26,46.73,45.91,46.13,54371
2020-03-26 13:30:00,46.09,47.16,45.88,46.85,80667
2020-03-26 14:30:00,46.88,47.59,46.86,47.59,110959
2020-03-26 15:30:00,47.59,48.31,46.87,48.29,242892
2020-03-27 09:30:00,46.24,47.17,45.88,46.42,99087
2020-03-27 10:30:00,46.265,46.32,45.14,45.23,133384
2020-03-27 11:30:00,45.23,45.5,44.73,44.8974,91464
2020-03-27 12:30:00,44.905,45.55,44.85,45.025,94595
2020-03-27 13:30:00,45.03,46.09,44.97,46.09,181307
2020-03-27 14:30:00,46.08,46.43,45.45,45.91,125891
2020-03-27 15:30:00,45.88,45.91,44.47,44.75,378856
2020-03-30 09:30:00,45.08,47.326,44.97,46.17,98589
2020-03-30 10:30:00,46.21,46.99,45.98,46.7384,62406
2020-03-30 11:30:00,46.8,46.98,46.06,46.98,66928
2020-03-30 12:30:00,46.96,47.16,46.79,47.08,50894
2020-03-30 13:30:00,47.08,47.34,46.7801,47.11,139371
2020-03-30 14:30:00,47.08,47.5,46.92,47.205,191308
2020-03-30 15:30:00,47.24,47.86,46.95,47.5,333714
2020-04-13 09:30:00,49.5,49.98,48.41,48.715,58603
2020-04-13 10:30:00,48.67,49.11,48.48,48.83,41466
2020-04-13 11:30:00,48.86,49.35,48.49,49.26,61574
2020-04-13 12:30:00,49.19,49.24,48.88,49.03,47780
2020-04-13 13:30:00,49.03,49.47,48.98,49.27,66485
2020-04-13 14:30:00,49.27,49.565,49.08,49.56,83435
2020-04-13 15:30:00,49.545,49.76,49.34,49.75,84222
2020-04-14 09:30:00,50.75,51.74,50.54,51.52,91762
2020-04-14 10:30:00,51.5,51.79,50.75,51.21,60949
2020-04-14 11:30:00,51.22,51.4,51.05,51.28,43770
2020-04-14 12:30:00,51.28,51.32,50.55,50.865,73851
2020-04-14 13:30:00,50.9,51.52,50.8712,51.33,53944
2020-04-14 14:30:00,51.33,51.42,51.02,51.37,71808
2020-04-14 15:30:00,51.4,51.97,51.3503,51.71,168971
2020-04-15 09:30:00,49.82,51.19,48.89,49.13,84952
2020-04-15 10:30:00,49.11,49.21,48.6,48.79,69452
2020-04-15 11:30:00,48.8,48.89,48.29,48.54,61984
2020-04-15 12:30:00,48.54,48.69,48.42,48.59,58164
2020-04-15 13:30:00,48.59,48.95,48.56,48.75,92985
2020-04-15 14:30:00,48.77,49.12,48.68,49.06,158627
2020-04-15 15:30:00,49.02,49.19,48.94,49.08,131335
2020-04-16 09:30:00,49.56,50.4,49.09,50.35,90742
2020-04-16 10:30:00,50.33,50.66,50.1,50.56,95412
2020-04-16 11:30:00,50.55,51.05,50.14,50.48,107302
2020-04-16 12:30:00,50.46,50.54,49.91,50.4,73505
2020-04-16 13:30:00,50.37,50.81,50.3,50.61,94207
2020-04-16 14:30:00,50.605,51.09,50.52,51.05,75345
2020-04-16 15:30:00,51.05,51.54,50.9368,51.2,204494
2020-04-17 09:30:00,52.4,52.6,51.59,51.95,111501
2020-04-17 10:30:00,51.94,51.96,51.46,51.565,48503
2020-04-17 11:30:00,51.56,51.97,51.49,51.765,91959
2020-04-17 12:30:00,51.8,52.44,51.79,52.22,65888
2020-04-17 13:30:00,52.255,52.83,52.21,52.63,80804
2020-04-17 14:30:00,52.57,52.96,52.35,52.95,139054
2020-04-17 15:30:00,52.955,53.26,52.87,53.02,148899
2020-04-20 09:30:00,52.04,52.78,51.54,52.25,49011
2020-04-20 10:30:00,52.315,52.9,52.25,52.64,72321
2020-04-20 11:30:00,52.62,53.07,52.51,52.93,78661
2020-04-20 12:30:00,52.93,53.04,52.37,52.43,53776
2020-04-20 13:30:00,52.405,52.64,52.01,52.02,75427
2020-04-20 14:30:00,52.02,52.54,51.67,51.89,78978
2020-04-20 15:30:00,51.8625,52.03,51.59,51.63,163286
2020-04-21 09:30:00,50.43,51.49,48.78,49.71,211681
2020-04-21 10:30:00,49.75,49.75,47.65,47.995,131525
2020-04-21 11:30:00,48.0,48.51,47.94,48.46,99804
2020-04-21 12:30:00,48.43,49.14,48.18,49.09,131340
2020-04-21 13:30:00,49.05,49.59,48.96,49.355,83040
2020-04-21 14:30:00,49.37,49.39,47.64,47.815,205487
2020-04-21 15:30:00,47.78,47.85,46.92,47.19,265150
2020-04-22 09:30:00,49.35,49.79,48.11,49.15,131684
2020-04-22 10:30:00,49.2,49.58,49.07,49.13,111060
2020-04-22 11:30:00,49.145,49.6,49.145,49.2599,53835
2020-04-22 12:30:00,49.25,49.67,48.92,49.67,85644
2020-04-22 13:30:00,49.74,50.12,49.61,50.02,113900
2020-04-22 14:30:00,50.05,50.645,50.035,50.64,110571
2020-04-22 15:30:00,50.62,51.13,50.6084,51.04,247494
2020-04-23 09:30:00,51.59,51.59,50.4,50.95,157644
2020-04-23 10:30:00,50.98,51.36,50.86,51.205,234480
2020-04-23 11:30:00,51.18,51.55,50.82,51.53,60135
2020-04-23 12:30:00,51.52,51.52,50.08,50.59,147126
2020-04-23 13:30:00,50.53,50.76,50.24,50.71,98441
2020-04-23 14:30:00,50.69,51.0,50.39,50.63,99001
2020-04-23 15:30:00,50.61,50.8,50.41,50.43,296962
2020-04-24 09:30:00,51.04,51.19,49.1849,49.98,66039
2020-04-24 10:30:00,49.96,50.57,49.94,50.42,63263
2020-04-24 11:30:00,50.41,50.95,50.14,50.95,56430
2020-04-24 12:30:00,50.91,51.1099,50.77,50.77,37091
2020-04-24 13:30:00,50.8,51.08,50.8,50.91,55285
2020-04-24 14:30:00,50.89,51.19,50.76,51.17,183329
2020-04-24 15:30:00,51.18,51.5,51.07,51.21,198815
2020-04-27 09:30:00,51.45,52.25,51.45,52.1,66369
2020-04-27 10:30:00,52.05,52.1908,51.74,52.14,59652
2020-04-27 11:30:00,52.14,52.49,52.08,52.09,96817
2020-04-27 12:30:00,52.1,52.34,51.85,51.945,135370
2020-04-27 13:30:00,51.92,52.13,51.79,51.82,71597
2020-04-27 14:30:00,51.79,52.14,51.74,51.865,87572
2020-04-27 15:30:00,51.88,52.31,51.8502,52.13,131894
2020-04-28 09:30:00,53.25,53.69,52.61,53.37,144755
2020-04-28 10:30:00,53.4275,53.65,52.72,53.2,68783
2020-04-28 11:30:00,53.17,53.56,52.97,52.97,57239
2020-04-28 12:30:00,52.96,53.48,52.86,53.44,46301
2020-04-28 13:30:00,53.44,54.14,53.4,53.93,60717
2020-04-28 14:30:00,53.94,53.98,53.4,53.61,63105
2020-04-28 15:30:00,53.62,53.66,53.01,53.01,126555
2020-05-11 09:30:00,55.67,56.43,54.78,56.36,130035
2020-05-11 10:30:00,56.35,56.5,53.25,56.34,96417
2020-05-11 11:30:00,56.35,56.91,56.35,56.89,91762
2020-05-11 12:30:00,56.86,57.25,56.7001,57.075,55807
2020-05-11 13:30:00,57.085,57.31,56.75,56.97,92477
2020-05-11 14:30:00,57.0215,57.58,56.93,57.39,130861
2020-05-11 15:30:00,57.39,57.39,56.87,56.98,223121
2020-05-12 09:30:00,56.97,57.63,56.22,56.515,133878
2020-05-12 10:30:00,56.515,57.2,56.48,56.81,103795
2020-05-12 11:30:00,56.82,57.08,56.54,57.08,66109
2020-05-12 12:30:00,57.05,57.2555,56.54,56.67,127833
2020-05-12 13:30:00,56.68,56.99,56.58,56.71,80450
2020-05-12 14:30:00,56.71,56.87,56.04,56.06,126696
2020-05-12 15:30:00,56.08,56.14,55.37,55.37,294566
2020-05-13 09:30:00,55.37,55.38,54.05,54.93,123431
2020-05-13 10:30:00,54.94,55.05,53.96,54.55,161636
2020-05-13 11:30:00,54.51,54.7,53.7,54.26,156942
2020-05-13 12:30:00,54.24,54.59,53.88,54.13,119981
2020-05-13 13:30:00,54.07,54.16,53.68,53.83,100253
2020-05-13 14:30:00,53.825,54.09,53.68,53.92,147381
2020-05-13 15:30:00,53.91,54.3,53.71,53.97,210838
2020-05-14 09:30:00,53.35,53.87,52.64,52.91,159296
2020-05-14 10:30:00,52.985,54.17,52.91,53.54,77001
2020-05-14 11:30:00,53.66,53.775,53.059,53.13,46692
2020-05-14 12:30:00,53.115,53.6434,53.115,53.475,89251
2020-05-14 13:30:00,53.46,53.56,52.91,53.1732,50215
2020-05-14 14:30:00,53.18,55.305,52.945,55.3,150319
2020-05-14 15:30:00,55.31,55.69,54.85,55.42,133769
2020-05-15 09:30:00,53.98,55.19,53.36,54.89,86755
2020-05-15 10:30:00,54.88,55.08,54.333,54.93,85511
2020-05-15 11:30:00,54.91,55.69,54.85,55.59,61462
2020-05-15 12:30:00,55.58,56.27,55.46,55.975,148579
2020-05-15 13:30:00,55.9501,56.06,55.66,55.76,90022
2020-05-15 14:30:00,55.76,55.78,55.22,55.425,141172
2020-05-15 15:30:00,55.42,55.655,54.97,55.59,249379
2020-05-18 09:30:00,55.06,57.08,54.52,55.94,200612
2020-05-18 10:30:00,55.96,56.665,55.94,56.39,105351
2020-05-18 11:30:00,56.4539,56.48,56.17,56.43,52952
2020-05-18 12:30:00,56.42,57.05,56.37,57.05,60163
2020-05-18 13:30:00,57.06,57.0799,56.4,56.58,64389
2020-05-18 14:30:00,56.55,56.93,56.36,56.9,126222
2020-05-18 15:30:00,56.915,57.29,56.91,57.05,158735
2020-05-19 09:30:00,56.8,58.13,56.6,57.95,136734
2020-05-19 10:30:00,58.01,58.21,57.83,58.1,95362
2020-05-19 11:30:00,58.11,58.37,57.97,58.29,126264
2020-05-19 12:30:00,58.26,58.61,58.2,58.35,54793
2020-05-19 13:30:00,58.35,58.45,58.24,58.32,76897
2020-05-19 14:30:00,58.36,58.39,57.63,57.92,196618
2020-05-19 15:30:00,57.92,57.95,57.28,57.49,266698
2020-06-24 09:30:00,60.14,60.89,59.76,60.1,125682
2020-06-24 10:30:00,60.1,60.15,59.36,59.54,87237
2020-06-24 11:30:00,59.51,59.64,58.75,58.95,108804
2020-06-24 12:30:00,58.96,59.305,58.85,58.91,96737
2020-06-24 13:30:00,58.89,59.39,58.5501,59.39,121853
2020-06-24 14:30:00,59.37,59.55,59.09,59.36,95310
2020-06-24 15:30:00,59.38,59.52,58.85,58.88,177732
2020-06-25 09:30:00,58.69,59.23,57.47,58.035,112861
2020-06-25 10:30:00,58.07,58.2,57.83,57.92,99167
2020-06-25 11:30:00,57.9,58.22,57.67,57.98,95960
2020-06-25 12:30:00,57.98,58.51,57.98,58.39,97540
2020-06-25 13:30:00,58.43,58.65,58.16,58.33,78325
2020-06-25 14:30:00,58.33,58.88,58.08,58.71,175658
2020-06-25 15:30:00,58.705,59.22,58.62,59.17,193803
2020-06-26 09:30:00,59.08,59.27,58.08,58.32,94644
2020-06-26 10:30:00,58.29,58.41,57.72,58.015,62397
2020-06-26 11:30:00,58.03,58.32,57.68,58.005,112764
2020-06-26 12:30:00,57.98,58.17,57.6,58.055,87159
2020-06-26 13:30:00,58.07,58.155,57.78,57.81,86634
2020-06-26 14:30:00,57.815,58.1337,57.64,58.07,106859
2020-06-26 15:30:00,58.06,58.42,57.12,57.35,201324
2020-06-29 09:30:00,57.18,57.76,56.92,57.62,150481
2020-06-29 10:30:00,57.56,58.2078,57.56,57.99,119687
2020-06-29 11:30:00,57.99,58.19,57.77,58.18,85525
2020-06-29 12:30:00,58.18,58.35,57.87,57.97,97866
2020-06-29 13:30:00,57.97,58.13,57.77,57.8,76491
2020-06-29 14:30:00,57.8,58.01,57.6,57.71,95396
2020-06-29 15:30:00,57.7,57.97,57.58,57.97,324790
2020-06-30 09:30:00,57.16,58.81,56.455,58.58,280377
2020-06-30 10:30:00,58.6769,59.03,58.42,58.85,120588
2020-06-30 11:30:00,58.9608,59.35,58.75,59.14,74396
2020-06-30 12:30:00,59.1919,59.1919,58.58,58.74,215062
2020-06-30 13:30:00,58.7732,58.86,58.655,58.81,81857
2020-06-30 14:30:00,58.7693,58.98,58.71,58.83,89730
2020-06-30 15:30:00,58.8327,59.17,58.82,59.08,175424
2020-07-01 09:30:00,59.29,59.66,58.31,59.28,116746
2020-07-01 10:30:00,59.28,59.34,58.94,59.03,73153
2020-07-01 11:30:00,59.05,59.29,58.99,59.1,52705
2020-07-01 12:30:00,59.12,59.3,58.63,58.878,70949
2020-07-01 13:30:00,58.89,59.14,58.7,58.91,80712
2020-07-01 14:30:00,58.91,58.94,58.7,58.82,68100
2020-07-01 15:30:00,58.82,58.88,58.27,58.35,111621
2020-07-02 09:30:00,59.1,60.14,58.4703,59.72,81292
2020-07-02 10:30:00,59.6967,59.83,59.25,59.35,39951
2020-07-02 11:30:00,59.38,59.89,59.34,59.79,57162
2020-07-02 12:30:00,59.81,60.04,59.74,59.98,60484
2020-07-02 13:30:00,59.98,60.02,59.67,59.905,51097
2020-07-02 14:30:00,59.91,59.99,59.76,59.85,80369
2020-07-02 15:30:00,59.85,59.91,59.48,59.62,125643
2020-07-13 09:30:00,59.7,60.47,59.535,60.02,103896
2020-07-13 10:30:00,60.03,60.1,59.66,60.09,73100
2020-07-13 11:30:00,60.1,60.13,59.78,59.875,73059
2020-07-13 12:30:00,59.8763,60.02,59.68,59.93,62840
2020-07-13 13:30:00,59.96,60.0,58.93,59.0,111989
2020-07-13 14:30:00,59.01,59.57,58.57,58.66,109231
2020-07-13 15:30:00,58.67,58.72,57.56,57.64,281804
2020-07-14 09:30:00,57.08,57.36,56.15,57.03,190789
2020-07-14 10:30:00,57.03,57.095,56.6,56.824,107610
2020-07-14 11:30:00,56.78,57.3399,56.75,56.96,72883
2020-07-14 12:30:00,56.98,57.08,56.675,56.99,81161
2020-07-14 13:30:00,56.99,57.67,56.98,57.66,82618
2020-07-14 14:30:00,57.67,57.73,57.385,57.6075,89130
2020-07-14 15:30:00,57.61,58.16,57.59,58.04,202601
2020-07-15 09:30:00,58.0,58.95,56.81,57.42,112677
2020-07-15 10:30:00,57.45,57.9,57.19,57.395,83610
2020-07-15 11:30:00,57.395,57.6,56.96,57.22,76008
2020-07-15 12:30:00,57.19,57.6,57.03,57.56,56861
2020-07-15 13:30:00,57.56,58.15,57.5483,58.12,94936
2020-07-15 14:30:00,58.16,58.22,57.7,58.22,153159
2020-07-15 15:30:00,58.22,58.2299,57.82,57.93,156002
2020-07-16 09:30:00,57.21,58.08,57.01,57.91,64978
2020-07-16 10:30:00,57.9,58.21,57.4106,57.55,52579
2020-07-16 11:30:00,57.52,57.5763,57.38,57.51,44633
2020-07-16 12:30:00,57.5,57.86,57.47,57.8,40767
2020-07-16 13:30:00,57.775,57.97,57.65,57.92,36592
2020-07-16 14:30:00,57.94,57.96,57.705,57.95,52770
2020-07-16 15:30:00,57.95,58.04,57.71,57.77,105116
2020-07-17 09:30:00,58.09,58.22,57.1401,57.7,46270
2020-07-17 10:30:00,57.6943,58.71,57.69,58.69,60566
2020-07-17 11:30:00,58.69,58.94,58.47,58.75,32865
2020-07-17 12:30:00,58.77,58.79,58.41,58.53,36323
2020-07-17 13:30:00,58.51,58.8,58.43,58.75,92391
2020-07-17 14:30:00,58.76,58.92,58.64,58.89,95597
2020-07-17 15:30:00,58.9,58.99,58.81,58.83,113351
2020-07-20 09:30:00,58.88,59.91,58.58,59.91,93795
2020-07-20 10:30:00,59.91,60.04,59.425,59.95,85340
2020-07-20 11:30:00,59.97,60.34,59.92,60.27,115968
2020-07-20 12:30:00,60.27,60.56,60.2,60.49,159358
2020-07-20 13:30:00,60.49,61.06,60.46,61.01,132921
2020-07-20 14:30:00,61.01,61.13,60.7699,60.91,134664
2020-07-20 15:30:00,60.91,61.37,60.87,61.2,174774
2020-07-21 09:30:00,61.56,61.99,60.76,60.93,98532
2020-07-21 10:30:00,60.93,61.07,60.61,61.01,58397
2020-07-21 11:30:00,61.03,61.62,60.92,61.49,116599
2020-07-21 12:30:00,61.5,61.81,61.46,61.795,60875
2020-07-21 13:30:00,61.78,61.92,61.2,61.86,92192
2020-07-21 14:30:00,61.8473,62.055,61.71,61.805,256573
2020-07-21 15:30:00,61.81,61.92,61.54,61.75,310487
2020-07-22 09:30:00,61.5,63.33,61.34,62.84,162359
2020-07-22 10:30:00,62.8652,62.93,62.37,62.7,71444
2020-07-22 11:30:00,62.72,62.94,62.61,62.74,70127
2020-07-22 12:30:00,62.73,62.78,62.32,62.37,80290
2020-07-22 13:30:00,62.39,62.53,62.04,62.46,96068
2020-07-22 14:30:00,62.47,62.76,62.43,62.61,122167
2020-07-22 15:30:00,62.58,62.75,62.54,62.71,187455
2020-07-23 09:30:00,65.95,69.09,65.0,69.0,842492
2020-07-23 10:30:00,69.0,70.93,68.8908,70.69,653370
2020-07-23 11:30:00,70.75,71.55,70.28,70.42,374858
2020-07-23 12:30:00,70.42,70.63,69.79,69.87,374747
2020-07-23 13:30:00,69.87,69.97,69.01,69.16,532421
2020-07-23 14:30:00,69.15,70.03,67.9,69.48,807043
2020-07-23 15:30:00,69.465,70.14,69.08,69.64,554771
2020-07-24 09:30:00,67.44,68.96,65.76,67.91,323582
2020-07-24 10:30:00,67.91,68.09,67.32,67.9881,274152
2020-07-24 11:30:00,67.96,68.25,67.17,67.575,205955
2020-07-24 12:30:00,67.56,67.9,67.3,67.75,108255
2020-07-24 13:30:00,67.69,67.93,67.26,67.84,131414
2020-07-24 14:30:00,67.83,68.21,67.41,67.49,177188
2020-07-24 15:30:00,67.45,68.065,67.44,67.89,279191
2020-07-27 09:30:00,68.16,70.18,68.12,69.51,219747
2020-07-27 10:30:00,69.65,70.5,69.38,69.79,181740
2020-07-27 11:30:00,69.73,69.97,69.38,69.9102,124869
2020-07-27 12:30:00,69.89,70.04,69.67,69.77,120752
2020-07-27 13:30:00,69.755,69.92,69.59,69.79,103478
2020-07-27 14:30:00,69.79,69.97,69.54,69.55,129704
2020-07-27 15:30:00,69.6322,69.65,69.36,69.65,170891
2020-07-28 09:30:00,70.26,70.26,68.63,70.0,136626
2020-07-28 10:30:00,70.01,70.67,69.99,70.55,148648
2020-07-28 11:30:00,70.5473,70.84,70.25,70.38,200001
2020-07-28 12:30:00,70.385,70.68,70.36,70.53,156035
2020-07-28 13:30:00,70.52,70.6,69.92,69.92,99479
2020-07-28 14:30:00,69.9462,70.0316,69.55,69.58,122618
2020-07-28 15:30:00,69.59,69.6316,69.07,69.19,194412
2020-08-10 09:30:00,70.54,70.86,69.27,69.325,138047
2020-08-10 10:30:00,69.345,69.38,68.56,68.82,165525
2020-08-10 11:30:00,68.82,69.11,68.62,68.62,97407
2020-08-10 12:30:00,68.64,69.14,68.6,68.975,107097
2020-08-10 13:30:00,68.98,69.0658,68.615,69.0658,92028
2020-08-10 14:30:00,69.11,69.16,68.68,68.76,141109
2020-08-10 15:30:00,68.74,68.96,68.62,68.92,181065
2020-08-11 09:30:00,68.92,69.68,68.54,68.995,104364
2020-08-11 10:30:00,68.995,69.56,68.81,69.52,81714
2020-08-11 11:30:00,69.5,69.8695,69.37,69.6,74798
2020-08-11 12:30:00,69.58,69.98,69.53,69.9,56285
2020-08-11 13:30:00,69.89,69.93,69.57,69.66,90240
2020-08-11 14:30:00,69.675,69.75,69.31,69.565,109267
2020-08-11 15:30:00,69.56,69.66,69.04,69.22,245654
2020-08-12 09:30:00,69.62,71.22,69.32,71.16,94537
2020-08-12 10:30:00,71.2,71.56,71.02,71.335,79417
2020-08-12 11:30:00,71.3378,71.679,71.235,71.6,61663
2020-08-12 12:30:00,71.63,72.08,71.02,71.04,142791
2020-08-12 13:30:00,71.08,71.41,71.02,71.12,93111
2020-08-12 14:30:00,71.14,71.2211,70.81,70.92,171379
2020-08-12 15:30:00,70.94,71.23,70.74,71.0,200062
2020-08-13 09:30:00,71.14,71.44,70.58,71.24,50471
2020-08-13 10:30:00,71.2,71.43,70.98,70.99,27175
2020-08-13 11:30:00,70.96,71.32,70.88,71.13,18981
2020-08-13 12:30:00,71.16,71.65,70.99,71.18,96778
2020-08-13 13:30:00,71.1641,71.27,70.61,70.79,83053
2020-08-13 14:30:00,70.81,70.88,70.47,70.78,67990
2020-08-13 15:30:00,70.79,70.88,70.6,70.63,102672
2020-08-14 09:30:00,70.79,71.25,70.13,70.146,78398
2020-08-14 10:30:00,70.18,70.64,70.15,70.53,43367
2020-08-14 11:30:00,70.51,70.6,70.13,70.245,33073
2020-08-14 12:30:00,70.26,70.46,70.04,70.2293,28274
2020-08-14 13:30:00,70.211,70.24,69.92,70.02,37846
2020-08-14 14:30:00,70.04,70.09,69.51,69.56,74195
2020-08-14 15:30:00,69.56,69.78,69.42,69.7,120805
2020-08-17 09:30:00,70.72,70.9,70.2,70.38,52579
2020-08-17 10:30:00,70.43,70.81,70.07,70.8,61886
2020-08-17 11:30:00,70.83,70.85,70.51,70.57,34929
2020-08-17 12:30:00,70.55,70.98,70.48,70.85,123724
2020-08-17 13:30:00,70.85,70.91,70.75,70.85,145640
2020-08-17 14:30:00,70.875,71.16,70.76,70.84,52551
2020-08-17 15:30:00,70.82,70.94,70.62,70.73,118701
2020-08-18 09:30:00,70.62,71.52,70.25,70.32,89585
2020-08-18 10:30:00,70.2818,71.08,70.2,70.95,58713
2020-08-18 11:30:00,70.95,71.23,70.83,71.01,243655
2020-08-18 12:30:00,71.02,71.32,70.8149,71.02,162366
2020-08-18 13:30:00,71.01,71.26,71.0009,71.19,85220
2020-08-18 14:30:00,71.19,71.7,71.11,71.56,143931
2020-08-18 15:30:00,71.55,71.79,71.27,71.3,180719
2020-09-24 09:30:00,66.44,68.51,66.42,67.96,112775
2020-09-24 10:30:00,67.94,68.92,67.61,68.81,114341
2020-09-24 11:30:00,68.8,69.15,68.52,68.55,112121
2020-09-24 12:30:00,68.55,68.99,68.34,68.93,115491
2020-09-24 13:30:00,68.945,69.01,68.41,68.46,86438
2020-09-24 14:30:00,68.43,68.69,67.84,68.0,155448
2020-09-24 15:30:00,67.95,68.32,67.84,68.23,190868
2020-09-25 09:30:00,68.07,68.55,66.759,68.37,104950
2020-09-25 10:30:00,68.38,68.53,68.18,68.29,120721
2020-09-25 11:30:00,68.3472,68.96,68.25,68.96,113457
2020-09-25 12:30:00,68.95,69.6,68.79,69.46,164092
2020-09-25 13:30:00,69.46,69.71,69.33,69.49,110566
2020-09-25 14:30:00,69.5293,69.61,69.29,69.515,136098
2020-09-25 15:30:00,69.51,69.54,69.1,69.22,187127
2020-09-28 09:30:00,69.87,71.34,69.55,71.06,233630
2020-09-28 10:30:00,71.06,71.71,71.01,71.2646,108178
2020-09-28 11:30:00,71.16,71.3562,70.54,70.695,60743
2020-09-28 12:30:00,70.71,70.98,70.58,70.85,60087
2020-09-28 13:30:00,70.85,71.16,70.77,71.0134,81061
2020-09-28 14:30:00,71.03,71.45,70.95,71.42,107888
2020-09-28 15:30:00,71.415,71.45,71.05,71.45,190880
2020-09-29 09:30:00,71.85,74.15,71.5,73.72,375002
2020-09-29 10:30:00,73.76,74.0234,73.26,73.809,75046
2020-09-29 11:30:00,73.8,73.85,73.3055,73.7,51659
2020-09-29 12:30:00,73.7,74.06,73.62,73.9,61662
2020-09-29 13:30:00,73.9,74.06,73.67,73.79,70432
2020-09-29 14:30:00,73.78,73.97,73.47,73.525,105666
2020-09-29 15:30:00,73.53,73.6011,73.18,73.19,173254
2020-09-30 09:30:00,72.98,74.61,72.59,74.22,214421
2020-09-30 10:30:00,74.25,75.1644,74.22,75.0,171777
2020-09-30 11:30:00,74.98,75.15,74.7,75.0081,90469
2020-09-30 12:30:00,74.9822,75.01,74.55,74.65,112266
2020-09-30 13:30:00,74.62,75.16,74.57,75.02,108157
2020-09-30 14:30:00,75.02,75.05,73.96,74.3,165904
2020-09-30 15:30:00,74.28,74.67,73.92,74.43,228972
2020-10-01 09:30:00,76.01,78.31,75.15,75.4,355366
2020-10-01 10:30:00,75.39,75.48,75.0,75.48,156836
2020-10-01 11:30:00,75.44,76.11,75.44,75.67,114234
2020-10-01 12:30:00,75.68,76.2,75.57,75.7,107335
2020-10-01 13:30:00,75.69,76.24,75.65,76.24,140130
2020-10-01 14:30:00,76.24,77.12,76.215,76.62,215399
2020-10-01 15:30:00,76.6,76.68,76.04,76.65,227199
2020-10-02 09:30:00,74.75,76.99,74.48,76.735,101610
2020-10-02 10:30:00,76.84,76.84,76.02,76.58,77705
2020-10-02 11:30:00,76.47,76.51,75.192,75.855,97325
2020-10-02 12:30:00,75.85,76.26,74.48,75.97,160325
2020-10-02 13:30:00,75.97,76.3648,75.85,76.04,80106
2020-10-02 14:30:00,76.09,76.24,75.79,75.98,137737
2020-10-02 15:30:00,75.9996,76.12,75.81,75.92,213337
2020-10-12 09:30:00,83.3657,84.435,83.25,83.6199,114086
2020-10-12 10:30:00,83.565,83.67,83.09,83.46,63772
2020-10-12 11:30:00,83.46,84.14,83.11,83.47,67397
2020-10-12 12:30:00,83.44,83.67,83.18,83.51,63863
2020-10-12 13:30:00,83.53,84.31,83.45,84.3,50273
2020-10-12 14:30:00,84.33,84.36,83.64,83.85,91170
2020-10-12 15:30:00,83.84,83.88,83.435,83.7,130092
2020-10-13 09:30:00,84.13,84.9,83.51,84.595,117516
2020-10-13 10:30:00,84.56,84.72,84.02,84.37,72164
2020-10-13 11:30:00,84.415,84.9,84.37,84.9,114836
2020-10-13 12:30:00,84.95,85.14,84.55,84.93,156412
2020-10-13 13:30:00,84.8529,85.21,84.23,84.23,73784
2020-10-13 14:30:00,84.25,84.43,83.78,84.27,111540
2020-10-13 15:30:00,84.3,84.39,83.76,83.77,133648
2020-10-14 09:30:00,84.0,84.51,82.31,82.69,155188
2020-10-14 10:30:00,82.72,83.43,82.42,82.98,135873
2020-10-14 11:30:00,82.98,83.04,81.81,81.94,136119
2020-10-14 12:30:00,81.95,82.51,81.8,82.45,112590
2020-10-14 13:30:00,82.45,82.78,82.41,82.5,79544
2020-10-14 14:30:00,82.505,82.74,82.305,82.58,136810
2020-10-14 15:30:00,82.56,82.71,82.36,82.36,206177
2020-10-15 09:30:00,81.15,82.5,80.21,81.89,144522
2020-10-15 10:30:00,81.97,82.0,81.27,81.705,226161
2020-10-15 11:30:00,81.7375,82.01,81.39,81.53,123890
2020-10-15 12:30:00,81.51,82.01,81.394,81.85,214100
2020-10-15 13:30:00,81.86,82.3,81.81,82.09,166555
2020-10-15 14:30:00,82.07,82.54,81.79,82.38,90178
2020-10-15 15:30:00,82.37,82.52,81.98,82.02,227762
2020-10-16 09:30:00,83.24,83.25,81.08,82.52,162847
2020-10-16 10:30:00,82.54,82.67,81.64,81.72,72108
2020-10-16 11:30:00,81.7,82.0299,81.42,81.73,77053
2020-10-16 12:30:00,81.73,81.77,81.27,81.68,71612
2020-10-16 13:30:00,81.67,82.04,81.56,81.75,158301
2020-10-16 14:30:00,81.75,81.89,81.35,81.5431,82656
2020-10-16 15:30:00,81.54,81.78,81.32,81.34,167810
2020-10-19 09:30:00,82.75,82.81,81.66,82.58,153673
2020-10-19 10:30:00,82.62,82.8,81.665,81.82,102731
2020-10-19 11:30:00,81.77,81.865,81.51,81.7241,33131
2020-10-19 12:30:00,81.73,81.87,81.49,81.7,36038
2020-10-19 13:30:00,81.6613,81.76,81.2,81.27,204696
2020-10-19 14:30:00,81.265,81.45,80.78,81.1,79884
2020-10-19 15:30:00,81.09,81.35,80.73,80.89,120048
2020-10-20 09:30:00,81.63,82.3,81.11,81.61,69541
2020-10-20 10:30:00,81.5374,82.0,80.93,81.66,66578
2020-10-20 11:30:00,81.54,81.73,81.3801,81.54,84344
2020-10-20 12:30:00,81.47,81.73,81.38,81.5,148212
2020-10-20 13:30:00,81.4659,81.51,80.96,81.045,144821
2020-10-20 14:30:00,81.08,81.16,80.1301,80.72,192844
2020-10-20 15:30:00,80.69,80.945,80.39,80.62,202277
2020-10-21 09:30:00,81.45,82.4,80.7,81.29,90902
2020-10-21 10:30:00,81.29,81.31,80.24,80.38,78948
2020-10-21 11:30:00,80.38,81.12,80.32,80.97,118699
2020-10-21 12:30:00,80.97,80.97,80.32,80.465,104474
2020-10-21 13:30:00,80.44,80.67,80.24,80.53,87917
2020-10-21 14:30:00,80.53,80.61,79.85,79.895,184151
2020-10-21 15:30:00,79.91,80.33,79.47,79.87,369289
2020-10-22 09:30:00,81.64,82.72,77.8,80.405,215982
2020-10-22 10:30:00,80.28,80.54,78.73,79.16,103741
2020-10-22 11:30:00,79.165,79.22,77.92,78.12,111137
2020-10-22 12:30:00,78.085,78.35,77.7301,78.04,126785
2020-10-22 13:30:00,78.0,79.24,77.81,78.77,125667
2020-10-22 14:30:00,78.7975,79.12,78.42,79.115,129433
2020-10-22 15:30:00,79.09,79.12,78.45,78.56,182060
2020-10-23 09:30:00,78.75,79.75,78.28,78.52,91123
2020-10-23 10:30:00,78.52,78.96,78.1,78.32,131210
2020-10-23 11:30:00,78.36,78.5,77.77,77.96,62741
2020-10-23 12:30:00,77.95,78.53,77.87,78.53,65717
2020-10-23 13:30:00,78.5012,78.6387,78.32,78.57,67903
2020-10-23 14:30:00,78.55,78.57,77.95,78.06,84873
2020-10-23 15:30:00,78.06,78.36,77.89,78.36,188775
2020-10-26 09:30:00,77.46,79.6,77.1507,77.75,100746
2020-10-26 10:30:00,77.815,77.95,76.6,76.79,118796
2020-10-26 11:30:00,76.89,77.1699,76.7199,76.82,69269
2020-10-26 12:30:00,76.82,76.92,76.33,76.4,196831
2020-10-26 13:30:00,76.35,77.36,76.06,77.325,99402
2020-10-26 14:30:00,77.31,77.4799,77.01,77.33,125693
2020-10-26 15:30:00,77.4,77.59,76.9104,77.3,264025
2020-10-27 09:30:00,77.36,77.75,76.27,76.58,52781
2020-10-27 10:30:00,76.58,77.09,76.58,76.89,58946
2020-10-27 11:30:00,76.93,76.97,76.39,76.39,35874
2020-10-27 12:30:00,76.39,76.39,76.02,76.2,76712
2020-10-27 13:30:00,76.1601,76.6,76.12,76.29,93447
2020-10-27 14:30:00,76.23,76.82,76.07,76.6979,77280
2020-10-27 15:30:00,76.805,76.99,76.56,76.77,139715
2020-11-05 09:30:00,84.69,85.6,83.9,84.9,145299
2020-11-05 10:30:00,84.84,85.605,84.77,85.585,67187
2020-11-05 11:30:00,85.61,85.72,85.08,85.25,72209
2020-11-05 12:30:00,85.2,85.29,84.91,85.23,59401
2020-11-05 13:30:00,85.23,85.45,85.03,85.375,68278
2020-11-05 14:30:00,85.375,85.5,84.57,84.74,113434
2020-11-05 15:30:00,84.74,84.8523,84.27,84.52,192180
2020-11-06 09:30:00,84.53,86.93,84.21,86.83,177005
2020-11-06 10:30:00,86.82,87.14,85.9,85.9,127609
2020-11-06 11:30:00,86.01,86.79,85.9878,86.38,98821
2020-11-06 12:30:00,86.43,87.24,86.29,87.0454,88496
2020-11-06 13:30:00,87.1,87.44,87.02,87.185,104449
2020-11-06 14:30:00,87.17,87.68,86.81,87.58,83209
2020-11-06 15:30:00,87.68,88.0,87.29,87.37,139521
2020-11-09 09:30:00,89.5,90.43,87.9332,89.975,143597
2020-11-09 10:30:00,89.975,90.39,89.08,90.06,126963
2020-11-09 11:30:00,90.0874,90.12,89.06,89.41,129004
2020-11-09 12:30:00,89.41,89.77,88.9705,89.32,106226
2020-11-09 13:30:00,89.3338,89.53,88.76,89.0711,125507
2020-11-09 14:30:00,89.04,89.42,88.605,88.66,129965
2020-11-09 15:30:00,88.6601,88.83,87.84,88.02,229186
2020-11-10 09:30:00,86.92,88.95,85.973,86.11,195331
2020-11-10 10:30:00,86.051,86.395,85.47,85.795,150420
2020-11-10 11:30:00,85.79,86.435,85.56,86.003,51489
2020-11-10 12:30:00,86.02,86.13,85.6,85.89,53974
2020-11-10 13:30:00,85.915,86.41,85.37,85.47,75068
2020-11-10 14:30:00,85.54,86.2,85.54,86.03,95379
2020-11-10 15:30:00,86.05,86.1699,85.68,86.04,179503
2020-11-11 09:30:00,86.97,88.16,86.8942,88.07,60629
2020-11-11 10:30:00,88.08,88.25,87.05,87.255,68100
2020-11-11 11:30:00,87.23,87.52,87.1544,87.1544,65750
2020-11-11 12:30:00,87.18,87.3,86.9,87.095,30769
2020-11-11 13:30:00,87.11,87.33,86.99,87.26,85283
2020-11-11 14:30:00,87.25,87.53,87.1,87.345,55621
2020-11-11 15:30:00,87.29,87.66,87.19,87.62,124669
2020-11-12 09:30:00,87.52,87.92,86.59,86.92,138726
2020-11-12 10:30:00,86.92,87.475,86.91,87.07,66649
2020-11-12 11:30:00,87.02,87.24,86.7,86.744,49068
2020-11-12 12:30:00,86.7,86.71,85.47,85.95,104221
2020-11-12 13:30:00,85.95,86.272,85.66,85.66,54880
2020-11-12 14:30:00,85.655,85.78,84.97,85.0,103608
2020-11-12 15:30:00,85.01,85.21,84.78,85.0,93448
2020-11-13 09:30:00,86.72,87.32,85.9,86.13,75033
2020-11-13 10:30:00,86.07,86.0744,85.3941,85.63,35672
2020-11-13 11:30:00,85.7,85.89,85.5,85.555,23603
2020-11-13 12:30:00,85.585,85.6147,85.14,85.19,36299
2020-11-13 13:30:00,85.14,85.17,84.72,84.91,35906
2020-11-13 14:30:00,84.875,85.185,84.83,84.95,46704
2020-11-13 15:30:00,84.97,85.4399,84.97,85.33,125457
2020-11-16 09:30:00,85.5,86.6619,85.03,86.39,72712
2020-11-16 10:30:00,86.36,87.46,86.31,87.08,66519
2020-11-16 11:30:00,87.04,87.1,86.43,86.48,32120
2020-11-16 12:30:00,86.48,87.75,86.4689,86.95,390751
2020-11-16 13:30:00,86.95,87.19,86.61,86.925,39577
2020-11-16 14:30:00,86.93,87.2793,86.82,87.13,132639
2020-11-16 15:30:00,87.12,87.83,87.1,87.76,121891
2020-11-17 09:30:00,87.73,88.1,86.275,86.48,101681
2020-11-17 10:30:00,86.56,87.4,86.38,87.16,44518
2020-11-17 11:30:00,87.2,88.06,87.17,87.95,36761
2020-11-17 12:30:00,87.935,88.06,87.41,87.49,114469
2020-11-17 13:30:00,87.52,88.01,87.4,87.88,45175
2020-11-17 14:30:00,87.91,88.39,87.81,88.1953,129860
2020-11-17 15:30:00,88.1528,88.31,87.98,88.3,197836
2020-11-18 09:30:00,88.45,89.9,88.45,89.47,185849
2020-11-18 10:30:00,89.46,89.5,89.17,89.4013,156549
2020-11-18 11:30:00,89.4,90.21,89.26,90.08,78440
2020-11-18 12:30:00,90.1995,90.41,90.045,90.19,122011
2020-11-18 13:30:00,90.21,90.25,89.0,89.07,116004
2020-11-18 14:30:00,89.11,89.6199,88.91,89.3734,114593
2020-11-18 15:30:00,89.32,89.43,88.71,88.81,155045
2020-11-19 09:30:00,88.25,89.87,87.9,88.71,48289
2020-11-19 10:30:00,88.78,89.73,88.7093,89.58,52264
2020-11-19 11:30:00,89.57,89.807,89.04,89.3,52947
2020-11-19 12:30:00,89.33,89.39,88.93,89.2804,37406
2020-11-19 13:30:00,89.3,89.56,88.76,89.4,50202
2020-11-19 14:30:00,89.37,89.91,89.36,89.63,63218
2020-11-19 15:30:00,89.64,90.0,89.53,89.99,77916
2020-11-20 09:30:00,90.08,90.8,89.5,90.565,38196
2020-11-20 10:30:00,90.57,90.99,90.38,90.92,44960
2020-11-20 11:30:00,90.9,90.95,90.26,90.45,40995
2020-11-20 12:30:00,90.54,90.65,90.16,90.4,44671
2020-11-20 13:30:00,90.395,90.64,90.2119,90.28,62688
2020-11-20 14:30:00,90.29,90.29,89.45,89.48,48394
2020-11-20 15:30:00,89.4644,89.77,89.11,89.32,128577
2020-11-23 09:30:00,89.565,90.37,89.1024,89.2,65200
2020-11-23 10:30:00,89.11,89.41,88.17,88.88,120946
2020-11-23 11:30:00,88.785,89.435,88.6,88.8,48181
2020-11-23 12:30:00,88.865,89.27,88.67,89.16,34372
2020-11-23 13:30:00,89.125,89.3199,88.63,88.971,51346
2020-11-23 14:30:00,88.98,89.88,88.8528,89.83,38292
2020-11-23 15:30:00,89.83,90.1,89.718,90.02,75517
2020-11-24 09:30:00,90.68,90.97,88.79,89.25,98372
2020-11-24 10:30:00,89.275,90.1279,89.22,89.79,57090
2020-11-24 11:30:00,89.73,90.21,89.6,90.06,49314
2020-11-24 12:30:00,90.1,90.18,89.78,89.84,46653
2020-11-24 13:30:00,89.91,90.18,89.76,89.76,53108
2020-11-24 14:30:00,89.77,90.13,89.71,89.919,83724
2020-11-24 15:30:00,89.9,90.02,89.56,89.99,110600
