bar_start,open,high,low,close,volume
2017-01-09 09:30:00,13.33,13.92,13.25,13.42,66401
2017-01-09 10:30:00,13.5,13.89,13.4,13.7,47359
2017-01-09 11:30:00,13.7199,14.0,13.66,13.9113,54664
2017-01-09 12:30:00,13.888,14.0,13.7,13.81,20636
2017-01-09 13:30:00,13.9699,13.9699,13.72,13.95,20487
2017-01-09 14:30:00,13.975,14.0,13.83,13.898,19377
2017-01-09 15:30:00,13.8999,14.0,13.85,13.99,21626
2017-01-10 09:30:00,14.23,14.25,13.59,13.62,25972
2017-01-10 10:30:00,13.605,13.9055,13.455,13.65,26361
2017-01-10 11:30:00,13.6,13.92,13.51,13.53,23534
2017-01-10 12:30:00,13.53,13.69,13.11,13.145,38610
2017-01-10 13:30:00,13.181,13.47,13.06,13.3063,10549
2017-01-10 14:30:00,13.3468,13.42,13.195,13.36,23048
2017-01-10 15:30:00,13.35,13.75,13.35,13.4,9110
2017-01-11 09:30:00,14.73,14.95,14.07,14.2703,180994
2017-01-11 10:30:00,14.3,14.36,13.85,14.1,77543
2017-01-11 11:30:00,14.0,14.2,13.92,13.92,62395
2017-01-11 12:30:00,13.9781,14.0,13.51,13.71,94368
2017-01-11 13:30:00,13.74,13.9899,13.6,13.77,17076
2017-01-11 14:30:00,13.73,14.11,13.73,13.9399,46196
2017-01-11 15:30:00,13.95,13.95,13.6,13.65,35611
2017-01-12 09:30:00,13.88,14.489,13.4101,13.57,53605
2017-01-12 10:30:00,13.46,13.5,12.72,13.02,119615
2017-01-12 11:30:00,13.0927,14.4,13.0927,14.4,52492
2017-01-12 12:30:00,14.375,14.61,14.3,14.35,64448
2017-01-12 13:30:00,14.37,14.71,14.3,14.51,63357
2017-01-12 14:30:00,14.5,14.52,14.3,14.3,51395
2017-01-12 15:30:00,14.3,14.44,14.3,14.38,35122
2017-01-13 09:30:00,14.38,14.5,14.1,14.27,47917
2017-01-13 10:30:00,14.28,14.3844,14.2,14.33,16475
2017-01-13 11:30:00,14.335,14.47,14.28,14.35,44881
2017-01-13 12:30:00,14.34,14.415,14.21,14.35,57187
2017-01-13 13:30:00,14.3724,14.43,14.31,14.415,6447
2017-01-13 14:30:00,14.37,14.4,14.28,14.28,24331
2017-01-13 15:30:00,14.28,14.31,14.18,14.18,4689
2017-01-17 09:30:00,14.22,14.74,14.0236,14.101,28850
2017-01-17 10:30:00,14.42,14.42,14.13,14.26,14980
2017-01-17 11:30:00,14.26,14.3776,14.11,14.25,5530
2017-01-17 12:30:00,14.26,14.3,14.2,14.24,13526
2017-01-17 13:30:00,14.2552,14.2799,14.22,14.23,7391
2017-01-17 14:30:00,14.23,14.32,14.22,14.28,9625
2017-01-17 15:30:00,14.29,14.35,14.25,14.33,14677
2017-01-23 09:30:00,15.8,16.16,15.51,15.63,60799
2017-01-23 10:30:00,15.63,15.65,15.3,15.49,43576
2017-01-23 11:30:00,15.49,15.89,15.49,15.858,15736
2017-01-23 12:30:00,15.8,15.9,15.59,15.6,3475
2017-01-23 13:30:00,15.57,15.66,15.45,15.46,12184
2017-01-23 14:30:00,15.46,15.51,15.45,15.45,14340
2017-01-23 15:30:00,15.45,15.52,15.45,15.47,11641
2017-01-24 09:30:00,15.9,15.93,15.29,15.7057,15475
2017-01-24 10:30:00,15.6515,15.7,15.41,15.48,30711
2017-01-24 11:30:00,15.54,15.65,15.48,15.48,9917
2017-01-24 12:30:00,15.5315,15.55,15.5,15.55,20704
2017-01-24 13:30:00,15.52,15.57,15.5,15.5599,15883
2017-01-24 14:30:00,15.56,15.81,15.55,15.74,25735
2017-01-24 15:30:00,15.8,15.92,15.71,15.89,29481
2017-01-25 09:30:00,15.95,16.25,15.52,15.8,22756
2017-01-25 10:30:00,15.9,15.91,15.51,15.6834,19594
2017-01-25 11:30:00,15.67,15.86,15.6,15.7,9464
2017-01-25 12:30:00,15.745,15.7712,15.64,15.64,4664
2017-01-25 13:30:00,15.6,15.65,15.56,15.56,4673
2017-01-25 14:30:00,15.6,15.65,15.58,15.6233,8771
2017-01-25 15:30:00,15.6,15.76,15.58,15.65,10609
2017-01-26 09:30:00,15.68,15.75,15.3,15.6122,20427
2017-01-26 10:30:00,15.569,15.61,15.5101,15.59,2743
2017-01-26 11:30:00,15.59,15.62,15.5201,15.62,2518
2017-01-26 12:30:00,15.62,15.62,15.51,15.5201,2540
2017-01-26 13:30:00,15.5318,15.6,15.5201,15.59,8973
2017-01-26 14:30:00,15.5688,15.6,15.54,15.5986,13978
2017-01-26 15:30:00,15.58,15.69,15.49,15.6001,31587
2017-01-27 09:30:00,15.44,15.92,15.19,15.63,21792
2017-01-27 10:30:00,15.73,15.77,15.7,15.7301,12957
2017-01-27 11:30:00,15.76,15.9,15.74,15.8,5427
2017-01-27 12:30:00,15.805,15.92,15.75,15.8,13827
2017-01-27 13:30:00,15.815,15.88,15.731,15.82,18826
2017-01-27 14:30:00,15.82,15.88,15.7907,15.8,4227
2017-01-27 15:30:00,15.8,15.8406,15.72,15.75,23624
2017-01-30 09:30:00,15.8,15.8,14.98,15.2947,59747
2017-01-30 10:30:00,15.31,15.4,15.27,15.32,8127
2017-01-30 11:30:00,15.3238,15.4,15.3,15.4,4486
2017-01-30 12:30:00,15.365,15.74,15.35,15.615,7509
2017-01-30 13:30:00,15.73,15.73,15.6,15.63,2300
2017-01-30 14:30:00,15.63,15.75,15.63,15.63,3223
2017-01-30 15:30:00,15.6335,15.74,15.6335,15.6892,3489
2017-01-31 09:30:00,15.75,15.77,15.5,15.6,9211
2017-01-31 10:30:00,15.62,15.7,15.62,15.68,941
2017-01-31 11:30:00,15.68,15.69,15.59,15.62,5355
2017-01-31 12:30:00,15.67,15.67,15.02,15.3063,44077
2017-01-31 13:30:00,15.37,15.47,15.17,15.25,33615
2017-01-31 14:30:00,15.256,15.35,15.15,15.35,42090
2017-01-31 15:30:00,15.38,15.47,15.26,15.43,23421
2017-02-10 09:30:00,17.75,17.8,16.58,16.93,274699
2017-02-10 10:30:00,16.92,17.1,16.81,17.1,73253
2017-02-10 11:30:00,17.1,17.4,17.02,17.18,47548
2017-02-10 12:30:00,17.1857,17.3,16.97,17.13,24467
2017-02-10 13:30:00,17.17,17.2,17.06,17.15,49049
2017-02-10 14:30:00,17.11,17.2,16.93,17.092,55138
2017-02-10 15:30:00,17.14,17.14,16.88,17.06,51927
2017-02-13 09:30:00,17.35,17.35,16.82,16.9309,57112
2017-02-13 10:30:00,16.9375,17.0,16.55,16.67,110264
2017-02-13 11:30:00,16.67,17.08,16.62,16.79,42995
2017-02-13 12:30:00,16.83,16.85,16.6,16.61,66990
2017-02-13 13:30:00,16.62,16.68,16.46,16.6,30434
2017-02-13 14:30:00,16.58,16.62,16.36,16.57,77261
2017-02-13 15:30:00,16.57,16.57,16.35,16.36,46937
2017-02-14 09:30:00,16.41,17.1,16.4001,17.035,128469
2017-02-14 10:30:00,16.94,17.04,16.7259,16.855,34977
2017-02-14 11:30:00,16.855,16.94,16.62,16.76,34293
2017-02-14 12:30:00,16.76,16.8,16.715,16.75,28598
2017-02-14 13:30:00,16.765,16.93,16.765,16.85,14469
2017-02-14 14:30:00,16.85,16.91,16.75,16.85,19107
2017-02-14 15:30:00,16.915,16.94,16.76,16.8,34147
2017-02-15 09:30:00,16.88,17.3846,16.88,17.099,26378
2017-02-15 10:30:00,17.095,17.1,17.0,17.05,22690
2017-02-15 11:30:00,17.055,17.09,16.676,17.085,17734
2017-02-15 12:30:00,17.01,17.08,16.84,16.86,6638
2017-02-15 13:30:00,17.0436,17.07,16.93,17.045,30075
2017-02-15 14:30:00,17.04,17.36,17.0,17.2501,30812
2017-02-15 15:30:00,17.3085,17.33,17.24,17.28,29441
2017-02-16 09:30:00,17.39,17.49,17.01,17.26,30627
2017-02-16 10:30:00,17.285,17.44,17.24,17.425,32729
2017-02-16 11:30:00,17.425,17.4652,17.425,17.465,9909
2017-02-16 12:30:00,17.45,17.49,17.385,17.45,9487
2017-02-16 13:30:00,17.425,17.44,17.3601,17.41,6700
2017-02-16 14:30:00,17.44,17.45,17.25,17.25,16050
2017-02-16 15:30:00,17.25,17.3,17.04,17.13,26971
2017-02-17 09:30:00,17.1,17.4499,17.1,17.15,12117
2017-02-17 10:30:00,17.165,17.25,17.06,17.19,32396
2017-02-17 11:30:00,17.2,17.34,17.06,17.1,16280
2017-02-17 12:30:00,17.0972,17.3,17.06,17.25,21895
2017-02-17 13:30:00,17.24,17.25,17.07,17.07,8106
2017-02-17 14:30:00,17.0786,17.17,17.06,17.14,25005
2017-02-17 15:30:00,17.13,17.29,17.09,17.27,21304
2017-04-10 09:30:00,19.44,19.81,18.77,18.77,34629
2017-04-10 10:30:00,18.77,18.93,18.59,18.65,31919
2017-04-10 11:30:00,18.7192,18.74,18.41,18.41,24357
2017-04-10 12:30:00,18.47,18.65,18.41,18.63,17330
2017-04-10 13:30:00,18.64,18.65,18.47,18.575,19567
2017-04-10 14:30:00,18.6,18.65,18.56,18.64,15188
2017-04-10 15:30:00,18.63,18.64,18.54,18.56,15566
2017-04-11 09:30:00,18.68,18.92,18.35,18.35,11569
2017-04-11 10:30:00,18.33,18.3684,17.98,18.13,46038
2017-04-11 11:30:00,18.13,18.34,18.11,18.31,6018
2017-04-11 12:30:00,18.33,18.53,18.32,18.4964,5472
2017-04-11 13:30:00,18.49,18.49,18.39,18.39,9838
2017-04-11 14:30:00,18.42,18.42,18.3,18.4,16427
2017-04-11 15:30:00,18.4,18.46,18.29,18.34,31334
2017-04-12 09:30:00,18.49,18.55,18.0,18.1862,25108
2017-04-12 10:30:00,18.18,18.28,17.99,18.18,11545
2017-04-12 11:30:00,18.18,18.18,17.98,18.09,19405
2017-04-12 12:30:00,18.12,18.19,18.0,18.06,6025
2017-04-12 13:30:00,18.0201,18.1,17.81,17.9428,30657
2017-04-12 14:30:00,18.01,18.09,18.0,18.0371,10535
2017-04-12 15:30:00,18.02,18.07,18.0,18.02,14784
2017-04-13 09:30:00,18.04,18.2375,17.81,17.84,8931
2017-04-13 10:30:00,17.82,18.06,17.81,17.87,15381
2017-04-13 11:30:00,17.91,17.91,17.78,17.78,6897
2017-04-13 12:30:00,17.82,17.86,17.58,17.6,36406
2017-04-13 13:30:00,17.62,17.67,17.34,17.44,44389
2017-04-13 14:30:00,17.4401,17.58,17.44,17.4692,18166
2017-04-13 15:30:00,17.47,17.49,17.11,17.15,64908
2017-04-17 09:30:00,17.08,17.3,16.82,17.27,26389
2017-04-17 10:30:00,17.27,17.3,17.2301,17.2727,19702
2017-04-17 11:30:00,17.29,17.3,17.13,17.2295,17173
2017-04-17 12:30:00,17.2203,17.28,16.98,17.07,23343
2017-04-17 13:30:00,17.07,17.09,17.03,17.03,8229
2017-04-17 14:30:00,17.05,17.06,16.98,17.05,9935
2017-04-17 15:30:00,17.0429,17.25,17.0429,17.19,21516
2017-04-18 09:30:00,17.0,17.2844,17.0,17.2,5737
2017-04-18 10:30:00,17.17,17.41,17.17,17.41,3129
2017-04-18 11:30:00,17.41,17.44,17.27,17.36,7500
2017-04-18 12:30:00,17.36,17.4,17.3,17.324,5968
2017-04-18 13:30:00,17.315,17.34,17.29,17.3,13152
2017-04-18 14:30:00,17.34,17.3725,17.23,17.3725,12269
2017-04-18 15:30:00,17.38,17.48,17.38,17.46,19270
2017-04-24 09:30:00,18.53,18.73,18.05,18.69,16290
2017-04-24 10:30:00,18.59,18.64,18.26,18.32,12195
2017-04-24 11:30:00,18.33,18.48,18.22,18.24,8114
2017-04-24 12:30:00,18.3,18.32,18.0716,18.32,6778
2017-04-24 13:30:00,18.32,18.65,18.3,18.54,6942
2017-04-24 14:30:00,18.58,18.66,18.55,18.62,17874
2017-04-24 15:30:00,18.62,18.99,18.5901,18.93,52171
2017-04-25 09:30:00,19.5,20.03,19.0838,19.8994,161406
2017-04-25 10:30:00,19.89,20.46,19.846,20.43,85700
2017-04-25 11:30:00,20.43,20.86,20.3787,20.74,95727
2017-04-25 12:30:00,20.7,20.86,20.65,20.7,81670
2017-04-25 13:30:00,20.6999,20.84,20.6752,20.815,57502
2017-04-25 14:30:00,20.7999,21.45,20.79,21.13,132685
2017-04-25 15:30:00,21.13,21.18,20.73,20.9,111463
2017-04-26 09:30:00,21.05,21.4,20.5,20.58,73813
2017-04-26 10:30:00,20.58,20.75,20.1901,20.5,54817
2017-04-26 11:30:00,20.44,20.47,20.0801,20.25,31035
2017-04-26 12:30:00,20.25,20.49,20.21,20.42,28405
2017-04-26 13:30:00,20.43,20.47,20.3,20.36,14987
2017-04-26 14:30:00,20.32,20.44,20.17,20.25,25116
2017-04-26 15:30:00,20.24,20.45,20.14,20.39,80879
2017-04-27 09:30:00,20.0,20.175,18.7,19.24,1952675
2017-04-27 10:30:00,19.2101,19.4,19.1,19.3,253249
2017-04-27 11:30:00,19.3,19.4,18.76,19.25,285672
2017-04-27 12:30:00,19.26,19.37,19.1,19.23,174197
2017-04-27 13:30:00,19.24,19.28,19.0,19.15,169986
2017-04-27 14:30:00,19.15,19.33,19.1,19.3172,290873
2017-04-27 15:30:00,19.32,19.44,19.26,19.39,1040871
2017-04-28 09:30:00,19.5,19.82,19.4,19.5603,392108
2017-04-28 10:30:00,19.56,19.59,19.4,19.4702,181005
2017-04-28 11:30:00,19.46,19.5,19.4,19.46,37926
2017-04-28 12:30:00,19.445,19.5,19.39,19.455,79316
2017-04-28 13:30:00,19.46,19.48,19.39,19.4358,55288
2017-04-28 14:30:00,19.42,19.54,19.39,19.46,103069
2017-04-28 15:30:00,19.45,19.5,19.3,19.4,293307
2017-05-01 09:30:00,19.68,19.74,19.23,19.54,153090
2017-05-01 10:30:00,19.525,19.58,19.4,19.56,82494
2017-05-01 11:30:00,19.55,19.61,19.49,19.54,178485
2017-05-01 12:30:00,19.55,19.56,19.49,19.515,57160
2017-05-01 13:30:00,19.51,19.54,19.415,19.52,48646
2017-05-01 14:30:00,19.51,19.55,19.45,19.495,186505
2017-05-01 15:30:00,19.495,19.69,19.46,19.55,158288
2017-05-02 09:30:00,19.73,19.89,19.32,19.8601,115454
2017-05-02 10:30:00,19.8301,20.13,19.67,19.75,117332
2017-05-02 11:30:00,19.75,19.94,19.57,19.86,56211
2017-05-02 12:30:00,19.86,19.9,19.63,19.67,47399
2017-05-02 13:30:00,19.69,19.83,19.58,19.81,64404
2017-05-02 14:30:00,19.81,19.83,19.58,19.68,67859
2017-05-02 15:30:00,19.65,19.75,19.59,19.71,84560
2017-05-15 09:30:00,20.5,20.98,20.26,20.57,214574
2017-05-15 10:30:00,20.57,20.69,20.46,20.55,83418
2017-05-15 11:30:00,20.516,20.5699,20.23,20.335,95625
2017-05-15 12:30:00,20.35,20.58,20.25,20.46,96535
2017-05-15 13:30:00,20.46,20.55,20.27,20.3,59478
2017-05-15 14:30:00,20.27,20.34,20.05,20.2441,54063
2017-05-15 15:30:00,20.22,20.3,20.2,20.26,102129
2017-05-16 09:30:00,20.26,20.819,19.37,19.715,101782
2017-05-16 10:30:00,19.715,20.06,19.6,19.991,49569
2017-05-16 11:30:00,20.0,20.38,19.91,20.25,32005
2017-05-16 12:30:00,20.25,20.41,20.24,20.33,38215
2017-05-16 13:30:00,20.39,20.41,20.22,20.22,54529
2017-05-16 14:30:00,20.23,20.29,19.93,19.985,33572
2017-05-16 15:30:00,19.99,20.05,19.96,19.99,58907
2017-05-17 09:30:00,19.55,20.02,19.5,19.76,49489
2017-05-17 10:30:00,19.77,20.05,19.76,19.805,85565
2017-05-17 11:30:00,19.788,20.02,19.77,19.9101,41060
2017-05-17 12:30:00,19.91,20.0,19.81,19.92,42256
2017-05-17 13:30:00,19.92,19.97,19.69,19.77,85260
2017-05-17 14:30:00,19.75,19.91,19.72,19.8525,111869
2017-05-17 15:30:00,19.85,19.89,19.73,19.74,85843
2017-05-18 09:30:00,19.59,19.75,19.4925,19.7,82993
2017-05-18 10:30:00,19.7,19.93,19.69,19.92,40063
2017-05-18 11:30:00,19.915,20.01,19.85,19.93,53813
2017-05-18 12:30:00,19.93,19.9599,19.9151,19.95,36048
2017-05-18 13:30:00,19.96,19.96,19.84,19.87,30004
2017-05-18 14:30:00,19.875,19.8799,19.7,19.73,70276
2017-05-18 15:30:00,19.73,19.81,19.72,19.75,209852
2017-05-19 09:30:00,19.94,20.5,19.79,20.38,144378
2017-05-19 10:30:00,20.4,20.4,20.05,20.16,74499
2017-05-19 11:30:00,20.15,20.229,20.04,20.205,84764
2017-05-19 12:30:00,20.2,20.2,19.86,20.1502,49706
2017-05-19 13:30:00,20.15,20.39,20.14,20.24,26883
2017-05-19 14:30:00,20.27,20.38,20.22,20.29,27614
2017-05-19 15:30:00,20.29,20.38,20.28,20.34,81473
2017-05-22 09:30:00,20.85,21.0,20.551,20.72,108163
2017-05-22 10:30:00,20.74,21.72,20.73,21.5658,365770
2017-05-22 11:30:00,21.55,21.8,21.34,21.36,240051
2017-05-22 12:30:00,21.36,21.58,21.05,21.5085,128488
2017-05-22 13:30:00,21.5147,22.0,21.32,21.8798,175968
2017-05-22 14:30:00,21.9097,22.12,21.712,22.0516,141345
2017-05-22 15:30:00,22.06,22.4,21.8647,22.38,193533
2017-05-23 09:30:00,22.53,22.56,21.7,22.0699,239852
2017-05-23 10:30:00,22.06,22.95,21.82,22.83,200518
2017-05-23 11:30:00,22.822,23.9,22.78,23.54,506048
2017-05-23 12:30:00,23.5,23.6,22.88,23.26,173201
2017-05-23 13:30:00,23.19,23.3199,22.64,23.0,133351
2017-05-23 14:30:00,23.0,23.78,22.79,23.2715,204089
2017-05-23 15:30:00,23.2668,23.28,22.93,23.16,184388
2017-07-10 09:30:00,20.21,20.7,20.0621,20.31,136717
2017-07-10 10:30:00,20.31,20.76,20.23,20.5749,65162
2017-07-10 11:30:00,20.56,20.91,20.54,20.91,91063
2017-07-10 12:30:00,20.9059,21.25,20.9059,21.1,107832
2017-07-10 13:30:00,21.09,21.3,21.08,21.175,63602
2017-07-10 14:30:00,21.175,21.25,21.04,21.1542,96188
2017-07-10 15:30:00,21.17,21.19,21.05,21.13,88323
2017-07-11 09:30:00,21.12,21.7,20.8984,21.51,121777
2017-07-11 10:30:00,21.53,21.67,20.88,21.0904,102831
2017-07-11 11:30:00,21.01,21.16,20.5501,20.7124,189060
2017-07-11 12:30:00,20.7472,20.8399,20.51,20.65,87673
2017-07-11 13:30:00,20.5552,20.91,20.54,20.73,44527
2017-07-11 14:30:00,20.73,20.935,20.7,20.87,92278
2017-07-11 15:30:00,20.8626,20.9387,20.76,20.8,112657
2017-07-12 09:30:00,21.32,21.45,20.9014,21.35,151277
2017-07-12 10:30:00,21.35,21.44,21.16,21.29,142615
2017-07-12 11:30:00,21.285,21.35,21.14,21.26,81472
2017-07-12 12:30:00,21.2401,21.3,21.2,21.2299,59621
2017-07-12 13:30:00,21.2,21.35,21.16,21.24,58762
2017-07-12 14:30:00,21.24,21.27,21.1278,21.18,74554
2017-07-12 15:30:00,21.18,21.37,21.18,21.28,89478
2017-07-13 09:30:00,21.31,21.51,21.15,21.15,81777
2017-07-13 10:30:00,21.1641,21.53,21.14,21.5,100674
2017-07-13 11:30:00,21.5,22.25,21.38,22.0702,117612
2017-07-13 12:30:00,22.0348,22.19,21.97,22.11,102486
2017-07-13 13:30:00,22.12,22.12,21.5101,21.53,83319
2017-07-13 14:30:00,21.55,21.55,21.3201,21.43,93555
2017-07-13 15:30:00,21.42,21.59,21.41,21.52,65160
2017-07-14 09:30:00,21.6,21.72,21.25,21.4094,81839
2017-07-14 10:30:00,21.39,21.5399,21.31,21.462,45706
2017-07-14 11:30:00,21.46,21.49,21.35,21.47,29086
2017-07-14 12:30:00,21.4601,21.49,21.3972,21.4799,30222
2017-07-14 13:30:00,21.48,21.74,21.44,21.63,46651
2017-07-14 14:30:00,21.63,21.72,21.44,21.72,39164
2017-07-14 15:30:00,21.7,21.7,21.63,21.66,43720
2017-07-17 09:30:00,21.76,22.15,21.4,22.04,102982
2017-07-17 10:30:00,22.03,22.0865,21.81,22.0766,45790
2017-07-17 11:30:00,22.0937,22.0937,21.85,22.03,20049
2017-07-17 12:30:00,22.02,22.25,22.009,22.25,40370
2017-07-17 13:30:00,22.2645,22.4,22.23,22.25,49932
2017-07-17 14:30:00,22.2565,22.2599,22.09,22.14,74194
2017-07-17 15:30:00,22.14,22.228,22.07,22.11,89563
2017-07-18 09:30:00,22.28,22.68,22.0,22.6,95251
2017-07-18 10:30:00,22.61,22.85,22.19,22.79,123901
2017-07-18 11:30:00,22.79,22.79,22.54,22.58,43100
2017-07-18 12:30:00,22.6,22.83,22.55,22.7,67795
2017-07-18 13:30:00,22.7,22.85,22.6601,22.76,90142
2017-07-18 14:30:00,22.76,22.81,22.55,22.6384,45104
2017-07-18 15:30:00,22.63,22.78,22.62,22.78,72866
2017-07-24 09:30:00,22.82,23.41,22.615,23.32,94584
2017-07-24 10:30:00,23.32,23.34,22.9,22.95,76537
2017-07-24 11:30:00,22.9282,23.2768,22.9282,23.2463,32717
2017-07-24 12:30:00,23.29,23.43,23.151,23.26,36497
2017-07-24 13:30:00,23.26,23.34,23.07,23.1601,42529
2017-07-24 14:30:00,23.16,23.37,23.16,23.2911,18538
2017-07-24 15:30:00,23.3068,23.41,23.2595,23.3,79035
2017-07-25 09:30:00,23.35,23.4,23.0,23.0562,49445
2017-07-25 10:30:00,23.0467,23.0531,22.74,22.891,62771
2017-07-25 11:30:00,22.9257,23.0169,22.62,22.7372,65441
2017-07-25 12:30:00,22.7901,22.89,22.7486,22.81,18990
2017-07-25 13:30:00,22.85,23.16,22.8,23.02,25590
2017-07-25 14:30:00,23.02,23.08,22.9,22.95,25292
2017-07-25 15:30:00,22.97,23.02,22.92,22.94,41799
2017-07-26 09:30:00,23.06,23.4,22.901,23.2483,52465
2017-07-26 10:30:00,23.26,23.45,23.21,23.3,41399
2017-07-26 11:30:00,23.3,23.36,23.22,23.32,37420
2017-07-26 12:30:00,23.314,23.35,23.25,23.28,26325
2017-07-26 13:30:00,23.2801,23.57,23.28,23.4,62632
2017-07-26 14:30:00,23.405,23.4212,23.25,23.31,34487
2017-07-26 15:30:00,23.33,23.42,23.27,23.38,70018
2017-07-27 09:30:00,23.7,23.86,22.87,23.0412,135209
2017-07-27 10:30:00,23.0179,23.3,22.96,23.23,29037
2017-07-27 11:30:00,23.21,23.21,22.9621,23.059,26801
2017-07-27 12:30:00,23.02,23.02,21.28,21.2999,266190
2017-07-27 13:30:00,21.3114,21.77,21.041,21.65,185723
2017-07-27 14:30:00,21.69,21.87,21.65,21.75,103118
2017-07-27 15:30:00,21.75,21.7799,21.46,21.49,260416
2017-07-28 09:30:00,22.49,23.25,21.49,23.05,325991
2017-07-28 10:30:00,23.057,23.08,22.29,22.38,103931
2017-07-28 11:30:00,22.38,22.38,21.911,21.94,76242
2017-07-28 12:30:00,21.92,22.53,21.81,22.44,86648
2017-07-28 13:30:00,22.4432,22.81,22.44,22.75,37097
2017-07-28 14:30:00,22.75,22.92,22.65,22.86,58693
2017-07-28 15:30:00,22.85,23.07,22.85,23.01,107918
2017-07-31 09:30:00,23.37,23.48,23.0,23.31,141574
2017-07-31 10:30:00,23.27,23.68,23.1701,23.4,86212
2017-07-31 11:30:00,23.41,23.5,23.0747,23.34,19242
2017-07-31 12:30:00,23.33,23.54,23.2444,23.43,44959
2017-07-31 13:30:00,23.4199,23.4199,23.22,23.22,27933
2017-07-31 14:30:00,23.22,23.35,23.12,23.2065,76712
2017-07-31 15:30:00,23.15,23.17,22.91,22.99,69536
2017-08-01 09:30:00,21.51,21.99,20.31,20.39,782227
2017-08-01 10:30:00,20.38,21.3,20.11,21.1495,410053
2017-08-01 11:30:00,21.1101,21.1101,20.71,20.77,145480
2017-08-01 12:30:00,20.7968,20.7968,20.48,20.74,113279
2017-08-01 13:30:00,20.74,20.77,20.61,20.73,88655
2017-08-01 14:30:00,20.7,20.7,20.61,20.68,99971
2017-08-01 15:30:00,20.68,20.75,20.66,20.67,118367
2017-08-14 09:30:00,19.65,19.8876,19.21,19.44,231042
2017-08-14 10:30:00,19.4,19.44,19.25,19.405,113198
2017-08-14 11:30:00,19.41,19.41,19.3,19.31,105424
2017-08-14 12:30:00,19.281,19.5395,19.21,19.49,155104
2017-08-14 13:30:00,19.49,19.6,19.3647,19.4,78390
2017-08-14 14:30:00,19.43,19.54,19.3726,19.54,114857
2017-08-14 15:30:00,19.54,19.76,19.4838,19.59,164474
2017-08-15 09:30:00,19.88,20.0261,19.61,19.97,196361
2017-08-15 10:30:00,19.96,20.03,19.75,19.825,101239
2017-08-15 11:30:00,19.83,20.16,19.75,20.1296,118995
2017-08-15 12:30:00,20.14,20.275,20.0287,20.08,88492
2017-08-15 13:30:00,20.0718,20.095,19.78,19.83,59003
2017-08-15 14:30:00,19.83,19.93,19.75,19.8279,66834
2017-08-15 15:30:00,19.82,19.86,19.75,19.75,88807
2017-08-16 09:30:00,19.79,19.93,19.51,19.71,80969
2017-08-16 10:30:00,19.72,19.92,19.72,19.8076,38654
2017-08-16 11:30:00,19.7906,19.98,19.73,19.98,80067
2017-08-16 12:30:00,19.99,20.02,19.86,19.87,62169
2017-08-16 13:30:00,19.8899,19.91,19.72,19.77,24901
2017-08-16 14:30:00,19.78,19.9147,19.69,19.82,42573
2017-08-16 15:30:00,19.815,19.85,19.76,19.8,93883
2017-08-17 09:30:00,19.78,19.87,19.26,19.55,83705
2017-08-17 10:30:00,19.59,19.65,19.5,19.54,77459
2017-08-17 11:30:00,19.5404,19.62,19.1517,19.21,67314
2017-08-17 12:30:00,19.2,19.44,19.18,19.246,46957
2017-08-17 13:30:00,19.25,19.43,19.24,19.42,57104
2017-08-17 14:30:00,19.39,19.44,19.25,19.28,35632
2017-08-17 15:30:00,19.29,19.31,19.05,19.09,88650
2017-08-18 09:30:00,19.07,20.05,19.07,19.83,310797
2017-08-18 10:30:00,19.83,20.23,19.77,20.23,107038
2017-08-18 11:30:00,20.215,20.32,20.14,20.25,99287
2017-08-18 12:30:00,20.19,20.28,20.02,20.24,66766
2017-08-18 13:30:00,20.219,20.31,20.04,20.04,66825
2017-08-18 14:30:00,20.085,20.23,20.02,20.23,49460
2017-08-18 15:30:00,20.24,20.51,20.2144,20.37,119249
2017-08-21 09:30:00,20.3,20.485,19.46,19.5539,127354
2017-08-21 10:30:00,19.51,19.6,19.1642,19.44,87368
2017-08-21 11:30:00,19.41,19.51,19.255,19.3,76868
2017-08-21 12:30:00,19.3,19.38,19.2,19.28,39564
2017-08-21 13:30:00,19.26,19.34,19.21,19.31,28636
2017-08-21 14:30:00,19.28,19.39,19.18,19.22,36799
2017-08-21 15:30:00,19.2,19.34,19.2,19.31,69282
2017-08-22 09:30:00,19.35,19.64,19.21,19.58,84039
2017-08-22 10:30:00,19.6194,19.79,19.4849,19.66,28962
2017-08-22 11:30:00,19.65,19.8,19.61,19.65,30798
2017-08-22 12:30:00,19.7032,19.78,19.5201,19.6675,22766
2017-08-22 13:30:00,19.7054,19.81,19.62,19.77,28518
2017-08-22 14:30:00,19.77,19.83,19.6802,19.6802,48360
2017-08-22 15:30:00,19.69,19.76,19.69,19.76,83810
2017-09-20 09:30:00,25.1,25.1,24.6723,24.91,48633
2017-09-20 10:30:00,24.9283,24.99,24.1,24.25,100929
2017-09-20 11:30:00,24.2421,24.3746,24.22,24.31,25479
2017-09-20 12:30:00,24.3595,24.38,24.28,24.32,33603
2017-09-20 13:30:00,24.32,24.5226,24.2639,24.2639,49920
2017-09-20 14:30:00,24.285,24.65,24.27,24.6,36719
2017-09-20 15:30:00,24.581,24.74,24.58,24.73,40630
2017-09-21 09:30:00,24.73,24.74,23.44,23.5,156982
2017-09-21 10:30:00,23.5,24.0899,23.48,23.98,63859
2017-09-21 11:30:00,24.039,24.36,23.9,24.33,34441
2017-09-21 12:30:00,24.29,24.29,23.82,24.18,46150
2017-09-21 13:30:00,24.15,24.23,24.1,24.17,25347
2017-09-21 14:30:00,24.17,24.17,24.02,24.0837,16144
2017-09-21 15:30:00,24.0964,24.13,23.9,23.91,71095
2017-09-22 09:30:00,23.62,24.11,23.5,24.0,41747
2017-09-22 10:30:00,24.04,24.265,23.97,24.2599,23085
2017-09-22 11:30:00,24.225,24.45,24.19,24.3663,27205
2017-09-22 12:30:00,24.37,24.6,24.3593,24.5,25104
2017-09-22 13:30:00,24.5,24.62,24.48,24.61,29579
2017-09-22 14:30:00,24.65,24.86,24.59,24.73,53228
2017-09-22 15:30:00,24.7304,24.76,24.63,24.69,35426
2017-09-25 09:30:00,24.84,24.85,24.2,24.81,83925
2017-09-25 10:30:00,24.84,24.84,23.83,24.19,67331
2017-09-25 11:30:00,24.21,24.26,23.83,23.85,39069
2017-09-25 12:30:00,23.89,24.0,23.78,23.9298,50162
2017-09-25 13:30:00,23.92,23.93,23.61,23.75,65588
2017-09-25 14:30:00,23.75,23.75,23.0,23.685,114786
2017-09-25 15:30:00,23.69,23.77,23.62,23.73,43588
2017-09-26 09:30:00,23.89,24.35,23.74,24.0369,55446
2017-09-26 10:30:00,24.03,24.23,23.63,23.6463,119952
2017-09-26 11:30:00,23.66,23.7224,23.35,23.59,138422
2017-09-26 12:30:00,23.65,24.0,23.56,23.97,32052
2017-09-26 13:30:00,23.99,24.06,23.74,23.8148,29081
2017-09-26 14:30:00,23.8,23.99,23.705,23.95,48587
2017-09-26 15:30:00,23.925,23.95,23.7,23.76,65807
2017-09-27 09:30:00,24.32,24.86,24.05,24.83,157090
2017-09-27 10:30:00,24.86,25.125,24.73,25.08,82167
2017-09-27 11:30:00,25.08,25.5,25.04,25.31,135109
2017-09-27 12:30:00,25.3218,25.74,25.29,25.59,108429
2017-09-27 13:30:00,25.59,25.88,25.57,25.8399,131367
2017-09-27 14:30:00,25.8575,25.8575,25.31,25.6836,140626
2017-09-27 15:30:00,25.67,25.88,25.52,25.59,127202
2017-09-28 09:30:00,25.71,26.1,25.54,25.915,210326
2017-09-28 10:30:00,25.92,26.71,25.8659,26.6607,147103
2017-09-28 11:30:00,26.7,26.95,26.47,26.87,103959
2017-09-28 12:30:00,26.91,27.208,26.81,26.95,116241
2017-09-28 13:30:00,26.97,27.15,26.64,26.64,70161
2017-09-28 14:30:00,26.69,26.7421,26.4001,26.49,85986
2017-09-28 15:30:00,26.5,26.75,26.47,26.74,67197
2017-10-16 09:30:00,33.61,33.94,32.76,33.04,310368
2017-10-16 10:30:00,33.0641,33.5392,32.75,33.51,173663
2017-10-16 11:30:00,33.49,33.49,32.87,33.034,174588
2017-10-16 12:30:00,33.07,33.1949,32.88,33.1783,99139
2017-10-16 13:30:00,33.164,33.164,32.8956,32.95,81519
2017-10-16 14:30:00,32.935,32.98,32.85,32.91,81280
2017-10-16 15:30:00,32.92,33.0767,32.85,32.9,102286
2017-10-17 09:30:00,32.76,33.27,32.68,32.9,122262
2017-10-17 10:30:00,32.92,33.28,32.73,33.0524,84062
2017-10-17 11:30:00,33.06,33.12,32.9,32.98,56275
2017-10-17 12:30:00,32.98,33.3,32.94,33.21,66815
2017-10-17 13:30:00,33.22,33.28,32.97,33.12,78266
2017-10-17 14:30:00,33.1937,33.25,32.9,32.91,82160
2017-10-17 15:30:00,32.93,33.17,32.9,33.12,138263
2017-10-18 09:30:00,33.84,34.7,33.2925,33.49,318357
2017-10-18 10:30:00,33.49,33.79,32.78,33.02,168470
2017-10-18 11:30:00,33.0867,33.46,32.98,33.3528,92126
2017-10-18 12:30:00,33.32,33.8,33.32,33.6386,53435
2017-10-18 13:30:00,33.5849,33.78,33.5849,33.7,46658
2017-10-18 14:30:00,33.6627,34.24,33.61,34.195,98419
2017-10-18 15:30:00,34.21,34.25,34.0464,34.115,82312
2017-10-19 09:30:00,33.3,33.3,30.6,32.6201,585377
2017-10-19 10:30:00,32.5901,33.9,32.5501,33.1797,159227
2017-10-19 11:30:00,33.175,33.39,32.8,32.92,61089
2017-10-19 12:30:00,32.915,33.16,32.41,33.08,74292
2017-10-19 13:30:00,33.02,33.34,32.96,33.18,120151
2017-10-19 14:30:00,33.15,33.489,33.1401,33.28,93796
2017-10-19 15:30:00,33.28,33.45,33.19,33.35,89061
2017-10-20 09:30:00,33.94,35.18,33.78,34.2148,291366
2017-10-20 10:30:00,34.28,34.8,34.081,34.66,115160
2017-10-20 11:30:00,34.7,35.52,34.69,35.42,138457
2017-10-20 12:30:00,35.4096,35.429,34.6,34.65,86036
2017-10-20 13:30:00,34.72,34.8,34.551,34.59,53025
2017-10-20 14:30:00,34.6629,34.6629,33.8,33.83,92831
2017-10-20 15:30:00,33.83,34.0,33.76,33.86,102286
2017-10-23 09:30:00,34.5,35.4799,34.0,35.1629,284737
2017-10-23 10:30:00,35.17,35.5,34.58,34.836,199363
2017-10-23 11:30:00,34.859,35.18,34.545,34.98,79242
2017-10-23 12:30:00,34.9591,35.0343,34.765,34.8,59316
2017-10-23 13:30:00,34.8,34.81,34.321,34.55,83006
2017-10-23 14:30:00,34.5496,34.68,34.4,34.4,73844
2017-10-23 15:30:00,34.41,34.45,34.25,34.29,114218
2017-10-24 09:30:00,34.7,35.0,34.321,34.66,201342
2017-10-24 10:30:00,34.68,34.78,34.22,34.3,187399
2017-10-24 11:30:00,34.32,34.45,34.23,34.2674,115202
2017-10-24 12:30:00,34.23,34.2747,33.87,33.97,89397
2017-10-24 13:30:00,33.93,34.21,33.41,33.7,108196
2017-10-24 14:30:00,33.7171,33.95,33.29,33.34,131565
2017-10-24 15:30:00,33.39,33.41,33.2719,33.36,170063
2017-10-25 09:30:00,33.25,33.7,31.25,32.9468,415316
2017-10-25 10:30:00,32.92,32.99,31.51,31.756,203660
2017-10-25 11:30:00,31.819,31.9882,31.3,31.34,203562
2017-10-25 12:30:00,31.409,32.3,31.131,31.74,157985
2017-10-25 13:30:00,31.83,31.8698,31.52,31.8698,162937
2017-10-25 14:30:00,31.85,32.16,31.79,32.0,166684
2017-10-25 15:30:00,32.01,32.05,31.91,32.05,156202
2017-10-26 09:30:00,31.91,32.13,30.54,31.5,332210
2017-10-26 10:30:00,31.442,32.44,31.38,32.1,193808
2017-10-26 11:30:00,32.07,32.09,31.68,31.78,53883
2017-10-26 12:30:00,31.76,31.76,31.181,31.37,134505
2017-10-26 13:30:00,31.325,31.56,31.16,31.438,49136
2017-10-26 14:30:00,31.38,31.42,31.11,31.19,97113
2017-10-26 15:30:00,31.18,31.36,31.17,31.2,120384
2017-10-27 09:30:00,31.55,31.75,30.8601,30.9399,120975
2017-10-27 10:30:00,30.92,30.95,29.27,29.7866,477011
2017-10-27 11:30:00,29.85,31.0,29.8101,30.81,122352
2017-10-27 12:30:00,30.94,30.96,30.27,30.72,72905
2017-10-27 13:30:00,30.67,31.3,30.6055,31.2399,91848
2017-10-27 14:30:00,31.24,31.29,31.0,31.17,104256
2017-10-27 15:30:00,31.1852,31.21,31.03,31.07,87261
2017-10-30 09:30:00,30.79,31.74,30.63,30.78,132748
2017-10-30 10:30:00,30.8131,31.13,30.6,30.9647,88540
2017-10-30 11:30:00,30.93,31.02,30.4001,30.672,44121
2017-10-30 12:30:00,30.665,30.99,30.57,30.87,52266
2017-10-30 13:30:00,30.84,30.99,30.5,30.915,74761
2017-10-30 14:30:00,30.88,31.25,30.8,31.045,66608
2017-10-30 15:30:00,31.06,31.09,30.75,30.94,77501
2017-10-31 09:30:00,31.0,31.94,30.7508,31.81,126123
2017-10-31 10:30:00,31.7985,32.25,31.77,31.7862,155701
2017-10-31 11:30:00,31.7596,32.1,31.7201,31.85,66411
2017-10-31 12:30:00,31.8648,32.08,31.64,31.6401,51834
2017-10-31 13:30:00,31.6501,31.6895,31.35,31.3872,66744
2017-10-31 14:30:00,31.39,31.5,31.14,31.24,52633
2017-10-31 15:30:00,31.24,31.36,31.19,31.2,105456
2017-11-13 09:30:00,27.52,27.9,26.06,27.28,628760
2017-11-13 10:30:00,27.28,27.85,27.19,27.7351,182546
2017-11-13 11:30:00,27.7392,28.31,27.65,28.01,202938
2017-11-13 12:30:00,28.05,28.7,27.87,28.4,186810
2017-11-13 13:30:00,28.4192,29.08,28.26,29.02,219292
2017-11-13 14:30:00,29.01,29.449,28.78,29.15,355139
2017-11-13 15:30:00,29.19,29.19,28.9,28.98,229779
2017-11-14 09:30:00,29.6,29.6,27.78,28.18,359367
2017-11-14 10:30:00,28.14,28.5,27.4,27.4496,240632
2017-11-14 11:30:00,27.45,27.755,26.77,26.79,253874
2017-11-14 12:30:00,26.8,27.3,26.18,27.085,370995
2017-11-14 13:30:00,27.07,27.3105,27.0,27.0613,153287
2017-11-14 14:30:00,27.08,27.57,26.98,27.41,177513
2017-11-14 15:30:00,27.41,27.51,27.16,27.4,248632
2017-11-15 09:30:00,26.5,27.39,26.1,27.255,271795
2017-11-15 10:30:00,27.24,27.72,27.07,27.66,115697
2017-11-15 11:30:00,27.6425,27.67,27.1378,27.19,77824
2017-11-15 12:30:00,27.2,27.27,26.8,26.84,53705
2017-11-15 13:30:00,26.85,26.9117,26.35,26.73,160049
2017-11-15 14:30:00,26.73,26.949,26.7,26.86,67295
2017-11-15 15:30:00,26.85,26.953,26.74,26.83,108913
2017-11-16 09:30:00,27.05,28.2,27.05,28.1,273721
2017-11-16 10:30:00,28.11,28.2,27.75,28.095,199650
2017-11-16 11:30:00,28.0847,28.43,27.95,28.36,192454
2017-11-16 12:30:00,28.41,28.74,28.25,28.401,143922
2017-11-16 13:30:00,28.4295,28.775,28.36,28.695,117667
2017-11-16 14:30:00,28.695,29.11,28.41,28.9397,248851
2017-11-16 15:30:00,28.92,28.99,28.76,28.8,193569
2017-11-17 09:30:00,29.35,29.45,27.76,27.9,385566
2017-11-17 10:30:00,27.9,28.31,27.4,28.095,307660
2017-11-17 11:30:00,28.05,28.2251,27.86,27.96,71792
2017-11-17 12:30:00,27.96,27.974,27.6,27.9001,102542
2017-11-17 13:30:00,27.9087,27.963,27.36,27.51,140856
2017-11-17 14:30:00,27.5125,27.59,27.15,27.3284,144846
2017-11-17 15:30:00,27.34,28.17,27.15,28.15,514348
2017-11-20 09:30:00,28.43,29.0,28.38,28.65,219160
2017-11-20 10:30:00,28.625,29.9,28.538,29.8701,381499
2017-11-20 11:30:00,29.9,30.4099,29.64,29.92,225712
2017-11-20 12:30:00,29.94,30.38,29.65,30.31,213802
2017-11-20 13:30:00,30.32,30.32,29.5501,29.8,126097
2017-11-20 14:30:00,29.785,30.1,29.7,30.0745,197060
2017-11-20 15:30:00,30.1,30.275,30.01,30.23,161950
2017-11-21 09:30:00,30.85,32.29,30.5278,31.9001,629592
2017-11-21 10:30:00,31.91,32.04,31.27,31.531,227584
2017-11-21 11:30:00,31.525,31.525,31.1264,31.1264,124565
2017-11-21 12:30:00,31.12,31.67,31.07,31.4027,156605
2017-11-21 13:30:00,31.38,31.86,31.36,31.8,107237
2017-11-21 14:30:00,31.7734,32.08,31.7671,32.045,155029
2017-11-21 15:30:00,32.04,32.475,32.03,32.37,284373
2017-12-29 09:30:00,24.74,25.76,24.72,25.59,252249
2017-12-29 10:30:00,25.63,25.658,25.0,25.06,87760
2017-12-29 11:30:00,25.07,25.16,24.94,25.0209,73545
2017-12-29 12:30:00,25.05,25.05,24.73,24.74,48662
2017-12-29 13:30:00,24.74,24.79,24.65,24.75,51307
2017-12-29 14:30:00,24.75,24.79,24.63,24.755,58136
2017-12-29 15:30:00,24.755,24.79,24.57,24.6,131300
2018-01-02 09:30:00,24.95,25.5,24.6,24.81,203278
2018-01-02 10:30:00,24.81,25.455,24.79,25.455,98926
2018-01-02 11:30:00,25.48,25.8499,25.3,25.57,92422
2018-01-02 12:30:00,25.6047,25.755,25.45,25.59,51474
2018-01-02 13:30:00,25.5865,25.73,25.51,25.63,64950
2018-01-02 14:30:00,25.6004,25.95,25.6,25.81,88967
2018-01-02 15:30:00,25.8255,25.93,25.795,25.9,102316
2018-01-03 09:30:00,26.0,26.64,25.84,26.0399,226976
2018-01-03 10:30:00,26.0399,26.38,25.9301,26.285,94082
2018-01-03 11:30:00,26.285,26.38,26.16,26.27,104217
2018-01-03 12:30:00,26.245,26.5088,26.2201,26.43,63113
2018-01-03 13:30:00,26.425,26.53,26.31,26.44,45874
2018-01-03 14:30:00,26.48,26.62,26.34,26.4734,70780
2018-01-03 15:30:00,26.46,26.56,26.33,26.45,150645
2018-01-04 09:30:00,26.82,26.9,25.811,26.24,243872
2018-01-04 10:30:00,26.2378,26.69,26.06,26.27,103382
2018-01-04 11:30:00,26.2891,26.31,26.03,26.22,92771
2018-01-04 12:30:00,26.21,26.44,25.72,25.795,112368
2018-01-04 13:30:00,25.7955,25.86,25.54,25.8599,95363
2018-01-04 14:30:00,25.82,25.92,25.58,25.8145,148189
2018-01-04 15:30:00,25.79,25.89,25.73,25.81,95451
2018-01-05 09:30:00,26.02,26.6,25.9,26.3901,177866
2018-01-05 10:30:00,26.41,26.53,26.2401,26.36,40486
2018-01-05 11:30:00,26.394,26.53,26.12,26.12,82064
2018-01-05 12:30:00,26.115,26.3,26.06,26.12,122215
2018-01-05 13:30:00,26.13,26.7,26.13,26.645,92802
2018-01-05 14:30:00,26.64,27.19,26.64,27.14,181039
2018-01-05 15:30:00,27.15,27.65,26.85,27.49,318687
2018-01-08 09:30:00,27.46,27.7,26.54,27.08,316190
2018-01-08 10:30:00,27.0588,27.23,26.64,26.7362,148389
2018-01-08 11:30:00,26.7,26.935,26.63,26.76,142271
2018-01-08 12:30:00,26.76,27.0,26.55,26.59,81086
2018-01-08 13:30:00,26.6,26.63,26.15,26.24,154232
2018-01-08 14:30:00,26.22,26.58,25.82,26.52,210206
2018-01-08 15:30:00,26.51,26.57,26.3,26.3,165524
2018-01-16 09:30:00,24.88,25.61,24.88,25.2,196185
2018-01-16 10:30:00,25.24,25.45,25.06,25.3936,99612
2018-01-16 11:30:00,25.44,25.75,25.3,25.36,111511
2018-01-16 12:30:00,25.3784,25.64,25.33,25.49,102672
2018-01-16 13:30:00,25.52,25.54,25.1,25.11,84600
2018-01-16 14:30:00,25.125,25.545,24.87,25.54,147856
2018-01-16 15:30:00,25.53,25.69,25.4469,25.61,79424
2018-01-17 09:30:00,27.28,28.42,27.15,27.9909,789710
2018-01-17 10:30:00,27.9778,29.35,27.95,29.25,665789
2018-01-17 11:30:00,29.24,29.84,29.1195,29.815,541977
2018-01-17 12:30:00,29.83,30.37,29.44,29.99,431685
2018-01-17 13:30:00,30.0,30.21,29.65,29.805,376891
2018-01-17 14:30:00,29.7237,30.5,29.6975,30.12,399910
2018-01-17 15:30:00,30.1,30.86,30.1,30.65,541213
2018-01-18 09:30:00,30.85,32.69,30.61,32.37,1064303
2018-01-18 10:30:00,32.2684,33.58,32.2012,32.8386,540139
2018-01-18 11:30:00,32.8,32.89,32.0,32.37,288226
2018-01-18 12:30:00,32.4942,32.81,32.3,32.72,133507
2018-01-18 13:30:00,32.6966,33.24,32.65,33.142,173527
2018-01-18 14:30:00,33.13,33.18,32.71,33.11,198497
2018-01-18 15:30:00,33.13,33.23,32.6,32.74,243432
2018-01-19 09:30:00,33.31,33.37,31.72,32.8,379879
2018-01-19 10:30:00,32.7854,32.7854,31.83,32.16,293118
2018-01-19 11:30:00,32.16,32.74,32.06,32.6,136755
2018-01-19 12:30:00,32.5701,32.69,32.42,32.57,39468
2018-01-19 13:30:00,32.55,33.0,32.51,32.7902,84603
2018-01-19 14:30:00,32.81,32.87,32.3,32.46,101463
2018-01-19 15:30:00,32.4295,32.46,32.2,32.39,302951
2018-01-22 09:30:00,32.56,34.06,32.1,33.855,584019
2018-01-22 10:30:00,33.8543,34.43,33.4,33.9835,392992
2018-01-22 11:30:00,33.99,34.5,33.96,34.35,223122
2018-01-22 12:30:00,34.38,34.8,34.101,34.18,201331
2018-01-22 13:30:00,34.17,34.58,34.1495,34.41,121926
2018-01-22 14:30:00,34.41,34.5,33.21,33.54,286657
2018-01-22 15:30:00,33.54,34.14,33.52,34.0,180150
2018-01-23 09:30:00,34.37,34.5499,33.7,33.74,268994
2018-01-23 10:30:00,33.7634,34.12,33.12,34.0268,204572
2018-01-23 11:30:00,33.9698,34.07,33.6,33.9,72254
2018-01-23 12:30:00,33.9,34.36,33.87,34.03,80923
2018-01-23 13:30:00,34.06,34.22,33.9144,33.94,88046
2018-01-23 14:30:00,33.94,34.3,33.7,34.15,109512
2018-01-23 15:30:00,34.1597,34.43,34.02,34.34,151822
2018-01-24 09:30:00,34.35,34.35,32.5,32.85,460259
2018-01-24 10:30:00,32.8,32.876,31.41,31.75,417438
2018-01-24 11:30:00,31.68,31.88,30.81,31.67,367440
2018-01-24 12:30:00,31.7047,32.0,31.57,31.99,108438
2018-01-24 13:30:00,31.9634,32.68,31.93,32.62,160558
2018-01-24 14:30:00,32.62,33.09,32.49,32.98,175284
2018-01-24 15:30:00,32.98,33.29,32.9501,33.21,245699
2018-01-25 09:30:00,33.97,34.05,32.3001,32.8906,372742
2018-01-25 10:30:00,32.905,33.1,32.62,32.96,118925
2018-01-25 11:30:00,32.9999,33.37,32.88,33.135,78225
2018-01-25 12:30:00,33.14,33.24,32.7675,33.0569,69290
2018-01-25 13:30:00,33.05,33.31,32.84,32.97,77778
2018-01-25 14:30:00,32.97,33.01,32.3501,32.47,109316
2018-01-25 15:30:00,32.4501,32.4549,32.08,32.14,185177
2018-01-26 09:30:00,32.42,33.72,32.315,33.6,370795
2018-01-26 10:30:00,33.52,33.61,32.944,33.28,111273
2018-01-26 11:30:00,33.28,33.3,32.46,32.7,111551
2018-01-26 12:30:00,32.77,33.0,32.595,32.9,68641
2018-01-26 13:30:00,32.87,33.82,32.82,33.45,215565
2018-01-26 14:30:00,33.4,33.89,33.29,33.8468,183807
2018-01-26 15:30:00,33.8,34.02,33.73,34.0,211578
2018-01-29 09:30:00,34.0,34.5,33.36,33.7519,342879
2018-01-29 10:30:00,33.7534,33.77,32.67,32.82,219104
2018-01-29 11:30:00,32.8564,33.3699,32.7801,33.1356,126288
2018-01-29 12:30:00,33.1,33.5235,32.84,33.36,173235
2018-01-29 13:30:00,33.34,33.5,33.09,33.4099,70971
2018-01-29 14:30:00,33.34,33.42,33.185,33.24,62017
2018-01-29 15:30:00,33.215,33.44,33.05,33.33,170349
2018-01-30 09:30:00,32.55,32.8,31.32,32.61,248977
2018-01-30 10:30:00,32.6492,32.98,32.24,32.4759,91178
2018-01-30 11:30:00,32.435,32.57,31.98,32.05,86964
2018-01-30 12:30:00,32.025,32.56,32.025,32.26,58937
2018-01-30 13:30:00,32.3,32.63,32.235,32.385,55651
2018-01-30 14:30:00,32.37,32.48,32.09,32.3312,87312
2018-01-30 15:30:00,32.33,32.49,32.13,32.23,102142
2018-02-09 09:30:00,22.79,23.4,21.45,22.36,818703
2018-02-09 10:30:00,22.36,22.5,21.65,21.69,552316
2018-02-09 11:30:00,21.6801,21.99,20.75,21.0,652344
2018-02-09 12:30:00,20.99,21.37,20.67,20.68,454743
2018-02-09 13:30:00,20.685,21.6,20.3,21.13,473541
2018-02-09 14:30:00,21.11,21.23,20.77,21.18,559278
2018-02-09 15:30:00,21.18,21.85,21.15,21.34,561730
2018-02-12 09:30:00,22.0,22.34,21.38,21.6,450712
2018-02-12 10:30:00,21.61,22.14,21.42,21.97,282939
2018-02-12 11:30:00,21.9999,22.32,21.94,22.05,255239
2018-02-12 12:30:00,22.08,22.11,21.69,21.76,137452
2018-02-12 13:30:00,21.77,22.75,21.7662,22.64,171275
2018-02-12 14:30:00,22.67,23.2,22.42,23.1647,660475
2018-02-12 15:30:00,23.18,23.44,23.08,23.24,492471
2018-02-13 09:30:00,24.345,24.94,23.15,23.3799,975341
2018-02-13 10:30:00,23.38,23.47,22.8428,22.99,516682
2018-02-13 11:30:00,22.95,23.2152,22.65,22.85,375424
2018-02-13 12:30:00,22.85,23.25,22.475,22.62,359529
2018-02-13 13:30:00,22.62,23.35,22.58,23.19,265671
2018-02-13 14:30:00,23.2,23.28,22.9,23.03,194476
2018-02-13 15:30:00,23.015,23.08,22.92,23.0,304528
2018-02-14 09:30:00,22.5,23.88,22.41,23.605,562697
2018-02-14 10:30:00,23.615,23.7,23.14,23.45,230923
2018-02-14 11:30:00,23.49,23.64,23.41,23.5,145365
2018-02-14 12:30:00,23.5,23.99,23.5,23.79,158993
2018-02-14 13:30:00,23.78,24.07,23.72,23.8901,202473
2018-02-14 14:30:00,23.89,24.19,23.6,24.07,247763
2018-02-14 15:30:00,24.07,24.0876,23.86,23.97,242469
2018-02-15 09:30:00,24.19,24.569,23.66,23.92,392257
2018-02-15 10:30:00,23.94,23.95,23.08,23.54,302630
2018-02-15 11:30:00,23.5688,23.88,23.3,23.69,141845
2018-02-15 12:30:00,23.73,24.0,23.61,23.81,147860
2018-02-15 13:30:00,23.78,23.91,23.69,23.87,141486
2018-02-15 14:30:00,23.87,24.64,23.83,24.615,372350
2018-02-15 15:30:00,24.615,24.945,24.6,24.89,484836
2018-02-16 09:30:00,25.72,26.4,24.89,25.129,1018601
2018-02-16 10:30:00,25.09,25.66,24.7601,25.63,320919
2018-02-16 11:30:00,25.63,26.23,25.6,26.17,355309
2018-02-16 12:30:00,26.1357,26.22,25.21,25.2334,241288
2018-02-16 13:30:00,25.24,25.4787,25.08,25.21,203187
2018-02-16 14:30:00,25.205,25.67,25.1,25.5,220704
2018-02-16 15:30:00,25.485,25.64,25.16,25.17,255524
2018-04-12 09:30:00,24.91,25.35,24.65,25.3262,213959
2018-04-12 10:30:00,25.271,25.471,25.06,25.471,78696
2018-04-12 11:30:00,25.45,25.55,25.22,25.35,68426
2018-04-12 12:30:00,25.39,25.66,25.3475,25.485,80018
2018-04-12 13:30:00,25.465,25.61,25.4001,25.55,140975
2018-04-12 14:30:00,25.55,25.66,25.46,25.61,46975
2018-04-12 15:30:00,25.61,25.78,25.58,25.74,145013
2018-04-13 09:30:00,25.86,25.99,25.24,25.3058,190695
2018-04-13 10:30:00,25.28,25.64,25.112,25.4881,89774
2018-04-13 11:30:00,25.51,25.89,25.48,25.86,45182
2018-04-13 12:30:00,25.85,25.89,25.69,25.83,38347
2018-04-13 13:30:00,25.87,25.97,25.8,25.92,70229
2018-04-13 14:30:00,25.93,25.99,25.5,25.52,65701
2018-04-13 15:30:00,25.51,25.76,25.5,25.71,79992
2018-04-16 09:30:00,25.93,26.0,25.2,25.77,111808
2018-04-16 10:30:00,25.8053,25.85,25.351,25.52,155837
2018-04-16 11:30:00,25.45,25.87,25.45,25.84,73899
2018-04-16 12:30:00,25.87,26.19,25.79,26.07,33759
2018-04-16 13:30:00,26.08,26.09,25.89,25.91,50006
2018-04-16 14:30:00,25.938,26.01,25.72,25.78,61321
2018-04-16 15:30:00,25.78,25.85,25.69,25.8,71468
2018-04-17 09:30:00,25.98,26.5,25.81,26.14,165145
2018-04-17 10:30:00,26.1,26.36,26.08,26.22,129950
2018-04-17 11:30:00,26.22,26.33,26.1,26.32,75689
2018-04-17 12:30:00,26.33,26.33,26.15,26.3,109725
2018-04-17 13:30:00,26.28,26.35,26.18,26.21,92055
2018-04-17 14:30:00,26.2,26.6,26.17,26.53,177141
2018-04-17 15:30:00,26.53,26.56,26.42,26.43,211396
2018-04-18 09:30:00,25.98,25.99,24.7,24.904,476729
2018-04-18 10:30:00,24.9,25.13,24.735,24.78,260373
2018-04-18 11:30:00,24.78,24.845,24.19,24.55,352590
2018-04-18 12:30:00,24.51,24.59,24.38,24.52,127895
2018-04-18 13:30:00,24.5393,24.5399,24.07,24.33,163239
2018-04-18 14:30:00,24.345,24.44,24.16,24.22,158091
2018-04-18 15:30:00,24.2509,24.35,24.18,24.24,172619
2018-04-19 09:30:00,23.85,24.14,22.9,22.95,601960
2018-04-19 10:30:00,22.95,22.9588,21.7,21.93,599362
2018-04-19 11:30:00,21.93,21.93,21.51,21.7,307532
2018-04-19 12:30:00,21.705,22.16,21.61,21.66,279231
2018-04-19 13:30:00,21.66,21.87,21.61,21.75,145680
2018-04-19 14:30:00,21.76,21.94,21.69,21.81,235466
2018-04-19 15:30:00,21.82,22.04,21.79,21.92,205075
2018-04-20 09:30:00,22.01,22.599,22.0,22.36,232486
2018-04-20 10:30:00,22.375,22.4594,22.15,22.15,146216
2018-04-20 11:30:00,22.155,22.61,22.15,22.45,133326
2018-04-20 12:30:00,22.45,22.4661,22.35,22.45,68409
2018-04-20 13:30:00,22.44,22.56,22.4002,22.41,73522
2018-04-20 14:30:00,22.4,22.43,22.4,22.4,73602
2018-04-20 15:30:00,22.405,22.49,22.38,22.49,99114
2018-04-23 09:30:00,22.61,22.69,21.61,22.09,210609
2018-04-23 10:30:00,22.12,22.29,21.91,22.24,75010
2018-04-23 11:30:00,22.22,22.37,21.84,21.88,60941
2018-04-23 12:30:00,21.87,21.94,21.65,21.8648,125715
2018-04-23 13:30:00,21.88,22.02,21.71,21.77,71381
2018-04-23 14:30:00,21.76,21.84,21.75,21.79,66115
2018-04-23 15:30:00,21.79,21.85,21.76,21.77,139864
2018-04-24 09:30:00,21.89,22.24,21.09,21.1799,282298
2018-04-24 10:30:00,21.16,21.26,20.65,21.1,182153
2018-04-24 11:30:00,21.11,21.45,20.8499,20.9,103056
2018-04-24 12:30:00,20.91,21.05,20.75,20.97,82419
2018-04-24 13:30:00,20.97,21.0,20.61,20.79,131394
2018-04-24 14:30:00,20.78,21.09,20.75,21.0,89559
2018-04-24 15:30:00,21.01,21.04,20.855,20.99,135591
2018-04-25 09:30:00,20.98,21.206,20.1,20.44,222692
2018-04-25 10:30:00,20.4401,21.26,20.42,21.235,153724
2018-04-25 11:30:00,21.22,21.2699,20.8,20.94,131484
2018-04-25 12:30:00,20.94,21.12,20.8,20.849,89720
2018-04-25 13:30:00,20.84,21.16,20.82,21.03,98146
2018-04-25 14:30:00,21.0474,21.47,21.02,21.37,107476
2018-04-25 15:30:00,21.349,21.39,21.165,21.31,148620
2018-04-26 09:30:00,22.05,22.98,22.0,22.9,559911
2018-04-26 10:30:00,22.9,23.155,22.54,23.13,222717
2018-04-26 11:30:00,23.1,23.38,22.69,23.3,169193
2018-04-26 12:30:00,23.3,23.55,23.08,23.5051,151854
2018-04-26 13:30:00,23.5103,23.53,23.311,23.375,92033
2018-04-26 14:30:00,23.375,23.39,23.01,23.144,129471
2018-04-26 15:30:00,23.15,23.16,22.99,23.14,148835
2018-04-27 09:30:00,23.33,23.5299,22.56,22.6,179652
2018-04-27 10:30:00,22.594,22.6,21.8515,22.2,338643
2018-04-27 11:30:00,22.17,22.41,21.82,21.8285,139948
2018-04-27 12:30:00,21.83,22.06,21.73,21.97,90783
2018-04-27 13:30:00,21.95,21.98,21.77,21.835,43739
2018-04-27 14:30:00,21.84,21.94,21.81,21.9,56841
2018-04-27 15:30:00,21.9,21.94,21.81,21.82,146560
2018-04-30 09:30:00,21.65,22.46,21.65,22.245,165521
2018-04-30 10:30:00,22.28,22.33,21.93,22.05,64760
2018-04-30 11:30:00,22.05,22.07,21.68,21.92,85596
2018-04-30 12:30:00,21.92,21.99,21.82,21.89,37850
2018-04-30 13:30:00,21.89,22.0936,21.88,22.04,92264
2018-04-30 14:30:00,22.02,22.05,21.87,22.03,58212
2018-04-30 15:30:00,22.03,22.14,22.0039,22.11,82571
2018-05-01 09:30:00,22.02,22.2067,21.525,21.8704,130086
2018-05-01 10:30:00,21.93,22.0,21.82,21.93,57512
2018-05-01 11:30:00,21.96,22.18,21.93,22.1401,145922
2018-05-01 12:30:00,22.1548,22.17,21.97,22.02,65218
2018-05-01 13:30:00,22.01,22.3,21.975,22.275,107191
2018-05-01 14:30:00,22.29,22.29,22.09,22.19,83955
2018-05-01 15:30:00,22.2,22.52,22.2,22.45,124586
2018-05-14 09:30:00,26.43,26.99,26.3001,26.99,264992
2018-05-14 10:30:00,26.99,27.26,26.58,26.69,155675
2018-05-14 11:30:00,26.64,27.0,26.64,27.0,74905
2018-05-14 12:30:00,27.0,27.01,26.54,26.62,91272
2018-05-14 13:30:00,26.61,26.74,26.47,26.62,56350
2018-05-14 14:30:00,26.62,26.75,26.62,26.72,82267
2018-05-14 15:30:00,26.72,26.81,26.61,26.77,136932
2018-05-15 09:30:00,26.42,26.589,25.911,26.18,220461
2018-05-15 10:30:00,26.165,26.315,25.9595,26.11,139885
2018-05-15 11:30:00,26.08,26.15,25.75,25.82,92336
2018-05-15 12:30:00,25.84,26.01,25.79,25.95,66834
2018-05-15 13:30:00,25.97,26.07,25.93,26.03,73607
2018-05-15 14:30:00,26.03,26.14,25.96,26.01,75679
2018-05-15 15:30:00,26.01,26.14,26.0,26.12,116232
2018-05-16 09:30:00,26.13,27.17,26.13,26.92,177464
2018-05-16 10:30:00,26.93,27.2,26.93,26.9612,105243
2018-05-16 11:30:00,27.0,27.3,26.89,27.1912,108233
2018-05-16 12:30:00,27.21,27.2602,26.93,26.98,86143
2018-05-16 13:30:00,26.99,27.23,26.93,27.09,91788
2018-05-16 14:30:00,27.14,27.16,26.94,26.97,76668
2018-05-16 15:30:00,26.98,27.02,26.93,26.99,76619
2018-05-17 09:30:00,26.86,27.32,26.52,27.13,204998
2018-05-17 10:30:00,27.17,27.2,26.88,27.02,118933
2018-05-17 11:30:00,27.03,27.07,26.77,26.9115,67839
2018-05-17 12:30:00,26.9101,26.9567,26.76,26.8301,48022
2018-05-17 13:30:00,26.84,26.87,26.3,26.56,92284
2018-05-17 14:30:00,26.59,26.72,26.52,26.59,53930
2018-05-17 15:30:00,26.6,26.67,26.51,26.57,66824
2018-05-18 09:30:00,25.74,25.75,24.42,25.055,667939
2018-05-18 10:30:00,25.055,25.07,24.63,24.92,272536
2018-05-18 11:30:00,24.94,25.11,24.82,24.95,122090
2018-05-18 12:30:00,24.94,25.09,24.91,24.93,151531
2018-05-18 13:30:00,24.93,24.93,24.71,24.73,83453
2018-05-18 14:30:00,24.73,24.79,24.52,24.5348,132486
2018-05-18 15:30:00,24.55,24.55,24.27,24.3,266556
2018-05-21 09:30:00,25.01,25.34,24.18,24.23,417495
2018-05-21 10:30:00,24.23,24.53,23.81,23.86,246989
2018-05-21 11:30:00,23.86,24.58,23.75,24.35,234596
2018-05-21 12:30:00,24.36,24.511,24.25,24.37,42582
2018-05-21 13:30:00,24.39,24.42,24.2298,24.23,92121
2018-05-21 14:30:00,24.23,24.32,24.09,24.18,151667
2018-05-21 15:30:00,24.18,24.41,24.18,24.29,215708
2018-05-22 09:30:00,24.85,25.43,24.62,25.02,226760
2018-05-22 10:30:00,25.06,25.47,25.02,25.44,132416
2018-05-22 11:30:00,25.45,25.45,24.86,24.86,92405
2018-05-22 12:30:00,24.86,24.8999,24.62,24.8,131923
2018-05-22 13:30:00,24.8,24.859,24.62,24.81,109052
2018-05-22 14:30:00,24.85,24.85,24.47,24.66,88925
2018-05-22 15:30:00,24.62,24.68,24.43,24.5,148095
2018-07-16 09:30:00,20.54,20.739,20.3,20.7342,103990
2018-07-16 10:30:00,20.7278,20.75,20.51,20.59,55926
2018-07-16 11:30:00,20.6,20.61,20.49,20.58,65373
2018-07-16 12:30:00,20.57,20.5772,20.36,20.3999,63376
2018-07-16 13:30:00,20.38,20.46,20.3701,20.4,59423
2018-07-16 14:30:00,20.4,20.4,20.25,20.33,100010
2018-07-16 15:30:00,20.325,20.38,20.28,20.29,138010
2018-07-17 09:30:00,20.3,20.53,20.02,20.49,146966
2018-07-17 10:30:00,20.505,20.56,20.31,20.44,79579
2018-07-17 11:30:00,20.41,20.74,20.36,20.71,89723
2018-07-17 12:30:00,20.7101,20.76,20.61,20.76,55727
2018-07-17 13:30:00,20.7528,20.905,20.7,20.8799,48879
2018-07-17 14:30:00,20.86,20.88,20.72,20.75,68940
2018-07-17 15:30:00,20.75,20.77,20.68,20.75,199928
2018-07-18 09:30:00,21.13,21.3,20.12,20.49,349683
2018-07-18 10:30:00,20.47,20.59,20.28,20.407,135357
2018-07-18 11:30:00,20.39,20.665,20.18,20.5357,133400
2018-07-18 12:30:00,20.64,20.79,20.55,20.63,80685
2018-07-18 13:30:00,20.6349,20.7796,20.55,20.61,77468
2018-07-18 14:30:00,20.62,20.62,20.4,20.51,86056
2018-07-18 15:30:00,20.51,20.57,20.44,20.46,141980
2018-07-19 09:30:00,20.27,20.65,20.0701,20.1199,172501
2018-07-19 10:30:00,20.09,20.54,20.05,20.46,77596
2018-07-19 11:30:00,20.445,20.53,20.2,20.31,42969
2018-07-19 12:30:00,20.31,20.55,20.27,20.44,77353
2018-07-19 13:30:00,20.47,20.79,20.44,20.7368,78961
2018-07-19 14:30:00,20.76,20.84,20.59,20.62,88800
2018-07-19 15:30:00,20.61,20.67,20.6,20.63,74406
2018-07-20 09:30:00,20.53,20.84,20.46,20.8,136073
2018-07-20 10:30:00,20.82,20.94,20.77,20.863,63953
2018-07-20 11:30:00,20.88,20.92,20.715,20.76,57076
2018-07-20 12:30:00,20.77,20.89,20.76,20.8,38185
2018-07-20 13:30:00,20.82,20.85,20.7,20.74,24763
2018-07-20 14:30:00,20.725,20.8,20.65,20.79,31869
2018-07-20 15:30:00,20.79,20.8,20.705,20.72,72292
2018-07-23 09:30:00,20.69,20.78,19.77,20.17,271830
2018-07-23 10:30:00,20.15,20.58,20.12,20.57,130510
2018-07-23 11:30:00,20.546,20.63,20.43,20.58,46638
2018-07-23 12:30:00,20.55,20.6799,20.5101,20.62,20382
2018-07-23 13:30:00,20.62,20.7,20.19,20.29,142928
2018-07-23 14:30:00,20.28,20.6,20.25,20.54,73456
2018-07-23 15:30:00,20.54,20.58,20.51,20.54,62473
2018-07-24 09:30:00,20.61,21.25,20.61,21.03,155076
2018-07-24 10:30:00,21.021,21.06,20.53,20.7,79543
2018-07-24 11:30:00,20.71,20.72,20.45,20.4851,63942
2018-07-24 12:30:00,20.47,20.49,20.35,20.365,53047
2018-07-24 13:30:00,20.35,20.37,20.17,20.19,92822
2018-07-24 14:30:00,20.2,20.45,20.19,20.36,72226
2018-07-24 15:30:00,20.345,20.36,20.24,20.26,93483
2018-07-25 09:30:00,20.17,20.32,19.6002,19.7001,199500
2018-07-25 10:30:00,19.7585,19.8399,19.62,19.69,147828
2018-07-25 11:30:00,19.699,19.72,19.51,19.6476,130393
2018-07-25 12:30:00,19.65,19.66,19.4,19.41,112266
2018-07-25 13:30:00,19.41,19.44,19.25,19.39,229592
2018-07-25 14:30:00,19.39,19.4,19.2,19.24,157814
2018-07-25 15:30:00,19.24,19.24,18.95,18.99,234810
2018-07-26 09:30:00,18.85,19.21,18.75,18.88,180708
2018-07-26 10:30:00,18.87,19.52,18.8212,19.4507,74387
2018-07-26 11:30:00,19.465,19.4699,19.17,19.17,60548
2018-07-26 12:30:00,19.19,19.35,19.01,19.31,88164
2018-07-26 13:30:00,19.3101,19.43,19.2,19.215,76212
2018-07-26 14:30:00,19.23,19.25,19.1801,19.2125,49025
2018-07-26 15:30:00,19.2103,19.28,19.2,19.22,109021
2018-07-27 09:30:00,20.0,20.7,19.66,20.6131,471233
2018-07-27 10:30:00,20.61,21.06,20.56,20.82,300455
2018-07-27 11:30:00,20.82,21.1,20.67,20.76,199681
2018-07-27 12:30:00,20.76,20.9899,20.42,20.94,129176
2018-07-27 13:30:00,20.93,21.05,20.78,20.87,85701
2018-07-27 14:30:00,20.85,20.95,20.8,20.9,66909
2018-07-27 15:30:00,20.9,21.01,20.89,20.99,150482
2018-07-30 09:30:00,20.79,21.0,19.34,19.53,430237
2018-07-30 10:30:00,19.5,19.73,19.46,19.6298,254087
2018-07-30 11:30:00,19.625,20.03,19.58,19.725,162027
2018-07-30 12:30:00,19.71,20.15,19.34,20.13,219065
2018-07-30 13:30:00,20.13,20.32,20.04,20.19,121743
2018-07-30 14:30:00,20.23,20.28,19.75,19.82,141734
2018-07-30 15:30:00,19.8,19.84,19.7,19.82,267028
2018-07-31 09:30:00,19.89,20.86,19.89,20.15,187500
2018-07-31 10:30:00,20.2,20.57,20.13,20.542,93172
2018-07-31 11:30:00,20.5302,20.92,20.51,20.88,83344
2018-07-31 12:30:00,20.8718,20.97,20.64,20.77,118046
2018-07-31 13:30:00,20.77,20.87,20.66,20.84,77823
2018-07-31 14:30:00,20.85,20.92,20.8,20.92,79059
2018-07-31 15:30:00,20.92,21.06,20.88,21.0,187985
2018-08-13 09:30:00,22.73,23.09,22.58,22.7739,63378
2018-08-13 10:30:00,22.77,22.82,22.5646,22.67,58358
2018-08-13 11:30:00,22.64,22.75,22.32,22.4,73623
2018-08-13 12:30:00,22.42,22.56,22.3601,22.3757,60536
2018-08-13 13:30:00,22.39,22.6,22.36,22.59,35410
2018-08-13 14:30:00,22.59,22.6,22.48,22.49,28787
2018-08-13 15:30:00,22.5,22.58,22.45,22.5,54589
2018-08-14 09:30:00,22.8,22.97,22.67,22.74,129425
2018-08-14 10:30:00,22.73,23.12,22.7,22.76,116421
2018-08-14 11:30:00,22.74,22.92,22.66,22.81,57390
2018-08-14 12:30:00,22.7866,22.7866,22.53,22.58,53438
2018-08-14 13:30:00,22.58,22.83,22.57,22.75,42283
2018-08-14 14:30:00,22.75,22.82,22.65,22.76,54900
2018-08-14 15:30:00,22.765,22.8,22.73,22.73,64406
2018-08-15 09:30:00,22.45,22.545,21.83,21.86,132823
2018-08-15 10:30:00,21.84,21.936,21.58,21.87,96869
2018-08-15 11:30:00,21.8999,21.95,21.7,21.86,37827
2018-08-15 12:30:00,21.875,21.929,21.66,21.68,35977
2018-08-15 13:30:00,21.68,21.84,21.66,21.72,68898
2018-08-15 14:30:00,21.71,21.89,21.61,21.65,45944
2018-08-15 15:30:00,21.65,21.67,21.42,21.47,102272
2018-08-16 09:30:00,21.66,22.11,21.66,21.97,84110
2018-08-16 10:30:00,21.96,22.03,21.6448,21.95,60828
2018-08-16 11:30:00,21.94,22.11,21.86,21.99,70240
2018-08-16 12:30:00,21.98,22.01,21.79,21.79,17481
2018-08-16 13:30:00,21.8177,21.89,21.72,21.72,33272
2018-08-16 14:30:00,21.71,22.02,21.68,21.99,60066
2018-08-16 15:30:00,21.98,21.98,21.85,21.92,79653
2018-08-17 09:30:00,21.18,21.785,20.65,20.75,226373
2018-08-17 10:30:00,20.731,21.01,20.56,20.89,178242
2018-08-17 11:30:00,20.91,21.0,20.8,20.94,65991
2018-08-17 12:30:00,20.9124,21.1,20.87,20.965,68556
2018-08-17 13:30:00,20.975,21.11,20.96,21.11,37663
2018-08-17 14:30:00,21.11,21.27,21.0601,21.21,51391
2018-08-17 15:30:00,21.191,21.45,21.18,21.34,88292
2018-08-20 09:30:00,21.64,22.06,21.42,21.77,235832
2018-08-20 10:30:00,21.7418,21.94,21.7,21.86,57085
2018-08-20 11:30:00,21.89,22.08,21.8619,21.975,45356
2018-08-20 12:30:00,21.95,22.15,21.88,22.15,63210
2018-08-20 13:30:00,22.1209,22.3642,22.1,22.3595,55812
2018-08-20 14:30:00,22.37,22.37,22.09,22.21,60102
2018-08-20 15:30:00,22.21,22.28,22.17,22.17,74612
2018-08-21 09:30:00,22.24,23.17,22.0,23.0294,153809
2018-08-21 10:30:00,23.0175,23.34,22.97,23.27,111903
2018-08-21 11:30:00,23.27,23.47,23.2,23.33,144349
2018-08-21 12:30:00,23.345,23.39,23.15,23.26,71086
2018-08-21 13:30:00,23.25,23.26,22.96,22.97,54769
2018-08-21 14:30:00,22.97,23.0218,22.74,22.81,94452
2018-08-21 15:30:00,22.81,22.8479,22.73,22.77,98786
2018-10-15 09:30:00,18.1,18.25,17.86,17.95,74978
2018-10-15 10:30:00,17.95,18.01,17.71,18.0,90974
2018-10-15 11:30:00,17.9998,18.21,17.89,18.19,39383
2018-10-15 12:30:00,18.17,18.25,18.01,18.08,48089
2018-10-15 13:30:00,18.09,18.26,18.0323,18.05,40553
2018-10-15 14:30:00,18.045,18.12,17.85,17.85,73899
2018-10-15 15:30:00,17.84,17.84,17.7,17.72,118007
2018-10-16 09:30:00,17.92,18.25,17.85,18.155,90068
2018-10-16 10:30:00,18.14,18.4,18.06,18.34,44575
2018-10-16 11:30:00,18.35,18.4,18.21,18.255,42137
2018-10-16 12:30:00,18.255,18.37,18.25,18.27,41939
2018-10-16 13:30:00,18.29,18.34,18.27,18.29,49769
2018-10-16 14:30:00,18.29,18.37,18.2373,18.32,75199
2018-10-16 15:30:00,18.33,18.41,18.26,18.29,151900
2018-10-17 09:30:00,18.87,19.96,18.86,19.19,374887
2018-10-17 10:30:00,19.215,19.26,18.72,18.92,160177
2018-10-17 11:30:00,18.91,19.2,18.58,19.06,90835
2018-10-17 12:30:00,19.055,19.265,18.9,18.9,33785
2018-10-17 13:30:00,18.9,19.03,18.75,18.76,88312
2018-10-17 14:30:00,18.7826,18.83,18.7055,18.79,48457
2018-10-17 15:30:00,18.8,18.8,18.63,18.67,83609
2018-10-18 09:30:00,18.55,18.56,17.9,18.32,90431
2018-10-18 10:30:00,18.36,18.48,18.02,18.02,65650
2018-10-18 11:30:00,18.03,18.06,17.85,18.02,78443
2018-10-18 12:30:00,18.01,18.05,17.75,17.83,57039
2018-10-18 13:30:00,17.8169,17.88,17.75,17.83,27700
2018-10-18 14:30:00,17.83,17.94,17.6,17.6,146644
2018-10-18 15:30:00,17.6035,17.68,17.49,17.65,166156
2018-10-19 09:30:00,17.75,18.23,17.75,17.9,95914
2018-10-19 10:30:00,17.89,17.92,17.33,17.36,86112
2018-10-19 11:30:00,17.36,17.52,17.06,17.07,93085
2018-10-19 12:30:00,17.06,17.1221,16.9,17.06,91728
2018-10-19 13:30:00,17.07,17.21,16.95,17.13,31183
2018-10-19 14:30:00,17.1473,17.17,17.01,17.08,70447
2018-10-19 15:30:00,17.09,17.14,17.0,17.03,80168
2018-10-22 09:30:00,17.17,17.25,16.54,16.54,204640
2018-10-22 10:30:00,16.55,16.88,16.51,16.84,68695
2018-10-22 11:30:00,16.82,16.85,16.54,16.55,64958
2018-10-22 12:30:00,16.56,16.59,16.42,16.51,48146
2018-10-22 13:30:00,16.5001,16.76,16.465,16.6,88886
2018-10-22 14:30:00,16.585,16.79,16.55,16.74,51540
2018-10-22 15:30:00,16.73,16.83,16.73,16.76,57723
2018-10-23 09:30:00,16.34,16.58,15.81,15.88,194205
2018-10-23 10:30:00,15.87,16.63,15.87,16.57,126888
2018-10-23 11:30:00,16.55,16.86,16.4367,16.81,57038
2018-10-23 12:30:00,16.8295,16.96,16.56,16.575,49113
2018-10-23 13:30:00,16.6,16.78,16.54,16.69,33399
2018-10-23 14:30:00,16.71,16.96,16.665,16.91,34491
2018-10-23 15:30:00,16.92,16.95,16.79,16.82,79083
2018-10-24 09:30:00,16.64,16.77,16.28,16.33,103679
2018-10-24 10:30:00,16.305,16.4,16.12,16.13,66797
2018-10-24 11:30:00,16.1,16.44,16.06,16.32,30550
2018-10-24 12:30:00,16.32,16.37,16.1,16.16,53527
2018-10-24 13:30:00,16.1344,16.17,16.0,16.16,37392
2018-10-24 14:30:00,16.16,16.19,15.9,15.95,47398
2018-10-24 15:30:00,15.935,15.99,15.75,15.76,97468
2018-10-25 09:30:00,15.99,16.26,15.67,16.06,93311
2018-10-25 10:30:00,16.0205,16.24,15.92,16.24,59646
2018-10-25 11:30:00,16.24,16.39,16.1,16.34,53957
2018-10-25 12:30:00,16.3,16.5,16.29,16.47,29842
2018-10-25 13:30:00,16.46,16.59,16.41,16.52,30018
2018-10-25 14:30:00,16.51,16.55,16.36,16.425,35531
2018-10-25 15:30:00,16.44,16.45,16.3,16.3,58651
2018-10-26 09:30:00,15.93,16.2,15.77,15.96,59240
2018-10-26 10:30:00,15.94,16.32,15.85,16.32,37799
2018-10-26 11:30:00,16.29,16.58,16.22,16.44,30487
2018-10-26 12:30:00,16.41,16.95,16.4,16.75,104280
2018-10-26 13:30:00,16.721,16.74,16.46,16.48,30387
2018-10-26 14:30:00,16.45,16.5044,16.19,16.42,92438
2018-10-26 15:30:00,16.41,16.42,16.23,16.23,102255
2018-10-29 09:30:00,16.54,16.67,16.38,16.5,55588
2018-10-29 10:30:00,16.4613,16.525,16.1806,16.22,59894
2018-10-29 11:30:00,16.2379,16.2379,15.75,15.78,59225
2018-10-29 12:30:00,15.75,16.03,15.69,15.97,35629
2018-10-29 13:30:00,16.0,16.05,15.72,15.805,34596
2018-10-29 14:30:00,15.76,15.7651,15.2699,15.47,84798
2018-10-29 15:30:00,15.45,15.62,15.21,15.58,72967
2018-10-30 09:30:00,15.54,16.92,15.54,16.37,96232
2018-10-30 10:30:00,16.33,16.4239,16.0601,16.3223,30407
2018-10-30 11:30:00,16.3399,16.7797,16.32,16.75,55344
2018-10-30 12:30:00,16.74,16.8,16.57,16.65,30849
2018-10-30 13:30:00,16.62,16.86,16.56,16.75,40802
2018-10-30 14:30:00,16.7456,16.99,16.68,16.95,64578
2018-10-30 15:30:00,16.95,17.02,16.91,17.02,75936
2018-11-12 09:30:00,15.79,15.98,15.1,15.5,118777
2018-11-12 10:30:00,15.49,15.54,15.2257,15.26,77611
2018-11-12 11:30:00,15.26,15.53,15.25,15.39,75586
2018-11-12 12:30:00,15.37,15.39,15.29,15.32,61389
2018-11-12 13:30:00,15.3,15.52,15.2,15.52,70829
2018-11-12 14:30:00,15.51,15.68,15.39,15.55,79284
2018-11-12 15:30:00,15.54,15.65,15.39,15.41,120192
2018-11-13 09:30:00,15.46,16.15,15.45,15.81,114211
2018-11-13 10:30:00,15.81,16.3,15.68,16.28,69720
2018-11-13 11:30:00,16.28,16.32,16.0,16.02,40515
2018-11-13 12:30:00,16.03,16.28,15.84,16.21,84557
2018-11-13 13:30:00,16.21,16.31,15.96,16.03,64234
2018-11-13 14:30:00,16.04,16.04,15.8603,15.955,103905
2018-11-13 15:30:00,15.95,16.12,15.95,16.08,93402
2018-11-14 09:30:00,16.78,16.79,16.14,16.27,122977
2018-11-14 10:30:00,16.25,16.325,16.03,16.25,86346
2018-11-14 11:30:00,16.29,16.4,16.19,16.31,69262
2018-11-14 12:30:00,16.29,16.32,16.16,16.26,68757
2018-11-14 13:30:00,16.25,16.4,16.16,16.29,101302
2018-11-14 14:30:00,16.3,16.44,16.23,16.28,163114
2018-11-14 15:30:00,16.29,16.4,16.22,16.25,111536
2018-11-15 09:30:00,16.11,16.48,15.8209,16.37,56463
2018-11-15 10:30:00,16.32,16.38,16.08,16.36,54064
2018-11-15 11:30:00,16.39,16.51,16.36,16.455,44894
2018-11-15 12:30:00,16.465,16.53,16.21,16.51,74727
2018-11-15 13:30:00,16.51,16.55,16.38,16.54,112085
2018-11-15 14:30:00,16.55,16.79,16.54,16.61,65937
2018-11-15 15:30:00,16.61,16.79,16.6,16.77,91949
2018-11-16 09:30:00,16.29,16.73,16.03,16.5706,132491
2018-11-16 10:30:00,16.6131,16.73,16.49,16.56,50050
2018-11-16 11:30:00,16.55,16.91,16.5033,16.8,43395
2018-11-16 12:30:00,16.82,17.08,16.77,16.81,35373
2018-11-16 13:30:00,16.82,16.845,16.71,16.84,25989
2018-11-16 14:30:00,16.8548,16.94,16.7401,16.9,63626
2018-11-16 15:30:00,16.91,16.91,16.66,16.76,85102
2018-11-19 09:30:00,16.65,16.68,16.35,16.55,38844
2018-11-19 10:30:00,16.55,16.83,16.44,16.5896,55872
2018-11-19 11:30:00,16.57,16.57,16.345,16.47,55982
2018-11-19 12:30:00,16.47,16.56,16.27,16.315,38548
2018-11-19 13:30:00,16.3,16.46,16.26,16.43,46358
2018-11-19 14:30:00,16.42,16.6,16.37,16.48,54820
2018-11-19 15:30:00,16.48,16.57,16.46,16.51,83759
2018-11-20 09:30:00,15.84,16.86,15.76,16.86,146311
2018-11-20 10:30:00,16.87,17.39,16.7495,16.83,203203
2018-11-20 11:30:00,16.83,17.031,16.72,16.9058,85395
2018-11-20 12:30:00,16.91,16.95,16.71,16.81,38140
2018-11-20 13:30:00,16.8,16.91,16.63,16.64,27589
2018-11-20 14:30:00,16.6515,16.86,16.58,16.6,77743
2018-11-20 15:30:00,16.62,16.63,16.48,16.48,110927
2019-01-14 09:30:00,18.14,18.38,17.78,18.13,73062
2019-01-14 10:30:00,18.14,18.34,17.88,17.93,87351
2019-01-14 11:30:00,17.92,18.21,17.92,18.18,25226
2019-01-14 12:30:00,18.19,18.32,18.17,18.28,12289
2019-01-14 13:30:00,18.29,18.305,17.9775,17.9775,29835
2019-01-14 14:30:00,18.0,18.03,17.88,17.96,30259
2019-01-14 15:30:00,17.95,18.02,17.87,17.88,53602
2019-01-15 09:30:00,17.92,18.18,17.32,17.5,63943
2019-01-15 10:30:00,17.48,17.89,17.48,17.83,30632
2019-01-15 11:30:00,17.82,18.07,17.79,18.05,26357
2019-01-15 12:30:00,18.03,18.11,17.98,18.06,26773
2019-01-15 13:30:00,18.06,18.15,17.89,17.92,27503
2019-01-15 14:30:00,17.9,18.12,17.77,17.8,56008
2019-01-15 15:30:00,17.79,18.09,17.75,18.0,69702
2019-01-16 09:30:00,18.07,18.58,17.98,18.32,58922
2019-01-16 10:30:00,18.34,18.73,18.32,18.65,66338
2019-01-16 11:30:00,18.62,18.73,18.38,18.38,20442
2019-01-16 12:30:00,18.39,18.52,18.3,18.45,20409
2019-01-16 13:30:00,18.44,18.52,18.28,18.5124,52106
2019-01-16 14:30:00,18.5,18.56,18.44,18.535,47288
2019-01-16 15:30:00,18.535,18.6,18.5,18.57,51636
2019-01-17 09:30:00,18.47,18.78,18.2011,18.75,57159
2019-01-17 10:30:00,18.725,18.75,18.4,18.61,28337
2019-01-17 11:30:00,18.58,18.85,18.58,18.8,29065
2019-01-17 12:30:00,18.79,18.81,18.54,18.63,66688
2019-01-17 13:30:00,18.6522,18.71,18.51,18.66,28957
2019-01-17 14:30:00,18.65,18.99,18.62,18.84,44743
2019-01-17 15:30:00,18.7973,19.04,18.7973,19.03,78959
2019-01-18 09:30:00,19.06,19.25,18.92,19.12,69156
2019-01-18 10:30:00,19.1,19.535,19.07,19.4005,64261
2019-01-18 11:30:00,19.4,19.6,19.37,19.6,60975
2019-01-18 12:30:00,19.6,19.6,19.39,19.42,28829
2019-01-18 13:30:00,19.43,19.47,19.35,19.39,23840
2019-01-18 14:30:00,19.38,19.51,19.31,19.44,35996
2019-01-18 15:30:00,19.44,19.44,19.26,19.31,40596
2019-01-22 09:30:00,19.25,19.25,18.47,18.6,313606
2019-01-22 10:30:00,18.62,18.91,18.51,18.78,50043
2019-01-22 11:30:00,18.77,18.85,18.61,18.72,23877
2019-01-22 12:30:00,18.74,18.86,18.54,18.54,40969
2019-01-22 13:30:00,18.52,18.6,18.38,18.43,40670
2019-01-22 14:30:00,18.44,18.44,17.95,18.135,51720
2019-01-22 15:30:00,18.14,18.29,18.03,18.16,85449
2019-01-23 09:30:00,18.29,18.445,18.08,18.15,63212
2019-01-23 10:30:00,18.09,18.23,17.93,18.055,48763
2019-01-23 11:30:00,18.06,18.06,17.677,17.85,32387
2019-01-23 12:30:00,17.87,18.0,17.77,17.84,20344
2019-01-23 13:30:00,17.84,18.035,17.84,18.03,18080
2019-01-23 14:30:00,18.03,18.03,17.97,18.01,20989
2019-01-23 15:30:00,18.01,18.01,17.87,17.91,45933
2019-01-24 09:30:00,18.32,19.5,18.32,19.46,149452
2019-01-24 10:30:00,19.4341,19.55,19.17,19.4885,73528
2019-01-24 11:30:00,19.48,19.86,19.46,19.7401,69244
2019-01-24 12:30:00,19.74,19.7697,19.27,19.37,47749
2019-01-24 13:30:00,19.38,19.56,19.3221,19.37,34914
2019-01-24 14:30:00,19.37,19.56,19.34,19.36,31301
2019-01-24 15:30:00,19.35,19.35,19.24,19.25,46354
2019-01-25 09:30:00,19.42,19.76,19.27,19.44,50378
2019-01-25 10:30:00,19.48,19.93,19.465,19.87,66038
2019-01-25 11:30:00,19.88,20.14,19.73,20.04,56619
2019-01-25 12:30:00,20.04,20.27,19.99,20.27,61335
2019-01-25 13:30:00,20.27,20.3803,20.18,20.2,44388
2019-01-25 14:30:00,20.2,20.33,20.125,20.29,60818
2019-01-25 15:30:00,20.295,20.3,20.18,20.22,80473
2019-01-28 09:30:00,19.52,20.57,19.5,20.45,57693
2019-01-28 10:30:00,20.55,20.76,20.28,20.62,69695
2019-01-28 11:30:00,20.59,20.635,19.88,19.96,87497
2019-01-28 12:30:00,20.0,20.21,19.97,19.98,25432
2019-01-28 13:30:00,19.9735,20.07,19.685,19.7375,48309
2019-01-28 14:30:00,19.74,19.93,19.74,19.9,40531
2019-01-28 15:30:00,19.89,19.89,19.69,19.74,71558
2019-01-29 09:30:00,19.67,19.9,19.3,19.68,67632
2019-01-29 10:30:00,19.7,19.75,19.52,19.61,47847
2019-01-29 11:30:00,19.65,19.79,19.57,19.74,42478
2019-01-29 12:30:00,19.71,19.77,19.55,19.71,28588
2019-01-29 13:30:00,19.71,19.99,19.69,19.78,48472
2019-01-29 14:30:00,19.78,19.84,19.63,19.73,55597
2019-01-29 15:30:00,19.74,19.86,19.74,19.76,62830
2019-02-08 09:30:00,20.67,21.57,20.1001,21.5229,169637
2019-02-08 10:30:00,21.61,21.7381,21.315,21.63,66827
2019-02-08 11:30:00,21.63,21.75,21.48,21.58,79453
2019-02-08 12:30:00,21.57,21.71,21.53,21.68,44511
2019-02-08 13:30:00,21.66,21.69,21.52,21.665,77886
2019-02-08 14:30:00,21.67,21.83,21.635,21.735,85299
2019-02-08 15:30:00,21.73,21.76,21.575,21.76,160039
2019-02-11 09:30:00,21.93,21.99,21.495,21.755,97454
2019-02-11 10:30:00,21.755,21.7979,21.33,21.45,56574
2019-02-11 11:30:00,21.44,21.7,21.345,21.58,98473
2019-02-11 12:30:00,21.58,21.6263,21.34,21.35,48543
2019-02-11 13:30:00,21.35,21.45,21.28,21.32,26681
2019-02-11 14:30:00,21.33,21.54,21.31,21.51,37780
2019-02-11 15:30:00,21.5,21.55,21.41,21.55,55332
2019-02-12 09:30:00,21.78,22.2,21.7721,22.12,49333
2019-02-12 10:30:00,22.12,22.22,22.0,22.1501,42967
2019-02-12 11:30:00,22.13,22.16,21.85,21.92,39149
2019-02-12 12:30:00,21.93,21.93,21.65,21.656,14161
2019-02-12 13:30:00,21.65,21.7084,21.44,21.7084,45642
2019-02-12 14:30:00,21.69,21.78,21.6,21.75,58159
2019-02-12 15:30:00,21.75,21.76,21.7,21.75,44125
2019-02-13 09:30:00,21.87,22.0,21.3731,21.67,130520
2019-02-13 10:30:00,21.69,21.75,21.58,21.65,46013
2019-02-13 11:30:00,21.645,22.0,21.6,21.99,71613
2019-02-13 12:30:00,21.99,22.0,21.77,21.8,49278
2019-02-13 13:30:00,21.8,21.835,21.351,21.52,31986
2019-02-13 14:30:00,21.48,21.6,21.33,21.38,54988
2019-02-13 15:30:00,21.37,21.37,21.15,21.22,105622
2019-02-14 09:30:00,21.23,22.0,21.13,21.86,87693
2019-02-14 10:30:00,21.86,21.98,21.78,21.865,91770
2019-02-14 11:30:00,21.86,21.96,21.7,21.71,45161
2019-02-14 12:30:00,21.72,21.73,21.52,21.52,38837
2019-02-14 13:30:00,21.5321,21.5321,21.395,21.45,55977
2019-02-14 14:30:00,21.42,21.62,21.33,21.58,34874
2019-02-14 15:30:00,21.6,21.72,21.53,21.66,105808
2019-02-15 09:30:00,21.75,21.78,21.27,21.53,67151
2019-02-15 10:30:00,21.54,21.6,21.37,21.52,68327
2019-02-15 11:30:00,21.53,21.56,21.4,21.47,27073
2019-02-15 12:30:00,21.47,21.69,21.44,21.49,38065
2019-02-15 13:30:00,21.49,21.6,21.49,21.55,33444
2019-02-15 14:30:00,21.55,21.61,21.52,21.6035,33714
2019-02-15 15:30:00,21.605,21.84,21.605,21.84,109821
2019-04-15 09:30:00,24.52,24.68,24.25,24.25,21725
2019-04-15 10:30:00,24.22,24.4,24.1,24.2975,29848
2019-04-15 11:30:00,24.27,24.3,24.15,24.16,17506
2019-04-15 12:30:00,24.15,24.33,24.06,24.31,30816
2019-04-15 13:30:00,24.31,24.35,24.23,24.29,17215
2019-04-15 14:30:00,24.3,24.45,24.2902,24.38,29603
2019-04-15 15:30:00,24.385,24.57,24.38,24.52,34967
2019-04-16 09:30:00,24.52,25.2,24.52,24.75,60882
2019-04-16 10:30:00,24.78,24.84,24.57,24.59,24538
2019-04-16 11:30:00,24.6199,24.71,24.52,24.66,29481
2019-04-16 12:30:00,24.63,24.765,24.63,24.72,18694
2019-04-16 13:30:00,24.74,25.0,24.72,24.95,59800
2019-04-16 14:30:00,24.95,25.1,24.81,24.92,48747
2019-04-16 15:30:00,24.89,24.91,24.64,24.76,43631
2019-04-17 09:30:00,25.1,25.25,24.69,24.8099,36611
2019-04-17 10:30:00,24.8,25.11,24.8,24.95,24187
2019-04-17 11:30:00,24.92,24.92,24.64,24.83,33935
2019-04-17 12:30:00,24.84,24.92,24.76,24.85,10169
2019-04-17 13:30:00,24.85,24.96,24.76,24.76,25266
2019-04-17 14:30:00,24.78,25.07,24.74,25.065,27735
2019-04-17 15:30:00,25.06,25.17,25.03,25.16,55583
2019-04-18 09:30:00,25.08,25.25,24.7999,24.8159,48517
2019-04-18 10:30:00,24.8,25.2,24.75,25.09,32544
2019-04-18 11:30:00,25.12,25.46,25.12,25.29,48191
2019-04-18 12:30:00,25.29,25.33,25.24,25.28,21299
2019-04-18 13:30:00,25.28,25.42,25.21,25.24,18310
2019-04-18 14:30:00,25.23,25.32,24.99,25.3,34134
2019-04-18 15:30:00,25.28,25.35,25.19,25.31,48426
2019-04-22 09:30:00,25.2,25.445,24.91,24.98,39156
2019-04-22 10:30:00,24.98,25.23,24.94,25.18,33870
2019-04-22 11:30:00,25.18,25.27,25.0,25.15,18006
2019-04-22 12:30:00,25.18,25.21,25.11,25.15,14753
2019-04-22 13:30:00,25.11,25.2365,25.105,25.22,26620
2019-04-22 14:30:00,25.205,25.22,24.89,25.07,40510
2019-04-22 15:30:00,25.05,25.11,24.97,25.08,32422
2019-04-23 09:30:00,25.14,25.26,24.86,25.14,49955
2019-04-23 10:30:00,25.18,25.23,25.06,25.23,24415
2019-04-23 11:30:00,25.25,25.295,25.05,25.12,35675
2019-04-23 12:30:00,25.09,25.2,25.06,25.1,18680
2019-04-23 13:30:00,25.07,25.12,25.0,25.07,37109
2019-04-23 14:30:00,25.08,25.1,24.9,24.98,18930
2019-04-23 15:30:00,24.99,24.99,24.8572,24.91,30341
2019-04-24 09:30:00,24.88,25.48,24.76,25.48,70312
2019-04-24 10:30:00,25.47,25.88,25.42,25.64,76280
2019-04-24 11:30:00,25.63,25.71,25.51,25.71,39597
2019-04-24 12:30:00,25.69,25.69,25.44,25.485,24359
2019-04-24 13:30:00,25.485,25.57,25.41,25.445,24242
2019-04-24 14:30:00,25.46,25.73,25.43,25.54,33483
2019-04-24 15:30:00,25.545,25.57,25.31,25.32,51950
2019-04-25 09:30:00,25.62,25.74,24.8663,24.9634,74485
2019-04-25 10:30:00,24.87,24.98,24.71,24.92,31877
2019-04-25 11:30:00,24.94,25.1,24.89,25.01,62962
2019-04-25 12:30:00,25.02,25.15,24.95,25.02,24267
2019-04-25 13:30:00,25.02,25.02,24.83,24.91,10315
2019-04-25 14:30:00,24.92,24.98,24.86,24.92,18690
2019-04-25 15:30:00,24.94,25.02,24.92,24.98,20696
2019-04-26 09:30:00,24.67,24.7602,23.9206,24.71,70340
2019-04-26 10:30:00,24.7,25.0,24.66,24.98,14017
2019-04-26 11:30:00,24.9521,25.045,24.87,24.99,18309
2019-04-26 12:30:00,24.99,25.05,24.95,25.01,22736
2019-04-26 13:30:00,25.005,25.13,24.94,25.07,42003
2019-04-26 14:30:00,25.07,25.09,24.97,25.03,25385
2019-04-26 15:30:00,25.01,25.23,25.01,25.23,49874
2019-04-29 09:30:00,25.22,25.48,24.98,25.17,41454
2019-04-29 10:30:00,25.14,25.42,25.08,25.23,41575
2019-04-29 11:30:00,25.22,25.27,25.08,25.08,16208
2019-04-29 12:30:00,25.13,25.42,25.07,25.3,29878
2019-04-29 13:30:00,25.32,25.38,25.23,25.25,14316
2019-04-29 14:30:00,25.27,25.3,25.09,25.2,16285
2019-04-29 15:30:00,25.2,25.26,25.08,25.1,32171
2019-04-30 09:30:00,25.1,25.54,24.62,25.5399,49510
2019-04-30 10:30:00,25.54,25.62,25.22,25.251,31134
2019-04-30 11:30:00,25.32,25.56,25.31,25.43,43821
2019-04-30 12:30:00,25.46,25.53,25.38,25.39,18983
2019-04-30 13:30:00,25.39,25.51,25.38,25.455,31852
2019-04-30 14:30:00,25.45,25.46,25.2,25.24,28962
2019-04-30 15:30:00,25.24,25.29,25.15,25.18,53559
2019-05-13 09:30:00,22.83,22.9499,22.0407,22.3,76950
2019-05-13 10:30:00,22.281,22.45,22.06,22.17,28546
2019-05-13 11:30:00,22.175,22.31,22.15,22.31,17183
2019-05-13 12:30:00,22.32,22.39,22.11,22.12,26845
2019-05-13 13:30:00,22.13,22.41,22.1,22.385,19542
2019-05-13 14:30:00,22.3184,22.5,22.24,22.27,21812
2019-05-13 15:30:00,22.27,22.39,22.12,22.31,51726
2019-05-14 09:30:00,22.49,22.72,21.81,22.32,65669
2019-05-14 10:30:00,22.36,22.5092,22.15,22.48,51884
2019-05-14 11:30:00,22.5,22.56,22.3,22.39,32198
2019-05-14 12:30:00,22.39,22.5925,22.35,22.54,24340
2019-05-14 13:30:00,22.54,22.59,22.41,22.48,35252
2019-05-14 14:30:00,22.48,22.7,22.45,22.68,35525
2019-05-14 15:30:00,22.67,22.68,22.51,22.56,58067
2019-05-15 09:30:00,22.46,22.93,21.11,22.93,34953
2019-05-15 10:30:00,22.95,23.19,22.86,23.15,20439
2019-05-15 11:30:00,23.13,23.2,22.96,23.0811,25796
2019-05-15 12:30:00,23.08,23.16,22.95,23.11,20796
2019-05-15 13:30:00,23.13,23.36,23.12,23.29,30307
2019-05-15 14:30:00,23.29,23.42,23.2299,23.38,28807
2019-05-15 15:30:00,23.38,23.42,23.29,23.29,39483
2019-05-16 09:30:00,23.54,23.8,22.98,23.23,39961
2019-05-16 10:30:00,23.245,23.54,23.245,23.41,43944
2019-05-16 11:30:00,23.4599,23.51,23.37,23.49,31561
2019-05-16 12:30:00,23.4946,23.5,23.32,23.46,44482
2019-05-16 13:30:00,23.48,23.51,23.36,23.43,24763
2019-05-16 14:30:00,23.43,23.49,23.3,23.44,28226
2019-05-16 15:30:00,23.41,23.41,23.17,23.3,80726
2019-05-17 09:30:00,22.98,23.85,22.57,23.77,42834
2019-05-17 10:30:00,23.75,24.13,23.6,23.89,27952
2019-05-17 11:30:00,23.91,23.91,23.565,23.69,12849
2019-05-17 12:30:00,23.74,23.87,23.64,23.76,14401
2019-05-17 13:30:00,23.7538,23.8,23.5,23.51,25007
2019-05-17 14:30:00,23.53,23.58,23.26,23.31,22419
2019-05-17 15:30:00,23.31,23.33,23.16,23.21,37663
2019-05-20 09:30:00,22.77,23.28,22.47,22.76,91426
2019-05-20 10:30:00,22.76,23.14,22.71,22.965,92103
2019-05-20 11:30:00,22.955,23.35,22.935,23.27,34094
2019-05-20 12:30:00,23.285,23.46,23.25,23.41,40852
2019-05-20 13:30:00,23.4,23.42,22.945,23.01,60789
2019-05-20 14:30:00,23.0257,23.05,22.65,22.74,49489
2019-05-20 15:30:00,22.74,22.86,22.72,22.84,42283
2019-05-21 09:30:00,23.08,23.43,23.0,23.27,60084
2019-05-21 10:30:00,23.27,23.45,23.2303,23.34,53543
2019-05-21 11:30:00,23.33,23.39,23.26,23.27,27731
2019-05-21 12:30:00,23.2919,23.33,23.18,23.22,29388
2019-05-21 13:30:00,23.22,23.25,23.0,23.035,44030
2019-05-21 14:30:00,23.01,23.08,22.86,23.03,47879
2019-05-21 15:30:00,23.03,23.08,22.86,22.96,58422
2019-07-15 09:30:00,24.01,24.19,23.54,23.69,53450
2019-07-15 10:30:00,23.69,24.025,23.68,23.96,15460
2019-07-15 11:30:00,23.97,24.03,23.78,23.97,73154
2019-07-15 12:30:00,23.97,24.06,23.92,24.04,63792
2019-07-15 13:30:00,24.0189,24.05,23.92,23.95,20921
2019-07-15 14:30:00,23.97,23.97,23.83,23.925,12278
2019-07-15 15:30:00,23.93,24.02,23.91,23.99,46846
2019-07-16 09:30:00,24.0,24.2,23.25,23.3,25204
2019-07-16 10:30:00,23.3,23.61,23.28,23.52,20082
2019-07-16 11:30:00,23.4941,23.64,23.3,23.3865,15114
2019-07-16 12:30:00,23.38,23.65,23.38,23.61,12906
2019-07-16 13:30:00,23.61,23.64,23.46,23.6,11488
2019-07-16 14:30:00,23.61,23.8,23.56,23.56,19983
2019-07-16 15:30:00,23.55,23.6,23.51,23.51,34602
2019-07-17 09:30:00,23.75,24.1,23.55,23.82,56020
2019-07-17 10:30:00,23.81,24.01,23.71,24.0,13630
2019-07-17 11:30:00,24.01,24.09,23.91,23.98,27567
2019-07-17 12:30:00,23.98,24.11,23.93,23.98,64422
2019-07-17 13:30:00,23.98,24.03,23.92,23.99,14887
2019-07-17 14:30:00,23.97,24.09,23.92,23.99,22944
2019-07-17 15:30:00,24.0,24.05,23.91,23.92,29467
2019-07-18 09:30:00,23.88,24.33,23.88,24.22,110435
2019-07-18 10:30:00,24.24,24.44,24.15,24.17,71186
2019-07-18 11:30:00,24.16,24.49,24.11,24.48,30468
2019-07-18 12:30:00,24.45,24.45,24.27,24.35,13838
2019-07-18 13:30:00,24.35,24.42,24.32,24.4,11539
2019-07-18 14:30:00,24.41,24.49,24.39,24.49,27560
2019-07-18 15:30:00,24.47,24.68,24.47,24.57,56830
2019-07-19 09:30:00,24.55,24.82,24.37,24.63,31633
2019-07-19 10:30:00,24.635,24.72,24.56,24.66,42738
2019-07-19 11:30:00,24.67,24.68,24.4225,24.61,15358
2019-07-19 12:30:00,24.61,24.73,24.56,24.65,35792
2019-07-19 13:30:00,24.64,24.68,24.49,24.5459,21108
2019-07-19 14:30:00,24.5229,24.63,24.49,24.52,26573
2019-07-19 15:30:00,24.52,24.54,24.38,24.39,26580
2019-07-22 09:30:00,24.65,25.34,24.345,25.26,124766
2019-07-22 10:30:00,25.27,25.31,25.08,25.13,24016
2019-07-22 11:30:00,25.135,25.26,24.92,24.92,23497
2019-07-22 12:30:00,24.94,25.0968,24.94,25.07,15834
2019-07-22 13:30:00,25.065,25.26,25.06,25.15,31648
2019-07-22 14:30:00,25.15,25.18,24.97,25.12,25776
2019-07-22 15:30:00,25.09,25.25,25.05,25.23,50040
2019-07-23 09:30:00,25.38,25.54,25.17,25.54,39308
2019-07-23 10:30:00,25.57,25.6,25.42,25.55,19308
2019-07-23 11:30:00,25.525,25.65,25.35,25.63,23011
2019-07-23 12:30:00,25.63,25.7,25.575,25.63,28388
2019-07-23 13:30:00,25.62,25.75,25.451,25.52,37209
2019-07-23 14:30:00,25.52,25.6,25.47,25.4763,23068
2019-07-23 15:30:00,25.48,25.67,25.44,25.66,43145
2019-07-24 09:30:00,25.71,26.9,25.71,26.575,117322
2019-07-24 10:30:00,26.59,26.65,26.4,26.5901,92069
2019-07-24 11:30:00,26.62,26.62,26.4636,26.52,63419
2019-07-24 12:30:00,26.52,26.65,26.52,26.64,33571
2019-07-24 13:30:00,26.65,26.86,26.64,26.69,91913
2019-07-24 14:30:00,26.67,27.05,26.67,27.0,104346
2019-07-24 15:30:00,26.995,27.13,26.995,27.03,89324
2019-07-25 09:30:00,26.9,26.9,26.33,26.36,61056
2019-07-25 10:30:00,26.36,26.4522,26.25,26.25,20103
2019-07-25 11:30:00,26.249,26.4,26.21,26.37,26710
2019-07-25 12:30:00,26.37,26.37,25.99,26.08,28556
2019-07-25 13:30:00,26.09,26.25,25.96,25.98,28797
2019-07-25 14:30:00,25.97,26.105,25.87,26.05,22964
2019-07-25 15:30:00,26.08,26.11,25.72,25.73,58100
2019-07-26 09:30:00,25.86,26.28,25.57,26.06,27599
2019-07-26 10:30:00,26.06,26.12,25.8862,26.085,6074
2019-07-26 11:30:00,26.0893,26.16,25.8386,25.98,29767
2019-07-26 12:30:00,25.97,26.22,25.93,26.14,11629
2019-07-26 13:30:00,26.18,26.23,26.04,26.04,13031
2019-07-26 14:30:00,26.05,26.26,26.04,26.19,14215
2019-07-26 15:30:00,26.2,26.24,26.04,26.08,30962
2019-07-29 09:30:00,25.99,26.13,25.38,25.5797,18588
2019-07-29 10:30:00,25.57,25.59,25.1,25.33,104078
2019-07-29 11:30:00,25.39,25.55,25.32,25.43,12158
2019-07-29 12:30:00,25.44,25.49,25.39,25.45,11019
2019-07-29 13:30:00,25.46,25.68,25.39,25.68,24387
2019-07-29 14:30:00,25.65,25.76,25.63,25.71,9319
2019-07-29 15:30:00,25.7,25.76,25.65,25.74,18798
2019-07-30 09:30:00,25.36,25.78,24.945,25.2,63092
2019-07-30 10:30:00,25.21,25.6,25.14,25.46,31944
2019-07-30 11:30:00,25.44,25.65,25.3993,25.6001,18134
2019-07-30 12:30:00,25.64,25.7,25.53,25.63,16888
2019-07-30 13:30:00,25.645,25.71,25.5,25.64,29149
2019-07-30 14:30:00,25.6501,25.77,25.63,25.74,29392
2019-07-30 15:30:00,25.73,25.79,25.45,25.55,55783
2019-08-12 09:30:00,21.38,21.7399,21.28,21.33,40686
2019-08-12 10:30:00,21.31,21.59,21.27,21.55,18553
2019-08-12 11:30:00,21.56,21.62,21.25,21.36,32613
2019-08-12 12:30:00,21.34,21.41,21.15,21.255,35298
2019-08-12 13:30:00,21.24,21.24,21.03,21.075,28322
2019-08-12 14:30:00,21.08,21.43,21.05,21.43,45523
2019-08-12 15:30:00,21.3886,21.53,21.3886,21.51,35335
2019-08-13 09:30:00,21.4,22.52,21.15,22.49,28450
2019-08-13 10:30:00,22.438,22.48,21.96,21.97,15461
2019-08-13 11:30:00,21.97,22.05,21.77,21.945,36371
2019-08-13 12:30:00,21.945,21.98,21.84,21.84,12283
2019-08-13 13:30:00,21.89,21.95,21.81,21.93,10963
2019-08-13 14:30:00,21.92,21.93,21.66,21.68,27684
2019-08-13 15:30:00,21.66,21.7,21.63,21.68,27918
2019-08-14 09:30:00,21.07,21.215,20.6701,20.78,36475
2019-08-14 10:30:00,20.85,20.86,20.29,20.425,51278
2019-08-14 11:30:00,20.43,20.68,20.3,20.645,46513
2019-08-14 12:30:00,20.645,20.83,20.6,20.79,24384
2019-08-14 13:30:00,20.77,20.86,20.7,20.7,10696
2019-08-14 14:30:00,20.7,20.79,20.63,20.75,24635
2019-08-14 15:30:00,20.74,20.75,20.62,20.65,36474
2019-08-15 09:30:00,20.69,20.91,20.3,20.5,55430
2019-08-15 10:30:00,20.46,20.6,20.38,20.59,19792
2019-08-15 11:30:00,20.58,20.845,20.5,20.6,23005
2019-08-15 12:30:00,20.61,20.69,20.56,20.64,16176
2019-08-15 13:30:00,20.63,20.67,20.28,20.4,26797
2019-08-15 14:30:00,20.4,20.62,20.34,20.535,15043
2019-08-15 15:30:00,20.53,20.65,20.5,20.6,25409
2019-08-16 09:30:00,20.57,20.94,20.5242,20.88,52767
2019-08-16 10:30:00,20.765,21.12,20.62,21.08,20121
2019-08-16 11:30:00,21.09,21.14,20.95,21.12,16116
2019-08-16 12:30:00,21.1,21.255,21.09,21.25,13543
2019-08-16 13:30:00,21.28,21.38,21.26,21.3,11360
2019-08-16 14:30:00,21.29,21.42,21.26,21.4,18748
2019-08-16 15:30:00,21.4,21.51,21.39,21.4,40422
2019-08-19 09:30:00,21.87,22.21,21.53,21.685,22524
2019-08-19 10:30:00,21.72,22.01,21.69,21.95,17989
2019-08-19 11:30:00,21.935,22.28,21.81,21.93,75331
2019-08-19 12:30:00,21.91,21.96,21.81,21.81,8742
2019-08-19 13:30:00,21.8,21.82,21.55,21.59,9048
2019-08-19 14:30:00,21.6,21.63,21.44,21.53,16900
2019-08-19 15:30:00,21.52,21.61,21.5,21.53,36417
2019-08-20 09:30:00,21.46,21.58,21.18,21.37,8203
2019-08-20 10:30:00,21.34,21.37,21.11,21.21,9492
2019-08-20 11:30:00,21.21,21.31,21.14,21.28,5258
2019-08-20 12:30:00,21.27,21.31,21.23,21.24,5182
2019-08-20 13:30:00,21.24,21.26,21.08,21.19,11783
2019-08-20 14:30:00,21.22,21.23,21.04,21.11,15316
2019-08-20 15:30:00,21.11,21.17,21.0,21.02,22574
2019-09-30 09:30:00,24.32,24.64,24.045,24.27,12220
2019-09-30 10:30:00,24.27,24.42,24.14,24.3,15151
2019-09-30 11:30:00,24.22,24.52,24.1707,24.495,41222
2019-09-30 12:30:00,24.52,24.52,24.33,24.33,10018
2019-09-30 13:30:00,24.32,24.52,24.29,24.5,28467
2019-09-30 14:30:00,24.5,24.5,24.31,24.36,13996
2019-09-30 15:30:00,24.36,24.36,24.14,24.15,25431
2019-10-01 09:30:00,24.34,24.91,24.13,24.24,8785
2019-10-01 10:30:00,24.15,24.195,23.93,24.02,8175
2019-10-01 11:30:00,24.09,24.09,23.8,23.84,8270
2019-10-01 12:30:00,23.85,23.86,23.58,23.63,9208
2019-10-01 13:30:00,23.58,23.61,23.45,23.54,10520
2019-10-01 14:30:00,23.55,23.65,23.49,23.61,13411
2019-10-01 15:30:00,23.6047,23.61,23.44,23.46,18882
2019-10-02 09:30:00,23.17,23.6,23.03,23.55,16313
2019-10-02 10:30:00,23.45,23.52,23.26,23.375,25230
2019-10-02 11:30:00,23.4,23.44,23.25,23.31,16716
2019-10-02 12:30:00,23.26,23.3,23.09,23.2759,9999
2019-10-02 13:30:00,23.27,23.34,23.08,23.32,13456
2019-10-02 14:30:00,23.32,23.39,23.21,23.22,16933
2019-10-02 15:30:00,23.19,23.26,23.14,23.26,24820
2019-10-03 09:30:00,23.24,23.39,22.52,22.82,14463
2019-10-03 10:30:00,22.8,23.31,22.69,23.18,22217
2019-10-03 11:30:00,23.24,23.27,23.03,23.27,5894
2019-10-03 12:30:00,23.31,23.35,23.26,23.33,4815
2019-10-03 13:30:00,23.34,23.56,23.33,23.53,14563
2019-10-03 14:30:00,23.5369,23.55,23.41,23.46,18658
2019-10-03 15:30:00,23.48,23.52,23.39,23.5,19259
2019-10-04 09:30:00,23.52,23.97,23.48,23.8,17430
2019-10-04 10:30:00,23.7413,23.83,23.66,23.78,12668
2019-10-04 11:30:00,23.825,23.94,23.78,23.8688,6616
2019-10-04 12:30:00,23.84,23.9,23.74,23.84,13295
2019-10-04 13:30:00,23.84,23.86,23.75,23.82,7811
2019-10-04 14:30:00,23.82,23.86,23.74,23.785,13735
2019-10-04 15:30:00,23.78,23.97,23.765,23.93,35392
2019-10-07 09:30:00,23.96,24.22,23.75,24.19,33820
2019-10-07 10:30:00,24.18,24.39,24.15,24.16,11202
2019-10-07 11:30:00,24.15,24.2,23.97,24.08,7078
2019-10-07 12:30:00,24.03,24.07,23.88,23.905,6781
2019-10-07 13:30:00,23.93,24.13,23.92,23.97,8305
2019-10-07 14:30:00,23.95,23.98,23.76,23.8,9819
2019-10-07 15:30:00,23.81,23.82,23.67,23.7,23304
2019-10-08 09:30:00,23.6,23.76,23.07,23.18,42058
2019-10-08 10:30:00,23.34,23.71,23.14,23.48,29210
2019-10-08 11:30:00,23.48,23.48,23.29,23.44,30304
2019-10-08 12:30:00,23.43,23.6,23.295,23.45,19932
2019-10-08 13:30:00,23.45,23.56,23.39,23.4462,7666
2019-10-08 14:30:00,23.43,23.6,23.27,23.41,34116
2019-10-08 15:30:00,23.42,23.49,23.25,23.33,22425
2019-10-14 09:30:00,24.05,24.55,24.05,24.48,144116
2019-10-14 10:30:00,24.49,24.75,24.41,24.42,64656
2019-10-14 11:30:00,24.42,24.63,24.37,24.565,133095
2019-10-14 12:30:00,24.55,24.68,24.4972,24.65,61430
2019-10-14 13:30:00,24.64,24.67,24.28,24.53,178935
2019-10-14 14:30:00,24.54,24.55,24.35,24.53,122620
2019-10-14 15:30:00,24.53,24.795,24.51,24.77,51129
2019-10-15 09:30:00,24.98,25.4287,24.79,25.34,97090
2019-10-15 10:30:00,25.34,25.58,25.24,25.56,127529
2019-10-15 11:30:00,25.56,26.02,25.53,26.02,80435
2019-10-15 12:30:00,26.02,26.55,26.02,26.5,118475
2019-10-15 13:30:00,26.49,26.69,26.28,26.61,37052
2019-10-15 14:30:00,26.63,26.8,26.56,26.72,76126
2019-10-15 15:30:00,26.7,26.7392,26.52,26.59,99436
2019-10-16 09:30:00,26.4,26.52,25.79,26.369,33172
2019-10-16 10:30:00,26.42,26.45,25.975,25.99,35212
2019-10-16 11:30:00,25.99,26.01,25.75,25.75,15871
2019-10-16 12:30:00,25.75,25.82,25.42,25.68,57654
2019-10-16 13:30:00,25.65,25.7,25.16,25.17,24626
2019-10-16 14:30:00,25.15,25.29,25.01,25.08,42177
2019-10-16 15:30:00,25.08,25.17,25.02,25.15,43357
2019-10-17 09:30:00,25.64,26.31,25.48,25.9,35692
2019-10-17 10:30:00,25.84,25.9574,25.58,25.6557,34870
2019-10-17 11:30:00,25.67,25.68,25.14,25.56,48566
2019-10-17 12:30:00,25.59,25.63,25.43,25.4736,27621
2019-10-17 13:30:00,25.5,25.61,25.5,25.56,11963
2019-10-17 14:30:00,25.52,25.58,25.42,25.51,35875
2019-10-17 15:30:00,25.51,25.64,25.4,25.58,38473
2019-10-18 09:30:00,25.46,25.82,25.41,25.46,33921
2019-10-18 10:30:00,25.39,25.56,25.3,25.46,18899
2019-10-18 11:30:00,25.42,25.54,24.99,25.09,21905
2019-10-18 12:30:00,25.12,25.33,25.05,25.2,30541
2019-10-18 13:30:00,25.16,25.21,25.05,25.11,44536
2019-10-18 14:30:00,25.1,25.32,25.02,25.29,16427
2019-10-18 15:30:00,25.3,25.33,25.21,25.21,15123
2019-10-21 09:30:00,25.52,26.0,25.52,25.785,19880
2019-10-21 10:30:00,25.76,26.06,25.75,25.985,18499
2019-10-21 11:30:00,25.97,26.07,25.79,26.07,18981
2019-10-21 12:30:00,26.07,26.21,26.0154,26.19,20227
2019-10-21 13:30:00,26.15,26.3,26.14,26.27,14104
2019-10-21 14:30:00,26.29,26.32,26.25,26.28,14177
2019-10-21 15:30:00,26.29,26.34,26.25,26.29,42098
2019-10-22 09:30:00,26.3,26.61,26.27,26.51,35040
2019-10-22 10:30:00,26.55,26.59,26.45,26.54,28355
2019-10-22 11:30:00,26.565,26.59,26.48,26.53,27277
2019-10-22 12:30:00,26.53,26.55,26.41,26.43,16253
2019-10-22 13:30:00,26.43,26.53,26.43,26.49,15052
2019-10-22 14:30:00,26.5,26.5385,26.49,26.5,22756
2019-10-22 15:30:00,26.495,26.52,26.37,26.51,50776
2019-10-23 09:30:00,26.26,26.27,25.94,26.09,7795
2019-10-23 10:30:00,26.05,26.13,25.8935,26.06,5922
2019-10-23 11:30:00,26.035,26.2,26.035,26.14,8027
2019-10-23 12:30:00,26.18,26.27,26.07,26.151,9399
2019-10-23 13:30:00,26.17,26.21,26.02,26.1,12871
2019-10-23 14:30:00,26.11,26.11,25.88,26.05,28332
2019-10-23 15:30:00,26.07,26.11,26.0196,26.1,17951
2019-10-24 09:30:00,27.0,28.5,26.67,28.29,352448
2019-10-24 10:30:00,28.26,28.6,27.95,28.06,174478
2019-10-24 11:30:00,28.0272,28.16,27.73,28.15,114025
2019-10-24 12:30:00,28.14,28.38,28.14,28.27,149094
2019-10-24 13:30:00,28.27,28.6,28.26,28.6,144568
2019-10-24 14:30:00,28.6,28.9,28.54,28.85,133786
2019-10-24 15:30:00,28.84,28.9,28.74,28.79,122234
2019-10-25 09:30:00,28.77,29.26,28.56,29.09,97566
2019-10-25 10:30:00,29.07,29.465,29.04,29.35,77084
2019-10-25 11:30:00,29.36,29.75,29.36,29.52,112950
2019-10-25 12:30:00,29.535,29.72,29.48,29.68,46902
2019-10-25 13:30:00,29.68,29.88,29.56,29.8668,45196
2019-10-25 14:30:00,29.87,29.94,29.7499,29.86,46802
2019-10-25 15:30:00,29.86,29.86,29.5,29.75,76958
2019-10-28 09:30:00,29.96,30.36,29.7,30.09,60840
2019-10-28 10:30:00,30.18,30.5,30.14,30.46,32365
2019-10-28 11:30:00,30.52,30.87,30.51,30.71,31411
2019-10-28 12:30:00,30.7324,30.7324,30.58,30.69,21045
2019-10-28 13:30:00,30.69,30.72,30.17,30.3,35578
2019-10-28 14:30:00,30.32,30.409,29.88,30.11,66445
2019-10-28 15:30:00,30.115,30.14,29.83,29.83,111460
2019-10-29 09:30:00,29.87,29.95,29.21,29.29,22570
2019-10-29 10:30:00,29.33,29.37,28.99,29.09,25986
2019-10-29 11:30:00,29.1,29.24,28.89,29.12,26697
2019-10-29 12:30:00,29.17,29.27,29.0,29.25,28039
2019-10-29 13:30:00,29.25,29.27,29.02,29.02,22877
2019-10-29 14:30:00,29.045,29.2,28.9426,28.97,28305
2019-10-29 15:30:00,28.98,29.12,28.95,29.12,37175
2019-11-11 09:30:00,30.86,31.23,30.28,31.23,46668
2019-11-11 10:30:00,31.25,31.5,31.12,31.34,81988
2019-11-11 11:30:00,31.35,31.5,31.29,31.39,77227
2019-11-11 12:30:00,31.375,31.4403,31.28,31.33,15306
2019-11-11 13:30:00,31.34,31.45,31.27,31.45,28393
2019-11-11 14:30:00,31.45,31.46,31.225,31.27,36596
2019-11-11 15:30:00,31.295,31.39,31.22,31.36,66138
2019-11-12 09:30:00,31.46,31.83,30.95,31.5,173330
2019-11-12 10:30:00,31.56,31.91,31.23,31.29,139740
2019-11-12 11:30:00,31.285,31.285,31.03,31.1,41144
2019-11-12 12:30:00,31.13,31.24,31.08,31.11,28029
2019-11-12 13:30:00,31.13,31.15,30.88,30.94,19675
2019-11-12 14:30:00,30.94,31.04,30.79,31.04,26252
2019-11-12 15:30:00,31.01,31.24,31.01,31.21,68397
2019-11-13 09:30:00,31.02,31.46,30.67,31.4,115325
2019-11-13 10:30:00,31.45,31.45,31.14,31.29,74763
2019-11-13 11:30:00,31.29,31.48,31.215,31.28,69771
2019-11-13 12:30:00,31.245,31.41,31.245,31.41,16860
2019-11-13 13:30:00,31.45,31.47,31.06,31.15,32930
2019-11-13 14:30:00,31.15,31.45,31.15,31.4,26685
2019-11-13 15:30:00,31.38,31.44,31.1964,31.37,44667
2019-11-14 09:30:00,31.29,31.59,30.99,31.31,130131
2019-11-14 10:30:00,31.29,31.63,31.21,31.63,28751
2019-11-14 11:30:00,31.625,31.68,30.98,31.09,141265
2019-11-14 12:30:00,31.09,31.15,31.0,31.12,55388
2019-11-14 13:30:00,31.11,31.19,30.995,31.025,37309
2019-11-14 14:30:00,31.03,31.26,31.015,31.165,46402
2019-11-14 15:30:00,31.18,31.37,31.17,31.23,53056
2019-11-15 09:30:00,31.76,32.8,31.59,32.09,205073
2019-11-15 10:30:00,32.09,32.19,31.81,32.05,126238
2019-11-15 11:30:00,32.06,32.35,32.01,32.16,54539
2019-11-15 12:30:00,32.14,32.32,31.99,32.3,35933
2019-11-15 13:30:00,32.305,32.32,32.12,32.21,27137
2019-11-15 14:30:00,32.185,32.35,32.1,32.25,40543
2019-11-15 15:30:00,32.27,32.35,32.23,32.31,67915
2019-11-18 09:30:00,32.3,32.3,31.27,31.985,98939
2019-11-18 10:30:00,31.99,32.16,31.92,31.925,96317
2019-11-18 11:30:00,31.94,32.1,31.94,31.98,43396
2019-11-18 12:30:00,31.99,32.19,31.97,32.16,27309
2019-11-18 13:30:00,32.17,32.45,32.17,32.32,47462
2019-11-18 14:30:00,32.3473,32.3473,32.1,32.11,25021
2019-11-18 15:30:00,32.13,32.16,32.03,32.05,32066
2019-11-19 09:30:00,32.26,32.31,31.72,31.95,19345
2019-11-19 10:30:00,31.95,32.335,31.95,32.26,31210
2019-11-19 11:30:00,32.24,32.49,32.13,32.37,27235
2019-11-19 12:30:00,32.38,32.43,32.24,32.37,24128
2019-11-19 13:30:00,32.3805,32.45,32.24,32.26,35233
2019-11-19 14:30:00,32.26,32.4,32.09,32.11,42698
2019-11-19 15:30:00,32.09,32.25,31.99,32.2,53428
2020-01-13 09:30:00,30.75,30.88,30.32,30.64,32596
2020-01-13 10:30:00,30.665,30.75,30.515,30.5717,43444
2020-01-13 11:30:00,30.57,30.84,30.51,30.7368,60650
2020-01-13 12:30:00,30.72,31.1,30.72,31.0231,36153
2020-01-13 13:30:00,31.05,31.15,30.97,31.01,31204
2020-01-13 14:30:00,31.01,31.11,30.88,30.93,21544
2020-01-13 15:30:00,30.92,30.96,30.84,30.9,34429
2020-01-14 09:30:00,35.0,36.91,34.5,36.38,568717
2020-01-14 10:30:00,36.36,37.63,36.28,37.47,391356
2020-01-14 11:30:00,37.47,38.25,37.24,38.191,212756
2020-01-14 12:30:00,38.22,38.95,38.12,38.8541,281435
2020-01-14 13:30:00,38.89,39.07,37.92,38.595,268381
2020-01-14 14:30:00,38.5973,38.98,38.55,38.88,184442
2020-01-14 15:30:00,38.9,39.83,38.9,39.79,344027
2020-01-15 09:30:00,38.85,39.6414,38.2801,38.32,303107
2020-01-15 10:30:00,38.37,38.8,38.2,38.78,97868
2020-01-15 11:30:00,38.8,39.0,38.64,38.68,56121
2020-01-15 12:30:00,38.68,38.74,38.07,38.4,63460
2020-01-15 13:30:00,38.395,38.47,37.73,37.84,109085
2020-01-15 14:30:00,37.85,38.35,37.77,37.82,131380
2020-01-15 15:30:00,37.82,38.14,37.69,38.03,118165
2020-01-16 09:30:00,38.91,39.34,38.01,38.94,196928
2020-01-16 10:30:00,38.985,39.35,38.41,38.46,63199
2020-01-16 11:30:00,38.44,38.73,38.36,38.62,28196
2020-01-16 12:30:00,38.65,38.8,38.53,38.78,109192
2020-01-16 13:30:00,38.77,39.56,38.77,39.39,38245
2020-01-16 14:30:00,39.37,39.7,39.3,39.5245,49467
2020-01-16 15:30:00,39.52,39.53,39.3,39.33,51973
2020-01-17 09:30:00,39.64,39.68,38.83,39.212,63201
2020-01-17 10:30:00,39.21,39.28,38.6282,38.74,42024
2020-01-17 11:30:00,38.755,39.06,38.7,39.02,25496
2020-01-17 12:30:00,38.99,39.43,38.92,39.33,25782
2020-01-17 13:30:00,39.33,39.355,38.93,38.985,21156
2020-01-17 14:30:00,38.96,38.96,38.54,38.66,20920
2020-01-17 15:30:00,38.66,38.665,38.55,38.59,41195
2020-01-21 09:30:00,38.56,39.11,38.05,38.6537,53746
2020-01-21 10:30:00,38.679,38.99,38.645,38.7,27572
2020-01-21 11:30:00,38.72,38.76,38.53,38.7,13081
2020-01-21 12:30:00,38.71,38.71,38.27,38.36,28705
2020-01-21 13:30:00,38.38,38.38,37.7,37.7,64250
2020-01-21 14:30:00,37.72,38.02,37.49,37.935,30721
2020-01-21 15:30:00,37.915,37.985,37.72,37.81,45578
2020-01-22 09:30:00,38.56,38.7,38.12,38.23,53611
2020-01-22 10:30:00,38.2351,38.2351,37.83,38.02,24102
2020-01-22 11:30:00,38.11,38.3,37.9,38.01,34094
2020-01-22 12:30:00,38.05,38.23,38.0,38.155,17132
2020-01-22 13:30:00,38.145,38.31,37.93,37.97,24219
2020-01-22 14:30:00,37.94,38.02,37.44,37.58,29515
2020-01-22 15:30:00,37.58,37.69,37.46,37.64,47228
2020-01-23 09:30:00,37.7,37.85,37.15,37.65,38112
2020-01-23 10:30:00,37.74,37.79,37.04,37.05,25109
2020-01-23 11:30:00,37.09,37.29,36.81,36.95,83388
2020-01-23 12:30:00,36.94,37.14,36.76,37.03,48892
2020-01-23 13:30:00,37.0784,37.08,36.91,37.06,30114
2020-01-23 14:30:00,37.06,37.51,37.0,37.5,36667
2020-01-23 15:30:00,37.49,37.73,37.4582,37.54,34799
2020-01-24 09:30:00,37.68,38.02,37.14,37.29,32595
2020-01-24 10:30:00,37.19,37.41,37.18,37.25,9306
2020-01-24 11:30:00,37.225,37.28,36.3704,36.51,43288
2020-01-24 12:30:00,36.53,36.78,36.45,36.5,16326
2020-01-24 13:30:00,36.47,36.54,35.87,35.92,35277
2020-01-24 14:30:00,35.98,36.57,35.92,36.31,35720
2020-01-24 15:30:00,36.33,36.48,36.16,36.33,35816
2020-01-27 09:30:00,35.5,36.36,35.07,35.745,86955
2020-01-27 10:30:00,35.74,35.78,34.87,35.13,31847
2020-01-27 11:30:00,35.19,35.48,35.19,35.29,26774
2020-01-27 12:30:00,35.29,35.325,34.91,35.15,19617
2020-01-27 13:30:00,35.12,35.185,35.0,35.1,10561
2020-01-27 14:30:00,35.11,35.13,34.77,34.78,18631
2020-01-27 15:30:00,34.79,34.855,34.61,34.75,64231
2020-01-28 09:30:00,35.4,35.72,34.37,35.2,44385
2020-01-28 10:30:00,35.2175,35.2175,34.9235,35.2,21997
2020-01-28 11:30:00,35.21,35.51,35.165,35.43,16095
2020-01-28 12:30:00,35.44,35.47,35.27,35.38,16586
2020-01-28 13:30:00,35.415,35.65,35.3,35.63,19258
2020-01-28 14:30:00,35.6343,35.88,35.58,35.79,30659
2020-01-28 15:30:00,35.78,35.86,35.62,35.65,54060
2020-02-07 09:30:00,34.08,34.24,33.06,33.2192,50191
2020-02-07 10:30:00,33.195,33.852,33.195,33.79,32818
2020-02-07 11:30:00,33.8,33.92,33.54,33.66,41806
2020-02-07 12:30:00,33.66,33.66,33.34,33.3814,15091
2020-02-07 13:30:00,33.3907,33.42,33.1305,33.35,42876
2020-02-07 14:30:00,33.29,33.52,33.23,33.39,38799
2020-02-07 15:30:00,33.4,33.4358,33.23,33.33,38755
2020-02-10 09:30:00,33.23,33.9173,33.23,33.76,38399
2020-02-10 10:30:00,33.68,33.94,33.58,33.895,22725
2020-02-10 11:30:00,33.88,34.31,33.855,34.23,22156
2020-02-10 12:30:00,34.22,34.33,33.95,34.239,43890
2020-02-10 13:30:00,34.25,34.34,34.05,34.24,14803
2020-02-10 14:30:00,34.25,34.72,34.21,34.7,25263
2020-02-10 15:30:00,34.68,34.75,34.53,34.73,61566
2020-02-11 09:30:00,34.49,36.1299,34.49,35.59,90593
2020-02-11 10:30:00,35.59,35.71,35.29,35.64,33006
2020-02-11 11:30:00,35.65,35.71,35.31,35.65,19201
2020-02-11 12:30:00,35.66,35.94,35.65,35.8648,18079
2020-02-11 13:30:00,35.87,35.9,35.3427,35.42,34404
2020-02-11 14:30:00,35.42,35.6,35.3,35.412,20809
2020-02-11 15:30:00,35.42,35.54,35.41,35.5,36424
2020-02-12 09:30:00,35.69,36.24,35.63,35.9,55862
2020-02-12 10:30:00,35.93,36.89,35.9,36.87,84434
2020-02-12 11:30:00,36.895,37.08,36.58,37.07,76082
2020-02-12 12:30:00,37.04,37.23,36.9882,37.13,35817
2020-02-12 13:30:00,37.14,37.3,36.92,37.11,63399
2020-02-12 14:30:00,37.1212,37.168,36.95,37.01,33436
2020-02-12 15:30:00,37.025,37.0971,36.81,36.87,61847
2020-02-13 09:30:00,36.63,37.36,36.26,36.89,61533
2020-02-13 10:30:00,36.935,37.18,36.83,37.18,11503
2020-02-13 11:30:00,37.18,37.385,37.0834,37.38,26506
2020-02-13 12:30:00,37.4,37.4899,37.1,37.405,20103
2020-02-13 13:30:00,37.4245,37.87,37.35,37.855,51496
2020-02-13 14:30:00,37.87,37.95,37.46,37.65,55703
2020-02-13 15:30:00,37.6789,37.74,37.45,37.72,71535
2020-02-14 09:30:00,36.98,37.98,36.54,37.07,50426
2020-02-14 10:30:00,37.16,37.16,36.17,36.22,41487
2020-02-14 11:30:00,36.27,36.39,35.57,35.67,52212
2020-02-14 12:30:00,35.67,35.7304,35.15,35.2,79549
2020-02-14 13:30:00,35.21,35.44,34.95,35.4,58226
2020-02-14 14:30:00,35.38,35.57,35.09,35.205,52854
2020-02-14 15:30:00,35.22,35.53,35.13,35.44,93795
2020-03-04 09:30:00,29.46,30.9495,29.46,30.67,71047
2020-03-04 10:30:00,30.63,30.6709,30.01,30.31,22906
2020-03-04 11:30:00,30.1889,30.535,30.1,30.33,34982
2020-03-04 12:30:00,30.36,30.82,30.3,30.73,16722
2020-03-04 13:30:00,30.74,31.215,30.72,31.11,23175
2020-03-04 14:30:00,31.11,31.22,30.87,31.15,32664
2020-03-04 15:30:00,31.15,31.215,30.9,31.1,39239
2020-03-05 09:30:00,30.26,30.87,30.05,30.47,33462
2020-03-05 10:30:00,30.31,30.46,29.94,30.46,17816
2020-03-05 11:30:00,30.45,30.48,29.96,30.03,17155
2020-03-05 12:30:00,30.03,30.09,29.3,29.6,31558
2020-03-05 13:30:00,29.5817,29.89,29.54,29.77,46535
2020-03-05 14:30:00,29.8,29.89,29.42,29.46,39618
2020-03-05 15:30:00,29.46,29.81,29.45,29.7,47571
2020-03-06 09:30:00,28.37,29.37,28.17,29.3,34484
2020-03-06 10:30:00,29.22,29.4,28.25,28.37,29073
2020-03-06 11:30:00,28.38,28.48,28.11,28.32,14226
2020-03-06 12:30:00,28.34,28.5462,28.07,28.09,10261
2020-03-06 13:30:00,28.11,28.24,27.84,27.89,24514
2020-03-06 14:30:00,27.88,27.9404,27.57,27.75,32549
2020-03-06 15:30:00,27.72,28.77,27.72,28.64,182911
2020-03-09 09:30:00,26.31,28.18,26.0,26.31,71728
2020-03-09 10:30:00,26.94,27.14,26.14,27.06,62551
2020-03-09 11:30:00,27.04,27.5,26.95,27.055,48105
2020-03-09 12:30:00,27.04,27.21,26.35,26.395,51301
2020-03-09 13:30:00,26.39,26.4,25.81,26.12,68704
2020-03-09 14:30:00,26.14,26.88,26.11,26.7,85299
2020-03-09 15:30:00,26.65,26.74,26.11,26.15,72437
2020-03-10 09:30:00,27.11,27.45,26.15,26.53,57448
2020-03-10 10:30:00,26.5158,26.5158,25.33,25.34,44812
2020-03-10 11:30:00,25.3,25.97,25.0,25.73,31466
2020-03-10 12:30:00,25.66,25.975,25.57,25.92,10081
2020-03-10 13:30:00,25.95,26.22,25.44,25.98,30717
2020-03-10 14:30:00,25.97,26.64,25.96,26.28,47736
2020-03-10 15:30:00,26.29,26.68,26.29,26.61,61944
2020-03-11 09:30:00,25.66,26.2,25.33,25.56,28883
2020-03-11 10:30:00,25.55,25.69,24.98,25.19,26331
2020-03-11 11:30:00,25.21,25.56,25.03,25.33,16300
2020-03-11 12:30:00,25.37,25.44,24.68,24.73,13910
2020-03-11 13:30:00,24.7527,24.82,24.3,24.38,22828
2020-03-11 14:30:00,24.32,24.42,23.85,24.21,39029
2020-03-11 15:30:00,24.2,24.62,24.0373,24.4,38439
2020-03-12 09:30:00,22.87,23.23,22.25,22.62,34271
2020-03-12 10:30:00,22.67,23.24,22.37,22.4,46861
2020-03-12 11:30:00,22.4,22.42,21.51,22.26,42072
2020-03-12 12:30:00,22.24,23.25,21.66,22.325,48160
2020-03-12 13:30:00,22.305,22.825,22.08,22.16,43115
2020-03-12 14:30:00,22.085,22.52,21.73,21.76,42858
2020-03-12 15:30:00,21.73,22.16,21.51,21.52,71976
2020-04-13 09:30:00,22.25,22.56,21.1,21.42,29034
2020-04-13 10:30:00,21.4057,21.5,21.02,21.23,24791
2020-04-13 11:30:00,21.19,21.62,21.08,21.56,24924
2020-04-13 12:30:00,21.48,21.5376,20.92,20.9996,24996
2020-04-13 13:30:00,20.95,21.38,20.95,21.0535,23648
2020-04-13 14:30:00,21.045,21.48,20.95,21.48,28566
2020-04-13 15:30:00,21.49,21.62,21.4,21.49,44181
2020-04-14 09:30:00,22.25,23.29,22.25,23.12,60677
2020-04-14 10:30:00,23.02,23.03,22.19,22.29,47283
2020-04-14 11:30:00,22.3,22.96,22.19,22.7,22633
2020-04-14 12:30:00,22.74,22.74,22.12,22.33,27086
2020-04-14 13:30:00,22.29,22.41,22.15,22.3,27993
2020-04-14 14:30:00,22.33,22.565,22.13,22.56,90728
2020-04-14 15:30:00,22.535,22.8,22.535,22.68,49709
2020-04-15 09:30:00,21.6,21.76,20.93,21.092,49239
2020-04-15 10:30:00,21.15,21.38,21.05,21.14,26552
2020-04-15 11:30:00,21.135,21.185,20.8,20.865,25377
2020-04-15 12:30:00,20.865,21.17,20.835,21.05,34446
2020-04-15 13:30:00,21.03,21.36,20.97,21.27,74128
2020-04-15 14:30:00,21.29,21.3,21.05,21.165,35158
2020-04-15 15:30:00,21.18,21.63,21.16,21.38,64003
2020-04-16 09:30:00,22.01,22.65,21.13,21.48,36584
2020-04-16 10:30:00,21.48,21.68,21.32,21.32,50441
2020-04-16 11:30:00,21.395,21.5,20.83,20.91,27234
2020-04-16 12:30:00,20.9,21.01,20.74,20.92,23998
2020-04-16 13:30:00,20.87,21.2,20.87,21.03,19399
2020-04-16 14:30:00,21.03,21.47,21.01,21.44,25273
2020-04-16 15:30:00,21.46,21.69,21.38,21.67,61323
2020-04-17 09:30:00,22.68,23.14,22.02,22.25,67214
2020-04-17 10:30:00,22.185,22.2203,21.765,21.8607,29263
2020-04-17 11:30:00,21.81,22.02,21.75,21.86,17834
2020-04-17 12:30:00,21.865,22.345,21.865,22.17,23457
2020-04-17 13:30:00,22.205,22.3499,22.08,22.22,18442
2020-04-17 14:30:00,22.17,22.39,22.15,22.36,11662
2020-04-17 15:30:00,22.39,22.55,22.33,22.42,43883
2020-04-20 09:30:00,22.05,22.38,21.64,21.75,21108
2020-04-20 10:30:00,21.82,22.04,21.71,21.745,20361
2020-04-20 11:30:00,21.72,22.14,21.71,22.08,24115
2020-04-20 12:30:00,22.08,22.13,21.77,21.794,11343
2020-04-20 13:30:00,21.79,21.94,21.55,21.57,15671
2020-04-20 14:30:00,21.57,21.66,21.39,21.54,40457
2020-04-20 15:30:00,21.54,21.68,21.37,21.41,43078
2020-04-21 09:30:00,20.57,21.27,20.44,21.19,43818
2020-04-21 10:30:00,21.21,21.3395,20.49,20.6,38619
2020-04-21 11:30:00,20.66,20.91,20.61,20.81,12447
2020-04-21 12:30:00,20.8,20.95,20.62,20.9,11898
2020-04-21 13:30:00,20.88,21.1214,20.8,21.05,15837
2020-04-21 14:30:00,21.02,21.03,20.76,20.98,22452
2020-04-21 15:30:00,20.95,21.03,20.68,20.69,85812
2020-04-22 09:30:00,21.5,21.91,21.32,21.7962,23469
2020-04-22 10:30:00,21.7376,22.09,21.7376,21.84,20839
2020-04-22 11:30:00,21.84,21.95,21.77,21.77,6512
2020-04-22 12:30:00,21.72,22.2699,21.71,22.2699,27496
2020-04-22 13:30:00,22.24,22.73,22.11,22.73,35722
2020-04-22 14:30:00,22.69,23.02,22.64,22.69,33092
2020-04-22 15:30:00,22.68,22.79,22.47,22.48,39137
2020-04-23 09:30:00,22.51,23.0164,22.14,22.29,22984
2020-04-23 10:30:00,22.233,22.33,22.05,22.25,12986
2020-04-23 11:30:00,22.2899,22.29,21.85,22.2,12843
2020-04-23 12:30:00,22.21,22.27,21.63,22.02,30437
2020-04-23 13:30:00,21.95,22.09,21.76,22.05,14044
2020-04-23 14:30:00,22.055,22.2,21.93,21.95,16031
2020-04-23 15:30:00,21.93,22.42,21.905,22.11,37886
2020-04-24 09:30:00,21.99,22.39,21.44,21.44,11461
2020-04-24 10:30:00,21.47,21.82,21.42,21.7994,12800
2020-04-24 11:30:00,21.75,22.02,21.66,22.02,9993
2020-04-24 12:30:00,22.01,22.14,21.8832,22.0721,9790
2020-04-24 13:30:00,22.1,22.25,22.09,22.16,7422
2020-04-24 14:30:00,22.16,22.42,22.03,22.42,20690
2020-04-24 15:30:00,22.39,22.39,22.23,22.26,32570
2020-04-27 09:30:00,22.67,23.46,22.34,23.27,24804
2020-04-27 10:30:00,23.23,23.47,22.96,23.47,9851
2020-04-27 11:30:00,23.47,23.71,23.39,23.4,18468
2020-04-27 12:30:00,23.42,23.52,23.23,23.34,21655
2020-04-27 13:30:00,23.335,23.41,23.17,23.31,12777
2020-04-27 14:30:00,23.32,23.71,23.25,23.64,49003
2020-04-27 15:30:00,23.64,23.74,23.43,23.44,41590
2020-04-28 09:30:00,24.0,24.78,24.0,24.05,56754
2020-04-28 10:30:00,24.07,24.4,23.32,23.77,56473
2020-04-28 11:30:00,23.74,24.02,23.69,24.01,14266
2020-04-28 12:30:00,24.0,24.39,23.99,24.32,13412
2020-04-28 13:30:00,24.3302,24.68,24.32,24.57,17584
2020-04-28 14:30:00,24.6,24.66,24.23,24.355,25839
2020-04-28 15:30:00,24.39,24.53,24.29,24.37,42732
2020-05-11 09:30:00,22.72,22.94,22.45,22.66,33550
2020-05-11 10:30:00,22.64,23.07,22.55,22.98,49746
2020-05-11 11:30:00,23.0,23.1778,22.89,23.17,22554
2020-05-11 12:30:00,23.16,23.385,23.07,23.36,22619
2020-05-11 13:30:00,23.38,23.43,23.06,23.1,15509
2020-05-11 14:30:00,23.1,23.33,23.049,23.22,22184
2020-05-11 15:30:00,23.21,23.21,22.85,22.9,55950
2020-05-12 09:30:00,22.97,23.1,22.25,22.44,40516
2020-05-12 10:30:00,22.49,22.79,22.43,22.53,24202
2020-05-12 11:30:00,22.53,22.69,22.29,22.69,37095
2020-05-12 12:30:00,22.69,22.84,22.37,22.445,22515
2020-05-12 13:30:00,22.45,22.5,22.21,22.36,24977
2020-05-12 14:30:00,22.36,22.47,22.16,22.175,29898
2020-05-12 15:30:00,22.18,22.2,21.7385,21.78,72849
2020-05-13 09:30:00,21.54,22.01,20.9349,22.0,39923
2020-05-13 10:30:00,21.995,22.05,21.05,21.26,20167
2020-05-13 11:30:00,21.3,21.33,20.61,20.78,33575
2020-05-13 12:30:00,20.76,20.82,20.4,20.78,34386
2020-05-13 13:30:00,20.74,20.87,20.58,20.85,20137
2020-05-13 14:30:00,20.815,20.92,20.59,20.74,32556
2020-05-13 15:30:00,20.72,20.78,20.61,20.66,97967
2020-05-14 09:30:00,20.13,20.285,19.5,19.71,62175
2020-05-14 10:30:00,19.6926,20.71,19.6926,20.37,74518
2020-05-14 11:30:00,20.395,20.5,19.95,19.99,19034
2020-05-14 12:30:00,19.93,20.47,19.93,20.38,18049
2020-05-14 13:30:00,20.39,20.45,20.06,20.175,15631
2020-05-14 14:30:00,20.19,21.2099,20.11,21.12,70499
2020-05-14 15:30:00,21.14,21.48,21.03,21.28,83103
2020-05-15 09:30:00,21.01,21.32,20.275,21.08,106549
2020-05-15 10:30:00,21.03,21.13,20.26,20.485,25144
2020-05-15 11:30:00,20.53,20.64,20.33,20.55,31889
2020-05-15 12:30:00,20.58,20.74,20.48,20.648,25002
2020-05-15 13:30:00,20.62,20.75,20.58,20.715,18827
2020-05-15 14:30:00,20.72,20.74,20.43,20.5,22044
2020-05-15 15:30:00,20.49,20.5,20.15,20.2,68658
2020-05-18 09:30:00,21.45,21.88,21.0,21.24,63744
2020-05-18 10:30:00,21.1896,21.45,21.08,21.28,45853
2020-05-18 11:30:00,21.27,21.31,20.99,21.19,30073
2020-05-18 12:30:00,21.17,21.455,20.99,21.4412,26976
2020-05-18 13:30:00,21.4756,21.56,21.26,21.36,31640
2020-05-18 14:30:00,21.4,21.69,21.36,21.64,31138
2020-05-18 15:30:00,21.66,21.9,21.65,21.86,56646
2020-05-19 09:30:00,21.77,22.2,21.59,22.13,13271
2020-05-19 10:30:00,22.1631,22.71,22.1631,22.6899,76851
2020-05-19 11:30:00,22.71,22.81,22.52,22.7237,29562
2020-05-19 12:30:00,22.7102,22.87,22.66,22.815,24163
2020-05-19 13:30:00,22.8,22.995,22.76,22.775,17373
2020-05-19 14:30:00,22.75,22.83,22.29,22.49,35136
2020-05-19 15:30:00,22.49,22.49,22.08,22.11,49615
2020-07-13 09:30:00,27.8,28.98,27.7035,28.9,98842
2020-07-13 10:30:00,28.92,29.66,28.755,29.65,75736
2020-07-13 11:30:00,29.64,29.82,29.26,29.45,51895
2020-07-13 12:30:00,29.47,29.64,28.3,29.3984,95863
2020-07-13 13:30:00,29.38,29.61,28.6,28.67,32509
2020-07-13 14:30:00,28.65,28.755,28.26,28.26,31858
2020-07-13 15:30:00,28.2401,28.27,27.2801,27.37,109744
2020-07-14 09:30:00,27.28,27.5299,26.7,27.35,52565
2020-07-14 10:30:00,27.35,27.7,27.2021,27.6,21985
2020-07-14 11:30:00,27.5823,27.98,27.5277,27.79,21526
2020-07-14 12:30:00,27.81,27.88,27.5,27.64,12216
2020-07-14 13:30:00,27.69,27.96,27.67,27.83,17528
2020-07-14 14:30:00,27.87,28.09,27.81,28.01,30592
2020-07-14 15:30:00,28.01,28.32,27.98,28.23,37456
2020-07-15 09:30:00,28.77,29.43,28.2501,28.44,44245
2020-07-15 10:30:00,28.44,28.75,27.88,28.02,59271
2020-07-15 11:30:00,28.05,28.05,27.49,27.7023,41517
2020-07-15 12:30:00,27.7137,27.93,27.54,27.69,29887
2020-07-15 13:30:00,27.68,28.04,27.68,28.03,20441
2020-07-15 14:30:00,28.03,28.13,27.83,28.11,25187
2020-07-15 15:30:00,28.1,28.47,28.1,28.14,44871
2020-07-16 09:30:00,27.84,27.84,27.24,27.4,33478
2020-07-16 10:30:00,27.45,27.93,27.45,27.84,29775
2020-07-16 11:30:00,27.84,28.11,27.8,27.93,13870
2020-07-16 12:30:00,27.95,28.25,27.91,28.19,20495
2020-07-16 13:30:00,28.205,28.35,28.085,28.3218,17328
2020-07-16 14:30:00,28.37,28.49,28.21,28.45,37027
2020-07-16 15:30:00,28.445,28.53,28.38,28.53,44264
2020-07-17 09:30:00,28.69,29.0529,28.09,28.22,24141
2020-07-17 10:30:00,28.22,28.58,28.19,28.45,9210
2020-07-17 11:30:00,28.36,28.7,28.32,28.43,19125
2020-07-17 12:30:00,28.43,28.49,28.31,28.31,13807
2020-07-17 13:30:00,28.31,28.35,28.13,28.2575,13758
2020-07-17 14:30:00,28.24,28.43,28.16,28.3,14508
2020-07-17 15:30:00,28.29,28.3556,28.1,28.23,40895
2020-07-20 09:30:00,28.25,28.94,28.08,28.19,18190
2020-07-20 10:30:00,28.14,28.6,28.14,28.55,21481
2020-07-20 11:30:00,28.55,28.67,28.44,28.515,12924
2020-07-20 12:30:00,28.52,28.7,28.5,28.7,9038
2020-07-20 13:30:00,28.7,28.96,28.68,28.95,18467
2020-07-20 14:30:00,28.93,29.06,28.87,28.95,18372
2020-07-20 15:30:00,28.94,29.05,28.92,28.93,28494
2020-07-21 09:30:00,29.34,29.6371,28.62,28.71,17210
2020-07-21 10:30:00,28.6601,28.82,28.51,28.65,9376
2020-07-21 11:30:00,28.72,28.74,28.48,28.6006,10439
2020-07-21 12:30:00,28.59,28.95,28.58,28.91,12144
2020-07-21 13:30:00,28.8644,28.89,28.75,28.87,5113
2020-07-21 14:30:00,28.88,28.89,28.61,28.61,10300
2020-07-21 15:30:00,28.63,28.74,28.53,28.71,27390
2020-07-22 09:30:00,28.64,28.9,28.54,28.72,23580
2020-07-22 10:30:00,28.685,28.89,28.4877,28.7,18566
2020-07-22 11:30:00,28.74,28.7746,28.595,28.595,10531
2020-07-22 12:30:00,28.58,28.6,28.43,28.47,12698
2020-07-22 13:30:00,28.47,28.5,28.37,28.395,12117
2020-07-22 14:30:00,28.37,28.6,28.29,28.55,39169
2020-07-22 15:30:00,28.55,28.82,28.48,28.76,47099
2020-07-23 09:30:00,28.92,30.195,28.3229,30.02,73512
2020-07-23 10:30:00,30.0773,30.4,30.0394,30.24,32842
2020-07-23 11:30:00,30.22,30.38,30.09,30.14,14653
2020-07-23 12:30:00,30.1387,30.35,30.05,30.13,48227
2020-07-23 13:30:00,30.1,30.24,30.01,30.19,46417
2020-07-23 14:30:00,30.2055,30.26,30.1,30.16,33484
2020-07-23 15:30:00,30.15,30.24,30.09,30.19,61980
2020-07-24 09:30:00,29.77,29.9,28.51,29.3318,54049
2020-07-24 10:30:00,29.38,29.38,29.02,29.13,27164
2020-07-24 11:30:00,29.16,29.32,29.09,29.22,27347
2020-07-24 12:30:00,29.25,29.25,28.95,29.11,26343
2020-07-24 13:30:00,29.16,29.32,29.1,29.21,21469
2020-07-24 14:30:00,29.22,29.22,28.89,29.04,35050
2020-07-24 15:30:00,29.03,29.13,28.98,29.12,65760
2020-07-27 09:30:00,29.45,30.28,29.26,29.975,34026
2020-07-27 10:30:00,29.96,30.3,29.9,30.0066,18691
2020-07-27 11:30:00,29.985,30.48,29.9,30.4681,25958
2020-07-27 12:30:00,30.43,30.78,30.43,30.585,33792
2020-07-27 13:30:00,30.56,30.65,30.415,30.53,22530
2020-07-27 14:30:00,30.56,30.63,30.45,30.58,20928
2020-07-27 15:30:00,30.58,30.87,30.55,30.87,60382
2020-07-28 09:30:00,30.54,30.68,29.6197,29.6201,24117
2020-07-28 10:30:00,29.69,30.09,29.631,29.935,21924
2020-07-28 11:30:00,29.935,30.0,29.58,29.58,18739
2020-07-28 12:30:00,29.58,29.84,29.52,29.82,23708
2020-07-28 13:30:00,29.83,29.86,29.57,29.57,12400
2020-07-28 14:30:00,29.58,29.6089,29.5,29.52,33964
2020-07-28 15:30:00,29.5,29.56,29.4,29.41,51184
2020-08-10 09:30:00,30.16,30.685,29.5,30.47,76952
2020-08-10 10:30:00,30.47,30.48,29.77,29.85,32760
2020-08-10 11:30:00,29.88,30.0,29.83,29.83,22132
2020-08-10 12:30:00,29.84,29.91,29.5,29.77,59711
2020-08-10 13:30:00,29.74,29.82,29.56,29.65,25186
2020-08-10 14:30:00,29.67,29.67,29.28,29.33,39637
2020-08-10 15:30:00,29.33,29.48,29.29,29.445,59251
2020-08-11 09:30:00,29.31,29.58,28.96,29.22,50510
2020-08-11 10:30:00,29.23,29.26,28.54,28.58,42068
2020-08-11 11:30:00,28.6,28.89,28.42,28.855,34409
2020-08-11 12:30:00,28.82,29.02,28.75,28.82,22931
2020-08-11 13:30:00,28.8,29.11,28.76,28.96,50655
2020-08-11 14:30:00,28.96,29.085,28.57,28.6511,49034
2020-08-11 15:30:00,28.63,28.68,28.21,28.42,57145
2020-08-12 09:30:00,28.67,29.0,28.33,28.98,44211
2020-08-12 10:30:00,28.96,29.4,28.96,29.07,49060
2020-08-12 11:30:00,29.0783,29.38,29.06,29.38,9741
2020-08-12 12:30:00,29.35,29.69,29.231,29.37,21613
2020-08-12 13:30:00,29.365,29.49,29.32,29.49,12834
2020-08-12 14:30:00,29.48,29.74,29.36,29.6,53780
2020-08-12 15:30:00,29.59,29.67,29.51,29.62,35898
2020-08-13 09:30:00,29.77,30.0,29.42,29.745,80517
2020-08-13 10:30:00,29.735,30.02,29.65,29.85,36857
2020-08-13 11:30:00,29.85,30.065,29.51,29.75,42164
2020-08-13 12:30:00,29.76,29.9,29.62,29.655,35871
2020-08-13 13:30:00,29.66,29.89,29.43,29.74,41845
2020-08-13 14:30:00,29.76,29.85,29.54,29.83,61201
2020-08-13 15:30:00,29.8108,29.84,29.6,29.75,30166
2020-08-14 09:30:00,29.59,30.3,29.51,29.7608,69166
2020-08-14 10:30:00,29.6604,29.86,29.6604,29.795,104442
2020-08-14 11:30:00,29.795,29.8,29.501,29.77,54079
2020-08-14 12:30:00,29.78,29.98,29.6,29.65,33488
2020-08-14 13:30:00,29.61,29.76,29.57,29.6693,18855
2020-08-14 14:30:00,29.6198,29.78,29.47,29.51,21025
2020-08-14 15:30:00,29.5414,29.77,29.49,29.7,34537
2020-08-17 09:30:00,29.99,30.59,29.7101,30.55,55179
2020-08-17 10:30:00,30.56,30.94,30.41,30.7901,32524
2020-08-17 11:30:00,30.82,31.06,30.7,30.9,27224
2020-08-17 12:30:00,30.905,31.07,30.85,30.9793,33150
2020-08-17 13:30:00,30.98,30.98,30.75,30.81,27037
2020-08-17 14:30:00,30.82,30.82,30.65,30.69,31664
2020-08-17 15:30:00,30.7,30.75,30.5622,30.64,47630
2020-08-18 09:30:00,30.84,30.84,29.42,29.42,52270
2020-08-18 10:30:00,29.34,29.67,29.15,29.36,31490
2020-08-18 11:30:00,29.4,29.69,29.27,29.42,16837
2020-08-18 12:30:00,29.42,29.49,29.15,29.15,18663
2020-08-18 13:30:00,29.1897,29.38,29.1501,29.32,19075
2020-08-18 14:30:00,29.335,29.37,29.02,29.13,38076
2020-08-18 15:30:00,29.13,29.2999,29.07,29.11,46806
2020-10-12 09:30:00,26.19,26.5,25.935,25.935,42739
2020-10-12 10:30:00,25.97,26.23,25.8104,26.22,26664
2020-10-12 11:30:00,26.2,26.24,26.0,26.18,21551
2020-10-12 12:30:00,26.17,26.63,26.17,26.435,83480
2020-10-12 13:30:00,26.5453,26.5453,26.31,26.53,39522
2020-10-12 14:30:00,26.51,26.58,26.44,26.54,74675
2020-10-12 15:30:00,26.54,26.69,26.51,26.68,105430
2020-10-13 09:30:00,26.62,26.93,26.3022,26.4211,57777
2020-10-13 10:30:00,26.57,26.75,26.43,26.6102,62919
2020-10-13 11:30:00,26.6016,26.83,26.5087,26.64,22697
2020-10-13 12:30:00,26.64,26.715,26.46,26.54,30313
2020-10-13 13:30:00,26.55,26.6469,26.04,26.08,24992
2020-10-13 14:30:00,26.07,26.24,25.95,26.18,26986
2020-10-13 15:30:00,26.2,26.23,26.04,26.04,34302
2020-10-14 09:30:00,26.14,26.39,25.67,25.81,38717
2020-10-14 10:30:00,25.84,25.99,25.7596,25.92,39653
2020-10-14 11:30:00,25.92,25.97,25.51,25.575,33874
2020-10-14 12:30:00,25.6,25.775,25.54,25.74,23665
2020-10-14 13:30:00,25.81,25.83,25.5401,25.6184,17635
2020-10-14 14:30:00,25.63,25.72,25.47,25.69,24846
2020-10-14 15:30:00,25.69,25.71,25.5,25.5,36956
2020-10-15 09:30:00,25.03,25.29,24.4,25.1,37919
2020-10-15 10:30:00,25.1365,25.33,24.97,25.21,23499
2020-10-15 11:30:00,25.29,25.59,25.28,25.56,9809
2020-10-15 12:30:00,25.55,25.765,25.48,25.72,13634
2020-10-15 13:30:00,25.69,25.89,25.54,25.85,16183
2020-10-15 14:30:00,25.85,25.99,25.81,25.956,20243
2020-10-15 15:30:00,25.92,26.0,25.79,25.92,30792
2020-10-16 09:30:00,26.07,26.23,24.9445,25.91,31722
2020-10-16 10:30:00,25.91,25.95,25.28,25.28,23155
2020-10-16 11:30:00,25.28,25.59,25.25,25.55,17232
2020-10-16 12:30:00,25.51,25.54,25.18,25.35,12174
2020-10-16 13:30:00,25.39,25.45,25.27,25.32,9536
2020-10-16 14:30:00,25.38,25.38,25.04,25.11,28409
2020-10-16 15:30:00,25.12,25.215,24.99,25.0,50318
2020-10-19 09:30:00,25.3,25.64,25.03,25.26,29890
2020-10-19 10:30:00,25.27,25.39,25.01,25.15,20333
2020-10-19 11:30:00,25.15,25.23,24.88,25.08,24598
2020-10-19 12:30:00,25.09,25.09,24.9,25.0,15941
2020-10-19 13:30:00,24.99,25.13,24.86,25.0567,13926
2020-10-19 14:30:00,25.04,25.049,24.66,24.79,18840
2020-10-19 15:30:00,24.72,24.955,24.72,24.81,23117
2020-10-20 09:30:00,25.04,25.15,24.64,24.66,20294
2020-10-20 10:30:00,24.6501,24.75,24.38,24.66,22280
2020-10-20 11:30:00,24.55,24.74,24.51,24.68,11319
2020-10-20 12:30:00,24.6023,25.03,24.59,24.925,23613
2020-10-20 13:30:00,24.905,24.905,24.67,24.67,9775
2020-10-20 14:30:00,24.68,24.72,24.4,24.465,19677
2020-10-20 15:30:00,24.4608,24.57,24.25,24.29,55914
2020-10-21 09:30:00,24.3,24.89,24.29,24.78,19182
2020-10-21 10:30:00,24.8181,24.8181,24.3,24.38,18958
2020-10-21 11:30:00,24.49,24.6,24.2923,24.41,13863
2020-10-21 12:30:00,24.41,24.5,24.34,24.47,13292
2020-10-21 13:30:00,24.47,24.57,24.35,24.43,6056
2020-10-21 14:30:00,24.46,24.52,24.36,24.45,7665
2020-10-21 15:30:00,24.43,24.48,24.24,24.28,25314
2020-10-22 09:30:00,24.18,24.47,23.61,23.67,33455
2020-10-22 10:30:00,23.57,23.87,23.32,23.8,32665
2020-10-22 11:30:00,23.79,23.89,23.6,23.68,6403
2020-10-22 12:30:00,23.6,24.14,23.59,24.1207,15783
2020-10-22 13:30:00,24.1322,24.41,24.04,24.39,22633
2020-10-22 14:30:00,24.34,24.43,24.21,24.41,7437
2020-10-22 15:30:00,24.41,24.48,24.28,24.43,22404
2020-10-23 09:30:00,24.5,24.775,24.08,24.58,25430
2020-10-23 10:30:00,24.45,24.53,24.28,24.34,11601
2020-10-23 11:30:00,24.27,24.36,24.18,24.28,11138
2020-10-23 12:30:00,24.25,24.42,24.22,24.42,8919
2020-10-23 13:30:00,24.42,24.45,24.35,24.35,9456
2020-10-23 14:30:00,24.405,24.44,24.21,24.38,12572
2020-10-23 15:30:00,24.35,24.41,24.26,24.35,23260
2020-10-26 09:30:00,23.94,24.19,23.63,24.0,39855
2020-10-26 10:30:00,24.05,24.05,23.53,23.61,83831
2020-10-26 11:30:00,23.62,23.75,23.5745,23.655,12064
2020-10-26 12:30:00,23.68,23.77,23.45,23.65,32614
2020-10-26 13:30:00,23.58,24.03,23.55,24.0,25988
2020-10-26 14:30:00,24.0,24.2,23.98,24.18,29983
2020-10-26 15:30:00,24.155,24.61,24.155,24.58,102119
2020-10-27 09:30:00,24.58,24.8,24.01,24.2,40147
2020-10-27 10:30:00,24.2081,24.3,24.11,24.19,68173
2020-10-27 11:30:00,24.22,24.47,24.0,24.0,22521
2020-10-27 12:30:00,24.01,24.11,23.84,24.04,26967
2020-10-27 13:30:00,24.03,24.05,23.81,23.89,18537
2020-10-27 14:30:00,23.88,23.95,23.75,23.86,36480
2020-10-27 15:30:00,23.86,23.99,23.75,23.77,38644
2020-11-05 09:30:00,26.68,27.14,26.42,26.63,45839
2020-11-05 10:30:00,26.62,26.95,26.46,26.885,32304
2020-11-05 11:30:00,26.88,26.9325,26.6911,26.75,34243
2020-11-05 12:30:00,26.77,26.97,26.71,26.86,31765
2020-11-05 13:30:00,26.88,26.98,26.7,26.87,48636
2020-11-05 14:30:00,26.87,27.3,26.79,27.2,49858
2020-11-05 15:30:00,27.23,27.39,27.09,27.36,41656
2020-11-06 09:30:00,27.15,27.73,26.91,27.69,29615
2020-11-06 10:30:00,27.65,27.73,27.2,27.26,35970
2020-11-06 11:30:00,27.28,27.525,27.28,27.35,17667
2020-11-06 12:30:00,27.38,27.575,27.2701,27.56,17188
2020-11-06 13:30:00,27.595,27.685,27.39,27.445,15966
2020-11-06 14:30:00,27.42,27.49,27.13,27.26,26943
2020-11-06 15:30:00,27.211,27.32,27.17,27.17,54751
2020-11-09 09:30:00,28.2,29.47,28.1449,28.71,97361
2020-11-09 10:30:00,28.73,28.83,27.91,28.61,51263
2020-11-09 11:30:00,28.62,28.69,27.94,28.22,35347
2020-11-09 12:30:00,28.27,28.4,28.1,28.13,18727
2020-11-09 13:30:00,28.24,28.24,27.86,27.9291,22529
2020-11-09 14:30:00,27.9,28.29,27.82,27.9997,31847
2020-11-09 15:30:00,28.02,28.185,27.59,27.66,33563
2020-11-10 09:30:00,27.5,27.91,26.89,27.11,44188
2020-11-10 10:30:00,27.1405,27.28,26.79,27.11,32948
2020-11-10 11:30:00,27.13,27.56,27.07,27.29,21268
2020-11-10 12:30:00,27.35,27.39,26.85,26.94,22792
2020-11-10 13:30:00,26.88,26.99,26.65,26.71,28547
2020-11-10 14:30:00,26.73,26.9,26.55,26.695,42699
2020-11-10 15:30:00,26.69,26.73,26.44,26.52,77595
2020-11-11 09:30:00,27.0,27.345,26.82,27.26,29093
2020-11-11 10:30:00,27.2,27.51,27.13,27.47,18990
2020-11-11 11:30:00,27.5,27.78,27.47,27.62,22027
2020-11-11 12:30:00,27.59,27.67,27.36,27.39,8917
2020-11-11 13:30:00,27.395,28.02,27.35,27.88,55083
2020-11-11 14:30:00,27.88,28.04,27.8,27.94,30260
2020-11-11 15:30:00,27.97,28.13,27.86,28.13,50956
2020-11-12 09:30:00,27.92,28.31,27.18,27.27,43069
2020-11-12 10:30:00,27.28,27.62,27.2301,27.425,22491
2020-11-12 11:30:00,27.4,27.82,27.39,27.57,17488
2020-11-12 12:30:00,27.59,27.63,27.36,27.4,27128
2020-11-12 13:30:00,27.38,27.54,27.28,27.36,15909
2020-11-12 14:30:00,27.35,27.435,27.0,27.28,26525
2020-11-12 15:30:00,27.27,27.32,27.04,27.26,27028
2020-11-13 09:30:00,27.44,28.19,27.31,28.11,36293
2020-11-13 10:30:00,28.09,28.4631,28.04,28.31,23967
2020-11-13 11:30:00,28.29,28.42,27.83,28.1089,19560
2020-11-13 12:30:00,28.1189,28.12,27.72,27.72,20303
2020-11-13 13:30:00,27.72,27.91,27.62,27.905,34239
2020-11-13 14:30:00,27.91,27.96,27.6,27.76,29173
2020-11-13 15:30:00,27.73,27.87,27.62,27.79,33316
2020-11-16 09:30:00,28.39,28.53,27.8,27.8,32260
2020-11-16 10:30:00,27.89,28.255,27.73,28.01,41392
2020-11-16 11:30:00,27.92,28.16,27.79,27.79,18334
2020-11-16 12:30:00,27.81,27.9299,27.5,27.69,10375
2020-11-16 13:30:00,27.65,27.79,27.42,27.55,15297
2020-11-16 14:30:00,27.62,27.91,27.54,27.83,23324
2020-11-16 15:30:00,27.805,27.95,27.73,27.91,63789
2020-11-17 09:30:00,27.58,28.35,27.3201,27.45,31019
2020-11-17 10:30:00,27.3605,27.75,27.3605,27.62,34320
2020-11-17 11:30:00,27.5565,27.81,27.55,27.68,10398
2020-11-17 12:30:00,27.67,28.03,27.67,27.98,23843
2020-11-17 13:30:00,28.0,28.04,27.79,27.9,26876
2020-11-17 14:30:00,27.9,27.95,27.61,27.75,32120
2020-11-17 15:30:00,27.74,27.91,27.66,27.91,35048
2020-11-18 09:30:00,27.96,28.34,27.72,28.1414,24099
2020-11-18 10:30:00,28.22,28.5,28.13,28.32,19190
2020-11-18 11:30:00,28.35,28.77,28.35,28.71,41858
2020-11-18 12:30:00,28.71,29.29,28.71,29.15,42944
2020-11-18 13:30:00,29.13,29.25,28.785,28.86,39942
2020-11-18 14:30:00,28.89,29.25,28.84,28.99,31971
2020-11-18 15:30:00,29.02,29.04,28.545,28.6,47796
2020-11-19 09:30:00,28.65,29.23,28.07,28.85,52602
2020-11-19 10:30:00,28.92,29.41,28.65,29.17,91093
2020-11-19 11:30:00,29.115,29.94,28.8,28.89,436018
2020-11-19 12:30:00,28.91,29.23,28.8875,29.09,53876
2020-11-19 13:30:00,29.09,29.19,28.785,28.9,54354
2020-11-19 14:30:00,28.9583,29.41,28.835,29.34,55828
2020-11-19 15:30:00,29.31,29.37,29.26,29.37,43738
2020-11-20 09:30:00,29.36,29.665,29.16,29.55,38683
2020-11-20 10:30:00,29.65,29.66,29.2,29.39,25469
2020-11-20 11:30:00,29.4829,29.55,29.37,29.47,9594
2020-11-20 12:30:00,29.4846,29.53,29.11,29.16,18996
2020-11-20 13:30:00,29.185,29.33,29.04,29.33,11307
2020-11-20 14:30:00,29.32,29.45,29.265,29.265,28412
2020-11-20 15:30:00,29.2862,29.36,29.1,29.14,30309
2020-11-23 09:30:00,29.45,30.3199,29.1801,29.85,51416
2020-11-23 10:30:00,29.93,30.47,29.8773,30.43,35144
2020-11-23 11:30:00,30.43,30.81,30.4,30.6346,56436
2020-11-23 12:30:00,30.625,30.8,30.52,30.69,31755
2020-11-23 13:30:00,30.725,30.81,30.58,30.72,28406
2020-11-23 14:30:00,30.75,30.97,30.65,30.84,26461
2020-11-23 15:30:00,30.84,31.19,30.81,31.07,61243
2020-11-24 09:30:00,31.35,31.51,30.73,31.5,39675
2020-11-24 10:30:00,31.42,31.98,31.2515,31.95,38591
2020-11-24 11:30:00,31.98,32.59,31.91,32.41,49327
2020-11-24 12:30:00,32.395,32.45,32.03,32.19,35089
2020-11-24 13:30:00,32.19,32.47,31.87,31.925,30330
2020-11-24 14:30:00,31.9,32.22,31.8501,32.109,23610
2020-11-24 15:30:00,32.11,32.11,31.86,31.96,60576
