bar_start,open,high,low,close,volume
2016-01-21 09:30:00,107.6,107.874,106.91,107.58,30604
2016-01-21 10:30:00,107.5,108.24,107.1001,107.1001,8838
2016-01-21 11:30:00,107.28,108.5623,107.28,108.0,20353
2016-01-21 12:30:00,108.15,108.15,107.2501,107.2501,9783
2016-01-21 13:30:00,107.397,107.7036,106.75,106.9701,32456
2016-01-21 14:30:00,107.13,107.6099,107.0,107.094,26308
2016-01-21 15:30:00,107.21,107.6399,107.2,107.2199,32522
2016-01-22 09:30:00,108.37,108.8072,108.04,108.6778,18150
2016-01-22 10:30:00,108.5201,108.5499,107.6125,107.82,39957
2016-01-22 11:30:00,107.82,108.0399,107.5601,107.91,42295
2016-01-22 12:30:00,108.0,108.25,107.9627,108.2201,1608
2016-01-22 13:30:00,108.282,108.9,108.282,108.5678,2643
2016-01-22 14:30:00,108.5275,108.6056,108.28,108.6,21126
2016-01-22 15:30:00,108.6,108.84,108.5,108.79,37649
2016-01-25 09:30:00,108.59,108.7899,107.9525,108.3625,11208
2016-01-25 10:30:00,108.15,108.1899,107.81,108.1506,2936
2016-01-25 11:30:00,108.1248,108.1999,107.81,108.014,32090
2016-01-25 12:30:00,107.8901,108.438,107.8901,108.23,7414
2016-01-25 13:30:00,108.24,108.29,107.69,107.77,2852
2016-01-25 14:30:00,107.77,108.0617,107.5,107.7366,29478
2016-01-25 15:30:00,107.5,107.5957,107.4,107.51,106769
2016-01-26 09:30:00,107.6,108.9,107.57,108.714,28839
2016-01-26 10:30:00,108.6494,109.1099,108.48,108.8388,9981
2016-01-26 11:30:00,109.0187,109.2965,108.9188,109.29,3857
2016-01-26 12:30:00,109.256,109.3115,109.0,109.2399,35021
2016-01-26 13:30:00,109.072,109.525,109.072,109.156,4103
2016-01-26 14:30:00,109.2402,109.2899,108.9,109.0723,31633
2016-01-26 15:30:00,109.09,109.51,109.06,109.46,33799
2016-01-27 09:30:00,108.17,108.17,106.62,106.7,27824
2016-01-27 10:30:00,106.72,107.2475,106.4631,107.1961,94201
2016-01-27 11:30:00,107.161,108.4099,107.14,108.2999,8157
2016-01-27 12:30:00,108.19,108.2399,107.59,107.59,17311
2016-01-27 13:30:00,107.6,108.14,107.3,107.4201,20945
2016-01-27 14:30:00,107.47,107.59,106.23,106.5499,55348
2016-01-27 15:30:00,106.55,106.81,106.46,106.62,83545
2016-01-28 09:30:00,107.15,107.55,106.471,106.864,20593
2016-01-28 10:30:00,106.51,107.44,106.39,106.92,12394
2016-01-28 11:30:00,106.88,107.11,106.5201,107.11,6847
2016-01-28 12:30:00,107.03,107.2,106.6201,106.986,12003
2016-01-28 13:30:00,106.9801,107.27,106.9801,107.23,52492
2016-01-28 14:30:00,107.3036,107.41,106.86,106.96,170100
2016-01-28 15:30:00,106.94,107.13,106.7701,106.9799,55774
2016-01-29 09:30:00,107.27,108.2599,107.1,107.93,12489
2016-01-29 10:30:00,107.932,108.14,107.6401,107.8,7257
2016-01-29 11:30:00,107.8188,108.4278,107.6,108.37,9716
2016-01-29 12:30:00,108.2701,108.6199,108.24,108.4401,5488
2016-01-29 13:30:00,108.5099,108.74,108.3701,108.7267,27814
2016-01-29 14:30:00,108.69,109.0178,108.63,108.9701,44678
2016-01-29 15:30:00,108.95,109.3499,108.88,109.29,87208
2016-02-01 09:30:00,108.73,108.7425,107.77,108.221,20996
2016-02-01 10:30:00,108.2106,108.63,108.05,108.52,5921
2016-02-01 11:30:00,108.5699,108.8399,108.41,108.41,2997
2016-02-01 12:30:00,108.4122,108.89,108.3645,108.87,87590
2016-02-01 13:30:00,108.88,108.919,108.55,108.919,4789
2016-02-01 14:30:00,108.906,109.46,108.8522,109.4301,22200
2016-02-01 15:30:00,109.51,109.5167,108.92,108.92,27478
2016-02-02 09:30:00,107.89,108.04,107.121,107.31,22109
2016-02-02 10:30:00,107.34,107.38,106.9,107.072,11297
2016-02-02 11:30:00,107.25,107.3799,106.562,106.694,2947
2016-02-02 12:30:00,106.6358,106.9,106.6201,106.852,2328
2016-02-02 13:30:00,106.81,106.87,106.35,106.375,3844
2016-02-02 14:30:00,106.4,106.7699,106.35,106.591,39690
2016-02-02 15:30:00,106.54,106.77,106.46,106.59,19657
2016-02-03 09:30:00,106.92,107.7489,105.951,105.954,50038
2016-02-03 10:30:00,105.89,107.34,105.71,107.275,7144
2016-02-03 11:30:00,107.2136,107.5189,107.023,107.5189,3096
2016-02-03 12:30:00,107.1901,107.5999,107.1901,107.3099,8084
2016-02-03 13:30:00,107.1701,108.3999,106.7701,108.3899,8151
2016-02-03 14:30:00,108.344,108.49,107.98,107.98,26448
2016-02-03 15:30:00,107.99,108.34,107.9725,108.28,11175
2016-02-04 09:30:00,108.18,110.11,108.0,109.7201,8976
2016-02-04 10:30:00,109.7801,110.36,109.695,109.8099,89426
2016-02-04 11:30:00,109.5787,109.76,109.136,109.531,7355
2016-02-04 12:30:00,109.355,109.5199,109.27,109.29,1776
2016-02-04 13:30:00,109.33,109.4999,108.8,108.843,3697
2016-02-04 14:30:00,108.9099,109.09,108.6701,108.81,4192
2016-02-04 15:30:00,108.89,109.16,108.7501,109.0,41823
2016-04-14 09:30:00,119.82,119.82,119.1,119.5255,5257
2016-04-14 10:30:00,119.484,119.57,119.2002,119.57,2538
2016-04-14 11:30:00,119.57,119.7899,119.55,119.6901,2092
2016-04-14 12:30:00,119.6393,119.942,119.621,119.7,1545
2016-04-14 13:30:00,119.8099,119.8099,119.31,119.5601,9490
2016-04-14 14:30:00,119.5201,119.5599,119.411,119.5323,6085
2016-04-14 15:30:00,119.4701,119.5899,119.39,119.47,2604
2016-04-15 09:30:00,119.4,119.73,119.26,119.65,4881
2016-04-15 10:30:00,119.69,119.69,119.421,119.421,2196
2016-04-15 11:30:00,119.451,119.5122,119.3125,119.379,1377
2016-04-15 12:30:00,119.39,119.39,119.2301,119.2859,1793
2016-04-15 13:30:00,119.2699,119.39,119.1401,119.39,3420
2016-04-15 14:30:00,119.395,119.55,119.2701,119.55,1162
2016-04-15 15:30:00,119.5825,119.665,119.46,119.61,2609
2016-04-18 09:30:00,119.25,119.7898,118.96,119.7898,10037
2016-04-18 10:30:00,119.9,120.26,119.7301,120.18,14576
2016-04-18 11:30:00,120.11,120.3326,120.0688,120.3176,2270
2016-04-18 12:30:00,120.35,120.45,120.2169,120.2677,2172
2016-04-18 13:30:00,120.2899,120.33,120.0606,120.265,2358
2016-04-18 14:30:00,120.2801,120.4442,120.24,120.2463,1940
2016-04-18 15:30:00,120.3001,120.3399,120.18,120.32,2601
2016-04-19 09:30:00,120.58,120.97,120.51,120.66,5273
2016-04-19 10:30:00,120.6399,120.7099,120.24,120.3293,3379
2016-04-19 11:30:00,120.2411,120.46,120.11,120.2336,2401
2016-04-19 12:30:00,120.19,120.46,120.127,120.4401,2534
2016-04-19 13:30:00,120.3701,120.53,120.3501,120.41,649
2016-04-19 14:30:00,120.4199,120.4375,120.2501,120.38,2481
2016-04-19 15:30:00,120.3701,120.46,120.2861,120.36,3701
2016-04-20 09:30:00,120.38,120.5,119.7801,120.35,8454
2016-04-20 10:30:00,120.38,120.799,120.083,120.71,3330
2016-04-20 11:30:00,120.7199,120.85,120.57,120.67,3510
2016-04-20 12:30:00,120.7699,120.8799,120.6801,120.8399,2821
2016-04-20 13:30:00,120.8299,121.1399,120.8007,121.1073,4760
2016-04-20 14:30:00,121.152,121.152,120.871,120.871,3114
2016-04-20 15:30:00,120.919,120.919,120.444,120.444,3795
2016-04-21 09:30:00,120.63,120.8299,120.27,120.68,4421
2016-04-21 10:30:00,120.6448,120.98,120.58,120.819,4017
2016-04-21 11:30:00,120.73,120.73,120.301,120.34,1793
2016-04-21 12:30:00,120.485,120.58,120.1401,120.17,2385
2016-04-21 13:30:00,120.1773,120.2434,120.06,120.07,3438
2016-04-21 14:30:00,120.0,120.26,119.902,119.905,1929
2016-04-21 15:30:00,119.96,120.07,119.9599,120.04,1624
2016-04-22 09:30:00,120.15,120.8799,120.15,120.3901,4593
2016-04-22 10:30:00,120.5257,120.5257,119.84,120.31,1758
2016-04-22 11:30:00,120.4499,120.6543,120.4018,120.49,1269
2016-04-22 12:30:00,120.51,120.6322,120.4,120.4,3009
2016-04-22 13:30:00,120.553,121.0,120.553,120.97,2089
2016-04-22 14:30:00,120.88,120.9554,120.65,120.6901,1641
2016-04-22 15:30:00,120.679,120.77,120.56,120.75,9569
2016-04-25 09:30:00,120.49,120.49,119.73,119.7625,6609
2016-04-25 10:30:00,119.7943,119.93,119.5001,119.66,1545
2016-04-25 11:30:00,119.6232,119.6499,119.4101,119.435,1097
2016-04-25 12:30:00,119.3901,119.7899,119.37,119.7299,4477
2016-04-25 13:30:00,119.6501,119.6999,119.4554,119.5699,1522
2016-04-25 14:30:00,119.6299,119.66,119.4355,119.47,1617
2016-04-25 15:30:00,119.4829,119.69,119.4801,119.69,4386
2016-04-26 09:30:00,120.0,120.8599,119.98,119.98,6851
2016-04-26 10:30:00,120.06,120.6,120.06,120.49,3055
2016-04-26 11:30:00,120.52,120.9899,120.4301,120.86,5821
2016-04-26 12:30:00,120.9135,120.9575,120.744,120.85,5530
2016-04-26 13:30:00,120.9399,121.29,120.8312,121.208,44273
2016-04-26 14:30:00,121.2017,121.5,121.17,121.46,32745
2016-04-26 15:30:00,121.5,121.75,121.5,121.6811,92747
2016-04-27 09:30:00,122.17,122.7207,121.9401,122.12,33210
2016-04-27 10:30:00,122.01,122.5,121.5,122.5,3186
2016-04-27 11:30:00,122.5801,123.0999,122.5801,122.9572,4187
2016-04-27 12:30:00,123.06,123.11,122.8308,122.89,7248
2016-04-27 13:30:00,122.99,123.6,122.7901,123.34,10317
2016-04-27 14:30:00,123.26,123.76,123.121,123.76,15178
2016-04-27 15:30:00,123.74,123.83,123.454,123.5,17283
2016-04-28 09:30:00,123.95,123.95,122.81,123.5722,6097
2016-04-28 10:30:00,123.4201,123.86,123.33,123.7475,18193
2016-04-28 11:30:00,123.75,123.75,123.37,123.37,5183
2016-04-28 12:30:00,123.45,123.526,123.25,123.262,17815
2016-04-28 13:30:00,123.25,123.55,123.25,123.4032,2548
2016-04-28 14:30:00,123.3519,123.3975,122.33,122.3704,8901
2016-04-28 15:30:00,122.38,123.215,122.24,122.49,112041
2016-04-29 09:30:00,122.0,122.3699,121.36,121.9501,7586
2016-04-29 10:30:00,121.98,122.34,121.67,121.85,5955
2016-04-29 11:30:00,121.45,121.93,121.45,121.7399,4501
2016-04-29 12:30:00,121.596,121.6499,121.36,121.6095,13757
2016-04-29 13:30:00,121.44,121.52,121.05,121.37,2678
2016-04-29 14:30:00,121.38,121.65,121.28,121.64,4621
2016-04-29 15:30:00,121.55,122.1375,121.55,121.87,8455
2016-05-02 09:30:00,122.15,122.5599,121.22,122.5599,12555
2016-05-02 10:30:00,122.5,122.58,122.05,122.27,2619
2016-05-02 11:30:00,122.4001,122.608,122.25,122.3,7385
2016-05-02 12:30:00,122.371,122.66,122.37,122.66,2702
2016-05-02 13:30:00,122.66,122.67,122.4101,122.55,4306
2016-05-02 14:30:00,122.5999,122.67,122.4415,122.62,7167
2016-05-02 15:30:00,122.56,122.74,122.5578,122.65,32651
2016-05-03 09:30:00,121.6,121.98,120.83,121.41,14303
2016-05-03 10:30:00,121.348,121.35,120.7801,120.8699,5964
2016-05-03 11:30:00,120.81,121.4149,120.6623,121.4149,3516
2016-05-03 12:30:00,121.5699,121.9,121.51,121.89,2797
2016-05-03 13:30:00,122.0,122.1299,121.7401,121.84,9096
2016-05-03 14:30:00,121.748,121.921,121.6296,121.75,5724
2016-05-03 15:30:00,121.6699,121.81,121.48,121.75,27204
2016-05-04 09:30:00,121.77,121.77,120.63,121.41,26862
2016-05-04 10:30:00,121.23,121.4,120.61,120.61,2820
2016-05-04 11:30:00,120.5801,120.811,120.56,120.7645,9236
2016-05-04 12:30:00,120.7245,120.81,120.5925,120.81,3222
2016-05-04 13:30:00,120.8186,120.8499,120.37,120.6592,4442
2016-05-04 14:30:00,120.6216,120.9899,120.6142,120.9,8386
2016-05-04 15:30:00,120.88,121.06,120.75,120.85,4837
2016-07-14 09:30:00,128.21,128.34,127.73,128.05,28574
2016-07-14 10:30:00,128.06,128.2899,127.92,127.95,75769
2016-07-14 11:30:00,127.96,128.0,127.7225,127.77,17081
2016-07-14 12:30:00,127.741,127.9499,127.7,127.7,20290
2016-07-14 13:30:00,127.7001,127.92,127.7001,127.8555,13443
2016-07-14 14:30:00,127.9099,128.04,127.81,128.0,10468
2016-07-14 15:30:00,128.01,128.04,127.77,127.78,9352
2016-07-15 09:30:00,128.07,128.4699,127.791,128.07,8402
2016-07-15 10:30:00,128.1199,128.33,128.0177,128.07,9866
2016-07-15 11:30:00,128.0601,128.3199,128.0301,128.201,4392
2016-07-15 12:30:00,128.2599,128.2599,127.9801,128.1599,2286
2016-07-15 13:30:00,128.19,128.3899,128.1201,128.17,70998
2016-07-15 14:30:00,128.15,128.22,127.99,128.0699,305803
2016-07-15 15:30:00,128.054,128.149,127.99,128.06,50314
2016-07-18 09:30:00,128.17,128.369,127.7901,128.369,10129
2016-07-18 10:30:00,128.31,128.4495,128.24,128.279,8811
2016-07-18 11:30:00,128.1,128.25,127.9867,128.0599,5755
2016-07-18 12:30:00,128.0,128.1299,127.9581,128.0487,4515
2016-07-18 13:30:00,128.02,128.21,128.02,128.169,4962
2016-07-18 14:30:00,128.1599,128.21,128.0,128.005,5445
2016-07-18 15:30:00,128.01,128.06,127.88,127.91,5371
2016-07-19 09:30:00,127.96,129.24,126.9863,129.21,84859
2016-07-19 10:30:00,129.205,129.4452,127.96,129.27,73108
2016-07-19 11:30:00,129.2768,129.2768,127.64,127.86,6139
2016-07-19 12:30:00,127.93,128.139,127.85,127.85,3783
2016-07-19 13:30:00,127.9,128.339,127.9,128.339,1917
2016-07-19 14:30:00,128.3,128.47,128.17,128.31,2759
2016-07-19 15:30:00,128.379,128.51,127.0,128.51,5291
2016-07-20 09:30:00,128.76,129.0099,128.3962,128.87,13707
2016-07-20 10:30:00,128.8848,129.2833,128.8848,129.2833,2661
2016-07-20 11:30:00,129.26,129.2899,129.044,129.0925,12261
2016-07-20 12:30:00,129.1099,129.159,129.0,129.1249,46601
2016-07-20 13:30:00,129.1599,129.25,129.11,129.199,5624
2016-07-20 14:30:00,129.2099,129.2099,129.021,129.0659,8307
2016-07-20 15:30:00,129.06,129.2,129.01,129.06,4444
2016-07-21 09:30:00,129.14,129.3632,128.941,128.941,9116
2016-07-21 10:30:00,129.0151,129.2999,128.91,128.98,3995
2016-07-21 11:30:00,128.88,128.919,128.3305,128.3305,3286
2016-07-21 12:30:00,128.322,128.3399,128.023,128.175,4052
2016-07-21 13:30:00,128.1301,128.1301,127.5801,127.7499,3499
2016-07-21 14:30:00,127.7099,127.9,127.65,127.821,7433
2016-07-21 15:30:00,127.916,128.06,127.84,128.02,5067
2016-07-22 09:30:00,127.89,127.89,127.031,127.39,9687
2016-07-22 10:30:00,127.475,127.709,127.3,127.3,6669
2016-07-22 11:30:00,127.3,127.67,127.3,127.63,5559
2016-07-22 12:30:00,127.651,127.98,127.56,127.98,4829
2016-07-22 13:30:00,127.978,128.27,127.96,128.27,7509
2016-07-22 14:30:00,128.26,128.3899,128.208,128.3056,22360
2016-07-22 15:30:00,128.3,128.34,128.2671,128.29,8167
2016-07-25 09:30:00,128.26,128.35,127.52,127.8,11103
2016-07-25 10:30:00,127.865,128.0525,127.67,127.9499,4165
2016-07-25 11:30:00,127.9399,127.9443,127.741,127.7499,6862
2016-07-25 12:30:00,127.775,128.0099,127.75,127.9804,10125
2016-07-25 13:30:00,127.9825,128.0973,127.92,127.9299,5394
2016-07-25 14:30:00,127.91,128.06,127.87,127.9,8640
2016-07-25 15:30:00,127.9,127.915,127.79,127.89,18414
2016-07-26 09:30:00,128.29,129.3,128.29,128.96,15779
2016-07-26 10:30:00,129.05,129.21,128.655,128.73,55677
2016-07-26 11:30:00,128.751,129.3799,128.751,129.34,45150
2016-07-26 12:30:00,129.33,129.359,128.94,128.94,46407
2016-07-26 13:30:00,128.9745,129.1799,128.93,129.06,10004
2016-07-26 14:30:00,129.09,129.26,129.04,129.26,16396
2016-07-26 15:30:00,129.27,129.35,129.22,129.31,26348
2016-07-27 09:30:00,130.02,130.46,129.7,129.7399,51888
2016-07-27 10:30:00,129.65,129.7525,129.27,129.59,39277
2016-07-27 11:30:00,129.56,129.66,129.3,129.535,20233
2016-07-27 12:30:00,129.51,129.65,129.37,129.58,9381
2016-07-27 13:30:00,129.615,130.22,129.6,129.94,10782
2016-07-27 14:30:00,129.96,130.11,129.88,129.93,27296
2016-07-27 15:30:00,129.91,130.0399,129.75,129.85,29360
2016-07-28 09:30:00,129.95,129.95,128.75,128.92,12513
2016-07-28 10:30:00,128.9299,128.9299,128.6,128.7499,3772
2016-07-28 11:30:00,128.72,128.9175,128.571,128.6399,2662
2016-07-28 12:30:00,128.66,128.6999,128.461,128.611,4623
2016-07-28 13:30:00,128.56,129.17,128.56,129.08,19261
2016-07-28 14:30:00,129.085,129.12,128.97,129.0,23654
2016-07-28 15:30:00,129.13,129.2,129.04,129.04,5620
2016-07-29 09:30:00,128.79,129.02,128.3598,128.71,7608
2016-07-29 10:30:00,128.6475,129.3199,128.63,129.3199,5796
2016-07-29 11:30:00,129.32,129.55,129.2953,129.2953,7662
2016-07-29 12:30:00,129.23,129.41,129.0689,129.1499,6052
2016-07-29 13:30:00,129.29,129.56,129.2,129.5103,7164
2016-07-29 14:30:00,129.4999,129.65,129.34,129.5335,73230
2016-07-29 15:30:00,129.55,129.73,129.49,129.52,19572
2016-08-01 09:30:00,129.5,130.0,129.3001,130.0,20253
2016-08-01 10:30:00,129.7,130.1899,129.58,130.129,4527
2016-08-01 11:30:00,129.9825,130.06,129.36,129.371,6450
2016-08-01 12:30:00,129.45,129.76,129.4425,129.6104,2404
2016-08-01 13:30:00,129.5801,129.853,129.53,129.76,7864
2016-08-01 14:30:00,129.7499,129.93,129.698,129.82,21730
2016-08-01 15:30:00,129.74,130.03,129.74,130.01,7340
2016-08-02 09:30:00,130.15,130.15,129.3341,129.49,10997
2016-08-02 10:30:00,129.4001,129.442,128.89,129.24,9892
2016-08-02 11:30:00,129.11,129.14,128.878,129.0401,4319
2016-08-02 12:30:00,129.04,129.0541,128.7201,128.8801,12363
2016-08-02 13:30:00,128.97,129.2596,128.821,129.195,102704
2016-08-02 14:30:00,129.16,129.37,129.08,129.15,12440
2016-08-02 15:30:00,129.105,129.28,129.105,129.2,3020
2016-08-03 09:30:00,129.19,129.59,129.0101,129.47,5950
2016-08-03 10:30:00,129.39,129.7699,129.2401,129.6606,6039
2016-08-03 11:30:00,129.69,129.7199,129.499,129.499,3355
2016-08-03 12:30:00,129.471,129.6899,129.471,129.6899,7982
2016-08-03 13:30:00,129.601,129.7297,129.43,129.601,2426
2016-08-03 14:30:00,129.6005,129.67,129.53,129.6622,3539
2016-08-03 15:30:00,129.7145,129.87,129.6401,129.83,27836
2016-10-20 09:30:00,127.16,127.682,127.1201,127.15,5166
2016-10-20 10:30:00,127.0,127.1449,126.74,127.144,1180
2016-10-20 11:30:00,126.9851,127.449,126.91,127.2301,1448
2016-10-20 12:30:00,127.339,127.5684,127.2601,127.3995,2454
2016-10-20 13:30:00,127.38,127.48,127.2,127.3722,2080
2016-10-20 14:30:00,127.331,127.479,127.2801,127.3246,4090
2016-10-20 15:30:00,127.31,127.31,127.04,127.07,4962
2016-10-21 09:30:00,126.86,126.86,125.67,126.0996,8462
2016-10-21 10:30:00,126.2401,126.46,126.1475,126.42,4661
2016-10-21 11:30:00,126.3601,126.689,126.3601,126.4201,1451
2016-10-21 12:30:00,126.4202,126.57,126.4124,126.54,2293
2016-10-21 13:30:00,126.519,126.6796,126.37,126.6796,1500
2016-10-21 14:30:00,126.689,126.7716,126.6,126.6989,2562
2016-10-21 15:30:00,126.6401,126.75,126.5701,126.66,3690
2016-10-24 09:30:00,127.5,128.49,127.5,128.15,18510
2016-10-24 10:30:00,128.17,128.38,127.91,127.91,58341
2016-10-24 11:30:00,127.91,128.13,127.88,127.955,16425
2016-10-24 12:30:00,127.92,127.985,127.8391,127.975,12830
2016-10-24 13:30:00,127.98,128.17,127.916,128.1,7756
2016-10-24 14:30:00,128.065,128.065,127.8718,127.9499,8623
2016-10-24 15:30:00,127.92,128.02,127.9,127.95,6198
2016-10-25 09:30:00,128.36,129.289,128.2801,128.94,8551
2016-10-25 10:30:00,128.9316,128.9478,128.6731,128.9478,11546
2016-10-25 11:30:00,128.91,129.129,128.8701,129.055,2195
2016-10-25 12:30:00,128.9901,129.2805,128.9901,129.2805,4429
2016-10-25 13:30:00,129.2999,129.41,129.23,129.3941,16915
2016-10-25 14:30:00,129.41,129.4541,129.2584,129.4541,7057
2016-10-25 15:30:00,129.47,129.5011,129.25,129.256,4956
2016-10-26 09:30:00,129.52,129.61,129.1201,129.46,10832
2016-10-26 10:30:00,129.47,130.6,129.3245,130.422,29543
2016-10-26 11:30:00,130.54,130.88,130.54,130.7087,15104
2016-10-26 12:30:00,130.75,131.0,130.5989,130.6099,14830
2016-10-26 13:30:00,130.5923,130.705,130.32,130.49,18108
2016-10-26 14:30:00,130.48,130.92,130.4101,130.831,12998
2016-10-26 15:30:00,130.846,130.95,130.68,130.71,11488
2016-10-27 09:30:00,131.05,131.05,129.2204,129.415,18647
2016-10-27 10:30:00,129.47,129.77,129.3001,129.4848,25156
2016-10-27 11:30:00,129.5344,129.63,129.23,129.29,13589
2016-10-27 12:30:00,129.215,129.579,129.06,129.365,9876
2016-10-27 13:30:00,129.3933,129.61,129.34,129.545,13231
2016-10-27 14:30:00,129.5777,129.61,129.03,129.11,10504
2016-10-27 15:30:00,129.075,129.34,129.07,129.34,18562
2016-10-28 09:30:00,129.25,130.36,129.25,129.89,12546
2016-10-28 10:30:00,129.9299,130.2794,129.8427,130.202,7492
2016-10-28 11:30:00,130.3099,130.48,129.8,130.4446,12334
2016-10-28 12:30:00,130.4056,130.4717,129.6659,129.926,9275
2016-10-28 13:30:00,129.87,130.22,129.54,130.1789,5486
2016-10-28 14:30:00,130.1817,130.4423,130.06,130.4423,9956
2016-10-28 15:30:00,130.38,130.405,129.952,130.01,7456
2016-10-31 09:30:00,130.2,130.32,129.88,130.2185,13028
2016-10-31 10:30:00,130.31,130.31,129.89,130.236,7580
2016-10-31 11:30:00,130.29,130.4875,130.21,130.3013,53978
2016-10-31 12:30:00,130.29,130.3897,130.08,130.1,4818
2016-10-31 13:30:00,130.0983,130.2999,130.09,130.14,6849
2016-10-31 14:30:00,130.16,130.45,130.13,130.4201,6762
2016-10-31 15:30:00,130.5099,130.5217,130.28,130.28,8086
2016-11-01 09:30:00,130.53,131.244,130.2201,130.237,17194
2016-11-01 10:30:00,130.18,130.56,130.09,130.46,13220
2016-11-01 11:30:00,130.4599,130.4599,129.97,130.1099,18015
2016-11-01 12:30:00,130.11,130.179,129.6901,129.7924,13361
2016-11-01 13:30:00,129.861,129.861,129.11,129.511,36978
2016-11-01 14:30:00,129.5853,129.73,129.281,129.62,12786
2016-11-01 15:30:00,129.67,129.8312,129.5401,129.64,16390
2016-11-02 09:30:00,129.7,130.0199,129.12,129.8889,14866
2016-11-02 10:30:00,129.72,130.218,129.6101,130.0,3706
2016-11-02 11:30:00,129.767,129.7999,129.22,129.43,4565
2016-11-02 12:30:00,129.4516,129.52,129.0,129.04,5161
2016-11-02 13:30:00,129.0699,129.26,128.51,129.1343,6689
2016-11-02 14:30:00,129.1844,129.249,128.8101,128.9493,53417
2016-11-02 15:30:00,128.95,128.95,128.46,128.46,5326
2016-12-07 09:30:00,145.28,145.3321,144.57,144.8301,84155
2016-12-07 10:30:00,144.9021,145.1999,144.581,145.14,20764
2016-12-07 11:30:00,145.1299,145.41,145.051,145.304,26355
2016-12-07 12:30:00,145.27,145.74,145.171,145.6599,23253
2016-12-07 13:30:00,145.57,145.9514,145.5301,145.8792,34419
2016-12-07 14:30:00,145.84,146.3,145.8101,146.2601,29077
2016-12-07 15:30:00,146.26,146.35,146.08,146.16,43518
2016-12-08 09:30:00,146.74,147.0599,144.8,145.0199,100880
2016-12-08 10:30:00,145.0,145.22,144.9001,144.945,70114
2016-12-08 11:30:00,144.9488,145.0401,144.5201,145.0196,50314
2016-12-08 12:30:00,145.0,145.3123,144.89,145.1699,33149
2016-12-08 13:30:00,145.1485,145.3699,144.96,145.0906,51667
2016-12-08 14:30:00,145.1799,145.23,144.64,144.76,71669
2016-12-08 15:30:00,144.726,144.8841,144.7228,144.8,54590
2016-12-09 09:30:00,144.89,145.44,144.69,145.0199,64025
2016-12-09 10:30:00,144.98,145.214,144.95,144.9848,39247
2016-12-09 11:30:00,144.9894,145.302,144.8901,145.193,20892
2016-12-09 12:30:00,145.2399,145.2399,144.94,144.9756,26277
2016-12-09 13:30:00,144.979,145.0599,144.83,144.925,26143
2016-12-09 14:30:00,144.91,145.2899,144.888,145.1921,36498
2016-12-09 15:30:00,145.1701,145.25,145.0242,145.13,48364
2016-12-12 09:30:00,143.0,143.329,141.42,142.364,214607
2016-12-12 10:30:00,142.389,143.04,142.22,142.86,57205
2016-12-12 11:30:00,142.85,142.9523,142.06,142.4291,62167
2016-12-12 12:30:00,142.4028,143.35,142.24,143.15,90356
2016-12-12 13:30:00,143.0992,143.3499,142.8501,143.1983,31715
2016-12-12 14:30:00,143.15,143.48,142.9341,143.3101,41672
2016-12-12 15:30:00,143.31,143.54,143.2201,143.44,45925
2016-12-13 09:30:00,143.95,144.7552,142.972,143.25,84731
2016-12-13 10:30:00,143.2352,143.263,142.6,142.8607,80796
2016-12-13 11:30:00,142.8599,142.97,142.44,142.8695,43153
2016-12-13 12:30:00,142.9199,143.34,142.87,143.2416,29514
2016-12-13 13:30:00,143.2781,143.32,143.0457,143.112,34428
2016-12-13 14:30:00,143.01,143.289,142.739,142.78,37774
2016-12-13 15:30:00,142.7799,142.86,142.6101,142.85,26417
2016-12-14 09:30:00,142.7,143.309,142.4001,143.06,89648
2016-12-14 10:30:00,143.13,143.2299,142.701,143.04,39764
2016-12-14 11:30:00,143.0157,143.0157,142.5436,142.58,35205
2016-12-14 12:30:00,142.58,142.8299,142.536,142.7299,13647
2016-12-14 13:30:00,142.72,143.2377,142.1601,142.2462,46786
2016-12-14 14:30:00,142.2001,142.53,141.6501,141.788,39782
2016-12-14 15:30:00,141.78,142.325,141.4201,141.53,56723
2016-12-15 09:30:00,141.61,142.52,141.2,142.3226,57952
2016-12-15 10:30:00,142.4147,143.0,142.4147,142.799,52952
2016-12-15 11:30:00,142.759,142.9,142.45,142.5327,19998
2016-12-15 12:30:00,142.53,142.6699,142.3101,142.5782,31480
2016-12-15 13:30:00,142.59,142.669,142.0801,142.2387,26151
2016-12-15 14:30:00,142.298,142.33,141.97,142.0,31514
2016-12-15 15:30:00,142.03,142.129,141.93,142.02,25593
2016-12-16 09:30:00,141.44,142.9899,141.44,142.9199,39258
2016-12-16 10:30:00,142.9099,143.27,142.1001,142.1455,20824
2016-12-16 11:30:00,142.0601,143.0999,142.0601,142.77,28907
2016-12-16 12:30:00,142.8232,142.84,142.3631,142.3631,19341
2016-12-16 13:30:00,142.3451,142.48,142.011,142.054,14107
2016-12-16 14:30:00,142.1099,142.1399,141.6493,141.79,21198
2016-12-16 15:30:00,141.8,141.9099,141.6,141.68,20981
2016-12-19 09:30:00,142.27,142.93,141.81,142.25,45702
2016-12-19 10:30:00,142.2833,142.8299,142.03,142.411,33791
2016-12-19 11:30:00,142.528,142.69,142.2789,142.59,23965
2016-12-19 12:30:00,142.69,142.74,142.48,142.57,19868
2016-12-19 13:30:00,142.58,142.8399,142.41,142.83,27016
2016-12-19 14:30:00,142.75,142.8099,142.28,142.4999,226821
2016-12-19 15:30:00,142.49,142.81,142.49,142.78,39075
2016-12-20 09:30:00,143.32,143.859,142.89,143.66,36433
2016-12-20 10:30:00,143.5696,143.599,143.12,143.12,39564
2016-12-20 11:30:00,143.17,143.35,142.82,143.16,247116
2016-12-20 12:30:00,143.2,143.419,143.11,143.3821,174647
2016-12-20 13:30:00,143.3597,143.3999,143.15,143.1899,11480
2016-12-20 14:30:00,143.1211,143.18,142.92,143.175,16686
2016-12-20 15:30:00,143.18,143.4,143.18,143.35,16580
2016-12-21 09:30:00,143.2,143.34,142.68,142.819,23172
2016-12-21 10:30:00,142.68,142.759,142.39,142.5765,16006
2016-12-21 11:30:00,142.5713,142.5953,142.3,142.552,7987
2016-12-21 12:30:00,142.59,142.73,142.4868,142.6199,9176
2016-12-21 13:30:00,142.5946,142.6219,142.47,142.48,14670
2016-12-21 14:30:00,142.465,142.485,142.35,142.38,15845
2016-12-21 15:30:00,142.3523,142.4299,142.16,142.16,20582
2016-12-22 09:30:00,142.16,142.72,141.57,141.605,40108
2016-12-22 10:30:00,141.6099,141.7699,141.51,141.68,24351
2016-12-22 11:30:00,141.6487,141.7699,141.51,141.71,12346
2016-12-22 12:30:00,141.7201,142.2499,141.7201,142.1443,10403
2016-12-22 13:30:00,142.0956,142.3599,142.0,142.3404,17247
2016-12-22 14:30:00,142.3248,142.3399,142.0701,142.18,14073
2016-12-22 15:30:00,142.22,142.22,142.0656,142.18,20489
2016-12-23 09:30:00,141.9,142.43,141.511,141.8867,39173
2016-12-23 10:30:00,141.944,142.369,141.944,142.311,10459
2016-12-23 11:30:00,142.4099,142.44,142.0486,142.179,13611
2016-12-23 12:30:00,142.21,142.22,142.03,142.11,10406
2016-12-23 13:30:00,142.0834,142.1899,142.0,142.0,8284
2016-12-23 14:30:00,142.07,142.14,142.0001,142.0001,11634
2016-12-23 15:30:00,142.0299,142.32,142.01,142.29,11129
2016-12-27 09:30:00,143.04,143.04,142.611,142.6999,48277
2016-12-27 10:30:00,142.7,142.71,142.3116,142.4,18000
2016-12-27 11:30:00,142.4299,142.5,142.2,142.2,17243
2016-12-27 12:30:00,142.2799,142.4,142.14,142.3915,28247
2016-12-27 13:30:00,142.3994,142.639,142.37,142.6026,16893
2016-12-27 14:30:00,142.58,142.68,142.51,142.6695,41329
2016-12-27 15:30:00,142.65,142.7299,142.53,142.56,26783
2016-12-28 09:30:00,142.65,143.459,141.48,141.6355,25136
2016-12-28 10:30:00,141.5601,142.32,141.5,142.2232,208252
2016-12-28 11:30:00,142.2454,142.25,141.611,141.7356,48654
2016-12-28 12:30:00,141.7841,141.7841,141.428,141.6701,20527
2016-12-28 13:30:00,141.6555,141.6599,141.245,141.245,10338
2016-12-28 14:30:00,141.2853,141.4499,141.16,141.27,18674
2016-12-28 15:30:00,141.246,141.3199,141.0601,141.2,14260
2016-12-29 09:30:00,141.35,142.0299,141.2501,141.5621,30496
2016-12-29 10:30:00,141.51,141.5953,141.23,141.39,25629
2016-12-29 11:30:00,141.3956,141.53,140.88,141.106,24060
2016-12-29 12:30:00,141.1,141.39,141.0101,141.13,22393
2016-12-29 13:30:00,141.13,141.35,140.98,141.21,7943
2016-12-29 14:30:00,141.198,141.3099,141.06,141.2653,13020
2016-12-29 15:30:00,141.2747,141.36,141.19,141.35,12178
2017-01-19 09:30:00,141.99,142.9199,141.71,142.39,36875
2017-01-19 10:30:00,142.4299,142.4299,141.62,141.71,17700
2017-01-19 11:30:00,141.6747,141.76,141.58,141.6611,11587
2017-01-19 12:30:00,141.63,141.8299,141.6,141.63,25394
2017-01-19 13:30:00,141.69,141.8099,141.151,141.47,44166
2017-01-19 14:30:00,141.4603,142.7,141.4201,142.67,83282
2017-01-19 15:30:00,142.6797,142.68,142.42,142.53,121459
2017-01-20 09:30:00,143.0,143.12,141.76,141.85,88974
2017-01-20 10:30:00,141.82,142.0099,141.67,141.69,49771
2017-01-20 11:30:00,141.69,141.9808,141.48,141.6075,30296
2017-01-20 12:30:00,141.6534,142.0299,141.45,141.905,17414
2017-01-20 13:30:00,141.8601,142.05,141.5,141.5801,25646
2017-01-20 14:30:00,141.6256,141.8682,141.46,141.7139,17448
2017-01-20 15:30:00,141.66,141.97,141.66,141.94,24033
2017-01-23 09:30:00,142.0,142.38,140.9,140.9153,25024
2017-01-23 10:30:00,140.8685,141.039,140.6418,140.8,36322
2017-01-23 11:30:00,140.95,140.96,140.35,140.485,35742
2017-01-23 12:30:00,140.45,140.6705,140.431,140.6399,25752
2017-01-23 13:30:00,140.6139,141.04,140.6139,140.7618,43139
2017-01-23 14:30:00,140.7941,141.16,140.72,141.0454,32445
2017-01-23 15:30:00,141.0344,141.2999,140.99,141.16,11387
2017-01-24 09:30:00,141.06,141.53,140.53,141.4846,59845
2017-01-24 10:30:00,141.4899,142.1108,141.4101,141.95,22384
2017-01-24 11:30:00,141.909,142.2499,141.69,142.18,14038
2017-01-24 12:30:00,142.2,142.54,142.195,142.4482,19115
2017-01-24 13:30:00,142.4774,142.81,142.4751,142.6686,30874
2017-01-24 14:30:00,142.6669,142.79,142.56,142.5799,37329
2017-01-24 15:30:00,142.57,142.6459,142.45,142.48,39763
2017-01-25 09:30:00,143.02,143.25,141.9,142.23,115973
2017-01-25 10:30:00,142.25,143.0,142.0,142.15,177147
2017-01-25 11:30:00,142.1,142.1025,141.85,142.04,42256
2017-01-25 12:30:00,142.06,142.4999,141.95,142.4799,24317
2017-01-25 13:30:00,142.4305,142.62,142.3957,142.4846,33140
2017-01-25 14:30:00,142.5099,142.849,142.4154,142.63,26510
2017-01-25 15:30:00,142.649,142.959,142.56,142.8,22332
2017-01-26 09:30:00,142.52,143.4699,142.1,142.865,87472
2017-01-26 10:30:00,142.93,143.33,142.325,142.85,35720
2017-01-26 11:30:00,142.81,142.8234,142.3858,142.42,37740
2017-01-26 12:30:00,142.42,142.4499,142.15,142.2799,23048
2017-01-26 13:30:00,142.3199,142.8699,142.2601,142.8699,33243
2017-01-26 14:30:00,142.8573,142.9399,142.73,142.896,47763
2017-01-26 15:30:00,142.8853,143.0299,142.85,143.0,48962
2017-01-27 09:30:00,143.2,144.5213,143.15,144.22,55273
2017-01-27 10:30:00,144.18,144.18,143.64,143.816,34896
2017-01-27 11:30:00,143.8,144.3,143.7959,144.0994,18608
2017-01-27 12:30:00,144.112,144.1999,143.2,143.46,15392
2017-01-27 13:30:00,143.55,143.579,143.05,143.05,24981
2017-01-27 14:30:00,143.0399,143.33,142.96,143.2975,18150
2017-01-27 15:30:00,143.2999,143.42,143.2676,143.34,27732
2017-01-30 09:30:00,143.29,143.29,141.69,141.8106,95570
2017-01-30 10:30:00,141.81,141.9,141.25,141.76,58441
2017-01-30 11:30:00,141.71,142.02,141.64,141.9659,31464
2017-01-30 12:30:00,141.94,142.0399,141.81,142.0104,20653
2017-01-30 13:30:00,142.0299,142.09,141.7648,142.09,12697
2017-01-30 14:30:00,142.0617,142.29,141.9977,142.174,33264
2017-01-30 15:30:00,142.1601,142.36,141.91,142.28,67849
2017-01-31 09:30:00,142.28,142.28,140.63,141.19,107209
2017-01-31 10:30:00,141.24,141.9099,141.24,141.7901,31207
2017-01-31 11:30:00,141.8047,141.85,141.56,141.7713,15107
2017-01-31 12:30:00,141.7558,141.8199,141.2001,141.6145,13251
2017-01-31 13:30:00,141.7,141.7,141.3244,141.5064,18536
2017-01-31 14:30:00,141.53,142.2199,141.477,142.08,33925
2017-01-31 15:30:00,142.11,142.52,142.1,142.4,25657
2017-02-01 09:30:00,142.94,143.3381,142.61,142.86,74791
2017-02-01 10:30:00,142.77,142.8599,141.9,141.9,26571
2017-02-01 11:30:00,141.94,142.17,141.76,141.96,17322
2017-02-01 12:30:00,142.0544,142.32,142.0544,142.1999,9014
2017-02-01 13:30:00,142.1999,142.4499,141.9586,142.3892,17725
2017-02-01 14:30:00,142.4025,142.46,142.04,142.4557,17260
2017-02-01 15:30:00,142.4427,142.5499,142.29,142.3693,25130
2017-02-02 09:30:00,142.22,142.27,141.505,142.12,41996
2017-02-02 10:30:00,142.134,142.7299,142.04,142.3599,20505
2017-02-02 11:30:00,142.343,142.3895,142.103,142.2399,9087
2017-02-02 12:30:00,142.2399,142.43,141.89,141.99,17011
2017-02-02 13:30:00,141.986,142.43,141.9501,142.0858,19966
2017-02-02 14:30:00,142.0586,142.4838,141.96,142.4838,24229
2017-02-02 15:30:00,142.479,142.4799,142.2,142.43,22321
2017-02-03 09:30:00,142.98,144.1799,142.42,143.97,61938
2017-02-03 10:30:00,144.0899,144.6091,143.89,143.9958,110242
2017-02-03 11:30:00,144.0,144.28,143.94,144.148,17741
2017-02-03 12:30:00,144.15,144.24,144.09,144.165,28986
2017-02-03 13:30:00,144.15,144.32,144.04,144.2754,29317
2017-02-03 14:30:00,144.28,144.47,144.25,144.316,75127
2017-02-03 15:30:00,144.3299,144.57,144.29,144.43,29211
2017-04-13 09:30:00,148.28,148.9075,148.14,148.4,31722
2017-04-13 10:30:00,148.34,148.78,148.301,148.74,17393
2017-04-13 11:30:00,148.7399,148.8775,148.2302,148.3405,17360
2017-04-13 12:30:00,148.3421,148.5075,147.91,148.0985,23964
2017-04-13 13:30:00,148.12,148.3099,147.692,148.245,24336
2017-04-13 14:30:00,148.29,148.339,147.83,148.0,13600
2017-04-13 15:30:00,147.9559,148.2457,147.7,147.7,31740
2017-04-17 09:30:00,148.59,149.27,148.2901,149.08,42568
2017-04-17 10:30:00,149.16,149.44,148.84,149.2959,15810
2017-04-17 11:30:00,149.325,149.44,149.1442,149.1854,31678
2017-04-17 12:30:00,149.2161,149.2399,148.8601,149.0515,9349
2017-04-17 13:30:00,149.079,149.16,148.95,149.0196,29312
2017-04-17 14:30:00,149.02,149.46,148.9789,149.4275,29262
2017-04-17 15:30:00,149.4399,149.66,149.291,149.63,21835
2017-04-18 09:30:00,149.27,149.6899,148.9066,149.2,36517
2017-04-18 10:30:00,149.051,149.37,149.05,149.285,12362
2017-04-18 11:30:00,149.2799,149.2799,148.1844,148.3627,18285
2017-04-18 12:30:00,148.37,148.6145,148.31,148.55,15986
2017-04-18 13:30:00,148.65,149.08,148.6155,149.009,32213
2017-04-18 14:30:00,149.01,149.28,148.77,149.2796,25514
2017-04-18 15:30:00,149.26,149.42,149.21,149.27,23003
2017-04-19 09:30:00,149.9,150.02,149.5,149.94,52774
2017-04-19 10:30:00,149.9413,150.25,149.7175,150.25,38936
2017-04-19 11:30:00,150.2,150.43,149.78,149.87,41776
2017-04-19 12:30:00,149.834,149.96,149.5001,149.78,32827
2017-04-19 13:30:00,149.73,149.85,149.49,149.5848,35154
2017-04-19 14:30:00,149.599,149.73,149.378,149.4361,42104
2017-04-19 15:30:00,149.44,149.52,149.32,149.44,38374
2017-04-20 09:30:00,149.79,149.8799,149.18,149.3,24730
2017-04-20 10:30:00,149.3199,149.88,149.1801,149.7995,14564
2017-04-20 11:30:00,149.88,150.4339,149.77,150.3525,74729
2017-04-20 12:30:00,150.3557,150.5582,150.2,150.27,34328
2017-04-20 13:30:00,150.3298,150.8599,150.26,150.6365,36542
2017-04-20 14:30:00,150.6359,150.83,150.5397,150.6849,14585
2017-04-20 15:30:00,150.7099,150.8301,150.55,150.55,23763
2017-04-21 09:30:00,150.62,151.78,150.62,151.5399,29755
2017-04-21 10:30:00,151.5,151.559,150.9201,151.214,44789
2017-04-21 11:30:00,151.1959,151.43,151.0701,151.3099,17731
2017-04-21 12:30:00,151.24,151.4427,151.1,151.36,16390
2017-04-21 13:30:00,151.27,151.75,151.23,151.705,11734
2017-04-21 14:30:00,151.7399,151.7399,151.35,151.51,34996
2017-04-21 15:30:00,151.46,151.54,151.31,151.31,19399
2017-04-24 09:30:00,153.07,153.5,152.76,153.2816,47880
2017-04-24 10:30:00,153.251,153.29,152.74,152.96,22774
2017-04-24 11:30:00,152.932,153.1,152.83,153.08,73833
2017-04-24 12:30:00,153.08,153.19,152.96,153.0401,54468
2017-04-24 13:30:00,153.09,153.25,152.971,153.1938,49918
2017-04-24 14:30:00,153.2197,153.47,153.1195,153.4,16915
2017-04-24 15:30:00,153.3833,153.51,153.33,153.36,19053
2017-04-25 09:30:00,153.73,154.079,153.35,153.7695,59600
2017-04-25 10:30:00,153.888,153.97,153.4201,153.4899,31096
2017-04-25 11:30:00,153.42,153.7299,153.33,153.7199,22026
2017-04-25 12:30:00,153.6786,153.86,153.447,153.7333,15048
2017-04-25 13:30:00,153.75,153.88,153.7,153.725,25602
2017-04-25 14:30:00,153.7575,153.99,153.6125,153.9359,22303
2017-04-25 15:30:00,153.94,153.94,153.64,153.71,28933
2017-04-26 09:30:00,154.07,154.089,153.56,154.055,57475
2017-04-26 10:30:00,154.11,154.3299,153.691,154.315,17120
2017-04-26 11:30:00,154.32,154.64,154.1475,154.606,24827
2017-04-26 12:30:00,154.5599,154.78,154.4701,154.52,11508
2017-04-26 13:30:00,154.56,154.69,154.2201,154.3703,20992
2017-04-26 14:30:00,154.41,154.6,154.3809,154.4997,15662
2017-04-26 15:30:00,154.52,154.52,153.955,154.08,26411
2017-04-27 09:30:00,154.77,155.19,154.4,154.5799,65554
2017-04-27 10:30:00,154.501,154.75,153.98,154.125,21984
2017-04-27 11:30:00,154.1031,154.22,153.7449,153.9699,18497
2017-04-27 12:30:00,153.97,154.67,153.9401,154.38,16730
2017-04-27 13:30:00,154.4299,154.4707,154.2,154.3926,12444
2017-04-27 14:30:00,154.4047,154.65,154.3,154.4,14835
2017-04-27 15:30:00,154.3847,154.45,154.2423,154.38,23116
2017-04-28 09:30:00,154.75,154.99,153.622,153.751,36458
2017-04-28 10:30:00,153.8799,154.29,153.7386,154.053,14833
2017-04-28 11:30:00,154.0675,154.12,153.86,153.91,15854
2017-04-28 12:30:00,153.93,153.93,153.5801,153.7308,17435
2017-04-28 13:30:00,153.7499,153.81,153.42,153.5475,21859
2017-04-28 14:30:00,153.53,153.85,153.53,153.8099,15924
2017-04-28 15:30:00,153.7791,153.87,153.63,153.68,20241
2017-05-01 09:30:00,153.87,154.349,152.5801,152.8099,37002
2017-05-01 10:30:00,152.82,153.32,152.736,153.0,37864
2017-05-01 11:30:00,153.0,153.5269,152.93,153.429,21717
2017-05-01 12:30:00,153.396,153.5399,153.0,153.519,12967
2017-05-01 13:30:00,153.4834,153.97,153.2693,153.3399,31371
2017-05-01 14:30:00,153.2954,153.2954,152.985,153.0,20288
2017-05-01 15:30:00,153.0,153.19,153.0,153.13,23014
2017-05-02 09:30:00,153.16,153.78,152.98,153.269,33556
2017-05-02 10:30:00,153.325,153.33,152.95,153.2926,16792
2017-05-02 11:30:00,153.3087,153.62,153.2,153.6199,15891
2017-05-02 12:30:00,153.6195,153.62,153.31,153.31,14604
2017-05-02 13:30:00,153.3178,153.4099,153.16,153.16,20369
2017-05-02 14:30:00,153.16,153.31,153.14,153.2702,19914
2017-05-02 15:30:00,153.265,153.52,153.25,153.52,37258
2017-05-03 09:30:00,153.26,153.3899,152.55,152.8,37939
2017-05-03 10:30:00,152.8,152.9399,152.3112,152.55,44038
2017-05-03 11:30:00,152.5473,152.7,152.4083,152.6153,11412
2017-05-03 12:30:00,152.63,152.63,152.41,152.42,27153
2017-05-03 13:30:00,152.4088,152.86,152.3679,152.59,13174
2017-05-03 14:30:00,152.64,152.92,152.5705,152.79,18048
2017-05-03 15:30:00,152.76,153.0599,152.73,152.92,11654
2017-07-20 09:30:00,163.99,164.439,163.81,164.2,30423
2017-07-20 10:30:00,164.17,164.17,163.611,163.7019,12467
2017-07-20 11:30:00,163.7053,163.8554,163.5165,163.8017,8976
2017-07-20 12:30:00,163.7773,163.879,163.6481,163.86,7979
2017-07-20 13:30:00,163.85,163.87,163.61,163.64,22255
2017-07-20 14:30:00,163.69,163.86,163.5767,163.7999,23161
2017-07-20 15:30:00,163.79,163.8,163.48,163.52,21612
2017-07-21 09:30:00,163.31,163.989,162.791,163.1899,22876
2017-07-21 10:30:00,163.202,163.71,162.96,163.71,13351
2017-07-21 11:30:00,163.6916,164.1,163.67,163.7879,12970
2017-07-21 12:30:00,163.83,164.0599,163.71,163.86,9180
2017-07-21 13:30:00,163.8289,163.96,163.661,163.8229,22366
2017-07-21 14:30:00,163.812,163.96,163.6785,163.7348,14216
2017-07-21 15:30:00,163.7625,164.02,163.75,164.01,18910
2017-07-24 09:30:00,164.18,164.35,163.69,163.9325,25994
2017-07-24 10:30:00,163.97,164.0036,163.76,163.8399,13420
2017-07-24 11:30:00,163.804,164.19,163.76,164.0899,7922
2017-07-24 12:30:00,164.0544,164.0899,163.8701,164.03,19767
2017-07-24 13:30:00,164.01,164.0899,163.91,163.9728,16785
2017-07-24 14:30:00,163.9999,164.35,163.92,164.3499,19017
2017-07-24 15:30:00,164.3328,164.38,164.231,164.3,18646
2017-07-25 09:30:00,164.46,164.9433,163.9,164.25,34188
2017-07-25 10:30:00,164.39,164.8199,164.36,164.8,17745
2017-07-25 11:30:00,164.7054,164.75,164.5,164.75,19346
2017-07-25 12:30:00,164.718,164.91,164.621,164.6946,22187
2017-07-25 13:30:00,164.72,164.72,164.4,164.5007,15864
2017-07-25 14:30:00,164.489,164.62,164.2546,164.35,11877
2017-07-25 15:30:00,164.36,164.51,164.22,164.42,13030
2017-07-26 09:30:00,165.01,165.3,164.14,164.55,45707
2017-07-26 10:30:00,164.59,164.74,164.33,164.5085,15963
2017-07-26 11:30:00,164.5081,164.7199,164.351,164.5048,15182
2017-07-26 12:30:00,164.48,164.66,164.34,164.41,35212
2017-07-26 13:30:00,164.42,164.504,164.2,164.504,23331
2017-07-26 14:30:00,164.48,164.5,164.03,164.03,16438
2017-07-26 15:30:00,164.0282,164.44,163.92,164.43,24428
2017-07-27 09:30:00,165.0,165.3,164.33,164.5099,36839
2017-07-27 10:30:00,164.4642,164.53,164.1237,164.1237,21569
2017-07-27 11:30:00,164.1135,164.4927,164.08,164.195,19233
2017-07-27 12:30:00,164.2199,164.2421,163.1464,163.37,69284
2017-07-27 13:30:00,163.3486,163.632,163.201,163.4599,61426
2017-07-27 14:30:00,163.446,163.73,163.2798,163.73,23669
2017-07-27 15:30:00,163.7032,164.17,163.6842,164.11,26632
2017-07-28 09:30:00,164.05,164.5856,163.96,164.528,19650
2017-07-28 10:30:00,164.54,164.9499,164.45,164.836,7939
2017-07-28 11:30:00,164.79,164.9399,164.55,164.8099,12314
2017-07-28 12:30:00,164.7974,164.8299,164.5101,164.68,11269
2017-07-28 13:30:00,164.6664,165.22,164.66,165.2171,12484
2017-07-28 14:30:00,165.27,165.5012,165.23,165.3919,11111
2017-07-28 15:30:00,165.3859,165.768,165.35,165.61,18535
2017-07-31 09:30:00,166.19,166.3599,165.4725,165.688,49943
2017-07-31 10:30:00,165.6545,165.96,165.53,165.61,19399
2017-07-31 11:30:00,165.617,165.67,165.089,165.089,22169
2017-07-31 12:30:00,165.11,165.36,165.08,165.345,12694
2017-07-31 13:30:00,165.35,165.4,164.9347,164.9347,13913
2017-07-31 14:30:00,164.95,164.9832,164.65,164.9221,19035
2017-07-31 15:30:00,164.959,165.11,164.82,164.9199,33602
2017-08-01 09:30:00,165.47,165.98,164.581,164.6986,29280
2017-08-01 10:30:00,164.74,165.4299,164.65,165.14,27165
2017-08-01 11:30:00,165.13,165.3799,164.89,164.916,22514
2017-08-01 12:30:00,164.9134,165.1799,164.86,165.12,17982
2017-08-01 13:30:00,165.08,165.17,164.93,165.0058,19705
2017-08-01 14:30:00,165.0088,165.0599,164.9201,165.0475,51444
2017-08-01 15:30:00,165.0,165.4,164.9757,165.33,29148
2017-08-02 09:30:00,166.2,166.89,165.44,166.09,25666
2017-08-02 10:30:00,166.13,166.41,165.46,166.16,58526
2017-08-02 11:30:00,166.37,166.45,165.6,165.672,51051
2017-08-02 12:30:00,165.6438,166.1175,165.6438,166.058,13357
2017-08-02 13:30:00,166.1,166.37,166.0098,166.37,14387
2017-08-02 14:30:00,166.261,166.44,166.1475,166.4283,21117
2017-08-02 15:30:00,166.42,166.46,166.2996,166.44,16129
2017-09-05 09:30:00,171.79,171.84,169.43,169.57,83140
2017-09-05 10:30:00,169.55,169.64,169.1,169.28,61466
2017-09-05 11:30:00,169.26,169.63,168.92,169.0,28509
2017-09-05 12:30:00,169.0,169.0,168.47,168.77,44078
2017-09-05 13:30:00,168.7675,170.5,168.5,169.08,110164
2017-09-05 14:30:00,169.0451,169.15,168.7486,168.89,41653
2017-09-05 15:30:00,168.91,168.97,168.7364,168.85,46156
2017-09-06 09:30:00,169.43,169.95,167.95,168.0964,72922
2017-09-06 10:30:00,168.12,168.25,167.9524,168.2023,14546
2017-09-06 11:30:00,168.1616,168.21,167.87,167.902,17572
2017-09-06 12:30:00,167.926,168.02,167.7,167.824,18009
2017-09-06 13:30:00,167.8266,167.98,167.68,167.8918,22305
2017-09-06 14:30:00,167.9,167.95,167.61,167.75,18379
2017-09-06 15:30:00,167.7799,167.7799,167.5482,167.5999,22814
2017-09-07 09:30:00,168.0,168.05,166.84,167.01,144340
2017-09-07 10:30:00,167.01,167.9375,166.9753,167.5475,32187
2017-09-07 11:30:00,167.4356,167.6899,167.34,167.6066,12272
2017-09-07 12:30:00,167.5844,167.94,167.55,167.8628,39694
2017-09-07 13:30:00,167.8127,167.93,167.79,167.89,25519
2017-09-07 14:30:00,167.8899,167.89,167.64,167.6401,25807
2017-09-07 15:30:00,167.65,167.98,167.65,167.95,40265
2017-09-08 09:30:00,168.0,168.0,167.0,167.762,31261
2017-09-08 10:30:00,167.64,168.36,167.6,168.21,24992
2017-09-08 11:30:00,168.21,168.42,168.0563,168.1305,19230
2017-09-08 12:30:00,168.21,168.39,168.0601,168.1599,13048
2017-09-08 13:30:00,168.1689,168.23,168.029,168.11,10103
2017-09-08 14:30:00,168.08,168.1475,167.87,167.94,20003
2017-09-08 15:30:00,167.94,168.05,167.74,168.05,62124
2017-09-11 09:30:00,169.02,169.459,168.25,168.839,26444
2017-09-11 10:30:00,168.84,169.27,168.76,169.17,46545
2017-09-11 11:30:00,169.12,169.35,169.1,169.1507,22081
2017-09-11 12:30:00,169.1999,169.43,169.06,169.41,8476
2017-09-11 13:30:00,169.3755,169.5799,169.25,169.4345,18377
2017-09-11 14:30:00,169.445,169.55,169.26,169.3691,23864
2017-09-11 15:30:00,169.3561,169.3561,169.1391,169.3,31228
2017-09-12 09:30:00,169.63,170.0,169.28,169.3499,35575
2017-09-12 10:30:00,169.3213,169.57,169.14,169.43,17231
2017-09-12 11:30:00,169.382,169.56,169.295,169.39,13707
2017-09-12 12:30:00,169.3899,169.46,169.25,169.34,18206
2017-09-12 13:30:00,169.37,169.4,169.15,169.2372,21340
2017-09-12 14:30:00,169.2125,169.46,169.2125,169.4,50601
2017-09-12 15:30:00,169.4,169.56,169.3301,169.53,20028
2017-09-13 09:30:00,169.63,169.65,168.581,168.95,49691
2017-09-13 10:30:00,169.0,169.02,168.81,168.91,24414
2017-09-13 11:30:00,168.8805,168.8805,168.7,168.7848,11603
2017-09-13 12:30:00,168.804,169.7,168.731,169.44,14389
2017-09-13 13:30:00,169.49,169.5499,169.221,169.25,14812
2017-09-13 14:30:00,169.26,169.3388,169.1,169.1245,22875
2017-09-13 15:30:00,169.14,169.21,169.07,169.1952,19768
2017-09-14 09:30:00,169.18,169.53,168.72,169.2,21348
2017-09-14 10:30:00,169.209,169.62,169.07,169.5139,10315
2017-09-14 11:30:00,169.58,169.73,169.21,169.6307,82377
2017-09-14 12:30:00,169.69,169.889,169.57,169.57,18937
2017-09-14 13:30:00,169.63,169.7099,169.41,169.58,38270
2017-09-14 14:30:00,169.62,169.79,169.588,169.7,19549
2017-09-14 15:30:00,169.73,170.0,169.7101,169.91,16049
2017-10-19 09:30:00,180.95,181.6,179.62,180.551,130568
2017-10-19 10:30:00,180.62,181.3,180.47,180.85,45635
2017-10-19 11:30:00,180.91,181.07,180.67,181.0392,38448
2017-10-19 12:30:00,181.0699,181.327,180.9,181.31,17767
2017-10-19 13:30:00,181.24,181.37,181.15,181.354,24844
2017-10-19 14:30:00,181.409,181.64,181.3559,181.5,25174
2017-10-19 15:30:00,181.499,181.67,181.36,181.67,24238
2017-10-20 09:30:00,182.24,182.94,182.0,182.868,34649
2017-10-20 10:30:00,182.855,183.209,182.67,183.14,29189
2017-10-20 11:30:00,183.144,183.43,183.05,183.43,33122
2017-10-20 12:30:00,183.39,183.55,183.25,183.44,19260
2017-10-20 13:30:00,183.5076,183.76,183.48,183.63,73954
2017-10-20 14:30:00,183.6899,183.85,183.58,183.73,30282
2017-10-20 15:30:00,183.73,183.95,183.7001,183.95,48832
2017-10-23 09:30:00,184.33,184.8099,183.3,183.42,73683
2017-10-23 10:30:00,183.41,183.63,183.28,183.28,30607
2017-10-23 11:30:00,183.3016,183.329,182.75,182.905,23725
2017-10-23 12:30:00,182.88,183.1,182.8372,182.92,19976
2017-10-23 13:30:00,182.895,183.11,182.8,182.92,15227
2017-10-23 14:30:00,182.91,182.98,182.75,182.89,19976
2017-10-23 15:30:00,182.8975,182.93,182.58,182.6478,38664
2017-10-24 09:30:00,182.62,183.57,182.5,182.972,54996
2017-10-24 10:30:00,183.102,183.22,182.6101,182.785,35277
2017-10-24 11:30:00,182.87,182.96,182.355,182.75,23464
2017-10-24 12:30:00,182.74,182.7875,182.5,182.57,19601
2017-10-24 13:30:00,182.61,183.09,182.61,183.0425,28549
2017-10-24 14:30:00,183.06,183.15,182.4,182.9,58702
2017-10-24 15:30:00,182.919,183.04,182.8701,182.987,40361
2017-10-25 09:30:00,183.0,183.359,182.22,183.07,63286
2017-10-25 10:30:00,183.056,183.21,182.06,182.26,38727
2017-10-25 11:30:00,182.3125,182.59,181.3901,181.41,47142
2017-10-25 12:30:00,181.43,181.799,181.1,181.6881,54310
2017-10-25 13:30:00,181.7045,182.679,181.661,182.511,27830
2017-10-25 14:30:00,182.6,182.6,180.95,182.3401,26306
2017-10-25 15:30:00,182.3716,182.4375,181.99,182.25,35657
2017-10-26 09:30:00,182.94,183.0624,181.78,181.9036,29394
2017-10-26 10:30:00,181.9999,181.9999,180.73,180.9489,39362
2017-10-26 11:30:00,180.927,180.97,179.89,180.17,46479
2017-10-26 12:30:00,180.124,180.34,179.9,180.3,37814
2017-10-26 13:30:00,180.285,180.53,180.2382,180.4999,24030
2017-10-26 14:30:00,180.4873,180.93,180.4873,180.8894,31363
2017-10-26 15:30:00,180.873,180.95,180.75,180.79,18720
2017-10-27 09:30:00,180.65,181.0,180.05,180.3425,59544
2017-10-27 10:30:00,180.3525,180.71,180.06,180.6042,24651
2017-10-27 11:30:00,180.619,180.98,180.5705,180.89,25703
2017-10-27 12:30:00,180.8489,181.019,180.77,180.7701,14883
2017-10-27 13:30:00,180.75,180.88,180.55,180.6104,20796
2017-10-27 14:30:00,180.688,180.7,180.361,180.461,37951
2017-10-27 15:30:00,180.47,180.65,180.37,180.58,19394
2017-10-30 09:30:00,180.5,181.0899,180.24,180.785,48464
2017-10-30 10:30:00,180.7651,180.99,180.5,180.62,27614
2017-10-30 11:30:00,180.56,180.64,180.24,180.35,15407
2017-10-30 12:30:00,180.3,180.55,180.06,180.3648,14624
2017-10-30 13:30:00,180.35,180.5,180.09,180.3014,29245
2017-10-30 14:30:00,180.2945,180.3722,180.121,180.1976,80266
2017-10-30 15:30:00,180.16,180.46,180.121,180.33,34283
2017-10-31 09:30:00,180.48,181.68,180.281,180.75,43414
2017-10-31 10:30:00,180.81,180.829,180.4,180.4421,24384
2017-10-31 11:30:00,180.442,180.8222,180.39,180.7101,16824
2017-10-31 12:30:00,180.7463,180.759,180.4,180.5,21563
2017-10-31 13:30:00,180.51,180.82,180.41,180.82,14949
2017-10-31 14:30:00,180.7072,180.88,180.62,180.7573,41837
2017-10-31 15:30:00,180.78,180.78,180.29,180.43,88340
2017-11-01 09:30:00,180.83,181.54,180.45,180.64,51499
2017-11-01 10:30:00,180.69,180.7999,180.3,180.43,45082
2017-11-01 11:30:00,180.41,180.51,180.05,180.11,48206
2017-11-01 12:30:00,180.2316,180.459,179.91,180.1893,19166
2017-11-01 13:30:00,180.2085,180.5,180.01,180.23,16931
2017-11-01 14:30:00,180.171,180.63,180.171,180.5539,18102
2017-11-01 15:30:00,180.5413,180.589,180.3,180.37,21911
2018-01-19 09:30:00,197.92,198.38,197.4487,197.9595,49491
2018-01-19 10:30:00,197.91,198.33,197.68,198.22,20932
2018-01-19 11:30:00,198.22,198.469,197.88,198.32,26191
2018-01-19 12:30:00,198.32,198.44,198.011,198.2427,20113
2018-01-19 13:30:00,198.31,198.66,184.99,198.4976,66831
2018-01-19 14:30:00,198.5503,198.83,198.494,198.83,20491
2018-01-19 15:30:00,198.83,198.85,198.5478,198.73,54834
2018-01-22 09:30:00,198.65,198.8,196.76,197.53,65709
2018-01-22 10:30:00,197.6267,197.689,196.77,196.8981,33739
2018-01-22 11:30:00,196.88,198.15,196.811,198.1101,45768
2018-01-22 12:30:00,198.1295,198.33,197.78,197.895,28389
2018-01-22 13:30:00,197.88,198.0,197.6925,197.7212,35552
2018-01-22 14:30:00,197.719,197.7975,197.609,197.6808,31523
2018-01-22 15:30:00,197.6781,198.02,197.64,197.93,45606
2018-01-23 09:30:00,198.38,198.39,196.614,197.2363,63269
2018-01-23 10:30:00,197.2532,197.71,197.18,197.62,30185
2018-01-23 11:30:00,197.624,197.71,197.24,197.32,28574
2018-01-23 12:30:00,197.3782,197.56,197.24,197.3714,19625
2018-01-23 13:30:00,197.341,197.57,196.8225,196.999,27544
2018-01-23 14:30:00,196.999,197.49,196.901,197.101,31100
2018-01-23 15:30:00,197.1508,197.449,197.1,197.29,23852
2018-01-24 09:30:00,197.5,199.11,197.15,198.761,72839
2018-01-24 10:30:00,198.771,199.1,198.081,198.21,30143
2018-01-24 11:30:00,198.2279,198.5542,197.5783,198.14,32391
2018-01-24 12:30:00,198.2615,198.33,197.48,198.01,28453
2018-01-24 13:30:00,197.9274,198.51,197.85,198.4299,26828
2018-01-24 14:30:00,198.539,198.76,198.22,198.4045,25090
2018-01-24 15:30:00,198.392,198.73,198.2801,198.39,32357
2018-01-25 09:30:00,199.14,200.89,198.76,199.818,56670
2018-01-25 10:30:00,199.691,200.1,199.3157,200.0334,28800
2018-01-25 11:30:00,200.08,201.24,200.071,200.9425,52588
2018-01-25 12:30:00,201.05,201.25,200.78,201.14,18469
2018-01-25 13:30:00,201.0631,201.47,200.94,201.17,27422
2018-01-25 14:30:00,201.189,201.189,200.33,200.9201,34027
2018-01-25 15:30:00,201.04,201.39,200.9003,201.33,26576
2018-01-26 09:30:00,202.0,202.3,200.8,202.1817,55407
2018-01-26 10:30:00,202.05,202.4181,201.84,202.32,27560
2018-01-26 11:30:00,202.2845,202.479,202.03,202.4032,23336
2018-01-26 12:30:00,202.3616,203.27,202.3616,203.0616,20919
2018-01-26 13:30:00,203.0971,203.19,202.801,203.1119,21746
2018-01-26 14:30:00,203.04,203.84,203.02,203.81,26966
2018-01-26 15:30:00,203.79,203.92,203.65,203.9,36175
2018-01-29 09:30:00,204.54,205.679,204.01,204.435,95305
2018-01-29 10:30:00,204.38,204.54,203.43,203.808,35227
2018-01-29 11:30:00,203.7612,204.37,203.69,204.32,67029
2018-01-29 12:30:00,204.34,205.17,204.17,204.8688,40987
2018-01-29 13:30:00,204.85,204.96,204.4,204.48,53602
2018-01-29 14:30:00,204.4739,204.77,204.18,204.449,42976
2018-01-29 15:30:00,204.4046,204.55,204.0973,204.1457,36990
2018-01-30 09:30:00,203.15,203.82,201.16,201.5,91677
2018-01-30 10:30:00,201.5291,202.3599,201.5291,201.74,47078
2018-01-30 11:30:00,201.75,202.06,201.45,201.6583,25766
2018-01-30 12:30:00,201.625,201.9,201.55,201.634,28490
2018-01-30 13:30:00,201.7062,202.89,201.58,202.7399,30363
2018-01-30 14:30:00,202.739,203.35,202.36,203.3,45391
2018-01-30 15:30:00,203.35,203.44,202.65,202.67,37612
2018-01-31 09:30:00,205.66,205.66,204.16,204.81,87187
2018-01-31 10:30:00,204.899,204.99,204.2301,204.33,29499
2018-01-31 11:30:00,204.2481,204.53,203.78,204.06,37222
2018-01-31 12:30:00,204.032,204.39,204.0,204.0916,25116
2018-01-31 13:30:00,204.06,204.41,203.23,203.4256,38359
2018-01-31 14:30:00,203.42,203.52,202.651,202.94,49362
2018-01-31 15:30:00,202.9777,203.75,202.97,203.1,39165
2018-02-01 09:30:00,202.5,204.74,202.15,204.39,60060
2018-02-01 10:30:00,204.292,204.99,203.94,204.6515,36308
2018-02-01 11:30:00,204.581,205.719,204.581,205.539,40626
2018-02-01 12:30:00,205.5071,206.04,205.48,205.562,38330
2018-02-01 13:30:00,205.6,205.6,203.5212,204.1341,62934
2018-02-01 14:30:00,204.116,204.78,204.02,204.2127,33036
2018-02-01 15:30:00,204.2,204.37,203.7501,204.28,39868
2018-02-02 09:30:00,203.66,203.9,202.001,203.2416,60595
2018-02-02 10:30:00,203.1495,203.279,202.231,202.28,32386
2018-02-02 11:30:00,202.1801,202.82,202.01,202.5799,39698
2018-02-02 12:30:00,202.489,202.5799,201.8501,202.0427,27438
2018-02-02 13:30:00,202.05,202.24,200.44,200.59,60467
2018-02-02 14:30:00,200.59,201.069,199.92,200.75,66997
2018-02-02 15:30:00,200.7,200.924,200.0,200.01,73560
2018-02-05 09:30:00,197.02,199.6391,196.56,199.479,217187
2018-02-05 10:30:00,199.3981,199.48,198.061,198.493,50537
2018-02-05 11:30:00,198.49,198.529,196.88,197.2646,54771
2018-02-05 12:30:00,197.3683,197.6575,195.47,195.7772,130300
2018-02-05 13:30:00,195.7845,196.6,195.08,195.46,87124
2018-02-05 14:30:00,195.24,203.66,187.1,193.1813,376186
2018-02-05 15:30:00,193.01,193.2648,189.8,189.89,153278
2018-04-19 09:30:00,205.62,206.55,204.5,206.38,47951
2018-04-19 10:30:00,206.35,206.55,198.08,205.86,20668
2018-04-19 11:30:00,205.86,205.92,205.08,205.42,49483
2018-04-19 12:30:00,205.3496,205.94,205.11,205.1256,45590
2018-04-19 13:30:00,205.0857,205.58,204.87,205.3358,27641
2018-04-19 14:30:00,205.3264,205.96,205.2856,205.56,49361
2018-04-19 15:30:00,205.52,206.27,205.3424,205.73,50116
2018-04-20 09:30:00,206.0,206.1099,205.12,205.651,41565
2018-04-20 10:30:00,205.79,205.939,204.0,204.8205,32711
2018-04-20 11:30:00,204.9274,205.54,204.67,204.8495,20599
2018-04-20 12:30:00,204.83,205.21,204.58,205.14,15623
2018-04-20 13:30:00,205.1665,205.47,204.91,205.1124,20361
2018-04-20 14:30:00,205.115,205.165,204.14,204.349,36491
2018-04-20 15:30:00,204.4099,204.74,204.23,204.74,30410
2018-04-23 09:30:00,205.16,205.69,204.58,204.7,37338
2018-04-23 10:30:00,204.7,205.54,204.35,205.37,21780
2018-04-23 11:30:00,205.2401,205.449,204.631,204.69,29579
2018-04-23 12:30:00,204.7511,204.91,204.45,204.8644,16954
2018-04-23 13:30:00,204.9099,205.1236,203.94,204.038,20188
2018-04-23 14:30:00,203.9812,204.64,203.7,204.61,23793
2018-04-23 15:30:00,204.609,204.9,204.3901,204.79,14319
2018-04-24 09:30:00,206.38,207.47,204.15,204.2512,78237
2018-04-24 10:30:00,204.15,205.0045,203.81,204.5935,34728
2018-04-24 11:30:00,204.695,204.805,199.7,200.625,104704
2018-04-24 12:30:00,200.5514,200.66,198.38,198.625,89829
2018-04-24 13:30:00,198.5575,199.2799,196.9001,198.5899,60932
2018-04-24 14:30:00,198.63,200.76,198.4,200.0914,54632
2018-04-24 15:30:00,200.2025,200.229,199.33,200.04,49072
2018-04-25 09:30:00,199.81,200.11,194.7001,196.6463,108689
2018-04-25 10:30:00,196.73,199.0786,196.62,198.59,90020
2018-04-25 11:30:00,198.3,198.64,196.89,197.52,37960
2018-04-25 12:30:00,197.62,198.62,197.45,198.3,36085
2018-04-25 13:30:00,198.25,199.0,197.85,198.01,31758
2018-04-25 14:30:00,198.16,199.3,198.0,198.65,37247
2018-04-25 15:30:00,198.5837,198.73,197.49,198.18,41705
2018-04-26 09:30:00,198.89,199.76,196.201,197.492,84939
2018-04-26 10:30:00,197.62,198.528,197.39,197.8542,39169
2018-04-26 11:30:00,197.74,198.529,197.0092,198.4499,38139
2018-04-26 12:30:00,198.351,199.5706,198.224,199.5,17088
2018-04-26 13:30:00,199.4253,199.9,198.73,198.8716,27021
2018-04-26 14:30:00,198.93,199.4927,198.12,198.28,45971
2018-04-26 15:30:00,198.2928,198.38,197.91,198.1,30213
2018-04-27 09:30:00,198.0,200.07,195.54,195.5415,58455
2018-04-27 10:30:00,195.51,195.51,194.73,195.25,54332
2018-04-27 11:30:00,195.21,195.2646,194.66,195.125,57487
2018-04-27 12:30:00,195.0,196.2576,194.7601,195.53,42690
2018-04-27 13:30:00,195.5326,195.5699,195.121,195.42,28655
2018-04-27 14:30:00,195.35,195.6,195.05,195.13,54703
2018-04-27 15:30:00,195.1,195.43,195.0,195.27,61285
2018-04-30 09:30:00,195.19,195.75,193.88,194.127,91352
2018-04-30 10:30:00,194.06,195.09,193.85,194.8401,46805
2018-04-30 11:30:00,194.8201,194.9,193.66,193.9302,64221
2018-04-30 12:30:00,193.9096,193.9899,193.2799,193.435,32802
2018-04-30 13:30:00,193.4146,193.7,192.79,193.2008,58174
2018-04-30 14:30:00,193.07,193.21,192.47,192.59,54152
2018-04-30 15:30:00,192.54,193.0998,192.34,192.364,96203
2018-05-01 09:30:00,191.67,192.35,189.17,189.5,121419
2018-05-01 10:30:00,189.4831,189.5479,188.35,188.6174,97234
2018-05-01 11:30:00,188.571,189.18,187.87,188.293,79940
2018-05-01 12:30:00,188.36,188.36,186.2413,186.42,93317
2018-05-01 13:30:00,186.47,188.81,186.3,188.598,47132
2018-05-01 14:30:00,188.531,189.0,187.571,188.0126,41762
2018-05-01 15:30:00,187.999,188.9,187.84,188.77,53045
2018-05-02 09:30:00,188.06,189.71,188.02,189.31,71237
2018-05-02 10:30:00,189.4,190.41,189.22,189.77,63247
2018-05-02 11:30:00,189.79,189.9561,189.11,189.7101,33185
2018-05-02 12:30:00,189.799,190.06,189.57,189.6105,70303
2018-05-02 13:30:00,189.65,189.849,188.91,189.75,58280
2018-05-02 14:30:00,189.69,189.7981,188.03,188.2911,45373
2018-05-02 15:30:00,188.29,188.31,187.61,187.69,81735
2018-06-01 09:30:00,200.0,201.36,199.5,200.9858,43692
2018-06-01 10:30:00,200.8,201.0,200.4777,200.63,45156
2018-06-01 11:30:00,200.7022,201.25,200.6,201.102,26863
2018-06-01 12:30:00,201.03,201.5,201.03,201.41,40450
2018-06-01 13:30:00,201.41,201.5,200.75,200.89,168692
2018-06-01 14:30:00,200.89,201.03,200.59,200.6894,32070
2018-06-01 15:30:00,200.76,201.07,200.661,200.94,33085
2018-06-04 09:30:00,201.84,202.57,201.17,201.6052,30205
2018-06-04 10:30:00,201.669,201.669,201.05,201.4303,11781
2018-06-04 11:30:00,201.419,201.72,201.3452,201.5963,19357
2018-06-04 12:30:00,201.589,201.72,201.5,201.6538,8176
2018-06-04 13:30:00,201.62,201.6599,201.3,201.441,10551
2018-06-04 14:30:00,201.479,201.82,201.4,201.81,35496
2018-06-04 15:30:00,201.7748,201.86,201.63,201.73,34401
2018-06-05 09:30:00,201.78,202.32,201.15,202.1,31391
2018-06-05 10:30:00,202.15,202.21,201.0568,201.1856,22400
2018-06-05 11:30:00,201.165,201.3,200.6916,201.031,11527
2018-06-05 12:30:00,201.1301,201.67,200.9601,201.51,8755
2018-06-05 13:30:00,201.501,201.6442,201.41,201.6442,16870
2018-06-05 14:30:00,201.65,201.87,201.391,201.4024,21640
2018-06-05 15:30:00,201.4423,201.84,201.418,201.81,23831
2018-06-06 09:30:00,202.17,202.8761,201.17,202.55,29909
2018-06-06 10:30:00,202.45,202.88,202.39,202.84,14405
2018-06-06 11:30:00,202.82,203.55,202.6756,203.45,26861
2018-06-06 12:30:00,203.33,203.439,202.951,203.18,18393
2018-06-06 13:30:00,203.07,203.33,203.0,203.271,10560
2018-06-06 14:30:00,203.3162,203.52,203.211,203.3077,22529
2018-06-06 15:30:00,203.281,203.7,203.231,203.66,31435
2018-06-07 09:30:00,203.9,204.32,203.25,203.56,27654
2018-06-07 10:30:00,203.4901,203.9899,203.11,203.4994,21163
2018-06-07 11:30:00,203.6,203.88,203.341,203.5765,52511
2018-06-07 12:30:00,203.5679,203.62,202.61,202.75,25161
2018-06-07 13:30:00,202.79,202.9,202.401,202.7313,23776
2018-06-07 14:30:00,202.8573,203.44,202.8573,203.32,24710
2018-06-07 15:30:00,203.36,203.6899,203.26,203.55,28891
2018-06-08 09:30:00,203.39,203.86,202.61,203.4309,34302
2018-06-08 10:30:00,203.33,203.594,202.93,203.408,27170
2018-06-08 11:30:00,203.4588,204.129,203.22,204.0574,11498
2018-06-08 12:30:00,204.0815,204.18,203.65,203.76,7937
2018-06-08 13:30:00,203.75,204.149,203.65,203.9514,26147
2018-06-08 14:30:00,203.9427,204.25,203.77,204.214,16055
2018-06-08 15:30:00,204.25,205.05,204.25,204.91,56977
2018-06-11 09:30:00,204.915,205.54,204.5,204.7686,20372
2018-06-11 10:30:00,204.7328,205.0899,203.8371,204.0945,9686
2018-06-11 11:30:00,204.13,204.84,204.06,204.84,9661
2018-06-11 12:30:00,204.84,204.93,204.57,204.6855,34224
2018-06-11 13:30:00,204.692,204.7432,204.29,204.3875,61352
2018-06-11 14:30:00,204.4295,204.8242,204.32,204.7362,9842
2018-06-11 15:30:00,204.7047,204.75,204.12,204.17,10174
2018-06-12 09:30:00,204.33,204.33,201.87,202.73,53265
2018-06-12 10:30:00,202.72,202.72,201.94,202.2628,26672
2018-06-12 11:30:00,202.231,202.911,202.231,202.55,25948
2018-06-12 12:30:00,202.505,202.5499,202.15,202.15,14297
2018-06-12 13:30:00,202.1169,202.31,201.691,201.7251,22839
2018-06-12 14:30:00,201.8011,202.319,201.68,202.3,23455
2018-06-12 15:30:00,202.28,202.32,202.05,202.19,22587
2018-06-13 09:30:00,202.24,202.5,201.57,201.9749,35063
2018-06-13 10:30:00,202.04,202.7,201.6919,202.5221,40934
2018-06-13 11:30:00,202.52,202.6628,202.1201,202.21,26661
2018-06-13 12:30:00,202.26,202.3,201.52,201.57,26589
2018-06-13 13:30:00,201.56,201.77,200.99,201.066,45459
2018-06-13 14:30:00,200.94,201.75,200.82,201.48,22170
2018-06-13 15:30:00,201.509,201.609,201.13,201.23,27119
2018-07-19 09:30:00,202.21,203.14,201.931,202.5172,66955
2018-07-19 10:30:00,202.58,202.7399,202.29,202.3843,9053
2018-07-19 11:30:00,202.45,202.5507,202.1676,202.46,6026
2018-07-19 12:30:00,202.5832,202.67,202.17,202.311,8191
2018-07-19 13:30:00,202.3101,202.86,202.2301,202.8081,8792
2018-07-19 14:30:00,202.75,202.85,202.45,202.7316,9151
2018-07-19 15:30:00,202.674,202.879,202.49,202.61,14948
2018-07-20 09:30:00,202.05,203.07,201.69,202.77,21073
2018-07-20 10:30:00,202.75,203.15,202.68,202.9746,10849
2018-07-20 11:30:00,203.06,203.3399,203.0,203.1,32422
2018-07-20 12:30:00,203.1416,203.7763,203.1,203.511,13170
2018-07-20 13:30:00,203.52,203.7299,203.2839,203.29,11578
2018-07-20 14:30:00,203.39,203.39,203.0,203.0747,13905
2018-07-20 15:30:00,203.061,203.2599,202.77,202.96,9159
2018-07-23 09:30:00,203.18,203.18,201.2,201.28,51558
2018-07-23 10:30:00,201.334,201.61,201.11,201.47,18128
2018-07-23 11:30:00,201.38,202.07,201.31,202.005,7726
2018-07-23 12:30:00,202.045,202.24,201.5901,201.6827,11033
2018-07-23 13:30:00,201.601,201.95,201.6,201.7332,8877
2018-07-23 14:30:00,201.69,201.75,200.88,200.9234,18988
2018-07-23 15:30:00,200.905,201.039,200.73,200.88,15905
2018-07-24 09:30:00,201.14,203.98,200.3785,201.9553,66890
2018-07-24 10:30:00,201.99,202.429,200.88,201.21,35481
2018-07-24 11:30:00,201.31,203.1099,201.01,202.6401,15017
2018-07-24 12:30:00,202.674,202.6866,201.0205,201.0205,12477
2018-07-24 13:30:00,201.0717,201.478,200.6301,201.2075,19454
2018-07-24 14:30:00,201.125,201.87,201.0601,201.8437,12402
2018-07-24 15:30:00,201.86,202.26,201.73,202.15,38080
2018-07-25 09:30:00,200.9,201.93,199.08,199.3092,65165
2018-07-25 10:30:00,199.2404,199.9,198.59,199.551,40143
2018-07-25 11:30:00,199.6283,200.909,199.4,200.8655,22521
2018-07-25 12:30:00,200.8658,201.1614,200.5,200.5,21001
2018-07-25 13:30:00,200.5434,201.22,200.27,201.165,28403
2018-07-25 14:30:00,201.14,201.51,201.01,201.1388,24456
2018-07-25 15:30:00,201.19,202.5,201.03,202.33,38087
2018-07-26 09:30:00,202.1,203.27,201.37,203.0016,55353
2018-07-26 10:30:00,202.91,203.6726,202.91,203.48,30833
2018-07-26 11:30:00,203.545,204.17,203.481,203.481,30211
2018-07-26 12:30:00,203.461,203.69,203.1325,203.53,21646
2018-07-26 13:30:00,203.5614,203.75,203.16,203.3974,21129
2018-07-26 14:30:00,203.345,204.63,203.0601,204.63,87696
2018-07-26 15:30:00,204.63,205.19,204.301,204.38,1142316
2018-07-27 09:30:00,204.54,205.76,204.06,204.94,43548
2018-07-27 10:30:00,204.8787,205.2,204.11,204.245,21344
2018-07-27 11:30:00,204.09,204.4399,203.47,203.6057,29765
2018-07-27 12:30:00,203.551,203.61,202.62,203.347,18410
2018-07-27 13:30:00,203.29,203.7999,202.89,203.033,18547
2018-07-27 14:30:00,203.0232,203.81,203.01,203.37,13162
2018-07-27 15:30:00,203.4324,203.64,203.31,203.61,18087
2018-07-30 09:30:00,203.65,204.24,202.75,203.63,23769
2018-07-30 10:30:00,203.47,203.54,202.7529,202.9201,15283
2018-07-30 11:30:00,202.9522,203.0,202.29,202.4189,19988
2018-07-30 12:30:00,202.351,202.48,201.74,202.22,16759
2018-07-30 13:30:00,202.17,202.48,201.66,201.6902,15960
2018-07-30 14:30:00,201.67,201.8,200.9079,200.9079,65206
2018-07-30 15:30:00,200.83,201.14,200.51,200.74,44586
2018-07-31 09:30:00,201.73,203.83,201.73,203.7,25567
2018-07-31 10:30:00,203.78,205.25,203.78,204.4443,54893
2018-07-31 11:30:00,204.67,205.69,204.65,205.6501,24170
2018-07-31 12:30:00,205.7199,206.22,205.53,205.83,29834
2018-07-31 13:30:00,205.8784,205.8784,205.47,205.6,20800
2018-07-31 14:30:00,205.532,205.96,205.531,205.93,25768
2018-07-31 15:30:00,205.86,206.01,205.56,205.79,35501
2018-08-01 09:30:00,205.35,206.58,205.011,205.6855,51209
2018-08-01 10:30:00,205.73,206.47,205.63,206.08,19464
2018-08-01 11:30:00,205.97,205.9908,204.69,204.704,46699
2018-08-01 12:30:00,204.64,204.96,204.3,204.3,11212
2018-08-01 13:30:00,204.3727,204.6199,203.83,204.5,37258
2018-08-01 14:30:00,204.4725,205.06,204.16,204.91,28203
2018-08-01 15:30:00,204.86,205.16,204.6786,204.74,27010
2018-10-18 09:30:00,205.0,205.7,203.78,205.1612,64112
2018-10-18 10:30:00,205.04,205.95,204.23,204.23,20326
2018-10-18 11:30:00,204.09,204.28,202.59,203.37,42057
2018-10-18 12:30:00,203.29,204.0,202.35,202.5455,18459
2018-10-18 13:30:00,202.5,206.41,201.6756,202.7101,20703
2018-10-18 14:30:00,202.6501,203.46,202.16,202.9,33084
2018-10-18 15:30:00,202.81,203.27,202.5,202.98,28578
2018-10-19 09:30:00,204.53,204.56,202.2901,202.9013,74390
2018-10-19 10:30:00,202.912,203.2977,202.48,202.6564,19784
2018-10-19 11:30:00,202.67,203.24,201.87,202.3138,23531
2018-10-19 12:30:00,202.0601,202.5306,201.43,202.26,31216
2018-10-19 13:30:00,202.26,203.06,201.08,201.89,23047
2018-10-19 14:30:00,201.975,202.3,201.27,202.1255,18576
2018-10-19 15:30:00,202.05,202.2899,201.89,201.91,13745
2018-10-22 09:30:00,201.78,202.91,200.0,200.3,31454
2018-10-22 10:30:00,200.2583,202.2375,200.2583,201.3401,21643
2018-10-22 11:30:00,201.3,201.54,200.4,200.5664,13543
2018-10-22 12:30:00,200.67,201.95,200.39,201.34,8992
2018-10-22 13:30:00,201.37,201.95,201.08,201.3,12327
2018-10-22 14:30:00,201.2546,202.17,201.15,201.78,38008
2018-10-22 15:30:00,201.7809,202.26,201.63,201.71,29276
2018-10-23 09:30:00,199.8,201.77,198.46,199.422,72852
2018-10-23 10:30:00,199.3528,200.0,198.88,199.3675,42114
2018-10-23 11:30:00,199.31,199.79,198.17,198.7218,32455
2018-10-23 12:30:00,198.7001,201.72,198.48,200.115,53894
2018-10-23 13:30:00,200.1064,201.05,199.37,200.6934,50678
2018-10-23 14:30:00,200.6789,201.8199,200.62,201.3132,60558
2018-10-23 15:30:00,201.308,201.52,200.0934,200.2184,43515
2018-10-24 09:30:00,201.91,202.23,198.76,198.96,107996
2018-10-24 10:30:00,198.8147,199.25,196.3,196.8,103032
2018-10-24 11:30:00,196.84,198.98,196.7,197.74,50068
2018-10-24 12:30:00,197.7575,197.91,196.79,197.2486,51979
2018-10-24 13:30:00,197.3,200.33,196.26,197.09,71949
2018-10-24 14:30:00,197.09,197.6,194.73,194.7902,123823
2018-10-24 15:30:00,194.72,195.6185,193.17,193.53,147229
2018-10-25 09:30:00,196.79,196.79,192.24,194.5891,101000
2018-10-25 10:30:00,194.6505,195.2799,193.47,194.86,54832
2018-10-25 11:30:00,194.93,195.07,192.3909,192.7373,88032
2018-10-25 12:30:00,192.62,193.41,192.51,192.94,69802
2018-10-25 13:30:00,193.0295,194.2245,192.9826,194.1607,71976
2018-10-25 14:30:00,194.2199,194.5418,193.68,194.06,46806
2018-10-25 15:30:00,194.08,194.12,192.74,193.19,57745
2018-10-26 09:30:00,191.19,192.04,190.1,190.7,61459
2018-10-26 10:30:00,190.6,193.18,189.24,190.7,82541
2018-10-26 11:30:00,190.8683,192.8499,190.8144,192.8155,36031
2018-10-26 12:30:00,192.88,200.33,192.6,193.145,24746
2018-10-26 13:30:00,192.97,193.2784,192.12,192.5999,31625
2018-10-26 14:30:00,192.47,193.11,190.8901,192.28,52134
2018-10-26 15:30:00,192.18,192.9856,191.58,192.13,46498
2018-10-29 09:30:00,193.99,195.72,191.63,191.7764,36227
2018-10-29 10:30:00,192.02,192.045,191.09,191.25,45269
2018-10-29 11:30:00,191.2157,191.52,189.27,189.6144,32201
2018-10-29 12:30:00,189.4304,192.1,188.8,188.935,58494
2018-10-29 13:30:00,188.9012,192.1,187.5,187.73,44030
2018-10-29 14:30:00,187.5,187.6899,183.97,184.1705,190540
2018-10-29 15:30:00,184.1457,185.0,182.34,185.0,142163
2018-10-30 09:30:00,184.02,186.38,183.7501,185.6299,85125
2018-10-30 10:30:00,185.61,186.295,184.47,186.295,112593
2018-10-30 11:30:00,186.2308,187.6099,186.19,187.5167,57807
2018-10-30 12:30:00,187.45,187.9799,184.83,186.62,50120
2018-10-30 13:30:00,186.68,187.71,184.83,187.29,71567
2018-10-30 14:30:00,187.33,189.12,187.0101,188.87,43735
2018-10-30 15:30:00,188.93,189.36,188.48,189.13,87834
2018-10-31 09:30:00,192.9,194.03,189.07,193.8064,70424
2018-10-31 10:30:00,194.0172,194.26,192.44,193.49,59054
2018-10-31 11:30:00,193.6,193.71,192.3701,192.6573,53254
2018-10-31 12:30:00,192.6021,193.35,192.3211,192.83,82256
2018-10-31 13:30:00,192.85,193.62,189.07,193.36,69823
2018-10-31 14:30:00,193.32,193.88,192.78,192.92,70765
2018-10-31 15:30:00,193.0,193.05,191.63,191.74,71656
2019-01-17 09:30:00,180.78,182.71,180.78,182.1701,26997
2019-01-17 10:30:00,182.2688,183.5,182.17,183.5,23052
2019-01-17 11:30:00,183.43,183.8,183.16,183.2586,24601
2019-01-17 12:30:00,183.25,183.55,183.0,183.2304,26390
2019-01-17 13:30:00,183.3026,183.4799,181.73,183.25,21203
2019-01-17 14:30:00,183.3974,185.8547,183.2201,184.4301,43281
2019-01-17 15:30:00,184.51,184.78,183.99,184.49,34040
2019-01-18 09:30:00,185.68,187.36,185.68,187.0577,79145
2019-01-18 10:30:00,187.0372,187.58,186.766,187.58,76128
2019-01-18 11:30:00,187.54,188.3,187.19,188.26,47727
2019-01-18 12:30:00,188.1754,188.32,187.7037,187.7587,46957
2019-01-18 13:30:00,187.8249,188.01,184.52,187.67,42083
2019-01-18 14:30:00,187.74,187.76,187.0101,187.15,35499
2019-01-18 15:30:00,187.2,187.5529,187.11,187.43,39470
2019-01-22 09:30:00,186.12,186.12,184.0,185.0321,96700
2019-01-22 10:30:00,184.97,185.47,184.34,184.37,28833
2019-01-22 11:30:00,184.471,184.5487,183.16,183.318,56436
2019-01-22 12:30:00,183.31,183.4856,181.65,182.34,37566
2019-01-22 13:30:00,182.3815,182.8817,182.3001,182.58,24229
2019-01-22 14:30:00,182.6481,182.81,182.1,182.72,42551
2019-01-22 15:30:00,182.75,183.31,182.12,183.0034,64335
2019-01-23 09:30:00,184.53,187.0,184.53,185.288,74275
2019-01-23 10:30:00,185.175,185.51,182.93,184.11,42475
2019-01-23 11:30:00,184.1548,184.25,182.71,183.4,11974
2019-01-23 12:30:00,183.4526,184.24,183.2695,183.8736,20490
2019-01-23 13:30:00,184.05,184.63,183.94,184.4751,19600
2019-01-23 14:30:00,184.4,185.28,184.0007,184.98,22600
2019-01-23 15:30:00,184.9533,185.4,184.7652,185.19,26728
2019-01-24 09:30:00,185.51,187.7938,185.27,187.65,91252
2019-01-24 10:30:00,187.6768,187.99,185.27,187.55,33941
2019-01-24 11:30:00,187.5499,188.29,187.23,187.419,28459
2019-01-24 12:30:00,187.2445,187.41,186.281,186.3901,13511
2019-01-24 13:30:00,186.5151,187.1984,186.48,187.01,7637
2019-01-24 14:30:00,186.92,187.2925,186.73,186.8606,15572
2019-01-24 15:30:00,186.8,187.09,186.6,186.96,11865
2019-01-25 09:30:00,189.0,189.5,187.93,189.22,39891
2019-01-25 10:30:00,189.3199,189.64,188.81,188.99,37233
2019-01-25 11:30:00,189.01,189.3,188.65,189.1651,19762
2019-01-25 12:30:00,189.0397,189.3,188.38,188.9,19046
2019-01-25 13:30:00,188.85,189.15,186.94,188.6042,16784
2019-01-25 14:30:00,188.65,188.8618,188.5,188.5608,20440
2019-01-25 15:30:00,188.5797,188.64,188.28,188.59,34088
2019-01-28 09:30:00,187.34,187.7499,185.15,187.6168,40311
2019-01-28 10:30:00,187.7446,188.62,187.651,188.1,12665
2019-01-28 11:30:00,187.9662,188.11,186.82,187.51,9903
2019-01-28 12:30:00,187.51,188.62,187.43,188.06,72374
2019-01-28 13:30:00,188.1005,188.35,187.7145,187.8886,8780
2019-01-28 14:30:00,187.95,188.3881,187.8301,188.13,11839
2019-01-28 15:30:00,188.13,188.44,187.82,188.37,17273
2019-01-29 09:30:00,188.58,192.41,188.39,192.41,68969
2019-01-29 10:30:00,192.281,192.9,188.4,192.055,38632
2019-01-29 11:30:00,192.1384,192.39,191.5108,191.66,29922
2019-01-29 12:30:00,191.6484,191.7,191.19,191.4657,19137
2019-01-29 13:30:00,191.57,191.6,191.1101,191.1849,35433
2019-01-29 14:30:00,191.2256,191.72,190.85,191.58,76966
2019-01-29 15:30:00,191.65,192.03,191.42,192.02,69066
2019-01-30 09:30:00,194.5,195.0,191.11,192.81,57510
2019-01-30 10:30:00,192.8196,193.82,192.7,193.68,24513
2019-01-30 11:30:00,193.6785,194.61,193.59,194.6059,20649
2019-01-30 12:30:00,194.72,194.72,194.1303,194.48,28325
2019-01-30 13:30:00,194.4022,195.51,193.91,195.26,39062
2019-01-30 14:30:00,195.15,195.71,194.4701,194.5501,25442
2019-01-30 15:30:00,194.565,194.79,194.274,194.66,26377
2019-01-31 09:30:00,193.75,194.7097,193.02,194.7097,69716
2019-01-31 10:30:00,194.7809,195.0,194.35,194.9188,22151
2019-01-31 11:30:00,194.795,195.62,194.72,195.5055,11961
2019-01-31 12:30:00,195.4901,195.54,194.6508,194.67,10136
2019-01-31 13:30:00,194.57,194.57,194.2,194.34,21327
2019-01-31 14:30:00,194.3444,194.39,193.39,193.97,25950
2019-01-31 15:30:00,194.0,194.7,193.9472,194.57,27473
2019-02-01 09:30:00,195.25,196.21,194.62,195.6951,48041
2019-02-01 10:30:00,195.7996,196.0214,194.4,195.4897,24524
2019-02-01 11:30:00,195.55,195.8385,194.68,194.8993,13570
2019-02-01 12:30:00,194.8476,195.35,194.8118,195.0624,22813
2019-02-01 13:30:00,195.17,195.3086,194.4301,194.4681,17736
2019-02-01 14:30:00,194.45,194.68,194.1001,194.47,27837
2019-02-01 15:30:00,194.4681,194.86,194.3201,194.75,66667
2019-02-04 09:30:00,194.77,196.42,194.02,196.14,35157
2019-02-04 10:30:00,196.13,196.43,194.77,196.06,38155
2019-02-04 11:30:00,196.1284,196.95,196.0177,196.77,26813
2019-02-04 12:30:00,196.73,197.02,196.59,196.8481,29973
2019-02-04 13:30:00,196.79,197.85,194.8,197.8216,73645
2019-02-04 14:30:00,197.85,198.02,197.64,197.89,66843
2019-02-04 15:30:00,197.9,198.88,197.78,198.87,84547
2019-02-05 09:30:00,199.57,200.47,198.79,199.42,62524
2019-02-05 10:30:00,199.4199,199.86,199.2725,199.3964,87183
2019-02-05 11:30:00,199.437,200.05,199.3994,200.05,99134
2019-02-05 12:30:00,200.0699,200.19,199.52,199.981,61415
2019-02-05 13:30:00,199.94,200.57,198.86,200.4005,111408
2019-02-05 14:30:00,200.393,200.929,200.2525,200.71,133834
2019-02-05 15:30:00,200.79,201.07,200.6701,201.02,87776
2019-02-06 09:30:00,201.11,201.74,200.09,200.85,66832
2019-02-06 10:30:00,200.7309,201.72,200.58,201.4221,59078
2019-02-06 11:30:00,201.39,201.8199,200.9208,201.48,31467
2019-02-06 12:30:00,201.5049,201.88,201.0,201.76,35677
2019-02-06 13:30:00,201.7914,201.92,201.0,201.5,28360
2019-02-06 14:30:00,201.52,201.6,201.1301,201.4081,47031
2019-02-06 15:30:00,201.38,201.4,200.89,201.2,69712
2019-02-07 09:30:00,200.17,200.91,199.61,200.61,52112
2019-02-07 10:30:00,200.6061,200.797,198.9007,198.945,40193
2019-02-07 11:30:00,199.05,199.05,197.8,198.561,28576
2019-02-07 12:30:00,198.56,199.58,198.5001,199.4139,29615
2019-02-07 13:30:00,199.49,200.0,199.27,199.8901,43390
2019-02-07 14:30:00,200.0,200.07,199.4601,199.72,38532
2019-02-07 15:30:00,199.7,200.28,199.42,200.26,50656
2019-04-18 09:30:00,203.9,205.79,203.51,204.8312,19297
2019-04-18 10:30:00,204.7201,205.13,204.41,204.5363,7364
2019-04-18 11:30:00,204.65,205.31,204.6,205.22,6666
2019-04-18 12:30:00,205.255,205.48,205.2013,205.432,5448
2019-04-18 13:30:00,205.4601,205.94,203.95,205.83,10391
2019-04-18 14:30:00,205.83,205.88,205.53,205.8438,10546
2019-04-18 15:30:00,205.81,205.86,205.44,205.69,12894
2019-04-22 09:30:00,204.8,205.52,203.94,204.8112,14521
2019-04-22 10:30:00,204.84,205.5999,204.84,205.5022,9568
2019-04-22 11:30:00,205.54,205.75,205.18,205.52,8538
2019-04-22 12:30:00,205.49,205.6175,205.21,205.34,5180
2019-04-22 13:30:00,205.29,205.65,205.21,205.29,8324
2019-04-22 14:30:00,205.2701,205.31,204.73,204.9419,16631
2019-04-22 15:30:00,204.93,205.1299,204.83,205.05,10970
2019-04-23 09:30:00,207.41,209.39,206.57,208.9173,56165
2019-04-23 10:30:00,208.952,209.2499,207.73,209.06,19576
2019-04-23 11:30:00,209.0745,209.7133,208.84,209.505,26624
2019-04-23 12:30:00,209.5,209.89,209.17,209.6855,10952
2019-04-23 13:30:00,209.6665,209.73,208.99,209.1538,26064
2019-04-23 14:30:00,209.0567,209.13,208.73,208.9562,19092
2019-04-23 15:30:00,208.98,209.18,208.83,209.08,19904
2019-04-24 09:30:00,210.0,210.3574,208.5593,210.28,33075
2019-04-24 10:30:00,210.1,210.27,208.1,208.359,22388
2019-04-24 11:30:00,208.24,209.04,208.24,208.82,10112
2019-04-24 12:30:00,208.7967,209.1234,208.281,208.6647,8176
2019-04-24 13:30:00,208.6665,209.03,208.43,208.705,9567
2019-04-24 14:30:00,208.72,208.8199,208.44,208.4954,8741
2019-04-24 15:30:00,208.5885,208.65,208.25,208.31,8776
2019-04-25 09:30:00,207.74,208.09,205.67,205.741,24085
2019-04-25 10:30:00,205.7511,208.21,205.25,207.2,12951
2019-04-25 11:30:00,207.27,208.1699,207.05,207.63,11987
2019-04-25 12:30:00,207.655,208.6557,207.6201,208.53,12655
2019-04-25 13:30:00,208.41,208.7,208.21,208.53,8314
2019-04-25 14:30:00,208.571,208.619,208.09,208.2987,17217
2019-04-25 15:30:00,208.3,208.4,208.05,208.15,8691
2019-04-26 09:30:00,208.47,208.6,207.66,208.48,6814
2019-04-26 10:30:00,208.4488,208.9511,208.05,208.9,12363
2019-04-26 11:30:00,208.9131,209.0443,208.61,208.9556,9651
2019-04-26 12:30:00,208.88,208.92,208.25,208.4,3808
2019-04-26 13:30:00,208.39,208.89,208.18,208.6645,5793
2019-04-26 14:30:00,208.68,208.7862,208.28,208.36,6691
2019-04-26 15:30:00,208.35,208.92,208.35,208.84,23141
2019-04-29 09:30:00,208.645,210.2838,208.2,210.214,16937
2019-04-29 10:30:00,210.1897,210.57,209.24,209.3338,20698
2019-04-29 11:30:00,209.3294,209.73,209.23,209.5118,4765
2019-04-29 12:30:00,209.56,209.7555,209.36,209.4717,8193
2019-04-29 13:30:00,209.4729,209.53,208.93,209.1472,6245
2019-04-29 14:30:00,209.31,209.52,209.2258,209.4239,8767
2019-04-29 15:30:00,209.33,209.539,209.17,209.23,13753
2019-04-30 09:30:00,209.22,210.15,208.4301,208.57,23715
2019-04-30 10:30:00,208.6001,209.3,208.23,209.075,8950
2019-04-30 11:30:00,209.12,209.53,209.12,209.1223,5035
2019-04-30 12:30:00,209.16,209.5706,209.1322,209.32,10722
2019-04-30 13:30:00,209.23,209.62,209.1719,209.4759,5251
2019-04-30 14:30:00,209.512,209.8044,209.4,209.6967,17156
2019-04-30 15:30:00,209.635,210.0,209.41,209.71,30544
2019-05-01 09:30:00,210.5,213.05,210.5,211.6083,27919
2019-05-01 10:30:00,211.4801,212.7081,211.4301,212.4093,7744
2019-05-01 11:30:00,212.5,212.82,212.1831,212.2845,15884
2019-05-01 12:30:00,212.2579,212.2579,211.527,211.9174,14196
2019-05-01 13:30:00,211.85,212.4499,211.6701,212.2818,10642
2019-05-01 14:30:00,212.17,212.41,210.86,210.97,7171
2019-05-01 15:30:00,210.94,210.9799,210.04,210.1,26315
2019-06-05 09:30:00,208.0,209.5,207.85,208.9125,17863
2019-06-05 10:30:00,208.6501,208.89,208.17,208.8285,6542
2019-06-05 11:30:00,208.8582,209.6542,208.8579,209.5363,12876
2019-06-05 12:30:00,209.3449,209.77,207.19,209.7699,8204
2019-06-05 13:30:00,209.7871,209.9299,207.19,209.5499,11163
2019-06-05 14:30:00,209.55,209.61,209.18,209.34,15633
2019-06-05 15:30:00,209.34,210.25,208.95,210.2,24649
2019-06-06 09:30:00,210.57,210.57,208.76,208.76,12272
2019-06-06 10:30:00,208.83,210.1999,208.7901,210.15,7605
2019-06-06 11:30:00,210.03,210.23,209.28,209.8649,21870
2019-06-06 12:30:00,209.865,210.15,209.72,209.94,10832
2019-06-06 13:30:00,210.0,210.0524,209.6642,209.74,6115
2019-06-06 14:30:00,209.7759,211.0,209.7453,210.82,20444
2019-06-06 15:30:00,210.72,211.24,210.61,210.69,12227
2019-06-07 09:30:00,211.74,212.11,210.72,211.7,11068
2019-06-07 10:30:00,211.66,212.72,211.66,211.85,17860
2019-06-07 11:30:00,211.729,212.15,211.51,212.0447,7030
2019-06-07 12:30:00,212.12,212.28,211.82,212.0882,6839
2019-06-07 13:30:00,212.05,212.27,210.72,212.13,8581
2019-06-07 14:30:00,212.11,212.3,211.83,212.26,62388
2019-06-07 15:30:00,212.24,212.24,211.81,212.0,18660
2019-06-10 09:30:00,215.0,215.0,212.2301,212.4908,64668
2019-06-10 10:30:00,212.49,212.94,211.96,212.8063,82083
2019-06-10 11:30:00,212.9,213.52,212.02,212.05,10383
2019-06-10 12:30:00,212.08,212.45,211.8405,212.0423,10534
2019-06-10 13:30:00,212.12,212.4444,211.17,211.6,11669
2019-06-10 14:30:00,211.56,211.74,211.09,211.1503,25718
2019-06-10 15:30:00,211.1552,211.47,210.5,210.66,22856
2019-06-11 09:30:00,211.52,212.0605,206.815,207.6536,31803
2019-06-11 10:30:00,207.7,210.66,206.2401,206.2401,21802
2019-06-11 11:30:00,206.2,206.26,204.65,204.7213,15160
2019-06-11 12:30:00,204.6981,205.5,204.6981,205.48,12852
2019-06-11 13:30:00,205.4,206.36,205.36,206.08,24820
2019-06-11 14:30:00,206.0372,206.04,205.4835,205.775,13244
2019-06-11 15:30:00,205.75,205.95,205.6401,205.77,37108
2019-06-12 09:30:00,205.7,206.56,204.73,204.97,28735
2019-06-12 10:30:00,205.03,205.79,204.77,205.29,12795
2019-06-12 11:30:00,205.2897,205.58,205.0,205.56,10107
2019-06-12 12:30:00,205.5481,205.95,205.28,205.5921,5770
2019-06-12 13:30:00,205.63,206.2484,205.5,206.08,9638
2019-06-12 14:30:00,206.0631,206.61,206.01,206.4399,8477
2019-06-12 15:30:00,206.37,206.63,206.3,206.37,15357
2019-06-13 09:30:00,207.18,208.11,205.72,205.9791,39148
2019-06-13 10:30:00,206.02,206.42,205.45,205.91,9788
2019-06-13 11:30:00,205.8951,206.39,205.5,206.2655,18883
2019-06-13 12:30:00,206.29,207.34,206.1646,207.26,26941
2019-06-13 13:30:00,207.26,207.46,206.61,207.44,12437
2019-06-13 14:30:00,207.41,207.77,207.17,207.4061,53713
2019-06-13 15:30:00,207.37,208.27,207.36,208.19,36590
2019-06-14 09:30:00,207.89,209.5,207.3447,207.82,30806
2019-06-14 10:30:00,207.84,208.21,207.3383,207.6684,12047
2019-06-14 11:30:00,207.6848,207.89,207.0201,207.399,8350
2019-06-14 12:30:00,207.34,207.5165,206.99,207.0891,6343
2019-06-14 13:30:00,207.07,207.3506,206.9901,207.1201,7986
2019-06-14 14:30:00,207.16,207.55,206.9701,207.44,8782
2019-06-14 15:30:00,207.4499,207.7,207.18,207.19,15909
2019-07-18 09:30:00,214.9,215.0,213.6,213.64,16459
2019-07-18 10:30:00,213.69,213.9287,212.8201,212.9699,9108
2019-07-18 11:30:00,212.9558,213.2021,212.62,213.19,6593
2019-07-18 12:30:00,213.2615,215.03,212.81,213.02,10545
2019-07-18 13:30:00,212.96,215.03,212.72,213.54,8721
2019-07-18 14:30:00,213.481,214.0,213.481,213.755,23368
2019-07-18 15:30:00,213.72,213.9396,213.4827,213.91,22973
2019-07-19 09:30:00,215.4,216.85,215.29,216.54,37219
2019-07-19 10:30:00,216.5,216.72,213.91,216.41,37350
2019-07-19 11:30:00,216.4,217.34,216.23,217.1706,8055
2019-07-19 12:30:00,217.2199,217.88,217.1206,217.8662,7630
2019-07-19 13:30:00,217.78,217.8299,213.91,217.46,9246
2019-07-19 14:30:00,217.487,217.585,216.67,217.025,11909
2019-07-19 15:30:00,217.04,217.46,216.85,216.88,20983
2019-07-22 09:30:00,217.0,218.0781,216.26,216.48,44192
2019-07-22 10:30:00,216.45,216.7041,216.0,216.3475,6705
2019-07-22 11:30:00,216.4345,216.86,216.3651,216.8099,6772
2019-07-22 12:30:00,216.76,217.41,216.69,217.2847,7458
2019-07-22 13:30:00,217.36,217.36,217.0,217.08,4448
2019-07-22 14:30:00,217.06,217.36,216.8433,216.95,15429
2019-07-22 15:30:00,216.95,217.1,216.7,216.9,11244
2019-07-23 09:30:00,219.03,219.37,217.02,217.4076,49647
2019-07-23 10:30:00,217.49,218.0148,216.6354,216.6924,22059
2019-07-23 11:30:00,216.7,217.0323,216.36,217.0323,13501
2019-07-23 12:30:00,217.04,217.62,216.83,217.62,5921
2019-07-23 13:30:00,217.65,218.25,217.4426,218.02,15329
2019-07-23 14:30:00,217.96,218.38,217.8395,218.2836,10343
2019-07-23 15:30:00,218.2855,218.58,217.6464,218.25,14758
2019-07-24 09:30:00,217.13,220.6,216.51,219.41,24132
2019-07-24 10:30:00,219.3249,219.8534,218.71,219.15,26788
2019-07-24 11:30:00,219.23,219.39,218.65,219.2099,8876
2019-07-24 12:30:00,219.16,219.3,218.85,219.0,19939
2019-07-24 13:30:00,218.946,219.36,218.22,218.91,19556
2019-07-24 14:30:00,218.93,219.0119,218.64,218.91,15600
2019-07-24 15:30:00,218.97,219.08,218.72,219.0,17769
2019-07-25 09:30:00,218.75,219.86,217.5245,218.74,19747
2019-07-25 10:30:00,218.97,219.84,218.97,219.29,9401
2019-07-25 11:30:00,219.1703,219.24,218.1,218.29,13401
2019-07-25 12:30:00,218.2837,218.3406,217.3877,217.4669,11456
2019-07-25 13:30:00,217.54,218.21,217.54,217.88,7848
2019-07-25 14:30:00,217.82,218.59,217.75,218.5,7291
2019-07-25 15:30:00,218.46,218.72,218.2024,218.49,12072
2019-07-26 09:30:00,218.11,218.5,217.02,217.1736,51854
2019-07-26 10:30:00,217.03,218.53,216.87,217.61,8328
2019-07-26 11:30:00,217.58,217.7,217.34,217.4877,5587
2019-07-26 12:30:00,217.48,217.6099,217.3,217.31,5087
2019-07-26 13:30:00,217.34,217.42,217.1,217.29,6044
2019-07-26 14:30:00,217.2661,217.64,217.2443,217.61,7243
2019-07-26 15:30:00,217.65,217.74,217.41,217.43,29869
2019-07-29 09:30:00,217.43,217.74,216.5,217.1144,10127
2019-07-29 10:30:00,216.8462,216.99,216.4721,216.63,10999
2019-07-29 11:30:00,216.63,216.8,216.18,216.36,7627
2019-07-29 12:30:00,216.3,216.5623,216.25,216.4797,5329
2019-07-29 13:30:00,216.4711,217.43,216.2601,216.37,7399
2019-07-29 14:30:00,216.3,216.46,216.0368,216.0749,5974
2019-07-29 15:30:00,216.1055,216.63,215.96,216.34,11539
2019-07-30 09:30:00,215.0,216.53,214.53,216.13,19200
2019-07-30 10:30:00,216.1279,216.78,216.0201,216.46,7528
2019-07-30 11:30:00,216.48,216.56,215.45,216.0167,12720
2019-07-30 12:30:00,216.034,216.14,215.57,215.64,5626
2019-07-30 13:30:00,215.71,216.35,215.6201,216.35,5386
2019-07-30 14:30:00,216.37,216.5966,216.27,216.33,7807
2019-07-30 15:30:00,216.28,216.8,216.28,216.78,30115
2019-07-31 09:30:00,216.93,218.9,216.45,218.33,19706
2019-07-31 10:30:00,218.3687,218.6772,217.8,218.187,8645
2019-07-31 11:30:00,218.2956,218.65,218.1,218.42,9727
2019-07-31 12:30:00,218.42,218.48,218.09,218.3208,9685
2019-07-31 13:30:00,218.3567,218.64,217.6495,217.94,12301
2019-07-31 14:30:00,217.99,218.13,214.5,216.4063,26663
2019-07-31 15:30:00,216.39,216.39,215.27,215.27,24593
2019-09-25 09:30:00,225.72,227.58,225.6,226.4,106319
2019-09-25 10:30:00,226.32,227.55,226.1501,227.33,47940
2019-09-25 11:30:00,227.37,227.78,227.14,227.74,24895
2019-09-25 12:30:00,227.72,227.8,225.86,227.29,19216
2019-09-25 13:30:00,227.3664,227.901,227.2594,227.77,22879
2019-09-25 14:30:00,227.72,228.07,227.634,227.86,11103
2019-09-25 15:30:00,227.8732,228.25,227.82,227.85,28038
2019-09-26 09:30:00,228.66,228.88,227.11,227.61,36206
2019-09-26 10:30:00,227.6501,227.7999,226.7444,227.0181,10081
2019-09-26 11:30:00,227.1141,227.8355,226.96,227.76,11732
2019-09-26 12:30:00,227.7879,228.14,227.631,227.7168,11339
2019-09-26 13:30:00,227.6876,228.47,227.6757,228.3277,26748
2019-09-26 14:30:00,228.41,228.62,228.1465,228.4869,10476
2019-09-26 15:30:00,228.4413,228.64,227.695,227.83,19028
2019-09-27 09:30:00,228.74,228.8,226.927,227.3388,25612
2019-09-27 10:30:00,227.3021,228.14,227.14,227.7,12104
2019-09-27 11:30:00,227.6684,227.72,226.1627,226.4412,17478
2019-09-27 12:30:00,226.39,226.62,225.5,225.94,9346
2019-09-27 13:30:00,225.9007,226.0458,225.2745,225.4559,13079
2019-09-27 14:30:00,225.3802,225.4206,224.33,224.6361,23283
2019-09-27 15:30:00,224.62,225.0947,224.58,225.05,25777
2019-09-30 09:30:00,225.69,225.97,225.0,225.19,14229
2019-09-30 10:30:00,225.28,225.4,224.87,225.1831,9346
2019-09-30 11:30:00,225.19,225.2955,224.85,224.8976,6727
2019-09-30 12:30:00,224.824,225.0675,224.6699,224.816,11502
2019-09-30 13:30:00,224.724,225.32,224.6942,225.2509,63892
2019-09-30 14:30:00,225.27,225.66,225.15,225.1766,11247
2019-09-30 15:30:00,225.14,225.26,224.68,224.81,19366
2019-10-01 09:30:00,225.3,226.32,223.1,223.4601,22484
2019-10-01 10:30:00,223.5139,224.7,222.11,222.453,24060
2019-10-01 11:30:00,222.4687,222.52,220.8201,221.11,13616
2019-10-01 12:30:00,221.14,221.3799,220.3754,220.4132,16259
2019-10-01 13:30:00,220.385,224.7,219.49,220.25,17414
2019-10-01 14:30:00,220.305,220.57,219.94,220.54,62379
2019-10-01 15:30:00,220.4865,220.53,219.71,219.71,44844
2019-10-02 09:30:00,218.19,218.97,216.17,216.4101,44632
2019-10-02 10:30:00,216.35,216.5,214.76,215.872,38930
2019-10-02 11:30:00,215.8,215.94,214.96,215.42,26658
2019-10-02 12:30:00,215.4344,219.77,214.9,215.77,14047
2019-10-02 13:30:00,215.57,219.77,215.371,216.691,15350
2019-10-02 14:30:00,216.69,217.13,216.25,216.71,12803
2019-10-02 15:30:00,216.64,216.914,216.0,216.3834,20372
2019-10-03 09:30:00,216.17,217.3199,213.91,215.7945,54745
2019-10-03 10:30:00,215.8,217.37,215.1,216.6209,37925
2019-10-03 11:30:00,216.64,216.66,215.77,216.63,25466
2019-10-03 12:30:00,216.6432,217.23,216.53,217.0515,27078
2019-10-03 13:30:00,217.0651,217.6644,216.4,217.59,27087
2019-10-03 14:30:00,217.6,217.6899,217.2,217.37,12050
2019-10-03 15:30:00,217.3801,217.994,217.13,217.994,22984
2019-10-04 09:30:00,218.42,219.26,217.22,218.4,28629
2019-10-04 10:30:00,218.53,219.0,217.92,218.7742,28980
2019-10-04 11:30:00,218.7784,219.5,218.7784,219.4426,12915
2019-10-04 12:30:00,219.53,219.5992,218.6401,218.6849,11929
2019-10-04 13:30:00,218.7811,219.64,217.92,219.6358,13378
2019-10-04 14:30:00,219.5995,219.76,219.4,219.6728,14222
2019-10-04 15:30:00,219.75,220.3991,219.73,220.22,24731
2019-10-07 09:30:00,219.87,220.2752,219.0001,220.01,16722
2019-10-07 10:30:00,219.88,220.39,219.5657,220.1984,9702
2019-10-07 11:30:00,220.1159,220.5571,220.0641,220.3174,4716
2019-10-07 12:30:00,220.3028,220.617,220.12,220.3495,8307
2019-10-07 13:30:00,220.3411,221.43,220.31,220.8599,10996
2019-10-07 14:30:00,220.7721,220.88,220.22,220.62,15241
2019-10-07 15:30:00,220.53,220.53,219.92,219.96,23523
2019-10-17 09:30:00,224.65,224.65,221.71,223.66,11890
2019-10-17 10:30:00,223.7123,223.72,222.54,222.85,6701
2019-10-17 11:30:00,222.7001,222.85,222.2248,222.2738,6650
2019-10-17 12:30:00,222.2963,222.75,222.293,222.35,4361
2019-10-17 13:30:00,222.3184,222.3184,221.965,222.2718,8425
2019-10-17 14:30:00,222.2162,222.51,221.74,221.78,9584
2019-10-17 15:30:00,221.81,221.98,221.4193,221.46,25369
2019-10-18 09:30:00,221.48,222.54,219.49,219.57,27793
2019-10-18 10:30:00,219.5501,219.63,218.6738,218.71,26571
2019-10-18 11:30:00,218.66,218.88,216.58,217.22,37465
2019-10-18 12:30:00,217.17,217.4604,216.47,216.9375,16546
2019-10-18 13:30:00,216.92,221.56,216.3576,216.6359,20010
2019-10-18 14:30:00,216.605,216.605,215.5801,216.12,42194
2019-10-18 15:30:00,216.13,216.22,215.9,215.92,38088
2019-10-21 09:30:00,214.85,215.49,213.66,214.57,55849
2019-10-21 10:30:00,214.7,215.92,214.3959,214.8214,37112
2019-10-21 11:30:00,214.962,215.2,214.43,215.194,23648
2019-10-21 12:30:00,215.14,215.6,214.85,215.08,11281
2019-10-21 13:30:00,215.1655,215.2392,214.76,214.8449,31791
2019-10-21 14:30:00,214.87,214.9558,214.56,214.74,44414
2019-10-21 15:30:00,214.74,214.8699,214.6562,214.74,51838
2019-10-22 09:30:00,216.0,216.78,214.95,216.389,33449
2019-10-22 10:30:00,216.3331,216.899,216.3273,216.3273,14836
2019-10-22 11:30:00,216.3399,217.28,215.8,217.28,14858
2019-10-22 12:30:00,217.4,217.78,217.07,217.2643,16755
2019-10-22 13:30:00,217.2717,217.28,216.84,217.11,16544
2019-10-22 14:30:00,217.19,217.2,216.43,216.9733,18277
2019-10-22 15:30:00,217.0,217.0,216.37,216.47,11853
2019-10-23 09:30:00,217.67,217.99,215.86,216.9074,26140
2019-10-23 10:30:00,216.82,217.71,216.62,217.32,12238
2019-10-23 11:30:00,217.368,217.368,216.3,216.39,18852
2019-10-23 12:30:00,216.382,216.73,216.09,216.2801,20026
2019-10-23 13:30:00,216.2817,216.83,216.08,216.1,58437
2019-10-23 14:30:00,216.0336,216.5705,215.841,216.5492,9124
2019-10-23 15:30:00,216.5981,216.9499,216.577,216.86,15596
2019-10-24 09:30:00,217.16,218.3331,216.6,218.0,20675
2019-10-24 10:30:00,218.14,218.39,216.92,218.1801,45533
2019-10-24 11:30:00,218.379,218.78,218.21,218.7129,14924
2019-10-24 12:30:00,218.6992,219.764,218.6791,219.6,14188
2019-10-24 13:30:00,219.5416,220.01,219.54,220.0,10161
2019-10-24 14:30:00,220.0393,220.5537,219.91,220.51,14685
2019-10-24 15:30:00,220.44,220.4806,220.0733,220.23,20886
2019-10-25 09:30:00,220.08,220.21,219.05,219.22,27905
2019-10-25 10:30:00,219.21,220.21,218.8055,219.2338,15421
2019-10-25 11:30:00,219.22,219.57,219.05,219.2575,17666
2019-10-25 12:30:00,219.25,219.535,219.08,219.468,11177
2019-10-25 13:30:00,219.47,219.4822,218.52,218.6,11276
2019-10-25 14:30:00,218.6056,218.6898,218.3782,218.5979,11827
2019-10-25 15:30:00,218.5843,218.6899,218.1701,218.26,15591
2019-10-28 09:30:00,218.57,220.33,218.5,220.2306,32495
2019-10-28 10:30:00,220.1521,220.55,218.32,219.6,20351
2019-10-28 11:30:00,219.6209,219.85,219.4601,219.76,23567
2019-10-28 12:30:00,219.62,219.625,219.06,219.1,17958
2019-10-28 13:30:00,219.14,219.7303,218.32,219.6957,16396
2019-10-28 14:30:00,219.7089,219.8393,219.49,219.52,15118
2019-10-28 15:30:00,219.52,219.5493,218.97,219.04,15663
2019-10-29 09:30:00,218.72,220.26,218.35,220.19,18057
2019-10-29 10:30:00,220.2015,220.7,219.9388,220.2,17690
2019-10-29 11:30:00,220.26,220.42,218.95,219.62,13618
2019-10-29 12:30:00,219.74,220.1973,219.74,219.8175,7592
2019-10-29 13:30:00,219.7975,220.12,219.0,219.9838,11709
2019-10-29 14:30:00,220.0,220.3959,219.81,220.02,10322
2019-10-29 15:30:00,219.98,220.1099,219.7994,219.97,24703
2019-10-30 09:30:00,220.27,221.06,219.11,220.8385,38689
2019-10-30 10:30:00,220.7525,220.7525,219.74,219.9299,11189
2019-10-30 11:30:00,220.0338,220.6768,219.83,220.65,5539
2019-10-30 12:30:00,220.708,220.9,220.5423,220.6291,11274
2019-10-30 13:30:00,220.6686,221.159,220.05,220.7799,13078
2019-10-30 14:30:00,220.682,221.72,220.3046,221.47,38581
2019-10-30 15:30:00,221.48,221.61,221.13,221.48,58744
2019-10-31 09:30:00,221.18,221.63,220.0129,220.32,43988
2019-10-31 10:30:00,220.23,220.96,219.634,220.49,15538
2019-10-31 11:30:00,220.5401,220.83,220.11,220.451,6822
2019-10-31 12:30:00,220.45,220.45,219.63,220.0526,19943
2019-10-31 13:30:00,220.12,220.17,219.6613,220.1,7413
2019-10-31 14:30:00,220.0568,220.0568,219.55,219.8049,32854
2019-10-31 15:30:00,219.816,220.15,219.63,220.08,25547
2019-11-01 09:30:00,220.99,222.84,220.81,222.5446,13790
2019-11-01 10:30:00,222.5391,223.141,222.461,222.9228,10410
2019-11-01 11:30:00,222.94,223.5,222.831,223.5,7830
2019-11-01 12:30:00,223.51,223.78,223.241,223.4437,9428
2019-11-01 13:30:00,223.4486,223.68,220.1,222.8207,7321
2019-11-01 14:30:00,222.87,223.1319,222.56,222.96,8521
2019-11-01 15:30:00,222.98,223.57,222.951,223.57,9857
2019-11-04 09:30:00,224.27,225.0,223.73,224.115,28082
2019-11-04 10:30:00,224.2,224.44,223.8042,224.3122,10797
2019-11-04 11:30:00,224.256,224.3,223.8524,223.93,11791
2019-11-04 12:30:00,223.975,223.975,223.6301,223.771,19557
2019-11-04 13:30:00,223.7897,223.7897,223.3,223.4447,14135
2019-11-04 14:30:00,223.4447,223.456,222.3415,222.3415,15583
2019-11-04 15:30:00,222.41,223.25,222.4048,223.25,23289
2019-11-05 09:30:00,224.47,225.36,223.1501,224.36,76389
2019-11-05 10:30:00,224.43,224.87,223.08,224.04,56562
2019-11-05 11:30:00,224.04,224.41,223.76,223.9,33639
2019-11-05 12:30:00,223.85,224.58,223.81,224.4,32245
2019-11-05 13:30:00,224.36,224.929,223.08,224.67,36161
2019-11-05 14:30:00,224.655,224.74,224.25,224.28,37110
2019-11-05 15:30:00,224.27,224.63,224.02,224.51,37823
2020-01-23 09:30:00,228.0,230.5,228.0,230.45,40398
2020-01-23 10:30:00,230.5,230.84,228.9,230.113,21878
2020-01-23 11:30:00,230.0923,230.707,230.06,230.707,18217
2020-01-23 12:30:00,230.7197,231.19,230.5207,231.15,15921
2020-01-23 13:30:00,231.09,231.4993,228.9,231.24,27312
2020-01-23 14:30:00,231.2757,231.6037,231.21,231.44,20872
2020-01-23 15:30:00,231.37,231.66,231.1536,231.33,41726
2020-01-24 09:30:00,232.88,232.88,231.74,231.74,45031
2020-01-24 10:30:00,231.68,232.38,231.24,232.03,15058
2020-01-24 11:30:00,231.9463,232.2,229.9523,230.017,25705
2020-01-24 12:30:00,230.08,230.9,229.96,229.96,11912
2020-01-24 13:30:00,229.89,231.24,229.14,229.29,42945
2020-01-24 14:30:00,229.31,232.56,229.31,232.13,36981
2020-01-24 15:30:00,232.03,232.0873,231.3801,231.83,16515
2020-01-27 09:30:00,227.87,230.058,227.56,230.0222,53750
2020-01-27 10:30:00,230.05,231.78,228.9745,229.58,15705
2020-01-27 11:30:00,229.47,230.11,229.25,230.08,13370
2020-01-27 12:30:00,230.32,230.8001,230.2642,230.78,9551
2020-01-27 13:30:00,230.77,231.78,230.56,230.9613,16447
2020-01-27 14:30:00,231.0,231.3,230.04,230.94,23633
2020-01-27 15:30:00,230.8628,230.8628,230.0,230.0,13262
2020-01-28 09:30:00,230.07,231.381,229.0,231.23,34413
2020-01-28 10:30:00,231.2085,231.86,230.05,231.73,30135
2020-01-28 11:30:00,231.72,232.11,230.05,232.0235,25602
2020-01-28 12:30:00,232.1,232.32,231.8351,232.2284,28723
2020-01-28 13:30:00,232.19,232.55,232.0201,232.34,33209
2020-01-28 14:30:00,232.41,232.98,231.9348,232.43,39138
2020-01-28 15:30:00,232.44,232.45,231.8301,232.0,39233
2020-01-29 09:30:00,233.5,234.38,231.29,232.3899,15741
2020-01-29 10:30:00,232.59,233.7892,232.0,232.76,10319
2020-01-29 11:30:00,232.87,232.87,231.838,232.54,18016
2020-01-29 12:30:00,232.51,233.06,232.1457,232.97,12203
2020-01-29 13:30:00,232.985,233.399,232.0,233.1172,15739
2020-01-29 14:30:00,233.13,233.18,232.33,232.8136,21459
2020-01-29 15:30:00,232.68,232.8599,232.15,232.15,13778
2020-01-30 09:30:00,229.47,232.28,229.47,230.79,95015
2020-01-30 10:30:00,230.54,232.11,229.55,230.5,25143
2020-01-30 11:30:00,230.44,231.24,229.83,229.83,21463
2020-01-30 12:30:00,229.86,230.252,229.25,230.1333,22569
2020-01-30 13:30:00,230.17,232.11,229.96,230.72,21414
2020-01-30 14:30:00,230.7,231.57,230.332,231.3843,31305
2020-01-30 15:30:00,231.4,232.38,231.4,232.2553,35396
2020-01-31 09:30:00,230.47,231.5662,229.77,229.77,17922
2020-01-31 10:30:00,229.8,229.8396,227.91,228.16,28201
2020-01-31 11:30:00,228.11,228.5389,227.63,228.2262,18994
2020-01-31 12:30:00,228.1839,228.2099,227.26,227.57,41100
2020-01-31 13:30:00,227.6085,228.2064,227.33,227.998,17215
2020-01-31 14:30:00,228.0,228.36,227.16,227.21,22085
2020-01-31 15:30:00,227.21,227.9,226.81,227.74,27975
2020-02-03 09:30:00,227.93,229.99,227.92,229.3022,29756
2020-02-03 10:30:00,229.24,229.5746,228.37,228.37,27109
2020-02-03 11:30:00,228.38,228.44,227.45,227.85,23028
2020-02-03 12:30:00,227.83,227.972,227.47,227.8223,26549
2020-02-03 13:30:00,227.8389,228.1399,227.41,227.588,11236
2020-02-03 14:30:00,227.588,228.2,227.4201,227.86,11922
2020-02-03 15:30:00,227.9,227.9,226.83,227.25,12810
2020-02-04 09:30:00,229.09,230.93,229.09,230.195,49973
2020-02-04 10:30:00,230.3199,230.3199,227.31,230.2899,20166
2020-02-04 11:30:00,230.3,231.4219,229.9,231.2554,16208
2020-02-04 12:30:00,231.32,231.3684,230.52,230.602,13978
2020-02-04 13:30:00,230.647,231.244,230.5872,230.8599,18423
2020-02-04 14:30:00,230.9388,231.13,230.6991,230.91,18094
2020-02-04 15:30:00,230.9493,231.2363,230.89,231.2363,24986
2020-02-05 09:30:00,233.38,233.43,231.9101,232.111,22924
2020-02-05 10:30:00,232.15,232.5,231.11,232.38,23073
2020-02-05 11:30:00,232.5222,233.5686,232.34,233.35,10905
2020-02-05 12:30:00,233.37,234.2104,233.0718,234.12,7593
2020-02-05 13:30:00,234.1197,234.39,233.51,234.06,31312
2020-02-05 14:30:00,234.03,234.82,233.865,234.6398,50546
2020-02-05 15:30:00,234.67,234.95,234.4585,234.89,40797
2020-03-31 09:30:00,147.19,148.64,146.14,147.44,68664
2020-03-31 10:30:00,147.68,148.05,146.948,147.6128,36258
2020-03-31 11:30:00,147.675,148.11,145.985,146.34,33784
2020-03-31 12:30:00,146.26,146.45,144.75,144.8769,90930
2020-03-31 13:30:00,144.76,147.57,144.55,145.7185,40420
2020-03-31 14:30:00,145.57,146.2503,143.5314,143.96,68281
2020-03-31 15:30:00,144.1086,144.8,143.27,143.85,31254
2020-04-01 09:30:00,135.16,139.0412,135.16,137.75,88537
2020-04-01 10:30:00,137.6,143.85,136.9,138.3161,57024
2020-04-01 11:30:00,138.11,138.6999,136.16,136.3001,50045
2020-04-01 12:30:00,136.58,136.96,134.88,136.1,86380
2020-04-01 13:30:00,136.0899,143.85,135.5,136.2647,44978
2020-04-01 14:30:00,136.15,136.59,135.49,135.78,32254
2020-04-01 15:30:00,135.87,136.98,134.87,136.22,61449
2020-04-02 09:30:00,136.1,137.24,134.0,137.0513,95839
2020-04-02 10:30:00,137.04,140.0899,136.33,136.4801,70036
2020-04-02 11:30:00,136.91,138.1625,136.46,137.56,45732
2020-04-02 12:30:00,137.37,137.8399,135.44,135.57,61975
2020-04-02 13:30:00,135.3902,136.47,134.06,134.8034,29819
2020-04-02 14:30:00,134.9038,136.29,134.15,135.51,49829
2020-04-02 15:30:00,135.74,136.3,134.65,136.05,76221
2020-04-03 09:30:00,134.99,137.9756,134.99,136.281,25454
2020-04-03 10:30:00,136.46,136.94,135.3791,136.23,23849
2020-04-03 11:30:00,136.1993,136.5999,134.611,134.67,96312
2020-04-03 12:30:00,134.95,135.5833,134.563,135.08,32773
2020-04-03 13:30:00,135.12,136.27,134.8379,135.2446,36728
2020-04-03 14:30:00,135.4699,136.23,134.8117,135.7535,16728
2020-04-03 15:30:00,135.775,136.3099,134.7819,136.1,31918
2020-04-06 09:30:00,141.08,145.49,141.08,144.66,80004
2020-04-06 10:30:00,144.56,145.13,143.6901,145.0,61770
2020-04-06 11:30:00,145.015,146.1684,144.645,145.54,25110
2020-04-06 12:30:00,145.4895,146.48,145.11,146.03,103892
2020-04-06 13:30:00,146.085,147.31,135.9,145.95,61497
2020-04-06 14:30:00,146.0599,146.8682,145.89,146.7,85860
2020-04-06 15:30:00,146.62,148.1633,145.84,147.06,78943
2020-04-07 09:30:00,154.21,155.7744,146.86,150.87,68744
2020-04-07 10:30:00,151.008,152.32,148.3223,150.72,34460
2020-04-07 11:30:00,150.8552,152.97,150.75,151.8983,48857
2020-04-07 12:30:00,151.95,152.1,149.89,150.41,28202
2020-04-07 13:30:00,150.5097,150.6438,146.86,149.27,54862
2020-04-07 14:30:00,149.0058,149.3172,145.02,145.1,33631
2020-04-07 15:30:00,145.235,147.24,144.73,144.88,43947
2020-04-08 09:30:00,147.63,148.971,146.51,148.1573,32213
2020-04-08 10:30:00,148.08,150.89,147.49,150.7901,27333
2020-04-08 11:30:00,151.0,152.09,150.3,151.255,26662
2020-04-08 12:30:00,151.35,152.61,151.01,152.205,28379
2020-04-08 13:30:00,152.16,152.2386,150.651,151.4699,22911
2020-04-08 14:30:00,151.5786,152.09,150.8,151.26,24893
2020-04-08 15:30:00,151.33,151.95,150.5,150.94,40262
2020-04-09 09:30:00,155.0,158.31,150.95,157.4062,66225
2020-04-09 10:30:00,157.245,158.259,156.4,157.1605,46731
2020-04-09 11:30:00,157.1605,158.31,156.68,157.1504,32485
2020-04-09 12:30:00,157.47,158.52,157.37,157.73,29485
2020-04-09 13:30:00,157.854,158.13,155.11,155.3372,31110
2020-04-09 14:30:00,155.335,155.94,154.0701,155.2,30853
2020-04-09 15:30:00,155.2,156.03,154.61,155.31,27541
2020-04-16 09:30:00,149.49,150.49,147.09,148.4185,29658
2020-04-16 10:30:00,148.44,149.106,147.53,148.25,24156
2020-04-16 11:30:00,148.31,148.59,146.76,146.7804,40328
2020-04-16 12:30:00,146.8295,147.64,146.2,147.566,28193
2020-04-16 13:30:00,147.55,149.96,146.4957,146.9899,26081
2020-04-16 14:30:00,146.97,147.4199,146.58,147.28,51069
2020-04-16 15:30:00,147.31,148.0,147.0,147.63,44602
2020-04-17 09:30:00,154.92,156.82,147.665,155.137,69716
2020-04-17 10:30:00,155.0,155.8995,154.35,154.9,48549
2020-04-17 11:30:00,154.91,155.7,154.63,155.3652,19413
2020-04-17 12:30:00,155.42,156.9,155.3858,156.34,32137
2020-04-17 13:30:00,156.39,157.07,147.665,155.97,52103
2020-04-17 14:30:00,156.0499,156.9378,155.57,156.84,55872
2020-04-17 15:30:00,156.8379,158.07,156.65,157.6099,47507
2020-04-20 09:30:00,154.78,156.3881,153.72,155.205,56292
2020-04-20 10:30:00,155.2,157.57,154.815,155.445,28093
2020-04-20 11:30:00,155.37,156.2754,155.19,156.02,21989
2020-04-20 12:30:00,156.07,156.5076,155.2201,155.7559,52873
2020-04-20 13:30:00,155.72,157.57,153.44,153.4799,19955
2020-04-20 14:30:00,153.5789,154.2868,152.61,153.21,30336
2020-04-20 15:30:00,153.11,153.8299,152.64,152.7,21254
2020-04-21 09:30:00,149.46,152.68,148.6,150.62,32336
2020-04-21 10:30:00,150.8205,150.8425,147.7303,147.85,24118
2020-04-21 11:30:00,147.92,148.64,147.2,147.2,18681
2020-04-21 12:30:00,147.2526,148.34,146.71,148.05,15221
2020-04-21 13:30:00,148.14,152.68,147.14,148.1358,13748
2020-04-21 14:30:00,148.0,148.09,146.46,147.72,26161
2020-04-21 15:30:00,147.7829,148.2599,147.23,147.23,21902
2020-04-22 09:30:00,150.29,151.5,147.46,149.51,42301
2020-04-22 10:30:00,149.588,149.9091,148.89,149.1301,19809
2020-04-22 11:30:00,149.1605,150.076,149.1605,149.7,15416
2020-04-22 12:30:00,149.7372,149.7372,148.77,149.43,16459
2020-04-22 13:30:00,149.4,149.47,148.94,149.14,24229
2020-04-22 14:30:00,149.3708,149.9791,149.3708,149.77,27456
2020-04-22 15:30:00,149.839,150.11,148.98,148.99,23838
2020-04-23 09:30:00,149.66,151.45,149.03,151.28,23608
2020-04-23 10:30:00,151.3587,152.37,151.2,151.87,30683
2020-04-23 11:30:00,152.01,152.7483,151.1889,152.65,16772
2020-04-23 12:30:00,152.59,152.74,150.33,150.45,28170
2020-04-23 13:30:00,150.4801,150.9598,149.03,150.5397,19155
2020-04-23 14:30:00,150.42,151.0,149.35,149.68,24326
2020-04-23 15:30:00,149.7585,150.58,149.4322,149.535,19899
2020-04-24 09:30:00,150.1,150.78,147.561,147.9222,58319
2020-04-24 10:30:00,147.75,148.3299,146.6702,147.18,29123
2020-04-24 11:30:00,147.2425,147.58,147.08,147.3392,21296
2020-04-24 12:30:00,147.2833,147.8048,147.15,147.6884,60153
2020-04-24 13:30:00,147.6907,149.535,147.57,148.5486,22322
2020-04-24 14:30:00,148.4813,148.9399,148.45,148.88,37356
2020-04-24 15:30:00,148.82,149.24,148.51,148.6,28943
2020-04-27 09:30:00,149.58,150.0,148.36,149.7114,56018
2020-04-27 10:30:00,149.8416,150.75,149.675,150.08,18984
2020-04-27 11:30:00,150.1351,151.0233,150.0069,150.7569,22165
2020-04-27 12:30:00,150.785,151.41,150.51,150.61,39232
2020-04-27 13:30:00,150.6359,151.39,148.66,151.29,22251
2020-04-27 14:30:00,151.326,151.94,151.14,151.59,40582
2020-04-27 15:30:00,151.66,151.84,151.09,151.1153,20926
2020-04-28 09:30:00,153.57,156.0581,151.06,155.005,71993
2020-04-28 10:30:00,155.04,155.19,151.8,153.08,26705
2020-04-28 11:30:00,153.16,153.5299,152.39,152.7186,16964
2020-04-28 12:30:00,152.7388,153.584,152.55,153.395,40361
2020-04-28 13:30:00,153.35,155.0299,151.06,154.9,20142
2020-04-28 14:30:00,154.9801,155.1032,154.087,154.6231,26891
2020-04-28 15:30:00,154.62,154.9311,153.83,154.03,24546
2020-04-29 09:30:00,157.05,158.0,153.94,156.5356,27432
2020-04-29 10:30:00,156.5582,159.355,156.4153,159.29,23104
2020-04-29 11:30:00,159.29,160.4699,158.97,159.9605,45279
2020-04-29 12:30:00,160.08,161.59,159.95,161.0,30160
2020-04-29 13:30:00,160.94,160.9966,153.94,160.49,28915
2020-04-29 14:30:00,160.599,160.77,159.764,160.24,28974
2020-04-29 15:30:00,160.25,160.27,159.25,159.34,30691
2020-04-30 09:30:00,159.16,159.16,153.86,156.7475,117719
2020-04-30 10:30:00,156.85,157.63,156.05,156.29,57989
2020-04-30 11:30:00,156.17,156.93,154.8943,155.06,27520
2020-04-30 12:30:00,155.0,156.36,154.75,155.8226,23789
2020-04-30 13:30:00,155.73,156.18,155.498,156.0321,22258
2020-04-30 14:30:00,156.185,156.5224,155.63,156.41,28532
2020-04-30 15:30:00,156.5,156.52,155.67,155.81,39791
2020-05-01 09:30:00,153.21,155.76,150.5,150.96,45457
2020-05-01 10:30:00,151.3413,151.81,150.45,150.45,11770
2020-05-01 11:30:00,150.36,150.425,149.06,149.6,73945
2020-05-01 12:30:00,149.5,150.515,149.4,150.29,26064
2020-05-01 13:30:00,150.29,155.76,149.74,150.62,15618
2020-05-01 14:30:00,150.575,151.05,150.28,150.64,24241
2020-05-01 15:30:00,150.6652,150.689,149.78,150.5,30242
2020-05-04 09:30:00,147.09,150.41,145.0,146.23,79877
2020-05-04 10:30:00,146.19,146.19,144.82,145.1,74818
2020-05-04 11:30:00,145.15,145.9644,144.8,145.8968,29951
2020-05-04 12:30:00,145.88,146.01,145.26,145.59,29332
2020-05-04 13:30:00,145.5972,150.41,145.23,145.51,41748
2020-05-04 14:30:00,145.51,146.82,145.39,146.71,44050
2020-05-04 15:30:00,146.76,147.4603,146.65,147.45,62118
2020-05-05 09:30:00,148.81,150.7,147.44,149.53,71159
2020-05-05 10:30:00,149.4,150.03,148.8613,149.455,32592
2020-05-05 11:30:00,149.53,149.7266,148.6405,148.72,21291
2020-05-05 12:30:00,148.6801,149.01,148.136,148.4,26292
2020-05-05 13:30:00,148.4868,148.98,148.379,148.9115,23846
2020-05-05 14:30:00,148.84,149.02,147.73,147.87,44662
2020-05-05 15:30:00,147.85,147.9601,147.23,147.4,60222
2020-05-06 09:30:00,147.96,148.98,145.59,146.57,64997
2020-05-06 10:30:00,146.55,146.8763,145.48,145.56,34464
2020-05-06 11:30:00,145.5604,146.02,145.09,145.85,33322
2020-05-06 12:30:00,145.835,146.7609,145.73,146.0784,26367
2020-05-06 13:30:00,146.105,147.45,145.78,145.8154,61922
2020-05-06 14:30:00,145.75,146.1748,145.31,145.37,62688
2020-05-06 15:30:00,145.35,145.35,144.1,144.43,54696
2020-07-16 09:30:00,164.55,165.19,162.1421,164.0,30444
2020-07-16 10:30:00,163.98,164.71,163.6512,164.64,26914
2020-07-16 11:30:00,164.65,164.77,164.0,164.35,11564
2020-07-16 12:30:00,164.39,164.5209,163.67,164.47,18717
2020-07-16 13:30:00,164.45,165.19,163.5544,163.8,12582
2020-07-16 14:30:00,163.72,163.73,162.7201,163.65,36705
2020-07-16 15:30:00,163.5299,163.76,163.26,163.53,28522
2020-07-17 09:30:00,163.87,164.835,162.83,162.9611,16316
2020-07-17 10:30:00,163.0,163.8699,162.51,163.62,11720
2020-07-17 11:30:00,163.565,163.8249,163.2,163.7501,12791
2020-07-17 12:30:00,163.7137,163.89,163.4,163.7511,12446
2020-07-17 13:30:00,163.76,163.76,163.45,163.5,20132
2020-07-17 14:30:00,163.46,163.65,163.2439,163.6,17327
2020-07-17 15:30:00,163.6099,163.91,163.47,163.69,13945
2020-07-20 09:30:00,163.0,163.28,160.645,161.27,29071
2020-07-20 10:30:00,161.4,161.86,161.13,161.2501,15289
2020-07-20 11:30:00,161.2444,161.69,160.91,160.93,8069
2020-07-20 12:30:00,160.91,161.834,160.85,161.834,8819
2020-07-20 13:30:00,161.8,162.71,161.8,162.2472,34883
2020-07-20 14:30:00,162.2304,162.5099,161.95,162.11,22193
2020-07-20 15:30:00,162.1,162.27,161.58,161.58,24683
2020-07-21 09:30:00,163.6,166.33,163.58,164.48,94474
2020-07-21 10:30:00,164.54,166.01,164.36,165.99,37384
2020-07-21 11:30:00,165.99,166.5319,165.5475,165.94,29360
2020-07-21 12:30:00,165.856,166.27,165.6059,165.97,26892
2020-07-21 13:30:00,165.8993,166.006,165.0,165.2025,17314
2020-07-21 14:30:00,165.16,165.68,164.6156,164.73,51472
2020-07-21 15:30:00,164.79,165.18,164.51,164.86,56733
2020-07-22 09:30:00,164.78,165.72,163.395,165.21,39671
2020-07-22 10:30:00,165.21,167.2799,165.0964,166.48,21924
2020-07-22 11:30:00,166.5,166.5,165.8,166.1,16199
2020-07-22 12:30:00,166.17,167.2699,166.17,167.17,16544
2020-07-22 13:30:00,167.07,167.2,166.5099,166.9113,20520
2020-07-22 14:30:00,166.84,167.28,166.71,167.19,22124
2020-07-22 15:30:00,167.2188,167.38,166.92,167.31,22439
2020-07-23 09:30:00,166.51,167.57,165.89,166.62,28777
2020-07-23 10:30:00,166.6,167.23,166.34,167.1987,12164
2020-07-23 11:30:00,167.0926,168.3812,167.0926,168.3,18013
2020-07-23 12:30:00,168.1414,168.77,167.68,167.81,25745
2020-07-23 13:30:00,167.86,167.86,165.1,165.6948,39612
2020-07-23 14:30:00,165.71,166.226,164.96,165.2288,35326
2020-07-23 15:30:00,165.0,165.7,164.8312,165.58,28868
2020-07-24 09:30:00,165.03,166.957,165.03,165.7445,32689
2020-07-24 10:30:00,165.81,166.2785,164.8116,164.8116,16913
2020-07-24 11:30:00,164.82,164.85,164.06,164.272,19034
2020-07-24 12:30:00,164.27,164.355,163.27,163.465,30718
2020-07-24 13:30:00,163.42,163.5302,162.98,163.505,19549
2020-07-24 14:30:00,163.48,163.53,162.79,162.83,19270
2020-07-24 15:30:00,162.89,163.37,162.75,163.1,47576
2020-07-27 09:30:00,163.37,163.8,161.39,162.4626,57649
2020-07-27 10:30:00,162.45,162.45,160.69,160.97,31967
2020-07-27 11:30:00,160.93,161.4,160.77,161.02,16551
2020-07-27 12:30:00,161.0444,161.2,160.6,160.7336,14335
2020-07-27 13:30:00,160.742,161.0618,160.38,160.53,19742
2020-07-27 14:30:00,160.5494,161.07,160.5,160.92,29167
2020-07-27 15:30:00,160.9,161.0938,160.67,160.9625,33093
2020-07-28 09:30:00,161.16,162.2,160.495,161.6074,43135
2020-07-28 10:30:00,161.54,162.63,161.01,162.4997,32832
2020-07-28 11:30:00,162.4741,163.2104,162.3839,162.63,16395
2020-07-28 12:30:00,162.64,163.025,162.2,162.5271,12041
2020-07-28 13:30:00,162.5443,162.955,162.45,162.54,14828
2020-07-28 14:30:00,162.61,162.61,162.2022,162.2022,26916
2020-07-28 15:30:00,162.2,162.28,161.39,161.43,30239
2020-07-29 09:30:00,162.43,162.43,159.23,159.2787,46635
2020-07-29 10:30:00,159.26,159.35,158.63,159.0491,37640
2020-07-29 11:30:00,159.1063,160.66,159.05,160.351,17358
2020-07-29 12:30:00,160.37,160.655,160.09,160.22,13711
2020-07-29 13:30:00,160.235,160.51,160.04,160.3,13979
2020-07-29 14:30:00,160.23,160.73,159.96,160.42,31512
2020-07-29 15:30:00,160.44,160.65,159.87,160.25,21474
2020-07-30 09:30:00,157.73,158.81,157.12,158.7971,48276
2020-07-30 10:30:00,158.64,159.5153,158.4402,159.24,28786
2020-07-30 11:30:00,159.22,159.51,158.71,159.2601,36001
2020-07-30 12:30:00,159.35,159.795,159.185,159.39,20232
2020-07-30 13:30:00,159.4066,159.505,158.83,159.15,16959
2020-07-30 14:30:00,159.18,159.31,158.6501,158.8659,21086
2020-07-30 15:30:00,158.825,158.93,158.3,158.62,20126
2020-07-31 09:30:00,158.73,158.73,156.265,156.3843,37181
2020-07-31 10:30:00,156.36,156.571,155.6192,156.1629,26086
2020-07-31 11:30:00,156.17,156.21,154.89,155.175,32228
2020-07-31 12:30:00,155.185,155.54,154.74,155.5,27640
2020-07-31 13:30:00,155.5001,156.0106,155.2271,155.6864,50878
2020-07-31 14:30:00,155.67,156.16,155.62,156.12,22030
2020-07-31 15:30:00,156.08,156.75,155.9631,156.68,39251
2020-08-03 09:30:00,156.55,156.7307,154.39,155.8,84802
2020-08-03 10:30:00,155.815,157.81,155.79,157.55,37741
2020-08-03 11:30:00,157.65,158.35,157.53,157.8491,14595
2020-08-03 12:30:00,157.77,158.855,157.7401,158.855,13858
2020-08-03 13:30:00,158.86,159.065,158.6,158.7393,22115
2020-08-03 14:30:00,158.655,159.31,158.47,159.11,19246
2020-08-03 15:30:00,159.091,159.2107,158.74,158.9021,32763
2020-08-04 09:30:00,158.75,161.04,158.75,159.8297,40016
2020-08-04 10:30:00,159.69,160.373,159.13,160.275,21143
2020-08-04 11:30:00,160.075,160.1832,159.58,159.685,12420
2020-08-04 12:30:00,159.7782,160.27,159.714,160.0621,8263
2020-08-04 13:30:00,160.03,160.33,159.63,160.06,29980
2020-08-04 14:30:00,160.056,160.13,159.67,160.06,30637
2020-08-04 15:30:00,160.0539,160.24,159.93,160.187,28166
2020-08-05 09:30:00,161.17,162.4,161.14,162.19,39126
2020-08-05 10:30:00,162.15,163.39,162.15,163.23,19076
2020-08-05 11:30:00,163.27,164.88,163.27,164.16,27972
2020-08-05 12:30:00,164.115,165.03,164.105,164.865,21337
2020-08-05 13:30:00,164.7834,164.88,164.09,164.644,18125
2020-08-05 14:30:00,164.7,165.51,164.58,165.48,36720
2020-08-05 15:30:00,165.51,165.94,165.15,165.77,59607
2020-10-15 09:30:00,161.83,162.55,161.511,162.1525,19371
2020-10-15 10:30:00,162.14,163.3687,162.0201,162.77,12993
2020-10-15 11:30:00,162.784,163.92,162.57,163.2399,12042
2020-10-15 12:30:00,163.136,164.2612,163.0,164.135,12951
2020-10-15 13:30:00,164.0611,164.27,163.6988,163.9501,9397
2020-10-15 14:30:00,164.08,164.235,163.79,164.197,9709
2020-10-15 15:30:00,164.16,164.34,163.97,164.3,30415
2020-10-16 09:30:00,165.54,166.89,165.247,166.0,38834
2020-10-16 10:30:00,165.9114,166.51,165.605,166.3908,16950
2020-10-16 11:30:00,166.4,166.88,166.11,166.59,17727
2020-10-16 12:30:00,166.62,166.62,165.612,165.96,12663
2020-10-16 13:30:00,165.96,166.2327,165.77,166.2,13372
2020-10-16 14:30:00,166.24,166.3199,165.9,166.02,21046
2020-10-16 15:30:00,166.01,166.07,165.57,165.72,32292
2020-10-19 09:30:00,165.97,167.22,165.76,166.775,48323
2020-10-19 10:30:00,166.7758,167.55,165.98,166.39,11182
2020-10-19 11:30:00,166.3434,166.6789,166.07,166.302,10248
2020-10-19 12:30:00,166.23,166.3684,165.8525,165.9499,6989
2020-10-19 13:30:00,165.8701,166.02,165.3101,165.6543,14904
2020-10-19 14:30:00,165.55,165.5575,163.67,164.263,20354
2020-10-19 15:30:00,164.27,164.6333,163.93,164.35,15092
2020-10-20 09:30:00,164.54,165.72,164.46,164.99,17039
2020-10-20 10:30:00,165.2686,165.46,164.1725,164.6942,27148
2020-10-20 11:30:00,164.6,165.07,164.108,164.108,14591
2020-10-20 12:30:00,164.0307,165.2499,164.0307,165.16,13403
2020-10-20 13:30:00,165.2,165.26,164.0917,164.0917,13299
2020-10-20 14:30:00,164.19,164.3481,162.8105,163.77,14564
2020-10-20 15:30:00,163.73,163.94,163.25,163.31,26707
2020-10-21 09:30:00,163.27,163.27,162.32,162.7649,29046
2020-10-21 10:30:00,162.68,162.918,161.3404,161.56,22740
2020-10-21 11:30:00,161.56,162.22,161.1101,161.7,22096
2020-10-21 12:30:00,161.5685,161.6362,160.895,160.999,15405
2020-10-21 13:30:00,161.05,161.77,160.82,161.57,21388
2020-10-21 14:30:00,161.62,162.0408,161.36,161.7,13139
2020-10-21 15:30:00,161.7144,161.74,160.71,160.71,27076
2020-10-22 09:30:00,160.79,162.8169,160.79,161.6652,28737
2020-10-22 10:30:00,161.5608,162.82,161.48,162.44,23870
2020-10-22 11:30:00,162.41,162.7,161.9129,162.5,9314
2020-10-22 12:30:00,162.51,163.43,162.2315,163.01,10115
2020-10-22 13:30:00,163.06,164.23,162.93,163.78,15913
2020-10-22 14:30:00,163.75,164.2588,163.6901,164.22,15021
2020-10-22 15:30:00,164.2394,164.32,163.89,164.01,18029
2020-10-23 09:30:00,164.66,165.4,163.85,164.1117,12774
2020-10-23 10:30:00,164.2741,165.08,164.25,164.7711,10644
2020-10-23 11:30:00,164.785,165.22,163.84,164.23,14119
2020-10-23 12:30:00,164.3789,164.73,164.17,164.5899,10336
2020-10-23 13:30:00,164.5588,165.0312,164.38,164.95,7651
2020-10-23 14:30:00,165.0339,165.38,164.7122,165.08,20919
2020-10-23 15:30:00,165.1199,165.1199,164.65,164.82,19125
2020-10-26 09:30:00,162.385,163.05,160.48,160.6542,39330
2020-10-26 10:30:00,160.58,160.665,159.05,159.53,23407
2020-10-26 11:30:00,159.6399,159.88,159.22,159.37,24049
2020-10-26 12:30:00,159.25,159.8096,158.89,159.13,21280
2020-10-26 13:30:00,159.0704,160.3799,158.81,160.3799,19163
2020-10-26 14:30:00,160.33,160.4073,159.7,160.15,15238
2020-10-26 15:30:00,160.14,160.51,159.81,160.39,44473
2020-10-27 09:30:00,159.74,159.74,157.5657,157.8,31693
2020-10-27 10:30:00,157.78,157.86,156.9619,157.0,19836
2020-10-27 11:30:00,157.01,157.4499,156.59,157.19,16841
2020-10-27 12:30:00,157.15,157.291,156.75,157.26,19537
2020-10-27 13:30:00,157.25,157.3,156.78,156.945,10828
2020-10-27 14:30:00,156.98,157.17,156.08,156.25,25645
2020-10-27 15:30:00,156.23,156.2895,155.28,155.39,68743
2020-10-28 09:30:00,152.45,154.18,151.93,152.0777,63985
2020-10-28 10:30:00,152.11,152.27,151.13,151.36,35396
2020-10-28 11:30:00,151.3001,153.08,150.99,152.43,27296
2020-10-28 12:30:00,152.52,152.58,150.7921,151.18,15820
2020-10-28 13:30:00,151.1927,151.319,150.43,151.105,24047
2020-10-28 14:30:00,151.2,151.422,150.5145,150.905,27600
2020-10-28 15:30:00,150.91,151.3,149.27,149.48,116186
2020-10-29 09:30:00,149.5,150.97,148.92,150.8883,59913
2020-10-29 10:30:00,150.97,151.4963,150.08,150.08,37573
2020-10-29 11:30:00,150.13,150.13,149.2,149.83,12426
2020-10-29 12:30:00,149.9341,150.36,149.14,149.7624,19903
2020-10-29 13:30:00,149.7507,152.09,149.7507,151.8,16891
2020-10-29 14:30:00,151.84,151.85,150.67,151.36,44111
2020-10-29 15:30:00,151.3363,151.95,151.0201,151.29,21246
2020-10-30 09:30:00,150.03,152.0526,149.88,150.04,30402
2020-10-30 10:30:00,149.99,150.3,148.63,149.86,24714
2020-10-30 11:30:00,149.682,150.1919,148.94,150.011,16181
2020-10-30 12:30:00,150.0,150.07,149.0,149.525,14635
2020-10-30 13:30:00,149.41,150.52,148.76,149.7697,24918
2020-10-30 14:30:00,149.54,150.43,149.26,150.14,37052
2020-10-30 15:30:00,150.12,151.15,149.58,151.15,24190
2020-11-02 09:30:00,152.82,154.815,151.66,154.66,29615
2020-11-02 10:30:00,154.6699,155.0,153.6,155.0,22757
2020-11-02 11:30:00,155.04,155.45,154.751,155.12,13406
2020-11-02 12:30:00,155.171,155.18,153.6,153.99,21533
2020-11-02 13:30:00,153.915,155.0,153.7801,155.0,14530
2020-11-02 14:30:00,154.9616,155.61,154.77,155.22,22423
2020-11-02 15:30:00,155.21,155.38,154.3101,155.01,29546
2020-11-03 09:30:00,156.9,159.35,156.8783,159.08,41284
2020-11-03 10:30:00,159.15,159.81,158.55,159.625,28960
2020-11-03 11:30:00,159.62,159.7799,159.28,159.72,24031
2020-11-03 12:30:00,159.72,159.93,158.7172,159.0097,15950
2020-11-03 13:30:00,159.1235,159.46,158.4377,159.18,104730
2020-11-03 14:30:00,159.19,159.9401,159.02,159.25,38820
2020-11-03 15:30:00,159.39,160.82,159.39,160.01,58869
2020-11-04 09:30:00,160.06,163.47,158.81,162.5534,117297
2020-11-04 10:30:00,162.39,162.8553,161.6714,162.3,44104
2020-11-04 11:30:00,162.38,163.11,162.28,162.8077,18712
2020-11-04 12:30:00,162.86,162.99,161.76,161.81,23544
2020-11-04 13:30:00,161.81,162.33,161.1304,161.38,15941
2020-11-04 14:30:00,161.37,161.62,160.04,160.15,35559
2020-11-04 15:30:00,160.1821,160.5963,159.6951,159.71,15977
