bar_start,open,high,low,close,volume
2016-01-04 09:30:00,68.03,68.73,68.0,68.545,363510
2016-01-04 10:30:00,68.56,69.18,68.18,68.88,393213
2016-01-04 11:30:00,68.91,68.91,68.37,68.5,165036
2016-01-04 12:30:00,68.48,68.6,68.37,68.55,145873
2016-01-04 13:30:00,68.54,68.67,68.3,68.45,376218
2016-01-04 14:30:00,68.43,68.46,68.0999,68.17,296630
2016-01-04 15:30:00,68.17,68.7,68.17,68.68,261328
2016-01-05 09:30:00,68.38,68.89,68.35,68.5,273739
2016-01-05 10:30:00,68.5,68.82,68.47,68.71,256516
2016-01-05 11:30:00,68.7,68.81,68.48,68.561,158639
2016-01-05 12:30:00,68.5801,68.73,68.51,68.66,159328
2016-01-05 13:30:00,68.66,69.06,68.63,68.93,194606
2016-01-05 14:30:00,68.94,68.94,68.59,68.89,430084
2016-01-05 15:30:00,68.89,68.93,68.69,68.73,551138
2016-01-06 09:30:00,67.71,68.32,66.84,67.34,260160
2016-01-06 10:30:00,67.34,67.3401,66.55,66.83,136239
2016-01-06 11:30:00,66.84,66.85,66.24,66.42,136099
2016-01-06 12:30:00,66.42,66.47,66.13,66.24,117240
2016-01-06 13:30:00,66.24,66.62,66.14,66.6,187086
2016-01-06 14:30:00,66.6001,66.68,66.09,66.46,200587
2016-01-06 15:30:00,66.47,66.6,66.4003,66.55,322760
2016-01-07 09:30:00,65.42,66.35,65.41,65.96,443136
2016-01-07 10:30:00,65.98,66.64,65.9645,66.54,184765
2016-01-07 11:30:00,66.56,66.6699,66.2,66.31,128852
2016-01-07 12:30:00,66.3,66.4,65.98,66.07,151502
2016-01-07 13:30:00,66.07,66.084,65.585,65.62,143660
2016-01-07 14:30:00,65.61,66.04,65.6,65.82,244268
2016-01-07 15:30:00,65.81,66.22,65.81,65.93,316375
2016-01-08 09:30:00,66.14,66.31,65.48,65.48,190014
2016-01-08 10:30:00,65.5,65.5286,64.87,64.95,265096
2016-01-08 11:30:00,64.95,65.44,64.7,65.4,205870
2016-01-08 12:30:00,65.39,65.52,65.23,65.48,97202
2016-01-08 13:30:00,65.46,65.57,65.32,65.41,103742
2016-01-08 14:30:00,65.4,65.57,65.29,65.48,224856
2016-01-08 15:30:00,65.47,65.49,65.07,65.21,435102
2016-01-11 09:30:00,65.76,65.76,65.31,65.47,175262
2016-01-11 10:30:00,65.47,65.6,65.1,65.34,144510
2016-01-11 11:30:00,65.33,65.5,64.98,65.02,96184
2016-01-11 12:30:00,65.03,65.2,64.95,65.0,94922
2016-01-11 13:30:00,64.97,65.27,64.82,65.23,99157
2016-01-11 14:30:00,65.24,65.57,65.12,65.55,185211
2016-01-11 15:30:00,65.55,65.7,65.46,65.51,291913
2016-01-12 09:30:00,65.22,66.46,65.22,65.68,151552
2016-01-12 10:30:00,65.63,65.89,65.46,65.52,74505
2016-01-12 11:30:00,65.51,65.6194,65.28,65.35,43669
2016-01-12 12:30:00,65.32,65.46,65.15,65.28,88651
2016-01-12 13:30:00,65.3,65.54,65.22,65.4,53437
2016-01-12 14:30:00,65.39,65.72,65.35,65.62,153951
2016-01-12 15:30:00,65.62,65.89,65.54,65.74,128118
2016-01-13 09:30:00,65.81,66.3,65.71,66.17,242879
2016-01-13 10:30:00,66.17,66.17,65.72,65.75,90132
2016-01-13 11:30:00,65.74,65.96,65.58,65.73,63826
2016-01-13 12:30:00,65.7,65.7,65.45,65.5,87936
2016-01-13 13:30:00,65.52,65.56,64.95,65.16,132072
2016-01-13 14:30:00,65.16,65.17,64.67,64.99,259210
2016-01-13 15:30:00,65.0,65.0576,64.74,64.81,255788
2016-01-14 09:30:00,65.17,65.56,64.81,65.56,206260
2016-01-14 10:30:00,65.57,66.0,65.5101,65.71,260031
2016-01-14 11:30:00,65.71,66.46,65.67,66.33,496028
2016-01-14 12:30:00,66.3301,66.85,66.33,66.83,267413
2016-01-14 13:30:00,66.83,67.0,66.61,67.0,148161
2016-01-14 14:30:00,66.97,67.14,66.78,66.94,574703
2016-01-14 15:30:00,66.94,67.0519,66.6,66.66,326094
2016-01-15 09:30:00,63.97,65.2,63.94,64.73,463339
2016-01-15 10:30:00,64.7,64.98,64.24,64.42,202275
2016-01-15 11:30:00,64.42,64.57,63.84,63.97,204198
2016-01-15 12:30:00,63.95,64.5678,63.64,64.06,265785
2016-01-15 13:30:00,64.04,64.38,63.87,64.1,134635
2016-01-15 14:30:00,64.1,64.53,64.03,64.5,130922
2016-01-15 15:30:00,64.47,64.67,64.1148,64.55,278813
2016-01-19 09:30:00,65.96,65.96,64.85,65.16,162293
2016-01-19 10:30:00,65.16,65.21,64.41,64.72,90743
2016-01-19 11:30:00,64.75,65.05,64.52,64.69,79114
2016-01-19 12:30:00,64.6801,64.7,64.38,64.48,66806
2016-01-19 13:30:00,64.48,64.55,64.14,64.35,108430
2016-01-19 14:30:00,64.35,64.57,64.07,64.55,143269
2016-01-19 15:30:00,64.51,64.63,64.3,64.32,209583
2016-03-28 09:30:00,70.96,71.27,70.91,71.18,111350
2016-03-28 10:30:00,71.17,71.17,71.02,71.11,110321
2016-03-28 11:30:00,71.13,71.16,70.96,71.08,60298
2016-03-28 12:30:00,71.08,71.23,71.0699,71.12,54464
2016-03-28 13:30:00,71.13,71.2,70.9699,71.0,117876
2016-03-28 14:30:00,71.0,71.03,70.87,70.94,71218
2016-03-28 15:30:00,70.93,70.98,70.8499,70.88,77920
2016-03-29 09:30:00,70.96,71.6699,70.7,71.66,172170
2016-03-29 10:30:00,71.67,71.8,71.5,71.77,121208
2016-03-29 11:30:00,71.77,71.98,71.62,71.98,120349
2016-03-29 12:30:00,71.98,72.14,71.88,72.115,85304
2016-03-29 13:30:00,72.12,72.4,71.995,72.33,76535
2016-03-29 14:30:00,72.33,72.4,72.1999,72.32,218473
2016-03-29 15:30:00,72.325,72.36,72.145,72.36,121997
2016-03-30 09:30:00,72.52,73.19,72.37,73.07,204148
2016-03-30 10:30:00,73.1,73.18,72.67,72.77,183111
2016-03-30 11:30:00,72.78,72.9965,72.76,72.86,147060
2016-03-30 12:30:00,72.87,72.9,72.59,72.59,143677
2016-03-30 13:30:00,72.6,72.66,72.4,72.47,64924
2016-03-30 14:30:00,72.48,72.575,72.44,72.53,186118
2016-03-30 15:30:00,72.54,72.61,72.5,72.57,89327
2016-03-31 09:30:00,72.7,72.745,71.919,72.53,157337
2016-03-31 10:30:00,72.55,72.83,72.38,72.63,86107
2016-03-31 11:30:00,72.64,72.86,72.64,72.83,48457
2016-03-31 12:30:00,72.8235,72.97,72.75,72.79,44455
2016-03-31 13:30:00,72.79,72.89,72.68,72.73,152752
2016-03-31 14:30:00,72.74,72.83,72.68,72.71,73901
2016-03-31 15:30:00,72.71,72.89,72.7087,72.81,233256
2016-04-01 09:30:00,72.74,73.18,72.39,73.0,146566
2016-04-01 10:30:00,73.0,73.26,72.92,73.1,187273
2016-04-01 11:30:00,73.09,73.11,72.81,72.92,115144
2016-04-01 12:30:00,72.91,73.07,72.84,72.94,46656
2016-04-01 13:30:00,72.9401,73.03,72.88,72.9101,79044
2016-04-01 14:30:00,72.93,73.02,72.84,72.93,130328
2016-04-01 15:30:00,72.92,73.07,72.92,73.05,107369
2016-04-04 09:30:00,73.13,73.23,72.53,72.8,141690
2016-04-04 10:30:00,72.8,72.82,72.63,72.72,59637
2016-04-04 11:30:00,72.74,72.88,72.74,72.8,62723
2016-04-04 12:30:00,72.79,72.88,72.78,72.8,37615
2016-04-04 13:30:00,72.81,72.83,72.68,72.78,103749
2016-04-04 14:30:00,72.785,72.87,72.77,72.84,177217
2016-04-04 15:30:00,72.83,72.87,72.79,72.83,245960
2016-04-14 09:30:00,72.38,72.53,71.92,72.44,141180
2016-04-14 10:30:00,72.47,72.51,72.37,72.3899,105565
2016-04-14 11:30:00,72.39,72.67,72.38,72.66,47143
2016-04-14 12:30:00,72.65,72.71,72.6,72.62,56407
2016-04-14 13:30:00,72.61,72.64,72.53,72.55,49790
2016-04-14 14:30:00,72.54,72.57,72.44,72.46,38850
2016-04-14 15:30:00,72.45,72.56,72.44,72.49,47185
2016-04-15 09:30:00,72.26,72.55,71.88,72.29,188897
2016-04-15 10:30:00,72.27,72.62,72.27,72.3,68099
2016-04-15 11:30:00,72.29,72.49,72.29,72.4,26609
2016-04-15 12:30:00,72.39,72.46,72.32,72.43,56548
2016-04-15 13:30:00,72.4,72.5,72.31,72.4726,54567
2016-04-15 14:30:00,72.48,72.55,72.43,72.53,42102
2016-04-15 15:30:00,72.52,72.55,72.47,72.53,60058
2016-04-18 09:30:00,72.53,72.79,72.26,72.6599,56018
2016-04-18 10:30:00,72.67,72.73,72.45,72.55,45042
2016-04-18 11:30:00,72.55,72.67,72.38,72.67,36813
2016-04-18 12:30:00,72.68,72.79,72.65,72.69,38680
2016-04-18 13:30:00,72.69,72.71,72.61,72.69,70554
2016-04-18 14:30:00,72.68,72.89,72.66,72.69,74611
2016-04-18 15:30:00,72.69,72.85,72.68,72.75,158939
2016-04-19 09:30:00,72.89,72.99,72.65,72.91,96039
2016-04-19 10:30:00,72.9,73.13,72.9,73.11,73396
2016-04-19 11:30:00,73.12,73.27,72.94,73.01,141229
2016-04-19 12:30:00,73.03,73.09,72.86,73.06,48075
2016-04-19 13:30:00,73.07,73.145,72.95,73.03,53982
2016-04-19 14:30:00,73.01,73.19,72.99,73.09,55320
2016-04-19 15:30:00,73.11,73.16,73.02,73.105,108062
2016-04-20 09:30:00,72.9,73.1199,72.3505,72.54,168580
2016-04-20 10:30:00,72.57,72.61,72.06,72.59,59678
2016-04-20 11:30:00,72.6,72.77,72.58,72.72,49271
2016-04-20 12:30:00,72.73,72.8101,72.69,72.72,27945
2016-04-20 13:30:00,72.66,72.89,72.58,72.84,34070
2016-04-20 14:30:00,72.83,72.94,72.83,72.84,103529
2016-04-20 15:30:00,72.85,73.01,72.83,72.97,163801
2016-04-21 09:30:00,73.0,73.59,71.99,71.99,219371
2016-04-21 10:30:00,71.98,72.55,71.93,72.33,246547
2016-04-21 11:30:00,72.35,72.39,71.7,72.13,120967
2016-04-21 12:30:00,72.16,72.18,71.92,72.04,48700
2016-04-21 13:30:00,72.03,72.3,71.92,72.03,66100
2016-04-21 14:30:00,72.03,72.04,71.81,71.85,145338
2016-04-21 15:30:00,71.85,72.01,71.85,71.98,210739
2016-04-22 09:30:00,72.05,72.57,72.05,72.19,102347
2016-04-22 10:30:00,72.19,72.4,71.87,71.92,57073
2016-04-22 11:30:00,71.92,72.1475,71.84,71.8601,36983
2016-04-22 12:30:00,71.87,71.95,71.73,71.81,65705
2016-04-22 13:30:00,71.81,72.0,71.72,71.9,85015
2016-04-22 14:30:00,71.9099,71.94,71.66,71.74,110968
2016-04-22 15:30:00,71.74,71.92,71.74,71.91,110542
2016-04-25 09:30:00,71.78,72.05,71.59,71.6065,95703
2016-04-25 10:30:00,71.6,71.73,71.57,71.61,80134
2016-04-25 11:30:00,71.61,71.61,71.39,71.48,80284
2016-04-25 12:30:00,71.48,71.83,71.43,71.72,119401
2016-04-25 13:30:00,71.73,71.75,71.5,71.5411,32754
2016-04-25 14:30:00,71.54,71.61,71.46,71.6,58010
2016-04-25 15:30:00,71.6,71.7,71.57,71.595,65598
2016-04-26 09:30:00,71.68,72.285,71.65,71.65,128991
2016-04-26 10:30:00,71.66,71.71,71.52,71.58,51293
2016-04-26 11:30:00,71.59,71.94,71.55,71.9,38854
2016-04-26 12:30:00,71.8833,71.89,71.67,71.73,98683
2016-04-26 13:30:00,71.73,71.86,71.67,71.68,174121
2016-04-26 14:30:00,71.68,71.7765,71.65,71.7,142406
2016-04-26 15:30:00,71.7,71.865,71.68,71.77,335198
2016-04-27 09:30:00,71.25,72.3,71.25,71.6,194299
2016-04-27 10:30:00,71.58,71.83,71.46,71.73,80235
2016-04-27 11:30:00,71.73,71.82,71.69,71.75,218276
2016-04-27 12:30:00,71.75,71.85,71.69,71.81,244350
2016-04-27 13:30:00,71.83,72.16,71.82,72.09,67464
2016-04-27 14:30:00,72.1,72.27,72.01,72.22,71424
2016-04-27 15:30:00,72.22,72.26,72.16,72.23,187872
2016-04-28 09:30:00,71.97,71.995,71.55,71.74,79465
2016-04-28 10:30:00,71.77,71.85,71.63,71.73,109509
2016-04-28 11:30:00,71.76,71.86,71.72,71.74,199062
2016-04-28 12:30:00,71.76,71.8901,71.46,71.47,194314
2016-04-28 13:30:00,71.47,71.59,71.36,71.41,271521
2016-04-28 14:30:00,71.41,71.44,70.74,70.81,267904
2016-04-28 15:30:00,70.81,70.86,70.71,70.82,297108
2016-04-29 09:30:00,70.61,70.82,69.75,70.12,183057
2016-04-29 10:30:00,70.12,70.29,69.78,69.8298,85991
2016-04-29 11:30:00,69.82,70.12,69.73,70.02,99831
2016-04-29 12:30:00,70.01,70.05,69.93,69.95,50240
2016-04-29 13:30:00,69.96,69.97,69.57,69.71,145769
2016-04-29 14:30:00,69.71,69.74,69.54,69.6311,55475
2016-04-29 15:30:00,69.65,69.99,69.65,69.94,151925
2016-05-02 09:30:00,70.32,70.6,69.71,69.96,290599
2016-05-02 10:30:00,69.95,70.325,69.89,70.16,121521
2016-05-02 11:30:00,70.18,70.23,69.97,70.08,79846
2016-05-02 12:30:00,70.08,70.165,70.0,70.02,82445
2016-05-02 13:30:00,70.03,70.12,69.99,70.0,57160
2016-05-02 14:30:00,69.99,70.11,69.97,70.1037,77541
2016-05-02 15:30:00,70.1,70.135,70.025,70.05,115468
2016-05-03 09:30:00,70.0,70.0,69.54,69.65,108686
2016-05-03 10:30:00,69.64,69.78,69.41,69.41,101737
2016-05-03 11:30:00,69.4,69.66,69.37,69.63,97828
2016-05-03 12:30:00,69.63,69.74,69.53,69.56,223462
2016-05-03 13:30:00,69.55,69.69,69.55,69.59,123500
2016-05-03 14:30:00,69.6,69.7435,69.58,69.7,79258
2016-05-03 15:30:00,69.702,69.75,69.5765,69.63,123588
2016-06-27 09:30:00,72.19,72.23,71.22,71.22,239090
2016-06-27 10:30:00,71.23,71.33,70.98,71.29,184229
2016-06-27 11:30:00,71.28,71.44,71.16,71.4,95380
2016-06-27 12:30:00,71.4,71.55,71.18,71.48,97675
2016-06-27 13:30:00,71.5,71.5577,71.24,71.41,140642
2016-06-27 14:30:00,71.4,71.47,71.15,71.23,129620
2016-06-27 15:30:00,71.23,71.51,71.2,71.28,164626
2016-06-28 09:30:00,71.61,72.22,71.55,72.0,493308
2016-06-28 10:30:00,72.0,72.08,71.61,71.66,327548
2016-06-28 11:30:00,71.68,71.85,71.66,71.73,186549
2016-06-28 12:30:00,71.72,71.96,71.72,71.78,212013
2016-06-28 13:30:00,71.78,71.86,71.625,71.83,188282
2016-06-28 14:30:00,71.84,72.17,71.84,72.0,347963
2016-06-28 15:30:00,72.0,72.2,71.985,72.0,265220
2016-06-29 09:30:00,72.3,73.14,71.96,72.89,285598
2016-06-29 10:30:00,72.9,72.97,71.69,71.89,588273
2016-06-29 11:30:00,71.9,72.03,71.54,71.92,271052
2016-06-29 12:30:00,71.92,72.0,71.65,71.68,202939
2016-06-29 13:30:00,71.7,72.24,71.65,72.17,129779
2016-06-29 14:30:00,72.18,72.32,72.08,72.23,130525
2016-06-29 15:30:00,72.23,72.23,72.01,72.08,181110
2016-06-30 09:30:00,72.37,72.46,72.02,72.18,150440
2016-06-30 10:30:00,72.18,72.52,72.18,72.3,259590
2016-06-30 11:30:00,72.3,72.71,72.3,72.7,202204
2016-06-30 12:30:00,72.7,72.7,72.2832,72.57,119429
2016-06-30 13:30:00,72.57,72.74,72.52,72.68,180485
2016-06-30 14:30:00,72.68,72.95,72.64,72.895,319365
2016-06-30 15:30:00,72.89,73.25,72.75,73.25,333408
2016-07-01 09:30:00,72.88,73.19,72.51,72.76,272827
2016-07-01 10:30:00,72.77,72.88,72.69,72.79,151367
2016-07-01 11:30:00,72.8,72.89,72.62,72.64,87708
2016-07-01 12:30:00,72.635,72.79,72.6,72.68,75848
2016-07-01 13:30:00,72.675,72.78,72.6625,72.75,138033
2016-07-01 14:30:00,72.75,72.78,72.6,72.65,90792
2016-07-01 15:30:00,72.645,72.71,72.47,72.5,175927
2016-07-05 09:30:00,72.23,72.41,71.84,72.07,232439
2016-07-05 10:30:00,72.08,72.18,71.9,71.96,134722
2016-07-05 11:30:00,71.95,72.0,71.84,71.97,102923
2016-07-05 12:30:00,71.99,72.0,71.8,71.81,65802
2016-07-05 13:30:00,71.79,71.99,71.68,71.97,157752
2016-07-05 14:30:00,71.975,72.1105,71.93,72.095,168790
2016-07-05 15:30:00,72.09,72.19,72.04,72.08,186468
2016-07-11 09:30:00,73.52,74.27,73.52,74.07,139754
2016-07-11 10:30:00,74.07,74.54,74.07,74.4,56326
2016-07-11 11:30:00,74.39,74.46,74.18,74.3,60991
2016-07-11 12:30:00,74.31,74.56,74.31,74.46,50288
2016-07-11 13:30:00,74.47,74.52,74.4,74.45,44809
2016-07-11 14:30:00,74.45,74.51,74.39,74.3935,61065
2016-07-11 15:30:00,74.395,74.43,74.365,74.38,143238
2016-07-12 09:30:00,74.8,75.14,74.62,75.13,137517
2016-07-12 10:30:00,75.13,75.13,74.95,75.01,46876
2016-07-12 11:30:00,75.01,75.01,74.87,74.9,33956
2016-07-12 12:30:00,74.9,74.99,74.87,74.99,33784
2016-07-12 13:30:00,74.99,75.26,74.99,75.25,56714
2016-07-12 14:30:00,75.25,75.33,75.17,75.32,59005
2016-07-12 15:30:00,75.32,75.37,75.29,75.33,87067
2016-07-13 09:30:00,75.54,75.66,75.37,75.54,99988
2016-07-13 10:30:00,75.57,75.89,75.55,75.61,75909
2016-07-13 11:30:00,75.61,75.61,75.46,75.53,49495
2016-07-13 12:30:00,75.52,75.72,75.46,75.6,40906
2016-07-13 13:30:00,75.6,75.73,75.56,75.71,63680
2016-07-13 14:30:00,75.71,75.8499,75.655,75.68,58925
2016-07-13 15:30:00,75.68,75.7,75.54,75.55,122328
2016-07-14 09:30:00,76.0,76.1,75.27,75.45,785760
2016-07-14 10:30:00,75.44,75.575,75.13,75.18,234169
2016-07-14 11:30:00,75.18,75.25,74.87,74.93,92267
2016-07-14 12:30:00,74.92,75.1,74.92,75.015,143471
2016-07-14 13:30:00,75.02,75.21,75.015,75.11,99672
2016-07-14 14:30:00,75.12,75.205,75.07,75.14,78056
2016-07-14 15:30:00,75.13,75.24,75.0,75.2,192901
2016-07-15 09:30:00,75.38,75.59,74.99,75.27,207763
2016-07-15 10:30:00,75.2564,75.27,75.035,75.09,457268
2016-07-15 11:30:00,75.1,75.3,75.1,75.26,119732
2016-07-15 12:30:00,75.26,75.28,75.1,75.13,66794
2016-07-15 13:30:00,75.14,75.15,75.11,75.13,66167
2016-07-15 14:30:00,75.14,75.27,75.03,75.05,330757
2016-07-15 15:30:00,75.06,75.14,74.96,75.1,357396
2016-07-18 09:30:00,75.31,75.73,75.18,75.62,162528
2016-07-18 10:30:00,75.62,75.76,75.62,75.68,187382
2016-07-18 11:30:00,75.69,75.74,75.56,75.63,42844
2016-07-18 12:30:00,75.63,75.69,75.5,75.59,78662
2016-07-18 13:30:00,75.59,75.79,75.59,75.68,60804
2016-07-18 14:30:00,75.69,75.76,75.62,75.66,135428
2016-07-18 15:30:00,75.67,75.93,75.59,75.93,206770
2016-07-19 09:30:00,75.7,75.87,75.47,75.82,79332
2016-07-19 10:30:00,75.82,76.17,75.82,76.15,155846
2016-07-19 11:30:00,76.14,76.19,76.0,76.025,56922
2016-07-19 12:30:00,76.02,76.06,75.875,75.88,30513
2016-07-19 13:30:00,75.9,75.985,75.9,75.95,31368
2016-07-19 14:30:00,75.95,75.95,75.81,75.91,87110
2016-07-19 15:30:00,75.91,75.97,75.86,75.95,151469
2016-07-20 09:30:00,76.0,76.43,75.79,76.42,87443
2016-07-20 10:30:00,76.42,76.61,76.34,76.61,62566
2016-07-20 11:30:00,76.61,76.7,76.48,76.611,130724
2016-07-20 12:30:00,76.61,76.77,76.57,76.77,70530
2016-07-20 13:30:00,76.77,76.78,76.69,76.74,57691
2016-07-20 14:30:00,76.735,76.9,76.67,76.69,92305
2016-07-20 15:30:00,76.69,76.76,76.68,76.7,51730
2016-07-21 09:30:00,76.47,76.565,76.22,76.35,94323
2016-07-21 10:30:00,76.36,76.51,76.31,76.3901,82155
2016-07-21 11:30:00,76.39,76.39,76.17,76.3,57411
2016-07-21 12:30:00,76.31,76.31,76.18,76.25,36328
2016-07-21 13:30:00,76.26,76.27,75.92,75.94,81071
2016-07-21 14:30:00,75.93,75.96,75.61,75.71,41571
2016-07-21 15:30:00,75.72,75.84,75.7001,75.76,52748
2016-07-22 09:30:00,75.72,76.0399,75.62,75.77,67691
2016-07-22 10:30:00,75.77,75.96,75.77,75.9,63403
2016-07-22 11:30:00,75.9,76.07,75.891,75.99,37062
2016-07-22 12:30:00,75.98,76.15,75.98,76.15,79136
2016-07-22 13:30:00,76.15,76.2,76.06,76.08,38290
2016-07-22 14:30:00,76.09,76.1,75.93,75.995,78055
2016-07-22 15:30:00,76.0,76.09,75.99,76.06,41548
2016-07-25 09:30:00,76.09,76.3,75.97,76.09,55987
2016-07-25 10:30:00,76.09,76.21,76.04,76.18,64603
2016-07-25 11:30:00,76.19,76.2,76.0,76.07,37224
2016-07-25 12:30:00,76.07,76.2638,76.07,76.2638,22776
2016-07-25 13:30:00,76.27,76.29,76.19,76.27,19745
2016-07-25 14:30:00,76.28,76.3,76.2,76.26,38081
2016-07-25 15:30:00,76.26,76.49,76.26,76.49,76910
2016-09-29 09:30:00,69.49,69.82,68.59,69.04,653207
2016-09-29 10:30:00,69.05,69.14,68.75,68.8501,304226
2016-09-29 11:30:00,68.85,68.95,68.72,68.75,460064
2016-09-29 12:30:00,68.75,69.07,68.43,68.91,843010
2016-09-29 13:30:00,68.94,68.99,68.52,68.71,416644
2016-09-29 14:30:00,68.72,68.83,68.58,68.72,309764
2016-09-29 15:30:00,68.72,68.79,68.6,68.77,285053
2016-09-30 09:30:00,68.9,69.4,68.545,69.19,223986
2016-09-30 10:30:00,69.2,69.76,69.15,69.61,253701
2016-09-30 11:30:00,69.62,69.73,69.36,69.63,120301
2016-09-30 12:30:00,69.635,69.86,69.55,69.72,174824
2016-09-30 13:30:00,69.72,69.72,69.55,69.67,165833
2016-09-30 14:30:00,69.675,69.84,69.67,69.7,118198
2016-09-30 15:30:00,69.71,69.82,69.6,69.71,210838
2016-10-03 09:30:00,69.95,70.98,69.75,70.24,352977
2016-10-03 10:30:00,70.22,70.285,70.12,70.26,197954
2016-10-03 11:30:00,70.26,70.38,70.15,70.22,99251
2016-10-03 12:30:00,70.21,70.26,70.02,70.19,224481
2016-10-03 13:30:00,70.19,70.39,70.18,70.33,85498
2016-10-03 14:30:00,70.33,70.58,70.221,70.41,439910
2016-10-03 15:30:00,70.41,70.54,70.36,70.41,325246
2016-10-04 09:30:00,70.36,70.79,70.021,70.44,339331
2016-10-04 10:30:00,70.4799,70.61,70.28,70.43,108786
2016-10-04 11:30:00,70.45,70.61,70.37,70.445,165255
2016-10-04 12:30:00,70.46,70.52,70.1501,70.195,410305
2016-10-04 13:30:00,70.21,70.34,70.15,70.33,156638
2016-10-04 14:30:00,70.3,70.34,70.15,70.27,139930
2016-10-04 15:30:00,70.28,70.44,70.26,70.3,231228
2016-10-05 09:30:00,70.43,70.98,70.03,70.9,253956
2016-10-05 10:30:00,70.9,70.98,70.75,70.8501,168666
2016-10-05 11:30:00,70.85,70.8674,70.73,70.78,105863
2016-10-05 12:30:00,70.79,71.04,70.74,71.01,190015
2016-10-05 13:30:00,71.0399,71.31,70.96,71.15,295414
2016-10-05 14:30:00,71.1664,71.27,71.07,71.2,247346
2016-10-05 15:30:00,71.2,71.33,71.18,71.22,258536
2016-10-06 09:30:00,71.96,72.4,70.37,71.01,5012614
2016-10-06 10:30:00,71.0,71.12,70.57,70.58,1930340
2016-10-06 11:30:00,70.58,70.8,70.47,70.73,1031511
2016-10-06 12:30:00,70.72,71.605,70.72,71.1,883589
2016-10-06 13:30:00,71.1,72.0,70.79,71.06,886937
2016-10-06 14:30:00,71.06,71.28,70.92,71.19,1119624
2016-10-06 15:30:00,71.2,71.83,71.18,71.8,1949995
2016-10-07 09:30:00,72.22,72.4,71.46,72.33,1784238
2016-10-07 10:30:00,72.33,72.37,71.78,72.02,824917
2016-10-07 11:30:00,72.01,72.12,71.62,71.9201,719301
2016-10-07 12:30:00,71.92,72.51,71.74,72.5,1150710
2016-10-07 13:30:00,72.5,72.7384,72.3798,72.39,1247729
2016-10-07 14:30:00,72.4,72.53,72.2,72.41,988166
2016-10-07 15:30:00,72.41,72.79,72.375,72.67,863537
2016-10-10 09:30:00,72.99,73.49,72.75,73.21,825888
2016-10-10 10:30:00,73.21,73.5,73.205,73.32,639381
2016-10-10 11:30:00,73.33,73.56,73.305,73.55,554814
2016-10-10 12:30:00,73.546,73.68,73.4,73.57,590857
2016-10-10 13:30:00,73.56,73.62,73.12,73.18,449531
2016-10-10 14:30:00,73.19,73.58,73.17,73.53,516719
2016-10-10 15:30:00,73.53,73.71,73.43,73.54,910041
2016-10-11 09:30:00,73.5,73.7,72.67,73.16,831479
2016-10-11 10:30:00,73.15,73.16,72.52,72.54,790251
2016-10-11 11:30:00,72.545,72.865,72.45,72.75,452982
2016-10-11 12:30:00,72.75,72.815,72.37,72.625,363733
2016-10-11 13:30:00,72.62,72.62,72.11,72.35,377181
2016-10-11 14:30:00,72.3464,72.53,72.245,72.3603,277233
2016-10-11 15:30:00,72.37,72.435,72.315,72.39,265097
2016-10-12 09:30:00,72.3,72.4,71.45,71.82,628152
2016-10-12 10:30:00,71.83,72.26,71.82,72.11,469463
2016-10-12 11:30:00,72.11,72.22,72.0,72.165,400790
2016-10-12 12:30:00,72.17,72.36,72.16,72.36,301898
2016-10-12 13:30:00,72.37,72.49,72.16,72.35,270954
2016-10-12 14:30:00,72.355,72.465,72.13,72.14,257955
2016-10-12 15:30:00,72.14,72.16,72.03,72.1,321612
2016-10-13 09:30:00,71.58,71.58,70.72,71.3299,563645
2016-10-13 10:30:00,71.32,71.53,71.11,71.42,411337
2016-10-13 11:30:00,71.43,71.45,71.23,71.33,307412
2016-10-13 12:30:00,71.33,71.4925,71.26,71.475,343326
2016-10-13 13:30:00,71.475,71.59,71.23,71.33,241708
2016-10-13 14:30:00,71.33,71.43,71.18,71.23,216233
2016-10-13 15:30:00,71.23,71.37,71.21,71.34,418323
2016-10-14 09:30:00,71.81,71.9999,71.45,71.95,355170
2016-10-14 10:30:00,71.96,72.0,71.64,71.64,370753
2016-10-14 11:30:00,71.63,72.04,71.56,72.0,385751
2016-10-14 12:30:00,72.0,72.365,71.93,72.3,594565
2016-10-14 13:30:00,72.31,72.33,71.85,71.9,294810
2016-10-14 14:30:00,71.9,72.02,71.865,71.925,253417
2016-10-14 15:30:00,71.925,72.05,71.925,71.97,327565
2016-10-17 09:30:00,73.4,73.405,71.68,72.33,806532
2016-10-17 10:30:00,72.33,72.51,71.98,72.15,337208
2016-10-17 11:30:00,72.15,72.39,72.14,72.22,172050
2016-10-17 12:30:00,72.21,72.32,72.07,72.11,302390
2016-10-17 13:30:00,72.11,72.17,72.0,72.16,284665
2016-10-17 14:30:00,72.16,72.2,72.02,72.1,371585
2016-10-17 15:30:00,72.1,72.13,71.96,71.99,321466
2016-10-18 09:30:00,72.47,72.5,71.94,72.3,299282
2016-10-18 10:30:00,72.3,72.42,72.14,72.39,223046
2016-10-18 11:30:00,72.4,72.445,72.3,72.395,135995
2016-10-18 12:30:00,72.4,72.4201,72.275,72.32,138020
2016-10-18 13:30:00,72.33,72.37,72.23,72.2899,137582
2016-10-18 14:30:00,72.29,72.3,72.11,72.11,200664
2016-10-18 15:30:00,72.11,72.16,72.07,72.07,216744
2016-10-19 09:30:00,72.08,72.21,71.361,71.85,288025
2016-10-19 10:30:00,71.86,72.16,71.83,72.16,250383
2016-10-19 11:30:00,72.17,72.17,71.86,71.9399,188293
2016-10-19 12:30:00,71.94,72.02,71.8,71.98,234884
2016-10-19 13:30:00,71.98,72.11,71.95,72.04,820292
2016-10-19 14:30:00,72.03,72.0799,71.95,72.05,244789
2016-10-19 15:30:00,72.03,72.11,71.9,71.935,522884
2016-10-20 09:30:00,71.93,72.59,71.3,71.31,808200
2016-10-20 10:30:00,71.3,71.32,71.11,71.25,408096
2016-10-20 11:30:00,71.26,71.58,71.1,71.52,269750
2016-10-20 12:30:00,71.5,71.99,71.38,71.93,211462
2016-10-20 13:30:00,71.91,72.19,71.88,71.99,427111
2016-10-20 14:30:00,71.99,72.07,71.84,71.965,263369
2016-10-20 15:30:00,71.96,72.06,71.89,71.97,474326
2016-10-21 09:30:00,74.98,75.0,73.22,73.4,1620288
2016-10-21 10:30:00,73.38,74.16,73.36,73.865,485968
2016-10-21 11:30:00,73.83,74.1,73.59,73.87,423851
2016-10-21 12:30:00,73.87,73.9,73.01,73.11,259137
2016-10-21 13:30:00,73.1,73.53,72.88,73.41,299468
2016-10-21 14:30:00,73.41,73.52,73.25,73.49,376504
2016-10-21 15:30:00,73.48,73.81,73.4376,73.63,553668
2016-12-16 09:30:00,79.62,80.43,79.26,79.35,543176
2016-12-16 10:30:00,79.36,79.5299,79.11,79.2,225585
2016-12-16 11:30:00,79.2,79.65,79.15,79.53,153475
2016-12-16 12:30:00,79.55,80.04,79.3,79.37,228966
2016-12-16 13:30:00,79.36,79.49,78.68,78.865,193702
2016-12-16 14:30:00,78.88,79.11,78.53,79.0,224731
2016-12-16 15:30:00,79.01,79.03,77.84,78.22,984581
2016-12-19 09:30:00,79.42,80.55,79.39,80.23,372346
2016-12-19 10:30:00,80.2417,80.68,79.84,79.93,250477
2016-12-19 11:30:00,79.95,80.01,79.28,79.29,176793
2016-12-19 12:30:00,79.32,79.32,78.82,79.1,183777
2016-12-19 13:30:00,79.09,79.43,78.91,79.2,205453
2016-12-19 14:30:00,79.19,79.37,79.01,79.32,134761
2016-12-19 15:30:00,79.315,79.38,79.13,79.37,199302
2016-12-20 09:30:00,79.73,79.99,79.24,79.7,187895
2016-12-20 10:30:00,79.7,79.75,79.035,79.21,105877
2016-12-20 11:30:00,79.215,79.23,78.89,79.02,100313
2016-12-20 12:30:00,79.0,79.19,78.89,79.01,65272
2016-12-20 13:30:00,79.01,79.16,78.68,78.83,92722
2016-12-20 14:30:00,78.85,78.9299,78.73,78.76,69681
2016-12-20 15:30:00,78.76,78.9,78.67,78.87,191568
2016-12-21 09:30:00,79.1,79.33,78.6528,79.0,106924
2016-12-21 10:30:00,79.0,79.1075,78.72,78.98,94878
2016-12-21 11:30:00,79.01,79.3194,78.94,79.1,71592
2016-12-21 12:30:00,79.091,79.1333,78.79,78.99,73341
2016-12-21 13:30:00,78.97,79.02,78.83,78.83,97071
2016-12-21 14:30:00,78.83,79.06,78.74,79.0108,122099
2016-12-21 15:30:00,79.03,79.08,78.86,78.98,144190
2016-12-22 09:30:00,78.98,79.36,78.38,79.09,196100
2016-12-22 10:30:00,79.02,79.3,78.96,79.0,72650
2016-12-22 11:30:00,79.02,79.21,78.5,78.83,66178
2016-12-22 12:30:00,78.83,79.0,78.58,78.62,86837
2016-12-22 13:30:00,78.65,78.92,78.59,78.92,135378
2016-12-22 14:30:00,78.89,79.01,78.74,78.99,126363
2016-12-22 15:30:00,79.0,79.17,78.83,79.15,135525
2016-12-23 09:30:00,79.22,79.32,78.53,78.626,136658
2016-12-23 10:30:00,78.63,78.95,78.62,78.88,43779
2016-12-23 11:30:00,78.89,79.0,78.65,78.9601,35424
2016-12-23 12:30:00,78.97,79.12,78.76,78.79,33811
2016-12-23 13:30:00,78.8009,78.82,78.55,78.57,29173
2016-12-23 14:30:00,78.56,78.79,78.5301,78.78,40369
2016-12-23 15:30:00,78.79,79.13,78.695,79.12,101785
2017-01-09 09:30:00,79.21,79.83,79.17,79.463,167364
2017-01-09 10:30:00,79.43,79.48,79.19,79.41,96410
2017-01-09 11:30:00,79.383,79.7848,79.31,79.78,87385
2017-01-09 12:30:00,79.76,79.8,79.6,79.62,100949
2017-01-09 13:30:00,79.61,80.1,79.59,80.05,151716
2017-01-09 14:30:00,80.05,80.07,79.7,79.85,132875
2017-01-09 15:30:00,79.86,79.88,79.55,79.58,192454
2017-01-10 09:30:00,79.6,79.93,78.88,78.945,106081
2017-01-10 10:30:00,78.91,79.47,78.81,79.44,73890
2017-01-10 11:30:00,79.45,79.63,79.4,79.51,69001
2017-01-10 12:30:00,79.51,79.56,79.2925,79.47,32300
2017-01-10 13:30:00,79.4453,79.48,79.249,79.3342,42199
2017-01-10 14:30:00,79.35,79.5,79.31,79.35,52493
2017-01-10 15:30:00,79.33,79.48,79.31,79.34,72850
2017-01-11 09:30:00,79.24,79.69,79.01,79.44,198970
2017-01-11 10:30:00,79.43,79.64,79.22,79.47,117168
2017-01-11 11:30:00,79.494,80.08,79.3,79.68,121581
2017-01-11 12:30:00,79.73,79.88,79.62,79.72,111103
2017-01-11 13:30:00,79.69,80.17,79.64,80.09,249956
2017-01-11 14:30:00,80.09,80.46,80.05,80.164,115823
2017-01-11 15:30:00,80.18,80.34,80.16,80.28,120381
2017-01-12 09:30:00,80.18,80.19,79.47,79.85,235344
2017-01-12 10:30:00,79.825,79.95,79.47,79.85,185486
2017-01-12 11:30:00,79.9,80.06,79.62,80.02,88060
2017-01-12 12:30:00,80.02,80.07,79.95,79.984,53059
2017-01-12 13:30:00,79.95,80.17,79.9301,80.159,59588
2017-01-12 14:30:00,80.15,80.2284,79.8825,80.08,112170
2017-01-12 15:30:00,80.09,80.18,80.0,80.1,122290
2017-01-13 09:30:00,80.13,81.4,79.65,81.29,201596
2017-01-13 10:30:00,81.32,81.37,81.14,81.22,89987
2017-01-13 11:30:00,81.22,81.26,81.09,81.1082,77160
2017-01-13 12:30:00,81.11,81.14,80.98,80.98,52537
2017-01-13 13:30:00,80.98,81.12,80.96,81.08,117394
2017-01-13 14:30:00,81.0853,81.54,81.085,81.53,126035
2017-01-13 15:30:00,81.53,81.58,81.21,81.43,332477
2017-01-17 09:30:00,81.38,81.38,80.19,80.24,196104
2017-01-17 10:30:00,80.23,80.34,79.75,79.89,199274
2017-01-17 11:30:00,79.89,80.17,79.77,80.05,139175
2017-01-17 12:30:00,80.04,80.13,79.44,79.48,126660
2017-01-17 13:30:00,79.44,79.47,79.2,79.44,101747
2017-01-17 14:30:00,79.43,79.795,79.4,79.71,112000
2017-01-17 15:30:00,79.71,80.03,79.7,80.01,212903
2017-01-23 09:30:00,81.69,81.925,81.53,81.54,218609
2017-01-23 10:30:00,81.5664,81.83,81.39,81.72,180331
2017-01-23 11:30:00,81.72,81.79,81.58,81.59,97170
2017-01-23 12:30:00,81.61,81.75,81.53,81.59,60445
2017-01-23 13:30:00,81.57,81.81,81.57,81.74,95915
2017-01-23 14:30:00,81.72,81.955,81.716,81.94,109137
2017-01-23 15:30:00,81.93,82.11,81.92,82.1,211875
2017-01-24 09:30:00,82.23,82.61,81.96,82.29,203178
2017-01-24 10:30:00,82.3827,82.3827,81.99,82.0,218207
2017-01-24 11:30:00,81.98,82.24,81.98,82.08,139638
2017-01-24 12:30:00,82.11,82.45,81.88,82.45,84229
2017-01-24 13:30:00,82.44,83.05,82.44,82.67,138330
2017-01-24 14:30:00,82.67,82.9,82.62,82.67,89053
2017-01-24 15:30:00,82.67,82.91,82.6635,82.79,205120
2017-01-25 09:30:00,83.6,83.89,83.13,83.3,193252
2017-01-25 10:30:00,83.32,84.53,83.3,84.25,278636
2017-01-25 11:30:00,84.26,84.71,84.06,84.7,380012
2017-01-25 12:30:00,84.71,84.91,84.36,84.79,191020
2017-01-25 13:30:00,84.79,85.14,84.42,84.85,256987
2017-01-25 14:30:00,84.83,85.1,84.75,85.0195,271073
2017-01-25 15:30:00,85.01,85.1,84.59,84.68,369696
2017-01-26 09:30:00,84.69,84.82,83.62,84.055,316688
2017-01-26 10:30:00,84.0489,84.6,84.04,84.46,340293
2017-01-26 11:30:00,84.46,84.46,83.83,83.9,434377
2017-01-26 12:30:00,83.92,84.31,83.87,83.89,180873
2017-01-26 13:30:00,83.8841,83.9,83.58,83.72,213743
2017-01-26 14:30:00,83.7199,83.74,82.97,83.09,461536
2017-01-26 15:30:00,83.085,83.68,83.0701,83.25,689311
2017-01-27 09:30:00,85.97,87.6,85.23,86.6,1227763
2017-01-27 10:30:00,86.65,87.89,86.52,87.55,597308
2017-01-27 11:30:00,87.55,87.96,87.13,87.5,252718
2017-01-27 12:30:00,87.5156,87.66,86.87,86.87,182541
2017-01-27 13:30:00,86.895,87.13,86.0701,86.2781,195405
2017-01-27 14:30:00,86.241,86.5,85.98,86.1003,224880
2017-01-27 15:30:00,86.11,86.31,85.92,86.15,484876
2017-01-30 09:30:00,85.99,86.56,85.18,86.388,431311
2017-01-30 10:30:00,86.4,86.4259,85.43,85.51,181645
2017-01-30 11:30:00,85.536,85.82,85.46,85.5725,276822
2017-01-30 12:30:00,85.55,85.75,85.52,85.7,87521
2017-01-30 13:30:00,85.7,85.95,85.52,85.91,166148
2017-01-30 14:30:00,85.91,86.0,85.71,85.9,153876
2017-01-30 15:30:00,85.9,86.325,85.89,86.255,262238
2017-01-31 09:30:00,86.23,86.23,85.14,85.3,247950
2017-01-31 10:30:00,85.3,85.5699,85.07,85.36,118182
2017-01-31 11:30:00,85.33,85.45,85.07,85.405,110235
2017-01-31 12:30:00,85.41,85.7232,85.27,85.455,161546
2017-01-31 13:30:00,85.48,85.525,84.63,84.63,135234
2017-01-31 14:30:00,84.665,85.09,84.57,84.935,323671
2017-01-31 15:30:00,84.96,85.14,84.92,85.11,253049
2017-03-20 09:30:00,95.02,95.99,94.99,95.97,138977
2017-03-20 10:30:00,95.97,96.3,95.8,96.279,149103
2017-03-20 11:30:00,96.2828,96.3469,95.51,95.51,124858
2017-03-20 12:30:00,95.52,95.69,95.46,95.59,52072
2017-03-20 13:30:00,95.6,95.63,94.864,94.864,101253
2017-03-20 14:30:00,94.86,94.87,94.6,94.73,132717
2017-03-20 15:30:00,94.7202,95.12,94.7202,95.12,217373
2017-03-21 09:30:00,95.34,95.74,94.75,94.83,136817
2017-03-21 10:30:00,94.82,95.31,93.4801,93.67,197646
2017-03-21 11:30:00,93.68,94.26,93.24,94.125,126644
2017-03-21 12:30:00,94.125,94.16,93.6,94.13,100723
2017-03-21 13:30:00,94.14,94.32,93.87,94.206,111921
2017-03-21 14:30:00,94.2,94.46,94.15,94.28,113774
2017-03-21 15:30:00,94.29,94.32,93.86,94.18,239963
2017-03-22 09:30:00,94.53,94.96,93.98,94.48,237375
2017-03-22 10:30:00,94.46,95.425,94.32,95.406,121516
2017-03-22 11:30:00,95.43,95.56,95.02,95.16,80545
2017-03-22 12:30:00,95.15,95.282,95.0,95.24,104864
2017-03-22 13:30:00,95.23,95.54,95.18,95.39,121812
2017-03-22 14:30:00,95.41,95.56,95.295,95.4099,118220
2017-03-22 15:30:00,95.4,95.64,95.23,95.57,224972
2017-03-23 09:30:00,95.59,96.0,94.85,95.3315,114389
2017-03-23 10:30:00,95.37,95.769,95.21,95.68,54629
2017-03-23 11:30:00,95.67,95.9956,95.6399,95.8,48925
2017-03-23 12:30:00,95.8,95.86,95.41,95.41,47624
2017-03-23 13:30:00,95.44,95.8,95.38,95.78,52606
2017-03-23 14:30:00,95.78,95.91,95.29,95.29,60955
2017-03-23 15:30:00,95.28,95.39,95.15,95.23,152590
2017-03-24 09:30:00,96.05,96.91,95.85,96.2477,160923
2017-03-24 10:30:00,96.2335,96.34,96.0,96.05,36811
2017-03-24 11:30:00,96.02,96.37,96.0,96.14,40225
2017-03-24 12:30:00,96.21,96.23,95.89,96.07,30430
2017-03-24 13:30:00,96.03,96.05,95.65,95.68,33932
2017-03-24 14:30:00,95.69,96.2024,95.3,95.62,49417
2017-03-24 15:30:00,95.65,95.91,95.48,95.72,108708
2017-03-27 09:30:00,95.33,96.105,94.61,95.12,135028
2017-03-27 10:30:00,95.12,95.58,95.07,95.49,57750
2017-03-27 11:30:00,95.54,95.82,95.39,95.74,40290
2017-03-27 12:30:00,95.75,96.099,95.74,95.99,42550
2017-03-27 13:30:00,95.99,95.99,95.73,95.795,47519
2017-03-27 14:30:00,95.81,96.09,95.68,95.87,74248
2017-03-27 15:30:00,95.9,96.0999,95.77,95.8,103322
2017-03-28 09:30:00,95.79,96.22,95.21,95.44,91119
2017-03-28 10:30:00,95.41,95.75,95.27,95.69,52913
2017-03-28 11:30:00,95.6974,95.88,95.61,95.81,38353
2017-03-28 12:30:00,95.8149,95.93,95.7301,95.79,40769
2017-03-28 13:30:00,95.79,96.18,95.75,96.15,44912
2017-03-28 14:30:00,96.15,96.17,95.73,95.8101,80807
2017-03-28 15:30:00,95.81,95.8286,95.63,95.66,112888
2017-04-10 09:30:00,96.75,96.95,96.35,96.4712,113444
2017-04-10 10:30:00,96.49,96.58,96.09,96.2,72526
2017-04-10 11:30:00,96.21,96.22,95.84,96.11,71211
2017-04-10 12:30:00,96.1214,96.82,96.11,96.72,74992
2017-04-10 13:30:00,96.73,96.97,96.65,96.65,48546
2017-04-10 14:30:00,96.64,96.82,96.41,96.49,82569
2017-04-10 15:30:00,96.49,96.59,96.28,96.34,138100
2017-04-11 09:30:00,96.15,96.22,94.71,95.04,245831
2017-04-11 10:30:00,95.03,95.03,93.61,93.75,281624
2017-04-11 11:30:00,93.78,94.6326,93.75,94.6,142409
2017-04-11 12:30:00,94.57,94.99,94.24,94.95,147225
2017-04-11 13:30:00,94.96,95.11,94.83,95.0,102591
2017-04-11 14:30:00,94.95,95.1,94.82,95.0999,117639
2017-04-11 15:30:00,95.06,95.51,95.05,95.49,163163
2017-04-12 09:30:00,95.76,95.985,95.11,95.74,160849
2017-04-12 10:30:00,95.74,95.7899,95.34,95.63,139335
2017-04-12 11:30:00,95.62,95.66,94.94,94.975,176354
2017-04-12 12:30:00,94.96,95.2499,94.72,95.06,117130
2017-04-12 13:30:00,95.06,95.385,95.01,95.3658,93101
2017-04-12 14:30:00,95.35,95.43,95.09,95.25,91702
2017-04-12 15:30:00,95.25,95.37,95.09,95.21,146153
2017-04-13 09:30:00,94.96,96.31,94.22,96.07,192316
2017-04-13 10:30:00,96.07,96.25,95.84,95.935,115179
2017-04-13 11:30:00,95.92,96.0699,95.58,95.73,91355
2017-04-13 12:30:00,95.76,95.84,95.44,95.63,102831
2017-04-13 13:30:00,95.62,95.62,95.26,95.465,108532
2017-04-13 14:30:00,95.465,95.5861,95.24,95.34,147288
2017-04-13 15:30:00,95.3301,95.49,95.22,95.31,295314
2017-04-17 09:30:00,94.52,95.47,94.28,95.34,397081
2017-04-17 10:30:00,95.36,95.71,95.34,95.63,291482
2017-04-17 11:30:00,95.65,95.66,95.1001,95.38,154065
2017-04-17 12:30:00,95.37,95.51,95.09,95.43,120109
2017-04-17 13:30:00,95.45,95.74,95.3,95.59,150811
2017-04-17 14:30:00,95.6,95.71,95.39,95.55,211889
2017-04-17 15:30:00,95.55,95.58,95.35,95.5,159057
2017-04-18 09:30:00,94.94,95.85,94.411,95.12,229878
2017-04-18 10:30:00,95.11,95.29,94.93,95.12,158207
2017-04-18 11:30:00,95.12,95.15,94.91,94.96,114105
2017-04-18 12:30:00,94.95,95.0134,94.62,94.64,122169
2017-04-18 13:30:00,94.65,94.77,94.45,94.5,178687
2017-04-18 14:30:00,94.5,94.7,94.32,94.69,204666
2017-04-18 15:30:00,94.7,94.98,94.54,94.6,283109
2017-04-24 09:30:00,99.71,100.11,99.2,99.94,236417
2017-04-24 10:30:00,99.935,100.46,99.85,100.015,210210
2017-04-24 11:30:00,100.0275,100.11,99.85,99.9,105784
2017-04-24 12:30:00,99.89,100.16,99.88,100.11,67065
2017-04-24 13:30:00,100.15,100.89,100.12,100.85,136914
2017-04-24 14:30:00,100.86,100.99,100.74,100.89,107305
2017-04-24 15:30:00,100.88,100.95,100.79,100.83,167799
2017-04-25 09:30:00,101.12,101.35,100.44,100.8,184720
2017-04-25 10:30:00,100.78,101.14,100.735,100.99,119999
2017-04-25 11:30:00,101.01,101.02,100.75,100.89,73573
2017-04-25 12:30:00,100.88,101.24,100.83,101.16,87218
2017-04-25 13:30:00,101.16,101.37,101.05,101.315,156277
2017-04-25 14:30:00,101.32,101.81,101.29,101.77,160573
2017-04-25 15:30:00,101.76,101.79,101.56,101.7,183703
2017-04-26 09:30:00,101.78,101.8,100.7501,100.82,101650
2017-04-26 10:30:00,100.82,101.29,100.63,101.17,74408
2017-04-26 11:30:00,101.18,101.4,101.07,101.17,58908
2017-04-26 12:30:00,101.18,101.44,101.125,101.25,50746
2017-04-26 13:30:00,101.23,101.33,101.02,101.28,68468
2017-04-26 14:30:00,101.27,101.71,100.89,101.08,120945
2017-04-26 15:30:00,101.065,101.065,100.7175,100.8,148500
2017-04-27 09:30:00,101.12,103.1,101.12,103.09,530605
2017-04-27 10:30:00,103.09,103.63,101.89,102.5,411383
2017-04-27 11:30:00,102.46,103.18,101.79,103.14,173313
2017-04-27 12:30:00,103.1326,103.42,102.89,103.04,137294
2017-04-27 13:30:00,103.04,103.75,102.87,103.54,198058
2017-04-27 14:30:00,103.52,104.12,103.33,104.11,522540
2017-04-27 15:30:00,104.11,104.22,103.23,103.55,607042
2017-04-28 09:30:00,100.21,103.99,98.84,98.87,745919
2017-04-28 10:30:00,98.89,98.9,97.83,98.31,387277
2017-04-28 11:30:00,98.32,98.8,97.88,98.03,260143
2017-04-28 12:30:00,98.03,98.36,97.98,98.36,279760
2017-04-28 13:30:00,98.36,98.36,97.91,98.0001,211574
2017-04-28 14:30:00,98.01,98.35,97.96,98.2,378875
2017-04-28 15:30:00,98.21,98.4,98.11,98.22,380756
2017-05-01 09:30:00,98.71,99.5,97.47,97.76,321608
2017-05-01 10:30:00,97.7335,98.41,97.73,98.41,275467
2017-05-01 11:30:00,98.39,99.08,98.39,98.97,183168
2017-05-01 12:30:00,98.97,99.23,98.7,99.0099,192959
2017-05-01 13:30:00,99.01,99.38,98.97,99.22,210386
2017-05-01 14:30:00,99.17,99.3,99.01,99.2,220833
2017-05-01 15:30:00,99.1906,99.36,99.14,99.17,302408
2017-05-02 09:30:00,99.37,99.77,98.47,99.3,289971
2017-05-02 10:30:00,99.35,99.35,99.09,99.35,167651
2017-05-02 11:30:00,99.36,99.36,99.14,99.3038,117126
2017-05-02 12:30:00,99.31,99.33,99.14,99.22,87285
2017-05-02 13:30:00,99.2001,99.245,98.94,98.95,94311
2017-05-02 14:30:00,98.94,99.47,98.87,99.41,174684
2017-05-02 15:30:00,99.41,99.79,99.39,99.72,319303
2017-06-26 09:30:00,98.32,98.71,96.78,97.6,251441
2017-06-26 10:30:00,97.59,97.62,96.0037,96.57,142811
2017-06-26 11:30:00,96.66,96.72,96.25,96.37,103986
2017-06-26 12:30:00,96.38,96.65,96.31,96.53,94319
2017-06-26 13:30:00,96.51,98.32,96.37,96.44,102111
2017-06-26 14:30:00,96.43,96.69,96.26,96.44,168747
2017-06-26 15:30:00,96.445,96.45,95.89,96.02,244411
2017-06-27 09:30:00,95.72,95.73,94.47,94.64,344064
2017-06-27 10:30:00,94.7,95.61,94.69,95.23,115984
2017-06-27 11:30:00,95.25,95.96,95.22,95.78,85907
2017-06-27 12:30:00,95.78,95.83,94.92,95.0,119175
2017-06-27 13:30:00,95.05,95.09,94.35,94.71,125103
2017-06-27 14:30:00,94.74,94.85,93.83,93.93,223473
2017-06-27 15:30:00,93.96,94.059,93.69,93.86,211129
2017-06-28 09:30:00,94.58,94.93,92.93,93.8866,332118
2017-06-28 10:30:00,93.98,95.15,93.87,94.88,193389
2017-06-28 11:30:00,94.88,95.39,94.58,94.93,184647
2017-06-28 12:30:00,94.95,95.51,94.92,95.32,136636
2017-06-28 13:30:00,95.28,95.6,95.2,95.45,128835
2017-06-28 14:30:00,95.45,95.92,95.35,95.87,184347
2017-06-28 15:30:00,95.88,95.98,95.56,95.77,300428
2017-06-29 09:30:00,95.36,95.36,92.62,93.4601,298369
2017-06-29 10:30:00,93.54,93.75,92.41,92.7699,222056
2017-06-29 11:30:00,92.725,92.92,92.13,92.56,168191
2017-06-29 12:30:00,92.49,92.57,91.05,91.12,159518
2017-06-29 13:30:00,91.19,92.04,91.18,91.99,177976
2017-06-29 14:30:00,91.98,92.51,91.67,92.26,187855
2017-06-29 15:30:00,92.26,92.72,92.2332,92.51,258026
2017-06-30 09:30:00,93.44,93.5,91.72,92.08,361355
2017-06-30 10:30:00,92.08,92.38,91.26,91.325,230244
2017-06-30 11:30:00,91.34,91.87,91.24,91.8,123170
2017-06-30 12:30:00,91.805,92.04,91.63,91.9,86588
2017-06-30 13:30:00,91.9,92.28,91.73,92.175,84612
2017-06-30 14:30:00,92.16,92.2,91.77,91.94,107967
2017-06-30 15:30:00,91.93,91.93,91.5,91.5,183062
2017-07-03 09:30:00,92.3,93.12,91.59,91.96,142441
2017-07-03 10:30:00,91.9,92.0,90.76,91.55,131507
2017-07-03 11:30:00,91.57,91.94,91.37,91.77,181156
2017-07-03 12:30:00,91.79,92.1594,91.35,91.55,360324
2017-07-03 13:30:00,91.55,91.55,91.55,91.55,1935
2017-07-03 14:30:00,,,,,0
2017-07-03 15:30:00,,,,,0
2017-07-10 09:30:00,94.68,95.79,93.81,94.64,248694
2017-07-10 10:30:00,94.67,94.95,94.31,94.755,136891
2017-07-10 11:30:00,94.76,94.84,94.4,94.8,118702
2017-07-10 12:30:00,94.8,94.88,94.71,94.835,96936
2017-07-10 13:30:00,94.8201,95.405,94.76,95.33,124184
2017-07-10 14:30:00,95.32,95.51,95.14,95.405,108758
2017-07-10 15:30:00,95.39,95.78,95.38,95.65,198189
2017-07-11 09:30:00,95.64,97.3,95.12,97.12,175712
2017-07-11 10:30:00,97.09,97.43,95.7,96.14,229353
2017-07-11 11:30:00,96.18,96.89,96.14,96.51,103180
2017-07-11 12:30:00,96.477,96.7,96.24,96.26,81267
2017-07-11 13:30:00,96.28,96.8873,96.28,96.865,118763
2017-07-11 14:30:00,96.85,96.9099,96.61,96.76,117298
2017-07-11 15:30:00,96.755,97.08,96.69,96.93,236438
2017-07-12 09:30:00,97.71,99.1133,97.03,97.5,136390
2017-07-12 10:30:00,97.49,97.66,97.275,97.52,82835
2017-07-12 11:30:00,97.53,97.62,97.2,97.38,65466
2017-07-12 12:30:00,97.4,97.4,96.8,96.98,127034
2017-07-12 13:30:00,96.98,97.4503,96.98,97.36,53544
2017-07-12 14:30:00,97.345,97.74,97.22,97.67,84818
2017-07-12 15:30:00,97.67,97.78,97.5352,97.7,131428
2017-07-13 09:30:00,97.89,98.71,97.37,97.53,167407
2017-07-13 10:30:00,97.516,97.8457,97.38,97.68,83156
2017-07-13 11:30:00,97.655,97.8,97.49,97.748,54010
2017-07-13 12:30:00,97.7434,97.7801,97.6,97.69,42084
2017-07-13 13:30:00,97.73,97.75,97.07,97.24,68566
2017-07-13 14:30:00,97.23,97.48,97.16,97.3,74237
2017-07-13 15:30:00,97.32,97.69,97.24,97.57,179965
2017-07-14 09:30:00,97.95,98.49,97.72,98.18,121075
2017-07-14 10:30:00,98.13,98.265,97.82,98.19,96677
2017-07-14 11:30:00,98.2166,98.37,97.94,98.3,59120
2017-07-14 12:30:00,98.3,98.64,98.29,98.6,53078
2017-07-14 13:30:00,98.62,99.08,98.54,99.04,84870
2017-07-14 14:30:00,99.04,99.34,98.98,99.34,116803
2017-07-14 15:30:00,99.33,99.72,99.28,99.62,301558
2017-07-17 09:30:00,100.0,100.1665,98.6,98.6,183562
2017-07-17 10:30:00,98.67,99.02,98.33,98.3851,162587
2017-07-17 11:30:00,98.42,98.9208,98.3546,98.87,71405
2017-07-17 12:30:00,98.87,99.19,98.82,99.07,47055
2017-07-17 13:30:00,99.06,99.34,99.03,99.19,57373
2017-07-17 14:30:00,99.16,99.28,99.03,99.05,75767
2017-07-17 15:30:00,99.05,99.35,99.03,99.13,153665
2017-07-18 09:30:00,99.06,99.7,98.111,99.437,123557
2017-07-18 10:30:00,99.39,99.4275,98.89,99.161,54976
2017-07-18 11:30:00,99.15,99.53,99.12,99.51,46934
2017-07-18 12:30:00,99.5,99.51,99.23,99.34,26017
2017-07-18 13:30:00,99.38,99.6,99.21,99.24,57418
2017-07-18 14:30:00,99.24,99.44,99.2,99.38,84508
2017-07-18 15:30:00,99.37,99.88,99.35,99.84,188670
2017-07-24 09:30:00,99.96,100.91,99.79,100.37,177302
2017-07-24 10:30:00,100.33,100.43,99.85,99.905,175705
2017-07-24 11:30:00,99.95,100.15,99.9256,100.125,49528
2017-07-24 12:30:00,100.13,100.7,100.1036,100.66,40764
2017-07-24 13:30:00,100.6473,100.68,100.38,100.56,48508
2017-07-24 14:30:00,100.57,100.59,100.28,100.34,68609
2017-07-24 15:30:00,100.33,100.38,100.13,100.23,116739
2017-07-25 09:30:00,99.98,100.8,99.2701,99.85,126404
2017-07-25 10:30:00,99.89,99.93,99.23,99.39,202710
2017-07-25 11:30:00,99.41,99.5,99.225,99.3,109188
2017-07-25 12:30:00,99.29,99.4,99.24,99.24,96973
2017-07-25 13:30:00,99.27,99.6,99.03,99.1973,122764
2017-07-25 14:30:00,99.19,99.25,98.985,99.04,158270
2017-07-25 15:30:00,99.04,99.14,98.91,99.12,200717
2017-07-26 09:30:00,98.49,100.82,98.49,100.75,151607
2017-07-26 10:30:00,100.75,100.75,100.29,100.41,111984
2017-07-26 11:30:00,100.42,100.51,100.15,100.15,58725
2017-07-26 12:30:00,100.15,100.3562,100.03,100.345,67878
2017-07-26 13:30:00,100.37,100.72,100.29,100.64,81885
2017-07-26 14:30:00,100.62,100.88,100.45,100.6167,145560
2017-07-26 15:30:00,100.61,100.87,100.57,100.85,149799
2017-07-27 09:30:00,101.14,101.14,99.55,100.35,338986
2017-07-27 10:30:00,100.35,100.92,100.06,100.59,166652
2017-07-27 11:30:00,100.64,101.09,100.54,100.83,92056
2017-07-27 12:30:00,100.865,100.89,98.65,98.945,233810
2017-07-27 13:30:00,98.88,99.9,98.41,99.9,172548
2017-07-27 14:30:00,99.71,99.91,98.89,99.12,158652
2017-07-27 15:30:00,99.06,100.02,99.05,99.96,244404
2017-07-28 09:30:00,97.74,99.93,94.47,95.9013,467682
2017-07-28 10:30:00,96.0267,96.185,95.3,96.04,245336
2017-07-28 11:30:00,96.07,96.9,95.96,96.3272,176338
2017-07-28 12:30:00,96.36,96.8,95.27,95.27,148599
2017-07-28 13:30:00,95.29,95.35,94.6,94.7401,201400
2017-07-28 14:30:00,94.74,95.0277,94.19,94.34,304678
2017-07-28 15:30:00,94.3301,94.6,94.26,94.39,230225
2017-07-31 09:30:00,94.58,94.749,93.75,94.13,190327
2017-07-31 10:30:00,94.13,94.22,93.33,93.57,153974
2017-07-31 11:30:00,93.605,93.8668,93.01,93.23,173364
2017-07-31 12:30:00,93.23,93.5199,92.93,92.99,119873
2017-07-31 13:30:00,92.94,92.99,92.49,92.73,106053
2017-07-31 14:30:00,92.71,92.92,92.51,92.78,123436
2017-07-31 15:30:00,92.79,92.94,92.53,92.63,218676
2017-08-01 09:30:00,92.85,93.059,92.14,92.14,258447
2017-08-01 10:30:00,92.11,92.55,91.92,91.922,521920
2017-08-01 11:30:00,92.0056,92.64,91.93,92.14,93747
2017-08-01 12:30:00,92.1,92.5,91.86,92.42,113644
2017-08-01 13:30:00,92.42,92.64,92.38,92.52,180148
2017-08-01 14:30:00,92.52,92.56,92.25,92.44,183249
2017-08-01 15:30:00,92.43,92.74,92.3,92.63,321150
2017-09-20 09:30:00,102.23,102.5,100.74,101.3425,190937
2017-09-20 10:30:00,101.32,101.37,100.04,100.12,233023
2017-09-20 11:30:00,100.07,100.16,99.24,99.85,390144
2017-09-20 12:30:00,99.835,100.2,99.6862,99.86,109326
2017-09-20 13:30:00,99.8599,99.9,98.57,98.66,197186
2017-09-20 14:30:00,98.62,99.55,98.59,99.51,221389
2017-09-20 15:30:00,99.505,99.93,99.39,99.68,242666
2017-09-21 09:30:00,99.75,100.0,98.68,98.71,136504
2017-09-21 10:30:00,98.82,99.57,98.56,99.33,162863
2017-09-21 11:30:00,99.2625,99.92,99.25,99.88,304758
2017-09-21 12:30:00,99.91,99.97,99.5,99.71,219387
2017-09-21 13:30:00,99.72,99.91,99.59,99.68,50042
2017-09-21 14:30:00,99.62,99.6493,99.25,99.4301,54324
2017-09-21 15:30:00,99.48,99.65,99.23,99.52,178271
2017-09-22 09:30:00,99.37,100.44,99.0001,100.11,280642
2017-09-22 10:30:00,100.08,100.679,99.99,100.42,101714
2017-09-22 11:30:00,100.42,100.61,100.35,100.42,68612
2017-09-22 12:30:00,100.45,100.6933,100.28,100.54,57517
2017-09-22 13:30:00,100.58,100.99,100.4856,100.92,54090
2017-09-22 14:30:00,100.98,101.02,100.3678,100.61,85687
2017-09-22 15:30:00,100.63,100.71,100.45,100.56,329476
2017-09-25 09:30:00,100.09,100.51,99.14,100.04,116410
2017-09-25 10:30:00,99.98,99.98,98.39,99.1,100926
2017-09-25 11:30:00,99.0,99.2,98.45,98.69,83815
2017-09-25 12:30:00,98.73,99.22,98.73,99.095,54333
2017-09-25 13:30:00,99.1,99.28,98.85,98.857,60752
2017-09-25 14:30:00,98.86,99.15,98.69,99.03,71232
2017-09-25 15:30:00,99.05,99.21,98.89,99.03,181535
2017-09-26 09:30:00,99.78,100.05,99.2,99.26,77815
2017-09-26 10:30:00,99.34,99.34,98.28,98.47,89277
2017-09-26 11:30:00,98.47,98.96,98.18,98.525,130050
2017-09-26 12:30:00,98.56,99.63,98.53,99.48,70482
2017-09-26 13:30:00,99.47,99.5699,99.045,99.34,50598
2017-09-26 14:30:00,99.35,99.42,98.6876,99.39,67591
2017-09-26 15:30:00,99.4,99.48,99.01,99.17,176901
2017-09-27 09:30:00,100.28,101.61,99.65,101.6092,214441
2017-09-27 10:30:00,101.6,102.0,101.1,101.88,155316
2017-09-27 11:30:00,101.824,101.94,101.18,101.88,113202
2017-09-27 12:30:00,101.84,102.0,101.74,102.0,118159
2017-09-27 13:30:00,101.99,104.17,101.88,104.09,568963
2017-09-27 14:30:00,104.12,105.07,103.7401,104.85,438724
2017-09-27 15:30:00,104.82,104.82,104.06,104.19,403859
2017-09-28 09:30:00,103.23,104.77,103.23,104.2,455928
2017-09-28 10:30:00,104.15,104.64,103.69,104.29,136430
2017-09-28 11:30:00,104.32,104.98,104.08,104.71,170752
2017-09-28 12:30:00,104.71,105.19,104.56,104.58,104494
2017-09-28 13:30:00,104.6,105.08,104.59,104.72,82931
2017-09-28 14:30:00,104.74,104.89,104.2549,104.52,125604
2017-09-28 15:30:00,104.54,104.96,104.46,104.92,181575
2017-09-29 09:30:00,105.13,105.45,104.1,104.36,290559
2017-09-29 10:30:00,104.39,105.39,104.15,105.3362,103405
2017-09-29 11:30:00,105.35,105.8,105.12,105.705,64187
2017-09-29 12:30:00,105.71,106.0,105.46,105.73,56865
2017-09-29 13:30:00,105.755,106.05,105.56,105.751,70177
2017-09-29 14:30:00,105.82,105.98,105.68,105.91,92074
2017-09-29 15:30:00,105.94,106.09,105.77,106.0,268031
2017-10-16 09:30:00,106.01,106.43,105.11,106.11,222482
2017-10-16 10:30:00,106.11,106.508,105.8394,106.34,118325
2017-10-16 11:30:00,106.34,106.55,106.06,106.37,82689
2017-10-16 12:30:00,106.39,106.69,106.3,106.66,69489
2017-10-16 13:30:00,106.68,107.39,106.56,107.16,265780
2017-10-16 14:30:00,107.14,107.17,106.83,107.0562,158209
2017-10-16 15:30:00,107.06,107.38,107.06,107.34,264735
2017-10-17 09:30:00,107.84,107.95,106.74,106.89,229693
2017-10-17 10:30:00,106.85,107.32,106.78,107.191,88545
2017-10-17 11:30:00,107.22,107.59,107.02,107.15,149575
2017-10-17 12:30:00,107.145,107.57,107.07,107.5,64848
2017-10-17 13:30:00,107.44,108.3,107.44,107.66,150968
2017-10-17 14:30:00,107.64,108.21,107.57,107.74,163867
2017-10-17 15:30:00,107.74,108.03,107.695,108.02,174590
2017-10-18 09:30:00,108.19,108.29,106.12,106.71,222739
2017-10-18 10:30:00,106.75,107.224,106.6661,107.16,139453
2017-10-18 11:30:00,107.17,107.4763,106.95,107.4,59809
2017-10-18 12:30:00,107.38,107.849,107.19,107.81,48043
2017-10-18 13:30:00,107.84,108.1734,107.67,108.13,65424
2017-10-18 14:30:00,108.14,108.1582,107.1315,108.1582,109612
2017-10-18 15:30:00,108.16,108.18,107.9,108.09,177239
2017-10-19 09:30:00,106.72,107.49,105.77,107.125,163798
2017-10-19 10:30:00,107.09,107.87,106.86,107.8,149445
2017-10-19 11:30:00,107.8,108.07,107.29,107.5812,79521
2017-10-19 12:30:00,107.55,107.84,107.29,107.78,56480
2017-10-19 13:30:00,107.819,107.95,107.5601,107.75,50401
2017-10-19 14:30:00,107.78,108.04,107.69,107.96,96256
2017-10-19 15:30:00,107.98,108.07,107.9,108.05,80929
2017-10-20 09:30:00,109.06,109.15,108.26,108.34,182049
2017-10-20 10:30:00,108.365,108.58,108.23,108.45,67760
2017-10-20 11:30:00,108.49,108.88,108.24,108.49,73785
2017-10-20 12:30:00,108.47,108.69,108.24,108.6,69962
2017-10-20 13:30:00,108.6099,108.67,108.38,108.5091,42706
2017-10-20 14:30:00,108.53,108.62,107.89,107.89,145030
2017-10-20 15:30:00,107.92,108.34,107.91,108.34,141847
2017-10-23 09:30:00,109.06,109.06,107.66,108.425,129090
2017-10-23 10:30:00,108.435,108.54,108.16,108.32,149085
2017-10-23 11:30:00,108.3,108.465,108.09,108.395,105415
2017-10-23 12:30:00,108.45,108.46,108.16,108.26,91619
2017-10-23 13:30:00,108.22,108.29,107.88,108.02,48160
2017-10-23 14:30:00,108.0251,108.1459,107.78,107.87,253302
2017-10-23 15:30:00,107.86,107.9017,107.45,107.82,226627
2017-10-24 09:30:00,107.76,108.19,107.06,107.39,124454
2017-10-24 10:30:00,107.35,107.45,107.13,107.356,119578
2017-10-24 11:30:00,107.42,107.59,107.28,107.422,89513
2017-10-24 12:30:00,107.43,107.5,107.28,107.33,85988
2017-10-24 13:30:00,107.35,107.44,107.265,107.38,142895
2017-10-24 14:30:00,107.37,107.4,107.11,107.22,96922
2017-10-24 15:30:00,107.2238,107.72,107.21,107.68,156770
2017-10-25 09:30:00,107.36,107.63,106.65,107.24,134528
2017-10-25 10:30:00,107.24,107.32,105.59,106.31,152979
2017-10-25 11:30:00,106.29,106.3,105.27,105.27,95692
2017-10-25 12:30:00,105.27,106.6,105.2,106.53,91558
2017-10-25 13:30:00,106.58,106.76,106.3,106.5051,233179
2017-10-25 14:30:00,106.5,106.76,106.17,106.66,194807
2017-10-25 15:30:00,106.67,106.8,106.47,106.71,166930
2017-10-26 09:30:00,107.04,108.3,106.8,108.19,502079
2017-10-26 10:30:00,108.15,108.82,108.04,108.2456,196080
2017-10-26 11:30:00,108.21,108.695,107.86,108.4612,486329
2017-10-26 12:30:00,108.44,108.57,108.2,108.4,255816
2017-10-26 13:30:00,108.4024,109.78,108.38,109.38,235885
2017-10-26 14:30:00,109.4,109.55,109.097,109.3278,180457
2017-10-26 15:30:00,109.32,109.415,108.47,108.82,363845
2017-10-27 09:30:00,108.19,108.3895,103.6,106.33,660866
2017-10-27 10:30:00,106.33,106.94,105.81,106.4733,286493
2017-10-27 11:30:00,106.48,107.9,106.35,107.63,165801
2017-10-27 12:30:00,107.575,108.41,107.21,108.28,231893
2017-10-27 13:30:00,108.342,109.5,107.0542,108.45,226294
2017-10-27 14:30:00,108.45,108.92,108.26,108.26,292063
2017-10-27 15:30:00,108.15,108.52,107.74,108.05,499755
2017-10-30 09:30:00,108.17,108.64,106.56,106.755,291946
2017-10-30 10:30:00,106.78,107.16,106.45,106.615,283327
2017-10-30 11:30:00,106.65,107.26,106.57,107.1,181986
2017-10-30 12:30:00,107.15,107.8136,107.03,107.531,103484
2017-10-30 13:30:00,107.5433,107.79,107.19,107.35,140251
2017-10-30 14:30:00,107.35,108.02,107.31,107.4526,270435
2017-10-30 15:30:00,107.49,107.75,107.28,107.32,395321
2017-10-31 09:30:00,107.78,108.24,106.85,107.354,378471
2017-10-31 10:30:00,107.295,108.67,107.21,108.24,544138
2017-10-31 11:30:00,108.24,108.8877,107.85,108.72,194837
2017-10-31 12:30:00,108.7155,109.19,108.32,108.84,483477
2017-10-31 13:30:00,108.85,109.12,108.64,109.0076,256051
2017-10-31 14:30:00,109.0,109.63,108.97,109.36,380644
2017-10-31 15:30:00,109.35,109.45,108.75,108.89,292893
2017-12-14 09:30:00,104.15,105.41,103.62,105.32,177718
2017-12-14 10:30:00,105.2813,106.32,105.1,106.24,191449
2017-12-14 11:30:00,106.28,106.2834,105.44,105.65,124616
2017-12-14 12:30:00,105.67,105.67,104.54,104.992,102489
2017-12-14 13:30:00,104.95,105.045,104.36,104.36,97708
2017-12-14 14:30:00,104.3,104.68,104.07,104.165,122358
2017-12-14 15:30:00,104.18,104.54,104.01,104.42,265600
2017-12-15 09:30:00,104.33,105.4654,103.18,105.13,600572
2017-12-15 10:30:00,105.125,105.485,104.77,105.09,151979
2017-12-15 11:30:00,105.09,105.4,104.88,104.99,262926
2017-12-15 12:30:00,105.05,105.53,104.98,105.25,106148
2017-12-15 13:30:00,105.24,105.93,105.24,105.7111,107878
2017-12-15 14:30:00,105.67,106.22,105.63,106.19,115270
2017-12-15 15:30:00,106.16,106.2,105.2,105.63,270927
2017-12-18 09:30:00,109.57,112.22,108.93,111.28,533517
2017-12-18 10:30:00,111.27,111.5,110.87,111.365,143322
2017-12-18 11:30:00,111.32,111.76,111.22,111.41,148414
2017-12-18 12:30:00,111.34,111.67,110.78,110.81,133042
2017-12-18 13:30:00,110.82,111.25,110.75,111.15,121021
2017-12-18 14:30:00,111.17,111.3,110.8,110.83,126131
2017-12-18 15:30:00,110.84,111.24,110.66,111.22,253112
2017-12-19 09:30:00,111.0,111.32,110.26,111.12,214081
2017-12-19 10:30:00,111.1,112.02,110.88,111.72,207878
2017-12-19 11:30:00,111.71,112.05,111.27,111.4,161652
2017-12-19 12:30:00,111.3885,112.06,111.32,111.79,136245
2017-12-19 13:30:00,111.835,112.15,111.66,111.819,140649
2017-12-19 14:30:00,111.7855,111.8,111.27,111.44,147388
2017-12-19 15:30:00,111.48,111.75,111.46,111.62,177027
2017-12-20 09:30:00,113.1,113.61,111.375,111.53,259598
2017-12-20 10:30:00,111.4914,113.59,111.405,113.53,244845
2017-12-20 11:30:00,113.5299,114.45,113.33,114.19,180174
2017-12-20 12:30:00,114.3,114.39,113.561,113.89,159627
2017-12-20 13:30:00,113.9,114.0,112.75,112.91,132298
2017-12-20 14:30:00,112.93,113.15,112.17,112.32,181116
2017-12-20 15:30:00,112.29,112.63,112.25,112.44,210098
2017-12-21 09:30:00,112.5,112.7,109.84,109.89,308884
2017-12-21 10:30:00,109.98,110.08,108.57,109.97,237547
2017-12-21 11:30:00,109.89,109.94,109.08,109.255,74094
2017-12-21 12:30:00,109.23,109.39,109.01,109.222,85822
2017-12-21 13:30:00,109.24,109.35,108.6101,108.65,78745
2017-12-21 14:30:00,108.64,109.0,108.55,108.85,155662
2017-12-21 15:30:00,108.78,108.85,108.5,108.61,182921
2017-12-22 09:30:00,108.79,109.39,107.73,109.39,178694
2017-12-22 10:30:00,109.49,109.49,108.8,109.13,60029
2017-12-22 11:30:00,109.18,109.45,108.8,109.2,49495
2017-12-22 12:30:00,109.2,109.63,109.02,109.02,40722
2017-12-22 13:30:00,109.0,109.59,109.0,109.284,37946
2017-12-22 14:30:00,109.3,109.43,109.07,109.1699,45471
2017-12-22 15:30:00,109.16,109.41,109.09,109.34,98850
2017-12-29 09:30:00,107.83,108.45,106.25,106.625,154188
2017-12-29 10:30:00,106.5801,106.7,105.85,106.02,140751
2017-12-29 11:30:00,106.005,106.09,105.81,105.82,117535
2017-12-29 12:30:00,105.82,106.07,105.82,106.02,76678
2017-12-29 13:30:00,106.03,106.08,105.7,105.91,93318
2017-12-29 14:30:00,105.91,105.99,105.57,105.645,114515
2017-12-29 15:30:00,105.64,105.7,104.94,105.07,246941
2018-01-02 09:30:00,105.76,106.63,105.02,105.34,311249
2018-01-02 10:30:00,105.35,105.96,104.92,105.5,278208
2018-01-02 11:30:00,105.5,105.74,105.26,105.4589,129712
2018-01-02 12:30:00,105.44,105.7,105.01,105.39,146092
2018-01-02 13:30:00,105.4,105.64,104.94,105.59,142669
2018-01-02 14:30:00,105.56,106.2,105.33,105.9019,229906
2018-01-02 15:30:00,105.89,106.36,105.6,106.1,279523
2018-01-03 09:30:00,105.86,106.72,104.98,105.43,445185
2018-01-03 10:30:00,105.49,107.18,105.49,107.12,471921
2018-01-03 11:30:00,107.1,107.21,105.98,106.44,171005
2018-01-03 12:30:00,106.47,107.17,106.34,106.99,189933
2018-01-03 13:30:00,106.9501,107.48,106.54,107.055,207967
2018-01-03 14:30:00,107.0508,107.58,106.9673,107.23,327451
2018-01-03 15:30:00,107.26,107.65,107.19,107.35,334258
2018-01-04 09:30:00,107.95,107.99,106.35,107.4,305596
2018-01-04 10:30:00,107.38,109.48,107.04,108.525,505269
2018-01-04 11:30:00,108.5799,108.78,107.93,108.22,192263
2018-01-04 12:30:00,108.17,108.21,107.42,107.8892,178210
2018-01-04 13:30:00,107.92,108.05,107.38,107.59,156385
2018-01-04 14:30:00,107.59,107.78,107.39,107.49,185029
2018-01-04 15:30:00,107.4873,107.76,107.35,107.55,198191
2018-01-05 09:30:00,108.38,109.265,107.9,108.97,289591
2018-01-05 10:30:00,108.935,110.18,108.91,109.77,183016
2018-01-05 11:30:00,109.7509,109.93,109.5,109.7,93329
2018-01-05 12:30:00,109.7097,110.38,109.67,110.38,106041
2018-01-05 13:30:00,110.33,110.68,110.06,110.34,127033
2018-01-05 14:30:00,110.315,110.42,109.78,109.9223,131976
2018-01-05 15:30:00,109.9,109.985,109.59,109.82,191079
2018-01-08 09:30:00,108.55,110.2,108.5,110.0,148363
2018-01-08 10:30:00,109.95,110.34,109.59,110.2205,86662
2018-01-08 11:30:00,110.22,110.86,110.16,110.57,151484
2018-01-08 12:30:00,110.57,110.74,110.25,110.5727,37158
2018-01-08 13:30:00,110.58,110.94,110.555,110.6621,50267
2018-01-08 14:30:00,110.6764,110.72,110.12,110.14,109916
2018-01-08 15:30:00,110.135,110.41,110.09,110.13,118067
2018-01-16 09:30:00,108.53,109.18,107.62,108.26,160523
2018-01-16 10:30:00,108.14,108.265,107.3,108.0092,155256
2018-01-16 11:30:00,108.01,108.62,107.78,108.235,119544
2018-01-16 12:30:00,108.171,109.2,108.17,109.05,121063
2018-01-16 13:30:00,109.05,109.25,107.71,107.71,146441
2018-01-16 14:30:00,107.77,107.86,107.1,107.76,113068
2018-01-16 15:30:00,107.71,107.975,107.57,107.68,162456
2018-01-17 09:30:00,109.25,110.4,108.67,109.75,384143
2018-01-17 10:30:00,109.75,112.495,109.66,111.76,291516
2018-01-17 11:30:00,111.82,112.71,111.41,112.71,205760
2018-01-17 12:30:00,112.65,113.87,112.0831,113.46,404763
2018-01-17 13:30:00,113.3561,113.8,113.08,113.53,167947
2018-01-17 14:30:00,113.55,114.44,113.43,113.77,186993
2018-01-17 15:30:00,113.77,113.96,113.36,113.49,250915
2018-01-18 09:30:00,112.84,115.83,112.01,114.2275,356933
2018-01-18 10:30:00,114.245,114.73,113.68,113.81,173944
2018-01-18 11:30:00,113.76,113.98,113.29,113.5906,151994
2018-01-18 12:30:00,113.7,114.21,113.3547,114.1316,99366
2018-01-18 13:30:00,114.1202,114.7399,113.5366,114.5,118423
2018-01-18 14:30:00,114.4946,114.79,114.28,114.58,123625
2018-01-18 15:30:00,114.6,114.72,114.42,114.65,190429
2018-01-19 09:30:00,114.75,114.89,113.6105,114.22,264619
2018-01-19 10:30:00,114.05,114.5,113.57,114.48,105202
2018-01-19 11:30:00,114.415,115.05,114.34,114.97,88003
2018-01-19 12:30:00,114.975,115.08,114.51,114.73,74494
2018-01-19 13:30:00,114.77,115.08,114.587,114.939,67418
2018-01-19 14:30:00,114.88,115.08,114.4,115.08,124549
2018-01-19 15:30:00,115.08,115.1284,114.76,115.05,188189
2018-01-22 09:30:00,115.01,115.88,114.375,114.43,187194
2018-01-22 10:30:00,114.48,114.7381,114.15,114.15,143830
2018-01-22 11:30:00,114.21,114.65,114.13,114.3124,164210
2018-01-22 12:30:00,114.29,114.46,113.77,113.85,105645
2018-01-22 13:30:00,113.85,114.39,113.85,114.27,86393
2018-01-22 14:30:00,114.29,114.53,114.07,114.13,101907
2018-01-22 15:30:00,114.1,114.63,114.0,114.59,135905
2018-01-23 09:30:00,114.82,116.3482,114.1,115.42,255156
2018-01-23 10:30:00,115.425,115.72,114.95,115.295,174194
2018-01-23 11:30:00,115.26,115.33,114.7,115.26,65855
2018-01-23 12:30:00,115.31,115.3667,114.75,114.88,104108
2018-01-23 13:30:00,114.89,115.25,114.57,114.57,71723
2018-01-23 14:30:00,114.5852,115.075,114.48,115.075,144405
2018-01-23 15:30:00,115.08,116.16,114.97,116.01,277549
2018-01-24 09:30:00,115.47,116.39,115.13,116.3425,210350
2018-01-24 10:30:00,116.335,116.679,115.13,115.19,124372
2018-01-24 11:30:00,115.15,115.27,114.5,114.881,154570
2018-01-24 12:30:00,114.9393,115.06,113.95,114.51,94976
2018-01-24 13:30:00,114.545,115.32,114.48,115.06,145906
2018-01-24 14:30:00,115.0,115.4,114.76,114.99,156560
2018-01-24 15:30:00,115.0,115.55,114.74,114.94,212062
2018-01-25 09:30:00,117.29,121.65,115.0,115.22,390177
2018-01-25 10:30:00,115.305,116.64,114.16,114.8,177787
2018-01-25 11:30:00,114.8,115.68,114.29,114.69,174752
2018-01-25 12:30:00,114.78,114.78,113.43,114.27,169957
2018-01-25 13:30:00,114.19,114.34,113.6666,113.96,206063
2018-01-25 14:30:00,114.02,114.03,112.84,112.88,257630
2018-01-25 15:30:00,112.84,113.52,112.59,113.09,354732
2018-01-26 09:30:00,111.0,115.37,110.251,114.68,721809
2018-01-26 10:30:00,114.7557,115.72,113.09,114.77,260919
2018-01-26 11:30:00,114.675,114.7976,112.54,113.0,177614
2018-01-26 12:30:00,113.005,113.43,112.64,113.1236,183936
2018-01-26 13:30:00,113.17,113.87,112.99,113.33,177478
2018-01-26 14:30:00,113.26,113.872,112.34,113.675,273346
2018-01-26 15:30:00,113.72,113.88,113.23,113.44,324555
2018-01-29 09:30:00,113.37,113.7299,112.19,112.77,243055
2018-01-29 10:30:00,112.78,113.24,111.31,111.47,291339
2018-01-29 11:30:00,111.525,112.03,111.46,111.9,119979
2018-01-29 12:30:00,111.95,112.4717,111.65,112.171,86302
2018-01-29 13:30:00,112.17,112.26,111.79,111.9765,119386
2018-01-29 14:30:00,111.8874,112.07,111.54,111.55,136527
2018-01-29 15:30:00,111.55,112.58,111.44,112.17,301851
2018-01-30 09:30:00,111.38,112.1,110.551,111.7,356657
2018-01-30 10:30:00,111.74,111.8,110.29,110.95,193969
2018-01-30 11:30:00,110.95,110.96,110.1,110.16,142413
2018-01-30 12:30:00,110.11,110.1936,109.51,109.555,140454
2018-01-30 13:30:00,109.5619,110.2,109.36,109.64,126470
2018-01-30 14:30:00,109.61,109.9099,108.9184,109.53,143527
2018-01-30 15:30:00,109.53,109.86,109.36,109.42,271898
2018-03-19 09:30:00,118.26,119.16,116.12,116.47,919350
2018-03-19 10:30:00,116.47,117.45,114.02,114.12,681893
2018-03-19 11:30:00,114.12,114.2,111.04,112.445,420066
2018-03-19 12:30:00,112.42,112.849,111.36,112.59,276632
2018-03-19 13:30:00,112.58,114.54,112.551,113.82,417069
2018-03-19 14:30:00,113.79,116.2,113.64,115.52,542551
2018-03-19 15:30:00,115.51,116.29,115.06,115.98,618321
2018-03-20 09:30:00,115.71,116.57,114.86,116.33,852132
2018-03-20 10:30:00,116.34,117.619,115.9281,117.56,577908
2018-03-20 11:30:00,117.565,118.71,117.4798,118.63,275279
2018-03-20 12:30:00,118.63,118.78,117.36,117.86,165042
2018-03-20 13:30:00,117.8,117.98,117.61,117.77,163668
2018-03-20 14:30:00,117.76,117.85,117.12,117.205,189605
2018-03-20 15:30:00,117.23,117.46,117.03,117.19,298596
2018-03-21 09:30:00,117.59,119.76,117.45,119.62,273354
2018-03-21 10:30:00,119.62,119.7,119.03,119.54,200965
2018-03-21 11:30:00,119.4,119.8483,118.88,119.03,110313
2018-03-21 12:30:00,119.03,119.64,118.93,119.31,122253
2018-03-21 13:30:00,119.31,119.8199,118.39,118.5578,187092
2018-03-21 14:30:00,118.53,118.9,117.39,118.24,189101
2018-03-21 15:30:00,118.23,118.68,117.99,117.99,243952
2018-03-22 09:30:00,116.09,117.28,115.06,116.32,151857
2018-03-22 10:30:00,116.32,116.36,113.73,113.96,149430
2018-03-22 11:30:00,114.02,114.58,112.98,114.58,167752
2018-03-22 12:30:00,114.669,114.669,113.7,114.51,147666
2018-03-22 13:30:00,114.689,114.8,114.03,114.03,243214
2018-03-22 14:30:00,114.03,114.409,113.48,113.645,240773
2018-03-22 15:30:00,113.64,113.76,112.79,112.93,338717
2018-03-23 09:30:00,113.43,113.85,110.08,110.82,320423
2018-03-23 10:30:00,110.81,111.73,110.59,110.73,396793
2018-03-23 11:30:00,110.67,111.3899,109.95,111.26,134997
2018-03-23 12:30:00,111.34,111.72,110.53,111.335,231729
2018-03-23 13:30:00,111.3,111.58,110.4,111.01,299383
2018-03-23 14:30:00,110.935,111.0899,109.24,109.5,211648
2018-03-23 15:30:00,109.49,109.58,108.16,108.18,306083
2018-03-26 09:30:00,110.69,112.7796,110.1,111.77,467403
2018-03-26 10:30:00,111.7,111.94,110.29,111.21,218752
2018-03-26 11:30:00,111.1201,112.21,110.99,111.5399,135618
2018-03-26 12:30:00,111.39,112.15,111.1,111.85,120589
2018-03-26 13:30:00,111.84,112.4,111.33,112.39,215436
2018-03-26 14:30:00,112.4,112.75,111.99,112.5,304023
2018-03-26 15:30:00,112.5,113.49,112.16,113.33,343094
2018-03-27 09:30:00,114.14,114.8,111.6,112.04,187525
2018-03-27 10:30:00,112.035,112.97,111.66,112.44,148795
2018-03-27 11:30:00,112.49,113.535,111.83,111.86,86658
2018-03-27 12:30:00,111.84,112.14,111.21,111.38,68228
2018-03-27 13:30:00,111.39,111.58,109.53,109.53,120004
2018-03-27 14:30:00,109.5345,110.21,107.89,107.98,210385
2018-03-27 15:30:00,108.0158,108.07,107.0,107.83,293830
2018-04-12 09:30:00,107.29,108.94,107.055,108.76,159028
2018-04-12 10:30:00,108.6982,109.15,107.84,108.64,133075
2018-04-12 11:30:00,108.655,108.99,108.41,108.7053,87163
2018-04-12 12:30:00,108.76,109.48,108.09,108.24,91006
2018-04-12 13:30:00,108.24,109.013,108.16,108.95,77295
2018-04-12 14:30:00,108.975,109.16,108.54,109.068,135779
2018-04-12 15:30:00,109.095,109.36,108.8,109.12,248233
2018-04-13 09:30:00,109.99,110.25,107.63,107.95,135991
2018-04-13 10:30:00,107.86,108.48,107.56,108.13,83701
2018-04-13 11:30:00,108.16,108.56,107.92,108.56,92545
2018-04-13 12:30:00,108.669,108.669,108.22,108.6,71646
2018-04-13 13:30:00,108.52,108.55,107.99,108.0307,65923
2018-04-13 14:30:00,108.0,108.2,106.97,107.19,131550
2018-04-13 15:30:00,107.15,107.78,107.01,107.6,188441
2018-04-16 09:30:00,108.66,108.86,107.19,108.775,212004
2018-04-16 10:30:00,108.82,108.83,107.63,108.04,137615
2018-04-16 11:30:00,108.04,109.23,107.91,109.07,95215
2018-04-16 12:30:00,109.1,109.59,108.59,109.0,89220
2018-04-16 13:30:00,109.0717,109.21,108.71,108.8,73205
2018-04-16 14:30:00,108.83,109.13,108.36,108.67,72858
2018-04-16 15:30:00,108.64,109.0,108.64,108.85,154425
2018-04-17 09:30:00,110.15,110.95,109.33,109.35,187231
2018-04-17 10:30:00,109.34,110.16,109.165,109.79,118364
2018-04-17 11:30:00,109.75,110.025,109.27,109.731,112438
2018-04-17 12:30:00,109.87,110.21,109.6,109.95,67101
2018-04-17 13:30:00,109.95,110.38,109.79,110.31,75946
2018-04-17 14:30:00,110.31,110.979,110.2072,110.61,127001
2018-04-17 15:30:00,110.6,111.05,110.511,110.61,416494
2018-04-18 09:30:00,108.57,109.15,106.56,107.7,275177
2018-04-18 10:30:00,107.65,108.37,107.37,107.965,148855
2018-04-18 11:30:00,107.9865,108.28,107.4,108.22,78077
2018-04-18 12:30:00,108.22,108.32,107.86,108.13,60764
2018-04-18 13:30:00,108.13,108.33,107.65,108.27,76375
2018-04-18 14:30:00,108.28,108.74,107.93,108.51,108750
2018-04-18 15:30:00,108.56,108.56,108.18,108.26,188994
2018-04-19 09:30:00,106.6,106.71,103.41,103.67,361225
2018-04-19 10:30:00,103.72,103.91,102.2,103.505,251402
2018-04-19 11:30:00,103.508,103.508,102.0,102.37,215552
2018-04-19 12:30:00,102.38,103.16,102.04,102.16,128073
2018-04-19 13:30:00,102.17,102.769,101.89,102.1699,136622
2018-04-19 14:30:00,102.07,102.64,101.94,101.94,195735
2018-04-19 15:30:00,101.95,102.66,101.89,102.29,384769
2018-04-20 09:30:00,102.63,103.4,102.0,102.32,386572
2018-04-20 10:30:00,102.39,102.89,101.05,101.095,184824
2018-04-20 11:30:00,101.1,102.49,101.1,101.635,178685
2018-04-20 12:30:00,101.65,102.24,101.2,102.24,117894
2018-04-20 13:30:00,102.26,102.4,101.4,101.55,148766
2018-04-20 14:30:00,101.52,101.52,100.88,101.0,170889
2018-04-20 15:30:00,101.02,101.75,100.96,101.47,225174
2018-04-23 09:30:00,102.26,102.56,100.25,101.55,400249
2018-04-23 10:30:00,101.59,102.46,101.51,102.13,364730
2018-04-23 11:30:00,102.12,102.16,100.65,100.86,185534
2018-04-23 12:30:00,100.81,101.16,100.06,100.83,231493
2018-04-23 13:30:00,100.7501,101.04,100.21,100.68,113852
2018-04-23 14:30:00,100.68,101.06,100.46,101.01,140736
2018-04-23 15:30:00,101.01,101.17,100.78,101.0,286020
2018-04-24 09:30:00,102.43,102.97,100.93,101.22,370259
2018-04-24 10:30:00,101.25,101.99,100.04,100.67,310323
2018-04-24 11:30:00,100.7,101.16,99.21,99.44,226810
2018-04-24 12:30:00,99.34,99.61,98.93,99.33,136535
2018-04-24 13:30:00,99.34,99.51,98.09,98.29,157382
2018-04-24 14:30:00,98.28,99.69,98.05,99.339,194587
2018-04-24 15:30:00,99.34,99.73,98.95,99.55,281845
2018-04-25 09:30:00,99.75,100.49,97.9,98.88,268716
2018-04-25 10:30:00,98.89,99.73,98.61,99.45,225064
2018-04-25 11:30:00,99.43,99.475,98.2,98.67,155480
2018-04-25 12:30:00,98.66,98.98,98.02,98.3101,102564
2018-04-25 13:30:00,98.3348,98.99,98.25,98.51,120546
2018-04-25 14:30:00,98.48,99.24,98.38,98.715,213456
2018-04-25 15:30:00,98.74,98.88,98.05,98.66,341776
2018-04-26 09:30:00,99.47,100.87,99.21,100.87,257201
2018-04-26 10:30:00,100.79,101.04,100.18,100.67,178220
2018-04-26 11:30:00,100.65,100.83,99.7,100.6,196560
2018-04-26 12:30:00,100.62,101.04,99.98,101.03,163703
2018-04-26 13:30:00,101.03,101.1345,100.21,100.41,127410
2018-04-26 14:30:00,100.43,101.1,100.25,100.96,163967
2018-04-26 15:30:00,100.96,101.26,100.82,100.83,331943
2018-04-27 09:30:00,101.57,103.73,100.89,101.22,478971
2018-04-27 10:30:00,101.17,101.54,99.03,101.0,393942
2018-04-27 11:30:00,101.04,101.51,100.48,101.24,307525
2018-04-27 12:30:00,101.215,102.27,101.06,102.04,230805
2018-04-27 13:30:00,102.01,102.16,101.41,101.525,218230
2018-04-27 14:30:00,101.51,102.365,101.38,102.22,358565
2018-04-27 15:30:00,102.22,102.59,101.9,102.2,574452
2018-04-30 09:30:00,102.51,103.24,102.05,102.75,299097
2018-04-30 10:30:00,102.736,102.76,102.1701,102.33,167696
2018-04-30 11:30:00,102.32,102.33,100.89,101.75,108636
2018-04-30 12:30:00,101.71,102.29,101.54,102.285,165534
2018-04-30 13:30:00,102.23,102.4278,101.52,102.05,137594
2018-04-30 14:30:00,102.075,102.33,101.67,102.12,156170
2018-04-30 15:30:00,102.14,102.3779,101.73,101.73,253377
2018-05-01 09:30:00,101.65,102.01,100.67,101.31,224855
2018-05-01 10:30:00,101.24,101.64,100.39,101.48,161651
2018-05-01 11:30:00,101.48,101.56,100.99,101.32,92392
2018-05-01 12:30:00,101.32,101.6183,100.77,101.27,129766
2018-05-01 13:30:00,101.28,102.1876,101.22,101.9,143973
2018-05-01 14:30:00,101.9,102.11,101.67,101.96,170208
2018-05-01 15:30:00,101.95,102.62,101.8734,102.33,276901
2018-06-15 09:30:00,113.16,113.16,111.26,111.95,529874
2018-06-15 10:30:00,112.02,112.42,111.59,112.2,120489
2018-06-15 11:30:00,112.18,112.689,111.89,112.64,117385
2018-06-15 12:30:00,112.64,112.99,112.55,112.95,44073
2018-06-15 13:30:00,112.9,113.12,112.65,113.04,73705
2018-06-15 14:30:00,113.09,113.11,112.66,112.9,79566
2018-06-15 15:30:00,112.9232,113.05,112.77,112.84,156601
2018-06-18 09:30:00,111.38,112.1499,109.89,109.91,196506
2018-06-18 10:30:00,109.89,111.32,109.83,111.155,146976
2018-06-18 11:30:00,111.15,111.68,111.0,111.3,108642
2018-06-18 12:30:00,111.29,111.88,111.18,111.62,134542
2018-06-18 13:30:00,111.62,111.84,111.32,111.7025,62363
2018-06-18 14:30:00,111.6901,112.03,111.6901,111.96,82220
2018-06-18 15:30:00,112.0,112.39,111.93,112.04,177972
2018-06-19 09:30:00,110.42,111.28,109.61,109.65,169920
2018-06-19 10:30:00,109.61,110.44,109.1227,110.31,166454
2018-06-19 11:30:00,110.32,110.73,110.12,110.35,103407
2018-06-19 12:30:00,110.29,110.39,109.81,110.25,64906
2018-06-19 13:30:00,110.23,110.9,110.12,110.68,81601
2018-06-19 14:30:00,110.68,110.82,110.45,110.4964,117115
2018-06-19 15:30:00,110.47,110.69,110.31,110.58,178402
2018-06-20 09:30:00,111.07,111.79,109.42,109.47,178691
2018-06-20 10:30:00,109.47,110.07,109.36,109.69,235188
2018-06-20 11:30:00,109.68,110.03,109.32,109.89,131417
2018-06-20 12:30:00,109.89,110.11,109.555,109.755,174135
2018-06-20 13:30:00,109.78,109.95,109.6,109.9325,77923
2018-06-20 14:30:00,109.95,110.0225,109.541,109.7,133855
2018-06-20 15:30:00,109.7,109.96,109.63,109.76,197061
2018-06-21 09:30:00,110.43,111.1257,109.61,109.88,214218
2018-06-21 10:30:00,109.88,110.85,109.57,110.7213,279708
2018-06-21 11:30:00,110.71,111.33,110.71,111.01,127712
2018-06-21 12:30:00,111.0332,111.0597,110.34,110.57,90173
2018-06-21 13:30:00,110.56,110.63,110.22,110.37,91666
2018-06-21 14:30:00,110.38,110.68,110.01,110.42,92215
2018-06-21 15:30:00,110.4,110.47,110.11,110.3,130530
2018-06-22 09:30:00,108.54,108.96,105.43,105.62,480308
2018-06-22 10:30:00,105.67,105.94,105.29,105.59,321110
2018-06-22 11:30:00,105.57,106.32,105.37,105.76,316984
2018-06-22 12:30:00,105.76,106.52,105.4,106.519,222552
2018-06-22 13:30:00,106.52,107.13,106.45,106.58,183197
2018-06-22 14:30:00,106.61,107.33,106.41,107.3195,292859
2018-06-22 15:30:00,107.31,107.39,106.47,106.51,578740
2018-06-25 09:30:00,105.21,106.285,104.09,104.27,298346
2018-06-25 10:30:00,104.25,104.4199,102.61,102.76,255831
2018-06-25 11:30:00,102.84,102.98,101.74,102.51,262986
2018-06-25 12:30:00,102.52,103.16,102.47,103.09,183194
2018-06-25 13:30:00,103.09,103.95,102.98,103.35,189473
2018-06-25 14:30:00,103.3725,103.78,102.89,103.59,406478
2018-06-25 15:30:00,103.61,104.32,103.46,104.15,311412
2018-07-16 09:30:00,104.7,104.81,104.07,104.485,159262
2018-07-16 10:30:00,104.48,104.66,104.01,104.21,125463
2018-07-16 11:30:00,104.27,104.61,104.15,104.525,91953
2018-07-16 12:30:00,104.52,104.62,104.16,104.21,99258
2018-07-16 13:30:00,104.25,104.4899,104.14,104.19,56641
2018-07-16 14:30:00,104.19,104.28,103.97,104.08,77262
2018-07-16 15:30:00,104.1,104.25,103.96,104.16,171231
2018-07-17 09:30:00,103.62,104.54,103.55,104.39,163119
2018-07-17 10:30:00,104.37,104.93,104.29,104.68,242799
2018-07-17 11:30:00,104.69,105.31,104.52,105.2,185209
2018-07-17 12:30:00,105.2,105.6199,105.0,105.42,419695
2018-07-17 13:30:00,105.43,105.69,105.16,105.4361,192743
2018-07-17 14:30:00,105.42,105.69,105.22,105.5,361341
2018-07-17 15:30:00,105.5,106.04,105.37,105.87,205136
2018-07-18 09:30:00,107.7,109.45,107.44,109.09,406589
2018-07-18 10:30:00,109.01,109.8,108.48,109.27,199874
2018-07-18 11:30:00,109.27,109.46,108.91,109.39,106647
2018-07-18 12:30:00,109.41,109.705,109.33,109.4317,124426
2018-07-18 13:30:00,109.44,109.68,109.24,109.551,123080
2018-07-18 14:30:00,109.59,110.82,109.56,110.58,307854
2018-07-18 15:30:00,110.62,110.68,110.13,110.23,334957
2018-07-19 09:30:00,109.21,109.78,107.68,107.88,244031
2018-07-19 10:30:00,107.85,107.93,107.07,107.47,127934
2018-07-19 11:30:00,107.48,108.14,107.36,108.06,122772
2018-07-19 12:30:00,108.06,108.375,107.84,108.19,115633
2018-07-19 13:30:00,108.2131,109.0,108.17,108.61,190823
2018-07-19 14:30:00,108.65,108.91,108.21,108.8,215010
2018-07-19 15:30:00,108.8,108.89,108.32,108.48,177807
2018-07-20 09:30:00,107.88,108.1,106.45,107.23,296662
2018-07-20 10:30:00,107.35,107.72,107.26,107.45,76216
2018-07-20 11:30:00,107.49,107.6,106.98,107.0158,102600
2018-07-20 12:30:00,106.98,107.86,106.97,107.555,94065
2018-07-20 13:30:00,107.54,107.579,107.2,107.3,52239
2018-07-20 14:30:00,107.29,107.33,106.96,107.2296,110587
2018-07-20 15:30:00,107.24,107.39,106.78,106.92,234580
2018-07-23 09:30:00,106.56,106.76,104.68,105.14,160508
2018-07-23 10:30:00,105.13,105.93,104.91,105.68,93105
2018-07-23 11:30:00,105.68,106.77,105.033,106.67,70742
2018-07-23 12:30:00,106.68,106.69,106.18,106.245,105390
2018-07-23 13:30:00,106.28,106.95,106.245,106.95,65723
2018-07-23 14:30:00,106.95,107.03,106.7,106.76,75685
2018-07-23 15:30:00,106.75,107.33,106.7,106.94,193301
2018-07-24 09:30:00,107.67,108.6,107.05,107.29,138956
2018-07-24 10:30:00,107.35,107.4,105.7201,105.835,234927
2018-07-24 11:30:00,105.835,105.95,104.95,105.255,205206
2018-07-24 12:30:00,105.255,105.28,104.25,104.4646,131179
2018-07-24 13:30:00,104.44,104.5125,103.7,103.766,339927
2018-07-24 14:30:00,103.73,104.6,103.66,104.3,240681
2018-07-24 15:30:00,104.28,104.31,103.77,103.97,257102
2018-07-25 09:30:00,103.95,104.52,101.43,101.95,274499
2018-07-25 10:30:00,102.0,102.39,101.42,101.85,232619
2018-07-25 11:30:00,101.89,103.67,101.72,103.45,130714
2018-07-25 12:30:00,103.435,103.58,102.89,103.0,89352
2018-07-25 13:30:00,102.98,103.52,102.88,103.41,128208
2018-07-25 14:30:00,103.43,103.89,103.28,103.63,240611
2018-07-25 15:30:00,103.611,104.5,103.36,104.44,292448
2018-07-26 09:30:00,104.45,105.37,104.09,104.68,309219
2018-07-26 10:30:00,104.73,105.91,104.64,105.69,178035
2018-07-26 11:30:00,105.72,105.72,104.48,104.63,125018
2018-07-26 12:30:00,104.65,105.29,104.42,105.25,72480
2018-07-26 13:30:00,105.31,105.67,105.0,105.24,98211
2018-07-26 14:30:00,105.23,105.27,104.77,104.97,118407
2018-07-26 15:30:00,105.0,105.3,104.91,105.23,331016
2018-07-27 09:30:00,107.17,107.91,105.61,107.73,243490
2018-07-27 10:30:00,107.76,108.93,107.63,108.24,367114
2018-07-27 11:30:00,108.21,108.41,107.39,107.51,103050
2018-07-27 12:30:00,107.486,107.486,106.29,107.2,82357
2018-07-27 13:30:00,107.2,107.66,106.93,107.2799,91680
2018-07-27 14:30:00,107.25,107.51,107.11,107.26,85117
2018-07-27 15:30:00,107.28,107.96,107.275,107.57,239540
2018-07-30 09:30:00,107.32,108.01,106.16,106.84,129076
2018-07-30 10:30:00,106.74,106.85,105.77,106.81,179211
2018-07-30 11:30:00,106.835,107.23,106.44,107.121,209319
2018-07-30 12:30:00,107.16,107.82,106.83,107.735,143693
2018-07-30 13:30:00,107.735,108.03,107.14,107.23,154787
2018-07-30 14:30:00,107.24,107.768,106.63,106.64,208745
2018-07-30 15:30:00,106.64,106.84,105.42,106.42,638586
2018-07-31 09:30:00,111.89,122.41,111.51,118.0,2206010
2018-07-31 10:30:00,118.02,119.285,117.601,118.24,610880
2018-07-31 11:30:00,118.24,118.71,115.6801,116.77,490674
2018-07-31 12:30:00,116.849,117.74,115.27,116.048,279475
2018-07-31 13:30:00,116.0511,117.49,115.53,117.49,300678
2018-07-31 14:30:00,117.41,117.65,116.94,117.35,290077
2018-07-31 15:30:00,117.35,117.72,117.16,117.42,468026
2018-09-17 09:30:00,104.56,105.0,102.92,103.29,227375
2018-09-17 10:30:00,103.28,105.01,103.22,104.64,155235
2018-09-17 11:30:00,104.71,105.24,104.48,104.9,98020
2018-09-17 12:30:00,104.8934,104.97,104.48,104.5878,88299
2018-09-17 13:30:00,104.56,105.1,104.43,105.0324,127786
2018-09-17 14:30:00,105.01,105.04,103.74,103.74,164794
2018-09-17 15:30:00,103.79,103.85,103.03,103.26,285143
2018-09-18 09:30:00,103.7,104.9597,103.13,103.44,249917
2018-09-18 10:30:00,103.41,103.84,103.16,103.68,128991
2018-09-18 11:30:00,103.6561,103.8,103.29,103.31,131482
2018-09-18 12:30:00,103.28,103.545,102.97,103.06,119342
2018-09-18 13:30:00,103.09,104.21,103.04,104.01,230028
2018-09-18 14:30:00,104.019,104.15,103.51,103.68,163409
2018-09-18 15:30:00,103.68,103.78,103.51,103.57,258996
2018-09-19 09:30:00,103.8,104.05,102.42,102.81,219769
2018-09-19 10:30:00,102.82,103.32,102.73,103.04,141454
2018-09-19 11:30:00,103.03,103.1,102.42,102.47,117277
2018-09-19 12:30:00,102.47,102.6,101.9,102.12,222241
2018-09-19 13:30:00,102.13,102.54,102.07,102.4751,163013
2018-09-19 14:30:00,102.47,102.7512,102.41,102.59,172030
2018-09-19 15:30:00,102.59,102.7177,102.0,102.45,402267
2018-09-20 09:30:00,103.33,103.9,103.2106,103.8,432870
2018-09-20 10:30:00,103.8,103.96,103.47,103.73,301316
2018-09-20 11:30:00,103.72,104.27,103.66,103.98,248100
2018-09-20 12:30:00,103.99,104.63,103.89,104.2,420060
2018-09-20 13:30:00,104.23,104.45,103.05,103.16,178218
2018-09-20 14:30:00,103.165,103.88,103.16,103.76,200129
2018-09-20 15:30:00,103.76,103.92,103.66,103.91,337936
2018-09-21 09:30:00,104.72,105.26,103.54,104.39,725568
2018-09-21 10:30:00,104.37,105.455,104.16,105.4,173376
2018-09-21 11:30:00,105.44,105.44,104.91,104.98,164248
2018-09-21 12:30:00,104.99,105.08,104.56,104.56,147051
2018-09-21 13:30:00,104.58,105.07,104.51,104.835,88956
2018-09-21 14:30:00,104.85,104.97,104.19,104.45,133580
2018-09-21 15:30:00,104.45,104.59,103.98,104.51,554157
2018-09-24 09:30:00,103.44,104.52,103.01,104.47,161036
2018-09-24 10:30:00,104.45,105.13,104.4,104.96,118969
2018-09-24 11:30:00,104.97,105.11,104.62,104.68,61091
2018-09-24 12:30:00,104.68,104.72,103.82,103.88,86957
2018-09-24 13:30:00,103.9299,104.51,103.905,104.27,111653
2018-09-24 14:30:00,104.27,104.49,104.135,104.48,120464
2018-09-24 15:30:00,104.48,104.71,104.31,104.38,186751
2018-09-25 09:30:00,104.22,104.4,102.65,103.25,159795
2018-09-25 10:30:00,103.29,103.4,102.47,102.698,112903
2018-09-25 11:30:00,102.69,102.97,102.33,102.35,107715
2018-09-25 12:30:00,102.36,102.48,102.065,102.3356,241595
2018-09-25 13:30:00,102.34,102.719,102.27,102.719,119505
2018-09-25 14:30:00,102.6911,102.79,102.38,102.58,101670
2018-09-25 15:30:00,102.58,102.7,102.29,102.36,153991
2018-10-15 09:30:00,93.07,93.52,91.04,91.65,368891
2018-10-15 10:30:00,91.62,92.15,91.17,92.03,192824
2018-10-15 11:30:00,92.08,92.33,91.49,91.82,175314
2018-10-15 12:30:00,91.805,92.31,91.69,91.98,94010
2018-10-15 13:30:00,91.98,93.19,91.83,91.865,113177
2018-10-15 14:30:00,91.85,92.28,91.3,91.32,163162
2018-10-15 15:30:00,91.3,91.57,91.07,91.08,268402
2018-10-16 09:30:00,92.82,92.82,90.9,91.39,268870
2018-10-16 10:30:00,91.37,92.2399,91.16,92.07,180222
2018-10-16 11:30:00,92.06,92.23,91.7,91.87,98137
2018-10-16 12:30:00,91.86,92.41,91.75,92.31,73900
2018-10-16 13:30:00,92.34,92.97,92.2399,92.83,130544
2018-10-16 14:30:00,92.86,93.14,92.68,92.69,216595
2018-10-16 15:30:00,92.692,93.01,92.253,92.96,451871
2018-10-17 09:30:00,96.87,97.0,93.43,93.88,498932
2018-10-17 10:30:00,93.87,94.21,93.21,93.77,396086
2018-10-17 11:30:00,93.82,94.82,93.72,94.64,132296
2018-10-17 12:30:00,94.64,95.16,94.36,94.4,144275
2018-10-17 13:30:00,94.44,94.59,92.96,94.04,129304
2018-10-17 14:30:00,93.98,94.29,93.88,94.2228,194911
2018-10-17 15:30:00,94.2004,94.21,93.55,93.83,279550
2018-10-18 09:30:00,93.29,93.61,92.3,92.83,209264
2018-10-18 10:30:00,92.825,92.9899,91.79,91.92,160783
2018-10-18 11:30:00,91.93,92.02,91.32,91.901,163347
2018-10-18 12:30:00,91.9,92.28,91.27,91.3149,198502
2018-10-18 13:30:00,91.39,91.86,91.27,91.5525,129322
2018-10-18 14:30:00,91.5558,91.84,91.07,91.43,194507
2018-10-18 15:30:00,91.43,91.8106,91.17,91.35,319905
2018-10-19 09:30:00,91.67,92.79,91.52,92.455,404042
2018-10-19 10:30:00,92.455,92.83,92.39,92.47,242560
2018-10-19 11:30:00,92.46,92.51,90.5077,90.75,446870
2018-10-19 12:30:00,90.7,90.96,90.3,90.7055,137696
2018-10-19 13:30:00,90.65,91.0288,90.1,90.81,78669
2018-10-19 14:30:00,90.83,91.425,90.69,91.38,156255
2018-10-19 15:30:00,91.38,91.8358,90.8,90.8,265230
2018-10-22 09:30:00,92.73,92.73,89.24,89.4384,539048
2018-10-22 10:30:00,89.445,90.38,89.28,90.12,332128
2018-10-22 11:30:00,90.08,90.18,89.09,89.23,104604
2018-10-22 12:30:00,89.26,90.81,89.21,89.6727,131501
2018-10-22 13:30:00,89.62,90.02,89.55,89.72,159829
2018-10-22 14:30:00,89.67,90.6,89.62,90.53,276465
2018-10-22 15:30:00,90.51,90.74,90.22,90.27,258606
2018-10-23 09:30:00,87.87,88.69,87.02,87.41,406424
2018-10-23 10:30:00,87.48,89.05,87.2,88.84,155858
2018-10-23 11:30:00,88.9,89.7,88.5567,89.59,98051
2018-10-23 12:30:00,89.6,90.34,89.59,90.04,112054
2018-10-23 13:30:00,90.04,90.4,89.7,90.06,79792
2018-10-23 14:30:00,90.1407,90.83,90.1,90.75,116299
2018-10-23 15:30:00,90.725,90.77,88.9813,90.5,277735
2018-10-24 09:30:00,89.21,89.58,88.05,88.9246,372132
2018-10-24 10:30:00,88.94,89.04,88.31,88.32,267007
2018-10-24 11:30:00,88.35,89.53,88.01,89.26,148192
2018-10-24 12:30:00,89.3,89.41,88.345,88.42,135473
2018-10-24 13:30:00,88.43,89.44,88.2,89.3899,230762
2018-10-24 14:30:00,89.37,89.57,87.4,87.42,226412
2018-10-24 15:30:00,87.41,87.54,85.88,85.95,422823
2018-10-25 09:30:00,87.54,88.322,87.05,88.03,148083
2018-10-25 10:30:00,88.0189,88.09,87.0,87.92,178299
2018-10-25 11:30:00,87.94,88.31,87.61,87.68,93473
2018-10-25 12:30:00,87.74,88.39,86.0,88.38,136768
2018-10-25 13:30:00,88.35,89.0,88.1515,88.88,81379
2018-10-25 14:30:00,88.93,89.58,88.6,89.01,328353
2018-10-25 15:30:00,89.01,89.17,88.3744,89.04,316043
2018-10-26 09:30:00,87.0,88.4,86.0,86.9,335506
2018-10-26 10:30:00,86.9,88.11,86.09,87.97,276236
2018-10-26 11:30:00,87.93,88.49,87.35,87.56,306487
2018-10-26 12:30:00,87.53,89.06,87.45,88.55,288983
2018-10-26 13:30:00,88.52,88.66,87.91,88.25,292213
2018-10-26 14:30:00,88.24,88.52,87.23,87.67,360649
2018-10-26 15:30:00,87.6636,87.93,87.18,87.21,513205
2018-10-29 09:30:00,88.67,89.66,87.35,88.35,308775
2018-10-29 10:30:00,88.36,88.68,87.88,88.155,212363
2018-10-29 11:30:00,88.17,88.61,87.52,87.83,226985
2018-10-29 12:30:00,87.81,88.73,87.71,88.56,165290
2018-10-29 13:30:00,88.56,88.72,87.0,87.2902,228623
2018-10-29 14:30:00,87.295,87.35,85.51,85.63,349168
2018-10-29 15:30:00,85.62,85.92,84.59,85.71,436451
2018-10-30 09:30:00,88.5,92.477,87.01,90.82,766235
2018-10-30 10:30:00,90.82,91.36,88.76,90.705,395572
2018-10-30 11:30:00,90.64,91.35,90.4,90.96,235425
2018-10-30 12:30:00,90.96,91.55,89.95,90.395,288584
2018-10-30 13:30:00,90.36,90.45,89.56,89.81,210433
2018-10-30 14:30:00,89.86,91.2899,89.67,91.21,281853
2018-10-30 15:30:00,91.18,91.72,90.93,91.6,414467
2018-12-13 09:30:00,93.86,94.48,92.5536,93.655,188750
2018-12-13 10:30:00,93.655,93.96,93.1,93.695,99147
2018-12-13 11:30:00,93.61,93.88,92.57,92.71,106714
2018-12-13 12:30:00,92.71,93.18,92.66,92.82,101908
2018-12-13 13:30:00,92.82,93.24,92.06,92.32,97187
2018-12-13 14:30:00,92.3529,92.68,92.02,92.39,109054
2018-12-13 15:30:00,92.39,93.02,92.34,92.67,220387
2018-12-14 09:30:00,91.13,91.95,90.44,91.49,452371
2018-12-14 10:30:00,91.48,91.69,91.04,91.2,196023
2018-12-14 11:30:00,91.24,91.47,90.09,90.4701,195052
2018-12-14 12:30:00,90.53,91.01,90.2,90.84,191405
2018-12-14 13:30:00,90.81,92.68,90.55,90.81,95871
2018-12-14 14:30:00,90.8201,90.9181,89.85,89.99,169230
2018-12-14 15:30:00,89.99,90.04,89.48,89.49,379390
2018-12-17 09:30:00,89.44,90.46,88.9,90.255,280068
2018-12-17 10:30:00,90.26,90.88,89.83,90.7,185118
2018-12-17 11:30:00,90.7,91.23,90.44,90.86,157198
2018-12-17 12:30:00,90.82,90.87,89.26,89.67,236950
2018-12-17 13:30:00,89.67,90.1451,89.04,89.38,124038
2018-12-17 14:30:00,89.43,89.83,88.58,88.725,251102
2018-12-17 15:30:00,88.75,89.07,88.3,88.97,393392
2018-12-18 09:30:00,90.13,92.88,89.465,92.67,236046
2018-12-18 10:30:00,92.71,93.13,91.17,91.34,220863
2018-12-18 11:30:00,91.31,91.9,90.98,91.82,217860
2018-12-18 12:30:00,91.87,92.185,91.43,91.51,130373
2018-12-18 13:30:00,91.4839,91.69,90.85,91.16,132665
2018-12-18 14:30:00,91.12,91.3059,89.65,89.78,467178
2018-12-18 15:30:00,89.82,90.38,89.81,90.02,488813
2018-12-19 09:30:00,89.64,92.01,88.8068,91.25,271045
2018-12-19 10:30:00,91.26,91.5,90.02,90.48,208685
2018-12-19 11:30:00,90.44,91.09,90.17,90.95,151375
2018-12-19 12:30:00,90.94,91.16,90.45,90.745,130998
2018-12-19 13:30:00,90.83,91.26,89.04,89.61,340954
2018-12-19 14:30:00,89.6,91.0379,86.52,86.62,750099
2018-12-19 15:30:00,86.67,88.8937,86.3,86.92,380293
2018-12-20 09:30:00,86.99,88.15,86.27,86.68,519830
2018-12-20 10:30:00,86.68,86.91,86.06,86.23,301249
2018-12-20 11:30:00,86.25,86.78,85.78,86.21,217011
2018-12-20 12:30:00,86.18,86.41,85.56,85.785,133783
2018-12-20 13:30:00,85.78,86.01,84.83,85.67,183004
2018-12-20 14:30:00,85.61,86.8768,85.55,86.475,221811
2018-12-20 15:30:00,86.46,86.66,85.62,85.89,267072
2018-12-21 09:30:00,87.0,88.73,86.31,88.23,931939
2018-12-21 10:30:00,88.23,88.23,86.29,87.01,163318
2018-12-21 11:30:00,87.03,87.28,86.04,86.05,329883
2018-12-21 12:30:00,86.04,87.17,85.81,86.82,148021
2018-12-21 13:30:00,86.82,87.14,85.6501,86.03,139244
2018-12-21 14:30:00,86.03,86.18,85.06,85.11,216327
2018-12-21 15:30:00,85.115,85.85,84.61,85.82,883769
2019-01-14 09:30:00,93.3,93.8399,91.76,92.76,276608
2019-01-14 10:30:00,92.75,92.97,92.14,92.33,90217
2019-01-14 11:30:00,92.348,93.49,92.34,93.19,128676
2019-01-14 12:30:00,93.25,93.25,92.72,92.94,63454
2019-01-14 13:30:00,92.97,93.07,92.26,92.315,70387
2019-01-14 14:30:00,92.28,92.91,92.26,92.73,56143
2019-01-14 15:30:00,92.72,92.91,92.35,92.41,107847
2019-01-15 09:30:00,92.99,93.79,92.315,92.52,147393
2019-01-15 10:30:00,92.58,92.7,91.6,92.18,102998
2019-01-15 11:30:00,92.18,92.92,92.02,92.78,68102
2019-01-15 12:30:00,92.8,92.85,92.34,92.35,45747
2019-01-15 13:30:00,92.38,92.6799,91.92,91.92,61712
2019-01-15 14:30:00,91.9,92.5699,91.81,92.46,61558
2019-01-15 15:30:00,92.4581,92.62,92.4,92.52,143992
2019-01-16 09:30:00,91.92,93.02,91.41,92.11,212758
2019-01-16 10:30:00,92.18,92.39,91.7,92.3,132970
2019-01-16 11:30:00,92.29,92.59,91.795,91.92,65882
2019-01-16 12:30:00,91.965,92.07,91.65,91.79,52218
2019-01-16 13:30:00,91.77,92.15,91.72,91.935,49044
2019-01-16 14:30:00,91.92,92.17,91.58,91.74,110347
2019-01-16 15:30:00,91.73,91.76,90.79,90.93,313734
2019-01-17 09:30:00,90.39,91.58,89.85,91.13,251406
2019-01-17 10:30:00,91.13,91.58,90.84,91.1955,147595
2019-01-17 11:30:00,91.19,91.75,91.13,91.59,182967
2019-01-17 12:30:00,91.59,91.7,91.2,91.28,78109
2019-01-17 13:30:00,91.29,91.4,90.94,91.03,69408
2019-01-17 14:30:00,91.0618,92.77,90.001,92.63,520225
2019-01-17 15:30:00,92.67,93.01,92.53,92.95,297357
2019-01-18 09:30:00,94.06,96.2,93.5571,95.94,501314
2019-01-18 10:30:00,95.935,97.11,95.7,96.4677,278011
2019-01-18 11:30:00,96.455,96.85,95.9401,96.465,126049
2019-01-18 12:30:00,96.44,96.72,95.77,95.8677,144141
2019-01-18 13:30:00,96.02,96.51,95.67,95.77,129598
2019-01-18 14:30:00,95.7882,95.92,95.53,95.76,98940
2019-01-18 15:30:00,95.78,96.2237,95.5079,95.74,177745
2019-01-22 09:30:00,95.18,95.18,93.14,93.41,232059
2019-01-22 10:30:00,93.43,94.04,93.395,93.92,113287
2019-01-22 11:30:00,93.93,94.0499,92.94,93.04,86007
2019-01-22 12:30:00,93.04,93.35,92.76,93.11,109842
2019-01-22 13:30:00,93.08,93.94,93.04,93.35,178687
2019-01-22 14:30:00,93.31,93.44,92.725,93.03,140359
2019-01-22 15:30:00,93.05,93.44,92.58,93.24,197920
2019-01-23 09:30:00,93.83,94.76,92.82,92.82,190840
2019-01-23 10:30:00,92.8555,93.16,92.001,92.14,147431
2019-01-23 11:30:00,92.185,92.25,91.051,91.51,145821
2019-01-23 12:30:00,91.54,92.08,91.22,91.701,120058
2019-01-23 13:30:00,91.68,92.05,91.62,91.88,166666
2019-01-23 14:30:00,91.9,92.01,91.42,91.83,155355
2019-01-23 15:30:00,91.86,91.96,91.605,91.86,130452
2019-01-24 09:30:00,94.72,98.6,93.95,98.48,445315
2019-01-24 10:30:00,98.39,98.56,97.2,98.1,246318
2019-01-24 11:30:00,98.1,98.48,97.75,97.9297,145859
2019-01-24 12:30:00,97.96,98.11,96.76,97.01,151897
2019-01-24 13:30:00,97.0,97.88,96.89,97.8,141850
2019-01-24 14:30:00,97.8,98.35,97.66,98.03,185112
2019-01-24 15:30:00,98.06,98.43,97.87,98.29,311759
2019-01-25 09:30:00,100.02,101.71,100.0,100.9062,390029
2019-01-25 10:30:00,100.97,101.51,100.88,101.1,170247
2019-01-25 11:30:00,101.1,101.98,100.9659,101.93,172357
2019-01-25 12:30:00,101.94,102.33,101.64,102.0047,149113
2019-01-25 13:30:00,102.015,102.22,101.46,101.54,372846
2019-01-25 14:30:00,101.44,102.07,101.351,101.56,204181
2019-01-25 15:30:00,101.56,101.656,101.16,101.37,236417
2019-01-28 09:30:00,99.11,102.32,98.6452,102.3188,434401
2019-01-28 10:30:00,102.295,102.78,101.96,102.23,299484
2019-01-28 11:30:00,102.25,102.37,101.11,101.7,110141
2019-01-28 12:30:00,101.73,101.84,101.17,101.47,120146
2019-01-28 13:30:00,101.5012,101.83,101.13,101.34,150364
2019-01-28 14:30:00,101.35,102.04,101.2885,101.9465,158089
2019-01-28 15:30:00,101.97,102.01,101.62,101.68,231440
2019-01-29 09:30:00,102.4,102.49,100.5,101.4504,228542
2019-01-29 10:30:00,101.525,101.68,100.54,100.865,229347
2019-01-29 11:30:00,100.9513,101.2,100.35,100.94,171710
2019-01-29 12:30:00,101.0099,101.25,100.77,100.8748,148951
2019-01-29 13:30:00,100.93,101.01,100.63,100.91,108757
2019-01-29 14:30:00,100.91,101.5,100.62,101.38,211098
2019-01-29 15:30:00,101.405,101.83,100.99,101.0,500592
2019-03-15 09:30:00,118.49,120.32,117.84,119.53,695659
2019-03-15 10:30:00,119.56,120.06,119.0,119.03,205989
2019-03-15 11:30:00,119.07,119.29,118.83,119.17,132273
2019-03-15 12:30:00,119.17,119.2,118.8,118.98,73382
2019-03-15 13:30:00,118.98,119.49,118.97,119.15,216758
2019-03-15 14:30:00,119.15,119.35,118.9,119.09,175996
2019-03-15 15:30:00,119.08,119.85,118.81,119.68,448141
2019-03-18 09:30:00,119.89,121.68,119.39,120.97,420552
2019-03-18 10:30:00,120.98,121.31,120.14,120.3,191717
2019-03-18 11:30:00,120.3,120.4,119.39,119.6478,270780
2019-03-18 12:30:00,119.6557,120.09,119.59,119.91,68964
2019-03-18 13:30:00,119.925,119.93,119.46,119.65,71534
2019-03-18 14:30:00,119.63,119.83,119.36,119.39,107399
2019-03-18 15:30:00,119.4,119.95,119.38,119.92,291084
2019-03-19 09:30:00,119.99,120.84,119.85,120.64,152982
2019-03-19 10:30:00,120.68,120.99,120.54,120.65,131370
2019-03-19 11:30:00,120.66,120.86,120.31,120.72,88290
2019-03-19 12:30:00,120.68,120.74,119.76,120.2402,128630
2019-03-19 13:30:00,120.25,120.65,119.9,120.33,89908
2019-03-19 14:30:00,120.26,120.45,119.76,119.92,91835
2019-03-19 15:30:00,119.89,120.18,119.8,120.16,173478
2019-03-20 09:30:00,120.33,120.75,119.42,119.67,111229
2019-03-20 10:30:00,119.5901,119.96,119.1501,119.3872,89624
2019-03-20 11:30:00,119.37,119.59,119.09,119.41,71274
2019-03-20 12:30:00,119.4,119.76,119.04,119.6696,92440
2019-03-20 13:30:00,119.68,120.71,119.55,120.66,91178
2019-03-20 14:30:00,120.69,120.89,120.13,120.2,140389
2019-03-20 15:30:00,120.18,120.25,119.7,119.93,218019
2019-03-21 09:30:00,120.04,122.719,119.81,122.555,179973
2019-03-21 10:30:00,122.56,123.38,122.555,123.22,169161
2019-03-21 11:30:00,123.24,123.76,123.07,123.07,140350
2019-03-21 12:30:00,123.14,123.74,123.03,123.74,85235
2019-03-21 13:30:00,123.74,124.3,123.5,124.28,180165
2019-03-21 14:30:00,124.28,124.69,124.15,124.17,174330
2019-03-21 15:30:00,124.19,124.31,123.76,123.8,286261
2019-03-22 09:30:00,122.95,123.979,122.5455,122.625,297739
2019-03-22 10:30:00,122.65,122.9099,122.11,122.35,127956
2019-03-22 11:30:00,122.2,122.4199,121.05,121.11,157675
2019-03-22 12:30:00,121.08,121.6688,120.77,121.1,86977
2019-03-22 13:30:00,121.1,121.24,120.58,120.94,113224
2019-03-22 14:30:00,120.87,121.18,120.59,120.62,153695
2019-03-22 15:30:00,120.63,120.87,120.3,120.53,436478
2019-03-25 09:30:00,120.36,121.0,118.78,119.59,149013
2019-03-25 10:30:00,119.49,120.2322,119.4,120.105,112372
2019-03-25 11:30:00,120.08,120.08,119.41,119.78,65803
2019-03-25 12:30:00,119.74,119.93,119.04,119.57,76893
2019-03-25 13:30:00,119.57,119.67,118.91,119.1,72763
2019-03-25 14:30:00,119.1,119.7,119.0588,119.55,102503
2019-03-25 15:30:00,119.56,119.67,119.25,119.4,189607
2019-04-15 09:30:00,123.52,123.62,121.88,121.88,132678
2019-04-15 10:30:00,121.86,122.16,121.3,121.9262,130363
2019-04-15 11:30:00,121.9152,121.9152,121.3,121.37,94936
2019-04-15 12:30:00,121.39,121.7,121.2,121.68,74028
2019-04-15 13:30:00,121.68,122.03,121.64,121.96,80975
2019-04-15 14:30:00,121.97,122.39,121.96,122.0,138576
2019-04-15 15:30:00,122.02,122.33,121.95,122.25,137643
2019-04-16 09:30:00,122.8,124.25,122.56,124.195,217907
2019-04-16 10:30:00,124.185,124.22,123.74,123.85,168556
2019-04-16 11:30:00,123.85,123.8715,123.4,123.8,143196
2019-04-16 12:30:00,123.805,124.03,123.7761,124.0,116582
2019-04-16 13:30:00,123.9796,124.07,122.25,123.9695,141628
2019-04-16 14:30:00,123.99,124.15,123.56,123.98,296366
2019-04-16 15:30:00,123.98,124.51,123.58,124.46,444056
2019-04-17 09:30:00,125.45,125.84,123.02,123.5,252894
2019-04-17 10:30:00,123.52,123.96,123.1,123.11,185247
2019-04-17 11:30:00,123.11,123.26,122.44,122.89,125717
2019-04-17 12:30:00,122.92,123.15,122.51,122.88,124443
2019-04-17 13:30:00,122.89,124.35,122.87,123.095,129649
2019-04-17 14:30:00,123.11,123.95,123.11,123.485,206826
2019-04-17 15:30:00,123.5,123.84,123.38,123.69,139600
2019-04-18 09:30:00,124.39,124.39,123.23,123.42,267508
2019-04-18 10:30:00,123.42,124.29,123.34,123.94,108587
2019-04-18 11:30:00,123.935,124.22,123.72,124.08,96553
2019-04-18 12:30:00,124.05,124.29,124.0,124.18,69683
2019-04-18 13:30:00,124.18,124.57,124.1,124.47,68363
2019-04-18 14:30:00,124.53,124.6,124.23,124.285,93766
2019-04-18 15:30:00,124.26,124.32,123.86,124.2,146654
2019-04-22 09:30:00,123.87,124.0,122.74,123.01,94563
2019-04-22 10:30:00,122.91,123.49,122.9,123.27,76323
2019-04-22 11:30:00,123.274,123.41,123.105,123.2,42029
2019-04-22 12:30:00,123.19,123.3,122.89,122.97,51607
2019-04-22 13:30:00,122.97,123.16,122.86,122.92,71214
2019-04-22 14:30:00,122.94,123.04,122.75,122.935,71355
2019-04-22 15:30:00,122.95,123.21,122.78,123.04,98788
2019-04-23 09:30:00,123.28,123.89,123.08,123.62,115247
2019-04-23 10:30:00,123.64,123.68,122.79,122.97,117502
2019-04-23 11:30:00,122.93,123.41,122.68,123.25,180089
2019-04-23 12:30:00,123.28,123.29,122.87,122.99,82964
2019-04-23 13:30:00,122.985,123.015,122.58,122.865,87095
2019-04-23 14:30:00,122.85,123.36,122.81,123.22,132338
2019-04-23 15:30:00,123.21,123.24,122.59,123.24,208908
2019-04-24 09:30:00,123.52,125.465,123.01,125.42,140616
2019-04-24 10:30:00,125.39,127.42,125.13,126.4568,177895
2019-04-24 11:30:00,126.48,126.715,125.4239,126.07,136208
2019-04-24 12:30:00,126.06,126.63,125.98,126.55,121284
2019-04-24 13:30:00,126.51,126.75,126.24,126.38,82967
2019-04-24 14:30:00,126.36,126.75,126.32,126.39,110152
2019-04-24 15:30:00,126.43,126.4314,125.54,125.56,249308
2019-04-25 09:30:00,127.12,128.23,123.91,124.56,335571
2019-04-25 10:30:00,124.56,126.35,124.42,126.225,225424
2019-04-25 11:30:00,126.26,126.36,125.77,125.811,151194
2019-04-25 12:30:00,125.845,126.11,125.57,125.71,113549
2019-04-25 13:30:00,125.74,125.87,125.24,125.445,76560
2019-04-25 14:30:00,125.45,125.47,125.24,125.38,116701
2019-04-25 15:30:00,125.44,125.5999,125.32,125.41,139681
2019-04-26 09:30:00,124.29,125.37,123.28,124.66,293678
2019-04-26 10:30:00,124.705,125.41,124.48,125.02,148817
2019-04-26 11:30:00,125.035,125.035,124.49,124.8298,102393
2019-04-26 12:30:00,124.85,124.94,124.51,124.745,94212
2019-04-26 13:30:00,124.72,125.41,124.64,125.05,74922
2019-04-26 14:30:00,125.06,125.46,124.83,125.385,111973
2019-04-26 15:30:00,125.37,125.88,125.33,125.84,186687
2019-04-29 09:30:00,125.54,126.37,124.68,125.44,149536
2019-04-29 10:30:00,125.44,126.45,125.29,125.73,171910
2019-04-29 11:30:00,125.68,126.0581,125.2801,125.66,189464
2019-04-29 12:30:00,125.69,126.04,125.29,125.62,93961
2019-04-29 13:30:00,125.56,126.07,125.56,125.96,95638
2019-04-29 14:30:00,125.945,126.3615,125.9,126.03,174857
2019-04-29 15:30:00,126.04,126.24,125.87,126.06,206799
2019-04-30 09:30:00,126.05,127.1,125.71,126.72,189041
2019-04-30 10:30:00,126.7474,127.04,126.04,126.22,272581
2019-04-30 11:30:00,126.24,126.96,126.2166,126.9547,109816
2019-04-30 12:30:00,126.94,127.11,126.54,126.55,67067
2019-04-30 13:30:00,126.51,127.55,126.51,127.26,69738
2019-04-30 14:30:00,127.27,127.43,127.12,127.18,89011
2019-04-30 15:30:00,127.17,127.63,127.11,127.48,188244
2019-05-13 09:30:00,110.62,111.68,109.24,109.64,372472
2019-05-13 10:30:00,109.655,110.235,108.83,108.86,188722
2019-05-13 11:30:00,108.91,109.33,108.53,109.18,164554
2019-05-13 12:30:00,109.2326,109.51,108.14,108.41,171140
2019-05-13 13:30:00,108.38,109.5,108.33,109.1,134925
2019-05-13 14:30:00,109.17,109.5399,108.68,108.9044,164479
2019-05-13 15:30:00,108.91,109.15,108.26,108.82,262451
2019-05-14 09:30:00,109.35,109.8812,108.28,109.525,292739
2019-05-14 10:30:00,109.545,109.78,109.0,109.63,159658
2019-05-14 11:30:00,109.63,109.9,109.12,109.35,117483
2019-05-14 12:30:00,109.32,110.4296,109.29,110.28,142743
2019-05-14 13:30:00,110.28,110.72,110.03,110.58,143558
2019-05-14 14:30:00,110.61,110.91,110.0,110.44,232788
2019-05-14 15:30:00,110.4156,110.4156,109.5,109.53,264175
2019-05-15 09:30:00,108.5,110.08,108.32,109.94,432141
2019-05-15 10:30:00,109.94,110.59,109.6377,110.46,266838
2019-05-15 11:30:00,110.47,111.16,110.07,110.23,161826
2019-05-15 12:30:00,110.23,110.61,110.03,110.13,106909
2019-05-15 13:30:00,110.13,110.91,110.12,110.83,122850
2019-05-15 14:30:00,110.85,111.1,110.64,110.9946,219387
2019-05-15 15:30:00,110.97,110.99,110.31,110.35,319792
2019-05-16 09:30:00,109.73,109.97,108.48,109.09,332533
2019-05-16 10:30:00,109.0516,110.03,109.0516,109.85,221428
2019-05-16 11:30:00,109.84,109.86,109.31,109.67,198397
2019-05-16 12:30:00,109.65,109.86,109.02,109.1102,159355
2019-05-16 13:30:00,109.14,109.2,108.42,109.14,275568
2019-05-16 14:30:00,109.155,109.5112,109.07,109.25,247494
2019-05-16 15:30:00,109.2591,109.2591,108.66,108.77,251168
2019-05-17 09:30:00,107.93,109.92,107.35,109.71,302111
2019-05-17 10:30:00,109.71,110.32,109.22,109.89,163866
2019-05-17 11:30:00,109.92,109.99,109.44,109.655,301180
2019-05-17 12:30:00,109.61,110.26,109.31,109.54,134517
2019-05-17 13:30:00,109.6,109.84,109.36,109.44,151579
2019-05-17 14:30:00,109.44,109.46,108.22,108.48,197212
2019-05-17 15:30:00,108.49,108.74,108.25,108.6,358351
2019-05-20 09:30:00,105.43,107.28,105.42,106.6986,297043
2019-05-20 10:30:00,106.75,107.17,106.2401,106.5997,200149
2019-05-20 11:30:00,106.8,106.99,106.38,106.43,128194
2019-05-20 12:30:00,106.405,106.74,106.35,106.53,135772
2019-05-20 13:30:00,106.515,108.6,105.33,105.37,126463
2019-05-20 14:30:00,105.36,105.57,105.05,105.55,228471
2019-05-20 15:30:00,105.55,105.93,105.47,105.62,310661
2019-05-21 09:30:00,107.03,107.79,106.64,107.63,337716
2019-05-21 10:30:00,107.68,108.4,107.39,108.33,219448
2019-05-21 11:30:00,108.32,108.37,107.67,107.75,241863
2019-05-21 12:30:00,107.75,107.77,107.12,107.165,147935
2019-05-21 13:30:00,107.2412,107.31,106.96,107.07,136457
2019-05-21 14:30:00,107.07,107.2,106.65,106.83,141286
2019-05-21 15:30:00,106.8473,107.05,106.6,106.8,245172
2019-06-20 09:30:00,114.26,114.85,113.17,113.305,146138
2019-06-20 10:30:00,113.23,113.63,113.01,113.38,82845
2019-06-20 11:30:00,113.36,113.69,112.96,113.34,69506
2019-06-20 12:30:00,113.36,113.6052,113.13,113.3674,56686
2019-06-20 13:30:00,113.4,113.76,113.16,113.7,70572
2019-06-20 14:30:00,113.69,113.72,113.16,113.56,75299
2019-06-20 15:30:00,113.55,113.91,113.39,113.83,179387
2019-06-21 09:30:00,113.64,114.42,113.01,113.66,499089
2019-06-21 10:30:00,113.6,114.52,113.42,113.92,107377
2019-06-21 11:30:00,113.9662,114.2399,113.6,113.79,82463
2019-06-21 12:30:00,113.75,113.89,113.58,113.72,91742
2019-06-21 13:30:00,113.7,113.89,113.41,113.41,75272
2019-06-21 14:30:00,113.4,113.63,113.13,113.34,130473
2019-06-21 15:30:00,113.34,115.0,113.15,113.94,512554
2019-06-24 09:30:00,114.33,114.57,113.455,114.385,217539
2019-06-24 10:30:00,114.4,114.47,113.95,114.2,194030
2019-06-24 11:30:00,114.2,114.39,113.8,113.9,102238
2019-06-24 12:30:00,113.905,114.35,113.8113,114.22,105406
2019-06-24 13:30:00,114.21,114.3191,113.85,113.88,111169
2019-06-24 14:30:00,113.88,113.96,113.45,113.45,164068
2019-06-24 15:30:00,113.47,113.68,113.18,113.21,250519
2019-06-25 09:30:00,113.73,114.91,113.16,114.89,201312
2019-06-25 10:30:00,114.85,115.02,114.23,114.49,107805
2019-06-25 11:30:00,114.52,114.74,114.24,114.73,115022
2019-06-25 12:30:00,114.74,115.27,113.22,114.91,270948
2019-06-25 13:30:00,114.88,115.13,113.22,114.47,152932
2019-06-25 14:30:00,114.5,114.52,113.56,113.74,162505
2019-06-25 15:30:00,113.72,113.82,112.96,113.06,247647
2019-06-26 09:30:00,114.97,115.95,113.85,115.59,156159
2019-06-26 10:30:00,115.65,115.92,115.09,115.85,137794
2019-06-26 11:30:00,115.845,115.98,115.41,115.513,125435
2019-06-26 12:30:00,115.5829,116.0,115.43,115.96,120369
2019-06-26 13:30:00,115.955,116.66,115.85,116.56,138663
2019-06-26 14:30:00,116.57,117.08,116.51,116.975,173512
2019-06-26 15:30:00,116.975,117.1,116.73,116.86,317532
2019-06-27 09:30:00,117.32,119.28,117.19,118.16,195132
2019-06-27 10:30:00,118.0819,118.49,117.78,118.01,89564
2019-06-27 11:30:00,117.97,118.11,117.74,117.91,83907
2019-06-27 12:30:00,117.92,118.06,117.83,117.96,53447
2019-06-27 13:30:00,117.97,118.07,117.63,117.97,89196
2019-06-27 14:30:00,117.97,118.12,117.84,117.975,74926
2019-06-27 15:30:00,117.98,118.175,117.7,117.74,166496
2019-06-28 09:30:00,118.94,119.73,117.95,118.4,124335
2019-06-28 10:30:00,118.41,118.72,118.2564,118.36,59812
2019-06-28 11:30:00,118.36,118.87,118.25,118.77,54302
2019-06-28 12:30:00,118.795,118.91,118.48,118.53,77652
2019-06-28 13:30:00,118.53,118.61,118.38,118.47,73256
2019-06-28 14:30:00,118.47,118.66,118.39,118.4249,97607
2019-06-28 15:30:00,118.43,118.48,117.75,118.17,312136
2019-07-15 09:30:00,123.05,123.97,122.62,122.8734,97427
2019-07-15 10:30:00,122.91,123.04,122.48,122.91,93560
2019-07-15 11:30:00,122.9,123.18,122.73,123.085,85957
2019-07-15 12:30:00,123.07,123.09,122.92,123.09,43502
2019-07-15 13:30:00,123.07,123.4,123.01,123.35,80554
2019-07-15 14:30:00,123.37,123.72,123.36,123.635,79827
2019-07-15 15:30:00,123.62,123.84,123.42,123.55,118445
2019-07-16 09:30:00,123.11,123.69,121.6,122.79,139371
2019-07-16 10:30:00,122.83,123.01,122.51,122.955,177927
2019-07-16 11:30:00,122.94,123.37,122.32,122.44,92660
2019-07-16 12:30:00,122.51,123.11,122.46,122.76,73788
2019-07-16 13:30:00,122.77,123.54,122.34,122.47,62000
2019-07-16 14:30:00,122.46,122.76,122.31,122.59,134760
2019-07-16 15:30:00,122.595,122.86,122.45,122.51,135428
2019-07-17 09:30:00,123.94,124.64,122.5,123.92,193899
2019-07-17 10:30:00,123.89,125.41,123.79,125.37,331913
2019-07-17 11:30:00,125.37,125.73,125.15,125.27,189695
2019-07-17 12:30:00,125.28,125.61,125.25,125.465,126351
2019-07-17 13:30:00,125.465,125.62,125.21,125.58,109602
2019-07-17 14:30:00,125.58,125.82,125.3605,125.46,207225
2019-07-17 15:30:00,125.46,125.99,125.415,125.51,330659
2019-07-18 09:30:00,125.5,131.15,125.5,130.72,521116
2019-07-18 10:30:00,130.76,131.31,129.96,130.27,262748
2019-07-18 11:30:00,130.27,131.83,130.19,131.57,228465
2019-07-18 12:30:00,131.58,131.79,130.98,131.52,192398
2019-07-18 13:30:00,131.5159,132.48,125.49,132.39,237765
2019-07-18 14:30:00,132.41,133.76,132.38,133.69,393469
2019-07-18 15:30:00,133.67,133.84,133.34,133.42,498106
2019-07-19 09:30:00,133.02,133.98,132.42,132.615,261674
2019-07-19 10:30:00,132.58,132.745,132.14,132.36,124448
2019-07-19 11:30:00,132.37,132.495,131.68,132.47,145223
2019-07-19 12:30:00,132.44,132.97,132.22,132.945,90586
2019-07-19 13:30:00,132.95,133.41,132.33,132.82,111525
2019-07-19 14:30:00,132.83,132.92,132.22,132.46,107910
2019-07-19 15:30:00,132.46,132.58,131.83,131.95,231588
2019-07-22 09:30:00,133.71,134.5,132.79,133.595,437495
2019-07-22 10:30:00,133.5801,134.79,133.58,134.7472,135960
2019-07-22 11:30:00,134.76,135.32,134.5522,134.63,98339
2019-07-22 12:30:00,134.61,136.0,134.595,135.7,258496
2019-07-22 13:30:00,135.7,136.57,131.96,136.43,177966
2019-07-22 14:30:00,136.41,136.94,135.97,136.74,186695
2019-07-22 15:30:00,136.72,137.27,136.69,137.22,308389
2019-07-23 09:30:00,137.55,138.5273,136.8686,137.95,344149
2019-07-23 10:30:00,137.95,138.02,137.38,137.93,226079
2019-07-23 11:30:00,137.89,138.49,137.59,138.37,146217
2019-07-23 12:30:00,138.395,139.695,138.357,139.61,186365
2019-07-23 13:30:00,139.6144,140.49,137.15,140.1749,210484
2019-07-23 14:30:00,140.2,140.48,140.06,140.43,164495
2019-07-23 15:30:00,140.44,140.7,140.16,140.17,250412
2019-07-24 09:30:00,139.88,142.107,139.69,141.64,224568
2019-07-24 10:30:00,141.71,142.35,141.6,142.2568,168855
2019-07-24 11:30:00,142.27,142.35,141.68,141.98,103478
2019-07-24 12:30:00,141.99,142.43,141.99,142.4,75221
2019-07-24 13:30:00,142.37,142.44,140.17,142.24,93329
2019-07-24 14:30:00,142.28,142.56,142.025,142.52,134365
2019-07-24 15:30:00,142.51,142.66,142.17,142.64,265907
2019-07-25 09:30:00,141.05,141.71,140.1,140.8501,196328
2019-07-25 10:30:00,140.94,142.05,140.86,141.46,96110
2019-07-25 11:30:00,141.42,142.08,141.09,141.285,116895
2019-07-25 12:30:00,141.28,141.3222,140.08,140.19,169566
2019-07-25 13:30:00,140.215,142.65,139.89,139.89,182937
2019-07-25 14:30:00,139.9,140.17,139.17,140.1401,223595
2019-07-25 15:30:00,140.16,140.39,139.62,139.7,278532
2019-07-26 09:30:00,140.35,140.52,139.25,139.7,172292
2019-07-26 10:30:00,139.69,139.93,139.47,139.81,109249
2019-07-26 11:30:00,139.78,140.22,139.4,140.09,96807
2019-07-26 12:30:00,140.14,141.44,140.09,140.77,120957
2019-07-26 13:30:00,140.8,140.86,140.19,140.22,77724
2019-07-26 14:30:00,140.22,140.4,139.84,139.92,107096
2019-07-26 15:30:00,139.93,140.11,139.42,139.5,206086
2019-07-29 09:30:00,139.01,139.705,138.16,139.14,145599
2019-07-29 10:30:00,139.101,139.5,139.0727,139.19,106680
2019-07-29 11:30:00,139.22,139.6,139.1,139.3,109144
2019-07-29 12:30:00,139.3078,139.65,139.17,139.5166,68706
2019-07-29 13:30:00,139.5583,139.7399,139.33,139.56,86538
2019-07-29 14:30:00,139.55,139.805,139.42,139.5649,105131
2019-07-29 15:30:00,139.57,139.81,139.47,139.49,107924
2019-07-30 09:30:00,138.13,139.45,138.0,139.13,67015
2019-07-30 10:30:00,139.15,140.02,139.1086,139.81,59437
2019-07-30 11:30:00,139.86,140.26,139.8,140.0753,37394
2019-07-30 12:30:00,140.13,140.32,139.94,140.15,38970
2019-07-30 13:30:00,140.1587,140.68,140.13,140.57,37576
2019-07-30 14:30:00,140.585,140.83,140.52,140.62,56013
2019-07-30 15:30:00,140.66,140.7487,139.78,139.98,173438
2019-09-23 09:30:00,155.2,158.15,155.08,157.91,174603
2019-09-23 10:30:00,157.8726,158.47,157.5,157.91,147935
2019-09-23 11:30:00,157.9677,158.58,157.76,158.45,94742
2019-09-23 12:30:00,158.45,158.51,158.07,158.44,67959
2019-09-23 13:30:00,158.425,158.63,157.79,157.96,82891
2019-09-23 14:30:00,157.92,158.53,157.78,158.26,86532
2019-09-23 15:30:00,158.26,158.3579,157.44,157.58,147598
2019-09-24 09:30:00,159.31,160.56,157.94,158.1853,329716
2019-09-24 10:30:00,158.18,158.46,156.77,157.86,290629
2019-09-24 11:30:00,157.86,157.885,155.84,156.36,268965
2019-09-24 12:30:00,156.21,156.47,155.5333,156.18,171614
2019-09-24 13:30:00,156.23,157.92,156.23,157.44,103442
2019-09-24 14:30:00,157.52,157.59,155.92,156.17,112453
2019-09-24 15:30:00,156.18,159.3,155.93,156.56,162668
2019-09-25 09:30:00,156.35,157.69,156.08,157.63,238359
2019-09-25 10:30:00,157.5744,159.52,157.4848,158.89,138702
2019-09-25 11:30:00,158.7937,159.56,158.47,159.1776,120240
2019-09-25 12:30:00,159.17,159.5175,158.87,159.455,78319
2019-09-25 13:30:00,159.43,160.02,156.5,160.01,84872
2019-09-25 14:30:00,159.94,160.88,159.83,160.735,155181
2019-09-25 15:30:00,160.73,160.93,160.4801,160.58,236976
2019-09-26 09:30:00,160.97,161.86,159.917,161.05,195215
2019-09-26 10:30:00,160.9897,162.09,160.48,160.95,263499
2019-09-26 11:30:00,160.9802,161.76,160.84,161.7,97677
2019-09-26 12:30:00,161.73,161.82,161.19,161.58,113372
2019-09-26 13:30:00,161.51,162.7,160.59,162.4208,98311
2019-09-26 14:30:00,162.4128,162.63,161.64,162.14,99228
2019-09-26 15:30:00,162.13,162.46,161.41,161.99,183874
2019-09-27 09:30:00,160.16,161.43,158.85,160.44,358495
2019-09-27 10:30:00,160.4305,161.28,160.35,161.01,167772
2019-09-27 11:30:00,160.95,160.964,158.31,159.38,125138
2019-09-27 12:30:00,159.34,159.67,158.57,158.92,103044
2019-09-27 13:30:00,158.87,159.23,157.77,157.9,123867
2019-09-27 14:30:00,157.87,158.63,157.42,158.32,175521
2019-09-27 15:30:00,158.32,158.821,158.21,158.48,217631
2019-09-30 09:30:00,159.46,159.5999,157.61,158.23,168849
2019-09-30 10:30:00,158.37,159.53,158.03,159.415,106647
2019-09-30 11:30:00,159.45,160.23,159.16,160.22,87923
2019-09-30 12:30:00,160.24,160.3,159.49,159.52,66853
2019-09-30 13:30:00,159.5171,159.92,159.31,159.7558,58891
2019-09-30 14:30:00,159.72,159.78,159.14,159.73,93494
2019-09-30 15:30:00,159.67,159.7,159.18,159.46,147094
2019-10-01 09:30:00,160.79,162.49,158.59,159.73,242228
2019-10-01 10:30:00,159.66,159.91,158.53,159.6317,150108
2019-10-01 11:30:00,159.59,159.66,158.31,158.7267,61354
2019-10-01 12:30:00,158.715,158.8,157.84,158.3,69082
2019-10-01 13:30:00,158.3,159.45,157.71,158.5,76934
2019-10-01 14:30:00,158.44,159.45,158.22,158.9,103677
2019-10-01 15:30:00,158.85,158.9,158.12,158.29,112011
2019-10-02 09:30:00,156.2,157.4972,155.34,156.81,255507
2019-10-02 10:30:00,156.78,156.78,155.14,155.22,169485
2019-10-02 11:30:00,155.3299,155.89,154.63,154.69,130583
2019-10-02 12:30:00,154.66,155.12,153.63,155.045,231599
2019-10-02 13:30:00,155.03,155.87,154.49,155.67,130058
2019-10-02 14:30:00,155.67,156.2,155.29,155.4962,132492
2019-10-02 15:30:00,155.49,155.73,154.82,155.0,274114
2019-10-03 09:30:00,155.47,156.66,153.69,155.28,189617
2019-10-03 10:30:00,155.0457,156.47,154.26,155.97,151728
2019-10-03 11:30:00,155.98,156.28,155.64,156.05,84536
2019-10-03 12:30:00,156.05,156.7366,156.03,156.2993,83354
2019-10-03 13:30:00,156.36,157.72,155.05,157.54,196454
2019-10-03 14:30:00,157.5645,157.58,156.37,156.62,89888
2019-10-03 15:30:00,156.62,157.09,156.22,157.07,146659
2019-10-04 09:30:00,156.75,160.22,156.75,159.4223,195663
2019-10-04 10:30:00,159.36,160.42,159.03,160.0899,90006
2019-10-04 11:30:00,160.02,161.1,160.01,160.55,96925
2019-10-04 12:30:00,160.55,160.75,159.99,160.03,88944
2019-10-04 13:30:00,160.06,160.542,156.96,160.41,134780
2019-10-04 14:30:00,160.41,160.73,159.93,160.12,114638
2019-10-04 15:30:00,160.17,161.29,160.08,161.1,302245
2019-10-07 09:30:00,160.74,161.64,160.01,161.09,102911
2019-10-07 10:30:00,161.17,161.7351,161.03,161.4731,129331
2019-10-07 11:30:00,161.49,162.08,161.43,161.68,99360
2019-10-07 12:30:00,161.6,161.9899,161.27,161.5613,77181
2019-10-07 13:30:00,161.57,162.73,161.11,161.6051,101770
2019-10-07 14:30:00,161.64,161.67,160.8,161.2937,85437
2019-10-07 15:30:00,161.3,161.56,160.97,161.05,152203
2019-10-08 09:30:00,158.76,159.37,154.33,155.21,415472
2019-10-08 10:30:00,155.195,156.5959,154.96,156.03,127284
2019-10-08 11:30:00,156.0299,157.18,155.66,156.94,78781
2019-10-08 12:30:00,156.92,157.79,156.58,157.05,115527
2019-10-08 13:30:00,157.04,161.05,156.67,156.74,122640
2019-10-08 14:30:00,156.74,157.48,155.6401,155.86,186706
2019-10-08 15:30:00,155.81,156.12,154.49,154.5,269227
2019-10-14 09:30:00,159.83,160.99,159.14,159.36,123980
2019-10-14 10:30:00,159.425,160.01,159.01,159.11,74679
2019-10-14 11:30:00,159.09,159.53,158.7,158.7,82883
2019-10-14 12:30:00,158.7134,159.04,158.5,158.59,58945
2019-10-14 13:30:00,158.62,159.19,158.26,158.87,106679
2019-10-14 14:30:00,158.7901,159.44,158.55,159.27,95073
2019-10-14 15:30:00,159.24,159.41,158.89,159.0,181586
2019-10-15 09:30:00,160.08,162.29,159.58,162.28,154674
2019-10-15 10:30:00,162.29,163.2,162.08,162.85,120610
2019-10-15 11:30:00,162.85,163.5521,162.5,162.6,99211
2019-10-15 12:30:00,162.61,162.81,162.36,162.51,72603
2019-10-15 13:30:00,162.58,162.99,159.0,162.9,77476
2019-10-15 14:30:00,162.9099,163.2,162.42,162.76,104714
2019-10-15 15:30:00,162.72,162.86,162.43,162.51,128236
2019-10-16 09:30:00,160.8,161.97,159.035,161.85,236376
2019-10-16 10:30:00,161.84,161.88,160.46,160.59,176752
2019-10-16 11:30:00,160.6147,160.68,160.02,160.61,98404
2019-10-16 12:30:00,160.555,160.85,159.72,159.91,136078
2019-10-16 13:30:00,159.91,160.19,159.56,159.85,95410
2019-10-16 14:30:00,159.88,160.56,159.72,159.785,112161
2019-10-16 15:30:00,159.76,159.96,159.5,159.58,206996
2019-10-17 09:30:00,162.49,167.95,161.835,163.83,545635
2019-10-17 10:30:00,163.785,163.835,161.56,161.74,164541
2019-10-17 11:30:00,161.77,162.14,161.4527,161.955,137512
2019-10-17 12:30:00,161.96,162.51,161.8478,162.26,132136
2019-10-17 13:30:00,162.3,162.72,161.6167,161.77,151437
2019-10-17 14:30:00,161.76,161.83,161.03,161.52,188417
2019-10-17 15:30:00,161.47,161.76,161.1441,161.48,171058
2019-10-18 09:30:00,160.63,162.02,159.51,161.06,236759
2019-10-18 10:30:00,161.05,161.22,159.99,160.74,126453
2019-10-18 11:30:00,160.73,160.9,158.29,158.67,107220
2019-10-18 12:30:00,158.66,160.6,158.63,160.13,106614
2019-10-18 13:30:00,160.1685,161.51,160.03,160.335,71093
2019-10-18 14:30:00,160.367,160.92,160.12,160.63,71596
2019-10-18 15:30:00,160.61,160.85,159.55,159.55,281260
2019-10-21 09:30:00,160.97,162.89,159.865,161.6162,351011
2019-10-21 10:30:00,161.62,162.88,161.56,162.525,155329
2019-10-21 11:30:00,162.54,163.36,162.12,163.276,107629
2019-10-21 12:30:00,163.24,163.37,162.38,162.49,111064
2019-10-21 13:30:00,162.47,164.07,162.25,163.8206,245265
2019-10-21 14:30:00,163.86,163.97,162.9,163.44,191194
2019-10-21 15:30:00,163.42,164.29,163.12,164.08,320442
2019-10-22 09:30:00,164.66,164.8509,162.2835,163.16,166849
2019-10-22 10:30:00,163.19,164.0,162.33,162.95,157077
2019-10-22 11:30:00,162.96,163.44,162.53,162.91,105265
2019-10-22 12:30:00,162.94,163.17,162.52,162.7019,127814
2019-10-22 13:30:00,162.7,163.3,162.67,163.04,86912
2019-10-22 14:30:00,163.07,163.14,162.51,162.9751,187702
2019-10-22 15:30:00,162.97,163.22,162.73,162.83,273571
2019-10-23 09:30:00,161.14,162.22,160.4,161.145,157967
2019-10-23 10:30:00,161.18,161.79,160.51,160.96,116749
2019-10-23 11:30:00,160.97,161.2,160.63,160.9418,111087
2019-10-23 12:30:00,160.9,161.23,160.04,160.255,90200
2019-10-23 13:30:00,160.27,160.32,159.19,159.23,116852
2019-10-23 14:30:00,159.25,159.33,158.23,159.02,211107
2019-10-23 15:30:00,159.0,159.11,158.5,158.77,192634
2019-10-24 09:30:00,163.45,167.8,163.45,165.215,552158
2019-10-24 10:30:00,165.19,167.06,165.05,166.9,280859
2019-10-24 11:30:00,166.8876,167.15,166.21,166.4474,153455
2019-10-24 12:30:00,166.42,167.22,166.41,167.03,117548
2019-10-24 13:30:00,167.05,167.46,158.72,167.4159,120810
2019-10-24 14:30:00,167.4,168.05,167.29,168.01,155894
2019-10-24 15:30:00,168.04,168.945,167.88,168.74,309881
2019-10-25 09:30:00,168.02,168.94,166.73,168.45,263760
2019-10-25 10:30:00,168.5,169.46,168.11,169.3424,113637
2019-10-25 11:30:00,169.3569,169.58,168.65,168.91,79430
2019-10-25 12:30:00,168.86,170.27,168.63,170.0246,96637
2019-10-25 13:30:00,170.24,170.28,168.74,169.4522,100194
2019-10-25 14:30:00,169.44,169.8099,169.21,169.73,108756
2019-10-25 15:30:00,169.71,170.32,169.45,170.05,155238
2019-10-28 09:30:00,171.46,172.8,170.9013,172.3231,266791
2019-10-28 10:30:00,172.4002,173.53,172.13,173.1626,160573
2019-10-28 11:30:00,173.2098,174.52,172.9267,173.77,200679
2019-10-28 12:30:00,173.67,174.76,173.05,174.71,172100
2019-10-28 13:30:00,174.76,174.96,169.94,174.17,270812
2019-10-28 14:30:00,174.17,174.54,173.78,174.47,134839
2019-10-28 15:30:00,174.46,175.38,174.1802,174.77,274590
2019-10-29 09:30:00,173.98,175.36,173.52,173.66,247581
2019-10-29 10:30:00,173.66,173.83,171.63,171.93,236220
2019-10-29 11:30:00,171.935,172.34,171.55,172.17,101777
2019-10-29 12:30:00,172.18,172.29,171.44,171.63,109673
2019-10-29 13:30:00,171.65,171.81,162.56,170.91,128085
2019-10-29 14:30:00,170.91,171.1,170.54,170.99,201109
2019-10-29 15:30:00,170.99,171.13,170.19,170.21,310890
2019-12-13 09:30:00,171.45,173.09,170.07,172.2399,199710
2019-12-13 10:30:00,172.07,172.3861,170.1,170.33,123002
2019-12-13 11:30:00,170.26,171.14,170.14,170.85,101858
2019-12-13 12:30:00,171.057,171.67,170.84,171.31,74874
2019-12-13 13:30:00,171.3099,171.55,171.09,171.2001,72054
2019-12-13 14:30:00,171.193,171.6,171.08,171.25,83312
2019-12-13 15:30:00,171.23,171.5899,171.12,171.25,177098
2019-12-16 09:30:00,174.74,175.0,173.12,174.09,223838
2019-12-16 10:30:00,174.1,174.106,173.26,173.829,88461
2019-12-16 11:30:00,173.83,174.15,173.38,174.005,48752
2019-12-16 12:30:00,174.04,174.37,173.86,173.955,116516
2019-12-16 13:30:00,173.9505,174.045,173.39,173.59,121249
2019-12-16 14:30:00,173.61,173.66,172.494,172.515,71339
2019-12-16 15:30:00,172.5,172.83,172.02,172.03,104381
2019-12-17 09:30:00,173.56,175.48,172.0,174.87,306776
2019-12-17 10:30:00,174.87,175.09,173.58,173.67,112285
2019-12-17 11:30:00,173.73,174.92,173.59,174.83,109769
2019-12-17 12:30:00,174.85,175.08,174.66,174.9,83704
2019-12-17 13:30:00,174.87,175.34,172.06,175.135,103417
2019-12-17 14:30:00,175.16,175.8525,175.06,175.72,117927
2019-12-17 15:30:00,175.735,176.12,175.6701,175.96,197051
2019-12-18 09:30:00,175.9,176.95,175.101,176.65,254783
2019-12-18 10:30:00,176.65,177.48,176.44,176.75,127156
2019-12-18 11:30:00,176.8,177.02,176.34,176.85,163398
2019-12-18 12:30:00,176.91,176.99,176.43,176.66,84601
2019-12-18 13:30:00,176.655,176.74,176.03,176.1297,66648
2019-12-18 14:30:00,176.13,176.31,175.35,175.655,93747
2019-12-18 15:30:00,175.67,175.69,175.26,175.26,200946
2019-12-19 09:30:00,175.7,176.38,172.89,173.76,218998
2019-12-19 10:30:00,173.79,173.96,172.86,173.85,134487
2019-12-19 11:30:00,173.89,175.34,173.82,175.06,133567
2019-12-19 12:30:00,175.03,175.54,174.86,175.225,84037
2019-12-19 13:30:00,175.23,175.43,174.809,175.2301,59664
2019-12-19 14:30:00,175.26,175.71,175.16,175.25,74106
2019-12-19 15:30:00,175.267,175.53,175.0,175.46,177329
2019-12-20 09:30:00,176.82,176.99,174.97,176.38,587730
2019-12-20 10:30:00,176.44,177.3672,175.46,176.91,108779
2019-12-20 11:30:00,176.925,177.14,176.31,176.52,97515
2019-12-20 12:30:00,176.52,177.69,176.41,177.595,107731
2019-12-20 13:30:00,177.6,177.84,177.02,177.09,71775
2019-12-20 14:30:00,177.155,177.9,177.1005,177.23,119901
2019-12-20 15:30:00,177.25,177.62,176.97,177.47,244334
2019-12-23 09:30:00,179.06,179.25,177.85,178.75,198565
2019-12-23 10:30:00,178.74,178.83,177.62,177.73,86741
2019-12-23 11:30:00,177.79,179.03,177.76,178.61,84882
2019-12-23 12:30:00,178.57,178.96,178.16,178.96,60715
2019-12-23 13:30:00,178.94,179.07,178.1,178.1779,69969
2019-12-23 14:30:00,178.19,178.25,177.4398,177.4398,95815
2019-12-23 15:30:00,177.455,177.5196,176.9,177.11,159492
2020-01-13 09:30:00,173.99,176.4932,173.36,174.52,100487
2020-01-13 10:30:00,174.54,174.58,173.45,173.77,66441
2020-01-13 11:30:00,173.88,173.95,173.33,173.4125,66457
2020-01-13 12:30:00,173.425,174.34,173.3001,174.29,72351
2020-01-13 13:30:00,174.35,174.73,174.1712,174.7178,42255
2020-01-13 14:30:00,174.665,174.95,174.29,174.4523,59428
2020-01-13 15:30:00,174.44,175.12,174.39,175.11,112330
2020-01-14 09:30:00,175.41,176.29,173.9701,175.435,202433
2020-01-14 10:30:00,175.435,176.38,175.1,175.925,162381
2020-01-14 11:30:00,176.0051,177.76,175.14,177.75,231868
2020-01-14 12:30:00,177.7,178.2299,177.44,177.845,78889
2020-01-14 13:30:00,177.845,178.06,176.14,177.45,96024
2020-01-14 14:30:00,177.44,177.66,176.658,176.86,83294
2020-01-14 15:30:00,176.85,177.61,176.8,177.48,213704
2020-01-15 09:30:00,177.09,177.96,175.85,176.37,115112
2020-01-15 10:30:00,176.37,177.59,176.3459,177.36,127981
2020-01-15 11:30:00,177.37,177.93,176.93,176.9505,58600
2020-01-15 12:30:00,176.995,177.35,176.27,177.23,87161
2020-01-15 13:30:00,177.27,178.71,177.025,178.595,72373
2020-01-15 14:30:00,178.6,178.6311,177.22,177.5075,91510
2020-01-15 15:30:00,177.5109,178.06,177.06,177.99,205304
2020-01-16 09:30:00,179.51,181.63,179.1401,181.44,267446
2020-01-16 10:30:00,181.53,181.83,179.815,180.107,226900
2020-01-16 11:30:00,180.13,180.45,179.84,179.92,79107
2020-01-16 12:30:00,179.9503,180.08,179.0,179.13,81543
2020-01-16 13:30:00,179.1,179.95,179.0995,179.665,65231
2020-01-16 14:30:00,179.65,180.13,179.49,179.75,140822
2020-01-16 15:30:00,179.745,180.95,179.7178,180.92,200582
2020-01-17 09:30:00,180.64,181.0,178.23,179.812,429324
2020-01-17 10:30:00,179.84,179.91,177.33,177.58,136851
2020-01-17 11:30:00,177.61,178.5,177.61,178.18,87805
2020-01-17 12:30:00,178.05,178.6799,177.92,178.56,91381
2020-01-17 13:30:00,178.545,178.79,177.88,178.01,77248
2020-01-17 14:30:00,178.01,178.755102,177.72,178.6849,145672
2020-01-17 15:30:00,178.7,179.2,178.49,178.77,346888
2020-01-21 09:30:00,177.66,180.1,177.2,179.6461,409250
2020-01-21 10:30:00,179.59,180.89,179.12,180.4954,160208
2020-01-21 11:30:00,180.51,180.62,180.14,180.53,114913
2020-01-21 12:30:00,180.53,180.56,179.68,180.05,74606
2020-01-21 13:30:00,180.0481,180.14,178.94,179.46,117061
2020-01-21 14:30:00,179.49,180.46,179.22,179.97,144992
2020-01-21 15:30:00,179.94,180.02,178.51,178.78,346254
2020-01-22 09:30:00,180.22,182.53,179.5,182.455,178286
2020-01-22 10:30:00,182.4086,182.81,181.6,182.3255,94105
2020-01-22 11:30:00,182.33,182.6,181.1802,181.3826,111018
2020-01-22 12:30:00,181.37,181.7799,180.96,181.5,55621
2020-01-22 13:30:00,181.51,182.06,178.81,181.71,103714
2020-01-22 14:30:00,181.68,181.71,180.45,180.66,86224
2020-01-22 15:30:00,180.71,180.79,179.84,180.11,260081
2020-01-23 09:30:00,179.82,180.93,178.96,180.1683,179012
2020-01-23 10:30:00,180.23,180.7,179.68,180.09,117506
2020-01-23 11:30:00,180.16,181.54,180.06,181.37,110835
2020-01-23 12:30:00,181.34,181.54,180.3875,181.16,81887
2020-01-23 13:30:00,181.12,181.96,181.1,181.575,80814
2020-01-23 14:30:00,181.61,182.3,181.476,182.24,110245
2020-01-23 15:30:00,182.26,182.69,182.02,182.56,244818
2020-01-24 09:30:00,183.88,184.5,181.35,181.7,241146
2020-01-24 10:30:00,181.5338,182.8,181.48,182.21,88670
2020-01-24 11:30:00,182.21,182.63,180.44,180.88,109079
2020-01-24 12:30:00,180.91,181.97,180.45,180.56,71833
2020-01-24 13:30:00,180.4693,180.7594,178.52,178.7,79832
2020-01-24 14:30:00,178.73,180.18,178.42,179.78,100778
2020-01-24 15:30:00,179.83,179.86,178.73,179.4,169222
2020-01-27 09:30:00,175.25,175.34,172.41,173.39,209293
2020-01-27 10:30:00,173.36,173.46,170.86,171.96,222206
2020-01-27 11:30:00,171.97,172.94,171.44,172.72,186853
2020-01-27 12:30:00,172.715,173.0,172.16,172.92,114189
2020-01-27 13:30:00,172.89,179.4,171.26,171.55,129593
2020-01-27 14:30:00,171.5599,171.68,169.85,170.48,238662
2020-01-27 15:30:00,170.5,170.77,170.1464,170.31,312432
2020-01-28 09:30:00,171.82,174.31,171.7,173.735,212404
2020-01-28 10:30:00,173.85,175.12,173.705,174.965,91913
2020-01-28 11:30:00,175.0,176.09,174.6852,175.96,63796
2020-01-28 12:30:00,175.98,176.26,175.155,175.155,77286
2020-01-28 13:30:00,175.205,176.0,175.105,175.98,60624
2020-01-28 14:30:00,175.98,176.34,175.89,176.24,98440
2020-01-28 15:30:00,176.27,176.35,175.81,175.93,136534
2020-03-04 09:30:00,156.89,158.18,154.59,157.3,215383
2020-03-04 10:30:00,157.31,157.7448,155.19,156.335,123754
2020-03-04 11:30:00,156.4,157.22,155.28,157.05,99797
2020-03-04 12:30:00,157.0203,158.58,156.55,158.255,79893
2020-03-04 13:30:00,158.3,158.43,153.81,158.235,116271
2020-03-04 14:30:00,158.234,159.54,157.5201,159.54,141163
2020-03-04 15:30:00,159.6,160.7,158.99,160.7,388358
2020-03-05 09:30:00,156.0,158.859,154.02,157.7664,159169
2020-03-05 10:30:00,158.0581,158.895,156.89,158.42,142858
2020-03-05 11:30:00,158.45,158.62,156.9,157.2,138679
2020-03-05 12:30:00,157.21,157.38,155.33,155.92,157952
2020-03-05 13:30:00,155.93,156.74,154.45,154.7586,113773
2020-03-05 14:30:00,154.855,155.91,154.78,155.48,196553
2020-03-05 15:30:00,155.47,157.13,155.35,156.87,482223
2020-03-06 09:30:00,151.61,154.79,151.489,154.64,321544
2020-03-06 10:30:00,154.73,155.23,153.58,153.83,176115
2020-03-06 11:30:00,153.87,154.5299,152.64,153.0601,166151
2020-03-06 12:30:00,153.115,154.59,153.09,153.352,106216
2020-03-06 13:30:00,153.33,156.69,152.62,153.13,234069
2020-03-06 14:30:00,153.14,154.05,152.17,153.31,391476
2020-03-06 15:30:00,153.27,156.15,153.0834,155.72,278494
2020-03-09 09:30:00,144.12,155.68,144.12,145.9,467587
2020-03-09 10:30:00,145.98,147.88,145.18,147.215,259674
2020-03-09 11:30:00,147.3199,150.64,146.8,148.24,177166
2020-03-09 12:30:00,148.33,149.21,147.46,147.79,272986
2020-03-09 13:30:00,147.86,147.875,144.98,145.52,242500
2020-03-09 14:30:00,145.36,147.67,144.84,146.975,260810
2020-03-09 15:30:00,146.91,148.34,144.61,144.83,651543
2020-03-10 09:30:00,149.38,150.0,147.29,148.23,309497
2020-03-10 10:30:00,148.1848,148.79,147.1301,147.3974,355009
2020-03-10 11:30:00,147.4109,150.34,146.69,148.4156,333291
2020-03-10 12:30:00,148.31,148.37,146.64,147.78,246160
2020-03-10 13:30:00,147.71,148.25,145.48,147.4,205952
2020-03-10 14:30:00,147.275,152.14,147.05,151.5,208285
2020-03-10 15:30:00,151.4302,154.77,151.13,154.67,478589
2020-03-11 09:30:00,148.32,152.28,146.4601,150.81,267581
2020-03-11 10:30:00,150.79,151.13,148.53,148.7212,236624
2020-03-11 11:30:00,148.91,149.5,147.36,148.35,236387
2020-03-11 12:30:00,148.38,148.6,146.24,147.1399,289142
2020-03-11 13:30:00,147.09,147.21,143.24,143.48,400489
2020-03-11 14:30:00,143.48,144.7429,142.61,143.76,322715
2020-03-11 15:30:00,143.6695,145.85,143.6,144.9,538894
2020-03-12 09:30:00,134.83,139.01,132.84,137.53,254580
2020-03-12 10:30:00,137.67,138.31,133.91,134.09,279170
2020-03-12 11:30:00,134.15,134.72,131.2,132.76,271181
2020-03-12 12:30:00,132.64,138.25,131.03,134.74,357656
2020-03-12 13:30:00,134.57,135.24,131.66,132.65,285018
2020-03-12 14:30:00,132.5528,133.93,130.0,130.03,347864
2020-03-12 15:30:00,130.0289,130.51,125.25,125.3575,521978
2020-03-20 09:30:00,129.71,132.55,128.0,130.34,584068
2020-03-20 10:30:00,130.16,132.46,127.15,128.19,244326
2020-03-20 11:30:00,128.195,129.71,123.6301,123.94,295588
2020-03-20 12:30:00,123.91,129.28,123.91,128.2,200698
2020-03-20 13:30:00,128.21,130.9299,125.17,126.77,205514
2020-03-20 14:30:00,125.9824,127.07,120.04,121.8001,267333
2020-03-20 15:30:00,122.14,123.28,113.08,114.01,592023
2020-03-23 09:30:00,114.32,118.3399,110.02,118.02,439419
2020-03-23 10:30:00,117.86,120.72,113.1667,113.65,225069
2020-03-23 11:30:00,113.85,115.549,111.75,114.22,269888
2020-03-23 12:30:00,114.1276,119.73,112.9401,116.805,158928
2020-03-23 13:30:00,116.62,118.7,114.02,117.315,194590
2020-03-23 14:30:00,117.19,118.7814,114.0,114.23,309870
2020-03-23 15:30:00,114.285,117.01,112.9,116.36,343286
2020-03-24 09:30:00,124.12,127.68,120.0,127.07,278211
2020-03-24 10:30:00,127.25,133.89,126.84,132.0,344125
2020-03-24 11:30:00,131.825,134.97,131.1,133.84,336117
2020-03-24 12:30:00,133.85,134.94,129.1001,130.9473,203210
2020-03-24 13:30:00,130.7684,132.35,116.36,131.6223,262150
2020-03-24 14:30:00,131.85,134.97,130.96,134.38,264475
2020-03-24 15:30:00,134.44,136.56,133.765,136.4,540021
2020-03-25 09:30:00,135.72,141.42,134.06,136.03,243509
2020-03-25 10:30:00,136.09,139.89,135.473,137.57,142664
2020-03-25 11:30:00,138.0185,140.79,136.78,140.11,142023
2020-03-25 12:30:00,140.21,145.9599,139.08,144.605,180012
2020-03-25 13:30:00,144.605,144.67,136.36,142.2718,221233
2020-03-25 14:30:00,142.19,143.97,140.8701,142.62,166183
2020-03-25 15:30:00,142.77,143.64,136.9,137.47,361366
2020-03-26 09:30:00,140.51,144.8,138.55,143.34,266517
2020-03-26 10:30:00,143.02,145.21,141.46,144.87,261168
2020-03-26 11:30:00,144.7,146.1536,143.09,144.55,221067
2020-03-26 12:30:00,144.6599,145.7849,142.05,142.27,138019
2020-03-26 13:30:00,142.11,145.02,137.47,144.96,192184
2020-03-26 14:30:00,145.04,146.669,144.95,146.669,119524
2020-03-26 15:30:00,146.595,150.47,145.82,149.86,429762
2020-03-27 09:30:00,145.04,146.01,142.09,144.65,365221
2020-03-27 10:30:00,144.75,147.24,143.74,145.58,229867
2020-03-27 11:30:00,145.531,145.87,142.695,144.14,278092
2020-03-27 12:30:00,144.095,146.6,143.99,144.465,104800
2020-03-27 13:30:00,144.405,149.76,144.34,145.66,145947
2020-03-27 14:30:00,145.8,147.0,143.83,146.37,189909
2020-03-27 15:30:00,146.28,146.5,141.31,142.24,603790
2020-03-30 09:30:00,142.12,146.53,142.0,145.12,238578
2020-03-30 10:30:00,145.16,147.86,144.81,146.2,110173
2020-03-30 11:30:00,146.22,147.0,145.0,146.4266,133577
2020-03-30 12:30:00,146.39,147.2,145.88,146.4856,110803
2020-03-30 13:30:00,146.4,147.28,145.76,146.44,183083
2020-03-30 14:30:00,146.43,148.77,146.285,147.715,143679
2020-03-30 15:30:00,147.85,150.57,147.66,149.55,352657
2020-04-13 09:30:00,150.58,151.47,148.14,148.96,131809
2020-04-13 10:30:00,149.01,150.32,148.69,150.1532,87977
2020-04-13 11:30:00,150.1072,151.91,149.3801,151.2748,59656
2020-04-13 12:30:00,151.195,151.195,147.686,150.117,64603
2020-04-13 13:30:00,150.1,151.578,149.97,150.2548,53368
2020-04-13 14:30:00,150.32,151.71,149.72,151.69,105889
2020-04-13 15:30:00,151.75,152.55,151.0,152.09,194865
2020-04-14 09:30:00,155.1,159.78,152.09,159.2167,176956
2020-04-14 10:30:00,159.25,160.37,156.44,158.3669,125714
2020-04-14 11:30:00,158.4373,160.29,158.09,159.885,88144
2020-04-14 12:30:00,159.96,160.1,158.13,159.26,60350
2020-04-14 13:30:00,159.32,161.5,152.09,161.35,105357
2020-04-14 14:30:00,161.48,162.09,160.2896,161.3094,189873
2020-04-14 15:30:00,161.29,162.34,161.05,161.7,227488
2020-04-15 09:30:00,158.2588,158.3,151.19,151.85,402732
2020-04-15 10:30:00,151.86,153.2,151.0205,153.2,142259
2020-04-15 11:30:00,153.25,153.6,151.58,151.98,92409
2020-04-15 12:30:00,152.05,154.4,151.84,153.99,114967
2020-04-15 13:30:00,154.0,154.7,152.91,154.53,67102
2020-04-15 14:30:00,154.465,155.3,153.94,154.2131,100073
2020-04-15 15:30:00,154.21,154.32,153.12,153.22,200117
2020-04-16 09:30:00,158.21,160.75,154.23,156.585,319918
2020-04-16 10:30:00,156.58,158.35,155.9238,157.86,105162
2020-04-16 11:30:00,157.722,157.83,155.25,155.845,129638
2020-04-16 12:30:00,155.77,156.51,154.42,156.26,115462
2020-04-16 13:30:00,156.32,157.41,153.22,157.0,133968
2020-04-16 14:30:00,156.94,157.43,156.08,156.9212,155385
2020-04-16 15:30:00,156.92,157.8,156.53,156.53,303270
2020-04-17 09:30:00,160.55,161.64,158.1,159.28,213358
2020-04-17 10:30:00,159.06,160.14,157.87,158.1199,70906
2020-04-17 11:30:00,158.09,159.26,157.76,158.66,66279
2020-04-17 12:30:00,158.665,160.65,158.66,160.36,74637
2020-04-17 13:30:00,160.4569,161.0,160.11,160.26,80181
2020-04-17 14:30:00,160.22,160.65,159.37,160.538,96485
2020-04-17 15:30:00,160.5379,162.33,160.44,161.06,241196
2020-04-20 09:30:00,158.02,159.925,157.06,159.3935,111254
2020-04-20 10:30:00,159.18,160.34,158.18,158.86,69111
2020-04-20 11:30:00,158.62,159.62,158.24,159.3674,40544
2020-04-20 12:30:00,159.33,160.13,158.78,159.3083,44832
2020-04-20 13:30:00,159.3136,161.21,157.58,157.58,54042
2020-04-20 14:30:00,157.64,158.37,156.33,156.7792,99822
2020-04-20 15:30:00,157.025,157.56,156.035,156.3,119525
2020-04-21 09:30:00,153.12,154.4,151.75,152.91,127797
2020-04-21 10:30:00,152.96,156.3,147.65,148.39,126018
2020-04-21 11:30:00,148.51,149.89,148.16,149.275,93250
2020-04-21 12:30:00,149.24,150.31,148.23,150.1351,101150
2020-04-21 13:30:00,150.155,156.3,149.59,150.745,67595
2020-04-21 14:30:00,150.8,150.83,147.41,148.595,147063
2020-04-21 15:30:00,148.61,149.21,147.54,148.5971,354477
2020-04-22 09:30:00,154.31,154.32,151.29,153.06,166104
2020-04-22 10:30:00,153.12,154.5936,153.12,153.8005,113892
2020-04-22 11:30:00,153.8,154.84,153.65,154.71,93310
2020-04-22 12:30:00,154.72,155.700233,154.39,155.69,71076
2020-04-22 13:30:00,155.645,156.99,155.41,156.765,69538
2020-04-22 14:30:00,156.8,158.3508,156.755,157.88,136694
2020-04-22 15:30:00,157.83,159.36,157.83,158.66,304613
2020-04-23 09:30:00,158.38,159.9371,156.8801,158.848,121449
2020-04-23 10:30:00,158.65,160.5742,158.55,160.02,134497
2020-04-23 11:30:00,160.095,160.85,159.1227,160.69,124819
2020-04-23 12:30:00,160.7,160.81,157.2801,159.185,151439
2020-04-23 13:30:00,159.17,159.64,158.09,158.97,101967
2020-04-23 14:30:00,159.06,159.74,158.27,158.79,73453
2020-04-23 15:30:00,158.74,160.44,158.21,159.32,321148
2020-04-24 09:30:00,160.99,160.99,157.81,159.02,125834
2020-04-24 10:30:00,159.01,160.13,158.771,159.29,51476
2020-04-24 11:30:00,159.25,163.19,159.035,163.06,159231
2020-04-24 12:30:00,163.07,163.46,162.07,162.36,103307
2020-04-24 13:30:00,162.4,165.0,159.45,164.02,262518
2020-04-24 14:30:00,163.88,164.51,162.98,163.965,198613
2020-04-24 15:30:00,163.98,165.58,163.87,164.92,304720
2020-04-27 09:30:00,166.63,169.27,165.86,167.9299,159870
2020-04-27 10:30:00,167.93,168.43,164.64,167.21,169909
2020-04-27 11:30:00,167.17,167.95,166.4,166.52,65407
2020-04-27 12:30:00,166.62,167.15,164.83,165.12,125936
2020-04-27 13:30:00,165.13,166.437,164.83,165.13,84133
2020-04-27 14:30:00,165.11,165.95,164.85,164.92,119566
2020-04-27 15:30:00,164.95,166.36,164.78,166.06,210628
2020-04-28 09:30:00,168.0,170.81,167.66,169.154,241758
2020-04-28 10:30:00,169.13,169.78,165.95,167.43,138505
2020-04-28 11:30:00,167.32,168.01,166.25,166.4565,91021
2020-04-28 12:30:00,166.52,168.28,166.32,168.13,76376
2020-04-28 13:30:00,168.0844,169.98,166.06,168.82,95952
2020-04-28 14:30:00,168.81,168.98,167.3,168.31,128501
2020-04-28 15:30:00,168.17,168.6,166.0,166.17,236010
2020-06-24 09:30:00,192.21,193.21,189.36,190.57,207606
2020-06-24 10:30:00,190.45,191.135,187.46,188.205,296030
2020-06-24 11:30:00,188.4,188.67,185.68,187.02,151110
2020-06-24 12:30:00,187.13,189.445,186.57,187.725,187183
2020-06-24 13:30:00,187.65,189.5,187.2,189.2333,93624
2020-06-24 14:30:00,189.31,190.315,188.69,189.51,160913
2020-06-24 15:30:00,189.58,190.14,188.2,188.44,212475
2020-06-25 09:30:00,190.91,192.0,187.42,189.79,196812
2020-06-25 10:30:00,189.76,190.15,188.0,189.43,98387
2020-06-25 11:30:00,189.49,190.42,188.33,190.06,84281
2020-06-25 12:30:00,190.19,190.77,189.67,190.04,68759
2020-06-25 13:30:00,190.1572,190.61,188.74,188.96,66150
2020-06-25 14:30:00,188.94,191.86,188.31,191.63,107082
2020-06-25 15:30:00,191.68,192.75,190.91,192.45,245976
2020-06-26 09:30:00,192.63,193.2,189.56,190.69,133543
2020-06-26 10:30:00,190.69,190.94,189.22,190.51,132205
2020-06-26 11:30:00,190.6,191.78,189.92,190.915,103628
2020-06-26 12:30:00,190.88,191.37,189.74,190.95,85984
2020-06-26 13:30:00,190.96,192.35,189.62,189.9,75866
2020-06-26 14:30:00,189.91,190.91,189.16,190.7,125342
2020-06-26 15:30:00,190.58,192.26,189.04,189.76,313031
2020-06-29 09:30:00,190.57,191.0,186.4601,189.6102,113834
2020-06-29 10:30:00,189.74,191.26,189.38,191.17,72783
2020-06-29 11:30:00,191.2732,191.28,177.29,190.81,63069
2020-06-29 12:30:00,190.785,191.49,190.37,190.7,46355
2020-06-29 13:30:00,190.7,191.25,189.75,189.95,45975
2020-06-29 14:30:00,189.93,190.44,189.24,190.22,60579
2020-06-29 15:30:00,190.245,191.75,189.872,191.73,141287
2020-06-30 09:30:00,191.01,195.4,190.3219,194.44,221053
2020-06-30 10:30:00,194.55,195.22,193.31,193.55,95085
2020-06-30 11:30:00,193.55,195.86,193.32,195.1,118970
2020-06-30 12:30:00,195.11,195.15,192.62,193.865,147125
2020-06-30 13:30:00,193.91,194.35,191.73,193.76,80358
2020-06-30 14:30:00,193.77,193.9,192.95,193.31,83120
2020-06-30 15:30:00,193.36,195.26,193.17,194.48,236830
2020-07-01 09:30:00,194.69,194.69,191.92,193.68,211910
2020-07-01 10:30:00,193.84,195.27,193.37,194.17,130640
2020-07-01 11:30:00,194.17,195.13,194.12,194.52,186614
2020-07-01 12:30:00,194.53,194.68,193.57,193.9224,114630
2020-07-01 13:30:00,193.95,194.655,193.5,193.99,107978
2020-07-01 14:30:00,194.0,194.485,193.56,194.09,162215
2020-07-01 15:30:00,194.11,194.45,174.61,193.15,210455
2020-07-02 09:30:00,194.57,197.45,194.14,196.75,198595
2020-07-02 10:30:00,196.6,197.2899,194.7,195.0,112646
2020-07-02 11:30:00,195.01,196.8,194.93,196.74,81123
2020-07-02 12:30:00,196.74,197.0799,195.96,197.025,75167
2020-07-02 13:30:00,197.02,198.1,196.75,196.85,129709
2020-07-02 14:30:00,196.91,198.21,196.8,197.93,125293
2020-07-02 15:30:00,197.92,198.21,196.19,196.5,319322
2020-07-13 09:30:00,204.31,207.6,204.06,207.23,175197
2020-07-13 10:30:00,207.09,207.6064,205.97,207.445,136768
2020-07-13 11:30:00,207.38,207.78,206.55,207.205,93773
2020-07-13 12:30:00,207.215,207.29,206.32,206.7901,128416
2020-07-13 13:30:00,206.88,207.05,202.26,203.57,97638
2020-07-13 14:30:00,203.47,205.1,202.17,202.3,128391
2020-07-13 15:30:00,202.33,202.43,199.08,199.57,264727
2020-07-14 09:30:00,197.72,199.54,194.01,196.02,255680
2020-07-14 10:30:00,196.02,199.44,195.88,199.1,248363
2020-07-14 11:30:00,199.1899,200.2395,198.16,198.24,251655
2020-07-14 12:30:00,198.4,199.43,197.2112,199.1,81071
2020-07-14 13:30:00,198.97,200.68,198.87,200.25,123839
2020-07-14 14:30:00,200.39,200.7995,198.45,199.94,214618
2020-07-14 15:30:00,199.98,201.65,199.82,200.89,283314
2020-07-15 09:30:00,201.98,204.87,194.51,196.7201,290660
2020-07-15 10:30:00,196.4771,197.85,195.39,196.4416,206471
2020-07-15 11:30:00,196.42,196.5,194.31,195.32,140316
2020-07-15 12:30:00,195.24,196.5,194.5,196.3242,123499
2020-07-15 13:30:00,196.396,197.4699,195.95,197.12,103654
2020-07-15 14:30:00,197.12,197.22,194.82,195.99,138269
2020-07-15 15:30:00,195.98,196.52,195.45,195.965,306831
2020-07-16 09:30:00,194.27,197.5,192.96,196.35,187862
2020-07-16 10:30:00,196.335,197.49,194.74,195.4696,96312
2020-07-16 11:30:00,195.47,196.23,194.9,194.94,92823
2020-07-16 12:30:00,195.035,196.34,194.891,196.06,84347
2020-07-16 13:30:00,196.01,196.86,195.54,196.82,73713
2020-07-16 14:30:00,196.84,197.19,195.8,196.8,108179
2020-07-16 15:30:00,196.73,197.41,195.69,196.18,233862
2020-07-17 09:30:00,197.15,198.38,195.02,195.38,197401
2020-07-17 10:30:00,195.38,197.32,195.19,197.24,76238
2020-07-17 11:30:00,197.25,197.87,196.23,197.23,69288
2020-07-17 12:30:00,197.24,197.5595,195.82,196.295,58821
2020-07-17 13:30:00,196.28,197.28,195.99,196.72,48391
2020-07-17 14:30:00,196.77,197.2,196.4,196.91,69122
2020-07-17 15:30:00,196.91,197.43,196.64,197.24,123855
2020-07-20 09:30:00,198.1354,199.77,196.53,199.5301,103374
2020-07-20 10:30:00,199.6524,200.31,198.64,200.21,58937
2020-07-20 11:30:00,200.24,201.17,199.9,200.54,60330
2020-07-20 12:30:00,200.54,201.8975,200.4,201.18,72020
2020-07-20 13:30:00,201.25,202.64,201.1601,202.5436,60463
2020-07-20 14:30:00,202.46,203.0,201.648,202.685,118996
2020-07-20 15:30:00,202.705,203.98,202.58,203.02,153607
2020-07-21 09:30:00,203.54,204.715,201.25,201.8,115850
2020-07-21 10:30:00,201.64,202.3199,200.64,201.88,81963
2020-07-21 11:30:00,201.98,202.49,201.51,202.265,73808
2020-07-21 12:30:00,202.2076,203.73,202.12,203.54,79290
2020-07-21 13:30:00,203.41,204.47,203.26,204.4125,98802
2020-07-21 14:30:00,204.48,204.71,202.541,202.6,156984
2020-07-21 15:30:00,202.5901,203.7,202.42,203.68,191353
2020-07-22 09:30:00,204.87,206.9499,203.04,205.258,94547
2020-07-22 10:30:00,205.386,205.77,203.6,204.83,77694
2020-07-22 11:30:00,204.9,205.98,204.7608,205.49,57503
2020-07-22 12:30:00,205.26,206.0843,205.01,205.66,134917
2020-07-22 13:30:00,205.6,205.75,204.64,204.87,117255
2020-07-22 14:30:00,204.96,205.47,204.67,204.8999,81472
2020-07-22 15:30:00,204.93,206.38,204.87,205.95,157355
2020-07-23 09:30:00,205.78,208.9,205.0713,207.33,117147
2020-07-23 10:30:00,207.47,209.325,207.33,209.3,168679
2020-07-23 11:30:00,209.2657,209.3,206.5501,206.965,66853
2020-07-23 12:30:00,206.68,206.97,205.2,205.6438,82945
2020-07-23 13:30:00,205.66,205.84,202.085,203.6582,176631
2020-07-23 14:30:00,203.675,204.87,202.84,204.21,182953
2020-07-23 15:30:00,204.17,204.65,203.2,203.92,184310
2020-07-24 09:30:00,196.47,198.3,187.43,193.68,537986
2020-07-24 10:30:00,193.73,194.1099,190.64,191.33,328365
2020-07-24 11:30:00,191.36,192.78,190.83,191.3313,288553
2020-07-24 12:30:00,191.35,191.35,189.18,190.53,179568
2020-07-24 13:30:00,190.52,190.67,189.42,190.2,264748
2020-07-24 14:30:00,190.215,191.04,187.69,187.95,298375
2020-07-24 15:30:00,187.83,188.6,187.14,188.21,484682
2020-07-27 09:30:00,192.27,195.475,190.0107,194.88,453228
2020-07-27 10:30:00,194.7784,196.21,194.035,194.06,268953
2020-07-27 11:30:00,194.06,196.86,193.73,196.6177,210318
2020-07-27 12:30:00,196.5501,197.9036,195.92,197.7724,116562
2020-07-27 13:30:00,197.69,197.96,196.98,197.6196,115110
2020-07-27 14:30:00,197.68,197.735,196.3,197.65,172343
2020-07-27 15:30:00,197.655,197.73,196.4,197.06,351003
2020-07-28 09:30:00,195.3,197.0,193.96,195.345,173152
2020-07-28 10:30:00,195.47,195.8308,193.441,193.91,133404
2020-07-28 11:30:00,194.0,194.81,193.86,194.635,145201
2020-07-28 12:30:00,194.64,194.67,194.05,194.62,86296
2020-07-28 13:30:00,194.507,195.36,194.32,194.42,137048
2020-07-28 14:30:00,194.5165,194.66,193.03,193.37,113194
2020-07-28 15:30:00,193.4837,193.79,192.19,192.46,241687
2020-09-24 09:30:00,178.08,185.3,178.08,184.7806,268772
2020-09-24 10:30:00,184.77,186.18,183.4731,185.31,175228
2020-09-24 11:30:00,185.285,186.7,184.9501,186.175,81155
2020-09-24 12:30:00,186.185,187.68,185.02,187.39,89735
2020-09-24 13:30:00,187.41,187.57,185.23,185.36,82927
2020-09-24 14:30:00,185.41,186.365,178.96,183.7556,103611
2020-09-24 15:30:00,183.74,185.141,183.44,184.53,160151
2020-09-25 09:30:00,183.71,184.3,181.38,183.97,163879
2020-09-25 10:30:00,184.07,185.705,183.18,185.57,67943
2020-09-25 11:30:00,185.4877,186.55,184.63,186.45,98302
2020-09-25 12:30:00,186.37,187.68,185.78,187.24,75334
2020-09-25 13:30:00,187.21,187.93,186.89,187.56,69825
2020-09-25 14:30:00,187.6237,188.69,187.08,188.31,101509
2020-09-25 15:30:00,188.29,188.3509,187.396,187.9,171984
2020-09-28 09:30:00,186.07,191.0,186.07,190.665,259336
2020-09-28 10:30:00,190.56,192.985,190.42,192.79,110344
2020-09-28 11:30:00,192.77,192.86,187.4601,191.19,219718
2020-09-28 12:30:00,191.21,191.995,190.89,191.795,83508
2020-09-28 13:30:00,191.82,192.79,191.1,191.96,147517
2020-09-28 14:30:00,191.8267,193.57,191.8267,193.16,117807
2020-09-28 15:30:00,193.135,193.695653,192.36,193.24,221671
2020-09-29 09:30:00,194.86,195.89,193.26,194.32,189100
2020-09-29 10:30:00,194.33,194.43,192.59,193.51,119398
2020-09-29 11:30:00,193.46,194.08,192.64,193.332,48391
2020-09-29 12:30:00,193.345,194.11,192.67,193.29,56425
2020-09-29 13:30:00,193.28,193.68,192.8517,193.54,49966
2020-09-29 14:30:00,193.49,194.06,193.33,193.55,65664
2020-09-29 15:30:00,193.61,194.48,193.25,193.33,164579
2020-09-30 09:30:00,192.34,194.9,191.01,194.61,151151
2020-09-30 10:30:00,194.51,195.5299,193.86,194.95,86218
2020-09-30 11:30:00,194.93,195.82,184.54,195.78,71602
2020-09-30 12:30:00,195.79,195.88,194.71,195.1,80408
2020-09-30 13:30:00,195.07,196.4899,194.95,196.12,108603
2020-09-30 14:30:00,196.1,196.4,192.7046,193.83,132365
2020-09-30 15:30:00,193.74,194.74,192.76,193.8,186601
2020-10-01 09:30:00,197.62,198.34,195.73,196.44,200012
2020-10-01 10:30:00,196.3,197.6,195.6,196.52,81752
2020-10-01 11:30:00,196.54,198.23,196.46,198.12,66775
2020-10-01 12:30:00,198.0955,198.66,197.4,198.09,80521
2020-10-01 13:30:00,198.07,198.94,197.48,198.94,99971
2020-10-01 14:30:00,198.87,200.22,198.76,199.01,105185
2020-10-01 15:30:00,198.99,199.34,198.095,199.01,147411
2020-10-02 09:30:00,193.35,196.35,191.95,196.22,177885
2020-10-02 10:30:00,196.11,196.215,192.88,193.98,96950
2020-10-02 11:30:00,193.97,194.07,190.68,192.7,160281
2020-10-02 12:30:00,192.7,193.185,191.58,192.3249,78819
2020-10-02 13:30:00,192.28,193.21,191.145,192.65,88503
2020-10-02 14:30:00,192.77,193.81,192.04,193.17,114301
2020-10-02 15:30:00,193.1,193.36,191.885,192.12,165707
2020-10-12 09:30:00,212.86,214.9696,212.56,214.01,281313
2020-10-12 10:30:00,213.5977,214.73,213.4201,213.93,118601
2020-10-12 11:30:00,213.7948,214.66,213.47,214.41,124188
2020-10-12 12:30:00,214.341,215.46,213.835,214.85,115870
2020-10-12 13:30:00,214.8943,215.76,214.4601,215.71,97478
2020-10-12 14:30:00,215.4165,215.9,214.27,214.64,158569
2020-10-12 15:30:00,214.5185,214.94,213.65,214.67,254286
2020-10-13 09:30:00,215.79,217.68,213.85,217.455,128587
2020-10-13 10:30:00,217.46,220.3,217.1347,219.855,108118
2020-10-13 11:30:00,219.78,220.94,219.15,220.0541,101995
2020-10-13 12:30:00,220.04,221.3,219.83,220.6,86438
2020-10-13 13:30:00,220.56,221.07,218.5,219.01,106407
2020-10-13 14:30:00,218.92,221.525,218.51,221.2577,115863
2020-10-13 15:30:00,221.27,221.75,219.735,220.01,172770
2020-10-14 09:30:00,219.88,223.56,218.25,218.7,313770
2020-10-14 10:30:00,218.87,219.0088,217.01,217.305,157156
2020-10-14 11:30:00,217.39,218.35,215.71,215.99,198605
2020-10-14 12:30:00,215.94,216.3,215.28,216.0921,84705
2020-10-14 13:30:00,216.2099,216.4195,215.35,215.64,161324
2020-10-14 14:30:00,215.64,216.68,215.08,215.91,181578
2020-10-14 15:30:00,215.85,216.55,215.51,215.94,183822
2020-10-15 09:30:00,209.01,213.91,208.111,211.61,348627
2020-10-15 10:30:00,211.68,212.88,210.99,211.93,138590
2020-10-15 11:30:00,212.0115,212.58,210.83,211.13,74409
2020-10-15 12:30:00,211.12,212.3925,210.78,211.95,58729
2020-10-15 13:30:00,212.05,213.36,211.81,212.86,139178
2020-10-15 14:30:00,212.85,213.34,211.81,213.2512,79771
2020-10-15 15:30:00,213.24,213.87,212.86,213.09,134445
2020-10-16 09:30:00,214.15,214.98,210.59,212.055,262645
2020-10-16 10:30:00,212.11,212.16,207.87,208.561,229819
2020-10-16 11:30:00,208.6499,209.33,207.6,209.21,162021
2020-10-16 12:30:00,209.2,209.61,208.38,209.34,88990
2020-10-16 13:30:00,209.4,210.198,209.13,209.86,70857
2020-10-16 14:30:00,209.905,210.39,207.46,209.245,93818
2020-10-16 15:30:00,209.21,209.47,208.1,208.32,197795
2020-10-19 09:30:00,212.34,212.34,209.38,211.36,91188
2020-10-19 10:30:00,211.11,211.22,207.84,208.54,71752
2020-10-19 11:30:00,208.55,208.7,206.96,207.453,56109
2020-10-19 12:30:00,207.34,207.89,207.03,207.23,50549
2020-10-19 13:30:00,207.3,208.1199,206.58,208.07,47209
2020-10-19 14:30:00,207.935,208.04,205.91,207.35,108507
2020-10-19 15:30:00,207.3315,207.88,206.14,207.08,137621
2020-10-20 09:30:00,208.4,209.67,207.6,207.83,102376
2020-10-20 10:30:00,208.09,208.63,206.29,206.8056,53877
2020-10-20 11:30:00,207.02,207.15,206.1763,206.62,48191
2020-10-20 12:30:00,206.59,208.29,206.24,207.8602,66385
2020-10-20 13:30:00,207.9,208.21,207.073,207.073,60107
2020-10-20 14:30:00,207.11,207.4699,205.0,205.87,69073
2020-10-20 15:30:00,205.87,206.8,205.53,205.72,106533
2020-10-21 09:30:00,205.98,208.93,205.43,208.16,90425
2020-10-21 10:30:00,208.22,208.71,206.0404,206.64,46372
2020-10-21 11:30:00,206.64,208.24,206.5,207.7,54575
2020-10-21 12:30:00,207.7,207.76,206.03,207.43,44712
2020-10-21 13:30:00,207.53,208.14,207.19,207.86,90441
2020-10-21 14:30:00,207.815,208.5,207.37,207.62,66875
2020-10-21 15:30:00,207.58,207.65,206.0,206.13,103508
2020-10-22 09:30:00,204.93,206.65,202.24,203.24,145370
2020-10-22 10:30:00,203.3452,203.375,201.52,202.87,90941
2020-10-22 11:30:00,202.79,203.34,201.79,202.37,68049
2020-10-22 12:30:00,202.265,204.19,201.7001,204.1211,43995
2020-10-22 13:30:00,203.9762,205.79,203.89,205.28,49798
2020-10-22 14:30:00,205.19,205.4699,203.99,204.79,69773
2020-10-22 15:30:00,204.85,204.9151,203.17,203.3,209577
2020-10-23 09:30:00,205.15,206.49,202.52,204.505,173186
2020-10-23 10:30:00,204.37,204.63,202.79,203.06,79263
2020-10-23 11:30:00,203.01,203.34,202.05,202.52,105375
2020-10-23 12:30:00,202.68,204.4704,202.49,204.16,81357
2020-10-23 13:30:00,204.17,204.81,203.508294,204.53,37455
2020-10-23 14:30:00,204.51,204.59,203.44,203.53,69092
2020-10-23 15:30:00,203.66,203.67,202.72,203.17,185861
2020-10-26 09:30:00,200.65,202.42,200.18,200.61,101387
2020-10-26 10:30:00,200.4,200.7,198.82,199.2,156209
2020-10-26 11:30:00,199.31,200.53,198.81,199.99,81012
2020-10-26 12:30:00,199.99,199.99,197.21,197.21,73270
2020-10-26 13:30:00,197.25,199.21,196.86,199.07,83849
2020-10-26 14:30:00,199.25,199.25,197.61,198.35,116315
2020-10-26 15:30:00,198.41,199.1,197.73,199.1,199509
2020-10-27 09:30:00,199.26,200.49,197.25,197.6199,87986
2020-10-27 10:30:00,197.425,199.92,197.3152,199.76,120733
2020-10-27 11:30:00,199.75,199.85,198.17,198.325,48676
2020-10-27 12:30:00,198.292,198.66,197.49,198.53,39305
2020-10-27 13:30:00,198.535,199.14,198.04,198.26,48266
2020-10-27 14:30:00,198.18,198.28,197.11,198.06,73546
2020-10-27 15:30:00,198.06,199.03,197.83,198.59,167254
2020-11-05 09:30:00,224.99,227.79,222.86,225.13,240144
2020-11-05 10:30:00,225.07,225.92,224.19,225.24,84607
2020-11-05 11:30:00,225.35,225.69,222.85,223.665,98287
2020-11-05 12:30:00,223.665,226.6999,222.93,225.5,133141
2020-11-05 13:30:00,225.515,228.19,224.84,227.94,138754
2020-11-05 14:30:00,227.95,228.97,227.6,227.94,153822
2020-11-05 15:30:00,227.92,228.33,226.36,228.11,214323
2020-11-06 09:30:00,228.52,230.65,225.45,230.5,145835
2020-11-06 10:30:00,230.5,230.84,228.58,229.21,55044
2020-11-06 11:30:00,229.33,230.89,229.06,229.78,33591
2020-11-06 12:30:00,229.99,231.44,229.76,231.3,43750
2020-11-06 13:30:00,231.2,232.0,230.9174,231.2993,63928
2020-11-06 14:30:00,231.28,232.69,231.0001,232.52,65388
2020-11-06 15:30:00,232.545,233.28,231.3,231.55,127676
2020-11-09 09:30:00,237.71,242.66,237.06,241.61,216588
2020-11-09 10:30:00,241.93,242.45,238.51,241.1,144065
2020-11-09 11:30:00,240.98,241.25,236.24,237.77,189546
2020-11-09 12:30:00,237.93,239.21,236.61,237.1403,69862
2020-11-09 13:30:00,237.333,237.55,234.7601,235.52,61087
2020-11-09 14:30:00,235.4447,237.18,234.54,235.49,114906
2020-11-09 15:30:00,236.2737,236.32,231.93,231.95,187993
2020-11-10 09:30:00,229.43,232.28,227.64,227.78,136615
2020-11-10 10:30:00,227.7,229.5,225.74,229.5,131367
2020-11-10 11:30:00,229.145,230.6,228.05,229.295,117586
2020-11-10 12:30:00,229.45,229.71,225.81,226.45,44669
2020-11-10 13:30:00,226.42,227.6399,225.1,225.915,81291
2020-11-10 14:30:00,225.45,226.77,223.91,224.94,138807
2020-11-10 15:30:00,224.69,225.07,223.12,223.73,219322
2020-11-11 09:30:00,228.06,231.2999,225.7,228.94,201897
2020-11-11 10:30:00,229.01,230.29,227.52,230.0,101464
2020-11-11 11:30:00,230.07,232.45,229.6101,232.03,138712
2020-11-11 12:30:00,232.04,232.51,231.4936,231.7,81107
2020-11-11 13:30:00,231.68,233.15,231.68,232.47,72974
2020-11-11 14:30:00,232.51,233.92,232.4301,233.45,114811
2020-11-11 15:30:00,233.429,234.18,233.12,233.45,151211
2020-11-12 09:30:00,235.24,236.43,232.26,233.915,200091
2020-11-12 10:30:00,233.85,236.125,233.7632,234.29,121582
2020-11-12 11:30:00,234.39,235.68,233.5845,234.57,108371
2020-11-12 12:30:00,234.53,234.99,231.65,231.7005,84549
2020-11-12 13:30:00,231.7,233.8399,231.434,233.1,75343
2020-11-12 14:30:00,233.04,233.66,231.26,232.36,71674
2020-11-12 15:30:00,232.23,233.93,231.53,233.32,145871
2020-11-13 09:30:00,236.36,240.92,235.8,239.32,213967
2020-11-13 10:30:00,239.17,239.57,236.48,237.13,118743
2020-11-13 11:30:00,237.1,237.81,236.3,236.59,51849
2020-11-13 12:30:00,236.4183,236.85,235.86,236.07,47201
2020-11-13 13:30:00,236.0,237.11,235.51,236.71,54996
2020-11-13 14:30:00,236.72,236.95,235.89,236.2,54542
2020-11-13 15:30:00,236.19,237.03,235.49,236.03,232618
