bar_start,open,high,low,close,volume
2016-01-21 09:30:00,186.21,187.37,184.64,187.07,39627255
2016-01-21 10:30:00,187.07,188.02,186.46,186.99,28152431
2016-01-21 11:30:00,186.99,188.87,185.7742,188.47,21441082
2016-01-21 12:30:00,188.48,188.63,187.21,187.22,14751984
2016-01-21 13:30:00,187.2101,187.71,185.77,186.4001,29130094
2016-01-21 14:30:00,186.41,187.5689,186.2716,186.83,23459444
2016-01-21 15:30:00,186.83,187.68,185.7742,186.68,16089798
2016-01-22 09:30:00,189.78,190.56,186.7356,190.19,45407924
2016-01-22 10:30:00,190.2,190.46,189.16,189.68,23112737
2016-01-22 11:30:00,189.68,189.78,186.7356,189.6,15387832
2016-01-22 12:30:00,189.6,190.18,186.7356,189.95,11219846
2016-01-22 13:30:00,189.96,190.76,186.7356,190.25,15518994
2016-01-22 14:30:00,190.26,190.4213,189.72,190.18,18477418
2016-01-22 15:30:00,190.19,190.61,186.7356,190.49,20047988
2016-01-25 09:30:00,189.93,190.5202,189.26,189.64,24389885
2016-01-25 10:30:00,189.65,189.85,188.75,189.34,17213788
2016-01-25 11:30:00,189.34,189.5,188.95,189.33,9277035
2016-01-25 12:30:00,189.32,190.15,189.15,189.8375,10054673
2016-01-25 13:30:00,189.835,189.965,188.85,189.24,10928869
2016-01-25 14:30:00,189.24,190.5202,187.95,188.04,17173276
2016-01-25 15:30:00,188.035,190.5202,187.41,187.66,21456166
2016-01-26 09:30:00,188.42,189.7525,188.02,189.43,25600663
2016-01-26 10:30:00,189.43,189.95,187.543,189.68,20256708
2016-01-26 11:30:00,189.67,190.38,187.543,190.31,22118672
2016-01-26 12:30:00,190.3,190.5439,187.543,190.29,14724820
2016-01-26 13:30:00,190.28,190.3647,187.543,189.67,13269631
2016-01-26 14:30:00,189.66,190.03,187.543,189.58,13981876
2016-01-26 15:30:00,189.585,190.28,189.42,190.18,16964280
2016-01-27 09:30:00,189.57,189.99,188.55,188.66,20297573
2016-01-27 10:30:00,188.66,189.94,188.62,189.89,15802854
2016-01-27 11:30:00,189.89,191.56,189.2279,191.115,19576905
2016-01-27 12:30:00,191.11,191.17,190.2045,190.58,12272156
2016-01-27 13:30:00,190.59,191.5,189.13,189.97,33850125
2016-01-27 14:30:00,189.98,190.2045,187.06,187.7,48689812
2016-01-27 15:30:00,187.71,190.2044,187.51,188.12,22157538
2016-01-28 09:30:00,189.96,190.2,187.72,187.725,31425072
2016-01-28 10:30:00,187.72,189.27,187.16,188.63,24180015
2016-01-28 11:30:00,188.64,189.24,180.5,189.2,15297119
2016-01-28 12:30:00,189.21,189.76,188.37,188.96,15180118
2016-01-28 13:30:00,188.95,189.67,188.52,189.64,15657658
2016-01-28 14:30:00,189.65,189.84,188.89,189.21,14172582
2016-01-28 15:30:00,189.21,189.67,188.1561,189.14,12518431
2016-01-29 09:30:00,190.02,191.7,188.44,191.1001,33194888
2016-01-29 10:30:00,191.1,191.7333,189.1963,191.21,18439305
2016-01-29 11:30:00,191.21,192.35,189.1963,192.26,23822140
2016-01-29 12:30:00,192.25,192.5,189.1963,192.3501,15455789
2016-01-29 13:30:00,192.3569,192.82,189.1963,192.8,15513281
2016-01-29 14:30:00,192.8,193.22,189.1963,193.1737,23090228
2016-01-29 15:30:00,193.17,193.75,189.1963,193.69,39898434
2016-02-01 09:30:00,192.53,193.8806,191.84,192.45,26484375
2016-02-01 10:30:00,192.45,193.8806,192.33,193.1,14468458
2016-02-01 11:30:00,193.11,193.8806,192.6,192.655,14195537
2016-02-01 12:30:00,192.68,193.8806,192.46,193.12,12319435
2016-02-01 13:30:00,193.13,193.8806,192.6842,193.4375,9614740
2016-02-01 14:30:00,193.43,194.55,192.9399,194.5,21131519
2016-02-01 15:30:00,194.5,194.58,192.7723,193.6899,17905108
2016-02-02 09:30:00,191.96,193.7982,190.75,191.1,35699474
2016-02-02 10:30:00,191.1,193.7982,190.87,191.38,20601935
2016-02-02 11:30:00,191.38,193.7982,190.3,190.69,23856288
2016-02-02 12:30:00,190.69,193.7982,189.18,190.89,15131477
2016-02-02 13:30:00,190.8829,193.7982,189.86,189.935,21057279
2016-02-02 14:30:00,189.94,193.7982,189.54,189.98,25095443
2016-02-02 15:30:00,189.98,193.7982,189.9155,190.13,21554366
2016-02-03 09:30:00,191.41,191.48,187.78,187.83,39035922
2016-02-03 10:30:00,187.84,190.2358,187.1,189.15,42210421
2016-02-03 11:30:00,189.15,189.82,188.5699,189.18,22877392
2016-02-03 12:30:00,189.18,189.5,188.44,188.775,12423045
2016-02-03 13:30:00,188.8,190.83,187.97,190.51,24029769
2016-02-03 14:30:00,190.51,191.78,190.2,190.655,33381241
2016-02-03 15:30:00,190.655,191.265,190.3,191.19,19399850
2016-02-04 09:30:00,190.71,192.33,189.96,192.19,34087285
2016-02-04 10:30:00,192.19,192.75,190.98,191.18,21638751
2016-02-04 11:30:00,191.18,191.715,190.27,191.19,18571614
2016-02-04 12:30:00,191.2,192.0,190.91,191.63,13174778
2016-02-04 13:30:00,191.63,191.97,190.522,190.66,12655341
2016-02-04 14:30:00,190.65,191.4752,190.36,191.035,14260194
2016-02-04 15:30:00,191.04,191.63,190.801,191.55,10828790
2016-02-05 09:30:00,190.99,191.08,189.09,189.24,27441396
2016-02-05 10:30:00,189.23,191.5187,187.9905,188.46,25604970
2016-02-05 11:30:00,188.4538,191.6696,188.11,188.83,21775265
2016-02-05 12:30:00,188.83,189.21,188.28,188.92,12831921
2016-02-05 13:30:00,188.91,191.5188,187.45,187.6201,21474505
2016-02-05 14:30:00,187.6,191.5188,187.2,187.84,26559622
2016-02-05 15:30:00,187.85,191.5188,187.29,187.95,25467026
2016-02-08 09:30:00,185.77,188.0048,183.93,184.14,41692962
2016-02-08 10:30:00,184.13,184.98,183.29,184.07,26804500
2016-02-08 11:30:00,184.075,185.75,183.38,184.535,16145276
2016-02-08 12:30:00,184.5399,188.0049,183.48,183.75,14239954
2016-02-08 13:30:00,183.755,188.0048,182.93,183.2,21626069
2016-02-08 14:30:00,183.21,184.57,182.8,184.34,28337698
2016-02-08 15:30:00,184.3401,186.12,184.315,185.37,29069234
2016-02-09 09:30:00,183.37,186.29,183.2,185.2699,38937659
2016-02-09 10:30:00,185.27,185.74,183.63,185.52,28535680
2016-02-09 11:30:00,185.51,185.69,183.38,184.55,16804942
2016-02-09 12:30:00,184.55,185.3884,183.55,183.95,16587217
2016-02-09 13:30:00,183.95,185.3883,183.71,184.66,20107393
2016-02-09 14:30:00,184.66,186.9598,184.4,185.54,32637398
2016-02-09 15:30:00,185.53,186.16,185.0,185.38,15657150
2016-02-10 09:30:00,186.41,187.65,185.3303,187.38,28113149
2016-02-10 10:30:00,187.38,188.34,185.3303,186.54,30387189
2016-02-10 11:30:00,186.54,187.45,185.3303,187.03,18099396
2016-02-10 12:30:00,187.03,187.7192,185.3303,186.88,15595750
2016-02-10 13:30:00,186.87,187.22,186.62,186.94,9619747
2016-02-10 14:30:00,186.94,187.28,185.6,185.671,15877786
2016-02-10 15:30:00,185.71,185.95,185.12,185.29,17879459
2016-02-11 09:30:00,182.34,185.3292,182.16,182.7125,35511072
2016-02-11 10:30:00,182.71,185.3292,181.69,181.76,26642493
2016-02-11 11:30:00,181.77,185.3292,181.39,182.03,23389055
2016-02-11 12:30:00,182.02,185.3292,181.5,182.3803,17840837
2016-02-11 13:30:00,182.38,185.3292,181.36,181.445,20778445
2016-02-11 14:30:00,181.44,185.3292,181.09,183.3,50491699
2016-02-11 15:30:00,183.295,185.3292,182.9,183.06,22904572
2016-02-12 09:30:00,184.98,185.15,183.96,184.82,28756816
2016-02-12 10:30:00,184.83,185.96,184.6,185.8801,18011142
2016-02-12 11:30:00,185.89,186.13,183.073,185.85,13651547
2016-02-12 12:30:00,185.86,185.99,183.073,185.39,10413617
2016-02-12 13:30:00,185.38,186.2,185.29,186.0836,11538332
2016-02-12 14:30:00,186.0872,186.62,185.91,186.6,14663098
2016-02-12 15:30:00,186.6,186.65,183.073,186.64,15352315
2016-04-14 09:30:00,208.06,208.34,207.6,208.0,14557836
2016-04-14 10:30:00,208.0,208.2,207.78,208.07,8317532
2016-04-14 11:30:00,208.07,208.41,208.06,208.32,7166053
2016-04-14 12:30:00,208.32,208.6,208.17,208.28,6136701
2016-04-14 13:30:00,208.28,208.33,207.96,208.165,7683900
2016-04-14 14:30:00,208.17,208.25,207.9,208.08,5949363
2016-04-14 15:30:00,208.08,208.27,207.94,208.01,7229198
2016-04-15 09:30:00,208.01,208.1721,207.0,207.82,21340973
2016-04-15 10:30:00,207.82,208.1527,207.8,208.0,8244114
2016-04-15 11:30:00,208.005,208.06,207.87,207.97,5309352
2016-04-15 12:30:00,207.97,207.98,207.605,207.6989,6234854
2016-04-15 13:30:00,207.69,207.8124,207.4,207.68,7651276
2016-04-15 14:30:00,207.68,207.93,207.62,207.87,7188813
2016-04-15 15:30:00,207.875,207.95,207.66,207.81,10680981
2016-04-18 09:30:00,207.13,208.57,207.0,208.53,16627763
2016-04-18 10:30:00,208.54,208.84,207.8588,208.7,9381619
2016-04-18 11:30:00,208.69,208.96,207.8588,208.9,9345079
2016-04-18 12:30:00,208.8999,209.115,208.68,208.81,6440732
2016-04-18 13:30:00,208.815,209.09,207.8588,208.95,7398893
2016-04-18 14:30:00,208.94,209.27,207.8588,209.04,8160655
2016-04-18 15:30:00,209.04,209.28,207.8588,209.28,10185693
2016-04-19 09:30:00,209.74,210.2,209.47,209.966,18342135
2016-04-19 10:30:00,209.97,210.17,209.72,209.77,11732014
2016-04-19 11:30:00,209.76,209.93,208.97,209.195,10736312
2016-04-19 12:30:00,209.191,209.59,208.94,209.48,9332637
2016-04-19 13:30:00,209.48,209.83,209.2163,209.59,8311012
2016-04-19 14:30:00,209.58,210.13,209.2163,209.8,9533654
2016-04-19 15:30:00,209.8,209.9398,209.2163,209.87,9030106
2016-04-20 09:30:00,209.96,210.07,209.67,209.72,11107333
2016-04-20 10:30:00,209.72,210.39,209.39,210.31,10997514
2016-04-20 11:30:00,210.31,210.47,209.8716,210.26,9731996
2016-04-20 12:30:00,210.25,210.5,210.18,210.41,5070321
2016-04-20 13:30:00,210.4099,210.83,209.8716,210.7,7957126
2016-04-20 14:30:00,210.7075,210.92,209.8716,210.52,9202553
2016-04-20 15:30:00,210.52,210.55,209.8716,210.06,13639960
2016-04-21 09:30:00,210.12,210.25,209.34,209.67,14544924
2016-04-21 10:30:00,209.67,210.17,209.5301,209.91,8453632
2016-04-21 11:30:00,209.92,210.16,209.29,209.49,7254572
2016-04-21 12:30:00,209.485,210.0355,209.19,209.2,6204359
2016-04-21 13:30:00,209.19,210.0355,208.93,208.98,10658025
2016-04-21 14:30:00,208.98,210.0355,208.65,208.7,11870345
2016-04-21 15:30:00,208.69,210.0355,208.69,208.96,11198693
2016-04-22 09:30:00,208.56,209.29,208.5,208.655,16947106
2016-04-22 10:30:00,208.66,208.9462,207.91,208.13,16458327
2016-04-22 11:30:00,208.14,208.9461,208.05,208.09,9096371
2016-04-22 12:30:00,208.09,208.9461,208.01,208.19,5115611
2016-04-22 13:30:00,208.19,209.08,208.171,209.03,10102029
2016-04-22 14:30:00,209.03,209.08,208.0053,208.91,12279041
2016-04-22 15:30:00,208.91,209.02,208.71,208.99,13774108
2016-04-25 09:30:00,208.26,208.57,207.66,207.735,13973729
2016-04-25 10:30:00,207.7375,208.59,207.54,208.0,9085768
2016-04-25 11:30:00,208.0,208.03,207.715,207.91,5271271
2016-04-25 12:30:00,207.91,208.49,207.8,208.305,6330412
2016-04-25 13:30:00,208.3,208.37,207.9525,208.21,4776525
2016-04-25 14:30:00,208.21,208.33,207.96,208.14,7379050
2016-04-25 15:30:00,208.15,208.62,208.06,208.61,8067511
2016-04-26 09:30:00,209.04,209.52,208.5767,208.73,14970868
2016-04-26 10:30:00,208.73,208.83,208.36,208.77,9661642
2016-04-26 11:30:00,208.76,209.42,208.64,209.0475,6830254
2016-04-26 12:30:00,209.04,209.08,208.5767,208.78,10460028
2016-04-26 13:30:00,208.775,208.9,208.5,208.58,6870634
2016-04-26 14:30:00,208.58,208.93,208.39,208.65,8383407
2016-04-26 15:30:00,208.65,209.0,208.5767,208.97,10671785
2016-04-27 09:30:00,208.47,209.08,208.45,208.45,11657142
2016-04-27 10:30:00,208.45,208.57,208.05,208.55,8190231
2016-04-27 11:30:00,208.55,209.0,208.3,208.9408,5132284
2016-04-27 12:30:00,208.94,208.96,208.49,208.515,4145494
2016-04-27 13:30:00,208.515,209.42,208.2,209.14,14424218
2016-04-27 14:30:00,209.131,209.8,208.76,209.68,12726470
2016-04-27 15:30:00,209.67,209.81,208.9809,209.34,12689261
2016-04-28 09:30:00,208.45,209.36,208.19,209.095,15102416
2016-04-28 10:30:00,209.1,209.7,209.0,209.6226,9122254
2016-04-28 11:30:00,209.62,209.76,209.35,209.41,5388330
2016-04-28 12:30:00,209.42,209.69,209.06,209.26,7505409
2016-04-28 13:30:00,209.25,209.4,208.9901,209.16,5664992
2016-04-28 14:30:00,209.16,209.339,207.01,207.08,18059067
2016-04-28 15:30:00,207.07,209.339,206.96,207.48,22668481
2016-04-29 09:30:00,206.72,207.13,205.82,206.35,20958933
2016-04-29 10:30:00,206.36,207.4093,205.55,205.555,15204755
2016-04-29 11:30:00,205.56,208.5605,205.06,205.64,15640890
2016-04-29 12:30:00,205.64,207.4093,205.53,206.02,11198637
2016-04-29 13:30:00,206.02,207.4093,205.03,205.54,13725668
2016-04-29 14:30:00,205.54,207.4093,205.18,205.675,16755738
2016-04-29 15:30:00,205.68,207.4093,205.67,206.33,26563275
2016-05-02 09:30:00,206.92,207.32,206.41,207.15,15657191
2016-05-02 10:30:00,207.14,207.37,206.69,207.1299,8447154
2016-05-02 11:30:00,207.125,207.3,206.3613,206.88,6948997
2016-05-02 12:30:00,206.885,207.62,206.3614,207.61,6031963
2016-05-02 13:30:00,207.61,207.84,206.3613,207.75,5913450
2016-05-02 14:30:00,207.75,207.94,207.6,207.91,5942935
2016-05-02 15:30:00,207.905,208.18,207.76,207.97,8323789
2016-05-03 09:30:00,206.52,207.9756,205.51,205.93,26293282
2016-05-03 10:30:00,205.94,207.9756,205.42,205.49,12108806
2016-05-03 11:30:00,205.5,207.9756,205.28,205.76,11914800
2016-05-03 12:30:00,205.76,207.9756,205.73,206.4608,10939491
2016-05-03 13:30:00,206.465,207.9756,206.05,206.3115,11291538
2016-05-03 14:30:00,206.32,207.9756,205.9,206.0999,8828867
2016-05-03 15:30:00,206.09,207.9756,205.75,206.15,13140742
2016-05-04 09:30:00,204.99,206.217,204.72,205.48,22792391
2016-05-04 10:30:00,205.48,205.58,204.62,204.74,12331279
2016-05-04 11:30:00,204.735,205.27,204.62,205.09,7480393
2016-05-04 12:30:00,205.0825,205.17,204.6,205.03,6796193
2016-05-04 13:30:00,205.02,205.055,204.42,204.991,9154585
2016-05-04 14:30:00,205.0,206.217,204.69,204.89,9090302
2016-05-04 15:30:00,204.89,206.217,204.87,204.99,11846738
2016-05-05 09:30:00,205.56,205.98,205.24,205.3332,13877270
2016-05-05 10:30:00,205.33,205.59,205.05,205.1909,7773675
2016-05-05 11:30:00,205.19,205.74,204.96,205.4,5213086
2016-05-05 12:30:00,205.41,205.47,204.49,204.55,7252165
2016-05-05 13:30:00,204.55,204.98,204.47,204.86,8790912
2016-05-05 14:30:00,204.85,205.09,204.54,204.88,8773690
2016-05-05 15:30:00,204.88,205.0,204.68,204.98,9183632
2016-05-06 09:30:00,204.06,205.17,204.0,204.5,18500753
2016-05-06 10:30:00,204.49,204.71,203.88,204.64,13787422
2016-05-06 11:30:00,204.64,204.73,204.26,204.3362,5768279
2016-05-06 12:30:00,204.34,205.08,204.22,204.935,7030105
2016-05-06 13:30:00,204.93,205.74,204.78,205.54,8929947
2016-05-06 14:30:00,205.545,205.77,205.41,205.6,8951184
2016-05-06 15:30:00,205.59,205.7201,205.27,205.7,10554352
2016-05-09 09:30:00,205.57,206.39,205.48,205.7099,15235008
2016-05-09 10:30:00,205.71,206.02,205.36,205.56,12254654
2016-05-09 11:30:00,205.56,205.96,205.42,205.9175,6864459
2016-05-09 12:30:00,205.92,206.14,205.695,206.01,4615793
2016-05-09 13:30:00,206.0101,206.16,205.69,205.93,5644173
2016-05-09 14:30:00,205.94,206.4,205.6712,206.13,7064372
2016-05-09 15:30:00,206.13,206.19,205.74,205.89,8443366
2016-05-10 09:30:00,206.72,207.45,206.63,207.295,15292847
2016-05-10 10:30:00,207.3,207.75,207.26,207.5168,9528643
2016-05-10 11:30:00,207.52,207.9698,207.4718,207.94,5922328
2016-05-10 12:30:00,207.94,207.975,207.71,207.78,6363551
2016-05-10 13:30:00,207.78,208.05,207.75,208.03,4747433
2016-05-10 14:30:00,208.03,208.31,207.96,208.23,9561570
2016-05-10 15:30:00,208.23,208.46,205.8298,208.43,11059473
2016-07-14 09:30:00,216.4,216.67,215.93,216.4,23281315
2016-07-14 10:30:00,216.395,216.62,214.9848,216.35,9924126
2016-07-14 11:30:00,216.35,216.36,214.9848,216.05,7658079
2016-07-14 12:30:00,216.05,216.23,214.7007,215.7,8334196
2016-07-14 13:30:00,215.69,216.12,214.9848,216.0956,6776506
2016-07-14 14:30:00,216.1,216.43,214.9848,216.39,11149854
2016-07-14 15:30:00,216.39,216.44,201.78,216.07,12301076
2016-07-15 09:30:00,216.78,217.0125,216.07,216.31,20995438
2016-07-15 10:30:00,216.305,216.9889,215.75,215.81,12976149
2016-07-15 11:30:00,215.81,216.1121,215.5249,215.64,7312284
2016-07-15 12:30:00,215.64,216.1121,215.3,215.68,9675415
2016-07-15 13:30:00,215.68,216.1121,215.54,215.65,6005233
2016-07-15 14:30:00,215.65,216.1121,215.61,215.96,12373741
2016-07-15 15:30:00,215.955,216.1121,215.75,215.81,17490575
2016-07-18 09:30:00,215.97,216.3598,215.67,216.3,9867358
2016-07-18 10:30:00,216.3,216.55,215.9201,216.37,11214210
2016-07-18 11:30:00,216.38,216.54,216.2375,216.3,4307092
2016-07-18 12:30:00,216.3,216.37,215.9201,216.29,6321857
2016-07-18 13:30:00,216.29,216.495,216.27,216.465,3649241
2016-07-18 14:30:00,216.46,216.6,216.3944,216.48,4978636
2016-07-18 15:30:00,216.48,216.59,216.4,216.4,6531181
2016-07-19 09:30:00,215.92,216.438,215.7,216.03,11598422
2016-07-19 10:30:00,216.02,216.23,215.8,216.0311,6969939
2016-07-19 11:30:00,216.03,216.11,215.68,215.825,5408786
2016-07-19 12:30:00,215.825,216.1075,215.68,215.71,3679441
2016-07-19 13:30:00,215.71,215.955,215.63,215.891,3166943
2016-07-19 14:30:00,215.89,216.045,215.8011,215.9111,3861182
2016-07-19 15:30:00,215.92,216.438,215.89,216.15,7285976
2016-07-20 09:30:00,216.75,216.91,216.24,216.8,11126028
2016-07-20 10:30:00,216.805,217.37,216.74,217.34,8758744
2016-07-20 11:30:00,217.35,217.36,217.06,217.1398,4080960
2016-07-20 12:30:00,217.135,217.28,216.6,217.255,4564042
2016-07-20 13:30:00,217.2564,217.37,217.2,217.2368,5015554
2016-07-20 14:30:00,217.24,217.3,216.155,217.03,7617853
2016-07-20 15:30:00,217.035,217.3,217.03,217.09,9045473
2016-07-21 09:30:00,216.94,217.22,216.8,216.92,10080450
2016-07-21 10:30:00,216.93,217.2098,206.475,217.04,5659791
2016-07-21 11:30:00,217.04,217.0973,216.34,216.4601,11060869
2016-07-21 12:30:00,216.465,217.0789,216.22,216.45,6908456
2016-07-21 13:30:00,216.445,217.0789,215.97,216.0867,7239191
2016-07-21 14:30:00,216.08,217.0789,215.75,216.06,10947014
2016-07-21 15:30:00,216.06,216.36,215.99,216.25,9998717
2016-07-22 09:30:00,216.41,216.48,216.1,216.43,8600614
2016-07-22 10:30:00,216.4411,216.77,216.35,216.591,6526206
2016-07-22 11:30:00,216.6,217.09,216.296,217.05,7405738
2016-07-22 12:30:00,217.05,217.1,216.296,217.07,4842716
2016-07-22 13:30:00,217.08,217.15,216.945,217.09,4191759
2016-07-22 14:30:00,217.095,217.3,216.296,217.21,8642424
2016-07-22 15:30:00,217.21,217.3,216.296,217.23,10761303
2016-07-25 09:30:00,217.0,217.06,216.2,216.38,11446698
2016-07-25 10:30:00,216.38,216.44,216.07,216.245,7715587
2016-07-25 11:30:00,216.24,216.4008,215.99,216.06,4899500
2016-07-25 12:30:00,216.0599,216.39,215.97,216.361,4541202
2016-07-25 13:30:00,216.367,216.51,216.23,216.26,4173583
2016-07-25 14:30:00,216.26,216.4,216.19,216.305,4550672
2016-07-25 15:30:00,216.305,216.68,216.29,216.67,8375363
2016-07-26 09:30:00,216.53,217.17,216.52,216.945,12237882
2016-07-26 10:30:00,216.94,216.99,215.76,216.151,16516376
2016-07-26 11:30:00,216.16,216.75,216.09,216.655,7154592
2016-07-26 12:30:00,216.655,216.7273,216.08,216.15,6948079
2016-07-26 13:30:00,216.14,216.6328,216.0,216.36,7504117
2016-07-26 14:30:00,216.36,216.6,216.34,216.6,6540467
2016-07-26 15:30:00,216.6,216.75,216.4405,216.73,6925648
2016-07-27 09:30:00,217.19,217.27,216.59,216.69,12442526
2016-07-27 10:30:00,216.68,216.7093,216.17,216.48,10542745
2016-07-27 11:30:00,216.48,216.49,216.0,216.085,5897438
2016-07-27 12:30:00,216.0799,216.7094,215.92,216.01,5799049
2016-07-27 13:30:00,216.005,216.8199,215.61,216.44,17147018
2016-07-27 14:30:00,216.4399,217.02,216.39,216.82,9685068
2016-07-27 15:30:00,216.81,216.98,216.32,216.53,11288869
2016-07-28 09:30:00,216.28,216.65,215.79,216.129,16433486
2016-07-28 10:30:00,216.13,216.17,215.75,216.1,8714706
2016-07-28 11:30:00,216.1,216.333,215.85,216.08,5487104
2016-07-28 12:30:00,216.08,216.42,215.98,216.41,4173945
2016-07-28 13:30:00,216.42,216.73,216.31,216.615,5944326
2016-07-28 14:30:00,216.62,216.9,216.58,216.85,7043107
2016-07-28 15:30:00,216.86,217.11,216.4,216.78,10602059
2016-07-29 09:30:00,216.46,216.86,216.13,216.4,13702473
2016-07-29 10:30:00,216.4,217.32,216.2538,217.15,11199669
2016-07-29 11:30:00,217.16,217.54,217.1275,217.2282,7144319
2016-07-29 12:30:00,217.23,217.34,217.0293,217.245,5744302
2016-07-29 13:30:00,217.2442,217.41,216.8169,217.3965,5490584
2016-07-29 14:30:00,217.39,217.395,216.8169,217.02,9433801
2016-07-29 15:30:00,217.025,217.48,216.975,217.13,13896940
2016-08-01 09:30:00,217.19,217.35,216.62,217.22,13485868
2016-08-01 10:30:00,217.2516,217.6506,217.01,217.455,7682873
2016-08-01 11:30:00,217.455,217.5525,216.405,216.5501,9951834
2016-08-01 12:30:00,216.55,217.1706,216.49,216.855,6332080
2016-08-01 13:30:00,216.86,217.1706,216.56,216.725,7390162
2016-08-01 14:30:00,216.72,217.1706,216.46,216.5,8890299
2016-08-01 15:30:00,216.5,217.1706,216.5,216.89,10749189
2016-08-02 09:30:00,216.65,216.9002,215.45,215.6934,18079219
2016-08-02 10:30:00,215.695,216.9002,214.93,215.3,15360131
2016-08-02 11:30:00,215.3,216.9002,214.89,215.205,8715852
2016-08-02 12:30:00,215.205,216.65,214.57,214.89,7626505
2016-08-02 13:30:00,214.885,215.37,214.6201,215.26,8541187
2016-08-02 14:30:00,215.27,216.9002,215.16,215.38,10754778
2016-08-02 15:30:00,215.38,216.9002,214.61,215.55,15541396
2016-08-03 09:30:00,215.48,215.92,215.13,215.69,11996155
2016-08-03 10:30:00,215.69,215.96,215.47,215.755,7464869
2016-08-03 11:30:00,215.76,215.91,215.62,215.84,3748965
2016-08-03 12:30:00,215.835,216.04,215.5885,215.98,3892886
2016-08-03 13:30:00,215.98,216.02,215.6301,215.6363,5296989
2016-08-03 14:30:00,215.63,216.02,215.57,215.99,5953322
2016-08-03 15:30:00,216.0,216.245,215.87,216.21,7153482
2016-08-04 09:30:00,216.3,216.62,215.83,216.11,10013274
2016-08-04 10:30:00,216.12,216.58,214.25,216.39,6460984
2016-08-04 11:30:00,216.39,216.78,216.37,216.6,5862756
2016-08-04 12:30:00,216.6,216.61,216.22,216.3311,4068492
2016-08-04 13:30:00,216.33,216.46,216.11,216.213,4008001
2016-08-04 14:30:00,216.219,216.325,215.465,216.27,3751080
2016-08-04 15:30:00,216.275,216.5,216.27,216.41,5653262
2016-08-05 09:30:00,217.21,217.98,217.07,217.8,15537253
2016-08-05 10:30:00,217.805,218.13,217.681,218.03,7242736
2016-08-05 11:30:00,218.02,218.18,216.3659,218.17,6562386
2016-08-05 12:30:00,218.16,218.2199,218.0,218.01,3977372
2016-08-05 13:30:00,218.015,218.14,216.3659,218.01,4473205
2016-08-05 14:30:00,218.0,218.23,216.3659,218.14,9357328
2016-08-05 15:30:00,218.135,218.19,216.3659,218.17,11659603
2016-08-08 09:30:00,218.4,218.52,217.91,217.975,10180103
2016-08-08 10:30:00,217.9699,218.24,217.911,218.13,4900597
2016-08-08 11:30:00,218.13,218.23,217.96,218.02,3390414
2016-08-08 12:30:00,218.02,218.11,217.91,218.04,3092553
2016-08-08 13:30:00,218.04,218.09,217.74,217.8,4037637
2016-08-08 14:30:00,217.795,218.2423,217.76,217.8689,5712743
2016-08-08 15:30:00,217.865,218.04,217.85,218.03,5250885
2016-08-09 09:30:00,218.13,218.655,218.0299,218.58,9881641
2016-08-09 10:30:00,218.59,218.76,218.33,218.65,5802904
2016-08-09 11:30:00,218.65,218.69,218.3,218.3328,4958382
2016-08-09 12:30:00,218.3301,218.35,218.1,218.235,5283649
2016-08-09 13:30:00,218.23,218.3,217.97,217.98,4932958
2016-08-09 14:30:00,217.98,218.16,217.7789,218.14,8076228
2016-08-09 15:30:00,218.14,218.21,217.9533,218.17,7451645
2016-10-20 09:30:00,213.87,214.53,213.52,213.88,16459257
2016-10-20 10:30:00,213.88,214.2303,213.11,213.535,14818189
2016-10-20 11:30:00,213.55,214.2442,213.43,214.09,9295994
2016-10-20 12:30:00,214.08,214.42,214.02,214.1708,5470097
2016-10-20 13:30:00,214.19,214.265,213.63,213.9801,7279776
2016-10-20 14:30:00,213.9899,214.24,213.87,213.89,5581644
2016-10-20 15:30:00,213.89,214.2303,213.76,213.89,8590642
2016-10-21 09:30:00,212.95,213.9346,212.76,213.26,29890162
2016-10-21 10:30:00,213.26,213.9346,213.0898,213.46,13092594
2016-10-21 11:30:00,213.45,213.77,213.2,213.58,6653676
2016-10-21 12:30:00,213.58,213.9346,213.49,213.52,4268792
2016-10-21 13:30:00,213.51,213.89,213.36,213.865,5031631
2016-10-21 14:30:00,213.865,214.08,213.8,213.91,7756024
2016-10-21 15:30:00,213.905,214.03,213.8,213.935,11017648
2016-10-24 09:30:00,214.96,215.32,214.8389,214.86,12054252
2016-10-24 10:30:00,214.86,215.14,213.9197,214.94,8124552
2016-10-24 11:30:00,214.94,215.1,214.66,214.66,4247449
2016-10-24 12:30:00,214.67,215.0,213.9197,214.76,5123524
2016-10-24 13:30:00,214.76,214.9,214.66,214.89,3795520
2016-10-24 14:30:00,214.885,214.96,213.9197,214.865,6461562
2016-10-24 15:30:00,214.87,215.04,213.9197,214.86,10066206
2016-10-25 09:30:00,214.69,214.98,214.44,214.6942,11554670
2016-10-25 10:30:00,214.69,214.7,214.065,214.4,10738069
2016-10-25 11:30:00,214.4,214.51,213.98,214.08,6496405
2016-10-25 12:30:00,214.08,214.38,214.05,214.2701,5481019
2016-10-25 13:30:00,214.28,214.9432,214.22,214.3541,7123090
2016-10-25 14:30:00,214.355,214.38,214.04,214.22,5622425
2016-10-25 15:30:00,214.22,214.9432,214.03,214.18,10757709
2016-10-26 09:30:00,213.21,213.48,212.93,213.26,16191360
2016-10-26 10:30:00,213.26,214.42,213.18,214.26,15885534
2016-10-26 11:30:00,214.2575,214.38,214.04,214.07,10912865
2016-10-26 12:30:00,214.075,214.21,213.71,213.81,4985748
2016-10-26 13:30:00,213.82,214.1315,213.15,213.485,9027877
2016-10-26 14:30:00,213.48,213.99,213.43,213.8534,6070875
2016-10-26 15:30:00,213.85,214.1315,213.71,213.74,7457334
2016-10-27 09:30:00,214.58,214.62,213.09,213.37,17272503
2016-10-27 10:30:00,213.38,213.7672,213.2,213.5447,11038635
2016-10-27 11:30:00,213.55,214.06,213.33,213.86,10820807
2016-10-27 12:30:00,213.86,213.9,213.45,213.68,5978978
2016-10-27 13:30:00,213.689,213.9,213.6,213.7673,6156974
2016-10-27 14:30:00,213.77,213.78,213.09,213.31,7012960
2016-10-27 15:30:00,213.3,213.7672,213.08,213.18,9164579
2016-10-28 09:30:00,213.14,213.515,212.61,213.27,17053605
2016-10-28 10:30:00,213.28,213.88,213.139,213.64,11247022
2016-10-28 11:30:00,213.65,213.925,213.139,213.82,6225388
2016-10-28 12:30:00,213.82,213.93,212.4,212.71,23423858
2016-10-28 13:30:00,212.715,213.139,211.71,212.51,37618216
2016-10-28 14:30:00,212.52,213.17,212.2807,213.01,19093736
2016-10-28 15:30:00,213.0,213.005,212.32,212.52,14935030
2016-10-31 09:30:00,212.93,213.0,212.57,212.9,10613954
2016-10-31 10:30:00,212.91,213.03,212.43,213.0189,8102539
2016-10-31 11:30:00,213.01,213.19,212.481,212.965,6027512
2016-10-31 12:30:00,212.97,213.08,212.73,212.77,3743414
2016-10-31 13:30:00,212.76,212.9,212.42,212.45,4790104
2016-10-31 14:30:00,212.44,212.71,212.36,212.68,9284686
2016-10-31 15:30:00,212.68,212.78,212.39,212.5,9877386
2016-11-01 09:30:00,212.93,212.99,212.02,212.1,13974113
2016-11-01 10:30:00,212.09,212.26,211.77,211.92,10548648
2016-11-01 11:30:00,211.91,212.4582,211.05,211.0808,13070141
2016-11-01 12:30:00,211.1,214.0,210.6034,210.8991,12677721
2016-11-01 13:30:00,210.89,212.4582,209.6,210.435,27251527
2016-11-01 14:30:00,210.43,212.4582,210.11,210.7237,17208762
2016-11-01 15:30:00,210.72,212.4582,210.5433,211.0,17538722
2016-11-02 09:30:00,210.67,211.1,210.43,210.63,15639159
2016-11-02 10:30:00,210.63,211.0456,210.12,210.537,13982032
2016-11-02 11:30:00,210.53,210.58,210.2,210.34,6996211
2016-11-02 12:30:00,210.35,210.5,209.69,209.9,7593620
2016-11-02 13:30:00,209.89,211.0456,209.23,210.16,19395306
2016-11-02 14:30:00,210.16,213.515,209.79,210.33,14285747
2016-11-02 15:30:00,210.32,210.5573,209.6,209.7,12024699
2016-11-03 09:30:00,209.99,210.24,209.64,210.04,16573749
2016-11-03 10:30:00,210.045,210.2,209.76,210.03,8646032
2016-11-03 11:30:00,210.03,210.11,209.34,209.42,6489650
2016-11-03 12:30:00,209.425,209.9618,209.04,209.39,9744892
2016-11-03 13:30:00,209.38,209.485,209.09,209.245,6670124
2016-11-03 14:30:00,209.245,209.7517,208.84,208.92,12123212
2016-11-03 15:30:00,208.92,209.7517,208.46,208.84,19759256
2016-11-04 09:30:00,208.91,209.25,208.38,209.0975,18899563
2016-11-04 10:30:00,209.08,209.7299,208.93,209.61,15706600
2016-11-04 11:30:00,209.61,209.89,208.829,209.79,12626539
2016-11-04 12:30:00,209.79,209.88,208.829,209.6336,8792279
2016-11-04 13:30:00,209.6399,209.85,209.54,209.64,4521001
2016-11-04 14:30:00,209.64,209.7,208.8,208.96,12832763
2016-11-04 15:30:00,208.965,209.325,208.4,208.52,20855103
2016-11-07 09:30:00,211.45,211.9,211.3,211.8501,17863369
2016-11-07 10:30:00,211.855,212.57,211.47,212.45,12921748
2016-11-07 11:30:00,212.45,212.91,208.4822,212.83,14081837
2016-11-07 12:30:00,212.84,212.89,208.4822,212.73,7372418
2016-11-07 13:30:00,212.7211,212.94,208.4822,212.8401,7562172
2016-11-07 14:30:00,212.84,212.9,208.4822,212.58,13085819
2016-11-07 15:30:00,212.58,213.19,208.4822,213.1,19772940
2016-11-08 09:30:00,212.7,212.89,212.38,212.8,13114638
2016-11-08 10:30:00,212.79,215.455,212.69,213.695,13461858
2016-11-08 11:30:00,213.69,214.66,212.72,214.52,13100678
2016-11-08 12:30:00,214.5201,214.7701,212.72,214.325,13023503
2016-11-08 13:30:00,214.33,214.57,213.2034,214.05,11306342
2016-11-08 14:30:00,214.05,214.31,213.2034,214.255,13968840
2016-11-08 15:30:00,214.255,214.53,213.2034,214.07,18465281
2016-12-07 09:30:00,221.51,221.89,221.38,221.89,10760302
2016-12-07 10:30:00,221.865,221.965,221.65,221.8499,6802267
2016-12-07 11:30:00,221.8465,222.42,221.84,222.36,7630494
2016-12-07 12:30:00,222.35,223.46,221.7099,223.241,14229943
2016-12-07 13:30:00,223.24,224.06,221.7099,223.8,24678345
2016-12-07 14:30:00,223.8,224.5,223.74,224.375,14530201
2016-12-07 15:30:00,224.37,224.675,221.7099,224.57,19115622
2016-12-08 09:30:00,224.58,224.94,224.26,224.51,17220384
2016-12-08 10:30:00,224.515,224.93,224.45,224.75,9495896
2016-12-08 11:30:00,224.755,225.41,224.57,225.26,9667650
2016-12-08 12:30:00,225.2627,225.59,224.6398,225.291,11334940
2016-12-08 13:30:00,225.3,225.7,224.3465,225.25,11161957
2016-12-08 14:30:00,225.25,225.31,224.78,224.92,16401673
2016-12-08 15:30:00,224.93,225.3,224.6398,225.14,10421092
2016-12-09 09:30:00,225.41,225.8511,225.1218,225.7,14444438
2016-12-09 10:30:00,225.7161,226.015,225.1218,225.7,11058638
2016-12-09 11:30:00,225.71,225.907,225.1218,225.8393,7931507
2016-12-09 12:30:00,225.835,225.99,225.735,225.84,5795117
2016-12-09 13:30:00,225.84,226.06,225.7845,225.89,5786627
2016-12-09 14:30:00,225.88,226.5,225.1218,226.45,12130746
2016-12-09 15:30:00,226.44,226.5,225.1218,226.49,17172698
2016-12-12 09:30:00,226.4,226.96,226.22,226.2236,15292951
2016-12-12 10:30:00,226.2201,226.4929,226.17,226.39,10863686
2016-12-12 11:30:00,226.39,226.463,225.76,225.87,14952181
2016-12-12 12:30:00,225.88,226.463,225.6991,226.0866,7341296
2016-12-12 13:30:00,226.08,226.463,225.88,226.065,8161087
2016-12-12 14:30:00,226.065,226.463,225.86,226.048,9625012
2016-12-12 15:30:00,226.04,226.463,225.95,226.22,12051592
2016-12-13 09:30:00,227.01,227.8487,226.2439,227.33,25240298
2016-12-13 10:30:00,227.33,227.63,226.2438,227.5301,15747508
2016-12-13 11:30:00,227.535,227.95,219.805,227.71,10455308
2016-12-13 12:30:00,227.715,228.31,226.2438,228.31,11771987
2016-12-13 13:30:00,228.3,228.34,226.2438,227.66,10310318
2016-12-13 14:30:00,227.66,227.9511,226.2438,227.89,12452225
2016-12-13 15:30:00,227.88,228.06,226.2438,227.71,11284654
2016-12-14 09:30:00,227.41,227.81,227.21,227.43,11229220
2016-12-14 10:30:00,227.45,227.729,227.23,227.39,8292410
2016-12-14 11:30:00,227.4,227.7266,227.06,227.52,9217683
2016-12-14 12:30:00,227.52,227.76,227.46,227.75,14291846
2016-12-14 13:30:00,227.75,228.23,226.25,226.35,27719612
2016-12-14 14:30:00,226.35,227.7266,225.365,226.05,30386566
2016-12-14 15:30:00,226.06,227.7266,225.59,225.92,27423638
2016-12-15 09:30:00,226.15,227.46,225.8998,227.0301,23524095
2016-12-15 10:30:00,227.04,227.81,225.8998,227.44,17679925
2016-12-15 11:30:00,227.44,227.6,225.8998,227.3162,11575572
2016-12-15 12:30:00,227.31,227.45,225.8998,227.26,10122340
2016-12-15 13:30:00,227.27,227.34,225.8904,226.88,11797482
2016-12-15 14:30:00,226.875,227.03,226.62,226.7,9824779
2016-12-15 15:30:00,226.71,227.05,225.8998,226.77,17562070
2016-12-19 09:30:00,225.26,225.77,225.08,225.53,12267817
2016-12-19 10:30:00,225.53,226.02,225.0571,225.56,11722063
2016-12-19 11:30:00,225.57,225.65,225.0571,225.56,9324479
2016-12-19 12:30:00,225.57,225.92,225.0571,225.6575,8362534
2016-12-19 13:30:00,225.66,225.92,225.46,225.76,9196600
2016-12-19 14:30:00,225.76,225.76,225.0571,225.33,10413965
2016-12-19 15:30:00,225.34,225.55,225.0571,225.49,14232160
2016-12-20 09:30:00,226.15,226.57,225.5343,226.21,12644299
2016-12-20 10:30:00,226.205,226.48,225.5343,226.38,12873261
2016-12-20 11:30:00,226.39,226.4,225.5343,226.15,9763247
2016-12-20 12:30:00,226.15,226.38,226.12,226.35,16514872
2016-12-20 13:30:00,226.34,226.4,220.0,226.17,9260752
2016-12-20 14:30:00,226.17,226.2,225.5343,226.2,15810050
2016-12-20 15:30:00,226.2,226.39,225.5343,226.37,15114293
2016-12-21 09:30:00,226.25,226.45,226.07,226.1325,10440071
2016-12-21 10:30:00,226.13,226.3635,225.97,226.1,8008295
2016-12-21 11:30:00,226.11,226.3635,226.06,226.2005,7652984
2016-12-21 12:30:00,226.205,226.3635,226.06,226.105,4630536
2016-12-21 13:30:00,226.11,226.3635,218.99,226.155,6083794
2016-12-21 14:30:00,226.155,226.3635,225.94,225.99,10192166
2016-12-21 15:30:00,225.9942,226.3635,225.77,225.81,11119699
2016-12-22 09:30:00,225.6,225.8355,225.17,225.48,10820368
2016-12-22 10:30:00,225.48,225.8355,225.1,225.12,6830765
2016-12-22 11:30:00,225.12,225.36,224.92,225.0971,5082132
2016-12-22 12:30:00,225.1,225.29,225.08,225.2,6585912
2016-12-22 13:30:00,225.19,225.54,225.13,225.435,5317093
2016-12-22 14:30:00,225.43,225.4555,225.05,225.165,5954303
2016-12-22 15:30:00,225.16,225.46,225.06,225.43,7830873
2016-12-23 09:30:00,225.43,225.62,225.36,225.4445,6497261
2016-12-23 10:30:00,225.445,225.535,225.21,225.39,4119199
2016-12-23 11:30:00,225.39,225.46,225.33,225.4325,1685537
2016-12-23 12:30:00,225.43,225.48,225.32,225.41,2176765
2016-12-23 13:30:00,225.42,225.5,225.3779,225.435,4123405
2016-12-23 14:30:00,225.44,225.57,225.43,225.46,4776557
2016-12-23 15:30:00,225.47,225.72,225.4547,225.69,6041990
2016-12-27 09:30:00,226.02,226.73,226.0,226.6036,7672377
2016-12-27 10:30:00,226.6024,226.63,226.0,226.4589,3802356
2016-12-27 11:30:00,226.46,226.53,225.7168,226.295,4871779
2016-12-27 12:30:00,226.29,226.41,226.26,226.399,3596512
2016-12-27 13:30:00,226.4,226.61,226.32,226.4601,3749039
2016-12-27 14:30:00,226.46,226.53,226.31,226.385,3935703
2016-12-27 15:30:00,226.385,226.39,226.14,226.24,6019980
2016-12-28 09:30:00,226.57,226.59,225.32,225.5063,10377278
2016-12-28 10:30:00,225.5174,226.2618,225.35,225.68,8735378
2016-12-28 11:30:00,225.68,226.2618,224.83,224.97,7957116
2016-12-28 12:30:00,224.9668,226.2626,224.58,224.79,6337500
2016-12-28 13:30:00,224.79,226.2618,224.39,224.5229,5592791
2016-12-28 14:30:00,224.52,224.72,224.35,224.53,5008033
2016-12-28 15:30:00,224.53,224.59,224.27,224.43,8609665
2016-12-29 09:30:00,224.48,224.89,224.3818,224.675,8277758
2016-12-29 10:30:00,224.68,224.7,224.16,224.305,7313346
2016-12-29 11:30:00,224.31,224.385,223.84,224.17,6418068
2016-12-29 12:30:00,224.18,224.3818,224.08,224.16,4798562
2016-12-29 13:30:00,224.16,224.48,223.96,224.32,6648758
2016-12-29 14:30:00,224.32,224.389,224.15,224.28,4754145
2016-12-29 15:30:00,224.28,224.37,224.18,224.37,5528771
2017-01-19 09:30:00,226.84,227.0,226.3,226.55,9105275
2017-01-19 10:30:00,226.55,226.8363,226.06,226.46,7174201
2017-01-19 11:30:00,226.465,226.7755,226.27,226.37,5575281
2017-01-19 12:30:00,226.37,226.52,226.14,226.15,4776817
2017-01-19 13:30:00,226.15,226.7755,225.41,225.81,12992434
2017-01-19 14:30:00,225.81,226.7755,225.63,225.99,8933042
2017-01-19 15:30:00,225.99,226.7755,225.79,225.95,11382410
2017-01-20 09:30:00,226.7,227.31,226.67,226.905,22273171
2017-01-20 10:30:00,226.91,227.11,225.9619,226.82,21829380
2017-01-20 11:30:00,226.82,227.15,226.29,226.455,14013841
2017-01-20 12:30:00,226.47,226.6698,225.9619,226.625,11750862
2017-01-20 13:30:00,226.62,226.645,225.9619,226.2473,7840823
2017-01-20 14:30:00,226.24,226.7,226.13,226.22,9434693
2017-01-20 15:30:00,226.23,226.74,225.9619,226.7,15885867
2017-01-23 09:30:00,226.35,226.81,225.91,225.92,11998934
2017-01-23 10:30:00,225.925,226.25,225.53,225.74,9112411
2017-01-23 11:30:00,225.74,226.7311,224.73,225.6465,9689544
2017-01-23 12:30:00,225.64,226.7311,225.62,225.73,4639138
2017-01-23 13:30:00,225.73,226.7311,225.695,225.8,13459208
2017-01-23 14:30:00,225.805,226.19,225.75,226.07,6146280
2017-01-23 15:30:00,226.075,226.7311,226.05,226.18,9214861
2017-01-24 09:30:00,226.4,226.65,226.27,226.48,8361850
2017-01-24 10:30:00,226.48,226.83,226.1202,226.72,5994847
2017-01-24 11:30:00,226.715,227.19,226.1202,227.16,10035290
2017-01-24 12:30:00,227.165,227.53,226.1202,227.48,11146167
2017-01-24 13:30:00,227.47,227.85,226.1202,227.66,13169557
2017-01-24 14:30:00,227.67,228.08,226.1202,227.82,16121160
2017-01-24 15:30:00,227.82,227.87,226.1202,227.58,14518432
2017-01-25 09:30:00,228.7,229.06,228.51,228.8236,12808989
2017-01-25 10:30:00,228.82,229.33,227.605,229.14,7931285
2017-01-25 11:30:00,229.14,229.2,227.605,229.05,6949239
2017-01-25 12:30:00,229.05,229.26,227.605,229.2399,5504029
2017-01-25 13:30:00,229.24,229.49,227.605,229.43,8428553
2017-01-25 14:30:00,229.42,229.45,229.09,229.3311,7237126
2017-01-25 15:30:00,229.34,229.57,227.605,229.49,14305114
2017-01-26 09:30:00,229.4,229.71,229.24,229.375,11150906
2017-01-26 10:30:00,229.37,229.7,226.4,229.4,5307430
2017-01-26 11:30:00,229.4,229.53,229.21,229.288,4702538
2017-01-26 12:30:00,229.285,229.4352,229.01,229.17,6838229
2017-01-26 13:30:00,229.17,229.49,229.11,229.48,6145124
2017-01-26 14:30:00,229.48,229.52,229.19,229.31,6800430
2017-01-26 15:30:00,229.31,229.4352,229.085,229.3,9833613
2017-01-27 09:30:00,229.42,229.59,228.88,228.95,8856346
2017-01-27 10:30:00,228.95,229.2774,228.79,229.01,7116519
2017-01-27 11:30:00,229.01,229.2774,228.83,229.05,5116898
2017-01-27 12:30:00,229.045,229.2774,228.89,228.99,4072829
2017-01-27 13:30:00,228.9449,229.2774,228.87,228.9125,5697635
2017-01-27 14:30:00,228.915,229.2774,228.76,228.77,4469968
2017-01-27 15:30:00,228.77,229.2774,228.77,228.99,8877244
2017-01-30 09:30:00,228.17,228.21,226.7,226.96,20322023
2017-01-30 10:30:00,226.97,227.05,226.4002,226.78,10183157
2017-01-30 11:30:00,226.7799,229.0881,226.75,227.051,7488804
2017-01-30 12:30:00,227.05,227.11,226.81,226.9699,4626309
2017-01-30 13:30:00,226.97,229.0881,226.71,227.26,6429156
2017-01-30 14:30:00,227.26,227.38,226.99,227.12,5974027
2017-01-30 15:30:00,227.12,227.76,227.1,227.62,11654956
2017-01-31 09:30:00,226.98,227.7134,226.51,226.755,14979525
2017-01-31 10:30:00,226.75,227.7134,226.515,226.56,7683155
2017-01-31 11:30:00,226.56,227.7134,226.32,226.825,7698673
2017-01-31 12:30:00,226.82,226.93,226.56,226.81,3786728
2017-01-31 13:30:00,226.81,227.7134,226.42,226.73,6591158
2017-01-31 14:30:00,226.73,228.955,226.59,227.17,10669918
2017-01-31 15:30:00,227.17,227.6,227.16,227.56,10798925
2017-02-01 09:30:00,228.25,228.59,227.745,227.85,12114595
2017-02-01 10:30:00,227.85,228.36,227.15,227.24,11070593
2017-02-01 11:30:00,227.24,227.44,226.94,227.305,6996024
2017-02-01 12:30:00,227.3,227.59,227.2697,227.37,4127548
2017-02-01 13:30:00,227.38,227.9,227.02,227.7701,12882905
2017-02-01 14:30:00,227.78,227.8,227.14,227.67,9968212
2017-02-01 15:30:00,227.67,227.86,227.55,227.64,10759728
2017-02-02 09:30:00,227.2,227.6432,226.82,227.41,16480233
2017-02-02 10:30:00,227.4041,228.1,227.3,227.79,8280697
2017-02-02 11:30:00,227.79,227.9224,227.16,227.43,9741077
2017-02-02 12:30:00,227.44,227.79,227.4,227.43,5920379
2017-02-02 13:30:00,227.42,227.88,227.28,227.31,5928363
2017-02-02 14:30:00,227.315,227.77,227.18,227.7201,8413551
2017-02-02 15:30:00,227.73,227.83,227.5547,227.77,8117744
2017-02-03 09:30:00,228.81,229.3,227.7906,229.105,16394714
2017-02-03 10:30:00,229.1,229.52,227.7906,229.27,10703286
2017-02-03 11:30:00,229.26,229.42,227.7906,229.31,6654081
2017-02-03 12:30:00,229.31,229.43,227.7906,229.32,3584869
2017-02-03 13:30:00,229.32,229.4339,227.7906,229.27,5139172
2017-02-03 14:30:00,229.26,229.51,227.7906,229.355,6671170
2017-02-03 15:30:00,229.359,229.55,227.7906,229.37,14531894
2017-02-06 09:30:00,228.87,229.4433,228.82,229.225,10159178
2017-02-06 10:30:00,229.22,229.26,228.89,229.194,5825005
2017-02-06 11:30:00,229.19,229.4433,228.92,229.0,3945860
2017-02-06 12:30:00,228.99,229.4434,228.545,228.7,6587822
2017-02-06 13:30:00,228.7,229.4433,228.54,228.73,6432917
2017-02-06 14:30:00,228.72,229.4434,228.66,228.815,7385073
2017-02-06 15:30:00,228.82,229.4433,228.75,228.97,7417434
2017-02-07 09:30:00,229.38,229.66,228.9691,229.48,9032490
2017-02-07 10:30:00,229.475,229.62,228.9691,229.15,9630806
2017-02-07 11:30:00,229.15,229.555,227.43,228.97,8423651
2017-02-07 12:30:00,228.97,229.1498,228.72,228.945,8032772
2017-02-07 13:30:00,228.94,229.95,228.86,228.95,5081971
2017-02-07 14:30:00,228.94,229.175,228.9,229.01,4651851
2017-02-07 15:30:00,229.01,229.0182,228.79,228.97,6928466
2017-02-09 09:30:00,229.56,230.2,229.292,230.18,11099727
2017-02-09 10:30:00,230.17,230.8302,229.292,230.735,9738960
2017-02-09 11:30:00,230.74,230.79,229.24,230.55,6948878
2017-02-09 12:30:00,230.55,230.69,229.292,230.68,5672844
2017-02-09 13:30:00,230.68,230.81,230.55,230.75,7820887
2017-02-09 14:30:00,230.75,230.95,229.292,230.75,6496029
2017-02-09 15:30:00,230.74,230.75,226.96,230.57,8616116
2017-02-10 09:30:00,231.02,231.2,230.6216,231.08,11600714
2017-02-10 10:30:00,231.08,231.355,230.6216,231.1201,7127351
2017-02-10 11:30:00,231.125,231.4,230.6216,231.37,4994930
2017-02-10 12:30:00,231.38,231.678,212.8963,231.53,6107905
2017-02-10 13:30:00,231.54,231.7843,230.6216,231.59,6201649
2017-02-10 14:30:00,231.59,231.64,231.38,231.49,5731179
2017-02-10 15:30:00,231.485,231.62,230.6216,231.48,10269643
2017-02-13 09:30:00,232.08,232.5,231.4993,232.45,10739916
2017-02-13 10:30:00,232.45,232.64,232.3,232.57,5610373
2017-02-13 11:30:00,232.57,232.6,232.38,232.53,4027323
2017-02-13 12:30:00,232.54,233.0,232.5,232.979,5613327
2017-02-13 13:30:00,232.97,233.07,232.84,232.8821,5535514
2017-02-13 14:30:00,232.89,232.94,232.55,232.76,6520523
2017-02-13 15:30:00,232.755,232.84,231.4993,232.73,8049115
2017-02-14 09:30:00,232.56,232.79,232.24,232.46,12043696
2017-02-14 10:30:00,232.46,232.7772,232.16,232.62,8259867
2017-02-14 11:30:00,232.63,232.86,232.25,232.8172,4922883
2017-02-14 12:30:00,232.82,233.4641,232.67,233.38,6611476
2017-02-14 13:30:00,233.37,233.6786,226.345,233.51,10689389
2017-02-14 14:30:00,233.51,233.53,232.65,233.45,9130322
2017-02-14 15:30:00,233.45,233.71,232.7772,233.71,10928957
2017-02-15 09:30:00,233.45,233.83,233.39,233.79,12422786
2017-02-15 10:30:00,233.79,234.4727,233.5669,234.39,11816639
2017-02-15 11:30:00,234.39,234.45,233.9,234.1999,8649602
2017-02-15 12:30:00,234.19,234.45,233.7426,234.38,7582132
2017-02-15 13:30:00,234.37,234.75,233.7426,234.71,8647009
2017-02-15 14:30:00,234.71,235.1455,233.7426,234.995,11939996
2017-02-15 15:30:00,234.99,235.07,234.79,234.87,12632459
2017-02-16 09:30:00,234.96,235.1568,234.465,234.612,16387786
2017-02-16 10:30:00,234.6802,234.95,233.85,234.35,15837887
2017-02-16 11:30:00,234.345,234.95,234.21,234.45,7660042
2017-02-16 12:30:00,234.45,234.9295,234.2,234.33,8431667
2017-02-16 13:30:00,234.325,234.9295,234.09,234.25,8688111
2017-02-16 14:30:00,234.245,234.55,234.12,234.49,9230177
2017-02-16 15:30:00,234.485,234.9295,234.47,234.73,11076570
2017-02-17 09:30:00,233.95,234.52,233.93,234.41,14531141
2017-02-17 10:30:00,234.41,234.45,233.98,234.1053,8841606
2017-02-17 11:30:00,234.1,234.7297,234.05,234.37,5696906
2017-02-17 12:30:00,234.37,234.42,234.24,234.34,5073839
2017-02-17 13:30:00,234.35,234.58,234.3273,234.55,4032114
2017-02-17 14:30:00,234.55,234.78,234.54,234.7561,8208286
2017-02-17 15:30:00,234.755,235.07,234.399,235.06,13128836
2017-02-21 09:30:00,235.52,236.54,235.51,236.44,15465599
2017-02-21 10:30:00,236.44,236.65,235.56,235.99,10301534
2017-02-21 11:30:00,235.99,236.4,235.81,236.22,8239156
2017-02-21 12:30:00,236.22,236.27,235.1228,236.19,4856912
2017-02-21 13:30:00,236.2,236.33,235.1228,236.3163,5970208
2017-02-21 14:30:00,236.32,236.58,235.1228,236.575,10608882
2017-02-21 15:30:00,236.575,236.69,235.1228,236.45,11090201
2017-04-13 09:30:00,233.64,234.4699,233.42,234.11,13241501
2017-04-13 10:30:00,234.1,234.49,234.05,234.285,5585443
2017-04-13 11:30:00,234.285,234.39,233.66,233.81,7669530
2017-04-13 12:30:00,233.81,234.35,233.14,233.43,9188216
2017-04-13 13:30:00,233.44,234.1393,233.02,233.5,10737368
2017-04-13 14:30:00,233.51,233.63,232.97,233.09,7067861
2017-04-13 15:30:00,233.0805,234.1393,232.54,232.54,17617614
2017-04-17 09:30:00,233.11,233.77,232.5472,233.5,11889473
2017-04-17 10:30:00,233.504,233.84,233.11,233.84,5616714
2017-04-17 11:30:00,233.835,233.95,233.57,233.81,4745763
2017-04-17 12:30:00,233.82,233.97,233.66,233.9,3188737
2017-04-17 13:30:00,233.9,233.99,232.5472,233.86,5317165
2017-04-17 14:30:00,233.865,234.455,232.5472,234.372,7687042
2017-04-17 15:30:00,234.37,234.57,232.5472,234.57,16509517
2017-04-18 09:30:00,233.71,234.553,233.55,233.8,16209124
2017-04-18 10:30:00,233.79,234.553,233.72,234.05,10508603
2017-04-18 11:30:00,234.05,234.553,233.08,233.455,11763026
2017-04-18 12:30:00,233.452,233.67,233.27,233.67,4955213
2017-04-18 13:30:00,233.67,234.553,233.58,234.01,8680630
2017-04-18 14:30:00,234.0,234.553,233.68,233.915,8932278
2017-04-18 15:30:00,233.91,234.553,233.7975,233.86,12574679
2017-04-19 09:30:00,234.52,234.95,234.46,234.69,10747186
2017-04-19 10:30:00,234.69,234.729,234.32,234.684,6260815
2017-04-19 11:30:00,234.6884,234.7399,234.05,234.2468,5362700
2017-04-19 12:30:00,234.25,234.37,233.88,234.09,5627952
2017-04-19 13:30:00,234.1,234.18,233.7,233.92,5407026
2017-04-19 14:30:00,233.92,234.0,233.35,233.38,9499829
2017-04-19 15:30:00,233.385,233.9052,233.12,233.47,15296401
2017-04-20 09:30:00,234.15,234.4699,233.7717,234.2,11923239
2017-04-20 10:30:00,234.19,234.54,234.05,234.52,8561167
2017-04-20 11:30:00,234.52,235.32,233.9052,235.16,12801136
2017-04-20 12:30:00,235.155,235.44,233.5093,235.3511,9070976
2017-04-20 13:30:00,235.36,235.845,233.5093,235.63,12069767
2017-04-20 14:30:00,235.63,235.75,233.5093,235.49,12990646
2017-04-20 15:30:00,235.49,235.69,233.5093,235.3,14151144
2017-04-21 09:30:00,235.25,235.31,234.91,235.14,25016117
2017-04-21 10:30:00,235.135,235.14,234.5625,234.93,13497521
2017-04-21 11:30:00,234.93,235.2729,234.63,234.6999,7221213
2017-04-21 12:30:00,234.69,235.2729,234.13,234.4,10884120
2017-04-21 13:30:00,234.39,235.2729,234.275,234.93,8629057
2017-04-21 14:30:00,234.93,235.2729,234.47,234.7,9776556
2017-04-21 15:30:00,234.7,235.2729,234.5234,234.59,16500624
2017-04-24 09:30:00,237.18,237.28,234.5628,237.0958,19223670
2017-04-24 10:30:00,237.09,237.26,234.5628,236.74,18332227
2017-04-24 11:30:00,236.74,236.96,234.5628,236.86,8895635
2017-04-24 12:30:00,236.855,237.11,234.5628,237.09,12180836
2017-04-24 13:30:00,237.23,237.32,234.5628,237.2199,11927740
2017-04-24 14:30:00,237.22,237.41,234.5628,237.26,13270040
2017-04-24 15:30:00,237.26,237.3571,234.5628,237.12,15060282
2017-04-25 09:30:00,237.91,238.75,237.81,238.5199,16013512
2017-04-25 10:30:00,238.52,238.62,237.93,238.44,8089818
2017-04-25 11:30:00,238.44,238.66,237.1031,238.5601,6765408
2017-04-25 12:30:00,238.56,238.71,237.1031,238.59,6410825
2017-04-25 13:30:00,238.59,238.82,237.1031,238.683,8758857
2017-04-25 14:30:00,238.69,238.95,237.1031,238.84,9085327
2017-04-25 15:30:00,238.84,238.85,238.53,238.53,10549854
2017-04-26 09:30:00,238.53,238.91,238.5,238.87,10663445
2017-04-26 10:30:00,238.88,239.5799,237.93,239.47,9304318
2017-04-26 11:30:00,239.48,239.48,238.5461,239.02,9513141
2017-04-26 12:30:00,239.0211,239.42,238.5487,239.2,5613816
2017-04-26 13:30:00,239.21,239.5,238.79,239.0,10456152
2017-04-26 14:30:00,239.0,239.28,238.5487,239.08,10422503
2017-04-26 15:30:00,239.07,239.1138,238.35,238.44,15530630
2017-04-27 09:30:00,238.77,238.84,238.37,238.49,9571410
2017-04-27 10:30:00,238.49,238.7763,238.03,238.2,8750329
2017-04-27 11:30:00,238.2,238.4562,237.98,238.19,5526311
2017-04-27 12:30:00,238.18,238.95,238.1,238.79,6543898
2017-04-27 13:30:00,238.8,238.83,238.55,238.63,3793254
2017-04-27 14:30:00,238.63,238.81,238.41,238.61,4167128
2017-04-27 15:30:00,238.61,238.68,238.42,238.61,6623911
2017-04-28 09:30:00,238.9,238.93,238.16,238.335,9167048
2017-04-28 10:30:00,238.34,238.46,235.0,238.265,6428456
2017-04-28 11:30:00,238.26,238.4395,238.03,238.28,4285613
2017-04-28 12:30:00,238.275,238.6,238.03,238.18,3715348
2017-04-28 13:30:00,238.18,238.24,237.93,238.07,4653846
2017-04-28 14:30:00,238.07,238.25,237.99,238.11,6681837
2017-04-28 15:30:00,238.11,238.5898,238.01,238.1,11997071
2017-05-01 09:30:00,238.69,238.7,238.19,238.355,8173830
2017-05-01 10:30:00,238.355,238.84,238.34,238.64,5271599
2017-05-01 11:30:00,238.645,238.87,238.59,238.76,3949778
2017-05-01 12:30:00,238.75,238.87,238.25,238.7297,5055575
2017-05-01 13:30:00,238.725,239.17,238.7,239.01,5100795
2017-05-01 14:30:00,239.01,239.07,238.1347,238.91,5636138
2017-05-01 15:30:00,238.91,239.12,238.5758,238.65,8208028
2017-05-02 09:30:00,238.84,238.98,238.3,238.52,11433388
2017-05-02 10:30:00,238.52,238.62,238.38,238.471,6716624
2017-05-02 11:30:00,238.48,238.83,238.43,238.79,6353078
2017-05-02 12:30:00,238.79,238.9298,238.547,238.765,3650817
2017-05-02 13:30:00,238.77,238.8,238.547,238.66,7070369
2017-05-02 14:30:00,238.66,238.67,238.38,238.5238,5313202
2017-05-02 15:30:00,238.53,238.81,238.49,238.79,8107944
2017-05-03 09:30:00,238.32,238.49,238.05,238.38,10954763
2017-05-03 10:30:00,238.37,238.8775,237.7,238.17,9274802
2017-05-03 11:30:00,238.16,238.8775,238.105,238.32,4968367
2017-05-03 12:30:00,238.325,238.8775,238.01,238.095,7169870
2017-05-03 13:30:00,238.0943,238.8775,238.045,238.2,10893652
2017-05-03 14:30:00,238.205,238.8775,238.12,238.42,7376645
2017-05-03 15:30:00,238.42,238.8775,234.57,238.52,9350143
2017-05-04 09:30:00,238.83,238.93,238.27,238.775,10092417
2017-05-04 10:30:00,238.78,238.84,238.41,238.57,7989892
2017-05-04 11:30:00,238.57,238.84,237.78,238.06,11897519
2017-05-04 12:30:00,238.06,238.61,233.2266,238.4,6405292
2017-05-04 13:30:00,238.41,238.74,238.21,238.58,7086372
2017-05-04 14:30:00,238.57,238.77,238.4,238.56,4869317
2017-05-04 15:30:00,238.55,238.799,238.4868,238.75,7340408
2017-05-05 09:30:00,239.18,239.31,238.73,238.88,7858426
2017-05-05 10:30:00,238.881,239.04,238.68,238.8,4955073
2017-05-05 11:30:00,238.81,239.12,238.78,238.915,4769685
2017-05-05 12:30:00,238.92,239.01,238.71,238.98,6153424
2017-05-05 13:30:00,238.985,239.25,238.95,239.1201,4227231
2017-05-05 14:30:00,239.13,239.41,239.1,239.335,7690487
2017-05-05 15:30:00,239.34,239.72,238.7305,239.72,12599912
2017-05-08 09:30:00,239.76,239.93,239.39,239.43,9315535
2017-05-08 10:30:00,239.44,239.7314,239.17,239.23,8028123
2017-05-08 11:30:00,239.23,239.5,235.34,239.4,3701715
2017-05-08 12:30:00,239.39,239.7314,239.39,239.6101,3872584
2017-05-08 13:30:00,239.61,239.7314,239.5399,239.6263,5260972
2017-05-08 14:30:00,239.625,239.7314,239.4999,239.58,5293661
2017-05-08 15:30:00,239.57,239.7314,239.39,239.67,7235214
2017-07-20 09:30:00,247.28,247.42,246.91,247.0435,6726915
2017-07-20 10:30:00,247.05,247.26,246.47,246.84,9896590
2017-07-20 11:30:00,246.84,247.2698,246.67,247.22,3489535
2017-07-20 12:30:00,247.23,247.3125,247.06,247.2436,2173110
2017-07-20 13:30:00,247.2441,247.36,247.14,247.185,2746218
2017-07-20 14:30:00,247.18,247.33,246.97,247.32,4181133
2017-07-20 15:30:00,247.31,247.36,246.97,247.07,7981952
2017-07-21 09:30:00,246.45,246.9895,246.18,246.4675,31286458
2017-07-21 10:30:00,246.47,246.9895,246.2069,246.4761,11328437
2017-07-21 11:30:00,246.47,246.9895,246.2119,246.62,7996333
2017-07-21 12:30:00,246.62,246.9895,246.59,246.78,5961040
2017-07-21 13:30:00,246.79,246.9895,246.55,246.6799,6601421
2017-07-21 14:30:00,246.68,246.9895,246.2109,246.56,4485034
2017-07-21 15:30:00,246.56,246.9895,246.55,246.89,8545917
2017-07-24 09:30:00,246.81,246.86,246.42,246.4556,6073436
2017-07-24 10:30:00,246.46,246.54,246.28,246.4175,4489775
2017-07-24 11:30:00,246.415,246.71,246.4,246.6699,2582268
2017-07-24 12:30:00,246.6635,246.7198,246.5,246.66,2742958
2017-07-24 13:30:00,246.66,246.81,246.6,246.76,2664180
2017-07-24 14:30:00,246.75,246.96,246.59,246.94,3940477
2017-07-24 15:30:00,246.94,246.98,246.69,246.81,8900773
2017-07-25 09:30:00,247.69,247.7262,246.6447,247.5,12838244
2017-07-25 10:30:00,247.495,247.655,246.6447,247.595,7207642
2017-07-25 11:30:00,247.6,247.8,246.6447,247.66,4394320
2017-07-25 12:30:00,247.655,247.7191,247.6,247.67,3400446
2017-07-25 13:30:00,247.66,247.75,246.6447,247.65,5521690
2017-07-25 14:30:00,247.65,247.72,246.6447,247.42,5271091
2017-07-25 15:30:00,247.42,247.47,246.6447,247.39,8558321
2017-07-26 09:30:00,247.76,247.79,246.6447,247.5805,7479570
2017-07-26 10:30:00,247.59,247.695,246.6447,247.54,6317820
2017-07-26 11:30:00,247.53,247.66,247.48,247.575,3646860
2017-07-26 12:30:00,247.575,247.62,229.18,247.375,3130664
2017-07-26 13:30:00,247.38,247.68,247.28,247.67,6125493
2017-07-26 14:30:00,247.67,247.67,247.345,247.44,4880046
2017-07-26 15:30:00,247.445,247.49,247.125,247.45,8908770
2017-07-27 09:30:00,247.96,248.0199,247.54,247.88,5655888
2017-07-27 10:30:00,247.88,247.96,247.4593,247.75,4307124
2017-07-27 11:30:00,247.74,251.5992,247.73,247.8562,2899052
2017-07-27 12:30:00,247.855,247.89,246.03,246.35,16819593
2017-07-27 13:30:00,246.34,246.72,245.68,246.54,15428830
2017-07-27 14:30:00,246.5373,246.75,246.05,246.68,7626843
2017-07-27 15:30:00,246.69,247.4593,246.6,247.22,11009542
2017-07-28 09:30:00,246.65,246.8712,246.29,246.35,11613962
2017-07-28 10:30:00,246.36,246.62,246.13,246.46,6457235
2017-07-28 11:30:00,246.45,246.78,246.43,246.67,3000189
2017-07-28 12:30:00,246.675,246.75,246.56,246.625,2528292
2017-07-28 13:30:00,246.62,246.76,246.59,246.7,2903266
2017-07-28 14:30:00,246.71,247.2272,246.6601,246.7599,5486685
2017-07-28 15:30:00,246.75,247.06,246.7395,246.9,7439236
2017-07-31 09:30:00,247.37,247.48,246.74,246.8499,8076517
2017-07-31 10:30:00,246.84,246.89,246.53,246.861,5864895
2017-07-31 11:30:00,246.87,247.1,246.8,247.055,2932619
2017-07-31 12:30:00,247.06,247.4809,246.87,247.03,3005798
2017-07-31 13:30:00,247.03,247.08,246.88,247.05,4263911
2017-07-31 14:30:00,247.06,247.095,246.82,247.09,5689361
2017-07-31 15:30:00,247.08,247.24,246.71,246.74,10190072
2017-08-01 09:30:00,247.45,247.5,246.716,246.96,10489992
2017-08-01 10:30:00,246.95,247.32,246.8,246.898,6836258
2017-08-01 11:30:00,246.89,247.39,246.89,247.27,4595699
2017-08-01 12:30:00,247.27,247.3875,247.21,247.32,2248524
2017-08-01 13:30:00,247.32,247.37,242.3399,247.3226,3490157
2017-08-01 14:30:00,247.33,247.365,247.15,247.27,3486085
2017-08-01 15:30:00,247.27,247.36,246.716,247.309,6733097
2017-08-02 09:30:00,247.48,247.61,246.635,246.69,9272536
2017-08-02 10:30:00,246.6899,246.885,245.56,246.88,7960971
2017-08-02 11:30:00,246.885,247.0,246.65,246.66,4288126
2017-08-02 12:30:00,246.6501,246.96,246.6,246.93,3100713
2017-08-02 13:30:00,246.94,247.24,246.87,247.15,3810156
2017-08-02 14:30:00,247.15,247.43,247.14,247.24,4172688
2017-08-02 15:30:00,247.24,247.5,247.14,247.44,6718290
2017-08-03 09:30:00,247.31,247.34,246.84,247.22,6944000
2017-08-03 10:30:00,247.22,247.31,247.05,247.07,4390302
2017-08-03 11:30:00,247.07,247.5331,246.9,247.1,3649762
2017-08-03 12:30:00,247.1,247.5331,246.86,246.93,2962807
2017-08-03 13:30:00,246.93,247.533,246.79,247.15,3743163
2017-08-03 14:30:00,247.15,247.23,236.955,247.2,3423613
2017-08-03 15:30:00,247.196,247.2,246.64,246.98,8876321
2017-08-04 09:30:00,247.52,247.79,246.97,247.505,8929678
2017-08-04 10:30:00,247.5,247.58,247.17,247.37,9722172
2017-08-04 11:30:00,247.3665,247.48,247.27,247.37,3921652
2017-08-04 12:30:00,247.37,247.39,246.9967,247.32,3384917
2017-08-04 13:30:00,247.32,247.45,246.9967,247.17,3726044
2017-08-04 14:30:00,247.16,247.34,246.9967,247.27,4872113
2017-08-04 15:30:00,247.28,247.46,246.9967,247.4,11548885
2017-09-05 09:30:00,247.24,247.52,246.93,247.119,10973917
2017-09-05 10:30:00,247.12,247.1941,246.46,246.62,8644311
2017-09-05 11:30:00,246.61,246.85,245.71,245.735,10214429
2017-09-05 12:30:00,245.73,247.9644,244.95,245.41,16415528
2017-09-05 13:30:00,245.4411,247.9644,245.1798,246.06,9573391
2017-09-05 14:30:00,246.05,247.9645,245.57,246.09,9199580
2017-09-05 15:30:00,246.09,247.9644,245.79,246.1,13269586
2017-09-06 09:30:00,246.85,247.08,246.52,246.64,10838091
2017-09-06 10:30:00,246.64,246.78,246.1006,246.48,8792801
2017-09-06 11:30:00,246.485,246.75,246.39,246.69,3848655
2017-09-06 12:30:00,246.7,247.03,246.5,246.87,5426713
2017-09-06 13:30:00,246.8795,247.19,246.83,247.091,3637939
2017-09-06 14:30:00,247.09,248.1646,246.95,247.24,5536221
2017-09-06 15:30:00,247.24,247.2601,246.1006,246.91,10311680
2017-09-07 09:30:00,247.26,247.27,246.43,246.515,11575330
2017-09-07 10:30:00,246.52,247.155,246.44,246.65,10136006
2017-09-07 11:30:00,246.63,247.1883,246.52,246.55,9883224
2017-09-07 12:30:00,246.55,246.99,246.3725,246.7501,4631154
2017-09-07 13:30:00,246.75,248.15,246.68,246.87,2883142
2017-09-07 14:30:00,246.87,246.9235,246.6,246.639,3853739
2017-09-07 15:30:00,246.63,246.94,246.55,246.89,7702025
2017-09-08 09:30:00,246.53,246.87,246.3,246.66,10378806
2017-09-08 10:30:00,246.66,247.11,246.55,246.93,5040130
2017-09-08 11:30:00,246.93,246.99,246.58,246.77,4179559
2017-09-08 12:30:00,246.78,246.91,246.7,246.76,4264087
2017-09-08 13:30:00,246.77,246.8868,246.63,246.77,5992235
2017-09-08 14:30:00,246.775,246.94,246.48,246.49,6352289
2017-09-08 15:30:00,246.49,246.8868,246.36,246.55,10396272
2017-09-11 09:30:00,248.04,248.79,246.5251,248.66,14004650
2017-09-11 10:30:00,248.67,248.73,246.5251,248.61,6856167
2017-09-11 11:30:00,248.61,249.04,246.5251,249.01,6308408
2017-09-11 12:30:00,249.011,249.3,248.99,249.18,6066997
2017-09-11 13:30:00,249.1863,249.25,246.5251,249.1,4825564
2017-09-11 14:30:00,249.09,249.2675,249.02,249.13,6132151
2017-09-11 15:30:00,249.125,249.19,249.0,249.17,11751130
2017-09-12 09:30:00,249.63,249.975,249.57,249.5854,10221953
2017-09-12 10:30:00,249.58,249.72,248.9337,249.65,6977598
2017-09-12 11:30:00,249.65,249.83,249.63,249.8,4319470
2017-09-12 12:30:00,249.8,249.96,249.8,249.95,4065963
2017-09-12 13:30:00,249.94,250.0588,249.7,249.74,4924195
2017-09-12 14:30:00,249.75,249.83,249.6,249.77,8211799
2017-09-12 15:30:00,249.77,250.07,249.1975,250.07,9743492
2017-09-13 09:30:00,249.71,250.06,249.59,250.01,7858199
2017-09-13 10:30:00,250.0,250.1,249.7941,249.971,7514050
2017-09-13 11:30:00,249.98,250.0367,249.73,249.95,6867110
2017-09-13 12:30:00,249.9674,250.12,249.86,250.0,4374134
2017-09-13 13:30:00,249.9999,250.055,249.91,249.97,2553495
2017-09-13 14:30:00,249.96,250.11,249.93,250.01,4205322
2017-09-13 15:30:00,250.005,250.23,249.96,250.1801,8005193
2017-09-14 09:30:00,249.79,250.05,249.6,249.99,10788755
2017-09-14 10:30:00,249.98,250.32,249.688,250.1691,5585644
2017-09-14 11:30:00,250.17,250.3063,249.98,250.0588,4040205
2017-09-14 12:30:00,250.05,250.24,250.0,250.12,8343588
2017-09-14 13:30:00,250.13,250.3063,249.96,250.08,5348349
2017-09-14 14:30:00,250.075,250.3064,249.97,250.055,14682894
2017-09-14 15:30:00,250.05,250.3064,249.94,250.1,15905774
2017-10-19 09:30:00,254.82,255.26,254.35,254.85,12717815
2017-10-19 10:30:00,254.8433,255.23,254.67,255.1,6426350
2017-10-19 11:30:00,255.105,255.6843,254.8033,255.249,6642021
2017-10-19 12:30:00,255.25,255.6843,255.085,255.42,4887350
2017-10-19 13:30:00,255.42,255.6843,255.3628,255.39,4894380
2017-10-19 14:30:00,255.391,255.6843,255.391,255.62,5349918
2017-10-19 15:30:00,255.62,255.82,255.46,255.82,10049890
2017-10-20 09:30:00,256.7,256.75,256.42,256.59,24351762
2017-10-20 10:30:00,256.59,256.73,256.43,256.51,5524065
2017-10-20 11:30:00,256.52,256.78,255.7843,256.77,6015118
2017-10-20 12:30:00,256.765,257.0199,255.7744,256.95,5699554
2017-10-20 13:30:00,256.96,257.12,255.7844,257.0862,7831306
2017-10-20 14:30:00,257.09,257.14,255.7844,256.875,5302181
2017-10-20 15:30:00,256.88,257.09,255.7844,257.08,12300481
2017-10-23 09:30:00,257.48,257.53,257.03,257.11,7916011
2017-10-23 10:30:00,257.11,257.23,256.95,257.125,4429035
2017-10-23 11:30:00,257.12,257.1581,256.85,256.9955,10000940
2017-10-23 12:30:00,256.995,257.08,256.87,256.925,2131060
2017-10-23 13:30:00,256.925,257.0959,256.54,256.674,4661980
2017-10-23 14:30:00,256.68,257.0959,256.23,256.324,6911798
2017-10-23 15:30:00,256.32,257.0959,256.02,256.15,13698576
2017-10-24 09:30:00,256.59,256.74,256.15,256.4389,11088904
2017-10-24 10:30:00,256.43,256.6299,256.0831,256.58,9542244
2017-10-24 11:30:00,256.58,256.69,256.5,256.605,4513807
2017-10-24 12:30:00,256.6,256.67,256.51,256.6,5710904
2017-10-24 13:30:00,256.6,256.83,256.57,256.78,3213584
2017-10-24 14:30:00,256.77,256.82,256.0831,256.385,10383603
2017-10-24 15:30:00,256.38,256.59,256.0831,256.54,9012818
2017-10-25 09:30:00,256.19,256.31,255.43,255.62,9533361
2017-10-25 10:30:00,255.62,256.4964,254.46,254.8,13661444
2017-10-25 11:30:00,254.8,256.4964,254.04,254.06,16909587
2017-10-25 12:30:00,254.06,256.4964,254.0,254.57,10050782
2017-10-25 13:30:00,254.57,256.4964,254.57,255.35,9735031
2017-10-25 14:30:00,255.35,256.4964,254.95,255.51,9701804
2017-10-25 15:30:00,255.51,256.4964,254.9,255.3,13233675
2017-10-26 09:30:00,256.0,256.2245,255.3023,255.78,11152393
2017-10-26 10:30:00,255.79,256.3,255.3023,255.95,10943553
2017-10-26 11:30:00,255.95,256.14,255.219,256.1266,5781092
2017-10-26 12:30:00,256.125,256.125,255.3023,255.9742,5615929
2017-10-26 13:30:00,255.98,256.1,255.86,256.045,2855164
2017-10-26 14:30:00,256.04,256.09,255.3023,255.77,9728433
2017-10-26 15:30:00,255.78,255.92,255.3023,255.59,10478170
2017-10-27 09:30:00,256.5,257.08,256.15,256.78,14138654
2017-10-27 10:30:00,256.79,257.34,255.6254,257.31,6412488
2017-10-27 11:30:00,257.315,257.69,257.17,257.55,5419852
2017-10-27 12:30:00,257.54,257.745,255.6254,257.475,4248773
2017-10-27 13:30:00,257.475,257.89,257.47,257.71,4952909
2017-10-27 14:30:00,257.71,257.8,255.6254,257.7045,7586031
2017-10-27 15:30:00,257.705,257.76,255.6254,257.68,22742298
2017-10-30 09:30:00,257.07,257.5,256.99,257.46,7164728
2017-10-30 10:30:00,257.47,257.6,257.04,257.0525,4200591
2017-10-30 11:30:00,257.055,257.12,256.41,256.649,7792159
2017-10-30 12:30:00,256.64,257.7027,256.64,256.97,6655167
2017-10-30 13:30:00,256.9662,257.7027,256.65,256.86,4997327
2017-10-30 14:30:00,256.86,256.98,256.11,256.72,4471413
2017-10-30 15:30:00,256.72,257.06,256.6557,256.8,7731172
2017-10-31 09:30:00,257.18,257.21,256.8,257.049,6117457
2017-10-31 10:30:00,257.0475,257.379,256.965,257.25,4209693
2017-10-31 11:30:00,257.25,257.32,257.12,257.2,3159495
2017-10-31 12:30:00,257.19,257.29,257.16,257.21,2498443
2017-10-31 13:30:00,257.22,257.39,257.15,257.3735,3657180
2017-10-31 14:30:00,257.375,257.44,256.89,257.33,6703189
2017-10-31 15:30:00,257.33,257.33,256.89,257.11,13724968
2017-11-01 09:30:00,258.04,258.43,257.92,258.0285,10225703
2017-11-01 10:30:00,258.02,258.16,257.1326,257.865,8389937
2017-11-01 11:30:00,257.865,258.0,257.43,257.72,7071588
2017-11-01 12:30:00,257.715,257.76,257.07,257.37,4947331
2017-11-01 13:30:00,257.369,257.7,257.21,257.42,4623495
2017-11-01 14:30:00,257.3,257.75,257.1326,257.65,5591782
2017-11-01 15:30:00,257.65,257.76,257.1326,257.51,6503750
2017-11-02 09:30:00,257.42,257.53,256.19,256.63,11700304
2017-11-02 10:30:00,256.64,257.5678,256.599,256.82,8124928
2017-11-02 11:30:00,256.82,257.47,256.63,257.42,6050733
2017-11-02 12:30:00,257.42,257.5677,257.17,257.205,4464971
2017-11-02 13:30:00,257.2,257.5677,257.11,257.43,3654007
2017-11-02 14:30:00,257.43,257.5677,257.05,257.39,5069308
2017-11-02 15:30:00,257.391,257.75,257.3374,257.61,9101700
2017-11-03 09:30:00,257.78,257.86,257.3,257.49,10482256
2017-11-03 10:30:00,257.5,257.86,257.39,257.83,3744908
2017-11-03 11:30:00,257.83,258.18,251.49,258.125,5595115
2017-11-03 12:30:00,258.13,258.34,258.08,258.2466,3968005
2017-11-03 13:30:00,258.245,258.5,257.6426,258.47,5344907
2017-11-03 14:30:00,258.47,258.4899,258.25,258.3397,4910571
2017-11-03 15:30:00,258.33,258.45,258.0482,258.44,9491706
2017-11-06 09:30:00,258.29,258.78,258.22,258.65,7084852
2017-11-06 10:30:00,258.66,258.8,258.451,258.7665,3465091
2017-11-06 11:30:00,258.77,258.8,258.4578,258.615,5093224
2017-11-06 12:30:00,258.62,258.87,258.4578,258.7426,5616484
2017-11-06 13:30:00,258.745,258.9199,258.74,258.845,1951643
2017-11-06 14:30:00,258.8592,258.99,258.4578,258.96,4186892
2017-11-06 15:30:00,258.96,259.01,258.4578,258.82,11885452
2017-11-07 09:30:00,258.97,259.35,258.7849,258.98,9899865
2017-11-07 10:30:00,258.98,259.07,258.56,258.76,9000829
2017-11-07 11:30:00,258.7699,258.8517,258.09,258.38,8228458
2017-11-07 12:30:00,258.37,258.62,258.2318,258.591,3871355
2017-11-07 13:30:00,258.6,258.7849,258.35,258.43,5905686
2017-11-07 14:30:00,258.43,258.7849,258.23,258.2644,5849073
2017-11-07 15:30:00,258.27,258.7849,258.24,258.7,7985636
2017-11-08 09:30:00,258.46,258.58,258.15,258.471,7150898
2017-11-08 10:30:00,258.47,258.7394,258.23,258.575,4669295
2017-11-08 11:30:00,258.575,258.85,258.405,258.83,4149880
2017-11-08 12:30:00,258.84,259.0799,258.62,259.03,4923240
2017-11-08 13:30:00,259.03,259.1,257.49,259.035,5361627
2017-11-08 14:30:00,259.04,259.14,258.77,259.07,3928707
2017-11-08 15:30:00,259.07,259.22,258.7394,259.13,9171479
2017-11-09 09:30:00,257.73,258.31,257.435,258.12,14558632
2017-11-09 10:30:00,258.115,259.1736,257.6301,257.87,10870370
2017-11-09 11:30:00,257.87,257.91,256.59,256.64,14841140
2017-11-09 12:30:00,256.65,258.05,256.36,257.415,13786751
2017-11-09 13:30:00,257.4166,259.1736,257.3494,257.699,12851212
2017-11-09 14:30:00,257.695,259.1736,257.52,258.025,9398309
2017-11-09 15:30:00,258.02,259.1736,257.4161,258.2,10738219
2018-01-19 09:30:00,279.8,280.0232,279.1517,279.84,33633007
2018-01-19 10:30:00,279.85,279.94,279.14,279.62,11289004
2018-01-19 11:30:00,279.62,280.0181,276.9459,279.61,8561473
2018-01-19 12:30:00,279.6,280.0181,279.1517,279.66,12904263
2018-01-19 13:30:00,279.66,280.07,279.1517,279.95,12100521
2018-01-19 14:30:00,279.95,280.32,273.51,280.3,12292797
2018-01-19 15:30:00,280.305,280.4,279.1517,280.38,19649733
2018-01-22 09:30:00,280.16,281.65,280.11,281.29,9613496
2018-01-22 10:30:00,281.3,281.39,280.92,280.93,7407263
2018-01-22 11:30:00,280.93,281.8,280.89,281.73,5812009
2018-01-22 12:30:00,281.73,281.96,280.3786,281.77,5942000
2018-01-22 13:30:00,281.77,281.89,267.195,281.62,8175009
2018-01-22 14:30:00,281.62,282.0255,281.5711,281.905,4911576
2018-01-22 15:30:00,281.91,282.68,280.3786,282.67,14922030
2018-01-23 09:30:00,282.75,283.44,282.37,282.95,16356099
2018-01-23 10:30:00,282.96,283.92,282.6485,283.3371,15646684
2018-01-23 11:30:00,283.33,283.38,282.6486,283.05,5998897
2018-01-23 12:30:00,283.045,283.41,282.6485,283.1699,11815042
2018-01-23 13:30:00,283.17,283.5,282.88,283.14,6728604
2018-01-23 14:30:00,283.14,283.51,282.6485,283.285,7051185
2018-01-23 15:30:00,283.289,283.54,283.2,283.26,13127734
2018-01-24 09:30:00,283.99,284.6461,283.2608,284.3651,15568814
2018-01-24 10:30:00,284.365,284.7,283.22,283.39,17370364
2018-01-24 11:30:00,283.386,283.5075,282.38,282.82,13186283
2018-01-24 12:30:00,282.82,283.55,281.84,282.5156,15154809
2018-01-24 13:30:00,282.515,283.53,282.4254,283.52,21384891
2018-01-24 14:30:00,283.52,283.76,283.1,283.29,11160892
2018-01-24 15:30:00,283.29,283.77,282.1,283.18,14524471
2018-01-25 09:30:00,284.16,284.27,282.71,283.16,15137126
2018-01-25 10:30:00,283.17,283.67,282.92,283.55,6890605
2018-01-25 11:30:00,283.55,284.07,283.1034,283.86,6464768
2018-01-25 12:30:00,283.86,284.0,283.1034,283.52,4864596
2018-01-25 13:30:00,283.515,283.92,283.1,283.34,10448344
2018-01-25 14:30:00,283.34,283.755,282.405,283.0915,14232655
2018-01-25 15:30:00,283.1,283.38,282.93,283.28,9523243
2018-01-26 09:30:00,284.27,284.58,283.2767,284.25,10548275
2018-01-26 10:30:00,284.26,284.93,283.2767,284.77,9686997
2018-01-26 11:30:00,284.77,284.9,283.2767,284.89,5294313
2018-01-26 12:30:00,284.8862,285.41,268.1,285.26,8054725
2018-01-26 13:30:00,285.25,285.59,283.2767,285.31,8050366
2018-01-26 14:30:00,285.3066,286.04,283.2767,285.9567,11987743
2018-01-26 15:30:00,285.96,286.58,283.2767,286.57,22450420
2018-01-29 09:30:00,285.97,286.6369,281.91,285.9498,16547241
2018-01-29 10:30:00,285.945,286.6369,263.93,285.36,12629796
2018-01-29 11:30:00,285.36,286.6369,285.24,285.67,8615274
2018-01-29 12:30:00,285.68,286.6369,285.4,285.9348,6452296
2018-01-29 13:30:00,285.93,286.6369,285.55,285.64,4453198
2018-01-29 14:30:00,285.63,285.71,285.11,285.1375,6893565
2018-01-29 15:30:00,285.14,286.6369,284.5,284.68,17961508
2018-01-30 09:30:00,282.59,284.736,258.099,282.2599,32831495
2018-01-30 10:30:00,282.25,284.7361,282.0,282.27,21797765
2018-01-30 11:30:00,282.27,284.736,281.79,281.8523,8658628
2018-01-30 12:30:00,281.86,284.7361,281.37,281.475,11843282
2018-01-30 13:30:00,281.475,284.736,281.44,282.1099,9020071
2018-01-30 14:30:00,282.105,284.736,281.52,282.0801,10263872
2018-01-30 15:30:00,282.08,284.736,281.58,281.66,16427670
2018-01-31 09:30:00,282.73,283.3,282.41,282.74,12737034
2018-01-31 10:30:00,282.74,283.18,281.88,281.8943,9009646
2018-01-31 11:30:00,281.89,282.29,281.82,282.1485,5811230
2018-01-31 12:30:00,282.15,283.24,281.6455,282.521,8391297
2018-01-31 13:30:00,282.52,282.79,281.48,281.6268,10033198
2018-01-31 14:30:00,281.6275,281.79,280.68,281.4475,21707115
2018-01-31 15:30:00,281.445,282.52,281.3419,281.91,24902997
2018-02-01 09:30:00,281.04,281.98,280.85,281.48,13013736
2018-02-01 10:30:00,281.48,282.3,281.22,281.65,7341515
2018-02-01 11:30:00,281.66,282.98,281.64,282.68,10334461
2018-02-01 12:30:00,282.69,283.06,281.834,282.92,4664994
2018-02-01 13:30:00,282.92,282.95,281.08,281.73,10965653
2018-02-01 14:30:00,281.73,282.21,281.31,281.359,10473119
2018-02-01 15:30:00,281.35,281.834,280.68,281.6,15713407
2018-02-02 09:30:00,280.06,281.6693,278.38,279.298,22984417
2018-02-02 10:30:00,279.29,281.6693,278.77,278.88,12722893
2018-02-02 11:30:00,278.88,281.6693,278.12,279.0905,13759635
2018-02-02 12:30:00,279.08,281.6697,277.78,278.11,10777768
2018-02-02 13:30:00,278.11,278.82,276.49,276.6401,20078870
2018-02-02 14:30:00,276.65,281.6693,275.66,276.44,31629804
2018-02-02 15:30:00,276.44,281.6693,275.41,275.52,32330397
2018-02-05 09:30:00,273.45,277.77,272.96,275.6834,31956684
2018-02-05 10:30:00,275.68,275.805,273.47,274.89,15838574
2018-02-05 11:30:00,274.9,275.7064,272.82,273.3,15033577
2018-02-05 12:30:00,273.3,281.85,271.13,271.52,22109838
2018-02-05 13:30:00,271.5294,275.7064,270.7255,270.92,33448407
2018-02-05 14:30:00,270.91,275.7064,263.31,269.11,76470755
2018-02-05 15:30:00,269.11,275.7064,264.0,264.18,56387152
2018-02-06 09:30:00,259.99,267.83,258.7,263.3,89745226
2018-02-06 10:30:00,263.32,264.95,259.955,262.76,50734768
2018-02-06 11:30:00,262.76,265.51,261.57,265.34,35111207
2018-02-06 12:30:00,265.3649,266.47,259.73,264.66,34209581
2018-02-06 13:30:00,264.67,264.82,259.76,262.7416,30507167
2018-02-06 14:30:00,262.745,281.7,254.24,268.04,42290604
2018-02-06 15:30:00,268.05,269.7,254.12,269.18,33218148
2018-02-07 09:30:00,268.5,271.3,267.88,270.415,31556991
2018-02-07 10:30:00,270.41,272.36,269.94,271.32,16825489
2018-02-07 11:30:00,271.32,271.78,269.0678,271.3,18145630
2018-02-07 12:30:00,271.3,271.38,268.3,269.27,25682390
2018-02-07 13:30:00,269.25,281.37,268.595,269.97,14248279
2018-02-07 14:30:00,269.97,270.535,267.97,270.27,16456219
2018-02-07 15:30:00,270.265,270.72,267.63,267.66,22665859
2018-02-09 09:30:00,260.8,268.54,257.8179,259.99,34077969
2018-02-09 10:30:00,259.97,260.26,256.48,258.06,29378903
2018-02-09 11:30:00,258.06,259.03,254.76,254.85,24213538
2018-02-09 12:30:00,254.8402,257.8179,253.58,253.96,33534994
2018-02-09 13:30:00,253.99,260.76,252.92,258.72,45432830
2018-02-09 14:30:00,258.71,259.78,255.1158,259.19,32383052
2018-02-09 15:30:00,259.19,263.61,252.92,261.67,51173519
2018-02-12 09:30:00,263.87,265.29,261.6644,262.72,27013633
2018-02-12 10:30:00,262.74,264.312,261.6644,263.8452,18114197
2018-02-12 11:30:00,263.85,265.92,261.6644,265.59,15426449
2018-02-12 12:30:00,265.61,265.65,264.88,265.35,7727005
2018-02-12 13:30:00,265.35,266.61,261.6644,266.2036,11864270
2018-02-12 14:30:00,266.21,267.01,261.6644,266.42,15742019
2018-02-12 15:30:00,266.44,266.71,261.6644,265.26,27146416
2018-02-13 09:30:00,264.0,269.0,263.31,264.32,17053700
2018-02-13 10:30:00,264.32,265.3091,263.87,264.4282,14424914
2018-02-13 11:30:00,264.42,265.3091,264.14,264.6,7310008
2018-02-13 12:30:00,264.59,265.95,264.23,265.72,7421714
2018-02-13 13:30:00,265.72,266.51,264.8846,266.04,6927107
2018-02-13 14:30:00,266.03,266.42,265.3091,266.251,8098750
2018-02-13 15:30:00,266.255,266.62,265.1126,266.01,10539638
2018-02-14 09:30:00,264.47,267.32,263.97,266.83,28070507
2018-02-14 10:30:00,266.83,267.58,266.41,267.375,11405632
2018-02-14 11:30:00,267.39,267.83,266.0763,267.52,10336180
2018-02-14 12:30:00,267.51,269.18,266.71,268.64,9654753
2018-02-14 13:30:00,268.64,269.46,266.0763,268.55,11513911
2018-02-14 14:30:00,268.5575,269.98,268.445,269.5,12233204
2018-02-14 15:30:00,269.5,270.1,266.0763,269.7,19212328
2018-02-15 09:30:00,271.59,271.68,264.87,270.95,18182546
2018-02-15 10:30:00,270.94,271.56,268.77,270.54,16332387
2018-02-15 11:30:00,270.54,271.03,269.699,270.87,10518505
2018-02-15 12:30:00,270.87,272.2529,269.699,271.42,10766602
2018-02-15 13:30:00,271.44,272.19,269.699,272.18,9856533
2018-02-15 14:30:00,272.18,272.73,269.699,272.35,12164920
2018-02-15 15:30:00,272.345,273.01,268.4344,273.0,18529732
2018-02-16 09:30:00,272.31,273.62,272.0355,273.61,33293004
2018-02-16 10:30:00,273.61,274.5,272.3549,274.0085,16330819
2018-02-16 11:30:00,274.01,275.2778,272.9651,274.7,10520957
2018-02-16 12:30:00,274.71,275.32,272.9651,273.49,17223730
2018-02-16 13:30:00,273.49,274.28,271.902,273.175,15246281
2018-02-16 14:30:00,273.18,274.21,272.85,273.85,23487554
2018-02-16 15:30:00,273.85,274.095,272.9651,273.09,14516019
2018-02-20 09:30:00,272.03,273.1093,271.97,272.28,12915857
2018-02-20 10:30:00,272.2707,273.26,271.68,273.2102,13137898
2018-02-20 11:30:00,273.22,273.67,272.85,273.34,8259669
2018-02-20 12:30:00,273.34,273.58,272.42,272.555,4436231
2018-02-20 13:30:00,272.57,273.14,272.1,272.21,6073543
2018-02-20 14:30:00,272.2,273.401,270.5,271.1201,11436176
2018-02-20 15:30:00,271.12,273.0857,270.83,271.43,13664796
2018-02-21 09:30:00,271.9,273.06,271.58,272.79,9663463
2018-02-21 10:30:00,272.78,273.41,272.72,273.3701,4509963
2018-02-21 11:30:00,273.37,273.64,272.58,272.79,4059892
2018-02-21 12:30:00,272.79,273.36,272.57,273.27,3250919
2018-02-21 13:30:00,273.27,274.72,271.4993,274.03,14081818
2018-02-21 14:30:00,274.03,274.28,271.36,272.26,23778196
2018-02-21 15:30:00,272.26,272.71,269.98,270.0,18392291
2018-03-02 09:30:00,265.8,266.59,264.82,265.5,24698342
2018-03-02 10:30:00,265.49,267.8539,265.3,266.62,14337451
2018-03-02 11:30:00,266.63,268.06,266.15,267.97,14975522
2018-03-02 12:30:00,267.96,268.66,265.6919,267.145,12496009
2018-03-02 13:30:00,267.14,268.26,266.53,267.66,11075235
2018-03-02 14:30:00,267.66,268.43,267.08,268.05,13165794
2018-03-02 15:30:00,268.04,269.73,267.0602,269.13,19112871
2018-03-05 09:30:00,267.73,269.2091,267.05,268.43,13731169
2018-03-05 10:30:00,268.43,271.0325,268.201,270.78,12185693
2018-03-05 11:30:00,270.78,271.75,269.2091,271.24,11800429
2018-03-05 12:30:00,271.26,272.23,267.75,271.773,9120991
2018-03-05 13:30:00,271.78,271.98,269.2091,271.5,8307094
2018-03-05 14:30:00,271.5,272.86,269.2091,272.2184,11487076
2018-03-05 15:30:00,272.22,272.9099,269.2091,272.21,14463709
2018-03-06 09:30:00,273.27,273.4,271.9,272.7701,14959606
2018-03-06 10:30:00,272.76,273.0,271.28,271.55,14438181
2018-03-06 11:30:00,271.56,272.16,271.18,271.665,5827809
2018-03-06 12:30:00,271.66,273.2,271.5825,272.9711,7564305
2018-03-06 13:30:00,272.99,273.14,272.16,272.35,5734815
2018-03-06 14:30:00,272.36,273.2,272.1822,272.8,7280634
2018-03-06 15:30:00,272.8,273.04,272.1822,272.89,10501076
2018-03-07 09:30:00,270.44,272.01,270.2,271.8602,16099274
2018-03-07 10:30:00,271.85,272.9171,271.33,271.7,8702581
2018-03-07 11:30:00,271.69,280.9,270.2672,270.75,10644256
2018-03-07 12:30:00,270.7583,272.9171,270.32,271.42,8604144
2018-03-07 13:30:00,271.41,272.9171,271.11,271.503,7834755
2018-03-07 14:30:00,271.51,272.9171,271.51,272.56,9681566
2018-03-07 15:30:00,272.57,273.18,272.35,272.8,13111515
2018-03-08 09:30:00,273.54,273.92,272.91,273.16,10122796
2018-03-08 10:30:00,273.169,273.77,272.7,273.35,6236870
2018-03-08 11:30:00,273.38,273.39,272.46,273.03,6165942
2018-03-08 12:30:00,273.03,273.31,272.48,272.725,4589578
2018-03-08 13:30:00,272.73,273.06,272.42,273.03,3659375
2018-03-08 14:30:00,273.02,274.2602,272.8,273.94,9096088
2018-03-08 15:30:00,273.945,274.15,272.8591,274.08,12619673
2018-03-09 09:30:00,275.7,276.6052,274.0766,276.42,15457895
2018-03-09 10:30:00,276.42,277.15,274.0766,277.11,10464594
2018-03-09 11:30:00,277.11,277.72,274.0766,277.45,10506630
2018-03-09 12:30:00,277.45,277.96,274.0766,277.85,9364108
2018-03-09 13:30:00,277.85,278.2762,274.0766,277.94,9937510
2018-03-09 14:30:00,277.95,278.31,274.0766,278.191,12507474
2018-03-09 15:30:00,278.195,278.85,274.0766,278.82,21647310
2018-03-12 09:30:00,279.2,279.91,278.8213,279.39,11143067
2018-03-12 10:30:00,279.38,279.7,243.49,278.18,7406322
2018-03-12 11:30:00,278.18,279.15,278.11,278.88,7030681
2018-03-12 12:30:00,278.88,279.15,278.4669,278.79,7878893
2018-03-12 13:30:00,278.79,279.13,278.29,278.46,6547456
2018-03-12 14:30:00,278.46,278.84,278.13,278.76,8076481
2018-03-12 15:30:00,278.76,279.39,278.481,278.5,13941403
2018-04-19 09:30:00,269.65,269.81,268.7643,269.52,11150175
2018-04-19 10:30:00,269.51,269.88,268.565,269.0617,8044085
2018-04-19 11:30:00,269.06,269.12,267.99,268.17,6488202
2018-04-19 12:30:00,268.17,270.4103,267.75,267.77,7641379
2018-04-19 13:30:00,267.76,268.7439,267.72,268.05,6433280
2018-04-19 14:30:00,268.05,268.77,265.85,268.31,8547045
2018-04-19 15:30:00,268.3,269.47,263.76,268.86,16233116
2018-04-20 09:30:00,268.81,269.06,267.9,268.32,12851275
2018-04-20 10:30:00,268.33,268.9124,266.42,266.545,18367492
2018-04-20 11:30:00,266.55,268.9024,266.44,266.62,8448046
2018-04-20 12:30:00,266.6174,268.8755,266.08,266.96,7712272
2018-04-20 13:30:00,266.95,268.9174,266.63,266.8548,7302634
2018-04-20 14:30:00,266.85,268.8755,265.61,266.01,14752571
2018-04-20 15:30:00,266.01,268.8755,265.79,266.63,15533062
2018-04-23 09:30:00,267.26,267.36,266.39,266.91,9309871
2018-04-23 10:30:00,266.93,267.89,266.37,267.77,7934192
2018-04-23 11:30:00,267.77,267.83,266.95,266.99,7135058
2018-04-23 12:30:00,266.985,267.6924,266.56,266.75,4944389
2018-04-23 13:30:00,266.75,267.1562,265.67,265.9099,8526101
2018-04-23 14:30:00,265.9,266.5836,265.35,266.2755,9556167
2018-04-23 15:30:00,266.28,266.62,266.01,266.58,8522371
2018-04-24 09:30:00,267.72,267.9762,266.32,266.62,12360054
2018-04-24 10:30:00,266.611,267.07,265.68,266.59,11968661
2018-04-24 11:30:00,266.6,266.87,264.67,264.91,11717072
2018-04-24 12:30:00,264.9,266.6051,263.17,263.42,13689288
2018-04-24 13:30:00,263.42,266.6051,261.33,261.79,18284694
2018-04-24 14:30:00,261.78,263.34,261.25,262.7211,16933485
2018-04-24 15:30:00,262.7208,266.6051,261.65,263.03,17879553
2018-04-25 09:30:00,262.91,263.06,260.85,262.0266,19660966
2018-04-25 10:30:00,262.03,263.2,261.9,263.0,13083754
2018-04-25 11:30:00,263.01,263.09,261.69,262.44,7681543
2018-04-25 12:30:00,262.44,263.04,262.25,262.66,7097000
2018-04-25 13:30:00,262.66,266.4807,262.43,262.68,10770816
2018-04-25 14:30:00,262.68,264.13,262.53,263.66,12580840
2018-04-25 15:30:00,263.68,263.9,262.66,263.57,12928301
2018-04-26 09:30:00,264.79,265.65,263.5243,265.32,13404637
2018-04-26 10:30:00,265.32,266.03,265.2095,265.49,7749415
2018-04-26 11:30:00,265.48,266.0,264.94,265.83,5272242
2018-04-26 12:30:00,265.8217,266.57,265.47,266.41,5360553
2018-04-26 13:30:00,266.42,266.8,263.5243,266.6355,6706193
2018-04-26 14:30:00,266.6392,267.25,266.37,266.45,8199528
2018-04-26 15:30:00,266.46,266.67,263.5243,266.32,11122610
2018-04-27 09:30:00,266.99,267.34,266.22,266.3,13073356
2018-04-27 10:30:00,266.3,266.73,265.5,266.71,8429341
2018-04-27 11:30:00,266.7,266.7,265.99,266.42,4318816
2018-04-27 12:30:00,266.43,267.11,266.06,266.68,5347622
2018-04-27 13:30:00,266.66,266.82,266.35,266.67,3546000
2018-04-27 14:30:00,266.66,267.02,266.2839,266.45,5479923
2018-04-27 15:30:00,266.45,266.93,266.2839,266.59,7990682
2018-04-30 09:30:00,267.24,267.89,266.93,267.2593,8419210
2018-04-30 10:30:00,267.2408,267.62,267.05,267.18,4587096
2018-04-30 11:30:00,267.18,267.22,265.5,265.91,7706413
2018-04-30 12:30:00,265.91,265.9375,265.19,265.8,5452173
2018-04-30 13:30:00,265.8,266.5866,264.98,265.48,8610042
2018-04-30 14:30:00,265.48,266.5866,264.75,264.94,12381191
2018-04-30 15:30:00,264.935,265.65,264.43,264.45,14649261
2018-05-01 09:30:00,263.9,264.07,263.18,263.5208,11359580
2018-05-01 10:30:00,263.52,263.71,262.4452,263.0,8091532
2018-05-01 11:30:00,263.0,264.4078,262.5402,263.095,5900466
2018-05-01 12:30:00,263.1,264.4078,262.11,262.33,6386624
2018-05-01 13:30:00,262.32,264.2,262.3,264.04,9434688
2018-05-01 14:30:00,264.04,264.63,263.76,263.97,8031785
2018-05-01 15:30:00,263.98,265.1,263.34,265.0,11121564
2018-05-02 09:30:00,264.76,265.0804,264.06,264.26,11565160
2018-05-02 10:30:00,264.27,265.0804,264.1,264.64,7798511
2018-05-02 11:30:00,264.64,265.0804,263.75,264.53,8374742
2018-05-02 12:30:00,264.54,264.99,264.25,264.87,3679147
2018-05-02 13:30:00,264.87,265.68,264.5375,265.21,8941742
2018-05-02 14:30:00,265.22,265.42,263.04,263.78,9930853
2018-05-02 15:30:00,263.7808,265.0804,262.76,263.2,19014233
2018-05-03 09:30:00,262.25,263.2018,259.78,260.49,23101106
2018-05-03 10:30:00,260.475,263.2018,259.05,259.65,29800459
2018-05-03 11:30:00,259.65,263.2018,259.36,260.02,13095674
2018-05-03 12:30:00,260.03,262.7,260.0,262.05,17144111
2018-05-03 13:30:00,262.06,263.13,262.05,262.6,9886832
2018-05-03 14:30:00,262.59,263.36,262.18,262.81,13956637
2018-05-03 15:30:00,262.82,263.2018,262.08,262.61,11833945
2018-05-04 09:30:00,261.48,263.8,261.15,263.75,13046252
2018-05-04 10:30:00,263.75,265.07,262.6537,264.99,11744257
2018-05-04 11:30:00,264.99,265.47,262.6537,265.365,7290586
2018-05-04 12:30:00,265.37,265.76,264.7231,265.55,5373010
2018-05-04 13:30:00,265.55,266.6441,265.47,266.61,7241591
2018-05-04 14:30:00,266.6,266.7899,266.17,266.4478,8951946
2018-05-04 15:30:00,266.44,266.51,265.56,266.0,13831199
2018-05-07 09:30:00,266.9,267.78,266.63,267.42,9758470
2018-05-07 10:30:00,267.42,267.65,266.75,267.56,5563200
2018-05-07 11:30:00,267.56,267.74,266.0178,267.625,4078343
2018-05-07 12:30:00,267.62,267.7,267.09,267.431,3283359
2018-05-07 13:30:00,267.44,267.85,267.36,267.83,3450977
2018-05-07 14:30:00,267.835,268.02,266.0178,266.57,11761874
2018-05-07 15:30:00,266.57,267.12,266.0178,266.91,8751173
2018-06-01 09:30:00,272.4,273.6,270.7681,273.05,17863377
2018-06-01 10:30:00,273.0553,273.42,270.7681,273.05,9006236
2018-06-01 11:30:00,273.05,273.695,273.0,273.49,4115211
2018-06-01 12:30:00,273.49,273.94,270.7681,273.8,5136724
2018-06-01 13:30:00,273.805,273.9,270.7681,273.5385,5741907
2018-06-01 14:30:00,273.534,273.74,270.7681,273.285,8307491
2018-06-01 15:30:00,273.2875,273.65,270.7681,273.65,9478683
2018-06-04 09:30:00,274.52,275.21,274.25,274.51,10198842
2018-06-04 10:30:00,274.5101,274.84,274.265,274.6349,6272283
2018-06-04 11:30:00,274.63,274.99,274.47,274.901,3021149
2018-06-04 12:30:00,274.901,275.03,274.82,274.8913,2956642
2018-06-04 13:30:00,274.9,274.91,274.61,274.79,3363203
2018-06-04 14:30:00,274.8,275.08,274.72,274.96,4783013
2018-06-04 15:30:00,274.96,275.02,273.7049,274.9,9707144
2018-06-05 09:30:00,275.04,275.527,274.82,275.4,7408355
2018-06-05 10:30:00,275.3954,275.53,274.481,274.71,6903113
2018-06-05 11:30:00,274.72,274.9443,274.18,274.5927,5463383
2018-06-05 12:30:00,274.59,275.05,274.405,274.96,3211356
2018-06-05 13:30:00,274.96,275.18,274.6349,275.18,3894045
2018-06-05 14:30:00,275.18,275.37,274.92,275.01,4062387
2018-06-05 15:30:00,275.01,275.26,274.9443,275.21,9828764
2018-06-06 09:30:00,275.81,275.9999,275.13,275.46,8305377
2018-06-06 10:30:00,275.47,276.1643,275.09,276.14,9253798
2018-06-06 11:30:00,276.14,276.46,276.095,276.3276,5298269
2018-06-06 12:30:00,276.33,276.4833,276.11,276.395,3439274
2018-06-06 13:30:00,276.39,276.63,276.255,276.62,3640034
2018-06-06 14:30:00,276.62,277.14,276.56,277.0048,9028311
2018-06-06 15:30:00,277.0,277.52,275.1448,277.5,10041270
2018-06-07 09:30:00,277.95,278.28,277.45,277.51,9492362
2018-06-07 10:30:00,277.52,277.9275,276.915,277.6,7475031
2018-06-07 11:30:00,277.6,277.789,277.18,277.69,5439079
2018-06-07 12:30:00,277.685,277.73,276.78,276.815,6253956
2018-06-07 13:30:00,276.81,277.12,276.34,277.02,10021474
2018-06-07 14:30:00,277.02,277.5427,276.82,277.35,8486192
2018-06-07 15:30:00,277.345,277.55,274.9861,277.33,14160293
2018-06-08 09:30:00,276.85,277.32,276.66,277.0,10658726
2018-06-08 10:30:00,277.0,277.4398,276.67,277.225,8003620
2018-06-08 11:30:00,277.23,277.855,276.87,277.84,4882605
2018-06-08 12:30:00,277.85,277.99,277.5945,277.82,4367219
2018-06-08 13:30:00,277.8275,278.06,277.46,277.906,4751748
2018-06-08 14:30:00,277.9,278.1,277.69,278.0,4293501
2018-06-08 15:30:00,278.0,278.25,277.355,278.2,11777525
2018-06-11 09:30:00,278.44,278.86,278.31,278.64,9291126
2018-06-11 10:30:00,278.64,278.81,278.2182,278.65,6147331
2018-06-11 11:30:00,278.66,279.27,278.6,279.2575,5804532
2018-06-11 12:30:00,279.26,279.37,278.2182,279.24,3852453
2018-06-11 13:30:00,279.24,279.31,278.92,279.02,3607687
2018-06-11 14:30:00,279.02,279.23,278.2182,279.2026,5682257
2018-06-11 15:30:00,279.2,279.22,278.44,278.565,9586371
2018-06-12 09:30:00,279.03,279.08,269.02,278.69,8643628
2018-06-12 10:30:00,278.68,278.94,278.6,278.84,8866259
2018-06-12 11:30:00,278.845,279.33,278.5269,279.12,6241082
2018-06-12 12:30:00,279.12,279.1999,278.5269,278.92,5387486
2018-06-12 13:30:00,278.92,279.09,278.39,278.4457,7324003
2018-06-12 14:30:00,278.44,278.9536,278.19,278.75,13083644
2018-06-12 15:30:00,278.75,279.07,278.5269,278.98,11723044
2018-06-13 09:30:00,279.17,279.3699,279.005,279.3,7667315
2018-06-13 10:30:00,279.31,279.46,279.019,279.4,8300840
2018-06-13 11:30:00,279.4,279.48,279.04,279.16,4409986
2018-06-13 12:30:00,279.16,279.2358,278.9,279.0133,3945197
2018-06-13 13:30:00,279.01,280.4,273.6,278.35,12581892
2018-06-13 14:30:00,278.3475,279.25,278.04,278.616,16273598
2018-06-13 15:30:00,278.61,278.7139,277.8,277.92,12160885
2018-07-19 09:30:00,280.31,281.0754,279.46,279.89,11530935
2018-07-19 10:30:00,279.89,281.0754,279.63,280.2413,7144927
2018-07-19 11:30:00,280.25,280.58,280.09,280.21,4581534
2018-07-19 12:30:00,280.21,281.0754,272.08,280.31,7459616
2018-07-19 13:30:00,280.3,280.74,280.2,280.6,4359458
2018-07-19 14:30:00,280.6,280.62,279.9,280.1,6017104
2018-07-19 15:30:00,280.105,280.3619,279.8,280.01,7116911
2018-07-20 09:30:00,279.76,280.14,279.63,280.09,11963545
2018-07-20 10:30:00,280.08,280.39,279.7697,280.38,13407291
2018-07-20 11:30:00,280.38,280.48,279.9771,280.115,6413691
2018-07-20 12:30:00,280.11,280.23,279.82,279.86,6075507
2018-07-20 13:30:00,279.86,280.225,279.79,279.8999,6356202
2018-07-20 14:30:00,279.89,279.9771,279.5,279.625,7421984
2018-07-20 15:30:00,279.63,279.9771,279.58,279.74,8912805
2018-07-23 09:30:00,279.45,279.8,279.14,279.28,8526663
2018-07-23 10:30:00,279.28,279.75,279.06,279.71,5780615
2018-07-23 11:30:00,279.71,280.22,279.67,280.17,5293307
2018-07-23 12:30:00,280.1699,280.31,279.93,280.036,4563380
2018-07-23 13:30:00,280.03,280.3501,279.7109,280.265,5015049
2018-07-23 14:30:00,280.265,280.37,279.7109,280.24,4490889
2018-07-23 15:30:00,280.23,280.43,279.7109,280.24,6082906
2018-07-24 09:30:00,281.79,282.56,281.67,282.42,12138281
2018-07-24 10:30:00,282.41,282.5643,280.2375,281.9937,9758165
2018-07-24 11:30:00,281.99,282.13,280.2375,282.015,6499167
2018-07-24 12:30:00,282.01,282.1,281.16,281.225,6141839
2018-07-24 13:30:00,281.23,281.29,280.63,280.91,7989024
2018-07-24 14:30:00,280.9,281.36,280.72,281.19,5071556
2018-07-24 15:30:00,281.2,281.6341,280.9615,281.57,7042999
2018-07-25 09:30:00,281.33,282.05,281.27,281.64,8567631
2018-07-25 10:30:00,281.65,281.97,279.66,281.86,5788174
2018-07-25 11:30:00,281.865,282.24,281.5753,282.16,5794851
2018-07-25 12:30:00,282.16,282.475,279.66,282.13,4289585
2018-07-25 13:30:00,282.13,282.88,281.5753,282.655,9196243
2018-07-25 14:30:00,282.65,283.02,281.5753,282.72,6189677
2018-07-25 15:30:00,282.73,284.37,281.5753,284.13,21706240
2018-07-26 09:30:00,283.21,283.84,283.09,283.37,12170541
2018-07-26 10:30:00,283.36,283.96,283.32,283.77,4918361
2018-07-26 11:30:00,283.77,284.11,283.46,283.515,4851206
2018-07-26 12:30:00,283.52,284.1309,283.14,283.56,4561516
2018-07-26 13:30:00,283.56,284.1309,282.35,283.52,4718435
2018-07-26 14:30:00,283.51,284.1309,283.12,283.295,7336649
2018-07-26 15:30:00,283.3,284.1309,283.125,283.29,6922908
2018-07-27 09:30:00,283.71,283.82,282.87,282.9899,8024834
2018-07-27 10:30:00,282.98,283.271,282.47,282.675,8949555
2018-07-27 11:30:00,282.675,282.87,281.96,282.08,5831778
2018-07-27 12:30:00,282.08,283.271,280.38,281.03,16688500
2018-07-27 13:30:00,281.03,281.59,280.82,280.9178,9430997
2018-07-27 14:30:00,280.95,281.4799,280.73,281.13,7334636
2018-07-27 15:30:00,281.13,283.271,281.0308,281.46,12087006
2018-07-30 09:30:00,281.48,281.69,280.5799,281.16,9860887
2018-07-30 10:30:00,281.16,281.16,280.3,280.44,5502048
2018-07-30 11:30:00,280.45,280.685,279.81,279.91,6119970
2018-07-30 12:30:00,279.91,280.16,279.36,280.1,6626207
2018-07-30 13:30:00,280.1,280.62,280.0,280.275,4585871
2018-07-30 14:30:00,280.28,280.61,279.7,279.7332,6454344
2018-07-30 15:30:00,279.73,281.4389,279.55,279.89,12936371
2018-07-31 09:30:00,280.81,281.3,280.38,280.51,14341238
2018-07-31 10:30:00,280.52,281.25,280.52,281.11,4636570
2018-07-31 11:30:00,281.11,282.02,279.8334,281.99,5966397
2018-07-31 12:30:00,281.99,281.994,281.19,281.614,3693994
2018-07-31 13:30:00,281.61,281.76,281.36,281.55,4971730
2018-07-31 14:30:00,281.555,281.79,281.16,281.35,5528113
2018-07-31 15:30:00,281.35,281.4847,280.87,281.22,12773336
2018-08-01 09:30:00,281.56,283.73,281.1959,281.949,9218765
2018-08-01 10:30:00,281.94,282.13,281.1959,281.44,6332274
2018-08-01 11:30:00,281.44,281.45,280.38,280.52,8027037
2018-08-01 12:30:00,280.52,281.1959,280.37,280.64,5408503
2018-08-01 13:30:00,280.63,280.93,280.13,280.91,7870038
2018-08-01 14:30:00,280.91,281.09,280.58,281.04,3866581
2018-08-01 15:30:00,281.035,281.27,280.825,280.92,6850756
2018-08-02 09:30:00,279.38,280.7,279.16,280.55,11201435
2018-08-02 10:30:00,280.55,280.9311,280.0,280.74,5690165
2018-08-02 11:30:00,280.75,281.89,280.75,281.74,6260448
2018-08-02 12:30:00,281.75,282.1499,280.0,282.07,4794803
2018-08-02 13:30:00,282.07,282.5,280.9311,282.14,6487906
2018-08-02 14:30:00,282.135,282.34,281.73,282.27,5262669
2018-08-02 15:30:00,282.26,282.58,280.9311,282.34,9060032
2018-08-03 09:30:00,282.53,283.15,282.33,283.0618,7957001
2018-08-03 10:30:00,283.0658,283.19,282.61,282.84,5334597
2018-08-03 11:30:00,282.84,283.055,282.4901,283.03,3452399
2018-08-03 12:30:00,283.02,283.199,282.891,283.1245,3049564
2018-08-03 13:30:00,283.13,283.32,283.0,283.255,4556717
2018-08-03 14:30:00,283.255,283.65,282.3456,283.43,7757558
2018-08-03 15:30:00,283.44,283.65,283.0899,283.64,8461976
2018-08-06 09:30:00,283.56,283.99,283.2015,283.64,6002026
2018-08-06 10:30:00,283.63,284.1,283.59,284.09,3295241
2018-08-06 11:30:00,284.1,284.78,278.6,284.68,5254123
2018-08-06 12:30:00,284.69,284.99,284.4484,284.6901,3851272
2018-08-06 13:30:00,284.69,284.76,283.6803,284.69,3832870
2018-08-06 14:30:00,284.68,284.84,284.49,284.6464,4704291
2018-08-06 15:30:00,284.64,284.73,284.52,284.68,7434755
2018-08-07 09:30:00,285.39,285.81,285.24,285.8,8693497
2018-08-07 10:30:00,285.79,286.01,285.54,285.5846,7136673
2018-08-07 11:30:00,285.59,285.9642,284.6821,285.84,4210304
2018-08-07 12:30:00,285.84,285.9699,285.65,285.72,3620121
2018-08-07 13:30:00,285.72,285.9599,285.57,285.8564,4654561
2018-08-07 14:30:00,285.85,285.89,284.6821,285.75,3389672
2018-08-07 15:30:00,285.755,285.76,285.41,285.54,6216552
2018-08-08 09:30:00,285.39,285.47,285.01,285.18,6369507
2018-08-08 10:30:00,285.18,285.66,284.94,285.6235,4848782
2018-08-08 11:30:00,285.63,285.76,285.21,285.3,2624059
2018-08-08 12:30:00,285.3,285.63,285.29,285.46,2627097
2018-08-08 13:30:00,285.4564,285.75,285.37,285.74,3073389
2018-08-08 14:30:00,285.75,285.825,285.57,285.82,4650355
2018-08-08 15:30:00,285.82,285.91,285.37,285.42,9130725
2018-10-18 09:30:00,279.383,279.48,278.3201,279.18,13627604
2018-10-18 10:30:00,279.17,280.07,278.12,278.23,12033915
2018-10-18 11:30:00,278.23,280.3866,276.09,277.16,24770475
2018-10-18 12:30:00,277.16,280.45,275.44,275.74,14883152
2018-10-18 13:30:00,275.74,280.3866,274.97,276.26,20002568
2018-10-18 14:30:00,276.24,277.07,275.57,276.47,14367447
2018-10-18 15:30:00,276.46,280.3866,272.26,276.47,20409803
2018-10-19 09:30:00,277.12,279.3,276.0,278.53,25358870
2018-10-19 10:30:00,278.54,279.05,276.3605,277.93,17148404
2018-10-19 11:30:00,277.94,278.17,276.3605,276.66,16182332
2018-10-19 12:30:00,276.66,277.9547,275.98,277.46,13379314
2018-10-19 13:30:00,277.47,277.61,275.47,276.47,12445102
2018-10-19 14:30:00,276.47,277.5,275.89,276.94,13653390
2018-10-19 15:30:00,276.93,277.2748,276.13,276.19,18680742
2018-10-22 09:30:00,277.0,277.36,274.41,274.65,16838303
2018-10-22 10:30:00,274.65,276.78,274.42,275.98,15181973
2018-10-22 11:30:00,275.98,276.2667,274.59,274.97,9659888
2018-10-22 12:30:00,274.97,277.19,274.74,275.3073,6691786
2018-10-22 13:30:00,275.3037,276.25,275.01,275.04,5727100
2018-10-22 14:30:00,275.04,276.2667,274.94,275.78,8763281
2018-10-22 15:30:00,275.77,276.2667,275.04,275.06,9845063
2018-10-23 09:30:00,270.94,275.01,268.61,269.48,31864063
2018-10-23 10:30:00,269.48,275.01,268.78,270.785,19518218
2018-10-23 11:30:00,270.78,271.3275,269.55,271.19,11820940
2018-10-23 12:30:00,271.19,275.01,271.0333,272.47,13922339
2018-10-23 13:30:00,272.47,275.01,271.51,273.4,13614415
2018-10-23 14:30:00,273.41,275.0942,273.38,274.3,18509081
2018-10-23 15:30:00,274.29,275.0942,271.4811,273.54,15310930
2018-10-24 09:30:00,273.33,287.82,272.02,272.2,15982784
2018-10-24 10:30:00,272.19,273.5787,269.9,270.14,20043744
2018-10-24 11:30:00,270.14,272.28,269.81,271.41,16065184
2018-10-24 12:30:00,271.4,271.5354,269.4,269.77,11065039
2018-10-24 13:30:00,269.78,273.61,268.71,270.2,18468108
2018-10-24 14:30:00,270.2,273.5787,267.1,267.1601,25546792
2018-10-24 15:30:00,267.18,273.5787,264.7,265.22,39460579
2018-10-25 09:30:00,267.37,269.18,265.1418,268.7,27236388
2018-10-25 10:30:00,268.71,270.0,264.75,269.9,19245236
2018-10-25 11:30:00,269.89,270.1,265.1418,268.99,13901896
2018-10-25 12:30:00,268.99,274.8601,265.1418,269.44,9197998
2018-10-25 13:30:00,269.44,270.92,265.1418,270.74,13977762
2018-10-25 14:30:00,270.73,271.81,270.18,271.37,16061942
2018-10-25 15:30:00,271.37,271.63,265.1418,270.14,18057239
2018-10-26 09:30:00,265.92,271.0,263.37,264.41,31448764
2018-10-26 10:30:00,264.41,292.0,262.29,265.05,25821511
2018-10-26 11:30:00,265.07,270.0735,264.72,266.62,20824126
2018-10-26 12:30:00,266.63,270.08,265.5,267.17,17413556
2018-10-26 13:30:00,267.17,270.08,265.5,266.32,17905532
2018-10-26 14:30:00,266.32,270.0735,263.66,265.24,28806297
2018-10-26 15:30:00,265.23,270.0735,264.22,265.29,33962934
2018-10-29 09:30:00,268.78,270.26,265.33,269.76,22348022
2018-10-29 10:30:00,269.76,270.1,265.33,268.41,14989952
2018-10-29 11:30:00,268.42,268.95,265.4031,266.67,17189697
2018-10-29 12:30:00,266.67,267.89,265.33,266.84,13183615
2018-10-29 13:30:00,266.84,267.87,265.2,265.24,15785954
2018-10-29 14:30:00,265.26,280.45,262.02,262.49,24148240
2018-10-29 15:30:00,262.49,265.4031,259.85,263.8,35869226
2018-10-30 09:30:00,263.67,267.02,263.12,265.86,28528452
2018-10-30 10:30:00,265.875,276.25,263.6858,265.85,20394665
2018-10-30 11:30:00,265.86,266.88,263.6858,265.83,14894499
2018-10-30 12:30:00,265.82,266.15,263.73,264.15,13297379
2018-10-30 13:30:00,264.13,274.22,263.58,264.7,13558509
2018-10-30 14:30:00,264.695,267.4,263.6858,267.105,22499499
2018-10-30 15:30:00,267.11,268.12,263.6858,267.81,24478643
2018-10-31 09:30:00,270.65,272.24,267.77,271.98,18423233
2018-10-31 10:30:00,271.99,273.42,270.92,271.82,13154716
2018-10-31 11:30:00,271.82,271.92,267.8213,271.12,10020092
2018-10-31 12:30:00,271.13,272.72,267.77,272.23,9847587
2018-10-31 13:30:00,272.24,273.21,267.77,272.91,10979856
2018-10-31 14:30:00,272.91,274.17,267.8213,272.42,17540296
2018-10-31 15:30:00,272.42,272.5,267.8213,270.69,26801944
2018-11-01 09:30:00,271.62,272.18,270.38,271.83,24015737
2018-11-01 10:30:00,271.84,273.04,270.7298,272.89,14631278
2018-11-01 11:30:00,272.89,273.07,270.7298,272.45,9136821
2018-11-01 12:30:00,272.44,273.2,270.63,273.17,8007854
2018-11-01 13:30:00,273.18,273.26,270.63,272.97,9286661
2018-11-01 14:30:00,272.97,273.32,270.7298,273.2502,10472672
2018-11-01 15:30:00,273.25,273.73,270.62,273.51,13680900
2018-11-02 09:30:00,274.74,275.23,273.01,273.02,18337167
2018-11-02 10:30:00,273.02,273.8143,271.35,271.84,18891845
2018-11-02 11:30:00,271.84,274.75,271.16,271.635,10567954
2018-11-02 12:30:00,271.64,273.51,269.59,270.8144,13584213
2018-11-02 13:30:00,270.82,273.6074,270.03,272.18,12191033
2018-11-02 14:30:00,272.19,275.95,270.81,271.72,18579991
2018-11-02 15:30:00,271.72,273.6074,271.2003,271.8,12220543
2018-11-05 09:30:00,272.42,272.97,271.3431,271.78,12658256
2018-11-05 10:30:00,271.79,273.08,271.77,272.36,8149709
2018-11-05 11:30:00,272.37,272.86,272.06,272.53,4234815
2018-11-05 12:30:00,272.52,272.61,271.7,272.49,5901997
2018-11-05 13:30:00,272.48,273.67,271.8889,273.6348,8223659
2018-11-05 14:30:00,273.63,274.01,272.8773,273.3101,8489030
2018-11-05 15:30:00,273.32,273.65,273.03,273.43,7129432
2018-11-06 09:30:00,273.31,274.82,273.25,274.28,8963226
2018-11-06 10:30:00,274.26,274.76,273.86,274.21,5409526
2018-11-06 11:30:00,274.22,274.73,273.92,274.54,4741030
2018-11-06 12:30:00,274.55,274.99,273.39,274.6001,3992298
2018-11-06 13:30:00,274.6077,274.82,273.39,273.62,6349102
2018-11-06 14:30:00,273.62,274.58,273.431,274.374,7956050
2018-11-06 15:30:00,274.38,275.3,273.86,275.11,12292721
2018-11-07 09:30:00,277.56,278.4,277.08,277.97,18421692
2018-11-07 10:30:00,277.97,278.96,275.1398,278.5,13378286
2018-11-07 11:30:00,278.5,280.3667,278.5,279.13,7889205
2018-11-07 12:30:00,279.14,279.76,275.12,279.6399,6290112
2018-11-07 13:30:00,279.64,280.05,275.12,279.98,7876563
2018-11-07 14:30:00,279.98,280.68,279.69,280.64,10884933
2018-11-07 15:30:00,280.6425,281.1,275.1398,280.92,20222390
2018-11-08 09:30:00,280.14,281.0,280.0785,280.3008,12595836
2018-11-08 10:30:00,280.3,280.95,280.21,280.68,5916064
2018-11-08 11:30:00,280.68,281.22,280.3,280.87,4591094
2018-11-08 12:30:00,280.88,281.07,280.18,280.18,3600252
2018-11-08 13:30:00,280.175,281.1117,279.8,279.97,9134190
2018-11-08 14:30:00,279.97,280.26,279.22,279.68,10159766
2018-11-08 15:30:00,279.69,280.44,272.7521,280.44,9216551
2019-01-17 09:30:00,260.01,261.27,259.96,261.12,14242100
2019-01-17 10:30:00,261.11,261.55,260.77,261.45,6941618
2019-01-17 11:30:00,261.45,261.7,261.0153,261.58,5591078
2019-01-17 12:30:00,261.5815,261.98,260.98,261.85,6267440
2019-01-17 13:30:00,261.86,264.07,260.98,261.64,5431757
2019-01-17 14:30:00,261.64,263.92,260.98,262.7,30410863
2019-01-17 15:30:00,262.695,263.06,261.0153,262.98,12047262
2019-01-18 09:30:00,264.98,265.46,262.998,264.76,35165839
2019-01-18 10:30:00,264.77,266.31,262.998,266.21,14360569
2019-01-18 11:30:00,266.22,266.955,262.998,266.8,12210339
2019-01-18 12:30:00,266.8,266.98,262.96,266.24,8093157
2019-01-18 13:30:00,266.24,266.51,262.96,265.97,9179330
2019-01-18 14:30:00,265.96,266.21,265.57,266.0,10343761
2019-01-18 15:30:00,266.01,266.57,265.73,266.42,15275735
2019-01-22 09:30:00,264.84,266.4721,263.54,264.09,15386986
2019-01-22 10:30:00,264.09,264.4,263.6,263.94,8069024
2019-01-22 11:30:00,263.93,264.16,262.6601,262.876,9994203
2019-01-22 12:30:00,262.88,266.4721,261.725,262.2,11147483
2019-01-22 13:30:00,262.21,266.4721,261.83,261.85,8894964
2019-01-22 14:30:00,261.86,262.2,261.06,261.97,13714274
2019-01-22 15:30:00,261.975,266.4721,261.1467,262.93,25986401
2019-01-23 09:30:00,264.01,264.79,263.45,263.545,13152784
2019-01-23 10:30:00,263.55,263.71,262.02,262.41,12337620
2019-01-23 11:30:00,262.42,262.63,260.66,261.47,14080761
2019-01-23 12:30:00,261.47,262.43,261.3018,262.08,8269506
2019-01-23 13:30:00,262.09,262.97,262.07,262.77,8380360
2019-01-23 14:30:00,262.77,263.37,261.93,263.2432,10239659
2019-01-23 15:30:00,263.24,263.4,262.3409,263.31,10091888
2019-01-24 09:30:00,263.21,264.2,262.47,264.09,11817195
2019-01-24 10:30:00,264.08,264.18,262.72,263.13,7318916
2019-01-24 11:30:00,263.13,264.0,262.87,263.27,5924507
2019-01-24 12:30:00,263.2615,263.44,262.08,262.37,6241715
2019-01-24 13:30:00,262.37,263.41,262.2,262.91,5664010
2019-01-24 14:30:00,262.9,263.71,262.71,263.45,6871797
2019-01-24 15:30:00,263.45,263.76,263.2,263.62,6515767
2019-01-25 09:30:00,265.61,266.28,265.11,266.11,12222771
2019-01-25 10:30:00,266.13,266.63,263.55,265.9465,9794232
2019-01-25 11:30:00,265.95,266.7,263.6595,266.55,13064908
2019-01-25 12:30:00,266.55,266.64,263.55,266.19,13194096
2019-01-25 13:30:00,266.19,266.35,263.55,265.6439,8963476
2019-01-25 14:30:00,265.64,266.17,265.53,265.67,8074259
2019-01-25 15:30:00,265.66,266.1268,263.6595,265.82,16496236
2019-01-28 09:30:00,263.39,265.8939,262.21,263.25,18822524
2019-01-28 10:30:00,263.24,265.8939,262.35,263.0081,14202983
2019-01-28 11:30:00,263.01,265.8939,261.79,262.66,10730472
2019-01-28 12:30:00,262.67,265.8939,262.31,262.8919,7077909
2019-01-28 13:30:00,262.9,265.8939,262.5137,262.945,6642901
2019-01-28 14:30:00,262.95,265.8939,262.95,263.54,8766185
2019-01-28 15:30:00,263.53,265.8939,263.09,263.79,10899534
2019-01-29 09:30:00,263.9,264.55,263.38,264.17,10659377
2019-01-29 10:30:00,264.17,264.28,262.48,263.05,12693097
2019-01-29 11:30:00,263.05,263.98,263.0375,263.66,6163903
2019-01-29 12:30:00,263.67,263.79,263.3,263.6399,4219240
2019-01-29 13:30:00,263.64,263.99,263.31,263.39,4193943
2019-01-29 14:30:00,263.39,263.8125,262.89,263.4099,6838106
2019-01-29 15:30:00,263.41,263.8125,263.07,263.43,11481640
2019-01-30 09:30:00,265.1,265.2499,264.25,264.76,11533354
2019-01-30 10:30:00,264.76,265.59,263.41,265.41,8124606
2019-01-30 11:30:00,265.4165,270.0125,265.22,266.02,7678840
2019-01-30 12:30:00,266.03,266.0987,263.4576,265.58,4382707
2019-01-30 13:30:00,265.59,273.61,263.41,267.47,18295156
2019-01-30 14:30:00,267.47,268.52,267.13,267.435,17321084
2019-01-30 15:30:00,267.43,267.6,263.4576,267.59,14886588
2019-01-31 09:30:00,267.51,269.11,267.27,269.06,14551806
2019-01-31 10:30:00,269.06,269.49,267.58,269.4199,10471619
2019-01-31 11:30:00,269.41,270.47,267.6041,269.72,13377829
2019-01-31 12:30:00,269.7289,270.05,267.58,269.39,8821364
2019-01-31 13:30:00,269.4,269.89,267.58,269.5018,5986996
2019-01-31 14:30:00,269.4899,269.95,267.58,269.34,8241290
2019-01-31 15:30:00,269.33,270.34,269.25,269.89,16135690
2019-02-01 09:30:00,270.15,271.2039,269.53,270.99,17762251
2019-02-01 10:30:00,270.99,271.1608,269.8,270.5515,11526692
2019-02-01 11:30:00,270.56,271.02,270.08,270.3,5349335
2019-02-01 12:30:00,270.29,270.47,269.92,270.2201,5493642
2019-02-01 13:30:00,270.21,270.3665,269.45,269.62,8982145
2019-02-01 14:30:00,269.62,269.92,269.18,269.6675,11073083
2019-02-01 15:30:00,269.63,270.24,269.616,270.09,10682892
2019-02-04 09:30:00,270.11,270.32,269.35,269.65,9352243
2019-02-04 10:30:00,269.65,270.64,269.4501,270.64,5769053
2019-02-04 11:30:00,270.63,271.02,263.3233,270.875,5621854
2019-02-04 12:30:00,270.87,271.14,270.06,271.0166,3915879
2019-02-04 13:30:00,270.968,271.56,270.06,271.425,6295322
2019-02-04 14:30:00,271.42,271.53,270.1811,271.37,6712606
2019-02-04 15:30:00,271.36,272.02,270.1811,272.0,11879883
2019-02-05 09:30:00,272.47,273.02,272.0096,272.87,13019433
2019-02-05 10:30:00,272.865,273.37,263.41,272.71,7329136
2019-02-05 11:30:00,272.71,273.07,272.0096,272.51,7582388
2019-02-05 12:30:00,272.5,272.8,270.8899,272.3485,6253504
2019-02-05 13:30:00,272.35,273.1,271.96,272.9032,7833380
2019-02-05 14:30:00,272.9049,273.29,265.09,273.255,7761524
2019-02-05 15:30:00,273.26,273.44,272.0096,273.19,14070252
2019-02-06 09:30:00,272.79,273.34,271.92,272.1813,11128902
2019-02-06 10:30:00,272.27,273.3155,272.24,272.72,8162765
2019-02-06 11:30:00,272.73,273.0,272.36,272.65,4327145
2019-02-06 12:30:00,272.65,273.1,272.531,272.9,2583976
2019-02-06 13:30:00,272.8901,273.1,272.28,272.52,5879516
2019-02-06 14:30:00,272.51,273.3155,272.21,272.72,5439505
2019-02-06 15:30:00,272.72,272.88,272.54,272.75,7880382
2019-02-07 09:30:00,270.94,271.4,270.28,271.29,14656414
2019-02-07 10:30:00,271.28,272.74,269.17,269.32,12800709
2019-02-07 11:30:00,269.31,272.747,268.29,268.9317,15872920
2019-02-07 12:30:00,268.93,272.74,268.31,269.3349,8232024
2019-02-07 13:30:00,269.3362,272.747,268.67,269.56,10982500
2019-02-07 14:30:00,269.555,272.747,269.04,269.4275,10186691
2019-02-07 15:30:00,269.42,272.747,269.07,270.19,13477715
2019-02-08 09:30:00,268.75,270.2874,268.09,268.54,15406557
2019-02-08 10:30:00,268.545,269.1385,267.92,268.29,10227609
2019-02-08 11:30:00,268.28,268.78,267.83,268.62,7867701
2019-02-08 12:30:00,268.62,270.14,268.6,268.99,6102554
2019-02-08 13:30:00,268.98,270.14,257.97,269.6832,6355687
2019-02-08 14:30:00,269.69,270.2874,269.405,269.78,8545672
2019-02-08 15:30:00,269.78,270.51,268.8231,270.49,11068623
2019-02-11 09:30:00,271.2,271.4998,270.43,270.59,11381112
2019-02-11 10:30:00,270.59,270.96,270.14,270.58,6499331
2019-02-11 11:30:00,270.58,270.93,270.28,270.82,6814784
2019-02-11 12:30:00,270.82,270.95,270.47,270.4999,6919758
2019-02-11 13:30:00,270.49,270.59,270.21,270.35,9800808
2019-02-11 14:30:00,270.35,270.71,270.03,270.69,6405879
2019-02-11 15:30:00,270.68,270.87,270.29,270.6599,10625134
2019-02-12 09:30:00,272.42,273.29,272.34,273.01,14143539
2019-02-12 10:30:00,273.01,273.96,270.62,273.87,9060516
2019-02-12 11:30:00,273.88,274.2,273.62,273.8,7032350
2019-02-12 12:30:00,273.8,274.21,270.62,274.1538,4817108
2019-02-12 13:30:00,274.16,274.52,270.62,274.3479,8493227
2019-02-12 14:30:00,274.345,274.47,274.09,274.3964,8567711
2019-02-12 15:30:00,274.4,274.419,273.843,274.12,9977088
2019-02-13 09:30:00,275.03,275.93,274.95,275.55,13263090
2019-02-13 10:30:00,275.54,275.84,274.97,275.0077,7777823
2019-02-13 11:30:00,275.0,275.28,274.56,274.77,6888649
2019-02-13 12:30:00,274.77,275.1,274.1,275.06,3666482
2019-02-13 13:30:00,275.06,275.15,274.1,275.14,4710000
2019-02-13 14:30:00,275.14,275.57,274.1825,275.56,8133745
2019-02-13 15:30:00,275.56,275.71,274.85,274.98,12458050
2019-02-14 09:30:00,273.78,275.1048,272.87,274.31,19029314
2019-02-14 10:30:00,274.3,274.67,273.39,273.79,15148429
2019-02-14 11:30:00,273.8,275.35,273.47,275.19,9061072
2019-02-14 12:30:00,275.18,275.25,266.75,275.0754,4553396
2019-02-14 13:30:00,275.08,275.29,270.93,275.15,6427409
2019-02-14 14:30:00,275.15,275.6499,274.64,274.858,10314182
2019-02-14 15:30:00,274.86,275.29,274.28,274.38,9922879
2019-02-15 09:30:00,276.34,276.98,265.37,276.77,24628707
2019-02-15 10:30:00,276.77,277.13,274.38,276.65,12993205
2019-02-15 11:30:00,276.65,277.1357,276.31,276.74,6300275
2019-02-15 12:30:00,276.75,277.1357,274.38,276.28,4382931
2019-02-15 13:30:00,276.28,276.75,274.38,276.61,5939829
2019-02-15 14:30:00,276.61,277.03,274.3942,276.6515,9277962
2019-02-15 15:30:00,276.65,277.41,274.3942,277.39,14309661
2019-04-09 09:30:00,287.72,287.78,286.99,287.58,12134716
2019-04-09 10:30:00,287.575,288.9513,287.14,287.54,8152657
2019-04-09 11:30:00,287.55,288.9514,287.38,287.945,8651966
2019-04-09 12:30:00,287.94,288.79,287.42,287.44,3666762
2019-04-09 13:30:00,287.445,288.9513,287.08,287.18,5302211
2019-04-09 14:30:00,287.17,287.5718,286.82,286.95,7614431
2019-04-09 15:30:00,286.954,287.4162,286.7,287.305,11500667
2019-04-10 09:30:00,287.77,287.98,287.31,287.4075,9249219
2019-04-10 10:30:00,287.41,287.925,287.31,287.71,6770338
2019-04-10 11:30:00,287.71,287.98,287.55,287.875,4181664
2019-04-10 12:30:00,287.88,287.96,287.224,287.8239,3879765
2019-04-10 13:30:00,287.82,288.11,287.31,287.6489,5230234
2019-04-10 14:30:00,287.6701,288.39,287.224,288.15,6705478
2019-04-10 15:30:00,288.15,288.31,287.224,288.29,8662651
2019-04-11 09:30:00,288.83,289.07,288.18,288.57,8584202
2019-04-11 10:30:00,288.56,288.78,288.29,288.53,5103753
2019-04-11 11:30:00,288.52,288.52,287.57,287.85,9125909
2019-04-11 12:30:00,287.845,288.29,287.79,288.035,5249440
2019-04-11 13:30:00,288.0315,288.29,287.61,287.61,7403587
2019-04-11 14:30:00,287.62,288.2242,287.615,287.86,7896082
2019-04-11 15:30:00,287.86,288.365,287.85,288.23,6854589
2019-04-12 09:30:00,290.0,290.47,289.85,290.15,13671000
2019-04-12 10:30:00,290.15,290.19,288.21,289.535,9105298
2019-04-12 11:30:00,289.53,289.91,289.31,289.81,5018345
2019-04-12 12:30:00,289.81,290.09,288.21,289.9453,4359600
2019-04-12 13:30:00,289.95,290.08,288.21,289.97,3316618
2019-04-12 14:30:00,289.9601,290.02,288.261,289.96,6561361
2019-04-12 15:30:00,289.955,290.2,288.261,290.19,11310918
2019-04-15 09:30:00,290.24,290.35,289.52,289.53,9219818
2019-04-15 10:30:00,289.5215,289.7646,289.075,289.6,8721328
2019-04-15 11:30:00,289.61,289.6221,289.14,289.33,3517010
2019-04-15 12:30:00,289.325,290.16,289.31,289.75,3638839
2019-04-15 13:30:00,289.76,290.1727,289.4121,289.825,4341135
2019-04-15 14:30:00,289.825,290.1,289.6885,289.99,4316275
2019-04-15 15:30:00,289.98,290.1727,289.73,289.99,6408343
2019-04-16 09:30:00,290.95,291.01,289.9905,290.566,9722128
2019-04-16 10:30:00,290.56,290.9,289.9905,290.4112,5280403
2019-04-16 11:30:00,290.42,290.5,289.9905,290.3319,4252692
2019-04-16 12:30:00,290.334,290.51,289.835,290.3236,2745558
2019-04-16 13:30:00,290.33,290.39,289.97,290.3061,8417208
2019-04-16 14:30:00,290.31,290.46,290.21,290.29,4642107
2019-04-16 15:30:00,290.28,290.32,289.5,290.18,11751876
2019-04-17 09:30:00,291.4,291.425,289.58,290.185,12349918
2019-04-17 10:30:00,290.18,290.31,289.65,289.69,6804763
2019-04-17 11:30:00,289.68,289.94,289.2,289.6,5548634
2019-04-17 12:30:00,289.61,290.16,289.45,289.59,5463622
2019-04-17 13:30:00,289.6,290.16,288.99,289.07,5073490
2019-04-17 14:30:00,289.075,290.16,289.07,289.53,4151897
2019-04-17 15:30:00,289.54,289.8,289.45,289.48,6925269
2019-04-18 09:30:00,290.1,290.12,288.6899,288.97,16392248
2019-04-18 10:30:00,288.98,289.6,269.84,289.15,7871384
2019-04-18 11:30:00,289.15,290.02,289.1328,289.95,6152096
2019-04-18 12:30:00,289.95,290.13,289.45,289.95,3960589
2019-04-18 13:30:00,289.96,290.14,289.45,290.12,5087718
2019-04-18 14:30:00,290.11,290.32,289.5131,290.22,5383569
2019-04-18 15:30:00,290.22,290.28,289.5131,290.02,11714702
2019-04-22 09:30:00,289.17,290.07,289.07,289.81,8424865
2019-04-22 10:30:00,289.81,290.1,289.5397,290.055,5547216
2019-04-22 11:30:00,290.055,290.23,289.91,290.1,2817134
2019-04-22 12:30:00,290.1,290.14,289.92,290.055,1903201
2019-04-22 13:30:00,290.055,290.2,290.0,290.11,2409638
2019-04-22 14:30:00,290.1,290.1499,289.92,290.0135,4585024
2019-04-22 15:30:00,290.02,290.435,290.02,290.31,7346279
2019-04-23 09:30:00,290.68,291.51,290.42,291.505,9442043
2019-04-23 10:30:00,291.51,292.37,290.27,292.3,8070375
2019-04-23 11:30:00,292.29,293.14,290.2836,292.84,9343476
2019-04-23 12:30:00,292.85,292.97,290.27,292.7749,3386563
2019-04-23 13:30:00,292.78,292.9569,290.27,292.8766,4224820
2019-04-23 14:30:00,292.875,293.0,290.2836,292.78,4106205
2019-04-23 15:30:00,292.78,292.98,290.2836,292.85,8161845
2019-04-24 09:30:00,292.77,292.96,292.31,292.91,8282715
2019-04-24 10:30:00,292.91,293.16,292.69,292.9,4902841
2019-04-24 11:30:00,292.9,293.075,292.49,292.74,4600256
2019-04-24 12:30:00,292.735,292.78,292.07,292.465,4023150
2019-04-24 13:30:00,292.46,292.88,292.35,292.4758,2950585
2019-04-24 14:30:00,292.47,292.85,292.43,292.73,4524902
2019-04-24 15:30:00,292.73,292.89,292.17,292.23,9247944
2019-04-25 09:30:00,292.13,292.2045,290.27,291.17,13065598
2019-04-25 10:30:00,291.17,292.32,290.72,292.21,10493503
2019-04-25 11:30:00,292.22,292.78,290.038,292.23,6527358
2019-04-25 12:30:00,292.235,292.53,292.2045,292.52,2571182
2019-04-25 13:30:00,292.53,292.78,292.2045,292.6301,2820228
2019-04-25 14:30:00,292.64,292.71,292.2045,292.57,3804180
2019-04-25 15:30:00,292.57,292.76,292.0056,292.08,7508808
2019-04-26 09:30:00,292.1,292.25,291.24,292.14,9223427
2019-04-26 10:30:00,292.15,292.63,291.5,292.61,6342019
2019-04-26 11:30:00,292.61,292.75,292.38,292.485,3446459
2019-04-26 12:30:00,292.49,292.7,292.05,292.45,2293916
2019-04-26 13:30:00,292.44,292.68,292.05,292.6309,5674050
2019-04-26 14:30:00,292.64,293.08,292.53,292.855,4187717
2019-04-26 15:30:00,292.855,293.49,292.3537,293.44,8159858
2019-04-29 09:30:00,293.51,294.07,293.41,293.79,7062901
2019-04-29 10:30:00,293.79,294.13,293.4833,293.83,15123724
2019-04-29 11:30:00,293.82,294.19,293.4833,294.1805,5639890
2019-04-29 12:30:00,294.18,294.3,293.41,294.22,11199273
2019-04-29 13:30:00,294.23,294.45,293.41,294.31,4435253
2019-04-29 14:30:00,294.3,294.4,293.4833,294.1175,4169672
2019-04-29 15:30:00,294.11,294.225,293.76,293.81,5893149
2019-04-30 09:30:00,293.49,293.5299,292.82,292.9522,12291588
2019-04-30 10:30:00,292.95,293.8041,291.92,292.46,9610313
2019-04-30 11:30:00,292.46,293.8041,292.455,293.28,7838768
2019-04-30 12:30:00,293.27,293.87,293.05,293.31,6141586
2019-04-30 13:30:00,293.31,294.0,290.1301,293.83,8973705
2019-04-30 14:30:00,293.84,293.95,293.63,293.67,6677655
2019-04-30 15:30:00,293.67,294.34,293.1514,293.97,12126001
2019-05-01 09:30:00,294.72,294.79,294.0,294.2266,8875707
2019-05-01 10:30:00,294.23,294.56,294.09,294.445,3762362
2019-05-01 11:30:00,294.44,294.92,293.95,294.17,6375310
2019-05-01 12:30:00,294.18,294.44,293.68,294.1419,5978661
2019-05-01 13:30:00,294.145,294.95,294.02,294.615,6026126
2019-05-01 14:30:00,294.615,294.8,293.125,293.34,13160632
2019-05-01 15:30:00,293.345,294.0839,291.8,291.84,15011226
2019-05-02 09:30:00,291.68,292.7,291.33,292.324,10215524
2019-05-02 10:30:00,292.325,292.56,290.45,290.4838,10319177
2019-05-02 11:30:00,290.48,291.9,289.52,290.33,13384872
2019-05-02 12:30:00,290.33,291.24,289.9933,291.03,7366583
2019-05-02 13:30:00,291.03,291.81,290.84,291.14,5718515
2019-05-02 14:30:00,291.15,291.38,290.4,291.17,4825379
2019-05-02 15:30:00,291.17,291.33,290.72,291.27,7374050
2019-05-03 09:30:00,292.82,293.31,292.56,292.81,11010475
2019-05-03 10:30:00,292.8161,293.7,292.75,293.3,6476842
2019-05-03 11:30:00,293.3,293.95,292.95,293.92,4201360
2019-05-03 12:30:00,293.9149,294.65,291.18,294.155,4102918
2019-05-03 13:30:00,294.155,294.34,291.18,294.0799,3347792
2019-05-03 14:30:00,294.08,294.19,291.2998,293.97,8567894
2019-05-03 15:30:00,293.96,294.2,291.2998,294.02,7691134
2019-05-06 09:30:00,289.25,294.126,288.9,291.03,23005571
2019-05-06 10:30:00,291.04,294.126,290.87,291.88,10285359
2019-05-06 11:30:00,291.88,294.126,291.11,291.19,12247470
2019-05-06 12:30:00,291.19,294.126,290.97,291.64,6525790
2019-05-06 13:30:00,291.64,294.03,291.52,292.0132,4539359
2019-05-06 14:30:00,292.015,294.126,291.95,293.05,11013866
2019-05-06 15:30:00,293.045,293.31,292.69,292.87,9552948
2019-05-07 09:30:00,290.15,292.8155,288.58,289.61,23082294
2019-05-07 10:30:00,289.605,292.82,287.97,288.64,18027574
2019-05-07 11:30:00,288.63,289.06,287.6882,288.92,11851964
2019-05-07 12:30:00,288.94,289.11,286.945,287.1,10719406
2019-05-07 13:30:00,287.105,292.82,286.66,286.74,14976619
2019-05-07 14:30:00,286.75,292.8155,286.26,286.6481,17641957
2019-05-07 15:30:00,286.64,292.8155,285.81,288.04,22670276
2019-05-08 09:30:00,287.54,288.42,286.7273,287.69,16068177
2019-05-08 10:30:00,287.69,289.43,287.24,288.61,16787411
2019-05-08 11:30:00,288.63,288.84,287.745,288.38,11762173
2019-05-08 12:30:00,288.3623,289.11,287.93,288.715,4524009
2019-05-08 13:30:00,288.72,288.84,287.93,288.7299,6019150
2019-05-08 14:30:00,288.73,289.24,288.56,289.21,5175060
2019-05-08 15:30:00,289.21,289.2598,287.44,287.56,14785280
2019-05-09 09:30:00,285.24,285.54,283.3478,283.73,20450091
2019-05-09 10:30:00,283.72,284.48,283.3,283.52,11550122
2019-05-09 11:30:00,283.52,287.6358,283.4293,285.35,13402878
2019-05-09 12:30:00,285.36,287.53,285.3296,286.2,17141817
2019-05-09 13:30:00,286.2,287.6358,285.99,286.91,7776986
2019-05-09 14:30:00,286.9,287.6358,285.57,286.55,9851330
2019-05-09 15:30:00,286.56,287.08,285.3393,286.75,10362084
2019-05-10 09:30:00,285.62,286.36,284.0899,284.34,14432651
2019-05-10 10:30:00,284.33,286.66,282.3,282.99,15259314
2019-05-10 11:30:00,282.99,284.99,282.4915,284.9,15043701
2019-05-10 12:30:00,284.89,286.66,284.6319,286.065,11824078
2019-05-10 13:30:00,286.06,287.0332,285.95,286.36,10643091
2019-05-10 14:30:00,286.36,288.94,286.1935,288.68,12088938
2019-05-10 15:30:00,288.68,288.69,285.0361,288.02,18134029
2019-05-13 09:30:00,282.42,283.49,280.9409,281.72,24732807
2019-05-13 10:30:00,281.71,282.54,280.96,281.23,12211633
2019-05-13 11:30:00,281.23,281.56,280.48,280.7237,10115514
2019-05-13 12:30:00,280.71,288.1,279.93,280.025,10897002
2019-05-13 13:30:00,280.03,288.1,279.98,281.55,16416045
2019-05-13 14:30:00,281.56,287.9383,280.7,280.82,13052284
2019-05-13 15:30:00,280.81,287.9383,280.2,280.98,19178100
2019-05-14 09:30:00,282.02,283.59,281.0389,283.44,15194678
2019-05-14 10:30:00,283.4425,284.29,283.07,284.02,10511323
2019-05-14 11:30:00,284.015,284.77,283.98,284.16,8527313
2019-05-14 12:30:00,284.16,284.99,280.86,284.85,5348009
2019-05-14 13:30:00,284.85,285.1,280.86,284.8852,5892075
2019-05-14 14:30:00,284.88,284.96,281.039,284.39,9171541
2019-05-14 15:30:00,284.38,284.4108,281.0389,283.33,13593919
2019-05-15 09:30:00,281.59,284.08,281.36,283.97,18457481
2019-05-15 10:30:00,283.96,284.98,282.0839,284.945,9123978
2019-05-15 11:30:00,284.94,285.56,283.3419,284.97,7373587
2019-05-15 12:30:00,284.96,285.3,283.4,284.87,4802931
2019-05-15 13:30:00,284.88,285.68,283.4,285.5465,4556233
2019-05-15 14:30:00,285.54,285.76,285.15,285.665,7606481
2019-05-15 15:30:00,285.66,285.77,283.3419,285.06,11070496
2019-06-05 09:30:00,282.33,282.39,281.07,281.14,13235483
2019-06-05 10:30:00,281.14,281.8,280.32,281.7301,10134394
2019-06-05 11:30:00,281.74,282.07,281.38,282.0,7998192
2019-06-05 12:30:00,282.0,282.58,280.53,282.46,6655977
2019-06-05 13:30:00,282.4627,282.74,280.5743,282.46,5681992
2019-06-05 14:30:00,282.46,282.72,280.5743,282.3941,6124569
2019-06-05 15:30:00,282.4,282.99,280.5743,282.9,11526928
2019-06-06 09:30:00,283.29,283.69,282.62,282.63,9156322
2019-06-06 10:30:00,282.64,288.57,282.57,283.7558,6730298
2019-06-06 11:30:00,283.76,283.89,282.98,283.41,6483424
2019-06-06 12:30:00,283.39,283.74,282.4,283.66,3733871
2019-06-06 13:30:00,283.65,283.92,282.928,283.75,3864369
2019-06-06 14:30:00,283.75,285.08,282.928,284.9903,11337610
2019-06-06 15:30:00,284.99,285.55,282.928,284.74,14381654
2019-06-07 09:30:00,285.93,287.45,285.74,287.4,14247221
2019-06-07 10:30:00,287.39,288.85,284.6812,287.85,12677070
2019-06-07 11:30:00,287.85,288.16,284.6812,288.1468,6379385
2019-06-07 12:30:00,288.145,288.59,287.92,288.1,4842592
2019-06-07 13:30:00,288.095,288.5,284.6812,288.195,4793424
2019-06-07 14:30:00,288.2,288.35,284.6812,288.21,9056102
2019-06-07 15:30:00,288.2,288.28,284.6812,287.63,10995314
2019-06-10 09:30:00,289.36,290.04,287.6563,289.895,11651532
2019-06-10 10:30:00,289.89,290.32,287.65,290.18,6905141
2019-06-10 11:30:00,290.18,290.82,289.94,290.15,7945942
2019-06-10 12:30:00,290.14,290.24,287.65,289.9,4955653
2019-06-10 13:30:00,289.89,290.07,287.65,289.3798,7048126
2019-06-10 14:30:00,289.37,289.81,287.6563,289.25,4981390
2019-06-10 15:30:00,289.26,289.7,287.6563,288.94,10379529
2019-06-11 09:30:00,290.99,291.4,289.98,290.5538,11353477
2019-06-11 10:30:00,290.55,290.57,288.97,289.59,6452072
2019-06-11 11:30:00,289.6,291.0,288.51,288.6,7541345
2019-06-11 12:30:00,288.6,288.97,288.1805,288.52,4856368
2019-06-11 13:30:00,288.51,289.48,288.25,289.16,6584562
2019-06-11 14:30:00,289.16,289.1825,288.38,288.75,4828786
2019-06-11 15:30:00,288.75,289.12,288.65,288.89,6560591
2019-06-12 09:30:00,288.64,289.26,288.2,288.265,10643114
2019-06-12 10:30:00,288.26,288.9,288.04,288.33,5822924
2019-06-12 11:30:00,288.33,288.54,287.81,288.28,5839507
2019-06-12 12:30:00,288.28,288.908,288.16,288.38,4475083
2019-06-12 13:30:00,288.38,288.908,288.01,288.16,3481916
2019-06-12 14:30:00,288.16,288.56,288.05,288.21,3706745
2019-06-12 15:30:00,288.21,288.43,288.04,288.36,5476919
2019-07-18 09:30:00,297.19,298.05,297.05,297.91,7817441
2019-07-18 10:30:00,297.92,298.12,297.11,297.225,4769692
2019-07-18 11:30:00,297.22,297.51,296.7,297.42,6288565
2019-07-18 12:30:00,297.42,298.57,297.2,297.61,4691461
2019-07-18 13:30:00,297.615,298.615,297.44,298.4989,7362722
2019-07-18 14:30:00,298.5,299.25,297.61,298.66,8104961
2019-07-18 15:30:00,298.66,298.9,297.2395,298.85,6661703
2019-07-19 09:30:00,300.02,300.1907,299.18,299.4332,10705630
2019-07-19 10:30:00,299.44,300.2768,298.83,299.1115,14417857
2019-07-19 11:30:00,299.12,299.32,298.44,299.2,8237670
2019-07-19 12:30:00,299.21,299.42,299.0,299.0361,2903624
2019-07-19 13:30:00,299.03,299.31,298.1802,298.2839,6840999
2019-07-19 14:30:00,298.21,298.49,297.31,297.79,6855502
2019-07-19 15:30:00,297.795,298.9022,296.96,297.12,11964497
2019-07-22 09:30:00,297.61,298.12,297.33,297.64,6559813
2019-07-22 10:30:00,297.65,297.95,297.04,297.26,5593411
2019-07-22 11:30:00,297.265,297.85,297.13,297.7754,2853327
2019-07-22 12:30:00,297.78,298.3,297.0652,297.84,5235332
2019-07-22 13:30:00,297.84,298.12,297.17,297.8981,2170252
2019-07-22 14:30:00,297.895,298.5,297.0652,297.995,5897250
2019-07-22 15:30:00,298.0,298.0152,297.65,297.9165,6437996
2019-07-23 09:30:00,299.14,299.2,298.26,298.42,6593948
2019-07-23 10:30:00,298.41,298.99,297.9,298.67,5412708
2019-07-23 11:30:00,298.67,298.77,297.9097,298.52,4515430
2019-07-23 12:30:00,298.52,298.94,297.9,298.855,3357667
2019-07-23 13:30:00,298.86,299.86,297.9,299.575,9278049
2019-07-23 14:30:00,299.58,299.88,297.9097,299.76,4254286
2019-07-23 15:30:00,299.765,300.03,297.9097,299.96,6273808
2019-07-24 09:30:00,299.18,300.31,299.09,300.04,6178591
2019-07-24 10:30:00,300.04,300.51,299.7,299.88,5622037
2019-07-24 11:30:00,299.88,300.19,299.8,300.06,3705112
2019-07-24 12:30:00,300.05,300.47,300.03,300.38,2894422
2019-07-24 13:30:00,300.38,300.72,300.03,300.68,4569395
2019-07-24 14:30:00,300.69,301.16,300.4,301.14,5452982
2019-07-24 15:30:00,301.15,301.42,299.9604,301.38,9305488
2019-07-25 09:30:00,300.95,301.0,299.71,300.35,10859996
2019-07-25 10:30:00,300.3567,301.44,300.1526,300.42,4803905
2019-07-25 11:30:00,300.42,300.47,299.73,299.919,4120214
2019-07-25 12:30:00,299.92,301.44,299.11,299.65,5764897
2019-07-25 13:30:00,299.655,301.44,299.48,300.08,5056759
2019-07-25 14:30:00,300.08,300.22,299.33,299.8223,4085423
2019-07-25 15:30:00,299.83,301.3663,299.49,299.9702,8893266
2019-07-26 09:30:00,300.76,301.3703,300.62,301.08,8087564
2019-07-26 10:30:00,301.08,301.51,300.0,301.46,4387952
2019-07-26 11:30:00,301.45,301.8,299.786,301.7017,3973565
2019-07-26 12:30:00,301.7103,301.86,300.0,301.731,1905032
2019-07-26 13:30:00,301.735,302.76,300.0,301.7699,1946101
2019-07-26 14:30:00,301.76,302.18,299.786,302.07,4708160
2019-07-26 15:30:00,302.065,302.23,299.786,301.99,8346620
2019-07-29 09:30:00,301.88,301.93,300.85,301.2,8801402
2019-07-29 10:30:00,301.2,302.01,301.1,301.53,5254759
2019-07-29 11:30:00,301.53,302.01,301.0,301.43,3885430
2019-07-29 12:30:00,301.42,301.9973,301.255,301.59,2792939
2019-07-29 13:30:00,301.59,302.01,299.725,301.59,2460598
2019-07-29 14:30:00,301.58,301.62,301.33,301.41,2534066
2019-07-29 15:30:00,301.405,301.74,301.3703,301.48,7149038
2019-07-30 09:30:00,299.9,301.65,299.49,300.405,9731525
2019-07-30 10:30:00,300.405,301.46,300.3,300.7,3955632
2019-07-30 11:30:00,300.695,301.538,300.31,300.665,3760960
2019-07-30 12:30:00,300.67,300.77,300.29,300.425,2614793
2019-07-30 13:30:00,300.425,301.46,300.41,301.0369,4700445
2019-07-30 14:30:00,301.04,301.46,300.48,300.5,4581692
2019-07-30 15:30:00,300.505,301.538,300.4,300.82,9557876
2019-07-31 09:30:00,300.99,301.06,300.535,300.551,5612174
2019-07-31 10:30:00,300.55,301.07,300.3,300.91,4956906
2019-07-31 11:30:00,300.92,301.2,300.79,300.9723,3572316
2019-07-31 12:30:00,300.975,301.08,300.72,300.94,2852008
2019-07-31 13:30:00,300.9356,301.04,299.82,300.23,13033434
2019-07-31 14:30:00,300.23,300.72,295.2,298.985,44531266
2019-07-31 15:30:00,298.98,298.985,297.37,297.38,16717507
2019-08-01 09:30:00,297.6,299.69,297.43,299.68,13492501
2019-08-01 10:30:00,299.67,300.75,297.43,300.72,10907725
2019-08-01 11:30:00,300.73,300.87,297.5254,300.215,5826704
2019-08-01 12:30:00,300.2136,300.61,297.43,298.23,8748357
2019-08-01 13:30:00,298.23,299.1709,294.56,295.33,40830508
2019-08-01 14:30:00,295.33,300.1665,293.96,295.4709,28789179
2019-08-01 15:30:00,295.48,297.5254,294.4,294.88,18747456
2019-08-02 09:30:00,293.85,294.8751,291.91,292.43,20757361
2019-08-02 10:30:00,292.42,294.8751,290.9,291.81,15126684
2019-08-02 11:30:00,291.81,294.8751,291.22,292.84,10656801
2019-08-02 12:30:00,292.82,294.84,291.34,291.52,8110541
2019-08-02 13:30:00,291.525,294.84,291.2,292.22,9445573
2019-08-02 14:30:00,292.22,294.8751,291.68,292.84,11586368
2019-08-02 15:30:00,292.83,294.8751,291.984,292.76,21143602
2019-08-05 09:30:00,288.09,288.21,286.36,286.67,26731566
2019-08-05 10:30:00,286.65,292.62,285.73,286.58,17569391
2019-08-05 11:30:00,286.59,292.7433,285.38,285.49,13643113
2019-08-05 12:30:00,285.485,292.62,284.17,284.88,14604962
2019-08-05 13:30:00,284.88,292.7433,283.33,283.36,14035523
2019-08-05 14:30:00,283.35,292.7433,281.72,283.3,31437794
2019-08-05 15:30:00,283.28,292.7433,282.79,284.04,31153814
2019-08-06 09:30:00,285.91,286.93,284.0594,285.37,23763225
2019-08-06 10:30:00,285.37,286.46,283.82,285.07,15631909
2019-08-06 11:30:00,285.07,285.98,284.0594,284.96,10772091
2019-08-06 12:30:00,284.96,286.38,284.0594,286.12,9986722
2019-08-06 13:30:00,286.12,287.6,283.82,287.53,10496226
2019-08-06 14:30:00,287.53,288.0,283.82,287.195,12473884
2019-08-06 15:30:00,287.19,288.04,284.0594,287.77,15101380
2019-08-07 09:30:00,284.41,287.7599,282.04,284.54,30612546
2019-08-07 10:30:00,284.545,287.8,284.4,285.34,18085763
2019-08-07 11:30:00,285.345,287.7599,284.2,284.74,12393600
2019-08-07 12:30:00,284.74,287.7599,284.4587,286.02,9578120
2019-08-07 13:30:00,286.02,287.8,284.3,287.0999,13061062
2019-08-07 14:30:00,287.08,288.26,286.8596,288.2,13029033
2019-08-07 15:30:00,288.21,288.82,287.61,288.03,13794606
2019-08-08 09:30:00,289.61,290.71,283.13,290.6,14705611
2019-08-08 10:30:00,290.61,291.7,287.97,291.47,10059332
2019-08-08 11:30:00,291.47,292.62,288.0532,292.47,9039544
2019-08-08 12:30:00,292.47,293.02,287.97,292.25,8591121
2019-08-08 13:30:00,292.25,292.925,287.97,292.41,5631859
2019-08-08 14:30:00,292.4226,292.99,292.15,292.51,8182407
2019-08-08 15:30:00,292.53,293.56,291.927,293.55,14602300
2019-08-09 09:30:00,292.58,293.25,291.02,291.02,16736620
2019-08-09 10:30:00,291.01,293.62,289.86,289.87,10668551
2019-08-09 11:30:00,289.875,290.8,289.65,289.992,7970728
2019-08-09 12:30:00,289.99,293.4935,289.88,291.96,12456417
2019-08-09 13:30:00,291.95,293.62,291.77,292.15,8414806
2019-08-09 14:30:00,292.16,293.4935,291.71,292.47,7985805
2019-08-09 15:30:00,292.47,293.4935,291.2982,291.59,14840994
2019-08-12 09:30:00,289.86,290.57,289.09,290.17,12135650
2019-08-12 10:30:00,290.16,291.62,288.59,289.14,8066627
2019-08-12 11:30:00,289.1347,289.89,288.7,289.8,5243258
2019-08-12 12:30:00,289.8,291.62,288.8,289.06,4061312
2019-08-12 13:30:00,289.065,291.62,287.93,287.99,9218574
2019-08-12 14:30:00,287.99,291.62,287.02,287.94,10015750
2019-08-12 15:30:00,287.93,291.62,287.6,288.09,6509974
2019-08-13 09:30:00,287.74,294.15,287.36,293.76,33013415
2019-08-13 10:30:00,293.77,293.89,287.43,291.84,12577523
2019-08-13 11:30:00,291.83,293.459,291.48,292.95,6901362
2019-08-13 12:30:00,292.97,293.17,288.07,292.58,7502894
2019-08-13 13:30:00,292.57,293.1,288.07,293.06,4199809
2019-08-13 14:30:00,293.06,293.33,288.07,292.72,7873790
2019-08-13 15:30:00,292.72,292.8376,292.11,292.43,10462232
2019-09-25 09:30:00,295.95,296.36,294.33,295.53,15855057
2019-09-25 10:30:00,295.525,296.7,295.39,296.43,9300648
2019-09-25 11:30:00,296.42,298.24,296.11,296.62,5154053
2019-09-25 12:30:00,296.635,296.83,295.87,296.56,3652100
2019-09-25 13:30:00,296.56,297.36,295.87,297.235,4820501
2019-09-25 14:30:00,297.23,297.77,295.7394,297.65,6234155
2019-09-25 15:30:00,297.65,298.11,295.7394,297.6,9908502
2019-09-26 09:30:00,297.63,297.65,296.27,296.75,9107082
2019-09-26 10:30:00,296.75,297.62,295.44,295.88,8401195
2019-09-26 11:30:00,295.89,300.0,295.57,296.67,5727591
2019-09-26 12:30:00,296.66,297.62,296.11,296.23,4546857
2019-09-26 13:30:00,296.22,297.62,296.17,297.23,6579976
2019-09-26 14:30:00,297.23,297.72,296.9,297.55,6852064
2019-09-26 15:30:00,297.54,297.86,296.7,296.97,8629379
2019-09-27 09:30:00,297.83,297.95,296.32,296.98,8039008
2019-09-27 10:30:00,296.98,297.72,296.76,297.53,5789964
2019-09-27 11:30:00,297.53,297.64,295.28,296.12,13685340
2019-09-27 12:30:00,296.12,297.0,294.7,295.28,8530007
2019-09-27 13:30:00,295.285,297.0,294.38,294.57,5810908
2019-09-27 14:30:00,294.57,294.75,293.4037,294.325,11934927
2019-09-27 15:30:00,294.32,296.8958,294.27,295.36,14798614
2019-09-30 09:30:00,295.96,296.82,295.92,296.31,8439751
2019-09-30 10:30:00,296.31,297.03,295.4,297.0199,4222787
2019-09-30 11:30:00,297.02,297.48,296.85,297.448,3669708
2019-09-30 12:30:00,297.445,297.49,297.21,297.285,2585281
2019-09-30 13:30:00,297.29,297.55,295.3341,297.25,3481572
2019-09-30 14:30:00,297.255,297.3655,295.3341,297.04,5753863
2019-09-30 15:30:00,297.05,297.22,295.3341,296.83,14026478
2019-10-01 09:30:00,297.74,298.455,295.45,296.22,17345900
2019-10-01 10:30:00,296.22,296.77,294.85,295.54,8755798
2019-10-01 11:30:00,295.54,296.8354,293.84,294.1846,8627112
2019-10-01 12:30:00,294.19,296.8354,293.37,293.42,6435984
2019-10-01 13:30:00,293.42,296.8354,293.0,293.485,12287508
2019-10-01 14:30:00,293.485,296.8354,293.45,294.02,11492071
2019-10-01 15:30:00,294.02,296.8354,293.09,293.21,16849606
2019-10-02 09:30:00,291.51,291.51,289.1,289.3,21237770
2019-10-02 10:30:00,289.3,293.24,287.98,288.21,19692003
2019-10-02 11:30:00,288.22,293.1949,287.38,287.65,16118051
2019-10-02 12:30:00,287.64,293.24,286.64,287.6349,12306196
2019-10-02 13:30:00,287.63,293.24,287.03,287.882,9891272
2019-10-02 14:30:00,287.89,293.1949,287.5,288.42,15348617
2019-10-02 15:30:00,288.42,293.1949,287.61,288.04,16469082
2019-10-03 09:30:00,287.82,288.46,284.82,287.07,24662097
2019-10-03 10:30:00,287.08,289.46,286.43,288.625,19185978
2019-10-03 11:30:00,288.63,289.07,287.95,288.89,7510132
2019-10-03 12:30:00,288.89,289.67,286.1842,289.37,5029172
2019-10-03 13:30:00,289.35,290.225,288.06,290.1552,6124227
2019-10-03 14:30:00,290.17,290.2,288.0153,289.4128,7845187
2019-10-03 15:30:00,289.57,296.7,287.9172,290.37,9585721
2019-10-17 09:30:00,299.67,300.24,299.44,299.93,7990527
2019-10-17 10:30:00,299.94,299.9741,298.3658,299.33,9795186
2019-10-17 11:30:00,299.34,299.3764,298.515,298.93,5786645
2019-10-17 12:30:00,298.93,299.44,298.9207,299.255,2655945
2019-10-17 13:30:00,299.25,299.51,290.16,299.35,4237818
2019-10-17 14:30:00,299.36,299.68,299.15,299.47,4292276
2019-10-17 15:30:00,299.475,299.64,299.07,299.24,6826727
2019-10-18 09:30:00,298.68,299.4,298.6,298.79,6898760
2019-10-18 10:30:00,298.8001,299.28,298.13,298.79,8378046
2019-10-18 11:30:00,298.79,298.9554,296.99,297.38,9559284
2019-10-18 12:30:00,297.37,299.1942,297.25,298.24,5935100
2019-10-18 13:30:00,298.2306,299.28,298.14,298.69,4232729
2019-10-18 14:30:00,298.6899,299.28,298.345,298.6,7177503
2019-10-18 15:30:00,298.595,299.1942,297.98,297.98,9591401
2019-10-21 09:30:00,299.42,299.86,298.935,299.41,6585786
2019-10-21 10:30:00,299.405,299.77,297.97,299.74,3981124
2019-10-21 11:30:00,299.75,299.8298,299.243,299.78,2932120
2019-10-21 12:30:00,299.775,299.95,299.63,299.7732,3028022
2019-10-21 13:30:00,299.779,300.09,297.97,299.845,3755217
2019-10-21 14:30:00,299.84,300.07,299.83,299.95,2753747
2019-10-21 15:30:00,299.94,300.21,298.0299,300.05,7957162
2019-10-22 09:30:00,300.58,300.84,300.25,300.53,5598146
2019-10-22 10:30:00,300.525,300.89,300.39,300.4499,5711197
2019-10-22 11:30:00,300.4483,300.81,300.0853,300.79,5113410
2019-10-22 12:30:00,300.78,300.9,299.99,300.6247,3881748
2019-10-22 13:30:00,300.63,300.78,299.99,300.51,8353187
2019-10-22 14:30:00,300.505,300.58,299.22,299.84,8424650
2019-10-22 15:30:00,299.84,300.0853,298.91,299.03,7345849
2019-10-23 09:30:00,298.73,299.39,298.495,299.05,5973116
2019-10-23 10:30:00,299.06,299.76,298.77,299.6322,3837272
2019-10-23 11:30:00,299.65,299.76,299.22,299.3,2867997
2019-10-23 12:30:00,299.3,299.59,299.14,299.285,1637428
2019-10-23 13:30:00,299.29,299.44,298.87,298.93,3314618
2019-10-23 14:30:00,298.92,299.35,298.79,299.326,4133964
2019-10-23 15:30:00,299.33,299.94,299.025,299.86,7551070
2019-10-24 09:30:00,300.91,301.07,299.54,299.77,7190075
2019-10-24 10:30:00,299.76,300.5,299.46,300.47,4603846
2019-10-24 11:30:00,300.48,300.725,299.52,299.99,6553149
2019-10-24 12:30:00,299.99,300.33,299.81,300.0101,2615377
2019-10-24 13:30:00,300.02,300.065,299.58,300.0,2689211
2019-10-24 14:30:00,300.005,300.46,299.9655,300.345,2788549
2019-10-24 15:30:00,300.35,300.65,300.0566,300.42,5325645
2019-10-25 09:30:00,299.74,301.05,299.6806,300.89,5215936
2019-10-25 10:30:00,300.89,302.2,300.37,302.08,6181652
2019-10-25 11:30:00,302.08,302.14,301.55,301.93,4773671
2019-10-25 12:30:00,301.91,301.9647,301.685,301.83,3849750
2019-10-25 13:30:00,301.84,301.84,300.37,301.56,5072698
2019-10-25 14:30:00,301.55,301.81,301.25,301.695,5005741
2019-10-25 15:30:00,301.7,301.85,301.48,301.64,8108098
2019-10-28 09:30:00,302.94,303.72,302.91,303.6,7310633
2019-10-28 10:30:00,303.6,303.85,303.11,303.28,4766226
2019-10-28 11:30:00,303.29,303.54,303.05,303.41,3451952
2019-10-28 12:30:00,303.41,303.46,301.6,303.405,2481804
2019-10-28 13:30:00,303.4,303.57,301.6,303.4575,3471198
2019-10-28 14:30:00,303.46,303.695,301.6769,303.665,6141203
2019-10-28 15:30:00,303.665,303.68,301.6769,303.36,8023724
2019-10-29 09:30:00,303.0,303.59,302.86,303.53,8092015
2019-10-29 10:30:00,303.525,304.23,303.3,303.78,7270841
2019-10-29 11:30:00,303.77,303.97,302.98,303.965,6852907
2019-10-29 12:30:00,303.97,304.0499,303.3627,303.74,3063833
2019-10-29 13:30:00,303.745,303.89,303.3,303.445,4448061
2019-10-29 14:30:00,303.445,303.52,300.2383,303.2256,4984412
2019-10-29 15:30:00,303.225,303.6117,302.93,303.2,5953363
2019-10-30 09:30:00,303.43,303.43,301.98,302.89,7946505
2019-10-30 10:30:00,302.9,303.21,302.63,302.81,3427735
2019-10-30 11:30:00,302.8,303.12,302.53,303.07,3222574
2019-10-30 12:30:00,303.075,303.21,302.86,302.92,2135841
2019-10-30 13:30:00,302.92,303.37,302.1,303.03,7965076
2019-10-30 14:30:00,303.035,304.55,302.46,304.15,10485457
2019-10-30 15:30:00,304.15,304.27,303.83,304.14,7043022
2019-10-31 09:30:00,304.11,304.13,302.27,302.46,12032731
2019-10-31 10:30:00,302.4597,304.14,301.73,302.62,8866735
2019-10-31 11:30:00,302.61,302.94,302.11,302.4,6309453
2019-10-31 12:30:00,302.4,304.14,301.85,302.5,5994713
2019-10-31 13:30:00,302.5,304.14,302.01,302.3448,4110339
2019-10-31 14:30:00,302.345,302.73,301.85,302.45,8007465
2019-10-31 15:30:00,302.45,303.39,302.38,303.26,12098429
2019-11-01 09:30:00,304.91,305.89,304.74,305.5833,12685409
2019-11-01 10:30:00,305.585,305.7,303.2439,305.445,8985609
2019-11-01 11:30:00,305.44,305.62,303.2439,305.36,6360050
2019-11-01 12:30:00,305.355,305.72,303.2439,305.6727,6402964
2019-11-01 13:30:00,305.67,306.01,303.2439,305.79,7157340
2019-11-01 14:30:00,305.795,305.9,305.53,305.75,5705998
2019-11-01 15:30:00,305.745,306.19,305.58,306.18,11802223
2019-11-04 09:30:00,307.85,308.0,306.1744,307.834,18755115
2019-11-04 10:30:00,307.84,307.87,306.14,307.57,4296941
2019-11-04 11:30:00,307.565,307.645,306.1744,307.38,6665314
2019-11-04 12:30:00,307.38,307.625,306.1744,307.6162,5642050
2019-11-04 13:30:00,307.62,307.7222,306.14,307.575,4020167
2019-11-04 14:30:00,307.58,307.65,306.14,307.061,5751794
2019-11-04 15:30:00,307.065,307.51,306.98,307.34,7772272
2019-11-05 09:30:00,307.59,307.92,306.82,306.91,8741406
2019-11-05 10:30:00,306.91,307.6388,306.71,307.1246,5026653
2019-11-05 11:30:00,307.1293,307.3085,306.72,306.81,4071679
2019-11-05 12:30:00,306.81,307.425,306.73,307.289,4216996
2019-11-05 13:30:00,307.28,307.9,307.16,307.41,2378849
2019-11-05 14:30:00,307.41,307.5,307.16,307.18,4914318
2019-11-05 15:30:00,307.17,307.39,306.835,307.0,8352766
2019-11-06 09:30:00,307.03,307.18,306.45,306.9,6016933
2019-11-06 10:30:00,306.89,307.03,306.74,306.88,3575887
2019-11-06 11:30:00,306.859,307.41,306.06,306.345,10221795
2019-11-06 12:30:00,306.35,307.03,306.3,306.825,3832388
2019-11-06 13:30:00,306.835,307.385,306.7195,307.01,3787158
2019-11-06 14:30:00,307.01,307.19,306.755,307.031,4468445
2019-11-06 15:30:00,307.04,307.19,306.86,307.14,7097639
2019-11-07 09:30:00,308.56,309.24,308.51,308.9501,8570623
2019-11-07 10:30:00,309.0014,309.4,307.1,308.95,5131406
2019-11-07 11:30:00,308.955,309.65,307.3246,309.12,8432462
2019-11-07 12:30:00,309.12,309.16,307.1,308.88,3819110
2019-11-07 13:30:00,308.875,309.0,307.1,308.8549,5283176
2019-11-07 14:30:00,308.8506,308.9206,307.3246,308.04,9844054
2019-11-07 15:30:00,308.04,308.785,307.3246,308.22,8154704
2020-01-23 09:30:00,330.63,330.81,329.41,330.51,10634652
2020-01-23 10:30:00,330.51,331.34,329.61,329.68,5084671
2020-01-23 11:30:00,329.685,330.63,329.65,330.59,3204885
2020-01-23 12:30:00,330.59,331.34,330.21,330.62,3778966
2020-01-23 13:30:00,330.6199,331.62,330.59,331.47,6108809
2020-01-23 14:30:00,331.4799,331.85,331.37,331.73,5089990
2020-01-23 15:30:00,331.73,331.92,330.7541,331.74,7923583
2020-01-24 09:30:00,332.43,332.53,330.97,330.98,8565598
2020-01-24 10:30:00,330.98,331.91304,330.3653,330.71,8901291
2020-01-24 11:30:00,330.7,331.7683,320.625,329.14,11628960
2020-01-24 12:30:00,329.15,331.97,328.88,328.9,7764610
2020-01-24 13:30:00,328.895,331.7683,327.36,327.555,14452507
2020-01-24 14:30:00,327.55,331.7683,327.48,328.9101,11614727
2020-01-24 15:30:00,328.92,331.7683,327.83,328.75,12402219
2020-01-27 09:30:00,323.03,324.69,322.66,324.52,18480174
2020-01-27 10:30:00,324.52,328.77,323.29,323.789,8177441
2020-01-27 11:30:00,323.79,328.7677,323.5,324.76,8195525
2020-01-27 12:30:00,324.75,325.12,323.01,324.86,5805520
2020-01-27 13:30:00,324.8625,328.77,324.21,324.9,5398398
2020-01-27 14:30:00,324.9,328.7677,323.83,324.255,9785018
2020-01-27 15:30:00,324.25,328.7677,323.45,323.52,13017761
2020-01-28 09:30:00,325.07,326.6,323.6038,326.3599,13596129
2020-01-28 10:30:00,326.34,327.1,323.5,327.0,8603490
2020-01-28 11:30:00,327.0,327.46,323.6038,327.38,4507767
2020-01-28 12:30:00,327.38,327.405,323.6038,326.86,4327639
2020-01-28 13:30:00,326.86,327.58,323.5,327.34,5768539
2020-01-28 14:30:00,327.34,327.85,323.6038,327.6699,7082616
2020-01-28 15:30:00,327.665,327.69,323.6038,326.89,10895897
2020-01-29 09:30:00,328.38,328.47,326.4,327.26,10161693
2020-01-29 10:30:00,327.27,328.07,326.89,327.98,5153377
2020-01-29 11:30:00,327.985,328.08,327.62,328.019,2788578
2020-01-29 12:30:00,328.02,328.2,326.8626,328.185,2982242
2020-01-29 13:30:00,328.18,328.63,326.89,328.1865,4150201
2020-01-29 14:30:00,328.1811,328.28,326.72,327.458,10685310
2020-01-29 15:30:00,327.45,327.881,326.55,326.62,7609924
2020-01-30 09:30:00,324.36,325.89,324.28,325.2377,9992402
2020-01-30 10:30:00,325.235,326.6278,323.54,324.93,9686726
2020-01-30 11:30:00,324.94,326.62,324.54,324.56,5813697
2020-01-30 12:30:00,324.54,326.62,323.86,324.425,8590447
2020-01-30 13:30:00,324.42,326.6278,324.26,325.135,5469054
2020-01-30 14:30:00,325.14,326.67,324.2,326.4,16743005
2020-01-30 15:30:00,326.4,327.91,324.9561,327.66,11501432
2020-01-31 09:30:00,327.0,327.17,324.659,324.6599,13542293
2020-01-31 10:30:00,324.66,327.674,322.79,323.02,13003095
2020-01-31 11:30:00,323.0,327.674,322.63,323.4199,9631058
2020-01-31 12:30:00,323.419,327.674,322.08,322.379,14650225
2020-01-31 13:30:00,322.38,327.68,321.65,322.3314,9985368
2020-01-31 14:30:00,322.3501,330.92,321.5024,321.52,13223429
2020-01-31 15:30:00,321.5,327.674,320.73,321.74,20758998
2020-02-03 09:30:00,323.35,326.16,321.73,326.11,14877630
2020-02-03 10:30:00,326.12,326.155,321.73,324.69,8220212
2020-02-03 11:30:00,324.69,325.259,321.8773,324.56,10029663
2020-02-03 12:30:00,324.56,324.93,321.73,324.21,3713257
2020-02-03 13:30:00,324.22,324.68,321.73,324.29,5778044
2020-02-03 14:30:00,324.29,324.97,321.8814,324.95,6968012
2020-02-03 15:30:00,324.9599,325.01,321.8814,324.14,9478722
2020-02-04 09:30:00,328.07,329.1793,324.2117,329.12,13616000
2020-02-04 10:30:00,329.11,329.55,324.12,329.39,6916366
2020-02-04 11:30:00,329.38,329.9,324.2129,329.82,5817463
2020-02-04 12:30:00,329.82,329.865,324.12,329.31,6900411
2020-02-04 13:30:00,329.29,329.9,324.12,329.59,4348582
2020-02-04 14:30:00,329.58,330.01,324.2129,329.7845,6171859
2020-02-04 15:30:00,329.78,329.87,324.2117,329.08,9263011
2020-02-05 09:30:00,332.27,332.43,329.0707,331.15,13036602
2020-02-05 10:30:00,331.15,331.83,328.17,331.8,8201658
2020-02-05 11:30:00,331.79,332.26,329.064,332.025,5344405
2020-02-05 12:30:00,332.025,332.22,329.0707,331.86,3917931
2020-02-05 13:30:00,331.85,332.3,329.06,332.2203,4408713
2020-02-05 14:30:00,332.215,333.09,329.0707,332.792,8329305
2020-02-05 15:30:00,332.79,332.9074,329.0707,332.82,9470076
2020-02-06 09:30:00,333.92,334.49,332.8,333.18,10786392
2020-02-06 10:30:00,333.18,334.06,332.7705,333.93,7392848
2020-02-06 11:30:00,333.935,334.07,332.8263,334.07,3453930
2020-02-06 12:30:00,334.07,334.19,332.86,333.73,2968757
2020-02-06 13:30:00,333.73,334.11,332.7705,333.99,5322075
2020-02-06 14:30:00,333.995,334.11,332.8263,333.59,6883304
2020-02-06 15:30:00,333.59,334.09,332.8263,333.96,5864637
2020-02-07 09:30:00,332.82,333.0,331.93,332.955,10131101
2020-02-07 10:30:00,332.955,333.9941,332.6,333.33,6563452
2020-02-07 11:30:00,333.32,333.9941,332.18,333.44,5310954
2020-02-07 12:30:00,333.44,333.9941,331.13,333.11,5055604
2020-02-07 13:30:00,333.11,333.9941,331.6,332.0,10149563
2020-02-07 14:30:00,332.0,333.9941,331.9373,332.24,6763088
2020-02-07 15:30:00,332.2401,332.64,331.83,332.2,8365905
2020-02-10 09:30:00,331.23,333.35,331.19,333.3,8814201
2020-02-10 10:30:00,333.31,333.7,332.2,333.425,5105589
2020-02-10 11:30:00,333.4399,333.71,333.03,333.15,4034990
2020-02-10 12:30:00,333.142,333.34,332.2407,333.2062,2984317
2020-02-10 13:30:00,333.225,333.39,332.2,333.37,2309286
2020-02-10 14:30:00,333.37,334.2,332.2407,334.15,4921131
2020-02-10 15:30:00,334.15,334.72,333.91,334.69,6321492
2020-02-11 09:30:00,336.17,336.97,334.684,336.89,11203490
2020-02-11 10:30:00,336.9,337.02,332.5475,336.3485,10199490
2020-02-11 11:30:00,336.285,336.45,335.62,336.1054,5460613
2020-02-11 12:30:00,336.11,336.48,335.99,336.21,2656346
2020-02-11 13:30:00,336.2207,336.33,334.68,335.5821,5023559
2020-02-11 14:30:00,335.59,335.91,327.45,335.31,8661613
2020-02-11 15:30:00,335.31,335.5925,334.684,335.29,5683288
2020-02-24 09:30:00,323.14,333.5623,322.86,324.348,29101121
2020-02-24 10:30:00,324.33,333.5623,323.6,324.3,14500846
2020-02-24 11:30:00,324.295,338.56,322.33,322.61,16279707
2020-02-24 12:30:00,322.61,333.5623,321.23,322.57,16969846
2020-02-24 13:30:00,322.57,333.5623,322.07,323.6098,14873917
2020-02-24 14:30:00,323.61,333.5623,323.34,324.0397,19167386
2020-02-24 15:30:00,324.04,333.5623,322.4,322.41,24178525
2020-02-25 09:30:00,323.93,324.61,319.98,320.26,25144513
2020-02-25 10:30:00,320.27,335.41,317.53,318.7556,27480232
2020-02-25 11:30:00,318.755,322.4158,317.93,318.175,14324983
2020-02-25 12:30:00,318.15,322.4158,316.17,316.6,18112558
2020-02-25 13:30:00,316.6,322.42,312.55,312.61,35484044
2020-02-25 14:30:00,312.61,322.4259,312.08,313.15,40576138
2020-02-25 15:30:00,313.145,322.4158,311.69,312.7,32662549
2020-02-26 09:30:00,314.19,317.45,312.65,316.33,32874655
2020-02-26 10:30:00,316.33,318.11,312.6802,317.52,19001872
2020-02-26 11:30:00,317.52,317.6,312.69,314.1,23547365
2020-02-26 12:30:00,314.09,317.5647,313.47,314.08,14452768
2020-02-26 13:30:00,314.07,314.18,310.7,312.19,36216815
2020-02-26 14:30:00,312.21,313.97,311.28,312.12,26127652
2020-02-26 15:30:00,312.115,312.6802,311.41,311.55,18282998
2020-02-27 09:30:00,305.46,311.5637,302.21,302.56,54101921
2020-02-27 10:30:00,302.56,311.5637,300.65,305.12,40734161
2020-02-27 11:30:00,305.11,311.5637,303.64,307.82,28013561
2020-02-27 12:30:00,307.82,311.5637,306.95,307.04,25885646
2020-02-27 13:30:00,307.06,311.5637,303.12,305.0825,38123272
2020-02-27 14:30:00,305.07,311.5637,300.7167,302.27,23018534
2020-02-27 15:30:00,302.26,311.5637,297.51,297.54,40865444
2020-02-28 09:30:00,288.7,297.892,285.53,286.42,74117461
2020-02-28 10:30:00,286.4,304.97,286.26,291.31,47330608
2020-02-28 11:30:00,291.315,297.892,290.0,292.94,50548016
2020-02-28 12:30:00,292.96,297.892,290.63,292.75,34770003
2020-02-28 13:30:00,292.7499,297.892,288.03,290.2,37289386
2020-02-28 14:30:00,290.19,297.892,288.83,288.83,45945646
2020-02-28 15:30:00,288.83,297.892,288.06,296.16,53919107
2020-03-02 09:30:00,298.2,299.11,294.46,296.33,41080617
2020-03-02 10:30:00,296.32,301.95,295.17,301.5976,33481477
2020-03-02 11:30:00,301.6,304.07,295.454,302.38,26694824
2020-03-02 12:30:00,302.36,304.0,295.454,301.31,23187753
2020-03-02 13:30:00,301.32,303.43,295.454,301.51,18763620
2020-03-02 14:30:00,301.507,303.66,290.5,303.35,25846851
2020-03-02 15:30:00,303.35,309.16,295.454,309.08,36603573
2020-03-03 09:30:00,309.5,313.84,301.5,309.53,63715301
2020-03-03 10:30:00,309.52,311.2,302.54,303.35,38800379
2020-03-03 11:30:00,303.36,309.018,303.0,305.62,26038293
2020-03-03 12:30:00,305.62,309.19,301.29,302.6399,24764571
2020-03-03 13:30:00,302.64,309.09,297.57,300.34,42939212
2020-03-03 14:30:00,300.3364,309.018,297.7,304.14,38898545
2020-03-03 15:30:00,304.13,309.018,299.29,300.36,39269083
2020-03-13 09:30:00,263.04,264.11,241.15,259.33,64485625
2020-03-13 10:30:00,259.28,259.78,248.5237,252.43,44090741
2020-03-13 11:30:00,252.44,254.049,240.77,252.1596,32471995
2020-03-13 12:30:00,252.14,258.9,248.5237,258.6698,25092255
2020-03-13 13:30:00,258.65,260.1299,248.11,255.66,26252247
2020-03-13 14:30:00,255.65,259.59,248.5237,258.94,36416469
2020-03-13 15:30:00,258.97,292.33067,248.5237,270.93,56606654
2020-03-16 09:30:00,241.18,271.4969,237.36,245.89,42794288
2020-03-16 10:30:00,245.89,271.4969,241.15,256.03,42484116
2020-03-16 11:30:00,255.95,271.4969,241.15,251.38,26184980
2020-03-16 12:30:00,251.38,271.4969,241.15,249.03,24623471
2020-03-16 13:30:00,249.03,271.4969,240.78,246.61,26421486
2020-03-16 14:30:00,246.605,271.4969,240.78,246.025,39529559
2020-03-16 15:30:00,246.03,278.88,238.8,239.41,62099046
2020-03-17 09:30:00,245.04,247.45,237.07,243.75,50558194
2020-03-17 10:30:00,243.76,250.57,239.1237,248.5,33926641
2020-03-17 11:30:00,248.5,256.17,239.1237,250.51,36316146
2020-03-17 12:30:00,250.57,251.69,239.1237,246.88,25238353
2020-03-17 13:30:00,246.88,253.7,239.1237,252.698,25627237
2020-03-17 14:30:00,252.68,270.0,239.1237,248.041,28809137
2020-03-17 15:30:00,248.04,254.6,239.1237,254.19,32976863
2020-03-18 09:30:00,236.25,252.8,236.22,244.1,47743772
2020-03-18 10:30:00,244.07,253.3831,237.5,238.38,35187102
2020-03-18 11:30:00,238.38,253.3831,237.08,238.99,35756387
2020-03-18 12:30:00,239.05,253.3831,232.76,232.98,37693132
2020-03-18 13:30:00,232.945,253.3831,228.02,229.57,45462924
2020-03-18 14:30:00,229.591,253.3831,228.76,231.85,48682374
2020-03-18 15:30:00,231.84,253.3831,231.0,241.01,49023823
2020-03-19 09:30:00,239.25,243.91,232.22,242.13,59136695
2020-03-19 10:30:00,242.09,245.19,237.92,244.96,35723090
2020-03-19 11:30:00,244.97,246.37,238.945,240.65,39414341
2020-03-19 12:30:00,240.65,244.2188,234.1,241.83,22833618
2020-03-19 13:30:00,241.81,246.24,240.0,244.23,27550034
2020-03-19 14:30:00,244.2,247.38,240.3343,244.0999,33101594
2020-03-19 15:30:00,244.09,245.62,240.33,241.16,43565819
2020-03-20 09:30:00,242.53,243.56,236.61,241.75,70940304
2020-03-20 10:30:00,241.74,244.47,237.74,238.95,47071889
2020-03-20 11:30:00,238.95,243.2538,234.3,235.32,40757113
2020-03-20 12:30:00,235.3,242.9416,234.91,237.3799,28085602
2020-03-20 13:30:00,237.33,240.51,233.91,234.91,24374338
2020-03-20 14:30:00,234.92,240.0937,230.02,233.55,42947464
2020-03-20 15:30:00,233.54,240.0937,228.11,228.94,48760580
2020-03-23 09:30:00,228.19,229.6833,221.96,226.652,57141465
2020-03-23 10:30:00,226.6599,229.6833,220.51,220.6,31046193
2020-03-23 11:30:00,220.62,229.6833,218.25,222.77,41181087
2020-03-23 12:30:00,222.8,229.6833,221.35,225.43,34209736
2020-03-23 13:30:00,225.41,229.6833,220.75,223.86,39364660
2020-03-23 14:30:00,223.88,229.6833,219.49,220.01,36644384
2020-03-23 15:30:00,220.015,229.6833,219.02,222.51,41115267
2020-03-31 09:30:00,260.58,262.93,258.285,261.95,29792332
2020-03-31 10:30:00,261.94,263.25,261.0,262.86,20695400
2020-03-31 11:30:00,262.86,263.33,259.94,260.51,16480962
2020-03-31 12:30:00,260.51,261.8505,257.94,258.68,22331635
2020-03-31 13:30:00,258.66,261.8505,258.06,259.84,16470090
2020-03-31 14:30:00,259.84,261.8505,256.22,256.71,24625051
2020-03-31 15:30:00,256.71,261.8505,256.47,257.7,31036165
2020-04-01 09:30:00,247.98,257.75,247.61,249.45,33710800
2020-04-01 10:30:00,249.45,257.75,249.04,249.415,23832599
2020-04-01 11:30:00,249.42,257.6591,247.2,247.31,20716250
2020-04-01 12:30:00,247.32,257.6591,245.81,247.1,22846239
2020-04-01 13:30:00,247.1,257.75,246.42,247.21,17198213
2020-04-01 14:30:00,247.21,257.6591,245.01,245.01,22941212
2020-04-01 15:30:00,245.02,257.6591,243.9,246.12,29298253
2020-04-02 09:30:00,245.2,260.2963,244.44,249.05,27721435
2020-04-02 10:30:00,249.02,252.69,246.3274,249.22,30433502
2020-04-02 11:30:00,249.21,251.95,243.1,250.542,17042124
2020-04-02 12:30:00,250.55,251.72,246.3274,248.0,17430341
2020-04-02 13:30:00,248.0,250.2993,245.92,247.73,20696857
2020-04-02 14:30:00,247.7001,250.21,246.2862,249.64,18158953
2020-04-02 15:30:00,249.6499,252.26,246.3274,251.87,24342499
2020-04-03 09:30:00,250.76,253.32,249.88,250.17,23040794
2020-04-03 10:30:00,250.23,252.46,247.95,248.48,16634414
2020-04-03 11:30:00,248.47,251.9807,246.35,247.0201,15314865
2020-04-03 12:30:00,247.0209,248.18,246.57,246.7,11133983
2020-04-03 13:30:00,246.69,251.83,245.22,246.83,14054823
2020-04-03 14:30:00,246.82,251.08,245.64,247.3816,15495559
2020-04-03 15:30:00,247.3937,251.9807,245.86,248.21,24436039
2020-04-06 09:30:00,257.84,260.81,248.1698,259.7,27273077
2020-04-06 10:30:00,259.7,260.3,248.1698,260.25,19824588
2020-04-06 11:30:00,260.24,262.5,248.1698,262.13,21633133
2020-04-06 12:30:00,262.149,262.5,248.1698,262.0371,14682991
2020-04-06 13:30:00,262.0379,262.955,248.1698,261.7,15182040
2020-04-06 14:30:00,261.66,263.15,248.1698,263.02,18564691
2020-04-06 15:30:00,263.027,267.0,248.1698,264.96,41978258
2020-04-07 09:30:00,274.21,275.03,264.86,269.64,45349936
2020-04-07 10:30:00,269.6576,272.0,245.04,271.167,22408229
2020-04-07 11:30:00,271.16,274.25,253.42,273.13,19671839
2020-04-07 12:30:00,273.1224,273.27,240.39,272.15,15062748
2020-04-07 13:30:00,272.17,302.785,264.86,269.9358,17144780
2020-04-07 14:30:00,269.9358,272.68,265.6132,265.9879,30086462
2020-04-07 15:30:00,265.99,269.86,264.89,265.1,30562741
2020-04-08 09:30:00,267.94,269.0,246.15,267.86,20120351
2020-04-08 10:30:00,267.854,270.85,265.2542,270.54,17270320
2020-04-08 11:30:00,270.54,300.5756,265.2542,270.95,15390639
2020-04-08 12:30:00,270.96,272.37,265.2542,271.41,16252948
2020-04-08 13:30:00,271.421,272.95,265.13,272.7901,18277395
2020-04-08 14:30:00,272.82,274.41,265.2542,273.83,19192604
2020-04-08 15:30:00,273.82,276.0,265.2542,274.07,30384721
2020-04-09 09:30:00,277.58,280.61,274.03,279.19,42209559
2020-04-09 10:30:00,279.15,280.2,274.3126,278.52,23246078
2020-04-09 11:30:00,278.5399,281.081,278.0,279.36,15516732
2020-04-09 12:30:00,279.37,280.96,274.3126,280.87,16025948
2020-04-09 13:30:00,280.8662,281.2,274.03,277.85,22066783
2020-04-09 14:30:00,277.847,279.58,274.3126,278.21,24505233
2020-04-09 15:30:00,278.21,278.935,238.02,278.24,19735731
2020-04-13 09:30:00,277.15,278.2,272.75,273.5086,22249078
2020-04-13 10:30:00,273.48,278.2862,271.41,273.5,18295908
2020-04-13 11:30:00,273.48,275.07,272.62,274.165,12116227
2020-04-13 12:30:00,274.16,278.2862,272.45,272.9,12214717
2020-04-13 13:30:00,272.91,278.2862,272.67,273.59,11959234
2020-04-13 14:30:00,273.58,278.2862,273.16,274.84,12965713
2020-04-13 15:30:00,274.84,276.6,274.0,275.57,14529126
2020-04-14 09:30:00,280.94,283.79,275.5106,283.02,25512259
2020-04-14 10:30:00,283.01,283.1,275.5106,280.8076,21650436
2020-04-14 11:30:00,280.8,283.25,275.5106,282.7597,14626433
2020-04-14 12:30:00,282.76,284.76,275.5106,282.81,14174604
2020-04-14 13:30:00,282.81,284.3,275.5106,283.7899,12114866
2020-04-14 14:30:00,283.8,284.1,275.4768,283.59,15852022
2020-04-14 15:30:00,283.6,284.9,275.5106,283.87,18093380
2020-04-15 09:30:00,277.57,283.9407,275.62,276.0499,27159948
2020-04-15 10:30:00,275.99,283.9407,275.46,276.4633,14000226
2020-04-15 11:30:00,276.47,283.9407,275.76,276.89,12125610
2020-04-15 12:30:00,276.8975,283.9407,276.3,277.81,12332809
2020-04-15 13:30:00,277.81,283.9407,276.3,278.72,12546609
2020-04-15 14:30:00,278.72,283.9407,277.69,278.05,15321346
2020-04-15 15:30:00,278.04,283.9407,277.07,277.75,15802191
2020-04-16 09:30:00,279.15,279.7399,275.76,277.43,18628768
2020-04-16 10:30:00,277.43,279.59,276.68,278.94,18345783
2020-04-16 11:30:00,278.94,280.03,276.78,277.16,14738613
2020-04-16 12:30:00,277.16,277.855,275.83,277.78,15761881
2020-04-16 13:30:00,277.78,278.66,276.8,278.06,15515057
2020-04-16 14:30:00,278.077,279.0,277.18,278.83,11456500
2020-04-16 15:30:00,278.83,279.98,277.6933,279.21,16343542
2020-04-17 09:30:00,285.37,285.68,279.1,283.753,31581375
2020-04-17 10:30:00,283.7888,284.9097,279.316,282.71,22349437
2020-04-17 11:30:00,282.71,283.94,279.316,283.35,15313252
2020-04-17 12:30:00,283.36,284.77,279.316,283.9921,10397376
2020-04-17 13:30:00,283.9981,284.5488,279.1,283.45,10806861
2020-04-17 14:30:00,283.45,284.6799,282.65,284.62,11212062
2020-04-17 15:30:00,284.63,287.3,279.316,286.73,27136762
2020-04-20 09:30:00,282.61,286.7912,282.22,283.69,15805696
2020-04-20 10:30:00,283.69,286.7912,283.3,285.35,17143269
2020-04-20 11:30:00,285.355,286.7912,285.0,285.31,9030259
2020-04-20 12:30:00,285.29,285.99,284.0965,284.57,7916355
2020-04-20 13:30:00,284.565,286.64,282.55,282.634,10312410
2020-04-20 14:30:00,282.634,286.7912,281.3412,282.44,16031440
2020-04-20 15:30:00,282.44,286.7912,281.49,281.61,12725744
2020-04-21 09:30:00,276.69,281.59,275.34,276.875,21556431
2020-04-21 10:30:00,276.87,281.6748,272.55,272.88,18607562
2020-04-21 11:30:00,272.88,281.6748,272.14,272.96,17236032
2020-04-21 12:30:00,272.96,281.6748,272.02,274.47,12698865
2020-04-21 13:30:00,274.49,281.6748,272.6,274.93,13367050
2020-04-21 14:30:00,274.93,281.6748,272.58,274.29,12539298
2020-04-21 15:30:00,274.29,281.6748,270.7,273.02,18680437
2020-04-22 09:30:00,278.35,278.9,273.04,277.7,14668950
2020-04-22 10:30:00,277.74,298.58,277.26,278.25,9423926
2020-04-22 11:30:00,278.25,279.15,273.0523,278.86,8464468
2020-04-22 12:30:00,278.86,279.3,273.0523,279.2207,6667714
2020-04-22 13:30:00,279.22,279.7,273.04,279.2425,8206179
2020-04-22 14:30:00,279.24,280.38,273.0523,279.98,16592497
2020-04-22 15:30:00,279.98,281.0,273.0523,279.17,17392076
2020-04-23 09:30:00,280.49,282.61,279.1,282.43,16179557
2020-04-23 10:30:00,282.43,284.25,282.3687,283.27,11624943
2020-04-23 11:30:00,283.26,283.31,281.8,283.03,9271567
2020-04-23 12:30:00,283.04,283.115,278.88,280.3,25965740
2020-04-23 13:30:00,280.31,281.03,278.75,280.595,13649553
2020-04-23 14:30:00,280.58,281.53,279.1,279.9391,9129806
2020-04-23 15:30:00,279.94,280.69,279.03,279.06,11385969
2020-04-24 09:30:00,280.74,283.11,278.77,279.49,12057446
2020-04-24 10:30:00,279.48,280.81,278.4861,279.135,10472825
2020-04-24 11:30:00,279.13,280.6421,278.67,279.99,8375197
2020-04-24 12:30:00,280.0,280.53,279.1822,280.31,6137914
2020-04-24 13:30:00,280.32,281.95,279.08,281.6362,9491463
2020-04-24 14:30:00,281.64,282.93,279.1822,282.92,10305980
2020-04-24 15:30:00,282.93,283.7,279.1822,283.03,16176765
2020-04-27 09:30:00,285.09,286.29,282.97,285.84,12682369
2020-04-27 10:30:00,285.84,286.67,285.42,286.6199,8167783
2020-04-27 11:30:00,286.615,287.21,283.0679,286.705,9106196
2020-04-27 12:30:00,286.7011,287.35,283.0679,286.54,7892846
2020-04-27 13:30:00,286.55,287.13,282.97,286.857,5896520
2020-04-27 14:30:00,286.86,287.91,283.0679,287.5184,10813138
2020-04-27 15:30:00,287.515,288.27,283.0679,287.11,13126914
2020-04-28 09:30:00,291.03,291.4,287.05,288.83,24560484
2020-04-28 10:30:00,288.84,288.95,285.58,287.29,20851256
2020-04-28 11:30:00,287.29,287.79,285.7,286.42,11134213
2020-04-28 12:30:00,286.41,291.28,286.19,287.41,6905120
2020-04-28 13:30:00,287.415,288.36,287.0,288.09,7789670
2020-04-28 14:30:00,288.0901,288.895,286.8,287.535,10075965
2020-04-28 15:30:00,287.52,287.69,285.4,285.77,15286561
2020-04-29 09:30:00,291.54,292.1,285.73,292.0812,20823848
2020-04-29 10:30:00,292.1,292.97,285.73,292.78,12353275
2020-04-29 11:30:00,292.78,293.66,285.7312,293.59,11887153
2020-04-29 12:30:00,293.59,294.58,293.5644,294.0,10026698
2020-04-29 13:30:00,294.0,294.1285,285.73,293.4199,14847829
2020-04-29 14:30:00,293.415,294.87,285.7312,294.79,14389351
2020-04-29 15:30:00,294.8,294.88,285.7312,293.19,18725022
2020-04-30 09:30:00,291.71,293.21,289.58,292.02,22756269
2020-04-30 10:30:00,292.01,293.3239,290.57,290.8,15438510
2020-04-30 11:30:00,290.792,293.3239,288.78,289.2,12305774
2020-04-30 12:30:00,289.2,293.3239,258.73,289.7637,12572718
2020-04-30 13:30:00,289.7597,293.3239,288.86,289.7169,7996638
2020-04-30 14:30:00,289.71,293.3239,278.5,290.5607,13809993
2020-04-30 15:30:00,290.55,293.3239,289.58,290.39,17876303
2020-05-01 09:30:00,285.31,290.6572,284.16,285.08,27605093
2020-05-01 10:30:00,285.08,290.6572,283.87,283.88,15034599
2020-05-01 11:30:00,283.88,290.6572,281.96,282.3201,17205357
2020-05-01 12:30:00,282.33,290.6572,281.57,282.14,9734825
2020-05-01 13:30:00,282.1473,290.6572,281.52,282.729,11267975
2020-05-01 14:30:00,282.715,290.6572,282.03,282.715,10200023
2020-05-01 15:30:00,282.715,290.6572,281.63,282.73,20282138
2020-05-04 09:30:00,280.72,282.79,279.13,281.12,17950831
2020-05-04 10:30:00,281.12,282.5148,280.53,280.9615,10590062
2020-05-04 11:30:00,280.98,282.5148,280.76,281.88,7239352
2020-05-04 12:30:00,281.89,282.5148,280.2,280.8,7771827
2020-05-04 13:30:00,280.8,282.79,280.7007,281.53,6299234
2020-05-04 14:30:00,281.55,283.4,281.1,283.275,10948179
2020-05-04 15:30:00,283.28,283.9,282.5148,283.66,9497473
2020-05-05 09:30:00,286.62,288.47,283.57,287.5,14575539
2020-05-05 10:30:00,287.5,288.65,283.7134,288.52,8416643
2020-05-05 11:30:00,288.52,289.24,287.9,288.775,7012052
2020-05-05 12:30:00,288.79,288.95,283.7134,288.505,8252702
2020-05-05 13:30:00,288.51,289.16,283.57,289.02,5289254
2020-05-05 14:30:00,289.04,289.25,283.7134,287.17,11464368
2020-05-05 15:30:00,287.16,288.4687,272.15,286.22,17225731
2020-05-06 09:30:00,288.03,288.46,285.06,286.46,13476740
2020-05-06 10:30:00,286.47,287.86,285.72,286.3799,10795217
2020-05-06 11:30:00,286.38,286.83,285.53,286.5267,7387048
2020-05-06 12:30:00,286.5101,287.05,285.97,286.73,5844199
2020-05-06 13:30:00,286.72,287.42,285.92,286.0309,6385739
2020-05-06 14:30:00,286.0375,286.8,285.74,286.12,7038544
2020-05-06 15:30:00,286.115,286.2975,283.78,284.2901,14602006
2020-05-07 09:30:00,287.75,288.96,282.56,288.02,14030836
2020-05-07 10:30:00,288.02,288.6784,284.4044,288.52,9646725
2020-05-07 11:30:00,288.53,289.78,284.4044,289.45,10784990
2020-05-07 12:30:00,289.46,289.57,282.3456,288.9501,6950142
2020-05-07 13:30:00,288.97,289.305,284.25,288.32,7279098
2020-05-07 14:30:00,288.315,289.52,280.6765,287.8904,9982398
2020-05-07 15:30:00,287.9,287.98,284.3979,287.7,10217201
2020-05-08 09:30:00,291.08,291.53,287.68,291.08,12166725
2020-05-08 10:30:00,291.08,291.64,290.43,291.485,7978363
2020-05-08 11:30:00,291.485,291.99,287.7226,291.6677,5853609
2020-05-08 12:30:00,291.67,292.05,287.7226,291.46,5365499
2020-05-08 13:30:00,291.46,291.63,287.68,291.55,6065225
2020-05-08 14:30:00,291.55,292.14,287.7226,291.9434,10317376
2020-05-08 15:30:00,291.94,292.95,287.7226,292.47,14055518
2020-05-11 09:30:00,290.34,292.5676,289.88,290.9,14293964
2020-05-11 10:30:00,290.94,292.5676,263.34,291.74,8256515
2020-05-11 11:30:00,291.75,292.78,291.5571,292.7399,6425209
2020-05-11 12:30:00,292.73,293.81,292.61,293.68,6686482
2020-05-11 13:30:00,293.68,294.0,292.44,292.8759,7699744
2020-05-11 14:30:00,292.86,294.0,292.8,293.405,7563469
2020-05-11 15:30:00,293.41,293.59,292.5,292.56,11437200
2020-05-12 09:30:00,293.78,294.24,291.54,292.03,15034401
2020-05-12 10:30:00,292.04,293.13,291.61,292.685,7991937
2020-05-12 11:30:00,292.675,292.95,291.95,292.485,4804265
2020-05-12 12:30:00,292.48,292.65,290.5,290.79,7626678
2020-05-12 13:30:00,290.79,292.6686,290.28,290.85,8099497
2020-05-12 14:30:00,290.84,292.6686,289.56,289.63,12257689
2020-05-12 15:30:00,289.635,292.6686,286.55,286.62,25988764
2020-05-13 09:30:00,286.05,286.67,283.62,286.32,21062339
2020-05-13 10:30:00,286.33,287.19,283.25,283.99,15507754
2020-05-13 11:30:00,283.98,286.6878,279.61,281.1386,27576757
2020-05-13 12:30:00,281.15,286.6878,280.43,281.4224,13634829
2020-05-13 13:30:00,281.4224,286.67,280.155,280.71,8988722
2020-05-13 14:30:00,280.7023,286.6878,278.965,279.8216,17499327
2020-05-13 15:30:00,279.82,286.6878,279.3905,281.67,21296413
2020-05-14 09:30:00,278.94,281.6,272.99,277.31,26401350
2020-05-14 10:30:00,277.3,281.7525,277.29,279.918,21343726
2020-05-14 11:30:00,279.92,281.7525,279.02,280.8,13693437
2020-05-14 12:30:00,280.8,283.34,280.42,283.29,10263295
2020-05-14 13:30:00,283.3,285.52,281.35,282.565,10550110
2020-05-14 14:30:00,282.56,284.1,281.05,283.8801,12198283
2020-05-14 15:30:00,283.89,285.11,281.7525,285.055,15978586
2020-07-16 09:30:00,319.79,321.85,319.08,320.24,11805938
2020-07-16 10:30:00,320.2484,321.8502,319.34,319.96,7785907
2020-07-16 11:30:00,319.97,320.05,319.24,319.56,4407403
2020-07-16 12:30:00,319.56,321.8502,317.05,320.57,3788846
2020-07-16 13:30:00,320.575,321.8502,319.85,320.49,4713608
2020-07-16 14:30:00,320.5,320.86,319.21,320.81,6869136
2020-07-16 15:30:00,320.8,321.29,320.225,320.81,8764528
2020-07-17 09:30:00,321.87,322.1195,319.8348,320.11,13741157
2020-07-17 10:30:00,320.1137,321.42,319.735,321.16,5318073
2020-07-17 11:30:00,321.15,321.72,320.68,321.4567,5345659
2020-07-17 12:30:00,321.44,321.62,320.09,321.42,4686842
2020-07-17 13:30:00,321.44,322.09,320.7696,321.93,4189621
2020-07-17 14:30:00,321.93,322.3,321.65,322.298,9713014
2020-07-17 15:30:00,322.295,322.58,320.7696,321.67,10854560
2020-07-20 09:30:00,321.43,322.65,320.61,322.63,12393995
2020-07-20 10:30:00,322.64,323.02,322.33,322.74,5202815
2020-07-20 11:30:00,322.75,323.14,321.679,322.74,5009261
2020-07-20 12:30:00,322.73,323.32,322.66,323.295,3248829
2020-07-20 13:30:00,323.3,323.815,321.679,323.73,5758434
2020-07-20 14:30:00,323.74,324.59,321.679,324.53,5890545
2020-07-20 15:30:00,324.53,325.13,321.679,324.36,10962959
2020-07-21 09:30:00,326.45,326.9499,324.3877,325.76,11907332
2020-07-21 10:30:00,325.77,326.66,325.44,326.43,6544289
2020-07-21 11:30:00,326.425,326.68,324.3877,326.05,4544198
2020-07-21 12:30:00,326.04,326.37,325.76,326.315,3328724
2020-07-21 13:30:00,326.31,326.85,325.934,326.605,3207890
2020-07-21 14:30:00,326.605,326.62,324.3877,325.03,6383920
2020-07-21 15:30:00,325.03,325.405,323.94,324.96,13430725
2020-07-22 09:30:00,324.62,326.16,324.3878,325.3,8781499
2020-07-22 10:30:00,325.305,325.79,324.5,325.39,5795901
2020-07-22 11:30:00,325.39,326.3216,325.31,325.99,3588045
2020-07-22 12:30:00,325.99,326.09,325.4,325.78,2637323
2020-07-22 13:30:00,325.78,325.82,324.73,325.52,5044790
2020-07-22 14:30:00,325.53,326.48,324.9385,326.02,10039630
2020-07-22 15:30:00,326.02,327.2,324.9385,326.82,10019589
2020-07-23 09:30:00,326.46,327.23,324.62,326.4,9057861
2020-07-23 10:30:00,326.41,326.96,325.8,326.67,5583788
2020-07-23 11:30:00,326.69,327.12,325.43,325.755,4874420
2020-07-23 12:30:00,325.75,326.827,324.65,324.9501,7697398
2020-07-23 13:30:00,324.95,326.827,321.48,322.6001,14345344
2020-07-23 14:30:00,322.61,326.827,321.89,322.467,10352919
2020-07-23 15:30:00,322.46,326.827,321.72,322.935,16502037
2020-07-24 09:30:00,320.95,322.8088,319.49,321.29,16167374
2020-07-24 10:30:00,321.3,322.8088,319.88,321.66,8813565
2020-07-24 11:30:00,321.67,321.76,320.38,320.84,6714496
2020-07-24 12:30:00,320.83,320.98,319.24,320.18,5998881
2020-07-24 13:30:00,320.18,322.8088,319.46,321.39,5485659
2020-07-24 14:30:00,321.4,322.8088,319.97,320.115,6829790
2020-07-24 15:30:00,320.11,322.8088,319.67,320.86,10170821
2020-07-27 09:30:00,321.63,322.9,320.775,322.56,9919440
2020-07-27 10:30:00,322.57,322.97,321.61,321.75,6585239
2020-07-27 11:30:00,321.75,322.85,320.8119,322.2,6432798
2020-07-27 12:30:00,322.2,322.6799,322.085,322.645,3094733
2020-07-27 13:30:00,322.64,322.84,320.8119,322.77,3763935
2020-07-27 14:30:00,322.77,323.28,320.8119,323.18,6660887
2020-07-27 15:30:00,323.17,323.41,320.8119,323.18,6529242
2020-07-28 09:30:00,322.43,323.04,321.31,322.8199,7566136
2020-07-28 10:30:00,322.7002,323.2,322.12,322.93,5407357
2020-07-28 11:30:00,322.9325,323.5,322.52,322.685,5968903
2020-07-28 12:30:00,322.685,323.24,322.55,323.15,5053534
2020-07-28 13:30:00,323.1518,323.65,323.1,323.14,6646221
2020-07-28 14:30:00,323.15,323.44,321.96,322.01,7468311
2020-07-28 15:30:00,322.0,323.1855,320.85,321.21,11947911
2020-07-29 09:30:00,322.12,323.3799,321.0937,323.22,6388070
2020-07-29 10:30:00,323.23,323.86,321.0937,323.85,4378779
2020-07-29 11:30:00,323.84,323.86,321.0937,323.735,5220917
2020-07-29 12:30:00,323.74,324.3,321.0937,324.1801,3914475
2020-07-29 13:30:00,324.19,324.48,321.0937,324.36,4596622
2020-07-29 14:30:00,324.36,325.45,323.87,325.195,8817666
2020-07-29 15:30:00,325.2,325.73,321.0937,325.09,10435088
2020-07-30 09:30:00,321.9,325.1305,319.63,320.77,13680189
2020-07-30 10:30:00,320.78,325.1305,320.5,322.05,9455860
2020-07-30 11:30:00,322.04,325.1305,321.91,323.4,5955440
2020-07-30 12:30:00,323.41,325.1305,323.2667,323.73,4306203
2020-07-30 13:30:00,323.72,323.93,321.755,323.45,6679838
2020-07-30 14:30:00,323.45,324.29,323.2636,324.24,7055796
2020-07-30 15:30:00,324.24,325.1305,323.57,323.98,6848377
2020-07-31 09:30:00,325.9,326.13,322.42,322.74,12470143
2020-07-31 10:30:00,322.7399,324.4,322.4114,324.1,8749349
2020-07-31 11:30:00,324.12,324.44,322.22,322.8801,8439593
2020-07-31 12:30:00,322.89,323.9553,321.33,322.73,7155415
2020-07-31 13:30:00,322.74,323.9553,321.96,322.5899,5275203
2020-07-31 14:30:00,322.59,324.85,322.505,324.63,8757313
2020-07-31 15:30:00,324.62,326.61,314.84,326.55,15772940
2020-08-03 09:30:00,328.32,329.28,327.71,328.6,11894777
2020-08-03 10:30:00,328.61,329.0,326.4468,328.87,5035083
2020-08-03 11:30:00,328.88,329.5744,328.81,328.85,4419826
2020-08-03 12:30:00,328.85,329.27,326.4468,329.11,4244675
2020-08-03 13:30:00,329.1,329.43,326.4468,329.404,3924872
2020-08-03 14:30:00,329.41,329.6599,326.4,328.96,7383273
2020-08-03 15:30:00,328.97,329.48,326.4468,328.76,8918102
2020-08-04 09:30:00,327.86,329.34,327.86,328.81,7292681
2020-08-04 10:30:00,328.81,329.64,328.6,329.4,5089067
2020-08-04 11:30:00,329.42,329.66,328.7859,329.135,5177192
2020-08-04 12:30:00,329.14,329.42,328.64,329.2779,4215995
2020-08-04 13:30:00,329.275,329.47,328.65,328.665,2972223
2020-08-04 14:30:00,328.67,329.32,327.95,329.1,6866910
2020-08-04 15:30:00,329.11,330.06,328.7859,330.02,6000035
2020-08-05 09:30:00,331.47,332.13,331.23,332.0,7015658
2020-08-05 10:30:00,332.0,332.4,329.9667,332.0423,5885965
2020-08-05 11:30:00,332.04,332.3,329.9667,331.51,4561615
2020-08-05 12:30:00,331.5,331.94,329.9667,331.88,3305728
2020-08-05 13:30:00,331.88,332.2299,329.9667,332.1083,3203059
2020-08-05 14:30:00,332.1,332.18,329.9667,331.77,4593411
2020-08-05 15:30:00,331.77,332.34,329.9667,332.06,8080190
2020-08-06 09:30:00,331.46,332.64,331.3,332.46,6463248
2020-08-06 10:30:00,332.465,332.62,331.13,331.58,4772218
2020-08-06 11:30:00,331.57,332.2999,331.28,332.065,4496889
2020-08-06 12:30:00,332.07,332.55,331.8323,332.485,2944011
2020-08-06 13:30:00,332.4857,333.7,332.34,333.635,4064071
2020-08-06 14:30:00,333.6301,334.46,332.1238,334.14,7635681
2020-08-06 15:30:00,334.14,334.5,333.65,334.31,8550141
2020-08-07 09:30:00,333.28,334.11,332.86,333.71,7433597
2020-08-07 10:30:00,333.72,334.65,333.45,333.76,5250496
2020-08-07 11:30:00,333.765,334.38,333.37,334.335,3926747
2020-08-07 12:30:00,334.32,334.57,332.91,333.67,5380827
2020-08-07 13:30:00,333.68,334.323,332.2857,332.485,7936386
2020-08-07 14:30:00,332.48,333.86,332.3084,333.295,8864128
2020-08-07 15:30:00,333.29,334.88,333.0,334.55,10841413
2020-08-10 09:30:00,335.06,335.59,334.7,335.33,7078136
2020-08-10 10:30:00,335.33,335.4,332.955,334.36,6511924
2020-08-10 11:30:00,334.36,335.025,334.2093,334.4399,3784464
2020-08-10 12:30:00,334.42,335.44,334.2214,335.235,3573310
2020-08-10 13:30:00,335.24,335.44,334.5394,335.275,4203733
2020-08-10 14:30:00,335.27,335.77,334.5394,335.3,5728072
2020-08-10 15:30:00,335.308,335.63,334.5394,335.55,7688289
2020-08-11 09:30:00,336.86,337.27,335.4568,336.52,10182758
2020-08-11 10:30:00,336.52,337.22,335.4568,337.12,6110363
2020-08-11 11:30:00,337.13,337.2,335.4568,337.0521,5465421
2020-08-11 12:30:00,337.05,337.54,335.4568,337.44,4142058
2020-08-11 13:30:00,337.45,337.4752,336.22,336.275,4977692
2020-08-11 14:30:00,336.26,336.41,333.56,334.81,11964367
2020-08-11 15:30:00,334.82,335.4568,332.01,332.82,17031778
2020-08-12 09:30:00,335.45,337.16,332.8377,337.1079,9173472
2020-08-12 10:30:00,337.12,337.64,332.8377,337.19,5548149
2020-08-12 11:30:00,337.1814,337.81,332.8377,337.66,4548045
2020-08-12 12:30:00,337.65,337.819,332.8377,336.67,5571267
2020-08-12 13:30:00,336.67,337.98,332.8377,337.7299,5363827
2020-08-12 14:30:00,337.73,338.28,332.8,338.0577,7213095
2020-08-12 15:30:00,338.06,338.1083,332.8377,337.42,9548755
2020-08-13 09:30:00,336.61,337.99,336.46,337.66,6860929
2020-08-13 10:30:00,337.67,338.12,337.5,337.85,3667079
2020-08-13 11:30:00,337.845,338.03,337.49,337.85,3147868
2020-08-13 12:30:00,337.84,338.26,337.44,337.585,3626579
2020-08-13 13:30:00,337.59,337.88,336.23,336.875,6143870
2020-08-13 14:30:00,336.875,337.5707,335.83,337.16,7254856
2020-08-13 15:30:00,337.17,337.5707,336.54,336.86,6493668
2020-10-15 09:30:00,343.7,345.69,343.13,344.675,11653370
2020-10-15 10:30:00,344.69,346.05,343.83,345.4168,7232195
2020-10-15 11:30:00,345.41,346.36,345.15,345.25,7072178
2020-10-15 12:30:00,345.255,347.9663,344.83,346.05,4752017
2020-10-15 13:30:00,346.0599,347.9663,345.98,346.885,4682847
2020-10-15 14:30:00,346.885,347.9663,346.2601,347.61,7600890
2020-10-15 15:30:00,347.63,348.02,347.09,347.51,10655711
2020-10-16 09:30:00,348.96,350.69,347.4378,350.61,15229735
2020-10-16 10:30:00,350.62,350.75,347.4378,349.09,12532201
2020-10-16 11:30:00,349.09,349.58,347.4378,349.185,5764964
2020-10-16 12:30:00,349.18,349.45,347.4378,349.31,5242488
2020-10-16 13:30:00,349.32,349.74,347.4378,349.63,6345804
2020-10-16 14:30:00,349.6289,349.92,347.4378,348.86,6201466
2020-10-16 15:30:00,348.86,348.92,347.1,347.24,12958255
2020-10-19 09:30:00,348.62,349.33,346.87,348.28,7491523
2020-10-19 10:30:00,348.28,348.33,345.6,346.3601,7033844
2020-10-19 11:30:00,346.34,346.87,345.63,345.88,4547156
2020-10-19 12:30:00,345.88,346.47,345.67,345.86,3033289
2020-10-19 13:30:00,345.85,346.5,344.22,345.0,5974325
2020-10-19 14:30:00,345.0,347.4828,341.26,341.98,15870428
2020-10-19 15:30:00,341.97,347.4828,341.04,342.02,14415932
2020-10-20 09:30:00,343.45,345.28,343.03,344.29,8491908
2020-10-20 10:30:00,344.3,344.71,341.8169,343.62,5950221
2020-10-20 11:30:00,343.61,344.58,343.2501,344.115,3114882
2020-10-20 12:30:00,344.11,346.599,344.02,346.4,8356730
2020-10-20 13:30:00,346.41,346.89,345.16,345.55,6721897
2020-10-20 14:30:00,345.54,345.92,341.8169,344.2322,9282890
2020-10-20 15:30:00,344.25,345.3,341.8169,343.34,10167299
2020-10-21 09:30:00,343.32,345.68,343.11,345.01,7771712
2020-10-21 10:30:00,345.01,345.15,342.4,343.168,6893462
2020-10-21 11:30:00,343.17,345.1,342.79,343.89,9759809
2020-10-21 12:30:00,343.88,344.03,342.45,343.6,7255972
2020-10-21 13:30:00,343.6,344.67,343.11,344.3999,6228369
2020-10-21 14:30:00,344.41,345.02,343.77,344.575,5774396
2020-10-21 15:30:00,344.58,344.75,342.61,342.69,11628785
2020-10-22 09:30:00,342.96,343.77,341.562,341.9201,6712435
2020-10-22 10:30:00,341.8914,343.46,340.65,342.94,10267087
2020-10-22 11:30:00,342.94,343.075,326.52,342.65,5007001
2020-10-22 12:30:00,342.65,344.36,342.04,343.85,4017404
2020-10-22 13:30:00,343.84,345.04,342.7115,344.59,6557978
2020-10-22 14:30:00,344.59,344.87,342.7115,344.74,5387555
2020-10-22 15:30:00,344.745,345.24,342.7115,344.64,9562735
2020-10-23 09:30:00,345.93,346.0,344.4,344.8788,7945404
2020-10-23 10:30:00,344.89,345.29,343.97,344.485,6232007
2020-10-23 11:30:00,344.48,344.6,343.12,343.62,5968609
2020-10-23 12:30:00,343.63,344.61,343.18,344.48,4534198
2020-10-23 13:30:00,344.47,345.04,344.25,345.025,3236276
2020-10-23 14:30:00,345.03,345.42,344.65,345.135,4168558
2020-10-23 15:30:00,345.14,345.77,344.503,345.76,8197386
2020-10-26 09:30:00,342.13,342.98,341.52,341.58,11691066
2020-10-26 10:30:00,341.585,345.6912,337.55,338.8,17265562
2020-10-26 11:30:00,338.79,347.105,338.0,338.62,10222045
2020-10-26 12:30:00,338.61,345.6911,336.16,336.19,9254146
2020-10-26 13:30:00,336.2,345.6911,335.62,338.5931,12490653
2020-10-26 14:30:00,338.59,338.68,337.37,338.3699,8919814
2020-10-26 15:30:00,338.36,345.6911,337.34,339.415,12347124
2020-10-27 09:30:00,339.75,340.08,338.14,338.47,9980684
2020-10-27 10:30:00,338.46,339.7,338.33,338.65,6275719
2020-10-27 11:30:00,338.65,344.268,338.1922,339.24,5723945
2020-10-27 12:30:00,339.24,339.6,338.511627,339.53,5694289
2020-10-27 13:30:00,339.53,340.12,338.72,339.11,4816150
2020-10-27 14:30:00,339.1099,339.4899,337.99,338.9,7509098
2020-10-27 15:30:00,338.9,339.33,338.16,338.25,11829004
2020-10-28 09:30:00,332.11,338.2483,328.22,328.78,21506382
2020-10-28 10:30:00,328.77,338.2483,327.6,328.3419,17474013
2020-10-28 11:30:00,328.35,338.2483,327.58,329.35,12938689
2020-10-28 12:30:00,329.34,338.2483,326.7278,328.282,10616977
2020-10-28 13:30:00,328.28,338.2483,327.37,328.9499,10278229
2020-10-28 14:30:00,328.925,338.2483,327.65,328.95,14945145
2020-10-28 15:30:00,328.94,338.2483,326.13,326.68,23010104
2020-10-29 09:30:00,326.91,329.4853,325.09,329.12,18868066
2020-10-29 10:30:00,329.12,329.87,326.3478,329.065,12130255
2020-10-29 11:30:00,329.065,329.3473,326.3478,328.945,7569433
2020-10-29 12:30:00,328.94,330.07,326.3478,329.995,5367228
2020-10-29 13:30:00,330.0,333.24,326.3478,332.99,12070860
2020-10-29 14:30:00,333.0,333.4,326.3478,332.03,11481239
2020-10-29 15:30:00,332.0351,332.54,326.3478,329.99,10105198
2020-10-30 09:30:00,328.25,330.2774,324.92,325.26,16099590
2020-10-30 10:30:00,325.2599,330.2774,323.23,324.245,16819598
2020-10-30 11:30:00,324.25,330.2774,323.546,326.495,10134976
2020-10-30 12:30:00,326.495,330.2774,324.02,324.84,7948005
2020-10-30 13:30:00,324.83,330.2774,323.2475,323.7882,9659183
2020-10-30 14:30:00,323.78,330.2774,322.6,323.79,16184616
2020-10-30 15:30:00,323.79,330.2774,322.95,326.53,20452385
2020-11-02 09:30:00,330.19,332.36,328.965,331.59,14215438
2020-11-02 10:30:00,331.58,331.7762,329.42,330.3399,8666823
2020-11-02 11:30:00,330.335,331.09,329.87,330.73,6708447
2020-11-02 12:30:00,330.74,330.78,327.6101,328.255,8929745
2020-11-02 13:30:00,328.26,329.09,327.24,329.08,8598716
2020-11-02 14:30:00,329.08,330.37,326.2782,329.95,9093248
2020-11-02 15:30:00,329.94,330.421952,326.2782,330.21,16611613
2020-11-03 09:30:00,333.69,338.04,333.17,337.4099,14232135
2020-11-03 10:30:00,337.4,338.25,330.2935,337.59,10686825
2020-11-03 11:30:00,337.585,338.25,336.4201,337.09,6853335
2020-11-03 12:30:00,337.09,337.2,330.2935,336.24,7422936
2020-11-03 13:30:00,336.25,337.0723,330.2935,335.62,8961776
2020-11-03 14:30:00,335.65,336.74,330.2935,336.43,11167794
2020-11-03 15:30:00,336.43,338.09,330.2935,335.97,19971428
2020-11-04 09:30:00,340.85,346.48,336.1644,345.11,29717950
2020-11-04 10:30:00,345.11,346.09,336.1644,345.63,14331419
2020-11-04 11:30:00,345.54,347.94,336.1644,347.32,10450428
2020-11-04 12:30:00,347.37,347.88,345.96,346.29,8718860
2020-11-04 13:30:00,346.3,347.17,336.1644,345.91,11872292
2020-11-04 14:30:00,345.91,346.86,336.1644,343.78,15819718
2020-11-04 15:30:00,343.79,344.585,336.1644,343.49,20492262
2020-11-05 09:30:00,349.24,352.19,343.6362,350.86,19219909
2020-11-05 10:30:00,350.86,351.92,343.6362,351.08,8475606
2020-11-05 11:30:00,351.097,351.3,348.86,349.09,7300360
2020-11-05 12:30:00,349.09,351.2,343.6362,350.8099,6398235
2020-11-05 13:30:00,350.81,351.63,343.6362,351.3954,6516550
2020-11-05 14:30:00,351.4,352.06,343.6362,351.13,9572674
2020-11-05 15:30:00,351.13,351.16,343.6362,350.21,15016833
2020-11-06 09:30:00,349.9,350.32,347.65,349.825,9906247
2020-11-06 10:30:00,349.81,350.6197,348.47,350.08,8888978
2020-11-06 11:30:00,350.06,350.9,349.64,349.8499,5972324
2020-11-06 12:30:00,349.84,350.82,349.47,350.685,4088750
2020-11-06 13:30:00,350.68,350.82,350.25,350.55,3562707
2020-11-06 14:30:00,350.54,350.7778,349.21,350.005,13698355
2020-11-06 15:30:00,350.01,351.51,349.81,350.19,13624962
2020-11-09 09:30:00,363.97,364.38,350.2867,361.42,46271482
2020-11-09 10:30:00,361.415,362.12,350.2867,360.49,20541071
2020-11-09 11:30:00,360.485,362.196,350.2867,361.0311,15663860
2020-11-09 12:30:00,361.05,362.135,350.2867,361.5,12673877
2020-11-09 13:30:00,361.51,361.78,350.2867,359.58,11401954
2020-11-09 14:30:00,359.58,361.142143,350.2867,358.17,15376097
2020-11-09 15:30:00,358.195,360.642142,350.2867,354.54,22335119
2020-11-10 09:30:00,353.48,354.5699,351.92,352.49,13467340
2020-11-10 10:30:00,352.48,361.7647,350.51,353.535,10933352
2020-11-10 11:30:00,353.54,355.34,352.853,354.34,8758537
2020-11-10 12:30:00,354.34,354.83,335.41,352.87,7621760
2020-11-10 13:30:00,352.86,360.9,352.22,353.22,9950609
2020-11-10 14:30:00,353.22,354.81,353.14,354.65,9639402
2020-11-10 15:30:00,354.635,354.77,353.49,354.07,12106590
2020-11-11 09:30:00,356.38,356.6,353.943,355.86,9317805
2020-11-11 10:30:00,355.85,356.74,353.943,356.62,5426219
2020-11-11 11:30:00,356.63,357.36,353.943,356.8868,5799085
2020-11-11 12:30:00,356.89,357.5699,356.87,357.0103,3302612
2020-11-11 13:30:00,357.02,357.45,353.943,356.29,5438098
2020-11-11 14:30:00,356.286,356.55,353.943,355.4,8521474
2020-11-11 15:30:00,355.4,356.89,353.943,356.62,8709784
2020-11-12 09:30:00,355.58,356.7182,354.67,355.36,9187737
2020-11-12 10:30:00,355.35,356.42,355.27,355.6482,4431289
2020-11-12 11:30:00,355.65,356.7182,354.23,354.27,5391700
2020-11-12 12:30:00,354.26,356.7183,351.97,352.27,9449373
2020-11-12 13:30:00,352.26,356.7182,351.86,352.695,8095173
2020-11-12 14:30:00,352.6999,353.3799,351.26,351.93,9653611
2020-11-12 15:30:00,351.93,356.7182,351.35,353.28,12791007
