bar_start,open,high,low,close,volume
2016-01-26 09:30:00,124.0,124.0,120.0,122.31,754
2016-01-26 10:30:00,122.98,124.0,121.31,123.3347,1260
2016-01-26 11:30:00,125.0,126.9999,123.541,125.1054,903
2016-01-26 12:30:00,123.54,126.0,123.54,124.7501,356
2016-01-26 13:30:00,125.23,125.99,123.0,123.0,589
2016-01-26 14:30:00,125.16,125.16,122.66,123.89,537
2016-01-26 15:30:00,123.8,124.52,123.0,123.05,720
2016-01-27 09:30:00,120.0,123.9999,120.0,123.9999,109
2016-01-27 10:30:00,123.9999,124.0,123.9999,123.9999,69
2016-01-27 11:30:00,122.0825,123.5,120.0,121.3099,2042
2016-01-27 12:30:00,121.08,123.036,118.82,122.24,1821
2016-01-27 13:30:00,122.0,122.0,120.0001,121.0,1964
2016-01-27 14:30:00,121.01,121.01,120.94,121.01,702
2016-01-27 15:30:00,121.803,121.803,121.61,121.74,68
2016-01-28 09:30:00,123.43,123.43,123.43,123.43,331
2016-01-28 10:30:00,123.01,126.0,121.0,121.0,2724
2016-01-28 11:30:00,123.0,123.5,122.0025,123.5,482
2016-01-28 12:30:00,122.0001,122.51,121.0,122.0,1541
2016-01-28 13:30:00,121.255,122.85,116.66,121.25,1810
2016-01-28 14:30:00,121.25,123.385,121.0,123.0361,1155
2016-01-28 15:30:00,121.2795,125.21,121.26,124.33,341
2016-01-29 09:30:00,124.08,125.99,121.64,122.02,3684
2016-01-29 10:30:00,121.315,124.149,120.66,120.66,440
2016-01-29 11:30:00,121.635,122.53,120.5,121.0101,6477
2016-01-29 12:30:00,121.5097,121.575,120.5,121.57,1254
2016-01-29 13:30:00,121.57,122.8699,117.9201,121.06,2178
2016-01-29 14:30:00,121.59,121.91,120.93,121.9,2500
2016-01-29 15:30:00,121.9,123.8,121.02,121.09,895
2016-02-01 09:30:00,120.0,120.0,119.08,119.08,60
2016-02-01 10:30:00,116.2301,123.0,116.2301,120.01,174
2016-02-01 11:30:00,120.0101,122.2226,120.0101,120.0201,410
2016-02-01 12:30:00,120.0201,123.16,120.0201,123.16,148
2016-02-01 13:30:00,122.77,123.24,121.0,122.4,77
2016-02-01 14:30:00,122.65,126.0,122.65,125.0,544
2016-02-01 15:30:00,125.99,125.99,122.15,122.15,313
2016-02-02 09:30:00,122.28,128.612,122.28,127.8,1817
2016-02-02 10:30:00,126.1025,129.0,125.0001,129.0,703
2016-02-02 11:30:00,127.3,132.21,126.07,130.0,3058
2016-02-02 12:30:00,132.2,132.54,127.2601,130.55,1336
2016-02-02 13:30:00,131.0,132.0,130.16,130.515,2803
2016-02-02 14:30:00,130.8,130.8,129.0101,130.0,596
2016-02-02 15:30:00,129.208,130.8,129.01,129.58,3001
2016-02-03 09:30:00,126.53,131.311,126.53,131.311,366
2016-02-03 10:30:00,129.5301,131.5,129.5301,131.5,1456
2016-02-03 11:30:00,129.53,130.39,126.41,126.41,1207
2016-02-03 12:30:00,128.097,130.0,128.04,128.797,319
2016-02-03 13:30:00,129.0,129.99,129.0,129.52,548
2016-02-03 14:30:00,129.5995,129.97,126.28,129.95,757
2016-02-03 15:30:00,129.13,131.2,125.6,125.65,1930
2016-02-04 09:30:00,133.44,133.44,127.84,127.84,676
2016-02-04 10:30:00,131.0,132.4649,126.5901,129.73,301
2016-02-04 11:30:00,132.33,132.33,125.56,128.1518,663
2016-02-04 12:30:00,126.25,131.3377,126.17,131.3377,757
2016-02-04 13:30:00,129.6349,131.29,128.8601,131.0586,1426
2016-02-04 14:30:00,130.5,130.5,128.91,129.97,2639
2016-02-04 15:30:00,129.89,129.94,126.31,126.51,1188
2016-02-05 09:30:00,126.8,126.8,122.0,124.65,9570
2016-02-05 10:30:00,125.0,126.0,122.5,123.15,2386
2016-02-05 11:30:00,123.35,123.35,120.0,120.1,25471
2016-02-05 12:30:00,120.23,122.57,120.0,120.54,1432
2016-02-05 13:30:00,120.13,122.5543,120.13,121.5,1310
2016-02-05 14:30:00,121.875,123.75,121.875,123.07,1069
2016-02-05 15:30:00,121.05,123.7,120.0,120.05,9092
2016-02-08 09:30:00,120.0,120.0101,120.0,120.0001,871
2016-02-08 10:30:00,121.047,121.4999,120.0001,121.41,572
2016-02-08 11:30:00,120.98,121.476,120.0,120.055,1203
2016-02-08 12:30:00,120.01,121.5,120.0015,121.5,351
2016-02-08 13:30:00,120.0,121.35,119.95,121.35,1328
2016-02-08 14:30:00,120.1,120.8,120.0,120.0,3500
2016-02-08 15:30:00,121.5,121.5,120.0,120.0,2380
2016-02-09 09:30:00,119.12,120.03,115.1,115.1065,1588
2016-02-09 10:30:00,115.95,116.9999,115.1,116.05,2026
2016-02-09 11:30:00,116.52,116.9999,116.26,116.7221,918
2016-02-09 12:30:00,116.37,117.45,116.3101,117.2199,2637
2016-02-09 13:30:00,117.05,118.135,116.311,117.94,1175
2016-02-09 14:30:00,118.29,118.8399,116.3101,118.619,581
2016-02-09 15:30:00,117.36,117.36,116.75,116.75,515
2016-02-10 09:30:00,117.35,120.02,117.35,119.0,519
2016-02-10 10:30:00,119.9982,121.0,119.42,119.5,1949
2016-02-10 11:30:00,119.53,120.15,118.51,120.0,2565
2016-02-10 12:30:00,119.5001,120.9999,119.5001,119.505,65
2016-02-10 13:30:00,119.56,120.85,119.56,120.0,118
2016-02-10 14:30:00,120.0,120.96,118.7132,120.9,2141
2016-02-10 15:30:00,120.6167,120.83,120.08,120.83,705
2016-02-11 09:30:00,114.6,117.37,114.6,117.37,2885
2016-02-11 10:30:00,118.6,118.6,116.0025,116.135,928
2016-02-11 11:30:00,116.13,118.8041,115.0,117.0,2584
2016-02-11 12:30:00,117.25,118.2842,116.769,118.2842,152
2016-02-11 13:30:00,118.815,118.815,116.5301,116.5301,25
2016-02-11 14:30:00,117.0,118.81,116.6,118.81,508
2016-02-11 15:30:00,119.1,119.1,116.15,116.15,539
2016-02-12 09:30:00,118.3,119.6959,117.2,119.6959,234
2016-02-12 10:30:00,119.9999,119.9999,117.0,117.08,482
2016-02-12 11:30:00,118.25,119.98,117.05,119.98,2387
2016-02-12 12:30:00,119.37,119.9999,117.13,119.45,3562
2016-02-12 13:30:00,119.9872,122.7399,119.94,122.7399,3253
2016-02-12 14:30:00,120.2,122.74,120.2,122.37,2347
2016-02-12 15:30:00,119.91,122.74,117.37,121.88,1285
2016-02-16 09:30:00,120.0,123.32,120.0,120.0456,1181
2016-02-16 10:30:00,121.9095,124.5599,121.2001,124.5599,1306
2016-02-16 11:30:00,123.5016,123.5016,121.2,123.25,282
2016-02-16 12:30:00,123.1,123.1,121.4412,122.25,350
2016-02-16 13:30:00,124.3523,124.65,123.5515,124.65,1144
2016-02-16 14:30:00,124.6499,124.6499,121.2501,123.5585,64
2016-02-16 15:30:00,123.01,123.9,121.65,123.49,638
2016-04-25 09:30:00,149.0,151.0,149.0,149.2,2174
2016-04-25 10:30:00,149.1001,150.0,149.1001,149.9989,508
2016-04-25 11:30:00,149.7195,151.0,149.7195,150.9474,3410
2016-04-25 12:30:00,149.85,153.99,149.85,153.0,2354
2016-04-25 13:30:00,153.98,155.0,152.5,154.92,7315
2016-04-25 14:30:00,153.5365,155.0,152.5,152.58,2612
2016-04-25 15:30:00,152.8,154.9499,152.4,154.89,5062
2016-04-26 09:30:00,155.0,155.0,149.501,153.0,89
2016-04-26 10:30:00,151.15,153.0,151.15,153.0,639
2016-04-26 11:30:00,151.9266,152.9999,149.75,151.1,1880
2016-04-26 12:30:00,150.5808,150.5808,149.7501,149.7501,314
2016-04-26 13:30:00,152.0,152.3536,151.5,152.3536,867
2016-04-26 14:30:00,152.56,153.0,152.56,153.0,400
2016-04-26 15:30:00,152.0,153.0,152.0,153.0,812
2016-04-27 09:30:00,153.0,157.999,149.75,156.77,1503
2016-04-27 10:30:00,156.01,157.0,156.0,157.0,756
2016-04-27 11:30:00,157.2,161.0,157.0,161.0,2608
2016-04-27 12:30:00,161.0,161.0,159.0,159.0,996
2016-04-27 13:30:00,158.001,158.1,155.2216,157.11,738
2016-04-27 14:30:00,157.6939,158.0,154.0001,158.0,398
2016-04-27 15:30:00,158.0,159.75,157.9905,158.01,864
2016-04-28 09:30:00,160.0,160.0,155.051,158.0,1389
2016-04-28 10:30:00,160.0,160.0,158.026,160.0,116
2016-04-28 11:30:00,156.41,159.22,154.2175,154.46,3893
2016-04-28 12:30:00,155.27,156.75,155.0,155.95,196
2016-04-28 13:30:00,152.0101,157.0,152.0101,157.0,617
2016-04-28 14:30:00,152.0101,155.59,152.0101,154.65,226
2016-04-28 15:30:00,154.6,154.6,153.1,153.1,360
2016-04-29 09:30:00,153.1,155.0,149.75,153.3914,869
2016-04-29 10:30:00,151.04,152.65,151.0,152.65,1761
2016-04-29 11:30:00,152.0,152.0,149.5001,150.15,998
2016-04-29 12:30:00,149.8,152.0,149.8,151.3,1760
2016-04-29 13:30:00,152.0,152.2096,151.9072,152.2096,1382
2016-04-29 14:30:00,151.0001,151.9599,151.0,151.75,147
2016-04-29 15:30:00,151.5025,152.35,151.5,152.35,361
2016-05-02 09:30:00,152.0,156.97,152.0,153.0983,2087
2016-05-02 10:30:00,154.18,154.18,152.0591,153.065,407
2016-05-02 11:30:00,153.065,154.18,151.84,151.84,1370
2016-05-02 12:30:00,153.85,155.97,150.0,155.97,820
2016-05-02 13:30:00,155.6,155.6,151.2894,155.0,1202
2016-05-02 14:30:00,152.5,154.98,151.2,152.99,1382
2016-05-02 15:30:00,154.07,155.39,152.99,153.9,57
2016-05-03 09:30:00,150.91,155.8499,150.91,150.91,335
2016-05-03 10:30:00,154.5999,154.5999,151.41,154.2865,114
2016-05-03 11:30:00,151.45,153.78,151.45,152.5154,1224
2016-05-03 12:30:00,152.3001,154.0,152.3001,153.285,411
2016-05-03 13:30:00,155.8499,155.8499,155.8499,155.8499,40
2016-05-03 14:30:00,153.855,155.98,153.29,154.56,1142
2016-05-03 15:30:00,154.19,154.2,153.47,153.71,1307
2016-05-04 09:30:00,153.27,154.89,150.0,150.41,185
2016-05-04 10:30:00,152.6837,156.0,152.6837,156.0,2529
2016-05-04 11:30:00,154.0,155.4,153.1501,153.1501,1367
2016-05-04 12:30:00,153.31,155.4013,153.15,154.7899,1507
2016-05-04 13:30:00,154.7362,155.4975,153.1201,154.6,7206
2016-05-04 14:30:00,154.6,154.6,152.8,153.0,6340
2016-05-04 15:30:00,152.5,153.058,151.2501,151.3,3283
2016-05-05 09:30:00,152.2977,152.33,149.5,152.33,666
2016-05-05 10:30:00,152.4999,152.4999,152.4999,152.4999,400
2016-05-05 11:30:00,152.4999,155.0,151.3,151.3,1127
2016-05-05 12:30:00,152.18,153.5,151.3,152.91,1002
2016-05-05 13:30:00,152.15,153.0,151.3001,151.3001,1550
2016-05-05 14:30:00,152.9999,152.9999,151.5,151.75,825
2016-05-05 15:30:00,151.7,153.5,149.5,151.8,1150
2016-05-06 09:30:00,152.0,155.999,152.0,152.0,286
2016-05-06 10:30:00,151.0,152.5,150.8333,150.8333,270
2016-05-06 11:30:00,152.0,152.49,149.5,151.7999,785
2016-05-06 12:30:00,150.12,150.171,150.12,150.1701,221
2016-05-06 13:30:00,150.7,151.2,149.5,151.055,1837
2016-05-06 14:30:00,150.85,151.5,150.125,151.5,1202
2016-05-06 15:30:00,151.5,151.75,151.5,151.75,122
2016-05-09 09:30:00,150.45,150.45,148.2001,148.2001,287
2016-05-09 10:30:00,151.0,153.9999,150.96,153.9999,8235
2016-05-09 11:30:00,152.0,152.71,151.0,152.0,2027
2016-05-09 12:30:00,151.452,151.615,151.4501,151.4501,299
2016-05-09 13:30:00,152.52,152.71,152.1007,152.6,1009
2016-05-09 14:30:00,152.61,154.22,151.94,151.94,6454
2016-05-09 15:30:00,152.0,152.579,151.69,151.69,822
2016-05-10 09:30:00,150.6,150.63,148.49,148.65,1131
2016-05-10 10:30:00,153.0,154.9999,150.0,150.0,2674
2016-05-10 11:30:00,150.05,154.9999,150.0,153.5001,3744
2016-05-10 12:30:00,155.0,155.0,153.3001,153.4853,387
2016-05-10 13:30:00,153.4916,154.9999,153.4916,153.8525,270
2016-05-10 14:30:00,153.3,154.85,153.3,154.32,353
2016-05-10 15:30:00,153.45,157.5,153.4,156.0,4425
2016-05-11 09:30:00,157.28,162.0,156.99,158.951,4961
2016-05-11 10:30:00,161.0,162.0,160.49,160.5001,1095
2016-05-11 11:30:00,161.4675,161.4675,160.0,160.73,2306
2016-05-11 12:30:00,159.6282,160.5,158.0017,160.0,906
2016-05-11 13:30:00,160.5,161.77,158.71,160.0,1956
2016-05-11 14:30:00,158.3,161.12,158.3,160.38,1757
2016-05-11 15:30:00,161.0,162.0,158.61,160.01,1363
2016-05-12 09:30:00,161.03,164.0,159.5,161.0,806
2016-05-12 10:30:00,160.0,164.2,160.0,164.2,1302
2016-05-12 11:30:00,164.9999,164.9999,161.0,161.0,93
2016-05-12 12:30:00,162.77,162.77,162.1,162.5,1524
2016-05-12 13:30:00,162.75,164.0,162.5,164.0,613
2016-05-12 14:30:00,163.5,164.0,162.1,163.12,1577
2016-05-12 15:30:00,162.5,163.055,161.71,163.055,388
2016-07-25 09:30:00,168.77,168.77,166.8215,166.8215,398
2016-07-25 10:30:00,,,,,0
2016-07-25 11:30:00,167.0,169.65,166.844,168.5,2239
2016-07-25 12:30:00,169.0278,169.0278,168.9701,169.0,1585
2016-07-25 13:30:00,169.0,169.0,168.1485,169.0,951
2016-07-25 14:30:00,169.4999,169.4999,168.12,168.6,786
2016-07-25 15:30:00,168.707,168.707,168.5,168.5,660
2016-07-26 09:30:00,167.86,168.61,167.3555,168.61,1420
2016-07-26 10:30:00,168.7,169.9602,168.5,169.499,442
2016-07-26 11:30:00,168.1,168.51,165.5,165.5,4801
2016-07-26 12:30:00,167.8,167.9899,165.5,167.6,1467
2016-07-26 13:30:00,165.5025,168.0,165.501,167.411,636
2016-07-26 14:30:00,168.0,168.0,167.45,167.85,171
2016-07-26 15:30:00,167.42,167.82,167.42,167.82,202
2016-07-27 09:30:00,166.49,169.0704,166.49,169.0582,236
2016-07-27 10:30:00,167.5,167.5,162.0001,165.9899,2598
2016-07-27 11:30:00,164.5,165.1217,163.5,163.9905,1752
2016-07-27 12:30:00,164.0,164.489,163.374,163.9916,731
2016-07-27 13:30:00,164.489,166.0,163.06,163.06,3476
2016-07-27 14:30:00,163.065,163.35,162.25,162.8125,843
2016-07-27 15:30:00,162.95,162.9999,162.0,162.0,994
2016-07-28 09:30:00,162.25,166.889,160.37,162.9728,989
2016-07-28 10:30:00,162.4175,165.0099,162.4175,165.0099,18
2016-07-28 11:30:00,164.45,164.45,162.0101,163.0035,1864
2016-07-28 12:30:00,163.489,163.49,162.0,162.0,978
2016-07-28 13:30:00,162.0504,162.4,161.101,161.101,426
2016-07-28 14:30:00,161.11,162.8282,160.5,162.8282,739
2016-07-28 15:30:00,160.515,162.749,160.51,160.6,371
2016-07-29 09:30:00,161.21,164.549,157.69,158.2415,3148
2016-07-29 10:30:00,158.55,159.3642,157.0,157.85,5054
2016-07-29 11:30:00,157.8,159.99,157.15,159.1825,1564
2016-07-29 12:30:00,159.89,162.109,159.525,162.109,495
2016-07-29 13:30:00,160.01,162.0999,159.75,160.0,1344
2016-07-29 14:30:00,159.84,161.7992,158.7672,160.1277,464
2016-07-29 15:30:00,160.3,160.3,159.05,159.97,1691
2016-08-01 09:30:00,160.74,162.9957,159.77,160.0,1364
2016-08-01 10:30:00,162.0299,162.0299,159.77,159.8,246
2016-08-01 11:30:00,161.0,161.02,158.751,158.751,4723
2016-08-01 12:30:00,159.3695,159.6,159.0,159.6,1208
2016-08-01 13:30:00,160.0,160.0,159.3,159.999,411
2016-08-01 14:30:00,159.6191,159.6191,156.2874,157.0,1330
2016-08-01 15:30:00,157.0,159.989,156.25,159.055,1759
2016-08-02 09:30:00,157.33,160.999,155.25,156.2266,1519
2016-08-02 10:30:00,158.499,158.5,156.1201,156.1201,1678
2016-08-02 11:30:00,157.29,157.74,156.7908,157.59,2002
2016-08-02 12:30:00,157.59,158.5,157.47,157.47,340
2016-08-02 13:30:00,157.4701,160.02,156.8001,160.02,4560
2016-08-02 14:30:00,160.0001,162.929,160.0,161.1,2047
2016-08-02 15:30:00,163.599,164.05,160.7,162.46,1272
2016-08-03 09:30:00,162.8,165.0,162.8,164.6,696
2016-08-03 10:30:00,165.7,166.9429,164.52,166.9429,1857
2016-08-03 11:30:00,166.5375,168.24,164.475,168.0,2419
2016-08-03 12:30:00,167.79,168.0,167.77,167.77,240
2016-08-03 13:30:00,166.2501,169.0,166.2501,169.0,835
2016-08-03 14:30:00,168.5,168.7999,166.261,166.261,405
2016-08-03 15:30:00,,,,,0
2016-08-04 09:30:00,168.0,168.0,166.495,168.0,597
2016-08-04 10:30:00,167.0,167.7,166.021,167.5289,352
2016-08-04 11:30:00,168.0665,168.95,167.2,167.2,2291
2016-08-04 12:30:00,168.595,171.5,168.5875,171.5,2558
2016-08-04 13:30:00,169.0,171.49,169.0,171.49,1976
2016-08-04 14:30:00,168.0201,173.0,168.0201,173.0,2406
2016-08-04 15:30:00,173.25,174.0,172.0301,173.95,2941
2016-08-05 09:30:00,173.31,173.31,169.9401,170.4765,772
2016-08-05 10:30:00,171.0,173.0,171.0,172.125,2278
2016-08-05 11:30:00,172.5,172.8,172.4805,172.79,190
2016-08-05 12:30:00,172.74,172.79,172.2426,172.68,576
2016-08-05 13:30:00,172.62,173.83,172.0001,173.72,2877
2016-08-05 14:30:00,173.3,174.13,173.1001,174.0,1349
2016-08-05 15:30:00,174.0,175.0,173.51,173.95,2169
2016-08-08 09:30:00,175.0,178.99,175.0,178.5,7294
2016-08-08 10:30:00,177.77,178.0,176.05,177.6801,975
2016-08-08 11:30:00,178.0,178.34,175.445,177.4834,2605
2016-08-08 12:30:00,177.91,179.8,177.91,179.19,3642
2016-08-08 13:30:00,179.89,180.0,179.15,179.5,3258
2016-08-08 14:30:00,179.5,180.75,179.1506,180.19,2068
2016-08-08 15:30:00,180.25,180.25,177.85,178.06,2623
2016-08-09 09:30:00,178.24,180.0,178.24,178.92,2498
2016-08-09 10:30:00,179.9975,179.9975,176.641,176.641,1625
2016-08-09 11:30:00,177.7,177.85,174.22,175.0,3246
2016-08-09 12:30:00,175.0,175.31,175.0,175.24,343
2016-08-09 13:30:00,175.24,175.5001,175.24,175.5001,359
2016-08-09 14:30:00,175.72,176.1,173.77,175.5,2011
2016-08-09 15:30:00,175.02,175.95,175.02,175.95,102
2016-08-10 09:30:00,176.42,176.5,174.3566,176.169,1130
2016-08-10 10:30:00,176.4338,176.5,174.23,174.7197,2613
2016-08-10 11:30:00,175.14,175.64,174.0063,175.05,1410
2016-08-10 12:30:00,175.07,175.369,175.0,175.34,827
2016-08-10 13:30:00,175.0001,175.9999,175.0001,175.0001,364
2016-08-10 14:30:00,175.75,175.99,175.0904,175.3902,872
2016-08-10 15:30:00,175.6525,175.6525,175.0,175.13,354
2016-08-11 09:30:00,177.1,178.0,175.189,177.6533,1071
2016-08-11 10:30:00,176.0,177.9999,175.43,177.5,1607
2016-08-11 11:30:00,176.5,176.5,175.14,175.752,4161
2016-08-11 12:30:00,175.0604,175.6995,175.0604,175.69,765
2016-08-11 13:30:00,175.5,176.0,175.2904,175.2951,984
2016-08-11 14:30:00,175.595,175.81,175.5901,175.8,1391
2016-08-11 15:30:00,175.6149,175.8,174.7,174.7,2153
2016-10-24 09:30:00,289.19,293.75,288.0,293.4,11070
2016-10-24 10:30:00,292.6,295.2489,292.211,294.0024,6598
2016-10-24 11:30:00,294.82,297.2233,294.01,294.9905,7418
2016-10-24 12:30:00,294.25,295.5,292.0,293.65,6278
2016-10-24 13:30:00,292.0401,296.0,292.0401,293.69,5415
2016-10-24 14:30:00,296.22,298.49,295.01,297.019,5527
2016-10-24 15:30:00,296.5,298.0,296.29,297.74,1904
2016-10-25 09:30:00,297.18,301.7,297.02,300.57,12650
2016-10-25 10:30:00,300.22,301.4999,299.17,300.0,11642
2016-10-25 11:30:00,299.99,300.5,299.44,300.15,6106
2016-10-25 12:30:00,299.9,301.6989,299.82,301.313,4724
2016-10-25 13:30:00,300.99,305.25,300.99,304.8381,8170
2016-10-25 14:30:00,304.73,304.94,302.7466,303.88,4943
2016-10-25 15:30:00,303.515,305.2,303.0,305.2,6564
2016-10-26 09:30:00,303.3,306.24,300.01,300.01,3968
2016-10-26 10:30:00,300.0,302.88,299.16,301.449,4948
2016-10-26 11:30:00,300.95,301.905,300.11,300.2,760
2016-10-26 12:30:00,300.42,300.7981,297.05,297.3349,4531
2016-10-26 13:30:00,297.92,298.9838,291.94,291.94,6270
2016-10-26 14:30:00,292.41,293.58,290.25,290.25,7836
2016-10-26 15:30:00,290.25,291.04,285.77,288.25,8326
2016-10-27 09:30:00,288.7,291.6059,260.0,264.3222,26046
2016-10-27 10:30:00,262.5,265.0,255.0,256.52,13007
2016-10-27 11:30:00,259.62,259.62,252.5,255.4705,6176
2016-10-27 12:30:00,253.43,256.715,252.51,252.781,4878
2016-10-27 13:30:00,254.925,258.5,252.64,257.4026,9240
2016-10-27 14:30:00,258.1301,258.4999,254.502,257.3839,6167
2016-10-27 15:30:00,257.619,260.0,255.6531,260.0,4286
2016-10-28 09:30:00,252.11,256.792,250.141,254.807,6753
2016-10-28 10:30:00,253.3695,264.08,253.3695,263.7471,5474
2016-10-28 11:30:00,264.085,268.25,262.75,266.9956,4566
2016-10-28 12:30:00,267.2,269.0,264.821,267.742,2418
2016-10-28 13:30:00,267.55,269.26,267.1515,268.94,974
2016-10-28 14:30:00,270.0,274.7499,269.9905,271.43,1835
2016-10-28 15:30:00,274.0,274.0,269.29,271.06,3935
2016-10-31 09:30:00,267.99,271.9139,264.54,270.2,2400
2016-10-31 10:30:00,270.5945,270.6588,264.3175,267.3443,974
2016-10-31 11:30:00,267.6,267.67,265.424,265.5635,3231
2016-10-31 12:30:00,266.83,267.655,265.54,265.54,3671
2016-10-31 13:30:00,266.26,268.4,266.0,267.53,3482
2016-10-31 14:30:00,267.53,268.2498,265.8601,266.99,1542
2016-10-31 15:30:00,266.99,267.76,264.0,265.28,2243
2016-11-01 09:30:00,267.44,269.9999,260.6501,267.425,1375
2016-11-01 10:30:00,267.9989,267.9989,264.0,267.352,1475
2016-11-01 11:30:00,266.49,267.75,263.521,266.5,1625
2016-11-01 12:30:00,267.0163,267.34,265.0,267.0468,562
2016-11-01 13:30:00,267.4559,270.0,267.35,270.0,1249
2016-11-01 14:30:00,268.2601,269.8,268.2601,269.5,128
2016-11-01 15:30:00,269.9,271.9799,266.26,266.26,685
2016-11-02 09:30:00,265.78,268.77,263.881,264.29,1696
2016-11-02 10:30:00,265.7374,265.7374,259.79,260.8,1940
2016-11-02 11:30:00,261.78,262.09,253.97,255.96,3986
2016-11-02 12:30:00,255.95,258.79,255.74,257.2786,912
2016-11-02 13:30:00,258.49,262.7999,258.49,261.0,2881
2016-11-02 14:30:00,261.01,263.9701,261.01,261.47,7501
2016-11-02 15:30:00,263.88,263.88,260.56,260.57,3451
2016-11-03 09:30:00,263.68,264.24,256.379,256.89,1794
2016-11-03 10:30:00,257.8162,260.56,256.2201,256.89,3786
2016-11-03 11:30:00,260.5,260.9353,256.2101,258.5602,1106
2016-11-03 12:30:00,258.68,260.4,256.81,260.35,1799
2016-11-03 13:30:00,260.29,260.8499,257.71,258.852,2513
2016-11-03 14:30:00,260.64,260.64,257.14,257.32,1469
2016-11-03 15:30:00,258.54,258.65,254.54,254.54,6333
2016-11-04 09:30:00,254.42,255.63,250.58,254.27,586
2016-11-04 10:30:00,254.29,254.29,251.1,252.73,2980
2016-11-04 11:30:00,252.51,253.32,249.56,251.8533,8192
2016-11-04 12:30:00,251.25,251.8533,249.8721,251.8533,2885
2016-11-04 13:30:00,253.548,253.548,249.17,251.6995,3235
2016-11-04 14:30:00,251.44,251.44,249.96,251.27,2174
2016-11-04 15:30:00,251.11,251.911,250.16,250.16,5521
2016-11-07 09:30:00,253.5,254.9235,250.5,251.7901,1238
2016-11-07 10:30:00,253.66,253.66,251.98,252.51,1691
2016-11-07 11:30:00,252.8,253.377,251.5001,251.5001,2726
2016-11-07 12:30:00,251.9701,252.81,251.0001,252.02,2982
2016-11-07 13:30:00,252.02,252.82,251.75,252.0968,1373
2016-11-07 14:30:00,253.1398,253.38,252.055,253.38,1471
2016-11-07 15:30:00,254.2469,254.45,252.13,253.5,1495
2016-11-08 09:30:00,251.85,253.07,251.001,251.97,1843
2016-11-08 10:30:00,252.0,252.6499,250.11,252.0,2334
2016-11-08 11:30:00,252.0,252.32,251.5,252.095,803
2016-11-08 12:30:00,252.08,253.1,251.5,252.155,1667
2016-11-08 13:30:00,252.3,253.72,250.5,251.1172,4650
2016-11-08 14:30:00,251.24,252.28,250.5,252.28,1227
2016-11-08 15:30:00,251.8101,253.13,250.49,252.0,2612
2016-11-09 09:30:00,249.0,254.23,248.84,250.22,2776
2016-11-09 10:30:00,252.4539,252.66,250.01,252.66,1151
2016-11-09 11:30:00,252.4333,253.6399,250.03,250.03,4269
2016-11-09 12:30:00,252.36,252.79,251.252,252.79,1783
2016-11-09 13:30:00,252.72,255.52,252.56,254.7,3393
2016-11-09 14:30:00,254.2,257.2,254.2,257.1999,3362
2016-11-09 15:30:00,256.57,266.08,256.57,264.95,1612
2016-11-10 09:30:00,260.32,268.0,259.91,267.25,3991
2016-11-10 10:30:00,267.6097,268.0,261.3001,266.68,2004
2016-11-10 11:30:00,265.95,275.0,265.95,274.1975,4431
2016-11-10 12:30:00,273.735,282.45,273.52,279.52,3248
2016-11-10 13:30:00,281.42,284.19,278.31,281.995,6876
2016-11-10 14:30:00,281.05,285.645,280.8477,282.04,3581
2016-11-10 15:30:00,282.45,284.71,281.01,282.63,1487
2017-01-24 09:30:00,319.62,323.85,316.8001,321.46,543
2017-01-24 10:30:00,321.0,322.5525,318.0,322.5525,932
2017-01-24 11:30:00,322.9,323.2,320.0,323.2,1136
2017-01-24 12:30:00,322.606,324.48,322.606,323.6214,1079
2017-01-24 13:30:00,323.0,324.0,322.0501,322.605,522
2017-01-24 14:30:00,321.221,323.49,321.221,323.49,110
2017-01-24 15:30:00,323.33,323.49,321.22,321.22,954
2017-01-25 09:30:00,319.63,328.9999,318.92,326.0,3810
2017-01-25 10:30:00,325.5,326.9999,324.15,325.37,1500
2017-01-25 11:30:00,324.5265,325.61,324.151,324.65,5359
2017-01-25 12:30:00,326.95,326.95,324.4,324.7501,136
2017-01-25 13:30:00,324.751,326.9999,324.751,325.7,611
2017-01-25 14:30:00,325.003,325.9999,324.2,325.0,1643
2017-01-25 15:30:00,324.7875,324.7875,324.15,324.16,706
2017-01-26 09:30:00,325.93,334.699,317.815,327.805,2735
2017-01-26 10:30:00,328.6,330.0,325.7261,326.4101,983
2017-01-26 11:30:00,326.91,330.0,326.41,329.3,3160
2017-01-26 12:30:00,328.25,328.7499,326.73,327.66,721
2017-01-26 13:30:00,327.91,327.91,326.41,326.41,287
2017-01-26 14:30:00,326.94,328.5091,326.55,326.55,797
2017-01-26 15:30:00,327.0,327.44,325.05,325.05,1234
2017-01-27 09:30:00,326.22,331.03,321.51,324.39,380
2017-01-27 10:30:00,326.57,326.57,321.4601,322.95,860
2017-01-27 11:30:00,322.81,323.9583,321.93,321.93,343
2017-01-27 12:30:00,323.0,323.0,321.5619,322.74,1886
2017-01-27 13:30:00,322.74,322.74,317.31,320.99,2801
2017-01-27 14:30:00,321.73,323.0,319.3401,321.66,1874
2017-01-27 15:30:00,322.2769,323.89,320.0,321.87,1248
2017-01-30 09:30:00,325.0,326.8899,310.01,317.01,5024
2017-01-30 10:30:00,314.35,321.6899,312.3701,317.029,1137
2017-01-30 11:30:00,317.029,320.63,315.12,320.63,592
2017-01-30 12:30:00,320.0,320.5,314.05,318.93,1143
2017-01-30 13:30:00,318.93,320.5,312.3701,320.499,3187
2017-01-30 14:30:00,320.4,320.4,317.06,318.35,108
2017-01-30 15:30:00,318.67,320.0,317.05,317.06,473
2017-01-31 09:30:00,319.04,322.0,301.0,311.7,1428
2017-01-31 10:30:00,315.0,319.49,312.48,319.0173,494
2017-01-31 11:30:00,312.9065,317.9099,312.9065,315.27,1397
2017-01-31 12:30:00,319.2199,319.2199,314.771,318.72,363
2017-01-31 13:30:00,316.7599,319.94,316.3661,319.34,418
2017-01-31 14:30:00,315.78,319.84,315.771,319.74,233
2017-01-31 15:30:00,318.67,321.5,317.511,321.49,1603
2017-02-01 09:30:00,322.55,324.516,315.33,319.63,698
2017-02-01 10:30:00,317.9304,320.57,314.97,320.2,907
2017-02-01 11:30:00,319.7,319.7,317.9,318.2179,638
2017-02-01 12:30:00,317.9,319.9999,317.9,318.02,1119
2017-02-01 13:30:00,318.4,319.899,317.7,319.899,681
2017-02-01 14:30:00,318.5,318.9499,316.1,316.1001,1078
2017-02-01 15:30:00,317.35,319.9,316.59,319.9,589
2017-02-02 09:30:00,320.12,320.95,315.0,318.39,2137
2017-02-02 10:30:00,317.0,319.9999,316.24,319.0,1082
2017-02-02 11:30:00,317.6,319.0,317.0,319.0,1660
2017-02-02 12:30:00,319.0,319.0,317.02,317.02,9
2017-02-02 13:30:00,317.0965,318.12,317.0,317.83,69
2017-02-02 14:30:00,317.83,318.24,317.01,317.01,1091
2017-02-02 15:30:00,317.62,317.9801,317.0,317.0,573
2017-02-03 09:30:00,315.0,320.0,315.0,318.74,306
2017-02-03 10:30:00,320.0,320.0,318.2,318.21,562
2017-02-03 11:30:00,318.2,319.0,315.0,319.0,1748
2017-02-03 12:30:00,316.93,318.5,315.2601,315.2601,1676
2017-02-03 13:30:00,317.47,320.0,315.7501,318.0,397
2017-02-03 14:30:00,317.03,319.4304,316.17,319.03,988
2017-02-03 15:30:00,316.86,319.0,316.52,316.52,1705
2017-02-06 09:30:00,318.0,320.25,318.0,319.5,628
2017-02-06 10:30:00,318.0001,319.7997,316.07,319.7997,2131
2017-02-06 11:30:00,316.0,318.0,316.0,316.5,480
2017-02-06 12:30:00,317.4,320.0,316.0001,316.0001,421
2017-02-06 13:30:00,316.408,318.9999,316.408,317.4,321
2017-02-06 14:30:00,317.0001,317.5,317.0,317.11,658
2017-02-06 15:30:00,317.5,319.52,316.65,317.4,593
2017-02-07 09:30:00,317.0,324.0,316.16,316.55,975
2017-02-07 10:30:00,317.72,319.28,316.65,319.0,1405
2017-02-07 11:30:00,318.5,318.6599,316.2601,318.5,70
2017-02-07 12:30:00,318.9999,319.0,316.4524,318.0,302
2017-02-07 13:30:00,318.5,319.0,316.16,319.0,267
2017-02-07 14:30:00,316.2297,319.0,315.901,316.65,653
2017-02-07 15:30:00,316.65,317.355,315.33,315.33,482
2017-02-08 09:30:00,317.0,319.9,315.25,315.25,1408
2017-02-08 10:30:00,315.4092,318.2368,310.741,310.741,4353
2017-02-08 11:30:00,311.21,314.9999,311.2,314.9999,1670
2017-02-08 12:30:00,314.0627,317.9999,312.1,316.0,1692
2017-02-08 13:30:00,314.6,315.0,314.08,314.13,1575
2017-02-08 14:30:00,314.2,314.25,312.1,312.82,2105
2017-02-08 15:30:00,314.24,316.21,311.5,313.7,3033
2017-02-09 09:30:00,314.0,318.7099,314.0,314.0001,395
2017-02-09 10:30:00,319.289,319.289,315.43,316.0,3887
2017-02-09 11:30:00,316.0,318.8799,314.21,314.5,4578
2017-02-09 12:30:00,314.01,318.56,314.001,314.02,141
2017-02-09 13:30:00,316.0,318.86,315.01,318.86,291
2017-02-09 14:30:00,315.0101,317.88,315.0101,317.0,895
2017-02-09 15:30:00,318.31,319.62,315.01,315.01,719
2017-02-10 09:30:00,319.36,319.61,315.0,316.99,1876
2017-02-10 10:30:00,317.47,319.05,315.0,319.05,2120
2017-02-10 11:30:00,316.9,319.0,316.9,317.74,237
2017-02-10 12:30:00,318.0,318.7618,317.4,317.501,754
2017-02-10 13:30:00,318.0,319.49,315.4989,315.4989,1000
2017-02-10 14:30:00,317.7699,319.9,316.48,318.0,918
2017-02-10 15:30:00,319.58,319.58,316.23,316.23,617
2017-02-13 09:30:00,319.0,325.0,315.0,319.5,1617
2017-02-13 10:30:00,319.999,320.1227,319.6446,319.6544,57
2017-02-13 11:30:00,319.5,319.5,317.48,317.48,982
2017-02-13 12:30:00,317.48,318.95,316.15,318.95,243
2017-02-13 13:30:00,319.1968,319.4647,317.06,319.4647,282
2017-02-13 14:30:00,316.91,319.0,316.91,317.5,451
2017-02-13 15:30:00,317.6595,318.22,316.84,318.22,641
2017-02-14 09:30:00,318.21,318.39,312.81,314.88,1395
2017-02-14 10:30:00,315.08,318.03,313.0001,314.52,1816
2017-02-14 11:30:00,315.2586,319.949,308.481,312.05,955
2017-02-14 12:30:00,313.01,316.0906,309.0001,311.0,893
2017-02-14 13:30:00,310.2,313.95,310.2,313.8,1139
2017-02-14 14:30:00,312.745,312.745,309.04,310.13,3079
2017-02-14 15:30:00,310.8634,311.634,310.0,310.0,3199
2017-02-15 09:30:00,310.84,315.119,310.0,311.2998,1283
2017-02-15 10:30:00,311.5,313.64,308.1601,310.0236,3845
2017-02-15 11:30:00,312.7118,312.7118,308.05,308.06,1238
2017-02-15 12:30:00,310.0,310.0,307.95,308.894,894
2017-02-15 13:30:00,307.25,309.85,307.25,308.02,331
2017-02-15 14:30:00,308.2717,309.35,306.2,306.2,3075
2017-02-15 15:30:00,307.1507,307.9995,306.2,307.1,1536
2017-02-16 09:30:00,308.89,308.89,303.775,305.06,534
2017-02-16 10:30:00,305.0,305.64,302.0001,303.0,5264
2017-02-16 11:30:00,304.65,305.25,299.05,299.6098,5457
2017-02-16 12:30:00,304.8756,305.0,299.3501,299.351,2194
2017-02-16 13:30:00,300.5,302.5,300.0,301.9489,429
2017-02-16 14:30:00,300.474,302.39,300.474,300.63,1033
2017-02-16 15:30:00,300.7643,303.0,300.7643,301.07,2965
2017-02-17 09:30:00,300.83,300.83,292.0,299.5461,3565
2017-02-17 10:30:00,297.62,299.9899,295.9653,296.8823,5758
2017-02-17 11:30:00,296.94,299.99,296.92,299.9699,6142
2017-02-17 12:30:00,298.94,299.999,297.9741,299.9354,301
2017-02-17 13:30:00,297.753,299.7,297.753,299.49,763
2017-02-17 14:30:00,299.98,303.13,299.98,303.06,1700
2017-02-17 15:30:00,302.5,304.37,302.01,304.37,1094
2017-02-21 09:30:00,304.83,304.83,299.93,301.0,1953
2017-02-21 10:30:00,302.87,304.71,300.7371,300.7371,1266
2017-02-21 11:30:00,301.01,304.32,298.83,298.83,4896
2017-02-21 12:30:00,301.44,303.35,298.0,300.93,980
2017-02-21 13:30:00,301.32,301.32,298.11,298.5,443
2017-02-21 14:30:00,298.5,298.5,291.11,295.99,10078
2017-02-21 15:30:00,294.3661,297.42,293.55,297.42,3198
2017-04-24 09:30:00,288.74,292.0,287.96,290.06,3064
2017-04-24 10:30:00,290.11,292.73,289.03,289.48,737
2017-04-24 11:30:00,287.85,289.98,286.945,288.98,5464
2017-04-24 12:30:00,288.98,288.98,287.001,287.82,3126
2017-04-24 13:30:00,288.18,292.94,288.18,292.0,972
2017-04-24 14:30:00,293.18,293.18,289.02,291.86,2861
2017-04-24 15:30:00,292.9,293.58,290.7369,292.89,2237
2017-04-25 09:30:00,294.34,294.75,287.0,293.8526,2893
2017-04-25 10:30:00,293.98,294.6809,289.8201,293.5,2491
2017-04-25 11:30:00,294.75,294.75,289.4199,289.4199,2524
2017-04-25 12:30:00,290.0,294.54,287.9801,292.0,1390
2017-04-25 13:30:00,291.9999,292.0,288.17,291.997,1525
2017-04-25 14:30:00,291.75,294.73,290.88,293.5,1619
2017-04-25 15:30:00,293.5,294.73,292.36,294.73,847
2017-04-26 09:30:00,292.17,292.17,288.92,289.0,1664
2017-04-26 10:30:00,289.0001,291.66,289.0001,290.0,1199
2017-04-26 11:30:00,289.7073,291.34,289.3001,290.55,1302
2017-04-26 12:30:00,290.3,291.65,290.3,291.0,1306
2017-04-26 13:30:00,290.55,292.999,290.55,292.5631,92
2017-04-26 14:30:00,290.5501,292.5641,290.55,290.7,652
2017-04-26 15:30:00,290.62,292.43,290.31,290.31,2401
2017-04-27 09:30:00,288.78,292.999,287.195,288.0001,2533
2017-04-27 10:30:00,290.25,290.25,287.0,287.0,307
2017-04-27 11:30:00,290.49,290.49,286.77,288.77,1454
2017-04-27 12:30:00,289.9899,289.99,288.85,289.0656,382
2017-04-27 13:30:00,289.9899,289.9899,288.625,289.0696,856
2017-04-27 14:30:00,289.9999,292.999,288.7301,292.59,2078
2017-04-27 15:30:00,292.6,293.0,290.195,292.48,2336
2017-04-28 09:30:00,294.0,300.0,292.5,298.27,7895
2017-04-28 10:30:00,297.0,303.84,295.23,301.99,11324
2017-04-28 11:30:00,301.69,302.5599,298.0,301.749,8532
2017-04-28 12:30:00,300.543,301.578,300.2301,301.3833,4961
2017-04-28 13:30:00,301.4,302.6198,299.2,302.6198,7798
2017-04-28 14:30:00,300.0201,313.55,300.0201,310.95,15201
2017-04-28 15:30:00,311.0,314.3676,307.02,307.06,4902
2017-05-01 09:30:00,306.84,315.0,300.4611,307.01,4831
2017-05-01 10:30:00,310.0,312.0,301.47,309.47,4284
2017-05-01 11:30:00,309.49,309.49,305.1694,308.4889,739
2017-05-01 12:30:00,308.1404,308.87,307.0,307.11,1758
2017-05-01 13:30:00,308.0,314.4,307.05,314.4,3586
2017-05-01 14:30:00,310.94,314.5,308.1,309.52,633
2017-05-01 15:30:00,313.0,313.0,310.0,311.39,1069
2017-05-02 09:30:00,311.11,314.49,310.02,311.0,1151
2017-05-02 10:30:00,310.61,313.96,310.11,313.96,1789
2017-05-02 11:30:00,310.1001,312.46,308.5,309.5,1089
2017-05-02 12:30:00,309.999,309.9999,302.21,302.21,3186
2017-05-02 13:30:00,308.01,308.4,303.75,307.8,1535
2017-05-02 14:30:00,303.5,307.0,303.02,304.1136,339
2017-05-02 15:30:00,306.0,309.4,303.0,305.3,1313
2017-05-03 09:30:00,307.87,310.5452,302.585,303.75,1640
2017-05-03 10:30:00,303.67,305.045,295.92,299.0,3618
2017-05-03 11:30:00,298.99,305.0,290.471,302.03,12812
2017-05-03 12:30:00,302.06,304.11,302.03,303.5,1711
2017-05-03 13:30:00,303.75,303.75,302.5,303.25,851
2017-05-03 14:30:00,302.5,304.7568,300.0,302.5,469
2017-05-03 15:30:00,302.5,304.67,297.58,299.21,2992
2017-05-04 09:30:00,299.99,301.81,291.01,300.5001,4278
2017-05-04 10:30:00,301.65,301.65,295.79,297.33,3475
2017-05-04 11:30:00,300.4977,301.29,297.1,297.1,1846
2017-05-04 12:30:00,298.5068,299.837,297.11,298.9,3647
2017-05-04 13:30:00,298.99,301.72,298.95,301.72,83
2017-05-04 14:30:00,301.41,301.41,299.3698,299.82,1327
2017-05-04 15:30:00,300.68,301.18,299.5501,300.59,4024
2017-05-05 09:30:00,299.86,304.39,299.86,300.0,556
2017-05-05 10:30:00,301.39,301.8169,296.01,299.8,806
2017-05-05 11:30:00,301.734,301.8699,299.44,300.207,806
2017-05-05 12:30:00,300.01,301.36,299.8,299.8,1284
2017-05-05 13:30:00,299.8,301.4335,299.8,300.01,551
2017-05-05 14:30:00,300.01,300.81,299.8,300.81,839
2017-05-05 15:30:00,300.45,301.27,299.63,299.63,943
2017-05-08 09:30:00,301.05,305.7,299.74,300.09,5116
2017-05-08 10:30:00,300.7,301.7312,298.76,300.5386,822
2017-05-08 11:30:00,299.6329,301.0,299.334,301.0,158
2017-05-08 12:30:00,299.83,300.3301,298.768,300.25,1657
2017-05-08 13:30:00,299.9963,301.95,299.5001,301.95,1033
2017-05-08 14:30:00,302.0513,302.5,299.6901,300.25,323
2017-05-08 15:30:00,300.118,302.06,299.1,299.1,497
2017-05-09 09:30:00,299.37,309.019,297.69,299.4,762
2017-05-09 10:30:00,294.9001,299.4,294.291,298.73,817
2017-05-09 11:30:00,297.5156,299.24,297.5156,299.0,708
2017-05-09 12:30:00,299.9999,300.0,299.0,299.24,2258
2017-05-09 13:30:00,299.41,300.0,298.0001,299.25,2193
2017-05-09 14:30:00,299.39,299.9999,299.1001,299.9999,677
2017-05-09 15:30:00,299.1,300.0,299.0,299.0,629
2017-05-10 09:30:00,297.13,305.1,295.85,298.51,579
2017-05-10 10:30:00,302.68,302.7899,299.55,302.77,2424
2017-05-10 11:30:00,302.77,303.35,300.5,301.98,1149
2017-05-10 12:30:00,300.5,301.915,300.5,301.07,580
2017-05-10 13:30:00,301.07,301.46,300.5001,301.076,124
2017-05-10 14:30:00,300.501,301.26,299.9,301.0,2980
2017-05-10 15:30:00,301.0,301.0,300.09,300.57,1400
2017-07-24 09:30:00,317.55,318.25,314.3,314.5,5299
2017-07-24 10:30:00,316.5,321.085,313.9,316.0,7068
2017-07-24 11:30:00,321.06,321.06,316.717,317.7344,676
2017-07-24 12:30:00,317.51,318.95,317.0,318.95,1898
2017-07-24 13:30:00,318.99,322.0,317.25,321.3,5478
2017-07-24 14:30:00,321.3,325.0,321.11,323.188,1916
2017-07-24 15:30:00,324.7651,324.7651,322.085,322.4,852
2017-07-25 09:30:00,325.0,339.7871,324.0,336.57,32449
2017-07-25 10:30:00,336.57,337.81,332.12,333.99,11534
2017-07-25 11:30:00,333.25,333.99,332.1201,333.0,4356
2017-07-25 12:30:00,332.99,335.0,331.36,331.36,4533
2017-07-25 13:30:00,332.1,334.576,330.5,332.2,2466
2017-07-25 14:30:00,333.02,334.79,330.811,332.0,1416
2017-07-25 15:30:00,333.1395,334.3,330.76,330.82,1827
2017-07-26 09:30:00,332.12,337.36,332.12,334.99,3661
2017-07-26 10:30:00,334.726,336.9999,333.01,336.85,8202
2017-07-26 11:30:00,336.1064,341.0,336.0501,339.5,9387
2017-07-26 12:30:00,339.9,340.38,335.531,338.25,3632
2017-07-26 13:30:00,338.2436,338.2436,332.25,335.8,5966
2017-07-26 14:30:00,336.84,338.5565,335.0,337.0,2897
2017-07-26 15:30:00,336.8997,338.6499,336.0,336.0,2100
2017-07-27 09:30:00,338.79,341.0,330.7501,333.99,5319
2017-07-27 10:30:00,336.78,338.07,332.2,338.07,939
2017-07-27 11:30:00,338.569,339.48,334.39,339.48,3311
2017-07-27 12:30:00,339.979,340.0,336.89,336.89,1519
2017-07-27 13:30:00,338.0,339.0199,335.0,336.029,454
2017-07-27 14:30:00,338.4,338.4,334.0101,334.0101,1165
2017-07-27 15:30:00,337.55,338.0499,334.0101,334.61,877
2017-07-28 09:30:00,334.0,336.999,330.82,332.54,1278
2017-07-28 10:30:00,335.3699,336.71,333.01,335.3938,5374
2017-07-28 11:30:00,336.701,340.0,334.011,337.3501,4033
2017-07-28 12:30:00,338.25,339.45,337.341,339.0,4763
2017-07-28 13:30:00,338.62,339.23,331.24,333.0919,2634
2017-07-28 14:30:00,335.088,337.729,330.16,330.91,2540
2017-07-28 15:30:00,334.0,338.32,333.01,337.92,1583
2017-07-31 09:30:00,339.4,339.4,331.8,332.51,1386
2017-07-31 10:30:00,332.51,337.9999,332.2782,337.9999,2155
2017-07-31 11:30:00,337.5,337.5,332.82,333.0,1860
2017-07-31 12:30:00,331.3748,333.249,331.3748,333.0,768
2017-07-31 13:30:00,332.0001,334.749,331.83,332.62,820
2017-07-31 14:30:00,330.56,334.476,330.21,332.0101,837
2017-07-31 15:30:00,332.3545,334.39,332.01,332.01,969
2017-08-01 09:30:00,331.68,357.485,328.36,345.0,24354
2017-08-01 10:30:00,345.05,352.315,338.1,352.315,3980
2017-08-01 11:30:00,351.9,357.9,350.0001,350.6,8322
2017-08-01 12:30:00,351.1,352.0,345.346,349.5,1604
2017-08-01 13:30:00,347.0001,349.5,345.02,348.98,506
2017-08-01 14:30:00,349.271,349.5199,343.75,345.5555,2063
2017-08-01 15:30:00,346.496,354.65,346.496,348.31,4892
2017-08-02 09:30:00,346.83,361.95,346.83,358.9785,15452
2017-08-02 10:30:00,358.57,366.66,355.1501,364.99,15843
2017-08-02 11:30:00,364.94,368.0,363.0,367.4,13288
2017-08-02 12:30:00,367.99,368.0,357.94,366.0,8594
2017-08-02 13:30:00,367.3648,379.25,355.6901,369.0,19746
2017-08-02 14:30:00,369.01,375.8,365.06,371.0,11583
2017-08-02 15:30:00,370.0,371.95,363.25,368.29,10204
2017-08-03 09:30:00,369.0,374.99,365.04,374.8999,14231
2017-08-03 10:30:00,373.82,374.7999,367.12,368.8,9341
2017-08-03 11:30:00,369.0,372.7,367.0,372.0,5194
2017-08-03 12:30:00,370.89,372.675,369.36,371.5549,3893
2017-08-03 13:30:00,371.0,372.99,370.1504,372.8,3126
2017-08-03 14:30:00,370.6,372.809,369.3,371.8,5599
2017-08-03 15:30:00,369.55,372.52,369.0,372.16,1532
2017-08-04 09:30:00,370.0,370.35,366.0,367.0685,5852
2017-08-04 10:30:00,367.25,369.5,366.501,368.8971,3109
2017-08-04 11:30:00,369.0,369.9801,368.0,368.84,5126
2017-08-04 12:30:00,368.82,368.84,367.665,368.829,746
2017-08-04 13:30:00,368.4265,370.39,368.41,369.205,2746
2017-08-04 14:30:00,369.4425,369.68,367.0878,368.22,3163
2017-08-04 15:30:00,368.5,369.21,366.01,366.02,8174
2017-10-23 09:30:00,407.65,414.38,407.65,410.0,697
2017-10-23 10:30:00,412.4999,412.5,410.31,410.31,605
2017-10-23 11:30:00,411.4999,411.4999,410.3111,410.5,786
2017-10-23 12:30:00,410.35,410.8,409.6698,410.5,380
2017-10-23 13:30:00,407.5101,408.56,405.1665,405.1665,2689
2017-10-23 14:30:00,405.0,407.54,397.0,399.0,17240
2017-10-23 15:30:00,399.0,402.0,395.3,397.56,5938
2017-10-24 09:30:00,401.0,402.33,395.0,395.0,6780
2017-10-24 10:30:00,395.0,396.469,391.0,392.7149,12155
2017-10-24 11:30:00,392.15,395.74,385.3501,395.74,5719
2017-10-24 12:30:00,395.0,395.69,393.9975,394.3907,204
2017-10-24 13:30:00,393.5414,396.1,393.5414,394.4,1049
2017-10-24 14:30:00,394.4,396.09,394.4,395.5425,1179
2017-10-24 15:30:00,395.91,397.5552,390.97,392.34,2621
2017-10-25 09:30:00,395.62,396.37,395.0,396.0,2394
2017-10-25 10:30:00,396.0,396.0,392.0,393.79,2022
2017-10-25 11:30:00,393.8,395.62,392.55,393.8,1314
2017-10-25 12:30:00,392.589,393.0499,392.02,392.5,1142
2017-10-25 13:30:00,392.4691,394.41,390.24,392.0552,4960
2017-10-25 14:30:00,391.505,393.0,389.78,390.6,4290
2017-10-25 15:30:00,394.0,395.93,390.0,390.01,963
2017-10-26 09:30:00,393.81,398.209,387.44,391.6354,5705
2017-10-26 10:30:00,391.5,399.7912,390.5,395.97,3174
2017-10-26 11:30:00,398.034,398.034,391.901,395.9999,3087
2017-10-26 12:30:00,393.58,394.2581,392.5,392.5,363
2017-10-26 13:30:00,392.67,396.1,392.02,392.7002,2261
2017-10-26 14:30:00,392.0,393.224,387.157,391.5,1069
2017-10-26 15:30:00,389.9,391.8,386.87,386.87,1901
2017-10-27 09:30:00,390.03,390.13,376.01,384.999,11770
2017-10-27 10:30:00,382.0,384.989,380.0,382.0,3691
2017-10-27 11:30:00,380.32,385.74,380.245,385.74,4557
2017-10-27 12:30:00,384.85,389.6,381.1101,387.0,2842
2017-10-27 13:30:00,389.59,397.0,385.06,391.6756,4169
2017-10-27 14:30:00,391.99,395.72,385.01,395.72,1512
2017-10-27 15:30:00,394.9378,397.21,392.97,397.21,969
2017-10-30 09:30:00,395.52,395.53,389.7008,389.7008,794
2017-10-30 10:30:00,390.6388,400.0,390.6388,398.99,3525
2017-10-30 11:30:00,399.35,399.89,394.57,397.9799,2639
2017-10-30 12:30:00,396.5,397.9792,395.5001,397.969,198
2017-10-30 13:30:00,397.2514,397.98,396.3021,397.6335,479
2017-10-30 14:30:00,395.28,397.69,395.0,397.69,1438
2017-10-30 15:30:00,397.805,399.14,395.0,395.26,1003
2017-10-31 09:30:00,409.0,430.75,408.98,418.4735,12209
2017-10-31 10:30:00,416.55,419.1005,406.9132,415.6467,7875
2017-10-31 11:30:00,414.0,414.2,407.9282,409.0498,2474
2017-10-31 12:30:00,405.7645,411.75,397.9,402.5,5663
2017-10-31 13:30:00,402.051,413.6845,401.75,412.5087,4238
2017-10-31 14:30:00,412.32,414.7065,405.62,412.31,554
2017-10-31 15:30:00,406.011,413.39,406.011,410.0,524
2017-11-01 09:30:00,408.69,414.9999,408.69,411.2045,1418
2017-11-01 10:30:00,413.48,414.46,409.22,411.3,3527
2017-11-01 11:30:00,412.0,412.0,408.5001,408.5001,660
2017-11-01 12:30:00,409.0,410.78,408.01,409.16,1658
2017-11-01 13:30:00,413.58,414.32,409.55,409.5612,1105
2017-11-01 14:30:00,409.5,412.31,408.68,409.5,1996
2017-11-01 15:30:00,409.98,411.525,408.5,408.51,3411
2017-11-02 09:30:00,406.92,414.849,406.92,410.6,4793
2017-11-02 10:30:00,411.7,414.9899,407.0,414.9899,1468
2017-11-02 11:30:00,414.49,414.49,409.9,413.5,3024
2017-11-02 12:30:00,413.5,414.989,410.01,411.9,4419
2017-11-02 13:30:00,414.34,414.9899,409.5,409.909,851
2017-11-02 14:30:00,408.251,410.5,407.0,407.01,1195
2017-11-02 15:30:00,408.1502,410.76,406.35,406.35,3163
2017-11-03 09:30:00,406.18,410.815,403.0404,409.999,2815
2017-11-03 10:30:00,408.0,409.95,407.0108,407.3794,531
2017-11-03 11:30:00,407.041,409.2083,407.041,409.2083,690
2017-11-03 12:30:00,408.1,414.6335,408.08,413.0,1517
2017-11-03 13:30:00,413.71,414.98,412.0,413.0,2107
2017-11-03 14:30:00,414.7438,414.95,414.145,414.2199,245
2017-11-03 15:30:00,413.55,414.67,412.64,412.69,708
2017-11-06 09:30:00,412.6,423.12,412.6,419.95,7165
2017-11-06 10:30:00,419.88,419.88,415.8213,418.17,1871
2017-11-06 11:30:00,417.51,418.28,416.56,417.4999,1384
2017-11-06 12:30:00,416.751,417.49,416.3608,417.36,611
2017-11-06 13:30:00,416.4508,417.4599,416.4508,416.76,600
2017-11-06 14:30:00,416.8,416.879,416.0184,416.6752,807
2017-11-06 15:30:00,416.4325,417.5,416.2,416.22,1589
2017-11-07 09:30:00,415.0,419.5,415.0,417.501,1068
2017-11-07 10:30:00,418.0,420.0,417.55,419.75,2307
2017-11-07 11:30:00,418.25,419.9,417.89,418.0,1240
2017-11-07 12:30:00,417.91,417.91,415.001,415.001,4473
2017-11-07 13:30:00,416.0011,417.9999,413.51,415.4,3132
2017-11-07 14:30:00,414.13,414.68,405.73,409.0,6150
2017-11-07 15:30:00,409.0,412.0,407.31,410.56,1640
2017-11-08 09:30:00,407.41,411.72,407.0405,410.15,3363
2017-11-08 10:30:00,409.838,411.9692,409.13,411.9692,3281
2017-11-08 11:30:00,411.0,415.5,410.2,411.2101,2868
2017-11-08 12:30:00,411.2201,418.0,411.2201,417.5,4388
2017-11-08 13:30:00,417.5,419.9,415.0,418.0992,1096
2017-11-08 14:30:00,418.1,418.1,414.31,415.42,2578
2017-11-08 15:30:00,413.0,417.4966,413.0,414.12,2968
2017-11-09 09:30:00,418.0,418.0,413.0,414.5,1154
2017-11-09 10:30:00,414.2962,415.9992,413.385,414.415,2243
2017-11-09 11:30:00,414.7005,414.9999,410.0001,413.5,875
2017-11-09 12:30:00,414.0,414.0,411.78,413.1799,1364
2017-11-09 13:30:00,413.9,413.9,410.01,410.01,22
2017-11-09 14:30:00,414.0,414.0,412.6078,413.999,110
2017-11-09 15:30:00,413.925,413.93,410.74,410.74,592
2017-11-10 09:30:00,413.34,414.9992,408.801,412.018,832
2017-11-10 10:30:00,409.4827,415.0,409.4827,414.5,1085
2017-11-10 11:30:00,412.66,415.0,411.84,411.84,424
2017-11-10 12:30:00,414.61,414.84,413.54,413.54,252
2017-11-10 13:30:00,413.04,413.6229,412.5,413.4178,520
2017-11-10 14:30:00,411.75,414.9899,411.75,413.4155,927
2017-11-10 15:30:00,413.9999,414.0,412.0,412.71,1123
2017-11-13 09:30:00,416.0,416.7514,411.5106,412.5,498
2017-11-13 10:30:00,415.6599,416.8,411.02,415.0,310
2017-11-13 11:30:00,415.29,416.21,413.0,415.4,1898
2017-11-13 12:30:00,413.6867,415.24,413.6867,414.0,734
2017-11-13 13:30:00,413.75,415.0,413.75,414.45,552
2017-11-13 14:30:00,414.0,414.9105,413.9308,414.0731,1694
2017-11-13 15:30:00,414.1,414.1,410.011,412.95,1077
2018-01-29 09:30:00,530.76,539.05,527.917,530.5,2401
2018-01-29 10:30:00,534.75,534.75,525.37,529.99,1806
2018-01-29 11:30:00,530.0,554.9799,528.3975,535.0,5465
2018-01-29 12:30:00,545.94,545.9499,535.5101,545.949,3025
2018-01-29 13:30:00,545.0,545.19,538.01,541.98,1642
2018-01-29 14:30:00,541.98,551.999,540.0,540.0,10729
2018-01-29 15:30:00,543.99,552.0,539.1001,547.9,1654
2018-01-30 09:30:00,544.48,550.0,535.5,541.0786,2074
2018-01-30 10:30:00,547.9399,548.0,540.0,540.4,1952
2018-01-30 11:30:00,541.5999,541.5999,537.4069,540.0,777
2018-01-30 12:30:00,539.0,539.0,529.51,531.263,1501
2018-01-30 13:30:00,534.0412,537.0,529.0101,530.31,5021
2018-01-30 14:30:00,530.31,535.95,528.3781,531.94,1394
2018-01-30 15:30:00,529.05,546.93,529.05,546.89,4683
2018-01-31 09:30:00,545.01,559.35,540.16,551.0,7757
2018-01-31 10:30:00,559.49,559.49,545.1,557.7799,1232
2018-01-31 11:30:00,556.1775,559.5,545.83,555.87,2515
2018-01-31 12:30:00,552.4,552.8999,539.561,542.94,2026
2018-01-31 13:30:00,544.5,545.0,539.66,541.279,3599
2018-01-31 14:30:00,541.595,543.5,535.1,535.753,1516
2018-01-31 15:30:00,538.1147,544.89,536.17,541.79,1992
2018-02-01 09:30:00,534.99,534.999,510.0,527.499,10614
2018-02-01 10:30:00,520.1,535.4,520.0,525.17,4651
2018-02-01 11:30:00,525.17,544.61,525.17,536.2,2192
2018-02-01 12:30:00,536.0,544.11,532.3,534.9,1377
2018-02-01 13:30:00,535.9,536.01,527.8,533.9334,1117
2018-02-01 14:30:00,528.23,537.55,527.61,531.0,396
2018-02-01 15:30:00,528.8,535.99,528.0101,531.4,827
2018-02-02 09:30:00,529.13,545.4224,525.0163,531.95,2590
2018-02-02 10:30:00,525.5,531.17,523.8029,527.0,1161
2018-02-02 11:30:00,527.0,539.68,521.0992,528.04,2015
2018-02-02 12:30:00,539.49,539.49,526.4,528.0,600
2018-02-02 13:30:00,529.4,529.4,522.0001,524.0,1110
2018-02-02 14:30:00,527.0,527.0,510.0001,510.0101,3349
2018-02-02 15:30:00,516.6,520.386,510.52,519.29,1787
2018-02-05 09:30:00,511.09,525.6339,502.14,515.07,5663
2018-02-05 10:30:00,514.051,518.9499,509.73,518.47,1418
2018-02-05 11:30:00,518.7,518.95,511.0,515.01,3176
2018-02-05 12:30:00,511.0,519.538,505.1,509.007,1798
2018-02-05 13:30:00,511.348,514.4,508.49,509.0,1333
2018-02-05 14:30:00,505.9225,512.8488,490.0,496.02,6735
2018-02-05 15:30:00,496.02,506.21,494.1001,500.9,3711
2018-02-06 09:30:00,492.41,509.6899,492.01,495.0,4337
2018-02-06 10:30:00,494.73,509.9449,490.83,498.9,2956
2018-02-06 11:30:00,500.94,509.7,496.5005,505.0,1256
2018-02-06 12:30:00,506.0,506.99,497.05,497.05,1062
2018-02-06 13:30:00,498.23,499.2599,491.501,493.8976,3586
2018-02-06 14:30:00,497.5,506.5741,492.011,501.0,2602
2018-02-06 15:30:00,505.7995,505.7995,500.05,500.39,1434
2018-02-07 09:30:00,529.75,529.75,520.55,525.0,8954
2018-02-07 10:30:00,525.0,528.4,513.79,520.0244,3895
2018-02-07 11:30:00,517.2901,520.93,510.0,520.0,2715
2018-02-07 12:30:00,517.8275,528.1999,517.0,517.0,1077
2018-02-07 13:30:00,520.5,522.5,517.01,522.39,1194
2018-02-07 14:30:00,519.551,522.5,517.0,519.7498,612
2018-02-07 15:30:00,519.3857,522.111,512.43,515.05,884
2018-02-08 09:30:00,523.61,535.849,512.6515,519.9999,2189
2018-02-08 10:30:00,516.031,522.07,507.72,507.72,2711
2018-02-08 11:30:00,512.81,514.99,501.9311,506.43,2878
2018-02-08 12:30:00,508.0,510.959,502.002,502.002,1299
2018-02-08 13:30:00,505.0,510.5,501.01,505.0,747
2018-02-08 14:30:00,507.397,511.61,501.0001,504.4,1182
2018-02-08 15:30:00,505.0,512.4,493.0,498.9,3438
2018-02-09 09:30:00,505.11,508.03,490.1974,492.0,5010
2018-02-09 10:30:00,492.6,492.6,480.001,485.0,4157
2018-02-09 11:30:00,486.5,489.25,480.0,482.4211,2044
2018-02-09 12:30:00,482.4211,489.72,480.0001,480.0436,715
2018-02-09 13:30:00,484.0,497.74,481.0,495.53,2115
2018-02-09 14:30:00,494.85,500.6099,486.1023,496.0,3910
2018-02-09 15:30:00,488.9253,499.49,487.505,490.36,2441
2018-02-12 09:30:00,496.6,509.1199,491.0,493.1242,5206
2018-02-12 10:30:00,491.0432,499.9999,487.26,495.0,2095
2018-02-12 11:30:00,493.0,495.0,489.49,492.7,4197
2018-02-12 12:30:00,485.0001,492.9999,485.0001,490.0,1590
2018-02-12 13:30:00,490.0,498.79,489.9996,490.39,1220
2018-02-12 14:30:00,495.095,495.095,488.1776,493.9231,4065
2018-02-12 15:30:00,494.9999,494.9999,484.26,488.85,1293
2018-02-13 09:30:00,485.71,499.9799,482.0,494.39,1274
2018-02-13 10:30:00,491.98,500.0,491.7287,497.549,1200
2018-02-13 11:30:00,498.529,499.5,490.51,492.0,1548
2018-02-13 12:30:00,492.25,492.5,486.36,489.0,1438
2018-02-13 13:30:00,490.0,492.0,489.35,490.4999,543
2018-02-13 14:30:00,490.2018,491.0,487.9501,490.5,607
2018-02-13 15:30:00,490.98,495.9799,489.7,494.29,1105
2018-02-14 09:30:00,494.0,500.708,485.1,485.1,2441
2018-02-14 10:30:00,489.6755,500.539,486.63,492.0,3830
2018-02-14 11:30:00,491.089,498.0299,487.7503,498.0299,2030
2018-02-14 12:30:00,495.0,502.899,487.7055,502.899,2846
2018-02-14 13:30:00,501.9109,502.4,501.0,501.0,160
2018-02-14 14:30:00,500.0,502.8999,498.0,498.0,87
2018-02-14 15:30:00,496.5701,503.0,496.5701,502.96,1231
2018-02-15 09:30:00,500.0,519.0018,493.253,499.0075,2311
2018-02-15 10:30:00,495.5,504.5,492.01,504.5,1538
2018-02-15 11:30:00,504.5,504.5,484.51,496.09,4361
2018-02-15 12:30:00,500.53,503.5,488.86,495.0,1779
2018-02-15 13:30:00,498.9799,498.98,491.101,496.0,1748
2018-02-15 14:30:00,498.1018,501.51,497.476,499.8,258
2018-02-15 15:30:00,500.39,502.0,499.0,499.27,1102
2018-02-16 09:30:00,497.92,511.49,495.435,500.0,2139
2018-02-16 10:30:00,502.72,505.45,497.622,504.949,692
2018-02-16 11:30:00,504.449,505.45,500.0,500.0001,49
2018-02-16 12:30:00,506.5,513.69,504.0,508.1844,4062
2018-02-16 13:30:00,506.06,509.0,504.0,504.0408,247
2018-02-16 14:30:00,505.0845,509.0,504.0,509.0,564
2018-02-16 15:30:00,509.1386,510.4,505.0,505.0,500
2018-02-20 09:30:00,509.0,512.8895,502.0,504.05,911
2018-02-20 10:30:00,502.0,510.4699,502.0,505.1,529
2018-02-20 11:30:00,505.7,539.7,505.7,528.69,7757
2018-02-20 12:30:00,523.13,535.2,503.0,514.01,6247
2018-02-20 13:30:00,508.21,520.66,506.2178,510.6,3294
2018-02-20 14:30:00,517.0,517.0,507.0001,508.5,978
2018-02-20 15:30:00,508.5,516.05,507.0,507.0,1529
2018-02-21 09:30:00,507.72,527.54,507.1545,519.555,2726
2018-02-21 10:30:00,517.59,533.3,510.0,510.061,3444
2018-02-21 11:30:00,512.06,515.9999,509.796,512.0,674
2018-02-21 12:30:00,512.01,512.01,510.0,510.0,63
2018-02-21 13:30:00,509.5552,512.62,509.5552,512.62,420
2018-02-21 14:30:00,512.14,512.2295,507.51,509.2575,2067
2018-02-21 15:30:00,509.88,510.19,503.4,507.03,1405
2018-04-23 09:30:00,549.9,554.5,547.1,552.9014,3311
2018-04-23 10:30:00,554.2,559.9899,548.3,559.9899,6754
2018-04-23 11:30:00,557.5,564.15,553.3701,560.0,4918
2018-04-23 12:30:00,559.868,559.868,553.8268,558.0,1047
2018-04-23 13:30:00,559.0,559.9599,553.37,554.2,1683
2018-04-23 14:30:00,553.45,559.45,549.15,552.54,2223
2018-04-23 15:30:00,552.4667,553.12,545.0,546.0,4261
2018-04-24 09:30:00,545.87,558.2,541.3801,546.01,2453
2018-04-24 10:30:00,548.6345,549.999,541.63,545.0,4244
2018-04-24 11:30:00,544.999,544.999,537.15,541.26,3721
2018-04-24 12:30:00,539.76,541.54,538.5,538.94,1952
2018-04-24 13:30:00,539.8946,540.9899,530.0,532.0,3879
2018-04-24 14:30:00,531.25,537.859,526.0,535.3134,2397
2018-04-24 15:30:00,537.859,539.64,534.05,539.64,2201
2018-04-25 09:30:00,543.91,544.91,532.76,538.6144,528
2018-04-25 10:30:00,539.19,539.6899,534.7501,539.19,2151
2018-04-25 11:30:00,539.19,544.1178,536.5764,539.76,3412
2018-04-25 12:30:00,541.0,557.4,537.25,538.8628,2008
2018-04-25 13:30:00,544.5,544.9799,542.3137,544.9799,343
2018-04-25 14:30:00,541.14,547.0,541.0001,546.2117,3133
2018-04-25 15:30:00,544.98,547.0,541.0,542.57,1911
2018-04-26 09:30:00,538.35,551.519,538.35,549.0,620
2018-04-26 10:30:00,548.7233,548.9999,545.0,547.46,1813
2018-04-26 11:30:00,548.6024,560.0,545.84,549.15,3088
2018-04-26 12:30:00,551.0,566.989,547.0,548.84,2251
2018-04-26 13:30:00,553.776,553.776,544.3233,548.173,523
2018-04-26 14:30:00,547.0,549.7115,541.03,541.14,1232
2018-04-26 15:30:00,541.445,544.1,540.11,543.5063,1371
2018-04-27 09:30:00,541.63,553.2123,538.0,539.9995,1823
2018-04-27 10:30:00,538.01,552.33,535.1,547.8865,2831
2018-04-27 11:30:00,551.33,551.8299,536.0,537.609,1527
2018-04-27 12:30:00,540.5,544.989,539.44,540.0,1717
2018-04-27 13:30:00,540.0,544.9899,535.0001,535.0001,2568
2018-04-27 14:30:00,540.0,545.2999,538.17,545.0324,683
2018-04-27 15:30:00,541.0,543.6863,537.55,537.55,490
2018-04-30 09:30:00,543.92,546.0,539.22,542.6593,1721
2018-04-30 10:30:00,545.375,549.9091,542.1001,547.76,624
2018-04-30 11:30:00,548.1,552.65,548.0,550.25,3078
2018-04-30 12:30:00,551.0,557.0,551.0,557.0,428
2018-04-30 13:30:00,551.12,554.9999,549.0,549.0,942
2018-04-30 14:30:00,550.0,550.0,546.95,548.361,44
2018-04-30 15:30:00,549.0,549.4,546.16,546.3,976
2018-05-01 09:30:00,569.43,592.3,568.9318,589.899,12173
2018-05-01 10:30:00,585.0,590.48,581.5,590.0,5799
2018-05-01 11:30:00,588.0,595.0,586.535,587.94,7842
2018-05-01 12:30:00,587.13,588.0,571.27,571.27,11057
2018-05-01 13:30:00,576.0,587.0,573.6,587.0,6795
2018-05-01 14:30:00,587.5,591.9,577.6569,589.481,9458
2018-05-01 15:30:00,589.99,594.03,589.081,592.77,7995
2018-05-02 09:30:00,591.07,607.8,591.07,607.5,5366
2018-05-02 10:30:00,607.49,607.49,600.841,603.0,5379
2018-05-02 11:30:00,602.11,603.6071,596.09,597.93,2755
2018-05-02 12:30:00,603.3203,603.509,597.3,599.983,1588
2018-05-02 13:30:00,601.97,607.0,597.301,604.0,3350
2018-05-02 14:30:00,605.0,619.862,605.0,616.95,5958
2018-05-02 15:30:00,615.0299,626.75,615.0,620.2,3570
2018-05-03 09:30:00,622.9,634.49,606.11,633.5,5735
2018-05-03 10:30:00,630.165,640.0,625.01,636.7071,5925
2018-05-03 11:30:00,638.0,639.93,627.1101,630.375,6409
2018-05-03 12:30:00,631.0,631.5,623.245,624.99,2500
2018-05-03 13:30:00,625.0,626.945,622.1,625.01,1133
2018-05-03 14:30:00,627.39,628.949,622.1,628.949,3283
2018-05-03 15:30:00,626.975,632.83,622.2,625.1,1495
2018-05-04 09:30:00,638.4,639.99,624.82,631.22,1640
2018-05-04 10:30:00,630.0963,631.4,626.2481,628.34,2386
2018-05-04 11:30:00,630.9,634.5,621.01,625.0,3826
2018-05-04 12:30:00,625.7,627.0555,621.0,624.5,3035
2018-05-04 13:30:00,624.5,628.0,622.5001,627.47,1212
2018-05-04 14:30:00,627.97,630.59,624.5,628.25,2586
2018-05-04 15:30:00,626.85,630.0,621.05,628.13,2911
2018-05-07 09:30:00,635.63,647.1974,629.3827,638.56,2695
2018-05-07 10:30:00,644.0,646.5,637.0,639.6054,2751
2018-05-07 11:30:00,642.45,647.2339,640.45,643.05,1971
2018-05-07 12:30:00,645.0,661.4867,642.75,658.0,5283
2018-05-07 13:30:00,658.0,679.989,657.48,670.8,5725
2018-05-07 14:30:00,670.85,675.335,643.42,651.6351,13849
2018-05-07 15:30:00,657.727,659.48,650.0,653.81,4145
2018-05-08 09:30:00,652.05,663.699,630.0,636.8,11994
2018-05-08 10:30:00,637.0,639.2976,631.0,633.0,7818
2018-05-08 11:30:00,631.0001,638.9999,631.0001,638.7567,2882
2018-05-08 12:30:00,632.0,639.0,631.275,635.7633,449
2018-05-08 13:30:00,632.91,644.55,632.91,644.55,2322
2018-05-08 14:30:00,641.689,651.168,637.0,651.168,1722
2018-05-08 15:30:00,645.84,653.135,635.83,644.85,2581
2018-05-09 09:30:00,640.78,657.5399,638.99,651.3,3436
2018-05-09 10:30:00,655.0,657.54,643.0515,652.0,3439
2018-05-09 11:30:00,651.0,652.0,643.46,648.0,2358
2018-05-09 12:30:00,650.75,651.81,642.68,648.86,1431
2018-05-09 13:30:00,647.47,651.6699,644.75,647.0657,1964
2018-05-09 14:30:00,648.99,650.559,644.75,645.85,3086
2018-05-09 15:30:00,649.2783,649.99,641.86,641.86,1374
2018-07-23 09:30:00,783.63,789.35,776.32,787.9999,2720
2018-07-23 10:30:00,783.285,788.0,780.14,787.85,858
2018-07-23 11:30:00,787.36,787.86,776.94,782.9095,918
2018-07-23 12:30:00,783.0,785.0,775.25,782.0,200
2018-07-23 13:30:00,778.2631,784.1899,778.2631,783.69,1143
2018-07-23 14:30:00,783.7524,784.1899,771.0,778.08,2608
2018-07-23 15:30:00,772.0,774.7654,764.7259,766.65,1830
2018-07-24 09:30:00,784.65,785.0,771.2235,775.0,495
2018-07-24 10:30:00,780.0,783.85,772.8101,777.11,1209
2018-07-24 11:30:00,780.0,783.35,776.0101,782.2949,3120
2018-07-24 12:30:00,777.5101,782.0,775.9182,777.5,1531
2018-07-24 13:30:00,777.5513,781.9,773.5,779.0,1121
2018-07-24 14:30:00,778.5,778.7816,773.5,776.2335,215
2018-07-24 15:30:00,776.8267,781.24,773.5,778.43,559
2018-07-25 09:30:00,782.0,782.0,770.25,776.27,672
2018-07-25 10:30:00,775.0,781.5,770.25,775.0,1043
2018-07-25 11:30:00,776.4999,776.8899,770.12,770.15,939
2018-07-25 12:30:00,772.0,777.393,770.15,772.35,852
2018-07-25 13:30:00,777.15,777.75,771.55,772.05,1648
2018-07-25 14:30:00,770.12,774.3999,763.48,769.06,1560
2018-07-25 15:30:00,767.7112,774.49,766.5,770.38,984
2018-07-26 09:30:00,779.85,779.85,762.5,771.51,433
2018-07-26 10:30:00,771.43,780.5399,765.1001,770.3,1313
2018-07-26 11:30:00,776.5699,779.38,769.5,776.2325,447
2018-07-26 12:30:00,774.94,775.0,770.89,770.89,44
2018-07-26 13:30:00,774.99,776.45,768.0,775.95,2121
2018-07-26 14:30:00,766.7584,775.99,763.0,764.85,1703
2018-07-26 15:30:00,762.13,770.712,750.34,750.34,3277
2018-07-27 09:30:00,750.0,766.0,749.99,754.2,2021
2018-07-27 10:30:00,755.7183,758.4999,750.0,757.6,1222
2018-07-27 11:30:00,753.5,757.99,753.0,753.0,1251
2018-07-27 12:30:00,756.59,757.65,739.47,742.61,2243
2018-07-27 13:30:00,742.0,744.7865,730.27,735.155,2941
2018-07-27 14:30:00,734.0,743.25,730.77,735.01,413
2018-07-27 15:30:00,742.09,748.63,735.0,740.0,1375
2018-07-30 09:30:00,743.0,759.2492,726.6,742.22,2829
2018-07-30 10:30:00,749.949,749.949,729.852,730.0001,1779
2018-07-30 11:30:00,732.345,735.0,719.95,720.0,1887
2018-07-30 12:30:00,730.0291,740.0,712.7276,712.7276,1868
2018-07-30 13:30:00,720.0,739.49,720.0,724.9999,1272
2018-07-30 14:30:00,720.0,739.0,720.0,721.0,1172
2018-07-30 15:30:00,730.0,736.999,722.15,734.07,2118
2018-07-31 09:30:00,733.7,741.84,711.67,733.535,3583
2018-07-31 10:30:00,727.905,750.8,725.0,739.65,1960
2018-07-31 11:30:00,735.0,743.95,732.15,733.0,2224
2018-07-31 12:30:00,740.0,740.82,733.0,737.5,1792
2018-07-31 13:30:00,730.0,744.98,730.0,738.01,1569
2018-07-31 14:30:00,738.01,743.0,732.0,743.0,875
2018-07-31 15:30:00,742.9999,754.33,741.31,743.0,1539
2018-08-01 09:30:00,765.0,794.95,765.0,793.5,5422
2018-08-01 10:30:00,794.9999,797.78,781.4901,782.78,6676
2018-08-01 11:30:00,782.0,787.969,770.01,775.0,1885
2018-08-01 12:30:00,777.0,780.0,770.0,770.2571,1657
2018-08-01 13:30:00,784.5,800.0,774.735,781.0,9033
2018-08-01 14:30:00,784.5,788.0,770.38,787.0,1210
2018-08-01 15:30:00,788.0,792.0,777.0101,790.8,2353
2018-08-02 09:30:00,789.0,805.0,789.0,800.0,9562
2018-08-02 10:30:00,800.0,809.9799,799.0827,799.0827,5439
2018-08-02 11:30:00,800.5,801.9699,784.6,793.0,1132
2018-08-02 12:30:00,797.8999,797.9,785.01,794.605,1414
2018-08-02 13:30:00,792.4508,800.0,792.4508,800.0,1324
2018-08-02 14:30:00,800.5541,805.9,798.01,804.3899,2141
2018-08-02 15:30:00,803.975,805.93,799.45,801.21,1101
2018-08-03 09:30:00,809.59,809.59,794.21,799.5,1686
2018-08-03 10:30:00,797.11,799.999,785.0206,785.0206,917
2018-08-03 11:30:00,785.22,793.99,783.6347,792.585,3632
2018-08-03 12:30:00,791.35,806.25,791.35,799.5027,4188
2018-08-03 13:30:00,804.5,804.5,799.0,800.9,1316
2018-08-03 14:30:00,800.655,805.0,799.5514,803.0,1912
2018-08-03 15:30:00,802.5,805.0,798.15,803.44,1256
2018-08-06 09:30:00,799.17,808.88,791.21,804.9,4818
2018-08-06 10:30:00,804.999,815.0,803.0,807.65,3750
2018-08-06 11:30:00,815.0,815.0,805.0,808.3877,873
2018-08-06 12:30:00,807.0,811.99,803.0001,811.7673,1097
2018-08-06 13:30:00,810.49,812.0,803.0,811.4999,2004
2018-08-06 14:30:00,810.8225,810.9,804.1194,810.9,695
2018-08-06 15:30:00,807.075,810.9,801.84,804.1,737
2018-08-07 09:30:00,813.5,816.0,807.6,813.9899,8339
2018-08-07 10:30:00,805.0,815.79,805.0,810.0,2740
2018-08-07 11:30:00,815.29,815.8,809.13,815.799,2250
2018-08-07 12:30:00,815.7999,815.7999,807.7001,809.05,3056
2018-08-07 13:30:00,809.4,812.4,802.459,811.0,2201
2018-08-07 14:30:00,814.5,815.3,810.01,812.905,1296
2018-08-07 15:30:00,815.23,815.8,808.0,811.34,1351
2018-08-08 09:30:00,806.15,814.4499,799.0,810.0,690
2018-08-08 10:30:00,809.89,810.47,802.9965,807.475,1005
2018-08-08 11:30:00,805.0,809.664,799.9715,803.305,820
2018-08-08 12:30:00,803.855,807.6,802.2,807.5307,166
2018-08-08 13:30:00,805.0,809.25,802.5,804.16,138
2018-08-08 14:30:00,805.0,810.0,802.51,809.3699,884
2018-08-08 15:30:00,809.25,809.25,803.05,805.96,749
2018-10-23 09:30:00,729.9,736.459,710.33,725.0,7383
2018-10-23 10:30:00,720.5,731.4967,720.0,726.0899,3938
2018-10-23 11:30:00,724.97,732.23,721.0,732.23,3043
2018-10-23 12:30:00,722.21,740.11,722.21,726.01,3291
2018-10-23 13:30:00,725.0,732.7499,720.63,729.6457,824
2018-10-23 14:30:00,726.501,736.92,726.501,730.2,2882
2018-10-23 15:30:00,732.91,737.4239,730.05,733.48,2239
2018-10-24 09:30:00,724.57,738.7299,724.57,733.0,702
2018-10-24 10:30:00,734.401,734.51,721.35,722.0,3325
2018-10-24 11:30:00,720.0,724.4399,706.7937,710.0,1603
2018-10-24 12:30:00,713.5,715.52,706.0,712.9846,4144
2018-10-24 13:30:00,710.0,715.0,700.0,707.2868,8381
2018-10-24 14:30:00,708.5,723.5005,705.0,705.0001,4562
2018-10-24 15:30:00,705.0,712.1893,700.01,703.01,2263
2018-10-25 09:30:00,710.0,729.556,706.21,722.15,3607
2018-10-25 10:30:00,720.0,729.57,720.0,729.0,1230
2018-10-25 11:30:00,729.07,729.99,724.0,725.89,2304
2018-10-25 12:30:00,724.36,725.0,720.0,722.3499,1175
2018-10-25 13:30:00,720.56,724.0,715.0,719.11,3767
2018-10-25 14:30:00,715.0,727.7154,715.0,723.37,2733
2018-10-25 15:30:00,723.47,726.74,716.21,725.91,1005
2018-10-26 09:30:00,716.83,718.14,700.72,700.72,3317
2018-10-26 10:30:00,701.3784,709.0,697.1101,707.59,4693
2018-10-26 11:30:00,709.0,718.2669,703.6326,705.31,3431
2018-10-26 12:30:00,710.2684,719.7299,707.49,717.0,1354
2018-10-26 13:30:00,720.8566,724.4699,710.0,714.0,576
2018-10-26 14:30:00,705.0,718.9999,705.0,716.0,1090
2018-10-26 15:30:00,715.6699,715.6699,708.61,713.09,2377
2018-10-29 09:30:00,718.66,738.2699,710.1,728.0,4056
2018-10-29 10:30:00,732.87,738.27,711.5,725.014,1976
2018-10-29 11:30:00,729.97,732.8883,720.12,726.87,417
2018-10-29 12:30:00,726.7,730.85,714.0481,718.8,1952
2018-10-29 13:30:00,721.3775,728.86,710.9555,721.69,4358
2018-10-29 14:30:00,716.05,727.73,705.5,708.6,2890
2018-10-29 15:30:00,707.62,714.3879,690.0,690.86,8449
2018-10-30 09:30:00,672.0,696.71,668.0,696.2799,7446
2018-10-30 10:30:00,690.052,699.06,681.7831,699.06,1351
2018-10-30 11:30:00,698.36,706.97,697.6708,706.97,1826
2018-10-30 12:30:00,701.43,706.9951,699.79,705.17,1661
2018-10-30 13:30:00,706.54,718.75,700.0,718.75,650
2018-10-30 14:30:00,712.6499,712.6499,701.5,705.0415,1319
2018-10-30 15:30:00,704.949,719.49,704.949,716.85,2168
2018-10-31 09:30:00,715.99,740.0,715.99,740.0,1872
2018-10-31 10:30:00,731.0,742.6054,727.876,740.0,2573
2018-10-31 11:30:00,740.0,741.681,722.6801,737.3968,1107
2018-10-31 12:30:00,741.7689,744.85,737.08,743.775,948
2018-10-31 13:30:00,740.2949,762.3499,740.29,760.7397,2912
2018-10-31 14:30:00,752.0,762.3499,745.0,760.0,2052
2018-10-31 15:30:00,761.85,769.0,749.0909,763.85,6548
2018-11-01 09:30:00,756.76,759.26,686.719,694.5,17539
2018-11-01 10:30:00,695.0,718.47,686.13,713.6196,4933
2018-11-01 11:30:00,712.8,719.1199,694.0,696.5,8657
2018-11-01 12:30:00,697.8436,702.6499,695.0,697.35,2025
2018-11-01 13:30:00,702.15,702.6499,695.0,698.902,5951
2018-11-01 14:30:00,699.38,700.0,660.0,664.5,16001
2018-11-01 15:30:00,664.999,732.9853,660.0,671.02,13432
2018-11-02 09:30:00,678.0,685.12,661.63,666.0,6052
2018-11-02 10:30:00,666.0,669.525,660.0,666.6476,7448
2018-11-02 11:30:00,664.05,684.175,661.134,672.6602,3154
2018-11-02 12:30:00,670.0,684.99,663.45,682.995,1441
2018-11-02 13:30:00,682.5,685.0,674.2969,685.0,1821
2018-11-02 14:30:00,676.26,689.395,675.01,677.5,8121
2018-11-02 15:30:00,677.51,682.0,675.455,676.67,1623
2018-11-05 09:30:00,684.65,689.4,666.6579,667.0,2382
2018-11-05 10:30:00,671.0,680.0,658.0,671.95,1978
2018-11-05 11:30:00,668.325,674.5,660.0,660.0,2659
2018-11-05 12:30:00,660.0,664.0,655.14,660.0,2576
2018-11-05 13:30:00,655.0,664.745,651.0897,664.745,1161
2018-11-05 14:30:00,663.99,674.99,663.0,666.6,3384
2018-11-05 15:30:00,671.0,675.0,659.886,675.0,1627
2018-11-06 09:30:00,672.01,686.22,663.24,679.9,6124
2018-11-06 10:30:00,684.33,686.73,659.51,673.2406,5101
2018-11-06 11:30:00,672.97,680.04,669.97,676.74,1018
2018-11-06 12:30:00,676.96,680.0,670.3,679.99,1871
2018-11-06 13:30:00,679.99,680.0,675.0,677.83,653
2018-11-06 14:30:00,677.83,682.72,675.5,682.49,748
2018-11-06 15:30:00,682.72,684.55,677.17,678.0,1655
2018-11-07 09:30:00,689.93,700.0,682.54,694.0,5969
2018-11-07 10:30:00,692.7911,696.7699,686.96,692.0,1071
2018-11-07 11:30:00,683.9765,696.649,683.9765,690.0001,346
2018-11-07 12:30:00,692.1374,698.9207,685.0,694.0,974
2018-11-07 13:30:00,681.14,710.7603,680.0,697.5128,1491
2018-11-07 14:30:00,699.0,710.97,695.0,704.37,1282
2018-11-07 15:30:00,704.37,722.03,700.0,700.0,3432
2018-11-08 09:30:00,703.88,712.2866,689.443,689.443,3122
2018-11-08 10:30:00,698.6234,700.0,688.27,693.0,729
2018-11-08 11:30:00,689.27,699.5,688.77,688.77,2397
2018-11-08 12:30:00,692.903,697.49,687.66,687.66,259
2018-11-08 13:30:00,689.3128,691.6599,678.0,687.7,717
2018-11-08 14:30:00,675.83,689.9899,670.02,680.0,908
2018-11-08 15:30:00,689.97,689.97,667.05,673.34,1514
2018-11-09 09:30:00,662.28,668.32,650.0,653.5835,4412
2018-11-09 10:30:00,652.5707,657.95,650.0,652.6688,4053
2018-11-09 11:30:00,653.5568,654.6956,650.0,653.3036,2333
2018-11-09 12:30:00,653.0,654.0,650.2,652.4238,2451
2018-11-09 13:30:00,653.68,653.98,650.17,652.08,2686
2018-11-09 14:30:00,650.52,657.9899,650.02,653.8807,1744
2018-11-09 15:30:00,655.02,657.13,650.0464,657.13,1906
2018-11-12 09:30:00,656.64,660.85,636.2,650.1038,5599
2018-11-12 10:30:00,652.1864,663.1399,640.0011,644.8372,1087
2018-11-12 11:30:00,645.0,649.0,634.56,637.28,6513
2018-11-12 12:30:00,636.0,639.96,620.65,621.734,4614
2018-11-12 13:30:00,621.684,630.0,614.56,620.0,6601
2018-11-12 14:30:00,620.0,630.0,614.62,629.5511,3693
2018-11-12 15:30:00,628.0,637.595,615.161,615.52,6816
2019-01-28 09:30:00,631.12,640.0,626.2,638.5,3835
2019-01-28 10:30:00,638.99,644.8,634.26,642.0,4828
2019-01-28 11:30:00,639.5801,647.58,632.9,647.0,5102
2019-01-28 12:30:00,645.6363,649.141,644.18,648.3374,289
2019-01-28 13:30:00,646.01,650.0,642.36,648.0,1968
2019-01-28 14:30:00,649.9999,651.649,641.86,651.649,3725
2019-01-28 15:30:00,643.63,653.19,641.03,649.79,2301
2019-01-29 09:30:00,657.98,660.451,646.05,650.3644,2970
2019-01-29 10:30:00,650.0001,653.6,642.1,645.86,3739
2019-01-29 11:30:00,646.33,652.2218,641.66,643.72,5300
2019-01-29 12:30:00,646.79,655.0,643.1941,654.1132,1525
2019-01-29 13:30:00,652.6972,658.9999,650.87,656.52,3455
2019-01-29 14:30:00,656.0001,663.82,656.0001,661.0,3771
2019-01-29 15:30:00,654.83,665.0,654.83,664.39,3062
2019-01-30 09:30:00,670.0,673.25,665.0,669.5,2017
2019-01-30 10:30:00,669.5632,686.92,662.6,680.0,11965
2019-01-30 11:30:00,680.34,693.77,676.43,690.0,2260
2019-01-30 12:30:00,692.8,693.7699,678.0,681.5,2256
2019-01-30 13:30:00,680.0,690.0,668.09,679.6315,5337
2019-01-30 14:30:00,681.0,689.088,671.34,685.0,5553
2019-01-30 15:30:00,688.98,695.0,682.3,694.18,9953
2019-01-31 09:30:00,700.0,709.0053,694.46,709.0053,4749
2019-01-31 10:30:00,709.1258,710.0,697.47,704.9999,3159
2019-01-31 11:30:00,705.0,706.99,697.47,704.0,4366
2019-01-31 12:30:00,703.0,705.0,693.29,705.0,1655
2019-01-31 13:30:00,697.44,704.2166,690.1,698.5268,1106
2019-01-31 14:30:00,694.25,703.75,693.02,698.0,3881
2019-01-31 15:30:00,698.0,703.0,692.08,695.49,13891
2019-02-01 09:30:00,711.0,745.0,706.0,716.436,11356
2019-02-01 10:30:00,711.31,724.9999,694.08,724.0,6523
2019-02-01 11:30:00,720.0001,725.5,710.0,719.0,4552
2019-02-01 12:30:00,720.0,722.0,710.0,718.9,1550
2019-02-01 13:30:00,719.002,719.17,695.24,709.48,1759
2019-02-01 14:30:00,704.466,710.99,696.13,701.1568,2191
2019-02-01 15:30:00,702.9829,708.18,698.1501,703.94,3009
2019-02-04 09:30:00,701.05,715.0,700.5501,703.0738,1319
2019-02-04 10:30:00,702.75,716.0,700.55,715.96,3416
2019-02-04 11:30:00,714.6,729.99,714.6,723.2053,13878
2019-02-04 12:30:00,725.0,729.0,721.1422,728.17,5640
2019-02-04 13:30:00,723.66,729.0,721.29,729.0,5786
2019-02-04 14:30:00,729.0,729.24,717.9337,718.0,3206
2019-02-04 15:30:00,718.0,726.0,718.0,724.95,2972
2019-02-05 09:30:00,715.76,729.0299,715.76,726.8891,2648
2019-02-05 10:30:00,728.0,735.0,725.02,732.4,6107
2019-02-05 11:30:00,730.0,734.0,725.02,725.0201,2078
2019-02-05 12:30:00,732.9,734.0,720.26,723.0061,2816
2019-02-05 13:30:00,724.5,732.0,724.5,729.9202,5843
2019-02-05 14:30:00,726.0755,731.0,725.8975,727.01,2614
2019-02-05 15:30:00,727.95,730.75,726.01,726.29,1105
2019-02-06 09:30:00,738.96,738.96,727.19,730.15,873
2019-02-06 10:30:00,729.8926,733.8481,722.0737,725.01,3786
2019-02-06 11:30:00,724.0,727.0399,722.0304,724.15,918
2019-02-06 12:30:00,725.2823,727.04,722.59,722.59,719
2019-02-06 13:30:00,724.0,727.26,720.01,727.26,634
2019-02-06 14:30:00,724.0,727.2599,720.0,720.94,924
2019-02-06 15:30:00,724.6646,727.2546,716.25,719.1,1857
2019-02-07 09:30:00,722.19,722.19,713.16,716.1,1395
2019-02-07 10:30:00,718.45,719.02,713.045,715.05,4882
2019-02-07 11:30:00,716.3,719.0299,706.94,712.0,4300
2019-02-07 12:30:00,709.5,716.17,707.8892,716.17,849
2019-02-07 13:30:00,717.4765,717.5046,705.45,707.69,699
2019-02-07 14:30:00,707.75,712.0,705.8221,711.0,4283
2019-02-07 15:30:00,707.128,711.0,706.21,707.05,1456
2019-02-08 09:30:00,709.33,710.0,690.0,690.0,3721
2019-02-08 10:30:00,688.7926,696.13,681.9,696.0,4713
2019-02-08 11:30:00,690.0106,703.87,686.1001,700.0,3786
2019-02-08 12:30:00,700.64,705.3099,698.31,698.31,224
2019-02-08 13:30:00,702.6,704.24,695.94,700.0,619
2019-02-08 14:30:00,696.3179,700.4,695.931,698.19,314
2019-02-08 15:30:00,700.2,707.59,697.15,705.56,2430
2019-02-11 09:30:00,700.7,712.75,694.23,699.0848,1396
2019-02-11 10:30:00,696.05,724.0,690.24,691.6,3842
2019-02-11 11:30:00,690.4006,699.82,682.79,695.6885,1949
2019-02-11 12:30:00,692.0701,699.32,685.5,686.21,1073
2019-02-11 13:30:00,686.21,699.09,685.5,688.95,648
2019-02-11 14:30:00,690.25,695.0,685.0,685.05,2191
2019-02-11 15:30:00,686.0,693.0,685.0,685.26,733
2019-02-12 09:30:00,691.86,703.0737,685.0,692.68,6520
2019-02-12 10:30:00,689.25,699.1099,688.38,695.1292,2216
2019-02-12 11:30:00,694.56,701.85,690.61,701.85,1262
2019-02-12 12:30:00,699.0,706.48,695.18,704.0636,2471
2019-02-12 13:30:00,707.14,710.0,700.0,702.21,1396
2019-02-12 14:30:00,703.0193,710.9781,702.32,708.6452,968
2019-02-12 15:30:00,705.84,720.0,705.83,716.2,7047
2019-02-13 09:30:00,720.0,730.93,713.49,718.21,6357
2019-02-13 10:30:00,726.36,726.36,716.76,717.75,906
2019-02-13 11:30:00,720.0,721.8099,714.25,721.0475,2602
2019-02-13 12:30:00,720.0,721.8099,716.0225,718.0,280
2019-02-13 13:30:00,716.65,726.9999,715.6399,721.85,1641
2019-02-13 14:30:00,722.65,726.98,721.65,725.0,472
2019-02-13 15:30:00,726.98,728.15,717.75,724.67,1880
2019-02-14 09:30:00,724.0,730.9287,696.0,713.0,250
2019-02-14 10:30:00,727.0,727.4999,714.57,726.0,1946
2019-02-14 11:30:00,724.024,732.0,719.02,730.0,1692
2019-02-14 12:30:00,731.1366,741.5637,727.88,739.07,7368
2019-02-14 13:30:00,739.12,740.0,735.08,735.08,760
2019-02-14 14:30:00,735.1,739.5,732.5,736.16,884
2019-02-14 15:30:00,735.61,740.0,735.1,739.94,2428
2019-02-15 09:30:00,749.8,755.0,741.58,746.0027,10018
2019-02-15 10:30:00,747.5523,747.5523,741.75,744.63,3491
2019-02-15 11:30:00,745.0,749.43,739.275,743.32,5276
2019-02-15 12:30:00,745.172,747.4499,740.0,744.01,1191
2019-02-15 13:30:00,747.0,749.92,744.44,744.44,717
2019-02-15 14:30:00,747.0,755.0,744.4401,752.0,2353
2019-02-15 15:30:00,753.4207,755.0,750.86,753.94,2478
2019-02-19 09:30:00,750.0,767.48,731.59,764.0,11473
2019-02-19 10:30:00,763.635,768.68,760.27,767.0,2763
2019-02-19 11:30:00,767.0,782.0,766.68,776.42,9600
2019-02-19 12:30:00,780.0,780.0,768.15,774.99,2048
2019-02-19 13:30:00,771.6044,775.91,765.0001,769.22,663
2019-02-19 14:30:00,765.5389,780.0,765.5389,778.0,1022
2019-02-19 15:30:00,778.0,780.0,771.0,773.19,1242
2019-04-09 09:30:00,817.33,830.0,810.5,830.0,4163
2019-04-09 10:30:00,827.0252,836.11,816.15,826.4259,4877
2019-04-09 11:30:00,825.0,837.6166,821.1541,832.0001,1642
2019-04-09 12:30:00,843.3559,846.4,835.0,840.9538,4910
2019-04-09 13:30:00,843.835,854.9299,839.56,845.6376,4669
2019-04-09 14:30:00,845.26,849.5,839.89,845.0,4523
2019-04-09 15:30:00,840.39,849.209,840.39,848.9,1497
2019-04-10 09:30:00,849.5,875.26,843.3071,869.2942,8055
2019-04-10 10:30:00,864.6952,875.94,844.8,855.0,4891
2019-04-10 11:30:00,852.0,869.9999,846.53,864.3349,3275
2019-04-10 12:30:00,867.76,871.9999,861.86,864.8,1857
2019-04-10 13:30:00,870.0,872.0,860.7517,868.9999,1241
2019-04-10 14:30:00,869.0,886.26,860.9701,885.0,8359
2019-04-10 15:30:00,887.5,900.0,883.52,891.94,4274
2019-04-11 09:30:00,889.2,916.155,868.7811,900.0,11517
2019-04-11 10:30:00,909.06,910.5,895.0,902.85,5899
2019-04-11 11:30:00,904.0,907.6221,890.0,900.02,2857
2019-04-11 12:30:00,900.0,909.92,899.0,900.52,2359
2019-04-11 13:30:00,902.9775,905.0,896.42,899.7149,3344
2019-04-11 14:30:00,897.13,902.0,876.25,890.0,3554
2019-04-11 15:30:00,881.75,883.6,867.1539,878.89,3648
2019-04-12 09:30:00,894.13,919.1979,890.5,903.995,9534
2019-04-12 10:30:00,900.0,910.0,887.1225,899.995,3525
2019-04-12 11:30:00,899.0,899.0,882.6561,895.0,5487
2019-04-12 12:30:00,896.99,905.0,890.2501,905.0,1775
2019-04-12 13:30:00,904.78,910.0,878.83,905.0,2399
2019-04-12 14:30:00,901.6,905.0,895.955,901.9,3565
2019-04-12 15:30:00,899.99,901.0,891.6588,896.06,2424
2019-04-15 09:30:00,905.0,905.69,890.0,892.0,2434
2019-04-15 10:30:00,891.81,910.0,891.81,901.0601,2926
2019-04-15 11:30:00,903.62,903.84,893.858,901.62,1219
2019-04-15 12:30:00,898.75,902.39,885.8113,895.495,1618
2019-04-15 13:30:00,892.12,896.82,887.33,892.0,732
2019-04-15 14:30:00,896.0,899.545,883.4725,892.53,1718
2019-04-15 15:30:00,898.3801,899.79,887.9,898.99,390
2019-04-16 09:30:00,900.0,903.69,886.06,900.0,2748
2019-04-16 10:30:00,893.7507,900.0,885.56,893.0,264
2019-04-16 11:30:00,898.0,899.95,880.7669,894.41,2139
2019-04-16 12:30:00,880.9945,894.86,880.9945,884.4455,3471
2019-04-16 13:30:00,888.88,893.662,880.0,883.06,4957
2019-04-16 14:30:00,886.0,892.46,881.0,888.96,1943
2019-04-16 15:30:00,885.0,888.97,875.0,880.0,2037
2019-04-17 09:30:00,882.83,895.75,873.16,892.32,1626
2019-04-17 10:30:00,877.6195,888.82,873.1601,880.27,538
2019-04-17 11:30:00,880.0,889.88,875.26,885.0,595
2019-04-17 12:30:00,885.25,893.0691,880.0001,881.39,303
2019-04-17 13:30:00,885.17,892.805,881.21,888.0,2498
2019-04-17 14:30:00,890.0,892.347,881.5,888.0,562
2019-04-17 15:30:00,887.655,900.0,885.6171,889.29,1183
2019-04-18 09:30:00,902.93,902.93,891.06,898.69,1186
2019-04-18 10:30:00,898.84,900.0,892.5,900.0,3709
2019-04-18 11:30:00,900.0,903.5647,894.0,898.5,6014
2019-04-18 12:30:00,899.98,903.43,897.6,902.46,2881
2019-04-18 13:30:00,902.0,902.0,895.31,895.44,2087
2019-04-18 14:30:00,899.5,900.42,896.0,898.0,1195
2019-04-18 15:30:00,896.25,899.88,894.0,897.88,2485
2019-04-22 09:30:00,892.16,900.0,885.0,893.0,1873
2019-04-22 10:30:00,888.53,899.9987,887.7701,894.895,417
2019-04-22 11:30:00,895.0,899.999,890.75,897.0306,444
2019-04-22 12:30:00,899.0,900.0,895.0549,896.1001,650
2019-04-22 13:30:00,897.6405,899.99,895.13,895.8441,634
2019-04-22 14:30:00,895.0,899.99,890.01,895.6275,2796
2019-04-22 15:30:00,897.0,899.0,893.5199,898.94,486
2019-04-23 09:30:00,899.0,900.15,890.0,891.0,2196
2019-04-23 10:30:00,892.35,905.0,892.0701,900.61,3700
2019-04-23 11:30:00,901.6944,915.0,901.6944,913.615,6269
2019-04-23 12:30:00,914.0,920.0,908.1,910.22,4277
2019-04-23 13:30:00,918.2499,918.25,906.0,906.005,4652
2019-04-23 14:30:00,909.0,911.675,893.0,900.365,3124
2019-04-23 15:30:00,897.7057,901.1,891.96,899.52,3834
2019-04-24 09:30:00,903.27,907.0,892.51,897.1059,1164
2019-04-24 10:30:00,907.9699,907.9699,888.0,890.9635,1692
2019-04-24 11:30:00,895.9981,901.5495,890.0839,898.1915,1231
2019-04-24 12:30:00,900.67,901.55,896.72,900.51,765
2019-04-24 13:30:00,897.1819,900.48,895.9159,895.9159,264
2019-04-24 14:30:00,899.9789,904.9489,899.0,900.79,481
2019-04-24 15:30:00,899.53,900.0,895.01,895.94,446
2019-04-25 09:30:00,899.0,900.03,890.93,896.49,6208
2019-04-25 10:30:00,898.2,900.0,888.3077,893.2178,1847
2019-04-25 11:30:00,897.13,899.99,893.9,899.55,2372
2019-04-25 12:30:00,899.24,899.5,893.66,896.0,903
2019-04-25 13:30:00,896.0,898.9,881.25,888.3328,1706
2019-04-25 14:30:00,888.95,890.2099,881.3396,889.8,1248
2019-04-25 15:30:00,890.0,897.3841,885.5,887.5,1350
2019-04-26 09:30:00,876.0,894.4999,860.57,870.01,4946
2019-04-26 10:30:00,870.0001,879.0,860.0,865.0,4525
2019-04-26 11:30:00,870.0,870.0,832.18,844.0,4501
2019-04-26 12:30:00,837.2208,848.1159,801.7625,822.9102,9640
2019-04-26 13:30:00,825.0,837.3984,815.95,837.3984,3106
2019-04-26 14:30:00,832.0317,854.44,832.0317,839.2,3671
2019-04-26 15:30:00,839.2,856.689,838.41,851.01,1622
2019-04-29 09:30:00,840.16,868.0,812.75,825.0,3781
2019-04-29 10:30:00,829.55,841.4399,824.71,830.0,3308
2019-04-29 11:30:00,830.97,846.8787,830.97,837.63,1363
2019-04-29 12:30:00,840.0,843.5,834.01,839.0,783
2019-04-29 13:30:00,841.7,843.75,818.0,825.0,6282
2019-04-29 14:30:00,825.0,827.0,815.05,817.5,2440
2019-04-29 15:30:00,819.5,826.0,810.1,822.5,1499
2019-04-30 09:30:00,822.0,827.71,801.11,807.7,3345
2019-04-30 10:30:00,808.3549,809.9999,785.44,795.0,11644
2019-04-30 11:30:00,795.0,799.94,770.2,783.15,9368
2019-04-30 12:30:00,779.9,800.0,772.6,788.0001,5864
2019-04-30 13:30:00,793.8518,794.0,783.0,783.5001,3650
2019-04-30 14:30:00,793.5,793.9999,783.0001,787.2,3859
2019-04-30 15:30:00,788.79,808.93,784.95,796.6,7753
2019-05-01 09:30:00,800.0,815.55,790.0,806.45,3201
2019-05-01 10:30:00,805.5,812.1799,791.5,791.5,1334
2019-05-01 11:30:00,799.95,800.0,790.0,794.7505,4679
2019-05-01 12:30:00,791.51,798.5857,790.01,794.0,1565
2019-05-01 13:30:00,792.62,810.96,792.2,810.96,2155
2019-05-01 14:30:00,809.38,814.23,800.0,814.23,581
2019-05-01 15:30:00,806.63,810.27,801.5,801.63,1263
2019-05-02 09:30:00,814.4,820.0,803.0,817.0,2377
2019-05-02 10:30:00,817.775,830.0,809.0,817.65,8050
2019-05-02 11:30:00,815.5,822.6211,809.0,813.6207,2762
2019-05-02 12:30:00,812.99,821.6895,807.1,818.92,3901
2019-05-02 13:30:00,813.42,821.44,793.91,804.35,731
2019-05-02 14:30:00,802.4,813.93,796.2918,813.93,553
2019-05-02 15:30:00,800.5,813.42,793.91,805.26,580
2019-05-03 09:30:00,804.1,821.5359,801.5,807.7695,2632
2019-05-03 10:30:00,808.174,813.94,800.5,810.01,2867
2019-05-03 11:30:00,812.98,813.9399,801.0,809.94,247
2019-05-03 12:30:00,809.9899,809.99,800.51,801.66,396
2019-05-03 13:30:00,808.99,809.99,802.5,802.5,501
2019-05-03 14:30:00,804.0,809.8081,804.0,807.41,25
2019-05-03 15:30:00,809.329,809.45,803.612,805.0,728
2019-05-06 09:30:00,800.5,809.1973,790.5,801.2,2098
2019-05-06 10:30:00,805.0,808.0,800.15,801.06,593
2019-05-06 11:30:00,804.0,807.995,800.16,806.0,1808
2019-05-06 12:30:00,804.0,804.0,795.35,799.05,2406
2019-05-06 13:30:00,799.9219,803.01,795.0,800.45,484
2019-05-06 14:30:00,800.4,803.09,795.86,799.557,597
2019-05-06 15:30:00,799.283,802.2273,796.55,797.05,1084
2019-05-07 09:30:00,797.27,804.065,782.99,782.99,2080
2019-05-07 10:30:00,786.0,789.0,771.9919,778.5,2426
2019-05-07 11:30:00,772.0,784.55,768.52,773.31,3944
2019-05-07 12:30:00,779.9999,780.0,770.0,774.88,971
2019-05-07 13:30:00,769.2485,780.0,769.2485,777.0,1121
2019-05-07 14:30:00,779.9951,789.82,775.15,789.288,1021
2019-05-07 15:30:00,786.0,790.32,781.0,787.99,412
2019-05-08 09:30:00,793.5,802.64,774.76,792.0,2219
2019-05-08 10:30:00,795.0,807.89,790.5,790.5,942
2019-05-08 11:30:00,793.5,799.99,790.01,792.75,187
2019-05-08 12:30:00,794.9995,799.38,791.5,791.5,293
2019-05-08 13:30:00,795.0,799.38,789.7536,798.85,96
2019-05-08 14:30:00,792.0,799.38,789.02,794.16,2490
2019-05-08 15:30:00,797.43,800.0,790.0,797.0,1331
2019-05-09 09:30:00,790.0,799.97,772.1,775.01,1973
2019-05-09 10:30:00,775.2,786.73,768.24,768.9924,2719
2019-05-09 11:30:00,775.2128,785.33,766.56,784.0,2501
2019-05-09 12:30:00,787.5173,796.095,777.395,792.225,2166
2019-05-09 13:30:00,785.8,796.1,780.0,793.49,423
2019-05-09 14:30:00,796.05,796.05,780.0,784.0,1942
2019-05-09 15:30:00,788.0,796.05,785.5,788.0,1219
2019-05-10 09:30:00,778.18,795.0,775.0,778.04,759
2019-05-10 10:30:00,776.7801,787.0,775.0,780.0,480
2019-05-10 11:30:00,781.25,789.4,775.5906,784.039,377
2019-05-10 12:30:00,783.5,791.1,780.5495,780.64,633
2019-05-10 13:30:00,790.0,804.8899,785.0001,797.0,2452
2019-05-10 14:30:00,786.12,809.0,786.12,809.0,928
2019-05-10 15:30:00,799.07,809.99,792.55,801.87,3727
2019-05-13 09:30:00,798.5,798.5,779.5685,785.95,2864
2019-05-13 10:30:00,780.0,793.51,779.3401,785.0,1801
2019-05-13 11:30:00,785.4587,787.04,780.0,780.1714,864
2019-05-13 12:30:00,785.4,790.0,775.15,787.6,987
2019-05-13 13:30:00,780.92,789.99,775.1,784.3452,643
2019-05-13 14:30:00,780.6,794.9899,775.6,775.6,288
2019-05-13 15:30:00,785.0,787.99,780.43,785.56,167
2019-05-14 09:30:00,785.0,805.5785,785.0,804.0,3368
2019-05-14 10:30:00,802.61,808.7,799.01,802.0,846
2019-05-14 11:30:00,803.74,808.7,796.95,802.4,2606
2019-05-14 12:30:00,803.0,809.99,796.95,809.99,1192
2019-05-14 13:30:00,808.5782,823.3893,805.995,820.0,4249
2019-05-14 14:30:00,820.0,830.0,815.2,822.0278,4223
2019-05-14 15:30:00,825.096,829.5,812.4801,827.95,2128
2019-05-15 09:30:00,823.5,840.0,818.0001,835.1951,2849
2019-05-15 10:30:00,827.51,842.75,827.5,841.0,3639
2019-05-15 11:30:00,844.0234,854.98,841.0,848.8,6009
2019-05-15 12:30:00,843.0,849.655,840.85,846.48,248
2019-05-15 13:30:00,846.0,852.03,843.0,843.5,306
2019-05-15 14:30:00,849.8992,850.0,839.74,848.0,1097
2019-05-15 15:30:00,840.2099,848.5,836.21,846.17,988
2019-05-16 09:30:00,855.0,855.0,833.0,846.0,835
2019-05-16 10:30:00,849.99,850.0,834.7413,842.37,1262
2019-05-16 11:30:00,848.2451,849.9999,839.11,849.9999,978
2019-05-16 12:30:00,848.3331,849.8343,834.63,840.0,381
2019-05-16 13:30:00,835.0,845.0,830.5701,837.85,112
2019-05-16 14:30:00,843.57,845.0,831.3207,836.08,270
2019-05-16 15:30:00,830.571,841.92,830.571,830.98,533
2019-05-17 09:30:00,850.0,853.5,837.0,849.65,1609
2019-05-17 10:30:00,845.8033,850.5,840.61,845.0,637
2019-05-17 11:30:00,845.6071,855.0,839.0531,847.0,737
2019-05-17 12:30:00,847.0,855.0,842.58,846.7929,755
2019-05-17 13:30:00,845.1078,868.0,845.1078,860.98,7727
2019-05-17 14:30:00,863.0,870.9999,857.11,865.0001,2420
2019-05-17 15:30:00,876.59,880.0,865.0,872.7,1438
2019-07-25 09:30:00,753.3,753.3,741.365,742.61,633
2019-07-25 10:30:00,742.63,750.0,737.72,741.72,1142
2019-07-25 11:30:00,750.0,750.0,737.72,738.34,1036
2019-07-25 12:30:00,741.9905,749.44,738.65,745.82,2511
2019-07-25 13:30:00,746.09,750.0,742.0101,746.62,375
2019-07-25 14:30:00,746.62,749.99,740.9175,747.3,805
2019-07-25 15:30:00,747.55,757.0,745.16,750.2,3431
2019-07-26 09:30:00,745.11,755.35,745.01,755.35,982
2019-07-26 10:30:00,755.1,755.35,745.7521,746.0,971
2019-07-26 11:30:00,746.0,749.9999,743.94,749.9999,138
2019-07-26 12:30:00,750.0,750.0,743.93,745.9781,47
2019-07-26 13:30:00,746.0,750.0,740.01,740.01,177
2019-07-26 14:30:00,750.0,750.0,741.1395,745.44,117
2019-07-26 15:30:00,745.505,750.0,743.322,749.09,668
2019-07-29 09:30:00,748.41,750.0,730.0,740.0,1826
2019-07-29 10:30:00,735.0,744.32,730.34,739.5,733
2019-07-29 11:30:00,735.75,741.0,730.13,735.57,2445
2019-07-29 12:30:00,735.57,741.0,730.0001,735.0,1767
2019-07-29 13:30:00,732.5,740.94,730.0001,734.22,710
2019-07-29 14:30:00,738.5,743.0195,735.6296,738.5,297
2019-07-29 15:30:00,738.5,747.79,735.64,745.32,873
2019-07-30 09:30:00,730.0,749.0,730.0,731.4101,317
2019-07-30 10:30:00,735.0671,748.49,731.91,747.0266,1513
2019-07-30 11:30:00,736.0,748.49,736.0,745.0,594
2019-07-30 12:30:00,744.0,748.49,739.8501,746.99,1402
2019-07-30 13:30:00,748.39,755.49,745.01,750.0,1782
2019-07-30 14:30:00,750.0,757.05,747.01,750.9,2000
2019-07-30 15:30:00,753.97,760.0,749.25,760.0,2084
2019-07-31 09:30:00,769.83,794.02,757.17,791.0095,9585
2019-07-31 10:30:00,798.7921,801.0,786.29,795.0,3622
2019-07-31 11:30:00,804.5199,820.0,794.42,810.0,4048
2019-07-31 12:30:00,811.0,815.0,791.33,801.92,2884
2019-07-31 13:30:00,807.0,813.0799,795.01,804.26,1980
2019-07-31 14:30:00,810.11,812.64,793.42,797.0,2711
2019-07-31 15:30:00,797.89,801.0,792.94,795.6,2078
2019-08-01 09:30:00,783.49,783.49,743.0,747.73,6062
2019-08-01 10:30:00,748.0,755.71,730.0,752.5,7466
2019-08-01 11:30:00,755.71,763.88,745.0,746.5,7767
2019-08-01 12:30:00,751.99,752.49,727.61,734.5,4975
2019-08-01 13:30:00,733.7693,733.7693,714.258,731.0,3917
2019-08-01 14:30:00,718.6227,735.13,715.0011,731.79,3695
2019-08-01 15:30:00,731.0,739.51,725.01,739.51,3120
2019-08-02 09:30:00,735.0,745.1281,721.0,722.1447,2727
2019-08-02 10:30:00,723.4061,723.4061,702.0,702.05,3449
2019-08-02 11:30:00,704.0,711.3961,701.32,704.9271,3737
2019-08-02 12:30:00,707.85,710.0,705.0,710.0,1885
2019-08-02 13:30:00,710.0,718.7065,705.73,716.84,586
2019-08-02 14:30:00,716.8843,719.18,705.61,708.06,837
2019-08-02 15:30:00,711.75,719.58,710.0,711.2,656
2019-08-05 09:30:00,704.0,704.0,680.1,686.7422,3855
2019-08-05 10:30:00,686.0,694.99,684.83,688.0,1089
2019-08-05 11:30:00,690.26,692.54,685.0,692.54,2189
2019-08-05 12:30:00,692.52,699.0277,685.57,693.0,1235
2019-08-05 13:30:00,686.5,699.08,685.2781,691.0,990
2019-08-05 14:30:00,695.5,695.5,671.94,680.0,6019
2019-08-05 15:30:00,683.87,695.97,677.0229,695.46,2701
2019-08-06 09:30:00,700.65,713.69,687.61,701.5,1852
2019-08-06 10:30:00,700.0,700.62,683.71,684.0,2121
2019-08-06 11:30:00,683.3,683.798,672.2,672.5527,3539
2019-08-06 12:30:00,676.01,685.0,671.9182,685.0,500
2019-08-06 13:30:00,685.0,687.51,675.576,679.917,313
2019-08-06 14:30:00,683.5983,687.01,673.62,676.1,1344
2019-08-06 15:30:00,681.0737,686.4799,675.0,680.85,878
2019-08-07 09:30:00,668.68,675.0,655.64,658.0,3088
2019-08-07 10:30:00,660.0,664.0,641.0001,651.785,5394
2019-08-07 11:30:00,657.1,657.1,630.6,641.2661,3551
2019-08-07 12:30:00,649.7751,649.7751,635.0,647.1925,1909
2019-08-07 13:30:00,648.0,652.95,642.1389,651.0,2400
2019-08-07 14:30:00,654.5654,654.7499,640.0,648.99,2802
2019-08-07 15:30:00,653.08,659.73,648.1,655.01,2685
2019-08-08 09:30:00,653.0,666.04,653.0,665.0,2509
2019-08-08 10:30:00,660.4319,674.89,660.4319,669.69,847
2019-08-08 11:30:00,665.0,674.39,662.0,667.8243,1797
2019-08-08 12:30:00,668.42,675.0,665.0591,672.8999,1820
2019-08-08 13:30:00,665.99,672.35,658.24,667.65,3748
2019-08-08 14:30:00,672.35,672.35,656.45,670.0,6590
2019-08-08 15:30:00,669.7352,675.0,668.264,674.94,3331
2019-08-09 09:30:00,675.05,689.4,670.0,674.13,4607
2019-08-09 10:30:00,673.05,678.0,670.5,673.6359,3702
2019-08-09 11:30:00,672.5501,675.0,670.1,673.79,1362
2019-08-09 12:30:00,673.01,682.0,671.01,679.5,2907
2019-08-09 13:30:00,681.5,698.2773,681.5,690.0,3529
2019-08-09 14:30:00,688.0,693.0,675.66,675.66,1597
2019-08-09 15:30:00,677.35,684.2795,677.35,679.0,90
2019-08-12 09:30:00,685.98,693.74,672.56,679.79,1153
2019-08-12 10:30:00,675.02,680.15,662.99,671.0,2212
2019-08-12 11:30:00,670.0,677.55,663.25,674.87,1380
2019-08-12 12:30:00,671.001,680.0087,664.6,664.6,1301
2019-08-12 13:30:00,664.01,675.019,653.6,653.6,2440
2019-08-12 14:30:00,653.62,670.36,650.0,662.1,3105
2019-08-12 15:30:00,659.0,671.2811,652.5,662.99,1268
2019-08-13 09:30:00,665.0,683.91,659.4557,677.0,9151
2019-08-13 10:30:00,677.5,689.28,666.82,677.9999,1321
2019-08-13 11:30:00,674.0,676.8911,656.77,663.0,980
2019-08-13 12:30:00,661.29,662.4,656.77,657.38,1082
2019-08-13 13:30:00,657.0,664.27,653.0,664.27,1378
2019-08-13 14:30:00,656.89,666.7843,655.505,656.0,1583
2019-08-13 15:30:00,660.5,666.71,656.7,660.21,2077
2019-08-14 09:30:00,650.98,652.826,631.01,640.85,4369
2019-08-14 10:30:00,642.9,649.9999,636.16,640.0,6821
2019-08-14 11:30:00,638.13,644.49,631.02,640.0,4871
2019-08-14 12:30:00,640.16,642.69,626.0,629.0,4120
2019-08-14 13:30:00,632.0,634.9999,625.0201,633.6035,3590
2019-08-14 14:30:00,633.0,639.7984,625.5,636.535,2458
2019-08-14 15:30:00,639.5207,639.5207,631.0,636.58,1690
2019-08-15 09:30:00,634.56,655.0,630.2,643.8,4831
2019-08-15 10:30:00,653.51,654.0839,636.1301,641.0,3587
2019-08-15 11:30:00,641.01,650.26,637.58,650.0,3273
2019-08-15 12:30:00,650.697,655.2499,641.8901,643.5049,1547
2019-08-15 13:30:00,650.0,660.0,643.99,654.0,1518
2019-08-15 14:30:00,655.9378,660.0,654.02,658.5008,3516
2019-08-15 15:30:00,659.39,663.66,654.7356,663.2762,4429
2019-10-24 09:30:00,618.67,620.0,613.86,617.99,1988
2019-10-24 10:30:00,617.0918,618.75,611.0,613.56,2367
2019-10-24 11:30:00,614.93,615.0,603.57,603.57,595
2019-10-24 12:30:00,611.5,611.5,601.062,602.2056,340
2019-10-24 13:30:00,604.9652,612.8699,602.55,606.7691,137
2019-10-24 14:30:00,606.1,611.04,604.8055,607.0,268
2019-10-24 15:30:00,605.5076,608.9999,603.5,606.64,1422
2019-10-25 09:30:00,609.33,617.99,602.4688,611.75,704
2019-10-25 10:30:00,610.9,613.74,603.8322,607.99,1628
2019-10-25 11:30:00,608.2299,610.5,600.3001,601.05,2602
2019-10-25 12:30:00,600.73,603.0,600.2886,603.0,1120
2019-10-25 13:30:00,609.5097,609.5097,603.0,605.55,382
2019-10-25 14:30:00,602.1113,608.9899,602.1113,604.25,343
2019-10-25 15:30:00,603.01,607.4,603.01,607.13,1259
2019-10-28 09:30:00,604.54,619.5,604.54,607.9,2042
2019-10-28 10:30:00,608.8889,609.43,603.25,607.0,2566
2019-10-28 11:30:00,607.33,610.0,602.0,602.1,1493
2019-10-28 12:30:00,602.0,608.13,600.0,605.0,2691
2019-10-28 13:30:00,607.44,612.765,604.01,612.0,1315
2019-10-28 14:30:00,612.0,619.5,608.82,609.0,3670
2019-10-28 15:30:00,613.0,614.92,603.18,614.92,1928
2019-10-29 09:30:00,605.26,612.9899,603.9,609.49,1740
2019-10-29 10:30:00,609.6,609.6,601.28,605.49,3013
2019-10-29 11:30:00,601.2168,604.12,593.16,598.0,3034
2019-10-29 12:30:00,598.0,602.69,596.0801,600.48,3475
2019-10-29 13:30:00,599.0,601.72,596.08,598.75,2111
2019-10-29 14:30:00,598.0,601.226,590.21,595.0836,2748
2019-10-29 15:30:00,593.02,599.5,588.1,588.1,3047
2019-10-30 09:30:00,587.6,600.0,587.0848,594.92,1684
2019-10-30 10:30:00,599.0,599.0,587.5579,587.6,1260
2019-10-30 11:30:00,587.65,596.6899,585.0,587.8,788
2019-10-30 12:30:00,587.44,592.16,583.0,586.25,3182
2019-10-30 13:30:00,593.65,600.0,589.833,596.7623,231
2019-10-30 14:30:00,590.0,600.0,586.0,586.94,1163
2019-10-30 15:30:00,590.27,592.0,588.0,591.28,1968
2019-10-31 09:30:00,587.0,587.0,575.0,580.4,3316
2019-10-31 10:30:00,576.0,582.35,575.0,579.49,3019
2019-10-31 11:30:00,575.0,579.8729,564.01,571.49,4835
2019-10-31 12:30:00,568.635,571.48,565.0,569.5,1910
2019-10-31 13:30:00,566.655,569.9109,565.0,569.8837,1361
2019-10-31 14:30:00,571.23,576.5455,562.9899,566.26,3718
2019-10-31 15:30:00,574.23,574.729,567.44,571.12,3463
2019-11-01 09:30:00,577.56,620.0,577.56,610.1,11976
2019-11-01 10:30:00,610.1,628.34,609.0,618.0,6834
2019-11-01 11:30:00,618.0,628.36,615.5,620.5,4427
2019-11-01 12:30:00,624.675,629.5,616.33,628.0,2056
2019-11-01 13:30:00,629.38,633.89,617.51,633.0,7381
2019-11-01 14:30:00,628.6844,632.9958,621.5,623.6733,2606
2019-11-01 15:30:00,625.26,632.48,617.71,625.17,6207
2019-11-04 09:30:00,636.1,652.0,627.56,649.0,5565
2019-11-04 10:30:00,649.515,649.515,635.6,638.08,2171
2019-11-04 11:30:00,640.0154,649.96,638.03,649.83,2775
2019-11-04 12:30:00,643.62,649.49,637.4502,641.6705,474
2019-11-04 13:30:00,644.0,650.0,629.87,631.21,1377
2019-11-04 14:30:00,638.9441,644.5,629.96,639.9905,1732
2019-11-04 15:30:00,635.01,641.1,630.65,636.7,2528
2019-11-05 09:30:00,644.43,649.3022,631.96,649.3022,4585
2019-11-05 10:30:00,645.905,660.0,645.45,656.6092,4192
2019-11-05 11:30:00,650.0,656.48,645.5,647.97,1641
2019-11-05 12:30:00,648.5,655.07,645.95,652.8,3289
2019-11-05 13:30:00,653.09,654.6,648.49,654.54,2657
2019-11-05 14:30:00,653.05,665.5,651.11,659.55,3869
2019-11-05 15:30:00,658.1,658.6488,651.0,651.0,1969
2019-11-06 09:30:00,650.07,664.0991,650.0,650.01,1998
2019-11-06 10:30:00,658.0,658.0,648.97,649.98,2603
2019-11-06 11:30:00,649.98,653.12,643.0,645.65,2597
2019-11-06 12:30:00,643.8204,646.1625,626.0,633.0,1976
2019-11-06 13:30:00,635.23,644.82,620.0,636.1,2532
2019-11-06 14:30:00,637.5,639.5,627.83,631.12,817
2019-11-06 15:30:00,635.05,638.89,622.73,638.89,1051
2019-11-07 09:30:00,640.0,659.47,639.0,646.3848,3046
2019-11-07 10:30:00,648.29,652.41,633.92,641.0,1390
2019-11-07 11:30:00,644.9815,644.9815,632.0,636.45,1863
2019-11-07 12:30:00,645.0,645.5,638.11,645.5,720
2019-11-07 13:30:00,649.5,649.9765,643.0,643.51,939
2019-11-07 14:30:00,646.17,652.2931,640.0,649.4895,353
2019-11-07 15:30:00,647.86,652.0999,639.0,641.0,887
2019-11-08 09:30:00,642.32,642.4899,634.3353,635.6756,977
2019-11-08 10:30:00,638.8776,644.5,633.05,636.3777,1321
2019-11-08 11:30:00,634.0499,644.38,632.35,638.21,1487
2019-11-08 12:30:00,644.38,648.1777,635.75,640.19,233
2019-11-08 13:30:00,640.2,642.55,638.11,639.01,1014
2019-11-08 14:30:00,640.0,643.0,638.0,640.1272,521
2019-11-08 15:30:00,643.0,648.998,638.0,645.0,496
2019-11-11 09:30:00,642.33,647.02,632.0,638.3,3813
2019-11-11 10:30:00,645.1593,645.1593,634.0007,640.11,2131
2019-11-11 11:30:00,641.09,643.8818,637.01,642.5,870
2019-11-11 12:30:00,641.12,647.0,638.15,647.0,2267
2019-11-11 13:30:00,643.1,646.37,639.05,639.05,270
2019-11-11 14:30:00,646.87,651.0,636.9,639.74,753
2019-11-11 15:30:00,640.0,651.67,635.25,645.0,1981
2020-01-28 09:30:00,741.74,756.819,735.2,745.13,3500
2020-01-28 10:30:00,748.03,750.45,740.08,744.6485,2639
2020-01-28 11:30:00,744.98,758.59,740.1201,752.4107,2217
2020-01-28 12:30:00,752.99,755.5,744.84,750.83,1656
2020-01-28 13:30:00,749.395,753.5699,744.13,749.7757,2715
2020-01-28 14:30:00,745.34,750.0,744.5,749.5043,2455
2020-01-28 15:30:00,748.99,748.99,745.5,745.5,1985
2020-01-29 09:30:00,745.2,752.57,738.2801,751.94,3760
2020-01-29 10:30:00,740.2,754.0,739.0,747.96,1594
2020-01-29 11:30:00,747.0,758.2983,742.28,744.456,3985
2020-01-29 12:30:00,749.7,760.919,745.0,749.4482,1865
2020-01-29 13:30:00,745.6,749.5,743.1,746.0014,1860
2020-01-29 14:30:00,746.0,750.0,743.0,746.3,2406
2020-01-29 15:30:00,746.29,749.5,736.9119,745.32,2691
2020-01-30 09:30:00,735.03,749.0943,730.0201,735.0,2973
2020-01-30 10:30:00,735.0,741.095,725.52,739.625,1300
2020-01-30 11:30:00,739.625,749.04,721.4995,730.5,3845
2020-01-30 12:30:00,730.0,746.48,725.5,733.0,2437
2020-01-30 13:30:00,733.0,733.0,719.39,729.0,1834
2020-01-30 14:30:00,728.1243,743.98,715.1706,735.07,1261
2020-01-30 15:30:00,735.9591,737.21,726.5,730.35,1046
2020-01-31 09:30:00,720.4,739.39,679.68,730.0,11091
2020-01-31 10:30:00,730.0,738.43,723.0,730.0,11151
2020-01-31 11:30:00,730.0,735.0,723.69,730.2,2454
2020-01-31 12:30:00,733.5,738.85,725.0,738.85,8585
2020-01-31 13:30:00,730.85,739.99,727.2,736.4984,5380
2020-01-31 14:30:00,737.505,759.9,736.9811,751.0,5205
2020-01-31 15:30:00,753.7475,762.2085,747.175,752.79,4093
2020-02-03 09:30:00,751.53,760.0,730.02,730.3,3500
2020-02-03 10:30:00,737.91,759.41,728.35,749.99,7741
2020-02-03 11:30:00,754.5,759.0143,737.44,750.0,1885
2020-02-03 12:30:00,750.0,758.0,737.2,753.98,5805
2020-02-03 13:30:00,751.0,760.0,742.6,756.0,4063
2020-02-03 14:30:00,754.5502,756.0,741.59,749.0,4860
2020-02-03 15:30:00,748.33,753.0,746.33,752.94,4499
2020-02-04 09:30:00,760.48,770.75,755.7063,763.0,2225
2020-02-04 10:30:00,765.0,774.96,762.09,763.12,2205
2020-02-04 11:30:00,767.95,775.0,760.02,766.0,4589
2020-02-04 12:30:00,766.1291,774.99,763.6,774.25,2389
2020-02-04 13:30:00,773.79,783.0,773.11,779.99,5042
2020-02-04 14:30:00,779.6,782.0,775.152,780.9,1941
2020-02-04 15:30:00,781.9,785.0,778.305,780.05,3211
2020-02-05 09:30:00,780.65,796.22,751.0,751.0,1145
2020-02-05 10:30:00,782.0,796.8,751.0,796.799,1920
2020-02-05 11:30:00,793.655,804.0,791.99,803.99,4930
2020-02-05 12:30:00,803.0255,815.0,800.0,814.99,5505
2020-02-05 13:30:00,814.99,815.0,805.0,814.84,1633
2020-02-05 14:30:00,811.02,811.02,800.1501,805.0,7297
2020-02-05 15:30:00,806.89,814.0,803.0,809.93,2830
2020-02-06 09:30:00,801.0,810.2455,791.1,804.84,7099
2020-02-06 10:30:00,804.79,805.0,799.0,802.0,5077
2020-02-06 11:30:00,800.01,805.0,799.5,801.25,1428
2020-02-06 12:30:00,801.33,811.0,799.0,801.0,1816
2020-02-06 13:30:00,801.0,806.1804,798.0,800.02,4448
2020-02-06 14:30:00,800.01,804.481,799.9001,802.48,424
2020-02-06 15:30:00,802.0,804.46,799.9,800.11,1294
2020-02-07 09:30:00,802.76,804.8,782.7,797.03,4946
2020-02-07 10:30:00,796.09,800.0,790.9408,799.5,1274
2020-02-07 11:30:00,794.6112,799.99,790.15,795.07,520
2020-02-07 12:30:00,799.335,799.99,790.16,799.96,1264
2020-02-07 13:30:00,798.89,799.99,795.2519,799.3,385
2020-02-07 14:30:00,797.25,803.69,795.25,803.68,2402
2020-02-07 15:30:00,803.69,809.97,798.709,804.01,1642
2020-02-10 09:30:00,800.0,804.095,787.05,796.14,3779
2020-02-10 10:30:00,793.1001,807.93,793.1001,800.01,1432
2020-02-10 11:30:00,794.1581,800.41,794.1581,797.0,1828
2020-02-10 12:30:00,796.0,796.0,787.51,790.0,1731
2020-02-10 13:30:00,787.63,802.1,772.8509,781.025,2063
2020-02-10 14:30:00,778.85,785.5,771.76,776.99,2049
2020-02-10 15:30:00,777.07,780.0,769.45,771.46,3626
2020-02-11 09:30:00,778.2,793.51,764.8346,792.98,5010
2020-02-11 10:30:00,775.36,792.9995,775.36,790.0,398
2020-02-11 11:30:00,790.9,792.7,783.01,789.99,1084
2020-02-11 12:30:00,790.9,791.91,784.38,784.8267,618
2020-02-11 13:30:00,790.9,790.9,782.47,785.1,182
2020-02-11 14:30:00,789.74,790.0,784.08,789.39,93
2020-02-11 15:30:00,785.0,789.68,775.8133,784.0,1032
2020-02-12 09:30:00,784.9,789.0,779.2005,783.9481,1855
2020-02-12 10:30:00,788.69,793.9514,784.2,793.5374,3354
2020-02-12 11:30:00,784.3349,798.49,784.3349,791.0,987
2020-02-12 12:30:00,789.01,798.47,781.9701,793.99,1387
2020-02-12 13:30:00,793.41,796.99,780.6087,792.8,1208
2020-02-12 14:30:00,790.6533,795.94,784.5905,786.0,814
2020-02-12 15:30:00,790.81,793.98,783.24,786.98,4221
2020-02-13 09:30:00,781.0,788.2499,770.5,785.0,1755
2020-02-13 10:30:00,780.0,786.08,780.0,786.0,950
2020-02-13 11:30:00,783.1,787.01,782.055,785.93,2231
2020-02-13 12:30:00,786.56,788.64,779.31,782.055,1739
2020-02-13 13:30:00,785.2,788.9,780.14,780.685,558
2020-02-13 14:30:00,784.0,788.09,775.7867,780.81,1394
2020-02-13 15:30:00,781.95,788.69,773.39,778.01,1579
2020-02-24 09:30:00,753.53,758.05,739.95,750.0,6702
2020-02-24 10:30:00,749.9505,764.0,749.0,758.9,9330
2020-02-24 11:30:00,756.46,759.38,741.0,749.93,4357
2020-02-24 12:30:00,748.25,760.9096,748.25,758.99,2457
2020-02-24 13:30:00,756.39,762.0,750.44,760.025,1753
2020-02-24 14:30:00,759.8,769.89,753.032,761.7,4517
2020-02-24 15:30:00,758.05,763.85,748.0,760.79,3462
2020-02-25 09:30:00,757.79,774.9999,745.0,759.675,5284
2020-02-25 10:30:00,758.215,770.0,745.0,745.02,5183
2020-02-25 11:30:00,750.0,761.07,744.6101,746.45,1133
2020-02-25 12:30:00,745.315,754.9999,735.5101,743.5,532
2020-02-25 13:30:00,746.5,749.47,733.6614,733.6614,1363
2020-02-25 14:30:00,735.0,739.9,725.0,734.0967,4084
2020-02-25 15:30:00,730.7406,734.9499,716.0,725.1,4082
2020-02-26 09:30:00,725.0,740.2,725.0,730.0,2207
2020-02-26 10:30:00,732.0,743.9599,730.0,743.9599,3082
2020-02-26 11:30:00,735.0,738.73,713.66,721.0,6856
2020-02-26 12:30:00,721.0,732.17,713.66,724.0,6265
2020-02-26 13:30:00,721.61,730.02,714.5,722.0,508
2020-02-26 14:30:00,717.45,730.973,709.22,714.1,4689
2020-02-26 15:30:00,717.89,718.99,705.05,705.05,2723
2020-02-27 09:30:00,700.13,706.53,680.0,682.01,7474
2020-02-27 10:30:00,680.05,694.8,675.0,685.3,2820
2020-02-27 11:30:00,685.61,703.86,685.22,699.5,3469
2020-02-27 12:30:00,696.795,712.88,695.01,704.41,3420
2020-02-27 13:30:00,710.99,714.2978,692.03,692.4,1838
2020-02-27 14:30:00,692.4,701.62,680.05,681.75,2501
2020-02-27 15:30:00,681.09,695.89,675.0,682.685,5738
2020-02-28 09:30:00,665.0,676.23,646.88,652.92,10299
2020-02-28 10:30:00,650.15,660.975,650.0,659.78,2733
2020-02-28 11:30:00,659.78,682.94,659.78,667.2,3295
2020-02-28 12:30:00,670.0,684.1,665.02,671.35,1853
2020-02-28 13:30:00,671.74,684.6,665.0,672.1,2774
2020-02-28 14:30:00,673.935,688.87,672.31,681.515,1774
2020-02-28 15:30:00,681.515,695.85,680.0,688.74,3560
2020-03-02 09:30:00,694.32,708.68,676.64,680.61,4607
2020-03-02 10:30:00,677.2581,704.95,676.14,701.08,7647
2020-03-02 11:30:00,703.5364,706.36,690.7,694.3218,3772
2020-03-02 12:30:00,695.0,712.075,688.7725,692.93,3528
2020-03-02 13:30:00,693.97,705.0,685.17,690.8565,899
2020-03-02 14:30:00,688.32,691.33,682.3901,686.0,1279
2020-03-02 15:30:00,685.6536,692.67,682.3905,683.5,1475
2020-03-03 09:30:00,698.28,707.845,659.3283,688.23,5097
2020-03-03 10:30:00,686.0,694.0,675.0,677.11,1247
2020-03-03 11:30:00,680.27,689.25,665.0,680.1209,2583
2020-03-03 12:30:00,676.0,688.6247,673.0,686.3301,787
2020-03-03 13:30:00,675.0,684.295,656.1901,656.1901,2445
2020-03-03 14:30:00,668.0,680.0,664.98,679.97,1579
2020-03-03 15:30:00,679.9973,685.91,671.25,678.23,1432
2020-03-04 09:30:00,684.77,697.2807,671.0801,690.0,4927
2020-03-04 10:30:00,694.58,698.6199,674.2107,678.61,1504
2020-03-04 11:30:00,679.295,690.875,672.61,674.98,1269
2020-03-04 12:30:00,671.91,690.0,671.91,682.0,2189
2020-03-04 13:30:00,675.21,686.72,671.91,683.9663,3528
2020-03-04 14:30:00,684.5987,684.5987,672.6,675.01,438
2020-03-04 15:30:00,678.98,682.9899,670.26,670.26,1690
2020-03-05 09:30:00,658.48,675.82,651.0,654.83,2193
2020-03-05 10:30:00,669.0,674.5,654.5267,674.5,1167
2020-03-05 11:30:00,669.422,673.66,657.0001,664.0,4897
2020-03-05 12:30:00,664.01,668.6701,653.01,655.95,4304
2020-03-05 13:30:00,653.02,674.5,653.02,666.9999,6646
2020-03-05 14:30:00,660.6,666.97,653.01,653.01,2279
2020-03-05 15:30:00,656.1243,657.48,652.0,652.2,1783
2020-03-13 09:30:00,430.09,439.9999,418.53,431.76,24207
2020-03-13 10:30:00,435.54,464.9351,427.0501,449.94,7306
2020-03-13 11:30:00,448.56,463.1103,425.5349,442.0,3973
2020-03-13 12:30:00,437.0,452.97,425.5301,435.2,6386
2020-03-13 13:30:00,432.3741,456.89,421.03,429.98,4094
2020-03-13 14:30:00,421.53,431.49,415.0,428.295,9314
2020-03-13 15:30:00,428.295,440.0,415.01,435.0,7756
2020-03-16 09:30:00,410.0,436.9,377.53,410.18,23083
2020-03-16 10:30:00,410.18,438.18,402.308,431.8,5621
2020-03-16 11:30:00,433.9425,444.0027,410.0038,442.0,11962
2020-03-16 12:30:00,444.0,465.84,438.5,446.56,10819
2020-03-16 13:30:00,454.0,455.0,431.92,439.9,11931
2020-03-16 14:30:00,440.66,449.9999,427.5435,437.282,4509
2020-03-16 15:30:00,433.005,439.4,410.0,410.0,7151
2020-03-17 09:30:00,414.15,422.5959,390.655,390.655,27657
2020-03-17 10:30:00,393.9893,397.7681,375.0,393.3551,14154
2020-03-17 11:30:00,391.6,409.9032,390.1235,396.0,9286
2020-03-17 12:30:00,394.01,404.6352,360.05,375.0,13878
2020-03-17 13:30:00,368.78,382.38,360.06,380.0,8307
2020-03-17 14:30:00,376.0,388.09,355.01,360.22,8761
2020-03-17 15:30:00,358.012,374.71,352.01,367.23,8871
2020-03-18 09:30:00,350.0,357.608,305.0,320.0,19698
2020-03-18 10:30:00,325.98,332.6799,305.0,305.002,8973
2020-03-18 11:30:00,320.94,325.9199,308.0,308.7159,6791
2020-03-18 12:30:00,309.77,314.49,300.0,300.0035,8855
2020-03-18 13:30:00,300.0,305.0,295.0,297.961,11965
2020-03-18 14:30:00,296.0,314.4999,295.0,311.9455,15008
2020-03-18 15:30:00,310.41,314.5,300.0,307.53,7784
2020-03-19 09:30:00,313.63,338.9367,309.17,313.7209,8366
2020-03-19 10:30:00,323.85,324.9999,301.0,313.545,4993
2020-03-19 11:30:00,313.9,347.9,313.5341,326.03,10000
2020-03-19 12:30:00,325.0,372.68,325.0,359.9999,10585
2020-03-19 13:30:00,355.5035,372.67,355.0,360.0,9593
2020-03-19 14:30:00,362.0675,375.69,340.0035,340.01,5738
2020-03-19 15:30:00,345.501,363.6505,341.0,361.0,9128
2020-03-20 09:30:00,359.08,372.46,346.45,364.99,9580
2020-03-20 10:30:00,364.0,372.46,352.328,360.0,7292
2020-03-20 11:30:00,364.75,371.96,355.1701,356.02,6427
2020-03-20 12:30:00,359.97,365.0,351.0,363.075,5446
2020-03-20 13:30:00,361.01,367.9899,350.0,351.41,7382
2020-03-20 14:30:00,350.02,362.6795,340.0,344.0,11992
2020-03-20 15:30:00,348.97,357.8,345.2,352.0,5994
2020-03-23 09:30:00,347.86,350.0,305.0,320.0549,10591
2020-03-23 10:30:00,317.05,341.8499,315.1,321.94,14428
2020-03-23 11:30:00,316.0,328.38,308.03,314.01,5966
2020-03-23 12:30:00,327.9899,329.1099,315.01,327.34,4645
2020-03-23 13:30:00,322.4268,329.01,308.005,308.005,6737
2020-03-23 14:30:00,310.3028,320.3699,295.0488,299.0,14388
2020-03-23 15:30:00,295.8413,311.5099,295.8413,308.34,3537
2020-03-24 09:30:00,326.92,361.341,320.79,361.341,19527
2020-03-24 10:30:00,357.555,374.27,350.29,370.0,23038
2020-03-24 11:30:00,370.1089,373.9999,364.0,367.7866,6097
2020-03-24 12:30:00,367.7898,382.2287,367.44,373.6416,7155
2020-03-24 13:30:00,373.25,378.99,370.0,376.505,6323
2020-03-24 14:30:00,376.802,388.3299,370.5,379.9847,6780
2020-03-24 15:30:00,378.0,390.01,377.27,388.95,4675
2020-03-25 09:30:00,380.37,387.99,346.9887,362.9999,21168
2020-03-25 10:30:00,362.9999,385.4392,355.86,384.2,4757
2020-03-25 11:30:00,384.67,393.84,370.36,393.84,5860
2020-03-25 12:30:00,390.0,410.3899,390.0,400.0,7219
2020-03-25 13:30:00,399.95,402.9999,381.655,390.63,5802
2020-03-25 14:30:00,390.63,390.63,372.0001,379.64,7027
2020-03-25 15:30:00,379.01,390.49,373.03,373.03,3147
2020-04-06 09:30:00,461.61,481.89,452.6801,473.23,10968
2020-04-06 10:30:00,472.09,474.0215,461.8146,463.67,6934
2020-04-06 11:30:00,465.0,473.75,463.495,471.0,10995
2020-04-06 12:30:00,469.06,470.5,460.01,467.0,5376
2020-04-06 13:30:00,465.01,475.0,462.87,470.0,7953
2020-04-06 14:30:00,470.0,478.9195,468.02,472.0,7977
2020-04-06 15:30:00,472.0,478.91,469.0,476.0,5668
2020-04-07 09:30:00,490.0,500.0,472.41,478.0,40986
2020-04-07 10:30:00,478.54,486.4619,471.0,471.085,18285
2020-04-07 11:30:00,471.085,481.95,468.171,478.375,12290
2020-04-07 12:30:00,478.635,483.32,476.78,482.68,8757
2020-04-07 13:30:00,480.1113,483.47,450.0,450.2,52023
2020-04-07 14:30:00,451.56,468.1699,445.0,452.0,28007
2020-04-07 15:30:00,452.0,468.17,448.16,464.89,11805
2020-04-08 09:30:00,455.59,483.945,440.78,456.23,92488
2020-04-08 10:30:00,462.0,486.39,452.94,481.125,31433
2020-04-08 11:30:00,484.7499,490.0,468.79,469.04,17737
2020-04-08 12:30:00,471.402,479.9951,468.17,475.0,4942
2020-04-08 13:30:00,475.0,485.495,468.17,485.495,9122
2020-04-08 14:30:00,490.0,490.0,470.08,476.57,7740
2020-04-08 15:30:00,473.22,479.3999,457.42,470.68,12589
2020-04-09 09:30:00,463.82,512.26,463.15,499.5,27074
2020-04-09 10:30:00,497.5,564.1,490.46,500.1,43642
2020-04-09 11:30:00,517.85,525.0,494.9,520.0,16592
2020-04-09 12:30:00,520.0,525.0,503.46,515.15,6788
2020-04-09 13:30:00,520.15,522.98,503.0,505.005,23791
2020-04-09 14:30:00,501.0,511.5,497.0,506.66,21526
2020-04-09 15:30:00,512.51,521.05,508.34,518.63,11162
2020-04-13 09:30:00,515.08,526.62,490.02,501.0,28228
2020-04-13 10:30:00,499.9,505.86,490.0,498.374,13572
2020-04-13 11:30:00,500.0,520.0,499.2683,513.3001,3177
2020-04-13 12:30:00,514.24,521.0,502.53,505.23,9638
2020-04-13 13:30:00,514.6186,515.98,503.4671,508.495,3200
2020-04-13 14:30:00,511.39,515.1,503.5,514.9324,3917
2020-04-13 15:30:00,514.86,519.0,510.0001,518.09,2385
2020-04-14 09:30:00,525.0,534.05,515.36,530.3776,22725
2020-04-14 10:30:00,529.4,540.64,524.26,528.295,10486
2020-04-14 11:30:00,529.0,538.8,520.7,534.44,5447
2020-04-14 12:30:00,534.98,540.02,527.95,528.01,4796
2020-04-14 13:30:00,528.24,536.5162,520.0,532.42,10649
2020-04-14 14:30:00,532.92,538.92,530.01,535.0,9493
2020-04-14 15:30:00,532.883,540.899,531.61,531.62,6232
2020-04-15 09:30:00,510.0,535.53,490.01,495.03,13588
2020-04-15 10:30:00,498.97,510.0,491.0001,505.0,8615
2020-04-15 11:30:00,503.01,509.5,492.5,502.9555,4026
2020-04-15 12:30:00,504.98,512.0,499.0,505.245,1369
2020-04-15 13:30:00,505.06,512.0,502.0,509.0,8566
2020-04-15 14:30:00,509.59,514.0,504.18,513.7705,6607
2020-04-15 15:30:00,513.5,520.89,505.2094,520.89,7502
2020-04-16 09:30:00,517.31,524.1357,498.0,516.035,11142
2020-04-16 10:30:00,508.0,519.98,505.6,517.15,3938
2020-04-16 11:30:00,520.0,524.44,513.6501,519.7,10726
2020-04-16 12:30:00,520.04,523.4,495.23,500.45,22764
2020-04-16 13:30:00,500.1,520.509,497.89,500.0,7354
2020-04-16 14:30:00,501.96,509.85,497.5901,508.7291,9723
2020-04-16 15:30:00,507.55,517.43,506.39,509.71,7896
2020-04-27 09:30:00,500.9,504.0,469.1001,487.0,6846
2020-04-27 10:30:00,485.0001,499.0,469.1,493.0,6120
2020-04-27 11:30:00,497.1,507.19,490.0,499.106,7620
2020-04-27 12:30:00,497.87,509.2603,492.26,506.7,7304
2020-04-27 13:30:00,506.7,512.82,504.01,507.34,2940
2020-04-27 14:30:00,507.01,520.185,507.01,517.0,3093
2020-04-27 15:30:00,514.02,522.34,507.4301,513.96,4944
2020-04-28 09:30:00,524.28,539.5,510.01,516.555,4749
2020-04-28 10:30:00,516.555,520.3099,498.1401,515.33,8541
2020-04-28 11:30:00,513.3,522.406,505.9,510.3,881
2020-04-28 12:30:00,510.3,513.27,502.92,506.96,1042
2020-04-28 13:30:00,510.09,515.79,505.0,510.6401,1610
2020-04-28 14:30:00,511.85,516.05,510.12,512.64,1099
2020-04-28 15:30:00,519.85,523.06,513.74,514.69,5088
2020-04-29 09:30:00,537.73,547.77,530.02,536.53,4703
2020-04-29 10:30:00,542.25,547.44,533.0,547.4,3529
2020-04-29 11:30:00,545.755,549.5,539.5498,548.0,3821
2020-04-29 12:30:00,547.5675,559.0,547.25,550.05,6626
2020-04-29 13:30:00,557.5,557.5,536.1005,555.1,1453
2020-04-29 14:30:00,555.11,573.5299,542.01,565.0,5672
2020-04-29 15:30:00,565.0,575.6393,555.6531,560.27,3086
2020-04-30 09:30:00,560.0,572.05,536.99,563.0,7130
2020-04-30 10:30:00,566.82,578.0,557.0101,572.56,13532
2020-04-30 11:30:00,573.11,579.21,543.7932,550.1,9507
2020-04-30 12:30:00,545.13,558.69,545.03,547.03,3557
2020-04-30 13:30:00,545.69,581.0,545.69,573.14,13321
2020-04-30 14:30:00,576.53,587.48,562.49,580.0,13124
2020-04-30 15:30:00,576.1009,582.5629,570.15,575.21,9428
2020-05-01 09:30:00,515.0,535.0,501.29,525.0,9805
2020-05-01 10:30:00,524.025,539.43,518.1501,522.14,9061
2020-05-01 11:30:00,516.625,534.7441,490.01,508.04,13080
2020-05-01 12:30:00,510.35,521.823,508.285,516.58,5110
2020-05-01 13:30:00,511.0,517.93,500.0,512.47,3314
2020-05-01 14:30:00,511.225,520.5395,500.94,507.77,3623
2020-05-01 15:30:00,507.01,512.82,504.9201,508.26,5817
2020-05-04 09:30:00,491.1,549.8444,490.34,538.85,24944
2020-05-04 10:30:00,538.65,540.57,524.01,524.01,4441
2020-05-04 11:30:00,526.17,534.99,514.0,527.82,6491
2020-05-04 12:30:00,527.61,534.9999,507.16,529.5,9557
2020-05-04 13:30:00,523.32,529.1151,507.2501,516.01,5828
2020-05-04 14:30:00,520.215,524.79,515.74,521.77,2501
2020-05-04 15:30:00,519.83,533.36,518.42,532.5,6553
2020-05-05 09:30:00,537.36,559.99,536.59,540.0,12602
2020-05-05 10:30:00,540.394,543.6061,529.0,539.0,4215
2020-05-05 11:30:00,542.55,548.89,539.465,546.43,1915
2020-05-05 12:30:00,546.75,551.06,523.4,525.18,8115
2020-05-05 13:30:00,525.0,530.1907,511.61,518.65,3722
2020-05-05 14:30:00,518.0,520.175,508.0,515.195,2313
2020-05-05 15:30:00,516.81,517.34,505.84,516.11,5408
2020-05-06 09:30:00,510.0,514.8677,490.01,495.0,8822
2020-05-06 10:30:00,495.0,503.8811,482.01,489.1,8415
2020-05-06 11:30:00,489.1,503.0,485.06,502.76,12029
2020-05-06 12:30:00,502.76,504.49,489.71,498.0,5211
2020-05-06 13:30:00,497.975,504.7962,495.64,500.42,3232
2020-05-06 14:30:00,498.0,503.0899,497.0301,498.13,1517
2020-05-06 15:30:00,498.09,499.0,489.47,491.26,2838
2020-05-07 09:30:00,498.01,515.0,498.01,500.5,6223
2020-05-07 10:30:00,502.277,510.61,502.05,509.04,4723
2020-05-07 11:30:00,503.83,511.06,499.14,503.27,7467
2020-05-07 12:30:00,504.98,505.0,490.31,494.675,4364
2020-05-07 13:30:00,490.5,501.02,490.5,491.02,3408
2020-05-07 14:30:00,494.34,496.47,485.7,493.609,6578
2020-05-07 15:30:00,495.6,498.11,493.0,494.48,3366
2020-05-08 09:30:00,500.0,516.99,495.02,513.1305,3574
2020-05-08 10:30:00,514.94,520.0,508.9,510.11,7483
2020-05-08 11:30:00,512.99,516.0,510.26,514.65,1755
2020-05-08 12:30:00,511.5,514.5112,504.5601,505.69,751
2020-05-08 13:30:00,509.7899,510.7662,502.6301,504.58,1803
2020-05-08 14:30:00,504.58,516.5,504.58,514.5,1709
2020-05-08 15:30:00,511.04,522.4,510.2301,519.06,3602
2020-05-11 09:30:00,519.0,524.7137,511.3249,523.0,3369
2020-05-11 10:30:00,520.51,523.4,509.08,516.19,3572
2020-05-11 11:30:00,517.575,521.36,516.05,516.4315,1519
2020-05-11 12:30:00,518.045,531.83,517.06,525.06,3797
2020-05-11 13:30:00,530.0,530.0,519.11,520.9,2109
2020-05-11 14:30:00,520.32,523.47,515.24,515.24,2074
2020-05-11 15:30:00,520.2399,520.62,514.025,517.0,2899
2020-05-12 09:30:00,529.99,529.99,511.02,517.0,1697
2020-05-12 10:30:00,517.79,536.01,511.52,533.78,4709
2020-05-12 11:30:00,534.23,536.0,525.01,532.46,2408
2020-05-12 12:30:00,531.9367,535.0,520.0,525.13,3436
2020-05-12 13:30:00,525.13,525.14,515.458,523.79,455
2020-05-12 14:30:00,523.99,523.99,515.48,520.0,1152
2020-05-12 15:30:00,519.15,524.26,515.11,515.11,2624
2020-05-13 09:30:00,520.43,520.43,506.422,514.02,3605
2020-05-13 10:30:00,510.72,530.26,503.83,505.8,6945
2020-05-13 11:30:00,503.0305,510.94,502.11,506.99,3931
2020-05-13 12:30:00,508.84,516.0,500.37,513.41,3539
2020-05-13 13:30:00,510.0,512.5463,506.01,507.0,2109
2020-05-13 14:30:00,508.2,511.98,506.01,509.94,2182
2020-05-13 15:30:00,509.605,516.0,507.22,510.2,4978
2020-05-14 09:30:00,510.9,512.49,495.11,510.0,7463
2020-05-14 10:30:00,509.53,526.07,502.5723,513.005,5566
2020-05-14 11:30:00,510.72,518.34,507.4317,512.855,1217
2020-05-14 12:30:00,510.01,521.49,507.76,521.49,2450
2020-05-14 13:30:00,517.3,524.99,512.8758,518.585,5019
2020-05-14 14:30:00,517.0,522.99,508.6201,520.0,1856
2020-05-14 15:30:00,518.08,520.71,513.86,519.8,1983
2020-05-15 09:30:00,520.0,535.4,512.01,526.49,3804
2020-05-15 10:30:00,527.88,533.97,523.1,527.82,1921
2020-05-15 11:30:00,530.445,538.99,524.57,532.98,1690
2020-05-15 12:30:00,532.98,538.82,530.33,532.2,731
2020-05-15 13:30:00,533.49,538.33,529.4001,531.16,2338
2020-05-15 14:30:00,533.6933,537.99,530.0,532.2,1023
2020-05-15 15:30:00,532.2,536.01,516.72,529.32,3311
2020-05-18 09:30:00,545.4,580.0,541.0,563.99,9203
2020-05-18 10:30:00,560.0,569.99,555.0301,567.97,5433
2020-05-18 11:30:00,567.99,567.99,550.01,551.0,1526
2020-05-18 12:30:00,550.82,557.17,540.5,550.0,1371
2020-05-18 13:30:00,550.0,558.6,541.0,554.4,4546
2020-05-18 14:30:00,556.93,563.9799,551.06,560.99,2182
2020-05-18 15:30:00,559.02,565.43,549.47,550.44,7128
2020-07-27 09:30:00,560.02,565.1819,552.94,562.0,2125
2020-07-27 10:30:00,562.0,567.5399,554.5641,556.5,812
2020-07-27 11:30:00,558.2,562.0,554.68,556.5,1276
2020-07-27 12:30:00,558.1299,564.42,554.6101,559.655,2664
2020-07-27 13:30:00,559.0,560.0,554.6101,555.0,1674
2020-07-27 14:30:00,560.0,573.5,555.0,560.01,3263
2020-07-27 15:30:00,560.01,565.99,555.0,555.0,3004
2020-07-28 09:30:00,554.98,564.75,551.0,553.75,3297
2020-07-28 10:30:00,554.01,562.13,552.79,562.0,1528
2020-07-28 11:30:00,560.0,562.0,555.0,557.995,1464
2020-07-28 12:30:00,557.0,557.0,551.25,556.99,429
2020-07-28 13:30:00,556.99,556.99,545.0,549.0,3056
2020-07-28 14:30:00,549.255,551.2499,542.0,542.0,1722
2020-07-28 15:30:00,543.01,549.71,542.0,545.0,3808
2020-07-29 09:30:00,554.74,571.9999,548.1801,563.05,3787
2020-07-29 10:30:00,572.0,573.5,560.45,566.055,1994
2020-07-29 11:30:00,566.055,569.9399,563.0,565.24,821
2020-07-29 12:30:00,565.24,569.0,563.0001,569.0,1106
2020-07-29 13:30:00,567.84,568.31,564.0101,566.505,583
2020-07-29 14:30:00,569.0,569.91,564.01,565.22,1303
2020-07-29 15:30:00,565.2,569.0,562.0,566.75,4444
2020-07-30 09:30:00,550.0,564.3,542.0,558.0,5595
2020-07-30 10:30:00,556.0,572.68,555.0001,569.98,7643
2020-07-30 11:30:00,569.98,576.06,564.57,574.0,6053
2020-07-30 12:30:00,573.41,581.98,570.56,574.28,1491
2020-07-30 13:30:00,574.68,577.9599,565.0,575.0,1739
2020-07-30 14:30:00,565.0,574.4699,558.44,562.19,1485
2020-07-30 15:30:00,560.31,562.98,548.97,556.97,3330
2020-07-31 09:30:00,545.0,545.745,530.0,534.9985,10223
2020-07-31 10:30:00,531.5,537.0,530.0,530.73,3192
2020-07-31 11:30:00,530.06,535.91,522.41,522.51,5007
2020-07-31 12:30:00,522.19,524.9899,516.0,516.0,5199
2020-07-31 13:30:00,516.0,521.57,512.0,518.0,5126
2020-07-31 14:30:00,515.305,521.9899,513.9,519.03,3157
2020-07-31 15:30:00,519.01,537.0,516.95,528.995,5276
2020-08-03 09:30:00,532.99,532.99,516.8801,531.6206,7539
2020-08-03 10:30:00,524.0101,541.1,524.0101,540.8,3259
2020-08-03 11:30:00,541.0,550.0,536.0,542.0,2737
2020-08-03 12:30:00,540.13,546.72,538.22,546.44,802
2020-08-03 13:30:00,542.0,552.67,542.0,550.0,3022
2020-08-03 14:30:00,550.0,554.12,542.0,549.99,4433
2020-08-03 15:30:00,542.0,545.01,531.4,534.2,2145
2020-08-04 09:30:00,536.0,554.0,534.13,543.0,4342
2020-08-04 10:30:00,543.0,547.3899,540.25,546.345,2031
2020-08-04 11:30:00,549.1806,549.98,543.03,545.08,1210
2020-08-04 12:30:00,545.12,549.98,543.5,543.5,2153
2020-08-04 13:30:00,543.35,553.0,543.35,547.03,950
2020-08-04 14:30:00,547.03,553.0,545.89,553.0,1457
2020-08-04 15:30:00,548.22,565.0,548.22,558.04,3946
2020-08-05 09:30:00,564.4,575.9999,564.0,572.9,5953
2020-08-05 10:30:00,570.02,590.22,570.0011,583.69,3870
2020-08-05 11:30:00,589.18,590.0,581.27,586.47,2275
2020-08-05 12:30:00,586.47,604.1157,583.3376,598.12,11515
2020-08-05 13:30:00,601.165,615.0,600.0,606.13,12262
2020-08-05 14:30:00,607.0,609.99,595.7741,606.5419,10855
2020-08-05 15:30:00,605.01,608.0,590.0,603.9,4582
2020-08-06 09:30:00,594.04,599.99,573.0,579.167,5215
2020-08-06 10:30:00,573.0005,579.1299,570.0,571.8,3913
2020-08-06 11:30:00,574.95,578.35,572.1,575.57,924
2020-08-06 12:30:00,577.43,577.74,570.0,572.5,2661
2020-08-06 13:30:00,570.0,575.0,570.0,573.2,356
2020-08-06 14:30:00,573.0,583.6538,572.99,575.05,1606
2020-08-06 15:30:00,575.0,579.25,570.0,572.05,1303
2020-08-07 09:30:00,571.66,580.0,561.0001,580.0,5268
2020-08-07 10:30:00,574.0475,579.366,570.0,575.0,2462
2020-08-07 11:30:00,574.75,579.37,574.75,576.5,1292
2020-08-07 12:30:00,577.7443,579.8831,572.82,576.105,2066
2020-08-07 13:30:00,577.49,579.5,574.0,574.28,1521
2020-08-07 14:30:00,574.28,587.27,574.28,587.2,2192
2020-08-07 15:30:00,586.325,587.25,580.02,584.47,839
2020-08-10 09:30:00,584.0,600.0,572.48,598.02,2227
2020-08-10 10:30:00,597.49,600.0,587.3853,595.0,1071
2020-08-10 11:30:00,595.0,599.5,587.0,591.285,1125
2020-08-10 12:30:00,595.0,595.02,584.0,590.0,295
2020-08-10 13:30:00,591.4344,598.99,585.0,598.99,1497
2020-08-10 14:30:00,598.15,603.05,590.0,590.6579,3685
2020-08-10 15:30:00,600.0,600.44,580.1543,599.99,3011
2020-08-11 09:30:00,607.0,619.0,595.62,601.22,2746
2020-08-11 10:30:00,601.69,609.95,595.03,605.9,6104
2020-08-11 11:30:00,604.95,610.0,597.5,605.0,1366
2020-08-11 12:30:00,603.9591,607.99,597.3985,599.21,1616
2020-08-11 13:30:00,599.75,603.13,598.685,600.7,1518
2020-08-11 14:30:00,600.86,602.81,585.22,588.61,2463
2020-08-11 15:30:00,585.22,592.34,580.01,587.99,2365
2020-08-12 09:30:00,593.5,600.9599,582.3,590.0001,3803
2020-08-12 10:30:00,590.0,600.175,590.0,596.2,1906
2020-08-12 11:30:00,600.0,603.99,580.0,594.76,1307
2020-08-12 12:30:00,600.93,600.93,574.31,589.9,933
2020-08-12 13:30:00,589.9,595.53,581.2945,586.7,854
2020-08-12 14:30:00,591.0,598.1327,580.5,582.56,715
2020-08-12 15:30:00,582.56,598.2899,580.0,594.97,2024
2020-08-13 09:30:00,590.59,597.49,582.11,589.89,1850
2020-08-13 10:30:00,588.0,598.3,582.8201,585.5101,969
2020-08-13 11:30:00,589.18,592.99,587.83,590.0,1237
2020-08-13 12:30:00,590.08,592.84,584.7001,586.415,1268
2020-08-13 13:30:00,586.16,590.27,580.0,585.3,1409
2020-08-13 14:30:00,580.0,588.86,580.0,585.0,967
2020-08-13 15:30:00,583.97,590.29,580.0,590.24,740
2020-08-14 09:30:00,580.33,588.416,580.0,584.095,1707
2020-08-14 10:30:00,584.3,590.07,582.41,588.4,3694
2020-08-14 11:30:00,587.7188,599.417,586.05,597.8,2808
2020-08-14 12:30:00,594.05,598.2749,588.3,596.1,743
2020-08-14 13:30:00,593.035,596.17,589.4701,591.35,874
2020-08-14 14:30:00,595.2834,595.7,585.0,595.7,1665
2020-08-14 15:30:00,594.15,602.36,590.5,600.3,2400
2020-08-17 09:30:00,605.0,605.0,590.3,595.79,3871
2020-08-17 10:30:00,599.48,600.2,590.3,596.08,4767
2020-08-17 11:30:00,591.6736,596.58,590.43,594.0,2423
2020-08-17 12:30:00,593.77,602.0,592.0,598.24,1900
2020-08-17 13:30:00,600.235,602.231,595.14,597.725,936
2020-08-17 14:30:00,599.99,600.31,595.61,597.79,223
2020-08-17 15:30:00,596.97,600.0,594.91,596.02,1687
2020-10-15 09:30:00,461.26,468.9099,458.17,462.58,2964
2020-10-15 10:30:00,462.72,467.1499,460.0,466.6601,1536
2020-10-15 11:30:00,463.05,475.2686,463.05,473.39,2408
2020-10-15 12:30:00,474.19,484.09,473.39,481.58,2780
2020-10-15 13:30:00,482.5,485.68,475.96,484.785,3007
2020-10-15 14:30:00,484.7873,485.6287,480.84,481.2,1800
2020-10-15 15:30:00,483.0,483.39,480.07,483.0,714
2020-10-16 09:30:00,485.0,488.1237,475.46,482.405,3268
2020-10-16 10:30:00,483.925,485.0,477.0,482.5475,2104
2020-10-16 11:30:00,481.8977,482.66,477.01,480.51,2850
2020-10-16 12:30:00,480.71,481.99,477.52,478.195,1286
2020-10-16 13:30:00,478.245,481.99,478.11,479.0,1099
2020-10-16 14:30:00,479.54,481.08,477.0,477.08,1525
2020-10-16 15:30:00,477.25,477.49,471.03,471.35,1915
2020-10-19 09:30:00,472.99,479.44,468.59,474.02,3145
2020-10-19 10:30:00,476.29,481.15,473.5,479.0,2584
2020-10-19 11:30:00,479.075,482.2,478.22,481.98,2222
2020-10-19 12:30:00,480.915,482.0,478.5101,479.2568,978
2020-10-19 13:30:00,479.0,480.4999,473.0,476.255,1531
2020-10-19 14:30:00,477.5,478.77,472.0,472.385,1988
2020-10-19 15:30:00,473.5,478.53,472.0,473.0,2344
2020-10-20 09:30:00,472.0,479.0,472.0,476.4,2045
2020-10-20 10:30:00,477.0,480.0,471.63,472.5,744
2020-10-20 11:30:00,475.04,476.07,471.0001,471.5,732
2020-10-20 12:30:00,475.1,478.0,471.2522,473.72,1187
2020-10-20 13:30:00,476.795,478.231,471.0,474.06,2497
2020-10-20 14:30:00,474.9999,474.9999,465.0,470.9999,3635
2020-10-20 15:30:00,471.0,471.0,465.394,469.99,4126
2020-10-21 09:30:00,469.98,474.3906,466.0,473.7,1912
2020-10-21 10:30:00,472.105,472.544,462.59,465.0,2114
2020-10-21 11:30:00,468.06,473.8036,467.0,470.3012,1002
2020-10-21 12:30:00,468.0,470.0899,464.44,467.1,2883
2020-10-21 13:30:00,467.1,467.685,464.0,467.02,1828
2020-10-21 14:30:00,468.6,469.1,465.0,466.64,196
2020-10-21 15:30:00,466.0,467.82,461.495,466.6,1562
2020-10-22 09:30:00,464.05,468.9299,457.67,460.0,2667
2020-10-22 10:30:00,458.11,471.0,457.55,471.0,1748
2020-10-22 11:30:00,471.1017,476.48,469.87,476.4099,629
2020-10-22 12:30:00,476.05,479.9995,472.0,474.43,1783
2020-10-22 13:30:00,476.55,478.73,475.0344,476.2001,1303
2020-10-22 14:30:00,478.0,482.0,476.54,476.825,2940
2020-10-22 15:30:00,477.815,481.5341,476.53,478.0,1413
2020-10-23 09:30:00,478.5,486.35,478.5,485.0,3470
2020-10-23 10:30:00,486.0,488.0,480.0,483.07,2104
2020-10-23 11:30:00,481.535,483.07,476.29,478.32,597
2020-10-23 12:30:00,478.5775,479.35,476.29,479.35,303
2020-10-23 13:30:00,477.885,479.7399,475.0,475.965,592
2020-10-23 14:30:00,477.0254,477.5,473.43,475.75,1253
2020-10-23 15:30:00,477.172,478.58,474.0,475.95,503
2020-10-26 09:30:00,476.79,476.79,468.0001,471.315,5265
2020-10-26 10:30:00,470.0,472.99,464.04,465.86,1728
2020-10-26 11:30:00,465.55,468.74,461.22,466.055,2264
2020-10-26 12:30:00,466.055,467.37,461.5,462.66,1401
2020-10-26 13:30:00,463.02,468.51,461.76,466.985,940
2020-10-26 14:30:00,469.07,469.09,465.44,467.0,1536
2020-10-26 15:30:00,468.05,473.0,466.2849,472.95,4196
2020-10-27 09:30:00,475.2,477.4899,469.2,473.0,3847
2020-10-27 10:30:00,473.85,475.0,470.82,470.82,1621
2020-10-27 11:30:00,469.96,474.61,469.2,472.32,1479
2020-10-27 12:30:00,471.935,474.62,466.42,466.4501,788
2020-10-27 13:30:00,469.0,471.32,466.9,471.16,563
2020-10-27 14:30:00,468.92,470.59,463.19,468.18,1514
2020-10-27 15:30:00,469.4903,469.4903,463.54,464.57,1254
2020-10-28 09:30:00,458.01,458.7658,444.0,446.0,6424
2020-10-28 10:30:00,447.27,449.841,441.88,449.59,2394
2020-10-28 11:30:00,449.0804,456.0,441.1,445.0,9659
2020-10-28 12:30:00,451.67,452.1695,443.0001,445.0,3034
2020-10-28 13:30:00,443.53,449.83,440.0,443.98,7599
2020-10-28 14:30:00,445.505,449.9799,440.01,443.91,933
2020-10-28 15:30:00,443.0,449.9999,440.66,446.9,1912
2020-10-29 09:30:00,447.89,454.6,437.1001,454.0,4175
2020-10-29 10:30:00,453.6,457.2,445.0001,448.37,1912
2020-10-29 11:30:00,451.59,457.2,448.53,452.14,1395
2020-10-29 12:30:00,452.4,457.2996,448.48,454.075,1410
2020-10-29 13:30:00,454.075,463.2499,451.0,456.76,2120
2020-10-29 14:30:00,463.21,463.2499,453.24,456.11,2082
2020-10-29 15:30:00,457.37,467.4699,456.41,465.02,2634
2020-10-30 09:30:00,458.9,465.75,457.2,462.5,1362
2020-10-30 10:30:00,460.025,463.1,448.71,462.22,3432
2020-10-30 11:30:00,457.17,465.0,453.62,460.175,2153
2020-10-30 12:30:00,458.16,463.1,451.01,452.45,815
2020-10-30 13:30:00,451.6,457.0,447.36,452.4,940
2020-10-30 14:30:00,456.9644,457.0,447.85,455.0,2325
2020-10-30 15:30:00,451.01,458.65,446.8457,450.46,2127
2020-11-02 09:30:00,457.2,480.0,450.92,470.0,4245
2020-11-02 10:30:00,467.9,475.335,465.2,465.6068,1441
2020-11-02 11:30:00,465.56,471.23,461.7701,463.5,1446
2020-11-02 12:30:00,465.885,469.15,459.96,462.5,4060
2020-11-02 13:30:00,463.36,469.25,462.5,465.8,4601
2020-11-02 14:30:00,464.0,470.5123,462.5,464.4,1323
2020-11-02 15:30:00,466.79,468.9,458.01,465.45,4816
2020-11-03 09:30:00,475.15,498.01,475.0,484.75,15669
2020-11-03 10:30:00,484.75,489.09,477.0,477.0,3705
2020-11-03 11:30:00,476.31,481.49,468.0,481.4,3731
2020-11-03 12:30:00,481.6,485.0,471.265,471.53,3107
2020-11-03 13:30:00,473.5,494.0,473.5,486.66,7015
2020-11-03 14:30:00,487.0,492.8,483.16,487.5,2212
2020-11-03 15:30:00,487.0,487.15,475.51,480.0,1841
2020-11-04 09:30:00,479.56,481.645,470.59,475.5,1768
2020-11-04 10:30:00,475.5,481.21,470.0,474.47,943
2020-11-04 11:30:00,470.7081,480.24,470.7081,479.255,1334
2020-11-04 12:30:00,479.255,480.0,473.0,479.0,1915
2020-11-04 13:30:00,479.47,479.47,473.2512,475.25,733
2020-11-04 14:30:00,475.25,475.5656,470.09,471.26,1095
2020-11-04 15:30:00,473.64,478.0,471.05,474.51,1145
2020-11-05 09:30:00,476.73,511.07,470.0,502.5,10776
2020-11-05 10:30:00,504.99,510.0,495.0,498.0,3948
2020-11-05 11:30:00,495.5,498.0,488.8,493.0,2998
2020-11-05 12:30:00,493.0,499.5504,490.25,492.44,2292
2020-11-05 13:30:00,495.875,504.13,492.98,500.51,4626
2020-11-05 14:30:00,500.51,508.0,497.16,508.0,3394
2020-11-05 15:30:00,507.57,509.53,502.9671,507.51,3734
2020-11-06 09:30:00,505.0,511.02,493.71,508.22,2407
2020-11-06 10:30:00,506.78,508.89,500.52,503.512,3099
2020-11-06 11:30:00,502.63,505.91,495.5101,495.5101,1704
2020-11-06 12:30:00,495.6751,500.22,492.9801,498.0,541
2020-11-06 13:30:00,499.25,505.0,494.2,497.62,1882
2020-11-06 14:30:00,501.88,502.5,495.6451,499.0,1108
2020-11-06 15:30:00,499.0,504.0,496.0,497.58,613
2020-11-09 09:30:00,531.5,568.71,527.0,566.17,26429
2020-11-09 10:30:00,568.365,598.88,560.14,589.875,9405
2020-11-09 11:30:00,589.875,600.0,579.0,592.0,14588
2020-11-09 12:30:00,590.0,595.0,581.44,586.5001,7117
2020-11-09 13:30:00,594.0,594.89,585.0,591.3,4486
2020-11-09 14:30:00,591.6,595.0,582.5043,592.0,6154
2020-11-09 15:30:00,592.0,594.0,574.96,581.0,8319
2020-11-10 09:30:00,575.38,580.0,565.59,576.0,4129
2020-11-10 10:30:00,573.125,576.95,565.59,572.76,1017
2020-11-10 11:30:00,571.09,574.0,565.0,566.1,2355
2020-11-10 12:30:00,567.135,569.0,562.06,563.0,3893
2020-11-10 13:30:00,565.0,565.0,550.0,554.0,5260
2020-11-10 14:30:00,554.0,558.0,550.0,556.3,2819
2020-11-10 15:30:00,557.6673,560.18,551.5631,554.69,4087
2020-11-11 09:30:00,560.37,571.06,550.0,553.0,5185
2020-11-11 10:30:00,555.0,557.0,542.0,552.2235,5685
2020-11-11 11:30:00,551.0,555.5,546.8485,552.5,2214
2020-11-11 12:30:00,552.5,555.19,546.66,555.19,2759
2020-11-11 13:30:00,551.92,555.39,547.07,550.0,3389
2020-11-11 14:30:00,551.415,553.36,543.0,545.0,1915
2020-11-11 15:30:00,544.9,549.71,540.24,540.26,2355
2020-11-12 09:30:00,539.41,548.95,535.02,545.0,1837
2020-11-12 10:30:00,543.385,551.45,540.5,544.655,805
2020-11-12 11:30:00,548.0,548.0,541.0,544.55,1183
2020-11-12 12:30:00,542.01,543.4572,535.41,538.74,1535
2020-11-12 13:30:00,540.0,543.1399,535.62,542.16,2126
2020-11-12 14:30:00,541.335,543.14,528.01,540.5705,2541
2020-11-12 15:30:00,541.9699,542.16,530.55,539.99,1235
2020-11-13 09:30:00,540.0,548.4,540.0,544.395,730
2020-11-13 10:30:00,543.75,547.0,540.851,545.155,605
2020-11-13 11:30:00,545.155,546.81,541.71,541.71,1430
2020-11-13 12:30:00,544.0295,548.6057,542.75,546.3,1509
2020-11-13 13:30:00,547.24,549.89,545.0,546.0,1177
2020-11-13 14:30:00,545.0735,550.0,542.6724,544.025,1689
2020-11-13 15:30:00,542.44,550.0,542.05,548.6,595
2020-11-16 09:30:00,557.71,573.2,557.0,568.56,4081
2020-11-16 10:30:00,568.1806,571.6399,561.45,567.3,3058
2020-11-16 11:30:00,567.0,570.0,565.0001,569.0,2299
2020-11-16 12:30:00,567.85,575.79,567.85,572.75,2208
2020-11-16 13:30:00,572.75,574.88,568.02,569.99,1822
2020-11-16 14:30:00,569.99,577.03,569.99,577.03,2251
2020-11-16 15:30:00,576.0,579.9893,573.161,579.98,1346
