bar_start,open,high,low,close,volume
2016-01-26 09:30:00,54.1,54.49,53.4,54.28,7795302
2016-01-26 10:30:00,54.28,54.74,54.03,54.6699,3741731
2016-01-26 11:30:00,54.66,55.14,54.3799,55.0699,2915572
2016-01-26 12:30:00,55.0628,55.22,54.81,55.085,2409134
2016-01-26 13:30:00,55.09,55.13,54.7,54.77,2112754
2016-01-26 14:30:00,54.77,54.97,54.5444,54.78,2692565
2016-01-26 15:30:00,54.79,55.2,54.6,55.17,2926359
2016-01-27 09:30:00,54.8,55.3,54.2,54.62,6082506
2016-01-27 10:30:00,54.62,55.53,54.505,55.43,7274233
2016-01-27 11:30:00,55.44,56.25,55.43,55.97,4460237
2016-01-27 12:30:00,55.98,56.13,55.5901,55.66,3020967
2016-01-27 13:30:00,55.6651,56.42,55.16,55.73,5193835
2016-01-27 14:30:00,55.73,55.78,54.295,54.6,6814902
2016-01-27 15:30:00,54.6,55.2499,54.59,54.87,3048870
2016-01-28 09:30:00,56.97,57.19,55.67,55.69,13282129
2016-01-28 10:30:00,55.67,56.6,55.43,56.13,6249168
2016-01-28 11:30:00,56.14,56.51,55.7,56.46,4063807
2016-01-28 12:30:00,56.47,56.64,56.16,56.45,3927100
2016-01-28 13:30:00,56.43,56.58,56.19,56.4,2980539
2016-01-28 14:30:00,56.4,56.62,56.18,56.31,3489762
2016-01-28 15:30:00,56.31,56.68,56.29,56.61,2830386
2016-01-29 09:30:00,56.66,57.6,56.49,56.98,8470813
2016-01-29 10:30:00,56.99,57.375,56.74,56.92,3919154
2016-01-29 11:30:00,56.92,57.34,56.52,57.31,5943490
2016-01-29 12:30:00,57.32,57.68,57.2201,57.61,2421754
2016-01-29 13:30:00,57.61,57.73,57.38,57.69,2605264
2016-01-29 14:30:00,57.6899,58.04,57.64,58.0348,2647175
2016-01-29 15:30:00,58.03,58.27,57.935,58.23,4362179
2016-02-01 09:30:00,57.24,57.38,56.53,56.775,7947413
2016-02-01 10:30:00,56.77,57.06,56.65,56.82,3729351
2016-02-01 11:30:00,56.82,56.94,56.49,56.6,2548250
2016-02-01 12:30:00,56.59,56.6457,56.39,56.62,1908734
2016-02-01 13:30:00,56.62,57.08,56.485,57.04,3336440
2016-02-01 14:30:00,57.03,57.515,56.99,57.49,2807359
2016-02-01 15:30:00,57.49,57.67,56.828,57.2,4248625
2016-02-02 09:30:00,55.9,55.93,55.28,55.4775,6797938
2016-02-02 10:30:00,55.48,56.046,55.34,55.9,4146653
2016-02-02 11:30:00,55.9,56.095,55.515,55.78,2309266
2016-02-02 12:30:00,55.79,55.79,55.485,55.71,1691395
2016-02-02 13:30:00,55.71,55.719,55.26,55.29,2127237
2016-02-02 14:30:00,55.3,55.45,55.045,55.165,4394378
2016-02-02 15:30:00,55.165,55.4505,55.1197,55.3,2975550
2016-02-03 09:30:00,56.125,56.22,54.6,54.605,5090768
2016-02-03 10:30:00,54.61,56.23,54.11,56.08,8651340
2016-02-03 11:30:00,56.088,56.31,55.69,55.92,5198895
2016-02-03 12:30:00,55.93,56.29,55.6,55.93,2311848
2016-02-03 13:30:00,55.939,56.71,55.68,56.56,3831397
2016-02-03 14:30:00,56.55,57.24,56.4,56.7708,5358684
2016-02-03 15:30:00,56.78,57.35,56.66,57.33,4032569
2016-02-04 09:30:00,57.42,58.26,57.1,58.21,11276895
2016-02-04 10:30:00,58.21,58.5,57.36,57.52,6681473
2016-02-04 11:30:00,57.52,57.9,56.9995,57.55,4525919
2016-02-04 12:30:00,57.55,57.99,57.38,57.52,2598683
2016-02-04 13:30:00,57.52,57.81,57.16,57.18,3279720
2016-02-04 14:30:00,57.19,57.4,57.05,57.14,4391953
2016-02-04 15:30:00,57.15,57.33,57.06,57.28,3741553
2016-02-05 09:30:00,56.5,56.71,55.74,56.19,10225520
2016-02-05 10:30:00,56.18,56.75,56.03,56.31,4272955
2016-02-05 11:30:00,56.3,56.42,56.06,56.22,2275213
2016-02-05 12:30:00,56.21,56.3,55.91,55.985,2860858
2016-02-05 13:30:00,55.99,55.99,55.55,55.55,2818715
2016-02-05 14:30:00,55.56,55.95,55.46,55.92,3105070
2016-02-05 15:30:00,55.926,55.97,55.73,55.94,3500281
2016-02-08 09:30:00,54.83,54.89,54.0,54.29,9074557
2016-02-08 10:30:00,54.28,55.18,54.2599,55.09,4401094
2016-02-08 11:30:00,55.09,55.28,54.9,55.18,6567484
2016-02-08 12:30:00,55.185,55.22,54.76,54.89,3435094
2016-02-08 13:30:00,54.895,55.1,54.7,54.9574,1911807
2016-02-08 14:30:00,54.96,55.64,54.7799,55.51,4361155
2016-02-08 15:30:00,55.505,56.0,55.48,55.67,4559306
2016-02-09 09:30:00,54.82,55.49,54.65,55.22,7428875
2016-02-09 10:30:00,55.225,55.23,54.62,54.78,4539472
2016-02-09 11:30:00,54.78,54.9036,53.94,54.03,3464404
2016-02-09 12:30:00,54.0265,54.14,53.47,53.74,3191500
2016-02-09 13:30:00,53.745,54.08,53.44,53.81,3212796
2016-02-09 14:30:00,53.81,54.89,53.795,54.14,6971442
2016-02-09 15:30:00,54.14,54.57,54.13,54.32,4316996
2016-02-10 09:30:00,54.15,54.63,53.51,54.26,5846003
2016-02-10 10:30:00,54.27,55.32,53.79,54.42,9364403
2016-02-10 11:30:00,54.41,54.81,54.03,54.69,3260567
2016-02-10 12:30:00,54.695,55.02,54.49,54.55,2711310
2016-02-10 13:30:00,54.56,54.68,54.31,54.4,1590000
2016-02-10 14:30:00,54.3901,54.59,54.21,54.24,3410059
2016-02-10 15:30:00,54.24,54.37,54.05,54.11,2790506
2016-02-11 09:30:00,53.15,54.0699,52.76,53.25,6118521
2016-02-11 10:30:00,53.26,53.33,52.66,52.75,3632318
2016-02-11 11:30:00,52.7428,53.17,52.62,52.79,3972774
2016-02-11 12:30:00,52.79,53.06,52.638,52.81,2632273
2016-02-11 13:30:00,52.81,52.98,52.4,52.45,3299924
2016-02-11 14:30:00,52.44,54.1,52.37,53.57,18650661
2016-02-11 15:30:00,53.5699,54.27,53.5101,53.86,7121411
2016-02-12 09:30:00,54.6,54.91,54.11,54.45,7648681
2016-02-12 10:30:00,54.46,55.31,54.46,55.2899,4050874
2016-02-12 11:30:00,55.29,55.55,55.1439,55.21,3273012
2016-02-12 12:30:00,55.21,55.33,54.67,54.87,2898830
2016-02-12 13:30:00,54.87,55.15,54.74,55.05,2173751
2016-02-12 14:30:00,55.055,55.345,54.99,55.29,2254426
2016-02-12 15:30:00,55.29,55.305,55.06,55.3,2833910
2016-02-16 09:30:00,56.21,56.38,55.33,55.53,9019241
2016-02-16 10:30:00,55.53,55.6631,55.02,55.09,9877524
2016-02-16 11:30:00,55.09,55.7,55.08,55.43,4283601
2016-02-16 12:30:00,55.42,55.69,55.2867,55.6061,1991975
2016-02-16 13:30:00,55.61,55.79,55.5431,55.75,2340139
2016-02-16 14:30:00,55.75,55.87,55.6721,55.8,2617999
2016-02-16 15:30:00,55.81,55.87,55.63,55.84,2099260
2016-04-25 09:30:00,66.81,66.86,66.11,66.13,4085450
2016-04-25 10:30:00,66.1201,66.3111,65.9301,66.31,1845277
2016-04-25 11:30:00,66.3,66.36,65.84,66.05,1841403
2016-04-25 12:30:00,66.05,66.33,65.99,66.0299,1241156
2016-04-25 13:30:00,66.03,66.1,65.8301,65.92,1046160
2016-04-25 14:30:00,65.92,66.09,65.79,66.08,1710614
2016-04-25 15:30:00,66.07,66.32,66.05,66.28,3018457
2016-04-26 09:30:00,66.67,67.07,66.51,66.645,3686237
2016-04-26 10:30:00,66.659,66.92,66.57,66.9,2081974
2016-04-26 11:30:00,66.9095,67.28,66.9,67.1948,1355157
2016-04-26 12:30:00,67.195,67.22,67.035,67.18,1553198
2016-04-26 13:30:00,67.18,67.3778,67.1155,67.15,1388313
2016-04-26 14:30:00,67.155,67.25,67.09,67.19,1413039
2016-04-26 15:30:00,67.195,67.34,67.175,67.33,1372120
2016-04-27 09:30:00,67.7,68.735,67.66,68.57,3759512
2016-04-27 10:30:00,68.55,68.57,67.65,68.01,5726251
2016-04-27 11:30:00,68.0,68.275,67.78,68.2643,1931366
2016-04-27 12:30:00,68.26,68.27,68.041,68.18,1211940
2016-04-27 13:30:00,68.18,68.78,67.98,68.575,2479818
2016-04-27 14:30:00,68.58,68.67,68.39,68.639,2371215
2016-04-27 15:30:00,68.64,68.73,68.57,68.61,2430827
2016-04-28 09:30:00,68.32,68.62,67.9,68.45,3089453
2016-04-28 10:30:00,68.46,68.6,68.31,68.4999,1380395
2016-04-28 11:30:00,68.5,68.63,68.33,68.49,1422824
2016-04-28 12:30:00,68.4999,68.81,68.4628,68.653,1826280
2016-04-28 13:30:00,68.6701,68.82,68.55,68.5701,660088
2016-04-28 14:30:00,68.5799,68.6099,67.35,67.37,3052342
2016-04-28 15:30:00,67.38,67.76,67.38,67.62,3539263
2016-04-29 09:30:00,67.76,68.42,67.34,67.89,4499086
2016-04-29 10:30:00,67.89,68.093,66.77,66.77,3576091
2016-04-29 11:30:00,66.77,67.06,66.47,67.02,3209797
2016-04-29 12:30:00,67.01,67.31,66.97,67.044,1349042
2016-04-29 13:30:00,67.05,67.1301,66.61,67.06,1765938
2016-04-29 14:30:00,67.0674,67.34,66.79,67.12,2643522
2016-04-29 15:30:00,67.12,67.68,67.12,67.4701,4637729
2016-05-02 09:30:00,67.35,67.49,66.735,67.26,5793416
2016-05-02 10:30:00,67.25,67.62,67.04,67.1725,1702691
2016-05-02 11:30:00,67.18,67.32,66.6,66.61,1355113
2016-05-02 12:30:00,66.61,67.44,66.61,67.41,1598687
2016-05-02 13:30:00,67.41,67.6648,67.2627,67.4201,1712068
2016-05-02 14:30:00,67.42,67.535,67.2764,67.335,1381336
2016-05-02 15:30:00,67.34,67.5201,67.2487,67.44,1343748
2016-05-03 09:30:00,66.52,66.64,65.68,65.73,4716227
2016-05-03 10:30:00,65.74,65.94,65.47,65.71,2223652
2016-05-03 11:30:00,65.72,65.93,65.43,65.48,1573765
2016-05-03 12:30:00,65.4701,65.86,65.4701,65.85,1402808
2016-05-03 13:30:00,65.85,66.02,65.525,65.69,1426752
2016-05-03 14:30:00,65.7,65.84,65.6,65.71,1465373
2016-05-03 15:30:00,65.711,65.9,65.605,65.82,2505815
2016-05-04 09:30:00,65.88,66.34,65.64,65.7701,4070827
2016-05-04 10:30:00,65.8,65.86,64.5,64.75,4091169
2016-05-04 11:30:00,64.76,65.11,64.6501,64.9968,3330292
2016-05-04 12:30:00,65.0,65.09,64.61,64.8089,1356962
2016-05-04 13:30:00,64.81,65.02,64.6464,65.02,1980266
2016-05-04 14:30:00,65.02,65.02,64.675,64.68,1392394
2016-05-04 15:30:00,64.671,65.0,64.67,64.87,2329461
2016-05-05 09:30:00,65.99,66.35,65.66,65.9001,5259620
2016-05-05 10:30:00,65.9099,66.1,65.63,65.8,1769169
2016-05-05 11:30:00,65.8,65.8999,65.3706,65.4,1151171
2016-05-05 12:30:00,65.41,65.8285,64.88,64.885,1159358
2016-05-05 13:30:00,64.89,65.36,64.89,65.33,1322470
2016-05-05 14:30:00,65.32,65.49,65.2,65.3499,2038344
2016-05-05 15:30:00,65.35,65.46,65.28,65.44,1404494
2016-05-06 09:30:00,65.0,66.07,64.83,65.77,3449473
2016-05-06 10:30:00,65.77,65.92,65.3201,65.815,2348400
2016-05-06 11:30:00,65.81,65.9,65.34,65.345,1152430
2016-05-06 12:30:00,65.35,65.66,65.3,65.483,1048627
2016-05-06 13:30:00,65.48,65.67,65.34,65.54,1035887
2016-05-06 14:30:00,65.55,65.55,65.38,65.395,955369
2016-05-06 15:30:00,65.405,65.415,65.07,65.24,1730951
2016-05-09 09:30:00,64.9,65.04,63.95,64.1301,4354396
2016-05-09 10:30:00,64.14,64.2701,63.5,63.7101,2804000
2016-05-09 11:30:00,63.72,64.01,63.6035,63.96,1401676
2016-05-09 12:30:00,63.97,64.25,63.845,64.195,1039623
2016-05-09 13:30:00,64.19,64.29,64.0001,64.17,1243287
2016-05-09 14:30:00,64.18,64.42,64.165,64.3538,1551282
2016-05-09 15:30:00,64.35,64.4,64.28,64.33,2110377
2016-05-10 09:30:00,64.65,65.24,64.62,64.95,3069934
2016-05-10 10:30:00,64.97,65.2899,64.8275,65.025,1643935
2016-05-10 11:30:00,65.02,65.28,64.95,65.19,992299
2016-05-10 12:30:00,65.19,65.24,65.12,65.19,688595
2016-05-10 13:30:00,65.19,65.39,64.66,65.38,671809
2016-05-10 14:30:00,65.38,65.4,65.19,65.32,962831
2016-05-10 15:30:00,65.31,68.51,65.0,65.44,1822663
2016-05-11 09:30:00,65.29,65.37,64.76,65.09,2573901
2016-05-11 10:30:00,65.09,66.06,65.09,65.9801,4978655
2016-05-11 11:30:00,65.9966,66.23,65.922,66.0,1053989
2016-05-11 12:30:00,65.99,66.08,65.87,66.04,783796
2016-05-11 13:30:00,66.03,66.095,65.78,65.89,1405444
2016-05-11 14:30:00,65.89,65.97,65.74,65.77,1273917
2016-05-11 15:30:00,65.78,65.84,65.5601,65.65,1504533
2016-05-12 09:30:00,66.24,66.74,65.58,65.8399,4137178
2016-05-12 10:30:00,65.83,65.94,65.33,65.5599,1903620
2016-05-12 11:30:00,65.56,65.75,65.43,65.59,1203911
2016-05-12 12:30:00,65.58,65.84,65.57,65.74,987849
2016-05-12 13:30:00,65.749,65.98,65.59,65.8299,1745927
2016-05-12 14:30:00,65.82,65.97,65.71,65.94,973775
2016-05-12 15:30:00,65.94,65.94,65.74,65.85,1324796
2016-07-25 09:30:00,67.87,68.08,67.2,67.3,3450429
2016-07-25 10:30:00,67.305,67.305,66.86,67.025,1907122
2016-07-25 11:30:00,67.02,67.1,66.83,66.85,1404824
2016-07-25 12:30:00,66.8501,66.91,66.71,66.85,926239
2016-07-25 13:30:00,66.845,67.02,66.81,66.905,1648738
2016-07-25 14:30:00,66.909,66.97,66.75,66.785,1210670
2016-07-25 15:30:00,66.785,66.98,66.77,66.98,1665551
2016-07-26 09:30:00,66.64,67.239,66.53,67.0099,3783818
2016-07-26 10:30:00,67.0,67.03,66.5681,66.94,1776081
2016-07-26 11:30:00,66.935,67.24,66.88,67.19,1324421
2016-07-26 12:30:00,67.19,67.29,67.08,67.14,1108716
2016-07-26 13:30:00,67.13,67.21,66.95,67.1237,840455
2016-07-26 14:30:00,67.13,67.369,67.088,67.36,993862
2016-07-26 15:30:00,67.36,67.41,67.34,67.37,1180723
2016-07-27 09:30:00,67.55,67.93,67.4,67.7199,2841250
2016-07-27 10:30:00,67.71,67.715,66.57,66.695,4332355
2016-07-27 11:30:00,66.69,66.74,66.48,66.56,1250249
2016-07-27 12:30:00,66.57,66.67,66.4,66.475,1272758
2016-07-27 13:30:00,66.475,66.82,66.4,66.64,2250845
2016-07-27 14:30:00,66.6358,66.9,66.6,66.76,1919523
2016-07-27 15:30:00,66.77,66.81,66.53,66.67,1675914
2016-07-28 09:30:00,66.65,67.02,66.37,66.4901,2745065
2016-07-28 10:30:00,66.5,66.79,66.23,66.57,2015554
2016-07-28 11:30:00,66.57,66.77,66.45,66.595,1219415
2016-07-28 12:30:00,66.6,66.64,66.4,66.51,1335037
2016-07-28 13:30:00,66.515,66.7435,66.41,66.61,916235
2016-07-28 14:30:00,66.61,66.73,66.58,66.63,1170801
2016-07-28 15:30:00,66.63,66.79,66.62,66.69,1254087
2016-07-29 09:30:00,65.75,66.18,65.69,65.9599,4280690
2016-07-29 10:30:00,65.9599,66.99,65.89,66.74,3855258
2016-07-29 11:30:00,66.74,67.01,66.62,66.83,1786324
2016-07-29 12:30:00,66.83,67.06,66.705,66.96,1311655
2016-07-29 13:30:00,66.97,67.36,66.95,67.335,1444093
2016-07-29 14:30:00,67.34,67.34,67.16,67.215,1212918
2016-07-29 15:30:00,67.22,67.46,67.19,67.39,2071175
2016-08-01 09:30:00,66.8,66.84,65.92,65.9401,4373692
2016-08-01 10:30:00,65.9458,66.13,65.56,65.57,2550852
2016-08-01 11:30:00,65.57,65.6506,65.27,65.32,4400300
2016-08-01 12:30:00,65.31,65.42,65.25,65.33,2876708
2016-08-01 13:30:00,65.33,65.37,65.12,65.17,2494979
2016-08-01 14:30:00,65.17,65.22,64.96,64.97,2903927
2016-08-01 15:30:00,64.98,65.21,64.93,65.19,7131392
2016-08-02 09:30:00,65.62,66.07,65.36,65.53,5320722
2016-08-02 10:30:00,65.53,65.58,65.03,65.15,3230037
2016-08-02 11:30:00,65.16,65.1699,60.38,65.0338,3020114
2016-08-02 12:30:00,65.03,65.57,64.57,64.705,2089622
2016-08-02 13:30:00,64.71,65.1901,64.635,65.1774,2020798
2016-08-02 14:30:00,65.17,65.425,65.13,65.38,2369545
2016-08-02 15:30:00,65.38,65.74,65.37,65.74,4990568
2016-08-03 09:30:00,65.84,66.155,65.5,66.075,3860768
2016-08-03 10:30:00,66.07,66.54,65.67,66.33,5728590
2016-08-03 11:30:00,66.33,66.7297,66.2748,66.6331,1926325
2016-08-03 12:30:00,66.64,66.76,66.5505,66.69,1272260
2016-08-03 13:30:00,66.68,66.739,66.48,66.4893,1183784
2016-08-03 14:30:00,66.48,66.81,66.43,66.8,1128602
2016-08-03 15:30:00,66.8,67.05,66.74,67.04,4254366
2016-08-04 09:30:00,66.77,67.25,66.54,66.735,3629777
2016-08-04 10:30:00,66.74,67.2362,66.6232,67.15,1799433
2016-08-04 11:30:00,67.14,67.38,66.675,67.18,1426663
2016-08-04 12:30:00,67.19,67.29,67.0,67.0276,2013797
2016-08-04 13:30:00,67.025,67.14,66.75,66.79,1452039
2016-08-04 14:30:00,66.7963,66.845,65.499,66.69,668174
2016-08-04 15:30:00,66.7,66.91,66.69,66.9,3537431
2016-08-05 09:30:00,66.96,67.27,66.84,67.0999,3035721
2016-08-05 10:30:00,67.09,67.31,66.84,67.1835,1976487
2016-08-05 11:30:00,67.18,67.49,67.17,67.44,1209711
2016-08-05 12:30:00,67.44,67.4675,67.26,67.33,831236
2016-08-05 13:30:00,67.33,67.59,66.9665,67.57,1218288
2016-08-05 14:30:00,67.566,67.62,67.49,67.5165,1035662
2016-08-05 15:30:00,67.51,67.565,67.49,67.55,1516641
2016-08-08 09:30:00,68.0,68.61,67.98,68.5799,3432100
2016-08-08 10:30:00,68.58,68.86,68.53,68.75,1727073
2016-08-08 11:30:00,68.76,68.89,68.575,68.6,990157
2016-08-08 12:30:00,68.591,68.76,68.56,68.685,962395
2016-08-08 13:30:00,68.68,68.83,68.54,68.56,1329156
2016-08-08 14:30:00,68.5636,68.6,68.4,68.45,1234360
2016-08-08 15:30:00,68.45,68.47,68.39,68.41,1561988
2016-08-09 09:30:00,68.62,68.73,68.195,68.39,2783252
2016-08-09 10:30:00,68.4462,68.4462,68.15,68.33,1718046
2016-08-09 11:30:00,68.34,68.415,68.16,68.1699,691766
2016-08-09 12:30:00,68.161,68.2309,67.945,67.98,1399351
2016-08-09 13:30:00,67.971,68.1,67.91,67.91,904203
2016-08-09 14:30:00,67.91,67.94,67.8001,67.92,1742401
2016-08-09 15:30:00,67.91,68.06,67.9,68.05,1525098
2016-08-10 09:30:00,68.21,68.28,67.91,68.03,2703438
2016-08-10 10:30:00,68.035,68.36,67.686,67.719,4332568
2016-08-10 11:30:00,67.7012,67.76,67.57,67.7438,1095000
2016-08-10 12:30:00,67.74,67.75,67.59,67.71,581956
2016-08-10 13:30:00,67.71,67.75,67.4081,67.45,1787013
2016-08-10 14:30:00,67.45,67.455,67.2,67.31,2852587
2016-08-10 15:30:00,67.32,67.35,67.19,67.345,2881172
2016-08-11 09:30:00,67.67,68.0,67.47,67.9599,3852098
2016-08-11 10:30:00,67.95,68.4,67.93,68.35,3100232
2016-08-11 11:30:00,68.35,68.56,68.29,68.55,1957404
2016-08-11 12:30:00,68.54,68.61,68.38,68.4,1460211
2016-08-11 13:30:00,68.4001,68.58,68.38,68.499,1563428
2016-08-11 14:30:00,68.5,68.5,68.26,68.26,1535446
2016-08-11 15:30:00,68.27,68.39,68.24,68.31,2399842
2016-10-24 09:30:00,70.19,70.43,70.01,70.0354,1848117
2016-10-24 10:30:00,70.0327,70.16,69.92,70.04,857332
2016-10-24 11:30:00,70.04,70.105,69.34,69.35,1976865
2016-10-24 12:30:00,69.35,69.73,69.2101,69.63,2345767
2016-10-24 13:30:00,69.64,69.86,69.54,69.85,782182
2016-10-24 14:30:00,69.84,69.94,69.8,69.84,811837
2016-10-24 15:30:00,69.83,70.04,69.8,69.97,1182572
2016-10-25 09:30:00,69.96,70.71,69.9,70.3842,2948051
2016-10-25 10:30:00,70.39,70.41,69.74,70.06,2855595
2016-10-25 11:30:00,70.045,70.13,69.66,69.83,1224554
2016-10-25 12:30:00,69.825,69.94,69.77,69.79,936429
2016-10-25 13:30:00,69.79,69.9499,69.76,69.8,789370
2016-10-25 14:30:00,69.8,69.84,69.54,69.704,1186366
2016-10-25 15:30:00,69.71,69.71,69.55,69.62,1731595
2016-10-26 09:30:00,69.06,69.35,68.92,69.21,3258619
2016-10-26 10:30:00,69.11,70.115,69.0,69.86,5074984
2016-10-26 11:30:00,69.85,69.88,69.41,69.5167,1300554
2016-10-26 12:30:00,69.53,69.56,69.0981,69.3,1244578
2016-10-26 13:30:00,69.3,69.41,69.12,69.34,790375
2016-10-26 14:30:00,69.34,69.8,69.26,69.7173,1963159
2016-10-26 15:30:00,69.71,69.83,69.66,69.81,1816859
2016-10-27 09:30:00,70.11,70.22,69.5399,69.82,3350628
2016-10-27 10:30:00,69.82,70.06,69.73,69.8499,1770154
2016-10-27 11:30:00,69.85,70.17,69.8,70.16,1760240
2016-10-27 12:30:00,70.1676,70.21,69.9927,70.02,1232005
2016-10-27 13:30:00,70.0273,70.09,69.77,69.85,606946
2016-10-27 14:30:00,69.85,69.85,69.7,69.765,1021573
2016-10-27 15:30:00,69.76,69.76,69.535,69.57,1912371
2016-10-28 09:30:00,69.44,70.03,69.41,69.92,2875949
2016-10-28 10:30:00,69.92,70.39,69.8099,70.2601,1718588
2016-10-28 11:30:00,70.27,70.43,70.0021,70.08,941673
2016-10-28 12:30:00,70.09,70.1975,69.67,69.82,1869044
2016-10-28 13:30:00,69.82,69.85,68.93,69.39,5043742
2016-10-28 14:30:00,69.39,69.68,69.31,69.6,3043549
2016-10-28 15:30:00,69.6,69.6,69.26,69.35,2309310
2016-10-31 09:30:00,69.12,69.49,69.03,69.07,2345037
2016-10-31 10:30:00,69.06,69.09,68.64,69.09,2287859
2016-10-31 11:30:00,69.09,69.23,68.8,68.83,1659502
2016-10-31 12:30:00,68.84,68.96,68.6541,68.69,973530
2016-10-31 13:30:00,68.69,68.84,68.62,68.6231,820426
2016-10-31 14:30:00,68.63,68.71,68.5,68.66,1837262
2016-10-31 15:30:00,68.66,68.71,68.52,68.6,2016981
2016-11-01 09:30:00,69.13,69.38,68.61,68.75,3738143
2016-11-01 10:30:00,68.75,68.89,68.56,68.83,1914742
2016-11-01 11:30:00,68.83,68.83,68.26,68.26,1116252
2016-11-01 12:30:00,68.27,68.47,68.23,68.45,1501400
2016-11-01 13:30:00,68.45,68.4569,67.8774,68.28,2015661
2016-11-01 14:30:00,68.28,68.52,68.178,68.5171,2809831
2016-11-01 15:30:00,68.5162,68.7,68.39,68.67,2813127
2016-11-02 09:30:00,68.0,68.22,67.64,67.8,2630183
2016-11-02 10:30:00,67.81,67.83,67.0,67.5,7109243
2016-11-02 11:30:00,67.5,67.77,67.16,67.74,2229735
2016-11-02 12:30:00,67.74,68.04,67.59,67.62,1473469
2016-11-02 13:30:00,67.61,67.7247,67.2699,67.52,2719643
2016-11-02 14:30:00,67.51,68.16,67.5,68.07,3391268
2016-11-02 15:30:00,68.08,68.08,67.78,67.82,1757083
2016-11-03 09:30:00,67.87,68.26,67.75,68.0,2838173
2016-11-03 10:30:00,67.99,68.12,67.755,68.0628,1759859
2016-11-03 11:30:00,68.07,68.23,67.812,67.82,1516004
2016-11-03 12:30:00,67.82,67.85,67.5,67.76,1098948
2016-11-03 13:30:00,67.76,68.02,67.64,68.01,1257097
2016-11-03 14:30:00,68.02,68.1499,67.8955,68.13,1239760
2016-11-03 15:30:00,68.135,68.16,67.8868,68.11,2403338
2016-11-04 09:30:00,67.8,68.19,67.36,67.59,3931726
2016-11-04 10:30:00,67.585,68.46,67.52,68.06,6405532
2016-11-04 11:30:00,68.06,68.28,67.83,68.1,1947924
2016-11-04 12:30:00,68.11,68.32,67.9732,68.14,886108
2016-11-04 13:30:00,68.14,68.2912,68.1,68.21,915847
2016-11-04 14:30:00,68.21,68.215,67.81,67.96,1600901
2016-11-04 15:30:00,67.9501,67.97,67.74,67.77,1624607
2016-11-07 09:30:00,68.63,69.0999,68.54,69.03,3002429
2016-11-07 10:30:00,69.03,69.06,68.64,68.935,2462953
2016-11-07 11:30:00,68.94,69.08,68.9,68.99,1210326
2016-11-07 12:30:00,68.99,69.01,68.84,68.8995,923041
2016-11-07 13:30:00,68.8999,69.165,68.87,69.15,1095529
2016-11-07 14:30:00,69.15,69.17,68.89,68.96,976256
2016-11-07 15:30:00,68.9601,69.25,68.84,69.22,2607348
2016-11-08 09:30:00,68.89,69.1601,68.79,69.14,2131523
2016-11-08 10:30:00,69.14,69.71,69.04,69.42,2141658
2016-11-08 11:30:00,69.42,69.6,69.29,69.48,1379945
2016-11-08 12:30:00,69.47,69.7,69.41,69.56,882667
2016-11-08 13:30:00,69.5599,69.67,69.25,69.3,911544
2016-11-08 14:30:00,69.29,69.48,69.0638,69.45,1111633
2016-11-08 15:30:00,69.45,69.62,69.26,69.33,2107487
2016-11-09 09:30:00,69.56,70.0,68.75,69.42,7336930
2016-11-09 10:30:00,69.41,69.94,69.1284,69.8808,3789614
2016-11-09 11:30:00,69.89,70.67,69.8714,70.1909,4067923
2016-11-09 12:30:00,70.2,70.534,70.13,70.401,1831374
2016-11-09 13:30:00,70.4,70.66,70.33,70.53,1446523
2016-11-09 14:30:00,70.53,70.97,70.5,70.73,2082595
2016-11-09 15:30:00,70.73,70.8851,70.28,70.48,4326909
2016-11-10 09:30:00,70.36,70.97,70.21,70.92,5306208
2016-11-10 10:30:00,70.93,70.965,70.16,70.56,4184117
2016-11-10 11:30:00,70.56,71.06,70.49,70.97,2726115
2016-11-10 12:30:00,70.975,71.17,70.81,71.12,1431997
2016-11-10 13:30:00,71.11,71.28,71.0,71.03,1836393
2016-11-10 14:30:00,71.03,71.07,70.71,70.82,2186921
2016-11-10 15:30:00,70.82,70.87,70.67,70.73,2277563
2017-01-24 09:30:00,74.04,74.23,73.9,73.945,2296960
2017-01-24 10:30:00,73.94,74.25,73.9,74.21,788448
2017-01-24 11:30:00,74.22,74.63,74.19,74.53,956774
2017-01-24 12:30:00,74.54,74.75,74.5191,74.604,1002638
2017-01-24 13:30:00,74.6,74.8099,74.595,74.75,914116
2017-01-24 14:30:00,74.751,74.88,74.5799,74.71,1665900
2017-01-24 15:30:00,74.705,74.73,74.52,74.54,2630161
2017-01-25 09:30:00,74.58,75.02,74.56,74.87,1794912
2017-01-25 10:30:00,74.86,75.19,74.7,75.005,1634156
2017-01-25 11:30:00,75.0,75.06,74.89,74.9669,740211
2017-01-25 12:30:00,74.9601,74.99,74.92,74.93,923941
2017-01-25 13:30:00,74.925,74.976,74.84,74.95,911938
2017-01-25 14:30:00,74.955,74.98,74.8,74.915,864071
2017-01-25 15:30:00,74.915,75.04,74.87,74.96,1674948
2017-01-26 09:30:00,75.19,75.31,75.06,75.2,2069835
2017-01-26 10:30:00,75.2,75.3,74.9,74.96,1412088
2017-01-26 11:30:00,74.9699,75.11,74.94,75.02,619053
2017-01-26 12:30:00,75.01,75.19,74.931,75.05,527595
2017-01-26 13:30:00,75.05,75.1,74.98,75.067,613711
2017-01-26 14:30:00,75.07,75.11,74.84,74.965,1426118
2017-01-26 15:30:00,74.96,75.03,74.88,74.98,1507700
2017-01-27 09:30:00,74.55,74.63,74.35,74.52,2328960
2017-01-27 10:30:00,74.52,74.56,74.24,74.4,1442506
2017-01-27 11:30:00,74.405,74.42,74.21,74.225,915855
2017-01-27 12:30:00,74.21,74.225,73.7667,74.095,980458
2017-01-27 13:30:00,74.09,77.2,74.05,74.19,674638
2017-01-27 14:30:00,74.19,74.26,74.14,74.155,1344429
2017-01-27 15:30:00,74.155,74.24,74.08,74.21,1831541
2017-01-30 09:30:00,73.89,73.93,72.95,72.97,3566882
2017-01-30 10:30:00,72.97,72.99,72.36,72.47,1802062
2017-01-30 11:30:00,72.47,72.84,72.47,72.77,1220723
2017-01-30 12:30:00,72.765,72.77,72.59,72.66,865894
2017-01-30 13:30:00,72.66,72.74,72.53,72.71,883421
2017-01-30 14:30:00,72.71,72.76,72.48,72.55,1391629
2017-01-30 15:30:00,72.55,72.91,72.53,72.85,2726250
2017-01-31 09:30:00,72.91,73.02,72.211,72.3399,2503626
2017-01-31 10:30:00,72.33,72.91,72.13,72.33,2185435
2017-01-31 11:30:00,72.33,72.63,72.31,72.56,783914
2017-01-31 12:30:00,72.56,72.61,72.5,72.59,719784
2017-01-31 13:30:00,72.59,72.6,72.3748,72.4659,1578648
2017-01-31 14:30:00,72.46,72.69,72.39,72.62,1819124
2017-01-31 15:30:00,72.62,72.9,72.59,72.87,3220840
2017-02-01 09:30:00,73.29,73.385,72.45,72.5,2607982
2017-02-01 10:30:00,72.5,72.52,72.125,72.36,3200684
2017-02-01 11:30:00,72.36,72.46,71.95,72.06,1982551
2017-02-01 12:30:00,72.06,72.1167,71.91,71.945,1055517
2017-02-01 13:30:00,71.945,72.472,71.93,72.44,2962238
2017-02-01 14:30:00,72.44,72.44,72.08,72.24,2162609
2017-02-01 15:30:00,72.24,72.41,72.22,72.34,2895445
2017-02-02 09:30:00,72.48,72.57,71.9,72.05,2349248
2017-02-02 10:30:00,72.05,72.59,71.91,72.56,2114587
2017-02-02 11:30:00,72.55,72.63,72.44,72.525,1154460
2017-02-02 12:30:00,72.5239,72.89,72.4999,72.753,1283919
2017-02-02 13:30:00,72.75,72.9,72.57,72.5737,1842979
2017-02-02 14:30:00,72.57,72.849,72.33,72.58,1316820
2017-02-02 15:30:00,72.5801,72.8725,72.5101,72.78,2215140
2017-02-03 09:30:00,73.06,73.48,72.63,73.42,2974357
2017-02-03 10:30:00,73.41,73.78,73.33,73.43,2530852
2017-02-03 11:30:00,73.43,73.515,73.295,73.41,713523
2017-02-03 12:30:00,73.42,73.46,73.31,73.36,598669
2017-02-03 13:30:00,73.36,73.4467,73.31,73.38,545856
2017-02-03 14:30:00,73.385,73.475,73.38,73.395,1170351
2017-02-03 15:30:00,73.3925,73.5,73.37,73.42,1762915
2017-02-06 09:30:00,73.51,73.65,73.01,73.1,1984912
2017-02-06 10:30:00,73.1087,73.15,72.9401,73.12,1256815
2017-02-06 11:30:00,73.12,73.15,72.79,72.805,1423909
2017-02-06 12:30:00,72.805,72.8231,72.63,72.72,861118
2017-02-06 13:30:00,72.72,72.78,72.57,72.72,949522
2017-02-06 14:30:00,72.72,72.7938,72.6646,72.72,1072934
2017-02-06 15:30:00,72.715,72.8,72.67,72.77,1402105
2017-02-07 09:30:00,72.46,72.8,72.31,72.49,2654699
2017-02-07 10:30:00,72.49,72.5875,72.02,72.02,1541422
2017-02-07 11:30:00,72.02,72.07,71.45,71.55,2071175
2017-02-07 12:30:00,71.5493,71.63,71.37,71.63,1658971
2017-02-07 13:30:00,71.628,71.87,71.54,71.67,1536835
2017-02-07 14:30:00,71.66,71.94,71.655,71.89,1227897
2017-02-07 15:30:00,71.89,71.89,71.68,71.73,2789941
2017-02-08 09:30:00,71.42,71.45,70.65,71.24,5129731
2017-02-08 10:30:00,71.24,72.08,71.12,71.945,3286441
2017-02-08 11:30:00,71.95,72.7959,70.805,71.64,844800
2017-02-08 12:30:00,71.64,71.96,71.64,71.885,1712435
2017-02-08 13:30:00,71.88,71.94,71.7825,71.84,764524
2017-02-08 14:30:00,71.84,71.97,71.84,71.8801,1194502
2017-02-08 15:30:00,71.885,71.995,71.86,71.94,1946383
2017-02-09 09:30:00,72.35,72.76,72.35,72.76,2477766
2017-02-09 10:30:00,72.75,72.95,72.66,72.68,1086602
2017-02-09 11:30:00,72.69,72.83,72.655,72.72,821523
2017-02-09 12:30:00,72.73,72.8463,72.6425,72.84,410596
2017-02-09 13:30:00,72.84,72.85,72.73,72.76,392402
2017-02-09 14:30:00,72.76,72.93,72.67,72.73,851188
2017-02-09 15:30:00,72.74,72.85,72.66,72.75,2246309
2017-02-10 09:30:00,73.31,73.69,73.06,73.14,3317834
2017-02-10 10:30:00,73.14,73.41,73.14,73.39,950870
2017-02-10 11:30:00,73.3939,73.54,73.37,73.5001,1169886
2017-02-10 12:30:00,73.51,73.63,73.41,73.41,878477
2017-02-10 13:30:00,73.41,73.4835,73.27,73.28,571913
2017-02-10 14:30:00,73.28,73.31,73.14,73.2242,1438563
2017-02-10 15:30:00,73.225,73.38,73.21,73.31,1425392
2017-02-13 09:30:00,73.13,73.43,73.02,73.3099,2492706
2017-02-13 10:30:00,73.3067,73.7683,73.08,73.18,1712138
2017-02-13 11:30:00,73.18,73.18,72.99,73.1372,680707
2017-02-13 12:30:00,73.13,73.39,73.1,73.39,494799
2017-02-13 13:30:00,73.38,73.43,73.27,73.37,555858
2017-02-13 14:30:00,73.38,73.4355,73.33,73.37,631455
2017-02-13 15:30:00,73.37,73.45,73.33,73.4,1129944
2017-02-14 09:30:00,73.63,73.64,72.9,72.92,2252451
2017-02-14 10:30:00,72.93,73.01,72.74,72.94,1704138
2017-02-14 11:30:00,72.96,73.06,72.8357,73.05,1098926
2017-02-14 12:30:00,73.055,73.41,73.04,73.4,698154
2017-02-14 13:30:00,73.4,73.45,73.32,73.36,1494858
2017-02-14 14:30:00,73.36,73.56,73.3,73.555,1505779
2017-02-14 15:30:00,73.56,73.69,73.54,73.67,1890347
2017-02-15 09:30:00,73.44,73.76,73.36,73.46,1718382
2017-02-15 10:30:00,73.45,73.675,73.29,73.41,1887741
2017-02-15 11:30:00,73.42,73.42,73.13,73.265,1101990
2017-02-15 12:30:00,73.25,73.35,73.23,73.28,882189
2017-02-15 13:30:00,73.28,73.49,73.27,73.392,695069
2017-02-15 14:30:00,73.39,73.53,73.3,73.45,1039341
2017-02-15 15:30:00,73.45,73.5,73.31,73.35,1032859
2017-02-16 09:30:00,73.44,73.54,72.37,72.93,1770902
2017-02-16 10:30:00,72.93,73.1,72.63,72.71,1592270
2017-02-16 11:30:00,72.725,72.725,72.58,72.69,1602951
2017-02-16 12:30:00,72.69,72.7881,72.49,72.555,991963
2017-02-16 13:30:00,72.55,72.56,72.34,72.38,1165493
2017-02-16 14:30:00,72.38,72.49,72.34,72.39,1628608
2017-02-16 15:30:00,72.39,72.4,72.26,72.33,1947374
2017-02-17 09:30:00,72.0,72.21,71.8,72.01,3113148
2017-02-17 10:30:00,72.02,72.09,71.78,71.91,2892517
2017-02-17 11:30:00,71.91,71.95,71.795,71.81,864519
2017-02-17 12:30:00,71.81,71.8639,71.74,71.8,1015761
2017-02-17 13:30:00,71.8,71.92,71.75,71.91,747307
2017-02-17 14:30:00,71.91,71.93,71.79,71.865,683055
2017-02-17 15:30:00,71.87,71.96,71.865,71.95,1809904
2017-02-21 09:30:00,72.63,72.85,72.35,72.79,3984719
2017-02-21 10:30:00,72.79,72.82,72.6,72.626,1137387
2017-02-21 11:30:00,72.626,72.82,72.49,72.7599,1095265
2017-02-21 12:30:00,72.76,72.78,72.62,72.63,606432
2017-02-21 13:30:00,72.63,72.675,72.56,72.64,524202
2017-02-21 14:30:00,72.64,72.645,72.465,72.555,1816174
2017-02-21 15:30:00,72.555,72.56,72.45,72.49,1837828
2017-04-24 09:30:00,68.29,68.44,68.04,68.3,2963289
2017-04-24 10:30:00,68.29,68.345,68.0218,68.0458,2528741
2017-04-24 11:30:00,68.04,68.255,67.98,68.24,2102980
2017-04-24 12:30:00,68.2401,68.3799,68.185,68.37,1231076
2017-04-24 13:30:00,68.3601,68.47,68.24,68.36,1456665
2017-04-24 14:30:00,68.36,69.31,67.8013,68.255,1013575
2017-04-24 15:30:00,68.26,68.3,68.13,68.17,1604710
2017-04-25 09:30:00,68.36,68.75,68.15,68.624,3534106
2017-04-25 10:30:00,68.6241,68.66,68.42,68.46,1736305
2017-04-25 11:30:00,68.46,68.63,68.3071,68.52,1191310
2017-04-25 12:30:00,68.52,68.64,68.371,68.56,1151091
2017-04-25 13:30:00,68.565,68.76,68.48,68.7,1184827
2017-04-25 14:30:00,68.7,68.82,68.555,68.7333,1864410
2017-04-25 15:30:00,68.73,68.93,68.7,68.81,3488735
2017-04-26 09:30:00,68.45,68.91,68.42,68.88,1966814
2017-04-26 10:30:00,68.88,69.47,68.88,69.33,4842874
2017-04-26 11:30:00,69.33,69.3706,68.9364,68.991,1641257
2017-04-26 12:30:00,69.0,69.155,68.89,68.9,1176830
2017-04-26 13:30:00,68.9,69.13,68.78,68.9,4392799
2017-04-26 14:30:00,68.89,68.94,68.78,68.85,2180110
2017-04-26 15:30:00,68.854,68.89,68.5,68.55,2187196
2017-04-27 09:30:00,68.01,68.08,67.57,67.6299,4323575
2017-04-27 10:30:00,67.63,67.65,67.22,67.39,4267996
2017-04-27 11:30:00,67.4,67.42,67.115,67.36,2178122
2017-04-27 12:30:00,67.36,68.5606,67.36,67.55,1972079
2017-04-27 13:30:00,67.55,67.73,67.49,67.61,1716098
2017-04-27 14:30:00,67.61,68.5606,67.605,67.725,2084041
2017-04-27 15:30:00,67.73,67.8,67.68,67.78,2751620
2017-04-28 09:30:00,68.37,68.5,68.005,68.175,4902448
2017-04-28 10:30:00,68.17,68.24,67.92,67.96,1962618
2017-04-28 11:30:00,67.96,67.98,67.735,67.83,1582574
2017-04-28 12:30:00,67.84,67.97,67.7969,67.93,1073099
2017-04-28 13:30:00,67.93,68.1242,67.9137,68.065,981952
2017-04-28 14:30:00,68.06,68.15,68.01,68.06,1164135
2017-04-28 15:30:00,68.05,68.05,67.77,67.83,2194492
2017-05-01 09:30:00,67.82,67.93,67.4901,67.59,1860495
2017-05-01 10:30:00,67.5899,69.0093,67.51,67.86,1340766
2017-05-01 11:30:00,67.865,68.009,67.75,67.8,1237795
2017-05-01 12:30:00,67.808,67.84,67.585,67.655,1187895
2017-05-01 13:30:00,67.651,67.88,67.65,67.845,766533
2017-05-01 14:30:00,67.84,67.85,67.67,67.75,918373
2017-05-01 15:30:00,67.75,67.82,67.68,67.69,1616864
2017-05-02 09:30:00,67.79,68.01,67.63,67.82,3089693
2017-05-02 10:30:00,67.83,67.91,67.5669,67.64,1785036
2017-05-02 11:30:00,67.63,67.74,67.4511,67.64,2285297
2017-05-02 12:30:00,67.64,67.74,67.59,67.69,917908
2017-05-02 13:30:00,67.6835,67.71,67.32,67.32,2204698
2017-05-02 14:30:00,67.32,67.3457,67.03,67.175,2402232
2017-05-02 15:30:00,67.17,67.35,67.1601,67.32,2540287
2017-05-03 09:30:00,67.16,67.545,67.0,67.53,2745937
2017-05-03 10:30:00,67.53,67.53,66.96,67.28,3661080
2017-05-03 11:30:00,67.28,67.4,67.2,67.24,1038730
2017-05-03 12:30:00,67.24,68.37,67.19,67.25,877148
2017-05-03 13:30:00,67.245,67.435,67.19,67.371,1521764
2017-05-03 14:30:00,67.37,67.82,67.3504,67.705,2576033
2017-05-03 15:30:00,67.71,67.745,67.49,67.51,3419232
2017-05-04 09:30:00,67.03,67.11,66.27,66.41,5716296
2017-05-04 10:30:00,66.4,66.56,66.25,66.31,3124849
2017-05-04 11:30:00,66.3199,66.4,65.83,66.02,5435433
2017-05-04 12:30:00,66.02,67.665,65.92,65.93,4590723
2017-05-04 13:30:00,65.93,66.22,65.88,66.2027,4791465
2017-05-04 14:30:00,66.21,66.37,66.05,66.26,3317505
2017-05-04 15:30:00,66.26,66.29,66.09,66.24,4678588
2017-05-05 09:30:00,66.3,66.965,66.265,66.92,3890989
2017-05-05 10:30:00,66.92,67.16,66.79,66.9,2881044
2017-05-05 11:30:00,66.9,66.99,66.73,66.805,2455610
2017-05-05 12:30:00,66.8,66.93,66.76,66.885,1410632
2017-05-05 13:30:00,66.88,67.07,66.835,67.06,1615901
2017-05-05 14:30:00,67.06,67.24,67.035,67.22,2328133
2017-05-05 15:30:00,67.22,67.42,67.1605,67.34,2739645
2017-05-08 09:30:00,67.3,67.8,67.29,67.62,3170609
2017-05-08 10:30:00,67.6199,67.77,67.24,67.27,2950809
2017-05-08 11:30:00,67.27,67.575,67.27,67.511,1781015
2017-05-08 12:30:00,67.52,67.74,67.475,67.695,1131506
2017-05-08 13:30:00,67.695,67.765,67.6501,67.72,1152865
2017-05-08 14:30:00,67.73,67.91,67.7,67.86,1484324
2017-05-08 15:30:00,67.86,67.87,67.71,67.81,3618364
2017-05-09 09:30:00,67.93,67.93,67.324,67.5,2626559
2017-05-09 10:30:00,67.4999,67.65,67.27,67.37,1315824
2017-05-09 11:30:00,67.36,67.5,67.203,67.2374,987347
2017-05-09 12:30:00,67.235,67.31,67.025,67.05,1188007
2017-05-09 13:30:00,67.05,67.3,67.04,67.21,1277097
2017-05-09 14:30:00,67.21,67.44,67.1818,67.32,992127
2017-05-09 15:30:00,67.32,67.3331,67.1101,67.22,1945826
2017-05-10 09:30:00,67.62,67.97,67.551,67.8,3834293
2017-05-10 10:30:00,67.8,68.44,67.8,68.21,4629906
2017-05-10 11:30:00,68.21,68.38,68.07,68.09,1948739
2017-05-10 12:30:00,68.095,68.34,68.095,68.28,3326483
2017-05-10 13:30:00,68.28,68.34,68.13,68.16,3107713
2017-05-10 14:30:00,68.16,68.2999,68.15,68.18,1012341
2017-05-10 15:30:00,68.18,68.2499,68.0,68.13,2204304
2017-07-24 09:30:00,65.25,65.35,64.93,65.09,2940693
2017-07-24 10:30:00,65.085,65.27,65.0,65.0501,1643305
2017-07-24 11:30:00,65.06,65.08,64.95,64.99,1078009
2017-07-24 12:30:00,64.98,65.055,64.911,64.9401,721009
2017-07-24 13:30:00,64.949,64.97,64.87,64.95,767997
2017-07-24 14:30:00,64.95,65.01,64.84,64.93,890559
2017-07-24 15:30:00,64.94,65.0,64.88,64.98,1716480
2017-07-25 09:30:00,65.77,66.12,65.62,65.979,3504962
2017-07-25 10:30:00,65.97,66.2,65.95,66.02,2386739
2017-07-25 11:30:00,66.025,66.27,65.99,66.24,1878278
2017-07-25 12:30:00,66.24,66.28,66.0301,66.0751,1653117
2017-07-25 13:30:00,66.075,66.0758,65.79,65.935,1138677
2017-07-25 14:30:00,65.93,66.07,65.93,66.06,1859901
2017-07-25 15:30:00,66.06,66.07,65.81,65.82,2073403
2017-07-26 09:30:00,66.19,66.19,65.7,65.8301,3315860
2017-07-26 10:30:00,65.84,66.38,65.84,66.34,4931244
2017-07-26 11:30:00,66.3447,66.64,66.2925,66.505,1860505
2017-07-26 12:30:00,66.5001,66.575,66.23,66.24,3817316
2017-07-26 13:30:00,66.23,66.36,66.11,66.3534,3286236
2017-07-26 14:30:00,66.355,67.12,65.8214,66.06,1308761
2017-07-26 15:30:00,66.055,66.14,65.82,65.89,2364965
2017-07-27 09:30:00,65.9,66.04,65.6,65.995,2646545
2017-07-27 10:30:00,66.0,66.09,65.74,65.87,1559006
2017-07-27 11:30:00,65.88,66.29,65.7343,66.27,1214941
2017-07-27 12:30:00,66.28,66.44,66.095,66.3,2710682
2017-07-27 13:30:00,66.31,66.45,66.07,66.3741,2296981
2017-07-27 14:30:00,66.37,66.49,66.22,66.48,1598293
2017-07-27 15:30:00,66.47,66.58,66.375,66.575,3143451
2017-07-28 09:30:00,66.33,67.13,66.24,67.0,4879207
2017-07-28 10:30:00,67.0,67.11,66.561,66.59,2844833
2017-07-28 11:30:00,66.59,66.6,66.37,66.47,1186667
2017-07-28 12:30:00,66.47,66.53,66.36,66.48,807649
2017-07-28 13:30:00,66.48,66.56,66.27,66.39,903927
2017-07-28 14:30:00,66.385,66.5659,66.22,66.49,1608316
2017-07-28 15:30:00,66.49,66.56,66.45,66.49,1697034
2017-07-31 09:30:00,66.49,66.66,66.31,66.5,3070911
2017-07-31 10:30:00,66.51,66.55,66.31,66.39,3099127
2017-07-31 11:30:00,66.4,66.525,66.38,66.51,984020
2017-07-31 12:30:00,66.515,66.75,66.51,66.655,859847
2017-07-31 13:30:00,66.65,66.99,66.62,66.96,1105719
2017-07-31 14:30:00,66.96,67.0,66.67,66.6876,1426364
2017-07-31 15:30:00,66.6889,66.84,66.6,66.65,2400882
2017-08-01 09:30:00,66.66,66.84,66.4,66.84,2687346
2017-08-01 10:30:00,66.83,66.99,66.35,66.44,2031171
2017-08-01 11:30:00,66.44,66.605,66.32,66.56,1344828
2017-08-01 12:30:00,66.56,66.59,66.44,66.475,1615356
2017-08-01 13:30:00,66.475,66.68,66.445,66.66,1660955
2017-08-01 14:30:00,66.66,66.67,66.52,66.61,1570066
2017-08-01 15:30:00,66.6062,66.64,66.49,66.6,1341449
2017-08-02 09:30:00,66.27,66.3,65.89,65.98,2991788
2017-08-02 10:30:00,65.98,66.3892,65.678,66.31,5358807
2017-08-02 11:30:00,66.31,66.38,66.17,66.1708,1091341
2017-08-02 12:30:00,66.18,66.63,66.15,66.49,940512
2017-08-02 13:30:00,66.49,66.5,66.295,66.41,1039600
2017-08-02 14:30:00,66.4,66.49,66.1725,66.225,1229558
2017-08-02 15:30:00,66.229,66.355,66.19,66.34,1994082
2017-08-03 09:30:00,66.25,66.36,65.76,65.7801,2919430
2017-08-03 10:30:00,65.79,66.0,65.76,65.97,1893970
2017-08-03 11:30:00,65.98,66.08,65.58,65.62,1903319
2017-08-03 12:30:00,65.62,65.72,65.49,65.66,1265431
2017-08-03 13:30:00,65.66,65.6996,65.24,65.24,1359477
2017-08-03 14:30:00,65.24,65.47,65.14,65.36,2174086
2017-08-03 15:30:00,65.36,71.38,65.28,65.42,2997797
2017-08-04 09:30:00,65.46,66.59,65.31,65.4893,2097089
2017-08-04 10:30:00,65.4801,66.59,65.4,65.525,1582018
2017-08-04 11:30:00,65.53,66.59,65.43,65.78,1060385
2017-08-04 12:30:00,65.78,66.59,65.65,65.665,1038932
2017-08-04 13:30:00,65.66,66.59,65.62,65.65,901954
2017-08-04 14:30:00,65.65,66.59,65.59,65.675,787131
2017-08-04 15:30:00,65.68,66.59,65.61,65.655,1325074
2017-10-23 09:30:00,67.82,68.04,67.72,67.81,1362716
2017-10-23 10:30:00,67.815,67.88,67.62,67.64,1089489
2017-10-23 11:30:00,67.64,67.6877,67.47,67.505,835554
2017-10-23 12:30:00,67.5,67.65,67.48,67.58,577513
2017-10-23 13:30:00,67.58,67.59,67.48,67.51,857555
2017-10-23 14:30:00,67.5045,67.8014,67.4588,67.48,1067806
2017-10-23 15:30:00,67.475,67.52,67.36,67.39,2168651
2017-10-24 09:30:00,67.66,67.85,67.57,67.73,1785940
2017-10-24 10:30:00,67.73,67.7476,67.49,67.65,1291071
2017-10-24 11:30:00,67.64,67.83,67.43,67.44,1668315
2017-10-24 12:30:00,67.445,67.64,67.405,67.59,754924
2017-10-24 13:30:00,67.58,67.72,67.55,67.645,995598
2017-10-24 14:30:00,67.6415,67.6562,67.47,67.57,1183852
2017-10-24 15:30:00,67.57,67.65,67.51,67.57,1909998
2017-10-25 09:30:00,67.43,67.6268,67.34,67.395,2166453
2017-10-25 10:30:00,67.395,67.46,67.05,67.1341,1905057
2017-10-25 11:30:00,67.14,67.17,66.87,66.97,2412243
2017-10-25 12:30:00,66.975,67.17,66.95,67.02,1442556
2017-10-25 13:30:00,67.015,67.18,67.0,67.09,918073
2017-10-25 14:30:00,67.0968,67.1,66.91,67.02,1494107
2017-10-25 15:30:00,67.02,67.1,66.915,67.07,2294251
2017-10-26 09:30:00,67.1,67.44,66.82,67.075,2452304
2017-10-26 10:30:00,67.0701,67.31,66.94,67.3,1262022
2017-10-26 11:30:00,67.31,67.34,67.14,67.1657,904183
2017-10-26 12:30:00,67.17,67.19,67.0054,67.035,790913
2017-10-26 13:30:00,67.0363,67.32,67.03,67.26,867885
2017-10-26 14:30:00,67.25,67.29,67.17,67.25,893669
2017-10-26 15:30:00,67.26,67.31,67.21,67.22,1855953
2017-10-27 09:30:00,66.87,66.96,66.34,66.77,4314188
2017-10-27 10:30:00,66.78,67.69,66.77,67.68,4448700
2017-10-27 11:30:00,67.68,67.7,67.28,67.285,1646608
2017-10-27 12:30:00,67.29,67.36,67.21,67.23,851505
2017-10-27 13:30:00,67.22,67.38,67.19,67.319,852474
2017-10-27 14:30:00,67.32,67.5401,67.23,67.255,1131106
2017-10-27 15:30:00,67.25,67.42,66.7348,67.38,2669041
2017-10-30 09:30:00,67.44,67.87,67.3101,67.775,3365143
2017-10-30 10:30:00,67.78,67.88,67.66,67.69,1661158
2017-10-30 11:30:00,67.686,67.8,67.58,67.625,1705558
2017-10-30 12:30:00,67.62,67.7,67.49,67.67,769791
2017-10-30 13:30:00,67.67,67.775,67.6147,67.741,953040
2017-10-30 14:30:00,67.75,67.86,67.64,67.64,772329
2017-10-30 15:30:00,67.65,67.78,67.6133,67.67,1788124
2017-10-31 09:30:00,67.72,67.72,67.42,67.54,1400266
2017-10-31 10:30:00,67.54,67.77,67.4889,67.73,1271450
2017-10-31 11:30:00,67.73,67.93,67.53,67.925,954629
2017-10-31 12:30:00,67.93,67.97,67.83,67.96,632134
2017-10-31 13:30:00,67.96,68.037,67.92,67.95,707092
2017-10-31 14:30:00,67.945,68.16,67.8632,68.13,2007983
2017-10-31 15:30:00,68.13,68.13,67.885,67.93,2128261
2017-11-01 09:30:00,68.32,69.0,68.29,68.93,3336057
2017-11-01 10:30:00,68.92,68.921,68.48,68.77,2827098
2017-11-01 11:30:00,68.77,68.85,68.5,68.65,1469781
2017-11-01 12:30:00,68.65,68.88,68.481,68.5,1547162
2017-11-01 13:30:00,68.5,68.6549,68.32,68.4819,1267346
2017-11-01 14:30:00,68.485,68.7,68.485,68.62,1932211
2017-11-01 15:30:00,68.62,68.8,68.57,68.69,3887228
2017-11-02 09:30:00,68.68,68.88,68.11,68.29,3099003
2017-11-02 10:30:00,68.3,68.49,68.28,68.32,1371587
2017-11-02 11:30:00,68.32,68.56,68.29,68.5,870079
2017-11-02 12:30:00,68.5,68.58,68.2744,68.35,715968
2017-11-02 13:30:00,68.35,68.41,68.07,68.235,774426
2017-11-02 14:30:00,68.235,68.365,68.065,68.36,1573486
2017-11-02 15:30:00,68.36,68.4869,68.3265,68.48,2303603
2017-11-03 09:30:00,68.45,68.68,68.36,68.53,1585391
2017-11-03 10:30:00,68.54,68.67,68.4078,68.56,865226
2017-11-03 11:30:00,68.56,68.68,68.52,68.615,1220629
2017-11-03 12:30:00,68.61,68.71,68.535,68.61,864328
2017-11-03 13:30:00,68.61,68.89,68.57,68.8555,1533169
2017-11-03 14:30:00,68.85,68.95,68.76,68.79,1298753
2017-11-03 15:30:00,68.795,68.82,68.66,68.69,2213031
2017-11-06 09:30:00,68.99,69.27,68.87,69.2075,2356512
2017-11-06 10:30:00,69.205,69.98,69.2,69.9,2877159
2017-11-06 11:30:00,69.9,70.0,69.71,69.95,2406202
2017-11-06 12:30:00,69.95,70.12,69.89,70.085,1283784
2017-11-06 13:30:00,70.09,70.15,69.99,70.05,1671244
2017-11-06 14:30:00,70.05,70.18,70.0,70.175,2896268
2017-11-06 15:30:00,70.17,70.34,70.16,70.27,3501188
2017-11-07 09:30:00,70.38,70.4651,69.91,70.23,3998958
2017-11-07 10:30:00,70.23,70.24,69.98,70.07,1535292
2017-11-07 11:30:00,70.08,70.1,69.79,69.95,2216749
2017-11-07 12:30:00,69.95,70.07,69.91,70.06,611119
2017-11-07 13:30:00,70.069,70.1264,70.0,70.0861,731588
2017-11-07 14:30:00,70.08,70.09,69.94,70.021,1085634
2017-11-07 15:30:00,70.03,70.15,69.995,70.14,2164912
2017-11-08 09:30:00,69.99,70.04,69.51,69.795,3310185
2017-11-08 10:30:00,69.79,69.86,69.4301,69.84,2316080
2017-11-08 11:30:00,69.85,70.17,69.8,70.14,1626813
2017-11-08 12:30:00,70.14,70.15,69.75,69.849,1417248
2017-11-08 13:30:00,69.8461,69.93,69.78,69.84,829672
2017-11-08 14:30:00,69.8435,69.87,69.72,69.7462,1991414
2017-11-08 15:30:00,69.75,69.855,69.69,69.84,2030110
2017-11-09 09:30:00,69.55,69.86,69.45,69.685,2821622
2017-11-09 10:30:00,69.69,69.86,69.59,69.82,1434212
2017-11-09 11:30:00,69.825,69.84,69.49,69.52,1332227
2017-11-09 12:30:00,69.51,69.86,67.55,69.77,1199813
2017-11-09 13:30:00,69.78,69.96,69.7,69.96,1226504
2017-11-09 14:30:00,69.955,70.15,69.7,70.125,1429256
2017-11-09 15:30:00,70.125,70.145,69.8447,70.03,2747009
2017-11-10 09:30:00,69.91,69.97,69.69,69.77,1801182
2017-11-10 10:30:00,69.75,69.78,69.51,69.52,1275604
2017-11-10 11:30:00,69.52,69.54,69.1301,69.18,1114522
2017-11-10 12:30:00,69.18,69.43,68.525,69.34,939915
2017-11-10 13:30:00,69.34,69.56,69.32,69.52,885622
2017-11-10 14:30:00,69.52,70.0413,69.5169,69.58,958613
2017-11-10 15:30:00,69.58,69.69,69.57,69.65,2499127
2017-11-13 09:30:00,69.47,69.73,69.23,69.56,2068701
2017-11-13 10:30:00,69.5601,69.6,69.42,69.45,704067
2017-11-13 11:30:00,69.45,69.56,69.23,69.35,895618
2017-11-13 12:30:00,69.35,69.46,69.295,69.34,492113
2017-11-13 13:30:00,69.34,69.37,69.26,69.3,479393
2017-11-13 14:30:00,69.3,69.35,69.261,69.29,612420
2017-11-13 15:30:00,69.28,69.3,69.18,69.24,1753725
2018-01-29 09:30:00,77.2,77.47,76.8,77.38,2922602
2018-01-29 10:30:00,77.38,77.4,76.85,76.95,1761405
2018-01-29 11:30:00,76.96,76.995,76.78,76.89,2119660
2018-01-29 12:30:00,76.8853,77.01,76.83,76.9375,781286
2018-01-29 13:30:00,76.94,76.95,76.8158,76.9,754117
2018-01-29 14:30:00,76.9,77.34,76.55,76.56,1062124
2018-01-29 15:30:00,76.56,76.61,76.22,76.34,2691919
2018-01-30 09:30:00,75.7,75.91,74.88,75.19,5847232
2018-01-30 10:30:00,75.2,75.4899,74.85,74.8801,5475193
2018-01-30 11:30:00,74.89,75.2,74.87,74.983,1880216
2018-01-30 12:30:00,74.98,75.01,74.73,74.8,1470508
2018-01-30 13:30:00,74.8,75.64,74.78,74.9032,1708633
2018-01-30 14:30:00,74.91,75.05,74.81,74.86,2289641
2018-01-30 15:30:00,74.86,75.03,74.78,74.79,2682441
2018-01-31 09:30:00,75.0,75.1342,74.631,74.79,2370787
2018-01-31 10:30:00,74.78,74.83,74.33,74.5901,2902413
2018-01-31 11:30:00,74.59,74.88,74.555,74.725,1200235
2018-01-31 12:30:00,74.72,74.81,74.57,74.7579,948333
2018-01-31 13:30:00,74.75,74.89,74.53,74.58,1838740
2018-01-31 14:30:00,74.565,74.73,74.49,74.72,2203887
2018-01-31 15:30:00,74.715,75.05,74.6765,74.85,2832464
2018-02-01 09:30:00,74.95,75.34,74.82,75.13,3263034
2018-02-01 10:30:00,75.12,75.125,74.531,74.66,2121242
2018-02-01 11:30:00,74.66,75.24,74.65,75.23,2477996
2018-02-01 12:30:00,75.23,75.43,75.1255,75.34,1734181
2018-02-01 13:30:00,75.34,75.3604,75.1,75.28,2764278
2018-02-01 14:30:00,75.28,75.57,75.1768,75.316,1662000
2018-02-01 15:30:00,75.31,75.67,75.2,75.63,3377969
2018-02-02 09:30:00,74.23,74.41,73.1601,73.51,6907162
2018-02-02 10:30:00,73.5007,73.5099,72.96,73.1899,4208134
2018-02-02 11:30:00,73.19,73.27,72.88,73.19,1679253
2018-02-02 12:30:00,73.1901,73.24,72.7999,72.93,3141768
2018-02-02 13:30:00,72.93,73.14,72.58,72.67,2163913
2018-02-02 14:30:00,72.66,72.7922,72.14,72.29,4999981
2018-02-02 15:30:00,72.2899,75.62,72.06,72.45,5521525
2018-02-05 09:30:00,71.49,72.411,71.43,71.96,6165387
2018-02-05 10:30:00,71.96,72.28,71.71,71.7501,2673813
2018-02-05 11:30:00,71.77,71.77,70.99,71.07,2364567
2018-02-05 12:30:00,71.08,71.27,70.28,70.48,3696710
2018-02-05 13:30:00,70.489,70.98,70.41,70.56,3478605
2018-02-05 14:30:00,70.56,71.77,68.28,70.02,6043649
2018-02-05 15:30:00,70.0,70.1,69.16,69.4,7702578
2018-02-06 09:30:00,68.23,70.4699,67.9,69.06,8906815
2018-02-06 10:30:00,69.08,77.3642,68.17,68.6401,5432526
2018-02-06 11:30:00,68.66,69.41,68.3,69.36,3283327
2018-02-06 12:30:00,69.3699,69.62,68.6097,68.81,2659029
2018-02-06 13:30:00,68.8,68.8199,68.21,68.2795,2904467
2018-02-06 14:30:00,68.29,69.86,68.2,69.64,3547361
2018-02-06 15:30:00,69.64,70.2,69.4522,69.98,5039174
2018-02-07 09:30:00,70.1,71.065,70.02,70.6501,5608226
2018-02-07 10:30:00,70.65,70.66,70.0,70.05,3000021
2018-02-07 11:30:00,70.05,70.0799,69.69,69.79,3352716
2018-02-07 12:30:00,69.8,69.8,69.0,69.254,3284417
2018-02-07 13:30:00,69.25,69.55,68.87,69.5,3039233
2018-02-07 14:30:00,69.5,69.9741,69.04,69.5,2913264
2018-02-07 15:30:00,69.505,69.54,68.79,68.8,2718994
2018-02-08 09:30:00,68.87,69.15,68.38,68.565,4106895
2018-02-08 10:30:00,68.565,71.76,67.75,67.8441,2725180
2018-02-08 11:30:00,67.86,68.3,67.69,67.9599,4047755
2018-02-08 12:30:00,67.955,68.17,67.36,67.7508,3667886
2018-02-08 13:30:00,67.76,68.44,67.73,68.03,2908476
2018-02-08 14:30:00,68.02,68.04,67.24,67.47,3238648
2018-02-08 15:30:00,67.46,68.7957,66.6899,66.71,6221124
2018-02-09 09:30:00,67.51,67.58,66.6,66.63,5119164
2018-02-09 10:30:00,66.64,66.81,65.95,66.1297,4259901
2018-02-09 11:30:00,66.125,66.3599,65.05,65.15,4275406
2018-02-09 12:30:00,65.155,65.4799,64.6699,64.68,3290443
2018-02-09 13:30:00,64.68,66.64,64.44,65.9451,5209988
2018-02-09 14:30:00,65.94,66.7,65.385,66.01,4464815
2018-02-09 15:30:00,66.01,67.15,65.9633,66.65,7729065
2018-02-12 09:30:00,67.53,68.51,67.23,67.4099,7940084
2018-02-12 10:30:00,67.41,67.8,67.22,67.35,4013781
2018-02-12 11:30:00,67.34,68.11,67.21,68.09,1895884
2018-02-12 12:30:00,68.08,68.09,67.83,68.02,1170706
2018-02-12 13:30:00,68.025,69.495,67.91,67.97,1638988
2018-02-12 14:30:00,67.97,68.255,67.775,68.0,2702902
2018-02-12 15:30:00,68.01,68.08,66.665,67.77,4205159
2018-02-13 09:30:00,67.41,69.24,67.01,67.3,4531990
2018-02-13 10:30:00,67.3,69.42,67.1499,67.3,2318259
2018-02-13 11:30:00,67.2901,67.605,67.29,67.4,746904
2018-02-13 12:30:00,67.4,67.69,67.33,67.6051,907520
2018-02-13 13:30:00,67.61,67.77,67.345,67.516,753772
2018-02-13 14:30:00,67.52,67.63,67.385,67.5135,808506
2018-02-13 15:30:00,67.52,67.68,67.403,67.48,1248185
2018-02-14 09:30:00,66.82,67.39,66.66,67.1361,3919793
2018-02-14 10:30:00,67.15,67.83,67.12,67.6094,3917000
2018-02-14 11:30:00,67.61,67.67,67.32,67.585,1800047
2018-02-14 12:30:00,67.58,68.29,67.3,68.17,1546987
2018-02-14 13:30:00,68.18,68.65,68.155,68.31,2064455
2018-02-14 14:30:00,68.31,68.66,68.26,68.48,2365540
2018-02-14 15:30:00,68.48,68.73,68.34,68.46,3229759
2018-02-15 09:30:00,68.6,68.65,67.86,68.069,4128794
2018-02-15 10:30:00,68.0699,68.07,67.19,67.68,2995813
2018-02-15 11:30:00,67.68,68.5596,67.44,67.71,2659359
2018-02-15 12:30:00,67.715,68.0,67.615,67.89,1337887
2018-02-15 13:30:00,67.89,68.079,67.715,68.045,1106301
2018-02-15 14:30:00,68.05,68.301,67.9839,68.19,1577192
2018-02-15 15:30:00,68.185,68.29,68.04,68.28,2029616
2018-02-16 09:30:00,68.0,68.31,67.71,67.89,2653617
2018-02-16 10:30:00,67.89,68.57,67.86,68.465,2753630
2018-02-16 11:30:00,68.47,68.76,68.445,68.49,1497003
2018-02-16 12:30:00,68.485,68.7035,68.15,68.27,1871189
2018-02-16 13:30:00,68.28,68.42,67.93,68.12,1833603
2018-02-16 14:30:00,68.12,68.345,68.0,68.23,1466532
2018-02-16 15:30:00,68.2248,68.42,68.0863,68.1,1525114
2018-02-20 09:30:00,68.26,68.76,67.88,68.23,8566656
2018-02-20 10:30:00,68.22,68.25,67.94,68.23,2078048
2018-02-20 11:30:00,68.23,68.445,68.175,68.24,1174506
2018-02-20 12:30:00,68.26,68.31,67.96,67.98,839150
2018-02-20 13:30:00,67.975,68.2,67.87,67.9087,903079
2018-02-20 14:30:00,67.9,68.421,67.44,67.5564,1429045
2018-02-20 15:30:00,67.55,67.83,67.55,67.74,2111665
2018-02-21 09:30:00,67.55,68.01,67.38,67.82,2112918
2018-02-21 10:30:00,67.8162,68.18,67.7899,68.09,1286780
2018-02-21 11:30:00,68.09,68.12,67.6138,67.665,881212
2018-02-21 12:30:00,67.66,67.82,67.53,67.59,724843
2018-02-21 13:30:00,67.6,67.96,67.47,67.65,1516474
2018-02-21 14:30:00,67.65,67.7337,66.96,67.1901,2286044
2018-02-21 15:30:00,67.19,67.28,66.62,66.62,3171258
2018-03-02 09:30:00,66.18,66.61,65.68,65.7299,2991121
2018-03-02 10:30:00,65.7299,66.22,65.65,66.17,1736140
2018-03-02 11:30:00,66.18,75.005,66.15,66.45,1790455
2018-03-02 12:30:00,66.45,66.82,66.3799,66.44,1288329
2018-03-02 13:30:00,66.44,66.67,66.31,66.5125,1395953
2018-03-02 14:30:00,66.51,66.77,66.405,66.71,1616978
2018-03-02 15:30:00,66.7,67.19,66.68,66.95,3257501
2018-03-05 09:30:00,66.64,69.35,66.52,66.95,1851108
2018-03-05 10:30:00,66.95,67.73,66.7999,67.56,2455248
2018-03-05 11:30:00,67.57,67.7099,67.44,67.67,1347692
2018-03-05 12:30:00,67.665,67.79,67.505,67.59,1188404
2018-03-05 13:30:00,67.585,67.62,67.35,67.53,1342820
2018-03-05 14:30:00,67.54,67.879,67.4445,67.65,1545656
2018-03-05 15:30:00,67.645,67.81,67.61,67.67,2637286
2018-03-06 09:30:00,68.08,68.3333,67.78,68.05,1830486
2018-03-06 10:30:00,68.05,68.279,67.48,67.5,4837529
2018-03-06 11:30:00,67.5,67.775,67.36,67.66,798652
2018-03-06 12:30:00,67.6552,67.99,67.62,67.93,4377519
2018-03-06 13:30:00,67.93,67.9673,67.755,67.82,819391
2018-03-06 14:30:00,67.82,68.01,67.709,67.83,919315
2018-03-06 15:30:00,67.83,67.9,67.6338,67.7,1820572
2018-03-07 09:30:00,66.97,67.62,66.95,67.2999,2285483
2018-03-07 10:30:00,67.3,67.68,67.0601,67.2,1982322
2018-03-07 11:30:00,67.195,67.235,66.56,66.74,1886882
2018-03-07 12:30:00,66.735,66.88,66.565,66.83,1011749
2018-03-07 13:30:00,66.83,66.93,66.7,66.73,1133301
2018-03-07 14:30:00,66.7354,66.99,66.72,66.935,1028958
2018-03-07 15:30:00,66.94,67.27,66.9301,67.19,2375716
2018-03-08 09:30:00,67.34,67.54,67.07,67.0899,1941355
2018-03-08 10:30:00,67.0899,67.21,66.7799,66.8799,1299680
2018-03-08 11:30:00,66.89,66.955,66.7,66.8569,893509
2018-03-08 12:30:00,66.85,67.01,66.74,66.91,611633
2018-03-08 13:30:00,66.92,66.92,66.69,66.901,538588
2018-03-08 14:30:00,66.9,67.225,66.8523,67.189,863361
2018-03-08 15:30:00,67.18,67.19,66.9,67.17,1615185
2018-03-09 09:30:00,67.69,68.39,67.63,68.205,2177210
2018-03-09 10:30:00,68.2,68.49,68.15,68.49,1576310
2018-03-09 11:30:00,68.495,68.51,68.18,68.29,1222244
2018-03-09 12:30:00,68.29,68.38,67.152,68.18,1011638
2018-03-09 13:30:00,68.19,68.37,68.16,68.28,644407
2018-03-09 14:30:00,68.2867,68.45,68.2825,68.39,1100338
2018-03-09 15:30:00,68.38,68.5,68.3325,68.46,2913951
2018-03-12 09:30:00,68.49,68.93,68.45,68.7699,2211245
2018-03-12 10:30:00,68.7699,68.78,68.09,68.14,1518813
2018-03-12 11:30:00,68.14,68.7452,68.1,68.41,1348035
2018-03-12 12:30:00,68.41,68.46,68.215,68.31,702854
2018-03-12 13:30:00,68.301,68.5667,68.301,68.41,1045294
2018-03-12 14:30:00,68.42,68.56,68.321,68.49,756041
2018-03-12 15:30:00,68.49,68.63,68.41,68.42,1771674
2018-03-13 09:30:00,68.64,68.95,68.4599,68.67,1706398
2018-03-13 10:30:00,68.67,68.7,68.07,68.26,1435217
2018-03-13 11:30:00,68.26,68.42,68.07,68.18,1431514
2018-03-13 12:30:00,68.18,68.41,68.17,68.17,784345
2018-03-13 13:30:00,68.165,68.19,67.9924,68.12,884635
2018-03-13 14:30:00,68.13,68.22,67.41,67.8301,1160753
2018-03-13 15:30:00,67.83,68.0,67.66,67.92,2461594
2018-03-14 09:30:00,68.2,68.39,67.965,68.1699,1580020
2018-03-14 10:30:00,68.16,68.26,67.77,67.98,2154127
2018-03-14 11:30:00,67.98,68.0099,67.65,67.86,1392945
2018-03-14 12:30:00,67.85,67.87,67.56,67.63,1011610
2018-03-14 13:30:00,67.632,67.935,67.632,67.72,1034517
2018-03-14 14:30:00,67.725,67.81,67.49,67.49,1343987
2018-03-14 15:30:00,67.485,67.56,67.4,67.54,2120159
2018-04-23 09:30:00,73.07,73.28,72.67,72.92,3430725
2018-04-23 10:30:00,72.92,73.52,72.8264,73.5,2844269
2018-04-23 11:30:00,73.49,73.49,73.195,73.2,1450385
2018-04-23 12:30:00,73.21,73.36,73.15,73.28,1077945
2018-04-23 13:30:00,73.28,73.45,73.15,73.32,969773
2018-04-23 14:30:00,73.32,73.59,73.19,73.58,2364490
2018-04-23 15:30:00,73.58,73.76,73.505,73.74,2426775
2018-04-24 09:30:00,73.95,74.36,73.85,74.31,2934267
2018-04-24 10:30:00,74.3,74.46,73.86,74.2,4104210
2018-04-24 11:30:00,74.21,74.25,73.72,73.85,2190935
2018-04-24 12:30:00,73.85,73.88,73.25,73.35,2358271
2018-04-24 13:30:00,73.36,73.4,72.67,72.89,3428473
2018-04-24 14:30:00,72.89,73.0868,72.67,72.8658,3153447
2018-04-24 15:30:00,72.86,72.99,72.5517,72.95,3612326
2018-04-25 09:30:00,72.73,72.9,72.27,72.695,2851909
2018-04-25 10:30:00,72.69,73.029,72.34,73.01,2324984
2018-04-25 11:30:00,73.01,73.0499,72.72,72.98,1080938
2018-04-25 12:30:00,72.99,73.18,72.94,73.18,932663
2018-04-25 13:30:00,73.19,73.49,73.19,73.45,1760603
2018-04-25 14:30:00,73.44,73.64,73.37,73.53,1944297
2018-04-25 15:30:00,73.53,73.61,73.335,73.55,1827605
2018-04-26 09:30:00,73.81,74.19,73.58,73.88,2330649
2018-04-26 10:30:00,73.88,74.295,73.86,74.18,1509951
2018-04-26 11:30:00,74.17,74.34,74.04,74.23,2350629
2018-04-26 12:30:00,74.23,74.28,73.985,74.13,1167279
2018-04-26 13:30:00,74.13,74.42,74.0899,74.387,761039
2018-04-26 14:30:00,74.37,74.51,74.36,74.42,1411871
2018-04-26 15:30:00,74.42,74.67,74.42,74.65,2234186
2018-04-27 09:30:00,73.85,74.1574,73.53,73.83,3139195
2018-04-27 10:30:00,73.82,73.94,73.54,73.83,1388619
2018-04-27 11:30:00,73.83,73.98,73.776,73.95,735858
2018-04-27 12:30:00,73.9564,74.19,73.94,73.9962,1089552
2018-04-27 13:30:00,74.0,74.07,73.835,73.84,645674
2018-04-27 14:30:00,73.83,74.0435,73.755,73.83,1308859
2018-04-27 15:30:00,73.83,73.95,73.79,73.81,1829217
2018-04-30 09:30:00,73.7,74.495,73.68,74.2162,1847448
2018-04-30 10:30:00,74.22,74.49,74.05,74.099,1065110
2018-04-30 11:30:00,74.09,74.19,73.92,74.12,823277
2018-04-30 12:30:00,74.12,74.59,73.89,74.49,2749672
2018-04-30 13:30:00,74.486,74.64,74.16,74.21,2200550
2018-04-30 14:30:00,74.21,74.26,73.895,73.915,1119834
2018-04-30 15:30:00,73.91,74.12,73.77,73.8,2721889
2018-05-01 09:30:00,73.44,73.49,72.745,72.79,2710070
2018-05-01 10:30:00,72.79,73.0099,72.43,72.97,2077832
2018-05-01 11:30:00,72.97,73.04,72.8,72.9432,1574843
2018-05-01 12:30:00,72.945,73.0261,72.71,72.81,1207528
2018-05-01 13:30:00,72.81,73.03,72.71,72.98,2206356
2018-05-01 14:30:00,72.98,73.26,72.9,73.0,1582092
2018-05-01 15:30:00,73.0,73.39,72.97,73.34,2132212
2018-05-02 09:30:00,73.14,73.89,73.04,73.6623,4018079
2018-05-02 10:30:00,73.66,73.9703,73.44,73.8999,2017760
2018-05-02 11:30:00,73.89,73.92,73.725,73.861,940809
2018-05-02 12:30:00,73.87,73.96,73.771,73.9501,545939
2018-05-02 13:30:00,73.96,74.2431,73.82,74.18,1804805
2018-05-02 14:30:00,74.18,74.22,73.785,73.87,1432897
2018-05-02 15:30:00,73.86,73.86,73.48,73.67,2029656
2018-05-03 09:30:00,73.32,73.44,72.705,72.79,2400454
2018-05-03 10:30:00,72.78,72.91,72.5,72.6101,3417467
2018-05-03 11:30:00,72.61,72.93,72.55,72.76,2273914
2018-05-03 12:30:00,72.775,73.42,72.77,73.28,1272496
2018-05-03 13:30:00,73.29,73.6,73.29,73.39,936783
2018-05-03 14:30:00,73.4,73.61,73.18,73.325,1518625
2018-05-03 15:30:00,73.33,73.52,73.18,73.49,2279091
2018-05-04 09:30:00,73.29,73.39,72.9899,73.26,1610585
2018-05-04 10:30:00,73.2699,73.59,73.2699,73.56,1738922
2018-05-04 11:30:00,73.564,74.1132,73.55,73.99,1630001
2018-05-04 12:30:00,74.0,74.0601,73.505,73.9,1436995
2018-05-04 13:30:00,73.89,73.995,73.83,73.9401,991532
2018-05-04 14:30:00,73.95,74.011,73.5055,73.9,1690049
2018-05-04 15:30:00,73.9,73.96,73.69,73.845,2763841
2018-05-07 09:30:00,74.43,75.57,74.29,75.3363,3352792
2018-05-07 10:30:00,75.34,75.485,75.135,75.359,2396985
2018-05-07 11:30:00,75.35,75.45,75.26,75.32,1115569
2018-05-07 12:30:00,75.315,75.375,75.08,75.1651,986244
2018-05-07 13:30:00,75.17,75.2,74.95,74.99,1131079
2018-05-07 14:30:00,74.98,75.02,73.8,74.06,5672304
2018-05-07 15:30:00,74.05,74.12,73.91,73.95,2675509
2018-05-08 09:30:00,73.96,74.0,73.091,73.23,3103245
2018-05-08 10:30:00,73.22,73.48,72.64,73.035,5090058
2018-05-08 11:30:00,73.03,73.82,72.96,73.43,4312870
2018-05-08 12:30:00,73.42,73.67,73.37,73.52,2808513
2018-05-08 13:30:00,73.53,74.57,73.325,73.95,5674826
2018-05-08 14:30:00,73.951,74.5099,73.541,74.341,3815699
2018-05-08 15:30:00,74.34,74.55,74.33,74.54,2203927
2018-05-09 09:30:00,75.41,76.66,74.53,76.615,7098455
2018-05-09 10:30:00,76.61,76.89,75.887,76.0142,4657899
2018-05-09 11:30:00,76.02,76.315,75.795,76.27,2412251
2018-05-09 12:30:00,76.27,76.47,76.19,76.35,2400448
2018-05-09 13:30:00,76.345,76.42,74.5328,76.15,1665769
2018-05-09 14:30:00,76.14,76.43,76.121,76.175,1483721
2018-05-09 15:30:00,76.18,76.21,75.91,76.05,2745696
2018-07-23 09:30:00,75.1,75.19,74.57,74.595,2170354
2018-07-23 10:30:00,74.6,74.7599,74.425,74.74,1366663
2018-07-23 11:30:00,74.75,74.85,74.57,74.61,1050622
2018-07-23 12:30:00,74.6001,74.72,74.56,74.66,628746
2018-07-23 13:30:00,74.65,74.84,74.64,74.8,503987
2018-07-23 14:30:00,74.8,74.84,74.655,74.71,576283
2018-07-23 15:30:00,74.71,74.74,74.5,74.57,1069859
2018-07-24 09:30:00,74.89,75.7499,74.7901,75.6919,2736477
2018-07-24 10:30:00,75.7,75.94,75.47,75.61,1667590
2018-07-24 11:30:00,75.61,75.67,75.48,75.58,688859
2018-07-24 12:30:00,75.58,75.73,75.5,75.53,930347
2018-07-24 13:30:00,75.54,75.56,75.32,75.44,897828
2018-07-24 14:30:00,75.4431,75.58,75.36,75.5429,1086607
2018-07-24 15:30:00,75.54,75.5488,75.345,75.51,1848332
2018-07-25 09:30:00,75.62,75.62,75.23,75.62,1766935
2018-07-25 10:30:00,75.63,76.08,75.5,75.8,2619264
2018-07-25 11:30:00,75.8,76.04,75.71,76.0,1398156
2018-07-25 12:30:00,76.0,76.06,75.94,75.97,652027
2018-07-25 13:30:00,75.98,76.06,75.7801,75.79,826969
2018-07-25 14:30:00,75.78,75.97,75.77,75.93,810090
2018-07-25 15:30:00,75.93,76.315,75.87,76.21,2671655
2018-07-26 09:30:00,76.29,76.68,76.14,76.445,2856411
2018-07-26 10:30:00,76.45,76.9,76.4,76.86,2842092
2018-07-26 11:30:00,76.87,76.99,76.77,76.86,1177363
2018-07-26 12:30:00,76.87,77.04,76.79,76.99,724341
2018-07-26 13:30:00,76.98,77.025,76.905,76.97,742018
2018-07-26 14:30:00,76.96,77.08,76.905,77.02,1180471
2018-07-26 15:30:00,77.025,77.0999,76.93,76.98,2193749
2018-07-27 09:30:00,76.1,76.75,76.0,76.45,3686312
2018-07-27 10:30:00,76.44,76.81,76.41,76.8,1539164
2018-07-27 11:30:00,76.8,77.03,76.75,77.01,1120142
2018-07-27 12:30:00,77.01,77.02,76.38,76.55,1862803
2018-07-27 13:30:00,76.55,76.55,76.34,76.3599,830216
2018-07-27 14:30:00,76.36,76.55,76.29,76.43,1123197
2018-07-27 15:30:00,76.44,76.65,76.43,76.63,2049351
2018-07-30 09:30:00,77.24,77.56,77.13,77.45,3392242
2018-07-30 10:30:00,77.45,77.47,77.12,77.1201,1031192
2018-07-30 11:30:00,77.14,77.27,76.98,77.16,1681481
2018-07-30 12:30:00,77.155,77.33,77.13,77.22,866919
2018-07-30 13:30:00,77.22,77.48,77.17,77.41,1476736
2018-07-30 14:30:00,77.41,77.4301,77.24,77.2401,1319451
2018-07-30 15:30:00,77.25,77.329,77.1501,77.3,1395425
2018-07-31 09:30:00,77.4,77.61,77.02,77.0499,2918573
2018-07-31 10:30:00,77.04,77.15,76.94,77.12,1862775
2018-07-31 11:30:00,77.13,77.5101,77.11,77.475,1399830
2018-07-31 12:30:00,77.47,77.59,77.35,77.465,669622
2018-07-31 13:30:00,77.46,77.47,77.2,77.21,634573
2018-07-31 14:30:00,77.21,77.2604,76.99,77.1238,1404429
2018-07-31 15:30:00,77.13,77.17,77.015,77.06,2082156
2018-08-01 09:30:00,76.45,76.48,75.75,76.1,2307551
2018-08-01 10:30:00,76.1,76.37,75.81,75.86,2670072
2018-08-01 11:30:00,75.85,75.915,75.64,75.8,1466709
2018-08-01 12:30:00,75.79,76.02,75.7248,75.97,866684
2018-08-01 13:30:00,75.98,76.04,75.77,75.915,889384
2018-08-01 14:30:00,75.917,76.13,75.735,76.08,1068398
2018-08-01 15:30:00,76.08,76.2,76.01,76.03,1599008
2018-08-02 09:30:00,75.49,75.65,75.0,75.5199,3374052
2018-08-02 10:30:00,75.5199,75.5899,75.16,75.5601,1456823
2018-08-02 11:30:00,75.5699,75.69,75.4424,75.56,1070626
2018-08-02 12:30:00,75.555,75.755,75.54,75.61,697253
2018-08-02 13:30:00,75.61,75.775,75.5242,75.559,633014
2018-08-02 14:30:00,75.55,75.65,75.45,75.6367,869552
2018-08-02 15:30:00,75.64,75.67,75.5574,75.63,1346807
2018-08-03 09:30:00,75.49,75.625,75.08,75.22,1634833
2018-08-03 10:30:00,75.22,75.29,74.88,74.98,1565311
2018-08-03 11:30:00,74.98,75.095,74.86,75.03,895597
2018-08-03 12:30:00,75.03,75.12,75.01,75.08,548239
2018-08-03 13:30:00,75.08,75.225,75.0701,75.185,645056
2018-08-03 14:30:00,75.19,75.26,75.055,75.219,797702
2018-08-03 15:30:00,75.21,75.285,75.145,75.26,1341509
2018-08-06 09:30:00,75.51,75.51,75.01,75.3,1857798
2018-08-06 10:30:00,75.31,75.69,75.285,75.58,1166812
2018-08-06 11:30:00,75.5708,75.88,75.57,75.84,745489
2018-08-06 12:30:00,75.84,75.85,75.58,75.59,634972
2018-08-06 13:30:00,75.59,75.6364,75.5,75.605,884120
2018-08-06 14:30:00,75.6,75.67,75.435,75.44,813927
2018-08-06 15:30:00,75.435,75.56,75.42,75.54,1375720
2018-08-07 09:30:00,76.29,76.345,75.84,76.33,2520081
2018-08-07 10:30:00,76.335,76.46,76.22,76.33,1769544
2018-08-07 11:30:00,76.34,76.5,76.3021,76.35,1226705
2018-08-07 12:30:00,76.3549,76.447,76.31,76.36,1235895
2018-08-07 13:30:00,76.356,76.41,76.2608,76.3,1107937
2018-08-07 14:30:00,76.3,76.35,76.22,76.32,1701614
2018-08-07 15:30:00,76.32,76.325,76.05,76.07,1399252
2018-08-08 09:30:00,75.55,75.81,75.375,75.5599,2075086
2018-08-08 10:30:00,75.54,75.61,75.25,75.25,1620892
2018-08-08 11:30:00,75.25,75.35,75.075,75.11,1130516
2018-08-08 12:30:00,75.1146,76.29,75.08,75.33,730640
2018-08-08 13:30:00,75.34,75.45,75.27,75.42,983801
2018-08-08 14:30:00,75.42,75.57,75.37,75.57,965001
2018-08-08 15:30:00,75.56,75.6299,75.48,75.52,1742606
2018-10-23 09:30:00,69.7,69.72,68.03,68.27,5609912
2018-10-23 10:30:00,68.28,70.74,68.08,68.6,2779076
2018-10-23 11:30:00,68.5916,68.6733,67.91,68.13,2866060
2018-10-23 12:30:00,68.14,68.71,68.09,68.54,3154025
2018-10-23 13:30:00,68.54,68.8,68.21,68.775,2690372
2018-10-23 14:30:00,68.78,69.32,68.7159,69.2,3920238
2018-10-23 15:30:00,69.2,69.31,68.81,68.85,4506682
2018-10-24 09:30:00,69.22,69.24,68.24,68.4,3550320
2018-10-24 10:30:00,68.4,68.58,67.52,67.7,5588304
2018-10-24 11:30:00,67.7,68.2599,67.57,67.93,2462679
2018-10-24 12:30:00,67.93,68.0,67.47,67.566,2488301
2018-10-24 13:30:00,67.57,68.89,67.221,67.52,2131915
2018-10-24 14:30:00,67.525,67.7046,66.62,66.65,3610807
2018-10-24 15:30:00,66.65,66.96,66.15,66.21,6757667
2018-10-25 09:30:00,66.98,67.51,66.57,66.99,7864863
2018-10-25 10:30:00,66.99,67.175,66.17,67.16,2774324
2018-10-25 11:30:00,67.1619,67.25,66.8,66.8335,2100897
2018-10-25 12:30:00,66.83,67.06,66.64,66.86,1636973
2018-10-25 13:30:00,66.87,67.2585,66.17,67.2,2353279
2018-10-25 14:30:00,67.2,67.67,67.16,67.4,2634469
2018-10-25 15:30:00,67.4,67.48,66.82,67.0,4162899
2018-10-26 09:30:00,66.43,66.46,65.38,65.74,5163208
2018-10-26 10:30:00,65.74,66.51,65.51,66.44,4019806
2018-10-26 11:30:00,66.45,67.1,66.3821,66.8399,2694417
2018-10-26 12:30:00,66.84,68.89,66.75,66.95,2486208
2018-10-26 13:30:00,66.95,67.1121,66.37,66.5532,2098762
2018-10-26 14:30:00,66.55,66.77,65.95,66.28,3549038
2018-10-26 15:30:00,66.27,66.85,66.09,66.47,5295721
2018-10-29 09:30:00,66.97,67.06,66.58,66.88,2398151
2018-10-29 10:30:00,66.8801,67.01,66.39,66.7,2422372
2018-10-29 11:30:00,66.7,66.9668,66.22,66.34,2761324
2018-10-29 12:30:00,66.34,66.55,66.23,66.31,1455700
2018-10-29 13:30:00,66.31,66.49,65.84,65.84,2521876
2018-10-29 14:30:00,65.835,65.94,64.91,65.02,4713181
2018-10-29 15:30:00,65.02,65.27,64.37,65.24,7300671
2018-10-30 09:30:00,65.2,66.155,64.9,65.54,4238395
2018-10-30 10:30:00,65.54,65.85,65.05,65.82,3552100
2018-10-30 11:30:00,65.82,66.29,65.71,66.0,4354349
2018-10-30 12:30:00,66.01,66.05,65.6,65.71,2583207
2018-10-30 13:30:00,65.71,66.13,65.24,65.98,3177273
2018-10-30 14:30:00,65.98,66.73,65.89,66.635,2882006
2018-10-30 15:30:00,66.6361,66.91,66.55,66.74,4204926
2018-10-31 09:30:00,67.4,67.96,66.75,67.88,2836070
2018-10-31 10:30:00,67.89,68.29,67.76,68.08,2414231
2018-10-31 11:30:00,68.08,68.21,67.735,67.8,1665253
2018-10-31 12:30:00,67.81,67.96,66.75,67.87,1240527
2018-10-31 13:30:00,67.87,67.91,66.75,67.46,1790574
2018-10-31 14:30:00,67.47,67.859,67.415,67.52,2881226
2018-10-31 15:30:00,67.52,67.565,67.07,67.155,3729546
2018-11-01 09:30:00,67.3,67.85,67.07,67.7561,4694841
2018-11-01 10:30:00,67.76,68.06,67.57,67.58,2845403
2018-11-01 11:30:00,67.58,67.59,66.61,67.18,3169662
2018-11-01 12:30:00,67.17,67.35,67.04,67.329,2210938
2018-11-01 13:30:00,67.33,67.36,67.03,67.19,1768798
2018-11-01 14:30:00,67.19,67.443,67.09,67.435,3174543
2018-11-01 15:30:00,67.43,67.76,67.1522,67.71,2890851
2018-11-02 09:30:00,68.48,68.98,68.19,68.54,4542872
2018-11-02 10:30:00,68.535,68.64,67.57,67.92,2214900
2018-11-02 11:30:00,67.91,68.0899,67.36,67.57,2554288
2018-11-02 12:30:00,67.57,67.73,66.88,67.2259,3182022
2018-11-02 13:30:00,67.22,67.73,66.935,67.51,2178290
2018-11-02 14:30:00,67.52,67.81,67.39,67.6,3455890
2018-11-02 15:30:00,67.6,67.72,67.47,67.62,2485234
2018-11-05 09:30:00,68.38,68.96,68.225,68.38,3576383
2018-11-05 10:30:00,68.39,68.81,68.37,68.59,2236869
2018-11-05 11:30:00,68.6,68.76,68.24,68.3451,1302613
2018-11-05 12:30:00,68.34,68.66,68.225,68.63,659177
2018-11-05 13:30:00,68.63,68.91,67.56,68.75,790616
2018-11-05 14:30:00,68.75,68.89,68.6,68.7,1249222
2018-11-05 15:30:00,68.7,68.82,68.56,68.75,2373526
2018-11-06 09:30:00,68.81,69.16,68.592,68.75,2087474
2018-11-06 10:30:00,68.75,69.0,68.4,68.45,2523245
2018-11-06 11:30:00,68.45,68.475,68.19,68.285,1418258
2018-11-06 12:30:00,68.29,68.7,68.27,68.63,930357
2018-11-06 13:30:00,68.64,69.0,68.62,68.74,1284350
2018-11-06 14:30:00,68.73,68.91,68.7,68.865,1284426
2018-11-06 15:30:00,68.86,69.04,68.65,68.99,2567089
2018-11-07 09:30:00,69.9,70.37,69.52,69.79,4557302
2018-11-07 10:30:00,69.78,69.86,69.01,69.22,3272321
2018-11-07 11:30:00,69.23,69.78,69.2237,69.54,1577058
2018-11-07 12:30:00,69.55,69.83,69.01,69.79,1240385
2018-11-07 13:30:00,69.8,69.935,69.01,69.9,835883
2018-11-07 14:30:00,69.9,70.1538,69.795,70.11,1167586
2018-11-07 15:30:00,70.11,70.19,69.98,70.1,3153463
2018-11-08 09:30:00,69.82,70.37,69.67,69.8475,2847417
2018-11-08 10:30:00,69.84,69.96,69.57,69.67,1442060
2018-11-08 11:30:00,69.68,69.83,69.24,69.25,971616
2018-11-08 12:30:00,69.25,69.41,69.2,69.3768,1039878
2018-11-08 13:30:00,69.37,70.14,68.905,68.92,2016462
2018-11-08 14:30:00,68.92,68.92,68.47,68.48,2311286
2018-11-08 15:30:00,68.475,68.645,68.3659,68.57,3389719
2018-11-09 09:30:00,67.71,68.03,67.34,68.02,4237290
2018-11-09 10:30:00,68.02,68.58,67.4365,68.52,6593545
2018-11-09 11:30:00,68.52,68.63,68.07,68.3,2255770
2018-11-09 12:30:00,68.3,68.62,68.14,68.19,1789044
2018-11-09 13:30:00,68.1801,68.3865,68.07,68.17,2321951
2018-11-09 14:30:00,68.1759,68.87,68.15,68.77,2799293
2018-11-09 15:30:00,68.78,68.94,68.49,68.5,2544035
2018-11-12 09:30:00,68.97,69.26,68.06,68.4293,2745629
2018-11-12 10:30:00,68.42,68.47,67.68,67.69,2287986
2018-11-12 11:30:00,67.68,67.8975,67.4799,67.7819,2316684
2018-11-12 12:30:00,67.78,68.5,67.48,67.6271,1669815
2018-11-12 13:30:00,67.63,67.93,67.36,67.7,1590695
2018-11-12 14:30:00,67.71,67.94,67.3,67.315,2181339
2018-11-12 15:30:00,67.315,67.39,66.94,67.05,4414782
2019-01-28 09:30:00,62.1,62.33,61.78,62.11,1892098
2019-01-28 10:30:00,62.12,62.21,61.95,62.0,1327518
2019-01-28 11:30:00,62.0,62.03,61.62,61.94,1501874
2019-01-28 12:30:00,61.95,62.93,61.8,61.95,943474
2019-01-28 13:30:00,61.9401,62.93,61.9401,62.05,1207643
2019-01-28 14:30:00,62.05,62.3,62.05,62.1701,1478068
2019-01-28 15:30:00,62.18,62.33,62.085,62.3,2311461
2019-01-29 09:30:00,62.66,63.1,62.56,62.82,2148150
2019-01-29 10:30:00,62.82,62.86,62.44,62.6,1196551
2019-01-29 11:30:00,62.61,62.71,62.49,62.5201,1144871
2019-01-29 12:30:00,62.52,62.7331,62.455,62.7,669945
2019-01-29 13:30:00,62.71,62.82,62.3,62.72,785460
2019-01-29 14:30:00,62.7218,62.76,62.63,62.7037,975258
2019-01-29 15:30:00,62.7,62.74,62.46,62.5,1455568
2019-01-30 09:30:00,62.88,63.0215,62.54,62.59,2085039
2019-01-30 10:30:00,62.595,63.1,62.595,62.97,1857011
2019-01-30 11:30:00,62.98,63.11,62.92,62.95,1254958
2019-01-30 12:30:00,62.95,62.97,62.49,62.89,1035674
2019-01-30 13:30:00,62.89,63.5,62.49,63.33,2184886
2019-01-30 14:30:00,63.33,63.57,63.2036,63.23,1774061
2019-01-30 15:30:00,63.225,63.41,63.18,63.36,1739618
2019-01-31 09:30:00,63.47,63.96,63.34,63.93,4952370
2019-01-31 10:30:00,63.92,64.0799,63.37,63.8999,2824763
2019-01-31 11:30:00,63.89,63.895,63.65,63.655,1452613
2019-01-31 12:30:00,63.65,63.665,63.38,63.405,1274183
2019-01-31 13:30:00,63.41,63.55,63.3,63.465,1285198
2019-01-31 14:30:00,63.46,63.565,63.37,63.55,1597022
2019-01-31 15:30:00,63.55,63.87,63.39,63.76,3435878
2019-02-01 09:30:00,64.43,64.81,64.26,64.765,3758997
2019-02-01 10:30:00,64.77,65.06,63.78,64.96,1687789
2019-02-01 11:30:00,64.95,65.185,64.87,65.0039,1744609
2019-02-01 12:30:00,65.0,65.27,64.97,65.1498,1359574
2019-02-01 13:30:00,65.14,65.21,63.78,64.89,1251969
2019-02-01 14:30:00,64.89,64.895,63.7791,64.63,1993117
2019-02-01 15:30:00,64.63,64.92,64.59,64.88,1914562
2019-02-04 09:30:00,64.45,64.55,63.97,64.22,2447086
2019-02-04 10:30:00,64.22,64.89,64.1435,64.51,1026734
2019-02-04 11:30:00,64.5136,64.73,64.49,64.6199,866472
2019-02-04 12:30:00,64.62,64.89,64.57,64.71,866128
2019-02-04 13:30:00,64.7,64.895,64.66,64.86,944243
2019-02-04 14:30:00,64.87,64.955,64.8,64.89,1284825
2019-02-04 15:30:00,64.89,65.06,64.85,65.05,1151470
2019-02-05 09:30:00,64.99,65.19,64.865,65.01,1495213
2019-02-05 10:30:00,65.0,65.26,64.84,64.86,1131111
2019-02-05 11:30:00,64.86,65.1,64.82,64.9,1145240
2019-02-05 12:30:00,64.9,65.04,64.78,64.93,674697
2019-02-05 13:30:00,64.925,65.18,64.875,65.01,818131
2019-02-05 14:30:00,65.02,65.08,64.86,65.03,1145747
2019-02-05 15:30:00,65.03,65.14,64.9601,65.13,1049188
2019-02-06 09:30:00,64.83,64.92,64.6,64.61,1973765
2019-02-06 10:30:00,64.61,65.0165,64.61,64.7501,1076449
2019-02-06 11:30:00,64.76,64.9766,64.74,64.9,636898
2019-02-06 12:30:00,64.9,65.14,64.85,64.875,520458
2019-02-06 13:30:00,64.87,65.14,64.64,64.6935,550289
2019-02-06 14:30:00,64.69,64.82,64.67,64.78,821966
2019-02-06 15:30:00,64.7714,64.775,64.62,64.65,1100220
2019-02-07 09:30:00,64.25,64.48,63.7,63.94,3064869
2019-02-07 10:30:00,63.9499,64.66,63.11,63.18,2307279
2019-02-07 11:30:00,63.1815,63.22,62.64,62.935,2850173
2019-02-07 12:30:00,62.935,63.08,62.72,62.9975,1895490
2019-02-07 13:30:00,63.0,64.66,62.8244,63.1,1060797
2019-02-07 14:30:00,63.1,63.22,63.01,63.04,1227461
2019-02-07 15:30:00,63.04,63.3,62.965,63.23,1796410
2019-02-08 09:30:00,63.06,63.21,62.39,62.5199,1569334
2019-02-08 10:30:00,62.51,62.72,62.0401,62.1804,2851206
2019-02-08 11:30:00,62.19,62.26,61.861,62.26,1143699
2019-02-08 12:30:00,62.1822,63.23,62.1822,62.52,814868
2019-02-08 13:30:00,62.51,63.23,62.49,62.71,1074202
2019-02-08 14:30:00,62.7,62.79,62.56,62.735,1198620
2019-02-08 15:30:00,62.74,62.96,62.67,62.94,1762043
2019-02-11 09:30:00,62.64,63.03,62.46,62.86,1702301
2019-02-11 10:30:00,62.87,63.11,62.7899,63.05,1024000
2019-02-11 11:30:00,63.04,63.33,62.9799,63.2865,893148
2019-02-11 12:30:00,63.29,63.34,62.94,63.23,814295
2019-02-11 13:30:00,63.23,63.34,62.94,63.27,951225
2019-02-11 14:30:00,63.26,63.28,63.025,63.22,1182998
2019-02-11 15:30:00,63.22,63.31,63.13,63.23,2375353
2019-02-12 09:30:00,64.09,64.405,63.92,63.98,2634028
2019-02-12 10:30:00,63.98,64.09,63.82,63.8399,1635848
2019-02-12 11:30:00,63.83,64.11,63.74,63.975,1432434
2019-02-12 12:30:00,63.98,64.19,63.91,64.16,699319
2019-02-12 13:30:00,64.16,64.26,63.24,64.01,1136101
2019-02-12 14:30:00,64.02,64.14,63.2996,64.06,1078356
2019-02-12 15:30:00,64.06,64.08,63.925,64.03,1596899
2019-02-13 09:30:00,64.29,65.08,64.1649,65.04,2388276
2019-02-13 10:30:00,65.04,65.35,64.82,65.02,3503299
2019-02-13 11:30:00,65.02,65.0268,64.63,64.665,1339066
2019-02-13 12:30:00,64.67,64.7,64.04,64.59,1184345
2019-02-13 13:30:00,64.59,64.6218,64.3599,64.42,1004886
2019-02-13 14:30:00,64.42,64.74,64.3995,64.726,1055693
2019-02-13 15:30:00,64.73,64.87,64.7,64.84,2064545
2019-02-14 09:30:00,64.61,65.02,64.49,65.01,2221708
2019-02-14 10:30:00,65.01,65.3,64.85,65.08,1347881
2019-02-14 11:30:00,65.08,65.38,64.94,65.3,1459629
2019-02-14 12:30:00,65.3065,65.3315,64.84,65.313,916483
2019-02-14 13:30:00,65.31,65.35,64.84,65.26,882529
2019-02-14 14:30:00,65.2567,65.5599,65.21,65.31,1114757
2019-02-14 15:30:00,65.305,65.43,65.06,65.07,1816320
2019-02-15 09:30:00,65.75,66.17,65.69,65.8199,1764096
2019-02-15 10:30:00,65.83,65.88,65.68,65.84,1884269
2019-02-15 11:30:00,65.84,65.98,65.76,65.8,1245269
2019-02-15 12:30:00,65.81,65.885,65.6,65.61,629464
2019-02-15 13:30:00,65.6,65.88,65.6,65.8551,781220
2019-02-15 14:30:00,65.8516,66.0158,65.8352,65.915,1154085
2019-02-15 15:30:00,65.915,66.12,65.86,66.12,2258416
2019-02-19 09:30:00,65.79,66.12,65.7,66.0,1684368
2019-02-19 10:30:00,66.0,66.12,65.6901,65.87,1185762
2019-02-19 11:30:00,65.87,66.3645,65.85,66.33,1142749
2019-02-19 12:30:00,66.33,66.34,66.19,66.23,624442
2019-02-19 13:30:00,66.23,66.52,66.12,66.5,1225093
2019-02-19 14:30:00,66.5,66.57,66.39,66.49,1199961
2019-02-19 15:30:00,66.49,66.535,66.28,66.32,1486997
2019-04-09 09:30:00,67.66,67.71,66.91,67.19,3158508
2019-04-09 10:30:00,67.2,67.91,66.94,67.065,1355784
2019-04-09 11:30:00,67.07,67.91,67.06,67.34,1245258
2019-04-09 12:30:00,67.35,67.91,67.22,67.24,734630
2019-04-09 13:30:00,67.23,67.91,67.074,67.09,692801
2019-04-09 14:30:00,67.09,67.91,66.87,66.885,1436986
2019-04-09 15:30:00,66.885,67.13,66.8832,67.08,3993520
2019-04-10 09:30:00,67.23,67.5144,67.15,67.41,1744853
2019-04-10 10:30:00,67.41,67.51,67.08,67.24,1210333
2019-04-10 11:30:00,67.24,67.65,67.24,67.615,1047628
2019-04-10 12:30:00,67.615,67.64,67.08,67.56,764272
2019-04-10 13:30:00,67.5601,67.565,67.08,67.335,1160365
2019-04-10 14:30:00,67.33,67.5599,67.29,67.41,1254906
2019-04-10 15:30:00,67.41,67.44,67.23,67.36,1689915
2019-04-11 09:30:00,67.26,67.845,66.95,67.64,1987839
2019-04-11 10:30:00,67.64,67.72,67.14,67.19,1370490
2019-04-11 11:30:00,67.2,67.2,66.85,66.9,1501633
2019-04-11 12:30:00,66.89,67.13,66.86,67.1,654564
2019-04-11 13:30:00,67.11,67.33,67.04,67.28,1087711
2019-04-11 14:30:00,67.29,67.39,67.18,67.295,1677493
2019-04-11 15:30:00,67.295,67.44,67.27,67.38,1719641
2019-04-12 09:30:00,68.34,68.4,67.5601,67.805,4784490
2019-04-12 10:30:00,67.82,67.82,67.41,67.56,2141719
2019-04-12 11:30:00,67.5639,67.85,67.48,67.83,1353492
2019-04-12 12:30:00,67.8099,67.91,67.38,67.885,812750
2019-04-12 13:30:00,67.8869,67.995,67.38,67.67,1380794
2019-04-12 14:30:00,67.675,67.72,67.39,67.545,2522330
2019-04-12 15:30:00,67.55,67.57,67.41,67.55,1732515
2019-04-15 09:30:00,67.5,67.64,67.05,67.44,2287370
2019-04-15 10:30:00,67.43,67.49,67.165,67.25,1450799
2019-04-15 11:30:00,67.25,67.31,67.13,67.21,633714
2019-04-15 12:30:00,67.22,67.45,67.2085,67.44,521683
2019-04-15 13:30:00,67.4499,67.56,67.32,67.3532,850700
2019-04-15 14:30:00,67.3575,67.38,67.0678,67.1701,953058
2019-04-15 15:30:00,67.18,67.217,67.13,67.16,1342992
2019-04-16 09:30:00,67.4,67.44,67.15,67.32,1383037
2019-04-16 10:30:00,67.33,67.47,67.19,67.2899,1468968
2019-04-16 11:30:00,67.29,67.54,67.16,67.44,974322
2019-04-16 12:30:00,67.43,67.52,67.16,67.405,527278
2019-04-16 13:30:00,67.4,67.625,67.16,67.605,1061808
2019-04-16 14:30:00,67.6,67.7,67.55,67.685,890015
2019-04-16 15:30:00,67.685,67.695,67.47,67.59,1592137
2019-04-17 09:30:00,68.01,68.16,67.73,67.9868,2694152
2019-04-17 10:30:00,67.985,68.08,67.82,67.83,2235186
2019-04-17 11:30:00,67.82,67.91,67.16,67.7,1152234
2019-04-17 12:30:00,67.7,67.93,67.6,67.89,692726
2019-04-17 13:30:00,67.89,67.93,67.6,67.61,577234
2019-04-17 14:30:00,67.61,67.6476,67.44,67.48,1473326
2019-04-17 15:30:00,67.49,67.59,67.415,67.51,1261651
2019-04-18 09:30:00,67.67,67.8,67.36,67.42,2023333
2019-04-18 10:30:00,67.42,67.435,67.02,67.1099,1535238
2019-04-18 11:30:00,67.11,67.3,67.09,67.135,756246
2019-04-18 12:30:00,67.13,67.39,67.13,67.27,751139
2019-04-18 13:30:00,67.28,67.51,67.16,67.295,640399
2019-04-18 14:30:00,67.29,67.42,67.25,67.3824,1001175
2019-04-18 15:30:00,67.375,67.3838,67.15,67.18,2158840
2019-04-22 09:30:00,67.82,68.15,67.62,68.07,3325037
2019-04-22 10:30:00,68.08,68.1999,67.19,68.1885,1637419
2019-04-22 11:30:00,68.19,68.6,68.17,68.5915,1662408
2019-04-22 12:30:00,68.596,68.66,68.54,68.58,1041693
2019-04-22 13:30:00,68.5748,68.6,67.19,68.45,1054565
2019-04-22 14:30:00,68.45,68.4894,68.31,68.445,1361232
2019-04-22 15:30:00,68.45,68.5999,68.445,68.55,1964085
2019-04-23 09:30:00,68.66,68.77,68.0536,68.31,2119901
2019-04-23 10:30:00,68.31,68.81,68.26,68.51,1729242
2019-04-23 11:30:00,68.51,68.67,68.4,68.585,1293711
2019-04-23 12:30:00,68.59,68.67,68.51,68.51,798756
2019-04-23 13:30:00,68.52,68.7099,68.48,68.62,867689
2019-04-23 14:30:00,68.61,68.66,68.44,68.47,1360169
2019-04-23 15:30:00,68.47,68.61,68.47,68.54,1639637
2019-04-24 09:30:00,68.57,68.6,67.71,68.0,2561261
2019-04-24 10:30:00,68.01,68.5,67.77,67.845,1377558
2019-04-24 11:30:00,67.84,67.87,67.685,67.715,899472
2019-04-24 12:30:00,67.71,68.5,67.54,67.69,1163525
2019-04-24 13:30:00,67.69,68.5,67.49,67.55,1179005
2019-04-24 14:30:00,67.55,67.57,67.4,67.465,1235386
2019-04-24 15:30:00,67.465,67.49,67.27,67.3,2123523
2019-04-25 09:30:00,67.29,67.62,66.94,67.34,2882129
2019-04-25 10:30:00,67.34,67.5,67.08,67.41,1687649
2019-04-25 11:30:00,67.41,67.53,67.32,67.4001,910646
2019-04-25 12:30:00,67.41,67.6233,67.4001,67.62,706852
2019-04-25 13:30:00,67.6159,67.65,67.21,67.27,1048538
2019-04-25 14:30:00,67.27,67.42,67.14,67.395,1547928
2019-04-25 15:30:00,67.4,67.43,67.06,67.09,2074740
2019-04-26 09:30:00,66.6,66.62,66.14,66.21,3858403
2019-04-26 10:30:00,66.21,66.23,65.64,66.0099,2746327
2019-04-26 11:30:00,66.0001,66.12,65.85,65.915,1771082
2019-04-26 12:30:00,65.92,66.01,65.83,65.88,1452721
2019-04-26 13:30:00,65.885,67.09,65.8,65.97,2402156
2019-04-26 14:30:00,65.96,66.06,65.87,66.0054,1711116
2019-04-26 15:30:00,66.01,66.32,66.0,66.29,2177948
2019-04-29 09:30:00,66.24,66.38,66.055,66.155,2497820
2019-04-29 10:30:00,66.17,66.29,66.0293,66.125,1911464
2019-04-29 11:30:00,66.13,66.34,66.115,66.34,915291
2019-04-29 12:30:00,66.33,66.46,66.22,66.44,691030
2019-04-29 13:30:00,66.44,66.56,66.22,66.3268,860496
2019-04-29 14:30:00,66.32,66.375,66.165,66.225,1490092
2019-04-29 15:30:00,66.23,66.27,66.17,66.19,2020123
2019-04-30 09:30:00,66.8,66.845,66.155,66.3799,4676118
2019-04-30 10:30:00,66.3899,66.44,66.14,66.41,2348780
2019-04-30 11:30:00,66.405,66.49,66.1841,66.3299,1392478
2019-04-30 12:30:00,66.325,66.3999,66.16,66.33,946151
2019-04-30 13:30:00,66.33,66.37,66.13,66.24,954531
2019-04-30 14:30:00,66.235,66.25,66.045,66.075,1370375
2019-04-30 15:30:00,66.07,66.23,66.03,66.15,2014035
2019-05-01 09:30:00,66.13,66.33,65.7501,65.837,3121733
2019-05-01 10:30:00,65.83,65.875,65.48,65.66,2430224
2019-05-01 11:30:00,65.67,65.83,65.54,65.59,1227926
2019-05-01 12:30:00,65.5899,65.72,65.48,65.56,1607148
2019-05-01 13:30:00,65.56,66.11,65.5,65.6268,1966485
2019-05-01 14:30:00,65.62,65.655,65.355,65.4201,2121930
2019-05-01 15:30:00,65.42,65.43,64.74,64.76,5694288
2019-05-02 09:30:00,64.38,64.77,64.1815,64.66,4669480
2019-05-02 10:30:00,64.66,64.79,63.94,63.9599,3519699
2019-05-02 11:30:00,63.95,64.79,63.7,63.93,2708574
2019-05-02 12:30:00,63.93,64.08,63.9,63.978,2242952
2019-05-02 13:30:00,63.97,64.79,63.815,63.96,3325317
2019-05-02 14:30:00,63.95,64.01,63.765,63.94,2201428
2019-05-02 15:30:00,63.94,63.94,63.63,63.65,5651433
2019-05-03 09:30:00,64.25,64.4898,64.11,64.43,2299177
2019-05-03 10:30:00,64.42,64.55,64.31,64.405,1422605
2019-05-03 11:30:00,64.41,64.59,64.28,64.51,1159407
2019-05-03 12:30:00,64.51,64.68,63.66,64.5644,1345340
2019-05-03 13:30:00,64.57,64.595,64.44,64.55,920813
2019-05-03 14:30:00,64.55,64.76,64.51,64.59,2235406
2019-05-03 15:30:00,64.59,64.635,64.19,64.19,7090448
2019-05-06 09:30:00,63.75,64.52,63.7,64.33,4394065
2019-05-06 10:30:00,64.3227,64.33,64.0099,64.225,2068170
2019-05-06 11:30:00,64.22,64.6835,63.76,64.17,1066141
2019-05-06 12:30:00,64.17,64.24,64.0775,64.195,919273
2019-05-06 13:30:00,64.195,64.4433,64.17,64.31,872366
2019-05-06 14:30:00,64.31,64.51,64.31,64.4,1249303
2019-05-06 15:30:00,64.4,64.4,64.13,64.19,6684821
2019-05-07 09:30:00,63.55,63.61,62.9968,63.5001,3372420
2019-05-07 10:30:00,63.5,63.505,62.94,63.2099,2680245
2019-05-07 11:30:00,63.2,63.43,63.01,63.4,1450846
2019-05-07 12:30:00,63.4,63.52,63.03,63.04,1074133
2019-05-07 13:30:00,63.04,64.31,62.932,63.1132,1890317
2019-05-07 14:30:00,63.12,63.535,63.085,63.335,2203454
2019-05-07 15:30:00,63.33,63.8,63.25,63.76,2017834
2019-05-08 09:30:00,63.71,64.02,63.58,63.77,2277901
2019-05-08 10:30:00,63.78,64.28,63.75,63.97,2295634
2019-05-08 11:30:00,63.97,64.04,63.63,63.77,957147
2019-05-08 12:30:00,63.76,63.92,63.7,63.79,976576
2019-05-08 13:30:00,63.8,63.87,63.7467,63.86,509500
2019-05-08 14:30:00,63.865,64.015,63.85,63.97,949574
2019-05-08 15:30:00,63.975,64.015,63.69,63.74,1609966
2019-05-09 09:30:00,63.45,63.71,62.9132,63.0554,4522523
2019-05-09 10:30:00,63.0501,63.4,62.98,63.13,2487191
2019-05-09 11:30:00,63.14,63.5,63.12,63.46,1855011
2019-05-09 12:30:00,63.47,63.84,63.4602,63.64,1694794
2019-05-09 13:30:00,63.63,63.99,63.6,63.885,911016
2019-05-09 14:30:00,63.885,63.94,63.54,63.705,1206578
2019-05-09 15:30:00,63.71,63.8405,63.6683,63.77,1488007
2019-05-10 09:30:00,63.75,63.88,63.09,63.18,1834551
2019-05-10 10:30:00,63.17,63.75,62.85,63.26,2207667
2019-05-10 11:30:00,63.26,63.4499,63.03,63.43,2079934
2019-05-10 12:30:00,63.42,67.4587,63.38,63.65,1541701
2019-05-10 13:30:00,63.65,63.77,63.52,63.59,1203827
2019-05-10 14:30:00,63.59,64.21,63.545,64.15,1834390
2019-05-10 15:30:00,64.15,64.17,63.87,64.05,2048094
2019-05-13 09:30:00,63.47,63.78,63.16,63.31,2852739
2019-05-13 10:30:00,63.31,63.51,62.98,63.05,2261942
2019-05-13 11:30:00,63.05,63.12,62.67,62.75,1740593
2019-05-13 12:30:00,62.75,64.05,62.65,62.77,1087178
2019-05-13 13:30:00,62.76,64.05,62.76,62.9929,1693394
2019-05-13 14:30:00,63.02,63.23,62.89,62.91,1494612
2019-05-13 15:30:00,62.91,63.07,62.84,62.995,2431772
2019-05-14 09:30:00,63.29,63.9,63.23,63.85,1733406
2019-05-14 10:30:00,63.86,64.04,63.68,63.96,1281430
2019-05-14 11:30:00,63.96,64.255,63.945,64.04,1493058
2019-05-14 12:30:00,64.047,64.16,63.98,64.115,717885
2019-05-14 13:30:00,64.12,67.19,62.95,63.9499,680031
2019-05-14 14:30:00,63.94,63.9841,63.74,63.88,1285124
2019-05-14 15:30:00,63.87,63.875,63.697,63.76,1641942
2019-05-15 09:30:00,63.36,63.65,63.18,63.546,2044817
2019-05-15 10:30:00,63.55,63.93,63.44,63.9,1322116
2019-05-15 11:30:00,63.9,64.0,63.75,63.94,926598
2019-05-15 12:30:00,63.95,64.056,63.87,63.95,2154922
2019-05-15 13:30:00,63.945,64.06,63.72,63.99,663527
2019-05-15 14:30:00,63.99,64.12,63.95,64.12,1203603
2019-05-15 15:30:00,64.11,64.19,64.06,64.07,1449874
2019-05-16 09:30:00,64.21,64.55,64.21,64.4601,1512371
2019-05-16 10:30:00,64.46,64.64,64.39,64.59,1183596
2019-05-16 11:30:00,64.59,64.64,64.49,64.5,1006892
2019-05-16 12:30:00,64.51,64.54,64.34,64.41,564908
2019-05-16 13:30:00,64.41,64.44,64.05,64.42,729605
2019-05-16 14:30:00,64.42,64.575,64.39,64.555,2409891
2019-05-16 15:30:00,64.55,64.55,64.315,64.42,1608027
2019-05-17 09:30:00,63.97,64.13,63.81,64.08,1905223
2019-05-17 10:30:00,64.09,64.32,63.92,64.17,1054853
2019-05-17 11:30:00,64.18,64.18,63.92,63.945,1222067
2019-05-17 12:30:00,63.95,64.1,63.9,63.99,497177
2019-05-17 13:30:00,63.985,64.4,63.93,63.9498,525539
2019-05-17 14:30:00,63.94,64.04,63.7,63.83,1814455
2019-05-17 15:30:00,63.83,63.85,63.67,63.755,2582880
2019-07-25 09:30:00,63.73,63.81,63.05,63.1414,1634425
2019-07-25 10:30:00,63.14,63.22,62.9,62.9,1134587
2019-07-25 11:30:00,62.9,62.92,62.68,62.84,977724
2019-07-25 12:30:00,62.85,62.8899,62.69,62.7865,819155
2019-07-25 13:30:00,62.79,62.88,62.675,62.675,882538
2019-07-25 14:30:00,62.67,62.73,62.58,62.67,1179946
2019-07-25 15:30:00,62.67,62.81,62.66,62.77,1975198
2019-07-26 09:30:00,62.77,62.78,62.3,62.3146,1875617
2019-07-26 10:30:00,62.315,62.77,62.1801,62.36,1798453
2019-07-26 11:30:00,62.37,62.495,62.32,62.34,1237637
2019-07-26 12:30:00,62.34,62.77,62.325,62.35,1084082
2019-07-26 13:30:00,62.35,62.77,62.2591,62.49,852879
2019-07-26 14:30:00,62.5,62.6,62.47,62.54,942064
2019-07-26 15:30:00,62.545,62.6,62.41,62.42,1695874
2019-07-29 09:30:00,62.4,62.45,61.8699,61.89,1829516
2019-07-29 10:30:00,61.89,62.45,61.73,62.04,1452444
2019-07-29 11:30:00,62.05,62.1399,61.92,62.01,885454
2019-07-29 12:30:00,62.01,62.2,61.95,62.16,598775
2019-07-29 13:30:00,62.15,62.45,62.06,62.2,741723
2019-07-29 14:30:00,62.195,62.27,62.095,62.1,756397
2019-07-29 15:30:00,62.1,62.23,62.07,62.18,1582733
2019-07-30 09:30:00,61.95,62.2384,61.845,61.9,2317346
2019-07-30 10:30:00,61.9,62.27,61.825,62.21,927936
2019-07-30 11:30:00,62.2099,62.51,62.165,62.51,1085679
2019-07-30 12:30:00,62.5,62.73,62.2,62.72,771226
2019-07-30 13:30:00,62.73,63.0539,62.72,62.97,1720358
2019-07-30 14:30:00,62.97,63.03,62.2,62.895,1532884
2019-07-30 15:30:00,62.895,62.96,62.79,62.92,1986312
2019-07-31 09:30:00,62.9,63.1,62.72,62.89,2639192
2019-07-31 10:30:00,62.9,63.36,62.88,63.25,1702620
2019-07-31 11:30:00,63.25,63.44,63.21,63.26,990258
2019-07-31 12:30:00,63.27,63.35,63.23,63.25,890916
2019-07-31 13:30:00,63.26,63.32,62.948,63.17,1585865
2019-07-31 14:30:00,63.16,63.26,62.18,62.77,4116228
2019-07-31 15:30:00,62.77,62.865,62.6,62.6,2402758
2019-08-01 09:30:00,62.01,62.26,61.67,62.2,4434023
2019-08-01 10:30:00,62.2,62.2501,61.83,61.9999,2648036
2019-08-01 11:30:00,61.99,62.2,61.95,62.1201,1211937
2019-08-01 12:30:00,62.12,62.3,61.815,61.82,1715396
2019-08-01 13:30:00,61.82,62.0006,60.97,61.06,5871157
2019-08-01 14:30:00,61.06,61.465,60.885,61.32,5097986
2019-08-01 15:30:00,61.36,61.43,61.15,61.22,3413202
2019-08-02 09:30:00,61.53,61.89,60.1,60.17,6799281
2019-08-02 10:30:00,60.1699,61.28,59.78,60.23,3439902
2019-08-02 11:30:00,60.23,60.67,60.08,60.5706,2656030
2019-08-02 12:30:00,60.57,61.28,60.33,60.3801,1543066
2019-08-02 13:30:00,60.39,61.28,60.28,60.3295,1339221
2019-08-02 14:30:00,60.33,60.47,60.21,60.4299,1462693
2019-08-02 15:30:00,60.43,60.6,60.25,60.42,3504257
2019-08-05 09:30:00,59.28,59.44,58.82,59.18,6899830
2019-08-05 10:30:00,59.18,60.4,58.92,59.0801,2889008
2019-08-05 11:30:00,59.09,59.31,58.89,58.9,2216420
2019-08-05 12:30:00,58.9,60.4,58.58,58.81,2720825
2019-08-05 13:30:00,58.81,60.4,58.42,58.4285,1881579
2019-08-05 14:30:00,58.43,58.59,58.18,58.4,3796141
2019-08-05 15:30:00,58.4,58.64,58.31,58.6,4949780
2019-08-06 09:30:00,58.75,59.09,58.07,58.305,5289197
2019-08-06 10:30:00,58.3,58.405,57.9,58.13,2531358
2019-08-06 11:30:00,58.13,58.19,57.9199,57.9901,1991273
2019-08-06 12:30:00,58.0,58.6,57.94,58.19,1504425
2019-08-06 13:30:00,58.19,58.6,58.15,58.35,1414783
2019-08-06 14:30:00,58.35,58.48,58.23,58.31,1692418
2019-08-06 15:30:00,58.3,58.56,58.19,58.54,1975129
2019-08-07 09:30:00,57.46,57.75,57.21,57.5,5209236
2019-08-07 10:30:00,57.5,57.735,57.16,57.54,3432706
2019-08-07 11:30:00,57.54,57.59,57.17,57.3,2557933
2019-08-07 12:30:00,57.3,57.53,57.28,57.335,1583285
2019-08-07 13:30:00,57.33,58.53,57.33,57.54,1902026
2019-08-07 14:30:00,57.53,58.53,57.5044,57.86,2507087
2019-08-07 15:30:00,57.86,58.37,57.76,58.08,6722246
2019-08-08 09:30:00,58.49,58.75,58.21,58.67,4468521
2019-08-08 10:30:00,58.67,59.0135,58.6244,58.84,2752906
2019-08-08 11:30:00,58.84,59.155,58.75,59.14,1170691
2019-08-08 12:30:00,59.1499,59.2,58.96,58.97,1291006
2019-08-08 13:30:00,58.97,59.2,58.09,59.195,822229
2019-08-08 14:30:00,59.2,59.295,59.09,59.235,1510687
2019-08-08 15:30:00,59.24,59.79,59.22,59.77,4977527
2019-08-09 09:30:00,59.81,59.94,59.14,59.14,4006111
2019-08-09 10:30:00,59.14,59.32,58.85,58.87,1584800
2019-08-09 11:30:00,58.88,59.24,58.88,59.19,1335612
2019-08-09 12:30:00,59.19,59.55,59.11,59.26,1780868
2019-08-09 13:30:00,59.26,59.76,59.2087,59.25,1275919
2019-08-09 14:30:00,59.26,59.37,57.46,59.29,2537728
2019-08-09 15:30:00,59.29,59.38,59.03,59.06,1694443
2019-08-12 09:30:00,58.96,59.06,58.53,58.71,2429738
2019-08-12 10:30:00,58.7,58.78,58.22,58.26,2235029
2019-08-12 11:30:00,58.26,58.6,58.135,58.55,1904683
2019-08-12 12:30:00,58.55,58.57,58.37,58.42,978192
2019-08-12 13:30:00,58.41,59.1,58.28,58.4949,740580
2019-08-12 14:30:00,58.5,59.1,58.19,58.38,1823472
2019-08-12 15:30:00,58.38,58.46,58.28,58.41,2930265
2019-08-13 09:30:00,58.14,59.4908,57.83,59.36,4687609
2019-08-13 10:30:00,59.37,59.44,58.14,59.11,1852082
2019-08-13 11:30:00,59.1,59.35,59.03,59.21,1269421
2019-08-13 12:30:00,59.21,59.225,58.97,59.084,1418149
2019-08-13 13:30:00,59.08,59.11,58.4,59.0856,837578
2019-08-13 14:30:00,59.0832,59.16,58.4,59.01,1332813
2019-08-13 15:30:00,59.01,59.055,58.9,58.98,2116003
2019-08-14 09:30:00,57.68,57.82,57.03,57.3399,3591688
2019-08-14 10:30:00,57.32,57.44,56.83,57.09,3658609
2019-08-14 11:30:00,57.09,57.19,56.73,56.77,2009721
2019-08-14 12:30:00,56.77,57.055,56.54,56.96,2070009
2019-08-14 13:30:00,56.96,58.94,56.81,56.8659,1758176
2019-08-14 14:30:00,56.86,56.97,56.57,56.78,3145400
2019-08-14 15:30:00,56.77,56.79,56.54,56.56,5597979
2019-08-15 09:30:00,56.33,56.6,55.9,56.32,4248876
2019-08-15 10:30:00,56.31,56.45,55.97,56.25,1722212
2019-08-15 11:30:00,56.26,56.46,56.18,56.2211,1267591
2019-08-15 12:30:00,56.225,56.39,56.08,56.1,686852
2019-08-15 13:30:00,56.09,56.63,55.67,56.01,1867550
2019-08-15 14:30:00,56.02,56.3,55.945,56.09,1544857
2019-08-15 15:30:00,56.08,56.4,56.07,56.27,2206062
2019-10-24 09:30:00,59.63,59.67,58.925,59.145,3247338
2019-10-24 10:30:00,59.14,59.29,58.9,59.09,821030
2019-10-24 11:30:00,59.08,59.14,58.73,58.855,1155256
2019-10-24 12:30:00,58.86,58.9401,58.78,58.9323,919869
2019-10-24 13:30:00,58.94,59.29,58.84,58.8963,840092
2019-10-24 14:30:00,58.89,58.9765,58.8656,58.92,889803
2019-10-24 15:30:00,58.92,59.09,58.91,59.05,1766902
2019-10-25 09:30:00,59.06,59.43,58.98,59.19,1570625
2019-10-25 10:30:00,59.195,59.69,59.04,59.66,1360670
2019-10-25 11:30:00,59.67,59.68,59.48,59.52,1205786
2019-10-25 12:30:00,59.52,59.65,59.46,59.62,466370
2019-10-25 13:30:00,59.62,59.66,59.04,59.6,964380
2019-10-25 14:30:00,59.6,59.62,59.5,59.595,1285997
2019-10-25 15:30:00,59.6,59.67,59.52,59.53,2889098
2019-10-28 09:30:00,59.72,60.059,59.66,59.74,2230883
2019-10-28 10:30:00,59.73,59.825,59.39,59.425,1793958
2019-10-28 11:30:00,59.43,59.525,59.21,59.21,1457873
2019-10-28 12:30:00,59.215,59.52,59.08,59.185,1016776
2019-10-28 13:30:00,59.19,59.52,59.19,59.3,974313
2019-10-28 14:30:00,59.3,59.4,59.25,59.3601,747772
2019-10-28 15:30:00,59.36,59.4,59.17,59.18,2505012
2019-10-29 09:30:00,58.96,59.32,58.76,59.3,2059013
2019-10-29 10:30:00,59.3,59.48,59.18,59.4199,979013
2019-10-29 11:30:00,59.41,59.78,59.38,59.745,3779969
2019-10-29 12:30:00,59.75,59.81,59.63,59.745,692533
2019-10-29 13:30:00,59.745,59.92,59.69,59.7,974736
2019-10-29 14:30:00,59.7,59.7299,59.47,59.525,1181529
2019-10-29 15:30:00,59.525,59.55,59.4,59.435,2011262
2019-10-30 09:30:00,59.56,59.59,58.86,59.09,2223920
2019-10-30 10:30:00,59.08,59.42,58.5601,58.6101,1636442
2019-10-30 11:30:00,58.615,58.65,58.33,58.44,1954755
2019-10-30 12:30:00,58.44,58.5799,58.35,58.425,1215957
2019-10-30 13:30:00,58.43,59.42,58.11,58.235,2103804
2019-10-30 14:30:00,58.2362,58.8161,57.98,58.12,2308978
2019-10-30 15:30:00,58.12,58.22,58.05,58.2,2750698
2019-10-31 09:30:00,57.97,58.06,57.39,57.49,3501035
2019-10-31 10:30:00,57.495,57.61,57.4001,57.47,2657452
2019-10-31 11:30:00,57.4753,57.8799,57.44,57.66,1923466
2019-10-31 12:30:00,57.665,57.7199,57.54,57.6,995466
2019-10-31 13:30:00,57.6,58.21,57.51,57.66,837390
2019-10-31 14:30:00,57.66,57.7555,57.56,57.69,1299209
2019-10-31 15:30:00,57.69,57.95,57.685,57.93,3439406
2019-11-01 09:30:00,58.25,58.82,58.2,58.75,1930296
2019-11-01 10:30:00,58.75,59.18,58.72,59.16,1952063
2019-11-01 11:30:00,59.155,59.2,58.96,59.065,1179794
2019-11-01 12:30:00,59.0684,59.21,57.96,59.175,1100916
2019-11-01 13:30:00,59.175,59.29,57.96,59.29,1008588
2019-11-01 14:30:00,59.28,59.385,59.26,59.275,1465638
2019-11-01 15:30:00,59.28,59.34,59.24,59.34,2665000
2019-11-04 09:30:00,59.96,60.74,59.95,60.7365,3110520
2019-11-04 10:30:00,60.735,61.1699,60.73,61.12,3647973
2019-11-04 11:30:00,61.12,61.39,61.11,61.35,3976124
2019-11-04 12:30:00,61.36,61.36,61.15,61.23,2060064
2019-11-04 13:30:00,61.2338,61.3,59.28,61.225,1733417
2019-11-04 14:30:00,61.22,61.325,61.15,61.215,2352497
2019-11-04 15:30:00,61.22,61.31,61.18,61.24,3721335
2019-11-05 09:30:00,61.38,61.83,61.21,61.48,4932484
2019-11-05 10:30:00,61.485,61.82,61.485,61.57,2525301
2019-11-05 11:30:00,61.58,61.6299,61.1029,61.12,1678574
2019-11-05 12:30:00,61.11,61.31,61.09,61.23,2125810
2019-11-05 13:30:00,61.235,61.36,61.2,61.3499,1397409
2019-11-05 14:30:00,61.3447,61.37,61.18,61.195,1125813
2019-11-05 15:30:00,61.2,61.51,61.19,61.44,2797779
2019-11-06 09:30:00,61.2,61.33,60.42,61.06,3025799
2019-11-06 10:30:00,61.06,61.29,60.415,60.42,2966380
2019-11-06 11:30:00,60.42,60.54,60.11,60.13,2563512
2019-11-06 12:30:00,60.13,61.29,59.87,59.97,1683533
2019-11-06 13:30:00,59.975,61.29,59.89,60.12,1093369
2019-11-06 14:30:00,60.12,60.16,60.02,60.07,813509
2019-11-06 15:30:00,60.065,60.11,59.95,60.04,2469988
2019-11-07 09:30:00,60.65,61.13,60.62,60.72,3140529
2019-11-07 10:30:00,60.73,60.87,60.04,60.64,1494813
2019-11-07 11:30:00,60.64,60.84,60.49,60.84,1652619
2019-11-07 12:30:00,60.84,60.87,60.67,60.68,1114621
2019-11-07 13:30:00,60.6749,60.9,60.04,60.81,1009138
2019-11-07 14:30:00,60.81,60.875,60.7,60.785,1527986
2019-11-07 15:30:00,60.79,60.96,60.765,60.95,2545290
2019-11-08 09:30:00,60.6,60.63,60.0,60.285,3306916
2019-11-08 10:30:00,60.29,60.94,60.22,60.27,1722226
2019-11-08 11:30:00,60.26,60.72,60.23,60.665,1178662
2019-11-08 12:30:00,60.6659,60.7,60.48,60.56,781808
2019-11-08 13:30:00,60.5687,60.94,60.515,60.5835,463758
2019-11-08 14:30:00,60.58,60.77,60.5623,60.745,833931
2019-11-08 15:30:00,60.745,60.7876,60.67,60.69,1632649
2019-11-11 09:30:00,60.12,60.5,59.89,60.405,2832565
2019-11-11 10:30:00,60.41,60.69,60.16,60.3,1830188
2019-11-11 11:30:00,60.3,60.5754,60.26,60.57,2415931
2019-11-11 12:30:00,60.57,60.63,60.43,60.445,1868708
2019-11-11 13:30:00,60.445,60.6,60.42,60.505,1850570
2019-11-11 14:30:00,60.5,60.56,60.385,60.4,892737
2019-11-11 15:30:00,60.395,60.44,60.31,60.35,2144491
2020-01-28 09:30:00,55.36,55.64,55.07,55.48,4531273
2020-01-28 10:30:00,55.48,55.58,55.05,55.36,1858234
2020-01-28 11:30:00,55.365,55.58,55.0209,55.54,1403831
2020-01-28 12:30:00,55.54,55.54,55.33,55.41,837118
2020-01-28 13:30:00,55.41,55.4581,55.05,55.38,1439612
2020-01-28 14:30:00,55.38,55.49,55.3,55.44,1404409
2020-01-28 15:30:00,55.44,55.46,55.26,55.275,2471348
2020-01-29 09:30:00,55.61,55.81,55.06,55.32,2146888
2020-01-29 10:30:00,55.325,55.34,55.1,55.2018,1870194
2020-01-29 11:30:00,55.2,55.2399,55.04,55.065,1505826
2020-01-29 12:30:00,55.07,55.0818,54.91,54.97,1168867
2020-01-29 13:30:00,54.975,55.3,54.84,54.8915,1537425
2020-01-29 14:30:00,54.895,54.93,54.66,54.765,1822391
2020-01-29 15:30:00,54.765,55.2681,54.65,54.68,2907022
2020-01-30 09:30:00,54.15,54.81,54.15,54.515,5180309
2020-01-30 10:30:00,54.52,54.72,54.01,54.35,3063413
2020-01-30 11:30:00,54.35,54.38,54.1212,54.135,1990258
2020-01-30 12:30:00,54.13,54.25,54.0801,54.2,2012888
2020-01-30 13:30:00,54.2,54.72,54.18,54.36,1467782
2020-01-30 14:30:00,54.365,54.86,54.29,54.81,4816026
2020-01-30 15:30:00,54.805,55.215,54.78,55.15,4585943
2020-01-31 09:30:00,54.23,54.38,53.726,53.74,7121300
2020-01-31 10:30:00,53.74,53.8208,53.39,53.62,4141285
2020-01-31 11:30:00,53.625,53.99,53.53,53.565,3505359
2020-01-31 12:30:00,53.56,53.56,53.2,53.285,3793144
2020-01-31 13:30:00,53.275,55.16,53.16,53.34,3604081
2020-01-31 14:30:00,53.335,53.4983,53.21,53.31,3532398
2020-01-31 15:30:00,53.31,53.53,53.285,53.42,6842471
2020-02-03 09:30:00,53.37,53.45,52.945,53.43,5150010
2020-02-03 10:30:00,53.425,53.425,52.72,52.73,2809396
2020-02-03 11:30:00,52.72,52.92,52.55,52.8643,2702621
2020-02-03 12:30:00,52.86,53.01,52.7132,52.7799,1382572
2020-02-03 13:30:00,52.78,53.44,52.68,52.685,1881053
2020-02-03 14:30:00,52.68,52.86,52.65,52.86,1591272
2020-02-03 15:30:00,52.86,52.89,52.65,52.73,4332567
2020-02-04 09:30:00,53.5,53.92,53.43,53.74,7237634
2020-02-04 10:30:00,53.74,53.77,52.74,53.465,3046978
2020-02-04 11:30:00,53.465,53.6199,53.24,53.3788,1498476
2020-02-04 12:30:00,53.37,54.9663,53.121,53.18,1488635
2020-02-04 13:30:00,53.185,53.185,52.74,53.015,1292744
2020-02-04 14:30:00,53.015,53.2,53.0,53.155,1928127
2020-02-04 15:30:00,53.15,53.15,52.83,52.95,2778563
2020-02-05 09:30:00,53.81,54.56,53.78,54.405,4982641
2020-02-05 10:30:00,54.4,54.735,52.93,54.7,4107192
2020-02-05 11:30:00,54.695,54.9,54.61,54.81,3456340
2020-02-05 12:30:00,54.81,55.11,54.81,54.92,4549630
2020-02-05 13:30:00,54.93,55.015,52.93,54.8324,1958273
2020-02-05 14:30:00,54.83,55.005,54.65,54.86,3739945
2020-02-05 15:30:00,54.86,54.96,54.75,54.92,5108083
2020-02-06 09:30:00,55.18,55.18,54.27,54.67,4790590
2020-02-06 10:30:00,54.665,54.92,54.53,54.6531,2382284
2020-02-06 11:30:00,54.66,54.92,54.56,54.6,1120954
2020-02-06 12:30:00,54.6,54.615,54.385,54.39,994771
2020-02-06 13:30:00,54.395,54.92,54.2757,54.5388,1249435
2020-02-06 14:30:00,54.535,54.585,54.42,54.45,1649712
2020-02-06 15:30:00,54.445,54.51,54.35,54.36,2345578
2020-02-07 09:30:00,53.95,54.035,53.7,53.8699,3299139
2020-02-07 10:30:00,53.865,54.195,53.725,54.13,1706437
2020-02-07 11:30:00,54.1299,54.2059,54.0,54.13,863312
2020-02-07 12:30:00,54.13,54.1803,53.95,54.085,2106958
2020-02-07 13:30:00,54.09,54.36,53.8312,53.94,2241467
2020-02-07 14:30:00,53.94,54.04,53.87,54.01,1060873
2020-02-07 15:30:00,54.005,54.03,53.91,53.96,2093475
2020-02-10 09:30:00,53.79,53.79,53.38,53.54,2775765
2020-02-10 10:30:00,53.545,53.83,53.49,53.575,1743897
2020-02-10 11:30:00,53.575,53.61,53.46,53.52,2030701
2020-02-10 12:30:00,53.515,53.52,53.39,53.3968,1055981
2020-02-10 13:30:00,53.395,53.98,53.38,53.615,1770272
2020-02-10 14:30:00,53.615,53.66,53.5312,53.62,1799624
2020-02-10 15:30:00,53.62,53.725,53.58,53.71,2872422
2020-02-11 09:30:00,54.44,54.52,54.065,54.465,3845379
2020-02-11 10:30:00,54.47,54.5199,53.71,54.2879,1246081
2020-02-11 11:30:00,54.29,54.42,54.12,54.42,1240674
2020-02-11 12:30:00,54.43,54.45,54.165,54.19,907303
2020-02-11 13:30:00,54.19,54.288,53.71,54.28,1056343
2020-02-11 14:30:00,54.28,54.31,54.14,54.25,1054760
2020-02-11 15:30:00,54.2394,54.385,54.21,54.32,3911120
2020-02-12 09:30:00,55.12,55.35,55.05,55.26,3772403
2020-02-12 10:30:00,55.26,55.29,54.31,54.75,2645568
2020-02-12 11:30:00,54.74,54.86,54.59,54.84,2030597
2020-02-12 12:30:00,54.84,54.89,54.7389,54.825,966245
2020-02-12 13:30:00,54.83,55.04,54.31,54.89,1658564
2020-02-12 14:30:00,54.8933,55.05,54.885,54.995,2002105
2020-02-12 15:30:00,54.99,55.14,54.96,55.07,3258653
2020-02-13 09:30:00,54.89,55.19,54.66,54.79,2966431
2020-02-13 10:30:00,54.795,55.04,54.55,54.7073,1573448
2020-02-13 11:30:00,54.7,54.9699,54.6612,54.88,1316924
2020-02-13 12:30:00,54.88,55.04,54.71,54.74,1005942
2020-02-13 13:30:00,54.745,55.04,54.6,54.6712,1040192
2020-02-13 14:30:00,54.68,54.93,54.68,54.915,1405917
2020-02-13 15:30:00,54.91,54.9254,54.78,54.865,2081579
2020-02-24 09:30:00,52.1,54.14,51.81,51.92,8258069
2020-02-24 10:30:00,51.915,54.105,51.77,51.91,3355245
2020-02-24 11:30:00,51.915,54.105,51.6423,51.675,3778137
2020-02-24 12:30:00,51.67,54.105,51.48,51.6488,3749299
2020-02-24 13:30:00,51.645,54.14,51.5588,51.83,2893669
2020-02-24 14:30:00,51.83,54.105,51.78,51.8301,4119869
2020-02-24 15:30:00,51.835,51.86,51.55,51.56,5396716
2020-02-25 09:30:00,51.78,51.82,50.699,50.73,7651781
2020-02-25 10:30:00,50.73,50.92,50.38,50.59,5094358
2020-02-25 11:30:00,50.58,50.6399,50.3101,50.3645,3489500
2020-02-25 12:30:00,50.36,50.5599,49.87,49.9201,4493784
2020-02-25 13:30:00,49.93,51.64,49.17,49.21,4961633
2020-02-25 14:30:00,49.205,51.5487,49.1,49.265,7103967
2020-02-25 15:30:00,49.26,49.46,49.04,49.34,7121600
2020-02-26 09:30:00,49.54,49.78,49.19,49.36,8912322
2020-02-26 10:30:00,49.37,49.755,49.15,49.32,5434353
2020-02-26 11:30:00,49.32,49.335,48.59,48.65,5292267
2020-02-26 12:30:00,48.66,48.87,48.5301,48.63,4898522
2020-02-26 13:30:00,48.635,49.36,47.9699,48.07,6859799
2020-02-26 14:30:00,48.065,48.31,47.9213,48.06,6614598
2020-02-26 15:30:00,48.05,49.3206,47.85,47.88,8419238
2020-02-27 09:30:00,46.6,46.64,45.65,45.755,15105972
2020-02-27 10:30:00,45.76,47.8736,45.39,46.7,9920882
2020-02-27 11:30:00,46.69,47.4499,46.3688,47.095,8036977
2020-02-27 12:30:00,47.0917,47.525,46.4807,46.88,5153882
2020-02-27 13:30:00,46.89,47.87,46.16,46.5,5523219
2020-02-27 14:30:00,46.505,46.53,45.92,45.92,5036871
2020-02-27 15:30:00,45.92,46.165,45.29,45.29,9386990
2020-02-28 09:30:00,43.88,44.76,43.515,43.635,15888260
2020-02-28 10:30:00,43.63,45.31,43.6,44.41,10225388
2020-02-28 11:30:00,44.415,45.35,43.9,44.69,8775420
2020-02-28 12:30:00,44.69,45.6,43.9,45.361,7172340
2020-02-28 13:30:00,45.37,45.37,43.9,45.0,5762591
2020-02-28 14:30:00,44.995,45.74,43.9,44.935,9384591
2020-02-28 15:30:00,44.9288,45.84,44.7312,45.82,9520794
2020-03-02 09:30:00,46.28,46.61,44.93,45.63,7043989
2020-03-02 10:30:00,45.63,46.5099,45.38,46.4367,5599784
2020-03-02 11:30:00,46.44,46.825,46.22,46.35,4872912
2020-03-02 12:30:00,46.35,46.577,45.86,45.99,3032213
2020-03-02 13:30:00,45.995,46.25,45.27,45.9299,2938282
2020-03-02 14:30:00,45.92,46.345,45.5795,46.26,3998933
2020-03-02 15:30:00,46.27,47.16,46.21,47.15,8158687
2020-03-03 09:30:00,47.37,47.99,46.2,47.02,9623789
2020-03-03 10:30:00,47.02,47.34,45.87,46.08,7088822
2020-03-03 11:30:00,46.08,46.84,46.0,46.43,3940265
2020-03-03 12:30:00,46.43,46.5288,45.6488,45.8799,3232669
2020-03-03 13:30:00,45.875,47.1,45.15,45.63,5241959
2020-03-03 14:30:00,45.62,46.3,45.26,46.3,5143675
2020-03-03 15:30:00,46.29,46.37,45.615,45.68,6901722
2020-03-04 09:30:00,46.64,46.74,45.66,46.5199,5852006
2020-03-04 10:30:00,46.52,46.63,45.66,46.11,3469680
2020-03-04 11:30:00,46.115,46.24,45.67,46.22,3451068
2020-03-04 12:30:00,46.22,46.35,46.0299,46.24,2038586
2020-03-04 13:30:00,46.245,46.31,45.66,46.23,2230403
2020-03-04 14:30:00,46.24,46.53,46.14,46.53,2394356
2020-03-04 15:30:00,46.53,46.75,46.345,46.71,3849271
2020-03-05 09:30:00,45.4,46.74,45.0,45.205,4758150
2020-03-05 10:30:00,45.205,45.43,45.0,45.33,3002923
2020-03-05 11:30:00,45.33,45.39,44.722,44.8199,2358535
2020-03-05 12:30:00,44.81,44.8988,44.275,44.465,3891458
2020-03-05 13:30:00,44.47,46.74,44.4,44.54,3453991
2020-03-05 14:30:00,44.545,44.835,44.37,44.55,3361231
2020-03-05 15:30:00,44.55,45.1,44.5,45.05,6622215
2020-03-13 09:30:00,31.96,31.96,29.47,30.26,6002164
2020-03-13 10:30:00,30.26,30.425,29.48,29.48,3036661
2020-03-13 11:30:00,29.48,29.49,28.8,29.105,3518243
2020-03-13 12:30:00,29.1099,29.94,29.065,29.93,3996766
2020-03-13 13:30:00,29.935,30.38,29.47,29.9,3497052
2020-03-13 14:30:00,29.905,30.23,29.4,30.0048,4529660
2020-03-13 15:30:00,30.01,32.22,29.585,32.18,8788797
2020-03-16 09:30:00,27.95,29.1,27.95,28.97,7588308
2020-03-16 10:30:00,28.97,31.115,28.8301,30.91,5023907
2020-03-16 11:30:00,30.91,30.9784,29.7,29.88,4945947
2020-03-16 12:30:00,29.88,30.0001,29.02,29.0333,3646459
2020-03-16 13:30:00,29.04,32.19,28.51,28.61,2858279
2020-03-16 14:30:00,28.62,29.195,28.0,28.715,4462114
2020-03-16 15:30:00,28.71,28.71,27.67,27.84,10290006
2020-03-17 09:30:00,28.08,28.21,26.95,27.488,8252629
2020-03-17 10:30:00,27.475,28.37,26.97,28.15,6255139
2020-03-17 11:30:00,28.15,29.18,27.3389,28.24,6033189
2020-03-17 12:30:00,28.24,28.38,27.14,27.26,4670744
2020-03-17 13:30:00,27.26,27.92,27.085,27.825,3313112
2020-03-17 14:30:00,27.82,28.27,27.47,27.475,3888689
2020-03-17 15:30:00,27.475,28.0,27.46,28.0,6930712
2020-03-18 09:30:00,26.04,28.0,25.45,25.7399,12285291
2020-03-18 10:30:00,25.7399,28.01,25.02,25.05,6912181
2020-03-18 11:30:00,25.045,25.2076,24.65,24.94,6840564
2020-03-18 12:30:00,24.935,24.98,24.08,24.08,3227244
2020-03-18 13:30:00,24.09,24.36,22.89,22.955,6372053
2020-03-18 14:30:00,22.955,24.5,22.88,23.4199,6887182
2020-03-18 15:30:00,23.41,24.04,23.2,24.02,8505570
2020-03-19 09:30:00,24.33,24.75,22.9801,24.595,9719765
2020-03-19 10:30:00,24.6,25.0,23.88,24.97,7079264
2020-03-19 11:30:00,24.975,25.51,24.445,24.67,7025914
2020-03-19 12:30:00,24.67,25.34,23.98,24.8079,6906126
2020-03-19 13:30:00,24.805,25.33,23.98,25.08,6126895
2020-03-19 14:30:00,25.08,25.71,23.8838,25.045,8263526
2020-03-19 15:30:00,25.06,25.61,24.7901,25.6,4338832
2020-03-20 09:30:00,26.26,26.53,25.08,26.37,8207472
2020-03-20 10:30:00,26.37,26.84,25.65,25.99,7768160
2020-03-20 11:30:00,25.995,26.12,25.44,25.585,9011396
2020-03-20 12:30:00,25.58,26.28,25.536,26.04,5195568
2020-03-20 13:30:00,26.045,26.26,25.53,25.64,5227417
2020-03-20 14:30:00,25.65,25.82,24.76,25.435,8031939
2020-03-20 15:30:00,25.44,26.05,25.44,25.87,10538448
2020-03-23 09:30:00,25.13,25.86,23.82,24.22,9428128
2020-03-23 10:30:00,24.269,24.525,23.3,23.32,5105912
2020-03-23 11:30:00,23.32,23.97,23.15,23.765,6288937
2020-03-23 12:30:00,23.77,24.34,23.48,23.77,5248774
2020-03-23 13:30:00,23.78,25.86,23.2,23.65,5596410
2020-03-23 14:30:00,23.655,23.89,23.37,23.51,6719526
2020-03-23 15:30:00,23.51,23.88,23.25,23.53,7146188
2020-03-24 09:30:00,25.4,26.62,23.57,26.5821,9537171
2020-03-24 10:30:00,26.59,26.61,25.73,25.9301,6770897
2020-03-24 11:30:00,25.95,26.76,25.9088,26.75,5015030
2020-03-24 12:30:00,26.75,26.86,25.73,26.28,5166698
2020-03-24 13:30:00,26.28,26.41,23.57,25.9646,4830519
2020-03-24 14:30:00,25.96,26.6,23.5593,26.515,4675058
2020-03-24 15:30:00,26.515,27.49,26.46,27.39,7460714
2020-03-25 09:30:00,27.95,29.08,26.7399,26.99,11403333
2020-03-25 10:30:00,27.0,28.3,26.99,28.09,7904359
2020-03-25 11:30:00,28.09,29.0,27.3816,28.97,4712686
2020-03-25 12:30:00,28.96,29.92,28.82,29.74,7301093
2020-03-25 13:30:00,29.73,30.0,27.35,29.23,7028716
2020-03-25 14:30:00,29.23,29.51,28.8022,29.08,5438022
2020-03-25 15:30:00,29.08,29.46,28.395,28.59,7451601
2020-04-06 09:30:00,30.5,31.14,29.83,30.545,9318957
2020-04-06 10:30:00,30.545,30.6595,30.09,30.65,5371436
2020-04-06 11:30:00,30.645,31.16,30.6401,30.92,6478158
2020-04-06 12:30:00,30.915,31.0,30.765,30.97,2469600
2020-04-06 13:30:00,30.97,31.14,29.83,30.94,3013370
2020-04-06 14:30:00,30.93,31.14,30.85,31.108,3746199
2020-04-06 15:30:00,31.1,31.6201,31.04,31.39,7086749
2020-04-07 09:30:00,32.96,33.87,31.41,32.815,14483219
2020-04-07 10:30:00,32.825,33.59,31.41,33.26,7591734
2020-04-07 11:30:00,33.25,34.0205,31.41,33.55,4795998
2020-04-07 12:30:00,33.55,34.0205,32.875,33.24,4457067
2020-04-07 13:30:00,33.245,33.33,31.41,32.58,5130851
2020-04-07 14:30:00,32.585,32.7301,32.055,32.1655,6411421
2020-04-07 15:30:00,32.17,32.89,32.02,32.02,7388391
2020-04-08 09:30:00,32.76,33.29,32.08,32.9,7066634
2020-04-08 10:30:00,32.9,33.22,32.49,33.16,6099880
2020-04-08 11:30:00,33.15,33.55,33.03,33.41,3238634
2020-04-08 12:30:00,33.41,33.51,33.06,33.16,3902300
2020-04-08 13:30:00,33.17,33.49,32.08,33.485,5158302
2020-04-08 14:30:00,33.48,34.15,33.46,33.8755,6524894
2020-04-08 15:30:00,33.875,34.33,33.8,34.22,6082411
2020-04-09 09:30:00,35.53,35.98,34.22,35.74,17875013
2020-04-09 10:30:00,35.745,36.46,34.2404,34.92,20488543
2020-04-09 11:30:00,34.92,35.11,33.18,35.01,7735104
2020-04-09 12:30:00,35.0,35.4,34.9,35.395,5812999
2020-04-09 13:30:00,35.395,35.5,33.4,33.41,12635742
2020-04-09 14:30:00,33.4,35.1033,32.6201,33.75,15765214
2020-04-09 15:30:00,33.74,34.04,33.71,33.9,8307266
2020-04-13 09:30:00,35.11,35.22,33.52,34.2125,10447971
2020-04-13 10:30:00,34.22,34.22,33.2595,33.93,5746395
2020-04-13 11:30:00,33.92,34.22,33.54,33.8329,3576294
2020-04-13 12:30:00,33.8301,33.9072,33.56,33.7201,3328546
2020-04-13 13:30:00,33.725,34.01,33.6601,33.73,3568802
2020-04-13 14:30:00,33.74,33.815,33.52,33.73,3149612
2020-04-13 15:30:00,33.74,34.02,33.66,33.8,3478353
2020-04-14 09:30:00,33.97,34.38,33.58,34.13,6311119
2020-04-14 10:30:00,34.135,34.25,33.42,33.9,5534673
2020-04-14 11:30:00,33.895,34.05,33.6996,33.885,3997495
2020-04-14 12:30:00,33.8876,33.92,33.505,33.62,3228191
2020-04-14 13:30:00,33.625,33.8,33.475,33.55,3920616
2020-04-14 14:30:00,33.555,33.81,33.49,33.64,4009607
2020-04-14 15:30:00,33.635,33.78,33.565,33.62,4349860
2020-04-15 09:30:00,32.3,33.64,31.43,31.52,9993372
2020-04-15 10:30:00,31.51,31.52,31.07,31.22,4344571
2020-04-15 11:30:00,31.225,31.44,31.06,31.4399,3922179
2020-04-15 12:30:00,31.44,31.875,29.0756,31.6,2924224
2020-04-15 13:30:00,31.61,33.64,31.51,31.77,2785862
2020-04-15 14:30:00,31.77,32.38,31.6815,32.01,7193750
2020-04-15 15:30:00,32.0,32.16,31.95,32.05,4792065
2020-04-16 09:30:00,32.0,32.08,30.815,31.1799,7750860
2020-04-16 10:30:00,31.18,31.4,30.93,30.935,3886105
2020-04-16 11:30:00,30.93,31.13,30.765,30.91,3845588
2020-04-16 12:30:00,30.905,30.945,30.645,30.79,3444400
2020-04-16 13:30:00,30.79,32.06,30.72,30.88,3133521
2020-04-16 14:30:00,30.88,30.9691,30.74,30.94,3907277
2020-04-16 15:30:00,30.95,30.99,30.68,30.69,4540201
2020-04-17 09:30:00,31.33,32.6,31.31,32.145,9426389
2020-04-17 10:30:00,32.155,32.68,32.01,32.58,4155938
2020-04-17 11:30:00,32.58,33.16,32.57,32.985,5029198
2020-04-17 12:30:00,32.99,33.515,32.97,33.3699,5219629
2020-04-17 13:30:00,33.3794,33.53,30.69,33.03,4221798
2020-04-17 14:30:00,33.025,33.265,32.97,33.2036,3368143
2020-04-17 15:30:00,33.19,34.15,33.19,33.95,8601955
2020-04-20 09:30:00,31.95,33.24,31.78,32.8601,12918912
2020-04-20 10:30:00,32.87,33.9212,32.8607,33.71,6535629
2020-04-20 11:30:00,33.705,34.1,33.5599,33.5993,5807770
2020-04-20 12:30:00,33.59,33.77,33.16,33.485,4898115
2020-04-20 13:30:00,33.485,33.95,32.5,32.5099,8094708
2020-04-20 14:30:00,32.5,32.98,32.49,32.8,10581836
2020-04-20 15:30:00,32.795,33.0771,32.7077,32.87,6616284
2020-04-21 09:30:00,31.94,32.89,31.39,32.795,14635600
2020-04-21 10:30:00,32.795,32.8999,32.135,32.1701,8439200
2020-04-21 11:30:00,32.17,32.45,31.91,32.17,8628597
2020-04-21 12:30:00,32.17,32.335,31.98,32.19,6292478
2020-04-21 13:30:00,32.2,32.89,31.79,32.36,7054036
2020-04-21 14:30:00,32.355,32.86,32.24,32.56,8246289
2020-04-21 15:30:00,32.5689,32.71,32.3,32.31,6037374
2020-04-22 09:30:00,33.77,33.99,32.31,33.1,10538113
2020-04-22 10:30:00,33.105,33.53,33.07,33.29,5524925
2020-04-22 11:30:00,33.285,33.55,33.16,33.255,4272941
2020-04-22 12:30:00,33.255,33.35,33.09,33.285,2926984
2020-04-22 13:30:00,33.29,33.42,32.31,33.38,4708786
2020-04-22 14:30:00,33.375,33.51,33.33,33.43,4720934
2020-04-22 15:30:00,33.425,33.69,33.4,33.46,3918760
2020-04-27 09:30:00,34.35,34.62,33.5758,34.29,6332967
2020-04-27 10:30:00,34.29,34.73,34.2612,34.5601,2802958
2020-04-27 11:30:00,34.56,35.0731,32.08,34.8001,2399669
2020-04-27 12:30:00,34.81,34.97,34.76,34.9599,2162109
2020-04-27 13:30:00,34.955,35.23,34.62,35.205,2824510
2020-04-27 14:30:00,35.205,35.57,34.87,35.465,3076500
2020-04-27 15:30:00,35.465,35.62,35.32,35.32,2925413
2020-04-28 09:30:00,35.9,36.3913,35.37,36.12,7178566
2020-04-28 10:30:00,36.13,36.25,35.32,36.0,4110970
2020-04-28 11:30:00,35.99,36.14,35.3416,35.9299,3510559
2020-04-28 12:30:00,35.925,36.12,35.78,36.08,1772577
2020-04-28 13:30:00,36.085,36.34,35.37,36.33,4096180
2020-04-28 14:30:00,36.335,36.4,36.105,36.255,4280404
2020-04-28 15:30:00,36.25,36.3,36.05,36.13,3921612
2020-04-29 09:30:00,37.39,37.8497,36.18,37.8497,8031900
2020-04-29 10:30:00,37.85,38.45,36.18,38.33,5945734
2020-04-29 11:30:00,38.33,38.3807,37.88,38.075,3742384
2020-04-29 12:30:00,38.08,38.52,38.055,38.27,3294830
2020-04-29 13:30:00,38.265,38.2917,36.18,38.22,4055785
2020-04-29 14:30:00,38.2134,38.86,38.1089,38.8,4402739
2020-04-29 15:30:00,38.797,38.99,38.74,38.89,5220867
2020-04-30 09:30:00,39.08,39.08,37.44,38.69,11788429
2020-04-30 10:30:00,38.7,38.9,38.1801,38.34,5538457
2020-04-30 11:30:00,38.33,38.49,37.52,37.85,4733726
2020-04-30 12:30:00,37.85,37.955,37.58,37.62,2610359
2020-04-30 13:30:00,37.625,38.86,37.56,37.9,4823206
2020-04-30 14:30:00,37.905,38.86,37.8282,37.95,4557084
2020-04-30 15:30:00,37.95,38.24,37.83,37.96,5608741
2020-05-01 09:30:00,37.22,37.5,35.99,36.2,8087113
2020-05-01 10:30:00,36.185,36.5921,36.06,36.158,3947234
2020-05-01 11:30:00,36.155,38.0,35.41,35.7301,5630888
2020-05-01 12:30:00,35.73,36.17,35.68,35.9101,2332322
2020-05-01 13:30:00,35.915,38.0,35.71,35.985,2066370
2020-05-01 14:30:00,35.98,35.98,35.64,35.76,3027237
2020-05-01 15:30:00,35.77,35.81,35.62,35.785,3278785
2020-05-04 09:30:00,35.19,36.62,35.02,36.26,8383472
2020-05-04 10:30:00,36.26,36.38,35.92,36.0,4345279
2020-05-04 11:30:00,36.005,36.23,35.87,36.1799,2575601
2020-05-04 12:30:00,36.175,36.34,35.89,35.9712,2140678
2020-05-04 13:30:00,35.98,36.2601,35.85,36.2199,1599684
2020-05-04 14:30:00,36.215,37.0671,36.12,36.815,2719712
2020-05-04 15:30:00,36.81,37.12,36.76,37.08,4190395
2020-05-05 09:30:00,38.61,38.92,37.7,37.77,10062684
2020-05-05 10:30:00,37.775,38.19,37.49,38.03,6192391
2020-05-05 11:30:00,38.02,38.265,37.92,38.15,4071303
2020-05-05 12:30:00,38.14,38.22,37.83,37.9001,2067742
2020-05-05 13:30:00,37.905,38.1033,37.09,37.75,2336801
2020-05-05 14:30:00,37.75,37.795,37.22,37.31,3983878
2020-05-05 15:30:00,37.315,37.41,36.99,37.16,4604021
2020-05-06 09:30:00,37.3,37.62,36.5,36.84,5311175
2020-05-06 10:30:00,36.85,37.18,36.14,36.28,4067301
2020-05-06 11:30:00,36.29,36.68,36.12,36.625,3731283
2020-05-06 12:30:00,36.6277,36.7,36.41,36.56,2260361
2020-05-06 13:30:00,36.555,37.12,36.49,36.5,1991982
2020-05-06 14:30:00,36.5,36.75,36.45,36.49,2483637
2020-05-06 15:30:00,36.49,36.6,36.14,36.14,3388079
2020-05-07 09:30:00,37.17,37.795,37.06,37.1615,6278642
2020-05-07 10:30:00,37.16,37.56,37.16,37.4885,2193586
2020-05-07 11:30:00,37.49,37.72,34.09,37.6,2792323
2020-05-07 12:30:00,37.6,37.6116,37.19,37.22,1791450
2020-05-07 13:30:00,37.215,38.6811,36.15,37.23,1658545
2020-05-07 14:30:00,37.23,37.2685,36.83,37.05,2298258
2020-05-07 15:30:00,37.05,37.125,36.9,37.08,2608835
2020-05-08 09:30:00,37.96,38.28,37.74,37.94,5042061
2020-05-08 10:30:00,37.9399,38.15,37.785,38.12,2694366
2020-05-08 11:30:00,38.12,38.21,37.95,38.08,2735597
2020-05-08 12:30:00,38.08,38.25,38.05,38.24,1423779
2020-05-08 13:30:00,38.24,38.45,37.09,38.425,2000677
2020-05-08 14:30:00,38.4278,38.63,38.35,38.565,4481551
2020-05-08 15:30:00,38.56,39.2466,38.54,38.77,5212484
2020-05-11 09:30:00,38.41,38.78,38.0,38.12,5963227
2020-05-11 10:30:00,38.115,38.25,37.92,38.04,3442424
2020-05-11 11:30:00,38.04,38.52,38.03,38.4501,2600916
2020-05-11 12:30:00,38.46,38.52,38.305,38.33,2433805
2020-05-11 13:30:00,38.325,38.78,38.0296,38.08,2629934
2020-05-11 14:30:00,38.08,38.23,38.07,38.17,2770038
2020-05-11 15:30:00,38.16,38.3,38.09,38.1,3146643
2020-05-12 09:30:00,38.48,38.53,37.96,38.09,4086801
2020-05-12 10:30:00,38.09,38.15,37.68,38.0668,4076832
2020-05-12 11:30:00,38.07,38.4284,37.95,38.39,2769206
2020-05-12 12:30:00,38.395,38.455,37.84,37.88,5140349
2020-05-12 13:30:00,37.875,38.1,37.75,37.77,2208644
2020-05-12 14:30:00,37.7668,38.1,37.7,37.94,4059655
2020-05-12 15:30:00,37.945,37.98,37.38,37.38,4943439
2020-05-13 09:30:00,37.18,37.43,36.05,36.27,7499849
2020-05-13 10:30:00,36.27,36.71,35.64,35.885,5233701
2020-05-13 11:30:00,35.88,35.9684,35.59,35.87,8649621
2020-05-13 12:30:00,35.87,36.135,35.625,36.0016,3142307
2020-05-13 13:30:00,36.005,37.43,35.64,35.745,2217370
2020-05-13 14:30:00,35.745,35.88,35.45,35.5521,3460862
2020-05-13 15:30:00,35.55,35.9,35.52,35.77,3953192
2020-05-14 09:30:00,35.11,35.73,34.3,35.17,7384649
2020-05-14 10:30:00,35.17,36.46,35.17,35.77,6607204
2020-05-14 11:30:00,35.77,35.995,35.31,35.75,3250598
2020-05-14 12:30:00,35.749,36.42,35.74,36.42,2115075
2020-05-14 13:30:00,36.415,36.4696,35.73,36.1315,1823625
2020-05-14 14:30:00,36.14,36.18,35.88,36.03,4647892
2020-05-14 15:30:00,36.025,36.11,35.755,36.11,4829761
2020-05-15 09:30:00,36.14,36.755,35.67,36.62,6396994
2020-05-15 10:30:00,36.61,36.89,36.1,36.435,5125498
2020-05-15 11:30:00,36.43,36.5,36.1687,36.44,2461746
2020-05-15 12:30:00,36.45,36.49,36.16,36.24,3162494
2020-05-15 13:30:00,36.2315,36.66,36.13,36.55,2416573
2020-05-15 14:30:00,36.55,36.57,36.2705,36.38,2422906
2020-05-15 15:30:00,36.385,36.4157,35.935,36.04,4590965
2020-05-18 09:30:00,38.05,38.62,35.99,38.2685,11858672
2020-05-18 10:30:00,38.2625,38.99,38.2299,38.9899,5242822
2020-05-18 11:30:00,38.98,38.9885,38.585,38.73,4042640
2020-05-18 12:30:00,38.73,38.88,38.57,38.8696,3157314
2020-05-18 13:30:00,38.87,38.9,35.99,38.7042,2578530
2020-05-18 14:30:00,38.7,39.06,38.6566,39.0,4042971
2020-05-18 15:30:00,39.0,39.18,38.93,38.94,5224859
2020-07-27 09:30:00,37.46,37.67,36.99,37.6685,4830606
2020-07-27 10:30:00,37.66,37.72,37.4,37.41,3275772
2020-07-27 11:30:00,37.41,37.4409,37.14,37.3,2684857
2020-07-27 12:30:00,37.3,37.38,37.21,37.27,1345592
2020-07-27 13:30:00,37.265,37.39,37.25,37.29,1405509
2020-07-27 14:30:00,37.29,37.39,37.185,37.34,2096418
2020-07-27 15:30:00,37.345,37.56,37.31,37.54,2306452
2020-07-28 09:30:00,37.37,37.69,37.14,37.255,3667413
2020-07-28 10:30:00,37.26,37.31,37.07,37.1501,2321956
2020-07-28 11:30:00,37.155,37.25,36.91,36.9399,1787289
2020-07-28 12:30:00,36.9399,37.14,36.91,37.015,1987267
2020-07-28 13:30:00,37.02,37.175,36.91,37.1,1789843
2020-07-28 14:30:00,37.1,37.16,36.89,36.9,2618707
2020-07-28 15:30:00,36.905,36.935,36.81,36.89,2782656
2020-07-29 09:30:00,37.01,37.1267,36.76,36.95,3108985
2020-07-29 10:30:00,36.96,37.24,36.9216,37.2253,2287913
2020-07-29 11:30:00,37.22,37.36,37.21,37.3199,1847187
2020-07-29 12:30:00,37.31,37.33,37.16,37.25,1255514
2020-07-29 13:30:00,37.26,37.33,37.16,37.3,1599896
2020-07-29 14:30:00,37.3022,37.6,37.29,37.565,3359573
2020-07-29 15:30:00,37.56,37.71,37.535,37.7,3168334
2020-07-30 09:30:00,36.89,36.91,35.8734,36.17,7954273
2020-07-30 10:30:00,36.17,36.33,35.99,36.11,5112349
2020-07-30 11:30:00,36.1199,36.44,36.05,36.3184,3577115
2020-07-30 12:30:00,36.3184,36.4185,36.17,36.2,2110042
2020-07-30 13:30:00,36.195,36.2299,36.04,36.19,3509518
2020-07-30 14:30:00,36.19,36.46,36.1636,36.44,4623432
2020-07-30 15:30:00,36.4395,36.485,36.18,36.22,4863876
2020-07-31 09:30:00,35.71,35.96,35.41,35.5701,5457125
2020-07-31 10:30:00,35.57,35.64,35.3292,35.64,4501934
2020-07-31 11:30:00,35.64,35.655,35.295,35.52,3411756
2020-07-31 12:30:00,35.5185,35.65,35.4185,35.63,2067831
2020-07-31 13:30:00,35.63,35.7,35.52,35.64,1925705
2020-07-31 14:30:00,35.65,35.745,35.6,35.73,2154160
2020-07-31 15:30:00,35.725,36.07,35.6723,36.04,3987748
2020-08-03 09:30:00,36.05,36.2,35.72,35.91,5204829
2020-08-03 10:30:00,35.91,36.14,35.89,36.0099,3366249
2020-08-03 11:30:00,36.01,36.0999,35.9115,35.965,2434700
2020-08-03 12:30:00,35.96,36.329,35.95,36.3199,3204886
2020-08-03 13:30:00,36.31,36.36,36.215,36.2978,1847808
2020-08-03 14:30:00,36.29,36.33,36.22,36.27,1807060
2020-08-03 15:30:00,36.275,36.36,36.15,36.16,3005607
2020-08-04 09:30:00,36.04,36.63,36.0,36.51,4955858
2020-08-04 10:30:00,36.51,36.82,36.41,36.75,3661383
2020-08-04 11:30:00,36.75,36.99,36.725,36.94,3553860
2020-08-04 12:30:00,36.94,37.01,36.865,36.995,2388275
2020-08-04 13:30:00,36.99,37.12,36.94,36.975,2283405
2020-08-04 14:30:00,36.97,37.1,36.87,37.0784,2568169
2020-08-04 15:30:00,37.075,37.075,36.93,37.04,2864614
2020-08-05 09:30:00,37.77,37.9,37.39,37.505,7303795
2020-08-05 10:30:00,37.5,37.87,37.49,37.79,3268811
2020-08-05 11:30:00,37.795,37.7999,37.43,37.45,3462727
2020-08-05 12:30:00,37.4499,37.54,37.3,37.33,2426176
2020-08-05 13:30:00,37.33,37.39,37.1,37.1278,2923312
2020-08-05 14:30:00,37.12,37.29,37.08,37.27,3085977
2020-08-05 15:30:00,37.26,37.58,37.25,37.43,5537734
2020-08-06 09:30:00,37.22,37.55,37.03,37.51,4267644
2020-08-06 10:30:00,37.5185,37.56,37.115,37.2,2977742
2020-08-06 11:30:00,37.19,37.31,37.045,37.15,2934772
2020-08-06 12:30:00,37.15,37.17,37.01,37.16,1989953
2020-08-06 13:30:00,37.16,37.18,37.01,37.06,1638614
2020-08-06 14:30:00,37.07,37.1816,37.025,37.08,2465921
2020-08-06 15:30:00,37.08,37.14,36.985,37.13,2584996
2020-08-07 09:30:00,36.8,36.87,36.37,36.71,4183952
2020-08-07 10:30:00,36.7199,36.86,36.59,36.68,2320228
2020-08-07 11:30:00,36.6885,36.75,36.535,36.68,1378837
2020-08-07 12:30:00,36.68,36.85,36.66,36.8277,1787817
2020-08-07 13:30:00,36.82,36.93,36.73,36.885,1736751
2020-08-07 14:30:00,36.89,37.06,36.86,37.025,2042449
2020-08-07 15:30:00,37.02,37.27,36.985,37.18,3064932
2020-08-10 09:30:00,37.46,38.06,37.37,38.0264,7479054
2020-08-10 10:30:00,38.03,38.19,37.75,37.8,3992030
2020-08-10 11:30:00,37.8,38.06,37.78,38.04,2553791
2020-08-10 12:30:00,38.04,38.08,37.9216,38.0025,2709993
2020-08-10 13:30:00,38.02,38.1996,37.995,38.17,2663683
2020-08-10 14:30:00,38.17,38.31,38.1,38.305,2621077
2020-08-10 15:30:00,38.305,38.35,38.23,38.32,3889074
2020-08-11 09:30:00,39.08,39.53,38.95,39.045,7790429
2020-08-11 10:30:00,39.045,39.41,38.322,39.01,3312044
2020-08-11 11:30:00,39.0,39.25,38.98,39.01,2266007
2020-08-11 12:30:00,39.01,39.05,38.76,39.0,2079314
2020-08-11 13:30:00,38.9992,39.035,38.885,38.89,2101676
2020-08-11 14:30:00,38.932,38.932,38.31,38.525,3507277
2020-08-11 15:30:00,38.52,38.595,38.02,38.2,3577774
2020-08-12 09:30:00,38.78,39.03,38.37,38.525,4499687
2020-08-12 10:30:00,38.53,38.74,38.34,38.465,2043803
2020-08-12 11:30:00,38.47,38.53,38.25,38.43,2018129
2020-08-12 12:30:00,38.42,38.46,38.17,38.25,4853736
2020-08-12 13:30:00,38.259,38.49,38.23,38.4001,2497757
2020-08-12 14:30:00,38.41,38.565,38.3415,38.5338,2263591
2020-08-12 15:30:00,38.53,38.59,38.4,38.59,2722697
2020-08-13 09:30:00,38.27,38.59,38.1,38.335,4633854
2020-08-13 10:30:00,38.34,38.45,38.06,38.115,2100325
2020-08-13 11:30:00,38.12,38.26,38.03,38.21,1256948
2020-08-13 12:30:00,38.22,38.24,38.03,38.085,1050458
2020-08-13 13:30:00,38.0899,38.09,37.91,37.97,1474244
2020-08-13 14:30:00,37.97,37.99,37.74,37.935,2843431
2020-08-13 15:30:00,37.9392,37.9481,37.8,37.835,2000824
2020-08-14 09:30:00,37.53,38.0748,37.39,38.07,3020383
2020-08-14 10:30:00,38.07,38.1,37.8524,37.96,1467816
2020-08-14 11:30:00,37.965,38.2,37.91,38.09,1999991
2020-08-14 12:30:00,38.085,38.16,37.95,38.155,2085570
2020-08-14 13:30:00,38.15,38.25,38.11,38.19,1339196
2020-08-14 14:30:00,38.18,38.24,37.94,38.0101,1553182
2020-08-14 15:30:00,38.01,38.21,37.9622,38.21,1609904
2020-08-17 09:30:00,38.2,38.2197,37.39,37.935,3212559
2020-08-17 10:30:00,37.94,38.15,37.82,37.835,2167351
2020-08-17 11:30:00,37.84,37.98,37.79,37.965,1177767
2020-08-17 12:30:00,37.9699,38.03,37.92,38.015,810905
2020-08-17 13:30:00,38.02,38.04,37.76,37.91,1588674
2020-08-17 14:30:00,37.905,37.97,37.78,37.935,1964855
2020-08-17 15:30:00,37.9399,38.03,37.93,38.0,3022349
2020-10-15 09:30:00,30.0,30.03,29.73,30.0299,5258313
2020-10-15 10:30:00,30.025,30.46,30.0,30.285,2943034
2020-10-15 11:30:00,30.285,30.605,30.25,30.44,2431811
2020-10-15 12:30:00,30.43,30.755,30.39,30.755,2058311
2020-10-15 13:30:00,30.755,30.8,30.63,30.72,1501343
2020-10-15 14:30:00,30.725,30.83,30.62,30.745,2662371
2020-10-15 15:30:00,30.745,30.9,30.723,30.8881,3354170
2020-10-16 09:30:00,30.83,30.87,30.22,30.52,4428063
2020-10-16 10:30:00,30.5201,30.79,30.4798,30.72,2679203
2020-10-16 11:30:00,30.7275,30.8,30.59,30.67,1405860
2020-10-16 12:30:00,30.675,30.69,30.43,30.46,1142005
2020-10-16 13:30:00,30.46,30.49,30.34,30.414,1268978
2020-10-16 14:30:00,30.42,30.4299,30.24,30.2789,1817212
2020-10-16 15:30:00,30.27,30.35,30.14,30.18,3958181
2020-10-19 09:30:00,30.3,30.34,29.9025,30.18,4871335
2020-10-19 10:30:00,30.19,30.45,30.1134,30.14,3071534
2020-10-19 11:30:00,30.14,30.2975,30.08,30.24,1751455
2020-10-19 12:30:00,30.24,30.26,29.89,29.9,3992040
2020-10-19 13:30:00,29.9,30.0024,29.815,29.92,3259338
2020-10-19 14:30:00,29.92,29.9244,29.57,29.7,4177734
2020-10-19 15:30:00,29.7,29.74,29.52,29.55,3558230
2020-10-20 09:30:00,29.72,29.95,29.52,29.6999,4912030
2020-10-20 10:30:00,29.6925,29.9,29.62,29.89,3351877
2020-10-20 11:30:00,29.885,29.96,29.66,29.6802,2731112
2020-10-20 12:30:00,29.685,29.9975,29.6719,29.88,2223272
2020-10-20 13:30:00,29.88,30.1,29.81,30.05,1912748
2020-10-20 14:30:00,30.05,30.155,29.81,30.01,4054275
2020-10-20 15:30:00,30.01,30.05,29.848717,29.9,3643215
2020-10-21 09:30:00,29.73,29.76,29.43,29.6999,5701703
2020-10-21 10:30:00,29.69,29.895,29.42,29.5975,3336031
2020-10-21 11:30:00,29.595,29.8966,29.5259,29.72,4152501
2020-10-21 12:30:00,29.72,29.7303,29.44,29.465,2760633
2020-10-21 13:30:00,29.47,29.615,29.42,29.51,2686094
2020-10-21 14:30:00,29.51,29.62,29.445,29.51,2155429
2020-10-21 15:30:00,29.52,29.5275,29.32,29.32,3492394
2020-10-22 09:30:00,29.38,29.45,29.19,29.2,4899761
2020-10-22 10:30:00,29.2,29.85,29.19,29.7699,6047247
2020-10-22 11:30:00,29.76,30.135,29.3135,30.13,3845113
2020-10-22 12:30:00,30.1301,30.27,30.0101,30.03,2712326
2020-10-22 13:30:00,30.03,30.36,30.0,30.31,2976575
2020-10-22 14:30:00,30.315,30.49,30.29,30.49,4722702
2020-10-22 15:30:00,30.49,30.58,30.46,30.53,4686274
2020-10-23 09:30:00,30.7,30.88,30.42,30.58,6112890
2020-10-23 10:30:00,30.58,30.755,30.37,30.52,3713308
2020-10-23 11:30:00,30.51,30.61,30.17,30.28,3657763
2020-10-23 12:30:00,30.28,30.7,30.09,30.18,2434695
2020-10-23 13:30:00,30.175,30.23,30.01,30.1,2065769
2020-10-23 14:30:00,30.1,30.28,29.9589,30.255,3156745
2020-10-23 15:30:00,30.25,30.4,30.2386,30.38,2885329
2020-10-26 09:30:00,29.87,29.91,29.51,29.5599,5330245
2020-10-26 10:30:00,29.55,29.57,29.26,29.425,4928575
2020-10-26 11:30:00,29.4201,30.3655,29.27,29.31,4455706
2020-10-26 12:30:00,29.31,30.3655,29.075,29.075,3617542
2020-10-26 13:30:00,29.08,30.3655,29.01,29.2719,2957713
2020-10-26 14:30:00,29.275,30.3655,29.12,29.275,4109218
2020-10-26 15:30:00,29.28,29.38,29.16,29.31,4698623
2020-10-27 09:30:00,29.31,29.31,28.85,29.0681,5834324
2020-10-27 10:30:00,29.0601,29.1,28.85,28.95,3230445
2020-10-27 11:30:00,28.95,29.1281,28.91,29.1,2113760
2020-10-27 12:30:00,29.105,29.12,28.9,29.12,1753333
2020-10-27 13:30:00,29.12,29.24,29.07,29.1564,2051964
2020-10-27 14:30:00,29.16,29.2,29.04,29.0444,2422279
2020-10-27 15:30:00,29.04,29.115,28.9,28.905,3310074
2020-10-28 09:30:00,28.21,28.9039,27.61,27.6781,10953723
2020-10-28 10:30:00,27.6701,27.955,27.55,27.95,6483863
2020-10-28 11:30:00,27.9501,28.39,27.78,28.315,5120126
2020-10-28 12:30:00,28.31,28.38,27.78,28.07,3826957
2020-10-28 13:30:00,28.075,28.09,27.83,28.03,2757804
2020-10-28 14:30:00,28.03,28.06,27.79,27.9,5030999
2020-10-28 15:30:00,27.9001,27.96,27.66,27.7,5952481
2020-10-29 09:30:00,27.35,27.81,26.98,27.78,10696261
2020-10-29 10:30:00,27.79,28.15,27.7452,27.84,5917512
2020-10-29 11:30:00,27.84,29.09,27.6812,27.98,3289722
2020-10-29 12:30:00,27.98,28.13,27.865,28.03,3127068
2020-10-29 13:30:00,28.0338,28.51,27.9641,28.41,3506027
2020-10-29 14:30:00,28.41,28.51,27.6812,28.415,5915789
2020-10-29 15:30:00,28.415,28.65,28.3761,28.56,4463246
2020-10-30 09:30:00,28.36,28.72,28.132,28.165,6479721
2020-10-30 10:30:00,28.1601,28.45,28.03,28.295,6107228
2020-10-30 11:30:00,28.29,28.6,28.15,28.27,3945541
2020-10-30 12:30:00,28.26,28.31,28.11,28.295,2197657
2020-10-30 13:30:00,28.29,28.64,28.06,28.425,4322657
2020-10-30 14:30:00,28.42,28.605,28.32,28.45,8794012
2020-10-30 15:30:00,28.45,28.74,28.3303,28.72,5579980
2020-11-02 09:30:00,29.08,29.2699,28.57,29.1599,8384620
2020-11-02 10:30:00,29.16,29.56,29.06,29.555,5988089
2020-11-02 11:30:00,29.5419,29.78,29.51,29.77,4932397
2020-11-02 12:30:00,29.77,29.83,29.47,29.555,4575747
2020-11-02 13:30:00,29.55,29.93,29.52,29.9227,5183248
2020-11-02 14:30:00,29.93,30.09,29.85,29.8725,5735513
2020-11-02 15:30:00,29.88,29.95,29.63,29.72,5750127
2020-11-03 09:30:00,30.2,30.22,29.73,29.77,9064637
2020-11-03 10:30:00,29.765,30.04,29.67,29.78,3829191
2020-11-03 11:30:00,29.79,29.85,29.59,29.595,4263651
2020-11-03 12:30:00,29.6,29.61,29.36,29.45,3058455
2020-11-03 13:30:00,29.46,29.5681,29.26,29.41,3842181
2020-11-03 14:30:00,29.42,29.61,29.37,29.48,5179593
2020-11-03 15:30:00,29.49,29.72,29.4655,29.52,5196511
2020-11-04 09:30:00,29.57,29.8027,28.77,29.74,12421445
2020-11-04 10:30:00,29.74,30.09,29.665,29.98,5355865
2020-11-04 11:30:00,29.99,30.28,29.93,30.1855,4770344
2020-11-04 12:30:00,30.19,30.27,30.03,30.12,4857742
2020-11-04 13:30:00,30.115,30.13,29.76,29.84,3790019
2020-11-04 14:30:00,29.85,29.9,29.55,29.62,4252415
2020-11-04 15:30:00,29.62,29.78,29.54,29.58,5735445
2020-11-05 09:30:00,29.64,30.16,29.51,30.03,6920503
2020-11-05 10:30:00,30.04,30.0699,29.6999,29.74,4837484
2020-11-05 11:30:00,29.7301,29.935,29.68,29.725,3619592
2020-11-05 12:30:00,29.725,29.96,29.695,29.825,2606328
2020-11-05 13:30:00,29.825,29.96,29.79,29.8056,2604304
2020-11-05 14:30:00,29.8081,29.865,29.71,29.765,3439249
2020-11-05 15:30:00,29.765,29.77,29.54,29.55,5946582
2020-11-06 09:30:00,29.6,30.01,29.46,29.7,6604493
2020-11-06 10:30:00,29.695,29.7211,29.22,29.29,5287525
2020-11-06 11:30:00,29.285,29.4481,29.12,29.265,3774524
2020-11-06 12:30:00,29.26,29.275,28.85,29.005,5613430
2020-11-06 13:30:00,29.0,29.05,28.84,28.99,3095514
2020-11-06 14:30:00,28.99,29.04,28.81,28.93,4045881
2020-11-06 15:30:00,28.925,29.12,28.8901,28.92,4109095
2020-11-09 09:30:00,32.23,33.79,31.45,32.68,41493874
2020-11-09 10:30:00,32.67,32.81,28.93,32.57,11358843
2020-11-09 11:30:00,32.56,33.27,28.93,33.25,7523481
2020-11-09 12:30:00,33.25,33.68,33.1761,33.68,7641881
2020-11-09 13:30:00,33.68,33.71,33.2,33.31,8484359
2020-11-09 14:30:00,33.3,33.55,33.14,33.395,8645181
2020-11-09 15:30:00,33.395,33.63,32.98,33.06,10787808
2020-11-10 09:30:00,33.68,33.8,32.97,33.75,16442025
2020-11-10 10:30:00,33.75,33.75,32.621,33.405,9189111
2020-11-10 11:30:00,33.4,33.62,33.2,33.61,8422102
2020-11-10 12:30:00,33.61,33.64,33.2401,33.44,6097971
2020-11-10 13:30:00,33.44,33.7,33.37,33.6862,6477652
2020-11-10 14:30:00,33.68,33.88,33.2401,33.835,9332609
2020-11-10 15:30:00,33.835,34.09,33.771,34.085,11567367
2020-11-11 09:30:00,34.52,34.57,33.895,34.03,11080446
2020-11-11 10:30:00,34.04,34.105,33.75,33.99,7482880
2020-11-11 11:30:00,33.999,34.015,33.635,33.675,4656538
2020-11-11 12:30:00,33.675,34.0697,33.63,33.8,3751058
2020-11-11 13:30:00,33.8,33.94,33.7,33.71,5783778
2020-11-11 14:30:00,33.71,33.75,33.48,33.506,5948154
2020-11-11 15:30:00,33.5,34.0697,33.44,33.79,5243715
2020-11-12 09:30:00,33.17,33.66,33.03,33.37,8018261
2020-11-12 10:30:00,33.38,33.6,33.29,33.46,4829448
2020-11-12 11:30:00,33.46,33.6259,33.285,33.305,3260218
2020-11-12 12:30:00,33.31,33.7848,32.75,32.835,5307830
2020-11-12 13:30:00,32.83,32.96,32.6,32.6234,4301986
2020-11-12 14:30:00,32.6201,33.7858,32.34,32.51,4801379
2020-11-12 15:30:00,32.505,32.66,32.37,32.63,6295148
2020-11-13 09:30:00,32.94,33.61,32.9,33.6,9930004
2020-11-13 10:30:00,33.59,33.6799,33.41,33.6,4197779
2020-11-13 11:30:00,33.6,33.67,32.6318,33.665,3223399
2020-11-13 12:30:00,33.66,33.84,33.5919,33.81,2918326
2020-11-13 13:30:00,33.81,33.935,32.6318,33.92,3626117
2020-11-13 14:30:00,33.92,34.0466,32.6318,33.88,5350026
2020-11-13 15:30:00,33.88,34.0635,29.4475,33.9,6830919
2020-11-16 09:30:00,35.3,35.59,34.885,35.48,11261742
2020-11-16 10:30:00,35.48,35.73,35.405,35.73,5088947
2020-11-16 11:30:00,35.72,35.9,35.64,35.6499,4927872
2020-11-16 12:30:00,35.6453,35.81,33.9228,35.745,4459770
2020-11-16 13:30:00,35.74,35.978,33.9228,35.965,4731224
2020-11-16 14:30:00,35.97,36.19,33.9228,35.92,7056610
2020-11-16 15:30:00,35.92,36.15,33.9228,36.14,7331552
