bar_start,open,high,low,close,volume
2021-02-01 09:30:00,40.8,40.8,39.71,39.92,1812745
2021-02-01 10:30:00,39.92,40.205,39.7,40.17,1050063
2021-02-01 11:30:00,40.17,40.3202,39.8798,40.0769,1107181
2021-02-01 12:30:00,40.09,40.4,40.0711,40.34,739988
2021-02-01 13:30:00,40.33,40.695,40.31,40.67,807384
2021-02-01 14:30:00,40.665,40.98,40.545,40.6,994975
2021-02-01 15:30:00,40.59,40.88,40.59,40.74,1532484
2021-02-02 09:30:00,41.63,42.3,41.24,41.8058,2246638
2021-02-02 10:30:00,41.7989,42.1778,41.6,41.78,1055415
2021-02-02 11:30:00,41.785,42.26,41.54,41.705,888690
2021-02-02 12:30:00,41.72,41.75,41.18,41.225,651510
2021-02-02 13:30:00,41.225,41.3478,40.95,41.02,743048
2021-02-02 14:30:00,41.02,41.21,40.9576,41.15,759100
2021-02-02 15:30:00,41.1271,41.34,40.9,40.9,1128658
2021-02-03 09:30:00,41.25,42.48,41.01,42.3,1581382
2021-02-03 10:30:00,42.3682,43.13,41.25,42.54,2366738
2021-02-03 11:30:00,42.54,43.39,42.525,43.34,959903
2021-02-03 12:30:00,43.2513,43.625,42.79,42.8111,898482
2021-02-03 13:30:00,42.8509,43.1,42.65,43.0328,1248062
2021-02-03 14:30:00,43.0371,43.52,43.01,43.14,1256025
2021-02-03 15:30:00,43.1907,43.27,42.98,43.2,1752367
2021-02-04 09:30:00,43.61,44.99,42.6,42.62,2365202
2021-02-04 10:30:00,42.62,43.55,42.59,43.53,1282879
2021-02-04 11:30:00,43.52,43.525,43.15,43.3,780510
2021-02-04 12:30:00,43.3,43.54,43.25,43.52,806681
2021-02-04 13:30:00,43.52,43.8181,43.49,43.7478,862600
2021-02-04 14:30:00,43.74,43.84,43.535,43.585,974298
2021-02-04 15:30:00,43.585,44.02,43.48,44.0,2945659
2021-02-05 09:30:00,44.94,44.94,44.16,44.585,2256041
2021-02-05 10:30:00,44.59,44.74,44.405,44.5,1132890
2021-02-05 11:30:00,44.475,44.5499,44.21,44.29,731791
2021-02-05 12:30:00,44.2922,44.35,40.15,44.24,891745
2021-02-05 13:30:00,44.2827,44.31,44.09,44.295,753530
2021-02-05 14:30:00,44.2598,44.32,44.09,44.13,1000016
2021-02-05 15:30:00,44.1237,44.48,44.1211,44.42,1572096
2021-02-08 09:30:00,45.25,46.1,45.092,46.0556,2480913
2021-02-08 10:30:00,46.0589,46.19,45.76,46.0511,1722673
2021-02-08 11:30:00,46.06,46.56,45.885,46.56,1230839
2021-02-08 12:30:00,46.565,46.64,46.11,46.52,1044046
2021-02-08 13:30:00,46.51,46.95,46.46,46.815,1178008
2021-02-08 14:30:00,46.815,47.23,46.7927,46.9004,1318752
2021-02-08 15:30:00,46.9,47.02,46.65,46.785,1884353
2021-02-09 09:30:00,46.32,46.78,45.86,46.49,1667056
2021-02-09 10:30:00,46.495,46.58,46.22,46.56,943241
2021-02-09 11:30:00,46.555,46.82,46.275,46.787,807225
2021-02-09 12:30:00,46.745,47.075,46.46,46.9953,844570
2021-02-09 13:30:00,46.995,47.38,46.87,47.305,1051508
2021-02-09 14:30:00,47.3,47.44,46.93,46.93,945452
2021-02-09 15:30:00,47.0402,47.17,46.84,46.87,1224789
2021-02-10 09:30:00,47.19,48.0,46.53,46.8429,1670877
2021-02-10 10:30:00,46.85,47.35,46.4111,47.13,1429520
2021-02-10 11:30:00,47.13,47.95,47.0,47.805,1161706
2021-02-10 12:30:00,47.8,47.8137,47.475,47.55,819417
2021-02-10 13:30:00,47.56,47.65,47.025,47.145,1209905
2021-02-10 14:30:00,47.16,47.53,47.0804,47.19,1293545
2021-02-10 15:30:00,47.195,47.27,47.03,47.27,2168915
2021-02-11 09:30:00,46.5,46.52,45.88,46.1289,2046653
2021-02-11 10:30:00,46.12,46.49,45.2301,45.6999,1270840
2021-02-11 11:30:00,45.69,45.76,45.21,45.25,1131520
2021-02-11 12:30:00,45.25,45.87,45.25,45.805,573457
2021-02-11 13:30:00,45.81,46.045,45.72,45.945,762622
2021-02-11 14:30:00,45.93,46.4382,45.74,46.0327,680962
2021-02-11 15:30:00,46.0428,46.6132,45.99,46.44,1819182
2021-02-12 09:30:00,46.11,47.16,45.77,46.75,2048422
2021-02-12 10:30:00,46.74,46.7888,46.1367,46.2899,1197016
2021-02-12 11:30:00,46.3,47.04,46.255,46.91,951633
2021-02-12 12:30:00,46.915,46.94,46.6311,46.76,1017233
2021-02-12 13:30:00,46.76,46.89,46.6,46.89,619156
2021-02-12 14:30:00,46.89,46.97,46.81,46.835,805082
2021-02-12 15:30:00,46.83,47.22,46.79,47.16,1114786
2021-02-16 09:30:00,48.06,48.98,47.82,48.3,2256406
2021-02-16 10:30:00,48.31,48.68,48.05,48.5599,1130183
2021-02-16 11:30:00,48.55,48.825,48.26,48.47,801937
2021-02-16 12:30:00,48.46,48.6989,48.39,48.51,625483
2021-02-16 13:30:00,48.51,49.0,48.295,48.99,1073968
2021-02-16 14:30:00,48.9209,49.17,48.9209,49.07,1599226
2021-02-16 15:30:00,49.06,49.23,48.8,48.86,2184193
2021-02-17 09:30:00,49.19,49.48,48.57,48.79,2270917
2021-02-17 10:30:00,48.78,48.86,48.26,48.5322,1597141
2021-02-17 11:30:00,48.55,48.765,48.27,48.75,745164
2021-02-17 12:30:00,48.755,48.99,48.55,48.92,677296
2021-02-17 13:30:00,48.915,49.0,48.65,48.905,623370
2021-02-17 14:30:00,48.905,49.185,48.86,49.045,1147917
2021-02-17 15:30:00,49.0927,49.43,49.03,49.35,1266573
2021-02-18 09:30:00,49.0,49.13,48.01,48.105,1868798
2021-02-18 10:30:00,48.1,48.535,47.93,48.4,1286811
2021-02-18 11:30:00,48.4,48.5,48.02,48.14,703243
2021-02-18 12:30:00,48.14,48.27,47.785,48.1732,691286
2021-02-18 13:30:00,48.17,48.235,47.89,48.07,581870
2021-02-18 14:30:00,48.0603,48.08,47.705,47.7811,678483
2021-02-18 15:30:00,47.785,47.88,47.63,47.705,1098378
2021-05-03 09:30:00,52.03,52.21,51.5603,51.77,1747997
2021-05-03 10:30:00,51.76,52.3,51.71,52.15,834638
2021-05-03 11:30:00,52.15,52.44,52.065,52.4312,656157
2021-05-03 12:30:00,52.438,52.459,52.22,52.24,596348
2021-05-03 13:30:00,52.25,52.46,52.16,52.42,649816
2021-05-03 14:30:00,52.41,52.86,51.78,52.85,1362686
2021-05-03 15:30:00,52.84,52.925,51.61,52.79,1652830
2021-05-04 09:30:00,51.57,52.67,51.57,52.21,2891423
2021-05-04 10:30:00,52.2,52.68,52.07,52.475,1134741
2021-05-04 11:30:00,52.47,52.74,52.1968,52.73,1037414
2021-05-04 12:30:00,52.5,52.7885,52.27,52.702,1160854
2021-05-04 13:30:00,52.71,53.03,52.68,52.7587,1374502
2021-05-04 14:30:00,52.76,53.02,52.75,52.96,1235467
2021-05-04 15:30:00,52.965,53.0,52.56,52.56,2184121
2021-05-05 09:30:00,54.35,55.0,53.19,54.58,4158640
2021-05-05 10:30:00,54.8144,55.41,54.4801,55.34,1643814
2021-05-05 11:30:00,55.34,55.6766,55.185,55.4514,1100506
2021-05-05 12:30:00,55.4031,55.54,54.96,54.97,1130542
2021-05-05 13:30:00,55.0632,55.48,54.67,55.44,913105
2021-05-05 14:30:00,55.43,55.555,55.0,55.21,1102916
2021-05-05 15:30:00,55.21,55.49,55.13,55.45,1591092
2021-05-06 09:30:00,55.5,55.59,53.69,53.8987,2166790
2021-05-06 10:30:00,53.895,54.63,53.755,54.54,1137229
2021-05-06 11:30:00,54.54,54.91,54.42,54.8922,906569
2021-05-06 12:30:00,54.89,55.245,54.77,55.19,1165562
2021-05-06 13:30:00,55.1756,55.33,54.92,54.975,896918
2021-05-06 14:30:00,54.98,55.34,54.83,55.275,914618
2021-05-06 15:30:00,55.28,55.72,55.27,55.7,1497432
2021-05-07 09:30:00,55.06,56.76,54.4,56.03,2286275
2021-05-07 10:30:00,56.02,56.53,55.91,56.3519,1125628
2021-05-07 11:30:00,56.36,56.94,56.3273,56.91,847472
2021-05-07 12:30:00,56.806,57.4369,56.8008,57.145,1341684
2021-05-07 13:30:00,57.1411,57.34,56.86,57.27,1120823
2021-05-07 14:30:00,57.265,57.33,56.9,57.17,867876
2021-05-07 15:30:00,57.1176,57.233674,56.99,57.1,1334486
2021-05-10 09:30:00,58.56,59.34,57.39,57.5093,2450615
2021-05-10 10:30:00,57.5,57.95,57.2647,57.73,1198583
2021-05-10 11:30:00,57.74,58.02,57.5239,57.66,763715
2021-05-10 12:30:00,57.66,57.83,57.54,57.7,807411
2021-05-10 13:30:00,57.7,58.99,57.5,57.55,945190
2021-05-10 14:30:00,57.55,57.67,55.7,57.63,920893
2021-05-10 15:30:00,57.61,57.67,56.8609,57.02,1149297
2021-05-11 09:30:00,55.79,56.72,55.15,55.84,2702310
2021-05-11 10:30:00,55.84,56.19,55.22,55.84,1421936
2021-05-11 11:30:00,55.85,56.35,55.755,56.0593,1212202
2021-05-11 12:30:00,56.05,56.24,55.75,56.05,612573
2021-05-11 13:30:00,56.06,56.24,55.8525,55.995,686628
2021-05-11 14:30:00,55.99,56.05,55.71,55.94,937042
2021-05-11 15:30:00,55.94,55.99,55.55,55.73,1098110
2021-05-12 09:30:00,56.11,57.7199,56.11,57.32,1753700
2021-05-12 10:30:00,57.31,57.55,56.935,57.14,976945
2021-05-12 11:30:00,57.14,57.6,56.468,56.77,902691
2021-05-12 12:30:00,56.76,56.91,56.47,56.639,572504
2021-05-12 13:30:00,56.63,56.7,55.94,55.98,765928
2021-05-12 14:30:00,55.98,56.375,55.61,55.63,996937
2021-05-12 15:30:00,55.6302,55.8,55.455,55.69,1056585
2021-05-13 09:30:00,54.61,55.44,54.29,55.29,1945989
2021-05-13 10:30:00,55.28,55.42,54.52,54.57,880252
2021-05-13 11:30:00,54.56,54.64,54.05,54.34,977123
2021-05-13 12:30:00,54.34,54.64,53.92,54.1,762187
2021-05-13 13:30:00,54.09,54.53,53.57,54.2154,1028404
2021-05-13 14:30:00,54.215,54.365,54.01,54.29,632440
2021-05-13 15:30:00,54.2654,54.46,54.24,54.25,857908
2021-05-14 09:30:00,54.9,56.41,54.9,55.96,1511625
2021-05-14 10:30:00,55.9494,56.19,55.77,56.14,746789
2021-05-14 11:30:00,56.14,56.23,55.94,56.07,453685
2021-05-14 12:30:00,56.065,56.37,56.0,56.345,482242
2021-05-14 13:30:00,56.345,56.595,56.17,56.57,579521
2021-05-14 14:30:00,56.57,56.65,56.24,56.45,699679
2021-05-14 15:30:00,56.4438,56.57,56.231,56.52,869577
2021-05-17 09:30:00,56.37,57.2275,56.0,56.42,1611792
2021-05-17 10:30:00,56.42,56.99,56.27,56.87,1462055
2021-05-17 11:30:00,56.86,57.06,56.81,56.98,518408
2021-05-17 12:30:00,56.97,57.22,56.84,57.2,604710
2021-05-17 13:30:00,57.195,57.6989,57.19,57.5,1380469
2021-05-17 14:30:00,57.49,57.99,56.72,57.93,1477365
2021-05-17 15:30:00,57.93,58.31,57.8793,58.3,1878270
2021-05-18 09:30:00,58.27,58.64,57.34,57.72,2512981
2021-05-18 10:30:00,57.71,58.08,57.3101,57.73,981363
2021-05-18 11:30:00,57.73,57.96,56.96,57.565,1843352
2021-05-18 12:30:00,57.565,57.68,57.22,57.48,1012805
2021-05-18 13:30:00,57.48,57.68,57.33,57.62,680886
2021-05-18 14:30:00,57.617,57.76,55.26,57.725,997189
2021-05-18 15:30:00,57.7021,57.9,57.26,57.29,1429368
2021-05-19 09:30:00,56.13,56.535,54.815,55.25,2259935
2021-05-19 10:30:00,55.23,55.8003,54.8885,55.8,1216019
2021-05-19 11:30:00,55.6946,56.12,55.5872,56.04,769237
2021-05-19 12:30:00,56.0416,56.47,55.95,56.21,887560
2021-05-19 13:30:00,56.2826,56.2826,55.17,55.47,1034718
2021-05-19 14:30:00,55.4861,55.59,55.05,55.47,1140051
2021-05-19 15:30:00,55.47,55.66,55.35,55.59,1125831
2021-05-20 09:30:00,55.92,55.92,54.634,55.0418,1415780
2021-05-20 10:30:00,55.04,55.28,54.71,55.21,765482
2021-05-20 11:30:00,55.21,55.44,54.96,54.97,1086808
2021-05-20 12:30:00,54.96,55.275,54.77,55.19,733624
2021-05-20 13:30:00,55.195,55.25,54.92,55.2,751791
2021-05-20 14:30:00,55.2,56.04,55.13,55.64,1138189
2021-05-20 15:30:00,55.5843,55.659,55.26,55.38,2059026
2021-07-26 09:30:00,55.695,57.355,55.48,57.09,2650489
2021-07-26 10:30:00,57.1,57.14,56.59,56.73,1199583
2021-07-26 11:30:00,56.73,56.77,56.29,56.45,642616
2021-07-26 12:30:00,56.45,56.65,56.42,56.6,623416
2021-07-26 13:30:00,56.61,56.715,56.32,56.695,639296
2021-07-26 14:30:00,56.7,56.76,56.56,56.7399,486462
2021-07-26 15:30:00,56.73,56.95,56.66,56.87,1094586
2021-07-27 09:30:00,56.16,56.35,55.33,56.16,2281023
2021-07-27 10:30:00,56.15,56.87,55.99,56.23,1223376
2021-07-27 11:30:00,56.22,56.29,55.82,55.87,669627
2021-07-27 12:30:00,55.86,56.06,55.71,55.975,546537
2021-07-27 13:30:00,55.975,56.186,55.89,56.085,517121
2021-07-27 14:30:00,56.085,56.335,56.05,56.22,601806
2021-07-27 15:30:00,56.2201,56.36,56.06,56.34,732189
2021-07-28 09:30:00,56.48,56.92,55.83,55.89,1400045
2021-07-28 10:30:00,55.87,56.61,55.81,56.53,867501
2021-07-28 11:30:00,56.53,56.75,56.33,56.55,507532
2021-07-28 12:30:00,56.56,56.87,56.55,56.71,433337
2021-07-28 13:30:00,56.71,56.83,56.55,56.67,617714
2021-07-28 14:30:00,56.66,57.15,56.64,56.94,840349
2021-07-28 15:30:00,56.94,56.985,56.635,56.72,810676
2021-07-29 09:30:00,57.37,57.64,56.72,57.1578,1576127
2021-07-29 10:30:00,57.1451,57.59,57.06,57.44,829737
2021-07-29 11:30:00,57.5097,57.84,57.39,57.4304,867388
2021-07-29 12:30:00,57.4267,57.54,57.275,57.45,598500
2021-07-29 13:30:00,57.45,57.4574,57.04,57.275,566011
2021-07-29 14:30:00,57.2446,57.309,57.02,57.08,569591
2021-07-29 15:30:00,57.0971,57.18,56.98,57.07,829897
2021-07-30 09:30:00,56.97,56.98,56.06,56.06,1491583
2021-07-30 10:30:00,56.0629,56.1781,55.745,55.92,784439
2021-07-30 11:30:00,55.92,56.1,55.76,56.04,544340
2021-07-30 12:30:00,56.04,56.14,55.73,55.78,694809
2021-07-30 13:30:00,55.775,56.14,55.72,55.945,549294
2021-07-30 14:30:00,55.945,56.135,55.815,56.03,913189
2021-07-30 15:30:00,56.03,56.17,56.01,56.06,1352837
2021-08-02 09:30:00,56.53,57.77,56.03,56.96,1794286
2021-08-02 10:30:00,56.96,57.1,56.0,56.025,1171200
2021-08-02 11:30:00,56.0296,56.0933,55.59,56.0,768178
2021-08-02 12:30:00,56.0,56.13,55.77,55.93,730028
2021-08-02 13:30:00,55.95,56.21,55.75,56.19,854164
2021-08-02 14:30:00,56.19,56.34,55.97,55.98,831558
2021-08-02 15:30:00,56.0524,56.0524,55.33,55.4,1674353
2021-08-03 09:30:00,55.16,56.08,54.51,55.935,1758103
2021-08-03 10:30:00,55.93,56.58,55.6,56.5619,2021793
2021-08-03 11:30:00,56.57,56.74,56.26,56.54,1591337
2021-08-03 12:30:00,56.535,56.599,56.2117,56.33,679708
2021-08-03 13:30:00,56.32,56.599,56.08,56.56,892215
2021-08-03 14:30:00,56.56,56.768,56.4957,56.5582,1028209
2021-08-03 15:30:00,56.61,56.64,56.45,56.64,1342310
2021-08-04 09:30:00,55.405,56.5,54.95,56.42,1822047
2021-08-04 10:30:00,56.42,56.42,55.73,56.155,875572
2021-08-04 11:30:00,56.17,56.17,55.37,55.54,761623
2021-08-04 12:30:00,55.54,55.57,55.26,55.41,640665
2021-08-04 13:30:00,55.4428,55.535,55.09,55.155,729763
2021-08-04 14:30:00,55.155,55.228,54.95,54.99,819013
2021-08-04 15:30:00,54.99,55.5147,54.91,54.93,1234153
2021-08-05 09:30:00,55.36,56.35,55.04,56.21,1384796
2021-08-05 10:30:00,56.2,56.62,56.15,56.5,950097
2021-08-05 11:30:00,56.5,56.6,56.19,56.19,759480
2021-08-05 12:30:00,56.2,56.39,55.97,56.37,673193
2021-08-05 13:30:00,56.37,56.5299,56.25,56.425,652331
2021-08-05 14:30:00,56.42,56.49,56.01,56.06,636319
2021-08-05 15:30:00,56.0599,56.0644,55.78,55.95,1060450
2021-08-06 09:30:00,56.42,57.17,56.1,56.42,1230424
2021-08-06 10:30:00,56.42,56.86,56.26,56.82,560835
2021-08-06 11:30:00,56.8,56.9,56.635,56.74,689699
2021-08-06 12:30:00,56.75,56.81,56.58,56.67,418523
2021-08-06 13:30:00,56.68,56.72,56.545,56.56,417277
2021-08-06 14:30:00,56.56,56.56,56.325,56.489,464272
2021-08-06 15:30:00,56.4883,56.53,56.355,56.49,783768
2021-08-09 09:30:00,55.63,56.18,55.28,55.34,1068287
2021-08-09 10:30:00,55.34,55.77,55.23,55.605,778262
2021-08-09 11:30:00,55.6587,55.95,55.6,55.645,473338
2021-08-09 12:30:00,55.6839,55.6839,55.51,55.62,400643
2021-08-09 13:30:00,55.6229,55.6229,55.37,55.49,712726
2021-08-09 14:30:00,55.464,55.705,55.464,55.575,655565
2021-08-09 15:30:00,55.6228,55.67,55.42,55.46,821418
2021-08-10 09:30:00,55.85,56.78,55.65,56.57,1170121
2021-08-10 10:30:00,56.58,56.74,56.3,56.605,847217
2021-08-10 11:30:00,56.61,56.64,56.305,56.525,575239
2021-08-10 12:30:00,56.525,56.675,56.44,56.64,475594
2021-08-10 13:30:00,56.65,56.66,56.42,56.62,951072
2021-08-10 14:30:00,56.62,56.705,56.465,56.6614,812673
2021-08-10 15:30:00,56.665,56.68,56.3,56.47,1416909
2021-08-11 09:30:00,56.38,56.87,55.9409,56.74,1292855
2021-08-11 10:30:00,56.72,56.7633,56.205,56.31,690065
2021-08-11 11:30:00,56.31,56.975,56.275,56.97,851942
2021-08-11 12:30:00,56.97,57.36,56.94,57.155,755414
2021-08-11 13:30:00,57.15,57.22,56.935,57.08,451480
2021-08-11 14:30:00,57.07,57.32,57.03,57.2658,456440
2021-08-11 15:30:00,57.26,57.29,57.06,57.19,766873
2021-08-12 09:30:00,57.18,57.58,56.8,56.94,857843
2021-08-12 10:30:00,56.8914,56.945,56.5201,56.915,630485
2021-08-12 11:30:00,56.92,57.12,56.725,57.065,540006
2021-08-12 12:30:00,57.0619,57.065,56.675,56.72,503087
2021-08-12 13:30:00,56.72,56.969,56.64,56.895,437865
2021-08-12 14:30:00,56.895,57.1033,56.8001,56.98,625020
2021-08-12 15:30:00,56.97,57.06,56.91,57.04,703259
2021-10-28 09:30:00,74.51,75.2161,74.12,74.87,1197626
2021-10-28 10:30:00,74.86,74.86,74.12,74.215,670338
2021-10-28 11:30:00,74.21,74.45,74.13,74.19,533520
2021-10-28 12:30:00,74.1973,74.58,74.14,74.48,490361
2021-10-28 13:30:00,74.49,74.99,74.485,74.945,528062
2021-10-28 14:30:00,74.94,75.16,74.4602,75.02,573166
2021-10-28 15:30:00,75.037,75.35,75.0,75.15,782142
2021-10-29 09:30:00,74.43,75.3,74.04,74.24,2391881
2021-10-29 10:30:00,74.23,75.0243,74.15,74.8503,607471
2021-10-29 11:30:00,74.85,74.9099,74.456,74.73,499046
2021-10-29 12:30:00,74.716,74.835,74.16,74.31,661636
2021-10-29 13:30:00,74.315,74.53,73.97,74.45,667607
2021-10-29 14:30:00,74.44,74.54,74.28,74.415,507629
2021-10-29 15:30:00,74.4164,74.85,74.41,74.49,890539
2021-11-01 09:30:00,74.95,75.41,74.42,74.738,3014439
2021-11-01 10:30:00,74.73,75.0,74.53,74.7439,1446137
2021-11-01 11:30:00,74.75,75.02,74.67,74.77,969072
2021-11-01 12:30:00,74.765,74.905,74.555,74.6,737534
2021-11-01 13:30:00,74.6,74.91,74.58,74.745,980207
2021-11-01 14:30:00,74.74,75.03,74.67,74.795,1295425
2021-11-01 15:30:00,74.8,74.8466,74.55,74.59,2140374
2021-11-02 09:30:00,74.43,75.25,74.04,74.79,2241447
2021-11-02 10:30:00,74.77,74.84,74.27,74.33,1187371
2021-11-02 11:30:00,74.33,74.39,72.97,73.0375,1532925
2021-11-02 12:30:00,73.025,73.4399,73.01,73.31,947054
2021-11-02 13:30:00,73.3354,73.3354,72.8106,72.95,834213
2021-11-02 14:30:00,73.0221,73.21,72.84,73.205,1028892
2021-11-02 15:30:00,73.0833,73.27,73.01,73.05,1436846
2021-11-03 09:30:00,72.44,73.7,72.25,73.5704,1825725
2021-11-03 10:30:00,73.565,73.63,72.82,73.015,1179847
2021-11-03 11:30:00,73.015,73.22,72.78,72.84,832998
2021-11-03 12:30:00,72.8507,72.99,72.65,72.8,754830
2021-11-03 13:30:00,72.7299,73.445,72.59,73.31,675019
2021-11-03 14:30:00,73.32,73.45,73.03,73.3026,975526
2021-11-03 15:30:00,73.2669,73.367,72.71,72.78,1562145
2021-11-04 09:30:00,73.81,74.78,73.26,73.361,1826678
2021-11-04 10:30:00,73.38,74.09,73.36,73.55,1254352
2021-11-04 11:30:00,73.54,74.1199,73.5299,73.79,845792
2021-11-04 12:30:00,73.8,73.88,73.395,73.63,867550
2021-11-04 13:30:00,73.5051,73.85,73.08,73.1576,761678
2021-11-04 14:30:00,73.16,73.85,72.87,73.34,980668
2021-11-04 15:30:00,73.316,73.41,73.22,73.32,1343049
2021-11-05 09:30:00,74.23,74.915,73.91,74.219,1185812
2021-11-05 10:30:00,74.21,74.995,74.058,74.8884,798894
2021-11-05 11:30:00,74.89,75.175,74.8,75.08,859869
2021-11-05 12:30:00,75.08,75.53,75.04,75.31,748198
2021-11-05 13:30:00,75.456,75.72,75.23,75.62,669636
2021-11-05 14:30:00,75.62,75.805,75.3,75.3732,957948
2021-11-05 15:30:00,75.4295,75.49,75.27,75.45,1170392
2021-11-08 09:30:00,75.81,77.15,75.67,76.79,1587239
2021-11-08 10:30:00,76.79,76.95238,76.36,76.4,1134316
2021-11-08 11:30:00,76.39,77.0863,76.39,76.65,850158
2021-11-08 12:30:00,76.66,76.78,76.03,76.05,433411
2021-11-08 13:30:00,76.05,76.1095,75.46,75.98,618494
2021-11-08 14:30:00,75.8021,76.2,75.8021,76.19,654006
2021-11-08 15:30:00,76.1396,76.445,75.93,75.94,860745
2021-11-09 09:30:00,75.81,75.99,74.919,75.41,1251435
2021-11-09 10:30:00,75.39,75.84,75.2097,75.76,695835
2021-11-09 11:30:00,75.76,75.77,74.71,75.1,637387
2021-11-09 12:30:00,75.1,75.315,75.0468,75.065,588056
2021-11-09 13:30:00,75.065,75.4799,75.03,75.4417,617012
2021-11-09 14:30:00,75.44,75.625,75.38,75.56,805413
2021-11-09 15:30:00,75.56,75.79,75.495,75.76,994047
2021-11-10 09:30:00,74.52,74.97,74.1,74.245,1162498
2021-11-10 10:30:00,74.23,74.56,73.65,74.05,861035
2021-11-10 11:30:00,74.0221,74.39,73.83,73.87,512633
2021-11-10 12:30:00,73.87,74.01,73.69,73.79,652037
2021-11-10 13:30:00,73.78,73.86,72.93,72.9626,654889
2021-11-10 14:30:00,73.1191,73.505,72.92,73.41,932143
2021-11-10 15:30:00,73.359,73.62,72.98,73.0,1969357
2021-11-11 09:30:00,73.3,73.66,73.11,73.25,1516314
2021-11-11 10:30:00,73.24,73.5,68.38,72.98,745440
2021-11-11 11:30:00,72.97,73.26,72.9,73.23,797657
2021-11-11 12:30:00,73.225,73.3,72.9249,73.0296,679334
2021-11-11 13:30:00,73.01,73.09,72.77,72.83,448521
2021-11-11 14:30:00,72.85,72.895,72.57,72.74,760772
2021-11-11 15:30:00,72.73,72.735,71.99,72.15,2273954
2021-11-12 09:30:00,71.73,72.54,71.5,72.16,1247918
2021-11-12 10:30:00,72.16,72.17,71.7,71.89,511832
2021-11-12 11:30:00,71.8987,72.12,71.76,71.8249,506984
2021-11-12 12:30:00,71.82,71.96,71.68,71.91,421345
2021-11-12 13:30:00,71.91,71.91,71.715,71.79,532228
2021-11-12 14:30:00,71.7817,72.2,71.75,72.2,665415
2021-11-12 15:30:00,72.2094,72.39,72.1301,72.35,910463
2021-11-15 09:30:00,72.23,72.73,71.73,72.55,1046743
2021-11-15 10:30:00,72.5518,72.88,72.48,72.795,675462
2021-11-15 11:30:00,72.79,72.85,72.485,72.745,443269
2021-11-15 12:30:00,72.6728,73.23,72.6728,73.145,522933
2021-11-15 13:30:00,73.1656,73.39,73.14,73.22,454031
2021-11-15 14:30:00,73.2582,73.33,73.0,73.05,657835
2021-11-15 15:30:00,73.0768,73.0768,72.23,72.74,899539
2021-11-16 09:30:00,73.0,73.48,72.58,72.72,988766
2021-11-16 10:30:00,72.72,73.2,72.66,73.08,521343
2021-11-16 11:30:00,73.08,73.705,73.03,73.69,497760
2021-11-16 12:30:00,73.69,73.81,73.47,73.51,445257
2021-11-16 13:30:00,73.51,76.66,73.48,73.59,435749
2021-11-16 14:30:00,73.6,73.61,73.3115,73.33,476272
2021-11-16 15:30:00,73.33,73.38,72.57,72.65,1871454
2022-01-31 09:30:00,88.6,89.28,86.92,89.01,1540360
2022-01-31 10:30:00,89.01,89.32,88.06,88.12,788417
2022-01-31 11:30:00,88.2658,88.62,87.91,88.41,521672
2022-01-31 12:30:00,88.3194,89.22,88.287,89.02,714281
2022-01-31 13:30:00,89.0,89.28,88.7,89.26,603428
2022-01-31 14:30:00,89.26,89.44,88.42,88.68,616602
2022-01-31 15:30:00,88.68,88.78,88.35,88.61,1015382
2022-02-01 09:30:00,87.38,90.93,87.22,90.74,2359328
2022-02-01 10:30:00,90.725,91.4,90.63,91.01,1279156
2022-02-01 11:30:00,90.99,91.295,90.2801,90.32,809803
2022-02-01 12:30:00,90.31,91.05,90.2,90.6299,625338
2022-02-01 13:30:00,90.61,91.6,90.45,91.57,870633
2022-02-01 14:30:00,91.4371,91.72,91.29,91.3022,878682
2022-02-01 15:30:00,91.4043,91.89,91.271,91.54,1197456
2022-02-02 09:30:00,91.1,91.1,88.98,89.23,1911640
2022-02-02 10:30:00,89.23,90.8,89.22,90.58,1774755
2022-02-02 11:30:00,90.58,91.365,90.41,91.26,659531
2022-02-02 12:30:00,91.2535,91.52,90.86,91.27,542452
2022-02-02 13:30:00,91.2793,91.81,91.2568,91.7613,619227
2022-02-02 14:30:00,91.6805,92.29,91.6805,92.28,893315
2022-02-02 15:30:00,92.1292,92.61,92.08,92.12,1238619
2022-02-03 09:30:00,92.825,93.21,90.06,90.2,2981255
2022-02-03 10:30:00,90.19,90.46,89.8269,90.0,2088559
2022-02-03 11:30:00,90.0,91.16,89.72,89.905,1458829
2022-02-03 12:30:00,89.905,90.1448,89.47,90.015,1597599
2022-02-03 13:30:00,90.015,91.525,89.89,91.06,1739889
2022-02-03 14:30:00,91.2773,91.2773,90.44,90.98,797672
2022-02-03 15:30:00,90.954,91.14,90.76,90.86,1038789
2022-02-04 09:30:00,92.035,94.93,91.75,94.02,2266868
2022-02-04 10:30:00,94.5961,94.5961,92.35,93.39,1906812
2022-02-04 11:30:00,93.0396,93.72,92.7401,93.58,880684
2022-02-04 12:30:00,93.3667,93.64,92.93,93.23,744208
2022-02-04 13:30:00,93.1818,93.53,92.4,92.47,1197878
2022-02-04 14:30:00,92.5654,92.8,91.91,92.6268,1418246
2022-02-04 15:30:00,92.6201,92.9,91.8,91.88,2013442
2022-02-07 09:30:00,90.42,92.22,89.68,92.02,2164376
2022-02-07 10:30:00,92.02,93.3,90.45,93.06,935832
2022-02-07 11:30:00,93.079,93.079,91.96,92.12,876854
2022-02-07 12:30:00,92.12,93.0345,91.98,92.6408,687950
2022-02-07 13:30:00,92.8507,93.43,92.6478,93.425,823095
2022-02-07 14:30:00,93.3316,94.24,93.3316,93.95,1107836
2022-02-07 15:30:00,93.95,94.0688,92.77,92.94,1039611
2022-02-08 09:30:00,91.95,93.15,90.0,91.265,2142194
2022-02-08 10:30:00,91.261,91.7825,90.58,91.05,872146
2022-02-08 11:30:00,91.065,91.49,90.53,91.08,856346
2022-02-08 12:30:00,91.08,91.69,88.48,91.53,635355
2022-02-08 13:30:00,91.53,91.63,91.19,91.34,632627
2022-02-08 14:30:00,91.335,91.4,90.44,90.97,814674
2022-02-08 15:30:00,90.99,91.57,90.98,91.33,1042414
2022-02-09 09:30:00,91.86,93.9,91.23,93.635,1704638
2022-02-09 10:30:00,93.66,94.04,93.12,93.4,832510
2022-02-09 11:30:00,93.37,93.4654,92.841,93.16,555582
2022-02-09 12:30:00,93.18,93.19,92.37,92.74,739141
2022-02-09 13:30:00,92.6426,93.13,92.55,92.99,514574
2022-02-09 14:30:00,92.99,93.15,92.55,92.88,654937
2022-02-09 15:30:00,92.89,93.05,92.73,92.96,880232
2022-02-10 09:30:00,92.18,94.33,91.95,93.93,1365525
2022-02-10 10:30:00,93.94,94.34,93.54,93.84,684787
2022-02-10 11:30:00,93.8048,94.25,93.73,93.87,646909
2022-02-10 12:30:00,93.8548,93.91,92.72,92.85,665879
2022-02-10 13:30:00,92.83,92.9663,92.09,92.465,858637
2022-02-10 14:30:00,92.475,92.57,91.91,91.92,862576
2022-02-10 15:30:00,92.0612,92.31,91.29,91.9,1306442
2022-02-11 09:30:00,91.665,92.74,91.29,92.48,1524494
2022-02-11 10:30:00,92.6198,92.6198,91.8,92.225,1034388
2022-02-11 11:30:00,92.23,92.37,91.78,92.13,608446
2022-02-11 12:30:00,92.12,92.33,91.69,91.727,569577
2022-02-11 13:30:00,91.73,93.03,91.58,92.29,1706302
2022-02-11 14:30:00,92.27,93.23,91.695,93.2,1344775
2022-02-11 15:30:00,93.19,93.7,92.96,93.54,1545730
2022-02-14 09:30:00,92.47,92.89,90.44,90.97,1726645
2022-02-14 10:30:00,91.0735,91.0735,90.2,90.84,987152
2022-02-14 11:30:00,90.836,91.5766,90.8332,91.095,636719
2022-02-14 12:30:00,91.055,91.33,90.79,90.87,378559
2022-02-14 13:30:00,90.9441,92.17,90.4,91.22,771285
2022-02-14 14:30:00,91.4253,91.5,90.6,90.98,877039
2022-02-14 15:30:00,91.0826,91.82,90.92,91.56,1009257
2022-02-15 09:30:00,89.25,89.8531,87.73,89.47,2001281
2022-02-15 10:30:00,89.47,89.7,88.88,89.52,955430
2022-02-15 11:30:00,89.53,89.92,88.87,89.4,1084612
2022-02-15 12:30:00,89.41,89.654,88.7437,88.985,688856
2022-02-15 13:30:00,88.98,91.55,88.97,89.43,672545
2022-02-15 14:30:00,89.435,89.88,88.84,89.59,805776
2022-02-15 15:30:00,89.5935,89.85,89.26,89.67,1046188
2022-02-16 09:30:00,89.595,91.9,89.2482,91.7,1924059
2022-02-16 10:30:00,91.68,91.8,91.0,91.34,819401
2022-02-16 11:30:00,91.34,91.5,91.07,91.2,469373
2022-02-16 12:30:00,91.19,91.34,90.84,91.03,477166
2022-02-16 13:30:00,91.05,91.5,90.51,91.4213,691049
2022-02-16 14:30:00,91.3517,91.525,89.92,89.96,727148
2022-02-16 15:30:00,90.1588,90.6,89.635,90.21,1071390
2022-02-17 09:30:00,90.4,91.85,90.02,90.6,1808990
2022-02-17 10:30:00,90.58,91.33,90.21,91.2001,666034
2022-02-17 11:30:00,91.1769,91.74,90.98,91.67,669687
2022-02-17 12:30:00,91.582,91.78,90.86,90.88,535456
2022-02-17 13:30:00,90.9932,90.9932,90.2,90.721,596504
2022-02-17 14:30:00,90.6054,91.14,90.59,91.1,854952
2022-02-17 15:30:00,91.11,91.325,91.03,91.16,1105776
2022-05-02 09:30:00,94.29,95.65,93.65,94.78,1552461
2022-05-02 10:30:00,94.7086,95.52,92.58,93.2,1190320
2022-05-02 11:30:00,93.21,95.095,92.9921,94.78,672004
2022-05-02 12:30:00,94.7737,95.235,94.17,94.43,544511
2022-05-02 13:30:00,94.44,94.69,93.72,94.08,686421
2022-05-02 14:30:00,94.06,95.68,93.75,95.62,706924
2022-05-02 15:30:00,95.5049,96.05,95.49,95.92,987931
2022-05-03 09:30:00,96.875,98.33,96.02,98.09,953947
2022-05-03 10:30:00,97.9623,99.05,97.9623,98.855,617807
2022-05-03 11:30:00,98.8219,99.28,95.92,98.78,498426
2022-05-03 12:30:00,98.9143,99.53,98.44,98.9876,476872
2022-05-03 13:30:00,99.1986,99.34,98.36,98.47,528190
2022-05-03 14:30:00,98.5383,99.8814,98.09,99.17,508560
2022-05-03 15:30:00,99.0366,99.23,98.7,98.96,1065503
2022-05-04 09:30:00,100.75,101.62,99.44,99.93,1330564
2022-05-04 10:30:00,99.93,100.3,99.29,99.565,600481
2022-05-04 11:30:00,99.58,100.04,99.09,99.715,491655
2022-05-04 12:30:00,99.73,100.22,99.51,100.21,569091
2022-05-04 13:30:00,100.2,101.76,100.12,101.644418,1290244
2022-05-04 14:30:00,101.7,102.93,100.2,102.92,1226150
2022-05-04 15:30:00,102.91,104.19,102.9005,103.81,1640778
2022-05-05 09:30:00,104.99,106.63,101.88,105.42,2804453
2022-05-05 10:30:00,105.445,105.7,101.82,102.41,1497853
2022-05-05 11:30:00,102.41,102.88,100.51,102.35,985232
2022-05-05 12:30:00,102.335,103.66,101.54,103.59,775770
2022-05-05 13:30:00,103.59,104.64,103.05,103.41,827874
2022-05-05 14:30:00,103.46,103.7199,102.16,102.2,1026970
2022-05-05 15:30:00,102.2,103.31,102.06,103.09,1613615
2022-05-06 09:30:00,103.77,105.19,102.8,104.61,1578776
2022-05-06 10:30:00,104.62,107.1788,103.34,106.77,1577312
2022-05-06 11:30:00,106.78,106.97,105.2602,106.36,893219
2022-05-06 12:30:00,106.4,107.16,102.86,106.645,1047764
2022-05-06 13:30:00,106.633439,107.13,102.86,106.1438,778211
2022-05-06 14:30:00,106.13,107.21,105.85,106.6337,945851
2022-05-06 15:30:00,106.6909,107.71,106.6596,107.68,1403165
2022-05-09 09:30:00,105.21,105.83,101.45,101.55,1886827
2022-05-09 10:30:00,101.54,101.6663,98.39,98.4,1336271
2022-05-09 11:30:00,98.9365,100.9,98.29,99.98,1232576
2022-05-09 12:30:00,99.9651,100.0,97.5,97.77,939326
2022-05-09 13:30:00,97.7285,98.12,96.9,97.175,782526
2022-05-09 14:30:00,97.0868,98.39,96.66,96.78,1171061
2022-05-09 15:30:00,96.78,97.24,96.48,97.185,1418968
2022-05-10 09:30:00,98.765,101.8,98.515,101.1,1840039
2022-05-10 10:30:00,101.1,101.15,98.01,98.47,916692
2022-05-10 11:30:00,98.46,98.9493,96.5,96.8786,786831
2022-05-10 12:30:00,96.7313,97.6,95.91,96.74,739326
2022-05-10 13:30:00,96.3027,98.05,96.3027,97.105288,855701
2022-05-10 14:30:00,97.2688,98.47,97.08,97.836305,800252
2022-05-10 15:30:00,97.91,98.05,97.29,97.99,1087075
2022-05-11 09:30:00,99.74,102.3,99.3,101.4604,1350940
2022-05-11 10:30:00,101.5391,102.53,101.03,102.29,824359
2022-05-11 11:30:00,101.9393,102.89,100.7504,101.01,708321
2022-05-11 12:30:00,101.5484,101.55479,99.49,99.5135,974767
2022-05-11 13:30:00,99.798,100.63,99.02,100.19,695810
2022-05-11 14:30:00,100.0143,100.89,99.8,100.3,624026
2022-05-11 15:30:00,100.3472,100.5,98.8,99.06,840600
2022-05-12 09:30:00,98.555,99.0,95.47,97.37,2038387
2022-05-12 10:30:00,97.37,99.57,96.9,98.775,889668
2022-05-12 11:30:00,98.75,99.04,97.54,98.9258,627706
2022-05-12 12:30:00,98.9243,99.36,97.9,98.19,566898
2022-05-12 13:30:00,98.18,99.04,97.53,97.97,605392
2022-05-12 14:30:00,97.99,98.92,97.44,98.255,733224
2022-05-12 15:30:00,98.24,99.66,98.2,99.65,1218798
2022-05-13 09:30:00,100.83,102.86,100.65,102.73,1419928
2022-05-13 10:30:00,102.75,103.26,99.6,102.6868,967375
2022-05-13 11:30:00,102.6812,103.81,102.55,103.26,605738
2022-05-13 12:30:00,103.26,103.65,102.77,103.285,532396
2022-05-13 13:30:00,103.3,103.53,101.84,102.11,554398
2022-05-13 14:30:00,102.0054,103.2245,102.0054,103.14,718964
2022-05-13 15:30:00,103.13,103.2,102.38,102.89,1079845
2022-05-16 09:30:00,102.98,104.78,102.22,104.61,1566444
2022-05-16 10:30:00,104.6,104.75,103.61,104.41,910625
2022-05-16 11:30:00,104.36,105.45,104.02,105.45,750035
2022-05-16 12:30:00,105.42,106.67,105.06,106.58,1002002
2022-05-16 13:30:00,106.55,107.09,106.28,107.035,1010073
2022-05-16 14:30:00,107.04,107.07,100.95,106.405,1109926
2022-05-16 15:30:00,106.4096,106.49,105.17,105.5,1026733
2022-05-17 09:30:00,107.05,107.75,105.7,107.095,1376077
2022-05-17 10:30:00,107.11,107.87,106.9,107.825,720782
2022-05-17 11:30:00,107.8,107.91,106.8408,107.59,628058
2022-05-17 12:30:00,107.6151,108.3,105.5,107.53,746940
2022-05-17 13:30:00,107.54,108.04,106.26,106.4372,726704
2022-05-17 14:30:00,106.4921,107.65,105.95,107.01,956479
2022-05-17 15:30:00,107.0,107.11,106.5,107.01,689471
2022-05-18 09:30:00,107.68,108.1,106.56,106.63,1340612
2022-05-18 10:30:00,106.68,107.72,104.63,105.35,1813126
2022-05-18 11:30:00,105.3,106.14,104.93,105.26,1162856
2022-05-18 12:30:00,105.24,106.33,104.55,104.89,760559
2022-05-18 13:30:00,104.8737,105.19,103.73,104.14,706331
2022-05-18 14:30:00,104.15,104.2,102.76,103.24,1017373
2022-05-18 15:30:00,103.23,104.58,103.135,104.5,1226883
2022-05-19 09:30:00,101.9,105.17,101.83,103.83,1639118
2022-05-19 10:30:00,103.8,104.23,102.51,104.14,958321
2022-05-19 11:30:00,104.18,105.98,104.1159,105.92,731527
2022-05-19 12:30:00,105.955,106.13,104.74,105.54,741360
2022-05-19 13:30:00,105.4489,106.34,104.89,106.04,566816
2022-05-19 14:30:00,106.03,106.71,104.89,104.94,680208
2022-05-19 15:30:00,105.4315,105.4438,104.41,104.58,772189
2022-07-25 09:30:00,89.48,89.99,87.79,89.785,1202610
2022-07-25 10:30:00,89.75,91.67,89.51,91.58,624530
2022-07-25 11:30:00,91.57,91.705,90.91,91.06,429879
2022-07-25 12:30:00,91.0443,91.8199,88.13,91.52,481775
2022-07-25 13:30:00,91.55,91.77,91.25,91.695,371196
2022-07-25 14:30:00,91.603889,91.94,91.34,91.505,526765
2022-07-25 15:30:00,91.49,92.14,91.41,92.01,1013928
2022-07-26 09:30:00,93.495,94.18,91.26,91.845,1508958
2022-07-26 10:30:00,91.86,92.2399,90.765,90.905,672917
2022-07-26 11:30:00,90.9287,91.03,90.06,90.28,629249
2022-07-26 12:30:00,90.2057,90.9011,90.2053,90.87,698570
2022-07-26 13:30:00,90.87,91.045,90.285,90.315,435425
2022-07-26 14:30:00,90.4451,90.66,89.97,90.65,513078
2022-07-26 15:30:00,90.493,91.26,90.4198,91.05,1015752
2022-07-27 09:30:00,92.44,92.6488,91.2898,91.7,1418483
2022-07-27 10:30:00,91.71,93.02,91.7,92.49,816601
2022-07-27 11:30:00,92.49,93.0,92.37,92.4968,500971
2022-07-27 12:30:00,92.49,92.6373,92.135,92.39,383413
2022-07-27 13:30:00,92.385,92.93,91.09,92.31,486406
2022-07-27 14:30:00,92.32,93.41,91.91,93.41,888064
2022-07-27 15:30:00,93.42,93.66,93.17,93.23,952308
2022-07-28 09:30:00,94.22,95.26,92.595,92.77,1106604
2022-07-28 10:30:00,92.77,94.04,92.61,94.03,576805
2022-07-28 11:30:00,94.03,94.6,93.75,94.33,396513
2022-07-28 12:30:00,94.33,94.37,93.14,93.43,341366
2022-07-28 13:30:00,93.46,94.22,93.27,93.57,489597
2022-07-28 14:30:00,93.5672,94.3,93.33,94.27,380250
2022-07-28 15:30:00,94.2822,94.48,93.99,94.06,663069
2022-07-29 09:30:00,95.96,97.44,95.4,97.335,1297088
2022-07-29 10:30:00,97.0257,97.84,96.89,96.89,888583
2022-07-29 11:30:00,96.9,97.23,96.65,96.95,629521
2022-07-29 12:30:00,96.96,97.09,96.707,96.95,527657
2022-07-29 13:30:00,96.95,97.56,94.06,97.34,756067
2022-07-29 14:30:00,97.34,97.88,97.21,97.7101,609838
2022-07-29 15:30:00,97.715,97.9181,97.34,97.44,1123438
2022-08-01 09:30:00,95.25,95.65,93.68,94.026,1329129
2022-08-01 10:30:00,94.04,95.115,94.01,94.4087,614843
2022-08-01 11:30:00,94.405,95.37,94.16,94.91,370301
2022-08-01 12:30:00,95.1453,95.1453,94.28,94.3272,492252
2022-08-01 13:30:00,94.3909,97.43,94.2689,95.2141,425985
2022-08-01 14:30:00,95.18,96.06,94.9,95.53,617443
2022-08-01 15:30:00,95.51,95.635,91.99,95.14,841788
2022-08-02 09:30:00,95.1,95.85,93.93,94.53,1141966
2022-08-02 10:30:00,94.3378,95.09,94.04,94.84,571878
2022-08-02 11:30:00,94.6873,95.52,94.63,95.3057,413822
2022-08-02 12:30:00,95.2989,95.58,95.11,95.14,371404
2022-08-02 13:30:00,95.2545,95.2545,94.56,95.02,389943
2022-08-02 14:30:00,94.9335,95.39,94.64,94.95,403738
2022-08-02 15:30:00,94.7613,95.34,94.63,94.7,738744
2022-08-03 09:30:00,95.51,95.69,93.28,93.95,940687
2022-08-03 10:30:00,93.5643,93.99,91.51,92.11,982275
2022-08-03 11:30:00,92.09,92.39,90.625,91.1,1056883
2022-08-03 12:30:00,91.09,91.5,90.4,91.2108,517316
2022-08-03 13:30:00,91.19,92.44,90.9072,91.6882,721664
2022-08-03 14:30:00,91.715,92.2,91.43,92.09,733710
2022-08-03 15:30:00,92.1,92.24,91.28,91.36,1058834
2022-08-04 09:30:00,93.07,93.175,89.28,91.59,2316218
2022-08-04 10:30:00,91.6539,91.97,90.63,90.97,1020470
2022-08-04 11:30:00,91.1519,91.35,90.39,90.64,545117
2022-08-04 12:30:00,90.5224,91.41,90.52,91.36,553997
2022-08-04 13:30:00,91.2291,91.88,91.22,91.72,603353
2022-08-04 14:30:00,91.7183,91.92,90.36,90.56,604717
2022-08-04 15:30:00,90.54,90.6243,89.62,89.88,1007840
2022-08-05 09:30:00,88.72,93.4,88.0007,92.52,1412207
2022-08-05 10:30:00,92.54,93.13,92.21,92.39,790002
2022-08-05 11:30:00,92.4,92.84,92.17,92.7,538968
2022-08-05 12:30:00,92.705,93.43,89.88,93.135,540952
2022-08-05 13:30:00,93.15,93.37,92.89,92.9322,519501
2022-08-05 14:30:00,92.9283,93.106867,92.53,92.955,560661
2022-08-05 15:30:00,92.94,93.05,92.745,92.84,851417
2022-08-08 09:30:00,92.9,94.24,92.55,93.51,1090621
2022-08-08 10:30:00,93.5,94.64,92.84,94.52,644363
2022-08-08 11:30:00,94.4328,94.7,92.85,94.0,504376
2022-08-08 12:30:00,93.99,94.2,93.71,93.79,519556
2022-08-08 13:30:00,93.81,94.21,93.61,94.01,474376
2022-08-08 14:30:00,94.0,94.12,93.3,93.96,456341
2022-08-08 15:30:00,93.96,94.0,93.53,93.59,602227
2022-08-09 09:30:00,95.12,97.285,93.15,96.98,1436479
2022-08-09 10:30:00,96.9921,97.13,95.77,95.83,782579
2022-08-09 11:30:00,95.82,95.8708,95.13,95.58,829043
2022-08-09 12:30:00,95.58,95.71,94.92,95.66,605650
2022-08-09 13:30:00,95.66,95.88,95.2664,95.355,454227
2022-08-09 14:30:00,95.34,95.61,94.85,95.475,602469
2022-08-09 15:30:00,95.47,95.575,95.26,95.52,695775
2022-08-10 09:30:00,95.38,95.98,93.14,93.83,1066663
2022-08-10 10:30:00,93.83,95.94,93.71,95.79,656332
2022-08-10 11:30:00,95.8,96.18,95.44,96.08,501055
2022-08-10 12:30:00,96.08,96.31,95.77,95.996,423918
2022-08-10 13:30:00,96.01,96.29,95.09,95.17,621903
2022-08-10 14:30:00,95.16,95.358208,94.7639,95.3399,602709
2022-08-10 15:30:00,95.33,96.03,95.29,95.97,1106584
2022-08-11 09:30:00,97.87,99.31,97.52,98.43,1145517
2022-08-11 10:30:00,98.425024,99.72,98.3,99.475,856258
2022-08-11 11:30:00,99.47,100.22,99.18,100.0182,655793
2022-08-11 12:30:00,100.08,100.93,100.065,100.74,652972
2022-08-11 13:30:00,100.72,101.39,100.56,100.95,580555
2022-08-11 14:30:00,100.96,100.96,99.84,100.3796,788518
2022-08-11 15:30:00,100.2713,100.74,99.93,100.37,1116342
2022-10-31 09:30:00,125.57,129.42,125.5,129.0608,1129156
2022-10-31 10:30:00,129.075,130.16,128.92,129.15,618146
2022-10-31 11:30:00,129.13,129.2952,126.5354,126.8785,835556
2022-10-31 12:30:00,126.87,127.26,126.22,127.12,475418
2022-10-31 13:30:00,127.1,128.17,126.8883,127.96,384034
2022-10-31 14:30:00,127.93,128.13,127.37,127.49,528238
2022-10-31 15:30:00,127.51,127.64,125.86,126.14,1377032
2022-11-01 09:30:00,128.16,129.32,127.6,128.0,1180837
2022-11-01 10:30:00,127.9794,128.33,126.87,128.2844,622915
2022-11-01 11:30:00,128.0231,128.78,127.86,128.18,569838
2022-11-01 12:30:00,128.4154,129.155,127.015,128.0001,545726
2022-11-01 13:30:00,128.0437,128.0437,127.12,127.385,654841
2022-11-01 14:30:00,127.2684,128.13,127.18,127.68,596478
2022-11-01 15:30:00,127.7654,127.9,127.47,127.78,883315
2022-11-02 09:30:00,127.45,129.45,125.77,126.29,1725782
2022-11-02 10:30:00,126.6185,128.84,126.27,128.67,516522
2022-11-02 11:30:00,128.629,129.24,128.11,128.385,431994
2022-11-02 12:30:00,128.2772,128.7886,126.67,127.86,465239
2022-11-02 13:30:00,128.1094,129.81,127.82,129.27,1012974
2022-11-02 14:30:00,128.8755,129.66,126.34,126.585,1256506
2022-11-02 15:30:00,126.56,126.8,125.865,126.5,1171263
2022-11-03 09:30:00,129.62,133.72,128.06,131.315,3591259
2022-11-03 10:30:00,131.345,133.7288,131.23,133.3722,1353723
2022-11-03 11:30:00,133.355,135.38,132.94,135.3,1456403
2022-11-03 12:30:00,135.32,136.12,134.0,135.96,1693423
2022-11-03 13:30:00,135.904,136.08,126.51,135.69,1153712
2022-11-03 14:30:00,135.5708,136.02,135.1,135.33,1121861
2022-11-03 15:30:00,135.3886,135.3886,133.77,133.81,1905547
2022-11-04 09:30:00,137.0,138.49,135.36,136.04,1934943
2022-11-04 10:30:00,135.8211,136.29,133.315,133.36,1828682
2022-11-04 11:30:00,133.385,133.7492,130.07,130.435,1680179
2022-11-04 12:30:00,130.3967,137.38,129.64,131.35,1039635
2022-11-04 13:30:00,131.3159,131.52,129.75,131.05,837103
2022-11-04 14:30:00,130.8336,137.0,130.8336,131.87,820818
2022-11-04 15:30:00,131.7855,132.56,131.67,132.27,1456361
2022-11-07 09:30:00,133.2,135.5095,132.44,135.0,1530630
2022-11-07 10:30:00,135.02,136.43,134.85,136.115,1055554
2022-11-07 11:30:00,136.12,136.33,135.0804,135.605,728536
2022-11-07 12:30:00,135.62,135.65,134.3696,135.18,579067
2022-11-07 13:30:00,135.185,135.45,134.6701,135.23,910983
2022-11-07 14:30:00,135.2363,135.39,134.4489,135.08,606463
2022-11-07 15:30:00,135.09,135.17,134.76,134.98,781629
2022-11-08 09:30:00,134.74,134.78,132.22,133.96,1024711
2022-11-08 10:30:00,133.98,134.66,133.6118,133.64,500987
2022-11-08 11:30:00,133.61,134.31,133.53,134.15,390948
2022-11-08 12:30:00,134.14,134.85,133.33,133.42,497249
2022-11-08 13:30:00,133.42,133.83,132.94,133.04,528924
2022-11-08 14:30:00,133.05,134.93,117.89,134.91,778224
2022-11-08 15:30:00,134.9,135.29,134.315,134.48,728326
2022-11-09 09:30:00,132.75,132.785,129.3201,129.85,1428642
2022-11-09 10:30:00,129.84,130.32,128.19,128.865,818019
2022-11-09 11:30:00,128.85,129.75,128.62,128.915,559453
2022-11-09 12:30:00,128.92,129.35,128.1,128.26,500628
2022-11-09 13:30:00,128.25,128.3215,114.915,127.21,692650
2022-11-09 14:30:00,127.21,127.278338,125.86,126.04,827768
2022-11-09 15:30:00,126.05,126.12,124.89,125.28,1404526
2022-11-10 09:30:00,127.93,128.35,125.55,128.0834,1346820
2022-11-10 10:30:00,128.1,128.5,127.28,127.86,803404
2022-11-10 11:30:00,127.86,128.18,127.17,127.3884,706651
2022-11-10 12:30:00,127.32,127.92,126.8099,127.62,609817
2022-11-10 13:30:00,127.64,127.72,126.97,127.3471,571606
2022-11-10 14:30:00,127.34,128.51,127.210655,128.45,946237
2022-11-10 15:30:00,128.455,129.77,128.18,129.44,1588780
2022-11-11 09:30:00,131.16,132.97,130.0,132.89,2161283
2022-11-11 10:30:00,132.895,133.11,131.585,131.6928,902229
2022-11-11 11:30:00,131.64,132.11,130.56,131.58,699894
2022-11-11 12:30:00,131.56,133.14,131.55,133.08,834244
2022-11-11 13:30:00,133.08,134.18,132.165,134.05,1292275
2022-11-11 14:30:00,134.035,134.55,133.85,134.51,840492
2022-11-11 15:30:00,134.408,134.86,133.73,134.0,1284606
2022-11-14 09:30:00,132.38,134.0899,132.25,133.94,1075178
2022-11-14 10:30:00,133.95,134.65,132.88,133.54,783708
2022-11-14 11:30:00,133.54,134.5,133.41,134.4158,854789
2022-11-14 12:30:00,134.1143,134.99,134.04,134.94,573959
2022-11-14 13:30:00,134.8572,135.6757,134.8572,135.5012,445562
2022-11-14 14:30:00,135.4247,135.5435,133.8636,134.29,473562
2022-11-14 15:30:00,134.307446,134.39,132.93,133.05,779515
2022-11-15 09:30:00,133.68,134.86,133.58,134.41,963424
2022-11-15 10:30:00,134.4186,134.57,132.92,133.12,792798
2022-11-15 11:30:00,133.13,134.42,131.91,131.91,697760
2022-11-15 12:30:00,132.0624,133.97,131.93,132.63,916677
2022-11-15 13:30:00,132.6958,133.81,132.6,132.88,770993
2022-11-15 14:30:00,132.86,134.03,132.47,133.94,787696
2022-11-15 15:30:00,133.8359,134.35,133.59,134.1,971067
2022-11-16 09:30:00,132.11,133.5,131.91,132.28,1016624
2022-11-16 10:30:00,132.282,132.7788,131.35,131.63,545669
2022-11-16 11:30:00,131.63,132.42,130.22,130.33,601500
2022-11-16 12:30:00,130.33,130.92,129.25,129.44,747236
2022-11-16 13:30:00,129.445,130.24,129.4,129.65,819317
2022-11-16 14:30:00,129.67,130.24,129.52,129.77,1063696
2022-11-16 15:30:00,129.755,129.99,129.09,129.32,1385557
2022-11-17 09:30:00,127.59,128.76,126.92,127.965,1006384
2022-11-17 10:30:00,128.32,129.14,127.99,128.37,467263
2022-11-17 11:30:00,128.346843,129.37,127.79,128.725,440530
2022-11-17 12:30:00,128.73,130.53,128.72,130.02,458242
2022-11-17 13:30:00,130.09,130.21,129.49,129.65,379483
2022-11-17 14:30:00,129.68,130.3825,129.6549,129.995,571825
2022-11-17 15:30:00,130.0,131.37,129.83,131.32,737128
2023-01-30 09:30:00,122.3,122.61,120.66,121.8,869311
2023-01-30 10:30:00,121.8,122.58,121.57,121.7684,552864
2023-01-30 11:30:00,121.76,121.84,121.125,121.53,439940
2023-01-30 12:30:00,121.54,121.62,120.975,121.4912,419568
2023-01-30 13:30:00,121.49,123.61,121.04,121.06,495966
2023-01-30 14:30:00,121.06,121.31,120.33,120.75,681579
2023-01-30 15:30:00,120.75,121.24,120.38,120.53,795017
2023-01-31 09:30:00,120.22,121.1159,119.07,120.875,854243
2023-01-31 10:30:00,120.89,122.09,120.42,121.77,378770
2023-01-31 11:30:00,121.76,121.81,121.29,121.72,253843
2023-01-31 12:30:00,121.73,121.94,121.4,121.8425,291633
2023-01-31 13:30:00,121.85,121.91,121.16,121.8855,408711
2023-01-31 14:30:00,121.89,122.09,121.32,121.34,407840
2023-01-31 15:30:00,121.3327,122.09,121.3327,121.88,714468
2023-02-01 09:30:00,120.94,120.99,119.34,119.65,722107
2023-02-01 10:30:00,119.655,119.655,117.31,118.08,945827
2023-02-01 11:30:00,118.0956,119.63,115.19,115.72,932557
2023-02-01 12:30:00,115.6314,116.32,115.43,116.2303,566211
2023-02-01 13:30:00,116.1924,121.87,115.97,116.7336,774622
2023-02-01 14:30:00,116.5305,118.15,116.11,118.01,1138667
2023-02-01 15:30:00,118.025,119.0,117.5,117.79,1199792
2023-02-02 09:30:00,114.02,115.39,111.61,113.4751,2639852
2023-02-02 10:30:00,113.465,114.83,112.64,112.75,1553030
2023-02-02 11:30:00,112.7829,113.21,112.42,112.94,1032552
2023-02-02 12:30:00,112.955,113.15,111.07,111.63,1522981
2023-02-02 13:30:00,111.64,112.6,109.87,110.2699,1144170
2023-02-02 14:30:00,110.24,118.2,109.75,109.84,1067107
2023-02-02 15:30:00,109.85,111.5,109.845,111.29,1386696
2023-02-03 09:30:00,111.15,112.33,111.03,112.07,3089746
2023-02-03 10:30:00,112.08,112.39,110.78,110.85,1148813
2023-02-03 11:30:00,111.0596,111.0596,109.35,109.8,1118085
2023-02-03 12:30:00,109.7615,110.07,107.9,107.95,1286826
2023-02-03 13:30:00,108.2062,111.3,107.75,108.32,2147326
2023-02-03 14:30:00,108.2746,108.79,107.97,108.2558,1748879
2023-02-03 15:30:00,108.245,108.41,107.78,108.09,1753410
2023-02-06 09:30:00,108.57,109.95,107.325,107.84,1490717
2023-02-06 10:30:00,107.84,108.5,107.15,108.435,1771308
2023-02-06 11:30:00,108.435,108.64,107.62,107.63,1080335
2023-02-06 12:30:00,107.63,108.17,107.02,107.04,1894426
2023-02-06 13:30:00,107.05,107.25,106.825,107.04,1625201
2023-02-06 14:30:00,107.0378,107.29,106.72,107.08,1485998
2023-02-06 15:30:00,107.085,107.8424,106.920578,107.49,1318014
2023-02-07 09:30:00,108.41,108.556,107.4,107.865,1130548
2023-02-07 10:30:00,108.1199,109.2,107.49,109.06,1292276
2023-02-07 11:30:00,108.9869,109.84,108.98,109.405,772300
2023-02-07 12:30:00,109.5649,111.08,109.25,109.71,675729
2023-02-07 13:30:00,110.112,110.67,109.26,110.57,424221
2023-02-07 14:30:00,110.58,111.45,110.5062,111.435,1271704
2023-02-07 15:30:00,111.447,112.17,111.15,112.02,1061051
2023-02-08 09:30:00,112.35,113.0,111.21,111.36,878841
2023-02-08 10:30:00,111.3511,111.365,110.25,110.32,680009
2023-02-08 11:30:00,110.5419,112.04,109.84,111.11,730629
2023-02-08 12:30:00,111.035,111.36,110.615,110.96,631513
2023-02-08 13:30:00,111.0646,111.07,110.27,110.94,784625
2023-02-08 14:30:00,110.9312,111.2899,110.72,110.9788,1065590
2023-02-08 15:30:00,110.98,111.28,110.63,110.79,932211
2023-02-09 09:30:00,110.99,111.19,110.27,111.07,709966
2023-02-09 10:30:00,111.1,111.75,110.58,111.155,742469
2023-02-09 11:30:00,111.0251,112.14,110.77,111.44,572632
2023-02-09 12:30:00,111.5686,111.5686,110.5,110.73,790924
2023-02-09 13:30:00,110.74,111.05,110.25,110.33,489563
2023-02-09 14:30:00,110.3448,110.76,110.16,110.36,710663
2023-02-09 15:30:00,110.3637,110.39,109.85,109.92,1037897
2023-02-10 09:30:00,111.61,114.49,111.5,113.8211,3242358
2023-02-10 10:30:00,113.8,114.03,113.2,113.2977,2132771
2023-02-10 11:30:00,113.3,114.04,113.28,113.725,893007
2023-02-10 12:30:00,113.725,114.48,113.658616,114.45,712341
2023-02-10 13:30:00,114.45,114.52,111.06,113.9981,967192
2023-02-10 14:30:00,113.995,114.66,113.815,114.38,702089
2023-02-10 15:30:00,114.38,115.3699,114.37,115.04,1171853
2023-02-13 09:30:00,113.75,114.33,112.36,113.2998,749893
2023-02-13 10:30:00,113.3,113.97,112.67,112.79,581843
2023-02-13 11:30:00,112.79,114.48,112.47,113.37,428910
2023-02-13 12:30:00,113.38,113.785,113.09,113.28,1012488
2023-02-13 13:30:00,113.29,115.06,112.66,112.7381,597079
2023-02-13 14:30:00,112.72,113.0,112.12,112.273,777867
2023-02-13 15:30:00,112.29,112.85,112.17,112.35,989858
2023-02-14 09:30:00,110.75,114.29,110.55,114.045,1094899
2023-02-14 10:30:00,114.07,114.23,113.19,113.515,1142907
2023-02-14 11:30:00,113.53,113.87,112.98,113.8112,544981
2023-02-14 12:30:00,113.81,114.47,113.19,114.24,867188
2023-02-14 13:30:00,114.2535,114.33,113.66,113.9,702642
2023-02-14 14:30:00,113.895,114.29,113.785,114.045,587399
2023-02-14 15:30:00,114.05,114.15,113.51,113.68,1337224
2023-02-15 09:30:00,112.23,112.85,110.06,111.39,1054498
2023-02-15 10:30:00,111.2691,111.75,110.77,110.99,820452
2023-02-15 11:30:00,110.94,111.51,109.98,110.04,678223
2023-02-15 12:30:00,110.0432,111.94,110.025,111.92,554715
2023-02-15 13:30:00,111.7551,113.55,111.39,111.65,500445
2023-02-15 14:30:00,111.6124,111.77,110.98,111.231,605036
2023-02-15 15:30:00,111.153,111.82,110.675,111.69,1133983
2023-02-16 09:30:00,110.66,111.72,109.83,110.105,859455
2023-02-16 10:30:00,110.07,110.8,109.8,109.9,638377
2023-02-16 11:30:00,109.91,110.5,109.7,110.47,629862
2023-02-16 12:30:00,110.47,110.6799,108.58,108.78,837811
2023-02-16 13:30:00,108.76,109.37,108.7549,109.07,657273
2023-02-16 14:30:00,109.07,109.3,108.08,108.24,934777
2023-02-16 15:30:00,108.24,108.67,108.08,108.41,951381
2023-05-01 09:30:00,101.855,103.023,101.05,102.27,485467
2023-05-01 10:30:00,102.27,102.64,102.0,102.482,551052
2023-05-01 11:30:00,102.51,102.85,102.21,102.7667,381919
2023-05-01 12:30:00,102.77,102.96,102.07,102.18,472257
2023-05-01 13:30:00,102.15,102.67,102.05,102.578,355318
2023-05-01 14:30:00,102.58,102.61,102.08,102.11,338718
2023-05-01 15:30:00,102.12,102.63,102.1,102.51,506142
2023-05-02 09:30:00,100.88,101.39,98.74,98.895,1216171
2023-05-02 10:30:00,98.91,99.02,97.57,97.73,1343225
2023-05-02 11:30:00,97.72,100.96,97.48,97.7,741293
2023-05-02 12:30:00,97.68,98.6822,97.48,98.485,728222
2023-05-02 13:30:00,98.5,99.02,98.26,98.48,979476
2023-05-02 14:30:00,98.48,99.4,98.19,99.24,986458
2023-05-02 15:30:00,99.24,104.991,98.59,98.63,1041074
2023-05-03 09:30:00,96.83,97.26,96.0,97.01,1361797
2023-05-03 10:30:00,96.99,97.0713,95.86,95.99,998348
2023-05-03 11:30:00,95.98,97.185,95.7,96.88,824144
2023-05-03 12:30:00,96.85,103.01,96.7,97.385,640581
2023-05-03 13:30:00,97.4,97.58,96.64,96.66,936079
2023-05-03 14:30:00,96.66,97.13,95.76,95.95,1685717
2023-05-03 15:30:00,95.95,96.37,95.7,96.02,1563400
2023-05-04 09:30:00,96.2,105.95,95.81,96.38,1379381
2023-05-04 10:30:00,96.41,98.52,96.23,97.835,816144
2023-05-04 11:30:00,97.8458,97.9353,96.77,96.99,675421
2023-05-04 12:30:00,97.01,97.8,96.6786,97.44,596800
2023-05-04 13:30:00,97.4896,97.755,96.97,97.4,812450
2023-05-04 14:30:00,97.39,98.15,97.32,97.72,684111
2023-05-04 15:30:00,97.71,97.9,97.29,97.38,909307
2023-05-05 09:30:00,100.95,101.6,100.03,100.61,1104090
2023-05-05 10:30:00,100.62,100.84,98.94,99.6,650140
2023-05-05 11:30:00,99.61,99.94,99.29,99.61,425555
2023-05-05 12:30:00,99.6286,100.31,99.56,100.0265,427511
2023-05-05 13:30:00,100.02,101.14,99.93,100.97,747340
2023-05-05 14:30:00,100.99,101.22,100.86,101.02,655557
2023-05-05 15:30:00,101.02,101.02,100.31,100.38,854969
2023-05-08 09:30:00,102.065,102.76,101.412,101.805,864229
2023-05-08 10:30:00,101.83,102.51,101.69,102.2417,481303
2023-05-08 11:30:00,102.255,102.3,101.485,101.5365,316600
2023-05-08 12:30:00,101.56,101.86,100.37,101.66,358839
2023-05-08 13:30:00,101.665,101.89,100.37,101.3,630145
2023-05-08 14:30:00,101.31,101.52,100.6001,100.8675,435406
2023-05-08 15:30:00,100.859,101.09,100.68,100.9,641280
2023-05-09 09:30:00,100.4,101.8,99.93,101.1,648462
2023-05-09 10:30:00,101.1,101.68,100.48,100.6,573209
2023-05-09 11:30:00,100.605,101.48,100.5883,100.97,375509
2023-05-09 12:30:00,100.9774,101.835,100.94,101.77,659691
2023-05-09 13:30:00,101.77,102.49,101.725,102.18,465824
2023-05-09 14:30:00,102.2,102.62,102.1,102.16,462986
2023-05-09 15:30:00,102.1604,102.32,101.49,101.55,697916
2023-05-10 09:30:00,102.14,102.3,100.0,100.54,1060349
2023-05-10 10:30:00,100.58,101.225,100.28,101.0697,661687
2023-05-10 11:30:00,100.93,101.0255,100.16,100.66,537733
2023-05-10 12:30:00,100.66,100.7006,99.71,99.76,338914
2023-05-10 13:30:00,99.75,100.2607,99.55,100.2,534476
2023-05-10 14:30:00,100.19,100.84,100.1446,100.73,542197
2023-05-10 15:30:00,100.73,100.86,100.29,100.45,724340
2023-05-11 09:30:00,99.07,99.91,98.54,99.32,865504
2023-05-11 10:30:00,99.3035,100.02,98.78,99.5,621522
2023-05-11 11:30:00,99.487,101.99,99.01,99.54,615840
2023-05-11 12:30:00,99.54,99.78,99.17,99.5215,750176
2023-05-11 13:30:00,99.52,99.79,99.0113,99.44,506953
2023-05-11 14:30:00,99.45,109.61,99.42,99.9122,659044
2023-05-11 15:30:00,99.9,99.9315,99.375,99.87,783939
2023-05-12 09:30:00,100.39,100.96,99.76,100.02,678181
2023-05-12 10:30:00,100.0,100.57,99.7,99.82,734867
2023-05-12 11:30:00,99.825,99.8271,98.7306,98.9,423221
2023-05-12 12:30:00,98.87,100.04,98.84,99.27,481792
2023-05-12 13:30:00,99.27,106.3,98.7,99.07,657709
2023-05-12 14:30:00,99.05,106.3,98.9984,99.2399,672665
2023-05-12 15:30:00,99.23,99.45,99.09,99.41,613930
2023-05-15 09:30:00,99.33,99.91,98.45,99.07,614542
2023-05-15 10:30:00,99.07,99.84,98.97,99.16,677678
2023-05-15 11:30:00,99.155,99.6599,99.15,99.6155,654021
2023-05-15 12:30:00,99.64,100.45,98.8,99.56,390771
2023-05-15 13:30:00,99.575,99.7657,99.24,99.55,361207
2023-05-15 14:30:00,99.55,99.84,99.5428,99.75,319270
2023-05-15 15:30:00,99.75,100.4,99.7,100.29,1308367
2023-05-16 09:30:00,99.99,100.58,98.72,99.0,997738
2023-05-16 10:30:00,98.99,99.055,97.42,97.82,896160
2023-05-16 11:30:00,97.83,99.24,97.69,97.9075,417527
2023-05-16 12:30:00,97.91,108.5767,97.765,98.33,346571
2023-05-16 13:30:00,98.351,100.29,98.18,98.4328,498535
2023-05-16 14:30:00,98.44,98.49,98.0,98.2183,388825
2023-05-16 15:30:00,98.235,98.32,97.78,98.07,643602
2023-05-17 09:30:00,99.63,99.82,98.775,99.48,669996
2023-05-17 10:30:00,99.485,99.62,98.54,99.59,473823
2023-05-17 11:30:00,99.57,100.02,99.41,99.9806,367905
2023-05-17 12:30:00,100.03,100.901,99.9386,100.901,402192
2023-05-17 13:30:00,100.8501,101.46,100.8178,101.095,656406
2023-05-17 14:30:00,101.1139,101.17,100.76,100.849,459744
2023-05-17 15:30:00,100.8329,100.885,100.59,100.73,707209
2023-05-18 09:30:00,100.47,100.78,99.26,100.0318,725842
2023-05-18 10:30:00,100.04,100.73,99.955,100.22,570340
2023-05-18 11:30:00,100.24,100.47,99.47,99.66,590653
2023-05-18 12:30:00,99.66,100.43,99.43,99.44,601425
2023-05-18 13:30:00,99.435,100.7143,99.25,99.85,487539
2023-05-18 14:30:00,99.84,100.45,99.79,100.41,875045
2023-05-18 15:30:00,100.42,100.85,100.36,100.73,670318
2023-07-31 09:30:00,117.27,118.21,116.74,117.61,630482
2023-07-31 10:30:00,117.61,118.25,117.41,117.83,371793
2023-07-31 11:30:00,117.83,118.2,117.75,118.0525,384787
2023-07-31 12:30:00,118.07,118.1188,117.675,117.7905,282250
2023-07-31 13:30:00,117.79,118.12,117.78,117.9681,252857
2023-07-31 14:30:00,118.0,118.026316,117.5,117.55,543418
2023-07-31 15:30:00,117.55,117.74,117.28,117.74,790339
2023-08-01 09:30:00,117.145,117.83,116.5,116.64,453381
2023-08-01 10:30:00,116.67,117.62,116.19,116.7612,417856
2023-08-01 11:30:00,116.78,117.48,116.67,117.18,534338
2023-08-01 12:30:00,117.17,117.59,117.14,117.55,279194
2023-08-01 13:30:00,117.55,117.85,117.3,117.67,336599
2023-08-01 14:30:00,117.66,117.6679,117.35,117.54,394200
2023-08-01 15:30:00,117.54,117.59,117.29,117.4,388322
2023-08-02 09:30:00,116.61,117.47,115.81,116.99,625275
2023-08-02 10:30:00,116.99,117.55,114.91,115.5189,708916
2023-08-02 11:30:00,115.51,116.32,115.13,115.26,437917
2023-08-02 12:30:00,115.25,115.62,115.135,115.6,364029
2023-08-02 13:30:00,115.62,115.8897,115.48,115.83,314328
2023-08-02 14:30:00,115.825,115.93,115.58,115.66,402702
2023-08-02 15:30:00,115.64,115.9913,115.33,115.52,938100
2023-08-03 09:30:00,114.46,115.06,113.01,114.625,1558223
2023-08-03 10:30:00,114.635,116.17,114.51,115.94,958779
2023-08-03 11:30:00,115.9,117.29,114.46,116.7219,775606
2023-08-03 12:30:00,116.67,116.97,111.69,116.67,561698
2023-08-03 13:30:00,116.6944,116.93,115.96,116.05,708648
2023-08-03 14:30:00,116.055,116.11,115.27,115.377,736030
2023-08-03 15:30:00,115.34,115.57,114.94,114.97,1178370
2023-08-04 09:30:00,115.51,116.685,114.0516,115.2,1280075
2023-08-04 10:30:00,115.2,115.9499,114.98,115.6499,837305
2023-08-04 11:30:00,115.6268,116.0,114.49,115.44,571268
2023-08-04 12:30:00,115.47,115.57,114.88,115.0435,625159
2023-08-04 13:30:00,115.0,115.2,114.17,114.405,875195
2023-08-04 14:30:00,114.38,114.46,113.71,114.04,793911
2023-08-04 15:30:00,114.04,114.19,113.58,113.73,1054366
2023-08-07 09:30:00,114.2,114.6,113.25,114.38,649465
2023-08-07 10:30:00,114.39,114.55,113.95,114.3,417334
2023-08-07 11:30:00,114.28,114.5,113.97,114.1,318470
2023-08-07 12:30:00,114.0901,114.54,113.88,114.445,281442
2023-08-07 13:30:00,114.45,114.59,113.71,113.85,286688
2023-08-07 14:30:00,113.87,114.08,113.81,113.93,315156
2023-08-07 15:30:00,113.93,114.52,113.88,114.48,623241
2023-08-08 09:30:00,112.51,113.74,111.3,113.7378,863168
2023-08-08 10:30:00,113.71,114.34,113.44,114.22,360951
2023-08-08 11:30:00,114.21,114.74,114.184,114.6074,279393
2023-08-08 12:30:00,114.63,115.16,113.41,115.12,441981
2023-08-08 13:30:00,115.13,115.55,114.94,115.54,580014
2023-08-08 14:30:00,115.55,115.81,115.33,115.57,490483
2023-08-08 15:30:00,115.57,115.73,115.34,115.6,568782
2023-08-09 09:30:00,116.645,118.72,116.4,118.53,927517
2023-08-09 10:30:00,118.51,118.85,117.35,117.54,911960
2023-08-09 11:30:00,117.51,118.1,116.39,116.5557,624701
2023-08-09 12:30:00,116.57,117.28,116.43,117.1076,408838
2023-08-09 13:30:00,117.09,117.55,117.06,117.46,297896
2023-08-09 14:30:00,117.47,117.59,117.28,117.43,376062
2023-08-09 15:30:00,117.43,117.52,116.29,116.46,673473
2023-08-10 09:30:00,116.29,117.59,116.04,117.325,459085
2023-08-10 10:30:00,117.32,117.3597,116.35,116.74,491944
2023-08-10 11:30:00,116.75,117.36,116.2675,116.35,378578
2023-08-10 12:30:00,116.348,116.65,115.5569,115.81,259033
2023-08-10 13:30:00,115.79,116.06,115.16,115.8912,354778
2023-08-10 14:30:00,115.905,116.215,115.71,115.98,468737
2023-08-10 15:30:00,115.9775,116.05,115.74,115.82,552831
2023-08-11 09:30:00,115.99,117.034483,115.47,116.87,570597
2023-08-11 10:30:00,116.88,117.75,116.85,117.67,615415
2023-08-11 11:30:00,117.6587,118.01,117.52,117.88,448174
2023-08-11 12:30:00,117.87,118.026,117.37,117.52,286453
2023-08-11 13:30:00,117.5415,117.97,117.35,117.83,371732
2023-08-11 14:30:00,117.83,118.06,117.65,117.89,450035
2023-08-11 15:30:00,117.89,117.9684,117.545,117.83,525017
2023-08-14 09:30:00,117.15,117.64,116.3,117.16,579580
2023-08-14 10:30:00,117.17,117.47,116.92,117.39,821049
2023-08-14 11:30:00,117.42,117.64,117.22,117.35,336146
2023-08-14 12:30:00,117.3499,117.57,116.98,117.215,376776
2023-08-14 13:30:00,117.22,117.37,113.71,117.235,527269
2023-08-14 14:30:00,117.23,117.44,117.15,117.35,459592
2023-08-14 15:30:00,117.345,117.79,117.33,117.69,676720
2023-08-15 09:30:00,116.535,116.94,115.305,115.63,1013627
2023-08-15 10:30:00,115.61,116.43,115.44,116.2,633025
2023-08-15 11:30:00,116.24,116.35,115.41,115.555,329723
2023-08-15 12:30:00,115.57,115.66,114.96,115.61,292137
2023-08-15 13:30:00,115.6,117.69,115.38,115.72,343278
2023-08-15 14:30:00,115.84,116.0599,115.23,115.29,317905
2023-08-15 15:30:00,115.28,115.72,115.1025,115.51,593693
2023-08-16 09:30:00,115.63,116.92,115.63,115.75,487770
2023-08-16 10:30:00,115.725,116.6,115.5,116.39,573311
2023-08-16 11:30:00,116.395,116.56,115.795,115.9253,293163
2023-08-16 12:30:00,115.93,116.04,115.2,115.2719,345953
2023-08-16 13:30:00,115.27,115.795,115.17,115.53,310178
2023-08-16 14:30:00,115.54,115.76,114.65,114.9131,490172
2023-08-16 15:30:00,114.9,115.04,114.56,114.65,669218
2023-08-17 09:30:00,116.23,117.8,115.4,117.67,654220
2023-08-17 10:30:00,117.675,117.8781,117.17,117.45,649267
2023-08-17 11:30:00,117.47,117.6487,116.86,117.41,294405
2023-08-17 12:30:00,117.415,117.6288,117.15,117.18,240718
2023-08-17 13:30:00,117.1886,117.3,116.58,116.88,268097
2023-08-17 14:30:00,116.88,116.88,116.21,116.4705,345890
2023-08-17 15:30:00,116.61,117.13,116.42,116.68,833468
2023-10-30 09:30:00,117.78,118.52,116.78,116.995,814635
2023-10-30 10:30:00,116.98,117.08,116.51,116.8,702569
2023-10-30 11:30:00,116.79,117.07,116.58,116.86,494876
2023-10-30 12:30:00,116.8572,117.1064,116.66,117.03,643899
2023-10-30 13:30:00,117.0421,117.8,116.77,116.99,521541
2023-10-30 14:30:00,117.0,121.34,116.8765,117.6634,650884
2023-10-30 15:30:00,117.63,118.21,117.63,118.14,1013496
2023-10-31 09:30:00,118.3,118.71,116.49,117.86,793550
2023-10-31 10:30:00,117.85,118.19,117.46,117.87,425877
2023-10-31 11:30:00,117.88,118.325,117.7943,118.27,352400
2023-10-31 12:30:00,118.25,118.6,118.07,118.38,368798
2023-10-31 13:30:00,118.39,118.7,118.1,118.1328,432957
2023-10-31 14:30:00,118.14,118.57,117.94,118.555,371532
2023-10-31 15:30:00,118.56,118.99,118.49,118.82,805559
2023-11-01 09:30:00,119.48,119.73,118.31,119.38,609175
2023-11-01 10:30:00,119.3304,119.7703,118.7187,118.7187,696665
2023-11-01 11:30:00,118.71,118.84,118.18,118.19,508335
2023-11-01 12:30:00,118.18,118.3235,117.415,117.69,770681
2023-11-01 13:30:00,117.69,117.86,117.25,117.3703,893768
2023-11-01 14:30:00,117.36,117.66,116.81,117.255,1639544
2023-11-01 15:30:00,117.255,117.43,116.49,116.74,1937596
2023-11-02 09:30:00,118.48,121.38,117.3505,120.675,1475432
2023-11-02 10:30:00,120.66,121.64,120.26,121.4935,1012556
2023-11-02 11:30:00,121.49,122.67,120.49,122.3,1005081
2023-11-02 12:30:00,122.31,122.9,121.99,122.7199,925572
2023-11-02 13:30:00,122.705,123.25,116.67,122.79,957794
2023-11-02 14:30:00,122.78,122.85,121.86,122.0,781255
2023-11-02 15:30:00,122.0,122.4,121.77,122.015,1733354
2023-11-03 09:30:00,121.845,121.89,120.38,120.74,844035
2023-11-03 10:30:00,120.72,120.9759,119.9,120.33,648763
2023-11-03 11:30:00,120.35,121.34,119.95,120.4,792641
2023-11-03 12:30:00,120.39,120.41,119.735,119.8245,665368
2023-11-03 13:30:00,119.84,120.05,119.35,119.67,436412
2023-11-03 14:30:00,119.66,120.03,119.4752,119.89,596352
2023-11-03 15:30:00,119.89,120.1075,119.67,119.74,1087982
2023-11-06 09:30:00,120.24,120.56,118.65,119.52,718504
2023-11-06 10:30:00,119.526,119.67,119.01,119.47,455724
2023-11-06 11:30:00,119.46,119.605,119.11,119.15,356865
2023-11-06 12:30:00,119.155,119.2886,118.58,118.75,286279
2023-11-06 13:30:00,118.755,118.78,118.19,118.59,362261
2023-11-06 14:30:00,118.595,118.79,118.5101,118.64,381024
2023-11-06 15:30:00,118.64,118.91,118.4,118.48,682321
2023-11-07 09:30:00,116.75,117.1,114.68,114.94,1023122
2023-11-07 10:30:00,114.95,115.24,114.48,114.49,554916
2023-11-07 11:30:00,114.5,115.22,114.32,114.7071,544051
2023-11-07 12:30:00,114.7,115.11,114.46,115.04,445446
2023-11-07 13:30:00,115.04,118.47,114.85,115.3132,524357
2023-11-07 14:30:00,115.33,115.44,114.605,115.1522,576548
2023-11-07 15:30:00,115.15,115.41,115.04,115.25,959867
2023-11-08 09:30:00,115.2,115.62,114.37,114.69,1029249
2023-11-08 10:30:00,114.68,115.46,114.66,115.14,782840
2023-11-08 11:30:00,115.26,115.42,114.48,114.545,583050
2023-11-08 12:30:00,114.53,114.6282,113.96,114.19,521900
2023-11-08 13:30:00,114.19,115.25,114.1301,114.3791,541460
2023-11-08 14:30:00,114.38,114.6,114.14,114.49,571799
2023-11-08 15:30:00,114.485,114.73,114.37,114.44,916335
2023-11-09 09:30:00,115.75,116.07,114.42,114.91,605571
2023-11-09 10:30:00,114.9069,115.46,114.45,114.78,479902
2023-11-09 11:30:00,114.76,118.47,114.23,114.74,357727
2023-11-09 12:30:00,114.75,116.41,114.47,114.82,557482
2023-11-09 13:30:00,114.8,114.9101,114.44,114.5794,433575
2023-11-09 14:30:00,114.49,114.5785,114.09,114.34,463718
2023-11-09 15:30:00,114.325,114.41,114.05,114.15,711195
2023-11-10 09:30:00,115.24,115.9,114.85,115.3097,580963
2023-11-10 10:30:00,115.3,115.4372,114.59,115.06,508317
2023-11-10 11:30:00,115.06,115.34,114.94,115.1275,302670
2023-11-10 12:30:00,115.14,116.07,115.13,115.915,467528
2023-11-10 13:30:00,115.9586,116.21,114.15,115.975,373749
2023-11-10 14:30:00,115.97,116.02,115.632,115.84,488760
2023-11-10 15:30:00,115.84,115.87,115.5,115.66,1003832
2023-11-13 09:30:00,115.32,115.92,114.84,115.5733,517340
2023-11-13 10:30:00,115.56,115.6483,115.21,115.4,318917
2023-11-13 11:30:00,115.42,115.58,115.06,115.32,272108
2023-11-13 12:30:00,115.33,115.55,115.05,115.16,261734
2023-11-13 13:30:00,115.16,115.55,115.07,115.31,230753
2023-11-13 14:30:00,115.32,115.56,115.23,115.37,339949
2023-11-13 15:30:00,115.38,115.45,115.22,115.37,625779
2023-11-14 09:30:00,116.0,116.42,115.44,116.3979,769817
2023-11-14 10:30:00,116.4,116.82,116.09,116.2634,504257
2023-11-14 11:30:00,116.27,116.48,115.7,115.82,480501
2023-11-14 12:30:00,115.822,115.99,115.41,115.62,459017
2023-11-14 13:30:00,115.62,115.9183,115.33,115.57,645366
2023-11-14 14:30:00,115.57,115.85,115.51,115.65,646556
2023-11-14 15:30:00,115.645,115.73,115.355,115.58,857999
2023-11-15 09:30:00,115.175,116.21,114.86,116.0531,693398
2023-11-15 10:30:00,116.04,116.67,116.01,116.3,500815
2023-11-15 11:30:00,116.28,116.6692,115.25,116.4089,388374
2023-11-15 12:30:00,116.4,116.52,116.17,116.27,538927
2023-11-15 13:30:00,116.28,116.35,115.74,115.75,553914
2023-11-15 14:30:00,115.75,115.9899,115.2,115.3542,463607
2023-11-15 15:30:00,115.36,115.405,114.88,115.03,834123
2023-11-16 09:30:00,113.7,113.78,111.04,111.77,1404412
2023-11-16 10:30:00,111.76,111.82,111.19,111.31,652576
2023-11-16 11:30:00,111.3,113.42,109.98,110.44,677487
2023-11-16 12:30:00,110.44,110.87,110.17,110.3886,528352
2023-11-16 13:30:00,110.39,111.15,110.26,111.12,550014
2023-11-16 14:30:00,111.13,111.95,110.98,111.88,787693
2023-11-16 15:30:00,111.89,112.07,111.67,111.98,1116627
2024-02-05 09:30:00,110.25,110.4,109.29,109.38,771234
2024-02-05 10:30:00,109.38,110.06,109.29,109.91,469665
2024-02-05 11:30:00,109.92,110.41,109.84,110.29,424383
2024-02-05 12:30:00,110.29,110.84,110.2668,110.68,446207
2024-02-05 13:30:00,110.67,110.86,110.42,110.49,475201
2024-02-05 14:30:00,110.49,110.83,110.32,110.495,434036
2024-02-05 15:30:00,110.5,110.6,109.92,109.98,750529
2024-02-06 09:30:00,110.88,111.37,110.16,111.36,740510
2024-02-06 10:30:00,111.35,111.6557,111.0,111.1909,428198
2024-02-06 11:30:00,111.19,112.45,111.1688,111.91,749671
2024-02-06 12:30:00,111.91,112.18,111.51,111.76,526800
2024-02-06 13:30:00,111.76,112.06,111.575,111.7917,522055
2024-02-06 14:30:00,111.8,111.84,111.4,111.49,509886
2024-02-06 15:30:00,111.48,111.62,111.33,111.54,618300
2024-02-07 09:30:00,111.83,112.94,111.45,111.84,1137783
2024-02-07 10:30:00,111.84,112.21,111.66,112.005,690136
2024-02-07 11:30:00,112.005,112.17,111.73,111.84,560580
2024-02-07 12:30:00,111.8568,112.85,111.61,112.36,544140
2024-02-07 13:30:00,112.35,112.65,112.15,112.4989,512421
2024-02-07 14:30:00,112.51,112.75,112.17,112.4883,762453
2024-02-07 15:30:00,112.49,112.97,112.23,112.31,1052934
2024-02-08 09:30:00,113.0,114.74,112.55,113.55,1454332
2024-02-08 10:30:00,113.55,115.29,113.49,114.1,1300987
2024-02-08 11:30:00,114.13,114.74,113.56,114.26,868858
2024-02-08 12:30:00,114.28,114.61,113.22,113.33,833873
2024-02-08 13:30:00,113.32,113.98,113.3,113.98,560324
2024-02-08 14:30:00,113.98,114.75,113.7901,114.46,708727
2024-02-08 15:30:00,114.47,114.65,113.81,113.85,1131002
2024-02-09 09:30:00,114.55,114.55,112.645,113.1163,981006
2024-02-09 10:30:00,113.16,113.3,107.57,111.69,825333
2024-02-09 11:30:00,111.7,112.02,111.42,111.9912,506857
2024-02-09 12:30:00,112.0,112.04,111.0201,111.5599,534189
2024-02-09 13:30:00,111.56,111.67,111.22,111.385,593761
2024-02-09 14:30:00,111.39,111.6,111.0838,111.545,684554
2024-02-09 15:30:00,111.545,116.49,111.02,111.16,988809
2024-02-12 09:30:00,111.27,112.16,110.77,111.1954,1243337
2024-02-12 10:30:00,111.32,111.48,110.52,110.805,861165
2024-02-12 11:30:00,110.79,111.32,110.74,111.1,549918
2024-02-12 12:30:00,111.1,111.32,110.96,111.1111,378779
2024-02-12 13:30:00,111.11,111.45,111.1,111.31,554627
2024-02-12 14:30:00,111.29,111.365,111.03,111.08,619864
2024-02-12 15:30:00,111.0936,111.2399,110.97,111.09,771315
2024-02-13 09:30:00,110.5,111.97,110.06,110.1492,1580848
2024-02-13 10:30:00,110.13,110.75,109.91,110.5998,932946
2024-02-13 11:30:00,110.59,111.08,110.55,110.7979,444005
2024-02-13 12:30:00,110.78,111.2,110.5,110.66,300939
2024-02-13 13:30:00,110.65,110.65,109.56,109.58,458129
2024-02-13 14:30:00,109.58,109.6343,108.84,109.11,785445
2024-02-13 15:30:00,109.125,109.85,109.05,109.74,1136775
2024-02-14 09:30:00,110.2,111.04,109.57,110.4,976344
2024-02-14 10:30:00,110.39,110.65,109.506,110.375,685995
2024-02-14 11:30:00,110.36,113.9,108.1419,110.41,785094
2024-02-14 12:30:00,110.42,111.7976,110.2,110.41,526064
2024-02-14 13:30:00,110.4,110.6555,110.13,110.46,591082
2024-02-14 14:30:00,110.46,110.62,110.09,110.27,676088
2024-02-14 15:30:00,110.28,110.41,110.07,110.13,1183363
2024-02-15 09:30:00,109.38,110.79,108.82,110.68,1252700
2024-02-15 10:30:00,110.65,116.49,110.52,110.74,885061
2024-02-15 11:30:00,110.74,111.46,110.22,111.0587,1034444
2024-02-15 12:30:00,111.07,111.21,110.73,111.15,731669
2024-02-15 13:30:00,111.155,111.47,110.93,111.37,835850
2024-02-15 14:30:00,111.3876,111.71,111.19,111.35,1175718
2024-02-15 15:30:00,111.35,111.36,110.88,111.01,1683270
2024-02-16 09:30:00,111.4,111.75,110.71,111.2963,1020971
2024-02-16 10:30:00,111.295,111.43,110.94,111.28,756643
2024-02-16 11:30:00,111.285,112.16,110.99,111.47,594413
2024-02-16 12:30:00,111.465,112.37,111.13,111.38,641332
2024-02-16 13:30:00,111.39,111.55,111.23,111.53,557457
2024-02-16 14:30:00,111.52,111.57,110.95,111.1002,684314
2024-02-16 15:30:00,111.12,111.15,110.39,110.58,1409018
2024-02-20 09:30:00,110.545,111.63,110.06,111.45,998300
2024-02-20 10:30:00,111.44,111.5,110.23,110.5299,737563
2024-02-20 11:30:00,110.57,111.0,110.48,110.8282,535647
2024-02-20 12:30:00,110.83,110.91,109.86,110.1228,688247
2024-02-20 13:30:00,110.12,110.1286,109.6333,109.92,609998
2024-02-20 14:30:00,109.91,110.27,109.84,110.045,563133
2024-02-20 15:30:00,110.045,110.07,109.36,109.565,1110489
2024-02-21 09:30:00,109.715,111.98,109.7,111.9662,1065992
2024-02-21 10:30:00,111.98,113.67,111.77,113.324,969995
2024-02-21 11:30:00,113.33,113.46,112.78,113.135,788102
2024-02-21 12:30:00,113.14,113.505,112.91,113.27,664455
2024-02-21 13:30:00,113.27,113.411,110.2731,112.695,674374
2024-02-21 14:30:00,112.69,112.79,111.43,112.02,730970
2024-02-21 15:30:00,112.02,112.9,111.9807,112.88,1105658
2024-02-22 09:30:00,112.415,112.49,111.34,111.44,1014058
2024-02-22 10:30:00,111.4648,112.31,111.31,112.0158,602236
2024-02-22 11:30:00,112.02,112.21,111.67,111.87,412526
2024-02-22 12:30:00,111.88,112.45,111.73,112.352,359884
2024-02-22 13:30:00,112.36,116.07,112.14,112.85,428556
2024-02-22 14:30:00,112.8595,112.8675,112.1,112.26,708313
2024-02-22 15:30:00,112.25,112.3,111.94,112.22,811596
2024-04-29 09:30:00,129.95,130.26,129.2,129.97,669468
2024-04-29 10:30:00,129.973,130.0354,128.8,129.6601,461456
2024-04-29 11:30:00,129.63,130.39,129.58,130.29,276073
2024-04-29 12:30:00,130.29,130.45,130.06,130.2359,204396
2024-04-29 13:30:00,130.23,130.3,129.85,129.99,240365
2024-04-29 14:30:00,129.98,130.03,129.56,129.81,379998
2024-04-29 15:30:00,129.809,130.27,129.7829,130.23,677624
2024-04-30 09:30:00,129.81,130.12,128.11,128.52,601629
2024-04-30 10:30:00,128.5,128.53,127.82,128.01,442424
2024-04-30 11:30:00,127.9805,129.88,127.0104,127.03,633801
2024-04-30 12:30:00,127.025,127.1184,126.1402,126.68,541828
2024-04-30 13:30:00,126.6366,127.53,126.56,127.3824,423176
2024-04-30 14:30:00,127.2944,129.1916,126.74,126.83,434778
2024-04-30 15:30:00,126.84,126.95,125.37,125.62,1226841
2024-05-01 09:30:00,125.5,129.53,124.6,125.21,673235
2024-05-01 10:30:00,125.19,125.25,123.9,124.185,680433
2024-05-01 11:30:00,124.185,124.485,123.8597,124.1671,449594
2024-05-01 12:30:00,124.155,124.36,123.93,124.11,387011
2024-05-01 13:30:00,124.11,124.4015,123.41,124.4015,395997
2024-05-01 14:30:00,124.385,125.1579,123.9501,124.54,535769
2024-05-01 15:30:00,124.54,125.09,123.83,124.33,1279961
2024-05-02 09:30:00,124.995,125.535,122.55,122.8877,1246699
2024-05-02 10:30:00,122.84,123.9475,122.34,122.405,840411
2024-05-02 11:30:00,122.4,123.0655,121.65,122.3,717087
2024-05-02 12:30:00,122.3,123.28,121.94,123.1608,619911
2024-05-02 13:30:00,123.15,123.1696,122.36,122.4817,879802
2024-05-02 14:30:00,122.46,122.81,122.31,122.475,663382
2024-05-02 15:30:00,122.47,122.625,122.055,122.26,1141620
2024-05-03 09:30:00,122.47,122.8099,121.08,121.3553,655600
2024-05-03 10:30:00,121.35,122.035,120.87,121.2202,502327
2024-05-03 11:30:00,121.25,122.11,121.215,121.9,420472
2024-05-03 12:30:00,121.9346,132.8,121.7791,121.78,365829
2024-05-03 13:30:00,121.775,121.8499,121.47,121.52,494856
2024-05-03 14:30:00,121.53,122.505,121.095,121.41,888132
2024-05-03 15:30:00,121.41,122.28,121.381,122.26,1187326
2024-05-06 09:30:00,123.08,124.99,122.95,124.9,608315
2024-05-06 10:30:00,124.9,125.08,124.64,124.84,712749
2024-05-06 11:30:00,124.8528,125.215,124.6,125.1,433713
2024-05-06 12:30:00,125.11,125.14,123.7,123.751,460366
2024-05-06 13:30:00,123.84,123.9098,123.61,123.785,388693
2024-05-06 14:30:00,123.79,124.097,123.54,123.55,483900
2024-05-06 15:30:00,123.54,123.72,123.475,123.56,766874
2024-05-07 09:30:00,123.66,124.775,123.55,124.47,436540
2024-05-07 10:30:00,124.47,127.79,124.22,124.6449,311667
2024-05-07 11:30:00,124.65,124.94,124.39,124.7,240489
2024-05-07 12:30:00,124.69,124.74,124.43,124.6,381812
2024-05-07 13:30:00,124.5455,124.66,123.79,123.92,449838
2024-05-07 14:30:00,123.93,129.985,123.2,123.22,605249
2024-05-07 15:30:00,123.215,123.82,123.07,123.52,921877
2024-05-08 09:30:00,123.14,123.78,122.7,123.43,658617
2024-05-08 10:30:00,123.45,123.94,123.41,123.8844,289975
2024-05-08 11:30:00,123.87,123.97,123.1,123.205,274620
2024-05-08 12:30:00,123.22,123.38,123.005,123.31,253222
2024-05-08 13:30:00,123.29,125.62,123.05,123.0803,287702
2024-05-08 14:30:00,123.11,123.75,123.11,123.455,588807
2024-05-08 15:30:00,123.455,123.565,122.91,123.06,778246
2024-05-09 09:30:00,122.955,124.23,122.635,124.07,639838
2024-05-09 10:30:00,124.06,124.23,123.65,123.78,356847
2024-05-09 11:30:00,123.77,124.01,123.64,123.7102,310657
2024-05-09 12:30:00,123.69,123.88,123.58,123.84,264825
2024-05-09 13:30:00,123.84,123.93,123.48,123.58,419289
2024-05-09 14:30:00,123.6028,123.82,123.47,123.5012,597823
2024-05-09 15:30:00,123.47,123.73,123.21,123.41,1106084
2024-05-10 09:30:00,122.945,123.98,122.37,122.64,623982
2024-05-10 10:30:00,122.64,123.51,122.46,122.88,382801
2024-05-10 11:30:00,122.865,123.5246,122.24,122.32,276149
2024-05-10 12:30:00,122.315,122.36,122.13,122.1967,227346
2024-05-10 13:30:00,122.23,126.5093,121.88,121.88,415060
2024-05-10 14:30:00,121.87,130.22,121.561,121.9099,811324
2024-05-10 15:30:00,121.9199,122.18,121.79,121.88,820603
2024-05-13 09:30:00,121.87,122.47,121.771,122.125,548643
2024-05-13 10:30:00,122.11,122.56,121.66,121.69,605105
2024-05-13 11:30:00,121.6933,122.0599,121.6,121.9,386350
2024-05-13 12:30:00,121.91,121.91,121.38,121.5,351124
2024-05-13 13:30:00,121.5,121.74,121.27,121.685,474972
2024-05-13 14:30:00,121.69,121.95,121.54,121.6081,698157
2024-05-13 15:30:00,121.61,123.04,121.395,121.55,1221566
2024-05-14 09:30:00,121.53,122.18,120.6,120.8899,636496
2024-05-14 10:30:00,120.87,121.22,120.56,121.19,393563
2024-05-14 11:30:00,121.19,121.4,120.41,120.5,459709
2024-05-14 12:30:00,120.51,124.34,120.4677,121.1946,282666
2024-05-14 13:30:00,121.18,121.22,120.8,120.9598,316278
2024-05-14 14:30:00,111.99,121.19,111.99,121.0999,517954
2024-05-14 15:30:00,121.095,121.32,120.89,121.04,1078232
2024-05-15 09:30:00,120.5,121.23,118.65,119.4701,709293
2024-05-15 10:30:00,119.47,121.4,119.03,121.32,833637
2024-05-15 11:30:00,121.33,121.66,121.14,121.3795,592046
2024-05-15 12:30:00,121.3794,121.9094,121.31,121.6549,361950
2024-05-15 13:30:00,121.65,121.6538,121.165,121.1916,366825
2024-05-15 14:30:00,121.18,121.31,120.79,120.86,566386
2024-05-15 15:30:00,120.9,121.1,120.56,120.74,1150138
2024-05-16 09:30:00,120.11,121.39,120.01,121.0979,560775
2024-05-16 10:30:00,121.07,121.35,120.69,120.71,413164
2024-05-16 11:30:00,120.715,120.8392,120.31,120.3442,356846
2024-05-16 12:30:00,120.345,120.345,119.89,119.9281,385285
2024-05-16 13:30:00,119.9497,120.01,119.6,119.76,325534
2024-05-16 14:30:00,119.77,120.24,119.68,120.035,488944
2024-05-16 15:30:00,120.04,120.25,119.74,119.85,893314
2024-05-24 09:30:00,118.48,118.7471,117.68,117.79,303202
2024-05-24 10:30:00,117.76,117.86,117.42,117.48,271134
2024-05-24 11:30:00,117.5,117.8,117.45,117.69,277044
2024-05-24 12:30:00,117.695,117.7022,117.3874,117.448,286830
2024-05-24 13:30:00,117.39,124.34,111.64,116.8808,251425
2024-05-24 14:30:00,116.885,123.55,116.855,116.9602,352932
2024-05-24 15:30:00,116.97,117.28,116.95,117.25,590010
2024-05-28 09:30:00,118.14,118.83,117.73,118.26,469932
2024-05-28 10:30:00,118.24,118.83,118.03,118.79,332436
2024-05-28 11:30:00,118.7554,132.4,118.74,119.08,327262
2024-05-28 12:30:00,119.09,119.15,118.62,118.63,340860
2024-05-28 13:30:00,118.624,118.85,118.4,118.63,366365
2024-05-28 14:30:00,118.5909,118.99,118.56,118.885,345064
2024-05-28 15:30:00,118.89,119.23,118.68,118.97,752502
2024-05-29 09:30:00,117.66,120.7445,114.53,114.95,3317100
2024-05-29 10:30:00,114.95,115.7425,114.54,114.58,1616700
2024-05-29 11:30:00,114.55,115.0,114.03,114.2109,1305280
2024-05-29 12:30:00,114.17,114.89,114.07,114.635,1429163
2024-05-29 13:30:00,114.6399,114.7,113.8,114.0,1158057
2024-05-29 14:30:00,114.01,114.51,113.96,114.29,1353247
2024-05-29 15:30:00,114.295,115.51,114.26,115.26,2527335
2024-05-30 09:30:00,115.57,118.2845,114.9,115.06,2054168
2024-05-30 10:30:00,115.06,115.24,114.25,114.25,872802
2024-05-30 11:30:00,114.25,114.84,113.49,113.53,951438
2024-05-30 12:30:00,113.55,113.869,113.31,113.3493,1054037
2024-05-30 13:30:00,113.3299,121.3304,112.91,113.084,1209912
2024-05-30 14:30:00,113.15,113.89,113.0601,113.41,987627
2024-05-30 15:30:00,113.44,113.62,113.23,113.57,1848971
2024-05-31 09:30:00,113.8,115.11,113.76,114.88,1809326
2024-05-31 10:30:00,114.88,114.98,114.35,114.9,1129802
2024-05-31 11:30:00,114.92,115.92,114.76,115.87,1194553
2024-05-31 12:30:00,115.86,115.93,115.51,115.821,742659
2024-05-31 13:30:00,115.82,116.34,115.81,116.12,738057
2024-05-31 14:30:00,116.1284,116.28,115.77,115.8,980747
2024-05-31 15:30:00,115.79,116.54,115.61,116.48,1886262
2024-06-03 09:30:00,116.64,116.64,114.25,114.685,1212262
2024-06-03 10:30:00,114.685,115.55,113.58,114.775,1131614
2024-06-03 11:30:00,114.79,114.96,113.54,113.72,633241
2024-06-03 12:30:00,113.72,113.79,113.24,113.38,691867
2024-06-03 13:30:00,113.38,113.47,112.96,113.39,683430
2024-06-03 14:30:00,113.4,113.75,113.3269,113.5511,612784
2024-06-03 15:30:00,113.55,113.98,113.23,113.88,1074007
2024-06-04 09:30:00,113.08,113.08,111.299,112.655,1001587
2024-06-04 10:30:00,112.66,112.91,112.01,112.47,873790
2024-06-04 11:30:00,112.49,117.8116,111.88,112.39,627692
2024-06-04 12:30:00,112.3999,112.48,111.92,112.34,900924
2024-06-04 13:30:00,112.32,112.6099,112.03,112.33,656239
2024-06-04 14:30:00,112.325,112.3709,111.94,112.2816,849218
2024-06-04 15:30:00,112.28,112.4,112.02,112.29,1156453
2024-06-05 09:30:00,112.78,112.99,111.24,112.0,862133
2024-06-05 10:30:00,111.95,112.26,111.5,111.9192,720130
2024-06-05 11:30:00,111.94,112.25,111.87,112.17,435683
2024-06-05 12:30:00,112.16,112.45,111.96,112.09,583199
2024-06-05 13:30:00,112.085,112.17,111.84,111.8793,343717
2024-06-05 14:30:00,111.8793,112.26,111.86,112.1843,530813
2024-06-05 15:30:00,112.16,112.3,111.96,112.23,828833
2024-06-06 09:30:00,111.68,121.91,111.55,112.02,929070
2024-06-06 10:30:00,112.04,112.08,111.53,112.05,673053
2024-06-06 11:30:00,111.9802,112.13,111.79,111.88,505607
2024-06-06 12:30:00,111.89,112.07,111.59,112.01,629725
2024-06-06 13:30:00,112.0199,112.05,111.6,111.94,564296
2024-06-06 14:30:00,111.94,112.33,111.88,112.18,555507
2024-06-06 15:30:00,112.19,112.23,111.92,112.23,877064
2024-06-07 09:30:00,111.97,112.67,111.12,112.59,626508
2024-06-07 10:30:00,112.59,112.79,112.09,112.1188,486747
2024-06-07 11:30:00,112.14,112.19,111.56,111.815,360580
2024-06-07 12:30:00,111.82,112.3,111.75,112.185,384989
2024-06-07 13:30:00,112.1799,112.32,111.85,112.06,374394
2024-06-07 14:30:00,112.055,112.12,111.53,111.8,478287
2024-06-07 15:30:00,111.795,112.05,111.715,112.01,999239
2024-06-10 09:30:00,112.73,113.66,111.97,113.61,903410
2024-06-10 10:30:00,113.6,113.71,113.16,113.6799,458701
2024-06-10 11:30:00,113.68,113.8911,113.44,113.525,500867
2024-06-10 12:30:00,113.53,113.66,113.395,113.5795,292944
2024-06-10 13:30:00,113.576,113.87,113.54,113.7464,401423
2024-06-10 14:30:00,113.76,114.0,113.53,113.5401,480566
2024-06-10 15:30:00,113.54,113.5747,113.15,113.32,995165
2024-06-11 09:30:00,113.055,113.45,112.635,113.3051,673016
2024-06-11 10:30:00,113.29,113.59,112.66,113.06,448693
2024-06-11 11:30:00,113.1,113.49,112.84,112.9104,282093
2024-06-11 12:30:00,112.88,113.51,112.85,113.2,315007
2024-06-11 13:30:00,113.21,113.53,113.1607,113.4336,271511
2024-06-11 14:30:00,113.44,113.51,113.29,113.31,341658
2024-06-11 15:30:00,113.31,113.65,113.27,113.65,710405
2024-06-12 09:30:00,114.615,114.97,113.27,113.7501,787126
2024-06-12 10:30:00,113.76,113.76,111.64,111.73,942111
2024-06-12 11:30:00,111.748,112.33,111.56,112.21,783067
2024-06-12 12:30:00,112.1901,112.48,111.85,112.05,2340687
2024-06-12 13:30:00,112.045,112.29,111.64,112.185,669136
2024-06-12 14:30:00,112.2,112.3725,111.76,111.85,771628
2024-06-12 15:30:00,111.86,112.41,111.83,112.19,964665
2024-07-29 09:30:00,111.25,111.37,109.0701,109.09,677758
2024-07-29 10:30:00,109.08,109.2243,108.375,108.8233,719918
2024-07-29 11:30:00,108.83,108.94,108.45,108.675,383060
2024-07-29 12:30:00,108.7,108.78,108.37,108.5718,349679
2024-07-29 13:30:00,108.505,109.0294,108.4055,108.92,337151
2024-07-29 14:30:00,108.91,108.99,108.53,108.7,453892
2024-07-29 15:30:00,108.69,109.22,108.61,109.14,735247
2024-07-30 09:30:00,109.17,110.27,109.08,109.8555,730989
2024-07-30 10:30:00,109.86,110.07,109.42,109.425,722768
2024-07-30 11:30:00,109.43,109.59,108.94,109.22,915410
2024-07-30 12:30:00,109.23,109.67,109.06,109.2718,1322958
2024-07-30 13:30:00,109.3,109.6,109.11,109.145,1288281
2024-07-30 14:30:00,109.1446,111.455,109.0001,109.4501,1432685
2024-07-30 15:30:00,109.465,110.13,109.37,109.91,1450514
2024-07-31 09:30:00,111.46,112.4,111.14,111.94,854637
2024-07-31 10:30:00,111.93,112.01,111.34,111.7,549707
2024-07-31 11:30:00,111.71,111.9399,111.37,111.6,771846
2024-07-31 12:30:00,111.59,111.9388,111.1603,111.27,508043
2024-07-31 13:30:00,111.27,111.75,111.14,111.32,849404
2024-07-31 14:30:00,111.32,111.77,111.24,111.51,1292313
2024-07-31 15:30:00,111.52,111.835,111.1,111.22,1261711
2024-08-01 09:30:00,112.71,112.71,108.86,109.425,1571012
2024-08-01 10:30:00,109.425,109.93,108.8,109.065,840718
2024-08-01 11:30:00,109.065,109.47,108.62,109.4247,681514
2024-08-01 12:30:00,109.425,109.425,108.65,108.78,802709
2024-08-01 13:30:00,108.8466,108.99,108.12,108.1526,1290352
2024-08-01 14:30:00,108.14,108.49,107.92,108.4619,1659478
2024-08-01 15:30:00,108.47,109.09,108.23,108.37,1550559
2024-08-02 09:30:00,107.72,108.08,106.08,106.08,1361292
2024-08-02 10:30:00,106.06,106.2717,104.71,104.99,716806
2024-08-02 11:30:00,104.98,105.35,104.64,104.97,691988
2024-08-02 12:30:00,104.97,114.7287,104.25,104.34,540644
2024-08-02 13:30:00,104.355,104.67,103.98,104.549,768858
2024-08-02 14:30:00,104.55,116.937,104.48,105.42,868159
2024-08-02 15:30:00,105.41,105.88,105.0,105.74,1262636
2024-08-05 09:30:00,104.56,104.56,102.24,103.31,1843101
2024-08-05 10:30:00,103.31,103.9,103.09,103.49,1216129
2024-08-05 11:30:00,103.52,105.31,103.3984,105.15,673142
2024-08-05 12:30:00,105.125,105.19,104.33,104.87,651756
2024-08-05 13:30:00,104.84,105.16,104.51,104.93,632058
2024-08-05 14:30:00,104.93,105.16,104.7201,104.82,737785
2024-08-05 15:30:00,104.82,104.9026,104.24,104.61,1087419
2024-08-06 09:30:00,104.57,105.9,104.0101,105.28,1450255
2024-08-06 10:30:00,105.3,111.24,105.02,105.08,1050139
2024-08-06 11:30:00,105.065,105.97,105.065,105.76,728478
2024-08-06 12:30:00,105.75,105.93,105.5,105.88,672066
2024-08-06 13:30:00,105.88,106.13,105.49,106.08,784165
2024-08-06 14:30:00,106.09,106.45,105.67,106.274,983658
2024-08-06 15:30:00,106.25,106.36,105.73,105.77,1383530
2024-08-07 09:30:00,107.25,108.13,106.44,107.06,924770
2024-08-07 10:30:00,107.05,108.12,106.97,107.95,932097
2024-08-07 11:30:00,107.95,108.26,107.74,108.21,745189
2024-08-07 12:30:00,108.22,108.44,107.54,107.6553,600232
2024-08-07 13:30:00,107.661,107.965,106.1,107.1,418399
2024-08-07 14:30:00,107.1,107.375,106.9401,107.2177,557347
2024-08-07 15:30:00,107.225,107.52,106.825,106.95,1424502
2024-08-08 09:30:00,107.195,108.14,106.84,107.8598,717661
2024-08-08 10:30:00,107.83,108.24,107.7012,108.13,646497
2024-08-08 11:30:00,108.11,108.1466,107.54,107.74,388221
2024-08-08 12:30:00,107.73,111.1976,107.375,108.16,457223
2024-08-08 13:30:00,108.1395,108.4,107.9,108.245,508042
2024-08-08 14:30:00,108.245,108.64,108.06,108.47,597674
2024-08-08 15:30:00,108.48,108.5202,107.99,108.27,962504
2024-08-09 09:30:00,108.635,108.635,107.08,107.91,902546
2024-08-09 10:30:00,107.89,108.5,104.276,108.22,479089
2024-08-09 11:30:00,108.235,108.6,108.01,108.48,435841
2024-08-09 12:30:00,108.47,109.1,108.401,108.96,508147
2024-08-09 13:30:00,108.96,108.9799,108.23,108.5126,610020
2024-08-09 14:30:00,108.52,108.85,108.3,108.72,679227
2024-08-09 15:30:00,108.72,108.8407,108.4955,108.62,1058194
2024-08-12 09:30:00,108.5,109.58,107.9,109.19,854293
2024-08-12 10:30:00,109.195,110.0988,109.0341,109.68,765292
2024-08-12 11:30:00,109.66,109.755,109.4,109.6301,559009
2024-08-12 12:30:00,109.64,109.75,109.34,109.57,482122
2024-08-12 13:30:00,109.58,112.5569,109.46,109.785,663500
2024-08-12 14:30:00,109.78,110.2384,109.6,110.085,752541
2024-08-12 15:30:00,110.0882,110.6275,109.78,110.072,964904
2024-08-13 09:30:00,109.4,110.03,107.98,108.19,893921
2024-08-13 10:30:00,108.18,108.31,107.86,108.1485,690529
2024-08-13 11:30:00,108.14,108.52,108.01,108.02,627192
2024-08-13 12:30:00,108.0407,109.91,103.7879,108.13,531370
2024-08-13 13:30:00,108.12,108.54,108.11,108.43,447356
2024-08-13 14:30:00,108.42,108.6399,108.28,108.3597,588413
2024-08-13 15:30:00,108.35,108.545,108.14,108.33,1279187
2024-08-14 09:30:00,108.48,108.9288,108.22,108.8268,784833
2024-08-14 10:30:00,108.79,108.8401,108.31,108.64,499187
2024-08-14 11:30:00,108.65,111.489,108.56,109.21,634397
2024-08-14 12:30:00,109.2297,109.67,109.17,109.36,484547
2024-08-14 13:30:00,109.35,109.55,109.24,109.43,383136
2024-08-14 14:30:00,109.43,109.87,108.4295,109.61,505969
2024-08-14 15:30:00,109.61,109.659,109.17,109.27,1087378
2024-08-15 09:30:00,109.68,110.63,109.68,110.18,927153
2024-08-15 10:30:00,110.18,111.09,110.084,111.07,604803
2024-08-15 11:30:00,111.06,111.14,110.71,110.85,649857
2024-08-15 12:30:00,110.85,110.95,110.5,110.74,366042
2024-08-15 13:30:00,110.745,110.94,105.7191,110.88,474250
2024-08-15 14:30:00,110.88,111.0,110.685,110.9769,517638
2024-08-15 15:30:00,110.975,111.37,110.9063,111.26,1217815
2024-10-30 09:30:00,102.53,103.44,102.32,102.755,979768
2024-10-30 10:30:00,102.76,103.14,102.511,103.02,518740
2024-10-30 11:30:00,103.021013,103.19,102.82,102.87,433065
2024-10-30 12:30:00,102.87,102.97,102.57,102.78,365351
2024-10-30 13:30:00,102.79,103.38,102.59,103.05,612926
2024-10-30 14:30:00,103.04,103.1804,102.82,102.95,555874
2024-10-30 15:30:00,102.96,103.19,102.775,103.03,1155054
2024-10-31 09:30:00,107.53,108.8688,106.0001,108.1752,2288268
2024-10-31 10:30:00,108.12,108.6088,107.68,108.31,1015272
2024-10-31 11:30:00,108.2224,109.96,107.695,108.435,1683127
2024-10-31 12:30:00,108.435,109.32,108.2801,108.79,747624
2024-10-31 13:30:00,108.8036,109.69,108.41,109.67,1444520
2024-10-31 14:30:00,109.67,110.6552,109.4373,110.42,1377537
2024-10-31 15:30:00,110.42,110.65,109.475,109.54,1748488
2024-11-01 09:30:00,109.54,110.58,106.81,109.12,1340635
2024-11-01 10:30:00,109.12,109.19,101.8,107.92,812936
2024-11-01 11:30:00,107.93,108.27,107.69,107.7569,680305
2024-11-01 12:30:00,107.77,107.8631,107.28,107.36,572074
2024-11-01 13:30:00,107.38,107.4,105.16,107.18,706514
2024-11-01 14:30:00,107.19,107.86,107.1434,107.665,634857
2024-11-01 15:30:00,107.67,107.9898,107.42,107.83,1287433
2024-11-04 09:30:00,109.15,110.0688,108.69,109.84,749890
2024-11-04 10:30:00,109.82,109.94,109.26,109.27,526611
2024-11-04 11:30:00,109.2601,109.505,108.94,109.47,434043
2024-11-04 12:30:00,109.46,109.4734,108.74,109.03,358812
2024-11-04 13:30:00,109.025,109.23,108.95,109.06,328370
2024-11-04 14:30:00,109.06,109.31,108.97,109.25,536486
2024-11-04 15:30:00,109.213892,109.27,108.85,108.91,1395174
2024-11-05 09:30:00,109.0,109.62,108.665,109.4684,552765
2024-11-05 10:30:00,109.4649,109.83,109.36,109.64,585115
2024-11-05 11:30:00,109.64,110.02,109.638,109.72,533050
2024-11-05 12:30:00,109.72,109.83,109.12,109.38,396605
2024-11-05 13:30:00,109.38,109.38,108.72,108.95,702092
2024-11-05 14:30:00,108.96,109.06,108.64,108.72,447185
2024-11-05 15:30:00,108.71,109.26,108.58,109.21,932998
2024-11-06 09:30:00,112.25,113.3388,110.98,113.33,1295093
2024-11-06 10:30:00,113.33,114.23,112.83,113.64,1047610
2024-11-06 11:30:00,113.66,113.7694,113.11,113.6201,739687
2024-11-06 12:30:00,113.5615,114.21,113.44,114.13,598903
2024-11-06 13:30:00,114.12,114.37,108.86,114.31,601445
2024-11-06 14:30:00,114.3,114.88,114.1719,114.79,802843
2024-11-06 15:30:00,114.8044,114.82,113.55,113.59,1095077
2024-11-07 09:30:00,113.7,114.2,105.64,112.9,878750
2024-11-07 10:30:00,112.915,113.05,112.1,112.2471,441847
2024-11-07 11:30:00,112.2077,112.74,111.9,112.572,392598
2024-11-07 12:30:00,112.6237,112.64,112.26,112.3799,367895
2024-11-07 13:30:00,112.37,112.47,112.07,112.19,389483
2024-11-07 14:30:00,112.191,112.815,111.95,112.815,601336
2024-11-07 15:30:00,112.7104,112.99,112.37,112.39,903177
2024-11-08 09:30:00,111.17,111.49,110.61,110.7588,800023
2024-11-08 10:30:00,110.72,111.42,110.68,111.0,570700
2024-11-08 11:30:00,110.98,111.05,110.55,110.91,472724
2024-11-08 12:30:00,110.91,111.0918,106.15,110.94,453901
2024-11-08 13:30:00,110.943,111.685,110.92,111.575,527113
2024-11-08 14:30:00,111.575,112.0,111.51,111.585,448406
2024-11-08 15:30:00,111.6,111.69,111.22,111.63,643532
2024-11-11 09:30:00,111.3,112.75,110.94,112.11,489201
2024-11-11 10:30:00,112.11,112.3141,111.46,111.91,601384
2024-11-11 11:30:00,111.95,112.5,111.73,112.25,319856
2024-11-11 12:30:00,112.25,112.39,111.85,112.25,243658
2024-11-11 13:30:00,112.228588,112.52,112.026,112.4634,292296
2024-11-11 14:30:00,112.475,112.65,112.01,112.19,517497
2024-11-11 15:30:00,112.21,112.28,111.88,112.08,683653
2024-11-12 09:30:00,111.82,112.85,111.82,112.15,572175
2024-11-12 10:30:00,112.15,112.2623,111.52,111.7,533626
2024-11-12 11:30:00,111.68,111.99,111.55,111.5973,461798
2024-11-12 12:30:00,111.56,111.87,109.122215,111.28,307363
2024-11-12 13:30:00,111.27,111.412046,111.13,111.22,418172
2024-11-12 14:30:00,111.21,111.334,111.06,111.08,496451
2024-11-12 15:30:00,111.08,111.26,110.47,110.64,1058380
2024-11-13 09:30:00,110.43,110.92,109.49,110.266,819272
2024-11-13 10:30:00,110.2083,111.13,109.99,111.12,547746
2024-11-13 11:30:00,111.11,111.86,110.9646,111.5,483433
2024-11-13 12:30:00,111.51,112.04,111.4754,111.96,357452
2024-11-13 13:30:00,111.97,112.37,110.9026,112.2676,322272
2024-11-13 14:30:00,112.255,112.38,112.03,112.268,460042
2024-11-13 15:30:00,112.22,112.455,111.78,111.81,848330
2024-11-14 09:30:00,112.42,113.02,112.1512,112.545,624021
2024-11-14 10:30:00,112.5387,112.6,112.15,112.22,378182
2024-11-14 11:30:00,112.22,112.3091,111.46,111.545,574767
2024-11-14 12:30:00,111.55,111.87,111.35,111.8254,411829
2024-11-14 13:30:00,111.7968,112.24,111.72,112.11,248593
2024-11-14 14:30:00,112.08,112.67,105.7001,112.645,362046
2024-11-14 15:30:00,112.65,112.97,112.49,112.91,709745
2024-11-15 09:30:00,112.93,114.13,110.97,113.46,1081973
2024-11-15 10:30:00,113.45,113.58,112.99,113.075,436405
2024-11-15 11:30:00,113.07,113.14,112.58,112.6809,403848
2024-11-15 12:30:00,112.595,112.75,112.39,112.655,299291
2024-11-15 13:30:00,112.66,112.66,112.2806,112.29,327007
2024-11-15 14:30:00,112.295,112.455,111.97,112.21,384833
2024-11-15 15:30:00,112.22,112.46,111.88,112.31,664568
2024-11-18 09:30:00,113.57,113.922567,104.51,113.535,718095
2024-11-18 10:30:00,113.53,113.58,113.13,113.3351,330381
2024-11-18 11:30:00,113.34,114.54,109.21,113.7517,312876
2024-11-18 12:30:00,113.74,114.21,113.66,114.159254,404085
2024-11-18 13:30:00,114.16,114.465,114.05,114.395,547749
2024-11-18 14:30:00,114.395,114.43,113.89,114.2341,460493
2024-11-18 15:30:00,114.24,114.24,113.65,113.75,789636
2025-02-03 09:30:00,98.5,99.03,97.02,98.295,1421806
2025-02-03 10:30:00,98.28,98.78,97.74,98.57,618289
2025-02-03 11:30:00,98.57,101.5154,98.115,98.212,480007
2025-02-03 12:30:00,98.22,98.51,97.81,98.485,475969
2025-02-03 13:30:00,98.4897,98.89,98.3002,98.7532,493110
2025-02-03 14:30:00,98.76,103.99,98.659,98.75,559517
2025-02-03 15:30:00,98.76,98.808,98.4,98.5,828247
2025-02-04 09:30:00,97.93,100.815,97.53,100.3868,1150153
2025-02-04 10:30:00,100.38,100.5502,99.76,99.815,761139
2025-02-04 11:30:00,99.948,100.57,99.77,99.98,474990
2025-02-04 12:30:00,99.985,100.28,99.91,100.26,349752
2025-02-04 13:30:00,100.25,100.66,100.2124,100.5,308518
2025-02-04 14:30:00,100.5,100.75,98.48,100.455,598868
2025-02-04 15:30:00,100.455,100.7499,100.4217,100.6,765408
2025-02-05 09:30:00,100.575,100.97,99.4,100.13,653620
2025-02-05 10:30:00,100.13,100.2088,99.72,100.15,592032
2025-02-05 11:30:00,100.145,100.17,99.76,99.9785,453896
2025-02-05 12:30:00,99.9763,100.1886,99.9,100.1636,488490
2025-02-05 13:30:00,100.18,100.33,99.9,100.16,612539
2025-02-05 14:30:00,100.16,100.44,100.12,100.3703,588775
2025-02-05 15:30:00,100.37,100.395,100.14,100.2,830043
2025-02-06 09:30:00,99.38,101.0,98.41,100.9706,2198850
2025-02-06 10:30:00,100.9988,101.1,98.8,99.56,1208396
2025-02-06 11:30:00,99.55,99.85,98.99,99.11,715311
2025-02-06 12:30:00,99.13,99.71,99.07,99.645,654212
2025-02-06 13:30:00,99.65,99.85,99.11,99.2597,706591
2025-02-06 14:30:00,99.14,99.63,98.9,99.615,761283
2025-02-06 15:30:00,99.5312,100.2675,99.14,99.94,1265620
2025-02-07 09:30:00,100.4,100.47,99.53,100.2,897134
2025-02-07 10:30:00,100.2,100.2727,99.06,99.08,829156
2025-02-07 11:30:00,99.075,100.3156,98.93,99.3495,621893
2025-02-07 12:30:00,99.3474,99.77,99.17,99.7,515925
2025-02-07 13:30:00,99.7,99.82,99.49,99.6575,473154
2025-02-07 14:30:00,99.66,105.351,98.915,98.935,570210
2025-02-07 15:30:00,98.935,99.0506,98.27,98.345,1177106
2025-02-10 09:30:00,98.39,103.5,97.8207,98.9601,1469281
2025-02-10 10:30:00,98.97,99.36,98.48,99.03,1070843
2025-02-10 11:30:00,99.02,99.1,98.56,98.87,978743
2025-02-10 12:30:00,98.8217,99.3,98.792,98.8353,722056
2025-02-10 13:30:00,98.85,99.23,98.8395,99.18,649524
2025-02-10 14:30:00,99.19,99.31,99.04,99.1384,779216
2025-02-10 15:30:00,99.1346,99.49,99.04,99.46,1553923
2025-02-11 09:30:00,99.17,100.3276,99.17,99.67,983474
2025-02-11 10:30:00,99.67,101.09,99.58,101.03,754421
2025-02-11 11:30:00,101.025,102.51,100.9556,102.205,1055469
2025-02-11 12:30:00,102.3411,102.62,96.89,102.46,648143
2025-02-11 13:30:00,102.4799,102.5199,101.85,101.85,602592
2025-02-11 14:30:00,101.85,102.142,101.535,101.7328,785904
2025-02-11 15:30:00,101.705,102.14,101.68,101.72,1364713
2025-02-12 09:30:00,100.935,101.72,100.51,101.2395,879266
2025-02-12 10:30:00,101.33,101.41,100.47,100.6014,525387
2025-02-12 11:30:00,100.6415,100.722,99.82,100.135,577234
2025-02-12 12:30:00,100.135,100.23,99.07,99.2389,794704
2025-02-12 13:30:00,99.24,99.42,97.775,98.769246,729173
2025-02-12 14:30:00,98.77,99.08,98.53,98.575,725210
2025-02-12 15:30:00,98.59,98.75,98.33,98.4,1283429
2025-02-13 09:30:00,98.3,98.3,96.75,97.345,1173182
2025-02-13 10:30:00,97.36,97.55,96.77,97.1814,1092843
2025-02-13 11:30:00,97.195,97.45,96.93,97.1163,1013135
2025-02-13 12:30:00,97.115,97.3132,97.0,97.075,938347
2025-02-13 13:30:00,97.07,97.2497,96.72,96.875,1066106
2025-02-13 14:30:00,96.87,97.0516,96.41,96.515,1549086
2025-02-13 15:30:00,96.515,97.03,96.5,96.89,1434792
2025-02-14 09:30:00,96.94,98.46,96.745,97.28,1515981
2025-02-14 10:30:00,97.28,97.62,97.15,97.5682,690499
2025-02-14 11:30:00,97.57,97.63,97.26,97.354,556030
2025-02-14 12:30:00,97.36,97.3783,95.91,97.011,524671
2025-02-14 13:30:00,97.0316,97.48,96.97,96.98,655411
2025-02-14 14:30:00,96.97,97.22,96.845,96.85,670314
2025-02-14 15:30:00,96.845,96.9958,96.23,96.26,1218883
2025-02-18 09:30:00,96.7,96.792,95.29,95.9799,1784737
2025-02-18 10:30:00,95.95,96.24,95.63,95.89,1071006
2025-02-18 11:30:00,95.91,96.9,95.8611,96.825,984252
2025-02-18 12:30:00,96.837,97.06,96.65,96.7754,737517
2025-02-18 13:30:00,96.82,97.635,96.7554,97.38,1242012
2025-02-18 14:30:00,97.38,97.55,97.1646,97.3,1358034
2025-02-18 15:30:00,97.31,97.49,96.825,97.41,1867098
2025-02-19 09:30:00,98.16,100.29,98.02,100.0735,1994419
2025-02-19 10:30:00,100.2,100.24,98.585,98.9883,1008521
2025-02-19 11:30:00,99.0,99.67,98.93,98.99,565187
2025-02-19 12:30:00,98.99,102.2467,98.82,98.99,640926
2025-02-19 13:30:00,98.9984,99.26,98.9,99.0813,566323
2025-02-19 14:30:00,99.0853,99.53,99.03,99.46,670121
2025-02-19 15:30:00,99.4667,99.6,99.18,99.59,980519
2025-02-20 09:30:00,99.78,100.93,96.26,100.2468,881776
2025-02-20 10:30:00,100.2301,100.49,100.03,100.49,557751
2025-02-20 11:30:00,100.48,101.52,100.3046,101.4112,698474
2025-02-20 12:30:00,101.425,101.5188,100.95,101.2004,419040
2025-02-20 13:30:00,101.2708,101.51,100.1631,101.1289,442884
2025-02-20 14:30:00,101.19,101.88,101.086,101.845,636074
2025-02-20 15:30:00,101.85,102.09,101.6623,101.99,1032807
2025-04-28 09:30:00,91.81,92.7999,91.4495,92.38,472843
2025-04-28 10:30:00,92.37,92.77,92.04,92.11,561796
2025-04-28 11:30:00,92.083,92.44,91.97,92.2601,447097
2025-04-28 12:30:00,92.28,92.52,85.009,92.23,444934
2025-04-28 13:30:00,92.23,92.98,91.95,92.95,464322
2025-04-28 14:30:00,92.8169,93.08,92.77,93.04,525149
2025-04-28 15:30:00,93.04,93.34,92.76,92.94,799651
2025-04-29 09:30:00,90.75,92.26,90.19,91.14,722408
2025-04-29 10:30:00,91.12,92.44,91.09,92.165,478893
2025-04-29 11:30:00,92.18,92.34,91.84,92.1659,403183
2025-04-29 12:30:00,92.13,92.19,89.3233,92.1111,423604
2025-04-29 13:30:00,92.115,92.61,92.075,92.2225,436411
2025-04-29 14:30:00,92.2039,92.31,91.94,92.1088,592577
2025-04-29 15:30:00,92.1,92.14,91.75,91.88,650535
2025-04-30 09:30:00,90.75,91.8,88.61,89.8075,1007578
2025-04-30 10:30:00,89.79,90.34,89.1912,90.1022,681372
2025-04-30 11:30:00,90.06,90.33,88.4,88.42,979251
2025-04-30 12:30:00,88.41,88.92,88.07,88.8053,589741
2025-04-30 13:30:00,88.79,89.48,85.72,88.775,699440
2025-04-30 14:30:00,88.75,88.8681,88.48,88.5801,673205
2025-04-30 15:30:00,88.59,89.48,88.46,89.09,1140133
2025-05-01 09:30:00,88.49,91.25,88.1,91.09,1596810
2025-05-01 10:30:00,91.08,91.39,90.2,90.78,1006627
2025-05-01 11:30:00,90.81,90.85,89.46,89.7463,810142
2025-05-01 12:30:00,89.7268,90.26,89.56,90.24,572850
2025-05-01 13:30:00,90.24,91.38,90.03,91.2112,747481
2025-05-01 14:30:00,91.215,91.2888,90.89,91.15,915931
2025-05-01 15:30:00,91.14,91.39,90.54,90.67,1185611
2025-05-02 09:30:00,91.625,92.5,89.7,90.94,1083604
2025-05-02 10:30:00,90.94,91.15,90.36,90.44,478899
2025-05-02 11:30:00,90.45,91.56,90.435,90.9766,828175
2025-05-02 12:30:00,91.0,91.37,90.61,90.841,531017
2025-05-02 13:30:00,90.85,91.83,90.75,91.77,525328
2025-05-02 14:30:00,91.785,91.85,91.21,91.45,776253
2025-05-02 15:30:00,91.4814,91.675,91.2,91.42,957028
2025-05-05 09:30:00,90.14,90.14,87.91,88.6559,1598495
2025-05-05 10:30:00,88.86,92.6617,88.5,88.7751,880240
2025-05-05 11:30:00,88.81,89.24,88.65,89.055659,612321
2025-05-05 12:30:00,89.07,89.1899,88.43,88.5789,873374
2025-05-05 13:30:00,88.49,88.98,88.46,88.56,926183
2025-05-05 14:30:00,88.57,88.83,85.72,88.12,1202266
2025-05-05 15:30:00,88.115,88.349,87.55,87.61,1558651
2025-05-06 09:30:00,88.52,89.6,87.75,89.07,1528958
2025-05-06 10:30:00,89.07,89.3,88.127,89.22,1361410
2025-05-06 11:30:00,89.2,89.43,88.68,88.7707,835226
2025-05-06 12:30:00,88.795,89.02,88.165,88.31,849168
2025-05-06 13:30:00,88.29,88.43,87.99,88.4,557101
2025-05-06 14:30:00,88.415,89.5055,88.18,88.2,689237
2025-05-06 15:30:00,88.2594,88.34,87.58,87.61,1654773
2025-05-07 09:30:00,88.4,88.6,87.37,87.645,1186677
2025-05-07 10:30:00,87.62,87.8992,82.66,87.6271,929857
2025-05-07 11:30:00,87.675,87.97,87.575,87.6301,1004220
2025-05-07 12:30:00,87.65,88.17,86.9585,87.81,1020513
2025-05-07 13:30:00,87.8,87.9387,86.88,87.11,945418
2025-05-07 14:30:00,87.11,87.73,87.065,87.195,1255907
2025-05-07 15:30:00,87.18,87.78,87.0,87.67,1512143
2025-05-08 09:30:00,88.66,90.44,88.66,90.04,2011265
2025-05-08 10:30:00,90.04,90.741,89.48,90.56,1397044
2025-05-08 11:30:00,90.57,92.26,90.29,90.636,1871793
2025-05-08 12:30:00,90.6807,90.8147,89.1,89.795,2254320
2025-05-08 13:30:00,89.82,89.929,89.17,89.32,973544
2025-05-08 14:30:00,89.32,89.83,88.69,89.61,1419454
2025-05-08 15:30:00,89.62,89.92,88.78,88.88,2047802
2025-05-09 09:30:00,91.0,91.11,88.3,88.505,1481239
2025-05-09 10:30:00,88.53,88.86,88.31,88.59,1102475
2025-05-09 11:30:00,88.59,88.68,88.3,88.51,651005
2025-05-09 12:30:00,88.52,88.88,88.46,88.8082,595890
2025-05-09 13:30:00,88.815,89.12,88.72,88.895,645050
2025-05-09 14:30:00,88.895,88.953,88.53,88.5703,768294
2025-05-09 15:30:00,88.6,88.66,88.21,88.58,1169631
2025-05-12 09:30:00,92.58,94.22,92.44,93.2997,1927551
2025-05-12 10:30:00,93.28,93.59,88.515,92.2512,1053160
2025-05-12 11:30:00,92.235,92.63,86.45,92.28,633361
2025-05-12 12:30:00,92.285,92.5,92.07,92.3809,544513
2025-05-12 13:30:00,92.41,92.6,92.09,92.2035,529983
2025-05-12 14:30:00,92.21,92.52,92.1378,92.4378,700907
2025-05-12 15:30:00,92.43,92.67,92.09,92.31,1125908
2025-05-13 09:30:00,92.73,93.4699,92.27,93.385,849511
2025-05-13 10:30:00,93.385,94.35,93.03,94.28,918593
2025-05-13 11:30:00,94.28,94.48,93.86,94.015,660486
2025-05-13 12:30:00,94.0282,94.8,93.68,94.8,997062
2025-05-13 13:30:00,94.785,95.08,91.2123,94.79,1012683
2025-05-13 14:30:00,94.7942,95.05,94.47,94.4868,948195
2025-05-13 15:30:00,94.51,94.79,94.16,94.18,1395551
2025-05-14 09:30:00,93.5,93.82,92.75,93.2006,1032618
2025-05-14 10:30:00,93.04,93.19,88.7717,92.9359,770546
2025-05-14 11:30:00,93.125,93.4288,87.61,93.0164,614636
2025-05-14 12:30:00,92.88,93.0099,92.45,92.5804,669348
2025-05-14 13:30:00,92.595,92.81,91.77,92.37,819689
2025-05-14 14:30:00,92.37,92.74,89.93,92.696,797368
2025-05-14 15:30:00,92.68,93.04,92.48,92.57,1559658
2025-05-15 09:30:00,91.05,91.73,90.7101,91.005,1242842
2025-05-15 10:30:00,91.01,92.02,85.67,91.9018,902873
2025-05-15 11:30:00,91.95,92.465,91.765,92.31,598165
2025-05-15 12:30:00,92.2846,92.57,92.22,92.5449,605675
2025-05-15 13:30:00,92.5453,92.72,92.31,92.4397,723954
2025-05-15 14:30:00,92.435,92.92,92.43,92.8309,651654
2025-05-15 15:30:00,92.835,93.08,92.63,93.02,1054778
