bar_start,open,high,low,close,volume
2021-01-21 09:30:00,4.2,4.212,4.14,4.1548,4115
2021-01-21 10:30:00,4.14,4.15,4.0327,4.09,18198
2021-01-21 11:30:00,4.09,4.13,4.08,4.125,1730
2021-01-21 12:30:00,4.1,4.13,4.09,4.09,1538
2021-01-21 13:30:00,4.11,4.11,4.02,4.06,5368
2021-01-21 14:30:00,4.05,4.08,4.03,4.08,5063
2021-01-21 15:30:00,4.04,4.08,4.02,4.02,7096
2021-01-22 09:30:00,4.02,4.0697,3.98,4.0445,3352
2021-01-22 10:30:00,4.01,4.07,4.01,4.05,10473
2021-01-22 11:30:00,4.0598,4.1,4.04,4.04,7696
2021-01-22 12:30:00,4.07,4.07,4.04,4.055,870
2021-01-22 13:30:00,4.05,4.05,3.99,4.03,6222
2021-01-22 14:30:00,4.03,4.06,4.03,4.06,613
2021-01-22 15:30:00,4.06,4.08,4.0425,4.05,2035
2021-01-25 09:30:00,4.13,4.18,4.0899,4.17,11037
2021-01-25 10:30:00,4.18,4.18,3.975,4.03,13500
2021-01-25 11:30:00,4.0203,4.15,4.02,4.1243,13691
2021-01-25 12:30:00,4.14,4.15,4.1,4.15,2006
2021-01-25 13:30:00,4.15,4.15,4.09,4.09,7614
2021-01-25 14:30:00,4.11,4.13,4.1,4.13,2610
2021-01-25 15:30:00,4.13,4.15,4.09,4.12,9907
2021-01-26 09:30:00,4.14,4.18,4.11,4.11,13866
2021-01-26 10:30:00,4.1078,4.14,4.07,4.0701,3293
2021-01-26 11:30:00,4.0978,4.0999,3.99,4.0,18144
2021-01-26 12:30:00,4.02,4.06,4.01,4.06,4545
2021-01-26 13:30:00,4.02,4.09,4.01,4.0598,5064
2021-01-26 14:30:00,4.0501,4.0538,4.03,4.04,1627
2021-01-26 15:30:00,4.04,4.07,4.01,4.01,6238
2021-01-27 09:30:00,4.0,4.01,3.87,3.97,21971
2021-01-27 10:30:00,3.945,3.98,3.92,3.97,4655
2021-01-27 11:30:00,3.96,3.98,3.94,3.9622,9024
2021-01-27 12:30:00,3.99,4.01,3.9639,3.99,6483
2021-01-27 13:30:00,3.9654,4.0,3.9654,3.97,2082
2021-01-27 14:30:00,3.97,3.9869,3.94,3.9592,12930
2021-01-27 15:30:00,3.9511,3.99,3.94,3.99,11939
2021-01-28 09:30:00,3.97,3.99,3.93,3.96,7182
2021-01-28 10:30:00,3.94,3.9599,3.94,3.9599,8252
2021-01-28 11:30:00,3.9402,3.99,3.94,3.94,9855
2021-01-28 12:30:00,3.9401,3.99,3.94,3.98,1063
2021-01-28 13:30:00,3.9407,4.0,3.94,3.94,6900
2021-01-28 14:30:00,3.94,4.0,3.94,3.9601,6614
2021-01-28 15:30:00,3.97,4.0,3.91,3.97,6751
2021-01-29 09:30:00,4.02,4.02,3.9,3.93,20831
2021-01-29 10:30:00,3.95,4.0009,3.92,3.93,9690
2021-01-29 11:30:00,3.93,4.0,3.93,3.97,1559
2021-01-29 12:30:00,3.9501,3.98,3.91,3.92,13984
2021-01-29 13:30:00,3.97,3.97,3.92,3.9526,4817
2021-01-29 14:30:00,3.92,3.97,3.92,3.95,6203
2021-01-29 15:30:00,3.94,3.95,3.91,3.91,1990
2021-02-01 09:30:00,3.97,3.97,3.84,3.841,17790
2021-02-01 10:30:00,3.85,3.86,3.81,3.86,18002
2021-02-01 11:30:00,3.82,3.87,3.81,3.87,2843
2021-02-01 12:30:00,3.85,3.89,3.85,3.89,3187
2021-02-01 13:30:00,3.87,3.88,3.845,3.86,3409
2021-02-01 14:30:00,3.85,3.8978,3.84,3.8502,6792
2021-02-01 15:30:00,3.8689,3.88,3.85,3.85,9248
2021-02-02 09:30:00,3.93,3.9798,3.9062,3.94,3314
2021-02-02 10:30:00,3.91,3.96,3.91,3.92,780
2021-02-02 11:30:00,3.9378,3.94,3.87,3.88,6000
2021-02-02 12:30:00,3.88,3.92,3.88,3.9153,5025
2021-02-02 13:30:00,3.91,3.95,3.9,3.9299,5739
2021-02-02 14:30:00,3.9111,3.9199,3.88,3.9,2198
2021-02-02 15:30:00,3.9296,3.9296,3.88,3.88,2382
2021-02-03 09:30:00,3.89,3.99,3.89,3.9385,2115
2021-02-03 10:30:00,3.9461,3.99,3.9392,3.9773,2014
2021-02-03 11:30:00,3.95,3.98,3.95,3.975,471
2021-02-03 12:30:00,3.968,4.0,3.95,3.9932,5397
2021-02-03 13:30:00,3.9911,4.09,3.9911,4.09,9012
2021-02-03 14:30:00,4.097,4.13,4.06,4.08,9281
2021-02-03 15:30:00,4.1,4.12,4.08,4.12,4791
2021-02-04 09:30:00,4.25,4.61,4.2,4.4366,164454
2021-02-04 10:30:00,4.435,4.99,4.4,4.85,164692
2021-02-04 11:30:00,4.8,4.8833,4.7,4.7582,133252
2021-02-04 12:30:00,4.7582,4.8,4.7,4.7689,79780
2021-02-04 13:30:00,4.775,4.81,4.67,4.6889,38508
2021-02-04 14:30:00,4.685,4.75,4.67,4.75,55005
2021-02-04 15:30:00,4.75,4.77,4.72,4.7678,14625
2021-02-05 09:30:00,4.84,4.84,4.6533,4.6778,12414
2021-02-05 10:30:00,4.6899,4.6899,4.55,4.6384,20139
2021-02-05 11:30:00,4.6799,4.705,4.6133,4.705,28550
2021-02-05 12:30:00,4.69,4.7395,4.67,4.7395,12430
2021-02-05 13:30:00,4.72,4.73,4.69,4.7178,13716
2021-02-05 14:30:00,4.7203,4.83,4.69,4.8,22307
2021-02-05 15:30:00,4.805,4.9004,4.805,4.8501,57323
2021-02-08 09:30:00,4.89,4.89,4.71,4.835,30357
2021-02-08 10:30:00,4.841,4.8745,4.8,4.8745,15497
2021-02-08 11:30:00,4.837,4.89,4.83,4.87,5316
2021-02-08 12:30:00,4.86,4.9,4.84,4.88,12766
2021-02-08 13:30:00,4.88,4.92,4.8505,4.8633,14480
2021-02-08 14:30:00,4.8538,4.89,4.65,4.782,50408
2021-02-08 15:30:00,4.775,4.7984,4.67,4.67,18846
2021-02-09 09:30:00,4.61,4.82,4.61,4.8,25933
2021-02-09 10:30:00,4.8178,4.8178,4.72,4.7856,7129
2021-02-09 11:30:00,4.76,5.19,4.75,5.13,84168
2021-02-09 12:30:00,5.1145,5.36,5.06,5.0644,83689
2021-02-09 13:30:00,5.11,5.15,5.0601,5.095,40854
2021-02-09 14:30:00,5.07,5.1023,4.9,4.9878,48933
2021-02-09 15:30:00,4.9656,5.01,4.8811,4.9001,35078
2021-02-10 09:30:00,4.98,4.98,4.65,4.6634,40495
2021-02-10 10:30:00,4.661,4.82,4.63,4.8,44973
2021-02-10 11:30:00,4.8189,4.99,4.805,4.97,27721
2021-02-10 12:30:00,4.99,5.12,4.9622,5.12,10896
2021-02-10 13:30:00,5.0529,5.12,5.043,5.06,15944
2021-02-10 14:30:00,5.074,5.0967,5.04,5.049,5964
2021-02-10 15:30:00,5.065,5.065,5.0,5.04,15590
2021-04-15 09:30:00,4.95,4.95,4.62,4.67,36045
2021-04-15 10:30:00,4.6508,4.67,4.62,4.6212,11871
2021-04-15 11:30:00,4.63,4.63,4.56,4.585,8283
2021-04-15 12:30:00,4.6,4.6,4.57,4.575,13622
2021-04-15 13:30:00,4.58,4.59,4.5701,4.58,7127
2021-04-15 14:30:00,4.58,4.58,4.53,4.53,5740
2021-04-15 15:30:00,4.55,4.57,4.53,4.54,12232
2021-04-16 09:30:00,4.9,4.9,4.5139,4.68,283744
2021-04-16 10:30:00,4.71,4.75,4.63,4.7017,33125
2021-04-16 11:30:00,4.7485,4.84,4.69,4.72,14466
2021-04-16 12:30:00,4.72,4.73,4.63,4.64,12111
2021-04-16 13:30:00,4.6301,4.6441,4.62,4.62,2046
2021-04-16 14:30:00,4.62,4.62,4.43,4.46,65810
2021-04-16 15:30:00,4.4699,4.47,4.3401,4.35,51904
2021-04-19 09:30:00,4.26,4.47,4.26,4.32,54074
2021-04-19 10:30:00,4.34,4.4796,4.2725,4.4585,29846
2021-04-19 11:30:00,4.435,4.48,4.435,4.46,9348
2021-04-19 12:30:00,4.47,4.5,4.43,4.4998,10242
2021-04-19 13:30:00,4.51,4.5141,4.46,4.46,12379
2021-04-19 14:30:00,4.45,4.45,4.3901,4.3901,6632
2021-04-19 15:30:00,4.42,4.42,4.38,4.38,9541
2021-04-20 09:30:00,4.31,4.37,4.3,4.33,15435
2021-04-20 10:30:00,4.3111,4.34,4.27,4.285,12132
2021-04-20 11:30:00,4.285,4.3116,4.24,4.3116,8118
2021-04-20 12:30:00,4.31,4.31,4.28,4.29,3169
2021-04-20 13:30:00,4.28,4.29,4.25,4.2716,6479
2021-04-20 14:30:00,4.286,4.29,4.24,4.2592,5786
2021-04-20 15:30:00,4.27,4.27,4.24,4.24,6199
2021-04-21 09:30:00,4.24,4.48,4.24,4.38,15511
2021-04-21 10:30:00,4.3825,4.44,4.3001,4.3294,10816
2021-04-21 11:30:00,4.3301,4.38,4.32,4.35,1267
2021-04-21 12:30:00,4.36,4.36,4.24,4.29,18212
2021-04-21 13:30:00,4.2756,4.36,4.2756,4.36,16868
2021-04-21 14:30:00,4.3799,4.48,4.37,4.44,25360
2021-04-21 15:30:00,4.45,4.45,4.4,4.41,9647
2021-04-22 09:30:00,4.39,4.49,4.39,4.469,10119
2021-04-22 10:30:00,4.475,4.4798,4.4401,4.45,603
2021-04-22 11:30:00,4.4401,4.45,4.41,4.41,867
2021-04-22 12:30:00,4.41,4.49,4.4,4.415,26025
2021-04-22 13:30:00,4.41,4.41,4.37,4.4,10338
2021-04-22 14:30:00,4.3999,4.44,4.3999,4.415,3504
2021-04-22 15:30:00,4.4114,4.43,4.38,4.41,2049
2021-04-23 09:30:00,4.39,4.49,4.39,4.47,9118
2021-04-23 10:30:00,4.43,4.47,4.42,4.47,8088
2021-04-23 11:30:00,4.46,4.5,4.4515,4.48,2755
2021-04-23 12:30:00,4.48,4.49,4.44,4.44,3282
2021-04-23 13:30:00,4.45,4.5,4.43,4.5,11115
2021-04-23 14:30:00,4.49,4.5,4.44,4.49,13438
2021-04-23 15:30:00,4.48,4.49,4.46,4.49,1292
2021-04-26 09:30:00,4.42,4.47,4.3956,4.47,8935
2021-04-26 10:30:00,4.4721,4.51,4.4,4.48,16572
2021-04-26 11:30:00,4.48,4.63,4.48,4.6171,7713
2021-04-26 12:30:00,4.58,4.59,4.57,4.5793,577
2021-04-26 13:30:00,4.58,4.58,4.506,4.506,6309
2021-04-26 14:30:00,4.51,4.54,4.5,4.54,2146
2021-04-26 15:30:00,4.52,4.54,4.5,4.51,1632
2021-04-27 09:30:00,4.5,4.64,4.46,4.57,26209
2021-04-27 10:30:00,4.58,4.58,4.51,4.58,9665
2021-04-27 11:30:00,4.56,4.5899,4.51,4.5256,11271
2021-04-27 12:30:00,4.52,4.56,4.48,4.495,5992
2021-04-27 13:30:00,4.495,4.51,4.45,4.45,2507
2021-04-27 14:30:00,4.43,4.47,4.43,4.46,3140
2021-04-27 15:30:00,4.45,4.47,4.43,4.44,7407
2021-04-28 09:30:00,4.39,4.52,4.37,4.41,6129
2021-04-28 10:30:00,4.4,4.422,4.35,4.39,3625
2021-04-28 11:30:00,4.35,4.4,4.31,4.34,9410
2021-04-28 12:30:00,4.3176,4.38,4.3101,4.3786,4572
2021-04-28 13:30:00,4.3708,4.38,4.35,4.3685,864
2021-04-28 14:30:00,4.36,4.37,4.3284,4.37,10112
2021-04-28 15:30:00,4.37,4.4,4.36,4.37,3841
2021-04-29 09:30:00,4.38,4.459,4.3501,4.3928,5863
2021-04-29 10:30:00,4.35,4.41,4.32,4.34,5343
2021-04-29 11:30:00,4.37,4.37,4.32,4.32,1019
2021-04-29 12:30:00,4.3211,4.3426,4.31,4.3426,5588
2021-04-29 13:30:00,4.36,4.37,4.33,4.33,1414
2021-04-29 14:30:00,4.33,4.41,4.33,4.41,2076
2021-04-29 15:30:00,4.415,4.44,4.36,4.36,10571
2021-04-30 09:30:00,4.32,4.44,4.31,4.335,2543
2021-04-30 10:30:00,4.32,4.32,4.21,4.28,9523
2021-04-30 11:30:00,4.28,4.3,4.26,4.2908,3545
2021-04-30 12:30:00,4.2901,4.31,4.2901,4.31,320
2021-04-30 13:30:00,4.31,4.33,4.29,4.31,7279
2021-04-30 14:30:00,4.35,4.36,4.33,4.35,1756
2021-04-30 15:30:00,4.35,4.39,4.31,4.33,5428
2021-05-03 09:30:00,4.35,4.38,4.32,4.34,1926
2021-05-03 10:30:00,4.335,4.3403,4.27,4.295,16443
2021-05-03 11:30:00,4.3,4.47,4.3,4.47,2948
2021-05-03 12:30:00,4.4093,4.45,4.3901,4.45,640
2021-05-03 13:30:00,4.4204,4.46,4.41,4.44,8248
2021-05-03 14:30:00,4.45,4.49,4.439,4.44,8567
2021-05-03 15:30:00,4.4699,4.47,4.41,4.41,2944
2021-05-04 09:30:00,4.41,4.47,4.33,4.36,6864
2021-05-04 10:30:00,4.3707,4.41,4.32,4.35,3754
2021-05-04 11:30:00,4.345,4.37,4.33,4.37,3329
2021-05-04 12:30:00,4.3699,4.3701,4.3301,4.3701,5114
2021-05-04 13:30:00,4.3715,4.38,4.36,4.37,2833
2021-05-04 14:30:00,4.35,4.37,4.35,4.3505,6811
2021-05-04 15:30:00,4.34,4.36,4.31,4.34,6700
2021-05-05 09:30:00,4.27,4.36,4.27,4.3358,5144
2021-05-05 10:30:00,4.3253,4.38,4.3,4.38,8338
2021-05-05 11:30:00,4.37,4.3899,4.35,4.35,3003
2021-05-05 12:30:00,4.35,4.35,4.33,4.33,1469
2021-05-05 13:30:00,4.32,4.36,4.32,4.34,2600
2021-05-05 14:30:00,4.35,4.3601,4.31,4.31,1735
2021-05-05 15:30:00,4.31,4.34,4.3,4.3,1230
2021-05-06 09:30:00,4.3,4.31,4.22,4.24,19125
2021-05-06 10:30:00,4.23,4.27,4.22,4.25,8736
2021-05-06 11:30:00,4.228,4.27,4.22,4.2475,1849
2021-05-06 12:30:00,4.2599,4.2992,4.2292,4.28,3723
2021-05-06 13:30:00,4.32,4.32,4.2695,4.2888,2294
2021-05-06 14:30:00,4.26,4.3,4.26,4.29,1255
2021-05-06 15:30:00,4.2709,4.32,4.2709,4.32,1260
2021-05-07 09:30:00,4.21,4.34,4.21,4.2873,11516
2021-05-07 10:30:00,4.29,4.33,4.26,4.26,5044
2021-05-07 11:30:00,4.3048,4.3048,4.25,4.26,2302
2021-05-07 12:30:00,4.26,4.33,4.26,4.32,2776
2021-05-07 13:30:00,4.33,4.36,4.3,4.31,1817
2021-05-07 14:30:00,4.3101,4.36,4.3101,4.339,4067
2021-05-07 15:30:00,4.32,4.32,4.27,4.27,8628
2021-05-10 09:30:00,4.23,4.27,4.2,4.25,19335
2021-05-10 10:30:00,4.235,4.2562,4.21,4.2127,2524
2021-05-10 11:30:00,4.22,4.24,4.22,4.23,777
2021-05-10 12:30:00,4.2102,4.24,4.2102,4.24,3875
2021-05-10 13:30:00,4.24,4.24,4.2,4.2,9149
2021-05-10 14:30:00,4.18,4.2,4.09,4.12,42968
2021-05-10 15:30:00,4.13,4.158,4.11,4.12,16400
2021-05-11 09:30:00,3.91,4.0999,3.9004,4.03,24529
2021-05-11 10:30:00,4.0899,4.12,4.03,4.118,9343
2021-05-11 11:30:00,4.08,4.15,4.08,4.15,2543
2021-05-11 12:30:00,4.16,4.2,4.16,4.1693,1764
2021-05-11 13:30:00,4.19,4.19,4.1592,4.18,658
2021-05-11 14:30:00,4.18,4.185,4.14,4.1597,1717
2021-05-11 15:30:00,4.2,4.2,4.14,4.18,3872
2021-05-12 09:30:00,4.12,4.2333,4.1,4.1,8151
2021-05-12 10:30:00,4.1999,4.1999,4.07,4.14,10354
2021-05-12 11:30:00,4.125,4.1399,4.09,4.11,11724
2021-05-12 12:30:00,4.12,4.12,4.08,4.08,4013
2021-05-12 13:30:00,4.08,4.0867,4.05,4.0684,5489
2021-05-12 14:30:00,4.05,4.05,3.92,3.9609,18857
2021-05-12 15:30:00,3.95,3.99,3.95,3.96,11431
2021-05-13 09:30:00,4.04,4.11,3.9501,4.01,13605
2021-05-13 10:30:00,4.0292,4.0292,3.96,3.9823,2509
2021-05-13 11:30:00,4.0075,4.0075,3.95,3.9501,7126
2021-05-13 12:30:00,3.9517,3.98,3.9,3.94,41522
2021-05-13 13:30:00,3.925,3.9846,3.9101,3.97,10073
2021-05-13 14:30:00,3.99,3.99,3.96,3.99,4622
2021-05-13 15:30:00,3.99,4.0,3.95,3.98,11412
2021-07-21 09:30:00,3.28,3.44,3.28,3.44,26620
2021-07-21 10:30:00,3.45,3.45,3.41,3.45,4174
2021-07-21 11:30:00,3.44,3.4499,3.41,3.4189,7197
2021-07-21 12:30:00,3.4388,3.44,3.4,3.43,9207
2021-07-21 13:30:00,3.4116,3.42,3.4,3.42,1468
2021-07-21 14:30:00,3.4,3.4,3.3501,3.36,1863
2021-07-21 15:30:00,3.38,3.4,3.31,3.33,5133
2021-07-22 09:30:00,3.34,3.36,3.28,3.3133,3478
2021-07-22 10:30:00,3.349,3.349,3.3054,3.32,11061
2021-07-22 11:30:00,3.3199,3.3199,3.28,3.2802,4689
2021-07-22 12:30:00,3.2999,3.32,3.29,3.3001,3098
2021-07-22 13:30:00,3.31,3.32,3.3,3.31,7775
2021-07-22 14:30:00,3.3,3.31,3.28,3.31,6889
2021-07-22 15:30:00,3.3099,3.32,3.29,3.3,11894
2021-07-23 09:30:00,3.3,3.36,3.27,3.27,8720
2021-07-23 10:30:00,3.25,3.25,3.21,3.2199,3493
2021-07-23 11:30:00,3.2,3.24,3.18,3.24,6082
2021-07-23 12:30:00,3.25,3.28,3.21,3.28,8496
2021-07-23 13:30:00,3.23,3.33,3.23,3.3,11468
2021-07-23 14:30:00,3.3,3.31,3.28,3.31,1813
2021-07-23 15:30:00,3.32,3.32,3.29,3.3,2947
2021-07-26 09:30:00,3.34,3.34,3.26,3.32,5731
2021-07-26 10:30:00,3.32,3.34,3.32,3.33,6171
2021-07-26 11:30:00,3.32,3.335,3.32,3.3311,216
2021-07-26 12:30:00,3.32,3.35,3.32,3.3313,1572
2021-07-26 13:30:00,3.35,3.35,3.32,3.32,331
2021-07-26 14:30:00,3.32,3.34,3.32,3.33,5733
2021-07-26 15:30:00,3.33,3.35,3.32,3.35,7570
2021-07-27 09:30:00,3.34,3.34,3.29,3.3186,3727
2021-07-27 10:30:00,3.3,3.32,3.3,3.312,5167
2021-07-27 11:30:00,3.3102,3.33,3.31,3.31,1347
2021-07-27 12:30:00,3.3192,3.33,3.31,3.32,239
2021-07-27 13:30:00,3.3,3.31,3.3,3.31,218
2021-07-27 14:30:00,3.32,3.32,3.31,3.31,3600
2021-07-27 15:30:00,3.31,3.32,3.31,3.31,803
2021-07-28 09:30:00,3.31,3.33,3.2991,3.33,6155
2021-07-28 10:30:00,3.33,3.365,3.32,3.365,12128
2021-07-28 11:30:00,3.38,3.42,3.3714,3.385,3461
2021-07-28 12:30:00,3.4181,3.51,3.38,3.4489,41123
2021-07-28 13:30:00,3.43,3.43,3.3823,3.3823,1010
2021-07-28 14:30:00,3.39,3.41,3.385,3.385,1516
2021-07-28 15:30:00,3.38,3.44,3.38,3.44,677
2021-07-29 09:30:00,3.41,3.4699,3.41,3.4215,8081
2021-07-29 10:30:00,3.4384,3.4384,3.3801,3.395,12266
2021-07-29 11:30:00,3.3994,3.4,3.35,3.3674,4000
2021-07-29 12:30:00,3.37,3.3999,3.36,3.39,1201
2021-07-29 13:30:00,3.3985,3.3998,3.3801,3.3893,1600
2021-07-29 14:30:00,3.385,3.39,3.35,3.37,8459
2021-07-29 15:30:00,3.38,3.39,3.37,3.39,3598
2021-07-30 09:30:00,3.37,3.38,3.3001,3.3056,13213
2021-07-30 10:30:00,3.3899,3.39,3.3101,3.35,2092
2021-07-30 11:30:00,3.35,3.35,3.31,3.3286,1119
2021-07-30 12:30:00,3.31,3.33,3.31,3.33,9456
2021-07-30 13:30:00,3.33,3.34,3.32,3.33,4438
2021-07-30 14:30:00,3.32,3.34,3.31,3.31,4082
2021-07-30 15:30:00,3.32,3.32,3.29,3.29,4290
2021-08-02 09:30:00,3.29,3.33,3.24,3.31,3619
2021-08-02 10:30:00,3.319,3.319,3.29,3.31,7499
2021-08-02 11:30:00,3.31,3.34,3.29,3.29,3518
2021-08-02 12:30:00,3.3,3.38,3.3,3.38,7070
2021-08-02 13:30:00,3.365,3.44,3.35,3.42,6799
2021-08-02 14:30:00,3.4201,3.44,3.37,3.44,9549
2021-08-02 15:30:00,3.411,3.44,3.3898,3.43,32740
2021-08-03 09:30:00,3.35,3.42,3.35,3.355,9513
2021-08-03 10:30:00,3.3426,3.37,3.34,3.3416,10393
2021-08-03 11:30:00,3.36,3.36,3.34,3.35,16180
2021-08-03 12:30:00,3.35,3.3508,3.35,3.3501,783
2021-08-03 13:30:00,3.3593,3.365,3.3517,3.3517,6776
2021-08-03 14:30:00,3.36,3.3684,3.35,3.36,8522
2021-08-03 15:30:00,3.35,3.36,3.33,3.33,6791
2021-08-04 09:30:00,3.33,3.355,3.29,3.33,6924
2021-08-04 10:30:00,3.3,3.3399,3.3,3.32,5566
2021-08-04 11:30:00,3.3101,3.324,3.28,3.3,18831
2021-08-04 12:30:00,3.305,3.305,3.28,3.3,8520
2021-08-04 13:30:00,3.2923,3.305,3.28,3.29,5221
2021-08-04 14:30:00,3.28,3.31,3.28,3.31,6043
2021-08-04 15:30:00,3.31,3.37,3.31,3.37,9558
2021-08-05 09:30:00,3.36,3.3696,3.36,3.3696,371
2021-08-05 10:30:00,3.3245,3.37,3.3245,3.37,1132
2021-08-05 11:30:00,3.37,3.37,3.355,3.355,35
2021-08-05 12:30:00,3.36,3.36,3.34,3.34,138
2021-08-05 13:30:00,3.3486,3.3605,3.32,3.32,2427
2021-08-05 14:30:00,3.3102,3.33,3.3102,3.3228,1495
2021-08-05 15:30:00,3.323,3.33,3.3,3.32,7241
2021-08-06 09:30:00,3.35,3.42,3.28,3.3699,826
2021-08-06 10:30:00,3.3,3.35,3.3,3.3365,1903
2021-08-06 11:30:00,3.34,3.35,3.34,3.35,53
2021-08-06 12:30:00,3.33,3.33,3.3,3.31,2687
2021-08-06 13:30:00,3.31,3.31,3.3,3.3,1649
2021-08-06 14:30:00,3.3,3.33,3.3,3.3,5591
2021-08-06 15:30:00,3.32,3.35,3.32,3.33,1634
2021-08-09 09:30:00,3.29,3.32,3.22,3.29,11536
2021-08-09 10:30:00,3.29,3.3085,3.29,3.3085,6726
2021-08-09 11:30:00,3.3199,3.32,3.3,3.3,5640
2021-08-09 12:30:00,3.29,3.3,3.29,3.3,5769
2021-08-09 13:30:00,3.3185,3.33,3.315,3.315,133
2021-08-09 14:30:00,3.33,3.33,3.3193,3.3193,2703
2021-08-09 15:30:00,3.3003,3.33,3.3003,3.33,48
2021-08-10 09:30:00,3.54,3.54,3.354,3.354,34328
2021-08-10 10:30:00,3.3522,3.41,3.34,3.37,1796
2021-08-10 11:30:00,3.3885,3.3885,3.37,3.37,730
2021-08-10 12:30:00,3.37,3.39,3.31,3.31,18535
2021-08-10 13:30:00,3.31,3.3375,3.31,3.32,8454
2021-08-10 14:30:00,3.335,3.3386,3.32,3.3386,3044
2021-08-10 15:30:00,3.32,3.33,3.29,3.29,6047
2021-08-11 09:30:00,3.3,3.32,3.277,3.277,1183
2021-08-11 10:30:00,3.23,3.33,3.23,3.29,8555
2021-08-11 11:30:00,3.29,3.33,3.22,3.33,16149
2021-08-11 12:30:00,3.3001,3.3184,3.3,3.3039,2616
2021-08-11 13:30:00,3.3,3.32,3.3,3.32,2437
2021-08-11 14:30:00,3.31,3.34,3.3098,3.32,7109
2021-08-11 15:30:00,3.35,3.37,3.33,3.37,737
2021-08-12 09:30:00,3.41,3.41,3.32,3.32,1115
2021-08-12 10:30:00,3.36,3.39,3.32,3.32,4724
2021-08-12 11:30:00,3.35,3.36,3.3201,3.35,1031
2021-08-12 12:30:00,3.33,3.33,3.31,3.32,4833
2021-08-12 13:30:00,3.3,3.3291,3.3,3.3291,12155
2021-08-12 14:30:00,3.3115,3.3394,3.3115,3.325,57
2021-08-12 15:30:00,3.3306,3.35,3.3306,3.335,641
2021-10-21 09:30:00,2.8,2.8,2.77,2.79,956
2021-10-21 10:30:00,2.77,2.771,2.75,2.77,2762
2021-10-21 11:30:00,2.7685,2.8,2.7685,2.7965,4158
2021-10-21 12:30:00,2.781,2.785,2.77,2.77,3892
2021-10-21 13:30:00,2.7899,2.7899,2.7899,2.7899,20
2021-10-21 14:30:00,2.77,2.7756,2.77,2.77,10
2021-10-21 15:30:00,2.77,2.79,2.76,2.76,798
2021-10-22 09:30:00,2.69,2.78,2.67,2.7002,3878
2021-10-22 10:30:00,2.7215,2.7771,2.7215,2.77,3201
2021-10-22 11:30:00,,,,,0
2021-10-22 12:30:00,2.76,2.8,2.76,2.8,3001
2021-10-22 13:30:00,2.7921,2.8015,2.79,2.8,1113
2021-10-22 14:30:00,2.79,2.8,2.79,2.8,318
2021-10-22 15:30:00,2.8,2.82,2.7998,2.82,5290
2021-10-25 09:30:00,2.84,2.87,2.84,2.8655,6013
2021-10-25 10:30:00,2.855,2.8958,2.8515,2.885,6778
2021-10-25 11:30:00,2.89,2.9609,2.89,2.94,5142
2021-10-25 12:30:00,2.9012,2.92,2.9001,2.9015,4227
2021-10-25 13:30:00,2.9185,2.92,2.91,2.9167,3586
2021-10-25 14:30:00,2.92,2.96,2.92,2.9409,5035
2021-10-25 15:30:00,2.94,2.96,2.94,2.96,2657
2021-10-26 09:30:00,2.95,2.95,2.91,2.92,580
2021-10-26 10:30:00,2.91,2.91,2.865,2.865,1098
2021-10-26 11:30:00,2.88,2.95,2.88,2.93,20583
2021-10-26 12:30:00,2.9316,2.94,2.93,2.94,150
2021-10-26 13:30:00,2.9499,2.95,2.94,2.9485,2555
2021-10-26 14:30:00,2.94,2.96,2.93,2.93,4525
2021-10-26 15:30:00,2.935,2.97,2.935,2.95,5597
2021-10-27 09:30:00,2.97,3.01,2.9,2.91,14887
2021-10-27 10:30:00,2.9426,2.9426,2.92,2.9393,11578
2021-10-27 11:30:00,2.9471,3.1,2.9393,3.1,64575
2021-10-27 12:30:00,3.09,3.09,3.028,3.0301,6638
2021-10-27 13:30:00,3.04,3.0899,2.94,2.95,19427
2021-10-27 14:30:00,2.94,3.005,2.91,3.005,8202
2021-10-27 15:30:00,2.91,3.0999,2.91,2.99,16407
2021-10-28 09:30:00,3.04,3.05,2.9206,3.05,776
2021-10-28 10:30:00,3.005,3.0548,2.95,2.99,1680
2021-10-28 11:30:00,2.99,2.995,2.94,2.9699,2168
2021-10-28 12:30:00,2.94,2.97,2.91,2.95,2617
2021-10-28 13:30:00,2.95,2.95,2.91,2.91,197
2021-10-28 14:30:00,2.91,3.0,2.91,3.0,8961
2021-10-28 15:30:00,2.9724,3.02,2.97,2.99,6162
2021-10-29 09:30:00,2.98,3.0,2.96,3.0,5747
2021-10-29 10:30:00,3.0,3.07,3.0,3.0698,2114
2021-10-29 11:30:00,3.08,3.0887,3.0,3.02,6651
2021-10-29 12:30:00,3.0,3.04,3.0,3.0,1003
2021-10-29 13:30:00,3.0,3.005,3.0,3.0001,2353
2021-10-29 14:30:00,3.0006,3.0499,3.0006,3.0499,2629
2021-10-29 15:30:00,3.04,3.04,3.0,3.04,6140
2021-11-01 09:30:00,3.1,3.1,2.97,3.02,796
2021-11-01 10:30:00,3.0484,3.1,3.0193,3.06,3659
2021-11-01 11:30:00,3.09,3.1134,3.0641,3.1,10985
2021-11-01 12:30:00,3.1,3.1,3.0501,3.0519,3311
2021-11-01 13:30:00,3.06,3.0681,3.01,3.06,3268
2021-11-01 14:30:00,3.06,3.07,3.0355,3.05,333
2021-11-01 15:30:00,3.0404,3.0404,3.03,3.03,1473
2021-11-02 09:30:00,3.03,3.0599,3.02,3.0599,2518
2021-11-02 10:30:00,3.025,3.025,2.99,3.0002,2451
2021-11-02 11:30:00,2.99,3.0,2.98,3.0,4845
2021-11-02 12:30:00,2.99,2.99,2.95,2.99,5742
2021-11-02 13:30:00,3.0,3.0185,2.99,3.0,1901
2021-11-02 14:30:00,2.9999,3.03,2.99,3.03,2001
2021-11-02 15:30:00,3.0,3.05,2.99,3.05,368
2021-11-03 09:30:00,3.05,3.05,2.96,2.9923,634
2021-11-03 10:30:00,2.99,3.06,2.9863,2.99,3134
2021-11-03 11:30:00,2.98,3.06,2.95,2.99,3086
2021-11-03 12:30:00,2.9991,2.9991,2.98,2.98,580
2021-11-03 13:30:00,2.98,2.98,2.98,2.98,3200
2021-11-03 14:30:00,3.0,3.0461,3.0,3.03,933
2021-11-03 15:30:00,3.0226,3.06,3.0226,3.06,1535
2021-11-04 09:30:00,3.03,3.07,2.95,2.9925,5407
2021-11-04 10:30:00,2.97,3.0,2.97,2.97,6491
2021-11-04 11:30:00,2.97,3.0251,2.97,2.97,13
2021-11-04 12:30:00,3.022,3.022,2.97,2.98,41
2021-11-04 13:30:00,3.0335,3.0335,2.98,2.98,915
2021-11-04 14:30:00,2.98,2.99,2.98,2.99,4
2021-11-04 15:30:00,2.98,3.03,2.98,3.03,221
2021-11-05 09:30:00,3.02,3.02,3.0,3.01,1038
2021-11-05 10:30:00,3.01,3.02,2.981,3.0099,713
2021-11-05 11:30:00,2.98,3.01,2.9657,2.977,946
2021-11-05 12:30:00,3.0,3.0076,2.95,2.99,1153
2021-11-05 13:30:00,3.0057,3.0057,2.95,3.0,819
2021-11-05 14:30:00,3.0,3.01,2.96,2.98,1727
2021-11-05 15:30:00,3.0,3.0,2.98,2.98,180
2021-11-08 09:30:00,3.07,3.07,2.97,3.0036,8591
2021-11-08 10:30:00,2.999,3.0378,2.99,2.99,1184
2021-11-08 11:30:00,3.0339,3.0339,2.99,2.99,106
2021-11-08 12:30:00,2.99,3.0,2.99,2.99,2184
2021-11-08 13:30:00,3.0046,3.01,2.99,2.99,122
2021-11-08 14:30:00,2.99,3.0,2.99,2.99,1916
2021-11-08 15:30:00,3.0,3.06,2.99,3.03,2313
2021-11-09 09:30:00,3.0,3.0,2.92,2.955,8990
2021-11-09 10:30:00,2.944,2.96,2.9201,2.94,3895
2021-11-09 11:30:00,2.93,2.95,2.93,2.95,34
2021-11-09 12:30:00,2.9208,2.9606,2.9208,2.94,422
2021-11-09 13:30:00,2.93,2.94,2.9,2.93,9459
2021-11-09 14:30:00,2.9303,2.94,2.9124,2.94,3781
2021-11-09 15:30:00,2.93,2.95,2.9135,2.95,3527
2021-11-10 09:30:00,2.89,2.9499,2.89,2.9219,3663
2021-11-10 10:30:00,2.93,2.9362,2.92,2.9292,1420
2021-11-10 11:30:00,2.91,2.937,2.91,2.9292,60
2021-11-10 12:30:00,2.93,2.93,2.88,2.88,5020
2021-11-10 13:30:00,2.88,2.91,2.85,2.8692,94
2021-11-10 14:30:00,2.8573,2.9277,2.84,2.92,9220
2021-11-10 15:30:00,2.915,2.915,2.85,2.85,417
2021-11-11 09:30:00,2.92,2.95,2.8901,2.92,365
2021-11-11 10:30:00,2.89,2.91,2.84,2.89,4858
2021-11-11 11:30:00,2.925,2.9355,2.89,2.9266,7091
2021-11-11 12:30:00,2.9285,2.9292,2.9285,2.9292,19
2021-11-11 13:30:00,2.925,2.94,2.925,2.93,1087
2021-11-11 14:30:00,2.94,2.94,2.935,2.94,1369
2021-11-11 15:30:00,2.94,2.95,2.94,2.94,1256
2022-01-20 09:30:00,2.48,2.5,2.48,2.4999,6500
2022-01-20 10:30:00,2.4992,2.5,2.49,2.5,3050
2022-01-20 11:30:00,2.49,2.4992,2.49,2.4907,519
2022-01-20 12:30:00,2.5,2.5,2.4901,2.4901,667
2022-01-20 13:30:00,2.495,2.5,2.49,2.5,2746
2022-01-20 14:30:00,2.4993,2.4999,2.49,2.495,935
2022-01-20 15:30:00,2.49,2.5,2.48,2.5,1041
2022-01-21 09:30:00,2.5,2.5,2.4,2.41,3415
2022-01-21 10:30:00,2.4156,2.45,2.39,2.45,5077
2022-01-21 11:30:00,2.5299,2.5299,2.5,2.509,130
2022-01-21 12:30:00,2.4735,2.5103,2.4735,2.5,1008
2022-01-21 13:30:00,2.49,2.49,2.4816,2.4816,800
2022-01-21 14:30:00,2.4801,2.5,2.48,2.5,929
2022-01-21 15:30:00,2.5,2.5,2.49,2.5,1961
2022-01-24 09:30:00,2.45,2.4973,2.31,2.47,18691
2022-01-24 10:30:00,2.47,2.47,2.39,2.43,2309
2022-01-24 11:30:00,2.43,2.44,2.27,2.3,30812
2022-01-24 12:30:00,2.3378,2.38,2.32,2.3746,1331
2022-01-24 13:30:00,2.355,2.41,2.355,2.3801,1794
2022-01-24 14:30:00,2.4031,2.5236,2.4031,2.423,27136
2022-01-24 15:30:00,2.47,2.4959,2.45,2.45,2355
2022-01-25 09:30:00,2.43,2.5299,2.3902,2.4141,1392
2022-01-25 10:30:00,2.4769,2.4769,2.47,2.47,28
2022-01-25 11:30:00,2.45,2.475,2.4301,2.45,1927
2022-01-25 12:30:00,2.4799,2.4899,2.45,2.4899,4660
2022-01-25 13:30:00,2.455,2.455,2.4417,2.45,614
2022-01-25 14:30:00,2.434,2.4698,2.434,2.4559,3064
2022-01-25 15:30:00,2.43,2.46,2.43,2.43,832
2022-01-26 09:30:00,2.42,2.61,2.361,2.4316,23402
2022-01-26 10:30:00,2.44,2.45,2.4302,2.4302,1847
2022-01-26 11:30:00,2.43,2.43,2.4,2.4,308
2022-01-26 12:30:00,2.41,2.43,2.41,2.43,756
2022-01-26 13:30:00,2.44,2.44,2.39,2.4232,1057
2022-01-26 14:30:00,2.4296,2.4296,2.36,2.3701,11027
2022-01-26 15:30:00,2.43,2.43,2.34,2.34,8640
2022-01-27 09:30:00,2.34,2.41,2.33,2.38,3052
2022-01-27 10:30:00,2.4,2.4173,2.36,2.373,4684
2022-01-27 11:30:00,2.3794,2.38,2.34,2.37,6577
2022-01-27 12:30:00,2.32,2.38,2.2,2.2785,48931
2022-01-27 13:30:00,2.257,2.2865,2.2,2.2794,9723
2022-01-27 14:30:00,2.25,2.27,2.2202,2.24,5706
2022-01-27 15:30:00,2.235,2.25,2.221,2.25,262
2022-01-28 09:30:00,2.16,2.26,2.16,2.225,7608
2022-01-28 10:30:00,2.22,2.2499,2.22,2.2499,7543
2022-01-28 11:30:00,2.2221,2.2367,2.2221,2.23,502
2022-01-28 12:30:00,2.234,2.2398,2.215,2.23,9704
2022-01-28 13:30:00,2.215,2.24,2.1801,2.1801,12427
2022-01-28 14:30:00,2.2255,2.2255,2.1562,2.2199,32307
2022-01-28 15:30:00,2.25,2.25,2.24,2.25,1274
2022-01-31 09:30:00,2.25,2.305,2.2111,2.26,4474
2022-01-31 10:30:00,2.2315,2.26,2.16,2.26,4790
2022-01-31 11:30:00,2.2599,2.26,2.22,2.25,794
2022-01-31 12:30:00,2.25,2.28,2.24,2.25,8722
2022-01-31 13:30:00,2.33,2.34,2.26,2.33,149
2022-01-31 14:30:00,2.33,2.33,2.3,2.33,4023
2022-01-31 15:30:00,2.33,2.33,2.271,2.28,423
2022-02-01 09:30:00,2.28,2.3343,2.2695,2.2695,531
2022-02-01 10:30:00,2.33,2.33,2.2801,2.33,2030
2022-02-01 11:30:00,2.3201,2.3581,2.3201,2.34,2466
2022-02-01 12:30:00,2.35,2.36,2.3,2.32,5054
2022-02-01 13:30:00,2.31,2.3366,2.31,2.3366,1599
2022-02-01 14:30:00,2.36,2.36,2.32,2.32,1351
2022-02-01 15:30:00,2.32,2.3599,2.31,2.33,12776
2022-02-02 09:30:00,2.35,2.35,2.27,2.28,1236
2022-02-02 10:30:00,2.28,2.2882,2.225,2.2613,5197
2022-02-02 11:30:00,2.25,2.26,2.22,2.25,2183
2022-02-02 12:30:00,2.2584,2.2584,2.23,2.2492,21
2022-02-02 13:30:00,2.26,2.26,2.23,2.245,190
2022-02-02 14:30:00,2.2599,2.2599,2.2408,2.2408,2060
2022-02-02 15:30:00,2.23,2.26,2.22,2.22,9318
2022-02-03 09:30:00,2.22,2.28,2.21,2.28,19418
2022-02-03 10:30:00,2.2554,2.275,2.2554,2.26,339
2022-02-03 11:30:00,2.26,2.265,2.24,2.25,3755
2022-02-03 12:30:00,2.25,2.25,2.21,2.21,2456
2022-02-03 13:30:00,2.22,2.22,2.2,2.2092,8400
2022-02-03 14:30:00,2.205,2.21,2.19,2.21,6521
2022-02-03 15:30:00,2.205,2.2199,2.16,2.16,2643
2022-02-04 09:30:00,2.19,2.24,2.19,2.2365,5023
2022-02-04 10:30:00,2.2399,2.25,2.2,2.241,10345
2022-02-04 11:30:00,2.25,2.25,2.17,2.218,94
2022-02-04 12:30:00,2.1826,2.25,2.1826,2.25,99
2022-02-04 13:30:00,2.1848,2.215,2.18,2.2106,4031
2022-02-04 14:30:00,2.19,2.24,2.17,2.2,14354
2022-02-04 15:30:00,2.2,2.2164,2.17,2.19,4113
2022-02-07 09:30:00,2.19,2.24,2.165,2.1775,7879
2022-02-07 10:30:00,2.17,2.1892,2.16,2.18,1999
2022-02-07 11:30:00,2.18,2.1898,2.1716,2.1826,1088
2022-02-07 12:30:00,2.17,2.19,2.17,2.19,2500
2022-02-07 13:30:00,2.2099,2.21,2.19,2.2098,1113
2022-02-07 14:30:00,2.2163,2.2298,2.2,2.2298,8528
2022-02-07 15:30:00,2.2397,2.2399,2.21,2.21,6161
2022-02-08 09:30:00,2.21,2.282,2.21,2.282,39
2022-02-08 10:30:00,2.2108,2.275,2.2108,2.275,1020
2022-02-08 11:30:00,2.2634,2.2634,2.21,2.21,3861
2022-02-08 12:30:00,2.256,2.2641,2.24,2.25,7152
2022-02-08 13:30:00,2.25,2.2699,2.21,2.2699,7404
2022-02-08 14:30:00,2.2699,2.27,2.26,2.26,554
2022-02-08 15:30:00,2.26,2.26,2.24,2.26,2534
2022-02-09 09:30:00,2.27,2.33,2.27,2.3,2671
2022-02-09 10:30:00,2.31,2.31,2.29,2.2901,2178
2022-02-09 11:30:00,2.32,2.34,2.28,2.31,5716
2022-02-09 12:30:00,,,,,0
2022-02-09 13:30:00,2.325,2.3399,2.31,2.32,1744
2022-02-09 14:30:00,2.28,2.3329,2.28,2.31,8998
2022-02-09 15:30:00,2.31,2.34,2.31,2.32,2410
2022-02-10 09:30:00,2.33,2.3528,2.2901,2.3503,1243
2022-02-10 10:30:00,2.31,2.35,2.31,2.3499,6830
2022-02-10 11:30:00,,,,,0
2022-02-10 12:30:00,2.34,2.34,2.3,2.3,5577
2022-02-10 13:30:00,2.31,2.34,2.31,2.3114,4353
2022-02-10 14:30:00,2.3101,2.325,2.28,2.28,5695
2022-02-10 15:30:00,2.3,2.3,2.28,2.28,2393
2022-04-14 09:30:00,2.42,2.4863,2.38,2.38,37229
2022-04-14 10:30:00,2.39,2.4199,2.3702,2.4009,6854
2022-04-14 11:30:00,2.4,2.4093,2.4,2.4011,1226
2022-04-14 12:30:00,2.41,2.41,2.4,2.4063,366
2022-04-14 13:30:00,2.405,2.41,2.4,2.4091,1700
2022-04-14 14:30:00,2.425,2.43,2.42,2.43,2170
2022-04-14 15:30:00,2.43,2.44,2.42,2.44,603
2022-04-18 09:30:00,2.37,2.39,2.26,2.34,27684
2022-04-18 10:30:00,2.35,2.37,2.35,2.35,2447
2022-04-18 11:30:00,2.352,2.36,2.352,2.3522,804
2022-04-18 12:30:00,2.36,2.4,2.35,2.3716,2755
2022-04-18 13:30:00,2.3819,2.39,2.38,2.3814,118
2022-04-18 14:30:00,2.38,2.4,2.38,2.4,11368
2022-04-18 15:30:00,2.3999,2.4,2.37,2.37,10100
2022-04-19 09:30:00,2.39,2.39,2.3505,2.3899,958
2022-04-19 10:30:00,2.375,2.48,2.375,2.4431,5229
2022-04-19 11:30:00,2.49,2.49,2.43,2.44,10458
2022-04-19 12:30:00,2.4752,2.4752,2.41,2.43,302
2022-04-19 13:30:00,2.45,2.48,2.44,2.48,245
2022-04-19 14:30:00,2.4601,2.4831,2.46,2.4831,3183
2022-04-19 15:30:00,2.45,2.455,2.43,2.43,1941
2022-04-20 09:30:00,2.78,2.7999,2.675,2.69,67189
2022-04-20 10:30:00,2.6899,2.69,2.6,2.62,51356
2022-04-20 11:30:00,2.6382,2.6382,2.59,2.61,18476
2022-04-20 12:30:00,2.62,2.62,2.6,2.615,2290
2022-04-20 13:30:00,2.6,2.63,2.57,2.58,15399
2022-04-20 14:30:00,2.55,2.58,2.52,2.54,119725
2022-04-20 15:30:00,2.55,2.58,2.52,2.56,60195
2022-04-21 09:30:00,2.6,2.625,2.52,2.52,7603
2022-04-21 10:30:00,2.54,2.5701,2.5316,2.5552,13461
2022-04-21 11:30:00,2.56,2.5635,2.555,2.555,851
2022-04-21 12:30:00,2.55,2.56,2.55,2.55,2559
2022-04-21 13:30:00,2.55,2.55,2.49,2.492,9158
2022-04-21 14:30:00,2.505,2.505,2.475,2.4752,2770
2022-04-21 15:30:00,2.495,2.53,2.45,2.53,10065
2022-04-22 09:30:00,2.5,2.5699,2.47,2.4809,1848
2022-04-22 10:30:00,2.47,2.49,2.47,2.4843,2399
2022-04-22 11:30:00,2.4899,2.5,2.36,2.499,28218
2022-04-22 12:30:00,2.5,2.5,2.41,2.45,5427
2022-04-22 13:30:00,2.41,2.44,2.3701,2.44,20428
2022-04-22 14:30:00,2.4,2.43,2.36,2.43,8871
2022-04-22 15:30:00,2.41,2.44,2.32,2.44,4396
2022-04-25 09:30:00,2.4,2.4,2.35,2.38,6318
2022-04-25 10:30:00,2.3701,2.44,2.37,2.41,13886
2022-04-25 11:30:00,2.38,2.39,2.38,2.385,564
2022-04-25 12:30:00,2.3941,2.4197,2.3916,2.4,782
2022-04-25 13:30:00,2.4082,2.4754,2.39,2.4754,5504
2022-04-25 14:30:00,2.4661,2.53,2.4661,2.53,2144
2022-04-25 15:30:00,2.51,2.52,2.5,2.51,8098
2022-04-26 09:30:00,2.69,2.69,2.56,2.5784,9931
2022-04-26 10:30:00,2.55,2.56,2.51,2.56,304
2022-04-26 11:30:00,2.53,2.53,2.5,2.51,2839
2022-04-26 12:30:00,2.5243,2.633,2.5243,2.633,226
2022-04-26 13:30:00,2.6,2.6287,2.54,2.54,2590
2022-04-26 14:30:00,2.54,2.5908,2.51,2.54,3343
2022-04-26 15:30:00,2.5117,2.5117,2.48,2.48,4254
2022-04-27 09:30:00,2.49,2.49,2.3909,2.41,3500
2022-04-27 10:30:00,2.37,2.41,2.37,2.405,1563
2022-04-27 11:30:00,2.42,2.475,2.4198,2.47,9095
2022-04-27 12:30:00,2.44,2.44,2.44,2.44,100
2022-04-27 13:30:00,2.4583,2.46,2.45,2.45,2501
2022-04-27 14:30:00,2.4501,2.48,2.45,2.4571,5963
2022-04-27 15:30:00,2.49,2.55,2.47,2.55,1160
2022-04-28 09:30:00,2.51,2.51,2.4705,2.5008,1902
2022-04-28 10:30:00,2.49,2.49,2.46,2.4862,582
2022-04-28 11:30:00,2.47,2.556,2.47,2.556,11703
2022-04-28 12:30:00,2.5146,2.64,2.5146,2.5674,4678
2022-04-28 13:30:00,2.54,2.54,2.4927,2.53,881
2022-04-28 14:30:00,2.5702,2.63,2.5412,2.621,4293
2022-04-28 15:30:00,2.596,2.63,2.596,2.63,797
2022-04-29 09:30:00,2.63,2.63,2.5691,2.5691,1289
2022-04-29 10:30:00,2.63,2.63,2.63,2.63,906
2022-04-29 11:30:00,2.56,2.6,2.56,2.6,29
2022-04-29 12:30:00,2.59,2.6,2.59,2.6,40
2022-04-29 13:30:00,2.6,2.62,2.485,2.5,5913
2022-04-29 14:30:00,2.5,2.51,2.49,2.49,629
2022-04-29 15:30:00,2.49,2.51,2.48,2.48,4893
2022-05-02 09:30:00,2.5,2.545,2.5,2.545,142
2022-05-02 10:30:00,2.5,2.5396,2.5,2.53,203
2022-05-02 11:30:00,2.5091,2.5091,2.5,2.5,4343
2022-05-02 12:30:00,2.4652,2.4652,2.4501,2.4501,55
2022-05-02 13:30:00,2.45,2.46,2.45,2.45,562
2022-05-02 14:30:00,2.431,2.45,2.413,2.45,3231
2022-05-02 15:30:00,2.48,2.51,2.47,2.5095,12151
2022-05-03 09:30:00,2.51,2.52,2.51,2.52,1004
2022-05-03 10:30:00,2.5043,2.5043,2.45,2.473,520
2022-05-03 11:30:00,2.495,2.505,2.49,2.505,1926
2022-05-03 12:30:00,2.5007,2.51,2.5007,2.51,3011
2022-05-03 13:30:00,2.51,2.54,2.5,2.5061,414
2022-05-03 14:30:00,2.54,2.55,2.54,2.55,1902
2022-05-03 15:30:00,2.56,2.6,2.56,2.6,989
2022-05-04 09:30:00,2.62,2.6407,2.5687,2.57,7653
2022-05-04 10:30:00,2.59,2.59,2.5616,2.5616,315
2022-05-04 11:30:00,2.5532,2.59,2.55,2.59,2030
2022-05-04 12:30:00,2.585,2.59,2.564,2.564,24
2022-05-04 13:30:00,2.59,2.59,2.58,2.58,1438
2022-05-04 14:30:00,2.61,2.61,2.57,2.57,1030
2022-05-04 15:30:00,2.595,2.6157,2.57,2.6157,5602
2022-05-05 09:30:00,2.57,2.57,2.55,2.55,5549
2022-05-05 10:30:00,2.52,2.5494,2.52,2.5233,110
2022-05-05 11:30:00,2.5495,2.565,2.5495,2.56,2240
2022-05-05 12:30:00,2.5585,2.56,2.54,2.5486,135
2022-05-05 13:30:00,2.56,2.57,2.5596,2.57,200
2022-05-05 14:30:00,2.56,2.56,2.56,2.56,7
2022-05-05 15:30:00,2.56,2.62,2.5531,2.62,757
2022-05-06 09:30:00,2.6,2.6,2.44,2.55,7895
2022-05-06 10:30:00,2.4472,2.505,2.4408,2.505,295
2022-05-06 11:30:00,,,,,0
2022-05-06 12:30:00,,,,,0
2022-05-06 13:30:00,2.55,2.55,2.4696,2.515,103
2022-05-06 14:30:00,2.55,2.55,2.55,2.55,100
2022-05-06 15:30:00,2.5747,2.5747,2.495,2.55,1507
2022-05-09 09:30:00,2.57,2.58,2.4501,2.4501,855
2022-05-09 10:30:00,2.4668,2.55,2.46,2.55,52
2022-05-09 11:30:00,2.5,2.53,2.49,2.49,1740
2022-05-09 12:30:00,2.4919,2.4919,2.46,2.46,76
2022-05-09 13:30:00,2.48,2.48,2.45,2.45,318
2022-05-09 14:30:00,2.42,2.4499,2.3832,2.4499,1946
2022-05-09 15:30:00,2.4,2.43,2.37,2.37,1275
2022-05-10 09:30:00,2.38,2.43,2.25,2.43,4163
2022-05-10 10:30:00,2.3514,2.36,2.3,2.35,6343
2022-05-10 11:30:00,2.35,2.39,2.3,2.39,6623
2022-05-10 12:30:00,2.4,2.4,2.35,2.3723,1275
2022-05-10 13:30:00,2.39,2.39,2.3501,2.36,3513
2022-05-10 14:30:00,2.354,2.37,2.35,2.37,3150
2022-05-10 15:30:00,2.39,2.39,2.37,2.39,2535
2022-05-11 09:30:00,2.25,2.36,2.25,2.29,7266
2022-05-11 10:30:00,2.3505,2.36,2.35,2.36,243
2022-05-11 11:30:00,2.37,2.38,2.35,2.377,3373
2022-05-11 12:30:00,2.37,2.37,2.31,2.3158,6156
2022-05-11 13:30:00,2.3299,2.3299,2.29,2.3,2333
2022-05-11 14:30:00,2.2956,2.304,2.29,2.2966,6053
2022-05-11 15:30:00,2.29,2.32,2.29,2.31,4623
2022-05-12 09:30:00,2.25,2.27,2.22,2.26,4058
2022-05-12 10:30:00,2.28,2.29,2.2649,2.27,750
2022-05-12 11:30:00,2.3,2.38,2.3,2.36,476
2022-05-12 12:30:00,2.345,2.39,2.3,2.3377,193
2022-05-12 13:30:00,2.34,2.34,2.32,2.33,2346
2022-05-12 14:30:00,2.38,2.38,2.345,2.35,827
2022-05-12 15:30:00,2.37,2.37,2.32,2.37,1047
2022-10-13 09:30:00,1.59,1.59,1.59,1.59,8
2022-10-13 10:30:00,1.6499,1.6499,1.5985,1.5985,79
2022-10-13 11:30:00,1.5889,1.5986,1.58,1.5986,3450
2022-10-13 12:30:00,1.58,1.59,1.58,1.59,1504
2022-10-13 13:30:00,1.6,1.6,1.6,1.6,1745
2022-10-13 14:30:00,1.61,1.6242,1.6,1.6242,7361
2022-10-13 15:30:00,1.5662,1.65,1.5662,1.6,5382
2022-10-14 09:30:00,1.63,1.65,1.63,1.65,50
2022-10-14 10:30:00,1.615,1.65,1.615,1.65,721
2022-10-14 11:30:00,1.65,1.65,1.59,1.59,1067
2022-10-14 12:30:00,,,,,0
2022-10-14 13:30:00,1.65,1.65,1.6105,1.6248,41
2022-10-14 14:30:00,1.6,1.6,1.5915,1.5915,1110
2022-10-14 15:30:00,1.63,1.65,1.6204,1.65,5034
2022-10-17 09:30:00,1.65,1.65,1.59,1.65,1513
2022-10-17 10:30:00,1.64,1.64,1.6,1.6,5356
2022-10-17 11:30:00,1.64,1.65,1.62,1.62,8671
2022-10-17 12:30:00,1.6045,1.6499,1.6045,1.6129,467
2022-10-17 13:30:00,,,,,0
2022-10-17 14:30:00,1.6,1.6,1.58,1.58,1007
2022-10-17 15:30:00,1.58,1.58,1.58,1.58,100
2022-10-18 09:30:00,1.55,1.64,1.5,1.5,4338
2022-10-18 10:30:00,1.54,1.55,1.52,1.55,1503
2022-10-18 11:30:00,1.5491,1.64,1.54,1.54,6467
2022-10-18 12:30:00,,,,,0
2022-10-18 13:30:00,1.5801,1.6383,1.5801,1.6383,53
2022-10-18 14:30:00,1.616,1.64,1.61,1.64,2399
2022-10-18 15:30:00,1.61,1.64,1.61,1.64,764
2022-10-19 09:30:00,1.62,1.65,1.6,1.64,5155
2022-10-19 10:30:00,1.6399,1.65,1.62,1.633,5600
2022-10-19 11:30:00,1.6102,1.615,1.6,1.6,2800
2022-10-19 12:30:00,1.5406,1.5486,1.5406,1.5486,2200
2022-10-19 13:30:00,1.594,1.594,1.575,1.575,600
2022-10-19 14:30:00,,,,,0
2022-10-19 15:30:00,1.575,1.5806,1.55,1.5806,119
2022-10-20 09:30:00,1.64,1.67,1.625,1.625,1240
2022-10-20 10:30:00,1.6499,1.6499,1.62,1.62,45
2022-10-20 11:30:00,1.6335,1.6335,1.6335,1.6335,50
2022-10-20 12:30:00,1.6399,1.6399,1.6399,1.6399,1
2022-10-20 13:30:00,1.64,1.65,1.6365,1.65,5100
2022-10-20 14:30:00,1.65,1.65,1.65,1.65,56
2022-10-20 15:30:00,1.65,1.65,1.6,1.6,5404
2022-10-21 09:30:00,1.76,1.76,1.6513,1.7004,86
2022-10-21 10:30:00,1.64,1.64,1.64,1.64,100
2022-10-21 11:30:00,1.745,1.745,1.7057,1.7057,212
2022-10-21 12:30:00,,,,,0
2022-10-21 13:30:00,,,,,0
2022-10-21 14:30:00,1.7,1.7,1.7,1.7,5
2022-10-21 15:30:00,1.7,1.7,1.7,1.7,269
2022-10-24 09:30:00,1.86,1.86,1.7,1.75,4016
2022-10-24 10:30:00,1.755,1.83,1.75,1.8034,10482
2022-10-24 11:30:00,1.8111,1.83,1.81,1.83,1407
2022-10-24 12:30:00,1.8,1.83,1.8,1.809,158
2022-10-24 13:30:00,1.83,1.83,1.8,1.8299,3701
2022-10-24 14:30:00,1.86,1.885,1.86,1.8815,3757
2022-10-24 15:30:00,1.89,1.9,1.89,1.9,1248
2022-10-25 09:30:00,1.9,2.0,1.8999,1.9799,20759
2022-10-25 10:30:00,1.9799,2.0,1.95,1.9597,80017
2022-10-25 11:30:00,1.9704,1.98,1.96,1.96,12272
2022-10-25 12:30:00,1.955,2.13,1.955,2.13,23956
2022-10-25 13:30:00,2.0938,2.095,2.05,2.07,8651
2022-10-25 14:30:00,2.08,2.09,2.02,2.02,6090
2022-10-25 15:30:00,2.0,2.075,2.0,2.075,10228
2022-10-26 09:30:00,2.19,2.1903,2.07,2.1903,22464
2022-10-26 10:30:00,2.19,2.2851,2.18,2.2562,9886
2022-10-26 11:30:00,2.235,2.25,2.22,2.22,4675
2022-10-26 12:30:00,2.2234,2.25,2.19,2.22,6557
2022-10-26 13:30:00,2.2399,2.3,2.2399,2.2865,2834
2022-10-26 14:30:00,2.25,2.2501,2.195,2.25,10673
2022-10-26 15:30:00,2.1906,2.25,2.1906,2.2219,1545
2022-10-27 09:30:00,2.2,2.22,2.0501,2.13,10230
2022-10-27 10:30:00,2.13,2.13,2.09,2.09,4
2022-10-27 11:30:00,2.118,2.1431,2.118,2.1431,600
2022-10-27 12:30:00,2.15,2.15,2.08,2.08,1485
2022-10-27 13:30:00,2.14,2.15,2.1,2.14,5916
2022-10-27 14:30:00,2.14,2.15,2.1359,2.1487,646
2022-10-27 15:30:00,2.15,2.15,2.14,2.14,415
2022-10-28 09:30:00,2.2,2.2,2.13,2.13,2325
2022-10-28 10:30:00,2.13,2.13,2.0601,2.0601,116
2022-10-28 11:30:00,2.1501,2.1501,2.1001,2.1053,5556
2022-10-28 12:30:00,2.15,2.27,2.15,2.27,7802
2022-10-28 13:30:00,2.3,2.38,2.2187,2.36,5878
2022-10-28 14:30:00,2.3782,2.48,2.34,2.3632,6555
2022-10-28 15:30:00,2.48,2.6541,2.3001,2.59,10720
2022-10-31 09:30:00,2.65,2.75,2.5301,2.5301,24563
2022-10-31 10:30:00,2.6153,2.6153,2.5472,2.59,1173
2022-10-31 11:30:00,2.5473,2.584,2.39,2.39,8568
2022-10-31 12:30:00,2.56,2.59,2.5,2.5,1061
2022-10-31 13:30:00,2.44,2.56,2.41,2.46,4367
2022-10-31 14:30:00,2.58,2.58,2.47,2.52,453
2022-10-31 15:30:00,2.48,2.48,2.41,2.41,13605
2022-11-01 09:30:00,2.5,2.55,2.3901,2.4,25913
2022-11-01 10:30:00,2.395,2.395,2.35,2.3501,11780
2022-11-01 11:30:00,2.3501,2.3612,1.98,2.24,31197
2022-11-01 12:30:00,2.27,2.35,2.2,2.285,8674
2022-11-01 13:30:00,2.2321,2.29,2.2321,2.28,1530
2022-11-01 14:30:00,2.285,2.2999,2.2721,2.2721,1850
2022-11-01 15:30:00,2.2845,2.2845,2.275,2.275,1000
2022-11-02 09:30:00,2.28,2.4197,2.28,2.3902,4636
2022-11-02 10:30:00,2.325,2.34,2.2906,2.335,2593
2022-11-02 11:30:00,2.335,2.335,2.335,2.335,701
2022-11-02 12:30:00,2.3101,2.311,2.26,2.26,2534
2022-11-02 13:30:00,2.3085,2.36,2.3085,2.34,280
2022-11-02 14:30:00,2.3115,2.3149,2.3115,2.3149,618
2022-11-02 15:30:00,2.31,2.31,2.165,2.17,11375
2022-11-03 09:30:00,2.28,2.28,2.15,2.15,2780
2022-11-03 10:30:00,2.1499,2.15,2.08,2.08,9947
2022-11-03 11:30:00,2.14,2.15,2.1,2.1,1081
2022-11-03 12:30:00,2.11,2.12,2.1,2.12,1100
2022-11-03 13:30:00,2.12,2.15,2.12,2.15,38
2022-11-03 14:30:00,2.15,2.15,2.1043,2.11,3059
2022-11-03 15:30:00,2.1,2.12,2.1,2.12,1522
2022-11-04 09:30:00,2.23,2.2588,2.11,2.19,260
2022-11-04 10:30:00,2.1256,2.1999,2.1256,2.1501,5782
2022-11-04 11:30:00,2.17,2.25,2.11,2.25,10003
2022-11-04 12:30:00,,,,,0
2022-11-04 13:30:00,2.19,2.2,2.19,2.19,1276
2022-11-04 14:30:00,2.1953,2.1953,2.1953,2.1953,25
2022-11-04 15:30:00,2.19,2.34,2.19,2.34,3909
2022-11-07 09:30:00,2.46,2.5,2.36,2.36,5078
2022-11-07 10:30:00,2.46,2.5699,2.44,2.44,2470
2022-11-07 11:30:00,2.515,2.57,2.46,2.46,7307
2022-11-07 12:30:00,2.46,2.46,2.415,2.4196,950
2022-11-07 13:30:00,2.405,2.44,2.405,2.44,258
2022-11-07 14:30:00,2.4441,2.45,2.36,2.37,3043
2022-11-07 15:30:00,2.37,2.45,2.37,2.38,107
2022-11-08 09:30:00,2.4,2.4699,2.3601,2.415,3605
2022-11-08 10:30:00,2.4,2.4,2.2701,2.31,4372
2022-11-08 11:30:00,2.3293,2.46,2.26,2.41,2918
2022-11-08 12:30:00,,,,,0
2022-11-08 13:30:00,2.41,2.58,2.41,2.58,17083
2022-11-08 14:30:00,2.548,2.555,2.35,2.49,18744
2022-11-08 15:30:00,2.43,2.445,2.33,2.33,5029
2022-11-09 09:30:00,2.3,2.4,2.3,2.35,8478
2022-11-09 10:30:00,2.35,2.3691,2.34,2.36,178
2022-11-09 11:30:00,2.31,2.36,2.31,2.36,1871
2022-11-09 12:30:00,2.35,2.36,2.2721,2.2721,7415
2022-11-09 13:30:00,2.29,2.29,2.27,2.2873,798
2022-11-09 14:30:00,2.2601,2.28,2.2601,2.28,313
2022-11-09 15:30:00,2.3,2.3762,2.28,2.34,17409
2022-11-10 09:30:00,2.35,2.447,2.34,2.355,19813
2022-11-10 10:30:00,2.3782,2.38,2.325,2.35,3925
2022-11-10 11:30:00,2.35,2.37,2.34,2.3405,2811
2022-11-10 12:30:00,2.35,2.4,2.3378,2.35,4894
2022-11-10 13:30:00,2.3493,2.46,2.34,2.4507,1890
2022-11-10 14:30:00,2.45,2.5,2.41,2.5,11737
2022-11-10 15:30:00,2.445,2.57,2.42,2.43,2526
2022-11-29 09:30:00,3.12,3.1899,3.02,3.15,2262
2022-11-29 10:30:00,3.155,3.18,3.0,3.04,9777
2022-11-29 11:30:00,3.0009,3.03,3.0,3.015,2975
2022-11-29 12:30:00,2.97,3.04,2.97,3.04,8521
2022-11-29 13:30:00,3.011,3.165,3.0,3.0,2821
2022-11-29 14:30:00,3.01,3.12,3.01,3.02,1080
2022-11-29 15:30:00,3.05,3.06,3.02,3.02,451
2022-11-30 09:30:00,3.29,3.3,3.15,3.2208,51079
2022-11-30 10:30:00,3.2584,3.4,3.23,3.25,103199
2022-11-30 11:30:00,3.29,3.35,3.13,3.17,43890
2022-11-30 12:30:00,3.2,3.2759,3.161,3.2,15462
2022-11-30 13:30:00,3.1738,3.26,3.1738,3.2302,16918
2022-11-30 14:30:00,3.24,3.38,3.1903,3.275,25484
2022-11-30 15:30:00,3.23,3.5,3.23,3.48,17383
2022-12-01 09:30:00,3.4,3.42,3.27,3.35,6466
2022-12-01 10:30:00,3.325,3.5,3.3,3.342,20402
2022-12-01 11:30:00,3.35,3.4799,3.33,3.409,971
2022-12-01 12:30:00,3.3788,3.4748,3.3788,3.4748,270
2022-12-01 13:30:00,3.435,3.5665,3.39,3.45,53319
2022-12-01 14:30:00,3.46,3.59,3.42,3.59,26100
2022-12-01 15:30:00,3.57,3.59,3.52,3.55,3054
2022-12-02 09:30:00,3.58,3.6629,3.48,3.6,36709
2022-12-02 10:30:00,3.54,3.64,3.5001,3.555,3230
2022-12-02 11:30:00,3.6,3.6,3.5,3.54,20649
2022-12-02 12:30:00,3.565,3.6,3.5445,3.55,13381
2022-12-02 13:30:00,3.59,3.59,3.5353,3.59,1449
2022-12-02 14:30:00,3.59,3.62,3.41,3.4693,34779
2022-12-02 15:30:00,3.46,3.59,3.46,3.59,2214
2022-12-05 09:30:00,3.62,3.83,3.58,3.69,105512
2022-12-05 10:30:00,3.69,3.69,3.49,3.64,10388
2022-12-05 11:30:00,3.64,3.7,3.58,3.665,9130
2022-12-05 12:30:00,3.6491,3.75,3.6491,3.655,10192
2022-12-05 13:30:00,3.68,3.68,3.58,3.64,3840
2022-12-05 14:30:00,3.64,3.68,3.5604,3.59,12313
2022-12-05 15:30:00,3.5724,3.68,3.5724,3.64,24088
2022-12-06 09:30:00,3.67,3.69,3.55,3.69,3611
2022-12-06 10:30:00,3.685,3.685,3.53,3.58,6744
2022-12-06 11:30:00,3.58,3.65,3.4747,3.49,18615
2022-12-06 12:30:00,3.515,3.56,3.47,3.56,6086
2022-12-06 13:30:00,3.53,3.55,3.46,3.55,5854
2022-12-06 14:30:00,3.55,3.69,3.55,3.65,4575
2022-12-06 15:30:00,3.65,3.69,3.61,3.69,9437
2022-12-07 09:30:00,3.71,3.74,3.59,3.62,26852
2022-12-07 10:30:00,3.65,3.65,3.5801,3.62,3269
2022-12-07 11:30:00,3.62,3.62,3.5801,3.62,2280
2022-12-07 12:30:00,3.62,3.62,3.58,3.62,6998
2022-12-07 13:30:00,3.62,3.655,3.5901,3.655,7225
2022-12-07 14:30:00,3.5901,3.66,3.53,3.5402,21273
2022-12-07 15:30:00,3.595,3.625,3.5263,3.56,7541
2022-12-08 09:30:00,3.68,3.68,3.57,3.64,5495
2022-12-08 10:30:00,3.6,3.64,3.56,3.58,15781
2022-12-08 11:30:00,3.5824,3.6,3.495,3.57,37198
2022-12-08 12:30:00,3.525,3.64,3.5,3.64,2903
2022-12-08 13:30:00,3.65,3.65,3.595,3.61,4434
2022-12-08 14:30:00,3.65,3.8,3.555,3.58,15851
2022-12-08 15:30:00,3.6499,3.65,3.565,3.63,8386
2022-12-09 09:30:00,3.7,3.75,3.59,3.6532,11787
2022-12-09 10:30:00,3.67,3.7,3.61,3.6955,2524
2022-12-09 11:30:00,3.7,3.7,3.64,3.665,9919
2022-12-09 12:30:00,3.665,3.7,3.56,3.64,5391
2022-12-09 13:30:00,3.63,3.64,3.58,3.64,5268
2022-12-09 14:30:00,3.64,3.65,3.58,3.64,4705
2022-12-09 15:30:00,3.61,3.65,3.57,3.63,16555
2022-12-12 09:30:00,3.63,3.7,3.5968,3.69,3848
2022-12-12 10:30:00,3.7,3.7,3.63,3.7,3826
2022-12-12 11:30:00,3.68,3.7,3.62,3.65,2339
2022-12-12 12:30:00,3.65,3.68,3.56,3.56,9344
2022-12-12 13:30:00,3.56,3.6,3.56,3.575,7124
2022-12-12 14:30:00,3.56,3.64,3.55,3.57,10340
2022-12-12 15:30:00,3.57,3.65,3.57,3.62,12472
2022-12-13 09:30:00,3.68,3.7,3.6401,3.65,6838
2022-12-13 10:30:00,3.69,3.69,3.64,3.69,1497
2022-12-13 11:30:00,3.6503,3.78,3.63,3.69859,22137
2022-12-13 12:30:00,3.69859,3.7,3.64,3.66,4719
2022-12-13 13:30:00,3.675,3.8,3.662476,3.72,12668
2022-12-13 14:30:00,3.76,3.86,3.72,3.781578,12885
2022-12-13 15:30:00,3.8,3.82,3.68,3.73,21607
2022-12-14 09:30:00,3.76,3.83,3.65,3.83,12596
2022-12-14 10:30:00,3.75,3.86,3.75,3.85,758
2022-12-14 11:30:00,3.86,3.96,3.8144,3.94,12764
2022-12-14 12:30:00,3.86,3.94,3.86,3.89,5006
2022-12-14 13:30:00,3.8757,3.91,3.74,3.8,9876
2022-12-14 14:30:00,3.8,3.8,3.65,3.65,9258
2022-12-14 15:30:00,3.6634,3.72,3.64,3.64,7494
2022-12-15 09:30:00,3.61,3.86,3.52,3.72,14596
2022-12-15 10:30:00,3.88,3.88,3.74,3.8,9598
2022-12-15 11:30:00,3.81,3.815,3.5992,3.69,20783
2022-12-15 12:30:00,3.665,3.74,3.665,3.72,2469
2022-12-15 13:30:00,3.68,3.6801,3.55,3.57,8258
2022-12-15 14:30:00,3.55,3.62,3.55,3.56,6687
2022-12-15 15:30:00,3.59,3.61,3.5,3.54,10482
2022-12-16 09:30:00,3.59,3.69,3.5886,3.69,6062
2022-12-16 10:30:00,3.66,3.7,3.5,3.5,16188
2022-12-16 11:30:00,3.57,3.65,3.51,3.62,7276
2022-12-16 12:30:00,3.65,3.84,3.64,3.84,4852
2022-12-16 13:30:00,3.84,3.84,3.71,3.73,6145
2022-12-16 14:30:00,3.73,3.77,3.43,3.43,33874
2022-12-16 15:30:00,3.42,3.42,3.12,3.27,110485
2023-01-19 09:30:00,3.5,3.59,3.5,3.55,864
2023-01-19 10:30:00,3.55,3.55,3.55,3.55,8
2023-01-19 11:30:00,3.5711,3.5711,3.52,3.55,226
2023-01-19 12:30:00,3.5501,3.5501,3.5501,3.5501,2
2023-01-19 13:30:00,3.59,3.6256,3.55,3.56,713
2023-01-19 14:30:00,3.5943,3.6299,3.5673,3.57,2348
2023-01-19 15:30:00,3.5967,3.63,3.55,3.63,6062
2023-01-20 09:30:00,3.5,3.61,3.5,3.5797,574
2023-01-20 10:30:00,3.4821,3.59,3.46,3.5684,1351
2023-01-20 11:30:00,3.5123,3.534,3.45,3.46,11703
2023-01-20 12:30:00,3.47,3.4999,3.45,3.45,3356
2023-01-20 13:30:00,3.4557,3.48,3.43,3.47,860
2023-01-20 14:30:00,3.4845,3.58,3.4632,3.58,1480
2023-01-20 15:30:00,3.5357,3.57,3.51,3.51,2908
2023-01-23 09:30:00,3.61,3.6299,3.535,3.5369,1385
2023-01-23 10:30:00,3.53,3.6267,3.5,3.59,10718
2023-01-23 11:30:00,3.55,3.55,3.45,3.4751,8660
2023-01-23 12:30:00,3.4926,3.4947,3.4501,3.47,2709
2023-01-23 13:30:00,3.45,3.515,3.4,3.5048,10441
2023-01-23 14:30:00,3.5,3.52,3.5,3.52,224
2023-01-23 15:30:00,3.5,3.55,3.5,3.55,5033
2023-01-24 09:30:00,3.65,3.8,3.5,3.722,34098
2023-01-24 10:30:00,3.73,3.8903,3.725,3.73,15451
2023-01-24 11:30:00,3.7852,3.7852,3.73,3.765,2701
2023-01-24 12:30:00,3.74,3.79,3.7101,3.7101,6008
2023-01-24 13:30:00,3.76,3.76,3.75,3.76,343
2023-01-24 14:30:00,3.76,3.9483,3.76,3.9,40200
2023-01-24 15:30:00,3.895,3.98,3.8584,3.98,19648
2023-01-25 09:30:00,3.95,3.96,3.92,3.9246,20041
2023-01-25 10:30:00,3.9136,3.93,3.8644,3.88,2660
2023-01-25 11:30:00,3.89,3.89,3.81,3.86,3986
2023-01-25 12:30:00,3.88,3.88,3.73,3.75,2571
2023-01-25 13:30:00,3.7439,3.79,3.69,3.73,2360
2023-01-25 14:30:00,3.69,3.82,3.69,3.81,6526
2023-01-25 15:30:00,3.81,3.81,3.71,3.76,1492
2023-01-26 09:30:00,3.65,3.8,3.61,3.6814,5121
2023-01-26 10:30:00,3.7065,3.79,3.6321,3.75,8442
2023-01-26 11:30:00,3.74,3.79,3.735,3.745,124
2023-01-26 12:30:00,3.745,3.78,3.745,3.78,315
2023-01-26 13:30:00,3.7614,3.84,3.7614,3.81,44
2023-01-26 14:30:00,3.7851,3.8412,3.775,3.83,2473
2023-01-26 15:30:00,3.78,3.8411,3.77,3.83,3704
2023-01-27 09:30:00,3.81,3.89,3.72,3.85,14380
2023-01-27 10:30:00,3.8785,3.89,3.8389,3.865,2833
2023-01-27 11:30:00,3.8811,3.89,3.8674,3.8674,3702
2023-01-27 12:30:00,3.86,3.88,3.84,3.879,1831
2023-01-27 13:30:00,3.8802,3.9032,3.8301,3.8301,14277
2023-01-27 14:30:00,3.882,3.886,3.83,3.83,3628
2023-01-27 15:30:00,3.88,3.9,3.865,3.9,454
2023-01-30 09:30:00,3.92,3.92,3.7195,3.7858,4839
2023-01-30 10:30:00,3.71,3.79,3.71,3.745,5386
2023-01-30 11:30:00,3.76,3.78,3.745,3.745,664
2023-01-30 12:30:00,3.78,3.78,3.75,3.78,1855
2023-01-30 13:30:00,3.78,3.78,3.62,3.71,8372
2023-01-30 14:30:00,3.74,3.75,3.7,3.7048,118
2023-01-30 15:30:00,3.74,3.75,3.69,3.75,3364
2023-01-31 09:30:00,3.69,3.7699,3.661,3.7339,2891
2023-01-31 10:30:00,3.69,3.78,3.69,3.78,4566
2023-01-31 11:30:00,3.74,3.9037,3.74,3.875,11456
2023-01-31 12:30:00,3.91,3.92,3.86,3.92,7151
2023-01-31 13:30:00,3.91,4.02,3.8719,3.964,25213
2023-01-31 14:30:00,4.0,4.02,3.89,3.965,16529
2023-01-31 15:30:00,3.9737,4.0,3.9101,4.0,5902
2023-02-01 09:30:00,4.0,4.36,4.0,4.08,71395
2023-02-01 10:30:00,4.0658,4.1,4.0658,4.08,2865
2023-02-01 11:30:00,4.0732,4.1,4.001,4.0718,8849
2023-02-01 12:30:00,4.04,4.0698,4.0,4.01,2334
2023-02-01 13:30:00,4.03,4.03,3.96,4.0041,13851
2023-02-01 14:30:00,3.995,4.038,3.98,4.038,8423
2023-02-01 15:30:00,4.015,4.05,3.98,3.98,3686
2023-02-02 09:30:00,4.12,4.2099,4.013,4.0205,27863
2023-02-02 10:30:00,4.045,4.09,4.0012,4.01,8947
2023-02-02 11:30:00,4.0251,4.08,4.0099,4.06,19261
2023-02-02 12:30:00,4.0337,4.05,3.9801,4.01,3269
2023-02-02 13:30:00,4.0,4.04,3.9801,4.02,9961
2023-02-02 14:30:00,4.05,4.05,3.99,4.0331,1501
2023-02-02 15:30:00,4.02,4.04,4.0,4.04,2952
2023-02-03 09:30:00,4.08,4.09,3.9901,4.0639,5063
2023-02-03 10:30:00,4.08,4.08,4.0122,4.0122,3487
2023-02-03 11:30:00,4.0122,4.03,3.9401,3.97,1557
2023-02-03 12:30:00,4.0,4.0,3.94,3.9984,703
2023-02-03 13:30:00,3.975,4.03,3.975,4.03,3005
2023-02-03 14:30:00,4.005,4.03,4.0,4.005,393
2023-02-03 15:30:00,4.02,4.07,4.0053,4.07,5632
2023-02-06 09:30:00,3.95,3.985,3.91,3.955,7081
2023-02-06 10:30:00,3.9167,4.01,3.9043,4.01,2415
2023-02-06 11:30:00,4.01,4.02,3.92,3.99,2234
2023-02-06 12:30:00,3.9872,4.02,3.9872,4.02,297
2023-02-06 13:30:00,4.02,4.07,3.98,3.9922,8562
2023-02-06 14:30:00,4.07,4.12,4.04,4.06,13335
2023-02-06 15:30:00,4.06,4.08,3.96,3.96,2364
2023-02-07 09:30:00,4.05,4.3333,4.05,4.3,55275
2023-02-07 10:30:00,4.28,4.33,4.25,4.2867,18965
2023-02-07 11:30:00,4.275,4.34,4.26,4.311,22676
2023-02-07 12:30:00,4.32,4.47,4.3136,4.4,31303
2023-02-07 13:30:00,4.4,4.43,4.3648,4.43,20575
2023-02-07 14:30:00,4.43,4.45,4.37,4.3915,25584
2023-02-07 15:30:00,4.4,4.43,4.33,4.37,16045
2023-02-08 09:30:00,4.5,4.5,4.31,4.37,37850
2023-02-08 10:30:00,4.3411,4.3841,4.2124,4.2601,21599
2023-02-08 11:30:00,4.26,4.3,4.2501,4.28,3118
2023-02-08 12:30:00,4.26,4.2721,4.25,4.25,1756
2023-02-08 13:30:00,4.2238,4.2599,4.21,4.2395,1560
2023-02-08 14:30:00,4.2175,4.2599,4.2,4.2,4082
2023-02-08 15:30:00,4.21,4.21,4.15,4.2098,13133
2023-02-09 09:30:00,4.21,4.32,4.12,4.1993,20193
2023-02-09 10:30:00,4.2,4.225,4.1824,4.185,5761
2023-02-09 11:30:00,4.185,4.27,4.1682,4.1891,3517
2023-02-09 12:30:00,4.175,4.2,4.12,4.18,4051
2023-02-09 13:30:00,4.155,4.1784,4.15,4.1501,2601
2023-02-09 14:30:00,4.15,4.16,4.08,4.0995,3706
2023-02-09 15:30:00,4.1005,4.16,4.09,4.1172,3290
2023-04-13 09:30:00,3.58,3.625,3.5744,3.5744,1819
2023-04-13 10:30:00,3.5502,3.5924,3.53,3.5767,2248
2023-04-13 11:30:00,3.6,3.6,3.25,3.48,32962
2023-04-13 12:30:00,3.59,3.61,3.59,3.61,667
2023-04-13 13:30:00,3.59,3.7271,3.59,3.69,2098
2023-04-13 14:30:00,3.7,3.72,3.6501,3.7,9536
2023-04-13 15:30:00,3.69,3.72,3.63,3.7,2727
2023-04-14 09:30:00,3.645,3.67,3.55,3.5998,1170
2023-04-14 10:30:00,3.62,3.64,3.55,3.64,2375
2023-04-14 11:30:00,3.51,3.51,3.51,3.51,325
2023-04-14 12:30:00,3.61,3.67,3.61,3.67,119
2023-04-14 13:30:00,3.67,3.67,3.59,3.6601,22
2023-04-14 14:30:00,3.645,3.66,3.62,3.63,1132
2023-04-14 15:30:00,3.67,3.67,3.605,3.67,2142
2023-04-17 09:30:00,3.78,3.78,3.1526,3.2725,91734
2023-04-17 10:30:00,3.2501,3.3099,3.2,3.2,46361
2023-04-17 11:30:00,3.2189,3.3099,3.2189,3.2658,5421
2023-04-17 12:30:00,3.2822,3.34,3.27,3.285,13571
2023-04-17 13:30:00,3.26,3.31,3.255,3.265,2379
2023-04-17 14:30:00,3.2501,3.32,3.2501,3.275,12057
2023-04-17 15:30:00,3.2969,3.4,3.29,3.38,13630
2023-04-18 09:30:00,3.41,3.43,3.3,3.415,3244
2023-04-18 10:30:00,3.41,3.49,3.4036,3.4899,3445
2023-04-18 11:30:00,3.49,3.49,3.45,3.49,2740
2023-04-18 12:30:00,3.4501,3.53,3.4001,3.47,10790
2023-04-18 13:30:00,3.47,3.58,3.435,3.58,2697
2023-04-18 14:30:00,3.58,3.61,3.545,3.59,2513
2023-04-18 15:30:00,3.59,3.67,3.48,3.61,7737
2023-04-19 09:30:00,3.6,3.6699,3.55,3.6699,2058
2023-04-19 10:30:00,3.71,3.71,3.6,3.6,4100
2023-04-19 11:30:00,3.6,3.6838,3.57,3.5875,9480
2023-04-19 12:30:00,3.5994,3.5994,3.5994,3.5994,12
2023-04-19 13:30:00,3.6,3.615,3.57,3.6,2601
2023-04-19 14:30:00,3.55,3.6879,3.55,3.6879,2293
2023-04-19 15:30:00,3.72,3.72,3.61,3.61,7548
2023-04-20 09:30:00,3.56,3.6,3.56,3.6,526
2023-04-20 10:30:00,3.575,3.61,3.575,3.61,1304
2023-04-20 11:30:00,3.59,3.61,3.56,3.56,16351
2023-04-20 12:30:00,3.58,3.6,3.56,3.6,1593
2023-04-20 13:30:00,3.5778,3.61,3.575,3.61,1208
2023-04-20 14:30:00,3.61,3.61,3.56,3.56,3532
2023-04-20 15:30:00,3.62,3.64,3.56,3.64,6295
2023-04-21 09:30:00,3.61,3.61,3.49,3.5716,1239
2023-04-21 10:30:00,3.54,3.5699,3.52,3.53,8244
2023-04-21 11:30:00,3.57,3.57,3.54,3.54,30
2023-04-21 12:30:00,3.53,3.53,3.49,3.49,148
2023-04-21 13:30:00,3.5,3.5,3.5,3.5,7
2023-04-21 14:30:00,3.49,3.515,3.49,3.515,4
2023-04-21 15:30:00,3.53,3.59,3.53,3.535,11117
2023-04-24 09:30:00,3.54,3.6784,3.54,3.63,12765
2023-04-24 10:30:00,3.6,3.66,3.59,3.66,7180
2023-04-24 11:30:00,3.6542,3.6542,3.6156,3.62,2109
2023-04-24 12:30:00,3.63,3.6309,3.56,3.59,7732
2023-04-24 13:30:00,3.5627,3.6022,3.5601,3.602,1921
2023-04-24 14:30:00,3.585,3.6,3.5617,3.57,2910
2023-04-24 15:30:00,3.57,3.64,3.57,3.6273,2502
2023-04-25 09:30:00,3.63,3.711,3.59,3.66,10187
2023-04-25 10:30:00,3.76,3.76,3.22,3.55,6546
2023-04-25 11:30:00,3.58,3.62,3.58,3.61,300
2023-04-25 12:30:00,3.6,3.6,3.57,3.57,2692
2023-04-25 13:30:00,3.55,3.55,3.55,3.55,100
2023-04-25 14:30:00,3.51,3.51,3.51,3.51,100
2023-04-25 15:30:00,3.5093,3.5093,3.42,3.46,933
2023-04-26 09:30:00,3.49,3.5009,3.4288,3.5009,69
2023-04-26 10:30:00,3.4982,3.4982,3.47,3.49,1100
2023-04-26 11:30:00,3.46,3.48,3.46,3.47,270
2023-04-26 12:30:00,3.46,3.46,3.46,3.46,25
2023-04-26 13:30:00,,,,,0
2023-04-26 14:30:00,3.4348,3.4348,3.4348,3.4348,3
2023-04-26 15:30:00,3.3936,3.42,3.3936,3.42,43
2023-04-27 09:30:00,3.47,3.49,3.2801,3.46,79
2023-04-27 10:30:00,3.39,3.39,3.3661,3.39,1375
2023-04-27 11:30:00,3.37,3.38,3.3676,3.3685,415
2023-04-27 12:30:00,3.355,3.48,3.34,3.48,1872
2023-04-27 13:30:00,3.49,3.49,3.4592,3.47,629
2023-04-27 14:30:00,3.4599,3.46,3.35,3.43,153
2023-04-27 15:30:00,3.42,3.48,3.4,3.47,3037
2023-04-28 09:30:00,3.4,3.4,3.3,3.3,5833
2023-04-28 10:30:00,3.3,3.39,3.3,3.3887,2826
2023-04-28 11:30:00,3.31,3.38,3.25,3.38,229
2023-04-28 12:30:00,3.37,3.37,3.37,3.37,100
2023-04-28 13:30:00,3.38,3.38,3.2801,3.34,12260
2023-04-28 14:30:00,3.345,3.38,3.3101,3.38,724
2023-04-28 15:30:00,3.355,3.355,3.3,3.3,4368
2023-05-01 09:30:00,3.2,3.325,3.1999,3.2614,6065
2023-05-01 10:30:00,3.2865,3.3099,3.2719,3.3099,953
2023-05-01 11:30:00,3.3,3.31,3.28,3.29,118
2023-05-01 12:30:00,3.285,3.305,3.26,3.28,3256
2023-05-01 13:30:00,3.285,3.29,3.275,3.2899,388
2023-05-01 14:30:00,3.29,3.29,3.2584,3.28,1153
2023-05-01 15:30:00,3.28,3.28,3.26,3.26,816
2023-05-02 09:30:00,3.03,3.23,3.0,3.177,6626
2023-05-02 10:30:00,3.185,3.2,3.13,3.175,549
2023-05-02 11:30:00,3.2,3.245,3.2,3.245,1370
2023-05-02 12:30:00,3.285,3.285,3.2611,3.2611,101
2023-05-02 13:30:00,3.28,3.28,3.265,3.28,384
2023-05-02 14:30:00,3.28,3.28,3.26,3.26,222
2023-05-02 15:30:00,3.265,3.31,3.26,3.26,486
2023-05-03 09:30:00,3.31,3.3431,3.12,3.3,3493
2023-05-03 10:30:00,3.28,3.365,3.28,3.3,279
2023-05-03 11:30:00,3.3299,3.3299,3.3299,3.3299,1
2023-05-03 12:30:00,3.305,3.4,3.275,3.38,7005
2023-05-03 13:30:00,3.375,3.3999,3.37,3.395,2369
2023-05-03 14:30:00,3.385,3.39,3.34,3.38,5506
2023-05-03 15:30:00,3.345,3.39,3.33,3.38,1241
2023-05-04 09:30:00,3.38,3.38,3.38,3.38,1046
2023-05-04 10:30:00,3.3765,3.3765,3.2522,3.2522,27
2023-05-04 11:30:00,3.26,3.3768,3.26,3.315,207
2023-05-04 12:30:00,3.315,3.315,3.27,3.28,1206
2023-05-04 13:30:00,,,,,0
2023-05-04 14:30:00,3.3,3.3,3.2999,3.2999,225
2023-05-04 15:30:00,3.28,3.3,3.25,3.25,962
2023-05-05 09:30:00,3.26,3.4,3.26,3.4,479
2023-05-05 10:30:00,3.4,3.4,3.39,3.4,211
2023-05-05 11:30:00,3.2704,3.4,3.2704,3.4,21
2023-05-05 12:30:00,3.2717,3.4,3.27,3.4,48
2023-05-05 13:30:00,3.34,3.35,3.34,3.35,2461
2023-05-05 14:30:00,3.33,3.35,3.26,3.35,1754
2023-05-05 15:30:00,3.295,3.34,3.25,3.34,665
2023-05-08 09:30:00,3.38,3.38,3.3253,3.3253,118
2023-05-08 10:30:00,,,,,0
2023-05-08 11:30:00,3.32,3.32,3.26,3.26,235
2023-05-08 12:30:00,3.2678,3.32,3.25,3.2748,1858
2023-05-08 13:30:00,3.261,3.261,3.25,3.25,35
2023-05-08 14:30:00,3.25,3.28,3.25,3.25,652
2023-05-08 15:30:00,3.25,3.28,3.25,3.28,567
2023-05-09 09:30:00,3.28,3.48,3.24,3.37,3279
2023-05-09 10:30:00,3.45,3.65,3.45,3.65,3015
2023-05-09 11:30:00,3.6163,3.6699,3.5,3.62,1339
2023-05-09 12:30:00,3.52,3.61,3.52,3.59,1493
2023-05-09 13:30:00,3.55,3.56,3.55,3.56,406
2023-05-09 14:30:00,3.55,3.6,3.53,3.6,398
2023-05-09 15:30:00,3.57,3.57,3.48,3.56,4975
2023-05-10 09:30:00,3.52,3.63,3.4897,3.4897,854
2023-05-10 10:30:00,3.45,3.45,3.38,3.4,2050
2023-05-10 11:30:00,3.4,3.44,3.38,3.44,3752
2023-05-10 12:30:00,3.49,3.5,3.4317,3.5,1285
2023-05-10 13:30:00,3.45,3.5,3.45,3.5,30
2023-05-10 14:30:00,3.5,3.5,3.4596,3.4596,223
2023-05-10 15:30:00,3.5,3.5,3.475,3.5,3625
2023-05-11 09:30:00,3.47,3.5,3.41,3.41,22
2023-05-11 10:30:00,3.44,3.49,3.4,3.41,27657
2023-05-11 11:30:00,3.3601,3.41,3.3601,3.3826,588
2023-05-11 12:30:00,3.3609,3.3609,3.3609,3.3609,1
2023-05-11 13:30:00,3.41,3.41,3.3812,3.41,3187
2023-05-11 14:30:00,3.3912,3.41,3.3912,3.41,112
2023-05-11 15:30:00,3.4,3.41,3.38,3.41,2670
2023-07-13 09:30:00,3.95,3.9822,3.8101,3.89,5765
2023-07-13 10:30:00,3.855,3.89,3.855,3.89,2218
2023-07-13 11:30:00,3.85,3.88,3.8415,3.88,1764
2023-07-13 12:30:00,3.89,3.9799,3.89,3.92,1782
2023-07-13 13:30:00,3.96,3.98,3.92,3.92,1439
2023-07-13 14:30:00,3.94,3.94,3.9,3.9,2141
2023-07-13 15:30:00,3.92,3.95,3.87,3.94,5199
2023-07-14 09:30:00,3.99,3.99,3.79,3.83,10986
2023-07-14 10:30:00,3.81,3.84,3.8081,3.8399,1926
2023-07-14 11:30:00,3.816,3.84,3.81,3.82,398
2023-07-14 12:30:00,3.8,3.84,3.8,3.8001,3803
2023-07-14 13:30:00,3.8275,3.87,3.8103,3.84,280
2023-07-14 14:30:00,3.87,3.87,3.8313,3.87,8269
2023-07-14 15:30:00,3.87,3.88,3.8,3.8,1782
2023-07-17 09:30:00,3.8,3.9,3.7048,3.88,17331
2023-07-17 10:30:00,3.915,3.98,3.88,3.93,16855
2023-07-17 11:30:00,3.9255,3.9255,3.9255,3.9255,15
2023-07-17 12:30:00,3.93,3.95,3.86,3.86,3127
2023-07-17 13:30:00,3.95,3.95,3.93,3.93,1160
2023-07-17 14:30:00,3.91,3.9552,3.91,3.923,2075
2023-07-17 15:30:00,3.9222,3.9222,3.86,3.86,4453
2023-07-18 09:30:00,3.93,3.9705,3.8,3.9705,4064
2023-07-18 10:30:00,3.87,3.96,3.87,3.96,128
2023-07-18 11:30:00,3.9263,3.96,3.9,3.9038,1785
2023-07-18 12:30:00,3.93,3.9996,3.93,3.9996,642
2023-07-18 13:30:00,3.92,3.99,3.89,3.99,3835
2023-07-18 14:30:00,3.945,4.0,3.9266,3.94,255
2023-07-18 15:30:00,3.94,3.94,3.9,3.93,754
2023-07-19 09:30:00,3.92,3.92,3.8262,3.83,1820
2023-07-19 10:30:00,3.9066,3.92,3.8141,3.92,2161
2023-07-19 11:30:00,3.89,3.92,3.89,3.92,17
2023-07-19 12:30:00,3.87,3.92,3.86,3.89,1660
2023-07-19 13:30:00,3.85,3.88,3.84,3.85,1446
2023-07-19 14:30:00,3.8587,3.87,3.8587,3.87,18
2023-07-19 15:30:00,3.8417,3.87,3.8003,3.85,3133
2023-07-20 09:30:00,3.82,3.83,3.7694,3.7694,1207
2023-07-20 10:30:00,3.7699,3.77,3.7096,3.75,5211
2023-07-20 11:30:00,3.75,3.75,3.72,3.73,396
2023-07-20 12:30:00,3.72,3.77,3.71,3.7581,610
2023-07-20 13:30:00,3.77,3.77,3.7286,3.73,71
2023-07-20 14:30:00,3.73,3.75,3.72,3.73,1430
2023-07-20 15:30:00,3.73,3.74,3.71,3.74,1049
2023-07-21 09:30:00,3.73,3.78,3.73,3.78,628
2023-07-21 10:30:00,3.7501,3.79,3.74,3.7518,1526
2023-07-21 11:30:00,3.74,3.75,3.735,3.75,661
2023-07-21 12:30:00,3.77,3.7976,3.74,3.78,114
2023-07-21 13:30:00,3.78,3.7996,3.75,3.79,886
2023-07-21 14:30:00,3.84,3.84,3.7601,3.8,1349
2023-07-21 15:30:00,3.8,3.8,3.76,3.79,1758
2023-07-24 09:30:00,3.65,3.86,3.65,3.74,28765
2023-07-24 10:30:00,3.74,3.75,3.74,3.7439,818
2023-07-24 11:30:00,3.7458,3.76,3.695,3.695,6125
2023-07-24 12:30:00,3.6991,3.78,3.69,3.7519,903
2023-07-24 13:30:00,3.74,3.74,3.7,3.74,1163
2023-07-24 14:30:00,3.715,3.74,3.5601,3.7399,7903
2023-07-24 15:30:00,3.725,3.75,3.675,3.73,7875
2023-07-25 09:30:00,3.68,3.824,3.68,3.76,3025
2023-07-25 10:30:00,3.75,3.7946,3.72,3.745,3804
2023-07-25 11:30:00,3.77,3.82,3.77,3.79,1751
2023-07-25 12:30:00,3.7797,3.7797,3.77,3.7712,2634
2023-07-25 13:30:00,3.77,3.77,3.75,3.75,205
2023-07-25 14:30:00,3.8,3.86,3.75,3.86,8563
2023-07-25 15:30:00,3.86,3.895,3.8,3.86,6842
2023-07-26 09:30:00,3.85,3.85,3.845,3.845,519
2023-07-26 10:30:00,3.845,3.9,3.82,3.85,1792
2023-07-26 11:30:00,3.88,3.91,3.88,3.9,736
2023-07-26 12:30:00,3.9,3.92,3.8712,3.885,3079
2023-07-26 13:30:00,3.885,3.89,3.881,3.881,426
2023-07-26 14:30:00,3.885,3.915,3.8801,3.8801,2239
2023-07-26 15:30:00,3.895,3.91,3.86,3.9,209
2023-07-27 09:30:00,3.94,3.9499,3.89,3.89,3196
2023-07-27 10:30:00,3.87,3.92,3.87,3.92,1542
2023-07-27 11:30:00,3.8843,3.92,3.87,3.89,4801
2023-07-27 12:30:00,3.9599,3.9599,3.93,3.93,15
2023-07-27 13:30:00,3.86,3.945,3.7914,3.8104,1428
2023-07-27 14:30:00,3.8691,3.8699,3.79,3.79,1639
2023-07-27 15:30:00,3.85,3.85,3.77,3.84,1302
2023-07-28 09:30:00,3.85,3.85,3.77,3.82,1587
2023-07-28 10:30:00,3.83,3.91,3.83,3.87,6371
2023-07-28 11:30:00,3.89,3.89,3.85,3.85,3565
2023-07-28 12:30:00,3.85,3.89,3.81,3.89,4088
2023-07-28 13:30:00,3.86,3.97,3.86,3.97,4471
2023-07-28 14:30:00,3.9401,3.978,3.9401,3.978,2415
2023-07-28 15:30:00,3.96,3.98,3.94,3.95,666
2023-07-31 09:30:00,3.99,4.0,3.94,3.94,4824
2023-07-31 10:30:00,3.915,3.98,3.87,3.96,3278
2023-07-31 11:30:00,3.95,4.0,3.95,3.9765,23475
2023-07-31 12:30:00,3.98,4.1322,3.98,4.09,14188
2023-07-31 13:30:00,4.05,4.12,4.05,4.075,14588
2023-07-31 14:30:00,4.09,4.15,4.05,4.1,21935
2023-07-31 15:30:00,4.1131,4.1999,4.1,4.1,7656
2023-08-01 09:30:00,4.2,4.23,4.15,4.1932,13504
2023-08-01 10:30:00,4.23,4.23,4.124,4.18,6820
2023-08-01 11:30:00,4.1889,4.19,4.18,4.18,851
2023-08-01 12:30:00,4.17,4.1844,4.1201,4.14,3317
2023-08-01 13:30:00,4.16,4.19,4.14,4.19,7620
2023-08-01 14:30:00,4.19,4.19,4.16,4.16,5570
2023-08-01 15:30:00,4.16,4.17,4.12,4.15,2661
2023-08-02 09:30:00,4.18,4.18,4.117,4.155,3037
2023-08-02 10:30:00,4.18,4.18,4.1,4.11,1084
2023-08-02 11:30:00,4.15,4.15,4.03,4.03,3190
2023-08-02 12:30:00,4.03,4.1599,4.03,4.0556,226
2023-08-02 13:30:00,4.1,4.155,4.0592,4.155,373
2023-08-02 14:30:00,4.05,4.155,4.05,4.095,1687
2023-08-02 15:30:00,4.145,4.145,4.0401,4.06,64
2023-08-03 09:30:00,4.1,4.1,4.0301,4.0858,451
2023-08-03 10:30:00,4.03,4.09,4.03,4.07,635
2023-08-03 11:30:00,4.03,4.0415,4.0,4.035,4442
2023-08-03 12:30:00,4.05,4.1599,4.0201,4.04,1777
2023-08-03 13:30:00,4.03,4.16,4.03,4.13,359
2023-08-03 14:30:00,4.14,4.16,4.1201,4.135,9783
2023-08-03 15:30:00,4.13,4.16,4.13,4.16,2191
2023-08-04 09:30:00,4.17,4.17,4.13,4.15,5666
2023-08-04 10:30:00,4.16,4.175,4.137,4.137,3374
2023-08-04 11:30:00,4.145,4.18,4.1163,4.18,733
2023-08-04 12:30:00,4.15,4.18,4.1196,4.17,76
2023-08-04 13:30:00,4.155,4.18,4.15,4.165,165
2023-08-04 14:30:00,4.16,4.17,4.1,4.1,1339
2023-08-04 15:30:00,4.091,4.11,4.0297,4.03,773
2023-08-07 09:30:00,4.1,4.2,4.1,4.175,8457
2023-08-07 10:30:00,4.175,4.18,4.14,4.17,2693
2023-08-07 11:30:00,4.12,4.17,4.12,4.1507,5246
2023-08-07 12:30:00,4.16,4.18,4.16,4.1648,6228
2023-08-07 13:30:00,4.17,4.215,4.17,4.2,4015
2023-08-07 14:30:00,4.2,4.3399,4.19,4.25,35073
2023-08-07 15:30:00,4.245,4.27,4.17,4.18,4587
2023-08-08 09:30:00,4.24,4.24,4.21,4.2155,2978
2023-08-08 10:30:00,4.22,4.255,4.19,4.2084,2519
2023-08-08 11:30:00,4.21,4.21,4.2,4.205,54
2023-08-08 12:30:00,4.205,4.29,4.205,4.25,2134
2023-08-08 13:30:00,4.25,4.25,4.2101,4.23,937
2023-08-08 14:30:00,4.25,4.25,4.23,4.24,6726
2023-08-08 15:30:00,4.2436,4.2436,4.15,4.19,5304
2023-08-09 09:30:00,4.16,4.33,4.16,4.16,1295
2023-08-09 10:30:00,4.17,4.2278,4.1,4.1,3156
2023-08-09 11:30:00,4.1,4.14,3.7601,3.86,5096
2023-08-09 12:30:00,3.87,3.9,3.86,3.87,5190
2023-08-09 13:30:00,3.87,3.89,3.87,3.87,2688
2023-08-09 14:30:00,3.87,3.94,3.87,3.9,5531
2023-08-09 15:30:00,3.9,3.935,3.87,3.93,2615
2023-08-10 09:30:00,3.94,4.07,3.89,3.92,8852
2023-08-10 10:30:00,3.9,3.925,3.84,3.9088,2895
2023-08-10 11:30:00,3.9799,3.9799,3.8586,3.8586,2801
2023-08-10 12:30:00,3.99,3.99,3.99,3.99,40
2023-08-10 13:30:00,3.9802,3.9875,3.86,3.86,1117
2023-08-10 14:30:00,3.86,3.895,3.84,3.895,190
2023-08-10 15:30:00,3.86,3.95,3.86,3.93,1610
2023-10-12 09:30:00,3.08,3.2,3.08,3.2,3695
2023-10-12 10:30:00,3.24,3.27,3.1,3.135,6898
2023-10-12 11:30:00,3.1,3.17,3.1,3.1468,5141
2023-10-12 12:30:00,3.1457,3.151,3.13,3.13,240
2023-10-12 13:30:00,3.14,3.15,3.13,3.13,13
2023-10-12 14:30:00,3.1189,3.13,3.1,3.1,974
2023-10-12 15:30:00,3.1,3.12,3.1,3.1,947
2023-10-13 09:30:00,3.11,3.135,3.0943,3.1265,292
2023-10-13 10:30:00,3.09,3.19,3.09,3.16,656
2023-10-13 11:30:00,3.1552,3.1899,3.12,3.16,180
2023-10-13 12:30:00,3.16,3.16,3.1311,3.16,1617
2023-10-13 13:30:00,3.16,3.245,3.12,3.2,9437
2023-10-13 14:30:00,3.2,3.23,3.2,3.21,4288
2023-10-13 15:30:00,3.21,3.2376,3.2,3.2,5157
2023-10-16 09:30:00,3.2,3.2,3.1101,3.2,8106
2023-10-16 10:30:00,3.165,3.31,3.14,3.31,930
2023-10-16 11:30:00,3.245,3.31,3.18,3.245,662
2023-10-16 12:30:00,3.245,3.2899,3.15,3.17,1799
2023-10-16 13:30:00,3.2,3.2,3.2,3.2,106
2023-10-16 14:30:00,3.2,3.23,3.1746,3.23,625
2023-10-16 15:30:00,3.2,3.23,3.11,3.15,13725
2023-10-17 09:30:00,3.15,3.23,3.15,3.23,450
2023-10-17 10:30:00,3.23,3.23,3.16,3.21,4041
2023-10-17 11:30:00,3.24,3.24,3.23,3.23,344
2023-10-17 12:30:00,3.2,3.25,3.19,3.25,1553
2023-10-17 13:30:00,3.28,3.36,3.2247,3.36,447
2023-10-17 14:30:00,3.36,3.37,3.2,3.25,1706
2023-10-17 15:30:00,3.25,3.25,3.15,3.15,2680
2023-10-18 09:30:00,3.15,3.26,3.15,3.245,363
2023-10-18 10:30:00,3.245,3.35,3.16,3.24,4200
2023-10-18 11:30:00,3.24,3.255,3.2,3.24,65
2023-10-18 12:30:00,3.26,3.301,3.24,3.25,1160
2023-10-18 13:30:00,3.27,3.315,3.2113,3.2158,8315
2023-10-18 14:30:00,3.2485,3.265,3.2015,3.24,3778
2023-10-18 15:30:00,3.221,3.2635,3.15,3.15,1948
2023-10-19 09:30:00,3.2,3.234,3.15,3.22,11813
2023-10-19 10:30:00,3.22,3.22,3.16,3.215,360
2023-10-19 11:30:00,3.215,3.26,3.16,3.17,3919
2023-10-19 12:30:00,3.195,3.21,3.16,3.185,1012
2023-10-19 13:30:00,3.185,3.2,3.0816,3.2,4062
2023-10-19 14:30:00,3.23,3.23,3.1,3.15,650
2023-10-19 15:30:00,3.14,3.14,3.1,3.14,328
2023-10-20 09:30:00,3.14,3.26,3.14,3.18,1816
2023-10-20 10:30:00,3.22,3.22,3.08,3.08,149
2023-10-20 11:30:00,3.1985,3.2,3.09,3.09,1618
2023-10-20 12:30:00,3.09,3.1879,3.08,3.1776,756
2023-10-20 13:30:00,3.19,3.25,3.14,3.25,106
2023-10-20 14:30:00,3.13,3.13,3.03,3.03,2526
2023-10-20 15:30:00,3.03,3.06,2.99,3.0331,5434
2023-10-23 09:30:00,3.07,3.115,3.07,3.105,448
2023-10-23 10:30:00,,,,,0
2023-10-23 11:30:00,3.06,3.1,3.06,3.08,182
2023-10-23 12:30:00,3.14,3.14,3.14,3.14,5
2023-10-23 13:30:00,3.101,3.25,3.101,3.15,5100
2023-10-23 14:30:00,3.1517,3.215,3.115,3.115,1407
2023-10-23 15:30:00,3.135,3.1461,3.06,3.1241,3594
2023-10-24 09:30:00,3.09,3.2,3.09,3.11,293
2023-10-24 10:30:00,3.11,3.11,3.11,3.11,165
2023-10-24 11:30:00,3.2,3.2,3.15,3.15,127
2023-10-24 12:30:00,3.15,3.15,3.15,3.15,1
2023-10-24 13:30:00,3.17,3.17,3.15,3.15,654
2023-10-24 14:30:00,3.15,3.16,3.11,3.11,2877
2023-10-24 15:30:00,3.11,3.16,3.1,3.14,1656
2023-10-25 09:30:00,3.11,3.2025,3.007,3.19,2523
2023-10-25 10:30:00,3.1,3.15,3.1,3.1,4516
2023-10-25 11:30:00,3.1,3.145,3.05,3.05,812
2023-10-25 12:30:00,3.12,3.12,3.09,3.09,710
2023-10-25 13:30:00,3.057,3.0869,3.057,3.0869,360
2023-10-25 14:30:00,3.0665,3.1,3.065,3.08,1173
2023-10-25 15:30:00,3.08,3.08,3.0,3.03,1265
2023-10-26 09:30:00,3.01,3.145,3.01,3.06,1669
2023-10-26 10:30:00,3.07,3.1179,3.0618,3.11,495
2023-10-26 11:30:00,3.11,3.11,3.07,3.07,1770
2023-10-26 12:30:00,3.19,3.19,3.06,3.105,1217
2023-10-26 13:30:00,3.07,3.085,3.05,3.08,2518
2023-10-26 14:30:00,3.08,3.09,3.05,3.08,2589
2023-10-26 15:30:00,3.05,3.05,2.975,3.01,16285
2023-10-27 09:30:00,3.02,3.076,3.0101,3.027,1604
2023-10-27 10:30:00,3.01,3.027,3.01,3.027,489
2023-10-27 11:30:00,3.1,3.1,3.0,3.0,259
2023-10-27 12:30:00,3.1,3.1,3.1,3.1,10
2023-10-27 13:30:00,3.06,3.06,2.9201,3.01,5029
2023-10-27 14:30:00,3.0,3.13,2.93,3.045,7445
2023-10-27 15:30:00,3.04,3.14,2.92,2.92,11362
2023-10-30 09:30:00,2.97,3.11,2.89,2.915,8188
2023-10-30 10:30:00,2.97,3.03,2.9523,2.97,740
2023-10-30 11:30:00,2.97,2.99,2.97,2.97,694
2023-10-30 12:30:00,2.97,3.01,2.95,2.95,736
2023-10-30 13:30:00,3.0025,3.0025,2.9,2.92,3295
2023-10-30 14:30:00,2.9362,2.99,2.91,2.99,3506
2023-10-30 15:30:00,2.965,2.99,2.8707,2.92,11527
2023-10-31 09:30:00,2.95,3.02,2.95,2.99,5418
2023-10-31 10:30:00,2.9684,2.9913,2.955,2.955,531
2023-10-31 11:30:00,2.98,2.98,2.98,2.98,250
2023-10-31 12:30:00,2.99,3.02,2.96,3.02,6004
2023-10-31 13:30:00,2.961,3.0174,2.961,3.0174,515
2023-10-31 14:30:00,2.99,2.99,2.97,2.97,271
2023-10-31 15:30:00,2.97,3.021,2.97,3.0077,1577
2023-11-01 09:30:00,3.03,3.03,2.97,2.97,1800
2023-11-01 10:30:00,2.98,3.0485,2.97,2.97,7014
2023-11-01 11:30:00,2.97,3.01,2.94,2.94,3482
2023-11-01 12:30:00,2.95,3.0368,2.95,2.96,4785
2023-11-01 13:30:00,2.96,2.96,2.95,2.955,214
2023-11-01 14:30:00,2.95,2.96,2.94,2.955,2128
2023-11-01 15:30:00,2.9502,2.9502,2.86,2.91,10020
2023-11-02 09:30:00,2.9,3.0,2.87,2.94,3770
2023-11-02 10:30:00,2.94,2.99,2.94,2.99,19
2023-11-02 11:30:00,3.0,3.0199,2.93,3.0199,1114
2023-11-02 12:30:00,2.95,2.98,2.95,2.98,25
2023-11-02 13:30:00,2.99,3.0,2.99,3.0,22
2023-11-02 14:30:00,2.9101,3.0,2.9101,2.96,71
2023-11-02 15:30:00,2.9652,2.99,2.95,2.95,700
2023-11-03 09:30:00,2.96,3.0,2.96,3.0,712
2023-11-03 10:30:00,2.9945,3.0496,2.9945,3.0496,3039
2023-11-03 11:30:00,2.9902,3.01,2.9902,3.01,300
2023-11-03 12:30:00,3.01,3.05,3.01,3.05,1479
2023-11-03 13:30:00,3.0329,3.105,3.0329,3.105,4932
2023-11-03 14:30:00,3.06,3.1,3.03,3.06,11510
2023-11-03 15:30:00,3.0708,3.08,3.0,3.02,8286
2023-11-06 09:30:00,3.05,3.11,3.0,3.0221,18300
2023-11-06 10:30:00,3.19,3.19,3.02,3.11,288
2023-11-06 11:30:00,3.11,3.18,3.02,3.05,1820
2023-11-06 12:30:00,3.115,3.17,3.05,3.075,3371
2023-11-06 13:30:00,3.08,3.12,3.02,3.11,1589
2023-11-06 14:30:00,3.07,3.11,3.01,3.03,2382
2023-11-06 15:30:00,3.1,3.1,3.05,3.07,1230
2023-11-07 09:30:00,3.07,3.18,3.07,3.18,302
2023-11-07 10:30:00,3.05,3.1899,2.925,3.0,16327
2023-11-07 11:30:00,3.15,3.15,3.1,3.15,31
2023-11-07 12:30:00,3.13,3.13,3.06,3.1,1540
2023-11-07 13:30:00,3.09,3.1,3.05,3.061,2795
2023-11-07 14:30:00,3.12,3.17,3.06,3.14,1808
2023-11-07 15:30:00,3.1229,3.14,3.06,3.088,458
2023-11-08 09:30:00,3.05,3.19,3.05,3.0859,7160
2023-11-08 10:30:00,3.135,3.1501,3.06,3.0801,4631
2023-11-08 11:30:00,3.0881,3.093,3.03,3.03,2591
2023-11-08 12:30:00,3.1335,3.1335,3.0,3.0,12546
2023-11-08 13:30:00,3.0,3.06,3.0,3.01,1469
2023-11-08 14:30:00,3.01,3.0299,3.0,3.01,1228
2023-11-08 15:30:00,3.01,3.0299,3.0,3.01,140
2024-01-18 09:30:00,2.42,2.52,2.37,2.475,1449
2024-01-18 10:30:00,2.485,2.495,2.4,2.49,2226
2024-01-18 11:30:00,2.49,2.515,2.4,2.505,7654
2024-01-18 12:30:00,2.505,2.56,2.4,2.41,7301
2024-01-18 13:30:00,2.41,2.5243,2.41,2.46,9095
2024-01-18 14:30:00,2.4601,2.51,2.44,2.441,2297
2024-01-18 15:30:00,2.5064,2.52,2.48,2.52,2297
2024-01-19 09:30:00,2.5,2.5601,2.5,2.5601,7230
2024-01-19 10:30:00,2.56,2.56,2.5,2.5,6962
2024-01-19 11:30:00,2.54,2.54,2.49,2.49,657
2024-01-19 12:30:00,2.49,2.52,2.46,2.52,709
2024-01-19 13:30:00,2.51,2.545,2.5,2.5,5385
2024-01-19 14:30:00,2.5,2.54,2.49,2.5,10406
2024-01-19 15:30:00,2.49,2.57,2.49,2.51,1279
2024-01-22 09:30:00,2.57,2.5999,2.51,2.56,289508
2024-01-22 10:30:00,2.58,2.67,2.58,2.63,4582
2024-01-22 11:30:00,2.59,2.67,2.59,2.6,10637
2024-01-22 12:30:00,2.6,2.6699,2.59,2.59,17950
2024-01-22 13:30:00,2.59,2.69,2.59,2.59,18503
2024-01-22 14:30:00,2.59,2.6999,2.5807,2.6999,9186
2024-01-22 15:30:00,2.69,2.69,2.6,2.6401,2955
2024-01-23 09:30:00,2.63,2.67,2.535,2.66,4054
2024-01-23 10:30:00,2.66,2.66,2.62,2.657,1652
2024-01-23 11:30:00,2.66,2.6757,2.66,2.6757,23
2024-01-23 12:30:00,2.66,2.6933,2.66,2.6933,807
2024-01-23 13:30:00,2.695,2.8,2.69,2.7001,40174
2024-01-23 14:30:00,2.7,2.74,2.63,2.675,19068
2024-01-23 15:30:00,2.675,2.725,2.63,2.66,5598
2024-01-24 09:30:00,2.7,2.7999,2.7,2.75,9586
2024-01-24 10:30:00,2.75,2.755,2.7,2.71,5809
2024-01-24 11:30:00,2.74,2.74,2.69,2.69,8633
2024-01-24 12:30:00,2.68,2.71,2.68,2.68,4275
2024-01-24 13:30:00,2.66,2.742,2.66,2.69,1052
2024-01-24 14:30:00,2.67,2.68,2.6,2.6,2380
2024-01-24 15:30:00,2.605,2.68,2.6,2.66,10281
2024-01-25 09:30:00,2.63,2.78,2.63,2.76,15252
2024-01-25 10:30:00,2.792,2.792,2.71,2.71,9878
2024-01-25 11:30:00,2.71,2.71,2.65,2.7,1782
2024-01-25 12:30:00,2.695,2.72,2.69,2.71,4643
2024-01-25 13:30:00,2.71,2.72,2.71,2.71,3134
2024-01-25 14:30:00,2.71,2.72,2.6992,2.72,3950
2024-01-25 15:30:00,2.72,2.75,2.7,2.75,11375
2024-01-26 09:30:00,2.75,2.9,2.7461,2.75,19209
2024-01-26 10:30:00,2.8258,2.83,2.74,2.79,3229
2024-01-26 11:30:00,2.7483,2.805,2.7483,2.805,505
2024-01-26 12:30:00,2.805,2.805,2.7001,2.72,5816
2024-01-26 13:30:00,2.73,2.73,2.72,2.729,1005
2024-01-26 14:30:00,2.7205,2.8214,2.72,2.75,14739
2024-01-26 15:30:00,2.7401,2.805,2.74,2.77,2077
2024-01-29 09:30:00,2.79,2.79,2.71,2.71,6801
2024-01-29 10:30:00,2.7446,2.7899,2.71,2.71,1345
2024-01-29 11:30:00,2.73,2.78,2.728,2.75,8629
2024-01-29 12:30:00,2.74,2.74,2.68,2.7,2610
2024-01-29 13:30:00,2.69,2.7084,2.69,2.698,336
2024-01-29 14:30:00,2.691,2.7,2.68,2.6911,1706
2024-01-29 15:30:00,2.69,2.75,2.68,2.75,20686
2024-01-30 09:30:00,2.7,2.75,2.68,2.75,8091
2024-01-30 10:30:00,2.745,2.745,2.71,2.71,1729
2024-01-30 11:30:00,2.71,2.73,2.69,2.71,5837
2024-01-30 12:30:00,2.7,2.7114,2.7,2.7114,781
2024-01-30 13:30:00,2.71,2.7284,2.66,2.66,2673
2024-01-30 14:30:00,2.66,2.69,2.65,2.685,10132
2024-01-30 15:30:00,2.685,2.71,2.68,2.71,2114
2024-01-31 09:30:00,2.66,2.7899,2.66,2.736,12150
2024-01-31 10:30:00,2.74,2.75,2.7239,2.74,1299
2024-01-31 11:30:00,2.7499,2.75,2.7201,2.75,872
2024-01-31 12:30:00,2.75,2.75,2.72,2.735,968
2024-01-31 13:30:00,2.7337,2.755,2.72,2.72,4925
2024-01-31 14:30:00,2.71,2.7101,2.68,2.68,7122
2024-01-31 15:30:00,2.71,2.73,2.68,2.72,1291
2024-02-01 09:30:00,2.72,2.72,2.68,2.68,546
2024-02-01 10:30:00,2.74,2.74,2.71,2.7347,455
2024-02-01 11:30:00,2.71,2.71,2.69,2.69,689
2024-02-01 12:30:00,2.71,2.72,2.69,2.71,5072
2024-02-01 13:30:00,2.72,2.73,2.72,2.7288,217
2024-02-01 14:30:00,2.73,2.74,2.7258,2.7258,936
2024-02-01 15:30:00,2.72,2.74,2.71,2.72,6784
2024-02-02 09:30:00,2.73,2.73,2.71,2.71,206
2024-02-02 10:30:00,2.705,2.7229,2.69,2.702,835
2024-02-02 11:30:00,2.7299,2.7299,2.7,2.715,238
2024-02-02 12:30:00,2.72,2.72,2.72,2.72,1
2024-02-02 13:30:00,2.7299,2.7299,2.72,2.7201,223
2024-02-02 14:30:00,2.73,2.77,2.72,2.77,3246
2024-02-02 15:30:00,2.78,2.8,2.7401,2.78,37703
2024-02-05 09:30:00,2.76,2.77,2.72,2.72,8236
2024-02-05 10:30:00,2.7127,2.77,2.7127,2.75,4174
2024-02-05 11:30:00,2.7402,2.77,2.71,2.74,5468
2024-02-05 12:30:00,2.735,2.7499,2.72,2.74,1252
2024-02-05 13:30:00,2.7157,2.74,2.71,2.74,394
2024-02-05 14:30:00,2.74,2.76,2.7387,2.74,880
2024-02-05 15:30:00,2.75,2.75,2.72,2.75,2903
2024-02-06 09:30:00,2.75,2.779,2.72,2.7592,16468
2024-02-06 10:30:00,2.76,2.84,2.7515,2.84,14504
2024-02-06 11:30:00,2.84,2.89,2.79,2.79,24669
2024-02-06 12:30:00,2.8,2.83,2.8,2.815,5471
2024-02-06 13:30:00,2.8127,2.83,2.8127,2.8229,3800
2024-02-06 14:30:00,2.825,2.83,2.82,2.83,267
2024-02-06 15:30:00,2.825,2.84,2.81,2.82,9229
2024-02-07 09:30:00,2.84,2.87,2.8,2.82,6746
2024-02-07 10:30:00,2.84,2.84,2.8,2.84,2604
2024-02-07 11:30:00,2.83,2.84,2.763,2.83,3830
2024-02-07 12:30:00,2.82,2.825,2.8,2.82,2697
2024-02-07 13:30:00,2.82,2.84,2.81,2.815,1569
2024-02-07 14:30:00,2.815,2.83,2.785,2.8,5680
2024-02-07 15:30:00,2.82,2.82,2.78,2.8,3748
2024-02-08 09:30:00,2.84,2.8551,2.8,2.8105,5585
2024-02-08 10:30:00,2.81,2.82,2.7901,2.82,7258
2024-02-08 11:30:00,2.8444,2.85,2.84,2.8486,250
2024-02-08 12:30:00,2.84,2.84,2.83,2.8301,900
2024-02-08 13:30:00,2.8499,2.8499,2.84,2.8485,645
2024-02-08 14:30:00,2.84,2.85,2.83,2.84,737
2024-02-08 15:30:00,2.84,2.84,2.81,2.82,1778
2024-04-18 09:30:00,2.73,2.7385,2.68,2.73,3745
2024-04-18 10:30:00,2.73,2.74,2.65,2.65,4027
2024-04-18 11:30:00,2.71,2.76,2.71,2.76,432
2024-04-18 12:30:00,2.74,2.74,2.705,2.71,280
2024-04-18 13:30:00,2.71,2.715,2.65,2.68,15883
2024-04-18 14:30:00,2.6616,2.685,2.63,2.63,1270
2024-04-18 15:30:00,2.64,2.7,2.6201,2.7,5667
2024-04-19 09:30:00,2.66,2.7361,2.62,2.66,1670
2024-04-19 10:30:00,2.62,2.62,2.5101,2.5799,7552
2024-04-19 11:30:00,2.63,2.64,2.62,2.63,443
2024-04-19 12:30:00,2.625,2.67,2.61,2.67,1998
2024-04-19 13:30:00,2.705,2.72,2.705,2.72,130
2024-04-19 14:30:00,2.73,2.73,2.68,2.69,296
2024-04-19 15:30:00,2.7099,2.71,2.6,2.61,21885
2024-04-22 09:30:00,2.64,2.6673,2.6,2.6452,3341
2024-04-22 10:30:00,2.65,2.68,2.645,2.68,1100
2024-04-22 11:30:00,2.68,2.8926,2.66,2.6999,116279
2024-04-22 12:30:00,2.6999,2.8135,2.6501,2.8135,10247
2024-04-22 13:30:00,2.83,2.8485,2.7102,2.8485,281
2024-04-22 14:30:00,2.84,2.84,2.6501,2.7,8432
2024-04-22 15:30:00,2.7007,2.76,2.69,2.745,10131
2024-04-23 09:30:00,2.72,2.765,2.65,2.715,14918
2024-04-23 10:30:00,2.72,2.78,2.7,2.78,5696
2024-04-23 11:30:00,2.7721,2.7721,2.76,2.76,850
2024-04-23 12:30:00,2.74,2.7796,2.74,2.74,7395
2024-04-23 13:30:00,2.74,2.75,2.71,2.73,9347
2024-04-23 14:30:00,2.72,2.75,2.69,2.717,13403
2024-04-23 15:30:00,2.705,2.7099,2.67,2.68,3167
2024-04-24 09:30:00,2.67,2.75,2.67,2.7382,4932
2024-04-24 10:30:00,2.735,2.748,2.675,2.68,21299
2024-04-24 11:30:00,2.675,2.69,2.675,2.6814,825
2024-04-24 12:30:00,2.7,2.7336,2.69,2.7183,3666
2024-04-24 13:30:00,2.735,2.735,2.735,2.735,6
2024-04-24 14:30:00,2.735,2.7392,2.7,2.73,1102
2024-04-24 15:30:00,2.7378,2.75,2.7,2.73,32934
2024-04-25 09:30:00,2.7,2.7636,2.6954,2.7376,327
2024-04-25 10:30:00,2.73,2.73,2.71,2.71,150
2024-04-25 11:30:00,2.7373,2.75,2.73,2.74,11
2024-04-25 12:30:00,2.7313,2.74,2.69,2.69,7329
2024-04-25 13:30:00,2.6899,2.71,2.67,2.71,14568
2024-04-25 14:30:00,2.74,2.748,2.72,2.72,12
2024-04-25 15:30:00,2.73,2.73,2.71,2.72,783
2024-04-26 09:30:00,2.7,2.74,2.67,2.68,2696
2024-04-26 10:30:00,2.73,2.73,2.6902,2.7,7809
2024-04-26 11:30:00,2.705,2.72,2.7,2.7,2415
2024-04-26 12:30:00,2.7,2.7,2.65,2.65,5502
2024-04-26 13:30:00,2.6785,2.7178,2.665,2.7178,7378
2024-04-26 14:30:00,2.7,2.715,2.7,2.71,1050
2024-04-26 15:30:00,2.7,2.71,2.6201,2.65,23799
2024-04-29 09:30:00,2.69,2.8,2.68,2.7065,29706
2024-04-29 10:30:00,2.705,2.715,2.7,2.715,5014
2024-04-29 11:30:00,2.71,2.74,2.68,2.74,7924
2024-04-29 12:30:00,2.71,2.77,2.71,2.75,26564
2024-04-29 13:30:00,2.7492,2.76,2.72,2.73,5009
2024-04-29 14:30:00,2.7405,2.76,2.7187,2.73,12456
2024-04-29 15:30:00,2.75,2.77,2.72,2.75,15574
2024-04-30 09:30:00,2.75,2.786,2.7107,2.78,1414
2024-04-30 10:30:00,2.76,2.76,2.7,2.7,1793
2024-04-30 11:30:00,2.72,2.72,2.66,2.67,617
2024-04-30 12:30:00,2.69,2.69,2.66,2.66,2009
2024-04-30 13:30:00,2.66,2.69,2.65,2.67,1167
2024-04-30 14:30:00,2.69,2.69,2.64,2.645,11066
2024-04-30 15:30:00,2.64,2.65,2.62,2.62,9778
2024-05-01 09:30:00,2.62,2.71,2.62,2.65,5556
2024-05-01 10:30:00,2.6818,2.6818,2.65,2.67,303
2024-05-01 11:30:00,2.67,2.7,2.6527,2.7,3351
2024-05-01 12:30:00,2.69,2.69,2.65,2.66,1340
2024-05-01 13:30:00,2.684,2.684,2.66,2.665,354
2024-05-01 14:30:00,2.66,2.68,2.64,2.65,12403
2024-05-01 15:30:00,2.64,2.66,2.6,2.6,5129
2024-05-02 09:30:00,2.64,2.67,2.5627,2.605,12427
2024-05-02 10:30:00,2.5823,2.63,2.55,2.57,1851
2024-05-02 11:30:00,2.57,2.5899,2.54,2.5785,4536
2024-05-02 12:30:00,2.565,2.57,2.54,2.56,6878
2024-05-02 13:30:00,2.56,2.62,2.55,2.5852,10011
2024-05-02 14:30:00,2.61,2.61,2.595,2.61,106
2024-05-02 15:30:00,2.61,2.61,2.56,2.585,3652
2024-05-03 09:30:00,2.55,2.7,2.54,2.6008,13344
2024-05-03 10:30:00,2.615,2.64,2.6061,2.63,2149
2024-05-03 11:30:00,2.61,2.65,2.61,2.64,4366
2024-05-03 12:30:00,2.64,2.64,2.57,2.6,3339
2024-05-03 13:30:00,2.6,2.64,2.58,2.58,18526
2024-05-03 14:30:00,2.61,2.61,2.57,2.58,2084
2024-05-03 15:30:00,2.58,2.59,2.52,2.535,12787
2024-05-06 09:30:00,2.53,2.61,2.52,2.6,19726
2024-05-06 10:30:00,2.5893,2.61,2.55,2.55,56827
2024-05-06 11:30:00,2.575,2.6,2.575,2.6,5126
2024-05-06 12:30:00,2.62,2.68,2.62,2.65,35143
2024-05-06 13:30:00,2.65,2.71,2.629,2.6802,23198
2024-05-06 14:30:00,2.66,2.72,2.65,2.697,7692
2024-05-06 15:30:00,2.67,2.69,2.66,2.665,1949
2024-05-07 09:30:00,2.69,2.73,2.65,2.7,8164
2024-05-07 10:30:00,2.68,2.69,2.65,2.65,666
2024-05-07 11:30:00,2.68,2.68,2.66,2.6782,176
2024-05-07 12:30:00,2.67,2.68,2.67,2.6799,250
2024-05-07 13:30:00,2.6601,2.68,2.66,2.66,197
2024-05-07 14:30:00,2.68,2.68,2.66,2.66,1133
2024-05-07 15:30:00,2.67,2.67,2.65,2.65,3108
2024-05-08 09:30:00,2.65,2.6965,2.65,2.68,545
2024-05-08 10:30:00,2.6768,2.6884,2.6768,2.6884,450
2024-05-08 11:30:00,2.672,2.672,2.65,2.6501,5750
2024-05-08 12:30:00,2.66,2.66,2.63,2.66,6256
2024-05-08 13:30:00,,,,,0
2024-05-08 14:30:00,2.63,2.6483,2.62,2.6309,4545
2024-05-08 15:30:00,2.6312,2.65,2.62,2.62,6850
2024-05-09 09:30:00,2.69,2.71,2.64,2.655,10882
2024-05-09 10:30:00,2.662,2.662,2.662,2.662,50
2024-05-09 11:30:00,2.65,2.6501,2.61,2.63,33820
2024-05-09 12:30:00,2.62,2.67,2.62,2.6592,1499
2024-05-09 13:30:00,2.6489,2.65,2.59,2.635,16587
2024-05-09 14:30:00,2.62,2.65,2.62,2.65,1866
2024-05-09 15:30:00,2.65,2.65,2.62,2.64,3340
2024-07-18 09:30:00,2.4,2.41,2.39,2.3926,327
2024-07-18 10:30:00,2.39,2.39,2.36,2.38,352
2024-07-18 11:30:00,2.3622,2.38,2.3622,2.38,6000
2024-07-18 12:30:00,2.4,2.4,2.4,2.4,1
2024-07-18 13:30:00,,,,,0
2024-07-18 14:30:00,2.38,2.4,2.38,2.38,602
2024-07-18 15:30:00,2.39,2.4,2.37,2.37,291
2024-07-19 09:30:00,2.36,2.41,2.35,2.36,5555
2024-07-19 10:30:00,2.35,2.3584,2.35,2.3584,459
2024-07-19 11:30:00,2.35,2.3504,2.35,2.3504,1106
2024-07-19 12:30:00,2.36,2.37,2.3501,2.36,1164
2024-07-19 13:30:00,2.35,2.35,2.35,2.35,200
2024-07-19 14:30:00,2.3688,2.37,2.35,2.35,5111
2024-07-19 15:30:00,2.3699,2.39,2.35,2.37,1049
2024-07-22 09:30:00,2.35,2.38,2.35,2.365,1567
2024-07-22 10:30:00,2.36,2.36,2.35,2.35,155
2024-07-22 11:30:00,,,,,0
2024-07-22 12:30:00,2.3601,2.3601,2.36,2.36,557
2024-07-22 13:30:00,2.36,2.36,2.35,2.35,190
2024-07-22 14:30:00,2.3594,2.3594,2.35,2.35,166
2024-07-22 15:30:00,2.355,2.38,2.35,2.36,2348
2024-07-23 09:30:00,2.37,2.4,2.3633,2.375,82
2024-07-23 10:30:00,2.36,2.3889,2.36,2.3889,60
2024-07-23 11:30:00,2.3713,2.389,2.3713,2.3884,682
2024-07-23 12:30:00,2.39,2.42,2.39,2.42,3334
2024-07-23 13:30:00,2.42,2.43,2.39,2.39,311
2024-07-23 14:30:00,2.41,2.415,2.41,2.415,100
2024-07-23 15:30:00,2.416,2.43,2.4,2.4,4674
2024-07-24 09:30:00,2.44,2.44,2.38,2.3801,1616
2024-07-24 10:30:00,2.38,2.38,2.38,2.38,343
2024-07-24 11:30:00,2.39,2.4174,2.39,2.4174,87
2024-07-24 12:30:00,2.405,2.4173,2.405,2.4173,25
2024-07-24 13:30:00,2.3914,2.3914,2.38,2.39,2600
2024-07-24 14:30:00,2.3932,2.41,2.3932,2.41,18
2024-07-24 15:30:00,2.41,2.41,2.38,2.38,183
2024-07-25 09:30:00,2.405,2.41,2.4,2.4,83
2024-07-25 10:30:00,2.39,2.42,2.39,2.42,5210
2024-07-25 11:30:00,2.4199,2.42,2.41,2.42,407
2024-07-25 12:30:00,2.41,2.43,2.41,2.415,1323
2024-07-25 13:30:00,2.415,2.43,2.4001,2.43,4359
2024-07-25 14:30:00,2.43,2.43,2.4052,2.41,14960
2024-07-25 15:30:00,2.415,2.45,2.4,2.435,2646
2024-07-26 09:30:00,2.4,2.49,2.4,2.4318,1465
2024-07-26 10:30:00,2.455,2.4899,2.42,2.42,295
2024-07-26 11:30:00,2.44,2.44,2.4101,2.42,1001
2024-07-26 12:30:00,2.42,2.43,2.41,2.41,2412
2024-07-26 13:30:00,2.41,2.42,2.4004,2.4004,595
2024-07-26 14:30:00,2.41,2.41,2.4,2.4,1486
2024-07-26 15:30:00,2.415,2.43,2.3806,2.41,656
2024-07-29 09:30:00,2.43,2.43,2.4,2.4297,16965
2024-07-29 10:30:00,2.42,2.43,2.417,2.42,2050
2024-07-29 11:30:00,2.42,2.42,2.42,2.42,610
2024-07-29 12:30:00,2.42,2.428,2.42,2.428,104
2024-07-29 13:30:00,2.4107,2.43,2.4107,2.43,623
2024-07-29 14:30:00,2.42,2.42,2.41,2.41,184
2024-07-29 15:30:00,2.42,2.43,2.41,2.41,158
2024-07-30 09:30:00,2.34,2.4299,2.3201,2.4299,13962
2024-07-30 10:30:00,2.405,2.43,2.405,2.43,5034
2024-07-30 11:30:00,2.4699,2.4699,2.4573,2.4573,300
2024-07-30 12:30:00,2.45,2.455,2.37,2.3815,7124
2024-07-30 13:30:00,2.3801,2.3828,2.37,2.3828,6731
2024-07-30 14:30:00,2.37,2.39,2.37,2.39,510
2024-07-30 15:30:00,2.4,2.47,2.37,2.43,1106
2024-07-31 09:30:00,2.43,2.44,2.4,2.4,5125
2024-07-31 10:30:00,2.4,2.44,2.4,2.4263,6016
2024-07-31 11:30:00,2.4,2.4482,2.4,2.4345,3164
2024-07-31 12:30:00,2.41,2.47,2.41,2.42,15194
2024-07-31 13:30:00,2.42,2.47,2.42,2.42,123
2024-07-31 14:30:00,2.42,2.47,2.42,2.44,533
2024-07-31 15:30:00,2.4101,2.46,2.4,2.44,6058
2024-08-01 09:30:00,2.42,2.46,2.4,2.4,6568
2024-08-01 10:30:00,2.42,2.45,2.42,2.43,2889
2024-08-01 11:30:00,2.4202,2.4428,2.41,2.4428,3416
2024-08-01 12:30:00,2.44,2.45,2.44,2.45,176
2024-08-01 13:30:00,2.44,2.47,2.44,2.44,271
2024-08-01 14:30:00,2.47,2.47,2.44,2.44,403
2024-08-01 15:30:00,2.44,2.47,2.41,2.41,7446
2024-08-02 09:30:00,2.44,2.47,2.42,2.42,679
2024-08-02 10:30:00,2.435,2.435,2.43,2.43,20
2024-08-02 11:30:00,2.43,2.44,2.42,2.42,920
2024-08-02 12:30:00,2.43,2.44,2.43,2.44,13
2024-08-02 13:30:00,2.44,2.44,2.4,2.4,6657
2024-08-02 14:30:00,2.42,2.42,2.4,2.42,7932
2024-08-02 15:30:00,2.4,2.45,2.4,2.4,878
2024-08-05 09:30:00,2.33,2.4,2.31,2.345,11312
2024-08-05 10:30:00,2.3,2.33,2.3,2.32,731
2024-08-05 11:30:00,2.3201,2.3201,2.3003,2.315,735
2024-08-05 12:30:00,2.328,2.3483,2.3011,2.3011,2503
2024-08-05 13:30:00,2.32,2.33,2.3,2.32,5365
2024-08-05 14:30:00,2.3,2.34,2.3,2.34,1426
2024-08-05 15:30:00,2.33,2.43,2.32,2.33,1369
2024-08-06 09:30:00,2.39,2.65,2.32,2.51,11864
2024-08-06 10:30:00,2.5308,2.5308,2.45,2.45,142
2024-08-06 11:30:00,2.47,2.47,2.3928,2.3928,2540
2024-08-06 12:30:00,2.43,2.43,2.415,2.415,201
2024-08-06 13:30:00,2.429,2.43,2.42,2.43,1050
2024-08-06 14:30:00,2.43,2.43,2.42,2.42,137
2024-08-06 15:30:00,2.42,2.44,2.4,2.44,628
2024-08-07 09:30:00,2.47,2.527,2.2901,2.4388,142
2024-08-07 10:30:00,2.41,2.41,2.32,2.3678,417
2024-08-07 11:30:00,2.3797,2.3797,2.37,2.3775,434
2024-08-07 12:30:00,2.41,2.41,2.32,2.33,499
2024-08-07 13:30:00,2.3,2.3575,2.3,2.325,351
2024-08-07 14:30:00,2.3295,2.3399,2.3,2.31,6416
2024-08-07 15:30:00,2.3099,2.33,2.29,2.305,2700
2024-08-08 09:30:00,2.44,2.44,2.4057,2.4057,1032
2024-08-08 10:30:00,2.33,2.36,2.3108,2.33,291
2024-08-08 11:30:00,2.32,2.32,2.32,2.32,801
2024-08-08 12:30:00,2.3199,2.3199,2.31,2.3192,5216
2024-08-08 13:30:00,2.31,2.3199,2.28,2.3,10391
2024-08-08 14:30:00,2.3,2.323,2.29,2.29,3391
2024-08-08 15:30:00,2.29,2.32,2.28,2.2925,7643
2024-10-17 09:30:00,3.11,3.13,3.08,3.1289,2063
2024-10-17 10:30:00,3.13,3.13,3.12,3.13,1751
2024-10-17 11:30:00,3.13,3.13,3.12,3.13,1072
2024-10-17 12:30:00,3.12,3.16,3.11,3.16,13547
2024-10-17 13:30:00,3.17,3.17,3.14,3.16,214
2024-10-17 14:30:00,3.16,3.18,3.15,3.1601,1829
2024-10-17 15:30:00,3.16,3.19,3.16,3.18,2014
2024-10-18 09:30:00,3.18,3.23,3.18,3.22,19901
2024-10-18 10:30:00,3.2017,3.22,3.2,3.21,2619
2024-10-18 11:30:00,3.2176,3.2691,3.21,3.26,15405
2024-10-18 12:30:00,3.26,3.3,3.26,3.29,8174
2024-10-18 13:30:00,3.28,3.2986,3.28,3.2986,363
2024-10-18 14:30:00,3.28,3.3,3.28,3.3,1787
2024-10-18 15:30:00,3.2865,3.2865,3.26,3.275,1615
2024-10-21 09:30:00,3.25,3.25,3.1993,3.1993,9395
2024-10-21 10:30:00,3.19,3.21,3.18,3.2099,2557
2024-10-21 11:30:00,3.2,3.23,3.2,3.23,1190
2024-10-21 12:30:00,3.235,3.235,3.22,3.235,58
2024-10-21 13:30:00,3.2,3.25,3.2,3.241,2865
2024-10-21 14:30:00,3.26,3.26,3.24,3.24,2292
2024-10-21 15:30:00,3.2122,3.22,3.175,3.185,3668
2024-10-22 09:30:00,3.19,3.2,3.17,3.185,6050
2024-10-22 10:30:00,3.1705,3.2198,3.1705,3.2198,12412
2024-10-22 11:30:00,3.22,3.25,3.2025,3.225,2747
2024-10-22 12:30:00,3.22,3.25,3.22,3.225,31
2024-10-22 13:30:00,3.249,3.25,3.235,3.25,4280
2024-10-22 14:30:00,3.2504,3.2704,3.25,3.2572,154
2024-10-22 15:30:00,3.25,3.2776,3.19,3.215,4800
2024-10-23 09:30:00,3.24,3.2677,3.21,3.21,2561
2024-10-23 10:30:00,3.22,3.22,3.2021,3.2196,1802
2024-10-23 11:30:00,3.22,3.23,3.22,3.23,77
2024-10-23 12:30:00,3.2289,3.25,3.2289,3.245,6026
2024-10-23 13:30:00,3.25,3.28,3.25,3.28,4338
2024-10-23 14:30:00,3.25,3.36,3.25,3.36,3943
2024-10-23 15:30:00,3.36,3.38,3.31,3.31,2489
2024-10-24 09:30:00,3.39,3.4299,3.3,3.3216,3059
2024-10-24 10:30:00,3.3521,3.3743,3.34,3.35,314
2024-10-24 11:30:00,3.34,3.3591,3.33,3.34,305
2024-10-24 12:30:00,3.346,3.346,3.3192,3.3192,173
2024-10-24 13:30:00,3.315,3.315,3.2505,3.255,3082
2024-10-24 14:30:00,3.29,3.31,3.27,3.31,2157
2024-10-24 15:30:00,3.32,3.43,3.315,3.43,3429
2024-10-25 09:30:00,3.39,3.4546,3.39,3.43,4633
2024-10-25 10:30:00,3.43,3.4638,3.35,3.4545,1569
2024-10-25 11:30:00,3.43,3.43,3.394,3.4216,613
2024-10-25 12:30:00,3.39,3.39,3.315,3.3418,2282
2024-10-25 13:30:00,3.34,3.34,3.3,3.3,254
2024-10-25 14:30:00,3.32,3.35,3.2901,3.32,1159
2024-10-25 15:30:00,3.34,3.35,3.29,3.31,1597
2024-10-28 09:30:00,3.37,3.4302,3.3,3.34,31942
2024-10-28 10:30:00,3.36,3.36,3.31,3.33,8026
2024-10-28 11:30:00,3.3492,3.35,3.31,3.34,14967
2024-10-28 12:30:00,3.35,3.35,3.33,3.33,1117
2024-10-28 13:30:00,3.34,3.34,3.31,3.31,2764
2024-10-28 14:30:00,3.34,3.34,3.32,3.34,669
2024-10-28 15:30:00,3.335,3.415,3.335,3.38,1438
2024-10-29 09:30:00,3.35,3.41,3.2519,3.2639,5002
2024-10-29 10:30:00,3.3282,3.41,3.3,3.347,1393
2024-10-29 11:30:00,3.28,3.3577,3.28,3.34,271
2024-10-29 12:30:00,3.34,3.35,3.32,3.33,4444
2024-10-29 13:30:00,3.335,3.3441,3.25,3.25,2193
2024-10-29 14:30:00,3.28,3.3711,3.261,3.3659,8502
2024-10-29 15:30:00,3.335,3.37,3.26,3.28,7530
2024-10-30 09:30:00,3.35,3.3943,3.2,3.2,3447
2024-10-30 10:30:00,3.2709,3.4,3.26,3.26,3
2024-10-30 11:30:00,3.2823,3.37,3.2566,3.3158,361
2024-10-30 12:30:00,3.3248,3.33,3.28,3.31,89
2024-10-30 13:30:00,3.3012,3.44,3.3,3.33,1871
2024-10-30 14:30:00,3.32,3.4053,3.32,3.35,74
2024-10-30 15:30:00,3.32,3.386,3.32,3.35,2345
2024-10-31 09:30:00,3.38,3.41,3.3167,3.345,12875
2024-10-31 10:30:00,3.312,3.3314,3.28,3.29,4431
2024-10-31 11:30:00,3.36,3.36,3.28,3.305,643
2024-10-31 12:30:00,3.3101,3.3101,3.27,3.27,282
2024-10-31 13:30:00,3.265,3.3699,3.25,3.3699,763
2024-10-31 14:30:00,3.31,3.3364,3.31,3.3364,52
2024-10-31 15:30:00,3.32,3.33,3.28,3.28,4639
2024-11-01 09:30:00,3.4,3.4276,3.29,3.345,3316
2024-11-01 10:30:00,3.2866,3.3902,3.2862,3.325,456
2024-11-01 11:30:00,3.325,3.3542,3.3,3.3,893
2024-11-01 12:30:00,3.3101,3.33,3.2842,3.2926,2191
2024-11-01 13:30:00,3.3,3.317,3.29,3.29,572
2024-11-01 14:30:00,3.3012,3.31,3.27,3.2864,637
2024-11-01 15:30:00,3.28,3.41,3.2701,3.29,1037
2024-11-04 09:30:00,3.25,3.365,3.25,3.33,18331
2024-11-04 10:30:00,3.32,3.4682,3.3015,3.4242,9362
2024-11-04 11:30:00,3.365,3.4193,3.3,3.3863,360
2024-11-04 12:30:00,3.35,3.3792,3.345,3.36,414
2024-11-04 13:30:00,3.33,3.36,3.32,3.3365,96
2024-11-04 14:30:00,3.335,3.34,3.32,3.33,1345
2024-11-04 15:30:00,3.3389,3.36,3.32,3.32,533
2024-11-05 09:30:00,3.34,3.4285,3.34,3.4285,7473
2024-11-05 10:30:00,3.43,3.4799,3.381,3.425,353
2024-11-05 11:30:00,3.425,3.4446,3.405,3.42,131
2024-11-05 12:30:00,3.4,3.405,3.38,3.38,1232
2024-11-05 13:30:00,3.3724,3.38,3.3665,3.38,28
2024-11-05 14:30:00,3.37,3.41,3.35,3.363,1613
2024-11-05 15:30:00,3.37,3.46,3.37,3.42,2060
2024-11-06 09:30:00,3.5,3.5,3.34,3.4003,3025
2024-11-06 10:30:00,3.445,3.47,3.4109,3.4595,1054
2024-11-06 11:30:00,3.455,3.47,3.45,3.4563,423
2024-11-06 12:30:00,3.46,3.48,3.46,3.48,827
2024-11-06 13:30:00,3.47,3.5,3.42,3.5,6125
2024-11-06 14:30:00,3.4969,3.51,3.461,3.461,2945
2024-11-06 15:30:00,3.4612,3.48,3.4101,3.43,4531
2024-11-07 09:30:00,3.45,3.5,3.33,3.4494,7540
2024-11-07 10:30:00,3.48,3.48,3.38,3.418,228
2024-11-07 11:30:00,3.48,3.48,3.42,3.4668,329
2024-11-07 12:30:00,3.4501,3.48,3.3801,3.4799,1173
2024-11-07 13:30:00,3.43,3.48,3.38,3.44,162
2024-11-07 14:30:00,3.4664,3.47,3.4385,3.4385,59
2024-11-07 15:30:00,3.41,3.44,3.36,3.4,3838
2025-01-23 09:30:00,5.25,5.4,5.21,5.294,43859
2025-01-23 10:30:00,5.29,5.33,5.162,5.25,24752
2025-01-23 11:30:00,5.25,5.32,5.2301,5.275,13957
2025-01-23 12:30:00,5.2938,5.3999,5.25,5.38,22280
2025-01-23 13:30:00,5.345,5.37,5.26,5.3004,9337
2025-01-23 14:30:00,5.32,5.49,5.3199,5.41,31498
2025-01-23 15:30:00,5.43,5.49,5.39,5.44,14767
2025-01-24 09:30:00,5.81,5.81,5.35,5.54,62083
2025-01-24 10:30:00,5.54,5.66,5.54,5.6,37037
2025-01-24 11:30:00,5.61,5.71,5.6,5.69,10047
2025-01-24 12:30:00,5.69,5.7091,5.61,5.63,22169
2025-01-24 13:30:00,5.6201,5.85,5.62,5.76,47523
2025-01-24 14:30:00,5.785,5.85,5.67,5.715,37341
2025-01-24 15:30:00,5.715,5.75,5.62,5.65,38470
2025-01-27 09:30:00,5.55,5.75,5.53,5.62,60084
2025-01-27 10:30:00,5.67,5.71,5.5498,5.575,26253
2025-01-27 11:30:00,5.575,5.71,5.55,5.665,5384
2025-01-27 12:30:00,5.665,5.74,5.55,5.58,10638
2025-01-27 13:30:00,5.58,5.61,5.5,5.548,34078
2025-01-27 14:30:00,5.5668,5.59,5.52,5.57,7040
2025-01-27 15:30:00,5.574,5.61,5.5,5.5,7652
2025-01-28 09:30:00,5.6,5.73,5.5,5.545,34970
2025-01-28 10:30:00,5.5001,5.5899,5.43,5.56,34285
2025-01-28 11:30:00,5.56,5.59,5.43,5.46,4710
2025-01-28 12:30:00,5.44,5.48,5.4,5.445,6960
2025-01-28 13:30:00,5.4168,5.52,5.4,5.45,37172
2025-01-28 14:30:00,5.45,5.53,5.41,5.49,5729
2025-01-28 15:30:00,5.47,5.54,5.45,5.46,8427
2025-01-29 09:30:00,5.36,5.49,5.35,5.47,17489
2025-01-29 10:30:00,5.4104,5.4712,5.3501,5.44,7519
2025-01-29 11:30:00,5.44,5.44,5.364,5.3952,4484
2025-01-29 12:30:00,5.41,5.44,5.35,5.425,7232
2025-01-29 13:30:00,5.4001,5.5,5.4,5.485,13261
2025-01-29 14:30:00,5.51,5.55,5.38,5.42,28542
2025-01-29 15:30:00,5.435,5.5,5.41,5.49,7075
2025-01-30 09:30:00,5.45,5.5948,5.24,5.24,20163
2025-01-30 10:30:00,5.25,5.3651,5.24,5.36,15041
2025-01-30 11:30:00,5.365,5.38,5.24,5.285,6293
2025-01-30 12:30:00,5.2637,5.2927,5.1,5.16,16406
2025-01-30 13:30:00,5.15,5.2391,5.11,5.1585,10092
2025-01-30 14:30:00,5.175,5.175,5.0117,5.0604,21919
2025-01-30 15:30:00,5.1094,5.2,5.05,5.125,9568
2025-01-31 09:30:00,5.1,5.2982,5.05,5.06,18615
2025-01-31 10:30:00,5.1,5.1129,5.025,5.0839,12100
2025-01-31 11:30:00,5.08,5.1,4.97,5.0,70765
2025-01-31 12:30:00,5.0,5.05,4.9708,4.985,13849
2025-01-31 13:30:00,4.9999,5.0,4.92,4.9308,33259
2025-01-31 14:30:00,4.96,4.98,4.7613,4.82,23508
2025-01-31 15:30:00,4.84,4.89,4.77,4.83,19597
2025-02-03 09:30:00,4.68,4.75,4.6212,4.75,41421
2025-02-03 10:30:00,4.75,4.9,4.63,4.88,13663
2025-02-03 11:30:00,4.8618,4.98,4.86,4.935,11863
2025-02-03 12:30:00,4.935,5.05,4.885,4.955,25285
2025-02-03 13:30:00,4.9999,4.9999,4.9,4.95,6608
2025-02-03 14:30:00,4.955,4.9999,4.92,4.97,2639
2025-02-03 15:30:00,4.97,4.9899,4.8501,4.91,5924
2025-02-04 09:30:00,4.9,5.09,4.8675,4.9929,6176
2025-02-04 10:30:00,4.9028,4.935,4.75,4.76963,4112
2025-02-04 11:30:00,4.81,4.81,4.75,4.79,9669
2025-02-04 12:30:00,4.81,4.9,4.8056,4.8799,6177
2025-02-04 13:30:00,4.83,4.9,4.8058,4.875,3292
2025-02-04 14:30:00,4.875,4.9,4.86,4.86,3507
2025-02-04 15:30:00,4.85,4.89,4.8,4.81,8339
2025-02-05 09:30:00,4.81,4.99,4.78,4.93,23481
2025-02-05 10:30:00,4.88,4.98,4.87,4.92,1701
2025-02-05 11:30:00,4.95,4.9863,4.89,4.91,2129
2025-02-05 12:30:00,4.9281,4.95,4.88,4.935,2723
2025-02-05 13:30:00,4.935,4.9399,4.66,4.6832,54699
2025-02-05 14:30:00,4.755,4.78,4.66,4.775,4486
2025-02-05 15:30:00,4.775,4.79,4.71,4.75,5937
2025-02-06 09:30:00,4.77,4.8783,4.71,4.8783,7049
2025-02-06 10:30:00,4.74,4.8592,4.37,4.52,41104
2025-02-06 11:30:00,4.4787,4.7,4.4787,4.615,7216
2025-02-06 12:30:00,4.69,4.69,4.53,4.6284,4385
2025-02-06 13:30:00,4.59,4.65,4.52,4.64,9163
2025-02-06 14:30:00,4.595,4.65,4.52,4.595,9075
2025-02-06 15:30:00,4.595,4.6199,4.54,4.55,7204
2025-02-07 09:30:00,4.53,4.71,4.46,4.58,29740
2025-02-07 10:30:00,4.5434,4.63,4.52,4.56,8748
2025-02-07 11:30:00,4.54,4.585,4.52,4.5575,2983
2025-02-07 12:30:00,4.56,4.6899,4.52,4.65,3042
2025-02-07 13:30:00,4.72,4.73,4.62,4.62,3246
2025-02-07 14:30:00,4.61,4.66,4.5766,4.65,2501
2025-02-07 15:30:00,4.57,4.64,4.46,4.47,16993
2025-02-10 09:30:00,4.5,4.63,4.46,4.57,35381
2025-02-10 10:30:00,4.585,4.62,4.54,4.56,6448
2025-02-10 11:30:00,4.58,4.6,4.55,4.59,11288
2025-02-10 12:30:00,4.5908,4.74,4.58,4.74,24571
2025-02-10 13:30:00,4.73,4.9,4.71,4.78,8947
2025-02-10 14:30:00,4.81,4.8305,4.72,4.77,1730
2025-02-10 15:30:00,4.78,4.84,4.75,4.79,3744
2025-02-11 09:30:00,4.68,4.92,4.58,4.765,19027
2025-02-11 10:30:00,4.765,4.8,4.62,4.78,5377
2025-02-11 11:30:00,4.6934,4.85,4.64,4.83,2130
2025-02-11 12:30:00,4.83,4.83,4.71,4.72,6629
2025-02-11 13:30:00,4.8,4.85,4.7069,4.8,5754
2025-02-11 14:30:00,4.8042,5.01,4.8,4.97,8364
2025-02-11 15:30:00,4.935,5.02,4.85,4.89,19251
2025-02-12 09:30:00,4.87,4.931,4.75,4.82,14015
2025-02-12 10:30:00,4.813,4.8495,4.6974,4.7405,4196
2025-02-12 11:30:00,4.74,4.7894,4.68,4.71,1789
2025-02-12 12:30:00,4.7101,4.78,4.6316,4.6316,4766
2025-02-12 13:30:00,4.65,4.72,4.62,4.695,3158
2025-02-12 14:30:00,4.67,4.6995,4.6,4.66,2422
2025-02-12 15:30:00,4.64,4.7,4.62,4.7,8709
2025-02-13 09:30:00,4.66,4.7,4.55,4.6183,3068
2025-02-13 10:30:00,4.5855,4.6,4.51,4.55,5635
2025-02-13 11:30:00,4.53,4.56,4.49,4.54,12971
2025-02-13 12:30:00,4.55,4.55,4.4848,4.5107,3374
2025-02-13 13:30:00,4.5101,4.55,4.51,4.54,250
2025-02-13 14:30:00,4.53,4.5485,4.5,4.515,6944
2025-02-13 15:30:00,4.5258,4.5543,4.4761,4.55,2791
2025-04-17 09:30:00,3.43,3.48,3.33,3.48,773
2025-04-17 10:30:00,3.445,3.48,3.38,3.38,2059
2025-04-17 11:30:00,3.41,3.42,3.38,3.42,3859
2025-04-17 12:30:00,3.42,3.45,3.415,3.415,3479
2025-04-17 13:30:00,3.44,3.44,3.38,3.3979,4732
2025-04-17 14:30:00,3.4,3.41,3.39,3.41,145
2025-04-17 15:30:00,3.41,3.46,3.405,3.44,1432
2025-04-21 09:30:00,3.51,3.51,3.18,3.435,5417
2025-04-21 10:30:00,3.47,3.47,3.355,3.39,279
2025-04-21 11:30:00,3.39,3.39,3.23,3.27,6638
2025-04-21 12:30:00,3.2868,3.2868,3.2,3.2618,2985
2025-04-21 13:30:00,3.26,3.31,3.235,3.275,4630
2025-04-21 14:30:00,3.291,3.3,3.291,3.3,105
2025-04-21 15:30:00,3.295,3.3,3.26,3.26,6794
2025-04-22 09:30:00,3.32,3.34,3.26,3.3,5017
2025-04-22 10:30:00,3.3,3.33,3.2652,3.2724,3969
2025-04-22 11:30:00,3.3,3.35,3.285,3.35,2379
2025-04-22 12:30:00,3.3829,3.39,3.3,3.3,820
2025-04-22 13:30:00,3.302,3.37,3.3,3.34,2234
2025-04-22 14:30:00,3.32,3.34,3.3,3.3,7900
2025-04-22 15:30:00,3.3187,3.36,3.3,3.32,5050
2025-04-23 09:30:00,3.38,3.44,3.28,3.35,4090
2025-04-23 10:30:00,3.38,3.41,3.3,3.3,7325
2025-04-23 11:30:00,3.3859,3.39,3.33,3.33,2055
2025-04-23 12:30:00,3.35,3.4262,3.35,3.42,217
2025-04-23 13:30:00,3.3547,3.39,3.32,3.39,7430
2025-04-23 14:30:00,3.361619,3.361619,3.35,3.36,996
2025-04-23 15:30:00,3.36,3.38,3.32,3.34,1775
2025-04-24 09:30:00,3.33,3.44,3.29,3.34,2869
2025-04-24 10:30:00,3.32,3.525,3.3,3.47,15018
2025-04-24 11:30:00,3.57,3.57,3.43,3.47,227
2025-04-24 12:30:00,3.4206,3.51,3.35,3.35,11634
2025-04-24 13:30:00,3.37,3.416036,3.37,3.41,2283
2025-04-24 14:30:00,3.42,3.4736,3.3015,3.32,2681
2025-04-24 15:30:00,3.31,3.39,3.31,3.35,3177
2025-04-25 09:30:00,3.35,3.38,3.21,3.3205,2112
2025-04-25 10:30:00,3.3065,3.4,3.23,3.315,2519
2025-04-25 11:30:00,3.3,3.3644,3.3,3.3644,161
2025-04-25 12:30:00,3.25,3.32,3.25,3.31,1198
2025-04-25 13:30:00,3.31,3.31,3.18,3.25,11605
2025-04-25 14:30:00,3.28,3.3,3.25,3.29,11198
2025-04-25 15:30:00,3.25,3.32,3.25,3.28,4914
2025-04-28 09:30:00,3.26,3.3242,3.26,3.3242,4652
2025-04-28 10:30:00,3.32,3.3249,3.29,3.31,3058
2025-04-28 11:30:00,3.325,3.3376,3.27,3.3,6374
2025-04-28 12:30:00,3.295,3.3,3.29,3.3,5102
2025-04-28 13:30:00,3.32,3.32,3.3,3.3,36
2025-04-28 14:30:00,3.3,3.35,3.3,3.34,5517
2025-04-28 15:30:00,3.3226,3.36,3.3101,3.33,1547
2025-04-29 09:30:00,3.33,3.35,3.16,3.35,13775
2025-04-29 10:30:00,3.35,3.35,3.315,3.315,1297
2025-04-29 11:30:00,3.3039,3.33,3.3,3.33,16319
2025-04-29 12:30:00,3.33,3.4,3.33,3.3807,6711
2025-04-29 13:30:00,3.42,3.42,3.3,3.3,17079
2025-04-29 14:30:00,3.3,3.34,3.3,3.3322,319
2025-04-29 15:30:00,3.3116,3.34,3.28,3.29,8163
2025-04-30 09:30:00,3.25,3.3474,3.12,3.18,18015
2025-04-30 10:30:00,3.2,3.25,3.1907,3.25,5687
2025-04-30 11:30:00,3.2499,3.25,3.21,3.25,4978
2025-04-30 12:30:00,3.2375,3.25,3.19,3.215,3643
2025-04-30 13:30:00,3.24,3.25,3.2,3.25,5756
2025-04-30 14:30:00,3.255,3.255,3.2,3.24,12881
2025-04-30 15:30:00,3.24,3.26,3.22,3.22,2343
2025-05-01 09:30:00,3.24,3.4226,3.21,3.4226,7219
2025-05-01 10:30:00,3.36,3.4349,3.355,3.4162,472
2025-05-01 11:30:00,3.37,3.37,3.25,3.3534,4523
2025-05-01 12:30:00,3.3,3.3067,3.295,3.295,437
2025-05-01 13:30:00,3.295,3.33,3.295,3.33,1559
2025-05-01 14:30:00,3.3143,3.36,3.3,3.36,4688
2025-05-01 15:30:00,3.34,3.36,3.27,3.27,3907
2025-05-02 09:30:00,3.31,3.46,3.26,3.27,719
2025-05-02 10:30:00,3.37,3.49,3.25,3.47,495
2025-05-02 11:30:00,3.415,3.47,3.34,3.46,1773
2025-05-02 12:30:00,3.4,3.46,3.394,3.45,572
2025-05-02 13:30:00,3.415,3.46,3.36,3.44,232
2025-05-02 14:30:00,3.41,3.49,3.41,3.485,991
2025-05-02 15:30:00,3.4816,3.49,3.45,3.45,4377
2025-05-05 09:30:00,3.44,3.68,3.38,3.41,983
2025-05-05 10:30:00,3.39,3.55,3.3801,3.55,310
2025-05-05 11:30:00,3.53,3.5309,3.4268,3.435,67
2025-05-05 12:30:00,3.48,3.48,3.42,3.455,295
2025-05-05 13:30:00,3.434,3.49,3.39,3.46,8684
2025-05-05 14:30:00,3.4458,3.46,3.39,3.415,366
2025-05-05 15:30:00,3.4499,3.45,3.38,3.38,558
2025-05-06 09:30:00,3.36,3.52,3.36,3.52,975
2025-05-06 10:30:00,3.48,3.5999,3.4553,3.5999,918
2025-05-06 11:30:00,3.55,3.58,3.47,3.47,79
2025-05-06 12:30:00,3.47,3.4751,3.45,3.45,787
2025-05-06 13:30:00,3.45,3.46,3.45,3.45,1707
2025-05-06 14:30:00,3.46,3.47,3.43,3.43,2231
2025-05-06 15:30:00,3.43,3.46,3.38,3.38,1139
2025-05-07 09:30:00,3.44,3.44,3.3715,3.4028,1140
2025-05-07 10:30:00,3.415,3.43,3.36,3.36,10900
2025-05-07 11:30:00,3.37,3.425,3.37,3.425,728
2025-05-07 12:30:00,3.42,3.42,3.37,3.37,1193
2025-05-07 13:30:00,3.3985,3.41,3.36,3.38,543
2025-05-07 14:30:00,3.38,3.435,3.38,3.41,2327
2025-05-07 15:30:00,3.4092,3.4199,3.33,3.34,5711
2025-05-08 09:30:00,3.41,3.48,3.3229,3.35,2583
2025-05-08 10:30:00,3.43,3.56,3.38,3.56,3305
2025-05-08 11:30:00,3.5,3.5895,3.43,3.5,224
2025-05-08 12:30:00,3.4435,3.58,3.41,3.48,1294
2025-05-08 13:30:00,3.476,3.57,3.476,3.56,106
2025-05-08 14:30:00,3.56,3.56,3.45,3.505,611
2025-05-08 15:30:00,3.505,3.505,3.42,3.46,3151
