bar_start,open,high,low,close,volume
2021-01-26 09:30:00,92.37,92.95,90.99,91.3209,2045585
2021-01-26 10:30:00,91.3255,92.73,90.1679,90.4987,986801
2021-01-26 11:30:00,90.48,95.0,89.15,89.96,807955
2021-01-26 12:30:00,89.96,90.04,89.6861,89.88,610915
2021-01-26 13:30:00,89.9075,90.09,89.53,89.63,710959
2021-01-26 14:30:00,89.63,92.27,89.3,89.71,802664
2021-01-26 15:30:00,89.7,89.71,89.26,89.37,1013761
2021-01-27 09:30:00,87.56,88.54,86.7128,88.24,2291644
2021-01-27 10:30:00,88.27,89.5,88.14,89.465,1319608
2021-01-27 11:30:00,89.49,90.37,89.2794,89.85,1134821
2021-01-27 12:30:00,89.86,90.2299,89.6203,90.03,659577
2021-01-27 13:30:00,90.03,90.06,88.8802,88.9691,825573
2021-01-27 14:30:00,88.97,89.06,88.13,88.35,1167054
2021-01-27 15:30:00,88.34,88.65,87.92,88.26,1452325
2021-01-28 09:30:00,88.4,90.15,88.24,89.13,1470878
2021-01-28 10:30:00,89.1298,89.74,88.6401,88.96,949471
2021-01-28 11:30:00,88.97,89.66,88.72,89.49,774327
2021-01-28 12:30:00,89.5,89.54,88.79,89.0,639392
2021-01-28 13:30:00,88.99,89.59,88.97,89.2682,1062724
2021-01-28 14:30:00,89.27,89.47,89.01,89.2,818955
2021-01-28 15:30:00,89.19,89.62,88.93,88.93,1183709
2021-01-29 09:30:00,86.42,87.3,85.23,87.1001,3426877
2021-01-29 10:30:00,87.1198,87.34,86.17,86.3,1380672
2021-01-29 11:30:00,86.28,89.02,85.35,85.45,1395648
2021-01-29 12:30:00,85.45,85.8,84.92,85.41,1404417
2021-01-29 13:30:00,85.41,85.64,85.07,85.1209,1137395
2021-01-29 14:30:00,85.11,86.21,84.97,85.58,1222888
2021-01-29 15:30:00,85.5799,85.84,84.92,85.15,1729665
2021-02-01 09:30:00,86.13,86.45,84.57,84.89,1800706
2021-02-01 10:30:00,84.88,85.89,84.8201,85.75,924239
2021-02-01 11:30:00,85.74,92.21,85.0013,85.64,946033
2021-02-01 12:30:00,85.64,86.09,85.55,86.0375,804442
2021-02-01 13:30:00,86.0301,86.77,86.0182,86.68,846401
2021-02-01 14:30:00,86.6791,87.31,86.5218,86.545,955687
2021-02-01 15:30:00,86.6356,86.74,86.37,86.44,1023062
2021-02-02 09:30:00,88.19,88.37,86.52,87.36,2175638
2021-02-02 10:30:00,87.37,88.37,87.2,87.97,1390482
2021-02-02 11:30:00,87.975,88.05,86.82,87.68,1023951
2021-02-02 12:30:00,87.68,87.84,87.34,87.385,792049
2021-02-02 13:30:00,87.385,87.42,86.9304,87.135,803432
2021-02-02 14:30:00,87.1325,87.44,87.12,87.38,726830
2021-02-02 15:30:00,87.37,87.51,87.0,87.06,1135514
2021-02-03 09:30:00,87.02,88.725,85.5,88.23,1724755
2021-02-03 10:30:00,88.4056,89.39,86.94,88.47,2330466
2021-02-03 11:30:00,88.6213,89.26,88.47,88.764,824501
2021-02-03 12:30:00,88.6785,88.99,88.23,88.34,805948
2021-02-03 13:30:00,88.3368,88.88,88.31,88.8209,688340
2021-02-03 14:30:00,88.8228,89.2,87.235,88.77,900509
2021-02-03 15:30:00,88.8943,89.36,88.735,88.93,1115961
2021-02-04 09:30:00,89.48,89.65,87.945,87.9999,1559969
2021-02-04 10:30:00,88.3413,88.96,87.9818,88.919,1071264
2021-02-04 11:30:00,88.8131,89.0198,88.66,88.99,737870
2021-02-04 12:30:00,88.9105,89.1567,88.86,89.04,693735
2021-02-04 13:30:00,89.03,89.16,88.77,88.9,808587
2021-02-04 14:30:00,88.8892,88.97,88.6,88.83,847438
2021-02-04 15:30:00,88.7178,89.06,88.59,89.02,1107979
2021-02-05 09:30:00,89.72,90.47,89.08,89.51,1889805
2021-02-05 10:30:00,89.51,89.94,89.1,89.24,1261469
2021-02-05 11:30:00,89.24,89.3313,88.8,89.0609,762509
2021-02-05 12:30:00,89.0679,89.17,88.9,88.96,647714
2021-02-05 13:30:00,88.9699,89.2,88.64,89.08,756221
2021-02-05 14:30:00,89.08,89.25,88.94,88.97,906291
2021-02-05 15:30:00,89.0323,89.32,88.885,89.26,1051080
2021-02-08 09:30:00,90.29,91.23,90.01,91.0558,2267270
2021-02-08 10:30:00,91.0153,91.36,90.74,91.0267,1384603
2021-02-08 11:30:00,91.0201,91.17,90.47,91.1018,914220
2021-02-08 12:30:00,91.115,91.35,91.0,91.28,632557
2021-02-08 13:30:00,91.29,91.88,91.22,91.87,1001447
2021-02-08 14:30:00,91.86,92.0499,91.09,91.9399,1015111
2021-02-08 15:30:00,91.94,92.02,91.32,91.5,1409007
2021-02-09 09:30:00,91.24,91.48,90.05,90.67,2098292
2021-02-09 10:30:00,90.6709,90.7,89.81,90.4068,1078456
2021-02-09 11:30:00,90.41,91.48,90.1,90.5032,616010
2021-02-09 12:30:00,90.5182,91.12,90.5,90.71,765910
2021-02-09 13:30:00,90.71,91.48,90.71,91.1309,646798
2021-02-09 14:30:00,91.14,91.27,90.882883,90.9142,660018
2021-02-09 15:30:00,90.9567,91.14,90.8,90.99,1065444
2021-02-10 09:30:00,91.35,92.1562,90.92,91.375,1786122
2021-02-10 10:30:00,91.4,92.08,90.59,91.695,1373832
2021-02-10 11:30:00,91.7,92.19,91.5,91.915,906332
2021-02-10 12:30:00,91.91,91.978,91.67,91.72,660925
2021-02-10 13:30:00,91.7728,92.19,91.66,91.82,646364
2021-02-10 14:30:00,91.7836,92.54,91.7836,92.26,1014372
2021-02-10 15:30:00,92.2961,92.59,88.84,92.53,1521558
2021-02-11 09:30:00,92.37,92.59,89.45,92.028,1375569
2021-02-11 10:30:00,92.02,92.16,90.81,91.44,1173102
2021-02-11 11:30:00,91.43,91.48,90.08,90.1202,1153294
2021-02-11 12:30:00,90.3737,91.1482,90.14,91.09,909971
2021-02-11 13:30:00,91.0818,91.56,91.06,91.4318,675291
2021-02-11 14:30:00,91.44,91.935,91.33,91.695,782286
2021-02-11 15:30:00,91.779,92.16,91.67,91.98,1081742
2021-02-12 09:30:00,91.56,92.44,91.35,91.97,1271113
2021-02-12 10:30:00,91.95,92.36,91.46,91.5824,839707
2021-02-12 11:30:00,91.6,92.52,91.55,92.3918,945816
2021-02-12 12:30:00,92.4,92.405,91.87,91.98,877184
2021-02-12 13:30:00,91.98,92.05,91.65,92.03,884171
2021-02-12 14:30:00,92.03,92.35,91.91,92.257,875841
2021-02-12 15:30:00,92.25,92.74,92.12,92.52,1449129
2021-04-27 09:30:00,101.96,102.45,101.65,101.81,1520037
2021-04-27 10:30:00,101.82,102.18,101.81,101.89,709082
2021-04-27 11:30:00,101.89,102.21,101.89,102.11,593080
2021-04-27 12:30:00,102.0663,102.13,101.54,101.58,587431
2021-04-27 13:30:00,101.612,101.97,101.1,101.96,629353
2021-04-27 14:30:00,101.8389,102.89,101.8389,102.88,851434
2021-04-27 15:30:00,102.87,103.1,102.63,102.7,1001812
2021-04-28 09:30:00,103.44,104.87,102.7,104.845,2103004
2021-04-28 10:30:00,104.5961,105.8599,104.5961,105.56,1391482
2021-04-28 11:30:00,105.6632,105.745,105.17,105.35,768339
2021-04-28 12:30:00,105.3948,105.59,105.11,105.21,551548
2021-04-28 13:30:00,105.2,105.36,105.01,105.23,698376
2021-04-28 14:30:00,105.2722,105.53,105.03,105.421,852025
2021-04-28 15:30:00,105.4494,105.68,102.7,105.23,1298528
2021-04-29 09:30:00,106.39,107.66,106.08,106.6295,2274320
2021-04-29 10:30:00,106.63,106.64,106.09,106.33,1274031
2021-04-29 11:30:00,106.34,106.49,105.75,106.03,970145
2021-04-29 12:30:00,106.0284,106.97,105.96,106.8,886931
2021-04-29 13:30:00,106.805,107.01,101.1,106.92,1222178
2021-04-29 14:30:00,106.91,107.27,106.5598,106.6,990822
2021-04-29 15:30:00,106.6,107.05,106.59,106.9,1239014
2021-04-30 09:30:00,104.86,105.395,103.88,104.27,2959320
2021-04-30 10:30:00,104.26,104.26,103.52,103.7499,1460283
2021-04-30 11:30:00,103.75,103.94,103.5137,103.696,1002424
2021-04-30 12:30:00,103.7,103.97,103.52,103.74,801260
2021-04-30 13:30:00,103.74,103.8566,103.29,103.39,1059204
2021-04-30 14:30:00,103.38,103.57,103.26,103.52,993879
2021-04-30 15:30:00,103.54,103.557,102.97,103.05,2114886
2021-05-03 09:30:00,103.94,104.8,103.21,104.05,2115068
2021-05-03 10:30:00,104.05,104.7,103.99,104.6393,918325
2021-05-03 11:30:00,104.63,105.26,104.49,105.2222,762641
2021-05-03 12:30:00,105.22,105.24,104.955,105.01,553427
2021-05-03 13:30:00,105.01,105.2,104.93,105.18,642250
2021-05-03 14:30:00,105.1599,105.655,103.43,105.645,1057077
2021-05-03 15:30:00,105.5458,105.72,105.26,105.54,975490
2021-05-04 09:30:00,106.24,106.5038,104.85,105.43,1855291
2021-05-04 10:30:00,105.3921,105.935,105.02,105.4923,1046096
2021-05-04 11:30:00,105.48,106.33,105.22,106.31,1036586
2021-05-04 12:30:00,106.31,106.37,105.83,106.25,762165
2021-05-04 13:30:00,106.26,106.51,105.53,106.23,808751
2021-05-04 14:30:00,106.24,106.35,105.99,106.18,689089
2021-05-04 15:30:00,106.17,106.32,105.9509,106.18,1416251
2021-05-05 09:30:00,107.0,109.04,106.82,108.4981,4137204
2021-05-05 10:30:00,108.4267,109.4,108.38,109.28,1521992
2021-05-05 11:30:00,109.29,109.54,109.12,109.24,1320034
2021-05-05 12:30:00,109.23,109.2823,108.5539,108.61,968937
2021-05-05 13:30:00,108.6684,109.02,106.95,108.96,895181
2021-05-05 14:30:00,108.9754,109.0,108.46,108.84,996141
2021-05-05 15:30:00,108.82,109.04,108.6459,108.95,1284868
2021-05-06 09:30:00,108.97,109.15,107.415,107.9421,1705754
2021-05-06 10:30:00,107.93,108.77,107.78,108.68,933647
2021-05-06 11:30:00,108.7,109.04,108.61,108.8892,1013371
2021-05-06 12:30:00,108.885,108.97,108.55,108.83,626761
2021-05-06 13:30:00,108.84,108.97,108.39,108.53,1017365
2021-05-06 14:30:00,108.5487,109.01,108.4,108.8,821417
2021-05-06 15:30:00,108.81,109.13,108.78,108.972,1567326
2021-05-07 09:30:00,108.31,109.81,107.69,108.77,2384258
2021-05-07 10:30:00,108.77,109.25,108.67,109.175,970214
2021-05-07 11:30:00,109.18,109.81,109.08,109.7964,970111
2021-05-07 12:30:00,109.795,109.98,109.545,109.97,833343
2021-05-07 13:30:00,109.96,110.67,109.87,110.58,1216949
2021-05-07 14:30:00,110.578,110.6,109.885,110.22,1257654
2021-05-07 15:30:00,110.21,110.26,109.875,109.98,1760058
2021-05-10 09:30:00,111.57,113.75,110.71,110.95,3534968
2021-05-10 10:30:00,110.95,111.45,109.51,111.26,1169897
2021-05-10 11:30:00,111.27,111.34,110.8,110.86,897393
2021-05-10 12:30:00,110.86,110.98,110.48,110.85,1053386
2021-05-10 13:30:00,110.84,112.63,110.12,110.21,1226300
2021-05-10 14:30:00,110.205,110.33,109.02,110.265,1648959
2021-05-10 15:30:00,110.27,110.32,109.52,109.59,1578225
2021-05-11 09:30:00,108.92,109.59,107.75,107.78,3432415
2021-05-11 10:30:00,107.78,108.03,106.73,107.27,1855199
2021-05-11 11:30:00,107.27,108.41,107.06,107.097,1171726
2021-05-11 12:30:00,107.09,107.34,106.58,106.9057,1037345
2021-05-11 13:30:00,106.834,107.06,106.41,106.6799,1603168
2021-05-11 14:30:00,106.5591,106.86,106.275,106.71,1424441
2021-05-11 15:30:00,106.7487,106.7517,106.21,106.69,1261046
2021-05-12 09:30:00,107.01,109.4256,106.68,109.04,2602985
2021-05-12 10:30:00,109.05,109.6833,108.72,109.45,1569496
2021-05-12 11:30:00,109.45,110.15,108.62,109.095,1584315
2021-05-12 12:30:00,109.09,109.12,107.31,108.84,825681
2021-05-12 13:30:00,108.82,108.87,107.7,107.73,821707
2021-05-12 14:30:00,107.9893,108.21,107.02,107.088,1071492
2021-05-12 15:30:00,107.08,107.45,106.83,107.36,1472986
2021-05-13 09:30:00,106.37,108.34,105.76,107.69,2402888
2021-05-13 10:30:00,107.4725,107.8597,106.87,106.96,1026630
2021-05-13 11:30:00,107.0311,107.09,106.44,106.72,1089968
2021-05-13 12:30:00,106.566,106.8275,105.95,106.205,800596
2021-05-13 13:30:00,106.08,106.85,105.43,106.839,1006569
2021-05-13 14:30:00,106.8301,106.96,105.97,106.91,832068
2021-05-13 15:30:00,106.91,107.07,106.66,106.66,1082476
2021-05-14 09:30:00,107.6,109.5174,107.6,109.26,2324884
2021-05-14 10:30:00,109.26,109.62,108.82,109.485,1101908
2021-05-14 11:30:00,109.48,109.56,109.05,109.2333,694779
2021-05-14 12:30:00,109.24,109.58,109.07,109.48,561893
2021-05-14 13:30:00,109.48,109.82,106.8159,109.78,773689
2021-05-14 14:30:00,109.8,109.82,109.07,109.535,974075
2021-05-14 15:30:00,109.535,109.59,109.14,109.4515,1106981
2021-07-27 09:30:00,100.2,100.27,98.94,100.02,2519638
2021-07-27 10:30:00,100.01,100.46,99.85,100.23,1005596
2021-07-27 11:30:00,100.22,100.45,99.84,99.89,881462
2021-07-27 12:30:00,99.89,100.31,99.76,100.16,729041
2021-07-27 13:30:00,100.16,107.0979,100.05,100.38,574913
2021-07-27 14:30:00,100.38,100.52,100.19,100.42,613909
2021-07-27 15:30:00,100.42,100.72,99.6248,100.63,844745
2021-07-28 09:30:00,100.45,101.09,100.35,100.5,1611444
2021-07-28 10:30:00,100.49,101.0,100.27,100.93,970596
2021-07-28 11:30:00,100.9299,101.38,100.87,100.92,1492781
2021-07-28 12:30:00,100.92,101.29,100.92,101.06,536934
2021-07-28 13:30:00,101.06,101.21,100.76,101.16,651799
2021-07-28 14:30:00,101.16,101.81,101.12,101.465,1279640
2021-07-28 15:30:00,101.3502,101.53,101.12,101.2,1148574
2021-07-29 09:30:00,102.24,102.81,101.94,102.16,1988818
2021-07-29 10:30:00,102.3736,102.71,102.08,102.47,1231504
2021-07-29 11:30:00,102.4676,102.87,98.4331,102.72,876383
2021-07-29 12:30:00,102.725,102.84,102.44,102.71,941071
2021-07-29 13:30:00,102.71,102.8802,102.43,102.86,854826
2021-07-29 14:30:00,102.86,102.88,102.43,102.45,826810
2021-07-29 15:30:00,102.46,102.65,102.41,102.53,1275866
2021-07-30 09:30:00,103.09,104.05,101.46,101.47,2763412
2021-07-30 10:30:00,101.5879,101.81,100.76,101.43,1660705
2021-07-30 11:30:00,101.5892,101.7381,101.01,101.645,1256429
2021-07-30 12:30:00,101.5488,101.84,101.16,101.24,1125659
2021-07-30 13:30:00,101.3149,101.9223,101.18,101.66,943251
2021-07-30 14:30:00,101.8117,102.01,101.34,101.6393,1021504
2021-07-30 15:30:00,101.6786,101.86,101.56,101.81,1413687
2021-08-02 09:30:00,102.08,103.98,101.72,102.725,2425707
2021-08-02 10:30:00,102.74,102.98,101.91,101.95,1448934
2021-08-02 11:30:00,101.9867,102.2,101.62,102.17,1062740
2021-08-02 12:30:00,102.0225,102.655,102.0225,102.405,705367
2021-08-02 13:30:00,102.4544,102.65,102.12,102.4799,653085
2021-08-02 14:30:00,102.4735,102.59,102.15,102.17,720395
2021-08-02 15:30:00,102.2747,102.2747,101.57,101.63,1076744
2021-08-03 09:30:00,101.63,102.18,100.67,101.95,2270549
2021-08-03 10:30:00,101.94,102.63,101.59,102.52,1404574
2021-08-03 11:30:00,102.53,102.92,102.33,102.6,1090705
2021-08-03 12:30:00,102.595,102.7,101.65,102.41,460879
2021-08-03 13:30:00,102.42,102.57,102.18,102.53,548141
2021-08-03 14:30:00,102.525,102.78,102.4646,102.69,629502
2021-08-03 15:30:00,102.7,102.81,102.45,102.6,961422
2021-08-04 09:30:00,100.46,101.9,100.3,101.62,2649089
2021-08-04 10:30:00,101.63,101.65,100.7198,101.2,1349002
2021-08-04 11:30:00,101.21,101.21,100.4,100.4922,1040487
2021-08-04 12:30:00,100.5,100.6022,100.19,100.29,969809
2021-08-04 13:30:00,100.29,100.5099,100.1176,100.1652,863811
2021-08-04 14:30:00,100.1747,100.46,100.1,100.24,1069678
2021-08-04 15:30:00,100.3174,100.7079,100.22,100.29,1252341
2021-08-05 09:30:00,100.88,102.12,100.63,101.9636,2035416
2021-08-05 10:30:00,101.96,102.43,101.6791,102.29,1179886
2021-08-05 11:30:00,102.28,102.365,101.779,101.79,928835
2021-08-05 12:30:00,101.8,101.8307,101.3,101.685,978854
2021-08-05 13:30:00,101.7,101.9,101.5,101.6178,787818
2021-08-05 14:30:00,101.61,101.62,101.2,101.265,683787
2021-08-05 15:30:00,101.265,101.42,101.02,101.24,811446
2021-08-06 09:30:00,101.55,102.58,101.52,101.88,1531920
2021-08-06 10:30:00,102.0009,102.3799,101.6,102.21,1038842
2021-08-06 11:30:00,102.19,102.28,102.03,102.125,540401
2021-08-06 12:30:00,102.1473,102.3,101.98,102.0969,560467
2021-08-06 13:30:00,102.098,102.149,101.8701,101.89,483026
2021-08-06 14:30:00,101.89,102.0193,101.64,102.0,554722
2021-08-06 15:30:00,101.99,102.02,101.68,101.93,809936
2021-08-09 09:30:00,101.115,101.39,99.99,100.09,1892597
2021-08-09 10:30:00,100.09,100.535,99.9285,100.34,1815921
2021-08-09 11:30:00,100.3986,101.23,100.3336,100.5569,923161
2021-08-09 12:30:00,100.6096,100.619,100.335,100.555,585024
2021-08-09 13:30:00,100.5743,100.59,100.34,100.56,578421
2021-08-09 14:30:00,100.5208,101.63,100.45,100.4564,692576
2021-08-09 15:30:00,100.5223,100.58,100.17,100.25,1125532
2021-08-10 09:30:00,100.8,101.86,100.58,101.61,3599002
2021-08-10 10:30:00,101.61,101.84,101.1701,101.5212,1307448
2021-08-10 11:30:00,101.525,101.76,101.08,101.69,789402
2021-08-10 12:30:00,101.6999,102.08,101.5119,102.04,598752
2021-08-10 13:30:00,102.05,102.33,101.97,102.23,738619
2021-08-10 14:30:00,102.23,102.26,101.84,102.05,810291
2021-08-10 15:30:00,102.055,102.09,101.86,102.08,926248
2021-08-11 09:30:00,102.21,102.45,101.62,102.33,1560480
2021-08-11 10:30:00,102.33,102.33,101.6,101.85,1051963
2021-08-11 11:30:00,101.85,102.44,101.8,102.4127,717625
2021-08-11 12:30:00,102.4172,102.97,102.08,102.73,646515
2021-08-11 13:30:00,102.725,102.785,102.54,102.609,660289
2021-08-11 14:30:00,102.6399,102.93,102.5592,102.81,684736
2021-08-11 15:30:00,102.805,102.87,102.6103,102.86,830549
2021-08-12 09:30:00,102.99,103.25,102.21,102.22,1397260
2021-08-12 10:30:00,102.22,102.4,101.77,102.225,1027047
2021-08-12 11:30:00,102.22,102.45,101.9947,102.42,807254
2021-08-12 12:30:00,102.412,102.85,102.075,102.09,544296
2021-08-12 13:30:00,102.0874,102.25,101.98,102.23,780449
2021-08-12 14:30:00,102.23,102.58,102.13,102.45,651745
2021-08-12 15:30:00,102.46,102.67,102.41,102.64,773591
2021-08-13 09:30:00,102.26,102.64,101.64,101.94,1643800
2021-08-13 10:30:00,101.94,102.305,101.89,102.22,926322
2021-08-13 11:30:00,102.22,102.42,102.08,102.385,601671
2021-08-13 12:30:00,102.39,102.495,102.2,102.24,409662
2021-08-13 13:30:00,102.2381,102.4,102.1,102.1,516313
2021-08-13 14:30:00,102.09,102.29,102.03,102.105,696388
2021-08-13 15:30:00,102.11,102.13,101.17,101.96,925573
2021-10-26 09:30:00,114.08,114.6,113.71,114.4853,1678210
2021-10-26 10:30:00,114.48,114.6,114.34,114.5,987579
2021-10-26 11:30:00,114.5,114.59,114.1,114.125,833223
2021-10-26 12:30:00,114.125,114.5,113.51,113.95,1028849
2021-10-26 13:30:00,113.96,114.5,113.91,114.48,808597
2021-10-26 14:30:00,114.48,114.5383,114.3128,114.35,657205
2021-10-26 15:30:00,114.35,114.41,113.51,114.09,764676
2021-10-27 09:30:00,113.48,113.585,112.3,112.93,1881672
2021-10-27 10:30:00,113.2331,113.2331,112.44,112.5718,1368418
2021-10-27 11:30:00,112.5521,112.97,112.45,112.645,813513
2021-10-27 12:30:00,112.6414,112.6488,112.06,112.2,893224
2021-10-27 13:30:00,112.2498,112.49,112.12,112.24,679050
2021-10-27 14:30:00,112.3179,112.3179,111.65,112.08,1061935
2021-10-27 15:30:00,112.08,112.42,111.9352,112.05,1344662
2021-10-28 09:30:00,111.58,112.9,111.0,112.5568,1784827
2021-10-28 10:30:00,112.3427,112.5592,111.89,112.21,906519
2021-10-28 11:30:00,112.177,112.89,112.177,112.22,810751
2021-10-28 12:30:00,112.3206,112.66,112.13,112.5385,739585
2021-10-28 13:30:00,112.53,113.1692,112.53,113.12,777411
2021-10-28 14:30:00,113.12,113.785,112.69,112.8,727014
2021-10-28 15:30:00,112.8,113.27,112.1608,113.0,1139367
2021-10-29 09:30:00,114.719,115.29,113.15,113.9019,4821790
2021-10-29 10:30:00,113.89,114.87,113.72,114.79,1187221
2021-10-29 11:30:00,114.795,114.81,113.8,114.3601,1379881
2021-10-29 12:30:00,114.379,114.6,113.86,114.05,863178
2021-10-29 13:30:00,114.05,114.32,113.97,114.08,715153
2021-10-29 14:30:00,114.08,114.47,114.04,114.35,955826
2021-10-29 15:30:00,114.35,114.935,114.35,114.51,1713295
2021-11-01 09:30:00,115.015,115.24,114.0353,114.32,2616491
2021-11-01 10:30:00,114.33,114.65,114.16,114.54,1122564
2021-11-01 11:30:00,114.54,114.98,105.68,114.74,961401
2021-11-01 12:30:00,114.74,115.09,114.65,114.79,1027580
2021-11-01 13:30:00,114.79,115.025,114.22,114.755,1428587
2021-11-01 14:30:00,114.76,115.005,114.67,114.675,1202348
2021-11-01 15:30:00,114.6705,114.9,114.51,114.52,1495996
2021-11-02 09:30:00,114.18,114.43,113.35,113.5217,1926336
2021-11-02 10:30:00,113.52,114.53,113.2,113.8,1350369
2021-11-02 11:30:00,113.79,113.91,107.72,113.71,1121078
2021-11-02 12:30:00,113.72,114.19,113.64,114.08,897283
2021-11-02 13:30:00,114.09,114.1,113.55,113.57,860422
2021-11-02 14:30:00,113.5984,113.77,113.485,113.76,783396
2021-11-02 15:30:00,113.75,113.86,113.65,113.84,1089262
2021-11-03 09:30:00,112.445,113.1076,111.97,113.02,2143780
2021-11-03 10:30:00,113.02,113.05,112.51,112.7,1327388
2021-11-03 11:30:00,112.71,113.07,112.63,112.69,570773
2021-11-03 12:30:00,112.68,112.9,112.5,112.516,693357
2021-11-03 13:30:00,112.5545,113.0,112.3,112.835,985333
2021-11-03 14:30:00,112.9129,113.27,112.73,113.05,946816
2021-11-03 15:30:00,113.0699,113.0977,112.62,113.02,1400872
2021-11-04 09:30:00,114.125,114.26,112.92,113.04,1862521
2021-11-04 10:30:00,113.0301,113.56,112.955,113.11,1122537
2021-11-04 11:30:00,113.0501,113.4,112.91,113.0678,668606
2021-11-04 12:30:00,113.06,113.51,113.015,113.44,868748
2021-11-04 13:30:00,113.2809,113.49,103.26,113.23,778166
2021-11-04 14:30:00,113.1972,113.56,112.99,113.515,851001
2021-11-04 15:30:00,113.4547,113.64,113.255,113.54,1180321
2021-11-05 09:30:00,114.12,115.0489,113.92,114.37,2157191
2021-11-05 10:30:00,114.36,114.93,114.27,114.6699,899079
2021-11-05 11:30:00,114.6798,114.87,114.55,114.805,708709
2021-11-05 12:30:00,114.805,115.025,114.605,114.63,763071
2021-11-05 13:30:00,114.63,115.05,114.571,114.9,687908
2021-11-05 14:30:00,114.9443,114.98,114.6,114.63,613123
2021-11-05 15:30:00,114.7366,114.79,114.57,114.71,915157
2021-11-08 09:30:00,115.29,116.0,114.96,115.51,1807687
2021-11-08 10:30:00,115.5199,115.727272,114.35,115.28,923796
2021-11-08 11:30:00,115.29,115.485,115.18,115.41,656754
2021-11-08 12:30:00,115.405,115.45,103.93,115.03,614987
2021-11-08 13:30:00,115.035,115.2,114.68,115.185,620056
2021-11-08 14:30:00,115.19,115.295,114.99,115.04,513631
2021-11-08 15:30:00,115.0512,115.265,105.89,115.17,937748
2021-11-09 09:30:00,115.36,115.68,114.5,114.8,1724302
2021-11-09 10:30:00,114.8,115.16,114.66,114.96,902515
2021-11-09 11:30:00,114.955,115.08,105.89,114.93,745320
2021-11-09 12:30:00,114.93,115.3,114.93,115.06,566100
2021-11-09 13:30:00,115.055,115.6288,115.05,115.61,662979
2021-11-09 14:30:00,115.61,116.12,115.53,115.955,1793890
2021-11-09 15:30:00,115.96,116.03,103.89,116.01,1594572
2021-11-10 09:30:00,115.81,116.2199,115.15,115.33,1918789
2021-11-10 10:30:00,115.32,115.7696,114.62,114.7107,1455748
2021-11-10 11:30:00,114.71,114.91,114.42,114.45,860046
2021-11-10 12:30:00,114.445,114.54,114.19,114.42,925264
2021-11-10 13:30:00,114.41,114.51,113.72,113.735,1163287
2021-11-10 14:30:00,113.73,115.13,113.6521,114.21,1359290
2021-11-10 15:30:00,114.2358,114.39,113.99,114.15,1376565
2021-11-11 09:30:00,113.58,114.67,113.55,114.3708,1496429
2021-11-11 10:30:00,114.37,115.52,114.24,114.2664,869600
2021-11-11 11:30:00,114.26,114.47,114.2,114.41,609235
2021-11-11 12:30:00,114.395,114.53,114.33,114.4399,905545
2021-11-11 13:30:00,114.43,114.48,114.35,114.355,988121
2021-11-11 14:30:00,114.36,114.38,114.09,114.32,680350
2021-11-11 15:30:00,114.32,114.33,113.88,114.16,970386
2021-11-12 09:30:00,113.79,114.3,113.59,114.02,3181618
2021-11-12 10:30:00,114.01,114.15,113.9,114.01,848973
2021-11-12 11:30:00,114.0,114.12,113.72,113.7621,727030
2021-11-12 12:30:00,113.78,113.92,113.62,113.9,540773
2021-11-12 13:30:00,113.895,114.05,113.72,113.975,507789
2021-11-12 14:30:00,113.98,114.06,103.73,114.05,541629
2021-11-12 15:30:00,114.04,114.305,114.0081,114.23,820859
2022-01-25 09:30:00,126.7,127.22,125.26,127.07,2461482
2022-01-25 10:30:00,127.05,129.37,126.64,129.26,2419928
2022-01-25 11:30:00,129.25,130.275,128.78,130.2,2263130
2022-01-25 12:30:00,130.2,130.36,129.45,130.35,1526576
2022-01-25 13:30:00,130.34,131.65,130.23,131.5135,2774261
2022-01-25 14:30:00,131.4172,132.56,130.4925,132.2066,3396096
2022-01-25 15:30:00,132.2628,132.74,131.67,132.59,3416188
2022-01-26 09:30:00,132.89,134.0,131.83,132.92,3621815
2022-01-26 10:30:00,132.93,134.48,132.5,134.38,2611455
2022-01-26 11:30:00,134.38,134.51,133.87,134.13,1826718
2022-01-26 12:30:00,134.14,134.295,133.61,133.975,1368811
2022-01-26 13:30:00,133.975,134.74,133.46,134.41,1787092
2022-01-26 14:30:00,134.3936,134.51,127.01,132.54,2866051
2022-01-26 15:30:00,132.53,133.2685,131.8299,132.6,1965963
2022-01-27 09:30:00,134.47,138.32,134.01,135.71,6354609
2022-01-27 10:30:00,135.71,137.35,135.54,136.055,3042381
2022-01-27 11:30:00,135.977735,136.79,135.38,135.46,2178210
2022-01-27 12:30:00,135.44,135.82,133.32,133.7288,2073538
2022-01-27 13:30:00,133.72,134.75,132.69,133.98,1528014
2022-01-27 14:30:00,134.2897,134.73,127.31814,134.6179,1468086
2022-01-27 15:30:00,134.6,135.59,134.3756,135.34,2206474
2022-01-28 09:30:00,130.23,132.0617,128.85,129.89,7305011
2022-01-28 10:30:00,129.8768,130.2229,128.36,129.29,3742094
2022-01-28 11:30:00,129.32,135.37,129.0341,129.32,2029480
2022-01-28 12:30:00,129.3115,129.67,128.314,129.36,2136872
2022-01-28 13:30:00,129.37,129.82,128.17,128.2818,2554335
2022-01-28 14:30:00,128.3474,134.11,128.07,129.97,2203291
2022-01-28 15:30:00,129.8817,130.68,129.4705,130.68,2602278
2022-01-31 09:30:00,130.14,131.72,129.3301,131.411,3877462
2022-01-31 10:30:00,131.415,131.4899,130.051,130.46,1752659
2022-01-31 11:30:00,130.443,131.55,130.23,131.5,1286526
2022-01-31 12:30:00,131.51,131.86,131.5,131.54,1867651
2022-01-31 13:30:00,131.709,131.709,131.06,131.37,1114811
2022-01-31 14:30:00,131.2397,131.559,130.47,131.22,1517259
2022-01-31 15:30:00,131.0163,131.56,131.0163,131.33,1692100
2022-02-01 09:30:00,130.84,134.27,130.29,134.04,3999593
2022-02-01 10:30:00,134.03,135.33,133.87,134.89,2851699
2022-02-01 11:30:00,134.89,135.74,134.345,134.43,2047271
2022-02-01 12:30:00,134.5434,134.72,130.17,134.21,1035780
2022-02-01 13:30:00,134.2203,135.52,134.14,135.48,1256409
2022-02-01 14:30:00,135.2794,135.5,134.98,134.99,1309005
2022-02-01 15:30:00,135.1606,135.38,132.1888,134.79,2020813
2022-02-02 09:30:00,134.32,134.6,132.79,132.93,2499374
2022-02-02 10:30:00,132.97,134.3,132.955,134.03,1563521
2022-02-02 11:30:00,134.04,134.839,133.76,134.7,916703
2022-02-02 12:30:00,134.72,135.13,134.43,134.77,997976
2022-02-02 13:30:00,134.77,135.4546,134.7038,135.4,952360
2022-02-02 14:30:00,135.3349,135.717,135.18,135.62,1247716
2022-02-02 15:30:00,135.397,135.8,135.3,135.4,1329910
2022-02-03 09:30:00,134.66,135.1,133.42,133.87,2206099
2022-02-03 10:30:00,133.7293,134.47,133.439,134.13,1001723
2022-02-03 11:30:00,134.0564,134.25,133.555,133.6582,835634
2022-02-03 12:30:00,133.6627,133.97,133.19,133.81,791317
2022-02-03 13:30:00,133.7609,135.35,133.7609,134.7207,1492396
2022-02-03 14:30:00,135.1069,135.1069,133.98,134.39,1027599
2022-02-03 15:30:00,134.3651,134.5,133.97,134.17,1227877
2022-02-04 09:30:00,134.87,137.0,134.77,136.29,3242577
2022-02-04 10:30:00,136.29,136.51,135.12,135.74,1569573
2022-02-04 11:30:00,135.755,136.17,135.19,135.7,1142910
2022-02-04 12:30:00,135.72,135.95,135.28,135.78,867431
2022-02-04 13:30:00,135.79,136.55,135.73,136.456,1162185
2022-02-04 14:30:00,136.45,136.93,136.19,136.85,1508029
2022-02-04 15:30:00,136.86,136.95,135.87,135.88,1859270
2022-02-07 09:30:00,135.49,137.75,134.83,137.51,3762424
2022-02-07 10:30:00,137.4965,138.96,137.381,138.83,3218839
2022-02-07 11:30:00,138.8268,138.8461,137.73,138.2,1761821
2022-02-07 12:30:00,138.1969,138.96,138.02,138.64,1971274
2022-02-07 13:30:00,138.65,139.25,138.47,139.235,1636720
2022-02-07 14:30:00,139.1528,139.33,138.79,139.16,1731127
2022-02-07 15:30:00,139.2132,139.43,138.31,138.56,2116129
2022-02-08 09:30:00,138.02,138.43,135.33,136.44,2694704
2022-02-08 10:30:00,136.45,138.1,135.01,135.5921,1541097
2022-02-08 11:30:00,135.581,136.272,135.371,136.12,1091408
2022-02-08 12:30:00,136.1135,136.87,131.32,136.635,985252
2022-02-08 13:30:00,136.7239,136.76,136.23,136.35,1014485
2022-02-08 14:30:00,136.4102,136.4102,135.4279,135.97,1103095
2022-02-08 15:30:00,135.97,136.7,135.952681,136.44,1503558
2022-02-09 09:30:00,136.715,138.0,136.1,137.834,2033496
2022-02-09 10:30:00,137.84,138.34,137.25,137.53,1282295
2022-02-09 11:30:00,137.52,137.66,136.76,137.43,859571
2022-02-09 12:30:00,137.3991,137.65,136.84,137.19,910340
2022-02-09 13:30:00,137.18,137.87,136.44,137.57,1370065
2022-02-09 14:30:00,137.7029,137.83,136.955,137.44,1287594
2022-02-09 15:30:00,137.3157,137.89,137.3157,137.8,1410108
2022-02-10 09:30:00,137.66,138.79,137.35,137.9496,1948295
2022-02-10 10:30:00,137.91,138.4,137.37,137.63,1357011
2022-02-10 11:30:00,137.63,138.13,137.38,137.48,908693
2022-02-10 12:30:00,137.47,137.54,136.08,136.34,1276320
2022-02-10 13:30:00,136.34,137.79,135.67,136.27,1160687
2022-02-10 14:30:00,136.11,136.51,135.84,135.846,957856
2022-02-10 15:30:00,135.9735,136.28,135.38,136.04,1460594
2022-02-11 09:30:00,137.54,138.23,136.26,137.92,1778271
2022-02-11 10:30:00,137.94,138.38,137.7,137.92,1059017
2022-02-11 11:30:00,137.94,138.095,137.4001,137.84,802725
2022-02-11 12:30:00,137.8164,138.32,137.62,137.8403,883208
2022-02-11 13:30:00,138.056,139.59,136.04,138.27,3331234
2022-02-11 14:30:00,138.28,139.215,137.6631,138.715,1743374
2022-02-11 15:30:00,138.7,139.1,138.41,138.81,1720084
2022-04-26 09:30:00,158.82,159.53,156.51,158.2561,2024142
2022-04-26 10:30:00,157.6035,160.37,156.98,159.44,1818357
2022-04-26 11:30:00,159.46,160.1388,158.88,159.455,1053744
2022-04-26 12:30:00,159.45,159.86,158.4833,158.586,758409
2022-04-26 13:30:00,158.58,159.0797,157.49,158.045,977664
2022-04-26 14:30:00,158.02,158.13,156.94,157.17,1244896
2022-04-26 15:30:00,157.16,157.8025,156.39,156.53,1218353
2022-04-27 09:30:00,156.885,171.0,154.51,154.88,2415615
2022-04-27 10:30:00,154.89,157.28,154.6818,157.085,1770578
2022-04-27 11:30:00,157.11,157.76,156.41,157.11,1087945
2022-04-27 12:30:00,157.14,157.6282,156.776,157.148,803892
2022-04-27 13:30:00,157.15,157.92,155.0,157.2274,1022172
2022-04-27 14:30:00,157.23,157.44,156.27,157.0375,1141021
2022-04-27 15:30:00,157.03,157.21,156.05,156.25,1322790
2022-04-28 09:30:00,157.3,158.3034,154.92,156.03,1414697
2022-04-28 10:30:00,156.05,158.13,155.6326,157.87,1447363
2022-04-28 11:30:00,157.87,159.9488,156.24,159.92,935681
2022-04-28 12:30:00,159.94,160.75,159.7301,160.6201,939491
2022-04-28 13:30:00,160.6218,161.4599,156.24,161.175,907537
2022-04-28 14:30:00,161.19,163.0,156.24,162.75,1223953
2022-04-28 15:30:00,162.74,162.8798,161.61,161.73,1416702
2022-04-29 09:30:00,160.66,162.44,158.13,159.0999,2948355
2022-04-29 10:30:00,158.8789,159.54,157.81,159.13,1384870
2022-04-29 11:30:00,158.6564,161.79,157.89,157.94,1018823
2022-04-29 12:30:00,157.94,158.36,154.65,158.1396,982688
2022-04-29 13:30:00,157.9472,159.707,157.13,157.755,954317
2022-04-29 14:30:00,157.402,158.045,156.4201,156.8699,1388091
2022-04-29 15:30:00,156.9412,157.835,156.27,156.67,1797732
2022-05-02 09:30:00,156.31,158.87,155.1292,158.4354,3572547
2022-05-02 10:30:00,158.3294,159.45,155.82,156.86,1496031
2022-05-02 11:30:00,156.86,161.28,156.74,158.94,901687
2022-05-02 12:30:00,158.97,159.415,158.31,158.58,796284
2022-05-02 13:30:00,158.57,158.83,156.67,157.85,1006791
2022-05-02 14:30:00,157.819,159.75,157.24,159.5,1163995
2022-05-02 15:30:00,159.5161,160.0,159.01,159.79,1333243
2022-05-03 09:30:00,159.375,160.988,159.0,160.72,1708088
2022-05-03 10:30:00,160.74,162.91,160.19,162.475,1487626
2022-05-03 11:30:00,162.47,163.45,159.75,162.565,957171
2022-05-03 12:30:00,162.55,163.17,162.2,162.615,683024
2022-05-03 13:30:00,162.59,162.76,159.7467,161.8591,911884
2022-05-03 14:30:00,161.87,163.19,161.33,162.64,1118270
2022-05-03 15:30:00,162.62,162.77,161.84,162.36,995463
2022-05-04 09:30:00,164.9,165.24,163.45,164.5499,1697207
2022-05-04 10:30:00,164.56,165.0,163.86,164.233,838171
2022-05-04 11:30:00,164.22,164.69,163.7,164.09,689302
2022-05-04 12:30:00,164.1,164.53,162.49,164.11,704922
2022-05-04 13:30:00,163.9769,165.35,163.9769,165.06,1167668
2022-05-04 14:30:00,164.8009,167.09,163.71,166.945959,1555729
2022-05-04 15:30:00,166.7717,167.89,166.7717,167.6,1402739
2022-05-05 09:30:00,168.94,169.5988,167.08,168.05,2213175
2022-05-05 10:30:00,168.03,168.26,164.59,164.95,1419663
2022-05-05 11:30:00,164.9,167.59,162.62,165.34,1096546
2022-05-05 12:30:00,165.33,167.31,164.83,166.86,997908
2022-05-05 13:30:00,166.8,167.59,166.05,166.12,714977
2022-05-05 14:30:00,166.1,166.42,164.55,164.73,936041
2022-05-05 15:30:00,164.735,166.57,164.5205,166.3,1396538
2022-05-06 09:30:00,167.75,168.35,165.4161,167.03,1633531
2022-05-06 10:30:00,167.2353,169.15,165.775,168.85,1218207
2022-05-06 11:30:00,168.87,168.93,167.21,168.483,922413
2022-05-06 12:30:00,168.46,170.0,166.26,169.03,1210218
2022-05-06 13:30:00,169.02,169.68,166.26,168.495,1396909
2022-05-06 14:30:00,168.49,169.63,168.21,169.039,1064520
2022-05-06 15:30:00,169.045,170.97,168.9454,170.78,2042425
2022-05-09 09:30:00,167.78,167.81,163.69,164.0388,2793303
2022-05-09 10:30:00,164.01,164.28,161.21,161.3,1828392
2022-05-09 11:30:00,161.29,163.47,161.03,162.52,1484451
2022-05-09 12:30:00,162.5,171.89,159.8,160.4239,1555965
2022-05-09 13:30:00,160.4238,160.68,158.89,159.0,1312999
2022-05-09 14:30:00,159.0,160.9892,158.78,159.1201,1681522
2022-05-09 15:30:00,159.4538,170.69,158.475,159.28,2013333
2022-05-10 09:30:00,162.275,164.21,161.41,163.52,2780110
2022-05-10 10:30:00,163.3984,169.12,160.36,160.84,1749574
2022-05-10 11:30:00,160.82,161.08,158.69,158.84,1185439
2022-05-10 12:30:00,158.9485,159.66,157.85,158.5,1083741
2022-05-10 13:30:00,158.1569,160.0599,158.1569,159.385,1256168
2022-05-10 14:30:00,159.5738,161.59,159.25,160.5176,1110104
2022-05-10 15:30:00,160.7152,161.01,159.65,160.77,1155607
2022-05-11 09:30:00,163.73,166.149,162.51,165.7601,2044552
2022-05-11 10:30:00,165.77,166.47,163.44,166.4371,1228233
2022-05-11 11:30:00,166.4001,167.46,165.12,165.23,1023715
2022-05-11 12:30:00,165.2184,166.0899,163.86,163.92,808813
2022-05-11 13:30:00,163.89,164.61,160.78,164.2,1125554
2022-05-11 14:30:00,164.2,165.09,163.68,164.53,971109
2022-05-11 15:30:00,164.55,164.82,160.78,163.16,1079310
2022-05-12 09:30:00,163.4,163.6,158.86,161.045,2048658
2022-05-12 10:30:00,161.09,163.4399,160.68,162.48,1045876
2022-05-12 11:30:00,162.52,162.91,161.01,162.6383,828968
2022-05-12 12:30:00,162.66,163.37,161.69,162.32,684870
2022-05-12 13:30:00,162.3232,163.16,161.43,161.97,883826
2022-05-12 14:30:00,161.93,163.21,161.54,162.34,946037
2022-05-12 15:30:00,162.33,164.85,162.2966,164.8,1659395
2022-05-13 09:30:00,166.64,167.5462,164.8793,167.0,2043719
2022-05-13 10:30:00,167.0055,167.84,164.71,167.8,1028064
2022-05-13 11:30:00,167.82,168.61,167.54,168.0612,881568
2022-05-13 12:30:00,168.085,168.79,167.58,168.1792,776063
2022-05-13 13:30:00,168.19,168.455,164.71,166.99,897774
2022-05-13 14:30:00,166.99,168.54,166.9,168.5,851473
2022-05-13 15:30:00,168.51,168.53,164.3301,167.9188,1683584
2022-07-26 09:30:00,149.525,150.68,148.25,148.8327,1469576
2022-07-26 10:30:00,148.86,148.99,139.97,147.42,753658
2022-07-26 11:30:00,147.42,147.52,146.55,146.8,613193
2022-07-26 12:30:00,146.83,147.8399,146.8,147.79,583721
2022-07-26 13:30:00,147.785,148.48,146.9695,146.98,510420
2022-07-26 14:30:00,146.985,147.28,146.5301,147.2699,622720
2022-07-26 15:30:00,147.26,147.68,147.1149,147.28,777090
2022-07-27 09:30:00,148.1,148.94,146.64,147.47,924871
2022-07-27 10:30:00,147.46,155.93,147.46,148.52,664405
2022-07-27 11:30:00,148.52,148.81,147.86,147.965,428640
2022-07-27 12:30:00,147.96,148.3682,147.635,148.22,518427
2022-07-27 13:30:00,148.23,148.65,147.32,147.94,647562
2022-07-27 14:30:00,147.925,149.88,147.3,149.88,1111596
2022-07-27 15:30:00,149.88,150.2,149.25,149.32,901840
2022-07-28 09:30:00,150.605,151.376,148.01,148.53,1171327
2022-07-28 10:30:00,148.55,150.17,148.2594,150.17,753534
2022-07-28 11:30:00,150.15,150.9288,149.75,150.64,591914
2022-07-28 12:30:00,150.62,150.685,149.26,150.0119,542806
2022-07-28 13:30:00,150.02,150.99,149.26,150.3303,556483
2022-07-28 14:30:00,150.345,151.38,150.05,151.36,682524
2022-07-28 15:30:00,151.36,151.47,150.3,150.35,1164441
2022-07-29 09:30:00,156.215,163.11,155.64,162.61,5023084
2022-07-29 10:30:00,162.59,164.692245,161.5501,162.37,2529461
2022-07-29 11:30:00,162.37,163.47,162.17,162.76,1267784
2022-07-29 12:30:00,162.77,162.99,162.21,162.7,939613
2022-07-29 13:30:00,162.69,163.4,150.39,163.295,881280
2022-07-29 14:30:00,163.28,164.28,163.15,163.74,1272342
2022-07-29 15:30:00,163.72,164.2,163.28,163.75,2064959
2022-08-01 09:30:00,161.54,162.17,159.3,159.755,2270471
2022-08-01 10:30:00,159.77,163.72,159.27,159.96,954199
2022-08-01 11:30:00,159.9767,161.44,159.62,160.585,756198
2022-08-01 12:30:00,160.6,160.638464,159.15,159.1682,736386
2022-08-01 13:30:00,159.168,163.78,159.16,160.68,712393
2022-08-01 14:30:00,160.69,161.7988,160.21,160.9101,794815
2022-08-01 15:30:00,160.9834,161.13,160.15,160.56,896447
2022-08-02 09:30:00,160.23,161.49,158.3,159.49,1554416
2022-08-02 10:30:00,159.2501,160.12,148.34,160.07,628863
2022-08-02 11:30:00,160.08,160.775,156.54,160.225,565296
2022-08-02 12:30:00,160.23,160.95,159.32,160.18,579835
2022-08-02 13:30:00,160.436,160.51,159.3,159.88,544661
2022-08-02 14:30:00,159.8508,160.34,159.18,159.715,598017
2022-08-02 15:30:00,159.4178,159.95,159.01,159.18,731004
2022-08-03 09:30:00,159.39,159.98,157.53,158.185,1370247
2022-08-03 10:30:00,158.18,158.3199,155.56,156.3788,1289691
2022-08-03 11:30:00,156.365,156.65,154.71,155.2189,1070852
2022-08-03 12:30:00,155.2925,159.14,144.3191,155.44,996966
2022-08-03 13:30:00,154.8407,159.14,154.8407,155.1679,814211
2022-08-03 14:30:00,155.3498,156.215,155.08,156.05,958339
2022-08-03 15:30:00,156.04,156.15,155.2,155.36,1275120
2022-08-04 09:30:00,154.98,155.66,152.76,153.84,2283320
2022-08-04 10:30:00,153.78,154.0598,152.17,152.4609,1403733
2022-08-04 11:30:00,152.42,153.29,152.4001,153.1,1053898
2022-08-04 12:30:00,153.0042,153.94,152.71,153.69,946283
2022-08-04 13:30:00,153.6142,153.7275,152.72,153.16,741708
2022-08-04 14:30:00,153.0502,155.36,151.965,152.32,1231759
2022-08-04 15:30:00,152.1481,152.46,150.72,151.1211,1878186
2022-08-05 09:30:00,149.38,154.9,149.0,154.1321,2108467
2022-08-05 10:30:00,154.16,154.85,149.73,153.27,794900
2022-08-05 11:30:00,153.28,153.8288,152.95,153.36,590065
2022-08-05 12:30:00,153.38,155.03,151.14,154.54,987955
2022-08-05 13:30:00,154.53,154.7543,151.14,154.0609,450336
2022-08-05 14:30:00,154.05,154.47,153.96,154.32,591536
2022-08-05 15:30:00,154.32,154.36,153.37,153.51,962623
2022-08-08 09:30:00,153.505,154.99,153.01,153.43,1253313
2022-08-08 10:30:00,153.8297,154.95,153.14,154.83,665232
2022-08-08 11:30:00,154.6815,154.91,153.64,154.37,606438
2022-08-08 12:30:00,154.4228,154.505,153.96,153.97,511188
2022-08-08 13:30:00,153.99,154.55,153.8116,154.21,527515
2022-08-08 14:30:00,154.1286,154.32,153.55,153.97,713664
2022-08-08 15:30:00,153.9802,153.9932,153.24,153.31,790364
2022-08-09 09:30:00,155.94,157.81,155.25,157.29,1508491
2022-08-09 10:30:00,157.27,157.34,155.78,155.82,761123
2022-08-09 11:30:00,155.85,155.9,154.8,155.32,565567
2022-08-09 12:30:00,155.315,155.6,154.63,155.5,550714
2022-08-09 13:30:00,155.48,155.86,153.41,154.923,592027
2022-08-09 14:30:00,154.934,155.46,154.6,155.38,580179
2022-08-09 15:30:00,155.39,155.57,154.95,155.5,696800
2022-08-10 09:30:00,156.415,156.82,152.93,153.5788,1284578
2022-08-10 10:30:00,153.56,156.03,153.4,155.82,842225
2022-08-10 11:30:00,155.83,156.24,155.12,155.9297,588756
2022-08-10 12:30:00,155.7894,156.4765,155.41,155.965,530741
2022-08-10 13:30:00,155.94,156.4797,155.26,155.338925,558454
2022-08-10 14:30:00,155.375,155.51,154.96,155.42,557544
2022-08-10 15:30:00,155.4299,155.98,155.27,155.82,759188
2022-08-11 09:30:00,157.965,159.195,157.61,157.8673,1547449
2022-08-11 10:30:00,157.83,159.37,157.76,158.99,683179
2022-08-11 11:30:00,158.99,159.55,155.82,159.440584,663399
2022-08-11 12:30:00,159.54,160.8105,159.3992,160.778,809799
2022-08-11 13:30:00,160.6191,161.22,155.82,160.84,731105
2022-08-11 14:30:00,160.9195,160.9195,159.34,159.7897,1074450
2022-08-11 15:30:00,159.7765,160.15,159.25,159.67,1217008
2022-08-12 09:30:00,158.525,159.66,155.21,157.7988,1730089
2022-08-12 10:30:00,157.81,158.2,157.32,157.43,964129
2022-08-12 11:30:00,157.44,159.62,157.215,157.98,1022666
2022-08-12 12:30:00,157.98,158.78,157.78,158.32,664032
2022-08-12 13:30:00,158.3026,159.11,158.29,158.804337,524892
2022-08-12 14:30:00,158.82,159.58,158.7418,159.44,649586
2022-08-12 15:30:00,159.44,159.91,159.27,159.82,869960
2022-10-25 09:30:00,172.71,174.96,161.42,174.91,1447174
2022-10-25 10:30:00,174.9323,174.97,161.31,173.95,921740
2022-10-25 11:30:00,174.2809,174.94,173.77,174.19,903314
2022-10-25 12:30:00,174.2827,174.83,173.82,174.0,647996
2022-10-25 13:30:00,174.1003,174.21,173.13,174.18,540564
2022-10-25 14:30:00,174.2,174.55,173.59,174.52,688562
2022-10-25 15:30:00,174.4115,175.0,174.348,174.88,1114464
2022-10-26 09:30:00,175.4,177.43,175.08,176.66,1478342
2022-10-26 10:30:00,176.66,178.22,176.3486,177.74,1050809
2022-10-26 11:30:00,177.72,178.26,175.76,178.17,659031
2022-10-26 12:30:00,178.1888,178.48,177.5,177.53,813208
2022-10-26 13:30:00,177.5287,178.0,176.81,177.6,588615
2022-10-26 14:30:00,177.58,177.77,161.31,177.27,624823
2022-10-26 15:30:00,177.27,177.85,177.02,177.23,860498
2022-10-27 09:30:00,179.81,181.4,178.48,180.2578,2363115
2022-10-27 10:30:00,180.32,180.7988,179.87,180.585,1114408
2022-10-27 11:30:00,180.61,181.01,179.63,179.8499,1270992
2022-10-27 12:30:00,179.825,180.69,168.0,180.16,743796
2022-10-27 13:30:00,180.15,180.4,179.4,179.5872,677680
2022-10-27 14:30:00,179.4377,179.6231,178.29,178.6838,894038
2022-10-27 15:30:00,178.675,178.99,177.47,178.26,1219074
2022-10-28 09:30:00,181.7,182.87,178.8,179.881,3238504
2022-10-28 10:30:00,179.91,181.52,177.3,177.73,1525209
2022-10-28 11:30:00,177.7,179.33,176.53,179.3085,1100626
2022-10-28 12:30:00,179.315,179.82,174.25,179.53,838810
2022-10-28 13:30:00,179.5268,179.79,178.92,179.235,763122
2022-10-28 14:30:00,179.23,179.5599,178.7222,179.25,866012
2022-10-28 15:30:00,179.25,180.28,179.03,179.83,1276974
2022-10-31 09:30:00,178.62,182.9488,178.0,182.36,2477393
2022-10-31 10:30:00,182.4618,183.65,182.3011,183.05,1495590
2022-10-31 11:30:00,183.2068,183.84,180.19,180.78,2099786
2022-10-31 12:30:00,180.775,181.5988,179.71,181.47,1169001
2022-10-31 13:30:00,181.4744,182.27,177.09,182.131436,814160
2022-10-31 14:30:00,182.0612,182.1382,181.12,181.76,900334
2022-10-31 15:30:00,181.6898,182.16,180.75,180.98,1395437
2022-11-01 09:30:00,183.99,183.99,174.93,183.44,1729149
2022-11-01 10:30:00,183.43,183.8,182.15,183.14,1145675
2022-11-01 11:30:00,183.16,184.33,182.7954,184.11,979490
2022-11-01 12:30:00,184.11,184.52,182.36,184.03,847028
2022-11-01 13:30:00,184.03,184.07,180.9,183.27,682304
2022-11-01 14:30:00,183.27,183.6788,182.8101,182.8356,833448
2022-11-01 15:30:00,182.85,183.09,182.01,182.02,1375407
2022-11-02 09:30:00,181.18,181.48,179.02,179.9,1622718
2022-11-02 10:30:00,179.82,192.5523,179.35,181.22,739388
2022-11-02 11:30:00,181.235,182.09,173.6,181.26,746751
2022-11-02 12:30:00,181.25,181.4688,179.73,180.9388,547425
2022-11-02 13:30:00,180.91,182.94,180.87,182.09,879602
2022-11-02 14:30:00,182.06,182.39,178.53,178.8896,1280068
2022-11-02 15:30:00,178.86,179.29,168.0,178.41,1146735
2022-11-03 09:30:00,177.28,179.59,177.18,179.16,1339256
2022-11-03 10:30:00,179.1,180.42,178.82,180.135,874276
2022-11-03 11:30:00,180.1412,182.0999,178.53,182.01,769699
2022-11-03 12:30:00,182.02,182.1888,181.13,181.4288,802690
2022-11-03 13:30:00,181.4,181.4,178.5,181.18,660408
2022-11-03 14:30:00,181.18,182.09,180.97,182.0888,652961
2022-11-03 15:30:00,182.07,182.2,181.03,181.08,904045
2022-11-04 09:30:00,184.6,185.4,183.56,184.63,2525573
2022-11-04 10:30:00,184.0752,184.99,183.05,183.12,765205
2022-11-04 11:30:00,183.5412,184.09,177.9,181.39,1004772
2022-11-04 12:30:00,181.39,182.18,180.58,181.9828,501623
2022-11-04 13:30:00,181.99,182.36,181.15,182.24,497942
2022-11-04 14:30:00,182.2426,183.3088,182.14,182.95,613476
2022-11-04 15:30:00,182.945,183.65,182.68,183.53,854132
2022-11-07 09:30:00,182.38,185.86,182.1,185.69,1759667
2022-11-07 10:30:00,185.7,186.33,182.37,185.9786,944118
2022-11-07 11:30:00,185.96,186.18,184.94,186.0288,680276
2022-11-07 12:30:00,186.0299,186.06,185.2,185.54,597224
2022-11-07 13:30:00,185.55,185.94,185.02,185.68,532840
2022-11-07 14:30:00,185.66,186.38,185.46,186.345,812604
2022-11-07 15:30:00,186.2525,186.3659,185.56,185.74,1039581
2022-11-08 09:30:00,185.9488,186.0,184.18,185.2082,1134223
2022-11-08 10:30:00,185.212,186.2,185.1499,185.33,723296
2022-11-08 11:30:00,185.325,185.89,185.11,185.38,607533
2022-11-08 12:30:00,185.3817,186.12,184.54,184.61,747730
2022-11-08 13:30:00,184.61,185.03,183.85,183.9294,726591
2022-11-08 14:30:00,183.92,186.0,162.72,185.96,738004
2022-11-08 15:30:00,185.96,186.26,184.48,185.37,908574
2022-11-09 09:30:00,184.07,184.1488,181.33,182.196669,1416119
2022-11-09 10:30:00,182.19,182.8004,181.08,181.77,945211
2022-11-09 11:30:00,181.76,182.24,180.97,181.03,516642
2022-11-09 12:30:00,181.02,181.5,180.075,180.13,617588
2022-11-09 13:30:00,180.125,180.1922,179.03,179.1285,760917
2022-11-09 14:30:00,179.125,179.33,177.85,178.565,1048889
2022-11-09 15:30:00,178.58,185.0,177.22,177.94,1361213
2022-11-10 09:30:00,182.41,182.79,178.01,180.83,1439101
2022-11-10 10:30:00,180.85,181.25,180.08,180.78,722451
2022-11-10 11:30:00,180.79,180.97,179.28,179.5,607249
2022-11-10 12:30:00,179.47,179.9588,178.9582,179.7962,514405
2022-11-10 13:30:00,179.785,180.22,179.36,180.13,449676
2022-11-10 14:30:00,180.12,180.83,179.97,180.76,539731
2022-11-10 15:30:00,180.7599,181.37,180.32,181.19,1050683
2022-11-11 09:30:00,184.05,186.35,183.81,186.3,1893968
2022-11-11 10:30:00,186.31,186.78,185.14,185.25,1323306
2022-11-11 11:30:00,185.23,185.5,178.5,185.085,920722
2022-11-11 12:30:00,185.129,186.25,185.08,186.17,787782
2022-11-11 13:30:00,186.1719,186.5,185.79,186.415,654077
2022-11-11 14:30:00,186.1484,187.1,186.07,186.9482,793199
2022-11-11 15:30:00,186.8823,187.03,177.7,186.55,1063066
2023-01-31 09:30:00,172.68,173.52,171.42,172.6776,3709354
2023-01-31 10:30:00,172.69,174.7,172.2,173.3992,1675224
2023-01-31 11:30:00,173.4,174.7,172.62,173.16,848924
2023-01-31 12:30:00,173.17,173.67,172.89,173.465,864332
2023-01-31 13:30:00,173.46,173.9,173.0,173.8,1074761
2023-01-31 14:30:00,173.82,174.12,173.2601,173.62,997765
2023-01-31 15:30:00,173.6302,174.63,173.61,174.14,1817806
2023-02-01 09:30:00,172.95,174.02,171.88,172.65,2052336
2023-02-01 10:30:00,172.63,172.6699,171.19,172.084,1531146
2023-02-01 11:30:00,172.06,172.33,169.53,170.04,1789278
2023-02-01 12:30:00,170.06,172.01,169.71,170.53,956450
2023-02-01 13:30:00,170.53,174.02,169.79,170.39,931754
2023-02-01 14:30:00,170.2808,171.9,169.58,171.64,1726112
2023-02-01 15:30:00,171.594362,172.7515,171.05,171.43,1326447
2023-02-02 09:30:00,171.34,177.99,168.61,169.2744,1984218
2023-02-02 10:30:00,169.27,170.21,169.02,169.6303,1274790
2023-02-02 11:30:00,169.7278,170.37,169.15,170.1621,1058629
2023-02-02 12:30:00,170.115,170.24,168.8,168.83,1050246
2023-02-02 13:30:00,168.9367,169.06,166.82,167.07,1446082
2023-02-02 14:30:00,167.1775,168.3,166.96,167.74,1139701
2023-02-02 15:30:00,167.7575,169.1,167.7523,169.03,1160851
2023-02-03 09:30:00,169.79,171.44,169.61,171.22,1792274
2023-02-03 10:30:00,171.23,171.55,169.63,169.71,1109806
2023-02-03 11:30:00,169.71,169.7484,168.67,169.5991,864136
2023-02-03 12:30:00,169.4544,170.52,168.48,168.9837,772794
2023-02-03 13:30:00,168.99,169.96,168.7928,169.895,918096
2023-02-03 14:30:00,169.9,170.145834,169.68,169.82,793426
2023-02-03 15:30:00,169.837089,170.01,169.2748,169.41,1076018
2023-02-06 09:30:00,169.81,170.15,167.54,168.0,1367987
2023-02-06 10:30:00,167.99,169.2299,167.36,169.0816,1280564
2023-02-06 11:30:00,169.09,169.34,168.5801,168.7298,463457
2023-02-06 12:30:00,168.72,175.5098,168.51,168.7245,642452
2023-02-06 13:30:00,168.71,169.52,168.62,169.45,602570
2023-02-06 14:30:00,169.43,169.66,169.2,169.47,905838
2023-02-06 15:30:00,169.47,169.92,169.32,169.61,1206274
2023-02-07 09:30:00,169.6,171.56,169.51,170.79,1849789
2023-02-07 10:30:00,170.77,171.69,170.16,171.64,1059647
2023-02-07 11:30:00,171.65,172.83,171.435,172.22,1034551
2023-02-07 12:30:00,172.2282,173.61,171.74,171.74,1289153
2023-02-07 13:30:00,171.73,172.97,171.16,172.78,1168116
2023-02-07 14:30:00,172.8,173.69,172.73,173.494,1190744
2023-02-07 15:30:00,173.5,174.4,173.3149,174.06,1460911
2023-02-08 09:30:00,172.77,174.07,171.68,171.95,2778285
2023-02-08 10:30:00,171.96,172.15,170.38,170.4,1488092
2023-02-08 11:30:00,170.4112,180.77,169.47,170.495,1100408
2023-02-08 12:30:00,170.51,170.59,169.46,170.33,801736
2023-02-08 13:30:00,170.34,170.63,169.76,170.33,850535
2023-02-08 14:30:00,170.345,181.88,169.74,170.29,831123
2023-02-08 15:30:00,170.3,180.83,168.705,170.02,1001014
2023-02-09 09:30:00,170.24,185.78,168.63,169.184,2181531
2023-02-09 10:30:00,169.19,169.61,168.39,169.11,1307746
2023-02-09 11:30:00,169.09,169.5747,168.78,169.09,648104
2023-02-09 12:30:00,169.1,169.14,168.04,168.46,852649
2023-02-09 13:30:00,168.46,169.46,168.37,168.6353,1037704
2023-02-09 14:30:00,168.5542,169.0481,168.2968,168.51,1019701
2023-02-09 15:30:00,168.51,168.6,168.0,168.48,1927869
2023-02-10 09:30:00,170.39,172.01,170.39,171.6106,2662425
2023-02-10 10:30:00,171.61,180.34,170.65,171.9,1625228
2023-02-10 11:30:00,171.9,172.28,171.23,171.9388,1275084
2023-02-10 12:30:00,171.9116,172.43,171.7,172.2395,897200
2023-02-10 13:30:00,172.1911,172.77,172.08,172.2,934355
2023-02-10 14:30:00,172.3308,172.51,171.95,172.1245,948828
2023-02-10 15:30:00,172.0586,172.38,168.85,171.97,1438452
2023-02-13 09:30:00,171.46,171.99,169.77,170.765,1917540
2023-02-13 10:30:00,170.77,171.23,170.26,170.53,1126397
2023-02-13 11:30:00,170.5,171.28,170.31,171.15,977027
2023-02-13 12:30:00,171.15,174.7,171.06,171.59,730407
2023-02-13 13:30:00,171.6,171.76,171.29,171.53,695519
2023-02-13 14:30:00,171.53,171.65,170.67,170.8495,934074
2023-02-13 15:30:00,170.835,171.23,170.69,171.04,1097859
2023-02-14 09:30:00,170.735,173.26,169.91,172.86,1754522
2023-02-14 10:30:00,172.86,173.0944,171.28,171.555,1078638
2023-02-14 11:30:00,171.57,172.23,170.94,172.12,710503
2023-02-14 12:30:00,172.16,173.38,172.05,173.2729,828434
2023-02-14 13:30:00,173.285,173.43,172.81,173.09,687453
2023-02-14 14:30:00,173.09,173.51,172.67,172.6999,863142
2023-02-14 15:30:00,172.69,172.95,172.26,172.33,942623
2023-02-15 09:30:00,169.31,169.63,167.74,169.165,1894823
2023-02-15 10:30:00,169.0216,169.53,168.42,168.64,1018631
2023-02-15 11:30:00,168.65,169.2948,167.5,167.56,1086724
2023-02-15 12:30:00,167.53,168.81,167.51,168.773,1263415
2023-02-15 13:30:00,168.78,169.2688,168.74,168.99,710628
2023-02-15 14:30:00,169.0,169.17,168.51,168.7682,1283983
2023-02-15 15:30:00,168.77,169.13,168.77,169.03,882565
2023-02-16 09:30:00,167.94,168.56,167.2701,168.0438,1354199
2023-02-16 10:30:00,167.9859,169.47,167.74,167.97,845253
2023-02-16 11:30:00,167.975,168.32,167.45,168.32,687971
2023-02-16 12:30:00,168.1509,168.67,167.3,167.3,622417
2023-02-16 13:30:00,167.4871,168.05,167.19,168.01,631825
2023-02-16 14:30:00,167.9979,168.11,166.825,167.07,866148
2023-02-16 15:30:00,167.0418,167.27,166.4,166.61,936115
2023-02-17 09:30:00,164.59,164.84,162.34,163.6382,2394216
2023-02-17 10:30:00,163.7617,163.92,162.37,162.72,1045857
2023-02-17 11:30:00,162.72,163.54,162.6229,163.06,678267
2023-02-17 12:30:00,162.946,163.08,161.85,162.05,764219
2023-02-17 13:30:00,162.1153,162.7188,161.8775,162.6706,716302
2023-02-17 14:30:00,162.6156,163.53,162.6153,162.87,842551
2023-02-17 15:30:00,162.9827,163.225,162.74,162.88,1306738
2023-04-25 09:30:00,170.41,170.68,168.59,168.9,1180833
2023-04-25 10:30:00,168.8918,169.57,168.43,169.07,756565
2023-04-25 11:30:00,169.06,169.7,168.78,169.35,438822
2023-04-25 12:30:00,169.37,169.9,168.52,168.86,496738
2023-04-25 13:30:00,168.85,169.3828,168.6,169.37,633770
2023-04-25 14:30:00,169.3874,169.43,168.85,169.06,659946
2023-04-25 15:30:00,169.06,169.33,168.83,169.0,899353
2023-04-26 09:30:00,168.23,168.97,166.55,166.795,997285
2023-04-26 10:30:00,166.81,168.83,166.795,168.34,871925
2023-04-26 11:30:00,168.37,169.85,167.15,168.43,406984
2023-04-26 12:30:00,168.4562,168.5,167.43,167.5,381470
2023-04-26 13:30:00,167.516,167.58,165.88,166.1,594826
2023-04-26 14:30:00,166.1,166.39,165.23,165.4988,736853
2023-04-26 15:30:00,165.5,166.27,165.34,165.97,1046614
2023-04-27 09:30:00,166.255,167.01,165.75,166.18,1263036
2023-04-27 10:30:00,166.1885,166.82,165.07,166.225,751797
2023-04-27 11:30:00,166.24,166.56,165.14,165.66,577388
2023-04-27 12:30:00,165.67,166.53,165.38,166.365,448003
2023-04-27 13:30:00,166.34,166.89,157.65,166.83,665701
2023-04-27 14:30:00,166.85,167.39,166.2228,167.0,805621
2023-04-27 15:30:00,166.9928,167.25,166.6,166.94,969018
2023-04-28 09:30:00,164.85,166.95,164.03,166.79,2215035
2023-04-28 10:30:00,166.79,168.31,165.66,168.12,1643528
2023-04-28 11:30:00,168.115,168.47,165.66,168.245,703568
2023-04-28 12:30:00,168.24,168.51,167.8954,168.42,507493
2023-04-28 13:30:00,168.4324,168.495,167.85,168.2,651354
2023-04-28 14:30:00,168.2075,168.95,168.0,168.74,750080
2023-04-28 15:30:00,168.75,168.86,166.26,168.64,1212840
2023-05-01 09:30:00,167.74,168.76,166.62,167.766,1085667
2023-05-01 10:30:00,167.8,168.27,166.95,167.35,651078
2023-05-01 11:30:00,167.36,167.96,166.9,167.4605,436685
2023-05-01 12:30:00,167.465,167.75,166.37,166.42,487544
2023-05-01 13:30:00,166.41,167.49,159.49,167.3551,624187
2023-05-01 14:30:00,167.4245,167.5073,166.78,166.87,596540
2023-05-01 15:30:00,166.88,167.47,166.87,167.24,872172
2023-05-02 09:30:00,165.56,165.56,160.75,160.94,1814678
2023-05-02 10:30:00,160.95,161.19,158.94,159.15,1540735
2023-05-02 11:30:00,159.165,164.43,158.45,159.03,1267401
2023-05-02 12:30:00,159.03,160.12,158.78,159.535,1189273
2023-05-02 13:30:00,159.5229,167.24,158.66,159.37,1198891
2023-05-02 14:30:00,159.36,160.733,159.21,160.53,1109256
2023-05-02 15:30:00,160.53,171.1329,159.89,160.06,1309166
2023-05-03 09:30:00,158.4,159.5985,157.9,158.49,1465019
2023-05-03 10:30:00,158.51,158.65,157.62,158.0286,1189972
2023-05-03 11:30:00,158.04,158.82,157.44,158.471,755245
2023-05-03 12:30:00,158.4871,169.04,158.313,159.0688,440800
2023-05-03 13:30:00,159.06,160.04,158.38,158.425,583389
2023-05-03 14:30:00,158.43,159.07,157.41,157.445,956546
2023-05-03 15:30:00,157.445,169.4548,156.74,156.83,1224528
2023-05-04 09:30:00,157.015,168.29,155.39,155.55,1566684
2023-05-04 10:30:00,155.4701,157.8055,155.4701,157.04,1473473
2023-05-04 11:30:00,157.04,157.65,155.7301,156.6174,610974
2023-05-04 12:30:00,156.64,157.84,156.0,157.47,489233
2023-05-04 13:30:00,157.445,157.7,156.25,156.275,500849
2023-05-04 14:30:00,156.27,156.99,155.99,156.72,639958
2023-05-04 15:30:00,156.73,157.17,156.11,156.21,1203148
2023-05-05 09:30:00,159.27,161.0,158.78,160.2,1430422
2023-05-05 10:30:00,160.2,160.67,159.54,159.89,588962
2023-05-05 11:30:00,159.89,160.1,159.22,159.7315,485629
2023-05-05 12:30:00,159.75,160.56,159.63,160.295,575805
2023-05-05 13:30:00,160.29,160.71,156.2141,160.54,409313
2023-05-05 14:30:00,160.56,161.13,160.56,160.7014,604028
2023-05-05 15:30:00,160.7004,160.7004,160.03,160.21,805911
2023-05-08 09:30:00,161.685,162.3,160.31,160.45,1455285
2023-05-08 10:30:00,160.49,161.15,160.16,160.91,564972
2023-05-08 11:30:00,160.9172,161.03,160.18,160.355,409203
2023-05-08 12:30:00,160.3699,160.77,160.08,160.76,388327
2023-05-08 13:30:00,160.76,160.7999,159.78,160.065,525702
2023-05-08 14:30:00,160.07,160.35,159.55,159.6815,564698
2023-05-08 15:30:00,159.685,159.9299,159.52,159.58,674629
2023-05-09 09:30:00,158.35,159.89,157.85,158.72,848279
2023-05-09 10:30:00,158.7407,159.41,158.21,158.89,675334
2023-05-09 11:30:00,158.8961,159.8,158.89,158.95,518791
2023-05-09 12:30:00,158.9669,159.53,158.94,159.363,366462
2023-05-09 13:30:00,159.36,160.1888,159.28,160.04,485618
2023-05-09 14:30:00,160.06,160.43,159.84,160.1593,408569
2023-05-09 15:30:00,160.17,160.288,159.09,159.13,713147
2023-05-10 09:30:00,160.16,160.44,156.81,156.89,1406744
2023-05-10 10:30:00,156.92,157.62,156.15,157.17,853103
2023-05-10 11:30:00,157.1601,157.81,156.3084,157.22,651002
2023-05-10 12:30:00,157.24,157.34,156.21,156.28,600426
2023-05-10 13:30:00,156.28,159.1489,155.88,156.88,598257
2023-05-10 14:30:00,156.9,157.35,156.8132,157.145,529317
2023-05-10 15:30:00,157.13,157.43,156.88,157.07,644234
2023-05-11 09:30:00,155.36,156.0,153.89,154.83,1394456
2023-05-11 10:30:00,154.8164,156.09,154.22,155.52,793778
2023-05-11 11:30:00,155.5,156.14,154.9,155.4,495530
2023-05-11 12:30:00,155.41,155.88,155.295,155.54,388707
2023-05-11 13:30:00,155.525,157.09,154.79,155.205,522138
2023-05-11 14:30:00,155.1815,155.86,155.1576,155.67,516471
2023-05-11 15:30:00,155.655,156.32,155.47,156.25,752247
2023-05-12 09:30:00,156.97,157.93,156.73,156.99,1015944
2023-05-12 10:30:00,156.98,157.61,156.65,157.1,776469
2023-05-12 11:30:00,157.11,157.3,156.05,156.15,555641
2023-05-12 12:30:00,156.13,157.33,155.81,156.15,400158
2023-05-12 13:30:00,156.154,156.25,155.5502,156.04,390965
2023-05-12 14:30:00,155.995,169.04,155.93,156.16,466829
2023-05-12 15:30:00,156.17,156.67,156.01,156.62,629872
2023-07-25 09:30:00,161.82,162.42,160.66,162.28,1387990
2023-07-25 10:30:00,162.3,162.39,161.89,162.06,672124
2023-07-25 11:30:00,162.07,162.71,162.05,162.5933,540760
2023-07-25 12:30:00,162.59,163.0229,161.45,162.7741,536353
2023-07-25 13:30:00,162.77,163.49,161.4534,163.3499,744080
2023-07-25 14:30:00,163.35,163.5176,162.75,162.7779,607034
2023-07-25 15:30:00,162.7604,163.08,154.01,162.52,1030612
2023-07-26 09:30:00,161.23,162.086,160.8,161.61,864598
2023-07-26 10:30:00,161.65,162.05,160.96,161.8,750416
2023-07-26 11:30:00,161.8,161.9411,160.96,161.3062,467261
2023-07-26 12:30:00,161.3,161.3911,160.73,160.832,505346
2023-07-26 13:30:00,160.73,162.56,160.72,161.18,468719
2023-07-26 14:30:00,161.16,162.03,157.33,160.8676,963101
2023-07-26 15:30:00,160.86,161.43,160.77,161.4,807309
2023-07-27 09:30:00,162.15,162.55,159.5701,161.29,1114919
2023-07-27 10:30:00,161.26,161.48,160.42,160.5,778393
2023-07-27 11:30:00,160.51,161.73,160.42,161.7,613893
2023-07-27 12:30:00,161.68,162.56,161.37,161.5,769315
2023-07-27 13:30:00,161.52,161.57,160.34,160.4913,497758
2023-07-27 14:30:00,160.48,160.9575,159.85,159.87,570426
2023-07-27 15:30:00,159.88,159.9709,159.2102,159.59,1136648
2023-07-28 09:30:00,158.78,159.0,156.51,158.25,1465624
2023-07-28 10:30:00,158.205,158.67,157.93,158.4601,642296
2023-07-28 11:30:00,158.4671,158.6899,157.85,158.405,733271
2023-07-28 12:30:00,158.4299,158.82,158.05,158.21,536338
2023-07-28 13:30:00,158.19,159.66,157.76,158.45,410827
2023-07-28 14:30:00,158.44,158.74,158.25,158.47,573535
2023-07-28 15:30:00,158.49,158.92,158.34,158.82,805627
2023-07-31 09:30:00,161.03,164.0,154.01,162.82,2584144
2023-07-31 10:30:00,162.82,163.87,162.72,163.08,837321
2023-07-31 11:30:00,163.06,163.73,162.95,163.35,671839
2023-07-31 12:30:00,163.3435,163.87,163.230188,163.39,944226
2023-07-31 13:30:00,163.4099,163.87,158.87,163.8077,859422
2023-07-31 14:30:00,163.8284,163.905,163.32,163.37,941054
2023-07-31 15:30:00,163.38,163.82,160.954,163.68,2179621
2023-08-01 09:30:00,163.3,163.65,161.65,161.83,1723845
2023-08-01 10:30:00,161.8,163.52,160.93,160.985,938201
2023-08-01 11:30:00,161.0,161.3232,159.24,160.835,766598
2023-08-01 12:30:00,160.83,161.78,160.78,161.76,574975
2023-08-01 13:30:00,161.755,163.66,161.45,161.965,833019
2023-08-01 14:30:00,161.97,162.21,160.954,162.1199,687706
2023-08-01 15:30:00,162.12,162.485,161.99,162.36,1010421
2023-08-02 09:30:00,161.71,161.71,159.26,160.24,1209227
2023-08-02 10:30:00,160.24,160.71,158.05,158.77,1217409
2023-08-02 11:30:00,158.77,159.94,158.43,158.62,752868
2023-08-02 12:30:00,158.615,159.09,158.44,159.09,557093
2023-08-02 13:30:00,159.0668,162.3,158.76,159.1271,638110
2023-08-02 14:30:00,159.11,159.63,158.83,159.335,848235
2023-08-02 15:30:00,159.32,159.96,159.2,159.72,896536
2023-08-03 09:30:00,160.36,160.9,158.835,159.93,1025292
2023-08-03 10:30:00,159.9288,161.31,159.53,161.1999,714193
2023-08-03 11:30:00,161.172,161.49,159.8,161.2857,623200
2023-08-03 12:30:00,161.3,161.7,156.4,161.52,481906
2023-08-03 13:30:00,161.5134,161.58,159.73,160.6275,559357
2023-08-03 14:30:00,160.61,160.73,159.88,159.94,943228
2023-08-03 15:30:00,159.94,160.14,159.61,159.68,1230711
2023-08-04 09:30:00,160.65,162.57,159.73,162.09,1255750
2023-08-04 10:30:00,162.0826,162.72,162.03,162.57,897879
2023-08-04 11:30:00,162.575,162.97,161.19,162.7438,776088
2023-08-04 12:30:00,162.76,163.03,158.5,162.265,589772
2023-08-04 13:30:00,162.26,162.36,161.08,161.4,872654
2023-08-04 14:30:00,161.39,161.7939,160.66,160.77,1050273
2023-08-04 15:30:00,160.7992,160.87,159.04,159.39,2667388
2023-08-07 09:30:00,161.01,161.4,159.08,160.57,1604187
2023-08-07 10:30:00,160.57,160.74,160.01,160.395,883752
2023-08-07 11:30:00,160.4,160.93,160.1,160.19,542873
2023-08-07 12:30:00,160.18,160.3774,159.44,160.23,396575
2023-08-07 13:30:00,160.24,160.37,159.31,159.84,545841
2023-08-07 14:30:00,159.84,160.22,159.7726,160.1101,462376
2023-08-07 15:30:00,160.13,162.13,159.71,159.94,1144350
2023-08-08 09:30:00,158.01,158.18,156.22,157.6,1363801
2023-08-08 10:30:00,157.59,158.32,157.16,158.145,749957
2023-08-08 11:30:00,158.12,158.61,157.89,158.44,624293
2023-08-08 12:30:00,158.4301,158.5788,157.42,158.2789,687117
2023-08-08 13:30:00,158.27,158.59,158.12,158.58,671415
2023-08-08 14:30:00,158.479,159.44,158.41,159.4121,621486
2023-08-08 15:30:00,159.42,159.8,159.03,159.71,977326
2023-08-09 09:30:00,160.58,161.21,159.31,160.54,2300305
2023-08-09 10:30:00,160.54,161.45,159.7118,160.562,1568294
2023-08-09 11:30:00,160.55,160.84,159.68,159.81,1117353
2023-08-09 12:30:00,159.83,160.61,159.614,160.42,763754
2023-08-09 13:30:00,160.41,160.7,159.65,160.6,768907
2023-08-09 14:30:00,160.6,160.85,160.33,160.69,899486
2023-08-09 15:30:00,160.68,160.79,159.81,159.88,1785879
2023-08-10 09:30:00,160.59,162.4799,160.2,161.858,1663020
2023-08-10 10:30:00,161.84,161.85,160.72,161.435,906336
2023-08-10 11:30:00,161.38,162.38,160.895,161.0,687600
2023-08-10 12:30:00,161.0,162.38,160.27,160.3401,562658
2023-08-10 13:30:00,160.34,160.61,159.6101,160.28,664823
2023-08-10 14:30:00,160.3,160.72,160.12,160.37,720751
2023-08-10 15:30:00,160.37,161.24,160.25,160.8,1471081
2023-08-11 09:30:00,160.48,162.4,160.18,162.33,1171841
2023-08-11 10:30:00,162.32,163.3,161.73,163.27,928896
2023-08-11 11:30:00,163.27,163.5788,161.73,163.29,643767
2023-08-11 12:30:00,163.2801,163.83,162.3,163.16,772928
2023-08-11 13:30:00,163.15,163.61,162.23,163.5,521025
2023-08-11 14:30:00,163.5,163.88,163.355,163.805,752488
2023-08-11 15:30:00,163.8,164.17,160.23,164.16,1097674
2023-10-18 09:30:00,168.1,169.61,167.5817,169.07,1645084
2023-10-18 10:30:00,169.09,169.69,168.82,169.45,943266
2023-10-18 11:30:00,169.44,169.7,168.54,168.83,681299
2023-10-18 12:30:00,168.84,169.6,168.8,169.45,594593
2023-10-18 13:30:00,169.43,169.4717,168.77,168.99,589474
2023-10-18 14:30:00,169.0,169.257,168.26,168.54,594223
2023-10-18 15:30:00,168.55,168.99,168.2,168.9,961858
2023-10-19 09:30:00,168.14,169.32,167.5,169.0,1324168
2023-10-19 10:30:00,168.98,169.96,168.4,169.77,740095
2023-10-19 11:30:00,169.77,170.18,169.24,169.74,653015
2023-10-19 12:30:00,169.8,169.97,168.57,169.72,639783
2023-10-19 13:30:00,169.72,169.815,169.21,169.625,611333
2023-10-19 14:30:00,169.61,169.8,169.18,169.55,863707
2023-10-19 15:30:00,169.55,169.8,168.96,169.08,990819
2023-10-20 09:30:00,168.5,169.11,166.0804,166.63,2406156
2023-10-20 10:30:00,166.63,168.1,166.17,167.77,819233
2023-10-20 11:30:00,167.78,168.14,167.44,167.85,628806
2023-10-20 12:30:00,167.85,168.0417,166.79,167.32,535482
2023-10-20 13:30:00,167.33,167.6,166.9703,167.17,532464
2023-10-20 14:30:00,167.16,167.27,166.834,167.11,528350
2023-10-20 15:30:00,167.115,167.25,166.73,166.83,876066
2023-10-23 09:30:00,163.81,164.43,161.0,162.81,5080426
2023-10-23 10:30:00,162.8,163.826,162.0,162.95,1971157
2023-10-23 11:30:00,162.93,163.36,160.835,161.14,1531871
2023-10-23 12:30:00,161.145,162.02,160.63,161.23,1546741
2023-10-23 13:30:00,161.22,161.7,160.48,160.71,1089058
2023-10-23 14:30:00,160.72,166.93,157.94,160.9,1282515
2023-10-23 15:30:00,160.91,160.97,160.245,160.65,2132245
2023-10-24 09:30:00,160.99,162.2238,159.38,160.71,3597881
2023-10-24 10:30:00,160.68,164.01,159.42,159.4381,1742691
2023-10-24 11:30:00,159.42,164.01,157.73,157.985,1928790
2023-10-24 12:30:00,158.0,164.01,157.14,157.505,1251040
2023-10-24 13:30:00,157.505,164.01,157.48,157.94,1576956
2023-10-24 14:30:00,157.93,158.0815,157.64,157.91,1261409
2023-10-24 15:30:00,157.91,169.1,156.47,156.6,3139002
2023-10-25 09:30:00,156.94,164.01,155.66,155.72,2255704
2023-10-25 10:30:00,155.72,164.01,155.17,155.63,1725828
2023-10-25 11:30:00,155.62,164.01,155.35,155.72,1091224
2023-10-25 12:30:00,155.7714,156.07,155.45,155.66,982462
2023-10-25 13:30:00,155.65,164.01,155.43,155.97,808147
2023-10-25 14:30:00,155.97,164.01,155.8,156.125,1125704
2023-10-25 15:30:00,156.13,156.24,155.75,155.88,1591442
2023-10-26 09:30:00,155.01,155.46,153.63,154.29,2064363
2023-10-26 10:30:00,154.29,155.18,153.98,154.205,1391144
2023-10-26 11:30:00,154.2182,164.01,153.73,154.02,1009183
2023-10-26 12:30:00,154.02,154.39,153.87,154.045,1016378
2023-10-26 13:30:00,154.04,154.21,153.67,153.84,772246
2023-10-26 14:30:00,153.83,164.01,153.8,154.62,1361060
2023-10-26 15:30:00,154.61,155.115,154.32,154.7,2140386
2023-10-27 09:30:00,150.51,151.25,145.66,146.495,6937000
2023-10-27 10:30:00,146.4924,150.975,145.8,146.21,3570374
2023-10-27 11:30:00,146.19,150.975,145.29,145.32,2569896
2023-10-27 12:30:00,145.3118,146.43,145.16,145.62,1801969
2023-10-27 13:30:00,145.62,145.77,145.01,145.64,1884552
2023-10-27 14:30:00,145.65,145.87,143.96,144.49,2837550
2023-10-27 15:30:00,144.48,169.49,144.14,144.42,3112416
2023-10-30 09:30:00,145.65,146.44,144.45,144.72,3486468
2023-10-30 10:30:00,144.7,145.04,144.39,144.57,1436832
2023-10-30 11:30:00,144.55,144.95,144.32,144.83,1235163
2023-10-30 12:30:00,144.83,145.61,144.8,145.535,1090196
2023-10-30 13:30:00,145.54,146.12,145.29,145.45,1195822
2023-10-30 14:30:00,145.43,160.68,144.88,145.62,1330946
2023-10-30 15:30:00,145.61,146.085,145.42,146.03,1749729
2023-10-31 09:30:00,146.03,146.52,144.9,145.94,1910839
2023-10-31 10:30:00,145.93,146.21,145.2901,145.6913,1089718
2023-10-31 11:30:00,145.71,145.88,144.88,145.04,1069261
2023-10-31 12:30:00,145.04,145.08,144.74,144.89,1190508
2023-10-31 13:30:00,144.885,144.93,144.23,144.55,1419120
2023-10-31 14:30:00,144.544,145.037,144.42,144.975,1449134
2023-10-31 15:30:00,144.98,145.76,144.915,145.7,2544630
2023-11-01 09:30:00,146.17,146.2,144.92,145.5,1765832
2023-11-01 10:30:00,145.5,145.66,144.99,145.23,1233534
2023-11-01 11:30:00,145.22,145.46,144.91,144.9679,772435
2023-11-01 12:30:00,144.96,144.99,144.4,144.775,901717
2023-11-01 13:30:00,144.78,146.09,144.5,144.5113,1147770
2023-11-01 14:30:00,144.5,145.427,144.12,144.475,1419685
2023-11-01 15:30:00,144.475,144.6799,143.82,143.95,1910615
2023-11-02 09:30:00,144.54,146.65,143.82,146.04,2042299
2023-11-02 10:30:00,146.04,147.17,145.2592,146.6,1257999
2023-11-02 11:30:00,146.57,147.33,146.34,146.97,1066638
2023-11-02 12:30:00,146.95,148.23,146.95,148.17,1197944
2023-11-02 13:30:00,148.17,154.12,147.73,147.86,993358
2023-11-02 14:30:00,147.855,148.43,147.43,148.43,1068485
2023-11-02 15:30:00,148.43,149.0,148.3378,148.75,1763968
2023-11-03 09:30:00,148.71,148.73,146.1,147.07,1918669
2023-11-03 10:30:00,147.0891,148.01,146.148,146.85,2111881
2023-11-03 11:30:00,146.83,156.65,146.73,146.935,1227206
2023-11-03 12:30:00,146.935,147.36,146.7,146.945,1157063
2023-11-03 13:30:00,146.95,147.1397,146.73,147.03,999773
2023-11-03 14:30:00,147.02,147.79,146.7836,147.74,1128959
2023-11-03 15:30:00,147.7479,148.13,147.46,147.57,1619228
2023-11-06 09:30:00,149.02,149.33,147.97,148.88,1999536
2023-11-06 10:30:00,148.87,148.95,147.4718,147.57,987105
2023-11-06 11:30:00,147.56,147.699,147.23,147.265,774208
2023-11-06 12:30:00,147.28,147.51,146.98,147.11,608756
2023-11-06 13:30:00,147.1001,147.18,146.68,147.075,868744
2023-11-06 14:30:00,147.08,147.45,146.8,147.2422,1140948
2023-11-06 15:30:00,147.245,147.485,146.935,147.0,1337272
2023-11-07 09:30:00,145.16,145.62,143.46,143.836,3478213
2023-11-07 10:30:00,143.8275,144.185,143.43,143.54,1851369
2023-11-07 11:30:00,143.54,144.28,143.27,143.5837,1783309
2023-11-07 12:30:00,143.57,144.23,143.24,144.2,1368584
2023-11-07 13:30:00,144.2,145.28,144.02,144.84,1416171
2023-11-07 14:30:00,144.83,144.91,144.0,144.22,1489404
2023-11-07 15:30:00,144.215,144.51,144.11,144.43,2076882
2023-11-08 09:30:00,144.0,144.65,142.68,142.79,2883316
2023-11-08 10:30:00,142.78,143.905,142.6713,143.03,1526279
2023-11-08 11:30:00,143.02,143.1,142.68,142.7,1165666
2023-11-08 12:30:00,142.69,142.71,142.27,142.59,1223180
2023-11-08 13:30:00,142.595,142.9237,142.3649,142.5,1105849
2023-11-08 14:30:00,142.518,142.64,142.25,142.505,1264935
2023-11-08 15:30:00,142.505,143.03,142.32,142.4,2006944
2023-11-09 09:30:00,143.33,143.91,142.5,142.69,1804410
2023-11-09 10:30:00,142.69,142.96,142.22,142.5,1329616
2023-11-09 11:30:00,142.5,147.0,142.14,142.53,1115648
2023-11-09 12:30:00,142.53,145.04,142.19,142.3488,745394
2023-11-09 13:30:00,142.35,142.4216,142.04,142.085,873909
2023-11-09 14:30:00,142.08,142.29,141.9,142.015,1201105
2023-11-09 15:30:00,142.01,142.09,141.78,141.93,1540737
2023-11-10 09:30:00,143.11,143.45,142.22,142.6479,1617146
2023-11-10 10:30:00,142.65,142.7,141.73,142.26,1200779
2023-11-10 11:30:00,142.28,142.46,142.1742,142.3,861621
2023-11-10 12:30:00,142.31,143.0541,142.305,142.9854,1590920
2023-11-10 13:30:00,142.94,144.35,141.9298,142.57,773087
2023-11-10 14:30:00,142.56,142.97,142.52,142.9579,993751
2023-11-10 15:30:00,142.955,143.06,142.74,142.97,1479542
2024-01-30 09:30:00,148.385,149.46,147.71,148.7301,1764970
2024-01-30 10:30:00,148.7391,149.63,148.72,149.5,1452401
2024-01-30 11:30:00,149.5,149.8151,149.39,149.42,1105806
2024-01-30 12:30:00,149.41,149.56,149.07,149.5501,1047131
2024-01-30 13:30:00,149.55,150.05,149.3763,150.04,1035317
2024-01-30 14:30:00,150.04,150.31,149.08,150.19,1038653
2024-01-30 15:30:00,150.18,150.23,149.93,150.11,1423842
2024-01-31 09:30:00,150.34,150.41,149.1208,149.95,1686188
2024-01-31 10:30:00,149.95,150.3,149.21,149.33,943510
2024-01-31 11:30:00,149.32,149.37,148.32,149.08,819041
2024-01-31 12:30:00,149.07,149.235,148.77,149.044,575103
2024-01-31 13:30:00,149.04,149.27,148.7,149.02,627516
2024-01-31 14:30:00,149.01,149.56,148.47,148.655,898642
2024-01-31 15:30:00,148.65,148.8735,147.34,147.37,1898930
2024-02-01 09:30:00,148.22,149.02,147.99,148.05,1208326
2024-02-01 10:30:00,148.05,149.14,147.36,148.165,1014122
2024-02-01 11:30:00,148.18,148.88,147.9188,148.65,781676
2024-02-01 12:30:00,148.662,148.86,146.52,147.76,1351106
2024-02-01 13:30:00,147.7788,148.52,147.01,147.037,864198
2024-02-01 14:30:00,147.02,148.05,146.844,147.63,862704
2024-02-01 15:30:00,147.62,148.0,147.52,147.91,1112562
2024-02-02 09:30:00,151.28,152.56,149.51,152.355,3744318
2024-02-02 10:30:00,152.361,152.72,150.31,152.45,1686075
2024-02-02 11:30:00,152.46,152.71,151.63,152.175,928449
2024-02-02 12:30:00,152.17,152.25,151.3901,151.8717,961419
2024-02-02 13:30:00,151.8875,152.13,147.89,151.97,844076
2024-02-02 14:30:00,151.97,153.37,151.68,153.3568,1502356
2024-02-02 15:30:00,153.36,153.3874,143.0523,152.21,1703124
2024-02-05 09:30:00,151.87,152.5,150.62,151.04,1977992
2024-02-05 10:30:00,151.04,152.39,150.93,152.21,969503
2024-02-05 11:30:00,152.21,152.78,152.2,152.3923,890940
2024-02-05 12:30:00,152.41,153.27,151.73,153.01,742674
2024-02-05 13:30:00,153.02,153.5199,152.89,153.04,795285
2024-02-05 14:30:00,153.045,153.37,149.5,153.04,811322
2024-02-05 15:30:00,153.04,153.21,152.22,152.26,1177839
2024-02-06 09:30:00,152.275,152.65,151.81,152.65,1297182
2024-02-06 10:30:00,152.6407,152.95,151.915,152.23,755063
2024-02-06 11:30:00,152.24,153.47,152.18,152.97,857744
2024-02-06 12:30:00,152.97,162.56,152.6724,152.865,539877
2024-02-06 13:30:00,152.88,153.55,152.33,153.0376,569888
2024-02-06 14:30:00,153.04,153.18,152.33,152.3801,785289
2024-02-06 15:30:00,152.38,152.59,142.69,152.3328,867234
2024-02-07 09:30:00,153.02,153.78,151.17,151.87,1296219
2024-02-07 10:30:00,151.83,153.4,151.4163,152.05,713484
2024-02-07 11:30:00,152.03,152.68,151.65,151.76,536383
2024-02-07 12:30:00,151.76,153.41,151.68,152.025,501027
2024-02-07 13:30:00,152.02,152.23,151.59,151.78,662080
2024-02-07 14:30:00,151.8,151.99,151.63,151.8912,815084
2024-02-07 15:30:00,151.91,152.13,151.75,152.13,963215
2024-02-08 09:30:00,151.99,153.58,151.6,152.8759,1514025
2024-02-08 10:30:00,152.89,153.27,152.4,152.66,1105972
2024-02-08 11:30:00,152.66,153.25,152.3,153.03,1396699
2024-02-08 12:30:00,153.0599,153.32,152.77,152.88,689078
2024-02-08 13:30:00,152.88,153.39,152.62,153.25,675848
2024-02-08 14:30:00,153.27,154.25,153.18,153.8914,1028914
2024-02-08 15:30:00,153.89,154.3,153.52,154.04,1314312
2024-02-09 09:30:00,154.63,155.32,152.64,153.28,2518243
2024-02-09 10:30:00,153.27,153.38,143.12,151.98,1300562
2024-02-09 11:30:00,151.99,152.4,151.4486,152.1,1006589
2024-02-09 12:30:00,152.11,152.22,151.67,152.01,691667
2024-02-09 13:30:00,152.01,154.05,151.53,151.77,645612
2024-02-09 14:30:00,151.78,155.26,151.13,151.565,782326
2024-02-09 15:30:00,151.57,151.72,150.98,151.01,1152783
2024-02-12 09:30:00,151.63,152.48,151.21,152.0729,1046673
2024-02-12 10:30:00,152.08,152.28,149.5,151.87,821740
2024-02-12 11:30:00,151.87,152.4598,151.8267,152.38,604164
2024-02-12 12:30:00,152.38,152.5,151.72,152.23,507356
2024-02-12 13:30:00,152.23,152.6288,152.03,152.29,484943
2024-02-12 14:30:00,152.29,152.5664,152.03,152.11,751324
2024-02-12 15:30:00,152.105,152.495,152.0,152.2,1047429
2024-02-13 09:30:00,152.59,154.45,150.61,150.77,1397955
2024-02-13 10:30:00,150.78,151.2,150.28,150.99,829909
2024-02-13 11:30:00,150.9883,152.39,150.95,151.21,550315
2024-02-13 12:30:00,151.2,151.48,150.84,150.98,619003
2024-02-13 13:30:00,150.9701,150.99,150.14,150.17,645231
2024-02-13 14:30:00,150.17,150.31,149.6,149.8,935797
2024-02-13 15:30:00,149.81,150.64,149.74,150.6,1155339
2024-02-14 09:30:00,151.535,152.74,150.65,151.58,921509
2024-02-14 10:30:00,151.6,151.71,150.606,150.9571,915266
2024-02-14 11:30:00,150.96,154.06,150.0773,150.361,568354
2024-02-14 12:30:00,150.37,150.69,150.18,150.24,555612
2024-02-14 13:30:00,150.245,150.64,150.1,150.51,529092
2024-02-14 14:30:00,150.51,150.935,150.44,150.755,707730
2024-02-14 15:30:00,150.76,169.1,142.24,150.95,979804
2024-02-15 09:30:00,149.95,152.61,149.65,152.47,1825564
2024-02-15 10:30:00,152.44,152.7,151.64,152.4,1084119
2024-02-15 11:30:00,152.41,153.75,151.79,153.2566,858245
2024-02-15 12:30:00,153.25,153.84,147.2711,153.83,618522
2024-02-15 13:30:00,153.835,154.54,151.01,154.47,975280
2024-02-15 14:30:00,154.47,155.09,154.1,154.66,1039350
2024-02-15 15:30:00,154.63,154.66,154.12,154.46,1323845
2024-02-16 09:30:00,155.52,155.58,153.172267,155.02,1641696
2024-02-16 10:30:00,155.01,155.15,154.62,155.03,718583
2024-02-16 11:30:00,155.03,155.64,144.35,155.55,805473
2024-02-16 12:30:00,155.5599,158.63,147.89,155.37,626639
2024-02-16 13:30:00,155.3788,155.73,155.16,155.7078,633066
2024-02-16 14:30:00,155.705,155.76,155.08,155.275,876738
2024-02-16 15:30:00,155.28,155.43,154.47,154.5601,1107886
2024-04-30 09:30:00,165.925,166.3288,164.61,164.85,1011972
2024-04-30 10:30:00,164.86,164.8963,163.88,164.185,912415
2024-04-30 11:30:00,164.18,164.24,163.7,163.7443,519253
2024-04-30 12:30:00,163.74,163.75,162.66,163.24,583963
2024-04-30 13:30:00,163.234,163.73,155.83116,163.4123,467575
2024-04-30 14:30:00,163.4201,163.54,162.46,162.6,602867
2024-04-30 15:30:00,162.595,162.72,160.95,161.31,1642132
2024-05-01 09:30:00,161.15,161.49,156.28,160.56,829555
2024-05-01 10:30:00,160.55,165.0,159.29,159.72,870510
2024-05-01 11:30:00,159.71,160.3521,159.28,159.65,804740
2024-05-01 12:30:00,159.645,160.0,159.13,159.162,649041
2024-05-01 13:30:00,159.15,161.1,158.88,159.73,505665
2024-05-01 14:30:00,159.7287,160.71,159.31,160.21,850515
2024-05-01 15:30:00,160.23,160.65,159.38,159.56,2130294
2024-05-02 09:30:00,160.0,161.8,159.89,160.94,1970884
2024-05-02 10:30:00,160.92,161.1499,160.21,160.8075,915111
2024-05-02 11:30:00,160.78,160.99,160.42,160.6764,714904
2024-05-02 12:30:00,160.682,161.47,160.535,161.449,695275
2024-05-02 13:30:00,161.46,161.9512,159.63,161.34,1051925
2024-05-02 14:30:00,161.34,164.31,161.13,161.24,1015958
2024-05-02 15:30:00,161.22,161.3321,160.52,160.8,1201450
2024-05-03 09:30:00,160.58,160.81,157.77,157.85,1735145
2024-05-03 10:30:00,157.85,159.255,157.04,157.72,1622928
2024-05-03 11:30:00,157.72,159.66,156.438,158.5905,938939
2024-05-03 12:30:00,158.6,162.2488,158.1463,158.835,1460670
2024-05-03 13:30:00,158.82,160.73,158.53,158.9426,1116485
2024-05-03 14:30:00,158.91,159.95,158.8,159.91,1443556
2024-05-03 15:30:00,159.9,160.29,159.7401,160.23,1916865
2024-05-06 09:30:00,160.75,163.3,160.52,163.21,1735054
2024-05-06 10:30:00,163.2481,163.64,162.82,162.84,1104777
2024-05-06 11:30:00,162.85,163.97,162.72,163.95,604583
2024-05-06 12:30:00,163.9716,164.02,162.26,162.3795,960307
2024-05-06 13:30:00,162.36,162.47,162.035,162.4401,482117
2024-05-06 14:30:00,162.44,162.49,161.935,162.1101,694093
2024-05-06 15:30:00,162.12,162.42,161.9,162.27,1129468
2024-05-07 09:30:00,162.52,162.95,161.9267,162.6339,1108012
2024-05-07 10:30:00,162.62,163.99,162.16,162.57,603250
2024-05-07 11:30:00,162.58,163.1547,162.31,163.05,551447
2024-05-07 12:30:00,163.03,163.09,162.57,163.02,396576
2024-05-07 13:30:00,163.03,163.0599,162.67,162.78,478102
2024-05-07 14:30:00,162.77,166.12,162.45,162.57,586900
2024-05-07 15:30:00,162.56,162.93,159.9187,162.63,1315968
2024-05-08 09:30:00,161.99,162.54,161.535,162.1,1266930
2024-05-08 10:30:00,162.11,162.615,161.3478,162.55,809479
2024-05-08 11:30:00,162.55,162.87,161.9301,162.13,1007415
2024-05-08 12:30:00,162.14,162.6849,162.05,162.38,462104
2024-05-08 13:30:00,162.38,162.49,162.0,162.0901,434399
2024-05-08 14:30:00,162.1,162.7144,162.0775,162.705,458889
2024-05-08 15:30:00,162.705,163.08,162.46,162.52,925738
2024-05-09 09:30:00,162.97,164.1154,162.57,163.96,709637
2024-05-09 10:30:00,163.98,164.16,163.66,163.73,449234
2024-05-09 11:30:00,163.7068,163.75,163.36,163.63,377386
2024-05-09 12:30:00,163.63,164.44,163.61,164.4,495498
2024-05-09 13:30:00,164.405,164.62,161.92,164.39,660115
2024-05-09 14:30:00,164.38,165.13,164.34,165.105,804452
2024-05-09 15:30:00,165.1,165.51,165.03,165.48,1421341
2024-05-10 09:30:00,165.925,166.43,165.29,165.53,1064916
2024-05-10 10:30:00,165.5,165.92,162.81,165.7153,568790
2024-05-10 11:30:00,165.7,165.77,164.7725,165.2211,384265
2024-05-10 12:30:00,165.23,165.44,164.915,165.09,507670
2024-05-10 13:30:00,165.08,165.5,162.553,165.4,440827
2024-05-10 14:30:00,165.395,165.98,165.29,165.8,530316
2024-05-10 15:30:00,165.8,166.13,165.73,165.79,1015066
2024-05-13 09:30:00,166.48,166.93,165.9,165.951,880925
2024-05-13 10:30:00,165.94,166.13,164.27,164.37,708509
2024-05-13 11:30:00,164.37,165.05,164.295,164.9091,469876
2024-05-13 12:30:00,164.9,164.9481,164.19,164.25,506367
2024-05-13 13:30:00,164.2431,165.2865,162.96,164.0,1682107
2024-05-13 14:30:00,164.0,164.48,163.9469,164.24,806623
2024-05-13 15:30:00,164.25,164.6,164.17,164.54,847159
2024-05-14 09:30:00,164.64,165.22,162.66,163.71,1101637
2024-05-14 10:30:00,163.705,164.27,163.32,163.905,628827
2024-05-14 11:30:00,163.91,164.28,163.07,163.15,491861
2024-05-14 12:30:00,163.13,163.5827,163.12,163.38,286616
2024-05-14 13:30:00,163.38,163.44,148.33,163.3257,433200
2024-05-14 14:30:00,163.33,163.61,163.32,163.501,531504
2024-05-14 15:30:00,163.5,164.53,163.21,163.54,728045
2024-05-15 09:30:00,163.3,163.51,160.17,160.865,1523047
2024-05-15 10:30:00,160.865,163.61,160.32,162.4855,912789
2024-05-15 11:30:00,162.49,163.61,162.16,162.7852,677947
2024-05-15 12:30:00,162.78,164.385,162.645,163.5391,685007
2024-05-15 13:30:00,163.52,163.61,162.7,162.7973,803081
2024-05-15 14:30:00,162.78,162.94,162.45,162.59,813775
2024-05-15 15:30:00,162.59,163.29,162.4659,163.08,1144050
2024-05-16 09:30:00,161.48,162.0,160.48,161.34,1047302
2024-05-16 10:30:00,161.33,161.845,160.89,160.96,548868
2024-05-16 11:30:00,160.96,161.5799,160.93,161.43,430571
2024-05-16 12:30:00,161.42,164.63,161.13,161.21,323352
2024-05-16 13:30:00,161.21,161.29,160.51,160.619,763821
2024-05-16 14:30:00,160.615,162.963679,160.57,161.285,602295
2024-05-16 15:30:00,161.29,161.49,160.96,161.15,1040108
2024-05-17 09:30:00,161.85,162.05,161.0612,161.89,988377
2024-05-17 10:30:00,161.9,162.22,161.17,162.11,588295
2024-05-17 11:30:00,162.12,162.27,161.83,162.13,644494
2024-05-17 12:30:00,162.13,162.45,161.9204,162.37,354354
2024-05-17 13:30:00,162.37,162.82,162.27,162.81,415909
2024-05-17 14:30:00,162.8,165.28,162.43,162.71,656762
2024-05-17 15:30:00,162.7,162.8799,162.4199,162.74,1043071
2024-07-30 09:30:00,156.0,158.05,156.0,157.8342,812335
2024-07-30 10:30:00,157.83,158.42,157.6,157.8705,462008
2024-07-30 11:30:00,157.91,158.33,157.62,158.2635,392208
2024-07-30 12:30:00,158.3,159.0,158.22,158.78,579215
2024-07-30 13:30:00,158.78,159.5,158.74,159.09,518533
2024-07-30 14:30:00,159.08,159.64,155.665,159.5802,533860
2024-07-30 15:30:00,159.57,160.1,159.2908,159.5524,891778
2024-07-31 09:30:00,161.69,161.88,160.1059,161.2428,941775
2024-07-31 10:30:00,161.1469,161.2629,160.45,160.734,569387
2024-07-31 11:30:00,160.74,161.97,160.42,160.885,419904
2024-07-31 12:30:00,160.87,161.2,160.1701,160.31,369136
2024-07-31 13:30:00,160.33,160.82,160.04,160.5539,468957
2024-07-31 14:30:00,160.57,161.05,160.18,160.3985,508596
2024-07-31 15:30:00,160.4,161.36,160.28,160.51,873604
2024-08-01 09:30:00,159.045,159.58,155.33,155.75,3736882
2024-08-01 10:30:00,155.74,156.07,154.62,154.815,2077726
2024-08-01 11:30:00,154.815,155.36,154.27,154.6,1376800
2024-08-01 12:30:00,154.6,154.6066,153.36,153.41,1349398
2024-08-01 13:30:00,153.41,160.47,152.07,152.12,1654535
2024-08-01 14:30:00,152.115,154.880549,152.03,152.61,2036917
2024-08-01 15:30:00,152.61,153.12,152.41,152.59,2088753
2024-08-02 09:30:00,151.39,152.05,148.22,149.02,3467210
2024-08-02 10:30:00,149.0,149.2488,147.2101,148.01,1788849
2024-08-02 11:30:00,148.01,156.9257,147.34,147.9568,1236795
2024-08-02 12:30:00,147.96,151.0,147.01,147.3088,1067919
2024-08-02 13:30:00,147.29,159.97,147.08,148.0746,981125
2024-08-02 14:30:00,148.07,149.7789,148.004,148.72,1337220
2024-08-02 15:30:00,148.72,148.8108,147.98,148.45,1857330
2024-08-05 09:30:00,145.28,146.02,143.53,144.0588,3132871
2024-08-05 10:30:00,144.03,144.84,143.41,143.9786,1868258
2024-08-05 11:30:00,143.99,145.4699,143.7897,145.33,1612147
2024-08-05 12:30:00,145.35,145.37,144.4,144.7932,1017518
2024-08-05 13:30:00,144.7855,145.78,144.3,145.595,1115047
2024-08-05 14:30:00,145.59,145.66,144.67,144.98,1206824
2024-08-05 15:30:00,144.9947,145.12,144.21,144.69,1359759
2024-08-06 09:30:00,144.575,145.57,143.73,144.465,1443885
2024-08-06 10:30:00,144.49,158.765,143.4,143.47,1314619
2024-08-06 11:30:00,143.45,143.99,143.32,143.64,1377458
2024-08-06 12:30:00,143.66,159.15,143.4458,144.0495,955933
2024-08-06 13:30:00,144.06,144.66,143.23,143.83,1142117
2024-08-06 14:30:00,143.84,144.1802,143.16,143.97,1066035
2024-08-06 15:30:00,143.98,144.12,143.12,143.14,1082068
2024-08-07 09:30:00,144.678,145.75,144.28,144.515,1459067
2024-08-07 10:30:00,144.54,145.57,144.37,145.3403,1023230
2024-08-07 11:30:00,145.35,145.6,144.6,145.0243,882391
2024-08-07 12:30:00,144.985,145.12,143.56,143.84,749805
2024-08-07 13:30:00,143.835,144.41,142.8801,143.37,1029431
2024-08-07 14:30:00,143.34,143.43,142.67,143.16,863976
2024-08-07 15:30:00,143.14,145.37,142.28,142.43,1245897
2024-08-08 09:30:00,143.325,144.3188,142.69,144.18,1387009
2024-08-08 10:30:00,144.17,144.56,143.97,144.235,958205
2024-08-08 11:30:00,144.25,144.505,143.63,144.185,820309
2024-08-08 12:30:00,144.185,157.0433,143.8,144.35,724144
2024-08-08 13:30:00,144.38,144.8,144.0,144.54,728358
2024-08-08 14:30:00,144.57,144.7,144.27,144.5406,716505
2024-08-08 15:30:00,144.48,144.82,144.27,144.53,988360
2024-08-09 09:30:00,143.93,144.41,143.18,143.885,1704761
2024-08-09 10:30:00,143.8857,152.5644,143.82,145.0264,1150827
2024-08-09 11:30:00,144.88,145.46,144.73,145.42,674192
2024-08-09 12:30:00,145.4,146.11,145.3201,145.83,663089
2024-08-09 13:30:00,145.825,145.85,145.13,145.4604,760335
2024-08-09 14:30:00,145.34,145.52,143.23,145.395,673554
2024-08-09 15:30:00,145.39,145.61,144.8601,145.05,1035128
2024-08-12 09:30:00,145.62,158.27,139.69,144.805,1644049
2024-08-12 10:30:00,144.805,145.81,144.57,144.87,1109316
2024-08-12 11:30:00,144.85,145.14,144.41,144.91,924543
2024-08-12 12:30:00,144.905,144.9699,144.22,144.44,892599
2024-08-12 13:30:00,144.425,157.5751,144.425,144.7309,1039225
2024-08-12 14:30:00,144.71,160.665,144.38,144.8043,911557
2024-08-12 15:30:00,144.775,145.06,144.47,145.02,975384
2024-08-13 09:30:00,144.05,145.02,143.05,143.56,1866116
2024-08-13 10:30:00,143.55,143.9299,143.27,143.804,985652
2024-08-13 11:30:00,143.79,157.3503,143.66,143.74,820220
2024-08-13 12:30:00,143.74,159.57,143.65,143.9119,600879
2024-08-13 13:30:00,143.977117,144.6914,143.69,144.2414,633591
2024-08-13 14:30:00,144.218607,144.56,144.03,144.05,651929
2024-08-13 15:30:00,144.161868,144.5599,143.92,144.17,822044
2024-08-14 09:30:00,144.52,144.63,143.83,144.19,1040378
2024-08-14 10:30:00,144.13,144.16,143.43,143.775,722026
2024-08-14 11:30:00,143.79,144.4488,143.72,144.03,707602
2024-08-14 12:30:00,144.035,144.62,144.0212,144.38,464752
2024-08-14 13:30:00,144.375,144.7,144.32,144.46,488181
2024-08-14 14:30:00,144.44,145.24,144.39,145.105,759914
2024-08-14 15:30:00,145.11,145.1705,144.55,144.63,717473
2024-08-15 09:30:00,145.29,159.57,145.29,145.95,1299359
2024-08-15 10:30:00,145.93,147.52,145.882,147.3342,835657
2024-08-15 11:30:00,147.32,147.64,147.0566,147.33,491446
2024-08-15 12:30:00,147.335,147.44,147.07,147.245,435179
2024-08-15 13:30:00,147.2863,147.36,143.8623,147.27,529922
2024-08-15 14:30:00,147.26,147.33,146.73,146.9,623801
2024-08-15 15:30:00,146.8943,147.01,146.56,146.84,842564
2024-08-16 09:30:00,146.188,147.26,145.59,146.89,1581705
2024-08-16 10:30:00,146.89,147.324,144.15,147.18,614692
2024-08-16 11:30:00,147.17,147.2389,144.15,146.66,756208
2024-08-16 12:30:00,146.64,147.08,146.6012,147.06,550668
2024-08-16 13:30:00,147.06,148.39,146.92,147.095,552238
2024-08-16 14:30:00,147.09,147.28,146.025,146.96,626647
2024-08-16 15:30:00,146.96,147.64,146.94,147.28,1024639
2024-10-29 09:30:00,150.32,151.1989,149.1,150.13,806659
2024-10-29 10:30:00,150.14,150.42,148.7,148.74,578514
2024-10-29 11:30:00,148.8125,150.3286,148.53,148.82,523130
2024-10-29 12:30:00,148.9217,148.9217,148.28,148.3715,517776
2024-10-29 13:30:00,148.43,148.55,147.87,148.5041,621608
2024-10-29 14:30:00,148.5,148.61,148.21,148.474,717776
2024-10-29 15:30:00,148.57,148.74,148.3,148.57,1057642
2024-10-30 09:30:00,148.81,149.66,148.09,148.93,909947
2024-10-30 10:30:00,148.95,149.5349,148.63,149.08,559163
2024-10-30 11:30:00,149.08,149.426,148.72,148.8,476920
2024-10-30 12:30:00,148.79,148.8183,148.33,148.46,464635
2024-10-30 13:30:00,148.465,148.75,148.18,148.5964,502235
2024-10-30 14:30:00,148.5,148.6175,148.15,148.48,620278
2024-10-30 15:30:00,148.47,148.53,147.66,148.06,830672
2024-10-31 09:30:00,148.56,149.57,148.32,148.7207,1014137
2024-10-31 10:30:00,148.73,149.04,148.28,148.81,640947
2024-10-31 11:30:00,148.8,148.87,147.88,148.0026,575278
2024-10-31 12:30:00,148.01,148.48,147.9,148.35,629866
2024-10-31 13:30:00,148.34,148.57,148.04,148.555,581417
2024-10-31 14:30:00,148.55,149.57,148.4922,149.329,1055737
2024-10-31 15:30:00,149.34,149.46,148.74,148.77,959883
2024-11-01 09:30:00,152.39,155.94,151.7,154.875,3970149
2024-11-01 10:30:00,154.8988,154.9388,148.25,153.82,1355898
2024-11-01 11:30:00,153.82,154.45,153.2,153.37,936296
2024-11-01 12:30:00,153.37,153.91,152.78,153.17,775065
2024-11-01 13:30:00,153.155,153.2,148.73,153.02,754991
2024-11-01 14:30:00,153.03,153.62,152.77,152.84,877708
2024-11-01 15:30:00,152.84,153.37,152.55,153.04,1327057
2024-11-04 09:30:00,154.26,154.61,152.6199,153.7,1322205
2024-11-04 10:30:00,153.72,153.99,153.33,153.35,647122
2024-11-04 11:30:00,153.34,153.8,152.879551,153.79,543831
2024-11-04 12:30:00,153.77,153.88,153.11,153.514,462638
2024-11-04 13:30:00,153.48,153.86,153.42,153.6,525242
2024-11-04 14:30:00,153.59,154.05,153.44,153.995,634816
2024-11-04 15:30:00,154.0,154.08,153.56,153.97,964932
2024-11-05 09:30:00,154.68,156.41,153.4601,154.06,989526
2024-11-05 10:30:00,154.08,154.5,141.1129,153.94,689587
2024-11-05 11:30:00,153.94,154.11,153.76,153.87,477684
2024-11-05 12:30:00,153.88,153.9688,153.11,153.2243,499292
2024-11-05 13:30:00,153.2,153.2217,152.55,152.78,721264
2024-11-05 14:30:00,152.78,153.19,145.64,152.7532,658964
2024-11-05 15:30:00,152.75,153.48,152.73,153.44,790625
2024-11-06 09:30:00,157.0,158.13,156.04,158.1001,2852837
2024-11-06 10:30:00,158.1006,158.62,157.32,157.63,1176654
2024-11-06 11:30:00,157.63,157.915,148.82,157.71,871566
2024-11-06 12:30:00,157.725,158.05,151.0,157.9,709906
2024-11-06 13:30:00,157.91,158.06,146.08,157.94,960301
2024-11-06 14:30:00,157.94,158.37,146.08,158.17,907951
2024-11-06 15:30:00,158.165,158.28,150.99,157.66,1716387
2024-11-07 09:30:00,158.08,158.26,153.97,157.02,1410934
2024-11-07 10:30:00,157.0758,157.2,156.52,156.585,668032
2024-11-07 11:30:00,156.6,157.5,156.3936,157.4338,569560
2024-11-07 12:30:00,157.44,157.4605,148.82,157.25,489738
2024-11-07 13:30:00,157.24,157.75,148.55,157.305,661045
2024-11-07 14:30:00,157.3,157.5499,156.74,157.07,986970
2024-11-07 15:30:00,157.07,157.15,156.46,156.73,1030117
2024-11-08 09:30:00,156.6,156.68,155.735,155.765,1163015
2024-11-08 10:30:00,155.78,157.12,155.67,156.6622,717695
2024-11-08 11:30:00,156.6641,157.0,156.23,156.985,480458
2024-11-08 12:30:00,156.99,157.116,151.2,156.598,345895
2024-11-08 13:30:00,156.5709,157.2,156.52,157.0003,458631
2024-11-08 14:30:00,157.0,157.6,156.98,157.11,513334
2024-11-08 15:30:00,157.11,157.26,156.67,156.94,1013102
2024-11-11 09:30:00,157.05,157.94,156.3,156.9275,1101067
2024-11-11 10:30:00,156.925,157.1478,155.9,156.035,880181
2024-11-11 11:30:00,156.02,156.98,155.92,156.765,566227
2024-11-11 12:30:00,156.7707,156.86,152.77,156.4254,479569
2024-11-11 13:30:00,156.47,156.6099,156.196,156.31,492929
2024-11-11 14:30:00,156.31,156.6,156.15,156.38,608981
2024-11-11 15:30:00,156.38,156.56,156.31,156.52,886711
2024-11-12 09:30:00,156.8,159.31,153.41,156.9066,883431
2024-11-12 10:30:00,156.93,156.9693,146.5,156.0251,627068
2024-11-12 11:30:00,156.025,156.21,155.68,155.71,497638
2024-11-12 12:30:00,155.7,155.91,153.68068,155.395,482696
2024-11-12 13:30:00,155.395,156.12,155.37,156.04,606359
2024-11-12 14:30:00,156.0475,157.47,155.81,155.8386,740494
2024-11-12 15:30:00,155.83,155.8806,155.12,155.29,778107
2024-11-13 09:30:00,155.55,156.45,154.53,155.8199,1436320
2024-11-13 10:30:00,155.78,157.55,155.46,157.407421,853455
2024-11-13 11:30:00,157.405,158.13,149.65,158.11,909353
2024-11-13 12:30:00,158.115,159.03,157.3626,158.87,875817
2024-11-13 13:30:00,158.86,159.009,148.5742,158.6921,716584
2024-11-13 14:30:00,158.68,158.94,140.84,158.61,691273
2024-11-13 15:30:00,158.5915,158.79,158.43,158.69,1191692
2024-11-14 09:30:00,159.74,160.8,159.65,160.3312,2071846
2024-11-14 10:30:00,160.3888,160.65,160.0488,160.28,1079814
2024-11-14 11:30:00,160.29,160.54,160.08,160.4365,1012726
2024-11-14 12:30:00,160.435,161.18,160.28,160.86,967994
2024-11-14 13:30:00,160.85,161.6,160.84,161.49,872615
2024-11-14 14:30:00,161.49,161.67,143.9961,161.57,1194388
2024-11-14 15:30:00,161.57,161.83,161.22,161.77,1250351
2024-11-15 09:30:00,161.87,162.39,161.41,161.82,2191465
2024-11-15 10:30:00,161.83,162.2,149.65,161.5214,888570
2024-11-15 11:30:00,161.52,161.69,160.94,160.9799,787995
2024-11-15 12:30:00,160.975,161.56,160.74,161.4506,603770
2024-11-15 13:30:00,161.445,161.69,161.19,161.51,740564
2024-11-15 14:30:00,161.505,161.53,150.9464,161.04,668895
2024-11-15 15:30:00,161.05,161.66,160.91,161.43,1126567
2025-01-28 09:30:00,157.635,158.93,156.24,156.365,1336258
2025-01-28 10:30:00,156.35,156.86,155.58,155.7536,657318
2025-01-28 11:30:00,155.6851,155.8706,155.31,155.355,563343
2025-01-28 12:30:00,155.36,155.562,155.18,155.3659,481900
2025-01-28 13:30:00,155.37,155.91,155.2,155.6018,632006
2025-01-28 14:30:00,155.6,156.52,155.35,156.4201,661440
2025-01-28 15:30:00,156.435,156.85,156.08,156.23,863933
2025-01-29 09:30:00,155.7,156.11,154.81,155.9,1020110
2025-01-29 10:30:00,155.91,156.59,155.5317,156.33,449557
2025-01-29 11:30:00,156.32,158.24,155.75,155.77,536137
2025-01-29 12:30:00,155.77,156.0295,155.29,155.44,388892
2025-01-29 13:30:00,155.44,155.68,154.9301,155.218,615041
2025-01-29 14:30:00,155.158,156.05,155.13,155.6966,716087
2025-01-29 15:30:00,155.68,155.97,155.398,155.64,988371
2025-01-30 09:30:00,156.34,157.06,155.8,157.0199,1401925
2025-01-30 10:30:00,156.97,157.45,156.6329,156.87,832892
2025-01-30 11:30:00,156.85,157.3056,156.21,156.5,699506
2025-01-30 12:30:00,156.51,157.18,156.3571,157.005,593179
2025-01-30 13:30:00,156.99,157.09,156.5111,156.8437,598516
2025-01-30 14:30:00,156.7472,157.02,156.5,156.5386,757043
2025-01-30 15:30:00,156.54,161.33,155.5,156.3,1176717
2025-01-31 09:30:00,153.905,154.7,148.64,149.44,4685044
2025-01-31 10:30:00,149.0981,150.8,148.83,150.38,2330726
2025-01-31 11:30:00,150.38,151.06,150.05,150.21,1128599
2025-01-31 12:30:00,150.2,151.08,150.15,150.8115,870762
2025-01-31 13:30:00,150.8388,150.9066,149.21,149.392609,1115598
2025-01-31 14:30:00,149.3108,150.04,148.79,149.6401,1452089
2025-01-31 15:30:00,149.67,149.9076,149.05,149.21,1765396
2025-02-03 09:30:00,148.53,156.41,147.78,149.2689,2175847
2025-02-03 10:30:00,149.94,156.65,149.24,150.35,982797
2025-02-03 11:30:00,150.3226,156.319,149.6475,149.6943,748469
2025-02-03 12:30:00,149.68,156.25,149.13,149.462,646126
2025-02-03 13:30:00,149.43,150.26,148.71,150.0771,630347
2025-02-03 14:30:00,150.075,150.32,149.6542,149.7687,658725
2025-02-03 15:30:00,149.695,161.47,149.19,149.31,898005
2025-02-04 09:30:00,149.05,153.13,148.2,152.86,2164326
2025-02-04 10:30:00,152.86,153.07,152.15,152.96,1006902
2025-02-04 11:30:00,152.96,156.92809,152.5,152.6588,948496
2025-02-04 12:30:00,152.64,152.9496,152.45,152.68,469632
2025-02-04 13:30:00,152.6707,152.97,152.55,152.7715,456214
2025-02-04 14:30:00,152.77,153.1397,152.47,152.535,780352
2025-02-04 15:30:00,152.53,153.24,152.45,153.18,1007321
2025-02-05 09:30:00,153.05,153.7988,152.2759,153.27,885343
2025-02-05 10:30:00,153.27,153.8,152.948,153.765,713653
2025-02-05 11:30:00,153.7483,153.78,153.0,153.205,487598
2025-02-05 12:30:00,153.1522,153.2681,152.88,153.1557,439746
2025-02-05 13:30:00,153.16,153.5488,152.895,153.3401,581443
2025-02-05 14:30:00,153.34,153.4488,153.07,153.1,542739
2025-02-05 15:30:00,153.1,153.31,152.96,153.01,625229
2025-02-06 09:30:00,154.68,155.28,152.1,152.92,1583952
2025-02-06 10:30:00,152.905,152.96,151.8,151.88,774696
2025-02-06 11:30:00,151.876,152.5007,151.06,151.105,544922
2025-02-06 12:30:00,151.11,151.73,151.07,151.545,389560
2025-02-06 13:30:00,151.6391,151.87,151.41,151.41,460911
2025-02-06 14:30:00,151.4117,151.79,151.13,151.69,590486
2025-02-06 15:30:00,151.68,152.16,151.55,151.9,638064
2025-02-07 09:30:00,152.5,153.39,151.92,153.1,964071
2025-02-07 10:30:00,153.12,153.2266,152.41,152.7298,502433
2025-02-07 11:30:00,152.673,153.4,152.48,153.3,414145
2025-02-07 12:30:00,153.31,153.8595,153.01,153.7,420469
2025-02-07 13:30:00,153.7,153.81,153.25,153.5492,381904
2025-02-07 14:30:00,153.5,153.7515,149.36,152.82,451558
2025-02-07 15:30:00,152.82,152.9513,152.36,152.63,658057
2025-02-10 09:30:00,154.15,155.08,153.85,154.695,1007803
2025-02-10 10:30:00,154.685,155.29,154.55,154.8503,578625
2025-02-10 11:30:00,154.8638,155.3,154.5604,155.17,417468
2025-02-10 12:30:00,155.17,155.69,154.68,154.7587,470869
2025-02-10 13:30:00,154.7192,155.23,154.66,155.11,465695
2025-02-10 14:30:00,155.1535,155.455,155.06,155.21,650645
2025-02-10 15:30:00,155.21,155.8,154.29,155.78,810398
2025-02-11 09:30:00,156.56,157.48,156.12,157.09,1288021
2025-02-11 10:30:00,157.09,157.91,155.77,157.85,799759
2025-02-11 11:30:00,157.85,158.55,157.57,158.5066,754383
2025-02-11 12:30:00,158.5112,158.71,143.98,157.9912,581675
2025-02-11 13:30:00,157.99,158.09,157.48,157.5199,434286
2025-02-11 14:30:00,157.52,157.76,157.24,157.2901,542102
2025-02-11 15:30:00,157.3,157.56,157.06,157.44,685688
2025-02-12 09:30:00,156.92,157.4668,156.08,157.07,905477
2025-02-12 10:30:00,157.07,157.4188,156.52,156.5811,581190
2025-02-12 11:30:00,156.682,157.04,155.96,156.3012,676175
2025-02-12 12:30:00,156.29,156.5499,155.22,155.4844,601239
2025-02-12 13:30:00,155.4701,155.6,152.65,154.96,739623
2025-02-12 14:30:00,154.96,155.61,154.71,154.75,721944
2025-02-12 15:30:00,154.76,155.25,154.57,154.91,1009150
2025-02-13 09:30:00,154.71,156.8183,150.92,154.8252,1294939
2025-02-13 10:30:00,154.8182,155.445,154.43,155.445,650644
2025-02-13 11:30:00,155.44,156.14,155.2125,156.08,486069
2025-02-13 12:30:00,156.08,157.54,155.5812,155.8505,466653
2025-02-13 13:30:00,155.84,156.42,155.59,155.99,577403
2025-02-13 14:30:00,155.99,156.31,155.49,155.66,563265
2025-02-13 15:30:00,155.65,156.04,155.47,155.88,736272
2025-02-14 09:30:00,154.96,157.45,154.7138,156.03,1358026
2025-02-14 10:30:00,156.05,156.63,155.75,156.605,569868
2025-02-14 11:30:00,156.58,157.105,156.39,156.7045,452167
2025-02-14 12:30:00,156.74,156.745,156.1,156.36,374839
2025-02-14 13:30:00,156.37,156.5,156.07,156.095,420247
2025-02-14 14:30:00,156.0908,156.45,155.97,156.0,475456
2025-02-14 15:30:00,155.99,156.0868,155.17,155.29,764193
2025-04-29 09:30:00,138.97,140.05,138.57,138.63,1199920
2025-04-29 10:30:00,138.65,139.88,138.58,139.48,640168
2025-04-29 11:30:00,139.48,139.67,139.13,139.3,488808
2025-04-29 12:30:00,139.3,139.6,138.5698,139.545,1426555
2025-04-29 13:30:00,139.56,140.0113,139.27,139.45,859942
2025-04-29 14:30:00,139.48,139.71,139.29,139.44,865305
2025-04-29 15:30:00,139.44,139.5747,139.19,139.27,1055386
2025-04-30 09:30:00,138.43,139.55,134.96,136.025,2634631
2025-04-30 10:30:00,136.03,136.87,135.42,136.28,1364248
2025-04-30 11:30:00,136.28,136.578,134.14,134.76,2269891
2025-04-30 12:30:00,134.7988,135.53,134.48,135.4658,1121722
2025-04-30 13:30:00,135.48,136.15,134.54,135.4741,855877
2025-04-30 14:30:00,135.485,135.82,135.17,135.59,970680
2025-04-30 15:30:00,135.595,157.5,135.2,136.0,1495132
2025-05-01 09:30:00,135.33,137.64,135.05,137.3015,2398366
2025-05-01 10:30:00,137.28,137.9698,136.5,137.37,1144953
2025-05-01 11:30:00,137.38,137.46,135.63,135.669,1213313
2025-05-01 12:30:00,135.665,136.14,135.48,136.12,925614
2025-05-01 13:30:00,136.12,137.539,135.9572,137.3363,1006583
2025-05-01 14:30:00,137.35,137.5,136.76,136.92,953554
2025-05-01 15:30:00,136.93,152.95,136.0,136.15,1396626
2025-05-02 09:30:00,138.64,140.65,135.29,136.945,3161442
2025-05-02 10:30:00,136.93,137.52,136.33,136.555,1275033
2025-05-02 11:30:00,136.58,139.8,136.26,138.8198,1839916
2025-05-02 12:30:00,138.8,139.5,137.55,137.9192,1111794
2025-05-02 13:30:00,137.908435,138.58,137.74,138.47,1184590
2025-05-02 14:30:00,138.47,138.5699,136.26,138.51,1227145
2025-05-02 15:30:00,138.5011,138.74,138.31,138.39,1237324
2025-05-05 09:30:00,136.9,137.116,135.16,136.295,2120359
2025-05-05 10:30:00,136.28,136.59,135.53,135.9875,1301090
2025-05-05 11:30:00,135.985,136.62,135.7638,136.2195,1082190
2025-05-05 12:30:00,136.22,136.23,135.3,135.3288,996692
2025-05-05 13:30:00,135.3,136.11,135.25,136.08,873432
2025-05-05 14:30:00,136.08,136.25,135.46,135.49,1092426
2025-05-05 15:30:00,135.5177,135.7888,135.26,135.49,1307505
2025-05-06 09:30:00,136.12,137.3399,135.04,136.405,1907476
2025-05-06 10:30:00,136.4,136.62,136.1411,136.595,838746
2025-05-06 11:30:00,136.595,139.3,135.75,136.0399,854478
2025-05-06 12:30:00,136.01,136.33,135.4663,135.6935,1319729
2025-05-06 13:30:00,135.7,136.07,135.39,135.99,960288
2025-05-06 14:30:00,135.99,136.8903,135.9,136.09,874105
2025-05-06 15:30:00,136.085,136.35,133.73,135.61,1372677
2025-05-07 09:30:00,136.07,136.32,134.7,134.8894,1805214
2025-05-07 10:30:00,134.89,135.455,134.81,135.34,990091
2025-05-07 11:30:00,135.34,135.8,135.25,135.26,512267
2025-05-07 12:30:00,135.3582,136.16,135.18,135.655,577831
2025-05-07 13:30:00,135.65,135.8703,134.61,135.11,1311713
2025-05-07 14:30:00,135.1036,135.99,135.0,135.2799,845146
2025-05-07 15:30:00,135.25,136.0,135.1281,135.73,1201382
2025-05-08 09:30:00,136.37,137.95,133.73,137.41,1682025
2025-05-08 10:30:00,137.37,137.98,136.795,137.79,796466
2025-05-08 11:30:00,137.8,138.82,135.79,138.3005,766503
2025-05-08 12:30:00,138.3098,138.9,137.81,137.848824,753454
2025-05-08 13:30:00,137.9273,138.0102,137.58,137.7468,581263
2025-05-08 14:30:00,137.7468,138.34,137.66,138.09,752131
2025-05-08 15:30:00,138.09,138.2175,137.01,137.16,1184248
2025-05-09 09:30:00,138.92,139.37,137.7482,137.8757,1241495
2025-05-09 10:30:00,137.8758,138.68,137.7,138.4015,656884
2025-05-09 11:30:00,138.42,138.5616,138.1,138.27,469773
2025-05-09 12:30:00,138.23,138.72,138.07,138.6221,483365
2025-05-09 13:30:00,138.6112,138.89,138.49,138.66,484868
2025-05-09 14:30:00,138.65,138.97,138.59,138.705,518884
2025-05-09 15:30:00,138.71,138.7807,138.3301,138.48,623696
2025-05-12 09:30:00,142.6,143.73,141.84,142.2447,2017115
2025-05-12 10:30:00,142.2427,142.32,140.79,140.855,908828
2025-05-12 11:30:00,140.9035,141.36,140.56,140.7708,618774
2025-05-12 12:30:00,140.7605,141.66,138.73,141.46,780501
2025-05-12 13:30:00,141.46,141.6699,141.2702,141.44,544732
2025-05-12 14:30:00,141.44,141.79,141.39,141.465,840281
2025-05-12 15:30:00,141.465,141.78,141.32,141.72,1012989
2025-05-13 09:30:00,141.78,142.32,140.91,142.09,1411734
2025-05-13 10:30:00,142.09,142.39,135.79904,141.93,934056
2025-05-13 11:30:00,141.93,142.81,141.8154,142.8,695757
2025-05-13 12:30:00,142.8,143.02,139.25,142.9797,612335
2025-05-13 13:30:00,142.95,143.24,142.55,142.655,711062
2025-05-13 14:30:00,142.655,142.98,139.07,142.81,684717
2025-05-13 15:30:00,142.735879,143.1,142.26,142.3,932438
2025-05-14 09:30:00,142.0,142.35,141.3,141.48,1107715
2025-05-14 10:30:00,141.44,141.6022,138.516,141.44,627404
2025-05-14 11:30:00,141.44,141.74,135.5,141.39,646201
2025-05-14 12:30:00,141.4,141.49,140.9,141.01,494554
2025-05-14 13:30:00,141.0188,141.1824,140.71,140.7414,469184
2025-05-14 14:30:00,140.7432,141.38,136.68,141.3102,719586
2025-05-14 15:30:00,141.32,141.79,141.19,141.66,1269134
2025-05-15 09:30:00,140.515,140.6781,137.04,140.24,1261659
2025-05-15 10:30:00,140.24,141.06,140.2001,140.835,781942
2025-05-15 11:30:00,140.835,141.475,140.62,141.2985,566763
2025-05-15 12:30:00,141.28,141.71,141.21,141.63,614380
2025-05-15 13:30:00,141.6369,141.76,140.0,141.545,908360
2025-05-15 14:30:00,141.545,142.27,141.5,142.1056,924082
2025-05-15 15:30:00,142.095,142.46,141.77,142.3,951551
