bar_start,open,high,low,close,volume
2021-01-21 09:30:00,95.16,95.34,94.04,94.25,123252
2021-01-21 10:30:00,94.28,94.33,93.95,94.1266,28124
2021-01-21 11:30:00,94.11,94.1225,93.72,93.91,22090
2021-01-21 12:30:00,93.92,94.1921,93.8511,94.06,20184
2021-01-21 13:30:00,94.065,94.41,94.03,94.31,27051
2021-01-21 14:30:00,94.29,94.39,94.0413,94.0899,30948
2021-01-21 15:30:00,94.0876,94.1399,93.89,93.89,56088
2021-01-22 09:30:00,93.5,93.6919,93.02,93.2101,42202
2021-01-22 10:30:00,93.22,93.6199,93.12,93.4458,31854
2021-01-22 11:30:00,93.45,94.0,93.43,93.7972,23541
2021-01-22 12:30:00,93.805,93.8399,93.55,93.8,37875
2021-01-22 13:30:00,93.81,93.89,93.66,93.86,25797
2021-01-22 14:30:00,93.84,94.12,93.84,94.12,32481
2021-01-22 15:30:00,94.12,94.2821,93.95,93.95,26773
2021-01-25 09:30:00,93.61,93.9883,92.8,93.9698,74399
2021-01-25 10:30:00,93.97,94.2182,92.3,92.48,103580
2021-01-25 11:30:00,92.505,93.0786,92.3,92.7114,45399
2021-01-25 12:30:00,92.71,93.27,92.64,93.24,24244
2021-01-25 13:30:00,93.24,93.37,93.03,93.0845,24071
2021-01-25 14:30:00,93.08,93.21,92.96,93.07,33354
2021-01-25 15:30:00,93.09,93.35,93.01,93.3,30714
2021-01-26 09:30:00,94.1,95.21,93.551,93.795,61628
2021-01-26 10:30:00,93.73,93.76,93.25,93.51,18512
2021-01-26 11:30:00,93.47,93.5583,92.9,93.2628,20558
2021-01-26 12:30:00,93.235,93.3671,93.03,93.215,18065
2021-01-26 13:30:00,93.17,93.3527,92.9863,93.2151,23943
2021-01-26 14:30:00,93.19,93.28,92.761,92.84,36902
2021-01-26 15:30:00,92.8301,92.8715,92.2,92.2,27315
2021-01-27 09:30:00,91.04,91.66,89.91,91.5896,147322
2021-01-27 10:30:00,91.6,91.93,91.1827,91.85,105155
2021-01-27 11:30:00,91.88,92.0,91.1,91.5911,76516
2021-01-27 12:30:00,91.56,91.81,91.1916,91.3628,116679
2021-01-27 13:30:00,91.29,91.33,90.34,90.3904,147108
2021-01-27 14:30:00,90.42,90.61,89.7909,89.8302,140058
2021-01-27 15:30:00,89.859,90.116,89.4611,89.89,109261
2021-01-28 09:30:00,90.18,91.9307,90.18,91.57,52515
2021-01-28 10:30:00,91.55,91.59,90.8307,90.9259,48170
2021-01-28 11:30:00,90.85,91.98,90.8,91.93,21271
2021-01-28 12:30:00,91.9111,91.9252,91.2612,91.57,12664
2021-01-28 13:30:00,91.54,91.83,91.34,91.4101,46050
2021-01-28 14:30:00,91.44,91.68,91.0,91.0,27159
2021-01-28 15:30:00,90.99,91.28,90.82,90.82,31493
2021-01-29 09:30:00,90.42,90.9642,89.3,90.62,65137
2021-01-29 10:30:00,90.78,90.84,90.1451,90.16,29043
2021-01-29 11:30:00,90.1,90.3557,89.62,89.71,31187
2021-01-29 12:30:00,89.67,89.71,88.89,89.57,45865
2021-01-29 13:30:00,89.54,89.66,89.2,89.3301,30577
2021-01-29 14:30:00,89.32,89.72,89.08,89.57,53480
2021-01-29 15:30:00,89.5631,89.75,89.09,89.1,54931
2021-02-01 09:30:00,89.91,90.4778,89.19,89.88,82203
2021-02-01 10:30:00,89.89,90.18,89.47,90.15,63630
2021-02-01 11:30:00,90.2,90.28,89.88,90.01,22259
2021-02-01 12:30:00,90.025,90.43,90.02,90.421,19812
2021-02-01 13:30:00,90.47,90.8,90.2804,90.8,25646
2021-02-01 14:30:00,90.821,91.015,90.68,90.69,27354
2021-02-01 15:30:00,90.69,90.8299,90.58,90.62,22454
2021-02-02 09:30:00,91.63,92.89,91.6,92.7296,30433
2021-02-02 10:30:00,92.6499,93.38,92.6101,93.08,37607
2021-02-02 11:30:00,93.12,93.56,91.6,93.17,43090
2021-02-02 12:30:00,93.1903,93.34,93.07,93.1299,18174
2021-02-02 13:30:00,93.13,93.3256,93.07,93.2499,25195
2021-02-02 14:30:00,93.2599,93.4748,93.18,93.44,37641
2021-02-02 15:30:00,93.4599,93.54,93.15,93.15,68014
2021-02-03 09:30:00,93.27,93.7,92.81,93.2399,46215
2021-02-03 10:30:00,93.27,93.79,93.17,93.55,19020
2021-02-03 11:30:00,93.565,94.06,93.49,93.91,29146
2021-02-03 12:30:00,93.92,94.38,93.77,94.35,36574
2021-02-03 13:30:00,94.3398,94.7245,94.31,94.6633,24336
2021-02-03 14:30:00,94.6599,94.72,94.5,94.5495,30873
2021-02-03 15:30:00,94.55,94.6701,94.4702,94.565,82051
2021-02-04 09:30:00,94.66,96.24,94.66,95.49,59679
2021-02-04 10:30:00,95.54,96.43,95.52,96.29,27276
2021-02-04 11:30:00,96.28,96.4399,96.16,96.26,18802
2021-02-04 12:30:00,96.2882,96.4032,96.01,96.08,15463
2021-02-04 13:30:00,96.08,96.32,95.98,96.3,32641
2021-02-04 14:30:00,96.32,96.4689,95.97,96.03,30031
2021-02-04 15:30:00,96.0202,96.41,95.999,96.35,42228
2021-02-05 09:30:00,97.01,97.3587,96.1563,96.3802,52793
2021-02-05 10:30:00,96.42,96.87,96.3906,96.5966,35641
2021-02-05 11:30:00,96.62,96.69,96.4,96.42,29525
2021-02-05 12:30:00,96.418,96.6,96.361,96.48,40154
2021-02-05 13:30:00,96.46,96.49,96.0,96.2199,54658
2021-02-05 14:30:00,96.22,96.26,95.89,96.0223,37717
2021-02-05 15:30:00,96.0031,96.1894,95.94,96.05,31995
2021-02-08 09:30:00,96.67,97.17,96.45,96.76,44195
2021-02-08 10:30:00,96.76,96.82,96.3,96.82,12361
2021-02-08 11:30:00,96.84,97.04,96.6515,97.02,26213
2021-02-08 12:30:00,97.0201,97.06,96.83,96.83,16842
2021-02-08 13:30:00,96.84,97.0798,93.27,97.06,25435
2021-02-08 14:30:00,97.07,97.2,96.9968,97.1903,24024
2021-02-08 15:30:00,97.195,97.43,97.14,97.41,28130
2021-02-09 09:30:00,97.34,97.34,96.55,97.1797,35850
2021-02-09 10:30:00,97.17,97.47,97.0,97.4698,18988
2021-02-09 11:30:00,97.5,98.33,97.4723,98.2127,23251
2021-02-09 12:30:00,98.201,98.5,98.201,98.35,31574
2021-02-09 13:30:00,98.37,98.579,98.35,98.52,23392
2021-02-09 14:30:00,98.54,98.6201,98.23,98.32,28985
2021-02-09 15:30:00,98.34,98.46,98.17,98.3,41384
2021-02-10 09:30:00,98.85,98.85,97.4284,97.74,38963
2021-02-10 10:30:00,97.8,97.96,97.215,97.7302,23406
2021-02-10 11:30:00,97.7,98.0,97.35,97.5002,17275
2021-02-10 12:30:00,97.53,97.92,97.44,97.75,22163
2021-02-10 13:30:00,97.8,97.8099,97.39,97.7,31127
2021-02-10 14:30:00,97.69,98.0,97.66,97.7821,28369
2021-02-10 15:30:00,97.8002,97.8759,97.39,97.58,17856
2021-04-15 09:30:00,106.36,106.81,105.37,105.54,19660
2021-04-15 10:30:00,105.58,105.73,105.35,105.5,15526
2021-04-15 11:30:00,105.4602,105.81,105.45,105.5321,12765
2021-04-15 12:30:00,105.58,105.7399,105.5236,105.602,7823
2021-04-15 13:30:00,105.599,106.02,105.555,106.0194,10974
2021-04-15 14:30:00,106.0,106.2396,105.92,105.9301,15332
2021-04-15 15:30:00,105.95,106.16,105.9,105.97,13643
2021-04-16 09:30:00,106.19,106.5996,105.423,105.64,14335
2021-04-16 10:30:00,105.6,106.029,105.57,105.82,28527
2021-04-16 11:30:00,105.81,105.959,105.6,105.62,8001
2021-04-16 12:30:00,105.565,105.68,105.25,105.25,8256
2021-04-16 13:30:00,105.27,105.566,105.1803,105.56,10067
2021-04-16 14:30:00,105.5999,106.02,105.5103,105.99,26461
2021-04-16 15:30:00,105.99,106.11,105.92,105.9795,30105
2021-04-19 09:30:00,105.98,105.98,104.78,105.4295,33438
2021-04-19 10:30:00,105.34,105.3795,104.75,105.1599,8966
2021-04-19 11:30:00,105.12,105.2194,104.99,105.03,10455
2021-04-19 12:30:00,104.93,105.01,104.68,104.75,10458
2021-04-19 13:30:00,104.74,105.09,104.68,105.06,8286
2021-04-19 14:30:00,105.02,105.21,104.9,105.0,29474
2021-04-19 15:30:00,105.0,105.33,104.97,105.33,15395
2021-04-20 09:30:00,104.84,104.86,103.54,103.6243,32408
2021-04-20 10:30:00,103.52,103.5571,102.6645,102.7973,28832
2021-04-20 11:30:00,102.8196,102.94,102.32,102.84,20165
2021-04-20 12:30:00,102.8,102.89,102.4216,102.65,10350
2021-04-20 13:30:00,102.6,102.86,102.4303,102.71,11600
2021-04-20 14:30:00,102.67,103.12,102.5801,103.0001,15078
2021-04-20 15:30:00,102.965,103.3,102.95,103.19,28625
2021-04-21 09:30:00,103.01,104.18,102.39,103.93,45076
2021-04-21 10:30:00,104.0,104.3999,103.8,103.8872,31685
2021-04-21 11:30:00,103.9,104.1158,103.63,104.03,18201
2021-04-21 12:30:00,104.0378,104.2,103.95,104.01,26442
2021-04-21 13:30:00,104.02,104.35,104.02,104.3078,19586
2021-04-21 14:30:00,104.26,104.5503,104.26,104.31,51916
2021-04-21 15:30:00,104.3,104.65,104.3,104.61,18320
2021-04-22 09:30:00,104.49,105.178,104.49,104.745,9725
2021-04-22 10:30:00,104.6514,105.3798,104.6514,105.34,10173
2021-04-22 11:30:00,105.385,105.5867,105.2384,105.33,18064
2021-04-22 12:30:00,105.3527,105.78,104.6827,105.2989,11340
2021-04-22 13:30:00,105.24,105.3,103.96,104.55,19478
2021-04-22 14:30:00,104.5341,104.62,103.9683,104.12,12772
2021-04-22 15:30:00,104.14,104.4,104.08,104.18,11186
2021-04-23 09:30:00,104.1,104.96,103.86,104.84,12757
2021-04-23 10:30:00,105.0,105.236,104.7,104.825,12241
2021-04-23 11:30:00,104.8111,104.9,104.63,104.855,5552
2021-04-23 12:30:00,104.88,105.1,104.87,105.06,6578
2021-04-23 13:30:00,105.1199,105.3,105.09,105.2107,7461
2021-04-23 14:30:00,105.2599,105.55,105.2216,105.497,23590
2021-04-23 15:30:00,105.5299,105.5455,105.325,105.47,47383
2021-04-26 09:30:00,105.72,106.59,105.69,106.58,21687
2021-04-26 10:30:00,106.53,106.6187,106.251,106.33,14082
2021-04-26 11:30:00,106.29,106.49,106.185,106.34,11726
2021-04-26 12:30:00,106.3297,106.36,105.9,106.0275,6766
2021-04-26 13:30:00,106.02,106.19,105.93,106.19,7395
2021-04-26 14:30:00,106.15,106.25,105.91,105.91,10539
2021-04-26 15:30:00,105.8303,106.13,105.8303,105.98,17349
2021-04-27 09:30:00,106.17,106.67,105.55,106.39,34079
2021-04-27 10:30:00,106.4884,106.93,106.365,106.63,14773
2021-04-27 11:30:00,106.64,106.78,106.49,106.57,14939
2021-04-27 12:30:00,106.5253,106.5253,106.075,106.2106,5400
2021-04-27 13:30:00,106.225,106.5,106.2201,106.5,27806
2021-04-27 14:30:00,106.4917,106.71,106.48,106.579,22136
2021-04-27 15:30:00,106.5798,106.6999,106.4612,106.48,20472
2021-04-28 09:30:00,106.11,106.3,105.3327,105.8771,30798
2021-04-28 10:30:00,105.81,105.9973,105.63,105.71,41679
2021-04-28 11:30:00,105.75,105.86,105.54,105.838,13159
2021-04-28 12:30:00,105.875,106.05,105.78,106.05,8316
2021-04-28 13:30:00,106.05,106.17,105.83,106.05,17727
2021-04-28 14:30:00,106.07,106.21,105.633,106.05,25821
2021-04-28 15:30:00,106.015,106.1625,105.92,105.98,32394
2021-04-29 09:30:00,106.43,107.01,106.39,106.59,23017
2021-04-29 10:30:00,106.6265,106.8176,106.37,106.7363,10108
2021-04-29 11:30:00,106.7,106.75,105.9124,106.09,8949
2021-04-29 12:30:00,106.1202,106.4499,106.01,106.3672,4139
2021-04-29 13:30:00,106.4,106.7499,106.15,106.71,72639
2021-04-29 14:30:00,106.7376,107.0,106.61,106.61,17005
2021-04-29 15:30:00,106.58,106.7938,106.55,106.7,9887
2021-04-30 09:30:00,105.95,107.07,105.83,106.4993,8467
2021-04-30 10:30:00,106.3596,106.3596,105.82,105.98,8224
2021-04-30 11:30:00,105.945,106.2466,105.945,106.0961,5647
2021-04-30 12:30:00,106.1345,106.194,105.8541,106.15,6132
2021-04-30 13:30:00,106.1153,106.25,105.8801,106.2,12275
2021-04-30 14:30:00,106.18,106.41,106.06,106.38,8865
2021-04-30 15:30:00,106.42,106.47,106.1199,106.43,8763
2021-05-03 09:30:00,106.69,107.36,106.27,106.375,28109
2021-05-03 10:30:00,106.37,106.7,106.36,106.54,7875
2021-05-03 11:30:00,106.59,106.83,106.56,106.7964,6140
2021-05-03 12:30:00,106.78,107.15,106.7301,107.13,11835
2021-05-03 13:30:00,107.11,107.26,107.04,107.2,12311
2021-05-03 14:30:00,107.24,107.3,106.94,107.06,11401
2021-05-03 15:30:00,107.05,107.0527,106.74,106.93,10127
2021-05-04 09:30:00,106.47,107.17,105.33,105.6399,35488
2021-05-04 10:30:00,105.66,105.99,105.09,105.355,10348
2021-05-04 11:30:00,105.36,105.58,104.84,105.58,11333
2021-05-04 12:30:00,105.5796,105.73,105.26,105.73,19026
2021-05-04 13:30:00,105.7,106.03,105.6475,105.86,10438
2021-05-04 14:30:00,105.9,106.1,105.8894,106.0819,4584
2021-05-04 15:30:00,106.0967,106.31,106.0637,106.27,10705
2021-05-05 09:30:00,106.08,106.23,104.82,105.03,18739
2021-05-05 10:30:00,105.05,105.7799,104.8105,105.6849,56303
2021-05-05 11:30:00,105.68,105.81,105.51,105.5698,10064
2021-05-05 12:30:00,105.54,105.54,105.365,105.43,10601
2021-05-05 13:30:00,105.43,105.73,105.41,105.73,15358
2021-05-05 14:30:00,105.73,105.9,105.37,105.43,9054
2021-05-05 15:30:00,105.41,105.41,105.13,105.295,10312
2021-05-06 09:30:00,105.28,105.94,104.73,104.9677,61894
2021-05-06 10:30:00,104.875,105.3179,104.875,105.28,32747
2021-05-06 11:30:00,105.32,105.74,105.29,105.6399,33869
2021-05-06 12:30:00,105.587,105.63,105.34,105.4,28340
2021-05-06 13:30:00,105.4,105.49,105.05,105.078,39013
2021-05-06 14:30:00,105.1,105.52,105.03,105.49,43742
2021-05-06 15:30:00,105.48,106.02,105.47,106.02,38845
2021-05-07 09:30:00,105.68,106.58,105.5445,106.48,13229
2021-05-07 10:30:00,106.54,107.0899,106.53,106.67,15279
2021-05-07 11:30:00,106.69,106.9451,106.62,106.9451,10277
2021-05-07 12:30:00,106.96,107.4699,106.92,107.3918,12915
2021-05-07 13:30:00,107.39,107.85,107.39,107.79,58510
2021-05-07 14:30:00,107.81,107.83,107.54,107.64,13040
2021-05-07 15:30:00,107.68,107.68,107.42,107.62,46557
2021-05-10 09:30:00,108.35,108.6699,107.85,108.49,91591
2021-05-10 10:30:00,108.52,108.52,107.9529,108.35,26387
2021-05-10 11:30:00,108.399,108.41,108.115,108.195,13856
2021-05-10 12:30:00,108.1713,108.2984,107.79,108.06,12048
2021-05-10 13:30:00,108.0103,108.17,107.46,107.57,11950
2021-05-10 14:30:00,107.514,107.5667,106.92,107.0406,14908
2021-05-10 15:30:00,107.045,107.13,106.51,106.64,26728
2021-05-11 09:30:00,104.81,106.05,104.45,104.55,97048
2021-05-11 10:30:00,104.58,105.04,103.94,105.04,25073
2021-05-11 11:30:00,105.0832,105.3116,104.9005,105.0846,12912
2021-05-11 12:30:00,105.1399,105.23,104.71,105.2,6326
2021-05-11 13:30:00,105.17,105.54,105.03,105.48,13330
2021-05-11 14:30:00,105.47,105.47,104.93,105.29,20073
2021-05-11 15:30:00,105.27,105.39,104.82,105.27,13545
2021-05-12 09:30:00,104.51,105.5516,104.5,104.5996,56961
2021-05-12 10:30:00,104.5,104.625,104.07,104.24,24757
2021-05-12 11:30:00,104.24,104.24,103.07,103.38,27469
2021-05-12 12:30:00,103.3688,103.73,103.26,103.5,12971
2021-05-12 13:30:00,103.46,103.689,103.22,103.22,16854
2021-05-12 14:30:00,103.18,103.65,102.6266,102.6914,26306
2021-05-12 15:30:00,102.7,102.78,102.2,102.24,113689
2021-05-13 09:30:00,102.48,104.58,102.48,104.5019,32540
2021-05-13 10:30:00,104.53,104.53,103.7149,103.7149,13177
2021-05-13 11:30:00,103.7,103.9877,103.48,103.78,10704
2021-05-13 12:30:00,103.91,103.94,103.33,103.45,15167
2021-05-13 13:30:00,103.4999,103.96,103.0,103.94,16174
2021-05-13 14:30:00,104.04,104.46,103.99,104.27,14936
2021-05-13 15:30:00,104.3,104.45,103.79,103.85,53918
2021-07-21 09:30:00,105.95,108.02,105.95,107.47,32911
2021-07-21 10:30:00,107.35,107.465,106.73,106.875,15531
2021-07-21 11:30:00,106.818,107.62,106.818,107.5075,6239
2021-07-21 12:30:00,107.47,107.5747,107.29,107.5574,15039
2021-07-21 13:30:00,107.5599,107.61,107.19,107.32,10773
2021-07-21 14:30:00,107.325,107.48,107.27,107.33,14307
2021-07-21 15:30:00,107.34,107.5921,107.33,107.57,14726
2021-07-22 09:30:00,107.13,107.225,106.32,106.535,13668
2021-07-22 10:30:00,106.7392,106.81,106.2,106.31,6100
2021-07-22 11:30:00,106.3094,106.5299,106.27,106.5205,17542
2021-07-22 12:30:00,106.57,106.93,106.57,106.83,7172
2021-07-22 13:30:00,106.8342,106.98,106.78,106.97,8302
2021-07-22 14:30:00,106.97,106.989,106.7701,106.7701,9703
2021-07-22 15:30:00,106.7763,106.8299,106.61,106.705,8648
2021-07-23 09:30:00,107.08,107.6886,106.69,107.0,11484
2021-07-23 10:30:00,106.97,107.33,106.97,107.1,7252
2021-07-23 11:30:00,107.08,107.23,106.72,106.942,7811
2021-07-23 12:30:00,106.945,107.0297,106.83,107.0,6754
2021-07-23 13:30:00,106.99,107.14,106.9105,106.97,13320
2021-07-23 14:30:00,106.93,107.0597,106.86,106.99,12306
2021-07-23 15:30:00,106.9802,107.16,106.94,106.94,10805
2021-07-26 09:30:00,106.23,107.4,106.23,107.3305,28467
2021-07-26 10:30:00,107.3303,107.3797,106.84,107.1495,11476
2021-07-26 11:30:00,107.1,107.29,107.0149,107.26,10406
2021-07-26 12:30:00,107.25,107.35,107.1403,107.1998,6179
2021-07-26 13:30:00,107.2164,107.41,107.061,107.41,12930
2021-07-26 14:30:00,107.42,107.52,107.23,107.49,17083
2021-07-26 15:30:00,107.49,107.59,107.41,107.55,57895
2021-07-27 09:30:00,107.28,108.3,107.14,108.3,31278
2021-07-27 10:30:00,108.28,108.38,107.87,107.97,14493
2021-07-27 11:30:00,107.9339,107.955,107.4,107.714,22947
2021-07-27 12:30:00,107.645,107.9198,107.48,107.49,19426
2021-07-27 13:30:00,107.49,107.76,107.3625,107.7287,26731
2021-07-27 14:30:00,107.72,107.9397,107.66,107.76,28079
2021-07-27 15:30:00,107.73,107.84,107.5202,107.84,17511
2021-07-28 09:30:00,109.37,110.18,108.4,108.58,26841
2021-07-28 10:30:00,108.63,109.1874,108.55,109.16,10727
2021-07-28 11:30:00,109.09,109.48,108.9403,109.0059,11954
2021-07-28 12:30:00,108.98,109.02,108.7684,108.94,9891
2021-07-28 13:30:00,108.9115,109.12,108.6827,109.11,13900
2021-07-28 14:30:00,109.15,109.66,108.97,109.1,70902
2021-07-28 15:30:00,109.1,109.255,108.79,108.79,20640
2021-07-29 09:30:00,109.55,109.85,108.9603,109.68,11911
2021-07-29 10:30:00,109.7256,110.0,109.6836,109.8746,14219
2021-07-29 11:30:00,109.878,110.0185,109.7601,109.91,13349
2021-07-29 12:30:00,109.89,109.95,109.7,109.92,11971
2021-07-29 13:30:00,109.91,110.0,109.67,109.74,21270
2021-07-29 14:30:00,109.76,109.76,109.52,109.63,20195
2021-07-29 15:30:00,109.57,109.61,109.15,109.15,25801
2021-07-30 09:30:00,108.48,109.05,108.315,108.315,11060
2021-07-30 10:30:00,108.334,108.49,107.99,108.2035,7426
2021-07-30 11:30:00,108.19,108.27,107.9,107.96,10014
2021-07-30 12:30:00,107.97,108.19,107.84,107.93,19355
2021-07-30 13:30:00,107.97,108.23,107.82,107.8263,19128
2021-07-30 14:30:00,107.78,108.04,107.58,107.99,16773
2021-07-30 15:30:00,108.0,108.01,107.72,107.97,10727
2021-08-02 09:30:00,108.325,109.989,108.15,108.9205,26854
2021-08-02 10:30:00,108.96,109.15,108.535,108.79,7270
2021-08-02 11:30:00,108.7793,108.7793,108.29,108.36,20738
2021-08-02 12:30:00,108.47,108.66,108.3944,108.4306,8728
2021-08-02 13:30:00,108.47,108.7256,108.35,108.51,16460
2021-08-02 14:30:00,108.5088,108.5624,108.11,108.15,43728
2021-08-02 15:30:00,108.15,108.15,107.58,107.65,44383
2021-08-03 09:30:00,107.63,107.8702,106.09,107.03,30129
2021-08-03 10:30:00,107.0797,107.3594,106.85,107.27,8244
2021-08-03 11:30:00,107.3899,107.89,107.3321,107.425,8695
2021-08-03 12:30:00,107.43,107.7799,107.37,107.7427,8153
2021-08-03 13:30:00,107.705,108.06,107.6807,108.03,15847
2021-08-03 14:30:00,108.09,108.48,108.0659,108.48,37405
2021-08-03 15:30:00,108.43,108.61,108.43,108.61,16903
2021-08-04 09:30:00,107.9,107.9,106.72,106.9929,19868
2021-08-04 10:30:00,106.95,107.7363,106.5,107.21,22881
2021-08-04 11:30:00,107.16,107.16,106.33,106.37,9886
2021-08-04 12:30:00,106.34,106.53,106.2395,106.27,14063
2021-08-04 13:30:00,106.27,106.54,106.2363,106.42,14317
2021-08-04 14:30:00,106.41,106.82,106.36,106.82,22027
2021-08-04 15:30:00,106.81,106.85,106.31,106.35,23305
2021-08-05 09:30:00,106.43,107.3,106.43,106.94,37946
2021-08-05 10:30:00,106.94,108.04,106.94,108.0,17366
2021-08-05 11:30:00,108.0007,108.15,107.78,107.94,15923
2021-08-05 12:30:00,107.94,108.03,107.78,107.98,10553
2021-08-05 13:30:00,107.96,108.08,107.68,107.69,13105
2021-08-05 14:30:00,107.69,107.7478,107.3009,107.52,21287
2021-08-05 15:30:00,107.54,107.61,107.4,107.58,12747
2021-08-06 09:30:00,108.04,108.97,108.04,108.67,15600
2021-08-06 10:30:00,108.67,108.92,108.305,108.81,8126
2021-08-06 11:30:00,108.805,108.81,108.4901,108.595,6020
2021-08-06 12:30:00,108.56,108.87,108.54,108.8,4133
2021-08-06 13:30:00,108.81,108.81,108.61,108.6996,10783
2021-08-06 14:30:00,108.65,108.65,108.36,108.475,18111
2021-08-06 15:30:00,108.48,108.52,108.33,108.52,17308
2021-08-09 09:30:00,107.95,108.07,107.18,107.7,37063
2021-08-09 10:30:00,107.61,108.1293,107.5,108.07,5078
2021-08-09 11:30:00,108.04,108.451,108.04,108.345,9995
2021-08-09 12:30:00,108.33,108.36,108.0918,108.1699,3281
2021-08-09 13:30:00,108.135,108.37,108.06,108.2771,6874
2021-08-09 14:30:00,108.29,108.365,108.11,108.11,11232
2021-08-09 15:30:00,108.15,108.28,107.9,107.9305,11732
2021-08-10 09:30:00,107.8,108.45,107.72,108.35,23907
2021-08-10 10:30:00,108.2792,108.9783,108.18,108.97,6860
2021-08-10 11:30:00,108.94,108.94,108.41,108.49,7034
2021-08-10 12:30:00,108.5,108.85,108.42,108.85,4823
2021-08-10 13:30:00,108.8,108.87,108.56,108.72,22333
2021-08-10 14:30:00,108.72,108.77,108.59,108.7,10038
2021-08-10 15:30:00,108.6709,108.68,108.48,108.56,14564
2021-08-11 09:30:00,108.82,109.07,108.07,108.78,24475
2021-08-11 10:30:00,108.735,109.19,108.57,108.85,14572
2021-08-11 11:30:00,108.85,108.92,108.6184,108.8208,10755
2021-08-11 12:30:00,108.8625,109.19,108.83,109.17,10617
2021-08-11 13:30:00,109.16,109.29,109.03,109.1,12226
2021-08-11 14:30:00,109.1002,109.3775,108.9945,109.37,45718
2021-08-11 15:30:00,109.36,109.74,109.34,109.74,17969
2021-08-12 09:30:00,109.5,109.8233,108.99,109.1635,22443
2021-08-12 10:30:00,109.1923,109.22,108.4599,108.88,12288
2021-08-12 11:30:00,108.83,109.17,108.6982,109.15,6950
2021-08-12 12:30:00,109.14,109.18,108.81,108.85,8340
2021-08-12 13:30:00,108.8112,108.85,108.63,108.79,16141
2021-08-12 14:30:00,108.78,108.98,108.7177,108.86,17758
2021-08-12 15:30:00,108.85,109.02,108.83,108.84,16343
2021-10-21 09:30:00,108.35,108.61,107.8894,107.9994,5890
2021-10-21 10:30:00,107.891,108.38,107.7304,107.7304,4252
2021-10-21 11:30:00,107.7311,107.9599,107.69,107.8626,3674
2021-10-21 12:30:00,107.85,108.07,107.8,108.07,3023
2021-10-21 13:30:00,108.0401,108.14,107.86,108.14,6815
2021-10-21 14:30:00,108.1,108.3,108.0811,108.25,10252
2021-10-21 15:30:00,108.27,108.51,108.2101,108.45,16426
2021-10-22 09:30:00,108.34,109.198,108.34,109.14,14024
2021-10-22 10:30:00,109.08,109.1483,108.4,108.41,8245
2021-10-22 11:30:00,108.32,108.4499,107.9001,108.09,7984
2021-10-22 12:30:00,108.06,108.4495,108.02,108.35,3866
2021-10-22 13:30:00,108.4397,108.55,108.3305,108.511,4701
2021-10-22 14:30:00,108.5418,108.645,108.3,108.3315,7993
2021-10-22 15:30:00,108.435,108.54,108.26,108.42,6787
2021-10-25 09:30:00,108.45,108.73,107.8,108.23,18849
2021-10-25 10:30:00,108.19,108.5,108.18,108.4019,7193
2021-10-25 11:30:00,108.37,108.48,108.06,108.1599,9404
2021-10-25 12:30:00,108.12,108.2,107.881,108.19,10024
2021-10-25 13:30:00,108.18,108.2002,107.9811,108.12,20338
2021-10-25 14:30:00,108.1242,108.1634,107.8905,107.9601,40764
2021-10-25 15:30:00,108.0,108.15,107.991,108.1,13257
2021-10-26 09:30:00,106.63,107.1208,105.79,106.55,136117
2021-10-26 10:30:00,106.58,108.13,106.04,106.2726,24530
2021-10-26 11:30:00,106.2482,106.2578,105.56,105.56,15026
2021-10-26 12:30:00,105.56,105.6199,105.11,105.255,83487
2021-10-26 13:30:00,105.28,105.92,105.18,105.85,82044
2021-10-26 14:30:00,105.86,106.08,105.75,105.8,27924
2021-10-26 15:30:00,105.815,106.11,105.63,105.63,28134
2021-10-27 09:30:00,105.79,106.1299,105.29,105.435,43142
2021-10-27 10:30:00,105.47,105.6394,105.0918,105.18,31956
2021-10-27 11:30:00,105.16,105.51,104.97,105.38,20372
2021-10-27 12:30:00,105.37,105.765,105.23,105.685,11452
2021-10-27 13:30:00,105.69,105.95,105.62,105.65,11492
2021-10-27 14:30:00,105.71,105.7253,104.87,105.05,22474
2021-10-27 15:30:00,105.1,105.1,104.46,104.46,19490
2021-10-28 09:30:00,104.5,104.75,103.91,104.357,25577
2021-10-28 10:30:00,104.34,104.42,103.86,103.94,21565
2021-10-28 11:30:00,103.94,104.31,103.79,104.13,27850
2021-10-28 12:30:00,104.13,104.61,104.08,104.4394,9021
2021-10-28 13:30:00,104.48,104.84,104.48,104.53,15712
2021-10-28 14:30:00,104.4974,104.52,103.93,103.98,14910
2021-10-28 15:30:00,103.995,104.37,103.9505,104.33,12297
2021-10-29 09:30:00,104.02,104.84,104.02,104.24,15237
2021-10-29 10:30:00,104.24,104.58,104.2,104.29,7062
2021-10-29 11:30:00,104.29,104.5,104.1693,104.5,8698
2021-10-29 12:30:00,104.4712,104.58,104.36,104.44,6545
2021-10-29 13:30:00,104.4,104.6,104.1704,104.185,22876
2021-10-29 14:30:00,104.1307,104.23,103.89,103.9905,18666
2021-10-29 15:30:00,104.0049,104.51,104.0049,104.5,21024
2021-11-01 09:30:00,104.66,105.12,104.31,104.61,43338
2021-11-01 10:30:00,104.58,104.8981,104.51,104.79,18161
2021-11-01 11:30:00,104.8121,105.25,104.71,105.18,17195
2021-11-01 12:30:00,105.17,105.3799,105.01,105.14,13021
2021-11-01 13:30:00,105.1277,105.28,104.73,104.95,36123
2021-11-01 14:30:00,104.91,105.3236,104.91,105.21,26424
2021-11-01 15:30:00,105.24,105.41,105.22,105.37,24343
2021-11-02 09:30:00,104.99,105.35,104.6,104.72,14120
2021-11-02 10:30:00,104.6,104.6905,104.3643,104.6905,13211
2021-11-02 11:30:00,104.6997,104.81,104.51,104.66,16850
2021-11-02 12:30:00,104.6701,104.74,104.22,104.22,28148
2021-11-02 13:30:00,104.21,104.37,104.1,104.34,19837
2021-11-02 14:30:00,104.3495,104.61,104.3403,104.6,19677
2021-11-02 15:30:00,104.6,104.67,104.47,104.67,45835
2021-11-03 09:30:00,104.18,104.8199,103.82,104.74,18727
2021-11-03 10:30:00,104.73,105.09,104.635,104.71,13813
2021-11-03 11:30:00,104.7,104.74,104.43,104.4575,11253
2021-11-03 12:30:00,104.42,104.54,104.3184,104.35,17256
2021-11-03 13:30:00,104.35,104.93,104.25,104.84,11383
2021-11-03 14:30:00,104.8209,105.43,104.79,105.26,28999
2021-11-03 15:30:00,105.26,105.5,105.2186,105.44,20973
2021-11-04 09:30:00,105.43,106.0,105.23,105.6094,17822
2021-11-04 10:30:00,105.6094,105.75,105.14,105.17,15849
2021-11-04 11:30:00,105.22,105.7299,105.22,105.5716,13048
2021-11-04 12:30:00,105.56,105.57,105.2304,105.28,11337
2021-11-04 13:30:00,105.28,105.44,105.08,105.13,9071
2021-11-04 14:30:00,105.09,105.1885,105.03,105.15,12021
2021-11-04 15:30:00,105.14,105.27,105.091,105.27,12957
2021-11-05 09:30:00,106.29,108.12,106.29,107.615,38675
2021-11-05 10:30:00,107.56,108.06,107.52,108.0104,23299
2021-11-05 11:30:00,107.98,108.4699,107.87,108.45,13082
2021-11-05 12:30:00,108.46,108.6199,107.95,107.95,16524
2021-11-05 13:30:00,107.94,108.58,107.94,108.5371,10103
2021-11-05 14:30:00,108.58,108.9499,108.55,108.65,129591
2021-11-05 15:30:00,108.68,109.0,108.67,108.98,22519
2021-11-08 09:30:00,109.31,109.5,108.33,108.655,38194
2021-11-08 10:30:00,108.51,108.8788,108.31,108.49,11996
2021-11-08 11:30:00,108.48,108.49,108.11,108.34,10773
2021-11-08 12:30:00,108.351,108.4022,108.12,108.18,13236
2021-11-08 13:30:00,108.1647,108.44,108.14,108.3799,23465
2021-11-08 14:30:00,108.38,108.51,108.36,108.36,20580
2021-11-08 15:30:00,108.36,108.67,108.36,108.51,31302
2021-11-09 09:30:00,108.15,108.66,107.745,108.24,107232
2021-11-09 10:30:00,108.3986,108.48,107.905,107.95,9240
2021-11-09 11:30:00,107.9638,108.26,107.91,108.14,5930
2021-11-09 12:30:00,108.2041,108.5,108.16,108.42,9113
2021-11-09 13:30:00,108.42,108.53,108.1852,108.31,7265
2021-11-09 14:30:00,108.32,108.73,108.2404,108.6228,18813
2021-11-09 15:30:00,108.6228,108.72,108.54,108.66,8174
2021-11-10 09:30:00,108.0,109.0181,108.0,108.65,27591
2021-11-10 10:30:00,108.5744,109.14,108.54,109.01,10074
2021-11-10 11:30:00,109.06,109.4453,108.962,108.9717,8864
2021-11-10 12:30:00,108.96,108.99,108.195,108.3,10888
2021-11-10 13:30:00,108.34,108.35,107.5,107.5,16640
2021-11-10 14:30:00,107.46,107.822,107.3,107.74,27334
2021-11-10 15:30:00,107.76,107.78,107.5,107.54,14578
2021-11-11 09:30:00,107.65,107.78,107.0204,107.13,14541
2021-11-11 10:30:00,107.12,107.31,106.97,107.0704,7804
2021-11-11 11:30:00,107.0869,107.285,106.835,106.99,9737
2021-11-11 12:30:00,106.95,107.11,106.76,106.89,19288
2021-11-11 13:30:00,106.87,107.01,106.7201,106.7201,14236
2021-11-11 14:30:00,106.75,106.84,106.575,106.7,17542
2021-11-11 15:30:00,106.7,106.9,106.64,106.65,11938
2022-01-20 09:30:00,105.42,106.035,105.38,105.8637,60036
2022-01-20 10:30:00,105.8801,107.0,105.8801,106.615,25003
2022-01-20 11:30:00,106.64,106.84,106.4401,106.6,11815
2022-01-20 12:30:00,106.63,106.75,106.31,106.4705,19898
2022-01-20 13:30:00,106.49,106.69,106.01,106.01,17996
2022-01-20 14:30:00,106.0,106.013,105.28,105.32,35799
2022-01-20 15:30:00,105.26,105.2719,104.07,104.21,41079
2022-01-21 09:30:00,103.51,104.03,102.2,103.07,51338
2022-01-21 10:30:00,103.0,104.37,102.94,104.284,30210
2022-01-21 11:30:00,104.17,104.19,103.13,103.455,15327
2022-01-21 12:30:00,103.47,103.51,102.799,102.86,16912
2022-01-21 13:30:00,102.84,103.285,102.84,102.89,18798
2022-01-21 14:30:00,102.8633,103.08,101.98,102.1077,39403
2022-01-21 15:30:00,102.09,102.8024,102.09,102.2047,28402
2022-01-24 09:30:00,100.51,101.07,98.94,99.92,80678
2022-01-24 10:30:00,100.1,100.818,99.55,99.93,257970
2022-01-24 11:30:00,99.9001,100.06,98.6726,98.92,62883
2022-01-24 12:30:00,98.92,100.329,98.58,99.72,69717
2022-01-24 13:30:00,99.6759,101.37,99.6201,100.49,34587
2022-01-24 14:30:00,100.52,101.645,99.99,101.425,46798
2022-01-24 15:30:00,101.375,103.1,101.3204,102.92,64009
2022-01-25 09:30:00,100.91,102.19,99.71,101.25,86738
2022-01-25 10:30:00,101.2236,101.62,100.597,101.2966,27118
2022-01-25 11:30:00,101.31,101.4699,100.57,101.2749,29605
2022-01-25 12:30:00,101.26,101.41,100.8,101.38,47174
2022-01-25 13:30:00,101.31,102.9,101.26,102.7771,34588
2022-01-25 14:30:00,102.7978,103.55,102.5477,102.56,52563
2022-01-25 15:30:00,102.54,102.94,102.31,102.54,42464
2022-01-26 09:30:00,103.29,103.6,102.0976,102.6525,38984
2022-01-26 10:30:00,102.6201,103.26,102.22,103.1992,36817
2022-01-26 11:30:00,103.22,103.25,102.59,102.94,37883
2022-01-26 12:30:00,102.9199,103.0,102.325,102.47,26111
2022-01-26 13:30:00,102.45,103.21,101.83,102.71,41011
2022-01-26 14:30:00,102.68,102.7,99.63,100.5112,62897
2022-01-26 15:30:00,100.52,101.08,100.295,100.88,64447
2022-01-27 09:30:00,101.59,102.452,100.85,101.15,83268
2022-01-27 10:30:00,101.06,101.8,100.5,100.65,59719
2022-01-27 11:30:00,100.71,101.2,100.07,100.1522,18696
2022-01-27 12:30:00,100.17,100.17,98.59,98.6088,30635
2022-01-27 13:30:00,98.61,99.44,98.48,98.6,91636
2022-01-27 14:30:00,98.6,99.1,98.3,98.8219,64725
2022-01-27 15:30:00,98.85,99.3,98.65,98.85,31372
2022-01-28 09:30:00,98.58,98.82,97.3,97.51,55236
2022-01-28 10:30:00,97.4619,98.1599,96.74,98.03,33074
2022-01-28 11:30:00,98.05,99.04,97.9156,98.58,31493
2022-01-28 12:30:00,98.6,98.7,98.0,98.5,23199
2022-01-28 13:30:00,98.49,98.82,97.56,97.6,62114
2022-01-28 14:30:00,97.5,98.8394,97.39,98.76,72452
2022-01-28 15:30:00,98.72,99.75,98.51,99.72,61616
2022-01-31 09:30:00,99.03,100.16,98.7183,99.86,63267
2022-01-31 10:30:00,99.875,100.24,99.21,99.335,27732
2022-01-31 11:30:00,99.2,100.21,99.2,100.07,42124
2022-01-31 12:30:00,100.02,100.6278,99.87,100.4544,15580
2022-01-31 13:30:00,100.4404,100.896,100.305,100.81,17471
2022-01-31 14:30:00,100.83,100.8515,100.04,100.34,18282
2022-01-31 15:30:00,100.2116,101.05,100.2116,101.04,125600
2022-02-01 09:30:00,101.15,101.65,100.3588,101.0,36708
2022-02-01 10:30:00,101.12,102.09,101.06,101.79,28954
2022-02-01 11:30:00,101.78,102.1399,101.52,101.98,13194
2022-02-01 12:30:00,101.95,102.19,101.66,102.1432,26366
2022-02-01 13:30:00,102.14,102.21,101.97,102.18,22392
2022-02-01 14:30:00,102.22,102.37,102.02,102.36,52055
2022-02-01 15:30:00,102.36,102.55,102.09,102.31,307645
2022-02-02 09:30:00,101.86,102.32,101.4,101.48,74402
2022-02-02 10:30:00,101.47,102.01,101.275,101.8299,23819
2022-02-02 11:30:00,101.79,102.39,101.56,102.285,16969
2022-02-02 12:30:00,102.2414,102.8189,102.2414,102.55,12553
2022-02-02 13:30:00,102.58,102.92,102.58,102.725,13640
2022-02-02 14:30:00,102.7347,103.08,102.7,103.005,18471
2022-02-02 15:30:00,102.93,103.18,102.87,102.95,85415
2022-02-03 09:30:00,102.26,102.6,101.94,102.3191,86976
2022-02-03 10:30:00,102.2999,102.9695,102.2,102.77,20947
2022-02-03 11:30:00,102.8,102.94,102.282,102.4496,17260
2022-02-03 12:30:00,102.41,102.6191,102.28,102.55,11151
2022-02-03 13:30:00,102.58,103.0,102.57,102.69,11409
2022-02-03 14:30:00,102.64,102.85,102.26,102.6531,15615
2022-02-03 15:30:00,102.65,102.69,102.2526,102.33,30123
2022-02-04 09:30:00,102.04,102.49,101.6704,101.9,47054
2022-02-04 10:30:00,101.8655,101.9199,101.067,101.49,22097
2022-02-04 11:30:00,101.47,101.97,101.47,101.9494,19465
2022-02-04 12:30:00,101.93,102.5255,101.8,102.2999,39882
2022-02-04 13:30:00,102.31,102.72,102.24,102.6573,31530
2022-02-04 14:30:00,102.61,103.1997,102.61,103.05,25344
2022-02-04 15:30:00,103.11,103.3,102.36,102.36,20551
2022-02-07 09:30:00,102.6,103.4424,102.52,103.32,50909
2022-02-07 10:30:00,103.32,103.85,103.2403,103.69,24973
2022-02-07 11:30:00,103.7057,103.71,103.26,103.37,41162
2022-02-07 12:30:00,103.35,104.0296,103.26,103.9688,17292
2022-02-07 13:30:00,103.99,104.36,103.9832,104.36,31596
2022-02-07 14:30:00,104.36,104.5893,104.15,104.18,53507
2022-02-07 15:30:00,104.21,104.3,103.52,103.81,73324
2022-02-08 09:30:00,103.76,104.17,103.24,103.59,47708
2022-02-08 10:30:00,103.6089,104.6318,103.56,104.42,28363
2022-02-08 11:30:00,104.39,104.7983,104.39,104.625,14348
2022-02-08 12:30:00,104.61,104.7597,104.51,104.6222,13514
2022-02-08 13:30:00,104.6,104.85,104.52,104.53,28050
2022-02-08 14:30:00,104.5,104.89,104.3132,104.63,27241
2022-02-08 15:30:00,104.7,105.22,104.6698,104.97,31383
2022-02-09 09:30:00,105.57,106.41,105.565,106.37,46092
2022-02-09 10:30:00,106.4314,106.52,105.81,106.04,31051
2022-02-09 11:30:00,106.04,106.24,105.83,105.97,35382
2022-02-09 12:30:00,105.97,106.33,105.93,106.33,18143
2022-02-09 13:30:00,106.38,106.49,106.3301,106.448,11366
2022-02-09 14:30:00,106.445,106.48,106.14,106.24,23198
2022-02-09 15:30:00,106.2562,106.47,106.11,106.31,22064
2022-02-10 09:30:00,105.0,107.5499,104.86,107.37,37242
2022-02-10 10:30:00,107.3103,107.65,106.961,107.04,28921
2022-02-10 11:30:00,107.0299,107.4003,106.89,107.39,20268
2022-02-10 12:30:00,107.45,107.45,106.33,106.33,14128
2022-02-10 13:30:00,106.33,106.42,105.56,105.9155,14786
2022-02-10 14:30:00,105.914,106.2309,105.6,105.8,18665
2022-02-10 15:30:00,105.6801,105.7,105.04,105.55,57641
2022-04-14 09:30:00,111.75,112.77,111.75,112.1996,194195
2022-04-14 10:30:00,112.245,112.35,112.0,112.22,61081
2022-04-14 11:30:00,112.27,112.27,111.878,112.1386,42650
2022-04-14 12:30:00,112.14,112.25,111.62,112.1383,48472
2022-04-14 13:30:00,112.13,112.58,112.13,112.375,62772
2022-04-14 14:30:00,112.3996,112.41,111.9151,112.12,76703
2022-04-14 15:30:00,112.1196,112.2,111.84,111.93,73414
2022-04-18 09:30:00,112.08,112.67,111.21,111.3486,144013
2022-04-18 10:30:00,111.37,111.9691,111.2762,111.42,94778
2022-04-18 11:30:00,111.4197,111.4892,111.1532,111.4081,50553
2022-04-18 12:30:00,111.38,111.92,111.23,111.89,77612
2022-04-18 13:30:00,111.8999,112.29,111.86,112.1369,41909
2022-04-18 14:30:00,112.17,112.27,111.52,111.57,47679
2022-04-18 15:30:00,111.56,111.68,111.25,111.67,73322
2022-04-19 09:30:00,111.46,113.39,111.3301,112.919,202079
2022-04-19 10:30:00,112.94,113.0,112.5797,112.67,48118
2022-04-19 11:30:00,112.66,113.13,112.51,113.1003,40065
2022-04-19 12:30:00,113.135,113.1568,112.7797,112.78,53829
2022-04-19 13:30:00,112.75,112.95,112.6,112.65,48594
2022-04-19 14:30:00,112.645,112.78,111.68,112.6799,45281
2022-04-19 15:30:00,112.66,112.82,112.4,112.65,73516
2022-04-20 09:30:00,113.23,113.55,112.06,112.42,145155
2022-04-20 10:30:00,112.41,113.0565,112.379,112.8392,47862
2022-04-20 11:30:00,112.82,113.007,112.71,112.9,44868
2022-04-20 12:30:00,112.8873,113.21,112.82,112.858,73811
2022-04-20 13:30:00,112.84,113.2081,112.7,112.7,32049
2022-04-20 14:30:00,112.69,112.81,112.28,112.67,70083
2022-04-20 15:30:00,112.68,112.98,112.5,112.55,52797
2022-04-21 09:30:00,113.5,113.65,112.37,112.4301,88023
2022-04-21 10:30:00,112.47,112.48,111.82,111.92,70092
2022-04-21 11:30:00,111.9,112.58,111.03,111.045,97263
2022-04-21 12:30:00,111.0397,111.09,110.265,110.519,101264
2022-04-21 13:30:00,110.46,110.59,109.89,109.9346,90992
2022-04-21 14:30:00,109.9317,110.3368,109.3801,109.64,97051
2022-04-21 15:30:00,109.63,109.6484,108.93,109.27,191753
2022-04-22 09:30:00,109.17,110.2142,108.86,109.3,95868
2022-04-22 10:30:00,109.3,109.69,108.9,109.3481,94664
2022-04-22 11:30:00,109.32,109.38,108.8,109.25,74094
2022-04-22 12:30:00,109.2397,109.5845,108.8201,108.94,54888
2022-04-22 13:30:00,108.91,108.93,108.51,108.6601,92752
2022-04-22 14:30:00,108.66,108.84,108.17,108.66,86446
2022-04-22 15:30:00,108.68,109.13,108.16,108.3,107684
2022-04-25 09:30:00,107.8,107.96,105.8774,106.42,232002
2022-04-25 10:30:00,106.4,106.73,105.5601,105.83,98482
2022-04-25 11:30:00,105.8707,106.2,105.3003,106.01,83398
2022-04-25 12:30:00,106.01,106.5295,105.87,106.19,169238
2022-04-25 13:30:00,106.1931,107.06,106.0101,107.03,118369
2022-04-25 14:30:00,107.035,107.37,106.68,107.271,94595
2022-04-25 15:30:00,107.28,107.81,107.22,107.67,127943
2022-04-26 09:30:00,107.19,107.9483,106.56,107.0767,121058
2022-04-26 10:30:00,107.13,107.73,106.77,107.7099,83614
2022-04-26 11:30:00,107.7,107.705,106.9327,107.445,33431
2022-04-26 12:30:00,107.42,107.47,106.69,106.69,38186
2022-04-26 13:30:00,106.6809,107.265,106.59,107.25,81994
2022-04-26 14:30:00,107.237,107.24,106.34,106.4899,65296
2022-04-26 15:30:00,106.46,106.5303,105.96,106.14,107531
2022-04-27 09:30:00,105.91,106.09,104.42,104.425,194281
2022-04-27 10:30:00,104.4,105.97,104.2644,105.7701,393986
2022-04-27 11:30:00,105.83,106.46,105.78,106.4379,192983
2022-04-27 12:30:00,106.44,106.49,105.435,105.82,93614
2022-04-27 13:30:00,105.83,106.02,105.61,105.809,68334
2022-04-27 14:30:00,105.7601,106.0672,105.05,105.4197,147275
2022-04-27 15:30:00,105.37,105.6244,105.06,105.34,75206
2022-04-28 09:30:00,106.25,106.27,104.42,104.5086,127858
2022-04-28 10:30:00,104.4655,104.54,104.14,104.41,63868
2022-04-28 11:30:00,104.42,104.8403,104.11,104.839,38365
2022-04-28 12:30:00,104.9085,106.05,104.87,105.9584,64711
2022-04-28 13:30:00,105.97,106.2,105.74,106.1224,69818
2022-04-28 14:30:00,106.15,106.51,106.04,106.19,77150
2022-04-28 15:30:00,106.19,106.22,105.63,105.89,57339
2022-04-29 09:30:00,105.98,106.5,104.83,104.9451,103170
2022-04-29 10:30:00,104.86,105.2984,104.74,105.24,31680
2022-04-29 11:30:00,105.2,105.41,104.58,104.6617,34267
2022-04-29 12:30:00,104.63,104.65,104.04,104.4112,26511
2022-04-29 13:30:00,104.43,104.65,103.91,104.035,60504
2022-04-29 14:30:00,104.0301,104.15,103.06,103.225,91505
2022-04-29 15:30:00,103.1847,104.14,102.6,102.96,128644
2022-05-02 09:30:00,102.72,103.82,102.36,103.73,166211
2022-05-02 10:30:00,103.73,103.93,102.5,102.58,58464
2022-05-02 11:30:00,102.63,103.05,102.3821,102.8183,158455
2022-05-02 12:30:00,102.8422,102.95,102.0918,102.1699,96944
2022-05-02 13:30:00,102.15,102.28,101.195,101.5199,84103
2022-05-02 14:30:00,101.48,102.43,100.97,102.38,72141
2022-05-02 15:30:00,102.45,102.89,102.322,102.83,139483
2022-05-03 09:30:00,103.18,103.78,102.67,103.52,101285
2022-05-03 10:30:00,103.615,104.35,103.0553,104.33,51494
2022-05-03 11:30:00,104.34,104.55,102.91,103.9896,57778
2022-05-03 12:30:00,103.96,104.3996,103.82,104.0682,40281
2022-05-03 13:30:00,104.08,104.43,103.51,103.56,56741
2022-05-03 14:30:00,103.61,104.27,103.43,103.9423,132689
2022-05-03 15:30:00,103.91,104.07,103.512,103.71,57851
2022-05-04 09:30:00,104.19,104.51,103.54,104.031,110963
2022-05-04 10:30:00,103.98,104.25,103.8112,103.85,35890
2022-05-04 11:30:00,103.8373,104.37,103.62,104.25,38462
2022-05-04 12:30:00,104.2401,104.4593,103.91,104.0597,45904
2022-05-04 13:30:00,104.03,104.63,103.8079,104.544,132507
2022-05-04 14:30:00,104.57,106.03,103.64,106.03,196348
2022-05-04 15:30:00,106.04,106.6666,106.005,106.47,78478
2022-05-05 09:30:00,106.11,106.2715,104.26,104.6,64939
2022-05-05 10:30:00,104.54,104.765,103.635,103.9,49649
2022-05-05 11:30:00,103.875,104.37,103.27,104.045,64033
2022-05-05 12:30:00,103.96,104.65,103.75,104.2,122281
2022-05-05 13:30:00,104.17,104.6193,103.78,103.78,129230
2022-05-05 14:30:00,103.77,104.22,103.2356,103.33,86033
2022-05-05 15:30:00,103.22,104.02,103.1494,103.92,72374
2022-05-06 09:30:00,103.51,103.6899,101.9,102.31,119460
2022-05-06 10:30:00,102.31,103.3493,101.712,103.08,52561
2022-05-06 11:30:00,103.14,103.14,102.2704,102.82,54180
2022-05-06 12:30:00,102.8221,103.38,102.625,102.92,36564
2022-05-06 13:30:00,102.93,103.165,102.34,102.3427,58681
2022-05-06 14:30:00,102.34,102.8,102.09,102.36,69123
2022-05-06 15:30:00,102.33,103.3563,102.33,103.25,64772
2022-05-09 09:30:00,102.2,102.4799,100.8709,100.9,121654
2022-05-09 10:30:00,100.86,100.92,99.5,99.58,91645
2022-05-09 11:30:00,99.59,100.45,99.39,100.19,69305
2022-05-09 12:30:00,100.1686,100.33,98.95,99.4201,1801560
2022-05-09 13:30:00,99.47,99.66,99.06,99.1972,50940
2022-05-09 14:30:00,99.1865,103.2,98.83,98.982,77522
2022-05-09 15:30:00,98.97,98.9899,98.11,98.54,120808
2022-05-10 09:30:00,99.7,100.5144,99.33,100.0773,219185
2022-05-10 10:30:00,100.07,100.085,98.18,98.6,206351
2022-05-10 11:30:00,98.64,99.25,98.2333,98.305,59470
2022-05-10 12:30:00,98.42,98.97,97.94,98.97,59936
2022-05-10 13:30:00,99.0,100.08,98.75,99.38,85783
2022-05-10 14:30:00,99.44,99.68,98.62,98.9,118530
2022-05-10 15:30:00,98.91,98.91,98.57,98.79,139667
2022-05-11 09:30:00,98.89,100.71,98.5,100.5,110437
2022-05-11 10:30:00,100.45,100.83,99.86,100.42,69209
2022-05-11 11:30:00,100.37,100.74,99.2207,99.26,49335
2022-05-11 12:30:00,99.2,99.43,98.06,98.1,80117
2022-05-11 13:30:00,98.08,98.69,97.65,98.41,101286
2022-05-11 14:30:00,98.42,99.0026,98.32,98.58,91738
2022-05-11 15:30:00,98.62,98.71,97.59,97.72,72440
2022-05-12 09:30:00,97.52,97.98,96.27,97.4001,133174
2022-05-12 10:30:00,97.45,98.43,97.17,97.705,75249
2022-05-12 11:30:00,97.732,97.8034,96.42,97.203,83948
2022-05-12 12:30:00,97.1897,97.57,96.64,96.72,49755
2022-05-12 13:30:00,96.75,96.8595,95.83,96.02,87391
2022-05-12 14:30:00,96.0284,96.5,95.33,96.12,74023
2022-05-12 15:30:00,96.12,97.1,96.09,97.08,100779
2022-07-14 09:30:00,95.53,96.02,95.26,95.6293,52288
2022-07-14 10:30:00,95.6109,95.64,95.265,95.58,44749
2022-07-14 11:30:00,95.59,96.05,95.27,95.2701,30405
2022-07-14 12:30:00,95.2755,95.37,94.89,95.17,32506
2022-07-14 13:30:00,95.1679,96.11,94.9,96.07,92093
2022-07-14 14:30:00,96.07,96.21,95.85,96.13,35634
2022-07-14 15:30:00,96.12,96.17,95.8797,96.08,45081
2022-07-15 09:30:00,97.0,97.545,96.12,96.99,73301
2022-07-15 10:30:00,96.9404,97.05,96.68,96.9253,25512
2022-07-15 11:30:00,97.0,97.21,96.8901,96.9497,20307
2022-07-15 12:30:00,96.94,97.03,96.75,96.97,52847
2022-07-15 13:30:00,96.9799,96.9799,96.68,96.9,49027
2022-07-15 14:30:00,96.9,97.08,96.8708,96.955,57977
2022-07-15 15:30:00,96.955,98.08,96.7,96.93,49465
2022-07-18 09:30:00,98.13,98.54,97.4338,97.526,55971
2022-07-18 10:30:00,97.55,97.82,97.49,97.65,25846
2022-07-18 11:30:00,97.65,97.66,97.24,97.2597,31196
2022-07-18 12:30:00,97.27,97.33,96.8247,97.32,28810
2022-07-18 13:30:00,97.3002,97.3002,96.5,96.545,38310
2022-07-18 14:30:00,96.53,96.63,96.12,96.27,33101
2022-07-18 15:30:00,96.26,96.26,95.49,95.75,52455
2022-07-19 09:30:00,95.83,98.35,95.64,98.29,108037
2022-07-19 10:30:00,98.28,98.46,98.0501,98.41,28945
2022-07-19 11:30:00,98.46,98.62,97.8637,98.19,23715
2022-07-19 12:30:00,98.19,98.7399,98.19,98.33,77156
2022-07-19 13:30:00,98.32,98.82,98.31,98.54,32047
2022-07-19 14:30:00,98.555,99.04,98.445,99.025,24925
2022-07-19 15:30:00,99.03,99.3499,98.85,99.23,40889
2022-07-20 09:30:00,99.02,99.88,98.725,99.6901,51754
2022-07-20 10:30:00,99.72,100.23,99.6,99.7784,50584
2022-07-20 11:30:00,99.81,100.4,99.195,100.25,20500
2022-07-20 12:30:00,100.24,100.39,99.87,100.29,78864
2022-07-20 13:30:00,100.32,100.4,99.195,100.2088,28762
2022-07-20 14:30:00,100.16,100.7686,100.12,100.7686,33401
2022-07-20 15:30:00,100.755,100.77,100.39,100.46,22234
2022-07-21 09:30:00,100.41,100.41,99.31,99.42,73098
2022-07-21 10:30:00,99.5,100.29,99.47,100.13,22288
2022-07-21 11:30:00,100.19,100.43,100.12,100.4,18554
2022-07-21 12:30:00,100.405,100.62,100.3,100.4301,25257
2022-07-21 13:30:00,100.43,100.47,100.085,100.41,15001
2022-07-21 14:30:00,100.39,100.5,100.0573,100.325,21863
2022-07-21 15:30:00,100.31,100.82,100.27,100.8,27695
2022-07-22 09:30:00,101.06,101.45,100.53,101.25,44974
2022-07-22 10:30:00,101.305,101.305,100.88,100.88,17903
2022-07-22 11:30:00,100.9,101.0416,100.635,100.7675,34561
2022-07-22 12:30:00,100.7354,100.89,100.25,100.35,26159
2022-07-22 13:30:00,100.3,100.3,99.76,99.95,41121
2022-07-22 14:30:00,99.9397,100.05,99.79,99.96,56802
2022-07-22 15:30:00,99.9659,100.01,99.62,99.97,50817
2022-07-25 09:30:00,100.21,100.6,99.45,100.44,74809
2022-07-25 10:30:00,100.4465,100.9592,100.3407,100.885,33978
2022-07-25 11:30:00,100.89,101.12,100.52,100.66,28197
2022-07-25 12:30:00,100.66,100.8797,99.99,100.62,25025
2022-07-25 13:30:00,100.61,100.66,100.11,100.305,282481
2022-07-25 14:30:00,100.3,100.33,99.94,100.09,71626
2022-07-25 15:30:00,100.09,100.5,100.06,100.39,43746
2022-07-26 09:30:00,99.8,100.1,98.93,99.72,65368
2022-07-26 10:30:00,99.75,100.06,99.46,99.49,21940
2022-07-26 11:30:00,99.48,99.63,99.25,99.62,27261
2022-07-26 12:30:00,99.615,99.86,99.5,99.79,25438
2022-07-26 13:30:00,99.7889,99.79,99.15,99.17,86231
2022-07-26 14:30:00,99.16,99.19,98.72,99.07,46200
2022-07-26 15:30:00,99.05,99.1497,98.85,98.85,57220
2022-07-27 09:30:00,99.63,99.8896,98.93,99.39,59308
2022-07-27 10:30:00,99.36,99.5629,98.99,99.2201,24505
2022-07-27 11:30:00,99.315,99.43,98.955,98.97,25179
2022-07-27 12:30:00,98.965,99.04,98.62,98.7301,19857
2022-07-27 13:30:00,98.745,98.9944,98.58,98.8,22574
2022-07-27 14:30:00,98.77,100.09,98.625,100.09,73764
2022-07-27 15:30:00,100.12,100.16,99.61,99.61,45259
2022-07-28 09:30:00,99.68,100.7335,99.19,99.77,123674
2022-07-28 10:30:00,99.77,101.07,99.73,101.06,91235
2022-07-28 11:30:00,101.01,101.09,100.47,100.8,68851
2022-07-28 12:30:00,100.82,101.075,100.64,100.98,64949
2022-07-28 13:30:00,101.03,101.6299,100.99,101.54,75895
2022-07-28 14:30:00,101.54,101.7099,101.25,101.68,84186
2022-07-28 15:30:00,101.68,101.8622,101.5,101.75,59329
2022-07-29 09:30:00,101.95,102.85,101.42,102.7305,108319
2022-07-29 10:30:00,102.7499,102.97,102.43,102.6967,27293
2022-07-29 11:30:00,102.75,102.96,102.47,102.62,27364
2022-07-29 12:30:00,102.59,103.02,102.53,102.94,29025
2022-07-29 13:30:00,102.94,103.42,101.75,103.38,266023
2022-07-29 14:30:00,103.4097,103.83,103.348,103.83,28238
2022-07-29 15:30:00,103.82,103.89,103.66,103.76,59754
2022-08-01 09:30:00,104.16,105.0599,103.8,104.21,165590
2022-08-01 10:30:00,104.2443,104.65,103.8601,104.625,36470
2022-08-01 11:30:00,104.5699,104.63,104.3106,104.58,19484
2022-08-01 12:30:00,104.56,104.82,104.47,104.48,39156
2022-08-01 13:30:00,104.49,104.73,103.8,104.73,82906
2022-08-01 14:30:00,104.7096,105.03,104.64,104.7,37665
2022-08-01 15:30:00,104.68,104.86,104.5157,104.57,62117
2022-08-02 09:30:00,104.59,104.7685,103.58,104.63,63750
2022-08-02 10:30:00,104.67,105.2,104.56,104.98,45788
2022-08-02 11:30:00,104.99,105.6,104.85,105.595,36831
2022-08-02 12:30:00,105.6,105.82,105.42,105.46,42520
2022-08-02 13:30:00,105.45,105.72,105.1285,105.7,50107
2022-08-02 14:30:00,105.7,105.72,104.96,105.17,105110
2022-08-02 15:30:00,105.16,105.3,104.53,104.61,105763
2022-08-03 09:30:00,104.86,105.1286,103.07,103.6899,83346
2022-08-03 10:30:00,103.66,104.12,103.42,103.9398,31519
2022-08-03 11:30:00,103.91,104.5999,103.9,104.52,19864
2022-08-03 12:30:00,104.5008,104.8,104.3909,104.8,33502
2022-08-03 13:30:00,104.81,105.2,104.72,105.14,46444
2022-08-03 14:30:00,105.1401,105.435,105.0173,105.41,68827
2022-08-03 15:30:00,105.41,105.5184,105.08,105.14,70773
2022-08-04 09:30:00,105.23,105.4368,104.3533,105.344,59524
2022-08-04 10:30:00,105.35,105.6295,105.01,105.13,47251
2022-08-04 11:30:00,105.14,105.2993,104.88,105.08,27271
2022-08-04 12:30:00,105.05,105.15,104.87,105.1,43565
2022-08-04 13:30:00,105.06,105.21,105.05,105.09,27385
2022-08-04 14:30:00,105.12,105.14,104.69,104.79,35737
2022-08-04 15:30:00,104.78,104.78,104.28,104.37,46122
2022-08-05 09:30:00,103.71,104.215,103.34,103.7799,48233
2022-08-05 10:30:00,103.81,103.82,103.03,103.03,31933
2022-08-05 11:30:00,103.07,103.6,102.97,103.47,41809
2022-08-05 12:30:00,103.42,103.9881,103.4,103.91,25633
2022-08-05 13:30:00,103.88,104.09,103.78,103.84,27997
2022-08-05 14:30:00,103.8,103.97,103.77,103.96,30338
2022-08-05 15:30:00,103.94,104.28,103.915,104.23,70667
2022-08-08 09:30:00,104.645,105.27,104.5489,104.735,66228
2022-08-08 10:30:00,104.76,104.82,104.19,104.2077,30425
2022-08-08 11:30:00,104.2,104.2359,103.32,103.46,72239
2022-08-08 12:30:00,103.4499,103.74,103.27,103.57,79729
2022-08-08 13:30:00,103.57,104.3,103.57,103.84,43351
2022-08-08 14:30:00,103.8489,103.9504,103.59,103.735,24001
2022-08-08 15:30:00,103.68,103.86,103.61,103.7,34334
2022-08-09 09:30:00,103.87,104.329,103.51,104.08,73181
2022-08-09 10:30:00,104.08,104.1744,103.54,104.0504,22766
2022-08-09 11:30:00,104.04,104.0895,103.85,103.8897,15056
2022-08-09 12:30:00,103.8891,104.09,103.79,103.82,13620
2022-08-09 13:30:00,103.85,104.0587,103.745,103.824,17159
2022-08-09 14:30:00,103.8099,103.85,103.56,103.77,76586
2022-08-09 15:30:00,103.75,103.98,103.67,103.98,35363
2022-08-10 09:30:00,105.3,105.84,104.92,105.6295,50457
2022-08-10 10:30:00,105.6488,106.21,105.62,106.0718,26876
2022-08-10 11:30:00,106.09,106.1795,105.7755,105.899,25942
2022-08-10 12:30:00,105.9002,106.25,105.89,106.1,33519
2022-08-10 13:30:00,106.1139,106.27,105.99,105.99,28361
2022-08-10 14:30:00,106.02,106.07,105.85,105.88,37197
2022-08-10 15:30:00,105.89,106.0,105.82,105.89,40716
2022-08-11 09:30:00,106.45,106.71,105.14,106.6195,59341
2022-08-11 10:30:00,106.63,106.97,106.29,106.4,41932
2022-08-11 11:30:00,106.4,106.49,105.89,106.12,27009
2022-08-11 12:30:00,106.11,106.2,106.0202,106.18,73783
2022-08-11 13:30:00,106.17,106.19,105.76,105.92,41917
2022-08-11 14:30:00,105.9299,105.9299,105.33,105.49,48003
2022-08-11 15:30:00,105.49,105.77,105.39,105.65,49632
2022-10-13 09:30:00,92.11,93.78,92.11,92.78,90904
2022-10-13 10:30:00,92.72,95.47,92.695,94.8,88477
2022-10-13 11:30:00,94.85,95.65,94.37,94.48,107822
2022-10-13 12:30:00,94.4624,95.6,93.04,95.49,74325
2022-10-13 13:30:00,95.52,95.71,95.2901,95.36,43589
2022-10-13 14:30:00,95.44,96.12,95.4259,95.69,52645
2022-10-13 15:30:00,95.69,96.07,95.53,95.71,111308
2022-10-14 09:30:00,96.34,96.37,93.4,93.7572,115226
2022-10-14 10:30:00,93.67,94.01,93.2,93.5994,125853
2022-10-14 11:30:00,93.57,93.79,92.81,93.2,45438
2022-10-14 12:30:00,93.23,93.65,93.01,93.31,35904
2022-10-14 13:30:00,93.3,93.53,92.99,93.17,33288
2022-10-14 14:30:00,93.16,93.39,92.8,93.36,62548
2022-10-14 15:30:00,93.35,93.52,92.89,93.07,52062
2022-10-17 09:30:00,94.54,96.14,94.53,95.73,82715
2022-10-17 10:30:00,95.725,95.84,95.1,95.595,45101
2022-10-17 11:30:00,95.58,95.69,95.37,95.47,29587
2022-10-17 12:30:00,95.49,95.55,95.18,95.47,34592
2022-10-17 13:30:00,95.47,95.81,95.34,95.4389,33835
2022-10-17 14:30:00,95.421,95.68,95.36,95.63,89589
2022-10-17 15:30:00,95.615,95.75,95.45,95.51,169673
2022-10-18 09:30:00,96.98,98.23,96.9,97.4,126504
2022-10-18 10:30:00,97.43,98.14,97.32,97.89,61531
2022-10-18 11:30:00,97.905,98.92,97.58,98.8237,56862
2022-10-18 12:30:00,98.83,99.69,98.83,99.5288,50309
2022-10-18 13:30:00,99.53,99.9392,99.26,99.54,37622
2022-10-18 14:30:00,99.53,99.5629,98.73,99.0,37112
2022-10-18 15:30:00,99.01,99.405,98.96,99.33,56243
2022-10-19 09:30:00,98.74,100.85,98.74,100.5199,126105
2022-10-19 10:30:00,100.52,100.76,99.77,99.86,75853
2022-10-19 11:30:00,99.84,100.06,99.4171,99.5,66803
2022-10-19 12:30:00,99.47,99.74,99.0,99.25,69625
2022-10-19 13:30:00,99.23,99.58,99.02,99.47,82788
2022-10-19 14:30:00,99.495,99.77,99.22,99.52,89533
2022-10-19 15:30:00,99.54,99.88,99.46,99.86,120201
2022-10-20 09:30:00,99.88,100.77,99.54,100.675,112279
2022-10-20 10:30:00,100.65,100.65,100.18,100.315,38170
2022-10-20 11:30:00,100.32,100.67,99.9301,100.02,31374
2022-10-20 12:30:00,99.99,100.04,99.39,99.68,54133
2022-10-20 13:30:00,99.66,99.87,99.3,99.35,72911
2022-10-20 14:30:00,99.34,99.85,99.3181,99.605,71078
2022-10-20 15:30:00,99.58,99.95,99.44,99.66,43428
2022-10-21 09:30:00,99.53,100.63,99.13,100.02,58894
2022-10-21 10:30:00,100.0765,100.27,99.58,100.07,45822
2022-10-21 11:30:00,100.13,101.2698,100.13,101.0,57304
2022-10-21 12:30:00,100.96,101.6781,100.9,101.37,35784
2022-10-21 13:30:00,101.37,101.69,101.36,101.4719,40570
2022-10-21 14:30:00,101.513,101.99,101.42,101.99,35288
2022-10-21 15:30:00,102.0,102.07,101.82,101.92,46019
2022-10-24 09:30:00,102.97,103.35,102.44,102.93,104832
2022-10-24 10:30:00,102.89,103.34,102.55,103.04,59571
2022-10-24 11:30:00,103.02,103.68,102.97,103.365,161830
2022-10-24 12:30:00,103.365,103.43,102.8,102.93,77618
2022-10-24 13:30:00,102.92,103.08,102.82,102.95,82650
2022-10-24 14:30:00,102.96,103.27,102.9,103.19,82278
2022-10-24 15:30:00,103.16,103.23,102.9,103.14,211995
2022-10-25 09:30:00,102.91,103.465,101.64,103.01,165183
2022-10-25 10:30:00,103.0307,103.47,102.84,103.18,56383
2022-10-25 11:30:00,103.19,103.58,103.16,103.29,58942
2022-10-25 12:30:00,103.295,103.5,102.93,103.0,55022
2022-10-25 13:30:00,103.025,103.5179,102.94,103.38,33214
2022-10-25 14:30:00,103.3696,103.61,103.09,103.59,44808
2022-10-25 15:30:00,103.61,103.73,103.46,103.59,63600
2022-10-26 09:30:00,103.75,105.17,102.93,105.11,165919
2022-10-26 10:30:00,105.0847,105.61,104.58,105.35,69504
2022-10-26 11:30:00,105.4056,105.4056,104.702,104.84,41126
2022-10-26 12:30:00,104.84,105.02,104.02,104.035,61382
2022-10-26 13:30:00,104.04,104.04,103.13,103.1435,33664
2022-10-26 14:30:00,103.14,103.27,102.88,103.16,40769
2022-10-26 15:30:00,103.15,103.615,103.04,103.16,101872
2022-10-27 09:30:00,104.01,105.84,103.6301,105.64,143973
2022-10-27 10:30:00,105.7099,105.79,104.97,105.27,131408
2022-10-27 11:30:00,105.265,105.3782,104.485,104.4899,71003
2022-10-27 12:30:00,104.45,105.37,104.45,105.2094,90394
2022-10-27 13:30:00,105.175,105.3599,105.05,105.2544,38559
2022-10-27 14:30:00,105.2416,105.29,104.85,104.96,75517
2022-10-27 15:30:00,104.98,105.149,104.71,104.81,112064
2022-10-28 09:30:00,104.92,106.33,104.58,106.05,130951
2022-10-28 10:30:00,106.04,106.97,106.0052,106.86,111308
2022-10-28 11:30:00,106.845,107.64,106.69,107.51,127390
2022-10-28 12:30:00,107.571715,107.61,107.285,107.46,73638
2022-10-28 13:30:00,107.47,107.6484,104.7943,107.4376,59932
2022-10-28 14:30:00,107.44,107.65,107.37,107.48,73655
2022-10-28 15:30:00,107.47,107.64,107.3,107.55,249083
2022-10-31 09:30:00,106.53,107.3383,106.21,106.9938,95331
2022-10-31 10:30:00,106.98,107.32,106.72,107.1938,55490
2022-10-31 11:30:00,107.22,107.64,107.1,107.12,102806
2022-10-31 12:30:00,107.1,107.43,106.96,107.43,106856
2022-10-31 13:30:00,107.42,107.56,107.25,107.28,51142
2022-10-31 14:30:00,107.25,107.53,107.0,107.3,78143
2022-10-31 15:30:00,107.29,107.55,107.19,107.23,54860
2022-11-01 09:30:00,107.86,108.12,107.4,107.685,102868
2022-11-01 10:30:00,107.6899,107.8687,107.06,107.45,78987
2022-11-01 11:30:00,107.45,107.96,107.052,107.61,31547
2022-11-01 12:30:00,107.6,107.88,107.5,107.63,65788
2022-11-01 13:30:00,107.64,107.73,107.4449,107.53,48984
2022-11-01 14:30:00,107.53,107.73,107.3,107.4367,68205
2022-11-01 15:30:00,107.45,107.67,107.38,107.38,42629
2022-11-02 09:30:00,107.21,107.32,106.77,107.09,57476
2022-11-02 10:30:00,107.09,107.97,107.08,107.81,35780
2022-11-02 11:30:00,107.8273,108.08,107.2601,107.29,18384
2022-11-02 12:30:00,107.34,107.56,107.08,107.3702,14878
2022-11-02 13:30:00,107.39,108.7,107.35,108.55,69670
2022-11-02 14:30:00,108.64,108.77,106.0918,106.27,138436
2022-11-02 15:30:00,106.2324,106.39,105.83,105.9,88955
2022-11-03 09:30:00,105.23,106.1395,104.76,106.07,94878
2022-11-03 10:30:00,105.98,106.6889,105.73,106.53,30784
2022-11-03 11:30:00,106.5306,107.0881,106.31,107.01,26313
2022-11-03 12:30:00,106.99,107.3196,106.75,107.04,33451
2022-11-03 13:30:00,107.0263,107.43,106.8588,107.41,34128
2022-11-03 14:30:00,107.4,107.525,107.18,107.4381,47521
2022-11-03 15:30:00,107.44,107.4685,106.42,106.55,58642
2022-11-04 09:30:00,107.17,107.698,106.29,107.6399,112362
2022-11-04 10:30:00,107.61,107.6999,106.13,106.14,50086
2022-11-04 11:30:00,106.1421,106.36,104.97,105.54,55071
2022-11-04 12:30:00,105.4803,107.34,105.038,105.6744,29135
2022-11-04 13:30:00,105.66,106.36,105.62,106.35,41991
2022-11-04 14:30:00,106.35,106.9,106.2514,106.685,52634
2022-11-04 15:30:00,106.66,107.24,106.57,107.18,87750
2022-11-07 09:30:00,107.69,108.57,107.2,108.09,82059
2022-11-07 10:30:00,108.1226,108.35,107.962,108.225,78438
2022-11-07 11:30:00,108.3041,108.44,107.76,108.077,45127
2022-11-07 12:30:00,108.08,108.3,108.0128,108.19,23077
2022-11-07 13:30:00,108.2,108.6,108.01,108.5957,37204
2022-11-07 14:30:00,108.6,108.87,108.535,108.756368,70540
2022-11-07 15:30:00,108.72,108.79,108.54,108.73,68487
2022-11-08 09:30:00,108.9,109.17,108.32,109.01,98333
2022-11-08 10:30:00,109.004,109.53,108.86,109.29,89190
2022-11-08 11:30:00,109.33,109.61,109.33,109.6,55132
2022-11-08 12:30:00,109.61,109.73,108.92,108.955,105172
2022-11-08 13:30:00,108.9,109.44,108.29,108.3,100444
2022-11-08 14:30:00,108.305,109.67,108.24,109.67,190264
2022-11-08 15:30:00,109.67,109.97,109.55,109.64,133532
2022-11-09 09:30:00,109.26,110.27,109.17,109.96,129935
2022-11-09 10:30:00,109.98,110.08,109.1912,109.715,87428
2022-11-09 11:30:00,109.69,110.02,109.5,109.535,46005
2022-11-09 12:30:00,109.5,109.79,109.46,109.6119,46589
2022-11-09 13:30:00,109.62,109.62,109.09,109.34,82465
2022-11-09 14:30:00,109.33,109.3887,109.03,109.11,79423
2022-11-09 15:30:00,109.11,109.21,108.74,108.87,89487
2022-11-10 09:30:00,111.27,111.76,110.5,111.45,143279
2022-11-10 10:30:00,111.52,112.25,111.16,112.18,216818
2022-11-10 11:30:00,112.2,112.32,111.28,111.3135,113569
2022-11-10 12:30:00,111.28,111.5709,110.7169,111.42,107141
2022-11-10 13:30:00,111.43,112.12,111.24,112.04,112314
2022-11-10 14:30:00,112.04,112.69,112.025,112.53,114970
2022-11-10 15:30:00,112.5297,112.7,112.33,112.53,131506
2022-11-29 09:30:00,109.78,110.62,109.515,110.6011,40206
2022-11-29 10:30:00,110.609,110.6786,109.79,109.855,33544
2022-11-29 11:30:00,109.84,110.05,109.84,109.915,31365
2022-11-29 12:30:00,109.91,110.19,109.9,109.97,12676
2022-11-29 13:30:00,109.96,110.32,109.92,110.1,34290
2022-11-29 14:30:00,110.07,110.1,109.87,110.06,41670
2022-11-29 15:30:00,110.0851,110.26,109.96,110.06,44497
2022-11-30 09:30:00,110.44,110.6088,109.57,109.65,40098
2022-11-30 10:30:00,109.6984,110.43,109.6414,109.88,34807
2022-11-30 11:30:00,109.88,110.15,109.24,109.28,31746
2022-11-30 12:30:00,109.2613,109.42,109.14,109.35,47852
2022-11-30 13:30:00,109.32,110.73,109.14,110.69,100636
2022-11-30 14:30:00,110.68,111.09,110.5801,111.04,73271
2022-11-30 15:30:00,111.02,111.86,111.02,111.84,117342
2022-12-01 09:30:00,112.0,112.375,111.15,111.27,127748
2022-12-01 10:30:00,111.3,111.73,111.08,111.7,40045
2022-12-01 11:30:00,111.71,111.98,111.55,111.91,66932
2022-12-01 12:30:00,111.89,112.27,111.77,111.7975,39614
2022-12-01 13:30:00,111.82,112.1251,111.7289,112.1,38281
2022-12-01 14:30:00,112.0896,112.41,111.98,112.01,43666
2022-12-01 15:30:00,112.0004,112.27,111.94,112.07,54234
2022-12-02 09:30:00,111.07,112.3654,108.81,112.2881,70215
2022-12-02 10:30:00,112.29,113.34,112.25,113.34,110274
2022-12-02 11:30:00,113.305,114.05,113.2641,113.9,60032
2022-12-02 12:30:00,113.94,114.16,113.465,113.52,30256
2022-12-02 13:30:00,113.5472,113.8384,113.48,113.81,55294
2022-12-02 14:30:00,113.79,114.29,113.77,113.99,61800
2022-12-02 15:30:00,114.0006,114.14,113.77,114.07,68996
2022-12-05 09:30:00,113.57,113.57,112.61,112.99,73676
2022-12-05 10:30:00,113.01,113.73,112.9422,113.4856,26147
2022-12-05 11:30:00,113.47,113.49,112.87,113.36,20783
2022-12-05 12:30:00,113.36,113.39,113.04,113.095,19752
2022-12-05 13:30:00,113.0572,113.21,112.72,112.7661,75910
2022-12-05 14:30:00,112.7796,113.08,112.65,112.8568,34663
2022-12-05 15:30:00,112.85,113.1367,112.82,112.87,51501
2022-12-06 09:30:00,113.3,113.58,112.14,112.14,76158
2022-12-06 10:30:00,112.13,112.18,111.6656,111.69,47072
2022-12-06 11:30:00,111.7099,112.62,111.22,111.29,67263
2022-12-06 12:30:00,111.26,111.3199,110.75,110.8299,38888
2022-12-06 13:30:00,110.79,110.9393,110.3,110.33,92188
2022-12-06 14:30:00,110.3342,110.77,110.1501,110.641,108149
2022-12-06 15:30:00,110.65,110.97,110.63,110.85,158503
2022-12-07 09:30:00,110.99,111.385,110.3907,111.385,94214
2022-12-07 10:30:00,111.44,111.5697,110.72,110.78,146224
2022-12-07 11:30:00,110.82,111.1197,110.7255,110.8987,86475
2022-12-07 12:30:00,110.9,111.3,110.86,111.19,44473
2022-12-07 13:30:00,111.15,111.2682,110.7,110.8208,83154
2022-12-07 14:30:00,110.83,110.94,110.26,110.54,130452
2022-12-07 15:30:00,110.57,110.68,110.47,110.5,68765
2022-12-08 09:30:00,111.48,112.4699,111.09,112.37,81210
2022-12-08 10:30:00,112.3799,112.3799,111.46,111.63,63525
2022-12-08 11:30:00,111.6096,111.72,111.4601,111.55,71246
2022-12-08 12:30:00,111.52,111.5976,111.245,111.415,25193
2022-12-08 13:30:00,111.46,111.53,110.87,110.9967,31311
2022-12-08 14:30:00,111.01,111.13,110.86,111.08,52870
2022-12-08 15:30:00,111.0735,111.15,110.7538,111.09,41433
2022-12-09 09:30:00,111.4,111.9113,110.86,111.245,62310
2022-12-09 10:30:00,111.2976,111.33,110.71,111.03,34160
2022-12-09 11:30:00,110.9995,111.0899,110.758,110.895,28289
2022-12-09 12:30:00,110.89,110.9562,110.52,110.59,23289
2022-12-09 13:30:00,110.57,110.75,110.3526,110.64,45622
2022-12-09 14:30:00,110.645,110.78,110.52,110.6099,70542
2022-12-09 15:30:00,110.58,110.6,110.11,110.12,54309
2022-12-12 09:30:00,110.44,110.83,110.4,110.7531,148330
2022-12-12 10:30:00,110.69,111.29,110.6303,111.21,66447
2022-12-12 11:30:00,111.2199,111.2199,110.7164,110.76,65360
2022-12-12 12:30:00,110.76,111.0799,110.6605,111.0,16293
2022-12-12 13:30:00,111.0106,111.1,110.9088,110.91,25120
2022-12-12 14:30:00,110.86,111.37,110.68,111.2901,56837
2022-12-12 15:30:00,111.32,111.705,111.3003,111.62,113098
2022-12-13 09:30:00,113.63,114.0,111.7932,111.985,115269
2022-12-13 10:30:00,111.99,112.32,111.65,111.815,43943
2022-12-13 11:30:00,111.83,112.14,111.08,111.323,32158
2022-12-13 12:30:00,111.25,111.82,110.9101,111.7234,33828
2022-12-13 13:30:00,111.75,111.84,111.3501,111.48,25167
2022-12-13 14:30:00,111.46,111.77,111.0622,111.34,27966
2022-12-13 15:30:00,111.34,111.68,111.19,111.33,55177
2022-12-14 09:30:00,111.54,111.86,111.1209,111.76,36089
2022-12-14 10:30:00,111.73,112.49,111.72,112.49,35979
2022-12-14 11:30:00,112.47,112.54,112.14,112.38,21812
2022-12-14 12:30:00,112.36,112.59,112.2928,112.37,59331
2022-12-14 13:30:00,112.37,112.6959,111.355,111.93,270127
2022-12-14 14:30:00,111.75,112.45,110.97,111.4042,108390
2022-12-14 15:30:00,111.34,111.93,111.1401,111.66,68293
2022-12-15 09:30:00,110.81,111.07,109.72,109.8483,80850
2022-12-15 10:30:00,109.83,110.03,109.03,109.0976,70347
2022-12-15 11:30:00,109.095,109.32,108.96,109.32,74800
2022-12-15 12:30:00,109.34,109.82,108.76,108.85,72357
2022-12-15 13:30:00,108.8591,109.0499,108.69,109.0499,75559
2022-12-15 14:30:00,109.02,109.69,109.02,109.598,79883
2022-12-15 15:30:00,109.595,109.72,109.2157,109.5,204819
2022-12-16 09:30:00,109.14,109.81,108.65,108.95,89769
2022-12-16 10:30:00,108.95,109.25,108.6,108.995,61147
2022-12-16 11:30:00,109.01,109.15,108.555,108.6986,47290
2022-12-16 12:30:00,108.69,109.77,108.5249,108.67,52854
2022-12-16 13:30:00,108.6615,109.39,108.66,109.055,98496
2022-12-16 14:30:00,109.0699,109.88,108.99,109.7896,49129
2022-12-16 15:30:00,109.82,110.32,109.82,109.99,80021
2023-01-19 09:30:00,109.23,109.7883,108.922,109.07,178595
2023-01-19 10:30:00,109.0785,109.1798,108.66,108.7899,70549
2023-01-19 11:30:00,108.77,109.195,108.716,108.96,125975
2023-01-19 12:30:00,108.94,109.19,108.69,109.1337,83112
2023-01-19 13:30:00,109.16,109.52,108.88,109.165,1675633
2023-01-19 14:30:00,109.165,109.25,108.91,108.955,207931
2023-01-19 15:30:00,108.965,108.98,108.4,108.43,216901
2023-01-20 09:30:00,108.96,108.98,108.02,108.659,153918
2023-01-20 10:30:00,108.62,108.73,108.34,108.66,83573
2023-01-20 11:30:00,108.695,108.85,108.55,108.8,131070
2023-01-20 12:30:00,108.81,108.92,108.66,108.8075,83167
2023-01-20 13:30:00,108.81,109.16,108.81,109.06,84877
2023-01-20 14:30:00,109.0301,109.4227,108.98,109.29,102936
2023-01-20 15:30:00,109.32,109.4586,109.135,109.38,172234
2023-01-23 09:30:00,109.77,110.29,109.5,110.259,147970
2023-01-23 10:30:00,110.25,110.7701,110.1736,110.51,110890
2023-01-23 11:30:00,110.53,110.75,110.36,110.535,100179
2023-01-23 12:30:00,110.54,110.91,110.52,110.75,115203
2023-01-23 13:30:00,110.756,111.03,110.3305,110.3501,95760
2023-01-23 14:30:00,110.36,110.53,110.135,110.3901,146624
2023-01-23 15:30:00,110.39,110.69,110.35,110.54,59151
2023-01-24 09:30:00,110.62,112.46,109.57,110.3301,246180
2023-01-24 10:30:00,110.36,111.54,110.23,111.5,61152
2023-01-24 11:30:00,111.5,111.6746,111.22,111.59,86580
2023-01-24 12:30:00,111.58,111.82,111.41,111.61,86991
2023-01-24 13:30:00,111.659,112.0229,111.63,111.845,66971
2023-01-24 14:30:00,111.845,112.22,111.83,112.22,89632
2023-01-24 15:30:00,112.201,112.28,111.6723,112.15,90977
2023-01-25 09:30:00,111.44,111.98,110.96,111.32,137808
2023-01-25 10:30:00,111.33,111.61,110.7,111.43,96693
2023-01-25 11:30:00,111.4302,111.9295,111.13,111.92,55927
2023-01-25 12:30:00,111.88,112.3746,111.8701,112.3599,71056
2023-01-25 13:30:00,112.38,112.81,112.24,112.56,100904
2023-01-25 14:30:00,112.53,112.8,112.4601,112.75,81670
2023-01-25 15:30:00,112.78,112.83,112.47,112.75,74132
2023-01-26 09:30:00,113.52,113.63,112.345,113.41,157125
2023-01-26 10:30:00,113.42,113.4296,112.74,113.33,144347
2023-01-26 11:30:00,113.3499,113.8,113.28,113.66,78350
2023-01-26 12:30:00,113.64,113.8,113.405,113.63,62728
2023-01-26 13:30:00,113.655,113.87,112.83,113.54,85704
2023-01-26 14:30:00,113.54,113.76,113.4987,113.52,127387
2023-01-26 15:30:00,113.51,113.67,113.18,113.66,490827
2023-01-27 09:30:00,113.53,114.61,113.2,114.095,158914
2023-01-27 10:30:00,114.1351,114.1351,113.43,113.857808,79560
2023-01-27 11:30:00,113.7971,114.03,113.61,113.9065,63295
2023-01-27 12:30:00,113.88,114.13,113.7424,113.82,89773
2023-01-27 13:30:00,113.83,113.97,113.63,113.845,58825
2023-01-27 14:30:00,113.865,114.2,113.86,113.9391,84133
2023-01-27 15:30:00,113.9407,114.14,113.74,113.8,69019
2023-01-30 09:30:00,113.71,114.4585,113.5,114.24,98453
2023-01-30 10:30:00,114.2301,114.25,113.45,113.49,104993
2023-01-30 11:30:00,113.4996,113.62,113.1899,113.4484,33457
2023-01-30 12:30:00,113.41,113.58,113.025,113.49,28320
2023-01-30 13:30:00,113.46,113.66,113.3207,113.438,58983
2023-01-30 14:30:00,113.43,113.47,113.04,113.1365,72424
2023-01-30 15:30:00,113.1159,113.36,113.05,113.2,85113
2023-01-31 09:30:00,113.44,113.51,112.88,113.195,103257
2023-01-31 10:30:00,113.2,113.51,113.08,113.262,57358
2023-01-31 11:30:00,113.2699,113.695,113.25,113.58,46538
2023-01-31 12:30:00,113.57,113.82,113.55,113.6505,27325
2023-01-31 13:30:00,113.6848,113.8876,113.6513,113.8394,38524
2023-01-31 14:30:00,113.84,114.23,113.75,114.06,85607
2023-01-31 15:30:00,114.0507,114.68,114.05,114.65,133923
2023-02-01 09:30:00,114.39,115.03,114.34,114.719,113548
2023-02-01 10:30:00,114.7443,114.875,114.2,114.4383,43982
2023-02-01 11:30:00,114.4334,114.5,113.76,113.92,42584
2023-02-01 12:30:00,113.9501,114.11,113.87,114.015,94135
2023-02-01 13:30:00,114.03,114.32,113.8,114.19,54681
2023-02-01 14:30:00,114.195,115.34,113.71,115.1,203088
2023-02-01 15:30:00,115.11,115.58,114.605,114.82,128529
2023-02-02 09:30:00,115.06,115.1937,114.03,114.74,169033
2023-02-02 10:30:00,114.74,114.96,114.5997,114.8,64314
2023-02-02 11:30:00,114.79,114.8899,114.28,114.5482,79107
2023-02-02 12:30:00,114.5207,114.6181,114.24,114.27,135393
2023-02-02 13:30:00,114.27,114.69,113.98,114.0201,103823
2023-02-02 14:30:00,114.04,114.14,113.71,114.039,98525
2023-02-02 15:30:00,114.04,114.2086,113.82,114.12,115104
2023-02-03 09:30:00,113.7,114.6,113.581,114.48,163705
2023-02-03 10:30:00,114.51,114.76,114.32,114.39,66753
2023-02-03 11:30:00,114.4,114.49,113.86,114.11,61175
2023-02-03 12:30:00,114.1,114.2393,113.44,113.5499,86466
2023-02-03 13:30:00,113.54,113.83,113.37,113.58,73746
2023-02-03 14:30:00,113.59,113.79,113.4,113.5948,87136
2023-02-03 15:30:00,113.59,113.6799,113.25,113.4896,93559
2023-02-06 09:30:00,113.47,114.53,113.2501,113.89,98669
2023-02-06 10:30:00,113.87,114.29,113.61,114.21,69199
2023-02-06 11:30:00,114.21,114.26,113.8901,113.8901,50835
2023-02-06 12:30:00,113.92,114.23,113.92,114.1144,82333
2023-02-06 13:30:00,114.1129,114.18,113.91,113.9852,146684
2023-02-06 14:30:00,113.98,114.04,113.72,113.7675,86696
2023-02-06 15:30:00,113.76,114.35,113.69,114.3,86302
2023-02-07 09:30:00,114.33,114.53,112.97,113.18,57058
2023-02-07 10:30:00,113.21,113.4,113.05,113.31,52709
2023-02-07 11:30:00,113.319,113.79,113.28,113.77,51124
2023-02-07 12:30:00,113.795,114.8,113.7,113.9,43357
2023-02-07 13:30:00,113.8646,114.59,113.36,114.4899,55036
2023-02-07 14:30:00,114.465,115.02,114.3833,115.005,63404
2023-02-07 15:30:00,115.0,115.4771,114.83,115.2508,60726
2023-02-08 09:30:00,114.74,115.21,114.5,115.01,53234
2023-02-08 10:30:00,114.99,115.2799,114.72,114.89,38668
2023-02-08 11:30:00,114.86,115.11,114.74,114.85,43224
2023-02-08 12:30:00,114.86,115.15,114.59,114.93,28921
2023-02-08 13:30:00,114.92,115.0,114.645,114.82,33145
2023-02-08 14:30:00,114.81,114.84,114.38,114.624,42283
2023-02-08 15:30:00,114.6893,114.89,114.57,114.79,33413
2023-02-09 09:30:00,115.28,115.7,115.0101,115.1769,69349
2023-02-09 10:30:00,115.1711,115.468,114.78,114.86,95895
2023-02-09 11:30:00,114.8273,114.96,114.56,114.7159,51236
2023-02-09 12:30:00,114.75,114.75,114.2322,114.339,33652
2023-02-09 13:30:00,114.29,114.6099,114.275,114.3517,53099
2023-02-09 14:30:00,114.35,114.45,113.94,114.04,42810
2023-02-09 15:30:00,114.04,114.46,113.87,114.16,30234
2023-04-13 09:30:00,116.52,116.52,115.864,116.0542,39389
2023-04-13 10:30:00,116.07,116.11,115.7191,115.948,59768
2023-04-13 11:30:00,115.91,116.24,115.91,116.085,66382
2023-04-13 12:30:00,116.0814,116.43,116.05,116.3,130418
2023-04-13 13:30:00,116.33,116.82,116.28,116.76,58492
2023-04-13 14:30:00,116.7795,117.04,116.74,116.89,61171
2023-04-13 15:30:00,116.9194,116.965,116.8,116.89,63306
2023-04-14 09:30:00,115.85,115.85,114.45,114.6203,206219
2023-04-14 10:30:00,114.64,114.97,114.595,114.79,57429
2023-04-14 11:30:00,114.8,115.05,114.69,114.9777,37527
2023-04-14 12:30:00,114.95,114.95,114.42,114.42,77271
2023-04-14 13:30:00,114.43,114.74,114.3,114.71,134280
2023-04-14 14:30:00,114.72,114.76,114.3799,114.62,103447
2023-04-14 15:30:00,114.63,115.0187,114.6,114.95,62864
2023-04-17 09:30:00,115.08,116.27,115.0,116.1795,93838
2023-04-17 10:30:00,116.19,116.26,115.9,116.23,64525
2023-04-17 11:30:00,116.22,116.25,115.72,116.09,42504
2023-04-17 12:30:00,116.0801,116.1017,115.58,115.7396,38464
2023-04-17 13:30:00,115.73,115.75,115.31,115.5601,30032
2023-04-17 14:30:00,115.57,116.05,115.55,116.03,40673
2023-04-17 15:30:00,116.03,116.14,115.81,116.11,67952
2023-04-18 09:30:00,116.59,117.4652,116.57,117.0579,112564
2023-04-18 10:30:00,117.06,117.27,116.46,117.21,114653
2023-04-18 11:30:00,117.21,117.59,116.8897,117.48,190226
2023-04-18 12:30:00,117.48,117.49,117.2157,117.2453,144552
2023-04-18 13:30:00,117.25,117.55,117.245,117.55,88706
2023-04-18 14:30:00,117.55,117.63,117.3,117.4391,97502
2023-04-18 15:30:00,117.42,117.56,117.32,117.45,99987
2023-04-19 09:30:00,117.02,117.535,117.02,117.08,94843
2023-04-19 10:30:00,117.08,117.1171,116.788,116.908,63383
2023-04-19 11:30:00,116.9,117.22,116.83,117.1599,48721
2023-04-19 12:30:00,117.1697,117.41,117.136,117.27,52493
2023-04-19 13:30:00,117.28,117.4032,117.03,117.135,38256
2023-04-19 14:30:00,117.145,117.22,117.02,117.0518,47316
2023-04-19 15:30:00,117.05,117.07,116.695,116.98,52104
2023-04-20 09:30:00,116.52,116.6,116.14,116.42,75346
2023-04-20 10:30:00,116.42,116.85,116.3801,116.5312,47448
2023-04-20 11:30:00,116.5106,116.5192,116.12,116.36,65274
2023-04-20 12:30:00,116.34,116.46,116.2461,116.37,80253
2023-04-20 13:30:00,116.39,116.9619,116.33,116.34,50674
2023-04-20 14:30:00,116.33,116.3685,115.95,115.9781,97313
2023-04-20 15:30:00,115.98,116.4,115.93,116.36,51524
2023-04-21 09:30:00,116.8,116.8,115.77,115.9894,70374
2023-04-21 10:30:00,116.0,116.1,115.25,115.27,50263
2023-04-21 11:30:00,115.28,115.59,115.2401,115.343,32141
2023-04-21 12:30:00,115.3225,115.48,115.21,115.43,38238
2023-04-21 13:30:00,115.43,115.66,115.42,115.62,35538
2023-04-21 14:30:00,115.63,115.69,115.26,115.34,39708
2023-04-21 15:30:00,115.35,115.69,115.3399,115.58,85890
2023-04-24 09:30:00,115.61,115.85,115.13,115.62,67566
2023-04-24 10:30:00,115.67,115.7,115.22,115.25,37756
2023-04-24 11:30:00,115.2599,115.29,115.05,115.2,36602
2023-04-24 12:30:00,115.1701,115.5163,115.17,115.5043,37157
2023-04-24 13:30:00,115.5,115.66,115.355,115.4201,65142
2023-04-24 14:30:00,115.44,115.64,114.38,115.57,31027
2023-04-24 15:30:00,115.58,115.77,115.53,115.61,39516
2023-04-25 09:30:00,115.19,115.2863,114.79,114.881,73220
2023-04-25 10:30:00,114.86,115.1,114.5001,114.8,65011
2023-04-25 11:30:00,114.8,115.2,114.22,114.315,55074
2023-04-25 12:30:00,114.3,114.45,113.792,113.8893,102424
2023-04-25 13:30:00,113.89,115.4545,113.82,114.2982,65213
2023-04-25 14:30:00,114.28,114.48,114.192,114.37,60316
2023-04-25 15:30:00,114.365,114.45,114.23,114.24,71161
2023-04-26 09:30:00,114.46,114.72,112.68,112.8,386124
2023-04-26 10:30:00,112.805,113.13,112.0801,113.01,181681
2023-04-26 11:30:00,113.01,113.17,112.79,112.8685,106985
2023-04-26 12:30:00,112.86,113.2,112.6593,112.77,67271
2023-04-26 13:30:00,112.7582,112.7899,112.31,112.52,79607
2023-04-26 14:30:00,112.5015,112.54,111.91,111.99,135795
2023-04-26 15:30:00,111.999,112.0698,111.7207,111.91,147714
2023-04-27 09:30:00,112.36,112.98,112.1001,112.88,104790
2023-04-27 10:30:00,112.9,112.92,111.93,112.24,62373
2023-04-27 11:30:00,112.24,113.09,112.23,113.06,93252
2023-04-27 12:30:00,113.06,113.09,112.91,112.98,43516
2023-04-27 13:30:00,112.98,113.46,112.96,113.45,42793
2023-04-27 14:30:00,113.425,113.7,113.35,113.54,190123
2023-04-27 15:30:00,113.53,113.62,113.41,113.55,110544
2023-04-28 09:30:00,113.34,113.8,113.05,113.66,65106
2023-04-28 10:30:00,113.69,113.7895,113.19,113.61,69316
2023-04-28 11:30:00,113.61,113.65,113.3,113.54,133916
2023-04-28 12:30:00,113.56,113.88,113.54,113.8,74611
2023-04-28 13:30:00,113.7911,113.88,113.65,113.78,68317
2023-04-28 14:30:00,113.78,113.84,113.5112,113.716,74442
2023-04-28 15:30:00,113.72,114.0,113.6403,114.0,92488
2023-05-01 09:30:00,113.87,115.09,113.82,114.8407,84220
2023-05-01 10:30:00,114.87,115.39,114.855,115.12,113910
2023-05-01 11:30:00,115.12,115.268,114.57,115.22,41415
2023-05-01 12:30:00,115.2,115.38,114.65,114.69,75001
2023-05-01 13:30:00,114.67,114.7499,114.43,114.565,72903
2023-05-01 14:30:00,114.5849,114.61,114.26,114.38,152130
2023-05-01 15:30:00,114.39,114.44,114.2163,114.25,141218
2023-05-02 09:30:00,114.31,114.68,113.22,113.2683,67598
2023-05-02 10:30:00,113.28,113.28,112.6101,112.87,139185
2023-05-02 11:30:00,112.88,113.56,112.6188,113.12,116651
2023-05-02 12:30:00,113.14,113.61,113.015,113.57,142151
2023-05-02 13:30:00,113.62,113.88,113.43,113.59,70461
2023-05-02 14:30:00,113.59,113.7892,113.45,113.71,94463
2023-05-02 15:30:00,113.7281,113.81,113.59,113.62,96077
2023-05-03 09:30:00,113.66,114.05,113.48,113.77,58707
2023-05-03 10:30:00,113.7701,114.01,113.335,113.4101,86708
2023-05-03 11:30:00,113.41,113.5419,113.18,113.4301,44434
2023-05-03 12:30:00,113.4699,113.97,113.3898,113.97,36809
2023-05-03 13:30:00,113.95,113.9723,113.33,113.715,83071
2023-05-03 14:30:00,113.73,113.9,112.62,112.6484,76208
2023-05-03 15:30:00,112.6,112.76,112.26,112.38,119342
2023-05-04 09:30:00,112.04,112.34,109.8,109.8487,138304
2023-05-04 10:30:00,109.8469,110.43,109.46,110.18,88063
2023-05-04 11:30:00,110.16,110.2329,109.46,110.11,118410
2023-05-04 12:30:00,110.19,111.1,110.01,110.95,46107
2023-05-04 13:30:00,110.96,111.09,110.57,110.7,55109
2023-05-04 14:30:00,110.7,112.66,110.51,110.8,56811
2023-05-04 15:30:00,110.79,111.02,110.61,110.68,81032
2023-05-05 09:30:00,111.36,111.65,110.94,111.25,91708
2023-05-05 10:30:00,111.26,111.58,111.111,111.28,67802
2023-05-05 11:30:00,111.3085,111.3699,110.86,111.29,53456
2023-05-05 12:30:00,111.2893,111.32,111.06,111.2376,25302
2023-05-05 13:30:00,111.22,111.63,111.21,111.55,34968
2023-05-05 14:30:00,111.58,112.0,111.56,111.72,33042
2023-05-05 15:30:00,111.72,111.81,111.6,111.76,51123
2023-05-08 09:30:00,112.06,112.41,111.83,111.86,64224
2023-05-08 10:30:00,111.91,112.02,111.279,111.279,53212
2023-05-08 11:30:00,111.27,111.45,111.11,111.18,53283
2023-05-08 12:30:00,111.22,111.51,111.1401,111.26,37804
2023-05-08 13:30:00,111.25,112.03,110.9742,111.3701,41233
2023-05-08 14:30:00,111.3811,111.49,111.085,111.09,38522
2023-05-08 15:30:00,111.08,111.25,111.0,111.12,21652
2023-05-09 09:30:00,111.51,112.2299,111.29,112.145,148357
2023-05-09 10:30:00,112.17,112.2518,111.82,112.075,39816
2023-05-09 11:30:00,112.09,112.16,111.82,111.94,52465
2023-05-09 12:30:00,111.98,112.15,111.97,112.11,26679
2023-05-09 13:30:00,112.12,112.6226,112.11,112.6226,37886
2023-05-09 14:30:00,112.6288,112.74,112.45,112.63,56755
2023-05-09 15:30:00,112.63,112.685,112.34,112.38,47925
2023-05-10 09:30:00,112.97,113.085,111.31,111.46,135997
2023-05-10 10:30:00,111.53,111.5663,110.92,111.36,137311
2023-05-10 11:30:00,111.37,111.75,111.24,111.44,50178
2023-05-10 12:30:00,111.46,111.48,110.5001,110.58,23131
2023-05-10 13:30:00,110.6,111.06,110.4728,110.99,42614
2023-05-10 14:30:00,111.02,111.5187,111.02,111.39,34054
2023-05-10 15:30:00,111.35,111.6,111.33,111.54,85019
2023-05-11 09:30:00,111.34,111.34,110.27,110.63,77029
2023-05-11 10:30:00,110.6528,116.96,110.49,110.96,32917
2023-05-11 11:30:00,111.0,111.29,110.96,111.11,77137
2023-05-11 12:30:00,111.1021,111.207,110.86,110.86,25116
2023-05-11 13:30:00,110.8777,110.95,110.5329,110.8124,47102
2023-05-11 14:30:00,110.81,111.1,110.7943,110.94,38040
2023-05-11 15:30:00,110.92,111.16,110.9,111.13,40080
2023-07-13 09:30:00,117.3,117.94,117.1,117.87,97573
2023-07-13 10:30:00,117.84,118.02,117.3,117.5008,50490
2023-07-13 11:30:00,117.52,117.7,117.43,117.645,53641
2023-07-13 12:30:00,117.6301,117.74,117.5,117.7,27527
2023-07-13 13:30:00,117.7264,117.86,117.63,117.7816,53197
2023-07-13 14:30:00,117.76,117.89,117.6609,117.7792,48415
2023-07-13 15:30:00,117.77,117.89,117.54,117.55,72171
2023-07-14 09:30:00,117.34,117.7285,116.3267,116.3267,51846
2023-07-14 10:30:00,116.3,116.48,116.17,116.35,35578
2023-07-14 11:30:00,116.35,116.41,116.04,116.16,23153
2023-07-14 12:30:00,116.13,116.19,115.89,115.9835,30229
2023-07-14 13:30:00,115.985,116.2,115.9517,115.995,27237
2023-07-14 14:30:00,116.01,116.18,115.92,116.13,36408
2023-07-14 15:30:00,116.1211,116.26,116.05,116.18,38686
2023-07-17 09:30:00,115.98,116.81,115.71,116.6399,38422
2023-07-17 10:30:00,116.6,116.97,116.521,116.9665,32021
2023-07-17 11:30:00,116.94,117.13,116.66,116.86,42524
2023-07-17 12:30:00,116.8632,116.91,116.58,116.88,28559
2023-07-17 13:30:00,116.89,117.1295,116.87,116.98,40736
2023-07-17 14:30:00,116.9811,117.1806,116.9,117.09,93059
2023-07-17 15:30:00,117.07,117.0836,116.76,116.76,70271
2023-07-18 09:30:00,116.7,117.7414,116.62,117.23,82423
2023-07-18 10:30:00,117.24,117.44,117.0501,117.14,32608
2023-07-18 11:30:00,117.12,117.55,116.24,116.29,83075
2023-07-18 12:30:00,116.27,116.3194,115.8,115.81,40929
2023-07-18 13:30:00,115.8162,116.03,115.64,116.0201,37968
2023-07-18 14:30:00,116.04,116.37,115.91,116.23,49597
2023-07-18 15:30:00,116.22,116.33,116.08,116.26,47893
2023-07-19 09:30:00,116.16,116.8,116.07,116.34,99692
2023-07-19 10:30:00,116.379,116.39,115.39,115.51,205675
2023-07-19 11:30:00,115.52,115.61,115.17,115.51,222634
2023-07-19 12:30:00,115.5093,115.5093,115.18,115.49,168232
2023-07-19 13:30:00,115.485,116.25,115.27,115.43,204572
2023-07-19 14:30:00,115.43,115.54,115.34,115.515,149280
2023-07-19 15:30:00,115.52,115.6321,115.43,115.56,155779
2023-07-20 09:30:00,115.88,116.7,115.74,116.33,57297
2023-07-20 10:30:00,116.3687,117.14,116.316,117.05,179570
2023-07-20 11:30:00,117.0483,117.28,116.94,117.0686,52627
2023-07-20 12:30:00,117.06,117.0735,116.74,116.86,33709
2023-07-20 13:30:00,116.86,116.98,116.73,116.78,46450
2023-07-20 14:30:00,116.77,117.17,116.76,116.9064,69377
2023-07-20 15:30:00,116.92,117.1,116.74,117.09,45664
2023-07-21 09:30:00,117.29,117.62,116.63,116.8485,28300
2023-07-21 10:30:00,116.8,116.9874,116.71,116.735,27972
2023-07-21 11:30:00,116.73,117.03,116.73,116.9146,37301
2023-07-21 12:30:00,116.9,116.98,116.8,116.865,34473
2023-07-21 13:30:00,116.865,116.96,116.67,116.6844,37555
2023-07-21 14:30:00,116.71,116.87,116.64,116.71,48614
2023-07-21 15:30:00,116.74,116.74,116.37,116.3819,81776
2023-07-24 09:30:00,116.18,116.99,116.18,116.55,48916
2023-07-24 10:30:00,116.56,116.96,116.45,116.861,30012
2023-07-24 11:30:00,116.851,116.95,116.74,116.85,22694
2023-07-24 12:30:00,116.825,116.88,116.7202,116.82,22690
2023-07-24 13:30:00,116.8301,117.05,116.77,116.9674,21762
2023-07-24 14:30:00,116.9611,116.99,116.83,116.8465,52937
2023-07-24 15:30:00,116.87,117.0925,116.87,116.99,37806
2023-07-25 09:30:00,113.84,113.95,111.66,112.81,526687
2023-07-25 10:30:00,112.82,113.18,112.49,112.84,135459
2023-07-25 11:30:00,112.84,113.48,112.71,113.33,107106
2023-07-25 12:30:00,113.31,113.73,111.87,113.37,104825
2023-07-25 13:30:00,113.39,114.1526,113.32,114.065,125927
2023-07-25 14:30:00,114.09,114.39,113.94,114.29,106363
2023-07-25 15:30:00,114.2875,114.63,114.1865,114.56,184332
2023-07-26 09:30:00,115.02,116.04,115.02,115.755,143371
2023-07-26 10:30:00,115.79,116.1274,114.9933,116.05,109676
2023-07-26 11:30:00,116.02,116.44,115.35,116.18,60515
2023-07-26 12:30:00,116.16,116.22,115.87,115.95,42774
2023-07-26 13:30:00,115.93,116.105,115.79,116.0483,53352
2023-07-26 14:30:00,116.02,116.41,115.88,116.07,102945
2023-07-26 15:30:00,116.05,116.39,115.97,116.345,83386
2023-07-27 09:30:00,116.6,116.8,116.0001,116.245,78207
2023-07-27 10:30:00,116.2799,116.2799,115.36,115.58,68711
2023-07-27 11:30:00,115.59,115.885,115.5,115.78,45586
2023-07-27 12:30:00,115.8,116.27,115.78,115.9458,94372
2023-07-27 13:30:00,115.94,116.43,115.925,116.18,47550
2023-07-27 14:30:00,116.15,116.1745,115.58,115.75,56768
2023-07-27 15:30:00,115.74,115.86,115.38,115.83,47434
2023-07-28 09:30:00,116.4,116.9118,116.12,116.67,48175
2023-07-28 10:30:00,116.7,116.97,116.58,116.81,36125
2023-07-28 11:30:00,116.785,116.84,116.5106,116.7221,43980
2023-07-28 12:30:00,116.77,116.94,116.621,116.66,69612
2023-07-28 13:30:00,116.6,116.89,116.45,116.835,25898
2023-07-28 14:30:00,116.83,117.02,116.64,116.91,43827
2023-07-28 15:30:00,116.91,117.04,116.8359,116.92,47780
2023-07-31 09:30:00,117.09,117.69,117.0859,117.38,51548
2023-07-31 10:30:00,117.39,117.62,117.29,117.49,34692
2023-07-31 11:30:00,117.49,117.56,117.3617,117.385,23647
2023-07-31 12:30:00,117.36,117.3917,117.0644,117.215,17580
2023-07-31 13:30:00,117.23,117.5,117.22,117.41,47060
2023-07-31 14:30:00,117.42,117.46,117.24,117.3318,32538
2023-07-31 15:30:00,117.33,117.77,117.2,117.73,74927
2023-08-01 09:30:00,117.12,118.21,117.12,117.3403,79141
2023-08-01 10:30:00,117.36,117.6658,117.3077,117.6,36101
2023-08-01 11:30:00,117.5862,117.7587,117.4601,117.6832,29503
2023-08-01 12:30:00,117.6832,117.86,117.55,117.8599,23452
2023-08-01 13:30:00,117.82,118.0,117.68,117.79,86611
2023-08-01 14:30:00,117.8,117.9299,117.72,117.78,96855
2023-08-01 15:30:00,117.77,117.8199,117.61,117.71,92021
2023-08-02 09:30:00,116.63,117.12,116.4,116.605,41748
2023-08-02 10:30:00,116.66,116.699,116.23,116.5,48247
2023-08-02 11:30:00,116.5092,116.64,115.89,115.98,56425
2023-08-02 12:30:00,115.98,116.02,115.68,115.805,40344
2023-08-02 13:30:00,115.81,115.91,115.59,115.6701,66504
2023-08-02 14:30:00,115.67,115.7299,115.155,115.155,202957
2023-08-02 15:30:00,115.1403,115.41,115.09,115.3,72809
2023-08-03 09:30:00,115.36,115.55,114.69,114.86,94333
2023-08-03 10:30:00,114.83,114.9552,114.66,114.82,48434
2023-08-03 11:30:00,114.8,115.18,114.75,115.02,32429
2023-08-03 12:30:00,115.039,115.31,115.039,115.27,31466
2023-08-03 13:30:00,115.27,115.279,115.08,115.17,35805
2023-08-03 14:30:00,115.145,115.28,114.9396,115.27,48775
2023-08-03 15:30:00,115.26,115.36,115.02,115.04,80694
2023-08-04 09:30:00,115.64,116.065,115.325,115.99,45921
2023-08-04 10:30:00,116.03,116.4055,116.01,116.1,33186
2023-08-04 11:30:00,116.11,116.53,115.53,116.485,35473
2023-08-04 12:30:00,116.49,116.65,116.26,116.3199,28326
2023-08-04 13:30:00,116.31,116.43,115.78,115.8,46447
2023-08-04 14:30:00,115.81,115.88,115.63,115.85,53512
2023-08-04 15:30:00,115.86,115.89,115.57,115.67,62058
2023-08-07 09:30:00,116.06,117.29,116.01,116.85,52342
2023-08-07 10:30:00,116.86,117.49,116.8301,117.34,43427
2023-08-07 11:30:00,117.28,117.4101,117.08,117.2417,110844
2023-08-07 12:30:00,117.24,117.4652,117.14,117.38,27211
2023-08-07 13:30:00,117.39,117.55,117.1308,117.18,35663
2023-08-07 14:30:00,117.18,117.35,117.138,117.205,39729
2023-08-07 15:30:00,117.19,117.45,117.18,117.37,157839
2023-08-08 09:30:00,116.59,117.13,116.3952,116.73,35537
2023-08-08 10:30:00,116.74,117.0901,116.49,117.02,19713
2023-08-08 11:30:00,117.04,117.0702,116.335,116.62,30263
2023-08-08 12:30:00,116.6281,116.8899,116.615,116.8,29062
2023-08-08 13:30:00,116.81,116.83,116.51,116.7009,29353
2023-08-08 14:30:00,116.73,117.0009,116.6707,116.96,24851
2023-08-08 15:30:00,116.9599,117.08,116.74,116.78,54696
2023-08-09 09:30:00,117.35,118.1573,117.22,117.63,43126
2023-08-09 10:30:00,117.6464,118.09,117.25,117.2704,23394
2023-08-09 11:30:00,117.27,117.48,117.01,117.445,47731
2023-08-09 12:30:00,117.44,117.83,117.2089,117.76,47774
2023-08-09 13:30:00,117.79,117.809,117.57,117.72,46440
2023-08-09 14:30:00,117.74,117.86,117.69,117.7133,39499
2023-08-09 15:30:00,117.72,117.7565,117.34,117.5,83808
2023-08-10 09:30:00,117.77,118.29,117.61,117.89,51219
2023-08-10 10:30:00,117.9,118.09,117.25,117.505,42883
2023-08-10 11:30:00,117.51,117.62,116.8366,116.9251,38166
2023-08-10 12:30:00,116.92,117.2805,116.88,117.0,30557
2023-08-10 13:30:00,116.94,117.23,116.71,117.12,175702
2023-08-10 14:30:00,117.12,117.31,116.91,116.99,33723
2023-08-10 15:30:00,116.9885,117.04,116.78,116.91,74901
2023-10-12 09:30:00,110.53,110.53,108.96,108.9901,161129
2023-10-12 10:30:00,108.99,109.33,108.82,109.25,68142
2023-10-12 11:30:00,109.25,109.5382,109.12,109.4715,143872
2023-10-12 12:30:00,109.5,109.5099,108.34,108.35,66020
2023-10-12 13:30:00,108.33,108.38,107.9301,108.32,69756
2023-10-12 14:30:00,108.3,108.91,108.27,108.82,82476
2023-10-12 15:30:00,108.83,109.0699,108.765,108.78,72661
2023-10-13 09:30:00,108.78,109.23,108.25,108.62,108729
2023-10-13 10:30:00,108.64,108.8099,106.57,108.52,52434
2023-10-13 11:30:00,108.52,108.81,108.2601,108.72,63404
2023-10-13 12:30:00,108.7301,108.9299,108.305,108.305,115367
2023-10-13 13:30:00,108.31,108.8621,108.22,108.755,98739
2023-10-13 14:30:00,108.76,108.88,108.5,108.5793,150963
2023-10-13 15:30:00,108.58,108.81,108.51,108.67,81594
2023-10-16 09:30:00,109.39,109.829,108.26,108.9396,112226
2023-10-16 10:30:00,108.98,109.5,108.9344,109.48,80881
2023-10-16 11:30:00,109.47,109.5,109.1,109.27,84622
2023-10-16 12:30:00,109.28,109.38,108.87,109.17,71064
2023-10-16 13:30:00,109.15,109.41,109.1153,109.125,58000
2023-10-16 14:30:00,109.13,109.48,109.1,109.4234,73631
2023-10-16 15:30:00,109.44,109.48,109.28,109.32,96014
2023-10-17 09:30:00,108.56,110.72,108.56,110.3819,142350
2023-10-17 10:30:00,110.37,110.55,110.05,110.39,77059
2023-10-17 11:30:00,110.399,110.9101,109.9387,110.14,139975
2023-10-17 12:30:00,110.13,110.17,109.36,109.565,77692
2023-10-17 13:30:00,109.555,109.6001,109.2,109.5388,550976
2023-10-17 14:30:00,109.54,109.62,109.29,109.6,120551
2023-10-17 15:30:00,109.59,109.64,103.16,109.61,111860
2023-10-18 09:30:00,110.03,110.235,109.39,109.91,102652
2023-10-18 10:30:00,109.89,110.57,109.8451,110.435,134028
2023-10-18 11:30:00,110.4293,110.48,109.48,109.8615,85654
2023-10-18 12:30:00,109.8557,110.5,109.799,110.225,78402
2023-10-18 13:30:00,110.205,110.26,109.75,109.785,66166
2023-10-18 14:30:00,109.7822,109.92,109.27,109.4407,170986
2023-10-18 15:30:00,109.45,109.52,109.05,109.28,146528
2023-10-19 09:30:00,109.18,109.688,108.98,109.04,406131
2023-10-19 10:30:00,109.0,109.17,108.85,109.06,150245
2023-10-19 11:30:00,109.06,109.8786,109.039,109.19,87777
2023-10-19 12:30:00,109.21,109.7085,108.77,109.35,77819
2023-10-19 13:30:00,109.4,109.514,108.56,108.6325,116760
2023-10-19 14:30:00,108.6,108.6,108.1,108.21,87596
2023-10-19 15:30:00,108.25,108.45,108.12,108.22,178334
2023-10-20 09:30:00,108.09,108.59,108.0,108.14,98647
2023-10-20 10:30:00,108.12,108.4484,107.51,107.55,72238
2023-10-20 11:30:00,107.55,107.783,107.38,107.59,73064
2023-10-20 12:30:00,107.59,107.8666,107.2805,107.58,103745
2023-10-20 13:30:00,107.585,107.76,107.42,107.52,71767
2023-10-20 14:30:00,107.51,107.67,107.08,107.24,71372
2023-10-20 15:30:00,107.235,107.31,106.84,106.89,101161
2023-10-23 09:30:00,106.62,107.38,106.44,107.195,98438
2023-10-23 10:30:00,107.18,107.68,107.01,107.65,56625
2023-10-23 11:30:00,107.66,107.89,107.42,107.88,56491
2023-10-23 12:30:00,107.84,108.1199,107.67,107.75,62617
2023-10-23 13:30:00,107.759,107.9984,107.49,107.5547,66851
2023-10-23 14:30:00,107.535,107.7346,106.98,107.01,104604
2023-10-23 15:30:00,106.98,107.14,106.73,106.8,135412
2023-10-24 09:30:00,109.04,109.09,108.08,108.81,113678
2023-10-24 10:30:00,108.76,108.9924,108.18,108.19,72693
2023-10-24 11:30:00,108.18,108.22,107.87,107.89,61333
2023-10-24 12:30:00,107.8911,108.04,106.62,108.02,42903
2023-10-24 13:30:00,108.0496,108.09,107.67,108.04,79697
2023-10-24 14:30:00,108.05,108.1996,107.93,108.055,79011
2023-10-24 15:30:00,108.05,108.15,107.8813,107.94,67972
2023-10-25 09:30:00,108.92,109.0,107.89,107.93,73893
2023-10-25 10:30:00,107.9,109.06,107.71,109.06,83981
2023-10-25 11:30:00,109.04,109.18,108.48,108.73,127056
2023-10-25 12:30:00,108.7003,108.9545,108.1701,108.18,68446
2023-10-25 13:30:00,108.17,108.17,107.74,107.8359,66776
2023-10-25 14:30:00,107.8399,107.96,107.58,107.79,96838
2023-10-25 15:30:00,107.7833,107.88,107.6101,107.73,128225
2023-10-26 09:30:00,107.41,108.56,107.41,108.5,177309
2023-10-26 10:30:00,108.4237,109.11,108.13,108.9308,60893
2023-10-26 11:30:00,108.935,109.12,107.57,108.8513,61104
2023-10-26 12:30:00,108.865,108.89,108.33,108.505,49533
2023-10-26 13:30:00,108.47,108.76,106.62,108.66,84247
2023-10-26 14:30:00,108.65,108.98,108.42,108.4407,105555
2023-10-26 15:30:00,108.39,108.51,107.97,108.05,200252
2023-10-27 09:30:00,108.1,108.27,107.16,107.7385,93203
2023-10-27 10:30:00,107.753,107.9794,107.64,107.65,109037
2023-10-27 11:30:00,107.6791,107.6791,107.24,107.44,58063
2023-10-27 12:30:00,107.4362,107.479,107.0001,107.1993,90387
2023-10-27 13:30:00,107.19,107.33,106.88,106.93,52956
2023-10-27 14:30:00,106.925,107.25,106.88,107.19,126680
2023-10-27 15:30:00,107.18,107.26,107.0001,107.22,146940
2023-10-30 09:30:00,107.77,108.24,107.57,107.621,70690
2023-10-30 10:30:00,107.57,107.6,107.22,107.44,127920
2023-10-30 11:30:00,107.4293,107.84,107.41,107.41,40795
2023-10-30 12:30:00,107.435,107.77,106.98,107.72,42000
2023-10-30 13:30:00,107.74,107.97,107.705,107.81,98733
2023-10-30 14:30:00,107.82,108.18,107.8058,108.0399,85871
2023-10-30 15:30:00,108.03,108.0733,107.68,107.7,106304
2023-10-31 09:30:00,108.14,108.55,107.86,108.2196,83714
2023-10-31 10:30:00,108.21,108.8503,107.93,108.8069,75612
2023-10-31 11:30:00,108.79,109.165,108.7461,108.99,58200
2023-10-31 12:30:00,108.985,109.435,108.8512,109.42,36563
2023-10-31 13:30:00,109.43,109.61,109.4,109.46,44199
2023-10-31 14:30:00,109.45,109.95,109.3901,109.93,55309
2023-10-31 15:30:00,109.93,109.95,109.72,109.8894,125987
2023-11-01 09:30:00,110.44,110.7486,109.7863,110.64,100027
2023-11-01 10:30:00,110.6683,110.9,110.25,110.32,76128
2023-11-01 11:30:00,110.3,110.58,110.27,110.45,103225
2023-11-01 12:30:00,110.49,110.56,110.0109,110.07,77167
2023-11-01 13:30:00,110.07,110.35,110.0205,110.2052,65000
2023-11-01 14:30:00,110.26,110.71,109.91,110.64,208588
2023-11-01 15:30:00,110.63,110.8291,110.48,110.59,109873
2023-11-02 09:30:00,111.41,112.63,111.41,112.5891,167613
2023-11-02 10:30:00,112.5991,112.7199,112.05,112.4628,129884
2023-11-02 11:30:00,112.4412,112.65,112.23,112.36,67331
2023-11-02 12:30:00,112.36,112.83,112.36,112.705,85832
2023-11-02 13:30:00,112.71,112.89,112.6101,112.84,90583
2023-11-02 14:30:00,112.84,112.9098,112.635,112.67,106016
2023-11-02 15:30:00,112.669,112.96,112.61,112.87,155699
2023-11-03 09:30:00,113.86,114.47,113.4,114.26,156176
2023-11-03 10:30:00,114.22,114.27,113.895,113.925,67268
2023-11-03 11:30:00,113.92,114.0193,113.61,113.69,40063
2023-11-03 12:30:00,113.73,114.0,113.705,113.84,44673
2023-11-03 13:30:00,113.8526,113.955,113.76,113.8821,39147
2023-11-03 14:30:00,113.89,114.08,113.86,113.9,57601
2023-11-03 15:30:00,113.905,113.905,113.47,113.475,120201
2023-11-06 09:30:00,113.85,113.89,112.82,113.34,94137
2023-11-06 10:30:00,113.325,113.38,113.13,113.33,99376
2023-11-06 11:30:00,113.33,113.4,113.19,113.28,49807
2023-11-06 12:30:00,113.2771,113.3497,113.03,113.16,49460
2023-11-06 13:30:00,113.16,113.18,112.9891,113.09,82714
2023-11-06 14:30:00,113.09,113.32,113.04,113.12,117398
2023-11-06 15:30:00,113.13,113.14,113.0,113.13,159367
2023-11-07 09:30:00,112.99,113.1171,112.26,112.88,98309
2023-11-07 10:30:00,112.87,112.99,112.545,112.728,51849
2023-11-07 11:30:00,112.7206,112.95,112.69,112.71,45123
2023-11-07 12:30:00,112.73,112.9389,112.61,112.805,34586
2023-11-07 13:30:00,112.8,112.8928,112.7,112.8086,94411
2023-11-07 14:30:00,112.8096,112.9292,112.73,112.91,40024
2023-11-07 15:30:00,112.925,113.0909,112.7801,112.89,77108
2023-11-08 09:30:00,113.1,113.27,112.4,112.495,80446
2023-11-08 10:30:00,112.47,112.74,112.4001,112.48,50298
2023-11-08 11:30:00,112.48,112.55,112.0,112.21,43020
2023-11-08 12:30:00,112.1901,112.47,112.175,112.414,48650
2023-11-08 13:30:00,112.4011,112.655,112.39,112.565,87807
2023-11-08 14:30:00,112.5753,112.66,112.49,112.6,63244
2023-11-08 15:30:00,112.6,112.84,112.54,112.73,80535
2024-01-18 09:30:00,120.1,120.525,119.3915,120.44,54378
2024-01-18 10:30:00,120.455,120.65,120.16,120.45,51700
2024-01-18 11:30:00,120.42,120.7927,120.14,120.4396,54761
2024-01-18 12:30:00,120.42,120.45,120.22,120.3899,49121
2024-01-18 13:30:00,120.3501,121.21,120.33,121.175,188239
2024-01-18 14:30:00,121.188,121.35,121.13,121.34,78551
2024-01-18 15:30:00,121.3301,121.37,121.161,121.24,79201
2024-01-19 09:30:00,121.44,121.7659,120.56,120.89,57954
2024-01-19 10:30:00,120.92,121.4,120.695,121.31,55053
2024-01-19 11:30:00,121.3,121.3199,120.9979,121.19,40427
2024-01-19 12:30:00,121.2,121.67,121.18,121.61,42256
2024-01-19 13:30:00,121.63,121.94,121.62,121.8,54063
2024-01-19 14:30:00,121.8396,121.8496,121.47,121.51,127235
2024-01-19 15:30:00,121.53,121.78,121.43,121.73,54790
2024-01-22 09:30:00,121.92,122.61,121.74,122.47,61163
2024-01-22 10:30:00,122.47,122.49,122.18,122.3782,76842
2024-01-22 11:30:00,122.38,122.4796,122.17,122.2027,56453
2024-01-22 12:30:00,122.2038,122.2595,121.83,121.83,125559
2024-01-22 13:30:00,121.83,122.12,121.73,122.1098,254276
2024-01-22 14:30:00,122.09,122.32,121.9724,122.3,77291
2024-01-22 15:30:00,122.3,122.365,122.15,122.22,75653
2024-01-23 09:30:00,123.17,124.38,123.08,124.34,115972
2024-01-23 10:30:00,124.27,124.27,122.64,122.83,95193
2024-01-23 11:30:00,122.825,122.8997,122.52,122.54,43619
2024-01-23 12:30:00,122.55,122.76,122.5054,122.575,77265
2024-01-23 13:30:00,122.56,122.7196,122.4511,122.49,37899
2024-01-23 14:30:00,122.5,122.78,122.33,122.55,90140
2024-01-23 15:30:00,122.5697,122.6083,122.18,122.43,119224
2024-01-24 09:30:00,123.18,123.71,122.5208,122.957,192888
2024-01-24 10:30:00,122.9596,123.84,122.79,123.5393,37853
2024-01-24 11:30:00,123.63,123.81,123.24,123.3918,41455
2024-01-24 12:30:00,123.416,123.65,123.4101,123.55,67635
2024-01-24 13:30:00,123.49,123.54,123.23,123.28,71640
2024-01-24 14:30:00,123.28,123.45,122.9,123.05,75331
2024-01-24 15:30:00,123.045,123.045,122.64,122.73,111588
2024-01-25 09:30:00,122.64,122.64,121.18,121.4209,124740
2024-01-25 10:30:00,121.435,121.435,120.5101,121.12,83778
2024-01-25 11:30:00,121.1123,121.64,121.0195,121.315,88031
2024-01-25 12:30:00,121.34,121.52,121.17,121.3428,83550
2024-01-25 13:30:00,121.35,121.5,121.29,121.3565,65204
2024-01-25 14:30:00,121.365,121.49,121.16,121.2306,56454
2024-01-25 15:30:00,121.2541,121.7,121.25,121.6479,183732
2024-01-26 09:30:00,122.0,122.87,121.77,121.94,106078
2024-01-26 10:30:00,121.9,122.44,121.89,122.04,39270
2024-01-26 11:30:00,122.0451,122.13,121.8021,121.958,77269
2024-01-26 12:30:00,121.9542,121.9572,121.59,121.74,45089
2024-01-26 13:30:00,121.75,121.92,121.5,121.8799,59162
2024-01-26 14:30:00,121.88,122.08,121.78,121.89,62567
2024-01-26 15:30:00,121.89,122.12,121.82,122.04,48257
2024-01-29 09:30:00,122.35,122.55,121.94,122.01,51322
2024-01-29 10:30:00,121.9913,122.08,121.835,122.005,16822
2024-01-29 11:30:00,121.98,121.9899,121.71,121.8099,39536
2024-01-29 12:30:00,121.78,121.9,121.65,121.87,59693
2024-01-29 13:30:00,121.87,121.9075,121.65,121.78,38234
2024-01-29 14:30:00,121.7804,122.19,121.77,122.015,50570
2024-01-29 15:30:00,122.0293,122.36,122.01,122.3,64632
2024-01-30 09:30:00,122.43,122.47,122.01,122.25,66243
2024-01-30 10:30:00,122.28,122.3059,122.0253,122.25,38513
2024-01-30 11:30:00,122.2562,122.32,121.95,121.96,783475
2024-01-30 12:30:00,121.95,122.0,121.66,121.895,135787
2024-01-30 13:30:00,121.9139,121.975,121.82,121.93,48752
2024-01-30 14:30:00,121.93,122.23,121.9101,122.15,38586
2024-01-30 15:30:00,122.15,122.2695,122.06,122.11,59706
2024-01-31 09:30:00,122.77,123.24,122.45,123.09,50046
2024-01-31 10:30:00,123.0853,123.85,122.96,123.76,89725
2024-01-31 11:30:00,123.79,123.9491,123.41,123.88,69089
2024-01-31 12:30:00,123.885,123.885,123.5001,123.6299,44852
2024-01-31 13:30:00,123.56,123.6879,123.24,123.345,52764
2024-01-31 14:30:00,123.3578,123.9,122.755,123.0021,82075
2024-01-31 15:30:00,123.02,123.0523,122.61,122.71,102928
2024-02-01 09:30:00,123.51,123.59,122.01,122.61,69180
2024-02-01 10:30:00,122.54,122.79,122.14,122.442,23167
2024-02-01 11:30:00,122.47,123.2,122.47,123.2,34579
2024-02-01 12:30:00,123.1993,123.35,122.864,123.1584,99407
2024-02-01 13:30:00,123.15,123.4,123.1053,123.37,57591
2024-02-01 14:30:00,123.38,123.7151,123.28,123.7,73728
2024-02-01 15:30:00,123.69,123.75,123.4701,123.74,58878
2024-02-02 09:30:00,123.28,123.49,122.74,123.02,38498
2024-02-02 10:30:00,123.0,123.37,122.9096,123.37,24751
2024-02-02 11:30:00,123.34,123.51,123.1566,123.32,25825
2024-02-02 12:30:00,123.33,123.4699,122.9,123.3596,33779
2024-02-02 13:30:00,123.36,123.7479,123.3001,123.67,17318
2024-02-02 14:30:00,123.67,124.1,123.61,124.0979,29041
2024-02-02 15:30:00,124.085,124.11,123.63,123.66,69045
2024-02-05 09:30:00,122.34,122.9,121.85,122.279,110620
2024-02-05 10:30:00,122.25,122.6255,122.22,122.47,59793
2024-02-05 11:30:00,122.51,122.57,122.29,122.51,36505
2024-02-05 12:30:00,122.54,122.95,122.54,122.87,27224
2024-02-05 13:30:00,122.84,123.14,122.84,123.09,32015
2024-02-05 14:30:00,123.06,123.44,123.01,123.425,31031
2024-02-05 15:30:00,123.425,123.54,123.16,123.18,67404
2024-02-06 09:30:00,123.06,123.57,122.7,123.44,85679
2024-02-06 10:30:00,123.5,123.865,123.39,123.685,22873
2024-02-06 11:30:00,123.6755,124.26,123.66,124.26,28870
2024-02-06 12:30:00,124.26,124.2785,123.9801,124.21,24466
2024-02-06 13:30:00,124.2344,124.3699,123.9305,124.066,26600
2024-02-06 14:30:00,124.1,124.1899,123.9,123.9793,28411
2024-02-06 15:30:00,123.9683,124.22,123.9366,124.12,120843
2024-02-07 09:30:00,124.51,124.87,124.09,124.845,42865
2024-02-07 10:30:00,124.8512,125.19,124.76,125.0,55345
2024-02-07 11:30:00,125.02,125.2,124.64,125.2,127837
2024-02-07 12:30:00,125.1905,125.5399,125.14,125.4799,33545
2024-02-07 13:30:00,125.48,125.52,125.16,125.35,48328
2024-02-07 14:30:00,125.35,125.54,125.25,125.33,160229
2024-02-07 15:30:00,125.32,125.33,124.96,125.07,105149
2024-02-08 09:30:00,125.21,125.4205,124.7001,124.73,51212
2024-02-08 10:30:00,124.7205,124.7205,124.07,124.33,48629
2024-02-08 11:30:00,124.31,124.79,124.295,124.78,30344
2024-02-08 12:30:00,124.79,124.94,124.61,124.61,34995
2024-02-08 13:30:00,124.6,124.85,124.59,124.7099,117505
2024-02-08 14:30:00,124.69,124.76,124.55,124.57,52180
2024-02-08 15:30:00,124.58,124.63,124.4,124.47,107788
2024-04-18 09:30:00,127.74,128.38,127.27,128.3,111424
2024-04-18 10:30:00,128.31,128.81,128.27,128.56,82380
2024-04-18 11:30:00,128.56,128.56,128.25,128.42,34648
2024-04-18 12:30:00,128.425,128.425,127.595,127.78,30635
2024-04-18 13:30:00,127.7688,127.79,127.49,127.585,60486
2024-04-18 14:30:00,127.57,127.6,127.39,127.501,103427
2024-04-18 15:30:00,127.51,127.73,127.38,127.4,45617
2024-04-19 09:30:00,127.71,128.7444,127.71,128.535,55053
2024-04-19 10:30:00,128.545,128.58,128.02,128.44,49763
2024-04-19 11:30:00,128.42,128.58,127.98,128.01,41093
2024-04-19 12:30:00,127.97,128.465,127.91,128.3332,50214
2024-04-19 13:30:00,128.306,128.59,128.17,128.2,69980
2024-04-19 14:30:00,128.2,128.27,127.94,128.08,36206
2024-04-19 15:30:00,128.1,128.15,127.87,128.03,60301
2024-04-22 09:30:00,128.74,128.87,128.1106,128.67,77010
2024-04-22 10:30:00,128.68,128.68,128.17,128.38,40684
2024-04-22 11:30:00,128.38,128.5,128.19,128.371,32339
2024-04-22 12:30:00,128.3566,129.02,128.28,129.02,50374
2024-04-22 13:30:00,129.01,129.44,128.95,129.22,176221
2024-04-22 14:30:00,129.2382,129.29,128.7001,128.84,47202
2024-04-22 15:30:00,128.81,128.8294,128.38,128.51,86999
2024-04-23 09:30:00,129.03,130.2299,128.79,129.79,117649
2024-04-23 10:30:00,129.8299,130.01,129.25,129.525,149061
2024-04-23 11:30:00,129.5,129.76,129.36,129.44,60472
2024-04-23 12:30:00,129.4248,129.89,129.41,129.56,109152
2024-04-23 13:30:00,129.5501,129.63,129.29,129.465,119563
2024-04-23 14:30:00,129.46,129.46,129.2382,129.3275,81390
2024-04-23 15:30:00,129.31,129.57,129.205,129.42,170892
2024-04-24 09:30:00,130.5,130.7478,128.8,129.29,130113
2024-04-24 10:30:00,129.27,129.46,128.19,128.39,89458
2024-04-24 11:30:00,128.4263,128.5,127.92,128.09,54671
2024-04-24 12:30:00,128.08,128.51,127.86,128.51,48317
2024-04-24 13:30:00,128.51,129.055,128.2,128.45,53250
2024-04-24 14:30:00,128.45,128.53,128.09,128.4175,80411
2024-04-24 15:30:00,128.425,128.55,128.352,128.46,69075
2024-04-25 09:30:00,127.26,127.77,126.86,127.21,98464
2024-04-25 10:30:00,127.2239,127.5,126.93,127.3497,45620
2024-04-25 11:30:00,127.36,127.98,127.31,127.97,49948
2024-04-25 12:30:00,127.95,128.33,127.89,128.13,53933
2024-04-25 13:30:00,128.07,128.77,128.041,128.465,43551
2024-04-25 14:30:00,128.455,129.23,128.455,129.21,45201
2024-04-25 15:30:00,129.19,129.229,128.8,129.02,204529
2024-04-26 09:30:00,129.22,129.6064,128.81,128.845,61053
2024-04-26 10:30:00,128.85,129.225,128.8,129.055,51209
2024-04-26 11:30:00,129.067,129.289,128.98,129.28,27891
2024-04-26 12:30:00,129.24,129.775,129.2257,129.69,37427
2024-04-26 13:30:00,129.69,129.95,129.68,129.83,26959
2024-04-26 14:30:00,129.81,129.89,129.67,129.799,28053
2024-04-26 15:30:00,129.78,129.78,129.5,129.51,46045
2024-04-29 09:30:00,129.76,130.65,129.74,130.56,42474
2024-04-29 10:30:00,130.6,130.9799,130.55,130.889,57392
2024-04-29 11:30:00,130.85,130.91,130.67,130.905,33673
2024-04-29 12:30:00,130.93,131.0724,130.9,131.02,35723
2024-04-29 13:30:00,131.025,131.0851,130.8642,130.9611,28121
2024-04-29 14:30:00,130.95,131.0207,130.6,130.9928,64395
2024-04-29 15:30:00,130.9809,131.13,130.8901,131.09,58466
2024-04-30 09:30:00,130.86,131.5881,130.76,131.05,86999
2024-04-30 10:30:00,131.04,131.13,130.77,130.84,65343
2024-04-30 11:30:00,130.84,130.85,130.54,130.74,24529
2024-04-30 12:30:00,130.72,130.73,130.36,130.475,34997
2024-04-30 13:30:00,130.4657,130.63,130.33,130.38,68618
2024-04-30 14:30:00,130.3795,130.54,130.15,130.2312,54547
2024-04-30 15:30:00,130.25,130.28,129.81,129.84,63258
2024-05-01 09:30:00,129.62,130.3492,129.51,129.82,35907
2024-05-01 10:30:00,129.865,130.21,129.52,130.16,40610
2024-05-01 11:30:00,130.2,130.65,130.148,130.615,22863
2024-05-01 12:30:00,130.59,130.6199,130.232,130.451,27248
2024-05-01 13:30:00,130.4445,130.7785,130.36,130.7785,38464
2024-05-01 14:30:00,130.77,131.4049,130.37,130.87,58059
2024-05-01 15:30:00,130.83,130.88,130.05,130.19,43586
2024-05-02 09:30:00,131.45,131.72,130.64,131.19,111571
2024-05-02 10:30:00,131.21,131.6968,130.8719,131.4964,44340
2024-05-02 11:30:00,131.485,131.85,131.38,131.52,30423
2024-05-02 12:30:00,131.53,131.78,131.33,131.7599,17262
2024-05-02 13:30:00,131.76,131.82,131.56,131.7898,30560
2024-05-02 14:30:00,131.79,132.1,131.7848,131.9199,38506
2024-05-02 15:30:00,131.88,132.11,131.6,132.1,45923
2024-05-03 09:30:00,133.03,133.03,131.82,131.9206,111265
2024-05-03 10:30:00,131.93,132.06,131.67,131.9789,27465
2024-05-03 11:30:00,132.02,132.3,131.95,132.15,26169
2024-05-03 12:30:00,132.16,132.36,131.8803,132.23,24953
2024-05-03 13:30:00,132.23,132.5399,132.21,132.45,66089
2024-05-03 14:30:00,132.4445,132.63,132.4244,132.5745,37824
2024-05-03 15:30:00,132.5605,132.715,132.4805,132.53,60488
2024-05-06 09:30:00,133.29,133.88,133.18,133.84,44780
2024-05-06 10:30:00,133.8,133.85,133.4001,133.41,32578
2024-05-06 11:30:00,133.4,133.71,133.38,133.61,28028
2024-05-06 12:30:00,133.5935,133.9,133.47,133.8899,45140
2024-05-06 13:30:00,133.88,133.9699,133.78,133.94,45986
2024-05-06 14:30:00,133.9227,133.98,132.84,133.24,63566
2024-05-06 15:30:00,133.2191,133.63,133.1,133.5797,237578
2024-05-07 09:30:00,133.19,133.4,132.78,133.17,94039
2024-05-07 10:30:00,133.1555,133.51,133.02,133.41,104500
2024-05-07 11:30:00,133.4,133.415,133.14,133.2,53685
2024-05-07 12:30:00,133.2199,133.32,133.0514,133.265,51028
2024-05-07 13:30:00,133.26,133.35,133.145,133.28,39579
2024-05-07 14:30:00,133.27,133.48,133.19,133.3407,58687
2024-05-07 15:30:00,133.33,133.51,133.295,133.5,61974
2024-05-08 09:30:00,133.41,133.82,133.02,133.755,35709
2024-05-08 10:30:00,133.7794,134.02,133.7101,133.9131,27894
2024-05-08 11:30:00,133.91,134.04,133.74,133.815,17105
2024-05-08 12:30:00,133.83,133.8798,133.6534,133.76,46093
2024-05-08 13:30:00,133.73,134.18,133.695,134.1657,39052
2024-05-08 14:30:00,134.18,134.32,134.04,134.11,31063
2024-05-08 15:30:00,134.09,134.14,134.02,134.14,37644
2024-05-09 09:30:00,134.33,134.87,134.09,134.82,37566
2024-05-09 10:30:00,134.81,135.12,134.8,134.94,32284
2024-05-09 11:30:00,134.93,135.27,134.82,135.0761,22555
2024-05-09 12:30:00,135.0775,135.19,135.01,135.1487,20467
2024-05-09 13:30:00,135.154,135.2,134.9901,135.07,47053
2024-05-09 14:30:00,135.06,135.25,135.03,135.2307,79572
2024-05-09 15:30:00,135.22,135.4,135.04,135.36,112359
2024-07-18 09:30:00,135.6,136.75,135.51,136.6217,37257
2024-07-18 10:30:00,136.64,136.69,135.68,135.735,28663
2024-07-18 11:30:00,135.73,135.85,135.0301,135.0301,23497
2024-07-18 12:30:00,135.05,135.3663,135.0,135.05,22806
2024-07-18 13:30:00,135.055,135.19,134.8,134.815,23124
2024-07-18 14:30:00,134.79,134.95,134.46,134.58,27555
2024-07-18 15:30:00,134.55,135.07,134.5301,134.8,24726
2024-07-19 09:30:00,134.93,135.39,134.132,134.16,37460
2024-07-19 10:30:00,134.21,134.47,133.86,133.86,26382
2024-07-19 11:30:00,133.83,134.4,133.71,133.9282,11891
2024-07-19 12:30:00,133.96,134.07,133.4178,133.59,12750
2024-07-19 13:30:00,133.6025,133.92,133.58,133.7,19480
2024-07-19 14:30:00,133.705,134.04,133.62,133.96,31367
2024-07-19 15:30:00,133.98,133.9996,133.73,133.85,37827
2024-07-22 09:30:00,134.39,135.01,134.15,134.66,38910
2024-07-22 10:30:00,134.62,135.18,134.56,134.59,24806
2024-07-22 11:30:00,134.56,134.8281,134.475,134.62,17015
2024-07-22 12:30:00,134.62,135.16,134.49,135.11,9889
2024-07-22 13:30:00,135.1399,135.31,134.9753,135.03,18842
2024-07-22 14:30:00,134.9601,135.48,134.9601,135.37,27767
2024-07-22 15:30:00,135.3705,135.7399,135.36,135.7399,28074
2024-07-23 09:30:00,136.39,139.4,136.25,139.3,126639
2024-07-23 10:30:00,139.3,139.763,134.93,139.38,90833
2024-07-23 11:30:00,139.38,139.86,139.32,139.65,213519
2024-07-23 12:30:00,139.64,140.11,139.51,139.9797,53675
2024-07-23 13:30:00,139.95,140.13,139.45,139.5065,101173
2024-07-23 14:30:00,139.53,139.97,139.21,139.74,151928
2024-07-23 15:30:00,139.74,139.83,139.22,139.4,300296
2024-07-24 09:30:00,138.81,139.32,136.87,137.59,160054
2024-07-24 10:30:00,137.62,137.69,137.1,137.33,63376
2024-07-24 11:30:00,137.32,137.7799,137.32,137.47,69968
2024-07-24 12:30:00,137.42,137.85,137.15,137.628,72847
2024-07-24 13:30:00,137.6,137.83,137.02,137.08,325164
2024-07-24 14:30:00,137.08,139.38,136.44,136.44,101739
2024-07-24 15:30:00,136.445,136.53,135.68,135.92,100342
2024-07-25 09:30:00,137.2,139.5899,137.2,139.505,92098
2024-07-25 10:30:00,139.48,140.0,139.05,139.705,124419
2024-07-25 11:30:00,139.72,140.95,139.72,140.92,1059856
2024-07-25 12:30:00,140.93,141.5699,140.88,141.205,158473
2024-07-25 13:30:00,141.23,141.35,140.64,140.68,171447
2024-07-25 14:30:00,140.7099,140.81,139.9,140.34,120527
2024-07-25 15:30:00,140.37,140.4599,139.38,139.5,179000
2024-07-26 09:30:00,140.62,141.28,140.03,140.93,137978
2024-07-26 10:30:00,140.93,141.4294,140.26,141.275,50678
2024-07-26 11:30:00,141.3,141.79,141.16,141.675,60835
2024-07-26 12:30:00,141.6818,142.3,141.57,142.118,32979
2024-07-26 13:30:00,142.1034,142.14,141.4201,141.5,40213
2024-07-26 14:30:00,141.49,141.5599,141.12,141.4375,59663
2024-07-26 15:30:00,141.435,141.435,140.64,140.87,78994
2024-07-29 09:30:00,141.47,141.48,140.1939,140.36,69983
2024-07-29 10:30:00,140.31,140.61,140.0501,140.44,44769
2024-07-29 11:30:00,140.41,141.02,140.1084,140.92,28469
2024-07-29 12:30:00,140.93,141.11,140.46,140.46,37904
2024-07-29 13:30:00,140.465,140.665,140.29,140.6458,29221
2024-07-29 14:30:00,140.66,140.95,140.5601,140.91,34883
2024-07-29 15:30:00,140.92,141.07,140.63,140.73,47346
2024-07-30 09:30:00,141.16,142.7,141.11,142.54,53542
2024-07-30 10:30:00,142.54,142.5692,141.4,141.53,40233
2024-07-30 11:30:00,141.5045,141.68,141.25,141.4499,28999
2024-07-30 12:30:00,141.41,141.62,141.061,141.195,24118
2024-07-30 13:30:00,141.18,141.9,141.18,141.8092,37915
2024-07-30 14:30:00,141.8008,141.8399,141.45,141.7465,38935
2024-07-30 15:30:00,141.74,142.23,141.63,141.71,69069
2024-07-31 09:30:00,143.29,143.34,141.87,142.83,61136
2024-07-31 10:30:00,142.87,143.38,142.04,143.0,55353
2024-07-31 11:30:00,143.0242,143.69,143.0242,143.63,37174
2024-07-31 12:30:00,143.63,144.11,143.5761,143.77,40927
2024-07-31 13:30:00,143.75,143.88,143.39,143.6246,33986
2024-07-31 14:30:00,143.62,144.64,143.5507,143.6625,79370
2024-07-31 15:30:00,143.61,144.1382,143.1292,143.27,118917
2024-08-01 09:30:00,143.79,144.2199,142.03,142.13,67172
2024-08-01 10:30:00,142.04,142.18,141.03,141.06,64355
2024-08-01 11:30:00,141.06,141.23,140.4201,141.07,46789
2024-08-01 12:30:00,141.07,141.07,140.62,140.93,26936
2024-08-01 13:30:00,140.9,141.295,140.73,140.7565,31051
2024-08-01 14:30:00,140.72,140.98,140.5295,140.97,47855
2024-08-01 15:30:00,140.97,141.51,140.822,141.34,90830
2024-08-02 09:30:00,139.81,139.8945,136.64,137.2405,112776
2024-08-02 10:30:00,137.2,137.5088,135.89,136.04,180903
2024-08-02 11:30:00,136.0676,137.0,136.04,136.895,57088
2024-08-02 12:30:00,136.86,136.98,136.3915,136.5984,69704
2024-08-02 13:30:00,136.62,136.799,136.2,136.73,64185
2024-08-02 14:30:00,136.76,137.1515,136.55,137.0719,114355
2024-08-02 15:30:00,137.0809,137.24,136.74,137.16,105722
2024-08-05 09:30:00,132.54,134.72,132.54,133.22,290129
2024-08-05 10:30:00,133.28,134.78,133.18,134.55,91112
2024-08-05 11:30:00,134.52,135.87,134.43,135.83,60605
2024-08-05 12:30:00,135.8,135.83,134.56,135.215,55152
2024-08-05 13:30:00,135.2,135.4365,134.78,135.355,31574
2024-08-05 14:30:00,135.3,135.35,134.5611,134.81,49204
2024-08-05 15:30:00,134.8478,135.075,134.41,134.99,78563
2024-08-06 09:30:00,136.08,137.1488,135.67,136.7,67955
2024-08-06 10:30:00,136.75,137.54,136.07,136.07,36491
2024-08-06 11:30:00,136.11,136.96,136.05,136.88,28183
2024-08-06 12:30:00,136.8512,137.3688,136.57,137.31,19887
2024-08-06 13:30:00,137.32,137.68,136.97,137.68,28715
2024-08-06 14:30:00,137.66,137.8099,136.6,136.94,37445
2024-08-06 15:30:00,136.895,136.98,135.7,135.8,51251
2024-08-07 09:30:00,137.21,138.78,137.1268,138.21,74332
2024-08-07 10:30:00,138.24,139.28,138.1558,139.05,45864
2024-08-07 11:30:00,139.09,139.218,137.81,138.105,37374
2024-08-07 12:30:00,138.095,138.29,136.76,137.2617,30911
2024-08-07 13:30:00,137.265,137.6,136.62,136.63,26533
2024-08-07 14:30:00,136.63,137.145,133.28,136.9988,34828
2024-08-07 15:30:00,136.955,137.2399,136.3201,136.48,47319
2024-08-08 09:30:00,136.82,138.9588,136.57,138.9488,106293
2024-08-08 10:30:00,138.9488,139.1285,138.55,138.95,29065
2024-08-08 11:30:00,138.9081,139.23,138.6263,139.125,28123
2024-08-08 12:30:00,139.1693,139.6198,138.6129,139.59,24967
2024-08-08 13:30:00,139.63,139.9,139.44,139.6899,20920
2024-08-08 14:30:00,139.72,139.7808,139.36,139.5,22729
2024-08-08 15:30:00,139.44,139.6658,139.15,139.6,46228
2024-10-17 09:30:00,154.99,155.59,154.7969,154.8968,49135
2024-10-17 10:30:00,154.9899,155.0699,154.7312,155.01,23518
2024-10-17 11:30:00,155.0,155.04,154.7,154.8193,15163
2024-10-17 12:30:00,154.8,155.11,154.77,154.8588,21927
2024-10-17 13:30:00,154.8799,154.99,154.4875,154.705,24603
2024-10-17 14:30:00,154.7299,154.8299,154.56,154.8299,16722
2024-10-17 15:30:00,154.8,154.92,154.58,154.89,31410
2024-10-18 09:30:00,154.94,155.4299,154.26,154.5488,32863
2024-10-18 10:30:00,154.5488,154.86,154.44,154.58,24493
2024-10-18 11:30:00,154.57,154.88,154.48,154.85,30603
2024-10-18 12:30:00,154.835,154.99,154.62,154.6224,66874
2024-10-18 13:30:00,154.64,155.0,154.43,154.9069,20071
2024-10-18 14:30:00,154.9251,154.94,154.66,154.814826,26095
2024-10-18 15:30:00,154.84,155.04,154.8101,154.89,29715
2024-10-21 09:30:00,155.63,156.1099,155.3,155.4899,43679
2024-10-21 10:30:00,155.4888,155.4888,154.435,154.56,40160
2024-10-21 11:30:00,154.545,154.9288,154.4301,154.8808,19557
2024-10-21 12:30:00,154.86,155.31,154.81,155.21,20627
2024-10-21 13:30:00,155.21,155.33,154.84,155.05,28986
2024-10-21 14:30:00,155.0,155.22,151.84,155.182,30668
2024-10-21 15:30:00,155.16,155.63,155.03,155.62,40991
2024-10-22 09:30:00,154.27,154.55,150.46,150.46,232928
2024-10-22 10:30:00,150.5,151.3499,149.81,151.16,423286
2024-10-22 11:30:00,151.1301,151.28,150.83,151.2112,78956
2024-10-22 12:30:00,151.2,151.2224,150.5,150.545,96597
2024-10-22 13:30:00,150.5588,150.796,150.37,150.5,63755
2024-10-22 14:30:00,150.5001,150.813993,150.33,150.81,65630
2024-10-22 15:30:00,150.79,150.85,150.46,150.52,95971
2024-10-23 09:30:00,151.14,152.024,150.9096,151.65,86806
2024-10-23 10:30:00,151.5701,151.83,150.95,151.12,107736
2024-10-23 11:30:00,151.11,151.17,150.75,150.79,43965
2024-10-23 12:30:00,150.8188,151.35,150.7,150.9,29429
2024-10-23 13:30:00,150.895,151.18,150.48,150.495,42692
2024-10-23 14:30:00,150.4601,151.12,150.4101,150.99,62564
2024-10-23 15:30:00,150.99,151.21,150.9,150.96,39448
2024-10-24 09:30:00,150.38,150.93,149.3116,150.705,67956
2024-10-24 10:30:00,150.7488,150.9388,150.27,150.335,31406
2024-10-24 11:30:00,150.3172,150.33,149.56,149.9,24719
2024-10-24 12:30:00,149.9,150.129,149.89,150.1017,21652
2024-10-24 13:30:00,150.06,150.1,149.6001,149.66,18636
2024-10-24 14:30:00,149.6767,150.5,149.34,149.544,61510
2024-10-24 15:30:00,149.52,149.62,149.27,149.3,56162
2024-10-25 09:30:00,150.49,150.97,149.95,150.593496,95033
2024-10-25 10:30:00,150.58,150.6188,149.77,149.88,61844
2024-10-25 11:30:00,149.865,149.8764,149.39,149.7797,47142
2024-10-25 12:30:00,149.77,149.98,149.195,149.5388,36904
2024-10-25 13:30:00,149.47,149.64,149.22,149.59,56368
2024-10-25 14:30:00,149.58,149.9,149.52,149.6539,48110
2024-10-25 15:30:00,149.67,149.73,149.5,149.63,94364
2024-10-28 09:30:00,149.9,150.25,148.7387,149.1488,79579
2024-10-28 10:30:00,149.1488,149.21,148.71,149.0183,28933
2024-10-28 11:30:00,149.01,149.31,148.71,149.26,20584
2024-10-28 12:30:00,149.28,149.5023,149.05,149.4481,20736
2024-10-28 13:30:00,149.44,149.5099,149.19,149.34,32538
2024-10-28 14:30:00,149.31,149.42,149.02,149.03,56985
2024-10-28 15:30:00,149.0401,149.21,148.65,148.66,57395
2024-10-29 09:30:00,148.28,148.28,147.17,147.9,218335
2024-10-29 10:30:00,147.9488,148.22,147.82,147.9057,105846
2024-10-29 11:30:00,147.9791,155.61,147.77,147.77,43208
2024-10-29 12:30:00,147.795,148.1899,147.58,148.055,34599
2024-10-29 13:30:00,148.09,148.09,147.83,147.9,80119
2024-10-29 14:30:00,147.9,148.13,147.7914,147.9791,68730
2024-10-29 15:30:00,147.94,147.96,147.46,147.51,117050
2024-10-30 09:30:00,147.09,148.18,146.82,147.65,49085
2024-10-30 10:30:00,147.7088,148.22,147.52,148.18,33076
2024-10-30 11:30:00,148.1601,148.491,148.05,148.05,22714
2024-10-30 12:30:00,148.03,148.03,147.77,147.77,30893
2024-10-30 13:30:00,147.785,147.9099,147.63,147.67,29191
2024-10-30 14:30:00,147.62,147.77,147.57,147.59,21888
2024-10-30 15:30:00,147.6,147.6334,147.19,147.33,33446
2024-10-31 09:30:00,146.48,146.52,145.04,145.195,74096
2024-10-31 10:30:00,145.1658,145.43,144.31,144.51,48077
2024-10-31 11:30:00,144.485,144.9999,144.38,144.94,44783
2024-10-31 12:30:00,144.93,145.14,144.78,144.945,19664
2024-10-31 13:30:00,144.94,145.0173,144.5701,144.7,32116
2024-10-31 14:30:00,144.69,145.11,144.67,144.78,64237
2024-10-31 15:30:00,144.79,144.93,144.33,144.38,44730
2024-11-01 09:30:00,145.3,146.27,145.06,146.27,40690
2024-11-01 10:30:00,146.25,146.2988,145.47,145.62,24869
2024-11-01 11:30:00,145.613,145.63,144.9501,145.09,22821
2024-11-01 12:30:00,145.16,145.35,144.89,145.17,19159
2024-11-01 13:30:00,145.175,145.1799,144.6,144.7699,26434
2024-11-01 14:30:00,144.76,145.12,144.4,144.874,34386
2024-11-01 15:30:00,144.8185,144.87,144.53,144.6,46178
2024-11-04 09:30:00,145.01,145.709,144.55,145.4188,35620
2024-11-04 10:30:00,145.4088,145.4188,144.83,145.0,25974
2024-11-04 11:30:00,145.01,145.0299,144.39,144.9663,58503
2024-11-04 12:30:00,144.99,145.36,144.88,145.2572,30611
2024-11-04 13:30:00,145.23,145.39,145.05,145.05,50643
2024-11-04 14:30:00,145.0,145.16,144.86,144.88,103715
2024-11-04 15:30:00,144.88,144.93,144.55,144.69,63011
2024-11-05 09:30:00,145.28,145.7684,145.03,145.671,30735
2024-11-05 10:30:00,145.7196,146.05,145.5401,145.73,33970
2024-11-05 11:30:00,145.71,148.32,145.51,145.64,22177
2024-11-05 12:30:00,145.64,145.99,145.5601,145.65,20385
2024-11-05 13:30:00,145.64,145.99,145.5401,145.9399,77771
2024-11-05 14:30:00,145.93,146.04,145.8,146.0207,20859
2024-11-05 15:30:00,146.065,146.57,146.05,146.505,39496
2024-11-06 09:30:00,152.19,152.3,148.97,150.74,224770
2024-11-06 10:30:00,150.755,150.755,149.71,150.5667,88787
2024-11-06 11:30:00,150.57,151.08,144.43,150.94,79006
2024-11-06 12:30:00,150.935,151.31,150.65,150.8087,75460
2024-11-06 13:30:00,150.77,150.95,150.55,150.86,95882
2024-11-06 14:30:00,150.88,151.21,150.757,151.14,130946
2024-11-06 15:30:00,151.14,151.39,150.96,151.2491,120957
2024-11-07 09:30:00,152.13,152.13,150.05,150.6988,123126
2024-11-07 10:30:00,150.6988,151.29,150.4401,150.6599,48217
2024-11-07 11:30:00,150.66,150.7899,150.1101,150.385,40691
2024-11-07 12:30:00,150.37,150.48,144.98,150.2485,27900
2024-11-07 13:30:00,150.265,150.265,149.8501,150.19,42640
2024-11-07 14:30:00,150.21,150.54,149.9301,150.3974,104332
2024-11-07 15:30:00,150.41,150.5199,150.11,150.27,42683
2025-01-23 09:30:00,158.02,159.6788,156.78,156.78,203846
2025-01-23 10:30:00,156.844,158.43,156.75,158.165,166222
2025-01-23 11:30:00,158.12,158.35,157.7873,158.06,123983
2025-01-23 12:30:00,158.0314,158.52,158.0314,158.3099,56934
2025-01-23 13:30:00,158.285,158.3175,157.86,158.1,74606
2025-01-23 14:30:00,158.11,158.47,158.0501,158.235,93434
2025-01-23 15:30:00,158.22,158.55,158.11,158.53,127281
2025-01-24 09:30:00,158.18,158.75,156.771,157.495,145540
2025-01-24 10:30:00,157.435,157.435,156.78,157.1701,38310
2025-01-24 11:30:00,157.1601,157.52,156.975,157.2983,34299
2025-01-24 12:30:00,157.29,157.4,156.8,156.8598,23711
2025-01-24 13:30:00,156.8575,156.92,156.59,156.64,38580
2025-01-24 14:30:00,156.62,156.84,156.5,156.535,33469
2025-01-24 15:30:00,156.55,156.74,156.4,156.69,79192
2025-01-27 09:30:00,155.32,156.6,155.16,155.61,94717
2025-01-27 10:30:00,155.55,155.64,154.1,154.2599,41462
2025-01-27 11:30:00,154.18,154.88,154.07,154.73,51493
2025-01-27 12:30:00,154.83,154.95,154.14,154.16,36155
2025-01-27 13:30:00,154.13,155.1395,154.0401,155.1395,30925
2025-01-27 14:30:00,155.05,155.23,154.35,154.58,57915
2025-01-27 15:30:00,154.63,155.03,154.35,154.975,68180
2025-01-28 09:30:00,156.74,157.5999,154.5112,156.76,103298
2025-01-28 10:30:00,156.7,157.2288,155.0,155.15,135240
2025-01-28 11:30:00,155.4068,155.4068,154.65,154.9159,85270
2025-01-28 12:30:00,155.07,155.5542,154.93,155.2,66732
2025-01-28 13:30:00,155.1988,155.66,154.611,154.69,149947
2025-01-28 14:30:00,154.69,154.979,154.4101,154.5,162155
2025-01-28 15:30:00,154.5112,155.05,154.49,154.92,68224
2025-01-29 09:30:00,155.0,156.13,154.53,154.62,58420
2025-01-29 10:30:00,154.62,155.1189,153.7001,153.77,48254
2025-01-29 11:30:00,153.7651,154.3499,153.63,154.27,49253
2025-01-29 12:30:00,154.32,154.46,153.8509,154.3,29565
2025-01-29 13:30:00,154.34,154.54,153.47,153.47,32072
2025-01-29 14:30:00,153.4969,154.62,153.47,154.53,49126
2025-01-29 15:30:00,154.56,154.5897,153.78,153.96,52285
2025-01-30 09:30:00,154.56,155.9,154.08,155.15,89542
2025-01-30 10:30:00,155.22,155.9189,154.91,155.7348,57195
2025-01-30 11:30:00,155.756,155.8,155.397,155.465,52328
2025-01-30 12:30:00,155.49,156.33,155.47,156.26,46980
2025-01-30 13:30:00,156.2975,156.64,156.2612,156.41,34207
2025-01-30 14:30:00,156.4367,157.09,156.28,157.0,38524
2025-01-30 15:30:00,157.02,157.39,155.98,157.285,239013
2025-01-31 09:30:00,157.62,157.87,156.655,157.24,53708
2025-01-31 10:30:00,157.33,158.12,147.19,157.9601,47926
2025-01-31 11:30:00,157.98,158.43,157.83,158.404,27746
2025-01-31 12:30:00,158.41,158.4762,157.5901,157.64,21276
2025-01-31 13:30:00,157.5735,157.67,156.84,157.03,28641
2025-01-31 14:30:00,157.1,157.34,156.37,156.455,70660
2025-01-31 15:30:00,156.49,156.92,156.43,156.61,74772
2025-02-03 09:30:00,154.58,155.97,154.08,155.905,174392
2025-02-03 10:30:00,155.83,157.1607,155.69,157.09,175242
2025-02-03 11:30:00,157.12,157.4906,156.63,156.966,98367
2025-02-03 12:30:00,156.89,156.91,156.3501,156.625,70715
2025-02-03 13:30:00,156.69,157.24,154.48,157.07,36505
2025-02-03 14:30:00,157.0514,157.4799,156.85,156.8601,73196
2025-02-03 15:30:00,156.89,157.42,156.7,156.74,99582
2025-02-04 09:30:00,156.5,157.39,155.8401,156.2388,68796
2025-02-04 10:30:00,156.1683,156.1988,155.4,155.79,40751
2025-02-04 11:30:00,155.7996,156.07,155.27,155.3,32197
2025-02-04 12:30:00,155.3,155.92,155.2101,155.7131,22832
2025-02-04 13:30:00,155.67,156.033,155.3475,156.0,30184
2025-02-04 14:30:00,156.02,156.2199,155.5611,155.625,38920
2025-02-04 15:30:00,155.61,155.97,155.61,155.81,54133
2025-02-05 09:30:00,156.7,157.2826,156.0,156.3564,56519
2025-02-05 10:30:00,156.3325,157.046,155.93,156.59,33713
2025-02-05 11:30:00,156.65,157.15,156.51,156.85,25178
2025-02-05 12:30:00,156.8464,157.19,156.8,157.165,16465
2025-02-05 13:30:00,157.18,157.535,157.14,157.32,20555
2025-02-05 14:30:00,157.32,157.51,157.2,157.27,17551
2025-02-05 15:30:00,157.33,157.58,157.23,157.39,33899
2025-02-06 09:30:00,157.2,157.72,157.0,157.0943,33308
2025-02-06 10:30:00,157.11,157.1399,156.03,156.29,50636
2025-02-06 11:30:00,156.35,156.56,155.97,156.328,42385
2025-02-06 12:30:00,156.3,156.69,156.1038,156.288,53530
2025-02-06 13:30:00,156.3201,156.3451,155.54,155.6183,59160
2025-02-06 14:30:00,155.55,156.32,155.1201,156.29,41885
2025-02-06 15:30:00,156.31,157.02,156.28,156.98,64653
2025-02-07 09:30:00,157.83,158.0287,157.01,157.8,46823
2025-02-07 10:30:00,157.81,157.81,156.6448,156.897,147139
2025-02-07 11:30:00,156.89,157.19,156.44,156.89,231957
2025-02-07 12:30:00,156.905,157.4,156.811,157.3,53169
2025-02-07 13:30:00,157.345,157.3925,156.78,156.79,73694
2025-02-07 14:30:00,156.77,157.16,156.01,156.23,318550
2025-02-07 15:30:00,156.21,156.6,156.1716,156.44,60054
2025-02-10 09:30:00,157.3,157.45,156.12,156.76,44977
2025-02-10 10:30:00,156.73,156.96,156.19,156.422,46359
2025-02-10 11:30:00,156.42,156.52,156.1701,156.2881,103471
2025-02-10 12:30:00,156.29,156.9699,156.26,156.83,30440
2025-02-10 13:30:00,156.79,157.212,156.7016,156.97,39432
2025-02-10 14:30:00,156.95,157.25,156.8416,156.94,63076
2025-02-10 15:30:00,156.9315,157.16,156.86,157.16,33007
2025-02-11 09:30:00,156.68,157.1364,155.79,155.97,154867
2025-02-11 10:30:00,155.94,157.5205,155.94,156.94,36591
2025-02-11 11:30:00,156.97,157.1521,156.7,156.9649,32244
2025-02-11 12:30:00,157.002,157.18,156.87,157.03,45940
2025-02-11 13:30:00,157.05,157.48,157.05,157.285,53365
2025-02-11 14:30:00,157.295,157.57,157.17,157.2799,116208
2025-02-11 15:30:00,157.2769,157.55,157.07,157.43,55351
2025-02-12 09:30:00,155.91,156.9492,155.55,156.47,68198
2025-02-12 10:30:00,156.5586,156.95,156.0,156.2919,60232
2025-02-12 11:30:00,156.337,157.35,156.2586,157.145,54704
2025-02-12 12:30:00,157.1812,157.3788,156.7,156.745,68233
2025-02-12 13:30:00,156.68,156.8,156.15,156.31,52758
2025-02-12 14:30:00,156.315,156.679,156.0876,156.0876,62554
2025-02-12 15:30:00,156.13,156.47,155.8501,156.33,67426
2025-02-13 09:30:00,156.73,157.46,155.5,155.7175,76142
2025-02-13 10:30:00,155.7588,156.0988,155.04,155.1018,59235
2025-02-13 11:30:00,155.0855,155.88,155.0,155.785,26632
2025-02-13 12:30:00,155.775,156.0257,155.41,155.8176,20094
2025-02-13 13:30:00,155.8246,156.6031,154.96,155.44,268954
2025-02-13 14:30:00,155.44,155.64,154.69,155.61,291829
2025-02-13 15:30:00,155.57,155.64,154.7516,155.09,175704
2025-04-17 09:30:00,149.64,150.19,148.4948,148.82,25170
2025-04-17 10:30:00,148.73,150.25,148.63,149.78,31907
2025-04-17 11:30:00,149.69,150.56,149.6701,150.516,22103
2025-04-17 12:30:00,150.36,150.89,150.21,150.35,14571
2025-04-17 13:30:00,150.43,151.06,150.23,150.49,16339
2025-04-17 14:30:00,150.61,150.8386,149.73,149.975,26345
2025-04-17 15:30:00,149.9575,150.28,149.39,149.61,38562
2025-04-21 09:30:00,148.25,148.84,147.38,147.62,31871
2025-04-21 10:30:00,147.49,147.67,145.89,145.9,36884
2025-04-21 11:30:00,145.9953,146.01,145.2073,145.71,27007
2025-04-21 12:30:00,145.7888,146.1,145.07,145.3,30100
2025-04-21 13:30:00,145.1701,145.34,144.8,145.155,47681
2025-04-21 14:30:00,145.09,145.47,144.86,145.2,17713
2025-04-21 15:30:00,145.27,146.529805,145.22,146.24,67616
2025-04-22 09:30:00,145.87,145.9,143.46,145.05,80043
2025-04-22 10:30:00,145.04,145.5155,144.5995,145.19,92358
2025-04-22 11:30:00,145.23,146.44,145.0,146.23,50986
2025-04-22 12:30:00,146.19,146.38,144.0601,144.145,69299
2025-04-22 13:30:00,144.1945,145.39,143.995,145.23,25583
2025-04-22 14:30:00,145.27,146.1299,145.26,145.8455,43395
2025-04-22 15:30:00,145.81,146.52,145.38,146.075,51691
2025-04-23 09:30:00,150.09,152.25,149.896,151.6165,70810
2025-04-23 10:30:00,151.88,152.61,150.62,150.84,29647
2025-04-23 11:30:00,150.85,152.505,149.72,150.1995,16644
2025-04-23 12:30:00,150.24,152.51,150.0301,150.39,21378
2025-04-23 13:30:00,150.47,152.395,150.0179,150.095,36906
2025-04-23 14:30:00,150.155,152.54,149.45,149.84,24108
2025-04-23 15:30:00,149.84,152.4354,149.58,150.22,63516
2025-04-24 09:30:00,150.43,151.44,149.55,151.43,18309
2025-04-24 10:30:00,151.28,152.0,151.28,151.79,30296
2025-04-24 11:30:00,151.8299,152.43,151.63,152.31,81933
2025-04-24 12:30:00,152.31,152.9,152.3,152.56,28830
2025-04-24 13:30:00,152.585,153.15,152.3401,152.635,44949
2025-04-24 14:30:00,152.635,152.9344,152.33,152.6985,37611
2025-04-24 15:30:00,152.655,153.09,152.2301,152.92,73747
2025-04-25 09:30:00,153.21,154.59,153.102,153.27,52750
2025-04-25 10:30:00,153.3975,153.81,153.0311,153.46,39228
2025-04-25 11:30:00,153.495,154.259,153.3801,154.11,23474
2025-04-25 12:30:00,154.18,154.71,154.0801,154.59,15256
2025-04-25 13:30:00,154.58,154.7599,153.66,154.32,29041
2025-04-25 14:30:00,154.33,154.542,154.0865,154.33,33680
2025-04-25 15:30:00,154.295,154.88,154.17,154.77,46485
2025-04-28 09:30:00,155.62,157.0829,155.62,156.35,32342
2025-04-28 10:30:00,156.35,156.35,154.96,155.03,19230
2025-04-28 11:30:00,155.0025,155.17,154.4911,154.8291,12405
2025-04-28 12:30:00,154.78,154.98,154.31,154.39,16084
2025-04-28 13:30:00,154.395,155.2008,154.26,155.06,35456
2025-04-28 14:30:00,155.11,155.53,154.94,155.53,37604
2025-04-28 15:30:00,155.49,156.02,155.2,155.77,71888
2025-04-29 09:30:00,155.73,156.9788,154.92,155.86,22909
2025-04-29 10:30:00,155.8,156.74,155.71,156.21,53097
2025-04-29 11:30:00,156.16,156.48,155.78,156.2701,12856
2025-04-29 12:30:00,156.305,156.4399,155.6001,156.14,13645
2025-04-29 13:30:00,156.05,156.6699,155.9908,156.33,13556
2025-04-29 14:30:00,156.28,156.5999,156.22,156.375,20507
2025-04-29 15:30:00,156.39,156.86,156.29,156.465,41691
2025-04-30 09:30:00,155.0,155.3,153.57,154.8875,76024
2025-04-30 10:30:00,154.815,155.8899,154.63,155.765,17321
2025-04-30 11:30:00,155.735,156.2,155.462,155.54,21773
2025-04-30 12:30:00,155.575,156.0099,155.28,155.945,24198
2025-04-30 13:30:00,155.89,156.5,155.8267,155.905,44331
2025-04-30 14:30:00,155.945,156.1189,155.6101,155.72,40151
2025-04-30 15:30:00,155.7555,157.31,155.44,156.8,42590
2025-05-01 09:30:00,157.89,159.01,156.95,158.92,40135
2025-05-01 10:30:00,158.7845,159.42,157.76,158.83,35665
2025-05-01 11:30:00,158.92,159.2086,157.89,158.05,27052
2025-05-01 12:30:00,158.09,158.7399,157.9001,158.4138,22594
2025-05-01 13:30:00,158.41,158.979,158.29,158.9201,40401
2025-05-01 14:30:00,158.9,159.3693,158.89,159.3693,35201
2025-05-01 15:30:00,159.37,159.5199,158.51,158.6,67921
2025-05-02 09:30:00,160.49,162.47,160.2612,162.41,63796
2025-05-02 10:30:00,162.4599,162.4899,159.54,159.9,84559
2025-05-02 11:30:00,159.92,161.08,159.78,161.025,65826
2025-05-02 12:30:00,161.06,161.48,160.97,161.4,29519
2025-05-02 13:30:00,161.3809,161.79,161.3,161.61,35898
2025-05-02 14:30:00,161.61,161.8,161.27,161.734,68432
2025-05-02 15:30:00,161.6872,161.92,161.21,161.32,103217
2025-05-05 09:30:00,160.8,161.3899,160.29,161.135,67942
2025-05-05 10:30:00,161.165,162.0637,161.0601,161.63,85490
2025-05-05 11:30:00,161.7199,162.13,161.3301,161.92,50839
2025-05-05 12:30:00,161.935,162.0299,161.5,161.56,45309
2025-05-05 13:30:00,161.54,162.14,161.52,162.0101,74649
2025-05-05 14:30:00,162.0385,162.18,161.67,161.79,134605
2025-05-05 15:30:00,161.77,161.97,161.23,161.32,103660
2025-05-06 09:30:00,159.64,160.28,158.5501,159.825,111285
2025-05-06 10:30:00,159.84,160.5718,159.6912,160.345,43144
2025-05-06 11:30:00,160.35,160.42,159.435,159.6799,74987
2025-05-06 12:30:00,159.68,160.27,159.1901,159.57,57122
2025-05-06 13:30:00,159.5713,159.802,158.9301,159.802,33887
2025-05-06 14:30:00,159.6406,160.3299,159.6406,160.31,31870
2025-05-06 15:30:00,160.32,160.61,160.01,160.01,89651
2025-05-07 09:30:00,160.15,160.87,159.7537,159.9999,53364
2025-05-07 10:30:00,159.9,160.09,159.54,160.04,23768
2025-05-07 11:30:00,160.08,160.63,159.9984,160.47,91054
2025-05-07 12:30:00,160.48,161.07,160.475,161.06,22682
2025-05-07 13:30:00,161.0325,161.08,159.7,160.065,20093
2025-05-07 14:30:00,159.99,160.71,159.81,159.91,37011
2025-05-07 15:30:00,159.86,160.8289,159.6601,160.26,64516
2025-05-08 09:30:00,161.87,162.73,161.57,162.73,78648
2025-05-08 10:30:00,162.76,164.084,162.2412,163.78,69951
2025-05-08 11:30:00,163.91,165.09,163.55,164.795,56349
2025-05-08 12:30:00,164.7712,165.15,164.57,164.7,45949
2025-05-08 13:30:00,164.705,164.86,164.12,164.215,51505
2025-05-08 14:30:00,164.2441,164.7,164.06,164.7,118417
2025-05-08 15:30:00,164.69,164.72,163.41,163.47,72166
