bar_start,open,high,low,close,volume
2021-01-21 09:30:00,80.63,81.55,80.13,80.73,34605
2021-01-21 10:30:00,80.84,80.95,78.745,78.975,23678
2021-01-21 11:30:00,79.0,79.54,78.88,79.355,23862
2021-01-21 12:30:00,79.36,79.76,79.29,79.59,15807
2021-01-21 13:30:00,79.6,79.87,79.3808,79.42,23602
2021-01-21 14:30:00,79.43,79.6959,78.89,79.14,145520
2021-01-21 15:30:00,79.14,79.73,78.86,79.48,165168
2021-01-22 09:30:00,79.57,81.0,79.345,79.605,27211
2021-01-22 10:30:00,79.493,80.35,79.493,80.14,45105
2021-01-22 11:30:00,80.185,80.27,79.59,79.61,20077
2021-01-22 12:30:00,79.72,79.88,79.46,79.82,26610
2021-01-22 13:30:00,79.83,80.06,79.31,79.49,34296
2021-01-22 14:30:00,79.49,79.655,79.27,79.5,27982
2021-01-22 15:30:00,79.5,79.68,79.25,79.43,50580
2021-01-25 09:30:00,79.45,79.9899,78.78,79.52,32240
2021-01-25 10:30:00,79.689,80.06,78.7,79.26,20792
2021-01-25 11:30:00,79.255,79.88,79.08,79.35,33538
2021-01-25 12:30:00,79.48,79.71,79.24,79.38,31943
2021-01-25 13:30:00,79.4,79.42,78.68,78.93,77345
2021-01-25 14:30:00,78.93,79.06,78.64,78.95,56789
2021-01-25 15:30:00,78.97,79.1,78.84,78.99,91731
2021-01-26 09:30:00,79.1,79.47,77.62,77.7,18853
2021-01-26 10:30:00,77.68,78.04,76.83,77.3923,14020
2021-01-26 11:30:00,77.55,77.7499,76.9003,77.09,32054
2021-01-26 12:30:00,77.095,77.095,76.15,76.77,24236
2021-01-26 13:30:00,76.79,76.97,76.19,76.19,18272
2021-01-26 14:30:00,76.19,76.54,75.85,75.895,38242
2021-01-26 15:30:00,75.945,76.23,75.27,75.57,70977
2021-01-27 09:30:00,74.02,74.69,72.345,74.01,44285
2021-01-27 10:30:00,73.84,74.74,72.77,72.77,31231
2021-01-27 11:30:00,72.898,73.77,72.51,73.76,26990
2021-01-27 12:30:00,73.63,74.02,73.12,73.18,22125
2021-01-27 13:30:00,73.29,73.33,71.72,71.98,39413
2021-01-27 14:30:00,71.975,72.15,71.22,71.81,45978
2021-01-27 15:30:00,71.725,72.21,71.47,71.76,51013
2021-01-28 09:30:00,72.18,73.46,71.96,73.02,29606
2021-01-28 10:30:00,72.968,73.8,72.63,72.98,78276
2021-01-28 11:30:00,73.0593,73.9839,72.88,73.9099,80392
2021-01-28 12:30:00,73.8682,74.0899,73.79,73.99,50622
2021-01-28 13:30:00,73.994,74.29,73.926,73.96,37449
2021-01-28 14:30:00,74.0051,74.1,73.6204,73.81,80322
2021-01-28 15:30:00,73.9429,73.9429,73.34,73.35,65737
2021-01-29 09:30:00,73.46,74.9899,71.1101,72.61,27885
2021-01-29 10:30:00,72.735,72.79,71.51,71.615,22457
2021-01-29 11:30:00,71.615,72.0199,71.26,71.54,44758
2021-01-29 12:30:00,71.45,71.53,70.8365,71.42,24538
2021-01-29 13:30:00,71.28,71.7965,71.05,71.44,24504
2021-01-29 14:30:00,71.44,71.78,71.085,71.6,26938
2021-01-29 15:30:00,71.6,71.79,70.79,71.06,93914
2021-02-01 09:30:00,71.25,71.78,70.3,71.0247,29620
2021-02-01 10:30:00,70.85,71.06,69.83,69.95,59706
2021-02-01 11:30:00,70.0,70.3599,69.84,69.96,69875
2021-02-01 12:30:00,69.9934,70.1399,69.85,70.045,28031
2021-02-01 13:30:00,70.0555,70.7,69.95,70.68,111531
2021-02-01 14:30:00,70.69,71.35,70.51,70.88,169428
2021-02-01 15:30:00,70.925,71.03,70.47,70.7,97606
2021-02-02 09:30:00,71.67,73.31,70.9641,73.15,113360
2021-02-02 10:30:00,73.09,73.48,72.115,72.3,46325
2021-02-02 11:30:00,72.5,73.07,72.2701,72.71,92641
2021-02-02 12:30:00,72.7,73.65,72.619,73.31,68775
2021-02-02 13:30:00,73.35,73.9806,72.9,73.9806,49466
2021-02-02 14:30:00,73.88,75.13,73.38,74.945,149482
2021-02-02 15:30:00,75.0,75.11,74.52,74.73,200317
2021-02-03 09:30:00,74.53,77.77,69.03,71.49,308649
2021-02-03 10:30:00,71.24,71.89,70.88,71.225,252758
2021-02-03 11:30:00,71.225,71.52,70.3,71.3699,126117
2021-02-03 12:30:00,71.25,71.41,70.71,71.06,187716
2021-02-03 13:30:00,71.07,72.45,70.975,72.105,182215
2021-02-03 14:30:00,72.105,72.32,71.38,71.85,210922
2021-02-03 15:30:00,71.78,71.955,70.79,70.79,177933
2021-02-04 09:30:00,71.32,73.51,70.76,71.755,186846
2021-02-04 10:30:00,71.7614,73.33,71.7614,72.9,206166
2021-02-04 11:30:00,72.94,73.61,72.72,73.41,92158
2021-02-04 12:30:00,73.5,73.78,72.92,73.03,48608
2021-02-04 13:30:00,72.94,73.42,72.41,72.45,83767
2021-02-04 14:30:00,72.5,73.09,72.43,72.895,63187
2021-02-04 15:30:00,72.895,73.36,72.88,73.05,272657
2021-02-05 09:30:00,73.57,75.82,73.39,75.5036,216916
2021-02-05 10:30:00,75.66,76.38,75.2601,76.38,103332
2021-02-05 11:30:00,76.1571,76.89,76.1571,76.57,70428
2021-02-05 12:30:00,76.56,76.65,75.51,75.55,60343
2021-02-05 13:30:00,75.61,76.0,75.37,75.67,88481
2021-02-05 14:30:00,75.75,75.86,75.04,75.415,58938
2021-02-05 15:30:00,75.41,75.45,74.77,74.96,119537
2021-02-08 09:30:00,75.09,75.99,74.99,75.86,43193
2021-02-08 10:30:00,75.6,76.0,75.05,75.72,31649
2021-02-08 11:30:00,75.4655,75.695,75.095,75.165,20367
2021-02-08 12:30:00,75.21,75.5,75.11,75.29,24287
2021-02-08 13:30:00,75.26,75.6,75.15,75.34,27382
2021-02-08 14:30:00,75.38,75.45,74.52,74.7,29084
2021-02-08 15:30:00,74.72,75.23,74.645,75.0,124497
2021-02-09 09:30:00,75.39,75.46,74.42,74.96,38033
2021-02-09 10:30:00,74.75,75.39,74.5239,75.25,42998
2021-02-09 11:30:00,75.18,75.395,74.7885,75.0,30047
2021-02-09 12:30:00,75.0,75.73,74.9168,75.17,41297
2021-02-09 13:30:00,75.12,75.25,74.77,75.05,35831
2021-02-09 14:30:00,75.035,75.117,74.29,74.505,40262
2021-02-09 15:30:00,74.55,75.11,74.41,74.86,90694
2021-02-10 09:30:00,74.82,75.85,73.8172,74.31,42404
2021-02-10 10:30:00,74.52,74.59,73.605,74.54,21860
2021-02-10 11:30:00,74.45,74.58,73.84,74.02,14589
2021-02-10 12:30:00,74.085,74.66,73.92,74.6,15957
2021-02-10 13:30:00,74.6,74.99,74.45,74.86,29421
2021-02-10 14:30:00,74.92,75.12,74.66,74.79,23000
2021-02-10 15:30:00,74.73,74.78,74.205,74.49,39572
2021-04-22 09:30:00,77.51,78.24,76.16,76.74,26724
2021-04-22 10:30:00,76.72,77.3379,76.72,77.18,16901
2021-04-22 11:30:00,77.055,77.37,76.93,77.02,14448
2021-04-22 12:30:00,77.02,77.43,76.59,76.9586,21998
2021-04-22 13:30:00,76.9566,76.98,76.02,76.25,17794
2021-04-22 14:30:00,76.28,76.55,75.91,76.14,18855
2021-04-22 15:30:00,76.08,76.275,75.88,75.92,50458
2021-04-23 09:30:00,75.96,76.87,75.41,76.27,16191
2021-04-23 10:30:00,76.47,76.71,75.87,76.06,11257
2021-04-23 11:30:00,75.99,76.29,75.77,76.03,13607
2021-04-23 12:30:00,75.91,76.24,75.89,75.92,13087
2021-04-23 13:30:00,75.93,76.17,75.87,76.02,13882
2021-04-23 14:30:00,76.02,76.42,75.965,76.24,17267
2021-04-23 15:30:00,76.25,76.52,76.21,76.41,38953
2021-04-26 09:30:00,76.44,77.1699,75.7,76.51,20360
2021-04-26 10:30:00,76.58,76.89,76.35,76.77,13186
2021-04-26 11:30:00,76.69,77.1,76.265,76.27,64513
2021-04-26 12:30:00,76.27,76.46,76.08,76.2,12476
2021-04-26 13:30:00,76.25,76.86,76.2205,76.84,9837
2021-04-26 14:30:00,76.8,77.1,76.7,76.73,16519
2021-04-26 15:30:00,76.78,76.99,76.64,76.67,26890
2021-04-27 09:30:00,76.97,77.32,75.46,76.1527,25390
2021-04-27 10:30:00,76.11,76.93,76.03,76.474,40547
2021-04-27 11:30:00,76.53,76.8789,76.28,76.86,21193
2021-04-27 12:30:00,76.82,76.868,76.35,76.721,11880
2021-04-27 13:30:00,76.56,76.9,76.56,76.77,8031
2021-04-27 14:30:00,76.84,77.14,76.62,77.13,43258
2021-04-27 15:30:00,77.1176,77.16,76.58,76.58,29214
2021-04-28 09:30:00,76.48,76.71,75.4306,76.45,11247
2021-04-28 10:30:00,76.46,76.7,75.0,75.74,29425
2021-04-28 11:30:00,75.75,76.47,75.62,76.19,28962
2021-04-28 12:30:00,76.2329,76.2672,75.94,76.115,6532
2021-04-28 13:30:00,76.05,76.33,75.91,76.22,7902
2021-04-28 14:30:00,76.18,76.27,75.89,76.13,12008
2021-04-28 15:30:00,76.14,76.24,75.78,75.78,27675
2021-04-29 09:30:00,76.31,76.99,75.82,76.15,34240
2021-04-29 10:30:00,76.185,76.89,76.03,76.515,16646
2021-04-29 11:30:00,76.565,76.6,76.06,76.16,10147
2021-04-29 12:30:00,76.22,76.37,76.03,76.25,15526
2021-04-29 13:30:00,76.25,76.55,75.94,76.48,14410
2021-04-29 14:30:00,76.43,76.55,76.17,76.21,18688
2021-04-29 15:30:00,76.22,76.6,76.16,76.57,36955
2021-04-30 09:30:00,76.23,76.8,75.92,76.2747,19644
2021-04-30 10:30:00,76.175,76.3071,75.56,75.709,18356
2021-04-30 11:30:00,75.7,75.88,75.6077,75.831,11510
2021-04-30 12:30:00,75.82,75.98,75.485,75.5,11788
2021-04-30 13:30:00,75.53,75.67,75.13,75.25,18447
2021-04-30 14:30:00,75.25,75.49,75.1,75.46,14897
2021-04-30 15:30:00,75.43,75.525,75.17,75.26,29675
2021-05-03 09:30:00,75.24,75.9,74.63,75.09,16827
2021-05-03 10:30:00,75.025,75.1,74.56,74.59,13259
2021-05-03 11:30:00,74.55,74.9299,74.55,74.87,16484
2021-05-03 12:30:00,74.83,75.3,74.79,75.23,14006
2021-05-03 13:30:00,75.31,75.89,75.04,75.87,20589
2021-05-03 14:30:00,75.83,76.0,75.61,75.79,23466
2021-05-03 15:30:00,75.72,75.83,75.36,75.59,34136
2021-05-04 09:30:00,75.33,75.705,73.4,73.47,32699
2021-05-04 10:30:00,73.41,73.73,72.68,72.8298,42330
2021-05-04 11:30:00,72.78,73.12,72.02,72.61,34257
2021-05-04 12:30:00,72.6,72.6,71.78,71.79,50833
2021-05-04 13:30:00,71.835,71.98,71.0,71.12,71741
2021-05-04 14:30:00,71.15,71.4071,70.28,70.295,83410
2021-05-04 15:30:00,70.33,70.36,69.27,70.25,162051
2021-05-05 09:30:00,52.7422,56.0,52.31,55.2325,2023682
2021-05-05 10:30:00,55.315,58.43,55.09,58.01,1432278
2021-05-05 11:30:00,58.0,59.44,56.51,59.13,739969
2021-05-05 12:30:00,59.17,59.2999,57.63,58.29,581453
2021-05-05 13:30:00,58.28,59.5,58.2,58.46,451294
2021-05-05 14:30:00,58.495,59.36,58.0201,58.4,538978
2021-05-05 15:30:00,58.39,58.61,57.28,57.6901,672717
2021-05-06 09:30:00,58.79,61.15,58.13,60.71,331534
2021-05-06 10:30:00,60.71,62.29,60.0201,62.19,209096
2021-05-06 11:30:00,62.3,63.37,61.98,63.125,159723
2021-05-06 12:30:00,63.15,63.15,62.02,62.465,147544
2021-05-06 13:30:00,62.5,62.73,61.905,62.55,134781
2021-05-06 14:30:00,62.58,63.41,62.51,63.33,164881
2021-05-06 15:30:00,63.355,63.64,63.235,63.49,211306
2021-05-07 09:30:00,62.46,63.65,61.8579,63.61,139440
2021-05-07 10:30:00,62.9544,63.97,62.62,62.62,90231
2021-05-07 11:30:00,62.839,63.09,62.4,63.02,54732
2021-05-07 12:30:00,63.02,63.8,62.88,63.75,52680
2021-05-07 13:30:00,63.75,64.135,63.42,64.0599,50410
2021-05-07 14:30:00,64.0128,64.59,63.91,64.4,66700
2021-05-07 15:30:00,64.4,64.54,64.0901,64.18,117865
2021-05-10 09:30:00,63.01,64.05,62.76,63.45,145384
2021-05-10 10:30:00,63.4,63.86,63.21,63.8055,67872
2021-05-10 11:30:00,63.85,64.2125,63.73,63.73,41019
2021-05-10 12:30:00,63.84,64.1,63.65,64.05,28986
2021-05-10 13:30:00,64.08,64.08,63.4,63.4766,55668
2021-05-10 14:30:00,63.51,63.73,63.37,63.58,70759
2021-05-10 15:30:00,63.53,63.88,63.46,63.62,83101
2021-05-11 09:30:00,62.5,63.69,60.53,62.865,72444
2021-05-11 10:30:00,62.9787,63.14,62.35,62.82,96000
2021-05-11 11:30:00,62.87,63.28,62.7,62.79,28283
2021-05-11 12:30:00,62.79,63.36,62.54,63.1,184560
2021-05-11 13:30:00,63.16,63.2899,62.63,63.01,38340
2021-05-11 14:30:00,63.035,63.37,62.59,63.12,90778
2021-05-11 15:30:00,63.202,63.39,62.775,63.11,95955
2021-05-12 09:30:00,62.74,65.69,62.59,65.235,169904
2021-05-12 10:30:00,65.235,65.46,64.47,64.63,92843
2021-05-12 11:30:00,64.66,64.83,64.08,64.28,58454
2021-05-12 12:30:00,64.3042,64.55,63.77,64.1119,47579
2021-05-12 13:30:00,64.04,64.3842,63.54,63.7,52290
2021-05-12 14:30:00,63.652,64.06,63.29,63.665,79060
2021-05-12 15:30:00,63.63,63.85,63.41,63.69,137944
2021-05-13 09:30:00,64.7631,64.92,63.014,64.5,68217
2021-05-13 10:30:00,64.62,65.39,64.39,64.67,103484
2021-05-13 11:30:00,64.64,65.16,64.56,64.915,77401
2021-05-13 12:30:00,64.9282,65.1,64.58,64.91,39772
2021-05-13 13:30:00,64.87,65.17,64.56,64.94,60291
2021-05-13 14:30:00,64.93,65.3,64.75,65.1,54147
2021-05-13 15:30:00,65.11,65.15,64.47,64.75,131554
2021-07-22 09:30:00,66.32,66.465,65.6,66.13,21848
2021-07-22 10:30:00,65.7701,66.43,65.7701,65.79,13853
2021-07-22 11:30:00,65.74,66.134,65.67,65.8,7999
2021-07-22 12:30:00,65.77,66.29,65.77,66.065,13818
2021-07-22 13:30:00,66.06,66.15,65.93,66.0,21544
2021-07-22 14:30:00,66.005,66.23,65.815,65.89,18915
2021-07-22 15:30:00,65.89,66.041,65.825,65.89,31696
2021-07-23 09:30:00,66.24,66.7199,65.64,66.24,16273
2021-07-23 10:30:00,66.35,66.785,66.26,66.77,11450
2021-07-23 11:30:00,66.77,66.84,66.47,66.58,15679
2021-07-23 12:30:00,66.55,66.7225,66.47,66.47,11600
2021-07-23 13:30:00,66.5,66.71,66.38,66.39,15234
2021-07-23 14:30:00,66.35,66.58,66.31,66.57,15728
2021-07-23 15:30:00,66.58,66.8499,66.375,66.51,51446
2021-07-26 09:30:00,66.48,66.9199,66.23,66.63,26536
2021-07-26 10:30:00,66.59,66.995,66.46,66.86,19941
2021-07-26 11:30:00,66.81,67.04,66.54,66.82,19526
2021-07-26 12:30:00,66.82,66.86,66.55,66.77,9961
2021-07-26 13:30:00,66.725,66.78,66.55,66.74,13045
2021-07-26 14:30:00,66.72,66.75,66.32,66.5,25295
2021-07-26 15:30:00,66.49,66.53,66.2,66.29,30645
2021-07-27 09:30:00,66.2,66.96,65.4,66.2199,14078
2021-07-27 10:30:00,66.01,66.16,65.67,65.83,16605
2021-07-27 11:30:00,65.84,65.85,65.4238,65.55,11022
2021-07-27 12:30:00,65.645,65.73,65.27,65.37,15445
2021-07-27 13:30:00,65.4,65.6,65.25,65.52,7241
2021-07-27 14:30:00,65.52,65.8782,65.48,65.53,22298
2021-07-27 15:30:00,65.55,65.67,65.45,65.5,37022
2021-07-28 09:30:00,65.82,66.76,65.82,66.27,14734
2021-07-28 10:30:00,66.26,66.4,66.0,66.13,21301
2021-07-28 11:30:00,66.23,66.38,65.93,65.99,28387
2021-07-28 12:30:00,65.975,66.05,65.85,65.93,19218
2021-07-28 13:30:00,65.96,66.0999,65.81,65.92,19324
2021-07-28 14:30:00,65.9499,66.57,65.86,66.37,40148
2021-07-28 15:30:00,66.345,66.42,65.81,65.81,46482
2021-07-29 09:30:00,66.26,67.145,66.1701,66.36,13867
2021-07-29 10:30:00,66.2082,66.65,66.1704,66.42,22040
2021-07-29 11:30:00,66.455,66.465,66.14,66.29,19536
2021-07-29 12:30:00,66.23,66.4603,65.99,66.42,57426
2021-07-29 13:30:00,66.42,66.59,66.26,66.32,32453
2021-07-29 14:30:00,66.27,66.325,65.83,65.88,30950
2021-07-29 15:30:00,65.86,65.94,65.65,65.82,53948
2021-07-30 09:30:00,65.53,66.25,65.03,66.19,13689
2021-07-30 10:30:00,66.24,66.28,65.77,65.99,26362
2021-07-30 11:30:00,65.98,66.0,65.835,65.9,12133
2021-07-30 12:30:00,65.88,65.96,65.49,65.59,14918
2021-07-30 13:30:00,65.585,65.77,65.45,65.5952,19435
2021-07-30 14:30:00,65.6,66.0,65.46,65.93,25458
2021-07-30 15:30:00,65.98,66.04,65.76,66.0,43665
2021-08-02 09:30:00,66.42,68.0,65.75,67.0139,29828
2021-08-02 10:30:00,67.0911,67.0911,66.42,66.55,17002
2021-08-02 11:30:00,66.495,66.5999,66.2,66.47,17545
2021-08-02 12:30:00,66.47,66.5,65.95,66.06,24524
2021-08-02 13:30:00,66.06,66.21,65.92,65.97,20324
2021-08-02 14:30:00,65.97,66.09,65.7,65.82,20534
2021-08-02 15:30:00,65.79,65.79,65.16,65.18,75856
2021-08-03 09:30:00,65.4,65.66,63.85,64.59,22275
2021-08-03 10:30:00,64.57,64.65,63.88,63.97,32433
2021-08-03 11:30:00,63.96,64.36,63.96,64.03,26551
2021-08-03 12:30:00,64.01,64.27,63.97,64.18,23161
2021-08-03 13:30:00,64.19,64.22,63.76,63.84,36454
2021-08-03 14:30:00,63.85,64.13,63.67,63.79,65287
2021-08-03 15:30:00,63.82,63.86,63.18,63.32,199037
2021-08-04 09:30:00,54.47,56.07,49.9679,53.3399,1118239
2021-08-04 10:30:00,53.26,53.35,52.285,53.26,496420
2021-08-04 11:30:00,53.26,53.32,52.71,52.83,303344
2021-08-04 12:30:00,52.855,53.03,52.67,53.02,339867
2021-08-04 13:30:00,53.01,54.24,53.0,54.24,417349
2021-08-04 14:30:00,54.23,55.96,54.0418,55.7,609712
2021-08-04 15:30:00,55.65,56.12,55.482,55.91,616429
2021-08-05 09:30:00,56.1,57.48,55.45,56.46,131169
2021-08-05 10:30:00,56.45,57.19,56.25,56.55,48744
2021-08-05 11:30:00,56.5305,57.04,56.48,56.945,54192
2021-08-05 12:30:00,56.945,57.5,56.78,56.91,55643
2021-08-05 13:30:00,56.9491,57.34,56.91,57.15,33571
2021-08-05 14:30:00,57.15,57.3,56.55,56.73,47269
2021-08-05 15:30:00,56.755,57.06,56.7,56.83,99437
2021-08-06 09:30:00,56.99,57.4,55.83,56.096,46971
2021-08-06 10:30:00,56.2,56.31,55.6285,55.98,126233
2021-08-06 11:30:00,55.97,56.09,55.68,55.99,99890
2021-08-06 12:30:00,56.015,56.32,55.93,55.93,65603
2021-08-06 13:30:00,55.92,56.08,55.78,56.005,68953
2021-08-06 14:30:00,56.005,56.27,55.95,56.0,100088
2021-08-06 15:30:00,56.0,56.12,55.84,55.9,261541
2021-08-09 09:30:00,56.27,56.58,55.0214,55.53,75858
2021-08-09 10:30:00,55.51,55.98,55.15,55.605,71901
2021-08-09 11:30:00,55.3535,56.0,55.3535,55.71,127942
2021-08-09 12:30:00,55.71,55.92,55.68,55.86,59952
2021-08-09 13:30:00,55.85,56.19,55.68,55.98,354919
2021-08-09 14:30:00,56.0199,56.2744,55.5,55.51,48925
2021-08-09 15:30:00,55.6651,55.97,55.55,55.78,74473
2021-08-10 09:30:00,55.84,55.84,55.02,55.24,27967
2021-08-10 10:30:00,55.24,55.45,55.1115,55.365,20025
2021-08-10 11:30:00,55.355,55.468,55.01,55.255,38593
2021-08-10 12:30:00,55.19,55.265,54.98,55.14,40980
2021-08-10 13:30:00,55.14,55.365,55.03,55.28,24300
2021-08-10 14:30:00,55.335,55.36,55.12,55.18,28784
2021-08-10 15:30:00,55.2,55.22,54.96,55.12,43361
2021-08-11 09:30:00,54.99,55.6,54.25,54.51,32497
2021-08-11 10:30:00,54.485,55.19,54.46,54.9,40323
2021-08-11 11:30:00,54.95,55.09,54.81,54.97,22362
2021-08-11 12:30:00,55.01,55.02,54.54,54.965,31816
2021-08-11 13:30:00,54.965,55.07,54.8,54.8669,39386
2021-08-11 14:30:00,54.83,54.8899,54.63,54.745,30159
2021-08-11 15:30:00,54.77,54.805,54.54,54.57,121966
2021-08-12 09:30:00,54.6,54.75,53.71,53.93,29618
2021-08-12 10:30:00,54.01,54.3,53.81,54.15,30886
2021-08-12 11:30:00,54.15,54.33,54.0,54.2,19552
2021-08-12 12:30:00,54.2,54.215,53.77,53.92,27683
2021-08-12 13:30:00,53.935,53.935,53.4863,53.56,32294
2021-08-12 14:30:00,53.56,53.58,53.11,53.145,89877
2021-08-12 15:30:00,53.135,53.47,52.95,53.44,104835
2021-10-21 09:30:00,52.91,53.12,52.6739,53.12,20494
2021-10-21 10:30:00,53.11,53.2699,52.845,52.92,14035
2021-10-21 11:30:00,52.91,53.07,52.86,53.015,15134
2021-10-21 12:30:00,53.06,53.15,52.8625,53.15,13744
2021-10-21 13:30:00,53.15,53.18,52.9,52.935,18977
2021-10-21 14:30:00,52.97,53.28,52.97,53.2,30013
2021-10-21 15:30:00,53.21,53.42,53.12,53.33,79915
2021-10-22 09:30:00,53.49,53.825,53.03,53.29,23277
2021-10-22 10:30:00,53.25,53.32,52.91,53.1,29696
2021-10-22 11:30:00,53.11,53.31,52.89,53.21,40238
2021-10-22 12:30:00,53.21,53.35,53.0601,53.205,28567
2021-10-22 13:30:00,53.205,53.305,53.155,53.2543,36852
2021-10-22 14:30:00,53.26,53.37,53.01,53.08,48592
2021-10-22 15:30:00,53.075,53.176,52.65,52.72,71843
2021-10-25 09:30:00,52.73,52.79,51.9301,52.43,18792
2021-10-25 10:30:00,52.37,53.34,52.37,53.34,31466
2021-10-25 11:30:00,53.3,53.48,53.06,53.225,15089
2021-10-25 12:30:00,53.2495,53.39,53.11,53.35,25445
2021-10-25 13:30:00,53.35,53.54,53.292,53.525,17501
2021-10-25 14:30:00,53.53,54.0,53.465,53.5617,25011
2021-10-25 15:30:00,53.54,53.585,53.22,53.49,51293
2021-10-26 09:30:00,52.94,53.205,52.21,53.13,136323
2021-10-26 10:30:00,53.12,53.13,52.82,53.01,56809
2021-10-26 11:30:00,53.01,53.01,52.43,52.495,73077
2021-10-26 12:30:00,52.495,52.84,52.425,52.77,64199
2021-10-26 13:30:00,52.73,53.11,52.63,53.01,46531
2021-10-26 14:30:00,53.04,53.3848,52.74,52.75,181108
2021-10-26 15:30:00,52.78,52.97,52.67,52.9,144193
2021-10-27 09:30:00,52.97,53.43,52.2601,52.77,95541
2021-10-27 10:30:00,52.74,52.91,52.42,52.6,95988
2021-10-27 11:30:00,52.625,52.7,52.33,52.43,109585
2021-10-27 12:30:00,52.42,52.7,52.14,52.57,70662
2021-10-27 13:30:00,52.55,52.74,52.29,52.39,52940
2021-10-27 14:30:00,52.4,52.43,51.81,51.86,132532
2021-10-27 15:30:00,51.855,51.89,51.14,51.14,106722
2021-10-28 09:30:00,51.25,51.8,50.96,51.62,350676
2021-10-28 10:30:00,51.605,51.65,51.07,51.16,29714
2021-10-28 11:30:00,51.165,51.24,50.7501,51.06,42585
2021-10-28 12:30:00,51.01,51.0147,50.46,50.86,133965
2021-10-28 13:30:00,50.77,51.15,50.7271,50.925,84533
2021-10-28 14:30:00,50.8544,50.93,50.21,50.295,120538
2021-10-28 15:30:00,50.31,50.63,50.22,50.24,314179
2021-10-29 09:30:00,50.89,51.06,50.02,50.135,43912
2021-10-29 10:30:00,50.16,51.28,50.02,51.05,51963
2021-10-29 11:30:00,51.065,51.26,50.96,51.1927,44694
2021-10-29 12:30:00,51.22,51.56,51.18,51.34,35040
2021-10-29 13:30:00,51.41,51.57,51.18,51.21,24612
2021-10-29 14:30:00,51.21,51.38,50.89,51.066,42750
2021-10-29 15:30:00,51.07,51.58,50.98,51.51,55026
2021-11-01 09:30:00,51.62,52.47,51.6,52.42,28069
2021-11-01 10:30:00,52.3457,52.855,52.23,52.69,34506
2021-11-01 11:30:00,52.6499,52.7,52.45,52.4917,22275
2021-11-01 12:30:00,52.4945,52.82,52.32,52.54,21425
2021-11-01 13:30:00,52.4521,52.59,52.23,52.48,34760
2021-11-01 14:30:00,52.4528,52.68,52.45,52.54,94726
2021-11-01 15:30:00,52.6051,52.68,52.45,52.56,60020
2021-11-02 09:30:00,52.7,52.959,51.58,51.66,21991
2021-11-02 10:30:00,51.65,52.06,51.36,52.06,48955
2021-11-02 11:30:00,52.02,52.3,51.94,52.05,26959
2021-11-02 12:30:00,52.05,52.29,51.525,51.68,47968
2021-11-02 13:30:00,51.655,51.8,51.052,51.3,69759
2021-11-02 14:30:00,51.3,51.41,51.17,51.24,107774
2021-11-02 15:30:00,51.24,51.53,51.18,51.5,102626
2021-11-03 09:30:00,49.98,51.49,47.51,51.01,138289
2021-11-03 10:30:00,51.01,51.25,50.38,51.16,48122
2021-11-03 11:30:00,51.2,51.77,51.06,51.16,67196
2021-11-03 12:30:00,51.16,51.24,50.64,51.19,57444
2021-11-03 13:30:00,51.13,52.25,51.1,52.096,70032
2021-11-03 14:30:00,52.08,53.05,52.07,52.55,97803
2021-11-03 15:30:00,52.55,53.06,52.53,52.79,119860
2021-11-04 09:30:00,52.98,53.445,51.63,51.65,45373
2021-11-04 10:30:00,51.68,52.24,51.625,51.96,40288
2021-11-04 11:30:00,52.01,52.6,52.01,52.33,26997
2021-11-04 12:30:00,52.3499,52.54,52.01,52.02,23841
2021-11-04 13:30:00,52.06,52.28,52.0,52.09,26344
2021-11-04 14:30:00,52.045,52.13,51.68,51.68,93642
2021-11-04 15:30:00,51.705,52.1149,51.545,52.01,135885
2021-11-05 09:30:00,52.3,52.97,51.84,52.59,30679
2021-11-05 10:30:00,52.655,52.83,52.415,52.59,29575
2021-11-05 11:30:00,52.59,52.64,52.11,52.2381,29033
2021-11-05 12:30:00,52.37,52.4,51.78,51.825,29254
2021-11-05 13:30:00,52.0301,52.0301,51.61,51.9,24144
2021-11-05 14:30:00,51.88,52.14,51.8,51.855,33524
2021-11-05 15:30:00,51.91,52.08,51.8,52.01,139789
2021-11-08 09:30:00,51.95,52.22,51.06,51.27,51137
2021-11-08 10:30:00,51.25,51.67,51.155,51.51,29849
2021-11-08 11:30:00,51.51,51.58,51.4,51.5,25344
2021-11-08 12:30:00,51.54,51.5991,51.47,51.52,18901
2021-11-08 13:30:00,51.5,51.63,51.49,51.5,28266
2021-11-08 14:30:00,51.5,51.6,51.21,51.46,35574
2021-11-08 15:30:00,51.42,51.59,51.26,51.51,52922
2021-11-09 09:30:00,51.67,52.74,50.89,51.85,26521
2021-11-09 10:30:00,51.815,51.83,51.4,51.57,21690
2021-11-09 11:30:00,51.56,51.85,51.48,51.55,11880
2021-11-09 12:30:00,51.53,51.88,51.52,51.81,20106
2021-11-09 13:30:00,51.83,51.87,51.56,51.635,12298
2021-11-09 14:30:00,51.67,51.74,51.51,51.62,16842
2021-11-09 15:30:00,51.59,51.69,51.41,51.59,46915
2021-11-10 09:30:00,51.44,52.26,51.03,52.25,20174
2021-11-10 10:30:00,52.18,52.49,51.92,52.01,28760
2021-11-10 11:30:00,52.03,52.6,51.97,52.41,36209
2021-11-10 12:30:00,52.415,52.66,52.11,52.3,40565
2021-11-10 13:30:00,52.285,52.59,52.17,52.405,124688
2021-11-10 14:30:00,52.28,52.4859,51.8,52.22,46056
2021-11-10 15:30:00,52.25,52.33,51.77,52.15,154881
2021-11-11 09:30:00,52.16,52.635,51.32,51.53,15959
2021-11-11 10:30:00,51.555,51.64,51.28,51.45,19325
2021-11-11 11:30:00,51.45,51.58,50.45,50.45,26808
2021-11-11 12:30:00,50.45,50.98,50.26,50.66,64782
2021-11-11 13:30:00,50.7,50.91,50.58,50.78,23897
2021-11-11 14:30:00,50.8,50.85,50.61,50.795,49892
2021-11-11 15:30:00,50.79,51.06,50.68,50.96,110887
2022-01-20 09:30:00,58.46,59.19,58.28,59.03,38358
2022-01-20 10:30:00,59.115,59.35,58.74,58.91,33143
2022-01-20 11:30:00,58.855,59.02,58.43,58.5557,20799
2022-01-20 12:30:00,58.64,58.94,58.59,58.705,25455
2022-01-20 13:30:00,58.74,58.74,58.145,58.145,27072
2022-01-20 14:30:00,58.15,58.33,58.06,58.19,73105
2022-01-20 15:30:00,58.12,58.2599,57.64,57.87,530288
2022-01-21 09:30:00,58.34,58.99,57.84,58.63,56043
2022-01-21 10:30:00,58.58,58.8,58.26,58.71,36566
2022-01-21 11:30:00,58.73,58.73,57.96,58.28,46247
2022-01-21 12:30:00,58.29,58.51,57.915,58.28,57215
2022-01-21 13:30:00,58.275,58.72,58.15,58.3975,42520
2022-01-21 14:30:00,58.285,58.45,57.61,57.98,67635
2022-01-21 15:30:00,57.99,58.36,57.92,57.93,129707
2022-01-24 09:30:00,56.98,57.57,54.89,57.34,59224
2022-01-24 10:30:00,57.41,57.895,57.1468,57.67,46178
2022-01-24 11:30:00,57.7,57.72,57.1,57.27,90223
2022-01-24 12:30:00,57.31,57.92,56.985,57.72,36772
2022-01-24 13:30:00,57.65,58.6,57.44,58.0,38026
2022-01-24 14:30:00,58.0,58.48,57.61,58.3,72633
2022-01-24 15:30:00,58.28,58.9,58.17,58.75,93866
2022-01-25 09:30:00,58.37,59.0,57.5,58.34,104377
2022-01-25 10:30:00,58.2733,58.33,57.3833,57.652087,46420
2022-01-25 11:30:00,57.605,57.6962,56.95,57.15,39498
2022-01-25 12:30:00,57.09,57.17,56.78,57.13,49423
2022-01-25 13:30:00,57.09,57.56,56.94,57.43,70987
2022-01-25 14:30:00,57.43,57.74,56.795,56.8,78414
2022-01-25 15:30:00,56.8,56.98,56.465,56.58,95173
2022-01-26 09:30:00,56.86,57.654,56.36,57.3,79837
2022-01-26 10:30:00,57.21,57.54,57.04,57.39,50577
2022-01-26 11:30:00,57.39,57.43,56.94,57.09,34672
2022-01-26 12:30:00,57.12,57.3,56.88,56.96,33433
2022-01-26 13:30:00,56.91,57.27,56.47,57.01,40115
2022-01-26 14:30:00,56.935,57.03,55.46,56.04,117306
2022-01-26 15:30:00,55.99,56.65,55.94,56.12,241939
2022-01-27 09:30:00,56.18,56.77,54.55,56.2,33356
2022-01-27 10:30:00,56.2,56.55,55.81,56.0,44245
2022-01-27 11:30:00,55.96,56.25,55.55,55.73,25150
2022-01-27 12:30:00,55.73,55.86,55.24,55.29,107787
2022-01-27 13:30:00,55.24,55.5,54.7,54.8,57353
2022-01-27 14:30:00,54.795,54.84,53.94,54.41,62908
2022-01-27 15:30:00,54.41,54.72,54.3176,54.58,68914
2022-01-28 09:30:00,54.23,54.7,52.65,52.96,62899
2022-01-28 10:30:00,53.08,53.41,52.55,53.13,64297
2022-01-28 11:30:00,53.12,53.74,53.02,53.61,57817
2022-01-28 12:30:00,53.58,53.62,52.89,53.38,54882
2022-01-28 13:30:00,53.39,53.64,52.84,52.84,55907
2022-01-28 14:30:00,52.83,53.81,52.69,53.68,49704
2022-01-28 15:30:00,53.7,54.56,53.53,54.53,101582
2022-01-31 09:30:00,54.0,55.78,53.3201,55.44,81454
2022-01-31 10:30:00,55.53,56.33,55.5,56.06,48921
2022-01-31 11:30:00,56.08,56.84,56.02,56.56,55782
2022-01-31 12:30:00,56.48,56.58,56.22,56.5,30589
2022-01-31 13:30:00,56.56,56.6299,56.32,56.415,25830
2022-01-31 14:30:00,56.415,56.6401,56.105,56.28,37536
2022-01-31 15:30:00,56.28,56.93,56.23,56.905,93723
2022-02-01 09:30:00,56.88,57.0,55.36,56.15,105090
2022-02-01 10:30:00,56.19,56.67,55.94,56.06,144372
2022-02-01 11:30:00,56.03,56.14,55.58,55.94,86970
2022-02-01 12:30:00,55.94,56.13,55.66,56.13,49480
2022-02-01 13:30:00,56.11,56.4,55.82,56.095,51884
2022-02-01 14:30:00,56.08,56.37,55.98,56.335,63542
2022-02-01 15:30:00,56.37,56.45,55.8555,56.32,123755
2022-02-02 09:30:00,51.57,52.5744,49.63,51.63,598502
2022-02-02 10:30:00,51.6,51.73,50.56,51.055,306309
2022-02-02 11:30:00,51.055,51.49,50.97,51.365,229877
2022-02-02 12:30:00,51.365,52.86,51.19,51.76,428233
2022-02-02 13:30:00,51.725,52.5342,51.01,51.605,293751
2022-02-02 14:30:00,51.605,52.25,51.53,51.99,286587
2022-02-02 15:30:00,51.985,52.25,51.62,52.09,324115
2022-02-03 09:30:00,51.62,53.4,51.23,53.3,108406
2022-02-03 10:30:00,53.25,53.65,52.96,53.505,78659
2022-02-03 11:30:00,53.505,53.695,53.09,53.26,72625
2022-02-03 12:30:00,53.265,53.64,53.085,53.62,86718
2022-02-03 13:30:00,53.62,54.18,53.36,54.105,94979
2022-02-03 14:30:00,54.105,54.18,52.9101,53.4,119721
2022-02-03 15:30:00,53.41,53.71,53.31,53.34,136882
2022-02-04 09:30:00,53.22,53.465,52.32,52.32,56232
2022-02-04 10:30:00,52.39,52.82,52.04,52.68,57393
2022-02-04 11:30:00,52.68,53.26,52.5928,52.61,39065
2022-02-04 12:30:00,52.665,52.95,52.54,52.64,29348
2022-02-04 13:30:00,52.685,52.83,52.36,52.36,28448
2022-02-04 14:30:00,52.4479,52.76,52.35,52.54,45942
2022-02-04 15:30:00,52.57,52.71,52.006,52.15,89020
2022-02-07 09:30:00,51.95,52.69,51.11,52.59,28051
2022-02-07 10:30:00,52.4913,52.91,52.4913,52.8,30728
2022-02-07 11:30:00,52.8196,52.895,52.49,52.58,27925
2022-02-07 12:30:00,52.6,52.89,52.6,52.77,32543
2022-02-07 13:30:00,52.7463,52.77,52.19,52.31,30878
2022-02-07 14:30:00,52.255,52.36,51.89,51.89,38160
2022-02-07 15:30:00,52.067,52.1,51.86,52.05,68010
2022-02-08 09:30:00,52.27,52.595,51.52,51.77,48818
2022-02-08 10:30:00,51.78,52.47,51.61,52.32,33547
2022-02-08 11:30:00,52.28,52.56,52.2,52.33,39445
2022-02-08 12:30:00,52.36,52.38,51.89,51.93,31275
2022-02-08 13:30:00,51.96,52.18,51.62,51.62,38861
2022-02-08 14:30:00,51.62,51.76,51.28,51.44,53528
2022-02-08 15:30:00,51.47,52.06,51.37,51.82,108603
2022-02-09 09:30:00,52.46,53.15,52.045,52.76,38020
2022-02-09 10:30:00,52.73,53.5,52.72,53.325,41303
2022-02-09 11:30:00,53.3815,53.46,53.0,53.05,27171
2022-02-09 12:30:00,53.05,53.44,52.88,53.435,27219
2022-02-09 13:30:00,53.45,53.655,53.21,53.25,35564
2022-02-09 14:30:00,53.2828,53.53,53.0,53.0874,42251
2022-02-09 15:30:00,53.0873,53.3,52.97,53.18,89585
2022-02-10 09:30:00,52.78,53.73,52.51,53.28,34239
2022-02-10 10:30:00,53.14,53.58,53.14,53.17,28603
2022-02-10 11:30:00,53.2616,53.43,52.96,53.37,21450
2022-02-10 12:30:00,53.38,53.43,52.45,52.52,28382
2022-02-10 13:30:00,52.58,52.65,52.15,52.34,28944
2022-02-10 14:30:00,52.34,52.71,52.25,52.43,48617
2022-02-10 15:30:00,52.41,52.69,52.19,52.59,111566
2022-04-21 09:30:00,62.1,62.87,61.06,61.18,15006
2022-04-21 10:30:00,61.09,61.16,60.25,60.77,13578
2022-04-21 11:30:00,60.77,61.0,60.04,60.04,18699
2022-04-21 12:30:00,60.0,60.1,58.95,59.17,45926
2022-04-21 13:30:00,59.2612,59.44,58.3,58.66,33316
2022-04-21 14:30:00,58.66,58.93,58.34,58.93,45989
2022-04-21 15:30:00,58.895,58.92,58.33,58.67,64755
2022-04-22 09:30:00,57.67,58.97,57.375,58.715,13442
2022-04-22 10:30:00,58.715,58.715,57.82,58.35,15756
2022-04-22 11:30:00,58.35,58.48,58.105,58.48,16643
2022-04-22 12:30:00,58.48,58.64,58.2,58.44,21511
2022-04-22 13:30:00,58.4,58.57,58.04,58.09,29501
2022-04-22 14:30:00,58.1,58.64,58.01,58.62,31123
2022-04-22 15:30:00,58.6,58.93,58.535,58.66,53601
2022-04-25 09:30:00,58.31,58.66,57.01,57.45,18647
2022-04-25 10:30:00,57.56,57.67,56.37,56.44,19800
2022-04-25 11:30:00,56.35,57.34,56.35,56.75,26076
2022-04-25 12:30:00,56.76,57.17,56.66,56.9101,21230
2022-04-25 13:30:00,56.88,57.56,56.67,57.44,15542
2022-04-25 14:30:00,57.5,57.63,56.97,57.25,19729
2022-04-25 15:30:00,57.3,57.71,57.2,57.54,54333
2022-04-26 09:30:00,57.57,58.8,56.7409,58.06,30906
2022-04-26 10:30:00,58.1,58.1,57.46,57.76,15071
2022-04-26 11:30:00,57.76,57.89,57.36,57.84,13646
2022-04-26 12:30:00,57.82,57.83,57.475,57.6,20263
2022-04-26 13:30:00,57.57,57.8,57.3257,57.695,26820
2022-04-26 14:30:00,57.73,57.765,57.1329,57.415,26502
2022-04-26 15:30:00,57.44,57.63,57.19,57.6,127380
2022-04-27 09:30:00,58.02,58.2,56.72,56.765,37477
2022-04-27 10:30:00,56.7146,57.54,56.6,56.91,27469
2022-04-27 11:30:00,56.98,57.19,56.77,56.99,23537
2022-04-27 12:30:00,57.05,57.25,56.55,57.16,25668
2022-04-27 13:30:00,57.175,57.44,56.92,56.94,20112
2022-04-27 14:30:00,57.0573,57.0573,56.32,56.68,45154
2022-04-27 15:30:00,56.6008,56.73,56.32,56.62,62371
2022-04-28 09:30:00,57.24,57.24,56.05,56.445,23498
2022-04-28 10:30:00,56.5,56.69,56.33,56.425,14341
2022-04-28 11:30:00,56.43,56.55,56.235,56.42,14508
2022-04-28 12:30:00,56.395,57.1671,56.395,57.05,22486
2022-04-28 13:30:00,57.085,57.41,56.99,57.27,12748
2022-04-28 14:30:00,57.17,57.53,56.96,57.02,22403
2022-04-28 15:30:00,56.98,57.02,56.71,56.79,24098
2022-04-29 09:30:00,57.165,57.68,56.16,56.45,17987
2022-04-29 10:30:00,56.51,56.79,56.38,56.615,23514
2022-04-29 11:30:00,56.66,56.79,56.33,56.41,15479
2022-04-29 12:30:00,56.35,56.6,55.95,56.44,23600
2022-04-29 13:30:00,56.42,56.46,56.05,56.4,8605
2022-04-29 14:30:00,56.4,56.5,55.9,56.035,15242
2022-04-29 15:30:00,55.97,56.06,55.53,55.76,28703
2022-05-02 09:30:00,56.01,56.87,55.15,56.81,43622
2022-05-02 10:30:00,56.885,57.02,56.5,56.585,32098
2022-05-02 11:30:00,56.55,57.46,56.36,57.22,39019
2022-05-02 12:30:00,57.32,57.39,56.63,57.06,37718
2022-05-02 13:30:00,57.13,57.16,56.105,56.385,37113
2022-05-02 14:30:00,56.34,56.84,55.96,56.7,30806
2022-05-02 15:30:00,56.715,57.15,56.66,56.94,72300
2022-05-03 09:30:00,57.03,58.5,56.925,58.26,113631
2022-05-03 10:30:00,58.38,58.54,57.57,57.73,37181
2022-05-03 11:30:00,57.79,57.97,57.05,57.59,42492
2022-05-03 12:30:00,57.59,58.12,57.43,57.6353,85534
2022-05-03 13:30:00,57.67,57.835,57.0,57.12,57477
2022-05-03 14:30:00,57.15,57.3,55.615,55.92,103031
2022-05-03 15:30:00,55.99,56.19,55.5,55.75,142714
2022-05-04 09:30:00,55.79,59.09,54.96,58.53,125082
2022-05-04 10:30:00,58.7067,59.51,58.4,59.09,64398
2022-05-04 11:30:00,59.01,60.085,58.89,59.43,87207
2022-05-04 12:30:00,59.43,60.11,59.4,59.53,78747
2022-05-04 13:30:00,59.5,59.793,59.27,59.67,89300
2022-05-04 14:30:00,59.69,60.88,59.28,59.56,129224
2022-05-04 15:30:00,59.605,60.02,59.54,59.77,157753
2022-05-05 09:30:00,58.25,59.35,57.41,59.029922,118772
2022-05-05 10:30:00,59.0,59.42,58.72,59.065,126577
2022-05-05 11:30:00,59.065,59.295,58.65,59.18,125533
2022-05-05 12:30:00,59.21,59.28,58.57,58.97,66097
2022-05-05 13:30:00,59.025,59.42,58.83,58.89,88791
2022-05-05 14:30:00,58.825,59.16,58.65,58.77,58102
2022-05-05 15:30:00,58.81,59.08,58.47,58.95,90889
2022-05-06 09:30:00,58.72,59.15,57.24,57.395,72615
2022-05-06 10:30:00,57.39,58.115,57.16,57.46,40422
2022-05-06 11:30:00,57.5359,57.5435,56.51,57.27,32309
2022-05-06 12:30:00,57.2,57.81,57.0354,57.68,37429
2022-05-06 13:30:00,57.665,57.78,56.78,57.05,28089
2022-05-06 14:30:00,57.0,57.61,56.725,56.89,99758
2022-05-06 15:30:00,56.935,57.55,56.56,57.55,90962
2022-05-09 09:30:00,59.23,59.23,56.6,56.67,33713
2022-05-09 10:30:00,56.67,56.7,55.4,55.455,20383
2022-05-09 11:30:00,55.4,55.91,55.14,55.9,22211
2022-05-09 12:30:00,55.9,55.95,55.315,55.765,28267
2022-05-09 13:30:00,55.71,55.8,55.255,55.51,24543
2022-05-09 14:30:00,55.455,55.64,55.055,55.16,29346
2022-05-09 15:30:00,55.17,55.27,54.6,54.84,51203
2022-05-10 09:30:00,55.57,56.2,54.94,55.52,38932
2022-05-10 10:30:00,55.54,55.6,54.0626,54.64,30992
2022-05-10 11:30:00,54.68,54.96,54.1,54.28,27175
2022-05-10 12:30:00,54.31,55.0,53.96,55.0,23868
2022-05-10 13:30:00,55.01,56.27,55.01,55.5674,27115
2022-05-10 14:30:00,55.67,55.905,54.65,54.88,67316
2022-05-10 15:30:00,54.88,55.01,54.49,54.97,83600
2022-05-11 09:30:00,54.87,56.61,54.28,55.96,34118
2022-05-11 10:30:00,56.04,56.1,54.88,55.26,22526
2022-05-11 11:30:00,55.29,55.585,54.755,54.77,13123
2022-05-11 12:30:00,55.0647,55.16,54.32,54.32,24399
2022-05-11 13:30:00,54.32,55.01,54.21,54.83,26592
2022-05-11 14:30:00,54.9045,55.4,54.44,54.75,24032
2022-05-11 15:30:00,54.73,54.83,54.115,54.32,44743
2022-05-12 09:30:00,53.91,55.245,53.75,54.99,29578
2022-05-12 10:30:00,54.92,55.79,54.78,55.43,79331
2022-05-12 11:30:00,55.41,55.49,54.64,55.0,42278
2022-05-12 12:30:00,55.0,55.41,54.685,54.94,36470
2022-05-12 13:30:00,54.852045,54.935,54.24,54.64,37090
2022-05-12 14:30:00,54.657117,54.657117,54.065,54.34,38637
2022-05-12 15:30:00,54.35,55.01,54.35,55.01,56387
2022-07-21 09:30:00,61.14,62.0008,59.52,61.47,32686
2022-07-21 10:30:00,61.565,62.17,61.49,61.565,25590
2022-07-21 11:30:00,61.66,61.75,61.48,61.71,6980
2022-07-21 12:30:00,61.71,61.75,61.22,61.2956,14222
2022-07-21 13:30:00,61.31,61.63,61.22,61.42,8766
2022-07-21 14:30:00,61.45,61.64,61.17,61.36,15416
2022-07-21 15:30:00,61.34,61.92,61.235,61.9,41762
2022-07-22 09:30:00,62.29,62.41,61.31,62.0,23258
2022-07-22 10:30:00,62.02,62.49,61.76,61.83,17590
2022-07-22 11:30:00,61.91,62.07,61.66,61.67,7655
2022-07-22 12:30:00,61.7774,61.91,61.54,61.64,9505
2022-07-22 13:30:00,61.65,61.685,61.03,61.37,10835
2022-07-22 14:30:00,61.34,61.36,61.0,61.15,14933
2022-07-22 15:30:00,61.15,61.38,61.04,61.32,34883
2022-07-25 09:30:00,61.13,62.45,60.46,61.16,22535
2022-07-25 10:30:00,61.225,61.79,61.16,61.41,14531
2022-07-25 11:30:00,61.41,61.52,61.03,61.07,48396
2022-07-25 12:30:00,61.04,61.27,60.89,60.95,25586
2022-07-25 13:30:00,61.06,61.51,60.93,61.26,60566
2022-07-25 14:30:00,61.26,61.81,61.23,61.68,46785
2022-07-25 15:30:00,61.68,62.17,61.56,62.13,43860
2022-07-26 09:30:00,61.99,61.99,59.9401,61.09,261431
2022-07-26 10:30:00,61.1,61.26,59.21,59.22,111057
2022-07-26 11:30:00,59.27,59.91,59.09,59.45,45215
2022-07-26 12:30:00,59.45,59.7,59.25,59.41,67607
2022-07-26 13:30:00,59.42,59.45,58.6,58.61,49221
2022-07-26 14:30:00,58.61,58.7613,57.19,57.55,168947
2022-07-26 15:30:00,57.56,57.5653,56.85,57.21,173928
2022-07-27 09:30:00,57.3,57.85,57.05,57.27,40168
2022-07-27 10:30:00,57.26,57.47,57.05,57.34,22511
2022-07-27 11:30:00,57.36,57.6,57.19,57.235,117169
2022-07-27 12:30:00,57.2496,57.36,56.5487,56.9454,47759
2022-07-27 13:30:00,56.91,57.2,56.33,57.145,103376
2022-07-27 14:30:00,57.11,57.83,56.8,57.36,112283
2022-07-27 15:30:00,57.38,57.44,57.01,57.21,154261
2022-07-28 09:30:00,57.76,58.51,56.73,56.9698,50316
2022-07-28 10:30:00,56.865,57.66,56.8,57.36,44737
2022-07-28 11:30:00,57.266,57.4,56.9,57.23,26200
2022-07-28 12:30:00,57.15,57.3471,57.04,57.095,29507
2022-07-28 13:30:00,57.0815,57.62,57.05,57.5,101983
2022-07-28 14:30:00,57.4866,57.55,57.1,57.2302,55411
2022-07-28 15:30:00,57.31,57.39,57.12,57.21,139423
2022-07-29 09:30:00,57.08,59.33,57.08,58.18,69128
2022-07-29 10:30:00,58.265,58.32,57.65,57.99,28148
2022-07-29 11:30:00,58.0,58.11,57.84,58.01,25678
2022-07-29 12:30:00,58.02,58.6,57.98,58.6,64283
2022-07-29 13:30:00,58.59,59.18,58.4201,59.12,27955
2022-07-29 14:30:00,59.08,59.28,58.8201,59.015,40496
2022-07-29 15:30:00,59.015,59.34,59.0,59.06,77405
2022-08-01 09:30:00,58.86,59.2897,57.91,57.995,59858
2022-08-01 10:30:00,58.05,58.1707,57.39,58.0,92129
2022-08-01 11:30:00,58.03,58.26,57.63,57.84,34935
2022-08-01 12:30:00,57.83,58.52,57.74,57.9,54491
2022-08-01 13:30:00,57.9,58.81,57.46,58.6474,57369
2022-08-01 14:30:00,58.775,59.33,58.72,59.245,69107
2022-08-01 15:30:00,59.22,59.57,59.11,59.39,57242
2022-08-02 09:30:00,59.85,60.61,59.07,60.01,62981
2022-08-02 10:30:00,59.97,60.07,59.19,59.34,29472
2022-08-02 11:30:00,59.34,59.665,58.99,59.21,41379
2022-08-02 12:30:00,59.215,59.32,58.9392,59.135,32533
2022-08-02 13:30:00,59.135,59.18,58.68,59.105,41805
2022-08-02 14:30:00,59.18,59.18,57.98,58.15,104605
2022-08-02 15:30:00,58.2,58.37,57.14,57.49,266093
2022-08-03 09:30:00,52.98,55.63,44.04,47.72,821293
2022-08-03 10:30:00,47.82,50.68,47.57,49.58,327056
2022-08-03 11:30:00,49.47,50.37,49.2942,50.3,203816
2022-08-03 12:30:00,50.19,50.3,49.6,49.99,156179
2022-08-03 13:30:00,49.995,50.98,49.88,50.485,175831
2022-08-03 14:30:00,50.51,50.68,49.62,50.065,178051
2022-08-03 15:30:00,50.06,50.72,49.19,49.81,288683
2022-08-04 09:30:00,49.77,51.49,48.81,51.06,159732
2022-08-04 10:30:00,51.06,51.12,49.99,50.045,88354
2022-08-04 11:30:00,50.01,50.39,50.0,50.34,54204
2022-08-04 12:30:00,50.33,50.39,49.9562,50.38,65374
2022-08-04 13:30:00,50.37,50.39,50.12,50.32,60666
2022-08-04 14:30:00,50.31,50.72,49.99,50.705,79290
2022-08-04 15:30:00,50.705,50.81,50.32,50.45,127554
2022-08-05 09:30:00,49.84,50.82,49.84,50.545,57146
2022-08-05 10:30:00,50.6,51.53,50.43,50.93,102411
2022-08-05 11:30:00,50.94,51.01,49.98,50.05,27144
2022-08-05 12:30:00,50.05,50.64,50.05,50.53,32561
2022-08-05 13:30:00,50.54,50.71,50.24,50.37,32980
2022-08-05 14:30:00,50.38,50.68,50.36,50.5,34727
2022-08-05 15:30:00,50.448,50.97,50.32,50.97,103027
2022-08-08 09:30:00,50.7,51.57,50.43,51.56,50964
2022-08-08 10:30:00,51.575,51.74,51.37,51.65,38652
2022-08-08 11:30:00,51.64,51.64,50.4,50.56,39516
2022-08-08 12:30:00,50.52,52.29,50.5,52.21,86225
2022-08-08 13:30:00,52.2,52.64,51.67,51.67,68756
2022-08-08 14:30:00,51.67,51.9,51.53,51.61,40137
2022-08-08 15:30:00,51.58,51.88,51.54,51.66,79934
2022-08-09 09:30:00,51.72,52.3,50.83,50.87,42960
2022-08-09 10:30:00,50.79,50.96,50.35,50.76,22928
2022-08-09 11:30:00,50.76,50.85,50.08,50.15,37148
2022-08-09 12:30:00,50.15,50.21,49.9842,50.09,26175
2022-08-09 13:30:00,50.075,50.44,49.995,50.32,21272
2022-08-09 14:30:00,50.32,50.48,49.97,50.35,46896
2022-08-09 15:30:00,50.35,50.35,49.99,50.28,85665
2022-08-10 09:30:00,50.81,51.64,49.09,51.27,52456
2022-08-10 10:30:00,51.24,51.47,50.74,50.77,36273
2022-08-10 11:30:00,50.85,50.9195,50.0,50.0103,34262
2022-08-10 12:30:00,50.055,50.4,50.055,50.24,33422
2022-08-10 13:30:00,50.25,50.49,50.18,50.475,23372
2022-08-10 14:30:00,50.475,50.865,50.4581,50.779,40150
2022-08-10 15:30:00,50.8,51.0,50.62,50.68,83725
2022-08-11 09:30:00,50.61,51.07,50.01,50.845,63973
2022-08-11 10:30:00,50.85,51.32,50.6799,50.77,41881
2022-08-11 11:30:00,50.76,50.939,50.32,50.65,25888
2022-08-11 12:30:00,50.645,50.96,50.645,50.85,19882
2022-08-11 13:30:00,50.8234,51.0,50.13,50.155,32990
2022-08-11 14:30:00,50.155,50.31,50.0,50.165,50412
2022-08-11 15:30:00,50.12,50.2,50.0,50.2,48293
2022-10-20 09:30:00,44.96,45.76,44.4892,45.5,43428
2022-10-20 10:30:00,45.3469,45.77,45.31,45.43,32741
2022-10-20 11:30:00,45.4518,45.8,45.19,45.2223,19562
2022-10-20 12:30:00,45.3548,45.36,44.96,45.29,19266
2022-10-20 13:30:00,45.1613,45.55,45.1,45.18,27782
2022-10-20 14:30:00,45.1669,45.6,45.16,45.53,38595
2022-10-20 15:30:00,45.4655,45.71,45.27,45.51,65714
2022-10-21 09:30:00,45.64,46.0,44.46,45.225,56927
2022-10-21 10:30:00,45.32,46.055,45.21,45.996,13335
2022-10-21 11:30:00,45.95,46.65,45.95,46.5,11792
2022-10-21 12:30:00,46.5323,46.94,46.27,46.375,26887
2022-10-21 13:30:00,46.38,46.75,46.37,46.705,10241
2022-10-21 14:30:00,46.75,47.0,46.7077,46.89,32121
2022-10-21 15:30:00,46.91,46.98,46.6801,46.7,46519
2022-10-24 09:30:00,46.92,47.37,46.1,46.31,35081
2022-10-24 10:30:00,46.235,46.4,45.79,46.12,19070
2022-10-24 11:30:00,46.08,46.5,46.07,46.47,13709
2022-10-24 12:30:00,46.415,46.49,46.14,46.26,9545
2022-10-24 13:30:00,46.26,46.31,46.15,46.25,16413
2022-10-24 14:30:00,46.235,46.61,46.12,46.421,29053
2022-10-24 15:30:00,46.449,46.85,46.43,46.85,42676
2022-10-25 09:30:00,46.78,47.79,46.27,47.48,39602
2022-10-25 10:30:00,47.49,48.2,47.47,47.902,32906
2022-10-25 11:30:00,47.92,48.47,47.88,48.21,30114
2022-10-25 12:30:00,48.21,48.4,47.92,48.05,13786
2022-10-25 13:30:00,48.1,48.3,48.03,48.12,12480
2022-10-25 14:30:00,48.12,48.3315,47.99,48.18,35010
2022-10-25 15:30:00,48.2395,48.27,47.84,47.85,33110
2022-10-26 09:30:00,48.22,49.08,47.82,48.84,31487
2022-10-26 10:30:00,48.81,49.29,48.66,48.94,26690
2022-10-26 11:30:00,48.94,48.94,48.38,48.59,36317
2022-10-26 12:30:00,48.58,48.66,48.18,48.26,19165
2022-10-26 13:30:00,48.24,48.45,48.14,48.26,18514
2022-10-26 14:30:00,48.235,48.3,48.03,48.14,27326
2022-10-26 15:30:00,48.13,48.37,48.02,48.03,30471
2022-10-27 09:30:00,49.71,50.205,48.62,49.45,33726
2022-10-27 10:30:00,49.385,49.66,49.11,49.47,24983
2022-10-27 11:30:00,49.43,49.59,48.71,48.71,25592
2022-10-27 12:30:00,48.7,48.95,48.41,48.56,27274
2022-10-27 13:30:00,48.62,48.97,48.54,48.84,16315
2022-10-27 14:30:00,48.78,48.905,48.67,48.845,19235
2022-10-27 15:30:00,48.78,49.07,48.58,48.77,49021
2022-10-28 09:30:00,49.01,49.39,48.22,49.34,22244
2022-10-28 10:30:00,49.29,49.72,49.07,49.71,37898
2022-10-28 11:30:00,49.71,49.95,49.62,49.83,15922
2022-10-28 12:30:00,49.8,49.92,49.61,49.7546,22538
2022-10-28 13:30:00,49.83,49.83,49.34,49.37,30952
2022-10-28 14:30:00,49.37,49.4601,49.17,49.205,71072
2022-10-28 15:30:00,49.205,49.29,49.05,49.12,85974
2022-10-31 09:30:00,48.82,49.43,48.54,48.67,22387
2022-10-31 10:30:00,48.665,48.96,48.58,48.665,21204
2022-10-31 11:30:00,48.715,49.14,48.64,48.71,18257
2022-10-31 12:30:00,48.71,48.7757,48.53,48.64,21845
2022-10-31 13:30:00,48.65,48.82,48.56,48.58,77423
2022-10-31 14:30:00,48.6075,48.7,48.27,48.41,41629
2022-10-31 15:30:00,48.39,48.48,48.31,48.4,63170
2022-11-01 09:30:00,47.93,49.15,47.91,48.6,62420
2022-11-01 10:30:00,48.635,48.79,48.18,48.27,22224
2022-11-01 11:30:00,48.27,48.62,47.91,48.51,41246
2022-11-01 12:30:00,48.67,48.93,48.23,48.7561,89830
2022-11-01 13:30:00,48.78,48.94,48.65,48.855,25574
2022-11-01 14:30:00,48.88,48.94,48.53,48.53,96735
2022-11-01 15:30:00,48.56,48.76,48.31,48.59,63962
2022-11-02 09:30:00,48.75,52.5727,46.485,52.2,130765
2022-11-02 10:30:00,52.145,52.215,49.89,50.54,111250
2022-11-02 11:30:00,50.605,51.03,50.08,51.0,95174
2022-11-02 12:30:00,51.02,51.04,50.095,50.77,42943
2022-11-02 13:30:00,50.82,51.295,50.65,51.21,76760
2022-11-02 14:30:00,51.22,51.44,49.54,49.66,98761
2022-11-02 15:30:00,49.71,50.42,49.505,50.09,140355
2022-11-03 09:30:00,49.25,50.07,48.57,49.18,33931
2022-11-03 10:30:00,49.14,49.65,48.97,49.57,63148
2022-11-03 11:30:00,49.64,49.75,49.38,49.69,28095
2022-11-03 12:30:00,49.71,50.0,49.6,49.88,34290
2022-11-03 13:30:00,49.8852,49.98,49.74,49.9,29759
2022-11-03 14:30:00,49.89,50.21,49.87,50.135,51673
2022-11-03 15:30:00,50.135,50.17,49.07,49.1,85321
2022-11-04 09:30:00,49.35,49.88,48.64,49.86,36486
2022-11-04 10:30:00,49.86,50.0,48.55,48.63,27893
2022-11-04 11:30:00,48.56,48.73,47.26,47.725,48702
2022-11-04 12:30:00,47.73,48.145,47.35,48.105,44898
2022-11-04 13:30:00,48.1,48.175,47.83,47.97,21123
2022-11-04 14:30:00,47.95,48.47,47.88,47.975,31571
2022-11-04 15:30:00,47.97,48.08,47.84,48.06,82089
2022-11-07 09:30:00,48.14,48.73,47.7,48.37,18856
2022-11-07 10:30:00,48.39,48.58,48.15,48.45,17731
2022-11-07 11:30:00,48.5,48.81,48.26,48.78,16344
2022-11-07 12:30:00,48.7368,49.15,48.715,48.98,14521
2022-11-07 13:30:00,48.9312,49.44,48.9,49.42,18551
2022-11-07 14:30:00,49.368,49.6299,49.33,49.5,29437
2022-11-07 15:30:00,49.46,49.6499,49.32,49.505,47590
2022-11-08 09:30:00,49.51,49.98,49.09,49.7,20182
2022-11-08 10:30:00,49.8,50.23,49.645,50.0,25136
2022-11-08 11:30:00,50.06,50.29,49.88,50.265,23103
2022-11-08 12:30:00,50.29,50.45,50.115,50.2311,19735
2022-11-08 13:30:00,50.2,50.325,49.93,50.09,29047
2022-11-08 14:30:00,50.05,50.57,49.96,50.47,27899
2022-11-08 15:30:00,50.46,50.66,50.4101,50.6,41180
2022-11-09 09:30:00,50.32,50.61,49.89,50.45,16054
2022-11-09 10:30:00,50.5,50.5,50.08,50.23,22177
2022-11-09 11:30:00,50.23,50.42,50.05,50.3477,25184
2022-11-09 12:30:00,50.34,50.57,50.23,50.48,44728
2022-11-09 13:30:00,50.48,50.48,50.22,50.425,62337
2022-11-09 14:30:00,50.42,50.7,50.14,50.205,63652
2022-11-09 15:30:00,50.205,50.31,49.67,49.81,87375
2022-11-10 09:30:00,51.07,51.41,49.99,51.15,43020
2022-11-10 10:30:00,51.1,51.5,50.94,51.245,34293
2022-11-10 11:30:00,51.3,51.39,50.62,50.62,15052
2022-11-10 12:30:00,50.66,50.66,50.18,50.43,12068
2022-11-10 13:30:00,50.46,50.8453,50.3789,50.66,17861
2022-11-10 14:30:00,50.69,50.96,50.58,50.87,21012
2022-11-10 15:30:00,50.89,51.12,50.73,51.09,54924
2022-11-29 09:30:00,47.36,48.89,46.45,48.06,44532
2022-11-29 10:30:00,48.14,48.15,47.85,48.14,57665
2022-11-29 11:30:00,48.165,48.5,48.0981,48.305,17224
2022-11-29 12:30:00,48.305,48.55,48.225,48.25,43495
2022-11-29 13:30:00,48.25,48.61,48.215,48.5589,36722
2022-11-29 14:30:00,48.56,48.61,48.35,48.4833,34420
2022-11-29 15:30:00,48.6,48.72,48.5,48.67,79769
2022-11-30 09:30:00,48.72,49.96,48.29,48.95,51017
2022-11-30 10:30:00,48.995,49.13,48.83,48.89,77678
2022-11-30 11:30:00,48.87,49.14,48.7,48.78,35306
2022-11-30 12:30:00,48.76,48.87,48.55,48.8,40457
2022-11-30 13:30:00,48.81,49.82,48.78,49.68,45149
2022-11-30 14:30:00,49.71,50.19,49.65,50.13,53253
2022-11-30 15:30:00,50.09,50.84,50.07,50.81,74610
2022-12-01 09:30:00,50.56,51.63,50.48,50.85,25786
2022-12-01 10:30:00,50.895,51.35,50.81,51.34,23312
2022-12-01 11:30:00,51.28,51.44,51.13,51.21,16404
2022-12-01 12:30:00,51.29,51.65,51.21,51.46,20025
2022-12-01 13:30:00,51.46,51.585,51.03,51.31,54572
2022-12-01 14:30:00,51.335,51.59,51.2847,51.46,29162
2022-12-01 15:30:00,51.49,51.61,51.36,51.53,61309
2022-12-02 09:30:00,51.3,51.98,51.07,51.93,21227
2022-12-02 10:30:00,51.93,52.73,51.81,52.73,33329
2022-12-02 11:30:00,52.72,53.24,52.71,53.16,32222
2022-12-02 12:30:00,53.11,53.17,52.8801,53.0,22091
2022-12-02 13:30:00,52.98,53.22,52.91,53.14,33539
2022-12-02 14:30:00,53.15,53.52,53.14,53.42,39133
2022-12-02 15:30:00,53.43,53.66,53.35,53.58,88596
2022-12-05 09:30:00,53.42,53.42,51.62,51.71,75994
2022-12-05 10:30:00,51.71,52.34,51.36,51.36,36849
2022-12-05 11:30:00,51.435,51.67,50.8101,51.51,49680
2022-12-05 12:30:00,51.56,51.74,51.26,51.45,32273
2022-12-05 13:30:00,51.39,51.7,51.32,51.61,34060
2022-12-05 14:30:00,51.5806,51.64,51.22,51.61,48809
2022-12-05 15:30:00,51.615,51.86,51.4,51.5,88726
2022-12-06 09:30:00,51.35,52.105,49.41,49.62,59975
2022-12-06 10:30:00,49.53,50.165,49.5012,49.99,47468
2022-12-06 11:30:00,50.05,50.62,49.9,50.26,31725
2022-12-06 12:30:00,50.195,50.38,49.73,49.795,27265
2022-12-06 13:30:00,49.73,50.01,49.65,49.705,60700
2022-12-06 14:30:00,49.7,50.03,49.45,50.03,43958
2022-12-06 15:30:00,50.04,50.23,49.97,50.1,85457
2022-12-07 09:30:00,50.02,51.16,49.91,50.51,90561
2022-12-07 10:30:00,50.485,50.92,50.31,50.5,51801
2022-12-07 11:30:00,50.5,50.86,50.42,50.695,87229
2022-12-07 12:30:00,50.66,50.86,50.14,50.2344,86629
2022-12-07 13:30:00,50.14,50.25,49.77,49.98,96222
2022-12-07 14:30:00,50.015,50.11,49.55,49.78,36520
2022-12-07 15:30:00,49.78,50.2,49.78,50.15,80402
2022-12-08 09:30:00,50.93,51.31,49.46,50.23,23559
2022-12-08 10:30:00,50.2,50.29,49.7,49.94,48041
2022-12-08 11:30:00,49.95,50.0,49.29,49.29,37738
2022-12-08 12:30:00,49.28,49.42,49.1,49.28,35197
2022-12-08 13:30:00,49.35,49.4,48.62,48.8,47131
2022-12-08 14:30:00,48.775,49.52,48.62,49.46,64032
2022-12-08 15:30:00,49.46,49.7699,49.28,49.525,65565
2022-12-09 09:30:00,49.09,49.72,48.0903,48.22,21486
2022-12-09 10:30:00,48.26,48.29,47.62,47.89,47817
2022-12-09 11:30:00,47.91,48.29,47.71,47.955,25130
2022-12-09 12:30:00,48.03,48.06,47.5,47.5,37795
2022-12-09 13:30:00,47.53,47.6388,47.05,47.12,38577
2022-12-09 14:30:00,47.14,47.25,46.69,47.03,53774
2022-12-09 15:30:00,47.03,47.24,46.965,47.2,65471
2022-12-12 09:30:00,47.11,48.2,46.5,48.145,28333
2022-12-12 10:30:00,48.145,49.265,48.145,49.265,50059
2022-12-12 11:30:00,49.12,49.44,48.83,48.9812,22246
2022-12-12 12:30:00,48.87,49.35,48.74,49.315,25445
2022-12-12 13:30:00,49.2844,49.49,49.23,49.3671,24887
2022-12-12 14:30:00,49.31,50.01,49.14,49.94,52569
2022-12-12 15:30:00,49.95,50.05,49.86,49.88,94510
2022-12-13 09:30:00,50.93,51.67,49.66,50.445,40526
2022-12-13 10:30:00,50.49,50.56,49.28,49.49,58017
2022-12-13 11:30:00,49.45,49.53,48.67,49.09,26263
2022-12-13 12:30:00,49.05,49.05,48.51,48.85,38066
2022-12-13 13:30:00,48.85,49.12,48.35,48.505,50363
2022-12-13 14:30:00,48.51,48.54,48.11,48.16,45205
2022-12-13 15:30:00,48.18,48.36,48.04,48.35,69161
2022-12-14 09:30:00,48.61,49.3,47.3831,48.66,80166
2022-12-14 10:30:00,48.63,49.33,48.41,49.32,46671
2022-12-14 11:30:00,49.32,49.5975,49.17,49.275,56165
2022-12-14 12:30:00,49.29,49.44,49.19,49.305,46161
2022-12-14 13:30:00,49.305,49.63,48.808,49.11,28848
2022-12-14 14:30:00,49.11,49.775,48.5068,49.23,63830
2022-12-14 15:30:00,49.23,49.67,49.12,49.46,67564
2022-12-15 09:30:00,49.02,49.39,48.4,49.01,28990
2022-12-15 10:30:00,49.05,49.17,48.76,48.9,53386
2022-12-15 11:30:00,48.87,48.96,48.43,48.7,31404
2022-12-15 12:30:00,48.7,48.72,48.03,48.2,52925
2022-12-15 13:30:00,48.19,48.4322,48.01,48.43,54488
2022-12-15 14:30:00,48.41,48.75,47.99,48.14,76954
2022-12-15 15:30:00,48.15,48.31,47.46,47.47,233204
2022-12-16 09:30:00,46.3,46.8112,43.81,44.56,154920
2022-12-16 10:30:00,44.535,45.46,44.49,44.73,60863
2022-12-16 11:30:00,44.725,44.87,44.25,44.2825,44029
2022-12-16 12:30:00,44.29,44.68,43.95,44.02,54342
2022-12-16 13:30:00,44.0,44.29,43.3053,43.3456,89632
2022-12-16 14:30:00,43.335,43.58,42.62,42.8,119779
2022-12-16 15:30:00,42.8,43.94,42.51,43.89,311185
2023-01-19 09:30:00,47.16,47.83,46.55,47.17,37538
2023-01-19 10:30:00,47.305,47.41,46.545,46.545,22022
2023-01-19 11:30:00,46.64,47.1,46.55,47.0,10928
2023-01-19 12:30:00,47.04,47.07,46.81,47.06,8744
2023-01-19 13:30:00,47.07,47.26,46.89,46.93,20769
2023-01-19 14:30:00,46.965,47.16,46.86,47.16,17647
2023-01-19 15:30:00,47.12123,47.18,46.86,46.92,45041
2023-01-20 09:30:00,48.145,48.145,46.58,47.48,54131
2023-01-20 10:30:00,47.47,47.66,47.16,47.59,25071
2023-01-20 11:30:00,47.6,48.1,47.51,48.07,16496
2023-01-20 12:30:00,48.07,48.21,47.92,48.02,20520
2023-01-20 13:30:00,47.985,48.24,47.64,47.82,32919
2023-01-20 14:30:00,47.84,48.15,47.83,48.03,21258
2023-01-20 15:30:00,48.037,48.47,47.98,48.46,48919
2023-01-23 09:30:00,48.5,48.9,47.99,48.85,23134
2023-01-23 10:30:00,48.7706,49.33,48.7706,49.11,20906
2023-01-23 11:30:00,49.21,49.33,48.94,49.01,44965
2023-01-23 12:30:00,49.1168,49.25,48.84,49.1,17518
2023-01-23 13:30:00,49.11,49.26,49.03,49.05,16975
2023-01-23 14:30:00,49.04,49.09,48.823,48.84,17443
2023-01-23 15:30:00,48.88,48.92,48.68,48.71,41514
2023-01-24 09:30:00,48.64,48.98,47.451,47.62,31067
2023-01-24 10:30:00,47.61,48.38,47.24,48.2511,35847
2023-01-24 11:30:00,48.24,48.25,47.85,48.1,16677
2023-01-24 12:30:00,48.1,48.47,48.05,48.38,15223
2023-01-24 13:30:00,48.32,48.615,48.09,48.09,15749
2023-01-24 14:30:00,48.14,48.27,48.08,48.16,15638
2023-01-24 15:30:00,48.16,48.2045,47.97,48.04,33044
2023-01-25 09:30:00,47.6,48.29,47.32,48.2,40501
2023-01-25 10:30:00,48.215,48.31,47.76,47.98,13748
2023-01-25 11:30:00,47.99,47.99,47.38,47.45,22472
2023-01-25 12:30:00,47.46,47.77,47.4,47.68,30270
2023-01-25 13:30:00,47.68,47.795,47.52,47.68,26906
2023-01-25 14:30:00,47.645,48.19,47.645,48.18,21972
2023-01-25 15:30:00,48.21,48.28,48.03,48.13,30649
2023-01-26 09:30:00,48.65,49.09,47.07,48.37,27479
2023-01-26 10:30:00,48.33,48.63,48.0,48.6,30085
2023-01-26 11:30:00,48.62,48.65,48.25,48.43,18067
2023-01-26 12:30:00,48.42,48.66,48.33,48.66,14131
2023-01-26 13:30:00,48.54,48.77,48.53,48.69,13564
2023-01-26 14:30:00,48.7,49.05,48.67,49.01,19932
2023-01-26 15:30:00,49.01,49.1,48.7601,49.02,38562
2023-01-27 09:30:00,48.96,50.63,47.91,50.315,48578
2023-01-27 10:30:00,50.39,50.39,49.74,50.035,15066
2023-01-27 11:30:00,49.99,50.23,49.79,49.845,30322
2023-01-27 12:30:00,49.83,50.61,49.79,50.44,23060
2023-01-27 13:30:00,50.43,50.65,50.39,50.56,14680
2023-01-27 14:30:00,50.52,50.78,50.41,50.51,18896
2023-01-27 15:30:00,50.529,50.83,50.5,50.56,36865
2023-01-30 09:30:00,50.35,51.15,49.01,49.99,63523
2023-01-30 10:30:00,50.0,50.14,49.32,49.52,19987
2023-01-30 11:30:00,49.48,49.63,49.33,49.46,13476
2023-01-30 12:30:00,49.48,49.49,49.1,49.37,12058
2023-01-30 13:30:00,49.37,49.4,49.12,49.2,13746
2023-01-30 14:30:00,49.2621,49.28,48.77,48.9,24675
2023-01-30 15:30:00,48.9,48.97,48.66,48.9,50226
2023-01-31 09:30:00,48.85,50.8185,48.33,48.98,35363
2023-01-31 10:30:00,49.01,49.28,48.88,48.92,27250
2023-01-31 11:30:00,49.06,49.26,48.91,49.06,30984
2023-01-31 12:30:00,49.06,50.04,49.06,49.81,31183
2023-01-31 13:30:00,49.79,50.16,49.73,50.06,35948
2023-01-31 14:30:00,50.05,50.25,49.91,50.22,75078
2023-01-31 15:30:00,50.17,50.35,49.96,49.96,141181
2023-02-01 09:30:00,57.75,58.95,55.19,58.3286,922939
2023-02-01 10:30:00,58.265,59.15,57.37,57.81,437438
2023-02-01 11:30:00,57.84,57.92,56.08,56.31,207259
2023-02-01 12:30:00,56.305,56.71,55.9401,56.5,130610
2023-02-01 13:30:00,56.5,56.75,55.6728,56.24,206712
2023-02-01 14:30:00,56.16,57.0,55.94,56.305,220065
2023-02-01 15:30:00,56.28,56.9112,55.99,56.19,236836
2023-02-02 09:30:00,56.44,56.92,55.38,56.27,118482
2023-02-02 10:30:00,56.31,56.98,55.92,56.969619,76569
2023-02-02 11:30:00,56.89,56.97,55.51,55.65,78836
2023-02-02 12:30:00,55.71,56.07,55.59,56.0252,40765
2023-02-02 13:30:00,56.05,56.23,55.82,56.0,58745
2023-02-02 14:30:00,55.98,56.25,55.84,56.035,99420
2023-02-02 15:30:00,56.04,56.17,55.71,55.79,136682
2023-02-03 09:30:00,55.5,56.7,55.5,55.9,56875
2023-02-03 10:30:00,55.9,56.29,55.69,55.69,35811
2023-02-03 11:30:00,55.74,56.07,55.35,56.015,59476
2023-02-03 12:30:00,55.97,56.05,55.64,55.64,21996
2023-02-03 13:30:00,55.64,55.77,55.385,55.53,28372
2023-02-03 14:30:00,55.51,55.53,55.23,55.255,81093
2023-02-03 15:30:00,55.26,55.36,55.17,55.25,95511
2023-02-06 09:30:00,55.0,55.44,54.78,54.97,43610
2023-02-06 10:30:00,54.97,54.97,54.14,54.395,52067
2023-02-06 11:30:00,54.415,54.81,54.21,54.415,58363
2023-02-06 12:30:00,54.435,54.83,54.36,54.81,34608
2023-02-06 13:30:00,54.81,54.84,54.625,54.63,34466
2023-02-06 14:30:00,54.63,54.82,54.62,54.675,40842
2023-02-06 15:30:00,54.675,55.01,54.61,54.9,71395
2023-02-07 09:30:00,54.83,55.01,53.98,54.05,44710
2023-02-07 10:30:00,53.99,54.12,53.24,53.77,60303
2023-02-07 11:30:00,53.811352,54.27,53.71,54.04,25092
2023-02-07 12:30:00,54.08,54.48,53.72,53.72,47124
2023-02-07 13:30:00,53.71,54.06,53.4158,53.85,34025
2023-02-07 14:30:00,53.89,54.16,53.79,54.13,30006
2023-02-07 15:30:00,54.12,54.62,54.02,54.56,126091
2023-02-08 09:30:00,54.27,54.535,53.62,53.84,28600
2023-02-08 10:30:00,53.91,54.4,53.8,54.09,16466
2023-02-08 11:30:00,54.105,54.55,53.97,54.55,21974
2023-02-08 12:30:00,54.49,54.55,54.21,54.21,21503
2023-02-08 13:30:00,54.21,54.5,54.03,54.21,36329
2023-02-08 14:30:00,54.2,54.35,54.12,54.18,24420
2023-02-08 15:30:00,54.16,54.38,54.03,54.23,101333
2023-02-09 09:30:00,54.42,55.0,54.42,54.44,23331
2023-02-09 10:30:00,54.44,54.76,54.35,54.38,30908
2023-02-09 11:30:00,54.35,54.42,53.76,54.0612,18037
2023-02-09 12:30:00,54.045,54.045,53.43,53.92,42923
2023-02-09 13:30:00,53.96,54.13,53.8,54.12,27043
2023-02-09 14:30:00,54.05,54.2425,53.94,53.97,42949
2023-02-09 15:30:00,54.05,54.22,53.915,54.05,53642
2023-04-20 09:30:00,48.18,48.54,47.665,47.89,26760
2023-04-20 10:30:00,47.885,47.96,47.42,47.615,41206
2023-04-20 11:30:00,47.615,47.78,47.58,47.745,25439
2023-04-20 12:30:00,47.74,47.78,47.65,47.67,9663
2023-04-20 13:30:00,47.67,47.73,47.58,47.6,18416
2023-04-20 14:30:00,47.605,47.66,47.58,47.63,16593
2023-04-20 15:30:00,47.64,47.72,47.58,47.62,43813
2023-04-21 09:30:00,47.7,48.045,47.32,47.44,9847
2023-04-21 10:30:00,47.455,47.5,46.96,47.32,11864
2023-04-21 11:30:00,47.32,47.38,47.02,47.07,26181
2023-04-21 12:30:00,47.06,47.25,47.0,47.19,15347
2023-04-21 13:30:00,47.19,47.65,47.19,47.59,8834
2023-04-21 14:30:00,47.6,47.7,47.44,47.61,32963
2023-04-21 15:30:00,47.705,47.84,47.62,47.65,40843
2023-04-24 09:30:00,47.52,47.71,46.96,47.25,11729
2023-04-24 10:30:00,47.245,47.27,47.02,47.13,16417
2023-04-24 11:30:00,47.11,47.53,47.1,47.49,29181
2023-04-24 12:30:00,47.54,47.56,47.41,47.485,7098
2023-04-24 13:30:00,47.5,47.665,47.485,47.57,7341
2023-04-24 14:30:00,47.56,47.68,47.48,47.61,19046
2023-04-24 15:30:00,47.61,47.76,47.58,47.725,46538
2023-04-25 09:30:00,47.53,49.94,47.27,47.36,38477
2023-04-25 10:30:00,47.36,47.93,47.31,47.775,20509
2023-04-25 11:30:00,47.78,48.02,47.71,47.77,17402
2023-04-25 12:30:00,47.71,47.8,47.54,47.68,8535
2023-04-25 13:30:00,47.68,47.73,47.365,47.62,29187
2023-04-25 14:30:00,47.64,47.77,47.5208,47.695,12304
2023-04-25 15:30:00,47.72,47.78,47.26,47.28,70028
2023-04-26 09:30:00,47.18,47.46,46.15,46.225,23321
2023-04-26 10:30:00,46.225,46.87,46.15,46.8,66744
2023-04-26 11:30:00,46.805,46.9802,46.6,46.6,23618
2023-04-26 12:30:00,46.6,46.86,46.6,46.76,17947
2023-04-26 13:30:00,46.75,46.89,46.66,46.84,22367
2023-04-26 14:30:00,46.84,46.845,46.47,46.49,28109
2023-04-26 15:30:00,46.5,46.6,46.3,46.39,68335
2023-04-27 09:30:00,46.47,47.34,46.25,47.27,26070
2023-04-27 10:30:00,47.27,47.29,46.91,47.29,17128
2023-04-27 11:30:00,47.29,47.71,47.19,47.57,16203
2023-04-27 12:30:00,47.57,47.7,47.43,47.53,17512
2023-04-27 13:30:00,47.575,47.58,47.31,47.34,16577
2023-04-27 14:30:00,47.41,47.41,47.24,47.4,19409
2023-04-27 15:30:00,47.37,47.4,47.15,47.2,36164
2023-04-28 09:30:00,47.25,48.0,46.98,47.64,15748
2023-04-28 10:30:00,47.68,47.8,47.49,47.78,20642
2023-04-28 11:30:00,47.755,47.97,47.68,47.8421,13494
2023-04-28 12:30:00,47.83,47.88,47.64,47.675,19605
2023-04-28 13:30:00,47.715,47.8,47.57,47.71,12682
2023-04-28 14:30:00,47.685,47.74,47.56,47.73,19701
2023-04-28 15:30:00,47.71,47.74,47.57,47.64,37153
2023-05-01 09:30:00,47.67,48.19,47.01,47.51,21099
2023-05-01 10:30:00,47.555,47.72,47.125,47.15,31042
2023-05-01 11:30:00,47.15,47.24,47.08,47.2,17757
2023-05-01 12:30:00,47.18,47.21,46.92,46.945,7608
2023-05-01 13:30:00,46.92,46.97,46.775,46.95,22363
2023-05-01 14:30:00,46.935,47.06,46.585,46.76,21837
2023-05-01 15:30:00,46.745,46.76,46.41,46.57,65026
2023-05-02 09:30:00,46.48,46.8,45.49,45.49,18883
2023-05-02 10:30:00,45.57,45.58,44.95,45.23,48365
2023-05-02 11:30:00,45.3,45.43,44.94,45.23,20340
2023-05-02 12:30:00,45.23,45.34,45.01,45.23,23968
2023-05-02 13:30:00,45.21,45.25,44.97,45.1,47839
2023-05-02 14:30:00,45.11,45.115,44.69,45.09,69665
2023-05-02 15:30:00,45.12,45.34,45.0212,45.2441,128693
2023-05-03 09:30:00,36.35,39.28,34.13,37.405,810471
2023-05-03 10:30:00,37.405,37.96,37.01,37.09,373466
2023-05-03 11:30:00,37.06,37.5,37.0,37.34,152910
2023-05-03 12:30:00,37.3101,37.75,37.29,37.64,183256
2023-05-03 13:30:00,37.6201,37.77,37.13,37.535,279660
2023-05-03 14:30:00,37.535,38.4099,37.535,37.92,326782
2023-05-03 15:30:00,37.93,38.04,37.07,37.45,274751
2023-05-04 09:30:00,37.15,39.395,37.03,38.795,192421
2023-05-04 10:30:00,38.795,39.17,38.53,38.68,87170
2023-05-04 11:30:00,38.67,39.14,38.58,39.08,98065
2023-05-04 12:30:00,39.07,39.21,38.892,39.13,73916
2023-05-04 13:30:00,39.125,39.47,39.05,39.1,101766
2023-05-04 14:30:00,39.1,39.42,39.065,39.405,111292
2023-05-04 15:30:00,39.391,39.57,39.14,39.15,170254
2023-05-05 09:30:00,39.495,40.67,39.01,40.585,68955
2023-05-05 10:30:00,40.63,40.9,39.58,39.785,131143
2023-05-05 11:30:00,39.85,40.0,39.42,39.88,69026
2023-05-05 12:30:00,39.88,40.42,39.63,40.36,82472
2023-05-05 13:30:00,40.38,40.46,40.1,40.36,61452
2023-05-05 14:30:00,40.32,40.48,40.11,40.36,58323
2023-05-05 15:30:00,40.35,40.46,40.07,40.11,148675
2023-05-08 09:30:00,40.61,41.22,39.5115,39.7681,45990
2023-05-08 10:30:00,39.79,39.8,39.045,39.095,30554
2023-05-08 11:30:00,39.13,39.605,39.08,39.455,30448
2023-05-08 12:30:00,39.45,39.66,39.39,39.585,17477
2023-05-08 13:30:00,39.585,39.74,39.46,39.5475,25327
2023-05-08 14:30:00,39.55,39.62,39.39,39.52,25223
2023-05-08 15:30:00,39.505,39.65,39.48,39.5,52839
2023-05-09 09:30:00,41.16,41.16,39.28,39.65,20101
2023-05-09 10:30:00,39.7,39.74,39.53,39.64,13321
2023-05-09 11:30:00,39.64,39.83,39.59,39.6683,19995
2023-05-09 12:30:00,39.67,39.85,39.58,39.7,30375
2023-05-09 13:30:00,39.7,39.98,39.55,39.93,21026
2023-05-09 14:30:00,39.93,40.27,39.91,40.24,25461
2023-05-09 15:30:00,40.28,40.39,40.1,40.1,66512
2023-05-10 09:30:00,40.53,40.56,39.53,40.05,35968
2023-05-10 10:30:00,40.09,40.15,39.595,39.905,28766
2023-05-10 11:30:00,39.91,39.96,39.46,39.75,42936
2023-05-10 12:30:00,39.73,39.7698,39.335,39.47,18790
2023-05-10 13:30:00,39.45,39.65,39.38,39.62,33613
2023-05-10 14:30:00,39.595,39.8,39.545,39.79,19815
2023-05-10 15:30:00,39.765,39.96,39.72,39.79,41444
2023-05-11 09:30:00,39.86,40.12,39.01,39.1,35021
2023-05-11 10:30:00,39.1,39.32,38.87,38.94,19742
2023-05-11 11:30:00,38.9,39.33,38.88,39.2711,21367
2023-05-11 12:30:00,39.29,39.33,38.91,39.06,17121
2023-05-11 13:30:00,39.05,39.6299,39.04,39.6,30465
2023-05-11 14:30:00,39.58,39.66,39.45,39.545,17920
2023-05-11 15:30:00,39.5322,39.69,39.51,39.59,34357
2023-07-20 09:30:00,36.37,36.49,36.03,36.285,36437
2023-07-20 10:30:00,36.3,36.52,36.17,36.31,38321
2023-07-20 11:30:00,36.31,36.59,36.29,36.53,25453
2023-07-20 12:30:00,36.54,36.57,36.26,36.29,16146
2023-07-20 13:30:00,36.3,36.3,36.13,36.14,20736
2023-07-20 14:30:00,36.14,36.26,36.03,36.05,28786
2023-07-20 15:30:00,36.05,36.27,36.03,36.21,59054
2023-07-21 09:30:00,36.4,36.65,35.87,36.29,20783
2023-07-21 10:30:00,36.24,36.32,35.92,35.96,34343
2023-07-21 11:30:00,35.96,36.33,35.81,36.33,25525
2023-07-21 12:30:00,36.34,36.42,36.24,36.29,15457
2023-07-21 13:30:00,36.305,36.33,36.11,36.25,15339
2023-07-21 14:30:00,36.27,36.42,36.18,36.41,27481
2023-07-21 15:30:00,36.41,36.43,36.2,36.33,91530
2023-07-24 09:30:00,36.47,36.56,35.99,36.19,17333
2023-07-24 10:30:00,36.245,36.47,36.1515,36.43,22813
2023-07-24 11:30:00,36.44,36.57,36.29,36.51,21244
2023-07-24 12:30:00,36.52,36.56,36.35,36.3996,23497
2023-07-24 13:30:00,36.38,36.42,36.31,36.36,18999
2023-07-24 14:30:00,36.35,36.41,36.29,36.36,22261
2023-07-24 15:30:00,36.37,36.38,36.27,36.34,50106
2023-07-25 09:30:00,36.19,36.35,35.9,36.3,30197
2023-07-25 10:30:00,36.28,36.435,36.06,36.315,23010
2023-07-25 11:30:00,36.325,36.47,36.16,36.47,21562
2023-07-25 12:30:00,36.48,36.6,36.39,36.55,23388
2023-07-25 13:30:00,36.55,36.95,36.55,36.9167,22298
2023-07-25 14:30:00,36.89,36.92,36.75,36.815,27018
2023-07-25 15:30:00,36.8083,36.85,36.59,36.61,71572
2023-07-26 09:30:00,36.55,37.19,36.38,37.03,29201
2023-07-26 10:30:00,37.03,37.16,36.755,37.1196,32533
2023-07-26 11:30:00,37.02,37.22,36.89,37.22,28014
2023-07-26 12:30:00,37.19,37.24,37.01,37.06,20106
2023-07-26 13:30:00,37.06,37.15,36.94,37.07,18607
2023-07-26 14:30:00,37.08,37.3299,36.98,37.16,33375
2023-07-26 15:30:00,37.14,37.31,37.1,37.3,57251
2023-07-27 09:30:00,37.26,37.41,36.71,36.77,28809
2023-07-27 10:30:00,36.8,36.8999,36.44,36.4772,24811
2023-07-27 11:30:00,36.47,36.56,36.37,36.52,26091
2023-07-27 12:30:00,36.515,36.555,36.23,36.28,30857
2023-07-27 13:30:00,36.26,36.37,36.185,36.29,32237
2023-07-27 14:30:00,36.25,36.54,36.17,36.51,70847
2023-07-27 15:30:00,36.5,36.62,36.44,36.5,95496
2023-07-28 09:30:00,36.66,37.05,36.49,36.955,16572
2023-07-28 10:30:00,36.95,36.965,36.77,36.86,21752
2023-07-28 11:30:00,36.86,36.86,36.69,36.79,16337
2023-07-28 12:30:00,36.78,36.86,36.52,36.555,16387
2023-07-28 13:30:00,36.555,36.71,36.4,36.71,19779
2023-07-28 14:30:00,36.7,36.8,36.65,36.69,24723
2023-07-28 15:30:00,36.6969,36.85,36.67,36.79,48412
2023-07-31 09:30:00,36.86,37.275,36.63,37.07,21418
2023-07-31 10:30:00,37.08,37.46,37.04,37.35,34228
2023-07-31 11:30:00,37.38,37.75,37.35,37.75,41397
2023-07-31 12:30:00,37.72,37.825,37.6117,37.73,42685
2023-07-31 13:30:00,37.743,37.93,37.59,37.65,45980
2023-07-31 14:30:00,37.65,37.98,37.565,37.9,52657
2023-07-31 15:30:00,37.945,38.14,37.84,38.06,150805
2023-08-01 09:30:00,37.72,38.17,37.46,37.77,31617
2023-08-01 10:30:00,37.75,38.0,37.54,37.87,47425
2023-08-01 11:30:00,37.88,37.965,37.74,37.8528,33707
2023-08-01 12:30:00,37.84,37.96,37.81,37.92,21715
2023-08-01 13:30:00,37.91,38.0,37.82,37.88,26331
2023-08-01 14:30:00,37.88,38.0082,37.87,37.99,45676
2023-08-01 15:30:00,37.99,38.0,37.89,37.97,69391
2023-08-02 09:30:00,37.52,37.8,37.285,37.615,17813
2023-08-02 10:30:00,37.64,37.76,37.44,37.51,20890
2023-08-02 11:30:00,37.53,37.56,37.35,37.42,20999
2023-08-02 12:30:00,37.41,37.58,37.27,37.285,23848
2023-08-02 13:30:00,37.2866,37.38,37.05,37.18,28774
2023-08-02 14:30:00,37.1725,37.32,37.105,37.15,38335
2023-08-02 15:30:00,37.15,37.55,37.12,37.42,83313
2023-08-03 09:30:00,37.48,37.65,37.21,37.4,21430
2023-08-03 10:30:00,37.38,37.46,37.31,37.42,23334
2023-08-03 11:30:00,37.41,37.9099,37.37,37.9099,21432
2023-08-03 12:30:00,37.89,38.06,37.89,38.03,19929
2023-08-03 13:30:00,38.05,38.065,37.95,38.02,16362
2023-08-03 14:30:00,38.02,38.03,37.82,38.0,23389
2023-08-03 15:30:00,37.99,38.0894,37.94,37.96,46276
2023-08-04 09:30:00,38.18,38.41,37.75,37.89,40646
2023-08-04 10:30:00,37.9,38.147,37.9,38.115,37304
2023-08-04 11:30:00,38.1,38.29,37.97,38.27,30951
2023-08-04 12:30:00,38.25,38.33,38.2,38.28,17030
2023-08-04 13:30:00,38.24,38.39,38.22,38.28,21571
2023-08-04 14:30:00,38.275,38.44,38.18,38.44,21823
2023-08-04 15:30:00,38.43,38.45,38.09,38.14,56396
2023-08-07 09:30:00,38.3,38.62,38.2393,38.32,16419
2023-08-07 10:30:00,38.4,38.69,38.33,38.46,22348
2023-08-07 11:30:00,38.47,38.5,38.0,38.0,17319
2023-08-07 12:30:00,38.04,38.13,37.95,38.05,15928
2023-08-07 13:30:00,38.07,38.25,37.93,37.965,14810
2023-08-07 14:30:00,37.94,38.19,37.91,38.185,28917
2023-08-07 15:30:00,38.18,38.27,38.15,38.19,41828
2023-08-08 09:30:00,37.62,37.865,36.71,36.86,26350
2023-08-08 10:30:00,36.83,37.25,36.82,37.05,34236
2023-08-08 11:30:00,37.005,37.05,36.815,36.902,29346
2023-08-08 12:30:00,36.905,37.05,36.87,37.04,28809
2023-08-08 13:30:00,37.04,37.395,37.0215,37.345,23097
2023-08-08 14:30:00,37.34,37.4,37.22,37.37,22588
2023-08-08 15:30:00,37.36,37.47,37.2901,37.34,51437
2023-08-09 09:30:00,37.34,37.5,36.88,37.13,21537
2023-08-09 10:30:00,37.09,37.17,36.63,36.73,18477
2023-08-09 11:30:00,36.71,36.89,36.68,36.84,16289
2023-08-09 12:30:00,36.84,36.94,36.78,36.9,14845
2023-08-09 13:30:00,36.885,36.91,36.66,36.81,20489
2023-08-09 14:30:00,36.83,36.85,36.12,36.23,81881
2023-08-09 15:30:00,36.23,36.35,36.13,36.19,70032
2023-08-10 09:30:00,36.12,36.72,35.9,36.565,18524
2023-08-10 10:30:00,36.52,36.59,36.25,36.29,21867
2023-08-10 11:30:00,36.285,36.31,36.09,36.13,23277
2023-08-10 12:30:00,36.135,36.29,36.02,36.13,22966
2023-08-10 13:30:00,36.11,36.22,36.01,36.12,29668
2023-08-10 14:30:00,36.11,36.14,35.84,35.85,41370
2023-08-10 15:30:00,35.85,35.8855,35.61,35.73,82672
2023-10-19 09:30:00,38.21,38.71,38.05,38.65,88317
2023-10-19 10:30:00,38.65,38.7,38.3,38.49,36900
2023-10-19 11:30:00,38.515,39.03,38.46,38.76,57739
2023-10-19 12:30:00,38.77,39.0418,38.57,38.98,26127
2023-10-19 13:30:00,38.99,39.01,38.45,38.56,38647
2023-10-19 14:30:00,38.55,38.558,38.36,38.5,50544
2023-10-19 15:30:00,38.53,38.59,38.4201,38.5,67740
2023-10-20 09:30:00,38.56,38.56,38.0801,38.35,27366
2023-10-20 10:30:00,38.36,38.47,37.7,37.81,51940
2023-10-20 11:30:00,37.775,37.95,37.72,37.775,37091
2023-10-20 12:30:00,37.78,37.89,37.75,37.82,26643
2023-10-20 13:30:00,37.8475,37.94,37.79,37.82,26338
2023-10-20 14:30:00,37.81,37.8708,37.46,37.49,41671
2023-10-20 15:30:00,37.5,37.608,37.26,37.27,76786
2023-10-23 09:30:00,37.03,37.39,36.72,37.39,27439
2023-10-23 10:30:00,37.355,37.36,37.07,37.21,26683
2023-10-23 11:30:00,37.19,37.27,36.96,37.05,19048
2023-10-23 12:30:00,37.08,37.3,37.0319,37.1,17522
2023-10-23 13:30:00,37.12,37.13,36.67,36.71,16235
2023-10-23 14:30:00,36.7535,36.7535,36.1,36.1,21482
2023-10-23 15:30:00,36.1,36.25,36.06,36.06,55080
2023-10-24 09:30:00,36.51,37.07,36.19,36.91,20803
2023-10-24 10:30:00,36.93,37.0,36.47,36.47,20096
2023-10-24 11:30:00,36.47,36.49,35.96,36.02,23565
2023-10-24 12:30:00,36.07,36.27,36.01,36.04,18264
2023-10-24 13:30:00,36.075,36.11,35.99,36.05,15211
2023-10-24 14:30:00,36.08,36.29,36.02,36.2,28692
2023-10-24 15:30:00,36.21,36.35,36.19,36.27,46691
2023-10-25 09:30:00,36.09,36.89,36.07,36.7834,39432
2023-10-25 10:30:00,36.79,37.17,36.73,37.0,25678
2023-10-25 11:30:00,37.0,37.0702,36.78,36.9447,15209
2023-10-25 12:30:00,36.9468,37.02,36.71,36.77,20469
2023-10-25 13:30:00,36.76,36.8,36.21,36.2823,66969
2023-10-25 14:30:00,36.22,36.2418,35.98,36.07,42966
2023-10-25 15:30:00,36.07,36.21,35.93,36.21,123604
2023-10-26 09:30:00,36.19,36.37,35.8,36.09,55841
2023-10-26 10:30:00,36.1,36.87,36.04,36.59,50214
2023-10-26 11:30:00,36.58,36.7113,36.52,36.62,12593
2023-10-26 12:30:00,36.585,36.8,36.39,36.56,15255
2023-10-26 13:30:00,36.46,36.58,36.27,36.4878,38504
2023-10-26 14:30:00,36.55,36.61,36.17,36.17,21147
2023-10-26 15:30:00,36.2,36.2,35.99,36.03,41357
2023-10-27 09:30:00,35.9,36.35,35.66,35.76,20764
2023-10-27 10:30:00,35.76,35.9,35.61,35.61,20291
2023-10-27 11:30:00,35.61,35.86,35.41,35.58,24965
2023-10-27 12:30:00,35.58,35.66,35.47,35.63,27637
2023-10-27 13:30:00,35.62,35.65,35.47,35.535,108808
2023-10-27 14:30:00,35.535,35.91,35.505,35.71,54328
2023-10-27 15:30:00,35.691,35.82,35.52,35.79,98982
2023-10-30 09:30:00,36.0,38.5654,35.415,35.45,17379
2023-10-30 10:30:00,35.46,35.46,35.08,35.265,22753
2023-10-30 11:30:00,35.265,35.745,35.09,35.4289,20826
2023-10-30 12:30:00,35.4,35.56,35.14,35.52,13700
2023-10-30 13:30:00,35.535,35.63,35.46,35.56,14701
2023-10-30 14:30:00,35.54,35.79,35.51,35.68,21747
2023-10-30 15:30:00,35.68,35.73,35.44,35.527,45746
2023-10-31 09:30:00,35.69,36.18,35.51,35.78,18135
2023-10-31 10:30:00,35.81,36.13,35.72,36.07,16458
2023-10-31 11:30:00,36.11,36.3,36.01,36.23,19304
2023-10-31 12:30:00,36.245,36.285,35.97,36.13,33145
2023-10-31 13:30:00,36.17,36.35,36.06,36.2,17282
2023-10-31 14:30:00,36.2,36.33,36.11,36.29,20287
2023-10-31 15:30:00,36.265,36.27,35.94,36.0,49691
2023-11-01 09:30:00,36.1,36.35,35.324,36.07,23601
2023-11-01 10:30:00,36.025,36.08,35.695,35.73,49045
2023-11-01 11:30:00,35.695,35.804,35.51,35.665,22469
2023-11-01 12:30:00,35.67,35.76,35.35,35.41,21093
2023-11-01 13:30:00,35.38,35.5835,35.31,35.4,20209
2023-11-01 14:30:00,35.4,35.68,35.19,35.62,85214
2023-11-01 15:30:00,35.645,35.89,35.5953,35.89,112909
2023-11-02 09:30:00,36.3,36.91,36.15,36.6639,31219
2023-11-02 10:30:00,36.6375,36.85,36.56,36.685,35012
2023-11-02 11:30:00,36.65,36.72,36.44,36.45,16323
2023-11-02 12:30:00,36.44,36.72,36.39,36.61,19425
2023-11-02 13:30:00,36.61,36.8,36.59,36.71,32425
2023-11-02 14:30:00,36.71,37.1965,36.71,37.09,43425
2023-11-02 15:30:00,37.06,37.199,37.01,37.08,67406
2023-11-03 09:30:00,37.76,38.595,37.04,38.308,69000
2023-11-03 10:30:00,38.28,38.47,37.88,37.9,85875
2023-11-03 11:30:00,37.91,37.95,37.53,37.5722,31546
2023-11-03 12:30:00,37.56,37.6699,37.5,37.62,21041
2023-11-03 13:30:00,37.59,37.64,37.47,37.56,23747
2023-11-03 14:30:00,37.6,37.65,37.5,37.5,27185
2023-11-03 15:30:00,37.5,37.55,37.16,37.22,67294
2023-11-06 09:30:00,37.13,37.78,36.76,37.31,17456
2023-11-06 10:30:00,37.31,37.4,37.08,37.22,17909
2023-11-06 11:30:00,37.175,37.24,37.03,37.1,11983
2023-11-06 12:30:00,37.1,37.24,36.95,37.1,14237
2023-11-06 13:30:00,37.05,37.18,37.015,37.13,14204
2023-11-06 14:30:00,37.12,37.23,37.04,37.095,26466
2023-11-06 15:30:00,37.095,37.18,37.03,37.15,52472
2023-11-07 09:30:00,36.91,37.38,36.56,37.14,17686
2023-11-07 10:30:00,37.13,37.32,37.03,37.165,26552
2023-11-07 11:30:00,37.165,37.22,37.08,37.11,15088
2023-11-07 12:30:00,37.125,37.3,36.9,37.1333,26420
2023-11-07 13:30:00,37.12,37.2,36.98,37.0917,18574
2023-11-07 14:30:00,37.055,37.26,37.01,37.055,40697
2023-11-07 15:30:00,37.06,37.15,36.73,36.79,153633
2023-11-08 09:30:00,35.45,35.65,31.16,33.42,393440
2023-11-08 10:30:00,33.41,33.75,32.63,32.935,156246
2023-11-08 11:30:00,32.91,33.01,32.17,32.2,133524
2023-11-08 12:30:00,32.2,32.32,31.43,31.67,167514
2023-11-08 13:30:00,31.67,32.02,31.28,31.92,188787
2023-11-08 14:30:00,31.91,31.96,31.61,31.865,208171
2023-11-08 15:30:00,31.865,32.2,31.635,32.2,348470
2024-01-18 09:30:00,30.73,30.93,29.81,30.585,149156
2024-01-18 10:30:00,30.575,30.7,30.48,30.59,128750
2024-01-18 11:30:00,30.6064,31.01,30.58,30.665,145755
2024-01-18 12:30:00,30.68,30.925,30.6,30.66,102100
2024-01-18 13:30:00,30.645,31.19,30.61,31.16,45362
2024-01-18 14:30:00,31.15,31.42,31.1243,31.2403,57034
2024-01-18 15:30:00,31.23,31.28,30.89,30.89,111134
2024-01-19 09:30:00,30.9,30.955,30.43,30.45,55188
2024-01-19 10:30:00,30.4675,30.59,30.25,30.35,46955
2024-01-19 11:30:00,30.35,30.36,30.15,30.29,40519
2024-01-19 12:30:00,30.26,30.56,30.26,30.5596,29285
2024-01-19 13:30:00,30.545,30.76,30.4,30.72,28194
2024-01-19 14:30:00,30.71,30.85,30.63,30.79,41412
2024-01-19 15:30:00,30.79,30.96,30.74,30.96,76537
2024-01-22 09:30:00,30.99,31.35,30.69,31.02,62526
2024-01-22 10:30:00,30.985,31.005,30.78,30.91,33953
2024-01-22 11:30:00,30.89,31.11,30.82,31.02,27914
2024-01-22 12:30:00,31.0157,31.19,30.93,30.98,46280
2024-01-22 13:30:00,30.99,31.17,30.95,31.1157,30646
2024-01-22 14:30:00,31.125,31.59,31.1,31.575,45201
2024-01-22 15:30:00,31.5711,31.681,31.39,31.53,91629
2024-01-23 09:30:00,31.9,32.53,31.9,32.43,81799
2024-01-23 10:30:00,32.43,32.43,31.61,31.74,22538
2024-01-23 11:30:00,31.69,31.93,31.56,31.75,20478
2024-01-23 12:30:00,31.775,31.775,31.43,31.46,36154
2024-01-23 13:30:00,31.45,31.61,31.32,31.55,26472
2024-01-23 14:30:00,31.535,31.7,31.4572,31.47,31403
2024-01-23 15:30:00,31.4749,31.59,31.34,31.569,72572
2024-01-24 09:30:00,31.77,32.1399,31.37,31.59,20427
2024-01-24 10:30:00,31.61,31.81,31.58,31.63,22227
2024-01-24 11:30:00,31.65,31.71,31.57,31.64,30856
2024-01-24 12:30:00,31.655,31.69,31.42,31.43,24340
2024-01-24 13:30:00,31.43,31.435,31.25,31.29,18939
2024-01-24 14:30:00,31.32,31.395,31.13,31.14,28293
2024-01-24 15:30:00,31.15,31.22,31.03,31.12,52555
2024-01-25 09:30:00,31.28,31.49,30.7,30.765,34259
2024-01-25 10:30:00,30.82,30.82,30.09,30.35,56836
2024-01-25 11:30:00,30.3552,30.55,30.26,30.495,31646
2024-01-25 12:30:00,30.5,30.7,30.36,30.495,68811
2024-01-25 13:30:00,30.495,30.78,30.45,30.78,20264
2024-01-25 14:30:00,30.76,30.82,30.51,30.575,45972
2024-01-25 15:30:00,30.58,30.92,30.58,30.9,80325
2024-01-26 09:30:00,30.88,31.3698,30.81,31.07,29664
2024-01-26 10:30:00,31.045,31.155,30.87,30.87,29151
2024-01-26 11:30:00,30.88,30.93,30.71,30.73,13156
2024-01-26 12:30:00,30.76,30.77,30.52,30.635,23207
2024-01-26 13:30:00,30.6533,30.7,30.55,30.67,26741
2024-01-26 14:30:00,30.65,30.77,30.515,30.515,51537
2024-01-26 15:30:00,30.52,30.62,30.49,30.59,69855
2024-01-29 09:30:00,30.6,30.84,30.12,30.6,23117
2024-01-29 10:30:00,30.63,30.75,30.545,30.65,20314
2024-01-29 11:30:00,30.675,30.71,30.57,30.68,46819
2024-01-29 12:30:00,30.68,30.795,30.59,30.6472,29907
2024-01-29 13:30:00,30.65,30.805,30.61,30.755,43889
2024-01-29 14:30:00,30.755,30.9299,30.63,30.89,40365
2024-01-29 15:30:00,30.89,30.99,30.81,30.95,41595
2024-01-30 09:30:00,30.86,30.94,30.4,30.77,56751
2024-01-30 10:30:00,30.76,30.81,30.59,30.66,16172
2024-01-30 11:30:00,30.66,30.76,30.49,30.4907,44703
2024-01-30 12:30:00,30.49,30.5195,30.1,30.22,60899
2024-01-30 13:30:00,30.205,30.33,30.17,30.2918,55992
2024-01-30 14:30:00,30.295,30.46,30.26,30.45,45842
2024-01-30 15:30:00,30.45,30.48,30.39,30.41,77231
2024-01-31 09:30:00,30.44,30.6,30.24,30.54,26316
2024-01-31 10:30:00,30.55,30.74,30.4701,30.59,48940
2024-01-31 11:30:00,30.59,30.61,30.4,30.53,43006
2024-01-31 12:30:00,30.52,30.53,30.36,30.38,37296
2024-01-31 13:30:00,30.37,30.505,30.24,30.24,31217
2024-01-31 14:30:00,30.265,30.55,29.91,29.955,124376
2024-01-31 15:30:00,29.97,29.98,29.62,29.62,127775
2024-02-01 09:30:00,29.93,30.14,29.2,29.365,55191
2024-02-01 10:30:00,29.35,29.59,29.24,29.433,75881
2024-02-01 11:30:00,29.47,30.13,29.4678,29.77,110392
2024-02-01 12:30:00,29.745,30.04,29.63,30.0,84760
2024-02-01 13:30:00,29.97,30.41,29.93,30.28,37911
2024-02-01 14:30:00,30.27,30.6,30.17,30.57,57973
2024-02-01 15:30:00,30.585,30.73,30.53,30.7,108434
2024-02-02 09:30:00,30.505,31.1,30.505,31.0,59240
2024-02-02 10:30:00,30.985,31.11,30.67,30.91,40425
2024-02-02 11:30:00,30.92,30.99,30.555,30.71,27338
2024-02-02 12:30:00,30.71,30.78,30.47,30.54,26768
2024-02-02 13:30:00,30.54,30.685,30.45,30.67,28162
2024-02-02 14:30:00,30.66,30.78,30.61,30.675,39503
2024-02-02 15:30:00,30.68,30.71,30.52,30.52,80572
2024-02-05 09:30:00,30.05,30.265,29.75,30.22,58490
2024-02-05 10:30:00,30.23,30.5,30.09,30.46,49318
2024-02-05 11:30:00,30.465,30.6,30.23,30.3496,66769
2024-02-05 12:30:00,30.35,30.5,30.31,30.44,29943
2024-02-05 13:30:00,30.44,30.5,30.3,30.34,33392
2024-02-05 14:30:00,30.34,30.36,30.15,30.36,62687
2024-02-05 15:30:00,30.36,30.43,30.25,30.25,71911
2024-02-06 09:30:00,30.0,31.0,29.9,30.76,63436
2024-02-06 10:30:00,30.72,30.9,30.57,30.81,42560
2024-02-06 11:30:00,30.79,30.99,30.71,30.975,79573
2024-02-06 12:30:00,30.97,31.105,30.65,30.72,69190
2024-02-06 13:30:00,30.715,30.8,30.31,30.37,92163
2024-02-06 14:30:00,30.385,30.42,30.18,30.24,136052
2024-02-06 15:30:00,30.24,30.44,30.104,30.23,211511
2024-02-07 09:30:00,25.94,27.86,25.3,26.905,718870
2024-02-07 10:30:00,26.91,27.095,26.44,26.775,263604
2024-02-07 11:30:00,26.78,27.1,26.54,26.76,211232
2024-02-07 12:30:00,26.77,27.23,26.6,27.23,522550
2024-02-07 13:30:00,27.22,27.4875,26.95,26.9701,324784
2024-02-07 14:30:00,26.98,27.67,26.57,26.85,333330
2024-02-07 15:30:00,26.865,27.1,26.76,26.79,562712
2024-02-08 09:30:00,27.27,27.73,26.1,26.65,221461
2024-02-08 10:30:00,26.64,26.865,26.52,26.62,142721
2024-02-08 11:30:00,26.65,26.81,26.56,26.5826,135710
2024-02-08 12:30:00,26.585,26.69,26.3,26.6,110581
2024-02-08 13:30:00,26.6,26.81,26.48,26.63,234018
2024-02-08 14:30:00,26.635,26.664,26.37,26.485,146316
2024-02-08 15:30:00,26.48,26.49,26.1,26.22,270992
2024-04-18 09:30:00,27.58,27.83,27.19,27.8148,26992
2024-04-18 10:30:00,27.83,28.64,27.79,28.53,50694
2024-04-18 11:30:00,28.54,28.67,28.39,28.42,37654
2024-04-18 12:30:00,28.415,28.43,28.15,28.221,30083
2024-04-18 13:30:00,28.22,28.25,28.015,28.04,20605
2024-04-18 14:30:00,28.045,28.3,27.99,28.19,30409
2024-04-18 15:30:00,28.185,28.46,28.17,28.31,71552
2024-04-19 09:30:00,28.39,28.58,28.05,28.3235,28334
2024-04-19 10:30:00,28.32,28.35,27.87,28.01,37009
2024-04-19 11:30:00,28.01,28.03,27.71,27.7403,42373
2024-04-19 12:30:00,27.7402,28.02,27.74,27.99,39550
2024-04-19 13:30:00,27.99,28.02,27.75,27.77,35659
2024-04-19 14:30:00,27.7835,27.86,27.7,27.82,41088
2024-04-19 15:30:00,27.8176,28.0,27.77,27.97,71523
2024-04-22 09:30:00,28.41,28.41,27.61,27.72,46348
2024-04-22 10:30:00,27.7192,27.72,27.15,27.2316,40669
2024-04-22 11:30:00,27.2316,27.41,27.21,27.3707,24323
2024-04-22 12:30:00,27.3688,27.79,27.33,27.7571,28514
2024-04-22 13:30:00,27.775,27.96,27.66,27.6622,24288
2024-04-22 14:30:00,27.66,27.71,27.5,27.5786,37782
2024-04-22 15:30:00,27.5786,27.72,27.51,27.52,58667
2024-04-23 09:30:00,27.44,28.34,27.26,28.065,32895
2024-04-23 10:30:00,28.0743,28.14,27.56,27.58,47112
2024-04-23 11:30:00,27.5755,27.63,27.46,27.53,52331
2024-04-23 12:30:00,27.5352,27.69,27.5,27.6521,43646
2024-04-23 13:30:00,27.66,27.76,27.58,27.6325,24578
2024-04-23 14:30:00,27.635,27.65,27.35,27.38,31463
2024-04-23 15:30:00,27.3886,27.44,27.295,27.44,92005
2024-04-24 09:30:00,27.55,28.24,27.3,28.1589,99729
2024-04-24 10:30:00,28.1581,28.27,27.82,27.96,43330
2024-04-24 11:30:00,27.96,28.18,27.9282,28.05,31984
2024-04-24 12:30:00,28.0492,28.17,27.96,28.14,27219
2024-04-24 13:30:00,28.1493,28.3,28.125,28.1784,32379
2024-04-24 14:30:00,28.16,28.34,28.09,28.2315,40957
2024-04-24 15:30:00,28.222,28.59,28.22,28.51,104441
2024-04-25 09:30:00,28.36,28.43,27.78,28.3527,37797
2024-04-25 10:30:00,28.34,28.45,28.05,28.05,59019
2024-04-25 11:30:00,28.08,28.32,28.04,28.3,39882
2024-04-25 12:30:00,28.28,28.32,28.2,28.2504,34903
2024-04-25 13:30:00,28.25,28.44,27.98,28.36,52346
2024-04-25 14:30:00,28.3752,28.81,28.3,28.81,52637
2024-04-25 15:30:00,28.785,28.92,28.68,28.79,92913
2024-04-26 09:30:00,28.82,29.37,28.41,29.2,49932
2024-04-26 10:30:00,29.2215,29.41,29.0,29.22,39915
2024-04-26 11:30:00,29.2145,29.22,28.91,29.0414,35953
2024-04-26 12:30:00,29.0414,29.14,28.9,29.0594,32115
2024-04-26 13:30:00,29.0597,29.24,29.05,29.2161,28403
2024-04-26 14:30:00,29.2,29.25,29.05,29.15,42698
2024-04-26 15:30:00,29.15,29.26,29.04,29.085,70696
2024-04-29 09:30:00,29.25,29.73,28.98,29.26,22649
2024-04-29 10:30:00,29.2571,29.5,29.19,29.46,26724
2024-04-29 11:30:00,29.425,29.855,29.425,29.51,48582
2024-04-29 12:30:00,29.525,29.64,29.31,29.3442,20625
2024-04-29 13:30:00,29.344,29.35,29.16,29.225,32457
2024-04-29 14:30:00,29.21,29.24,28.93,29.1367,40410
2024-04-29 15:30:00,29.1367,29.15,28.86,29.1,95805
2024-04-30 09:30:00,28.61,29.03,28.52,28.77,19675
2024-04-30 10:30:00,28.7547,28.94,28.73,28.85,28619
2024-04-30 11:30:00,28.8386,28.86,28.67,28.685,20734
2024-04-30 12:30:00,28.67,28.72,28.48,28.505,28333
2024-04-30 13:30:00,28.5034,28.67,28.4,28.43,43715
2024-04-30 14:30:00,28.435,28.58,28.36,28.4312,45951
2024-04-30 15:30:00,28.44,28.5,28.17,28.18,108580
2024-05-01 09:30:00,27.99,28.67,27.7,28.21,49843
2024-05-01 10:30:00,28.19,28.69,28.1,28.54,41129
2024-05-01 11:30:00,28.5588,28.8,28.37,28.7529,32587
2024-05-01 12:30:00,28.75,28.96,28.664,28.9029,30367
2024-05-01 13:30:00,28.9153,29.04,28.84,28.9482,28086
2024-05-01 14:30:00,28.943,29.415,28.8,29.1012,49372
2024-05-01 15:30:00,29.08,29.09,28.63,28.67,72767
2024-05-02 09:30:00,29.05,29.35,28.6,28.87,24818
2024-05-02 10:30:00,28.89,29.01,28.75,28.975,29455
2024-05-02 11:30:00,28.9702,29.18,28.91,29.0936,34729
2024-05-02 12:30:00,29.07,29.12,28.91,29.1065,27507
2024-05-02 13:30:00,29.1185,29.155,29.02,29.07,32426
2024-05-02 14:30:00,29.07,29.29,29.05,29.22,36785
2024-05-02 15:30:00,29.22,29.35,29.17,29.31,62065
2024-05-03 09:30:00,29.75,29.99,29.46,29.5176,64248
2024-05-03 10:30:00,29.5178,29.595,29.24,29.45,48907
2024-05-03 11:30:00,29.475,29.6,29.27,29.27,35595
2024-05-03 12:30:00,29.27,29.285,28.93,28.9607,58254
2024-05-03 13:30:00,28.9664,29.18,28.88,29.08,41653
2024-05-03 14:30:00,29.0803,29.09,28.855,29.033,60528
2024-05-03 15:30:00,29.0257,29.09,28.86,29.02,116237
2024-05-06 09:30:00,29.18,29.65,29.06,29.465,63835
2024-05-06 10:30:00,29.4159,29.545,29.305,29.3724,56750
2024-05-06 11:30:00,29.405,29.75,29.31,29.3455,44042
2024-05-06 12:30:00,29.3453,29.54,28.885,29.49,40699
2024-05-06 13:30:00,29.4811,29.66,29.43,29.4505,52947
2024-05-06 14:30:00,29.455,29.61,29.24,29.25,66225
2024-05-06 15:30:00,29.25,29.355,29.17,29.2,165821
2024-05-07 09:30:00,29.27,29.6,28.93,29.195,34771
2024-05-07 10:30:00,29.1989,29.36,29.03,29.2231,43338
2024-05-07 11:30:00,29.2,29.2699,29.1,29.1312,46093
2024-05-07 12:30:00,29.1318,29.23,29.12,29.1946,60140
2024-05-07 13:30:00,29.2,29.25,29.0915,29.1783,52230
2024-05-07 14:30:00,29.1784,29.205,28.97,29.0125,76482
2024-05-07 15:30:00,29.0128,29.17,28.98,29.1,177082
2024-05-08 09:30:00,26.51,29.0,26.51,28.98,275031
2024-05-08 10:30:00,28.9084,29.07,27.96,28.035,178337
2024-05-08 11:30:00,28.0789,28.39,27.9,28.32,114196
2024-05-08 12:30:00,28.3079,28.51,27.86,28.25,165848
2024-05-08 13:30:00,28.22,28.79,27.94,28.79,158877
2024-05-08 14:30:00,28.6487,29.11,28.54,28.7959,101971
2024-05-08 15:30:00,28.8105,29.03,28.68,28.77,182407
2024-05-09 09:30:00,28.6,28.77,27.69,28.1063,97057
2024-05-09 10:30:00,28.1063,28.52,27.8,28.127,87405
2024-05-09 11:30:00,28.1157,28.39,27.99,28.1363,65931
2024-05-09 12:30:00,28.12,28.63,28.07,28.6,56354
2024-05-09 13:30:00,28.5645,28.76,28.43,28.705,97737
2024-05-09 14:30:00,28.705,29.3,28.67,29.1282,95819
2024-05-09 15:30:00,29.17,29.319,28.8,28.82,194251
2024-07-22 09:30:00,33.31,33.71,32.98,33.025,45073
2024-07-22 10:30:00,33.025,33.51,32.88,33.2486,64066
2024-07-22 11:30:00,33.2306,33.37,32.98,33.26,38319
2024-07-22 12:30:00,33.2547,33.44,33.19,33.4275,40864
2024-07-22 13:30:00,33.4277,33.53,33.29,33.3736,48709
2024-07-22 14:30:00,33.375,33.96,33.37,33.8387,58023
2024-07-22 15:30:00,33.84,34.22,33.815,34.17,109388
2024-07-23 09:30:00,33.96,35.1,33.94,34.92,68554
2024-07-23 10:30:00,34.93,35.07,34.56,34.9657,43447
2024-07-23 11:30:00,34.9517,35.06,34.7,34.9,33933
2024-07-23 12:30:00,34.8102,34.92,34.5695,34.7,26643
2024-07-23 13:30:00,34.6854,35.01,34.64,34.97,45609
2024-07-23 14:30:00,34.96,35.32,34.915,35.2716,69950
2024-07-23 15:30:00,35.27,35.365,35.14,35.2,109098
2024-07-24 09:30:00,35.02,35.5,34.45,35.2584,89319
2024-07-24 10:30:00,35.25,35.52,35.1,35.3228,47934
2024-07-24 11:30:00,35.3308,35.46,35.22,35.43,40225
2024-07-24 12:30:00,35.41,35.5,35.13,35.2,48444
2024-07-24 13:30:00,35.2214,35.32,34.86,34.95,41077
2024-07-24 14:30:00,34.937,34.99,34.64,34.785,48808
2024-07-24 15:30:00,34.7902,35.01,34.67,34.76,104861
2024-07-25 09:30:00,34.86,35.43,34.42,34.98,132336
2024-07-25 10:30:00,34.97,35.0,34.41,34.41,65989
2024-07-25 11:30:00,34.4586,35.14,34.445,35.04,53407
2024-07-25 12:30:00,35.09,35.11,34.64,34.665,52321
2024-07-25 13:30:00,34.665,34.79,34.49,34.6958,41933
2024-07-25 14:30:00,34.73,34.88,34.66,34.813,77869
2024-07-25 15:30:00,34.81,34.93,34.52,34.53,97915
2024-07-26 09:30:00,35.06,35.52,33.86,34.91,169827
2024-07-26 10:30:00,34.91,35.12,34.72,35.0,35814
2024-07-26 11:30:00,35.02,35.16,34.93,35.07,64495
2024-07-26 12:30:00,35.02,35.46,34.98,35.46,30991
2024-07-26 13:30:00,35.48,35.6,35.18,35.35,81883
2024-07-26 14:30:00,35.36,35.38,35.12,35.2,68212
2024-07-26 15:30:00,35.2,35.36,35.081,35.32,129405
2024-07-29 09:30:00,35.34,35.47,34.86,34.87,63530
2024-07-29 10:30:00,35.0108,35.0588,34.47,34.6206,42421
2024-07-29 11:30:00,34.6182,35.05,34.53,34.9219,24595
2024-07-29 12:30:00,34.9219,34.95,34.56,34.6151,38391
2024-07-29 13:30:00,34.56,34.82,34.43,34.74,43099
2024-07-29 14:30:00,34.77,34.94,34.715,34.8268,59061
2024-07-29 15:30:00,34.8267,35.11,34.8,35.08,129122
2024-07-30 09:30:00,35.0,35.76,34.44,34.72,91399
2024-07-30 10:30:00,34.7,34.88,34.35,34.35,26204
2024-07-30 11:30:00,34.375,34.4712,34.12,34.185,28044
2024-07-30 12:30:00,34.1928,34.4,34.11,34.22,24357
2024-07-30 13:30:00,34.2202,34.72,34.21,34.58,70788
2024-07-30 14:30:00,34.5604,34.8,34.49,34.74,36398
2024-07-30 15:30:00,34.75,34.89,34.61,34.64,74491
2024-07-31 09:30:00,34.92,35.95,34.36,34.587,26159
2024-07-31 10:30:00,34.5826,35.02,34.5,34.9856,25080
2024-07-31 11:30:00,34.9856,35.49,34.98,35.3709,48312
2024-07-31 12:30:00,35.365,35.64,35.215,35.4283,61699
2024-07-31 13:30:00,35.46,35.47,34.92,35.3334,23521
2024-07-31 14:30:00,35.345,36.38,35.3421,35.8455,56984
2024-07-31 15:30:00,35.82,35.8509,35.44,35.55,106013
2024-08-01 09:30:00,35.42,35.5499,32.12,34.45,31986
2024-08-01 10:30:00,34.43,34.57,34.14,34.24,27376
2024-08-01 11:30:00,34.31,34.58,34.13,34.3982,25525
2024-08-01 12:30:00,34.398,34.5,34.21,34.31,19589
2024-08-01 13:30:00,34.285,34.2988,33.27,33.997,35336
2024-08-01 14:30:00,34.04,34.18,33.76,34.06,40837
2024-08-01 15:30:00,34.1,34.4,33.99,34.38,122444
2024-08-02 09:30:00,33.35,33.74,32.74,33.385,33864
2024-08-02 10:30:00,33.37,33.52,32.77,32.83,27756
2024-08-02 11:30:00,32.83,33.51,32.83,33.4829,22392
2024-08-02 12:30:00,33.49,33.72,33.26,33.49,21147
2024-08-02 13:30:00,33.5345,33.61,33.28,33.575,24443
2024-08-02 14:30:00,33.5927,33.691,33.33,33.48,29111
2024-08-02 15:30:00,33.484,33.69,33.36,33.68,75341
2024-08-05 09:30:00,31.66,32.69,31.65,32.2944,54179
2024-08-05 10:30:00,32.2771,32.78,32.245,32.6928,23818
2024-08-05 11:30:00,32.675,33.32,32.59,33.23,20829
2024-08-05 12:30:00,33.28,33.3,32.63,32.8911,27720
2024-08-05 13:30:00,32.92,33.15,32.77,32.97,31638
2024-08-05 14:30:00,33.0,33.01,32.75,32.8898,39615
2024-08-05 15:30:00,32.92,32.995,32.725,32.87,73300
2024-08-06 09:30:00,33.1,33.34,32.48,32.85,32827
2024-08-06 10:30:00,32.85,33.28,32.75,32.88,25551
2024-08-06 11:30:00,32.86,33.08,32.82,33.022,35684
2024-08-06 12:30:00,33.0116,33.28,32.73,33.235,30607
2024-08-06 13:30:00,33.2148,33.8,33.125,33.76,45852
2024-08-06 14:30:00,33.8,33.84,33.42,33.6099,36318
2024-08-06 15:30:00,33.6115,33.69,33.51,33.63,118819
2024-08-07 09:30:00,34.05,34.535,33.4,34.24,43791
2024-08-07 10:30:00,34.19,34.57,34.1,34.38,19094
2024-08-07 11:30:00,34.42,34.48,34.1395,34.25,20393
2024-08-07 12:30:00,34.28,34.3,33.83,33.91,37937
2024-08-07 13:30:00,33.9336,34.14,33.65,33.68,45907
2024-08-07 14:30:00,33.68,33.87,33.55,33.7444,69857
2024-08-07 15:30:00,33.73,33.9,33.6,33.81,122000
2024-08-08 09:30:00,34.14,34.79,33.72,34.229,44366
2024-08-08 10:30:00,34.2294,34.37,34.04,34.19,16803
2024-08-08 11:30:00,34.18,34.44,34.14,34.41,15883
2024-08-08 12:30:00,34.3852,34.61,34.2,34.5463,21105
2024-08-08 13:30:00,34.5394,34.75,34.53,34.66,15568
2024-08-08 14:30:00,34.69,34.87,34.62,34.72,26875
2024-08-08 15:30:00,34.705,34.72,34.4,34.63,69247
2024-10-17 09:30:00,35.51,35.72,34.6,34.69,25861
2024-10-17 10:30:00,34.68,34.6902,34.31,34.3794,49979
2024-10-17 11:30:00,34.42,34.85,34.36,34.85,27671
2024-10-17 12:30:00,34.825,34.975,34.59,34.6579,22353
2024-10-17 13:30:00,34.654,34.79,34.44,34.45,23855
2024-10-17 14:30:00,34.46,34.61,34.35,34.59,39764
2024-10-17 15:30:00,34.59,34.59,34.37,34.37,105411
2024-10-18 09:30:00,34.38,34.62,34.2,34.4877,51564
2024-10-18 10:30:00,34.485,34.49,34.1901,34.225,25854
2024-10-18 11:30:00,34.225,34.44,34.18,34.35,24104
2024-10-18 12:30:00,34.3504,34.360331,34.0,34.045,30142
2024-10-18 13:30:00,34.02,34.11,33.91,34.0564,27347
2024-10-18 14:30:00,34.075,34.3899,34.02,34.285,37572
2024-10-18 15:30:00,34.2934,34.67,34.27,34.49,123023
2024-10-21 09:30:00,34.72,35.1099,34.42,34.52,24139
2024-10-21 10:30:00,34.5,34.61,34.28,34.4049,47910
2024-10-21 11:30:00,34.435,34.4899,34.295,34.33,16508
2024-10-21 12:30:00,34.33,34.55,34.3,34.51,15141
2024-10-21 13:30:00,34.515,34.57,34.26,34.51,47077
2024-10-21 14:30:00,34.51,34.52,34.22,34.32,35196
2024-10-21 15:30:00,34.315,34.51,34.24,34.45,81590
2024-10-22 09:30:00,34.45,34.67,33.7201,33.795,17112
2024-10-22 10:30:00,33.795,34.3788,33.74,34.2384,99304
2024-10-22 11:30:00,34.2418,34.64,34.2392,34.28,29013
2024-10-22 12:30:00,34.263,34.5374,34.09,34.475,79311
2024-10-22 13:30:00,34.46,34.54,34.343,34.42,19349
2024-10-22 14:30:00,34.415,34.49,34.29,34.3207,26273
2024-10-22 15:30:00,34.32,34.425,34.25,34.27,96753
2024-10-23 09:30:00,34.22,34.63,33.99,34.2557,16851
2024-10-23 10:30:00,34.2623,34.3425,33.67,33.74,35786
2024-10-23 11:30:00,33.74,33.8,33.56,33.6002,22015
2024-10-23 12:30:00,33.55,33.82,33.53,33.725,31934
2024-10-23 13:30:00,33.6829,33.77,33.5,33.579,24734
2024-10-23 14:30:00,33.57,33.705,33.425,33.586,67018
2024-10-23 15:30:00,33.5696,33.9,33.54,33.79,81068
2024-10-24 09:30:00,33.81,34.17,33.6201,33.89,17237
2024-10-24 10:30:00,33.93,34.08,33.7,33.725,17247
2024-10-24 11:30:00,33.7195,33.8185,33.44,33.59,17508
2024-10-24 12:30:00,33.59,33.68,33.5164,33.59,10010
2024-10-24 13:30:00,33.59,33.62,33.36,33.445,13864
2024-10-24 14:30:00,33.45,33.45,33.24,33.35,24140
2024-10-24 15:30:00,33.35,33.385,33.18,33.21,43106
2024-10-25 09:30:00,33.51,34.12,33.18,33.832,15721
2024-10-25 10:30:00,33.8084,34.04,33.6,33.7836,20550
2024-10-25 11:30:00,33.7808,33.805,33.54,33.627,23800
2024-10-25 12:30:00,33.59,33.63,33.41,33.455,11036
2024-10-25 13:30:00,33.455,33.55,33.33,33.55,12911
2024-10-25 14:30:00,33.525,33.6199,33.44,33.495,17800
2024-10-25 15:30:00,33.5131,33.53,33.34,33.43,40813
2024-10-28 09:30:00,33.66,34.08,33.36,34.07,20755
2024-10-28 10:30:00,34.07,34.13,33.79,34.05,23093
2024-10-28 11:30:00,34.04,34.0799,33.85,34.02,23574
2024-10-28 12:30:00,34.01,34.03,33.86,33.91,18738
2024-10-28 13:30:00,33.93,33.9471,33.59,33.59,27314
2024-10-28 14:30:00,33.61,33.77,33.4838,33.7,34143
2024-10-28 15:30:00,33.7299,33.8099,33.63,33.66,51320
2024-10-29 09:30:00,33.855,33.855,33.24,33.5709,17808
2024-10-29 10:30:00,33.53,33.6499,33.4,33.49,9797
2024-10-29 11:30:00,33.4656,33.61,33.18,33.23,12151
2024-10-29 12:30:00,33.21,33.36,33.12,33.32,15583
2024-10-29 13:30:00,33.36,33.37,33.185,33.22,11667
2024-10-29 14:30:00,33.22,33.404,33.205,33.355,15984
2024-10-29 15:30:00,33.36,33.51,33.3014,33.51,47171
2024-10-30 09:30:00,33.43,33.9999,33.15,33.775,18361
2024-10-30 10:30:00,33.8,33.9088,33.65,33.83,11927
2024-10-30 11:30:00,33.83,33.96,33.52,33.58,17274
2024-10-30 12:30:00,33.58,33.6276,33.33,33.4,15018
2024-10-30 13:30:00,33.429,33.64,33.34,33.3952,19703
2024-10-30 14:30:00,33.43,33.52,33.35,33.43,27145
2024-10-30 15:30:00,33.42,33.64,33.33,33.44,102832
2024-10-31 09:30:00,33.52,33.8361,33.24,33.5094,20043
2024-10-31 10:30:00,33.5599,33.5599,33.0,33.12,18892
2024-10-31 11:30:00,33.0918,33.41,33.06,33.3796,22470
2024-10-31 12:30:00,33.38,33.4399,33.24,33.3088,22522
2024-10-31 13:30:00,33.2933,33.3087,32.64,32.7477,43080
2024-10-31 14:30:00,32.65,32.83,32.6,32.62,30092
2024-10-31 15:30:00,32.6187,32.66,32.32,32.35,97420
2024-11-01 09:30:00,32.7,33.66,32.36,33.62,34610
2024-11-01 10:30:00,33.62,33.7099,33.01,33.19,18259
2024-11-01 11:30:00,33.195,33.195,32.98,33.0,19615
2024-11-01 12:30:00,33.0,33.112,32.95,33.0185,33519
2024-11-01 13:30:00,32.9997,33.15,32.8,33.13,70139
2024-11-01 14:30:00,33.135,33.36,33.07,33.08,35579
2024-11-01 15:30:00,33.08,33.23,33.005,33.22,52371
2024-11-04 09:30:00,32.93,33.62,32.76,33.515,35781
2024-11-04 10:30:00,33.53,33.81,33.49,33.72,29679
2024-11-04 11:30:00,33.71,33.7508,33.465,33.675,26444
2024-11-04 12:30:00,33.69,33.89,33.66,33.74,30843
2024-11-04 13:30:00,33.765,33.8132,33.4,33.43,36884
2024-11-04 14:30:00,33.43,33.59,33.39,33.535,43472
2024-11-04 15:30:00,33.535,33.62,33.18,33.29,90397
2024-11-05 09:30:00,33.14,33.66,32.734,33.57,64218
2024-11-05 10:30:00,33.58,33.89,33.44,33.775,46852
2024-11-05 11:30:00,33.7671,33.8399,33.48,33.75,25392
2024-11-05 12:30:00,33.75,33.8199,33.43,33.49,19141
2024-11-05 13:30:00,33.49,34.16,33.42,34.16,83205
2024-11-05 14:30:00,34.155,34.47,34.01,34.33,112751
2024-11-05 15:30:00,34.35,34.4,34.13,34.25,138188
2024-11-06 09:30:00,40.965,42.97,39.26,39.335,320218
2024-11-06 10:30:00,39.22,40.38,39.165,39.7622,133736
2024-11-06 11:30:00,39.87,40.17,39.63,39.83,103545
2024-11-06 12:30:00,39.79,39.99,39.49,39.94,72133
2024-11-06 13:30:00,39.94,40.28,39.66,40.0703,216394
2024-11-06 14:30:00,40.24,41.85,40.09,41.85,156654
2024-11-06 15:30:00,41.85,42.39,41.5816,42.24,374958
2024-11-07 09:30:00,42.36,42.59,40.75,41.218,144970
2024-11-07 10:30:00,41.2225,41.73,40.31,40.5374,97206
2024-11-07 11:30:00,40.53,40.83,40.067,40.4788,100432
2024-11-07 12:30:00,40.46,40.89,40.35,40.7846,58161
2024-11-07 13:30:00,40.865,41.28,40.54,41.235,87650
2024-11-07 14:30:00,41.1678,41.9,41.1,41.71,108627
2024-11-07 15:30:00,41.72,41.97,41.645,41.95,212781
2025-01-23 09:30:00,42.57,42.85,41.88,42.0268,24011
2025-01-23 10:30:00,41.9686,42.615,41.9686,42.2727,27148
2025-01-23 11:30:00,42.225,42.4154,42.14,42.32,16109
2025-01-23 12:30:00,42.27,42.34,42.13,42.18,17720
2025-01-23 13:30:00,42.1788,42.3,41.96,42.06,21100
2025-01-23 14:30:00,42.11,42.45,42.05,42.415,32772
2025-01-23 15:30:00,42.3695,42.6473,42.35,42.46,69301
2025-01-24 09:30:00,42.48,42.98,41.84,42.2268,18759
2025-01-24 10:30:00,42.215,42.56,41.8,42.3846,21606
2025-01-24 11:30:00,42.34,42.7199,42.28,42.5444,13861
2025-01-24 12:30:00,42.48,42.63,42.25,42.46,16212
2025-01-24 13:30:00,42.5223,42.62,42.36,42.53,21383
2025-01-24 14:30:00,42.518,42.8,42.4575,42.685,27914
2025-01-24 15:30:00,42.685,43.054,42.615,42.74,87729
2025-01-27 09:30:00,42.6,42.84,41.82,42.5163,34418
2025-01-27 10:30:00,42.41,42.4948,41.51,41.54,16656
2025-01-27 11:30:00,41.56,41.65,41.19,41.39,20676
2025-01-27 12:30:00,41.4539,41.4999,40.97,41.035,23785
2025-01-27 13:30:00,41.035,41.26,40.835,41.04,17859
2025-01-27 14:30:00,41.04,41.505,40.93,41.38,34793
2025-01-27 15:30:00,41.38,41.46,40.98,41.11,78043
2025-01-28 09:30:00,41.0,41.3867,40.47,41.13,17837
2025-01-28 10:30:00,41.2153,41.51,40.855,40.875,21476
2025-01-28 11:30:00,40.9,40.97,40.65,40.7861,15011
2025-01-28 12:30:00,40.74,41.03,40.61,40.95,10193
2025-01-28 13:30:00,40.99,41.28,40.8,40.86,21835
2025-01-28 14:30:00,40.85,41.21,40.81,41.1,22796
2025-01-28 15:30:00,41.115,41.39,41.09,41.25,72023
2025-01-29 09:30:00,41.05,41.49,40.7314,40.9104,16580
2025-01-29 10:30:00,40.9046,40.9097,40.12,40.12,16821
2025-01-29 11:30:00,40.18,40.531,40.0,40.48,14234
2025-01-29 12:30:00,40.49,42.36,40.04,40.04,12501
2025-01-29 13:30:00,40.115,40.1512,39.39,39.55,23840
2025-01-29 14:30:00,39.5527,40.13,39.48,39.73,34007
2025-01-29 15:30:00,39.7234,39.9499,39.54,39.71,88079
2025-01-30 09:30:00,40.13,40.96,39.95,40.45,42847
2025-01-30 10:30:00,40.465,40.7,40.05,40.3655,24669
2025-01-30 11:30:00,40.43,40.58,40.2,40.26,17886
2025-01-30 12:30:00,40.27,40.59,40.24,40.4962,16247
2025-01-30 13:30:00,40.51,40.93,40.41,40.56,30794
2025-01-30 14:30:00,40.63,40.75,40.46,40.56,28263
2025-01-30 15:30:00,40.5983,40.73,40.26,40.62,74330
2025-01-31 09:30:00,40.98,42.21,40.58,42.12,72409
2025-01-31 10:30:00,42.0754,42.19,41.64,41.815,44937
2025-01-31 11:30:00,41.8,42.09,41.67,42.0656,20591
2025-01-31 12:30:00,42.06,42.29,41.6,41.65,36767
2025-01-31 13:30:00,41.65,41.6995,41.19,41.54,30762
2025-01-31 14:30:00,41.4335,41.59,41.2251,41.3976,38477
2025-01-31 15:30:00,41.4031,41.72,41.3988,41.58,93894
2025-02-03 09:30:00,40.55,41.63,40.0,41.55,50560
2025-02-03 10:30:00,41.55,42.13,41.3137,42.09,40152
2025-02-03 11:30:00,42.029,42.29,41.9056,42.215,25727
2025-02-03 12:30:00,42.17,42.31,41.7,42.02,47803
2025-02-03 13:30:00,42.005,42.25,40.55,42.14,40263
2025-02-03 14:30:00,42.125,42.35,42.1,42.165,74232
2025-02-03 15:30:00,42.17,42.41,41.93,41.94,97291
2025-02-04 09:30:00,41.76,42.55,40.93,41.49,58971
2025-02-04 10:30:00,41.55,41.58,41.1,41.271747,31223
2025-02-04 11:30:00,41.28,41.35,40.84,40.84,37702
2025-02-04 12:30:00,40.97,41.34,40.89,41.31,48634
2025-02-04 13:30:00,41.35,41.68,41.1926,41.3384,91197
2025-02-04 14:30:00,41.3115,41.82,41.2966,41.6939,114341
2025-02-04 15:30:00,41.7263,42.16,41.65,42.09,162035
2025-02-05 09:30:00,52.2,52.3,48.06,49.46,971075
2025-02-05 10:30:00,49.41,49.9221,48.5296,49.42,322485
2025-02-05 11:30:00,49.3,50.01,49.26,49.64,465598
2025-02-05 12:30:00,49.64,50.0,49.46,49.8339,193518
2025-02-05 13:30:00,49.8712,49.89,48.53,48.65,194015
2025-02-05 14:30:00,48.73,49.98,48.66,49.89,368291
2025-02-05 15:30:00,49.9692,50.27,49.66,49.81,628740
2025-02-06 09:30:00,49.54,50.315,48.34,48.42,152740
2025-02-06 10:30:00,48.33,48.51,47.56,48.0,102531
2025-02-06 11:30:00,47.945,48.1971,47.01,47.12,70756
2025-02-06 12:30:00,47.13,47.13,46.485,46.6211,79503
2025-02-06 13:30:00,46.615,46.94,46.05,46.5377,83686
2025-02-06 14:30:00,46.525288,47.0,46.2,46.8,76523
2025-02-06 15:30:00,46.8281,47.37,46.6,47.34,149366
2025-02-07 09:30:00,47.17,47.3,45.13,45.64,128159
2025-02-07 10:30:00,45.4655,45.7696,44.93,44.945,79962
2025-02-07 11:30:00,44.96,45.88,44.92,45.5,60561
2025-02-07 12:30:00,45.52,45.7223,45.43,45.5588,64791
2025-02-07 13:30:00,45.535,46.28,45.47,45.59,107399
2025-02-07 14:30:00,45.56,45.845,45.46,45.5002,78006
2025-02-07 15:30:00,45.6,45.65,45.31,45.31,112833
2025-02-10 09:30:00,45.72,46.22,44.9801,45.6634,65902
2025-02-10 10:30:00,45.685,45.82,45.53,45.605,39257
2025-02-10 11:30:00,45.67,46.07,45.605,45.7541,37757
2025-02-10 12:30:00,45.76,46.34,45.5425,46.17,61480
2025-02-10 13:30:00,46.195,46.54,46.17,46.52,47426
2025-02-10 14:30:00,46.47,46.7503,46.4293,46.535,58561
2025-02-10 15:30:00,46.534,47.065,46.51,46.99,126879
2025-02-11 09:30:00,46.68,46.96,45.82,46.445,70344
2025-02-11 10:30:00,46.4814,46.515,45.9,45.94,40083
2025-02-11 11:30:00,45.985,46.2099,45.79,46.2,43319
2025-02-11 12:30:00,46.145,46.275,45.71,46.1987,36680
2025-02-11 13:30:00,46.16,46.54,46.15,46.3704,30612
2025-02-11 14:30:00,46.3847,46.54,46.08,46.23,68346
2025-02-11 15:30:00,46.23,46.79,46.12,46.76,116301
2025-02-12 09:30:00,45.97,46.98,45.27,45.85,43236
2025-02-12 10:30:00,45.9679,46.08,45.53,45.695,34138
2025-02-12 11:30:00,45.695,46.035,45.63,45.96,20649
2025-02-12 12:30:00,45.98,46.09,45.765,45.885,27403
2025-02-12 13:30:00,45.885,45.9,45.62,45.64,32970
2025-02-12 14:30:00,45.66,46.635,45.62,46.6011,95490
2025-02-12 15:30:00,46.5057,46.6781,45.72,45.77,172272
2025-02-13 09:30:00,45.99,46.28,45.16,45.765,64229
2025-02-13 10:30:00,45.79,46.02,45.3601,45.4822,34314
2025-02-13 11:30:00,45.48,45.86,45.25,45.7143,51860
2025-02-13 12:30:00,45.735,45.8,45.47,45.68,35514
2025-02-13 13:30:00,45.715,45.83,45.34,45.465,32991
2025-02-13 14:30:00,45.465,45.7,45.26,45.5463,66432
2025-02-13 15:30:00,45.53,45.8399,45.48,45.64,86648
2025-04-17 09:30:00,47.25,47.92,46.7,47.4,77568
2025-04-17 10:30:00,47.45,48.11,47.245,47.9268,43579
2025-04-17 11:30:00,47.95,48.44,47.77,48.16,69006
2025-04-17 12:30:00,48.1,48.55,48.07,48.13,47136
2025-04-17 13:30:00,48.165,48.49,48.08,48.24,68746
2025-04-17 14:30:00,48.17,48.31,47.76,48.16,99285
2025-04-17 15:30:00,48.16,48.25,47.59,47.95,142488
2025-04-21 09:30:00,47.57,47.975,46.58,47.115,32468
2025-04-21 10:30:00,47.06,47.1799,46.295,46.4565,24585
2025-04-21 11:30:00,46.435,46.6891,46.32,46.6,24479
2025-04-21 12:30:00,46.6183,46.78,46.29,46.47,39673
2025-04-21 13:30:00,46.6377,46.735,46.4367,46.63,31972
2025-04-21 14:30:00,46.59,46.8699,46.38,46.81,37502
2025-04-21 15:30:00,46.83,47.3199,46.7947,47.24,68267
2025-04-22 09:30:00,48.065,48.065,46.58,46.98,73168
2025-04-22 10:30:00,47.06,47.46,46.65,47.4118,66295
2025-04-22 11:30:00,47.4045,48.31,47.16,48.24,151803
2025-04-22 12:30:00,48.21,48.21,47.4,47.5934,37097
2025-04-22 13:30:00,47.54,47.719,47.265,47.66,31791
2025-04-22 14:30:00,47.68,47.95,47.6057,47.76,33922
2025-04-22 15:30:00,47.74,48.16,47.56,47.92,110392
2025-04-23 09:30:00,49.0,50.09,48.89,49.9629,83887
2025-04-23 10:30:00,49.98,50.07,48.19,48.25,62823
2025-04-23 11:30:00,48.25,48.34,47.76,47.9507,49197
2025-04-23 12:30:00,48.01,48.15,47.81,47.83,43535
2025-04-23 13:30:00,47.87,48.11,47.67,47.8957,30589
2025-04-23 14:30:00,47.915,48.04,47.45,47.975,57427
2025-04-23 15:30:00,47.975,48.26,47.79,48.05,176382
2025-04-24 09:30:00,47.86,48.86,47.3,48.81,43434
2025-04-24 10:30:00,48.71,49.09,48.71,48.895,35911
2025-04-24 11:30:00,48.875,49.45,48.8389,49.2976,25867
2025-04-24 12:30:00,49.33,49.74,49.284,49.38,34348
2025-04-24 13:30:00,49.43,49.64,49.3196,49.58,33334
2025-04-24 14:30:00,49.54,49.78,49.06,49.085,48996
2025-04-24 15:30:00,49.04,50.0,49.01,49.83,137564
2025-04-25 09:30:00,49.23,49.8599,48.9604,49.105,45413
2025-04-25 10:30:00,49.105,49.34,48.76,49.05,25406
2025-04-25 11:30:00,49.05,49.495,49.04,49.465,26125
2025-04-25 12:30:00,49.465,49.73,49.34,49.52,53320
2025-04-25 13:30:00,49.52,49.57,49.18,49.46,52627
2025-04-25 14:30:00,49.4438,49.56,49.31,49.395,47659
2025-04-25 15:30:00,49.39,49.775,49.33,49.75,83152
2025-04-28 09:30:00,50.22,50.9999,49.66,50.0,77605
2025-04-28 10:30:00,50.025,50.025,49.3906,49.46,31469
2025-04-28 11:30:00,49.5569,49.6086,49.22,49.31,27348
2025-04-28 12:30:00,49.333,49.44,49.09,49.215,15439
2025-04-28 13:30:00,49.215,49.37,49.01,49.35,21701
2025-04-28 14:30:00,49.36,49.695,49.29,49.695,30564
2025-04-28 15:30:00,49.64,50.01,49.61,49.72,52740
2025-04-29 09:30:00,49.63,50.4388,49.0201,49.88,39881
2025-04-29 10:30:00,49.84,50.05,49.6401,49.81,23321
2025-04-29 11:30:00,49.725,50.43,49.695,50.15,37016
2025-04-29 12:30:00,50.21,50.37,50.0,50.1194,24988
2025-04-29 13:30:00,50.155,50.42,50.1,50.16,35053
2025-04-29 14:30:00,50.205,50.54,50.1017,50.16,43727
2025-04-29 15:30:00,50.21,50.235,49.8,50.16,87400
2025-04-30 09:30:00,49.99,50.1,49.37,49.74,40008
2025-04-30 10:30:00,49.76,50.3521,49.68,50.275,35524
2025-04-30 11:30:00,50.275,50.61,50.14,50.15,23090
2025-04-30 12:30:00,50.14,50.445,50.14,50.36,31484
2025-04-30 13:30:00,50.3485,50.49,50.23,50.3199,50749
2025-04-30 14:30:00,50.3,50.45,50.13,50.3169,41931
2025-04-30 15:30:00,50.25,50.3135,49.965,50.0,114033
2025-05-01 09:30:00,50.06,50.76,49.43,50.6766,35088
2025-05-01 10:30:00,50.645,51.0,50.35,50.555,48599
2025-05-01 11:30:00,50.58,50.6232,50.21,50.41,33990
2025-05-01 12:30:00,50.35,50.4,49.94,50.01,56842
2025-05-01 13:30:00,49.96,50.24,49.9301,50.0502,36105
2025-05-01 14:30:00,50.07,50.32,49.885,50.24,79003
2025-05-01 15:30:00,50.25,50.42,49.98,49.98,116302
2025-05-02 09:30:00,49.5,51.54,49.5,51.54,61700
2025-05-02 10:30:00,51.515,51.52,50.27,50.37,30853
2025-05-02 11:30:00,50.34,50.86,50.295,50.675,27246
2025-05-02 12:30:00,50.6647,51.2276,50.6,51.2276,30455
2025-05-02 13:30:00,51.18,51.4,50.95,51.2314,33183
2025-05-02 14:30:00,51.27,51.505,51.115,51.4186,42566
2025-05-02 15:30:00,51.435,51.55,51.28,51.38,78826
2025-05-05 09:30:00,50.95,51.45,50.44,51.35,62365
2025-05-05 10:30:00,51.23,51.63,51.11,51.3596,44639
2025-05-05 11:30:00,51.295,51.73,51.125,51.66,31589
2025-05-05 12:30:00,51.605,51.6106,51.14,51.24,25800
2025-05-05 13:30:00,51.2,51.71,51.15,51.4408,32721
2025-05-05 14:30:00,51.43,51.62,51.37,51.405,48794
2025-05-05 15:30:00,51.38,51.49,51.11,51.11,98626
2025-05-06 09:30:00,50.74,50.95,49.76,50.42,63718
2025-05-06 10:30:00,50.47,51.12,50.31,50.9444,41349
2025-05-06 11:30:00,50.96,50.9837,50.29,50.345,68397
2025-05-06 12:30:00,50.4055,50.6,49.89,50.171,58702
2025-05-06 13:30:00,50.1464,50.26,49.83,50.258,54822
2025-05-06 14:30:00,50.26,50.71,50.1545,50.53,85880
2025-05-06 15:30:00,50.53,50.6099,50.2901,50.43,149302
2025-05-07 09:30:00,48.55,49.9789,46.32,48.3114,168774
2025-05-07 10:30:00,47.915,48.61,47.46,47.93,123391
2025-05-07 11:30:00,47.95,48.615,47.8615,48.2711,88005
2025-05-07 12:30:00,48.23,48.4888,47.92,48.43,79784
2025-05-07 13:30:00,48.4338,48.79,48.04,48.43,68265
2025-05-07 14:30:00,48.4462,48.69,47.75,47.84,120120
2025-05-07 15:30:00,47.8817,48.3699,47.58,47.93,198761
2025-05-08 09:30:00,48.43,49.4945,47.31,47.59,72578
2025-05-08 10:30:00,47.6401,47.67,46.27,46.47,93321
2025-05-08 11:30:00,46.465,47.19,46.3,46.64,98245
2025-05-08 12:30:00,46.755,46.96,46.31,46.31,46779
2025-05-08 13:30:00,46.355,46.5923,46.03,46.51,94890
2025-05-08 14:30:00,46.51,46.8967,46.3,46.44,73684
2025-05-08 15:30:00,46.4199,46.47,45.82,46.02,158296
