bar_start,open,high,low,close,volume
2016-02-04 09:30:00,18.0,18.75,17.7,18.74,2566
2016-02-04 10:30:00,18.77,18.85,18.4,18.4,1412
2016-02-04 11:30:00,18.32,18.55,18.13,18.31,3179
2016-02-04 12:30:00,18.3571,18.39,18.2,18.2,2133
2016-02-04 13:30:00,18.17,18.24,18.04,18.04,5993
2016-02-04 14:30:00,18.04,18.2126,18.04,18.12,3430
2016-02-04 15:30:00,18.09,18.19,18.04,18.13,3530
2016-02-05 09:30:00,18.0,18.26,17.58,17.98,3452
2016-02-05 10:30:00,17.95,18.18,17.95,18.09,1603
2016-02-05 11:30:00,18.03,18.16,17.95,18.12,1411
2016-02-05 12:30:00,17.9915,18.0628,17.94,17.99,1317
2016-02-05 13:30:00,17.94,17.94,17.68,17.79,1677
2016-02-05 14:30:00,17.79,17.79,17.6039,17.61,1347
2016-02-05 15:30:00,17.5301,17.74,17.48,17.49,10427
2016-02-08 09:30:00,17.23,17.71,17.0,17.13,5467
2016-02-08 10:30:00,17.11,17.37,17.09,17.3497,739
2016-02-08 11:30:00,17.37,17.63,17.37,17.45,1100
2016-02-08 12:30:00,17.6,17.6,17.41,17.52,901
2016-02-08 13:30:00,17.47,17.59,17.27,17.41,1166
2016-02-08 14:30:00,17.49,17.79,17.46,17.75,6262
2016-02-08 15:30:00,17.79,17.81,17.7,17.78,5878
2016-02-09 09:30:00,17.47,17.92,17.01,17.15,1084
2016-02-09 10:30:00,17.245,17.33,17.19,17.28,2809
2016-02-09 11:30:00,17.3,17.3,17.1,17.16,3947
2016-02-09 12:30:00,17.102,17.17,16.61,16.7,4963
2016-02-09 13:30:00,16.72,16.78,16.46,16.5,4546
2016-02-09 14:30:00,16.52,16.75,16.41,16.58,2917
2016-02-09 15:30:00,16.5901,16.6697,16.51,16.62,4370
2016-02-10 09:30:00,16.53,16.82,16.53,16.79,1362
2016-02-10 10:30:00,16.88,17.13,16.76,16.8,4977
2016-02-10 11:30:00,16.76,16.76,16.58,16.58,362
2016-02-10 12:30:00,16.65,16.89,16.63,16.77,1793
2016-02-10 13:30:00,16.76,16.78,16.61,16.74,1353
2016-02-10 14:30:00,16.64,16.64,16.43,16.43,2747
2016-02-10 15:30:00,16.46,16.48,16.27,16.3,7602
2016-02-11 09:30:00,16.0,16.5,16.0,16.35,6452
2016-02-11 10:30:00,16.41,16.45,16.31,16.36,8165
2016-02-11 11:30:00,16.22,16.2999,16.08,16.13,5841
2016-02-11 12:30:00,16.12,16.18,16.04,16.09,1799
2016-02-11 13:30:00,16.1,16.16,15.98,15.98,2222
2016-02-11 14:30:00,15.97,16.3,15.97,16.2,6692
2016-02-11 15:30:00,16.2,16.28,16.13,16.13,8696
2016-02-12 09:30:00,16.35,16.8,16.23,16.23,1313
2016-02-12 10:30:00,16.2,16.39,16.2,16.39,1407
2016-02-12 11:30:00,16.48,16.56,16.43,16.55,2924
2016-02-12 12:30:00,16.53,16.54,16.37,16.37,1122
2016-02-12 13:30:00,16.4297,16.4297,16.21,16.26,3014
2016-02-12 14:30:00,16.25,16.32,16.24,16.24,3599
2016-02-12 15:30:00,16.2501,16.34,16.19,16.25,8891
2016-02-16 09:30:00,16.53,17.02,16.21,16.39,3516
2016-02-16 10:30:00,16.3,16.67,16.3,16.61,4485
2016-02-16 11:30:00,16.61,16.71,15.96,16.14,4648
2016-02-16 12:30:00,16.074,16.34,15.97,16.34,1743
2016-02-16 13:30:00,16.34,16.45,16.335,16.39,1659
2016-02-16 14:30:00,16.31,16.47,16.31,16.36,1916
2016-02-16 15:30:00,16.3401,16.53,16.3401,16.3901,6452
2016-02-17 09:30:00,16.66,17.09,16.66,17.06,2091
2016-02-17 10:30:00,17.2499,17.53,17.15,17.53,5525
2016-02-17 11:30:00,17.3799,17.45,17.2,17.3305,783
2016-02-17 12:30:00,17.4346,17.4346,17.06,17.06,2436
2016-02-17 13:30:00,17.13,17.36,17.12,17.19,1866
2016-02-17 14:30:00,17.0,17.14,16.8,16.8172,3929
2016-02-17 15:30:00,16.81,17.05,16.805,16.99,4420
2016-02-18 09:30:00,17.04,17.5,16.59,16.99,2144
2016-02-18 10:30:00,17.33,17.39,16.97,16.98,3467
2016-02-18 11:30:00,16.94,17.16,16.901,16.95,1753
2016-02-18 12:30:00,17.0,17.24,16.93,17.0,1786
2016-02-18 13:30:00,17.04,17.16,16.9,17.05,1341
2016-02-18 14:30:00,17.2,17.29,16.911,17.03,1173
2016-02-18 15:30:00,17.09,17.16,17.0213,17.11,4765
2016-02-19 09:30:00,17.04,17.62,16.66,16.92,5492
2016-02-19 10:30:00,16.99,17.3,16.99,17.14,2021
2016-02-19 11:30:00,17.14,17.2968,17.02,17.03,1293
2016-02-19 12:30:00,17.05,17.22,16.98,17.12,2621
2016-02-19 13:30:00,17.14,17.3,16.93,17.1,2174
2016-02-19 14:30:00,17.1594,17.4,17.13,17.31,5934
2016-02-19 15:30:00,17.23,17.34,17.16,17.34,7730
2016-02-22 09:30:00,17.56,17.935,17.29,17.935,2767
2016-02-22 10:30:00,17.97,17.99,17.75,17.81,3013
2016-02-22 11:30:00,17.68,17.92,17.59,17.83,1879
2016-02-22 12:30:00,17.67,17.7,17.67,17.7,583
2016-02-22 13:30:00,17.74,17.79,17.6477,17.6477,402
2016-02-22 14:30:00,17.56,17.6,17.43,17.43,1706
2016-02-22 15:30:00,17.39,17.39,17.19,17.26,5282
2016-02-23 09:30:00,17.21,17.56,17.21,17.27,4396
2016-02-23 10:30:00,17.39,17.47,17.27,17.43,3526
2016-02-23 11:30:00,17.41,17.7,17.4,17.56,3516
2016-02-23 12:30:00,17.58,17.59,17.2932,17.55,5182
2016-02-23 13:30:00,17.53,17.98,17.53,17.7,6829
2016-02-23 14:30:00,17.61,17.61,17.29,17.54,6453
2016-02-23 15:30:00,17.63,17.63,17.33,17.35,5979
2016-05-02 09:30:00,23.1,23.44,22.59,22.97,2127
2016-05-02 10:30:00,22.91,23.17,22.86,23.0399,1433
2016-05-02 11:30:00,23.05,23.05,22.875,22.9,723
2016-05-02 12:30:00,22.88,23.2,22.86,23.15,2942
2016-05-02 13:30:00,23.15,23.15,22.91,23.06,1221
2016-05-02 14:30:00,22.98,22.98,22.81,22.92,1345
2016-05-02 15:30:00,22.92,23.08,22.74,23.06,8238
2016-05-03 09:30:00,22.72,23.3,22.49,22.51,2999
2016-05-03 10:30:00,22.5,22.78,22.43,22.61,4745
2016-05-03 11:30:00,22.8499,22.8499,22.35,22.44,2941
2016-05-03 12:30:00,22.46,22.64,22.46,22.53,644
2016-05-03 13:30:00,22.564,22.58,22.42,22.46,1549
2016-05-03 14:30:00,22.57,22.9425,22.54,22.81,1347
2016-05-03 15:30:00,22.81,22.81,22.56,22.66,4571
2016-05-04 09:30:00,22.65,23.14,22.06,22.94,7788
2016-05-04 10:30:00,22.88,23.3,22.86,23.13,30622
2016-05-04 11:30:00,22.9,23.3,22.86,23.06,9243
2016-05-04 12:30:00,23.07,23.38,22.91,23.32,3204
2016-05-04 13:30:00,23.37,23.72,23.33,23.72,59380
2016-05-04 14:30:00,23.715,24.1,23.61,24.03,6433
2016-05-04 15:30:00,24.11,24.39,24.04,24.3,19796
2016-05-05 09:30:00,24.58,24.92,24.22,24.77,11898
2016-05-05 10:30:00,24.798,24.9695,24.58,24.93,19478
2016-05-05 11:30:00,24.89,24.97,24.8,24.87,8159
2016-05-05 12:30:00,24.91,25.0,24.801,24.89,12683
2016-05-05 13:30:00,24.88,25.5595,24.87,25.0951,26080
2016-05-05 14:30:00,25.02,25.3,24.84,24.93,11608
2016-05-05 15:30:00,24.84,24.85,24.57,24.6,8104
2016-05-06 09:30:00,24.52,25.01,24.34,24.51,3760
2016-05-06 10:30:00,24.4001,24.54,24.12,24.32,6585
2016-05-06 11:30:00,24.33,24.44,24.02,24.02,8784
2016-05-06 12:30:00,24.02,24.09,23.73,23.73,6791
2016-05-06 13:30:00,23.68,23.82,23.54,23.8099,5105
2016-05-06 14:30:00,23.78,23.78,23.01,23.13,7596
2016-05-06 15:30:00,23.1,23.11,22.85,23.09,10940
2016-05-09 09:30:00,23.1,23.1,22.3301,22.3301,4650
2016-05-09 10:30:00,22.58,22.58,21.82,21.93,6009
2016-05-09 11:30:00,22.01,22.13,21.8101,21.97,3356
2016-05-09 12:30:00,22.08,22.25,21.95,22.09,2831
2016-05-09 13:30:00,22.09,22.24,21.98,22.2,30094
2016-05-09 14:30:00,22.2,22.26,22.02,22.08,11379
2016-05-09 15:30:00,22.1,22.115,21.89,21.97,14530
2016-05-10 09:30:00,21.96,22.35,21.7,22.06,3487
2016-05-10 10:30:00,22.04,22.2199,22.04,22.09,1732
2016-05-10 11:30:00,22.1,22.29,22.09,22.17,1488
2016-05-10 12:30:00,22.17,22.21,22.12,22.15,2198
2016-05-10 13:30:00,22.15,22.24,22.11,22.14,1254
2016-05-10 14:30:00,22.14,22.23,22.1,22.1,5643
2016-05-10 15:30:00,22.17,22.29,22.12,22.26,12721
2016-05-11 09:30:00,22.2,22.3,22.0,22.174,2415
2016-05-11 10:30:00,22.2,22.435,22.12,22.38,5167
2016-05-11 11:30:00,22.15,22.27,22.15,22.18,3776
2016-05-11 12:30:00,22.22,22.32,22.09,22.16,4536
2016-05-11 13:30:00,22.28,22.325,22.095,22.2,4678
2016-05-11 14:30:00,22.21,22.26,21.95,22.17,3760
2016-05-11 15:30:00,22.08,22.1,21.96,21.98,4491
2016-05-12 09:30:00,22.19,22.21,21.68,21.8,2401
2016-05-12 10:30:00,21.85,21.96,21.84,21.95,1938
2016-05-12 11:30:00,21.8977,22.02,21.8977,21.92,1044
2016-05-12 12:30:00,21.93,22.03,21.88,21.88,2001
2016-05-12 13:30:00,21.85,22.05,21.81,21.93,1537
2016-05-12 14:30:00,21.95,22.47,21.88,22.458,6580
2016-05-12 15:30:00,22.49,22.5,22.32,22.42,3885
2016-05-13 09:30:00,22.26,22.69,22.08,22.081,2265
2016-05-13 10:30:00,22.06,22.31,22.05,22.31,1449
2016-05-13 11:30:00,22.42,22.42,22.04,22.11,725
2016-05-13 12:30:00,22.07,22.11,22.0,22.07,1408
2016-05-13 13:30:00,22.0,22.13,21.93,21.93,1360
2016-05-13 14:30:00,21.93,22.02,21.81,21.81,561
2016-05-13 15:30:00,21.98,22.06,21.88,21.92,6798
2016-05-16 09:30:00,22.11,22.43,22.11,22.4,3324
2016-05-16 10:30:00,22.43,22.6,22.3,22.55,5796
2016-05-16 11:30:00,22.6,22.82,22.5766,22.82,3452
2016-05-16 12:30:00,22.7,22.759,22.63,22.7,1392
2016-05-16 13:30:00,22.78,22.8,22.62,22.7,1365
2016-05-16 14:30:00,22.711,23.1,22.711,23.1,4285
2016-05-16 15:30:00,22.99,23.15,22.81,22.83,7226
2016-05-17 09:30:00,22.88,23.15,22.22,22.37,1675
2016-05-17 10:30:00,22.5,22.806,22.3401,22.66,2525
2016-05-17 11:30:00,22.665,22.68,22.575,22.58,1918
2016-05-17 12:30:00,22.54,22.62,22.44,22.52,4901
2016-05-17 13:30:00,22.46,22.53,21.89,21.89,9995
2016-05-17 14:30:00,21.92,22.1,21.88,21.9699,5272
2016-05-17 15:30:00,21.89,22.09,21.89,22.03,8635
2016-05-18 09:30:00,22.01,22.3599,21.74,22.3299,5914
2016-05-18 10:30:00,22.17,22.48,22.09,22.09,9537
2016-05-18 11:30:00,22.09,22.3,22.07,22.2,1295
2016-05-18 12:30:00,22.21,22.64,22.21,22.55,2752
2016-05-18 13:30:00,22.68,22.85,22.12,22.14,4520
2016-05-18 14:30:00,22.14,22.225,21.97,22.04,3521
2016-05-18 15:30:00,21.99,22.18,21.96,22.12,4150
2016-05-19 09:30:00,21.99,22.32,21.46,21.46,2858
2016-05-19 10:30:00,21.51,21.76,21.32,21.49,10011
2016-05-19 11:30:00,21.46,21.86,21.45,21.86,1173
2016-05-19 12:30:00,21.79,21.88,21.7,21.77,1011
2016-05-19 13:30:00,21.8,21.84,21.6801,21.6801,1274
2016-05-19 14:30:00,21.74,21.74,21.66,21.71,431
2016-05-19 15:30:00,21.71,21.84,21.591,21.66,2965
2016-08-01 09:30:00,24.88,25.58,24.16,24.69,3154
2016-08-01 10:30:00,24.47,24.4899,24.21,24.3,2541
2016-08-01 11:30:00,24.21,24.25,24.08,24.1,1135
2016-08-01 12:30:00,24.12,24.17,24.021,24.03,2171
2016-08-01 13:30:00,24.02,24.079,23.96,24.079,4456
2016-08-01 14:30:00,23.97,24.1099,23.97,23.9802,4515
2016-08-01 15:30:00,24.0,24.09,23.96,23.99,7909
2016-08-02 09:30:00,24.17,24.65,24.081,24.3201,5507
2016-08-02 10:30:00,24.42,24.42,24.12,24.141,3974
2016-08-02 11:30:00,24.2,24.209,24.01,24.06,1585
2016-08-02 12:30:00,24.07,24.08,23.92,24.0101,2092
2016-08-02 13:30:00,24.06,24.29,24.04,24.24,2307
2016-08-02 14:30:00,24.24,24.5,24.24,24.38,2829
2016-08-02 15:30:00,24.42,24.47,24.22,24.27,5671
2016-08-03 09:30:00,24.44,25.03,23.81,24.34,3500
2016-08-03 10:30:00,24.33,24.56,24.2025,24.46,5057
2016-08-03 11:30:00,24.57,24.71,24.48,24.48,1638
2016-08-03 12:30:00,24.52,24.56,24.5,24.56,903
2016-08-03 13:30:00,24.6,24.6,24.52,24.54,3879
2016-08-03 14:30:00,24.55,24.6983,24.53,24.65,2065
2016-08-03 15:30:00,24.75,24.78,24.61,24.78,4496
2016-08-04 09:30:00,23.44,24.27,22.77,24.27,3369
2016-08-04 10:30:00,24.41,24.9,24.41,24.68,6578
2016-08-04 11:30:00,24.72,25.16,24.44,24.762,9987
2016-08-04 12:30:00,24.72,24.78,24.53,24.58,3813
2016-08-04 13:30:00,24.6,24.94,24.6,24.75,1104
2016-08-04 14:30:00,24.78,24.88,24.73,24.75,2548
2016-08-04 15:30:00,24.85,25.05,24.7501,24.86,12681
2016-08-05 09:30:00,24.9,24.9,24.18,24.65,11764
2016-08-05 10:30:00,24.6,24.77,24.581,24.64,3067
2016-08-05 11:30:00,24.69,24.8,24.65,24.8,3937
2016-08-05 12:30:00,24.87,24.96,24.8,24.88,2785
2016-08-05 13:30:00,24.88,24.94,24.81,24.89,2788
2016-08-05 14:30:00,24.9,24.93,24.69,24.69,4857
2016-08-05 15:30:00,24.67,24.69,24.32,24.54,6534
2016-08-08 09:30:00,24.75,24.78,24.18,24.65,7839
2016-08-08 10:30:00,24.76,25.0701,24.69,25.05,2879
2016-08-08 11:30:00,25.11,25.18,24.98,24.98,1251
2016-08-08 12:30:00,24.9799,25.03,24.82,24.82,821
2016-08-08 13:30:00,24.89,25.08,24.67,24.67,2983
2016-08-08 14:30:00,24.78,24.89,24.68,24.68,2733
2016-08-08 15:30:00,24.6615,24.68,24.5,24.55,5090
2016-08-09 09:30:00,24.82,24.87,24.44,24.56,11622
2016-08-09 10:30:00,24.56,24.56,24.28,24.35,5616
2016-08-09 11:30:00,24.31,24.39,24.24,24.25,3100
2016-08-09 12:30:00,24.25,24.44,24.19,24.32,6488
2016-08-09 13:30:00,24.35,24.51,24.35,24.51,2286
2016-08-09 14:30:00,24.55,24.55,24.35,24.43,15802
2016-08-09 15:30:00,24.44,24.58,24.39,24.4,9507
2016-08-10 09:30:00,24.4,24.72,24.4,24.4,3020
2016-08-10 10:30:00,24.43,24.44,24.0,24.05,5049
2016-08-10 11:30:00,24.045,24.05,23.76,23.88,6454
2016-08-10 12:30:00,23.88,23.915,23.76,23.9,3112
2016-08-10 13:30:00,23.92,24.1,23.85,23.9,9833
2016-08-10 14:30:00,23.9,24.09,23.71,24.01,11031
2016-08-10 15:30:00,24.0086,24.04,23.84,23.85,12784
2016-08-11 09:30:00,23.17,24.55,23.17,24.3,5867
2016-08-11 10:30:00,24.37,24.41,24.18,24.28,4953
2016-08-11 11:30:00,24.29,24.43,24.26,24.4174,9397
2016-08-11 12:30:00,24.4,24.42,24.23,24.29,1617
2016-08-11 13:30:00,24.29,24.3,24.21,24.25,4083
2016-08-11 14:30:00,24.25,24.28,24.19,24.28,1342
2016-08-11 15:30:00,24.28,24.32,24.19,24.25,13123
2016-08-12 09:30:00,24.25,24.93,23.76,24.2099,2315
2016-08-12 10:30:00,24.14,24.28,24.12,24.25,1563
2016-08-12 11:30:00,24.24,24.3,23.97,24.16,20254
2016-08-12 12:30:00,24.12,24.12,23.92,24.03,2872
2016-08-12 13:30:00,24.06,24.06,23.94,23.9401,1489
2016-08-12 14:30:00,23.96,23.9901,23.94,23.9801,1868
2016-08-12 15:30:00,23.99,24.1,23.99,24.02,8385
2016-08-15 09:30:00,24.22,24.74,24.22,24.61,6969
2016-08-15 10:30:00,24.52,24.69,24.52,24.69,2688
2016-08-15 11:30:00,24.68,24.75,24.645,24.72,2597
2016-08-15 12:30:00,24.73,24.73,24.6,24.65,3866
2016-08-15 13:30:00,24.74,24.75,24.68,24.69,2865
2016-08-15 14:30:00,24.7248,24.75,24.64,24.67,4104
2016-08-15 15:30:00,24.66,24.675,24.62,24.64,5431
2016-08-16 09:30:00,24.76,24.86,24.34,24.72,6697
2016-08-16 10:30:00,24.72,24.85,24.72,24.795,1010
2016-08-16 11:30:00,24.74,24.8702,24.63,24.6714,2679
2016-08-16 12:30:00,24.7185,24.8,24.69,24.75,1036
2016-08-16 13:30:00,24.83,24.92,24.83,24.91,1314
2016-08-16 14:30:00,24.95,25.01,24.94,24.99,640
2016-08-16 15:30:00,24.99,25.09,24.92,24.95,7277
2016-08-17 09:30:00,25.0,25.01,24.58,24.84,5877
2016-08-17 10:30:00,24.88,25.09,24.88,25.0637,3824
2016-08-17 11:30:00,25.07,25.07,24.81,24.9455,2967
2016-08-17 12:30:00,24.92,25.09,24.92,24.99,3294
2016-08-17 13:30:00,24.99,24.99,24.78,24.975,2298
2016-08-17 14:30:00,24.99,24.99,24.86,24.92,4053
2016-08-17 15:30:00,24.915,24.97,24.89,24.95,4661
2016-08-18 09:30:00,24.75,25.26,24.75,25.125,5337
2016-08-18 10:30:00,25.17,25.26,25.02,25.24,6582
2016-08-18 11:30:00,25.25,25.3,25.15,25.3,2731
2016-08-18 12:30:00,25.19,25.3,25.19,25.26,3509
2016-08-18 13:30:00,25.3,25.36,25.23,25.27,4845
2016-08-18 14:30:00,25.27,25.4,25.24,25.4,4193
2016-08-18 15:30:00,25.4,25.4,25.3001,25.38,6161
2016-10-31 09:30:00,21.7,21.9,21.505,21.75,5847
2016-10-31 10:30:00,21.75,21.85,21.7,21.75,2225
2016-10-31 11:30:00,21.65,21.75,21.6,21.65,1627
2016-10-31 12:30:00,21.7,21.7,21.5,21.6,1378
2016-10-31 13:30:00,21.55,21.75,21.55,21.75,2907
2016-10-31 14:30:00,21.65,21.7,21.605,21.7,1540
2016-10-31 15:30:00,21.65,21.8,21.6,21.8,6191
2016-11-01 09:30:00,21.8,22.25,21.45,21.55,1211
2016-11-01 10:30:00,21.5,21.5,21.3,21.35,1483
2016-11-01 11:30:00,21.3,21.4,21.15,21.35,1763
2016-11-01 12:30:00,21.25,21.25,21.1,21.1,870
2016-11-01 13:30:00,21.1,21.3,21.0,21.3,1907
2016-11-01 14:30:00,21.2,21.3,21.2,21.3,2530
2016-11-01 15:30:00,21.3,21.55,21.3,21.45,4052
2016-11-02 09:30:00,21.25,21.65,21.05,21.15,2110
2016-11-02 10:30:00,21.15,21.35,21.0,21.225,3625
2016-11-02 11:30:00,21.15,21.25,21.1,21.15,1898
2016-11-02 12:30:00,21.25,21.3,21.05,21.2,2211
2016-11-02 13:30:00,21.05,21.15,20.65,21.05,4736
2016-11-02 14:30:00,21.1,21.1,20.85,20.85,4335
2016-11-02 15:30:00,20.9,21.1,20.855,21.1,8433
2016-11-03 09:30:00,22.0,22.55,21.9,22.0,1665
2016-11-03 10:30:00,22.0,22.2,21.9,22.2,2992
2016-11-03 11:30:00,22.2,22.75,22.2,22.7,3645
2016-11-03 12:30:00,22.55,22.6,22.35,22.55,943
2016-11-03 13:30:00,22.5,22.75,22.5,22.65,1833
2016-11-03 14:30:00,22.65,23.05,22.6,22.9,3929
2016-11-03 15:30:00,22.9,23.1,22.55,22.7,5797
2016-11-04 09:30:00,22.55,23.2,22.2383,22.35,1418
2016-11-04 10:30:00,22.35,22.825,22.25,22.7,4268
2016-11-04 11:30:00,22.795,22.795,22.5,22.5,2429
2016-11-04 12:30:00,22.45,22.55,22.2,22.2,1631
2016-11-04 13:30:00,22.275,22.3,21.85,21.95,2830
2016-11-04 14:30:00,21.85,21.9,21.8,21.85,3587
2016-11-04 15:30:00,21.85,21.85,21.5,21.7,9231
2016-11-07 09:30:00,22.05,22.65,21.6,22.1,2399
2016-11-07 10:30:00,22.3,22.95,22.3,22.9,2392
2016-11-07 11:30:00,22.9,23.35,22.9,23.35,3383
2016-11-07 12:30:00,23.3,23.4,23.25,23.25,3436
2016-11-07 13:30:00,23.325,23.45,23.3,23.3,2018
2016-11-07 14:30:00,23.45,23.45,23.35,23.4,4278
2016-11-07 15:30:00,23.4,23.75,23.25,23.75,6566
2016-11-08 09:30:00,23.85,23.9,23.4,23.55,5133
2016-11-08 10:30:00,23.6,23.6,23.45,23.5,1681
2016-11-08 11:30:00,23.5,23.6,23.5,23.55,2204
2016-11-08 12:30:00,23.65,24.0,23.65,23.85,2573
2016-11-08 13:30:00,23.8559,24.1,23.8,23.9,4681
2016-11-08 14:30:00,23.85,24.15,23.85,24.15,3423
2016-11-08 15:30:00,24.1,24.1,23.9,24.0,8720
2016-11-09 09:30:00,23.8,24.25,23.2,24.15,5750
2016-11-09 10:30:00,24.05,24.45,23.85,24.4,5873
2016-11-09 11:30:00,24.45,25.0,24.45,24.95,9217
2016-11-09 12:30:00,24.975,25.05,24.8,24.8,8347
2016-11-09 13:30:00,24.9,25.25,24.85,25.25,11146
2016-11-09 14:30:00,25.2,25.2,25.05,25.05,7999
2016-11-09 15:30:00,25.05,25.25,24.8,25.2,13110
2016-11-10 09:30:00,25.3,25.45,24.6,25.2,10139
2016-11-10 10:30:00,25.25,25.85,25.15,25.8195,9261
2016-11-10 11:30:00,25.85,26.45,25.75,26.45,8192
2016-11-10 12:30:00,26.4,26.45,26.1311,26.25,6587
2016-11-10 13:30:00,26.25,26.35,26.1,26.3,8399
2016-11-10 14:30:00,26.3,26.3,26.0,26.0,6620
2016-11-10 15:30:00,26.05,26.4,26.05,26.25,10974
2016-11-11 09:30:00,25.95,26.4239,25.4,26.35,4198
2016-11-11 10:30:00,26.35,26.7,26.3,26.6734,8222
2016-11-11 11:30:00,26.7,27.0,26.55,26.85,12053
2016-11-11 12:30:00,26.8,27.35,26.7,27.05,6404
2016-11-11 13:30:00,27.05,27.395,26.405,27.25,6781
2016-11-11 14:30:00,27.055,27.3,27.055,27.2,4864
2016-11-11 15:30:00,27.2,27.75,27.2,27.7,19495
2016-11-14 09:30:00,26.95,27.8224,26.1,27.4,7183
2016-11-14 10:30:00,27.45,27.7,27.25,27.65,5350
2016-11-14 11:30:00,27.55,27.69,27.0,27.295,5507
2016-11-14 12:30:00,27.05,27.4,27.05,27.25,2327
2016-11-14 13:30:00,27.3,27.45,26.85,27.15,4034
2016-11-14 14:30:00,27.1,27.4,26.975,27.4,3007
2016-11-14 15:30:00,27.4,27.6,27.25,27.5,5544
2016-11-15 09:30:00,27.7,28.025,27.1,27.1,7245
2016-11-15 10:30:00,27.1,27.52,27.1,27.2,3720
2016-11-15 11:30:00,27.2,27.45,27.1,27.25,4128
2016-11-15 12:30:00,27.0,27.1,26.85,27.05,3544
2016-11-15 13:30:00,27.073,27.4,26.9,27.25,5783
2016-11-15 14:30:00,27.35,27.55,27.3,27.5,3553
2016-11-15 15:30:00,27.5,27.8,27.5,27.6,4089
2016-11-16 09:30:00,27.4,27.4,26.85,27.2,11017
2016-11-16 10:30:00,27.15,27.45,27.1,27.45,2850
2016-11-16 11:30:00,27.425,27.8,27.425,27.8,3069
2016-11-16 12:30:00,28.1,28.6,27.85,28.35,8268
2016-11-16 13:30:00,28.375,28.8,28.3,28.6,6243
2016-11-16 14:30:00,28.6,28.7,27.9,28.2,20565
2016-11-16 15:30:00,28.25,28.25,28.0,28.05,15069
2016-11-17 09:30:00,28.0,28.55,27.95,28.45,6374
2016-11-17 10:30:00,28.15,28.15,27.4,27.4,11809
2016-11-17 11:30:00,27.4,27.85,27.15,27.15,4614
2016-11-17 12:30:00,27.15,27.45,26.85,27.0,4290
2016-11-17 13:30:00,27.0,27.05,26.75,26.85,4181
2016-11-17 14:30:00,26.9,26.95,26.4,26.455,3923
2016-11-17 15:30:00,26.45,26.6,26.35,26.5,5109
2017-02-09 09:30:00,27.85,28.55,27.8,27.95,2311
2017-02-09 10:30:00,27.928,28.05,27.8,27.8,2294
2017-02-09 11:30:00,27.9,28.2,27.9,28.2,2774
2017-02-09 12:30:00,28.15,28.17,28.05,28.125,4089
2017-02-09 13:30:00,28.0,28.3,28.0,28.3,3417
2017-02-09 14:30:00,28.255,28.3,28.05,28.05,1919
2017-02-09 15:30:00,28.15,28.3,28.05,28.15,6580
2017-02-10 09:30:00,28.35,29.05,28.35,28.55,929
2017-02-10 10:30:00,28.5,28.65,28.5,28.6,421
2017-02-10 11:30:00,28.65,28.9,28.6,28.8,2453
2017-02-10 12:30:00,28.85,28.9,28.75,28.9,477
2017-02-10 13:30:00,28.8,29.3,28.8,29.0,14117
2017-02-10 14:30:00,28.8,28.95,28.75,28.75,977
2017-02-10 15:30:00,28.9,29.05,28.8,29.05,2299
2017-02-13 09:30:00,29.05,29.1,28.55,28.945,6054
2017-02-13 10:30:00,28.8,28.973,28.3,28.3,2889
2017-02-13 11:30:00,28.05,28.195,27.9,27.945,1563
2017-02-13 12:30:00,28.0057,28.35,28.0,28.35,5064
2017-02-13 13:30:00,28.4,28.65,28.35,28.55,1905
2017-02-13 14:30:00,28.55,28.55,28.35,28.5,2942
2017-02-13 15:30:00,28.55,28.55,28.35,28.5,3630
2017-02-14 09:30:00,28.55,29.15,27.8,28.25,2289
2017-02-14 10:30:00,28.25,28.45,28.1,28.2,1414
2017-02-14 11:30:00,28.4346,28.5,28.1,28.2525,3585
2017-02-14 12:30:00,28.2,28.4,28.05,28.35,4593
2017-02-14 13:30:00,28.2,28.4,28.05,28.1,4956
2017-02-14 14:30:00,28.05,28.75,28.05,28.6,11561
2017-02-14 15:30:00,28.6,28.795,28.55,28.65,4703
2017-02-15 09:30:00,28.55,28.65,28.3,28.4,1778
2017-02-15 10:30:00,28.4,28.5,28.25,28.25,967
2017-02-15 11:30:00,28.2923,28.2923,27.95,28.1,1662
2017-02-15 12:30:00,28.1,28.182,28.05,28.182,1999
2017-02-15 13:30:00,28.25,28.35,28.25,28.2755,710
2017-02-15 14:30:00,28.4,28.5,28.2974,28.405,1513
2017-02-15 15:30:00,28.35,28.5,28.15,28.4,2287
2017-02-16 09:30:00,28.45,28.85,28.2,28.45,2763
2017-02-16 10:30:00,28.3,28.65,28.055,28.25,1146
2017-02-16 11:30:00,28.2,28.25,28.0,28.0,4522
2017-02-16 12:30:00,27.9,28.2,27.9,28.2,1893
2017-02-16 13:30:00,28.25,28.5,28.0,28.025,1243
2017-02-16 14:30:00,28.15,28.2,28.0,28.2,3629
2017-02-16 15:30:00,28.2,28.6,28.15,28.25,5678
2017-02-17 09:30:00,28.35,28.4,28.05,28.2,3846
2017-02-17 10:30:00,28.2,28.295,28.05,28.15,4213
2017-02-17 11:30:00,28.15,28.3,28.1331,28.2,783
2017-02-17 12:30:00,28.2,28.3,28.15,28.3,1166
2017-02-17 13:30:00,28.3,28.3,28.1,28.1,402
2017-02-17 14:30:00,28.1,28.25,28.1,28.1,1102
2017-02-17 15:30:00,28.25,28.3,28.05,28.2,3341
2017-02-21 09:30:00,28.15,28.7,28.05,28.55,2174
2017-02-21 10:30:00,28.425,28.55,28.3,28.3338,3245
2017-02-21 11:30:00,28.25,28.45,28.05,28.05,4720
2017-02-21 12:30:00,28.0,28.15,28.0,28.075,1434
2017-02-21 13:30:00,28.05,28.1,27.95,28.1,3330
2017-02-21 14:30:00,27.95,28.05,27.8,27.855,2310
2017-02-21 15:30:00,27.85,28.0,27.85,28.0,3289
2017-02-22 09:30:00,28.0,28.0,27.5,27.95,1446
2017-02-22 10:30:00,27.8,27.95,27.7,27.75,1102
2017-02-22 11:30:00,27.7,27.85,27.7,27.7,837
2017-02-22 12:30:00,27.7,27.85,27.7,27.7,793
2017-02-22 13:30:00,27.75,27.75,27.55,27.6,1815
2017-02-22 14:30:00,27.6,27.7,27.25,27.4,5293
2017-02-22 15:30:00,27.475,27.55,27.45,27.45,3801
2017-02-23 09:30:00,27.45,28.2,27.05,27.4,3100
2017-02-23 10:30:00,27.45,27.6,27.15,27.15,2468
2017-02-23 11:30:00,27.15,27.35,27.15,27.35,1518
2017-02-23 12:30:00,27.38,27.475,27.2,27.4,811
2017-02-23 13:30:00,27.15,27.35,27.15,27.35,312
2017-02-23 14:30:00,27.35,27.55,27.25,27.35,3913
2017-02-23 15:30:00,27.2,27.3,27.2,27.25,3511
2017-02-24 09:30:00,26.8,27.55,26.05,27.25,1628
2017-02-24 10:30:00,27.2,27.45,27.105,27.35,2151
2017-02-24 11:30:00,27.15,27.25,27.0,27.2,2943
2017-02-24 12:30:00,27.05,27.3,27.0,27.1,2131
2017-02-24 13:30:00,27.0,27.2,26.75,26.75,2601
2017-02-24 14:30:00,26.8,26.95,26.6,26.65,5292
2017-02-24 15:30:00,26.65,26.8,26.6,26.75,11859
2017-02-27 09:30:00,26.55,27.55,26.55,27.4,3941
2017-02-27 10:30:00,27.65,27.65,27.15,27.2,1575
2017-02-27 11:30:00,27.2687,27.3,27.2,27.3,371
2017-02-27 12:30:00,27.445,27.45,27.3,27.35,1598
2017-02-27 13:30:00,27.5,27.5,27.3,27.4,12227
2017-02-27 14:30:00,27.4,27.62,27.3,27.55,5841
2017-02-27 15:30:00,27.5,27.55,27.1,27.15,8348
2017-02-28 09:30:00,27.2,27.25,26.55,26.9,2936
2017-02-28 10:30:00,26.75,26.885,26.5,26.5,4994
2017-02-28 11:30:00,26.45,26.45,26.1,26.3,4735
2017-02-28 12:30:00,26.29,26.35,26.1,26.2,3186
2017-02-28 13:30:00,26.1,26.4,26.1,26.1,4469
2017-02-28 14:30:00,26.1,26.35,25.9,25.95,12383
2017-02-28 15:30:00,25.9,26.125,25.85,26.05,7207
2017-04-28 09:30:00,27.55,27.55,27.2,27.35,6314
2017-04-28 10:30:00,27.3247,27.35,27.1,27.25,4696
2017-04-28 11:30:00,27.25,27.6,27.25,27.6,2074
2017-04-28 12:30:00,27.44,27.7,27.44,27.5,5043
2017-04-28 13:30:00,27.4,27.4,27.25,27.25,2365
2017-04-28 14:30:00,27.25,27.4,27.25,27.3,3194
2017-04-28 15:30:00,27.3,27.45,27.3,27.4,17831
2017-05-01 09:30:00,27.4,27.55,27.1,27.1,4755
2017-05-01 10:30:00,27.05,27.15,27.0,27.1,2090
2017-05-01 11:30:00,27.05,27.5,26.95,27.25,27791
2017-05-01 12:30:00,27.25,27.8,27.1,27.35,30029
2017-05-01 13:30:00,27.35,27.55,27.35,27.4,1279
2017-05-01 14:30:00,27.4,27.5,27.25,27.35,6348
2017-05-01 15:30:00,27.35,27.55,27.1,27.5,17514
2017-05-02 09:30:00,27.75,28.25,26.9,27.2,61024
2017-05-02 10:30:00,27.25,27.25,27.0,27.1,6076
2017-05-02 11:30:00,27.05,27.35,26.8,27.225,39779
2017-05-02 12:30:00,27.1,27.25,27.025,27.1,4441
2017-05-02 13:30:00,27.1,27.2,26.9,26.9,5994
2017-05-02 14:30:00,26.805,27.05,26.7,27.0,3522
2017-05-02 15:30:00,27.0,27.1,26.9,26.95,12333
2017-05-03 09:30:00,26.9,27.45,26.65,26.85,5146
2017-05-03 10:30:00,26.9,27.125,26.7,27.1,4472
2017-05-03 11:30:00,27.1,27.15,26.95,27.05,6903
2017-05-03 12:30:00,27.0,27.15,27.0,27.05,1321
2017-05-03 13:30:00,27.1,27.15,26.8,27.0,4318
2017-05-03 14:30:00,26.9,27.1,26.875,27.05,20693
2017-05-03 15:30:00,27.0,27.2,26.95,27.1,20500
2017-05-04 09:30:00,26.6,26.6,25.5,25.8,7308
2017-05-04 10:30:00,25.725,25.95,25.275,25.4,10419
2017-05-04 11:30:00,25.35,25.65,25.1,25.6,8418
2017-05-04 12:30:00,25.8,25.8,25.375,25.75,9051
2017-05-04 13:30:00,25.6,26.2,25.6,26.0,21021
2017-05-04 14:30:00,26.087,26.1,25.85,26.1,16357
2017-05-04 15:30:00,26.1,26.1,25.8,25.85,9586
2017-05-05 09:30:00,25.95,26.2,25.85,26.1,6080
2017-05-05 10:30:00,26.1,26.5,26.0,26.45,7480
2017-05-05 11:30:00,26.4307,26.5,26.25,26.3,3401
2017-05-05 12:30:00,26.3,26.4,26.05,26.35,3276
2017-05-05 13:30:00,26.2,26.4,26.15,26.15,1536
2017-05-05 14:30:00,26.15,26.4,26.15,26.25,3951
2017-05-05 15:30:00,26.35,26.5,26.15,26.25,9967
2017-05-08 09:30:00,26.1,26.9,26.1,26.75,5670
2017-05-08 10:30:00,26.75,26.85,26.25,26.4,5507
2017-05-08 11:30:00,26.2,26.8,26.2,26.7,4597
2017-05-08 12:30:00,26.65,27.05,26.65,26.85,4017
2017-05-08 13:30:00,26.9,26.95,26.425,26.6,8698
2017-05-08 14:30:00,26.6,26.75,26.5,26.7,6493
2017-05-08 15:30:00,26.6,26.7,26.45,26.5,16109
2017-05-09 09:30:00,26.55,26.55,26.05,26.15,2930
2017-05-09 10:30:00,26.05,26.15,25.95,26.05,14032
2017-05-09 11:30:00,26.05,26.15,25.95,26.075,6019
2017-05-09 12:30:00,26.0,26.15,26.0,26.1,2329
2017-05-09 13:30:00,26.15,26.7,26.1,26.55,7926
2017-05-09 14:30:00,26.7,26.75,26.5,26.75,3427
2017-05-09 15:30:00,26.7,26.75,26.35,26.6,16109
2017-05-10 09:30:00,26.7,27.4,26.35,26.65,6718
2017-05-10 10:30:00,26.65,26.8,26.6,26.75,5031
2017-05-10 11:30:00,26.8,26.8,26.6,26.65,3864
2017-05-10 12:30:00,26.65,26.85,26.6,26.85,2073
2017-05-10 13:30:00,26.95,26.95,26.65,26.7,4276
2017-05-10 14:30:00,26.7,26.9,26.7,26.8,5817
2017-05-10 15:30:00,26.75,26.75,26.6,26.6,20338
2017-05-11 09:30:00,26.65,26.65,26.2,26.35,9941
2017-05-11 10:30:00,26.45,26.75,26.4,26.65,2711
2017-05-11 11:30:00,26.5,26.7,26.45,26.4976,1795
2017-05-11 12:30:00,26.45,26.45,26.3,26.4,1513
2017-05-11 13:30:00,26.25,26.6,26.25,26.55,9381
2017-05-11 14:30:00,26.6,26.65,26.45,26.5,5410
2017-05-11 15:30:00,26.5117,26.65,26.45,26.5,31418
2017-05-12 09:30:00,26.5,26.85,26.0,26.5,24694
2017-05-12 10:30:00,26.55,26.75,26.35,26.75,5458
2017-05-12 11:30:00,26.9,27.1,26.75,26.95,9186
2017-05-12 12:30:00,26.95,26.95,26.8,26.895,1442
2017-05-12 13:30:00,26.85,26.85,26.55,26.65,2269
2017-05-12 14:30:00,26.6,26.7,26.6,26.65,3642
2017-05-12 15:30:00,26.65,26.8,26.525,26.7,12887
2017-05-15 09:30:00,26.9,27.65,26.75,26.9,4749
2017-05-15 10:30:00,26.9,27.05,26.8,26.85,3702
2017-05-15 11:30:00,26.9,27.1,26.9,27.0,2702
2017-05-15 12:30:00,26.95,27.15,26.85,27.05,21709
2017-05-15 13:30:00,27.05,27.15,26.75,26.9,13365
2017-05-15 14:30:00,26.9,27.0,26.75,26.925,23694
2017-05-15 15:30:00,27.0,27.0,26.65,26.75,10334
2017-05-16 09:30:00,26.8,27.5,26.25,27.0,47525
2017-05-16 10:30:00,26.95,27.0,26.7,26.75,10061
2017-05-16 11:30:00,26.7307,26.75,26.65,26.75,2292
2017-05-16 12:30:00,26.7,26.8,26.5,26.5,4334
2017-05-16 13:30:00,26.4,26.4,26.2,26.25,2558
2017-05-16 14:30:00,26.345,26.7,26.345,26.6,4501
2017-05-16 15:30:00,26.7,26.85,26.6,26.8,16901
2017-05-17 09:30:00,26.4,26.75,25.95,26.2,5097
2017-05-17 10:30:00,26.3,26.4,26.15,26.15,3985
2017-05-17 11:30:00,26.15,26.45,26.15,26.2,2397
2017-05-17 12:30:00,26.2,26.25,26.05,26.15,4066
2017-05-17 13:30:00,26.1,26.15,26.0,26.15,8209
2017-05-17 14:30:00,26.125,26.5,26.05,26.4,8041
2017-05-17 15:30:00,26.45,26.5,26.25,26.3,11557
2017-07-25 09:30:00,24.75,25.4,24.5,25.1,4037
2017-07-25 10:30:00,25.1,25.25,25.075,25.25,3132
2017-07-25 11:30:00,25.25,25.65,25.25,25.6,2246
2017-07-25 12:30:00,25.6,25.6,25.325,25.325,1511
2017-07-25 13:30:00,25.3442,25.35,25.05,25.2,1606
2017-07-25 14:30:00,25.15,25.25,25.05,25.05,3790
2017-07-25 15:30:00,25.15,25.2,25.05,25.15,7687
2017-07-26 09:30:00,25.1,25.1,24.7,24.7,1838
2017-07-26 10:30:00,24.8,25.45,24.8,25.45,2966
2017-07-26 11:30:00,25.45,25.55,25.25,25.25,2226
2017-07-26 12:30:00,25.4,25.45,25.2,25.2,1011
2017-07-26 13:30:00,25.1,25.4,25.1,25.3,1247
2017-07-26 14:30:00,25.25,25.3,25.0,25.042,5220
2017-07-26 15:30:00,25.05,25.25,25.0,25.1,6929
2017-07-27 09:30:00,24.25,25.05,24.25,24.9,3720
2017-07-27 10:30:00,24.95,25.2,24.9,24.95,4661
2017-07-27 11:30:00,24.95,25.2,24.85,25.15,1659
2017-07-27 12:30:00,25.05,25.3,24.9,25.15,8329
2017-07-27 13:30:00,25.25,25.45,25.2,25.375,1369
2017-07-27 14:30:00,25.375,25.4,25.25,25.3,5321
2017-07-27 15:30:00,25.35,25.45,25.25,25.425,7536
2017-07-28 09:30:00,25.35,26.05,25.35,25.4,1319
2017-07-28 10:30:00,25.6,25.65,25.4,25.55,1987
2017-07-28 11:30:00,25.425,25.425,25.05,25.05,1492
2017-07-28 12:30:00,25.0,25.15,25.0,25.05,1756
2017-07-28 13:30:00,25.1,25.15,24.95,25.05,5150
2017-07-28 14:30:00,25.0398,25.3,24.95,25.05,5226
2017-07-28 15:30:00,24.9,25.05,24.8,24.85,14681
2017-07-31 09:30:00,25.5,25.5,24.35,24.55,2727
2017-07-31 10:30:00,24.55,24.55,24.35,24.55,1952
2017-07-31 11:30:00,24.55,24.65,24.4,24.4,1968
2017-07-31 12:30:00,24.4,24.95,24.4,24.85,1732
2017-07-31 13:30:00,24.85,24.95,24.65,24.9,1408
2017-07-31 14:30:00,24.9,25.0,24.8,24.875,1408
2017-07-31 15:30:00,24.95,25.15,24.85,24.9,9028
2017-08-01 09:30:00,24.2,24.95,24.2,24.925,3149
2017-08-01 10:30:00,25.1,25.1,24.7,24.7,1375
2017-08-01 11:30:00,24.7,24.85,24.65,24.7,1683
2017-08-01 12:30:00,24.7,24.75,24.5,24.65,1360
2017-08-01 13:30:00,24.6,24.7,24.4,24.65,998
2017-08-01 14:30:00,24.7,24.825,24.5,24.75,1916
2017-08-01 15:30:00,24.6,24.95,24.6,24.7,8566
2017-08-02 09:30:00,24.5,24.7,23.8,24.15,3772
2017-08-02 10:30:00,24.08,24.35,24.0,24.35,1676
2017-08-02 11:30:00,24.45,24.55,24.4,24.4,3927
2017-08-02 12:30:00,24.3,24.4753,24.3,24.4,1669
2017-08-02 13:30:00,24.55,24.55,24.2,24.25,15839
2017-08-02 14:30:00,24.3,24.55,24.3,24.3,5862
2017-08-02 15:30:00,24.3,24.4,24.2,24.35,22910
2017-08-03 09:30:00,24.0,25.45,24.0,25.25,19182
2017-08-03 10:30:00,25.3,25.55,24.85,25.3,1921
2017-08-03 11:30:00,25.5,25.6,25.15,25.15,3381
2017-08-03 12:30:00,25.15,25.35,25.15,25.25,3189
2017-08-03 13:30:00,25.15,25.35,25.15,25.25,5209
2017-08-03 14:30:00,25.3,25.4,25.15,25.25,2111
2017-08-03 15:30:00,25.2,25.35,25.15,25.35,5296
2017-08-04 09:30:00,25.25,25.4,24.75,25.2,7322
2017-08-04 10:30:00,25.225,25.3,25.15,25.25,4097
2017-08-04 11:30:00,25.2,25.2,25.05,25.1624,1781
2017-08-04 12:30:00,25.2,25.3,25.125,25.15,4282
2017-08-04 13:30:00,25.25,25.25,25.075,25.1,4437
2017-08-04 14:30:00,25.1,25.4,25.05,25.4,7552
2017-08-04 15:30:00,25.4,25.4,25.2,25.2,9692
2017-08-07 09:30:00,25.65,25.65,24.75,24.75,4659
2017-08-07 10:30:00,24.7,24.85,24.45,24.7,6627
2017-08-07 11:30:00,24.75,24.9,24.7,24.85,3411
2017-08-07 12:30:00,24.7,25.0,24.7,24.95,2620
2017-08-07 13:30:00,24.95,24.95,24.55,24.65,5152
2017-08-07 14:30:00,24.6,24.6,24.45,24.6,6995
2017-08-07 15:30:00,24.6,24.65,24.5,24.65,10214
2017-08-08 09:30:00,24.6,25.0,23.8739,25.0,4728
2017-08-08 10:30:00,25.1,25.15,24.9,25.05,6858
2017-08-08 11:30:00,25.005,25.05,24.9,25.05,6196
2017-08-08 12:30:00,24.9,24.95,24.65,24.75,3513
2017-08-08 13:30:00,24.8,24.8,24.65,24.77,2377
2017-08-08 14:30:00,24.7284,24.8,24.65,24.75,4284
2017-08-08 15:30:00,24.65,24.85,24.65,24.7,6459
2017-08-09 09:30:00,24.75,24.8,24.25,24.4,6113
2017-08-09 10:30:00,24.45,24.45,24.05,24.05,6867
2017-08-09 11:30:00,24.05,24.3,24.0,24.3,1665
2017-08-09 12:30:00,24.3,24.45,24.2,24.35,1153
2017-08-09 13:30:00,24.45,24.55,24.25,24.5,2647
2017-08-09 14:30:00,24.6,24.6,24.25,24.4,5884
2017-08-09 15:30:00,24.4,24.4,24.05,24.3,4766
2017-08-10 09:30:00,24.05,24.65,23.65,24.2,7320
2017-08-10 10:30:00,24.42,24.5,24.3,24.35,4286
2017-08-10 11:30:00,24.35,24.45,24.3,24.35,2206
2017-08-10 12:30:00,24.3,24.35,24.05,24.25,2087
2017-08-10 13:30:00,24.25,24.35,24.15,24.25,1154
2017-08-10 14:30:00,24.2621,24.2621,23.95,24.0,4431
2017-08-10 15:30:00,23.95,24.2,23.95,24.05,6293
2017-08-11 09:30:00,24.05,24.65,23.6,23.75,1728
2017-08-11 10:30:00,23.7,23.85,23.45,23.65,10701
2017-08-11 11:30:00,23.6,23.65,23.5,23.5,4215
2017-08-11 12:30:00,23.6,23.7,23.4,23.6,4124
2017-08-11 13:30:00,23.7,23.7,23.4,23.4,3344
2017-08-11 14:30:00,23.4,23.6,23.4,23.4,2752
2017-08-11 15:30:00,23.4,23.7,23.4,23.65,8454
2017-11-01 09:30:00,27.9,28.35,27.65,28.3,5582
2017-11-01 10:30:00,28.3,28.3,27.9,27.95,2329
2017-11-01 11:30:00,27.85,27.85,27.7,27.7,497
2017-11-01 12:30:00,27.55,27.55,27.25,27.3,2715
2017-11-01 13:30:00,27.4,27.6,27.25,27.55,3080
2017-11-01 14:30:00,27.65,27.65,27.65,27.65,1
2017-11-01 15:30:00,27.83,27.9,27.75,27.9,2882
2017-11-02 09:30:00,27.15,27.8,26.55,27.8,1563
2017-11-02 10:30:00,28.45,28.45,27.8,27.9,3264
2017-11-02 11:30:00,27.8,28.1,27.8,27.8,1518
2017-11-02 12:30:00,27.8,27.9,27.65,27.75,714
2017-11-02 13:30:00,27.55,27.8,27.55,27.65,451
2017-11-02 14:30:00,27.8,27.9,27.65,27.8,1564
2017-11-02 15:30:00,27.75,27.95,27.75,27.85,2180
2017-11-03 09:30:00,28.1,28.1,27.5,28.0,1283
2017-11-03 10:30:00,27.85,27.95,27.4,27.5,2429
2017-11-03 11:30:00,27.45,27.6,27.3,27.55,2046
2017-11-03 12:30:00,27.8,27.8,27.7,27.7,227
2017-11-03 13:30:00,27.9,28.05,27.35,27.6,4309
2017-11-03 14:30:00,27.4,27.7,27.0,27.0,1390
2017-11-03 15:30:00,27.1,27.55,27.1,27.4,10121
2017-11-06 09:30:00,27.35,27.5,27.1,27.4,3735
2017-11-06 10:30:00,27.35,27.35,27.1,27.1,2623
2017-11-06 11:30:00,27.1,27.25,27.05,27.25,1151
2017-11-06 12:30:00,27.202,27.35,27.1,27.35,152
2017-11-06 13:30:00,27.35,27.35,27.15,27.3,1529
2017-11-06 14:30:00,27.35,27.5,27.3,27.5,2658
2017-11-06 15:30:00,27.5,27.7,27.4615,27.55,2693
2017-11-07 09:30:00,27.6,27.85,27.55,27.7,4932
2017-11-07 10:30:00,27.65,27.65,27.5,27.65,2022
2017-11-07 11:30:00,27.55,27.5738,27.25,27.3,6588
2017-11-07 12:30:00,27.225,27.3,27.1,27.25,2241
2017-11-07 13:30:00,27.45,27.5,27.2,27.5,2437
2017-11-07 14:30:00,27.575,27.65,27.35,27.5,6829
2017-11-07 15:30:00,27.55,27.6,27.45,27.5,5296
2017-11-08 09:30:00,27.25,27.9,26.8,27.05,5450
2017-11-08 10:30:00,26.8,26.9,26.7,26.85,1073
2017-11-08 11:30:00,26.8,26.95,26.8,26.9,2037
2017-11-08 12:30:00,27.25,27.25,26.65,26.65,849
2017-11-08 13:30:00,26.7407,26.8,26.6,26.7,321
2017-11-08 14:30:00,26.7,26.9,26.7,26.75,1084
2017-11-08 15:30:00,26.8,26.85,26.5,26.55,3997
2017-11-09 09:30:00,26.5,26.7,26.2,26.7,2357
2017-11-09 10:30:00,26.75,26.75,26.4,26.4,1485
2017-11-09 11:30:00,26.35,26.4,26.05,26.15,670
2017-11-09 12:30:00,26.15,26.35,26.15,26.35,838
2017-11-09 13:30:00,26.5,26.55,26.35,26.55,489
2017-11-09 14:30:00,26.45,26.55,26.4,26.45,803
2017-11-09 15:30:00,26.45,26.55,26.25,26.55,4363
2017-11-10 09:30:00,25.55,27.05,25.55,26.6,2262
2017-11-10 10:30:00,26.55,27.0,26.3,27.0,1009
2017-11-10 11:30:00,26.9,26.9,26.85,26.85,102
2017-11-10 12:30:00,26.605,26.605,26.55,26.55,1127
2017-11-10 13:30:00,26.45,26.45,26.35,26.425,271
2017-11-10 14:30:00,26.4,26.75,26.4,26.6,820
2017-11-10 15:30:00,26.5,26.65,26.25,26.25,2673
2017-11-13 09:30:00,26.2,26.45,26.0,26.0,1071
2017-11-13 10:30:00,26.15,26.15,25.65,26.1,1435
2017-11-13 11:30:00,26.1,26.15,25.95,26.1,755
2017-11-13 12:30:00,26.1,26.1,25.505,25.6,2614
2017-11-13 13:30:00,25.75,26.0,25.75,26.0,846
2017-11-13 14:30:00,25.85,26.0,25.85,25.85,409
2017-11-13 15:30:00,26.0,26.0,25.55,25.55,3378
2017-11-14 09:30:00,25.55,25.569,24.6,24.8,3178
2017-11-14 10:30:00,24.7,25.15,24.7,25.05,1121
2017-11-14 11:30:00,25.0,25.35,24.9,25.25,1590
2017-11-14 12:30:00,25.25,25.25,24.9,25.0,6947
2017-11-14 13:30:00,24.85,25.2,24.85,25.1,1265
2017-11-14 14:30:00,25.1,25.35,25.0,25.35,995
2017-11-14 15:30:00,25.3,25.3,25.05,25.2,2403
2017-11-15 09:30:00,25.05,25.3,24.75,24.9,2150
2017-11-15 10:30:00,24.85,25.1502,24.85,25.0,2828
2017-11-15 11:30:00,25.0,25.05,25.0,25.025,1111
2017-11-15 12:30:00,25.0,25.05,24.9,24.9,672
2017-11-15 13:30:00,25.0,25.0,24.85,24.9,1643
2017-11-15 14:30:00,24.9,24.95,24.65,24.65,2571
2017-11-15 15:30:00,24.8,24.8,24.6,24.65,2693
2017-11-16 09:30:00,24.7,24.7,24.375,24.5,15088
2017-11-16 10:30:00,24.75,25.05,24.55,24.7,6550
2017-11-16 11:30:00,24.45,24.7,24.35,24.7,1654
2017-11-16 12:30:00,24.45,24.85,24.35,24.35,2746
2017-11-16 13:30:00,24.35,24.7,24.35,24.7,2999
2017-11-16 14:30:00,24.7,24.7,24.15,24.325,4267
2017-11-16 15:30:00,24.4,24.65,24.25,24.3,13931
2017-11-17 09:30:00,24.25,24.55,24.1,24.45,3396
2017-11-17 10:30:00,24.45,24.65,24.45,24.5,6369
2017-11-17 11:30:00,24.55,24.85,24.505,24.7,2727
2017-11-17 12:30:00,24.85,25.3,24.8,25.3,3125
2017-11-17 13:30:00,25.3,25.45,25.2,25.3,692
2017-11-17 14:30:00,25.35,25.75,25.35,25.75,1605
2017-11-17 15:30:00,25.75,25.75,25.55,25.65,3339
2017-11-20 09:30:00,25.6,25.95,25.0,25.05,2660
2017-11-20 10:30:00,25.2,25.4,25.0,25.4,1162
2017-11-20 11:30:00,25.4,25.5,25.3,25.5,957
2017-11-20 12:30:00,25.5,25.6,25.35,25.6,361
2017-11-20 13:30:00,25.6,26.05,25.55,25.8,2241
2017-11-20 14:30:00,25.75,25.95,25.6092,25.75,2032
2017-11-20 15:30:00,25.7,25.9,25.7,25.75,3860
2018-02-09 09:30:00,25.85,25.95,25.2808,25.65,1653
2018-02-09 10:30:00,25.6,25.65,25.4311,25.6,2121
2018-02-09 11:30:00,25.65,25.7,25.1,25.1,1295
2018-02-09 12:30:00,25.3,25.3,24.855,25.0,2547
2018-02-09 13:30:00,25.05,25.8,25.0,25.65,3821
2018-02-09 14:30:00,25.6,25.75,25.4,25.4,2537
2018-02-09 15:30:00,25.45,25.7,25.425,25.5,4221
2018-02-12 09:30:00,25.6,25.85,25.4,25.5,2959
2018-02-12 10:30:00,25.5,25.8,25.4,25.7,2755
2018-02-12 11:30:00,25.85,25.9,25.75,25.9,725
2018-02-12 12:30:00,25.775,25.85,25.65,25.8,1255
2018-02-12 13:30:00,25.85,25.95,25.65,25.75,959
2018-02-12 14:30:00,25.7,25.85,25.55,25.75,4721
2018-02-12 15:30:00,25.75,25.9,25.75,25.8,2637
2018-02-13 09:30:00,25.6,25.945,25.2,25.9,39879
2018-02-13 10:30:00,25.75,25.95,25.65,25.775,10329
2018-02-13 11:30:00,25.75,25.95,25.65,25.95,7053
2018-02-13 12:30:00,25.9,25.9,25.7875,25.8476,237
2018-02-13 13:30:00,25.875,26.1673,25.7,25.875,11006
2018-02-13 14:30:00,25.8,25.9,25.65,25.8,1700
2018-02-13 15:30:00,25.95,26.1,25.9,25.95,3188
2018-02-14 09:30:00,25.55,26.25,25.55,26.2,1910
2018-02-14 10:30:00,26.15,26.3,26.0,26.15,2348
2018-02-14 11:30:00,26.025,26.25,26.0,26.105,651
2018-02-14 12:30:00,26.25,26.4,26.1,26.25,1657
2018-02-14 13:30:00,26.25,26.55,26.25,26.45,1481
2018-02-14 14:30:00,26.45,26.55,26.2,26.35,2761
2018-02-14 15:30:00,26.35,26.5,26.2,26.3,4634
2018-02-15 09:30:00,26.5,26.6,26.2,26.2,1823
2018-02-15 10:30:00,26.15,26.45,26.1,26.45,4776
2018-02-15 11:30:00,26.45,26.7,26.35,26.5,5673
2018-02-15 12:30:00,26.45,26.5,26.3,26.35,1439
2018-02-15 13:30:00,26.35,26.5,26.3,26.45,550
2018-02-15 14:30:00,26.55,26.75,26.5,26.75,893
2018-02-15 15:30:00,26.75,26.8,26.55,26.7,1697
2018-02-16 09:30:00,26.5,27.15,26.45,26.9,2031
2018-02-16 10:30:00,26.85,27.15,26.85,27.15,163
2018-02-16 11:30:00,27.0397,27.195,26.95,26.95,1077
2018-02-16 12:30:00,26.95,26.95,26.65,26.75,992
2018-02-16 13:30:00,26.75,27.0,26.7,26.8055,547
2018-02-16 14:30:00,26.6,27.0,26.6,26.85,1875
2018-02-16 15:30:00,26.65,26.8,26.55,26.7,2886
2018-02-20 09:30:00,26.7,27.05,26.6,26.6,1465
2018-02-20 10:30:00,26.8,26.85,26.5,26.55,660
2018-02-20 11:30:00,26.4,26.6,26.25,26.25,539
2018-02-20 12:30:00,26.4,26.4,26.25,26.25,739
2018-02-20 13:30:00,26.3,26.425,26.25,26.3,1899
2018-02-20 14:30:00,26.4,26.4,26.1,26.1,320
2018-02-20 15:30:00,26.1,26.35,25.922,26.35,6395
2018-02-21 09:30:00,26.3,26.55,26.0063,26.4,1555
2018-02-21 10:30:00,26.6,27.0,26.6,26.95,1164
2018-02-21 11:30:00,26.95,26.98,26.85,26.9,827
2018-02-21 12:30:00,26.85,26.95,26.65,26.75,883
2018-02-21 13:30:00,26.65,26.85,26.5,26.65,1543
2018-02-21 14:30:00,26.7,26.7,26.7,26.7,32
2018-02-21 15:30:00,26.75,26.75,26.3,26.35,3048
2018-02-22 09:30:00,26.55,26.8,25.95,26.575,4849
2018-02-22 10:30:00,26.65,26.75,26.55,26.75,885
2018-02-22 11:30:00,26.75,26.75,26.55,26.55,6021
2018-02-22 12:30:00,26.7,26.7,26.5,26.65,749
2018-02-22 13:30:00,26.55,26.55,26.2,26.3,4708
2018-02-22 14:30:00,26.25,26.35,26.0,26.0,2522
2018-02-22 15:30:00,26.15,26.15,25.9,26.0,2204
2018-02-23 09:30:00,26.25,26.45,25.555,26.25,7174
2018-02-23 10:30:00,26.2,26.35,26.05,26.25,6903
2018-02-23 11:30:00,26.3,26.3,26.05,26.2,1166
2018-02-23 12:30:00,26.35,26.55,26.2,26.45,2897
2018-02-23 13:30:00,26.35,26.55,26.35,26.55,2545
2018-02-23 14:30:00,26.55,26.75,26.4,26.75,6326
2018-02-23 15:30:00,26.65,26.8,26.45,26.7,3779
2018-02-26 09:30:00,26.75,27.2,26.5,26.6,6337
2018-02-26 10:30:00,26.55,27.0,26.45,26.85,3461
2018-02-26 11:30:00,26.95,27.1,26.95,27.1,985
2018-02-26 12:30:00,27.1,27.25,27.0,27.1,1777
2018-02-26 13:30:00,27.25,27.4,27.125,27.125,1296
2018-02-26 14:30:00,27.05,27.4,27.05,27.325,3974
2018-02-26 15:30:00,27.3,27.5,27.25,27.3,4244
2018-02-27 09:30:00,27.25,28.143,27.2,27.65,7096
2018-02-27 10:30:00,27.65,28.145,27.6,28.145,8118
2018-02-27 11:30:00,28.0,28.2,27.6,27.7,2271
2018-02-27 12:30:00,27.75,28.0,27.55,27.75,3894
2018-02-27 13:30:00,27.65,27.95,27.65,27.65,1401
2018-02-27 14:30:00,27.56,27.56,27.2,27.2,1260
2018-02-27 15:30:00,27.3,27.3,26.95,26.95,5520
2018-02-28 09:30:00,26.1,27.45,26.1,26.85,1996
2018-02-28 10:30:00,26.5,26.7,26.405,26.45,1232
2018-02-28 11:30:00,26.6,26.6,26.15,26.25,1451
2018-02-28 12:30:00,26.25,26.5,26.15,26.25,751
2018-02-28 13:30:00,26.05,26.2,25.65,25.65,696
2018-02-28 14:30:00,25.7,25.8,25.25,25.25,2700
2018-02-28 15:30:00,25.4,25.4,24.85,24.9,4412
2018-04-27 09:30:00,26.2,26.4,25.85,26.05,1766
2018-04-27 10:30:00,26.0,26.0,25.8,25.9201,1263
2018-04-27 11:30:00,25.75,25.9,25.6,25.85,2819
2018-04-27 12:30:00,25.85,26.0,25.825,26.0,761
2018-04-27 13:30:00,25.889,26.0,25.7,25.7,1790
2018-04-27 14:30:00,25.7,25.75,25.35,25.35,2691
2018-04-27 15:30:00,25.35,25.45,25.1,25.15,8795
2018-04-30 09:30:00,25.15,25.2,24.3,24.95,8170
2018-04-30 10:30:00,24.9,24.95,24.6,24.6,1560
2018-04-30 11:30:00,24.7,24.75,24.5,24.7,2772
2018-04-30 12:30:00,24.7,24.85,24.55,24.7,2712
2018-04-30 13:30:00,24.75,24.8,24.45,24.45,1701
2018-04-30 14:30:00,24.45,24.55,24.3,24.35,2247
2018-04-30 15:30:00,24.35,24.4,24.05,24.1,5278
2018-05-01 09:30:00,24.1,24.1,23.85,23.925,7981
2018-05-01 10:30:00,23.875,24.1,23.7,24.1,10822
2018-05-01 11:30:00,24.05,24.1,23.85,24.0,4421
2018-05-01 12:30:00,24.0,24.1,23.8,23.8,8655
2018-05-01 13:30:00,23.9,24.15,23.9,24.15,26017
2018-05-01 14:30:00,24.05,24.2,24.0,24.05,15727
2018-05-01 15:30:00,24.1,24.2,23.9,23.95,13238
2018-05-02 09:30:00,24.0,24.5,23.8,23.8,7335
2018-05-02 10:30:00,23.95,24.1,23.95,23.95,4422
2018-05-02 11:30:00,24.05,24.15,23.95,24.1,4402
2018-05-02 12:30:00,24.0,24.45,24.0,24.3,13784
2018-05-02 13:30:00,24.2,24.35,24.0797,24.3,7918
2018-05-02 14:30:00,24.25,24.4,24.2,24.35,8531
2018-05-02 15:30:00,24.3,24.325,23.65,23.7,22914
2018-05-03 09:30:00,23.7,24.0,23.7,23.8,5055
2018-05-03 10:30:00,23.8,23.85,23.55,23.6,4380
2018-05-03 11:30:00,23.75,24.2,23.75,24.15,3586
2018-05-03 12:30:00,24.15,24.45,24.15,24.3,1745
2018-05-03 13:30:00,24.3,24.5,24.3,24.4,1936
2018-05-03 14:30:00,24.4,24.55,24.375,24.55,2643
2018-05-03 15:30:00,24.45,24.7,24.45,24.65,4354
2018-05-04 09:30:00,24.5,24.9,24.35,24.75,1380
2018-05-04 10:30:00,24.8,24.8,24.7,24.7,801
2018-05-04 11:30:00,24.8,25.25,24.75,25.2,2450
2018-05-04 12:30:00,25.2,25.4,25.15,25.3,615
2018-05-04 13:30:00,25.4,25.4,25.15,25.2,4403
2018-05-04 14:30:00,25.2,25.25,24.9,25.025,4730
2018-05-04 15:30:00,25.1,25.25,25.075,25.15,6166
2018-05-07 09:30:00,25.25,25.7,25.05,25.55,1341
2018-05-07 10:30:00,25.6166,25.65,25.4,25.5,2092
2018-05-07 11:30:00,25.65,25.65,25.5,25.65,2750
2018-05-07 12:30:00,25.6,25.65,25.3682,25.3965,2351
2018-05-07 13:30:00,25.4,25.5,25.3,25.5,1311
2018-05-07 14:30:00,25.5,25.5,25.105,25.2,2010
2018-05-07 15:30:00,25.15,25.4,25.05,25.3,3335
2018-05-08 09:30:00,25.2,25.2,24.55,24.9086,1439
2018-05-08 10:30:00,24.8,24.95,24.55,24.65,2203
2018-05-08 11:30:00,24.8,25.05,24.7,24.9,2256
2018-05-08 12:30:00,24.95,25.1,24.75,24.85,1518
2018-05-08 13:30:00,24.95,25.2,24.85,25.0,5016
2018-05-08 14:30:00,25.0,25.2,24.9,25.0,5325
2018-05-08 15:30:00,25.0,25.2,25.0,25.1,6136
2018-05-09 09:30:00,25.2,25.632,24.5,25.4,4055
2018-05-09 10:30:00,25.45,25.45,25.1,25.25,982
2018-05-09 11:30:00,25.2,25.3208,25.15,25.3,454
2018-05-09 12:30:00,25.4,25.45,25.25,25.3,616
2018-05-09 13:30:00,25.3,25.4,25.2,25.2,2086
2018-05-09 14:30:00,25.1,25.25,25.05,25.2,1622
2018-05-09 15:30:00,25.2,25.2,24.95,24.95,4956
2018-05-10 09:30:00,25.0,25.0,24.13,24.9,670
2018-05-10 10:30:00,24.8,25.1,24.8,24.9,1073
2018-05-10 11:30:00,24.75,24.9,24.75,24.9,37
2018-05-10 12:30:00,25.1,25.1,25.1,25.1,100
2018-05-10 13:30:00,25.0,25.0,24.8987,24.8987,123
2018-05-10 14:30:00,25.05,25.05,24.9,24.9,437
2018-05-10 15:30:00,24.9,25.05,24.85,24.9,3232
2018-05-11 09:30:00,25.0,25.0,24.4,24.8,4462
2018-05-11 10:30:00,24.8,24.8,24.55,24.8,121
2018-05-11 11:30:00,24.8,24.8,24.65,24.65,104
2018-05-11 12:30:00,24.65,24.8,24.65,24.725,808
2018-05-11 13:30:00,24.7,24.7,24.4,24.4,891
2018-05-11 14:30:00,24.375,24.55,24.3305,24.45,1998
2018-05-11 15:30:00,24.45,24.55,24.45,24.5,2576
2018-05-14 09:30:00,24.15,24.65,24.1,24.15,985
2018-05-14 10:30:00,24.1,24.15,24.0,24.005,906
2018-05-14 11:30:00,24.1,24.15,24.0,24.1,467
2018-05-14 12:30:00,24.0,24.05,24.0,24.05,834
2018-05-14 13:30:00,24.05,24.15,24.0,24.095,597
2018-05-14 14:30:00,24.05,24.05,23.9,23.99,2032
2018-05-14 15:30:00,23.9,23.95,23.75,23.85,5658
2018-05-15 09:30:00,23.9,24.3,23.775,23.8,10333
2018-05-15 10:30:00,23.8,24.0,23.8,23.95,3338
2018-05-15 11:30:00,23.95,24.05,23.85,23.85,797
2018-05-15 12:30:00,23.95,23.95,23.85,23.85,373
2018-05-15 13:30:00,23.85,24.0,23.85,23.95,2474
2018-05-15 14:30:00,23.9,24.0,23.85,23.9,3741
2018-05-15 15:30:00,23.95,24.0,23.85,23.95,3987
2018-05-16 09:30:00,23.95,24.2,23.95,24.2,3350
2018-05-16 10:30:00,24.2,24.25,23.9,23.95,2408
2018-05-16 11:30:00,23.95,24.0,23.8,23.95,1144
2018-05-16 12:30:00,23.95,24.1,23.95,24.0,1377
2018-05-16 13:30:00,24.1,24.2,24.05,24.2,2686
2018-05-16 14:30:00,24.2,24.2,24.05,24.05,3079
2018-05-16 15:30:00,24.05,24.1,24.0,24.1,2482
2018-07-27 09:30:00,22.65,22.95,22.35,22.4,8441
2018-07-27 10:30:00,22.4,22.575,22.15,22.4,6904
2018-07-27 11:30:00,22.45,22.55,22.45,22.45,830
2018-07-27 12:30:00,22.455,22.533,22.25,22.4,8188
2018-07-27 13:30:00,22.4,22.45,22.3,22.3,1477
2018-07-27 14:30:00,22.4,22.4,22.0,22.0,2253
2018-07-27 15:30:00,22.025,22.1,21.8,22.1,17833
2018-07-30 09:30:00,22.15,22.7,22.15,22.25,2408
2018-07-30 10:30:00,22.255,22.4,22.1,22.1,6240
2018-07-30 11:30:00,22.0,22.15,21.95,22.0,2262
2018-07-30 12:30:00,22.1,22.1,21.9,22.05,2048
2018-07-30 13:30:00,21.95,22.1,21.95,22.0,1877
2018-07-30 14:30:00,22.1,22.1,21.95,21.95,4374
2018-07-30 15:30:00,21.9,22.0,21.85,22.0,9645
2018-07-31 09:30:00,21.95,22.0,21.8,22.0,3826
2018-07-31 10:30:00,22.0,22.0,21.9,22.0,851
2018-07-31 11:30:00,22.05,22.15,21.95,22.15,7161
2018-07-31 12:30:00,22.1,22.3,22.1,22.225,2631
2018-07-31 13:30:00,22.25,22.35,22.2,22.2,1649
2018-07-31 14:30:00,22.2,22.3,22.1,22.2302,3287
2018-07-31 15:30:00,22.25,22.35,22.05,22.05,12400
2018-08-01 09:30:00,21.95,22.15,21.25,22.1,6431
2018-08-01 10:30:00,22.05,22.1,21.9,21.9,1369
2018-08-01 11:30:00,21.9,21.9,21.6,21.6,2392
2018-08-01 12:30:00,21.75,21.8,21.55,21.7,5004
2018-08-01 13:30:00,21.75,21.8,21.6,21.75,2291
2018-08-01 14:30:00,21.7,21.75,21.6,21.75,1400
2018-08-01 15:30:00,21.75,22.05,21.75,21.95,6747
2018-08-02 09:30:00,21.7,21.95,21.55,21.85,1881
2018-08-02 10:30:00,21.95,22.0,21.85,21.9,1386
2018-08-02 11:30:00,21.95,21.95,21.75,21.85,832
2018-08-02 12:30:00,22.0,22.0,21.8,21.95,2426
2018-08-02 13:30:00,22.0,22.05,21.85,22.0,2154
2018-08-02 14:30:00,21.95,22.05,21.85,22.05,2349
2018-08-02 15:30:00,22.05,22.1,22.0,22.0,3569
2018-08-03 09:30:00,22.05,22.35,22.05,22.25,4210
2018-08-03 10:30:00,22.2,22.25,22.0,22.0,4769
2018-08-03 11:30:00,22.05,22.1,22.0,22.0,522
2018-08-03 12:30:00,22.0,22.05,21.95,21.95,1357
2018-08-03 13:30:00,21.95,22.0,21.9,22.0,1026
2018-08-03 14:30:00,21.9637,22.05,21.9,21.95,2855
2018-08-03 15:30:00,21.95,22.2,21.95,22.15,3482
2018-08-06 09:30:00,22.1,22.45,22.0,22.25,2129
2018-08-06 10:30:00,22.35,22.45,22.2,22.35,1531
2018-08-06 11:30:00,22.2,22.3041,22.2,22.2,68
2018-08-06 12:30:00,22.2,22.35,22.2,22.2,118
2018-08-06 13:30:00,22.35,22.35,22.2,22.2,316
2018-08-06 14:30:00,22.35,22.35,22.2,22.2,1272
2018-08-06 15:30:00,22.35,22.35,22.15,22.3,2703
2018-08-07 09:30:00,22.6,22.8,22.3,22.8,958
2018-08-07 10:30:00,22.6,22.8,22.6,22.6,920
2018-08-07 11:30:00,22.6,22.75,22.6,22.6,531
2018-08-07 12:30:00,22.75,22.8,22.6,22.65,2620
2018-08-07 13:30:00,22.65,22.65,22.575,22.6,4520
2018-08-07 14:30:00,22.6,22.6,22.55,22.55,1017
2018-08-07 15:30:00,22.55,22.65,22.55,22.55,2098
2018-08-08 09:30:00,22.55,22.55,22.3,22.35,3478
2018-08-08 10:30:00,22.3,22.4,22.25,22.4,737
2018-08-08 11:30:00,22.4,22.4,22.3,22.35,1333
2018-08-08 12:30:00,22.3,22.45,22.3,22.45,4180
2018-08-08 13:30:00,22.45,22.45,22.3,22.35,7624
2018-08-08 14:30:00,22.35,22.35,22.3,22.35,3078
2018-08-08 15:30:00,22.35,22.4,22.3,22.4,11317
2018-08-09 09:30:00,22.35,22.95,21.7345,22.45,1572
2018-08-09 10:30:00,22.45,22.65,22.45,22.65,3321
2018-08-09 11:30:00,22.7,23.05,22.7,22.9,2053
2018-08-09 12:30:00,22.998,23.05,22.85,22.95,302
2018-08-09 13:30:00,23.045,23.15,22.9,23.0,611
2018-08-09 14:30:00,23.125,23.3,23.05,23.3,2342
2018-08-09 15:30:00,23.3,23.35,22.95,22.95,3768
2018-08-10 09:30:00,22.8,22.95,22.15,22.75,1792
2018-08-10 10:30:00,22.75,22.85,22.55,22.85,1687
2018-08-10 11:30:00,22.8,23.0,22.8,22.8,3065
2018-08-10 12:30:00,22.8,22.8302,22.6,22.65,564
2018-08-10 13:30:00,22.6,22.85,22.5,22.6,1189
2018-08-10 14:30:00,22.5,22.5,22.2,22.5,2181
2018-08-10 15:30:00,22.5,22.5,22.35,22.35,3349
2018-08-13 09:30:00,22.4,22.4,21.7,22.1,1809
2018-08-13 10:30:00,22.15,22.3,22.15,22.3,204
2018-08-13 11:30:00,22.3,22.3,22.0839,22.15,1033
2018-08-13 12:30:00,22.025,22.025,21.8,21.95,939
2018-08-13 13:30:00,21.95,22.15,21.95,22.15,1562
2018-08-13 14:30:00,22.2,22.3,22.1,22.1,824
2018-08-13 15:30:00,22.25,22.3,22.15,22.25,3650
2018-08-14 09:30:00,22.2,22.55,22.05,22.1,3824
2018-08-14 10:30:00,22.1225,22.25,21.95,21.95,1750
2018-08-14 11:30:00,22.0373,22.1,21.95,21.95,1718
2018-08-14 12:30:00,21.95,22.15,21.9,21.95,830
2018-08-14 13:30:00,21.955,22.1418,21.955,22.1418,110
2018-08-14 14:30:00,22.15,22.15,22.0,22.0,641
2018-08-14 15:30:00,22.0,22.2,21.95,22.0,5300
2018-08-15 09:30:00,22.0,22.05,21.3,21.35,10957
2018-08-15 10:30:00,21.35,21.45,21.2,21.2,3301
2018-08-15 11:30:00,21.45,21.6,21.4,21.45,1530
2018-08-15 12:30:00,21.4,21.5,21.35,21.35,1939
2018-08-15 13:30:00,21.4,21.45,21.25,21.25,3083
2018-08-15 14:30:00,21.275,21.3,21.15,21.15,1392
2018-08-15 15:30:00,21.175,21.35,21.15,21.3,5121
2018-10-31 09:30:00,19.06,19.46,18.6,19.03,27502
2018-10-31 10:30:00,19.03,19.03,18.5801,18.67,18964
2018-10-31 11:30:00,18.58,18.69,18.52,18.53,2408
2018-10-31 12:30:00,18.535,18.73,18.535,18.69,6142
2018-10-31 13:30:00,18.69,18.74,18.65,18.68,53715
2018-10-31 14:30:00,18.675,18.71,18.61,18.68,19960
2018-10-31 15:30:00,18.685,19.31,18.685,19.3,90215
2018-11-01 09:30:00,19.35,19.63,19.18,19.37,403
2018-11-01 10:30:00,19.07,19.28,19.07,19.28,117
2018-11-01 11:30:00,19.0,19.05,18.8176,19.02,4760
2018-11-01 12:30:00,19.03,19.08,19.01,19.07,1181
2018-11-01 13:30:00,19.05,19.05,18.85,18.93,5599
2018-11-01 14:30:00,18.94,19.07,18.94,18.94,5277
2018-11-01 15:30:00,18.99,19.14,18.96,19.06,6164
2018-11-02 09:30:00,19.2,19.81,19.16,19.81,2275
2018-11-02 10:30:00,19.82,19.82,19.4,19.5,2917
2018-11-02 11:30:00,19.43,19.43,19.02,19.13,1354
2018-11-02 12:30:00,19.17,19.22,19.05,19.05,3445
2018-11-02 13:30:00,19.16,19.17,18.862,19.05,8430
2018-11-02 14:30:00,19.17,19.21,19.045,19.17,3843
2018-11-02 15:30:00,19.16,19.33,19.14,19.28,8126
2018-11-05 09:30:00,19.28,19.82,19.28,19.7,1411
2018-11-05 10:30:00,19.3701,19.77,19.22,19.22,1024
2018-11-05 11:30:00,19.22,19.44,18.86,19.21,3778
2018-11-05 12:30:00,19.13,19.13,18.95,19.08,1437
2018-11-05 13:30:00,19.115,19.115,19.02,19.05,728
2018-11-05 14:30:00,19.05,19.1,18.96,19.02,2883
2018-11-05 15:30:00,18.97,19.09,18.97,19.03,7073
2018-11-06 09:30:00,18.95,19.42,18.86,19.42,1048
2018-11-06 10:30:00,18.96,19.3799,18.96,19.2,302
2018-11-06 11:30:00,19.13,19.13,18.85,18.91,2356
2018-11-06 12:30:00,18.698,19.02,18.698,18.935,3698
2018-11-06 13:30:00,18.925,19.21,18.925,19.21,2308
2018-11-06 14:30:00,19.18,19.22,19.1,19.1,2393
2018-11-06 15:30:00,19.09,19.09,18.95,19.03,2583
2018-11-07 09:30:00,19.3,19.37,18.92,19.25,1466
2018-11-07 10:30:00,19.3299,19.3299,18.94,19.045,4857
2018-11-07 11:30:00,19.06,19.11,19.035,19.11,1546
2018-11-07 12:30:00,19.18,19.19,19.02,19.19,4168
2018-11-07 13:30:00,19.03,19.18,19.03,19.14,2725
2018-11-07 14:30:00,19.13,19.28,19.12,19.194,3969
2018-11-07 15:30:00,19.28,19.71,19.12,19.7,9630
2018-11-08 09:30:00,19.41,19.84,18.87,19.84,20762
2018-11-08 10:30:00,19.84,19.84,19.1501,19.78,1799
2018-11-08 11:30:00,19.78,19.86,19.1349,19.75,3031
2018-11-08 12:30:00,19.55,20.34,19.32,20.34,7729
2018-11-08 13:30:00,20.34,20.6,20.2,20.205,5727
2018-11-08 14:30:00,20.205,20.43,20.16,20.34,2661
2018-11-08 15:30:00,20.3389,20.3389,20.01,20.13,10371
2018-11-09 09:30:00,20.0,20.2,19.91,19.91,1571
2018-11-09 10:30:00,20.0,20.22,19.91,20.0706,12465
2018-11-09 11:30:00,20.0,20.01,19.91,20.0,1600
2018-11-09 12:30:00,20.05,20.18,20.0,20.0,905
2018-11-09 13:30:00,19.99,20.0061,19.88,19.96,3064
2018-11-09 14:30:00,19.99,20.04,19.92,20.03,6017
2018-11-09 15:30:00,20.0,20.15,19.88,20.03,17826
2018-11-12 09:30:00,20.01,20.55,19.8901,20.1,15755
2018-11-12 10:30:00,20.142,20.53,20.01,20.38,4870
2018-11-12 11:30:00,20.35,20.94,20.25,20.94,8345
2018-11-12 12:30:00,20.55,20.92,20.55,20.705,1831
2018-11-12 13:30:00,20.7,20.71,20.39,20.5,6304
2018-11-12 14:30:00,20.555,20.7719,20.49,20.596,8534
2018-11-12 15:30:00,20.55,20.64,20.39,20.39,8948
2018-11-13 09:30:00,20.45,20.985,20.23,20.97,2691
2018-11-13 10:30:00,20.9513,21.02,20.52,20.99,7389
2018-11-13 11:30:00,20.98,21.11,20.7225,20.8,3714
2018-11-13 12:30:00,20.8185,20.82,20.58,20.61,4035
2018-11-13 13:30:00,20.52,20.59,20.24,20.29,3446
2018-11-13 14:30:00,20.29,20.29,20.1651,20.19,778
2018-11-13 15:30:00,20.205,20.7,20.19,20.6,17307
2018-11-14 09:30:00,20.97,21.0,20.665,20.85,4173
2018-11-14 10:30:00,20.76,20.98,20.4301,20.56,3948
2018-11-14 11:30:00,20.55,21.0,20.49,21.0,4623
2018-11-14 12:30:00,21.0,21.0,20.64,20.75,3793
2018-11-14 13:30:00,20.73,20.74,20.43,20.71,5808
2018-11-14 14:30:00,20.72,21.13,20.665,20.94,2687
2018-11-14 15:30:00,21.0225,21.2,20.91,21.12,16834
2018-11-15 09:30:00,21.0,21.2,20.7247,21.01,5001
2018-11-15 10:30:00,21.055,21.13,20.897,20.96,8376
2018-11-15 11:30:00,21.0,21.21,20.9701,21.1,1722
2018-11-15 12:30:00,21.11,21.11,20.815,20.99,7387
2018-11-15 13:30:00,20.94,21.06,20.77,20.81,3246
2018-11-15 14:30:00,20.9,21.07,20.78,20.81,8112
2018-11-15 15:30:00,20.79,20.96,20.62,20.91,7161
2018-11-16 09:30:00,20.75,20.95,20.57,20.7,8837
2018-11-16 10:30:00,20.65,20.72,20.5,20.5,5989
2018-11-16 11:30:00,20.5,20.525,20.25,20.3,5626
2018-11-16 12:30:00,20.25,20.48,20.25,20.42,2685
2018-11-16 13:30:00,20.35,20.69,20.32,20.66,14514
2018-11-16 14:30:00,20.55,20.78,20.55,20.77,7904
2018-11-16 15:30:00,20.77,20.77,20.59,20.64,5797
2018-11-19 09:30:00,20.4,20.82,20.34,20.82,4652
2018-11-19 10:30:00,20.72,21.16,20.62,21.16,12782
2018-11-19 11:30:00,21.055,21.055,20.82,20.82,1497
2018-11-19 12:30:00,20.82,20.99,20.81,20.94,1847
2018-11-19 13:30:00,20.95,21.02,20.74,20.94,1633
2018-11-19 14:30:00,20.98,20.98,20.805,20.885,2026
2018-11-19 15:30:00,20.88,20.95,20.775,20.84,6258
2019-02-07 09:30:00,17.96,18.155,17.82,18.1499,2618
2019-02-07 10:30:00,17.98,18.11,17.76,17.76,7392
2019-02-07 11:30:00,17.64,17.84,17.64,17.8,3089
2019-02-07 12:30:00,17.77,17.88,17.77,17.85,1021
2019-02-07 13:30:00,17.86,17.915,17.77,17.915,3303
2019-02-07 14:30:00,17.86,18.0,17.86,18.0,2210
2019-02-07 15:30:00,17.98,17.98,17.84,17.87,6092
2019-02-08 09:30:00,17.84,18.12,17.84,18.01,391
2019-02-08 10:30:00,17.8,17.8,17.5172,17.75,1288
2019-02-08 11:30:00,17.74,17.8,17.5574,17.78,1210
2019-02-08 12:30:00,17.78,18.01,17.61,17.99,7027
2019-02-08 13:30:00,17.98,18.01,17.775,17.8212,1587
2019-02-08 14:30:00,17.9,17.91,17.77,17.79,3612
2019-02-08 15:30:00,17.78,17.78,17.58,17.73,13082
2019-02-11 09:30:00,17.69,18.06,17.32,17.95,285
2019-02-11 10:30:00,17.7,17.99,17.3547,17.9,236
2019-02-11 11:30:00,17.8,18.06,17.58,18.0,227
2019-02-11 12:30:00,17.86,17.9,17.85,17.9,300
2019-02-11 13:30:00,18.0,18.15,17.7,18.135,4889
2019-02-11 14:30:00,18.11,18.26,18.0266,18.23,7300
2019-02-11 15:30:00,18.26,18.26,18.16,18.225,1391
2019-02-12 09:30:00,18.4,18.71,18.32,18.32,398
2019-02-12 10:30:00,18.19,18.52,18.19,18.47,392
2019-02-12 11:30:00,18.45,18.51,18.3257,18.38,463
2019-02-12 12:30:00,18.29,18.45,18.29,18.43,313
2019-02-12 13:30:00,18.43,18.61,18.43,18.49,3355
2019-02-12 14:30:00,18.36,18.47,18.34,18.35,691
2019-02-12 15:30:00,18.44,18.44,18.21,18.32,2054
2019-02-13 09:30:00,18.31,18.71,18.08,18.08,751
2019-02-13 10:30:00,18.64,18.69,18.09,18.22,609
2019-02-13 11:30:00,18.52,18.52,18.09,18.09,623
2019-02-13 12:30:00,18.13,18.21,17.78,17.93,3047
2019-02-13 13:30:00,17.81,17.9,17.81,17.85,643
2019-02-13 14:30:00,17.79,17.94,17.79,17.87,538
2019-02-13 15:30:00,17.91,17.94,17.67,17.75,7443
2019-02-14 09:30:00,17.76,18.01,17.61,17.61,444
2019-02-14 10:30:00,17.95,17.95,17.61,17.61,229
2019-02-14 11:30:00,17.84,17.87,17.44,17.44,305
2019-02-14 12:30:00,17.9,18.16,17.685,18.12,2443
2019-02-14 13:30:00,18.14,18.2,17.9142,18.0,1421
2019-02-14 14:30:00,17.96,18.2,17.8591,18.2,1172
2019-02-14 15:30:00,18.2,18.2,17.88,18.09,2354
2019-02-15 09:30:00,18.17,18.48,17.92,18.48,4939
2019-02-15 10:30:00,18.0699,18.35,18.0699,18.34,1490
2019-02-15 11:30:00,18.335,18.8,18.3011,18.71,2994
2019-02-15 12:30:00,18.78,18.8,18.52,18.76,1125
2019-02-15 13:30:00,18.62,18.69,18.45,18.53,11817
2019-02-15 14:30:00,18.51,18.59,18.25,18.26,5236
2019-02-15 15:30:00,18.26,18.4,18.25,18.35,5599
2019-02-19 09:30:00,18.3,18.71,18.3,18.51,4126
2019-02-19 10:30:00,18.6,18.63,18.6,18.62,310
2019-02-19 11:30:00,18.62,18.69,18.56,18.68,1182
2019-02-19 12:30:00,18.7,18.75,18.69,18.75,1081
2019-02-19 13:30:00,18.64,18.67,18.49,18.525,1048
2019-02-19 14:30:00,18.49,18.64,18.47,18.64,1421
2019-02-19 15:30:00,18.64,18.8,18.57,18.65,2006
2019-02-20 09:30:00,18.8,18.8,18.37,18.45,205
2019-02-20 10:30:00,18.71,18.71,18.56,18.56,279
2019-02-20 11:30:00,18.6,18.64,18.51,18.51,1109
2019-02-20 12:30:00,18.51,18.5771,18.49,18.55,1577
2019-02-20 13:30:00,18.49,18.57,18.42,18.43,1822
2019-02-20 14:30:00,18.43,18.6,18.43,18.51,2700
2019-02-20 15:30:00,18.6,18.6,18.12,18.19,15866
2019-02-21 09:30:00,18.14,18.56,17.81,18.4,292
2019-02-21 10:30:00,17.92,18.6099,17.88,18.09,601
2019-02-21 11:30:00,18.09,18.4,17.8001,18.22,345
2019-02-21 12:30:00,18.165,18.23,17.7937,18.05,603
2019-02-21 13:30:00,18.05,18.16,17.91,17.95,189
2019-02-21 14:30:00,18.17,18.17,17.86,18.0,135
2019-02-21 15:30:00,18.1,18.14,17.98,18.07,3173
2019-02-22 09:30:00,18.16,18.41,17.86,18.17,3222
2019-02-22 10:30:00,18.2,18.4699,18.09,18.115,2971
2019-02-22 11:30:00,18.11,18.2121,17.99,18.0,965
2019-02-22 12:30:00,18.0,18.1558,17.94,17.95,973
2019-02-22 13:30:00,17.94,18.15,17.93,17.98,577
2019-02-22 14:30:00,17.85,18.02,17.76,17.8,3716
2019-02-22 15:30:00,17.8,17.92,17.79,17.91,4476
2019-02-25 09:30:00,17.76,18.2,17.336,18.01,4555
2019-02-25 10:30:00,18.09,18.23,17.98,18.0623,39599
2019-02-25 11:30:00,18.02,18.48,18.02,18.2307,2793
2019-02-25 12:30:00,18.4136,18.5,18.4,18.47,2062
2019-02-25 13:30:00,18.455,18.6,18.42,18.6,3749
2019-02-25 14:30:00,18.6,18.85,18.6,18.77,3731
2019-02-25 15:30:00,18.85,18.87,18.73,18.79,5583
2019-02-26 09:30:00,18.74,19.2,18.46,18.95,6860
2019-02-26 10:30:00,19.17,19.17,18.59,18.61,3272
2019-02-26 11:30:00,18.71,18.71,18.45,18.51,1437
2019-02-26 12:30:00,18.46,18.56,18.44,18.45,294
2019-02-26 13:30:00,18.42,18.5081,18.41,18.42,432
2019-02-26 14:30:00,18.42,18.78,18.42,18.7,4133
2019-02-26 15:30:00,18.735,18.78,18.58,18.58,4823
2019-04-09 09:30:00,17.72,18.15,17.72,18.15,5
2019-04-09 10:30:00,18.19,18.19,18.09,18.09,202
2019-04-09 11:30:00,17.81,17.98,17.81,17.98,300
2019-04-09 12:30:00,17.96,18.04,17.77,17.96,1500
2019-04-09 13:30:00,17.9275,17.96,17.76,17.85,2300
2019-04-09 14:30:00,17.81,17.83,17.55,17.68,2448
2019-04-09 15:30:00,17.68,17.93,17.54,17.83,6259
2019-04-10 09:30:00,18.01,18.1299,17.9,18.02,1330
2019-04-10 10:30:00,17.95,18.205,17.95,18.205,1935
2019-04-10 11:30:00,18.18,18.36,18.01,18.36,1634
2019-04-10 12:30:00,18.35,18.35,18.1,18.12,220
2019-04-10 13:30:00,18.29,18.34,18.14,18.19,757
2019-04-10 14:30:00,18.19,18.32,18.16,18.2,935
2019-04-10 15:30:00,18.15,18.22,17.97,18.05,4465
2019-04-11 09:30:00,17.98,18.25,17.87,18.0325,5932
2019-04-11 10:30:00,18.05,18.08,17.89,18.01,6507
2019-04-11 11:30:00,18.0,18.05,17.9,17.9374,3288
2019-04-11 12:30:00,17.99,18.0,17.89,17.99,960
2019-04-11 13:30:00,17.9,17.9995,17.71,17.98,8845
2019-04-11 14:30:00,17.94,17.975,17.89,17.97,1961
2019-04-11 15:30:00,17.9,17.97,17.83,17.9,4627
2019-04-12 09:30:00,18.14,18.14,17.81,17.97,1844
2019-04-12 10:30:00,17.81,17.91,17.67,17.7951,1478
2019-04-12 11:30:00,17.7,17.73,17.51,17.67,3541
2019-04-12 12:30:00,17.7,17.71,17.5,17.5,2597
2019-04-12 13:30:00,17.6,17.65,17.59,17.59,430
2019-04-12 14:30:00,17.6,17.6,17.37,17.37,1034
2019-04-12 15:30:00,17.3605,17.53,17.3605,17.45,4523
2019-04-15 09:30:00,17.46,17.87,17.37,17.79,402
2019-04-15 10:30:00,17.5,17.8187,17.32,17.8187,432
2019-04-15 11:30:00,17.46,17.62,17.21,17.2537,7840
2019-04-15 12:30:00,17.2977,17.2977,17.16,17.172,1943
2019-04-15 13:30:00,17.16,17.16,17.0,17.16,3553
2019-04-15 14:30:00,17.24,17.26,17.21,17.26,1200
2019-04-15 15:30:00,17.26,17.38,17.26,17.27,2899
2019-04-16 09:30:00,17.43,18.02,17.43,17.67,31362
2019-04-16 10:30:00,17.66,17.67,17.42,17.45,10242
2019-04-16 11:30:00,17.49,17.57,17.42,17.5,945
2019-04-16 12:30:00,17.5,17.66,17.46,17.65,729
2019-04-16 13:30:00,17.54,17.65,17.48,17.61,727
2019-04-16 14:30:00,17.61,18.02,17.61,18.02,5847
2019-04-16 15:30:00,17.98,18.08,17.96,18.06,7755
2019-04-17 09:30:00,18.27,18.31,18.0197,18.22,792
2019-04-17 10:30:00,18.16,18.16,17.99,17.99,350
2019-04-17 11:30:00,17.94,17.98,17.81,17.93,1737
2019-04-17 12:30:00,17.81,17.85,17.71,17.71,880
2019-04-17 13:30:00,17.82,17.82,17.71,17.71,183
2019-04-17 14:30:00,17.71,17.78,17.7,17.715,1167
2019-04-17 15:30:00,17.73,17.95,17.715,17.91,3339
2019-04-18 09:30:00,17.79,18.31,17.54,17.86,2312
2019-04-18 10:30:00,17.84,17.8719,17.74,17.84,842
2019-04-18 11:30:00,17.89,17.89,17.76,17.77,1641
2019-04-18 12:30:00,17.82,17.84,17.67,17.71,967
2019-04-18 13:30:00,17.745,17.785,17.69,17.785,1005
2019-04-18 14:30:00,17.6901,17.7397,17.475,17.58,1333
2019-04-18 15:30:00,17.47,17.7,17.33,17.69,2193
2019-04-22 09:30:00,17.66,17.87,17.6,17.64,2032
2019-04-22 10:30:00,17.64,17.78,17.5851,17.78,2956
2019-04-22 11:30:00,17.82,17.86,17.6534,17.86,500
2019-04-22 12:30:00,17.89,17.99,17.89,17.98,420
2019-04-22 13:30:00,17.92,18.01,17.8,17.84,2224
2019-04-22 14:30:00,17.82,17.87,17.8,17.8,665
2019-04-22 15:30:00,17.81,17.97,17.8,17.94,2439
2019-04-23 09:30:00,18.03,18.08,17.815,17.915,1221
2019-04-23 10:30:00,17.97,17.99,17.8101,17.94,1891
2019-04-23 11:30:00,17.84,17.89,17.73,17.7755,3557
2019-04-23 12:30:00,17.74,17.79,17.64,17.78,1931
2019-04-23 13:30:00,17.67,17.8799,17.54,17.59,3078
2019-04-23 14:30:00,17.55,17.82,17.54,17.68,2484
2019-04-23 15:30:00,17.54,17.68,17.33,17.33,5417
2019-04-24 09:30:00,17.42,17.6,17.27,17.57,4686
2019-04-24 10:30:00,17.54,17.54,17.38,17.38,450
2019-04-24 11:30:00,17.51,17.51,17.26,17.27,1187
2019-04-24 12:30:00,17.3,17.38,17.09,17.25,2385
2019-04-24 13:30:00,17.13,17.34,17.13,17.335,729
2019-04-24 14:30:00,17.29,17.34,17.17,17.17,590
2019-04-24 15:30:00,17.235,17.31,17.16,17.17,1507
2019-04-25 09:30:00,17.1,17.51,16.62,16.65,2250
2019-04-25 10:30:00,16.65,17.14,16.61,17.03,2986
2019-04-25 11:30:00,17.14,17.15,17.01,17.05,538
2019-04-25 12:30:00,17.02,17.13,16.9,17.07,2124
2019-04-25 13:30:00,17.02,17.12,16.76,16.76,2873
2019-04-25 14:30:00,16.86,16.87,16.75,16.87,1573
2019-04-25 15:30:00,16.86,16.87,16.66,16.75,1695
2019-04-26 09:30:00,16.22,16.79,16.22,16.6341,801
2019-04-26 10:30:00,16.82,16.82,16.6,16.6,1759
2019-04-26 11:30:00,16.6,16.84,16.6,16.84,1258
2019-04-26 12:30:00,16.84,16.95,16.63,16.85,16227
2019-04-26 13:30:00,16.96,16.96,16.88,16.96,110
2019-04-26 14:30:00,16.87,16.87,16.86,16.86,102
2019-04-26 15:30:00,16.9443,16.96,16.87,16.87,1306
2019-04-29 09:30:00,17.38,17.71,16.79,17.08,2418
2019-04-29 10:30:00,17.08,17.09,16.76,16.8,3461
2019-04-29 11:30:00,16.74,16.8658,16.6,16.73,2168
2019-04-29 12:30:00,16.74,16.91,16.74,16.91,608
2019-04-29 13:30:00,16.89,16.94,16.83,16.91,708
2019-04-29 14:30:00,16.83,16.94,16.82,16.82,1160
2019-04-29 15:30:00,16.8,16.845,16.45,16.46,5669
2019-04-30 09:30:00,16.53,16.611,16.34,16.4,1186
2019-04-30 10:30:00,16.4752,16.58,16.21,16.215,1733
2019-04-30 11:30:00,16.3301,16.37,16.16,16.16,1914
2019-04-30 12:30:00,16.16,16.165,15.97,16.05,670
2019-04-30 13:30:00,16.095,16.1399,15.88,16.02,4557
2019-04-30 14:30:00,16.13,16.23,16.05,16.155,2884
2019-04-30 15:30:00,16.08,16.22,16.07,16.11,2495
2019-05-01 09:30:00,16.07,16.44,15.67,16.1322,29114
2019-05-01 10:30:00,16.08,16.24,15.96,16.11,8675
2019-05-01 11:30:00,16.16,16.24,16.09,16.11,2289
2019-05-01 12:30:00,16.07,16.12,15.95,16.1,6881
2019-05-01 13:30:00,16.11,16.34,16.05,16.18,1483
2019-05-01 14:30:00,16.47,16.47,16.31,16.4,3245
2019-05-01 15:30:00,16.4,16.4,16.17,16.2,5614
2019-05-02 09:30:00,16.67,16.67,15.8,16.3019,10821
2019-05-02 10:30:00,16.425,16.56,16.24,16.25,5217
2019-05-02 11:30:00,16.25,16.315,16.03,16.03,2334
2019-05-02 12:30:00,16.03,16.5187,16.03,16.17,3813
2019-05-02 13:30:00,16.17,16.3,16.05,16.09,209
2019-05-02 14:30:00,16.09,16.3,16.09,16.11,337
2019-05-02 15:30:00,16.11,16.31,16.05,16.2,1801
2019-05-03 09:30:00,16.34,16.7,16.04,16.31,2094
2019-05-03 10:30:00,16.3,16.48,16.15,16.32,1872
2019-05-03 11:30:00,16.35,16.47,16.32,16.42,1022
2019-05-03 12:30:00,16.5277,16.78,16.43,16.63,1926
2019-05-03 13:30:00,16.7,16.8,16.6,16.69,5046
2019-05-03 14:30:00,16.69,16.84,16.55,16.57,4042
2019-05-03 15:30:00,16.6,16.75,16.55,16.71,5598
2019-05-06 09:30:00,16.49,16.755,16.2,16.75,5634
2019-05-06 10:30:00,16.52,16.86,16.52,16.84,797
2019-05-06 11:30:00,16.84,16.895,16.7,16.76,1609
2019-05-06 12:30:00,16.7779,16.85,16.66,16.74,1060
2019-05-06 13:30:00,16.74,16.91,16.74,16.8,616
2019-05-06 14:30:00,16.73,16.83,16.715,16.81,1146
2019-05-06 15:30:00,16.74,16.7499,16.51,16.62,2329
2019-05-07 09:30:00,16.52,16.6,16.07,16.52,568
2019-05-07 10:30:00,16.3011,16.52,16.24,16.33,1058
2019-05-07 11:30:00,16.23,16.37,16.22,16.37,1254
2019-05-07 12:30:00,16.42,16.51,16.24,16.24,2428
2019-05-07 13:30:00,16.21,16.42,16.21,16.39,417
2019-05-07 14:30:00,16.23,16.4,16.045,16.045,3229
2019-05-07 15:30:00,16.14,16.23,16.0,16.08,5751
2019-05-08 09:30:00,16.01,16.48,16.0,16.48,3157
2019-05-08 10:30:00,16.21,16.44,16.21,16.44,48
2019-05-08 11:30:00,16.24,16.3579,16.12,16.12,1344
2019-05-08 12:30:00,16.18,16.18,16.09,16.09,1283
2019-05-08 13:30:00,16.09,16.18,16.09,16.14,390
2019-05-08 14:30:00,16.14,16.28,16.125,16.2,663
2019-05-08 15:30:00,16.2,16.29,16.12,16.29,6977
2019-05-09 09:30:00,16.36,16.67,16.0,16.25,6913
2019-05-09 10:30:00,16.19,16.44,16.02,16.43,10320
2019-05-09 11:30:00,16.3,16.43,16.29,16.3,8468
2019-05-09 12:30:00,16.3,16.41,16.29,16.3,446
2019-05-09 13:30:00,16.3,16.36,16.29,16.29,477
2019-05-09 14:30:00,16.29,16.42,16.29,16.3,1529
2019-05-09 15:30:00,16.31,16.38,16.23,16.23,2547
2019-05-10 09:30:00,16.72,16.72,16.14,16.14,3974
2019-05-10 10:30:00,16.38,16.42,16.0,16.07,1359
2019-05-10 11:30:00,16.01,16.08,15.88,15.88,1696
2019-05-10 12:30:00,16.0,16.095,15.88,15.96,4060
2019-05-10 13:30:00,15.96,16.17,15.96,16.07,1257
2019-05-10 14:30:00,16.12,16.22,16.07,16.22,1902
2019-05-10 15:30:00,16.16,16.26,16.15,16.2,6335
2019-05-13 09:30:00,15.96,16.37,15.7201,15.93,607
2019-05-13 10:30:00,15.83,16.2107,15.83,15.94,1335
2019-05-13 11:30:00,15.91,16.09,15.71,15.74,4310
2019-05-13 12:30:00,15.74,15.92,15.32,15.53,4050
2019-05-13 13:30:00,15.433,15.86,15.34,15.84,2914
2019-05-13 14:30:00,15.86,15.97,15.674,15.72,4026
2019-05-13 15:30:00,15.74,15.91,15.72,15.83,6985
2019-05-14 09:30:00,15.87,16.17,15.52,15.52,5058
2019-05-14 10:30:00,15.615,15.65,15.49,15.5,2272
2019-05-14 11:30:00,15.49,15.69,15.25,15.5,6982
2019-05-14 12:30:00,15.45,15.68,15.45,15.53,2851
2019-05-14 13:30:00,15.57,16.06,15.51,15.93,35498
2019-05-14 14:30:00,15.965,16.0,15.7,15.82,5248
2019-05-14 15:30:00,15.81,15.9,15.64,15.67,7088
2019-05-15 09:30:00,15.66,15.96,15.57,15.61,1632
2019-05-15 10:30:00,15.6,16.04,15.6,16.04,3108
2019-05-15 11:30:00,16.0,16.44,15.9,16.44,6361
2019-05-15 12:30:00,16.39,16.42,16.15,16.15,637
2019-05-15 13:30:00,16.41,16.58,16.315,16.58,1010
2019-05-15 14:30:00,16.57,16.63,16.39,16.4368,4094
2019-05-15 15:30:00,16.4159,16.47,16.06,16.14,15291
2019-05-16 09:30:00,16.28,16.5,15.93,16.11,1163
2019-05-16 10:30:00,16.16,16.45,16.08,16.24,310
2019-05-16 11:30:00,16.03,16.235,15.83,15.95,4800
2019-05-16 12:30:00,15.95,16.07,15.81,16.025,4633
2019-05-16 13:30:00,15.8374,15.98,15.83,15.91,679
2019-05-16 14:30:00,15.85,15.99,15.735,15.99,4359
2019-05-16 15:30:00,15.94,16.2,15.895,16.17,5942
2019-05-17 09:30:00,16.03,16.21,15.87,15.91,1946
2019-05-17 10:30:00,15.8934,16.0,15.72,15.87,1659
2019-05-17 11:30:00,15.87,15.88,15.67,15.85,1524
2019-05-17 12:30:00,15.69,15.84,15.67,15.84,1473
2019-05-17 13:30:00,15.6701,15.75,15.53,15.53,1580
2019-05-17 14:30:00,15.56,15.7,15.51,15.6,3002
2019-05-17 15:30:00,15.595,15.81,15.52,15.72,11476
2019-05-20 09:30:00,15.7,15.98,15.51,15.83,743
2019-05-20 10:30:00,15.54,15.83,15.54,15.6,4205
2019-05-20 11:30:00,15.75,15.82,15.56,15.79,4535
2019-05-20 12:30:00,15.75,15.82,15.72,15.78,1965
2019-05-20 13:30:00,15.82,15.91,15.75,15.87,1543
2019-05-20 14:30:00,15.85,15.87,15.63,15.67,3390
2019-05-20 15:30:00,15.67,15.95,15.67,15.92,7686
2019-05-21 09:30:00,15.89,16.2,15.4626,16.03,8456
2019-05-21 10:30:00,15.99,16.09,15.99,15.99,855
2019-05-21 11:30:00,16.08,16.18,16.01,16.18,2530
2019-05-21 12:30:00,16.07,16.21,16.04,16.04,2866
2019-05-21 13:30:00,16.04,16.16,16.02,16.02,1035
2019-05-21 14:30:00,16.04,16.12,15.95,15.982,930
2019-05-21 15:30:00,16.02,16.15,15.97,16.0,3196
2019-05-22 09:30:00,16.02,16.05,15.7387,15.98,1306
2019-05-22 10:30:00,15.9718,15.99,15.68,15.69,2544
2019-05-22 11:30:00,15.69,15.96,15.67,15.81,4675
2019-05-22 12:30:00,15.81,15.9,15.75,15.79,1581
2019-05-22 13:30:00,15.79,15.88,15.75,15.77,2986
2019-05-22 14:30:00,15.77,15.95,15.75,15.95,2414
2019-05-22 15:30:00,15.91,16.0,15.86,15.99,3064
2019-05-23 09:30:00,15.7,15.7,15.28,15.55,1432
2019-05-23 10:30:00,15.52,15.74,15.52,15.69,3161
2019-05-23 11:30:00,15.67,15.67,15.29,15.31,3456
2019-05-23 12:30:00,15.31,15.45,15.26,15.37,2524
2019-05-23 13:30:00,15.36,15.45,15.3,15.43,17019
2019-05-23 14:30:00,15.43,15.82,15.38,15.705,45411
2019-05-23 15:30:00,15.87,15.92,15.68,15.9,7625
2019-05-24 09:30:00,15.85,16.25,15.61,15.805,19836
2019-05-24 10:30:00,15.91,15.94,15.62,15.77,1523
2019-05-24 11:30:00,15.62,15.89,15.62,15.735,2115
2019-05-24 12:30:00,15.85,15.9,15.67,15.67,2901
2019-05-24 13:30:00,15.88,15.88,15.75,15.86,1810
2019-05-24 14:30:00,15.87,15.91,15.67,15.87,2338
2019-05-24 15:30:00,15.87,15.92,15.67,15.9,4860
2019-08-01 09:30:00,16.25,16.52,15.84,15.9186,3001
2019-08-01 10:30:00,15.97,16.19,15.88,15.95,531
2019-08-01 11:30:00,15.92,16.07,15.66,15.87,2539
2019-08-01 12:30:00,15.87,15.92,15.73,15.73,5683
2019-08-01 13:30:00,15.866,15.866,15.39,15.49,1980
2019-08-01 14:30:00,15.46,15.72,15.46,15.57,3147
2019-08-01 15:30:00,15.57,15.78,15.56,15.59,4745
2019-08-02 09:30:00,15.52,15.54,15.14,15.23,2152
2019-08-02 10:30:00,15.22,15.22,15.0,15.15,4797
2019-08-02 11:30:00,15.16,15.16,14.94,15.0456,3945
2019-08-02 12:30:00,15.0815,15.0815,14.9,14.9,1526
2019-08-02 13:30:00,15.05,15.05,14.91,15.0,490
2019-08-02 14:30:00,14.87,15.06,14.87,15.0088,5330
2019-08-02 15:30:00,14.87,15.1,14.87,15.1,2126
2019-08-05 09:30:00,14.84,15.09,14.54,14.68,4990
2019-08-05 10:30:00,14.68,14.79,14.38,14.79,4678
2019-08-05 11:30:00,14.78,14.94,14.65,14.94,1492
2019-08-05 12:30:00,14.93,15.06,14.74,14.97,3834
2019-08-05 13:30:00,14.97,14.97,14.6,14.6,2132
2019-08-05 14:30:00,14.7,14.79,14.49,14.615,646
2019-08-05 15:30:00,14.74,14.74,14.4201,14.5,4894
2019-08-06 09:30:00,14.4,14.81,14.33,14.33,4281
2019-08-06 10:30:00,14.6,14.76,14.26,14.41,2163
2019-08-06 11:30:00,14.42,14.57,14.29,14.29,3567
2019-08-06 12:30:00,14.39,14.39,14.34,14.34,5670
2019-08-06 13:30:00,14.34,14.34,13.9,14.24,3613
2019-08-06 14:30:00,14.105,14.69,14.105,14.485,9817
2019-08-06 15:30:00,14.485,14.485,14.17,14.17,11998
2019-08-07 09:30:00,13.99,14.2,13.81,13.88,2474
2019-08-07 10:30:00,13.9,14.06,13.82,13.84,1626
2019-08-07 11:30:00,13.84,14.02,13.79,13.99,782
2019-08-07 12:30:00,13.89,13.97,13.57,13.82,2955
2019-08-07 13:30:00,13.82,13.83,13.61,13.78,610
2019-08-07 14:30:00,13.77,13.96,13.58,13.96,5591
2019-08-07 15:30:00,13.96,13.96,13.75,13.95,7392
2019-08-08 09:30:00,13.85,14.23,13.51,14.05,2451
2019-08-08 10:30:00,14.03,14.03,13.75,13.75,472
2019-08-08 11:30:00,13.73,13.73,13.41,13.54,4872
2019-08-08 12:30:00,13.54,13.67,13.43,13.5,5311
2019-08-08 13:30:00,13.51,13.65,13.49,13.6,1275
2019-08-08 14:30:00,13.53,13.53,13.37,13.4014,1668
2019-08-08 15:30:00,13.38,13.41,12.96,13.02,15631
2019-08-09 09:30:00,13.05,13.28,12.77,12.9,5491
2019-08-09 10:30:00,12.9,13.01,12.35,12.59,10422
2019-08-09 11:30:00,12.47,12.85,12.36,12.77,14676
2019-08-09 12:30:00,12.78,12.78,12.52,12.52,6713
2019-08-09 13:30:00,12.6,12.63,12.46,12.6,5175
2019-08-09 14:30:00,12.59,12.59,12.21,12.42,10771
2019-08-09 15:30:00,12.48,12.6,12.39,12.42,8612
2019-08-12 09:30:00,12.0,12.35,12.0,12.07,11603
2019-08-12 10:30:00,12.07,12.18,11.52,11.73,21690
2019-08-12 11:30:00,11.65,11.94,11.61,11.94,20214
2019-08-12 12:30:00,11.86,11.9199,11.69,11.8073,29021
2019-08-12 13:30:00,11.84,11.91,11.76,11.83,3928
2019-08-12 14:30:00,11.87,11.91,11.695,11.72,13972
2019-08-12 15:30:00,11.76,11.835,11.71,11.78,5388
2019-08-13 09:30:00,11.73,11.995,11.3766,11.84,30730
2019-08-13 10:30:00,11.98,12.03,11.71,11.77,26746
2019-08-13 11:30:00,11.77,11.89,11.61,11.79,6199
2019-08-13 12:30:00,11.78,11.79,11.56,11.78,5409
2019-08-13 13:30:00,11.78,11.78,11.6,11.6,6200
2019-08-13 14:30:00,11.6,11.76,11.48,11.6286,14252
2019-08-13 15:30:00,11.68,11.68,11.48,11.53,14914
2019-08-14 09:30:00,11.34,11.55,11.27,11.4,28576
2019-08-14 10:30:00,11.4,11.54,11.34,11.47,7151
2019-08-14 11:30:00,11.47,11.48,11.26,11.27,12131
2019-08-14 12:30:00,11.27,11.4,11.18,11.32,7966
2019-08-14 13:30:00,11.275,11.34,11.18,11.265,2916
2019-08-14 14:30:00,11.275,11.34,11.12,11.18,8853
2019-08-14 15:30:00,11.18,11.18,11.0,11.075,11553
2019-08-15 09:30:00,10.98,11.33,10.79,10.95,17073
2019-08-15 10:30:00,10.99,11.22,10.93,11.18,10240
2019-08-15 11:30:00,11.18,11.19,10.78,11.02,20303
2019-08-15 12:30:00,11.06,11.24,10.93,11.05,18793
2019-08-15 13:30:00,10.98,11.02,10.87,10.97,6647
2019-08-15 14:30:00,10.94,11.12,10.94,10.97,11395
2019-08-15 15:30:00,10.99,11.01,10.92,10.96,8512
2019-08-16 09:30:00,10.98,11.306,10.92,11.14,37657
2019-08-16 10:30:00,11.11,11.33,11.0,11.08,23671
2019-08-16 11:30:00,11.13,11.31,10.91,11.13,27246
2019-08-16 12:30:00,11.28,11.37,11.1,11.2944,9073
2019-08-16 13:30:00,11.2898,11.47,11.14,11.28,20720
2019-08-16 14:30:00,11.28,11.39,11.11,11.21,19804
2019-08-16 15:30:00,11.215,11.34,11.18,11.28,13303
2019-08-19 09:30:00,11.42,11.63,11.09,11.37,37440
2019-08-19 10:30:00,11.37,11.41,11.2,11.34,16978
2019-08-19 11:30:00,11.33,11.5,11.23,11.33,22761
2019-08-19 12:30:00,11.33,11.49,11.2505,11.34,13257
2019-08-19 13:30:00,11.34,11.42,11.25,11.3,9344
2019-08-19 14:30:00,11.31,11.38,11.28,11.33,10639
2019-08-19 15:30:00,11.305,11.35,11.22,11.225,22441
2019-08-20 09:30:00,11.22,11.43,11.11,11.16,23443
2019-08-20 10:30:00,11.13,11.19,11.0,11.08,21716
2019-08-20 11:30:00,11.09,11.16,10.9219,11.1,12566
2019-08-20 12:30:00,11.1,11.36,10.99,11.24,23071
2019-08-20 13:30:00,11.21,11.32,11.12,11.27,8815
2019-08-20 14:30:00,11.34,11.59,11.18,11.48,13801
2019-08-20 15:30:00,11.59,11.76,11.38,11.57,18823
2019-08-21 09:30:00,11.71,11.75,11.26,11.26,15875
2019-08-21 10:30:00,11.31,11.58,11.21,11.53,5139
2019-08-21 11:30:00,11.5,11.565,11.37,11.38,7333
2019-08-21 12:30:00,11.45,11.48,11.36,11.48,1889
2019-08-21 13:30:00,11.48,11.49,11.3,11.42,8031
2019-08-21 14:30:00,11.4,11.52,11.27,11.515,12378
2019-08-21 15:30:00,11.53,11.63,11.53,11.63,8488
2019-08-22 09:30:00,11.62,11.94,11.36,11.36,4344
2019-08-22 10:30:00,11.36,11.66,11.36,11.5,8081
2019-08-22 11:30:00,11.58,11.65,11.53,11.56,3451
2019-08-22 12:30:00,11.58,11.75,11.55,11.62,13973
2019-08-22 13:30:00,11.66,11.74,11.59,11.68,9911
2019-08-22 14:30:00,11.63,11.69,11.57,11.63,4641
2019-08-22 15:30:00,11.63,11.64,11.56,11.56,11941
2019-10-30 09:30:00,12.55,12.68,12.3,12.331,12715
2019-10-30 10:30:00,12.28,12.35,12.11,12.13,7115
2019-10-30 11:30:00,12.13,12.25,12.07,12.2,6931
2019-10-30 12:30:00,12.2,12.27,12.1,12.13,7292
2019-10-30 13:30:00,12.1,12.2,12.05,12.16,5778
2019-10-30 14:30:00,12.16,12.19,12.04,12.04,12969
2019-10-30 15:30:00,12.06,12.11,12.02,12.1,18081
2019-10-31 09:30:00,12.08,12.15,11.93,12.05,11067
2019-10-31 10:30:00,12.05,12.05,11.87,11.875,7736
2019-10-31 11:30:00,11.94,12.07,11.9,11.92,13238
2019-10-31 12:30:00,11.91,11.92,11.8,11.83,5064
2019-10-31 13:30:00,11.85,11.92,11.835,11.92,1790
2019-10-31 14:30:00,11.95,11.97,11.89,11.9,4049
2019-10-31 15:30:00,11.9,11.94,11.88,11.88,10743
2019-11-01 09:30:00,11.95,12.25,11.81,12.14,17330
2019-11-01 10:30:00,12.135,12.29,12.135,12.275,8181
2019-11-01 11:30:00,12.275,12.37,12.2501,12.32,8143
2019-11-01 12:30:00,12.34,12.51,12.31,12.505,6822
2019-11-01 13:30:00,12.505,12.505,12.33,12.47,7612
2019-11-01 14:30:00,12.51,12.57,12.45,12.48,11511
2019-11-01 15:30:00,12.48,12.48,12.39,12.44,16488
2019-11-04 09:30:00,12.58,12.6793,12.28,12.665,18026
2019-11-04 10:30:00,12.6968,12.87,12.63,12.71,17317
2019-11-04 11:30:00,12.73,12.77,12.65,12.68,14511
2019-11-04 12:30:00,12.68,12.78,12.61,12.75,16592
2019-11-04 13:30:00,12.78,12.83,12.68,12.72,5334
2019-11-04 14:30:00,12.7,12.75,12.63,12.67,22386
2019-11-04 15:30:00,12.66,12.73,12.64,12.67,23205
2019-11-05 09:30:00,12.73,12.9,12.62,12.68,10607
2019-11-05 10:30:00,12.72,12.84,12.6594,12.71,6827
2019-11-05 11:30:00,12.68,12.73,12.53,12.69,8184
2019-11-05 12:30:00,12.67,12.765,12.67,12.71,7862
2019-11-05 13:30:00,12.715,12.77,12.7,12.75,1852
2019-11-05 14:30:00,12.72,12.72,12.62,12.63,4863
2019-11-05 15:30:00,12.63,12.7,12.63,12.69,8660
2019-11-06 09:30:00,12.67,12.82,12.44,12.69,11684
2019-11-06 10:30:00,12.7,12.71,12.51,12.51,2626
2019-11-06 11:30:00,12.52,12.59,12.41,12.44,4487
2019-11-06 12:30:00,12.45,12.48,12.39,12.48,1400
2019-11-06 13:30:00,12.46,12.54,12.41,12.44,4498
2019-11-06 14:30:00,12.42,12.42,12.31,12.34,5520
2019-11-06 15:30:00,12.34,12.34,12.28,12.28,7934
2019-11-07 09:30:00,12.5,12.59,12.0,12.05,17922
2019-11-07 10:30:00,12.0,12.035,11.64,11.95,11425
2019-11-07 11:30:00,11.9,11.95,11.75,11.75,11454
2019-11-07 12:30:00,11.7,11.77,11.4,11.45,14755
2019-11-07 13:30:00,11.4,11.47,11.3,11.355,13044
2019-11-07 14:30:00,11.32,11.44,11.3,11.365,23955
2019-11-07 15:30:00,11.36,11.375,11.27,11.35,27900
2019-11-08 09:30:00,11.31,11.37,11.02,11.08,6842
2019-11-08 10:30:00,11.08,11.2,11.01,11.02,4620
2019-11-08 11:30:00,11.03,11.22,11.01,11.16,9770
2019-11-08 12:30:00,11.16,11.1865,10.9551,11.065,11004
2019-11-08 13:30:00,11.08,11.155,10.96,11.0,4580
2019-11-08 14:30:00,11.0,11.19,10.99,11.15,25738
2019-11-08 15:30:00,11.15,11.16,11.09,11.15,25753
2019-11-11 09:30:00,11.0,11.21,10.91,11.15,8576
2019-11-11 10:30:00,11.11,11.13,10.98,10.99,5352
2019-11-11 11:30:00,11.01,11.17,11.01,11.08,4061
2019-11-11 12:30:00,11.08,11.13,11.01,11.1,6820
2019-11-11 13:30:00,11.1,11.14,11.06,11.06,8208
2019-11-11 14:30:00,11.06,11.16,11.04,11.06,11956
2019-11-11 15:30:00,11.09,11.2,11.05,11.18,20683
2019-11-12 09:30:00,11.22,11.4,11.07,11.35,21337
2019-11-12 10:30:00,11.34,11.61,11.32,11.38,7996
2019-11-12 11:30:00,11.385,11.42,11.29,11.32,3410
2019-11-12 12:30:00,11.32,11.58,11.26,11.5,6690
2019-11-12 13:30:00,11.47,11.55,11.39,11.43,8027
2019-11-12 14:30:00,11.42,11.43,11.27,11.34,10999
2019-11-12 15:30:00,11.34,11.37,11.24,11.26,17651
2019-11-13 09:30:00,11.11,11.14,11.0,11.01,5044
2019-11-13 10:30:00,11.01,11.01,10.87,10.98,3829
2019-11-13 11:30:00,10.9828,11.06,10.88,10.9217,2730
2019-11-13 12:30:00,10.9,11.04,10.89,11.04,6818
2019-11-13 13:30:00,11.07,11.08,10.94,11.035,4078
2019-11-13 14:30:00,11.03,11.16,11.03,11.11,5478
2019-11-13 15:30:00,11.125,11.17,11.11,11.13,12438
2019-11-14 09:30:00,11.11,11.44,11.11,11.39,7625
2019-11-14 10:30:00,11.43,11.57,11.43,11.49,7682
2019-11-14 11:30:00,11.4877,11.55,11.43,11.53,8851
2019-11-14 12:30:00,11.53,11.59,11.5,11.54,3188
2019-11-14 13:30:00,11.54,11.57,11.47,11.5,6825
2019-11-14 14:30:00,11.5,11.51,11.41,11.43,5609
2019-11-14 15:30:00,11.44,11.45,11.32,11.34,10745
2019-11-15 09:30:00,11.41,11.57,11.23,11.31,31881
2019-11-15 10:30:00,11.3593,11.4,11.24,11.39,3605
2019-11-15 11:30:00,11.4,11.42,11.33,11.35,2739
2019-11-15 12:30:00,11.33,11.35,11.3,11.32,1969
2019-11-15 13:30:00,11.33,11.35,11.28,11.28,2126
2019-11-15 14:30:00,11.295,11.295,11.19,11.19,1283
2019-11-15 15:30:00,11.2,11.22,11.11,11.18,11549
2019-11-18 09:30:00,11.08,11.22,11.0,11.18,12044
2019-11-18 10:30:00,11.17,11.22,11.09,11.19,9152
2019-11-18 11:30:00,11.19,11.2,11.1501,11.17,6752
2019-11-18 12:30:00,11.1523,11.2,11.14,11.16,6132
2019-11-18 13:30:00,11.18,11.3,11.17,11.26,5618
2019-11-18 14:30:00,11.26,11.3,11.21,11.25,11214
2019-11-18 15:30:00,11.25,11.28,11.23,11.26,10974
2020-02-24 09:30:00,10.23,10.55,10.17,10.485,11815
2020-02-24 10:30:00,10.47,10.52,10.43,10.44,5477
2020-02-24 11:30:00,10.44,10.51,10.41,10.51,10370
2020-02-24 12:30:00,10.495,10.495,10.43,10.455,7503
2020-02-24 13:30:00,10.455,10.47,10.4,10.465,3362
2020-02-24 14:30:00,10.45,10.615,10.435,10.57,12742
2020-02-24 15:30:00,10.57,10.61,10.53,10.54,10914
2020-02-25 09:30:00,10.62,10.69,10.36,10.385,7499
2020-02-25 10:30:00,10.4459,10.4459,10.17,10.29,4966
2020-02-25 11:30:00,10.28,10.36,10.2,10.2,6836
2020-02-25 12:30:00,10.18,10.18,9.98,9.995,4880
2020-02-25 13:30:00,9.9952,10.25,9.9952,10.17,11877
2020-02-25 14:30:00,10.14,10.3,10.07,10.255,3100
2020-02-25 15:30:00,10.26,10.43,10.1106,10.33,6040
2020-02-26 09:30:00,10.35,10.5,10.28,10.46,11074
2020-02-26 10:30:00,10.48,10.5,10.43,10.4985,2260
2020-02-26 11:30:00,10.5,10.59,10.44,10.5,7587
2020-02-26 12:30:00,10.5,10.54,10.47,10.52,1818
2020-02-26 13:30:00,10.47,10.54,10.45,10.52,3457
2020-02-26 14:30:00,10.49,10.94,10.47,10.83,29572
2020-02-26 15:30:00,10.81,10.94,10.73,10.82,9982
2020-02-27 09:30:00,10.4,10.56,10.285,10.35,10128
2020-02-27 10:30:00,10.35,10.68,10.15,10.68,22729
2020-02-27 11:30:00,10.7,10.76,10.63,10.705,3410
2020-02-27 12:30:00,10.67,10.84,10.67,10.73,2557
2020-02-27 13:30:00,10.71,10.76,10.57,10.63,5223
2020-02-27 14:30:00,10.62,10.76,10.48,10.48,23570
2020-02-27 15:30:00,10.465,10.48,10.3,10.3,12017
2020-02-28 09:30:00,9.97,10.25,9.54,10.17,33188
2020-02-28 10:30:00,10.19,10.34,10.11,10.27,64585
2020-02-28 11:30:00,10.34,10.45,10.05,10.05,9839
2020-02-28 12:30:00,10.07,10.24,9.82,9.82,16190
2020-02-28 13:30:00,9.82,9.91,9.59,9.7,2996
2020-02-28 14:30:00,9.8,9.88,9.7,9.72,6054
2020-02-28 15:30:00,9.71,9.9,9.65,9.9,14774
2020-03-02 09:30:00,9.95,10.23,9.5,9.54,7765
2020-03-02 10:30:00,9.5,9.665,9.42,9.53,3274
2020-03-02 11:30:00,9.575,9.685,9.48,9.58,8982
2020-03-02 12:30:00,9.59,9.7,9.425,9.425,4267
2020-03-02 13:30:00,9.4156,9.5,9.39,9.39,2842
2020-03-02 14:30:00,9.34,9.34,9.21,9.27,2733
2020-03-02 15:30:00,9.28,9.67,9.27,9.62,11398
2020-03-03 09:30:00,9.58,9.84,9.38,9.59,6660
2020-03-03 10:30:00,9.59,9.59,9.25,9.31,3466
2020-03-03 11:30:00,9.25,9.35,9.22,9.27,3938
2020-03-03 12:30:00,9.295,9.33,9.01,9.04,7911
2020-03-03 13:30:00,9.025,9.11,8.965,9.05,6510
2020-03-03 14:30:00,9.05,9.26,8.96,9.17,9215
2020-03-03 15:30:00,9.21,9.21,9.07,9.13,3983
2020-03-04 09:30:00,9.16,9.2,8.93,9.04,8095
2020-03-04 10:30:00,9.04,9.06,8.85,9.015,6584
2020-03-04 11:30:00,8.98,8.98,8.8,8.88,5352
2020-03-04 12:30:00,8.93,8.95,8.85,8.9,3481
2020-03-04 13:30:00,8.94,9.01,8.91,9.01,1328
2020-03-04 14:30:00,9.05,9.23,9.02,9.23,2227
2020-03-04 15:30:00,9.24,9.27,8.99,9.12,11860
2020-03-05 09:30:00,8.92,8.98,8.7,8.81,6581
2020-03-05 10:30:00,8.79,8.8118,8.56,8.6,6434
2020-03-05 11:30:00,8.59,8.6,8.41,8.41,6686
2020-03-05 12:30:00,8.4,8.43,8.25,8.38,23673
2020-03-05 13:30:00,8.38,8.52,8.38,8.42,4845
2020-03-05 14:30:00,8.39,8.39,8.29,8.3,12716
2020-03-05 15:30:00,8.3,8.32,8.25,8.29,52064
2020-03-06 09:30:00,8.15,8.39,7.85,8.03,15811
2020-03-06 10:30:00,8.06,8.12,7.91,7.91,8654
2020-03-06 11:30:00,7.92,7.9289,7.83,7.86,13054
2020-03-06 12:30:00,7.9,7.94,7.88,7.925,12047
2020-03-06 13:30:00,7.925,8.04,7.88,7.9,17570
2020-03-06 14:30:00,7.89,7.94,7.85,7.86,14476
2020-03-06 15:30:00,7.88,7.97,7.85,7.9,16428
2020-03-09 09:30:00,7.3,7.3,6.91,7.1,11776
2020-03-09 10:30:00,7.04,7.07,6.93,6.975,10454
2020-03-09 11:30:00,6.96,6.968,6.8,6.8,18119
2020-03-09 12:30:00,6.85,6.9085,6.72,6.73,9594
2020-03-09 13:30:00,6.725,6.725,6.51,6.51,5820
2020-03-09 14:30:00,6.51,6.59,6.38,6.42,22713
2020-03-09 15:30:00,6.42,6.42,6.22,6.24,24441
2020-03-10 09:30:00,6.63,6.7255,6.24,6.46,16909
2020-03-10 10:30:00,6.455,6.49,6.24,6.24,18539
2020-03-10 11:30:00,6.24,6.26,6.03,6.095,6217
2020-03-10 12:30:00,6.06,6.155,5.98,6.11,20213
2020-03-10 13:30:00,6.09,6.31,6.09,6.31,8778
2020-03-10 14:30:00,6.32,6.62,6.3,6.59,3891
2020-03-10 15:30:00,6.595,6.74,6.59,6.61,12613
2020-03-11 09:30:00,6.62,6.82,6.62,6.7,19309
2020-03-11 10:30:00,6.71,6.75,6.6,6.61,4523
2020-03-11 11:30:00,6.61,6.72,6.6,6.69,3156
2020-03-11 12:30:00,6.72,6.75,6.67,6.71,2122
2020-03-11 13:30:00,6.74,6.9,6.74,6.82,6502
2020-03-11 14:30:00,6.81,6.86,6.65,6.655,7064
2020-03-11 15:30:00,6.68,6.89,6.6315,6.8,9712
2020-03-12 09:30:00,6.73,6.74,5.5,6.13,8736
2020-03-12 10:30:00,6.13,6.455,6.1,6.18,7819
2020-03-12 11:30:00,6.185,6.41,6.0,6.37,11915
2020-03-12 12:30:00,6.38,6.44,6.16,6.25,8210
2020-03-12 13:30:00,6.25,6.25,6.09,6.11,3548
2020-03-12 14:30:00,6.11,6.11,5.61,5.96,11885
2020-03-12 15:30:00,5.97,6.01,5.9,5.965,10310
2020-03-13 09:30:00,6.35,6.35,5.82,6.26,5657
2020-03-13 10:30:00,6.3243,6.3243,6.0,6.22,3459
2020-03-13 11:30:00,6.23,6.23,5.93,6.1,8887
2020-03-13 12:30:00,6.1,6.14,5.92,6.06,10441
2020-03-13 13:30:00,6.1,6.38,6.06,6.35,5597
2020-03-13 14:30:00,6.35,6.39,6.25,6.25,4067
2020-03-13 15:30:00,6.25,6.33,6.0,6.25,19105
2020-03-16 09:30:00,5.47,5.74,5.18,5.685,4617
2020-03-16 10:30:00,5.73,6.07,5.69,6.02,6391
2020-03-16 11:30:00,6.025,6.025,5.89,6.0,6857
2020-03-16 12:30:00,6.0,6.0,5.83,5.86,5246
2020-03-16 13:30:00,5.91,5.91,5.779,5.815,20533
2020-03-16 14:30:00,5.815,5.86,5.66,5.735,10340
2020-03-16 15:30:00,5.725,5.79,5.24,5.27,33181
2020-03-17 09:30:00,5.36,5.61,5.36,5.57,18873
2020-03-17 10:30:00,5.575,5.59,5.485,5.57,29668
2020-03-17 11:30:00,5.58,5.63,5.55,5.58,14147
2020-03-17 12:30:00,5.58,5.6,5.43,5.48,3774
2020-03-17 13:30:00,5.43,5.57,5.43,5.57,2791
2020-03-17 14:30:00,5.65,5.66,5.45,5.47,8089
2020-03-17 15:30:00,5.47,5.48,5.18,5.28,23363
2020-03-18 09:30:00,4.91,5.08,4.56,4.56,13807
2020-03-18 10:30:00,4.44,4.64,4.43,4.61,8840
2020-03-18 11:30:00,4.6,4.684,4.52,4.55,10291
2020-03-18 12:30:00,4.595,4.595,4.32,4.36,6777
2020-03-18 13:30:00,4.35,4.43,4.21,4.245,16071
2020-03-18 14:30:00,4.26,4.38,4.19,4.24,12077
2020-03-18 15:30:00,4.24,4.44,4.1201,4.31,26998
2020-03-19 09:30:00,4.27,4.31,2.62,4.08,110313
2020-03-19 10:30:00,4.08,4.44,4.02,4.365,14844
2020-03-19 11:30:00,4.34,4.87,4.337,4.85,21984
2020-03-19 12:30:00,4.836,5.69,4.76,5.22,26031
2020-03-19 13:30:00,5.3126,5.3126,4.65,4.98,28056
2020-03-19 14:30:00,5.07,5.07,4.52,4.945,38541
2020-03-19 15:30:00,4.97,5.0,4.78,4.89,20218
2020-03-20 09:30:00,4.87,5.44,4.87,5.16,68264
2020-03-20 10:30:00,5.16,5.34,5.13,5.13,6385
2020-03-20 11:30:00,5.14,5.28,5.04,5.12,7729
2020-03-20 12:30:00,5.16,5.25,5.02,5.235,12497
2020-03-20 13:30:00,5.235,5.25,5.08,5.08,23208
2020-03-20 14:30:00,5.09,5.15,5.01,5.02,6661
2020-03-20 15:30:00,5.02,5.25,4.93,5.23,27409
2020-03-23 09:30:00,5.3,5.3,4.66,4.825,8760
2020-03-23 10:30:00,4.9,5.07,4.82,4.9664,7580
2020-03-23 11:30:00,5.01,5.21,4.9,5.19,19816
2020-03-23 12:30:00,5.185,5.37,5.16,5.21,6057
2020-03-23 13:30:00,5.19,5.4,5.15,5.25,3796
2020-03-23 14:30:00,5.34,5.47,5.13,5.15,11163
2020-03-23 15:30:00,5.16,5.19,4.86,5.11,17543
2020-03-24 09:30:00,5.27,5.51,5.02,5.24,32188
2020-03-24 10:30:00,5.28,5.6,5.21,5.38,17642
2020-03-24 11:30:00,5.4,5.52,5.355,5.4,8360
2020-03-24 12:30:00,5.41,5.46,5.23,5.28,9583
2020-03-24 13:30:00,5.23,5.3,4.97,5.075,8367
2020-03-24 14:30:00,5.07,5.45,5.02,5.39,10576
2020-03-24 15:30:00,5.325,5.38,5.1,5.26,13940
2020-03-25 09:30:00,5.35,5.48,4.98,5.0021,7555
2020-03-25 10:30:00,5.015,5.13,5.0,5.12,9999
2020-03-25 11:30:00,5.07,5.43,5.07,5.405,9727
2020-03-25 12:30:00,5.405,5.47,5.29,5.3,19270
2020-03-25 13:30:00,5.26,5.315,4.82,4.98,23165
2020-03-25 14:30:00,4.93,5.3,4.84,5.205,18294
2020-03-25 15:30:00,5.14,5.23,5.01,5.01,6073
2020-03-26 09:30:00,5.15,5.3,4.98,5.1,6997
2020-03-26 10:30:00,5.03,5.29,5.005,5.29,3048
2020-03-26 11:30:00,5.37,5.41,4.97,5.01,8537
2020-03-26 12:30:00,5.0799,5.16,4.94,5.02,50744
2020-03-26 13:30:00,5.02,5.11,4.94,5.11,16603
2020-03-26 14:30:00,5.12,5.29,5.09,5.24,9254
2020-03-26 15:30:00,5.29,5.3,5.1,5.21,10509
2020-03-27 09:30:00,5.1,5.2572,4.84,5.06,21231
2020-03-27 10:30:00,5.13,5.15,4.9459,5.02,19455
2020-03-27 11:30:00,5.045,5.0701,4.79,4.9101,23173
2020-03-27 12:30:00,4.97,5.05,4.94,5.02,21776
2020-03-27 13:30:00,5.01,5.08,4.81,4.865,19395
2020-03-27 14:30:00,4.85,5.05,4.82,5.0,10879
2020-03-27 15:30:00,4.97,4.99,4.69,4.75,17486
2020-03-30 09:30:00,4.9,5.0131,4.6605,4.8,10676
2020-03-30 10:30:00,4.8,5.07,4.69,5.048,44190
2020-03-30 11:30:00,5.03,5.05,4.8,4.85,10187
2020-03-30 12:30:00,4.85,4.86,4.77,4.7986,6440
2020-03-30 13:30:00,4.808,4.84,4.58,4.58,16731
2020-03-30 14:30:00,4.58,4.82,4.56,4.76,17294
2020-03-30 15:30:00,4.73,4.87,4.65,4.78,14343
2020-03-31 09:30:00,4.78,4.93,4.39,4.69,34812
2020-03-31 10:30:00,4.69,5.14,4.66,4.7,13780
2020-03-31 11:30:00,4.7,4.76,4.61,4.66,29592
2020-03-31 12:30:00,4.63,4.69,4.55,4.56,7870
2020-03-31 13:30:00,4.55,4.78,4.51,4.7,13760
2020-03-31 14:30:00,4.65,4.69,4.36,4.4,10447
2020-03-31 15:30:00,4.32,4.52,4.31,4.46,20249
2020-04-01 09:30:00,4.2,4.43,4.01,4.34,10201
2020-04-01 10:30:00,4.31,4.5099,4.24,4.36,5655
2020-04-01 11:30:00,4.35,4.47,4.35,4.35,5573
2020-04-01 12:30:00,4.365,4.365,4.09,4.1,14112
2020-04-01 13:30:00,4.17,4.24,4.0,4.0,12552
2020-04-01 14:30:00,4.0,4.06,4.0,4.03,13848
2020-04-01 15:30:00,4.02,4.12,4.0,4.1,18599
2020-05-06 09:30:00,5.4,5.61,5.25,5.42,15807
2020-05-06 10:30:00,5.425,5.56,5.39,5.4,14199
2020-05-06 11:30:00,5.4,5.4,5.32,5.35,7323
2020-05-06 12:30:00,5.35,5.36,5.28,5.31,8756
2020-05-06 13:30:00,5.28,5.45,5.28,5.41,7400
2020-05-06 14:30:00,5.42,5.46,5.38,5.43,10729
2020-05-06 15:30:00,5.41,5.57,5.41,5.54,25009
2020-05-07 09:30:00,5.57,5.79,5.5,5.65,29830
2020-05-07 10:30:00,5.63,5.84,5.62,5.83,14588
2020-05-07 11:30:00,5.8516,5.86,5.8,5.805,14433
2020-05-07 12:30:00,5.8,5.805,5.62,5.65,13081
2020-05-07 13:30:00,5.65,5.85,5.62,5.84,11244
2020-05-07 14:30:00,5.84,5.84,5.69,5.79,5893
2020-05-07 15:30:00,5.79,5.87,5.74,5.84,27179
2020-05-08 09:30:00,6.16,6.33,5.94,6.08,17529
2020-05-08 10:30:00,6.17,6.18,5.83,5.93,13519
2020-05-08 11:30:00,5.9,5.97,5.85,5.88,7964
2020-05-08 12:30:00,5.9,5.93,5.85,5.89,6980
2020-05-08 13:30:00,5.86,5.96,5.85,5.96,11903
2020-05-08 14:30:00,5.96,6.04,5.915,6.02,8597
2020-05-08 15:30:00,6.02,6.1,6.02,6.08,17801
2020-05-11 09:30:00,5.99,6.05,5.8,5.92,10562
2020-05-11 10:30:00,5.92,5.945,5.85,5.885,11084
2020-05-11 11:30:00,5.88,6.05,5.88,6.05,2930
2020-05-11 12:30:00,6.02,6.09,5.98,6.07,2763
2020-05-11 13:30:00,6.06,6.12,6.03,6.06,6189
2020-05-11 14:30:00,6.1,6.17,6.08,6.08,5733
2020-05-11 15:30:00,6.08,6.19,6.07,6.14,6825
2020-05-12 09:30:00,6.31,6.37,5.91,5.995,10098
2020-05-12 10:30:00,5.99,6.03,5.85,5.9,11238
2020-05-12 11:30:00,5.88,5.99,5.87,5.93,11352
2020-05-12 12:30:00,5.91,5.99,5.825,5.825,11956
2020-05-12 13:30:00,5.81,5.89,5.8,5.83,13250
2020-05-12 14:30:00,5.835,6.06,5.83,5.99,11730
2020-05-12 15:30:00,5.99,6.01,5.88,5.95,8701
2020-05-13 09:30:00,5.95,6.02,5.6101,5.82,15676
2020-05-13 10:30:00,5.805,5.805,5.62,5.69,18223
2020-05-13 11:30:00,5.69,5.76,5.66,5.71,23729
2020-05-13 12:30:00,5.72,5.76,5.62,5.705,26654
2020-05-13 13:30:00,5.67,5.71,5.63,5.7,7242
2020-05-13 14:30:00,5.73,5.7615,5.69,5.73,10923
2020-05-13 15:30:00,5.735,5.78,5.71,5.75,11757
2020-05-14 09:30:00,5.59,5.67,5.44,5.67,29596
2020-05-14 10:30:00,5.71,5.95,5.61,5.785,10208
2020-05-14 11:30:00,5.785,5.785,5.64,5.68,8366
2020-05-14 12:30:00,5.67,5.75,5.62,5.62,6038
2020-05-14 13:30:00,5.62,5.65,5.57,5.58,7007
2020-05-14 14:30:00,5.59,5.64,5.55,5.62,14935
2020-05-14 15:30:00,5.62,5.64,5.58,5.63,7697
2020-05-15 09:30:00,5.72,5.8,5.57,5.74,16888
2020-05-15 10:30:00,5.735,5.765,5.63,5.64,13800
2020-05-15 11:30:00,5.64,5.72,5.6,5.66,12165
2020-05-15 12:30:00,5.68,5.73,5.64,5.67,4591
2020-05-15 13:30:00,5.68,5.76,5.68,5.73,6957
2020-05-15 14:30:00,5.73,5.735,5.64,5.72,7972
2020-05-15 15:30:00,5.73,5.76,5.66,5.72,12423
2020-05-18 09:30:00,5.93,6.2,5.73,6.11,17733
2020-05-18 10:30:00,6.1,6.37,6.1,6.37,28665
2020-05-18 11:30:00,6.35,6.35,6.08,6.18,20546
2020-05-18 12:30:00,6.15,6.21,6.08,6.08,13110
2020-05-18 13:30:00,6.08,6.15,5.99,6.1,19545
2020-05-18 14:30:00,6.1,6.21,6.01,6.055,21978
2020-05-18 15:30:00,6.06,6.27,6.06,6.23,11281
2020-05-19 09:30:00,6.1,6.21,5.94,6.11,11960
2020-05-19 10:30:00,6.1,6.21,6.06,6.16,4591
2020-05-19 11:30:00,6.16,6.24,6.11,6.21,5999
2020-05-19 12:30:00,6.22,6.31,6.21,6.24,6585
2020-05-19 13:30:00,6.245,6.245,6.12,6.15,5198
2020-05-19 14:30:00,6.16,6.19,6.05,6.05,14161
2020-05-19 15:30:00,6.065,6.08,5.99,6.06,16909
2020-05-20 09:30:00,6.18,6.34,6.1,6.25,11586
2020-05-20 10:30:00,6.25,6.35,6.25,6.35,8001
2020-05-20 11:30:00,6.37,6.37,6.25,6.27,5589
2020-05-20 12:30:00,6.24,6.3,6.19,6.285,11320
2020-05-20 13:30:00,6.27,6.31,6.21,6.29,10399
2020-05-20 14:30:00,6.29,6.37,6.26,6.32,6518
2020-05-20 15:30:00,6.33,6.39,6.3,6.36,6233
2020-05-21 09:30:00,6.31,6.48,6.21,6.38,21993
2020-05-21 10:30:00,6.35,6.37,6.28,6.3,6896
2020-05-21 11:30:00,6.33,6.48,6.31,6.48,3822
2020-05-21 12:30:00,6.45,6.5,6.42,6.5,3667
2020-05-21 13:30:00,6.45,6.48,6.4,6.45,4919
2020-05-21 14:30:00,6.45,6.48,6.39,6.45,5389
2020-05-21 15:30:00,6.48,6.56,6.45,6.53,12179
2020-05-22 09:30:00,6.59,6.68,6.3,6.35,5273
2020-05-22 10:30:00,6.375,6.38,6.28,6.32,6090
2020-05-22 11:30:00,6.3,6.35,6.26,6.26,5052
2020-05-22 12:30:00,6.29,6.3,6.19,6.24,7238
2020-05-22 13:30:00,6.21,6.4,6.21,6.33,4733
2020-05-22 14:30:00,6.33,6.33,6.27,6.27,7447
2020-05-22 15:30:00,6.29,6.46,6.28,6.44,13637
2020-08-05 09:30:00,6.77,6.93,6.7201,6.89,7465
2020-08-05 10:30:00,6.835,7.0,6.835,6.935,15939
2020-08-05 11:30:00,6.935,6.94,6.81,6.81,3754
2020-08-05 12:30:00,6.815,7.02,6.81,7.0,13763
2020-08-05 13:30:00,6.99,7.175,6.96,7.175,23733
2020-08-05 14:30:00,7.17,7.195,7.08,7.19,12776
2020-08-05 15:30:00,7.185,7.27,7.1,7.2,21168
2020-08-06 09:30:00,7.12,7.19,7.0,7.1399,5034
2020-08-06 10:30:00,7.14,7.18,7.06,7.08,4262
2020-08-06 11:30:00,7.07,7.16,7.05,7.08,3122
2020-08-06 12:30:00,7.08,7.11,7.02,7.08,2245
2020-08-06 13:30:00,7.05,7.17,7.02,7.04,2457
2020-08-06 14:30:00,7.04,7.11,7.0,7.08,4614
2020-08-06 15:30:00,7.11,7.11,7.01,7.06,6169
2020-08-07 09:30:00,7.12,7.21,7.02,7.12,5858
2020-08-07 10:30:00,7.135,7.16,7.05,7.13,2693
2020-08-07 11:30:00,7.115,7.19,7.09,7.11,3889
2020-08-07 12:30:00,7.1,7.2,7.09,7.1327,4293
2020-08-07 13:30:00,7.14,7.223,7.09,7.2,4902
2020-08-07 14:30:00,7.225,7.28,7.17,7.19,3772
2020-08-07 15:30:00,7.2,7.21,7.15,7.15,7845
2020-08-10 09:30:00,7.31,7.32,7.15,7.18,23497
2020-08-10 10:30:00,7.21,7.23,7.12,7.12,7433
2020-08-10 11:30:00,7.14,7.19,7.14,7.19,3863
2020-08-10 12:30:00,7.17,7.22,7.15,7.15,9339
2020-08-10 13:30:00,7.165,7.18,7.14,7.14,1425
2020-08-10 14:30:00,7.15,7.2,7.13,7.17,3464
2020-08-10 15:30:00,7.18,7.21,7.16,7.2,6022
2020-08-11 09:30:00,7.37,7.4,7.18,7.2,16107
2020-08-11 10:30:00,7.17,7.22,7.16,7.175,3824
2020-08-11 11:30:00,7.175,7.23,7.15,7.195,2062
2020-08-11 12:30:00,7.21,7.3,7.15,7.26,3487
2020-08-11 13:30:00,7.22,7.24,7.1809,7.22,3058
2020-08-11 14:30:00,7.22,7.22,7.12,7.17,5553
2020-08-11 15:30:00,7.15,7.15,7.05,7.14,8308
2020-08-12 09:30:00,7.2,7.2114,6.87,6.9408,9663
2020-08-12 10:30:00,6.92,7.01,6.92,6.935,2907
2020-08-12 11:30:00,6.935,6.98,6.85,6.9,10322
2020-08-12 12:30:00,6.8716,6.92,6.84,6.89,4546
2020-08-12 13:30:00,6.89,6.97,6.89,6.96,9721
2020-08-12 14:30:00,6.98,7.03,6.93,7.03,2824
2020-08-12 15:30:00,7.01,7.03,6.94,7.01,5604
2020-08-13 09:30:00,7.01,7.03,6.89,6.94,2324
2020-08-13 10:30:00,6.9301,7.0,6.92,6.98,3112
2020-08-13 11:30:00,6.9999,6.9999,6.86,6.86,3279
2020-08-13 12:30:00,6.85,6.9,6.83,6.9,1617
2020-08-13 13:30:00,6.86,6.93,6.86,6.89,1704
2020-08-13 14:30:00,6.91,6.93,6.81,6.88,3681
2020-08-13 15:30:00,6.88,6.88,6.78,6.78,5627
2020-08-14 09:30:00,6.86,6.86,6.67,6.8217,4746
2020-08-14 10:30:00,6.815,6.91,6.7964,6.8674,3739
2020-08-14 11:30:00,6.91,6.92,6.895,6.92,223
2020-08-14 12:30:00,6.87,6.94,6.87,6.93,4251
2020-08-14 13:30:00,6.92,7.04,6.91,7.0,4716
2020-08-14 14:30:00,6.99,7.0,6.92,6.95,1321
2020-08-14 15:30:00,6.9399,6.99,6.9,6.95,4002
2020-08-17 09:30:00,6.99,7.14,6.82,6.84,3764
2020-08-17 10:30:00,6.8193,6.8193,6.69,6.7,2161
2020-08-17 11:30:00,6.71,6.75,6.69,6.7343,7523
2020-08-17 12:30:00,6.75,6.77,6.73,6.73,3020
2020-08-17 13:30:00,6.73,6.75,6.64,6.74,12084
2020-08-17 14:30:00,6.715,6.74,6.66,6.74,6433
2020-08-17 15:30:00,6.71,6.79,6.7,6.78,4106
2020-08-18 09:30:00,8.0,8.2,7.2901,8.0938,96390
2020-08-18 10:30:00,8.12,8.15,7.8305,8.03,45990
2020-08-18 11:30:00,7.99,8.18,7.98,8.12,60571
2020-08-18 12:30:00,8.14,8.14,7.9938,8.08,9868
2020-08-18 13:30:00,8.0701,8.17,8.06,8.117,27126
2020-08-18 14:30:00,8.115,8.38,8.05,8.3,64788
2020-08-18 15:30:00,8.26,8.32,8.12,8.21,41753
2020-08-19 09:30:00,8.25,9.0,8.17,8.835,78220
2020-08-19 10:30:00,8.865,9.04,8.8411,8.9988,38261
2020-08-19 11:30:00,8.995,9.06,8.9504,9.04,26397
2020-08-19 12:30:00,9.03,9.09,9.0,9.0,19335
2020-08-19 13:30:00,9.0,9.06,8.98,8.9854,13540
2020-08-19 14:30:00,8.9801,9.24,8.98,9.21,27443
2020-08-19 15:30:00,9.17,9.6,9.17,9.45,59782
2020-08-20 09:30:00,10.0,10.13,9.14,9.2255,64803
2020-08-20 10:30:00,9.19,9.19,8.7,8.89,39761
2020-08-20 11:30:00,8.86,9.059,8.82,8.9699,13060
2020-08-20 12:30:00,8.93,8.93,8.74,8.795,9122
2020-08-20 13:30:00,8.76,8.8492,8.76,8.8,18724
2020-08-20 14:30:00,8.8,8.8281,8.71,8.7501,10734
2020-08-20 15:30:00,8.79,8.8,8.71,8.75,20656
2020-08-21 09:30:00,8.71,8.78,8.52,8.57,10619
2020-08-21 10:30:00,8.556,8.6,8.26,8.29,25454
2020-08-21 11:30:00,8.34,8.34,8.15,8.24,21501
2020-08-21 12:30:00,8.23,8.55,8.23,8.47,14498
2020-08-21 13:30:00,8.47,8.64,8.45,8.6281,7157
2020-08-21 14:30:00,8.615,8.64,8.46,8.55,10151
2020-08-21 15:30:00,8.57,8.64,8.55,8.58,9828
2020-08-24 09:30:00,8.59,8.89,8.52,8.77,11876
2020-08-24 10:30:00,8.77,8.79,8.49,8.605,8491
2020-08-24 11:30:00,8.61,8.62,8.43,8.465,2752
2020-08-24 12:30:00,8.45,8.47,8.28,8.445,3800
2020-08-24 13:30:00,8.47,8.5,8.318,8.318,1739
2020-08-24 14:30:00,8.3,8.52,8.26,8.39,5564
2020-08-24 15:30:00,8.4507,8.52,8.37,8.49,8435
2020-11-04 09:30:00,8.72,8.84,8.5001,8.735,1856
2020-11-04 10:30:00,8.81,9.03,8.735,9.03,1596
2020-11-04 11:30:00,9.03,9.03,8.8,8.87,481
2020-11-04 12:30:00,8.895,8.9899,8.8,8.922,1222
2020-11-04 13:30:00,8.895,8.95,8.885,8.95,1021
2020-11-04 14:30:00,8.95,8.97,8.85,8.905,4250
2020-11-04 15:30:00,8.905,9.02,8.85,9.02,7763
2020-11-05 09:30:00,9.17,9.46,8.82,9.17,5245
2020-11-05 10:30:00,9.17,9.18,9.04,9.13,20689
2020-11-05 11:30:00,9.16,9.2,9.07,9.13,10651
2020-11-05 12:30:00,9.12,9.28,9.1,9.225,1700
2020-11-05 13:30:00,9.23,9.28,9.11,9.11,2751
2020-11-05 14:30:00,9.1,9.29,9.08,9.26,23326
2020-11-05 15:30:00,9.17,9.3,9.1601,9.3,4877
2020-11-06 09:30:00,9.34,9.49,9.055,9.09,1705
2020-11-06 10:30:00,9.09,9.33,9.05,9.13,2331
2020-11-06 11:30:00,9.13,9.28,9.12,9.13,2069
2020-11-06 12:30:00,9.125,9.24,9.06,9.08,1983
2020-11-06 13:30:00,9.21,9.22,9.06,9.2,728
2020-11-06 14:30:00,9.12,9.21,9.07,9.135,1806
2020-11-06 15:30:00,9.18,9.26,9.12,9.25,1378
2020-11-09 09:30:00,9.4,9.65,9.3401,9.54,12335
2020-11-09 10:30:00,9.51,9.79,9.51,9.79,3927
2020-11-09 11:30:00,9.8,10.0,9.725,10.0,3244
2020-11-09 12:30:00,9.9564,10.12,9.85,10.04,15082
2020-11-09 13:30:00,10.085,10.2,10.05,10.19,10188
2020-11-09 14:30:00,10.12,10.46,10.11,10.39,7157
2020-11-09 15:30:00,10.4,10.4,10.19,10.36,9249
2020-11-10 09:30:00,10.39,10.65,10.29,10.51,3856
2020-11-10 10:30:00,10.55,10.55,10.28,10.28,2532
2020-11-10 11:30:00,10.28,10.37,10.17,10.26,1763
2020-11-10 12:30:00,10.34,10.37,10.17,10.31,1201
2020-11-10 13:30:00,10.31,10.35,10.2,10.2,1120
2020-11-10 14:30:00,10.22,10.38,10.17,10.275,8704
2020-11-10 15:30:00,10.275,10.36,10.1901,10.3,8746
2020-11-11 09:30:00,10.28,10.3,10.17,10.195,5836
2020-11-11 10:30:00,10.215,10.24,9.94,10.02,5333
2020-11-11 11:30:00,9.95,10.14,9.76,10.045,6664
2020-11-11 12:30:00,10.05,10.15,10.03,10.15,15286
2020-11-11 13:30:00,10.15,10.25,10.1,10.21,1993
2020-11-11 14:30:00,10.135,10.2,10.02,10.03,2918
2020-11-11 15:30:00,10.09,10.32,10.03,10.3,4766
2020-11-12 09:30:00,10.03,10.29,9.9,10.12,3594
2020-11-12 10:30:00,10.09,10.24,10.09,10.24,431
2020-11-12 11:30:00,10.1401,10.31,10.1401,10.205,871
2020-11-12 12:30:00,10.205,10.28,10.08,10.08,3516
2020-11-12 13:30:00,10.08,10.14,10.07,10.095,624
2020-11-12 14:30:00,10.09,10.2,10.09,10.19,6987
2020-11-12 15:30:00,10.2,10.35,10.1301,10.35,10401
2020-11-13 09:30:00,10.27,10.8,10.11,10.68,23433
2020-11-13 10:30:00,10.72,10.72,9.94,10.12,16394
2020-11-13 11:30:00,10.13,10.49,10.13,10.49,1484
2020-11-13 12:30:00,10.3,10.41,10.13,10.285,998
2020-11-13 13:30:00,10.36,10.41,10.26,10.41,3827
2020-11-13 14:30:00,10.475,10.53,10.395,10.52,1070
2020-11-13 15:30:00,10.41,10.465,10.27,10.27,6806
2020-11-16 09:30:00,10.55,10.93,10.36,10.67,8080
2020-11-16 10:30:00,10.58,10.69,10.47,10.66,2091
2020-11-16 11:30:00,10.64,10.82,10.62,10.79,3294
2020-11-16 12:30:00,10.78,10.79,10.71,10.71,3988
2020-11-16 13:30:00,10.76,10.76,10.64,10.64,4121
2020-11-16 14:30:00,10.63,10.63,10.3,10.33,9349
2020-11-16 15:30:00,10.33,10.38,10.11,10.19,8013
2020-11-17 09:30:00,10.0,10.36,9.6511,10.34,5962
2020-11-17 10:30:00,10.3,10.34,9.98,10.14,4379
2020-11-17 11:30:00,10.13,10.38,10.124,10.124,7457
2020-11-17 12:30:00,10.235,10.34,10.14,10.19,959
2020-11-17 13:30:00,10.19,10.25,10.16,10.25,2073
2020-11-17 14:30:00,10.25,10.25,10.13,10.18,1940
2020-11-17 15:30:00,10.18,10.245,10.07,10.16,5327
2020-11-18 09:30:00,10.11,10.47,10.03,10.09,2519
2020-11-18 10:30:00,10.17,10.26,10.05,10.18,3537
2020-11-18 11:30:00,10.09,10.28,10.09,10.15,745
2020-11-18 12:30:00,10.22,10.27,10.16,10.205,1210
2020-11-18 13:30:00,10.14,10.27,10.07,10.11,1595
2020-11-18 14:30:00,10.05,10.115,9.9,10.02,6127
2020-11-18 15:30:00,10.03,10.12,9.9,10.0,6333
2020-11-19 09:30:00,9.94,10.025,9.84,9.84,1330
2020-11-19 10:30:00,9.82,10.02,9.78,9.99,2287
2020-11-19 11:30:00,9.95,9.95,9.63,9.65,6458
2020-11-19 12:30:00,9.62,9.64,9.555,9.63,4487
2020-11-19 13:30:00,9.6399,9.725,9.57,9.69,4097
2020-11-19 14:30:00,9.68,9.8,9.67,9.8,5632
2020-11-19 15:30:00,9.74,9.88,9.69,9.87,4337
2020-11-20 09:30:00,9.83,10.27,9.1936,10.11,3560
2020-11-20 10:30:00,10.01,10.11,9.9,10.08,7966
2020-11-20 11:30:00,10.08,10.21,10.0352,10.1079,1087
2020-11-20 12:30:00,10.16,10.16,10.09,10.15,835
2020-11-20 13:30:00,10.16,10.16,9.965,9.965,2605
2020-11-20 14:30:00,9.91,9.99,9.82,9.84,1210
2020-11-20 15:30:00,9.95,10.21,9.84,10.18,8794
2020-11-23 09:30:00,10.28,10.67,10.27,10.46,14230
2020-11-23 10:30:00,10.47,10.64,10.38,10.43,6339
2020-11-23 11:30:00,10.39,10.645,10.36,10.59,5286
2020-11-23 12:30:00,10.585,10.6,10.4901,10.59,3440
2020-11-23 13:30:00,10.595,10.72,10.37,10.66,4395
2020-11-23 14:30:00,10.66,10.67,10.44,10.62,5022
2020-11-23 15:30:00,10.61,10.82,10.61,10.82,6998
