bar_start,open,high,low,close,volume
2021-01-22 09:30:00,296.0,297.455,294.45,296.83,124254
2021-01-22 10:30:00,296.808,298.9199,296.2,298.11,106322
2021-01-22 11:30:00,297.96,300.65,297.8701,300.324,142045
2021-01-22 12:30:00,300.345,300.53,298.0,298.7626,91100
2021-01-22 13:30:00,298.84,299.19,298.38,298.54,49119
2021-01-22 14:30:00,298.685,299.16,298.2,299.055,105986
2021-01-22 15:30:00,299.1012,299.235,298.05,298.1,110270
2021-01-25 09:30:00,299.68,304.39,298.5101,304.39,226349
2021-01-25 10:30:00,304.3,305.2,298.94,299.2454,242817
2021-01-25 11:30:00,299.21,301.1,297.89,300.64,166207
2021-01-25 12:30:00,300.62,301.106,299.86,300.63,204150
2021-01-25 13:30:00,300.77,300.94,299.25,299.582,166722
2021-01-25 14:30:00,299.8,300.37,298.955,299.33,111727
2021-01-25 15:30:00,299.33,299.6,298.82,299.42,254706
2021-01-26 09:30:00,301.75,301.75,295.5,296.24,224028
2021-01-26 10:30:00,296.305,296.53,294.82,295.11,128625
2021-01-26 11:30:00,295.08,295.975,294.25,294.946,85717
2021-01-26 12:30:00,295.04,295.12,292.8,293.1234,92102
2021-01-26 13:30:00,293.01,293.57,292.42,293.3,86410
2021-01-26 14:30:00,293.26,294.275,293.0,293.9601,93077
2021-01-26 15:30:00,293.8177,295.09,292.59,292.94,140565
2021-01-27 09:30:00,292.89,295.1,290.67,294.94,240364
2021-01-27 10:30:00,294.7601,296.1,293.82,295.5431,173768
2021-01-27 11:30:00,295.585,295.98,293.1,294.22,138892
2021-01-27 12:30:00,294.27,295.8,293.3714,293.69,108126
2021-01-27 13:30:00,293.69,294.57,292.0,292.745,135904
2021-01-27 14:30:00,292.73,294.35,291.2801,293.45,196255
2021-01-27 15:30:00,293.39,294.236,292.0601,293.375,215928
2021-01-28 09:30:00,292.12,296.49,291.3,294.43,212795
2021-01-28 10:30:00,294.125,295.42,292.0,293.23,161573
2021-01-28 11:30:00,293.1801,295.0,292.77,294.65,126853
2021-01-28 12:30:00,294.76,295.0,293.11,294.24,163259
2021-01-28 13:30:00,294.64,294.97,293.0,293.185,159020
2021-01-28 14:30:00,293.3,294.05,292.5,293.4,173489
2021-01-28 15:30:00,293.4744,294.94,292.55,292.83,256840
2021-01-29 09:30:00,290.12,291.65,283.01,286.5301,346966
2021-01-29 10:30:00,286.7814,293.03,286.3,286.915,203314
2021-01-29 11:30:00,286.82,293.03,285.02,285.13,203725
2021-01-29 12:30:00,285.13,285.29,282.88,284.8099,175772
2021-01-29 13:30:00,284.665,287.96,283.8484,287.528,124838
2021-01-29 14:30:00,287.56,289.0806,287.0,287.7955,138980
2021-01-29 15:30:00,287.82,288.46,285.78,286.34,175152
2021-02-01 09:30:00,289.03,292.0,287.835,290.27,259036
2021-02-01 10:30:00,290.4,290.8262,287.55,290.71,168284
2021-02-01 11:30:00,290.71,291.99,290.0338,291.87,117827
2021-02-01 12:30:00,291.91,293.45,291.62,293.38,138016
2021-02-01 13:30:00,293.45,293.97,292.6637,293.3001,149049
2021-02-01 14:30:00,293.48,294.15,292.4,292.89,144527
2021-02-01 15:30:00,292.84,293.5,292.03,292.31,241066
2021-02-02 09:30:00,294.81,302.23,294.02,301.51,424597
2021-02-02 10:30:00,301.51,301.99,299.6,299.9996,400041
2021-02-02 11:30:00,299.831,301.91,294.02,300.21,382818
2021-02-02 12:30:00,300.2269,301.48,300.1266,300.63,205674
2021-02-02 13:30:00,300.65,301.3964,300.345,301.15,255933
2021-02-02 14:30:00,301.16,301.79,300.62,301.69,288578
2021-02-02 15:30:00,301.64,301.91,299.84,300.08,183487
2021-02-03 09:30:00,298.83,300.97,297.626,300.06,167177
2021-02-03 10:30:00,300.2,300.87,298.59,299.6104,105282
2021-02-03 11:30:00,299.54,300.6977,299.25,300.14,100818
2021-02-03 12:30:00,300.22,300.82,300.0,300.56,96152
2021-02-03 13:30:00,300.63,301.18,300.3,300.71,84832
2021-02-03 14:30:00,300.8191,301.98,299.86,301.9045,152615
2021-02-03 15:30:00,301.9,301.95,299.8745,300.74,133175
2021-02-04 09:30:00,301.49,302.55,299.58,301.1814,251182
2021-02-04 10:30:00,301.16,303.46,300.3701,302.9,232764
2021-02-04 11:30:00,302.95,303.72,302.2,302.29,203018
2021-02-04 12:30:00,302.27,303.2999,302.25,302.77,113055
2021-02-04 13:30:00,302.77,303.1,301.76,302.61,103064
2021-02-04 14:30:00,302.61,303.26,301.34,301.44,132929
2021-02-04 15:30:00,301.48,302.42,301.425,301.64,187664
2021-02-05 09:30:00,303.36,304.71,301.692,302.44,192866
2021-02-05 10:30:00,302.45,302.97,300.4,300.88,143435
2021-02-05 11:30:00,300.88,301.07,298.71,298.8309,146117
2021-02-05 12:30:00,298.9,301.04,298.87,300.5935,123785
2021-02-05 13:30:00,300.6,300.87,299.575,300.32,113212
2021-02-05 14:30:00,300.4981,300.8,299.2,300.66,135213
2021-02-05 15:30:00,300.7446,300.7446,298.56,298.79,190706
2021-02-08 09:30:00,301.0,301.85,298.1,298.445,152249
2021-02-08 10:30:00,298.435,300.12,298.0,300.0572,103464
2021-02-08 11:30:00,300.0822,301.4751,299.28,301.27,206079
2021-02-08 12:30:00,301.24,301.6528,300.68,301.17,114213
2021-02-08 13:30:00,301.2599,301.55,301.08,301.3,132613
2021-02-08 14:30:00,301.35,301.56,300.11,300.78,103318
2021-02-08 15:30:00,300.835,301.12,299.72,299.88,290273
2021-02-09 09:30:00,300.98,300.98,298.22,298.455,125208
2021-02-09 10:30:00,298.48,301.79,298.0,301.0101,131264
2021-02-09 11:30:00,301.09,303.74,301.02,303.59,121326
2021-02-09 12:30:00,303.6809,304.545,303.51,304.201,69945
2021-02-09 13:30:00,304.2034,305.88,304.0318,304.805,103284
2021-02-09 14:30:00,304.8293,306.65,304.773,305.62,125942
2021-02-09 15:30:00,305.69,306.1,303.69,303.72,273239
2021-02-10 09:30:00,304.65,305.4699,302.64,303.38,130006
2021-02-10 10:30:00,303.4,303.79,302.64,303.02,93113
2021-02-10 11:30:00,302.9196,303.97,302.32,302.81,101520
2021-02-10 12:30:00,302.81,304.39,302.32,303.6,133732
2021-02-10 13:30:00,303.6,304.13,303.17,304.0689,87866
2021-02-10 14:30:00,304.1,304.5099,303.5702,303.86,93939
2021-02-10 15:30:00,303.72,304.04,303.02,303.49,120270
2021-04-26 09:30:00,342.2,343.0,339.6,340.795,121258
2021-04-26 10:30:00,340.69,340.795,339.4,339.6101,69984
2021-04-26 11:30:00,339.7,340.21,338.5,338.88,65654
2021-04-26 12:30:00,338.87,338.91,336.56,337.81,105730
2021-04-26 13:30:00,337.715,338.91,337.69,338.78,68127
2021-04-26 14:30:00,338.795,339.37,338.2,338.382,67524
2021-04-26 15:30:00,338.27,338.35,337.08,337.85,117333
2021-04-27 09:30:00,337.39,340.16,335.95,339.06,194386
2021-04-27 10:30:00,339.27,340.44,339.051,339.6754,63938
2021-04-27 11:30:00,339.58,339.8517,339.16,339.53,46179
2021-04-27 12:30:00,339.4887,339.7,338.81,339.645,35465
2021-04-27 13:30:00,339.64,340.14,339.42,339.78,42170
2021-04-27 14:30:00,339.892,340.84,339.68,340.72,74423
2021-04-27 15:30:00,340.775,340.89,339.76,339.86,86954
2021-04-28 09:30:00,340.17,340.48,337.56,338.2501,115433
2021-04-28 10:30:00,338.2671,338.87,337.53,338.18,70380
2021-04-28 11:30:00,338.09,338.2451,336.595,337.59,72841
2021-04-28 12:30:00,337.47,338.2,336.57,338.1129,84046
2021-04-28 13:30:00,338.1396,339.31,337.77,338.85,62670
2021-04-28 14:30:00,338.75,339.23,337.73,338.6738,106303
2021-04-28 15:30:00,338.6843,339.38,338.27,338.67,160137
2021-04-29 09:30:00,342.0,352.0,336.25,350.18,337886
2021-04-29 10:30:00,350.3,354.17,338.37,352.89,150572
2021-04-29 11:30:00,352.9999,353.15,349.905,352.97,140122
2021-04-29 12:30:00,352.8261,354.17,352.0,352.7,176351
2021-04-29 13:30:00,352.7,353.87,352.06,352.58,94929
2021-04-29 14:30:00,352.68,353.82,351.5301,352.21,119914
2021-04-29 15:30:00,352.32,352.685,351.5,352.07,131967
2021-04-30 09:30:00,353.59,356.88,351.4,355.105,246956
2021-04-30 10:30:00,355.1,355.85,354.02,355.08,129397
2021-04-30 11:30:00,354.99,356.1899,354.69,355.8996,159149
2021-04-30 12:30:00,355.9,356.04,354.2,355.12,79816
2021-04-30 13:30:00,355.05,355.24,353.78,354.14,100332
2021-04-30 14:30:00,354.15,355.11,353.9518,354.76,85290
2021-04-30 15:30:00,354.78,355.155,353.39,354.54,220635
2021-05-03 09:30:00,352.67,357.0,352.02,356.67,161222
2021-05-03 10:30:00,356.49,358.93,355.92,358.79,97926
2021-05-03 11:30:00,358.77,360.74,358.77,360.5,93266
2021-05-03 12:30:00,360.45,362.32,360.45,362.06,76152
2021-05-03 13:30:00,362.115,362.84,361.26,361.8,78771
2021-05-03 14:30:00,361.855,362.38,360.42,361.2606,87914
2021-05-03 15:30:00,361.3,361.46,360.52,361.21,142880
2021-05-04 09:30:00,362.64,365.9548,361.16,363.79,171191
2021-05-04 10:30:00,364.3939,364.99,363.1028,364.1495,136127
2021-05-04 11:30:00,364.19,365.99,363.9332,365.92,127234
2021-05-04 12:30:00,365.85,366.78,364.8235,366.4902,127945
2021-05-04 13:30:00,366.51,367.96,366.09,366.77,121441
2021-05-04 14:30:00,366.77,368.43,366.5706,368.37,140228
2021-05-04 15:30:00,368.37,368.5101,367.83,368.13,210341
2021-05-05 09:30:00,368.46,369.694,366.47,368.43,218074
2021-05-05 10:30:00,368.6799,372.27,368.2,372.0012,147427
2021-05-05 11:30:00,372.17,373.37,371.4209,372.53,170744
2021-05-05 12:30:00,372.6,373.12,372.13,372.405,102545
2021-05-05 13:30:00,372.3483,373.15,372.138,373.13,102199
2021-05-05 14:30:00,373.15,373.25,372.48,373.0,99947
2021-05-05 15:30:00,373.0091,373.15,371.85,373.03,302152
2021-05-06 09:30:00,373.85,376.26,371.53,372.47,206495
2021-05-06 10:30:00,372.37,374.4367,371.61,372.95,134353
2021-05-06 11:30:00,373.02,374.01,369.68,369.9401,119261
2021-05-06 12:30:00,369.9401,371.435,368.77,369.3,80414
2021-05-06 13:30:00,369.11,371.29,368.928,371.252,125605
2021-05-06 14:30:00,371.1451,371.49,368.26,369.81,115025
2021-05-06 15:30:00,369.7942,370.78,369.7942,370.06,207837
2021-05-07 09:30:00,370.085,370.09,366.141,368.0,157665
2021-05-07 10:30:00,368.05,368.78,367.27,367.72,78359
2021-05-07 11:30:00,367.705,368.56,366.74,367.96,80439
2021-05-07 12:30:00,368.02,370.8,367.72,370.794,66163
2021-05-07 13:30:00,370.8048,372.74,370.5042,372.19,69479
2021-05-07 14:30:00,372.23,372.59,370.81,371.14,63364
2021-05-07 15:30:00,371.33,371.33,370.09,370.63,166117
2021-05-10 09:30:00,373.3,376.75,371.98,375.6563,101424
2021-05-10 10:30:00,375.5809,378.7,374.41,378.52,71441
2021-05-10 11:30:00,378.45,378.53,376.5633,377.55,68306
2021-05-10 12:30:00,377.52,378.32,376.17,377.1626,70076
2021-05-10 13:30:00,377.2148,377.49,375.831,376.79,73426
2021-05-10 14:30:00,376.62,376.64,374.53,374.875,57988
2021-05-10 15:30:00,374.875,375.31,373.3101,373.63,87675
2021-05-11 09:30:00,372.03,374.08,367.93,368.8799,152476
2021-05-11 10:30:00,368.95,369.29,365.875,368.29,131323
2021-05-11 11:30:00,368.29,369.64,367.1536,367.838,120743
2021-05-11 12:30:00,367.74,367.74,366.5,367.7,65008
2021-05-11 13:30:00,367.61,368.96,367.3894,368.37,68706
2021-05-11 14:30:00,368.3,368.46,366.93,367.93,82630
2021-05-11 15:30:00,367.94,368.5,366.64,368.31,139082
2021-05-12 09:30:00,368.62,371.6695,366.05,371.03,89701
2021-05-12 10:30:00,371.1427,371.1799,368.44,369.28,66611
2021-05-12 11:30:00,369.39,369.78,366.46,366.62,65657
2021-05-12 12:30:00,366.68,367.21,365.8801,366.1497,55933
2021-05-12 13:30:00,366.283,367.34,366.0624,366.28,57167
2021-05-12 14:30:00,366.12,367.93,365.32,365.4316,80244
2021-05-12 15:30:00,365.9737,365.9737,363.11,363.53,303780
2021-05-13 09:30:00,362.23,367.99,362.12,367.68,155706
2021-05-13 10:30:00,367.4851,369.18,366.89,367.75,93075
2021-05-13 11:30:00,367.7,369.99,367.52,369.2942,70541
2021-05-13 12:30:00,369.305,370.4177,368.6,369.86,52239
2021-05-13 13:30:00,369.93,371.15,369.26,370.99,83436
2021-05-13 14:30:00,371.02,372.8785,370.82,372.03,66892
2021-05-13 15:30:00,372.17,372.21,369.868,370.13,111518
2021-07-26 09:30:00,355.72,362.13,355.26,356.64,97739
2021-07-26 10:30:00,356.8,358.58,355.22,357.58,77597
2021-07-26 11:30:00,357.4,358.419,357.07,358.04,64248
2021-07-26 12:30:00,358.12,359.435,357.79,358.0448,87865
2021-07-26 13:30:00,357.98,359.09,357.56,358.91,57832
2021-07-26 14:30:00,358.9257,359.26,358.04,358.825,43098
2021-07-26 15:30:00,358.82,359.12,358.07,358.28,137860
2021-07-27 09:30:00,358.52,364.8,357.59,364.4732,84378
2021-07-27 10:30:00,364.615,365.335,358.26,363.65,64367
2021-07-27 11:30:00,363.74,363.88,361.45,363.125,69727
2021-07-27 12:30:00,363.125,363.89,362.21,362.33,43079
2021-07-27 13:30:00,362.45,362.6299,361.3,361.94,45342
2021-07-27 14:30:00,361.75,362.14,360.9501,361.44,42587
2021-07-27 15:30:00,361.41,362.43,361.03,362.24,89529
2021-07-28 09:30:00,363.47,365.2499,359.76,361.9446,84918
2021-07-28 10:30:00,361.7958,362.322,360.0,362.05,60417
2021-07-28 11:30:00,361.97,362.66,360.54,361.25,50215
2021-07-28 12:30:00,361.28,361.4099,359.84,360.34,44257
2021-07-28 13:30:00,360.49,361.96,360.36,361.845,65349
2021-07-28 14:30:00,361.78,362.4565,360.13,360.725,57760
2021-07-28 15:30:00,360.75,361.8,359.85,359.85,110504
2021-07-29 09:30:00,362.805,369.73,360.0,368.81,161365
2021-07-29 10:30:00,369.05,369.9,367.8,367.94,126364
2021-07-29 11:30:00,367.88,368.27,366.49,368.27,60905
2021-07-29 12:30:00,368.13,368.97,367.31,368.61,76024
2021-07-29 13:30:00,368.62,369.37,368.16,368.35,70243
2021-07-29 14:30:00,368.32,368.68,367.52,368.3225,130229
2021-07-29 15:30:00,368.36,368.48,365.61,365.81,199748
2021-07-30 09:30:00,364.63,366.52,362.17,362.9591,117899
2021-07-30 10:30:00,362.86,366.1606,362.79,365.67,74121
2021-07-30 11:30:00,365.51,365.67,362.36,362.81,70578
2021-07-30 12:30:00,362.838,364.09,362.54,362.91,53113
2021-07-30 13:30:00,362.99,363.9,362.22,362.29,44975
2021-07-30 14:30:00,362.27,364.0,362.222,363.5586,69675
2021-07-30 15:30:00,363.5786,363.5786,362.38,363.1,126213
2021-08-02 09:30:00,363.82,367.78,361.44,365.475,75245
2021-08-02 10:30:00,365.44,365.9357,360.228,364.64,53364
2021-08-02 11:30:00,364.7616,365.27,363.42,363.54,49566
2021-08-02 12:30:00,363.65,364.27,363.26,363.57,36901
2021-08-02 13:30:00,363.5,363.83,363.0,363.58,43439
2021-08-02 14:30:00,363.5,363.82,362.6071,363.13,46936
2021-08-02 15:30:00,363.14,363.33,361.66,362.05,63171
2021-08-03 09:30:00,361.35,363.73,358.54,363.225,82691
2021-08-03 10:30:00,363.22,364.7557,362.66,364.67,75561
2021-08-03 11:30:00,364.66,365.7571,363.25,363.52,72549
2021-08-03 12:30:00,363.67,364.67,363.4,364.4697,55895
2021-08-03 13:30:00,364.5999,364.98,363.68,364.09,78882
2021-08-03 14:30:00,364.07,364.74,364.04,364.26,74140
2021-08-03 15:30:00,364.3,364.75,363.93,364.65,115320
2021-08-04 09:30:00,361.01,364.06,360.0,360.18,84825
2021-08-04 10:30:00,360.18,361.12,357.31,357.45,81373
2021-08-04 11:30:00,357.37,358.989,356.51,357.41,75449
2021-08-04 12:30:00,357.435,357.85,356.6,357.1,47388
2021-08-04 13:30:00,357.182,358.57,356.98,357.819,48995
2021-08-04 14:30:00,357.755,358.43,357.2,358.405,61018
2021-08-04 15:30:00,358.44,358.765,357.21,357.43,98798
2021-08-05 09:30:00,358.22,359.34,356.8,357.96,50545
2021-08-05 10:30:00,357.4,358.89,357.02,358.7039,46739
2021-08-05 11:30:00,358.51,359.165,357.95,358.87,30218
2021-08-05 12:30:00,358.865,359.49,358.11,359.295,28804
2021-08-05 13:30:00,359.22,359.5429,358.3,358.47,27525
2021-08-05 14:30:00,358.41,358.63,357.225,357.88,40182
2021-08-05 15:30:00,358.1199,358.98,357.7795,358.71,70060
2021-08-06 09:30:00,359.415,362.9899,357.01,362.49,47235
2021-08-06 10:30:00,362.38,362.7893,360.9,361.9744,48308
2021-08-06 11:30:00,362.07,362.13,361.1601,361.635,26433
2021-08-06 12:30:00,361.53,362.539,361.39,362.2377,25722
2021-08-06 13:30:00,362.19,362.3,361.62,361.9916,28835
2021-08-06 14:30:00,361.975,362.06,361.0,361.465,33308
2021-08-06 15:30:00,361.54,362.25,361.33,362.0,77386
2021-08-09 09:30:00,361.72,362.0,359.52,360.04,47340
2021-08-09 10:30:00,360.21,361.41,359.615,360.62,44840
2021-08-09 11:30:00,360.73,361.5,359.98,360.5289,27904
2021-08-09 12:30:00,360.525,360.64,359.65,360.21,27040
2021-08-09 13:30:00,360.3299,360.79,359.72,360.79,34341
2021-08-09 14:30:00,360.79,360.837,360.0901,360.68,30641
2021-08-09 15:30:00,360.7099,361.18,360.34,360.75,88361
2021-08-10 09:30:00,360.22,361.0469,358.51,360.47,70613
2021-08-10 10:30:00,360.86,362.63,360.03,362.14,58664
2021-08-10 11:30:00,362.3176,362.3176,360.28,360.309,66868
2021-08-10 12:30:00,360.3058,361.674,359.6,361.36,122693
2021-08-10 13:30:00,361.4,363.02,361.0124,362.425,93803
2021-08-10 14:30:00,362.511,362.55,361.36,362.03,53150
2021-08-10 15:30:00,362.0,363.07,361.62,362.69,119510
2021-08-11 09:30:00,363.125,365.94,360.69,365.12,49202
2021-08-11 10:30:00,365.1,367.4,364.975,366.58,34273
2021-08-11 11:30:00,366.54,366.88,365.06,365.255,21326
2021-08-11 12:30:00,365.24,365.5699,364.51,365.065,20219
2021-08-11 13:30:00,365.03,365.77,364.5877,365.151,26222
2021-08-11 14:30:00,365.0,365.18,364.1894,364.9004,37149
2021-08-11 15:30:00,364.94,366.33,364.89,366.07,81141
2021-08-12 09:30:00,367.35,367.57,364.04,364.31,36206
2021-08-12 10:30:00,364.44,364.44,360.87,363.27,59030
2021-08-12 11:30:00,363.25,364.35,362.28,364.1639,43868
2021-08-12 12:30:00,364.09,364.96,363.47,364.13,41112
2021-08-12 13:30:00,363.985,364.1,362.03,362.525,51831
2021-08-12 14:30:00,362.49,362.9943,362.16,362.94,51547
2021-08-12 15:30:00,362.94,364.29,362.8,363.88,135653
2021-10-25 09:30:00,406.755,407.88,404.01,405.6,60727
2021-10-25 10:30:00,405.66,407.09,405.02,406.905,31162
2021-10-25 11:30:00,406.78,408.19,405.27,405.81,66339
2021-10-25 12:30:00,405.85,405.89,404.27,404.9215,27389
2021-10-25 13:30:00,404.9095,405.0612,403.53,404.395,94559
2021-10-25 14:30:00,404.3881,405.68,404.33,405.53,46829
2021-10-25 15:30:00,405.1736,406.89,405.1736,406.56,82462
2021-10-26 09:30:00,393.24,398.99,391.48,396.24,461648
2021-10-26 10:30:00,396.22,396.81,393.3,395.99,200042
2021-10-26 11:30:00,396.0,396.55,394.77,395.0,112710
2021-10-26 12:30:00,395.0,396.34,393.3,394.58,279925
2021-10-26 13:30:00,394.44,398.27,393.3261,396.3599,143411
2021-10-26 14:30:00,396.6283,398.32,395.13,397.0986,134811
2021-10-26 15:30:00,397.18,397.85,396.33,396.46,182922
2021-10-27 09:30:00,395.16,397.099,390.51,392.52,225066
2021-10-27 10:30:00,392.61,393.48,389.64,390.3378,122288
2021-10-27 11:30:00,390.09,390.55,387.46,389.615,100874
2021-10-27 12:30:00,389.5,389.66,388.82,389.1616,71060
2021-10-27 13:30:00,389.24,391.24,389.2,389.6134,80913
2021-10-27 14:30:00,389.7,389.91,387.86,388.94,100650
2021-10-27 15:30:00,388.87,389.23,387.47,387.97,159156
2021-10-28 09:30:00,379.74,388.15,360.13,363.52,546702
2021-10-28 10:30:00,363.52,364.28,360.33,361.82,176224
2021-10-28 11:30:00,361.5912,362.85,357.35,357.67,180397
2021-10-28 12:30:00,357.66,361.75,356.9,359.75,150545
2021-10-28 13:30:00,359.84,363.055,358.36,358.73,148144
2021-10-28 14:30:00,358.66,359.1474,354.0,355.0786,235119
2021-10-28 15:30:00,355.072,359.64,354.795354,358.64,344829
2021-10-29 09:30:00,352.0,359.58,350.01,354.03,218209
2021-10-29 10:30:00,353.74,357.21,353.27,355.73,362548
2021-10-29 11:30:00,355.73,359.34,355.55,359.02,112489
2021-10-29 12:30:00,359.13,359.71,357.6341,358.99,119415
2021-10-29 13:30:00,358.95,359.6,357.24,357.24,130850
2021-10-29 14:30:00,357.245,357.75,355.61,356.01,80595
2021-10-29 15:30:00,356.03,357.525,356.005,357.11,188875
2021-11-01 09:30:00,357.0,360.802,353.04,353.3187,131675
2021-11-01 10:30:00,353.295,355.28,352.72,355.12,98506
2021-11-01 11:30:00,355.12,358.59,355.03,355.63,94151
2021-11-01 12:30:00,355.6,355.99,353.7501,354.3209,83527
2021-11-01 13:30:00,354.425,355.3397,354.08,355.3397,66096
2021-11-01 14:30:00,355.41,356.02,353.77,354.82,82471
2021-11-01 15:30:00,354.925,355.7799,354.12,354.64,139312
2021-11-02 09:30:00,357.0,358.5,353.1,353.2326,144037
2021-11-02 10:30:00,353.23,353.63,350.81,351.15,122480
2021-11-02 11:30:00,351.155,354.8499,350.34,352.95,136945
2021-11-02 12:30:00,353.01,354.02,352.35,353.1899,103049
2021-11-02 13:30:00,353.09,354.38,352.01,353.88,94775
2021-11-02 14:30:00,353.99,354.25,353.09,353.3,102646
2021-11-02 15:30:00,353.3,353.7,352.64,353.45,165707
2021-11-03 09:30:00,350.02,354.77,349.49,353.36,131188
2021-11-03 10:30:00,353.7304,354.34,351.52,351.695,78690
2021-11-03 11:30:00,352.0972,352.0972,349.83,350.2117,79401
2021-11-03 12:30:00,350.3958,352.67,350.15,352.06,57356
2021-11-03 13:30:00,352.155,352.7799,350.44,352.31,68232
2021-11-03 14:30:00,352.2097,354.0,352.03,353.36,82857
2021-11-03 15:30:00,353.44,354.79,353.36,354.09,114760
2021-11-04 09:30:00,353.27,359.35,353.0,357.37,119709
2021-11-04 10:30:00,357.49,358.184781,355.31,357.7975,139079
2021-11-04 11:30:00,357.705,359.62,354.11,358.64,115118
2021-11-04 12:30:00,358.68,358.68,357.03,357.33,45077
2021-11-04 13:30:00,357.36,358.43,357.1467,357.8618,44986
2021-11-04 14:30:00,358.04,358.458,356.93,357.285,224068
2021-11-04 15:30:00,357.3138,357.46,355.89,356.7,249022
2021-11-05 09:30:00,361.0,364.6,356.861,362.65,300326
2021-11-05 10:30:00,362.695,363.87,362.03,362.66,128624
2021-11-05 11:30:00,362.71,365.51,362.07,365.4431,103576
2021-11-05 12:30:00,365.4,366.58,362.7,363.0533,101957
2021-11-05 13:30:00,363.06,365.18,363.06,364.8839,77573
2021-11-05 14:30:00,364.91,365.8,363.88,364.6,144527
2021-11-05 15:30:00,364.53,365.92,364.32,364.44,191680
2021-11-08 09:30:00,365.5,366.48,361.09,362.49,103194
2021-11-08 10:30:00,362.225,363.55,361.65,361.98,60703
2021-11-08 11:30:00,362.17,362.17,360.42,361.26,56682
2021-11-08 12:30:00,361.26,361.71,360.27,361.3,41307
2021-11-08 13:30:00,361.13,363.58,361.12,363.2208,48656
2021-11-08 14:30:00,362.991492,363.6,362.51,363.2,47058
2021-11-08 15:30:00,363.042769,364.8,362.99,363.29,90863
2021-11-09 09:30:00,363.7,365.99,362.1064,362.5,110049
2021-11-09 10:30:00,362.5,363.5,360.5,361.55,69556
2021-11-09 11:30:00,361.5809,364.88,361.32,364.8,69834
2021-11-09 12:30:00,364.4713,365.44,364.12,365.26,46739
2021-11-09 13:30:00,365.16,365.27,363.8434,364.245,44887
2021-11-09 14:30:00,364.262,365.3399,363.78,364.97,48517
2021-11-09 15:30:00,364.97,365.11,364.3,364.53,92334
2021-11-10 09:30:00,363.79,366.18,361.0,364.37,59346
2021-11-10 10:30:00,364.37,366.31,361.14,366.165,38928
2021-11-10 11:30:00,366.25,367.0518,365.36,365.62,35806
2021-11-10 12:30:00,365.56,365.81,363.79,364.21,71428
2021-11-10 13:30:00,364.04,364.29,362.27,362.42,45711
2021-11-10 14:30:00,362.4001,363.08,361.4401,362.11,77550
2021-11-10 15:30:00,362.1,362.79,361.37,361.96,111230
2021-11-11 09:30:00,361.05,363.065,356.85,359.92,95990
2021-11-11 10:30:00,359.77,360.5758,358.85,360.275,56430
2021-11-11 11:30:00,360.36,360.73,358.82,359.52,43393
2021-11-11 12:30:00,359.5677,359.7683,358.34,359.584,37496
2021-11-11 13:30:00,359.46,360.28,359.15,359.525,46537
2021-11-11 14:30:00,359.53,360.32,359.2925,359.82,53059
2021-11-11 15:30:00,359.83,360.4353,359.47,359.83,103028
2022-01-24 09:30:00,396.195,403.97,393.71,401.7699,224386
2022-01-24 10:30:00,401.74,403.1897,399.095,400.83,185254
2022-01-24 11:30:00,400.815,401.5791,397.66,397.88,143602
2022-01-24 12:30:00,397.78,398.7,395.57,396.776,106787
2022-01-24 13:30:00,396.35,400.59,395.98,397.3317,110406
2022-01-24 14:30:00,397.31,400.01,394.72,399.51,128993
2022-01-24 15:30:00,399.49,404.75,399.08,403.27,212883
2022-01-25 09:30:00,399.71,402.26,392.49,396.64,174351
2022-01-25 10:30:00,396.4,398.13,393.11,397.6255,117325
2022-01-25 11:30:00,397.46,399.3599,395.11,398.4722,114164
2022-01-25 12:30:00,398.66,402.84,397.49,400.43,93016
2022-01-25 13:30:00,400.23,403.72,399.805,403.58,104039
2022-01-25 14:30:00,403.71,405.6905,402.43,402.7949,121173
2022-01-25 15:30:00,403.087,403.45,400.94,402.79,173838
2022-01-26 09:30:00,404.585,408.75,400.95,405.0646,112441
2022-01-26 10:30:00,405.13,407.2703,403.39,407.23,121730
2022-01-26 11:30:00,407.26,407.94,404.94,406.76,88069
2022-01-26 12:30:00,406.62,406.93,404.36,404.8,100936
2022-01-26 13:30:00,404.98,407.0599,402.45,405.7613,106439
2022-01-26 14:30:00,405.98,405.9879,399.14,400.97,168524
2022-01-26 15:30:00,399.7944,404.07,399.7944,403.36,302138
2022-01-27 09:30:00,389.75,392.0,378.77,385.305,401352
2022-01-27 10:30:00,385.3,387.66,382.035,382.07,204630
2022-01-27 11:30:00,382.52,385.68,382.32,383.0,129321
2022-01-27 12:30:00,382.925,383.5199,378.6103,379.77,166782
2022-01-27 13:30:00,379.58,380.4285,371.36,373.1,182723
2022-01-27 14:30:00,373.0698,385.484,371.5,374.115,281634
2022-01-27 15:30:00,374.1478,375.4864,372.67,373.99,319999
2022-01-28 09:30:00,372.75,378.31,369.12,375.87,208388
2022-01-28 10:30:00,375.77,376.73,370.45,376.05,106722
2022-01-28 11:30:00,375.675,377.575,374.505,377.445,79500
2022-01-28 12:30:00,377.465,379.6999,376.69,378.86,76484
2022-01-28 13:30:00,378.86,380.48,376.61,376.61,77815
2022-01-28 14:30:00,376.6,379.41,375.73,378.53,100262
2022-01-28 15:30:00,378.53,380.765,377.95,379.95,156099
2022-01-31 09:30:00,376.76,379.89,370.83,371.57,157117
2022-01-31 10:30:00,371.39,371.89,367.23,368.045,119775
2022-01-31 11:30:00,367.94,369.4,367.19,368.7,118095
2022-01-31 12:30:00,368.66,370.1799,367.51,369.7389,94722
2022-01-31 13:30:00,369.67,370.92,367.61,370.635,125185
2022-01-31 14:30:00,370.49,370.9062,366.92,367.4373,146836
2022-01-31 15:30:00,367.3929,371.13,366.8,370.02,244546
2022-02-01 09:30:00,368.915,372.29,365.35,365.61,129659
2022-02-01 10:30:00,366.3234,368.41,365.43,365.835,121921
2022-02-01 11:30:00,366.6957,368.95,364.5,368.72,130112
2022-02-01 12:30:00,367.8836,369.78,367.73,369.15,57177
2022-02-01 13:30:00,369.2784,370.23,368.87,369.915,72850
2022-02-01 14:30:00,369.7391,371.32,369.0,371.2,104680
2022-02-01 15:30:00,371.0029,371.78,370.45,370.51,150253
2022-02-02 09:30:00,367.61,370.03,365.19,366.7,186225
2022-02-02 10:30:00,366.75,369.41,366.27,368.88,57258
2022-02-02 11:30:00,368.729,370.264,368.5729,369.83,54470
2022-02-02 12:30:00,369.58,370.11,368.695,369.342,50462
2022-02-02 13:30:00,369.2934,370.1099,368.71,368.91,51735
2022-02-02 14:30:00,368.9,371.435,368.56,370.8723,132699
2022-02-02 15:30:00,370.7593,371.97,370.68,371.08,120384
2022-02-03 09:30:00,372.5,373.05,368.0,368.5,87179
2022-02-03 10:30:00,368.5856,371.4999,367.79,370.54,67206
2022-02-03 11:30:00,370.66,372.72,370.26,371.39,69070
2022-02-03 12:30:00,370.8698,372.68,370.8698,372.1,66550
2022-02-03 13:30:00,371.9039,374.68,371.9039,373.75,76484
2022-02-03 14:30:00,374.1106,374.828,373.0,374.6976,107246
2022-02-03 15:30:00,374.5239,374.795,373.08,373.7,139012
2022-02-04 09:30:00,372.3,375.36,370.2,370.39,81967
2022-02-04 10:30:00,370.65,371.13,366.86,368.92,84971
2022-02-04 11:30:00,368.92,370.7799,368.8,370.6552,36754
2022-02-04 12:30:00,370.77,371.9499,369.62,370.855,34550
2022-02-04 13:30:00,370.83,372.35,370.38,371.25,48001
2022-02-04 14:30:00,371.1,373.33,370.51,372.68,62535
2022-02-04 15:30:00,372.755,373.37,369.67,369.68,91318
2022-02-07 09:30:00,371.365,372.86,368.0,371.51,97764
2022-02-07 10:30:00,371.515,373.52,371.08,373.21,58517
2022-02-07 11:30:00,373.21,374.7499,372.52,372.92,61385
2022-02-07 12:30:00,372.91,373.6172,372.088,373.25,53771
2022-02-07 13:30:00,373.25,374.51,373.23,373.92,48229
2022-02-07 14:30:00,373.98,375.66,373.38,374.595,62031
2022-02-07 15:30:00,374.57,374.9548,372.22,373.4,81782
2022-02-08 09:30:00,376.44,377.53,371.66,375.58,92433
2022-02-08 10:30:00,375.49,378.715,375.33,378.47,76074
2022-02-08 11:30:00,378.47,379.93,377.8345,379.36,75343
2022-02-08 12:30:00,379.31,379.95,378.65,378.9965,47405
2022-02-08 13:30:00,379.02,380.03,378.5,378.6,49433
2022-02-08 14:30:00,378.5128,379.11,377.3,378.91,55962
2022-02-08 15:30:00,378.94,379.87,378.63,379.27,102154
2022-02-09 09:30:00,381.28,383.3799,379.29,382.965,88686
2022-02-09 10:30:00,383.05,384.76,381.6401,382.24,65072
2022-02-09 11:30:00,382.38,383.8599,382.345,383.18,93074
2022-02-09 12:30:00,383.18,384.09,382.755,383.5801,55288
2022-02-09 13:30:00,383.81,384.6,383.16,384.2,69482
2022-02-09 14:30:00,384.25,384.76,383.7,384.45,81569
2022-02-09 15:30:00,384.42,384.68,383.45,384.37,155381
2022-02-10 09:30:00,382.76,386.51,381.79,383.58,106134
2022-02-10 10:30:00,383.59,385.6,383.48,384.38,122358
2022-02-10 11:30:00,384.28,386.39,383.55,385.9832,96056
2022-02-10 12:30:00,386.02,386.31,383.91,384.135,97352
2022-02-10 13:30:00,384.12,384.45,380.25,380.94,101665
2022-02-10 14:30:00,380.93,382.74,380.5341,381.82,123027
2022-02-10 15:30:00,381.76,382.41,379.84,382.01,178574
2022-04-25 09:30:00,443.99,447.68,437.73,439.01,110840
2022-04-25 10:30:00,439.57,440.1499,435.43,437.04,52044
2022-04-25 11:30:00,437.31,438.66,434.11,437.37,59393
2022-04-25 12:30:00,437.345,439.3699,436.0,437.28,53045
2022-04-25 13:30:00,437.27,441.54,437.04,441.23,47269
2022-04-25 14:30:00,441.32,442.97,440.88,441.94,75233
2022-04-25 15:30:00,441.975,444.67,441.71,444.47,130332
2022-04-26 09:30:00,442.22,447.81,440.41,442.905,99633
2022-04-26 10:30:00,442.5473,452.57,441.93,452.18,91773
2022-04-26 11:30:00,451.89,452.2688,446.98,448.7099,74337
2022-04-26 12:30:00,448.26,448.71,444.98,444.98,57234
2022-04-26 13:30:00,444.76,448.64,444.36,447.01,50367
2022-04-26 14:30:00,446.835,447.0899,443.89,444.7519,62306
2022-04-26 15:30:00,444.73,445.5,442.3,442.38,109942
2022-04-27 09:30:00,444.405,447.8288,441.57,442.8,133169
2022-04-27 10:30:00,442.79,449.13,441.19,446.4701,74642
2022-04-27 11:30:00,447.25,450.9,446.81,448.89,55501
2022-04-27 12:30:00,448.92,449.52,446.1312,447.6173,73464
2022-04-27 13:30:00,447.64,448.575,445.02,445.4,88322
2022-04-27 14:30:00,445.26,445.79,442.07,442.69,132919
2022-04-27 15:30:00,442.6897,443.37,440.24,440.97,193263
2022-04-28 09:30:00,437.0,443.7076,432.0,441.53,208527
2022-04-28 10:30:00,441.5061,443.2099,435.86,440.9199,134305
2022-04-28 11:30:00,440.39,442.57,437.4049,441.81,96242
2022-04-28 12:30:00,442.14,448.13,441.1753,447.54,86929
2022-04-28 13:30:00,447.11,447.9,445.0,447.3,251763
2022-04-28 14:30:00,447.49,449.97,447.04,447.14,107668
2022-04-28 15:30:00,447.35,447.7265,445.01,445.17,156607
2022-04-29 09:30:00,447.44,449.5,440.6,443.29,169288
2022-04-29 10:30:00,443.29,445.45,442.08,444.79,79262
2022-04-29 11:30:00,444.6,445.74,441.035,441.74,60716
2022-04-29 12:30:00,441.74,443.3099,441.37,442.57,58040
2022-04-29 13:30:00,442.59,443.83,441.1,442.45,65135
2022-04-29 14:30:00,442.11,442.93,439.32,439.6525,86543
2022-04-29 15:30:00,439.34,440.66,437.95,439.34,222324
2022-05-02 09:30:00,437.485,444.66,434.14,444.14,133799
2022-05-02 10:30:00,443.7348,444.78,437.6582,437.86,104517
2022-05-02 11:30:00,438.0,441.48,437.58,439.29,59298
2022-05-02 12:30:00,439.324,440.3599,437.66,439.355,85400
2022-05-02 13:30:00,439.7,439.7588,435.2001,436.37,67902
2022-05-02 14:30:00,436.37,437.56,431.78,437.193,112283
2022-05-02 15:30:00,436.9622,439.702,436.84,438.22,138494
2022-05-03 09:30:00,444.315,448.76,438.51,445.89,179230
2022-05-03 10:30:00,445.2239,449.5,444.82,448.99,70868
2022-05-03 11:30:00,449.13,451.8899,448.15,449.34,86655
2022-05-03 12:30:00,449.415,451.14,448.15,448.72,65483
2022-05-03 13:30:00,449.092,451.85,448.38,450.5596,116251
2022-05-03 14:30:00,450.575,452.89,449.36,451.103,140162
2022-05-03 15:30:00,451.108,453.29,450.78,450.93,245625
2022-05-04 09:30:00,452.735,454.9788,450.27,454.24,120429
2022-05-04 10:30:00,453.74,456.0299,452.34,455.5687,73082
2022-05-04 11:30:00,455.571,458.1059,454.4,456.52,52288
2022-05-04 12:30:00,457.0974,457.76,455.63,456.71,55264
2022-05-04 13:30:00,456.1683,458.02,454.99,457.44,67561
2022-05-04 14:30:00,457.64,460.98,454.27,460.72,107453
2022-05-04 15:30:00,460.8,464.07,460.48,462.71,174320
2022-05-05 09:30:00,462.425,465.0,456.61,462.225,140961
2022-05-05 10:30:00,462.455,464.45,461.51,463.36,361772
2022-05-05 11:30:00,463.12,465.0999,461.57,463.37,210309
2022-05-05 12:30:00,463.5841,466.05,462.525,465.515,78433
2022-05-05 13:30:00,465.24,468.85,464.4801,466.035,107991
2022-05-05 14:30:00,465.99,470.38,465.79,466.2,268381
2022-05-05 15:30:00,466.2,467.51,464.78,467.17,280540
2022-05-06 09:30:00,464.03,468.0,457.5391,461.14,200521
2022-05-06 10:30:00,461.19,466.94,459.255,465.96,151101
2022-05-06 11:30:00,466.03,467.62,463.64,465.79,84717
2022-05-06 12:30:00,466.0299,468.35,464.46,466.6932,77689
2022-05-06 13:30:00,466.49,467.8499,463.68,463.82,67580
2022-05-06 14:30:00,463.97,466.17,463.02,464.09,98740
2022-05-06 15:30:00,464.2907,469.46,463.86,468.61,150493
2022-05-09 09:30:00,466.04,468.7,460.01,462.78,129714
2022-05-09 10:30:00,462.8204,464.2999,459.4601,459.96,124702
2022-05-09 11:30:00,460.03,463.47,459.57,461.43,108105
2022-05-09 12:30:00,461.44,461.91,458.05,459.5301,88584
2022-05-09 13:30:00,459.3524,459.8,454.43,455.505,98504
2022-05-09 14:30:00,455.31,457.95,453.99,455.8501,100003
2022-05-09 15:30:00,456.2005,456.21,452.26,453.8,157721
2022-05-10 09:30:00,452.625,456.415,451.3,455.22,152292
2022-05-10 10:30:00,455.22,455.52,447.6329,450.5,130859
2022-05-10 11:30:00,450.47,453.1,447.5286,448.2653,80944
2022-05-10 12:30:00,448.67,451.59,446.6804,451.0715,93185
2022-05-10 13:30:00,451.25,455.48,450.02,452.09,71875
2022-05-10 14:30:00,452.08,453.98,449.1601,449.73,99997
2022-05-10 15:30:00,449.52,450.95,448.7,449.72,163348
2022-05-11 09:30:00,449.87,457.0,447.36,455.47,87251
2022-05-11 10:30:00,455.41,458.32,454.6502,457.65,66473
2022-05-11 11:30:00,457.91,458.6,450.9825,451.205,81411
2022-05-11 12:30:00,451.06,455.73,447.02,447.07,100387
2022-05-11 13:30:00,447.365,449.5255,445.56,448.47,80871
2022-05-11 14:30:00,448.34,451.3,448.25,449.17,116956
2022-05-11 15:30:00,449.025,449.97,445.01,446.31,171111
2022-05-12 09:30:00,447.08,450.4388,442.23,444.51,97470
2022-05-12 10:30:00,444.15,449.28,443.44,446.18,80869
2022-05-12 11:30:00,446.43,448.39,443.8,447.785,87679
2022-05-12 12:30:00,447.8068,447.834,442.92,444.44,123226
2022-05-12 13:30:00,444.522,445.135,442.5,444.4465,118064
2022-05-12 14:30:00,444.43,447.6,442.59,446.79,117258
2022-05-12 15:30:00,446.57,450.91,446.33,450.81,225613
2022-07-25 09:30:00,451.58,457.0,450.75,453.355,150504
2022-07-25 10:30:00,453.53,459.77,453.25,458.005,163262
2022-07-25 11:30:00,458.06,458.8,455.0101,455.45,58969
2022-07-25 12:30:00,455.55,456.83,451.85,455.52,47587
2022-07-25 13:30:00,455.37,455.62,453.22,454.32,65812
2022-07-25 14:30:00,454.29,454.4,451.59,452.245,111348
2022-07-25 15:30:00,452.24,454.5199,451.99,452.92,160702
2022-07-26 09:30:00,452.71,455.12,449.84,453.62,127742
2022-07-26 10:30:00,453.2385,454.6688,449.5901,450.195,66916
2022-07-26 11:30:00,449.93,451.6399,448.5501,451.19,50554
2022-07-26 12:30:00,451.2808,452.491,449.88,451.2301,49279
2022-07-26 13:30:00,451.04,451.27,446.73,446.7611,66536
2022-07-26 14:30:00,446.86,447.1772,444.37,446.77,113242
2022-07-26 15:30:00,446.56,447.19,444.26,444.41,152956
2022-07-27 09:30:00,446.71,449.07,441.28,443.21,118937
2022-07-27 10:30:00,442.985,444.5178,441.75,443.645,100729
2022-07-27 11:30:00,443.99,452.05,443.65,443.82,60854
2022-07-27 12:30:00,444.0,444.17,442.4,443.15,56236
2022-07-27 13:30:00,443.15,444.65,442.29,443.095,57014
2022-07-27 14:30:00,443.15,447.71,442.6,447.71,105808
2022-07-27 15:30:00,447.6788,447.78,445.02,445.02,148659
2022-07-28 09:30:00,438.39,444.5996,433.65,443.59,237709
2022-07-28 10:30:00,443.8181,453.82,442.5776,451.981,150790
2022-07-28 11:30:00,451.78,452.0719,445.06,449.2,109201
2022-07-28 12:30:00,449.28,450.76,447.62,450.63,78153
2022-07-28 13:30:00,450.62,455.8,450.53,455.5,97714
2022-07-28 14:30:00,455.505,455.88,452.86,455.88,118515
2022-07-28 15:30:00,455.75,455.82,453.31,454.4,160356
2022-07-29 09:30:00,456.35,468.2,454.1,466.65,204333
2022-07-29 10:30:00,466.8652,468.93,464.4001,468.46,121396
2022-07-29 11:30:00,467.9574,470.55,467.02,468.79,64808
2022-07-29 12:30:00,468.9,473.6,468.46,472.115,94276
2022-07-29 13:30:00,472.12,474.59,471.97,474.2317,142875
2022-07-29 14:30:00,474.4,476.25,474.06,475.69,121977
2022-07-29 15:30:00,475.75,479.8,475.43,479.4,285663
2022-08-01 09:30:00,482.88,488.3,476.071,477.15,270768
2022-08-01 10:30:00,477.145,478.0588,472.16,477.405,111497
2022-08-01 11:30:00,477.22,479.3899,476.21,478.2538,98040
2022-08-01 12:30:00,478.25,478.3292,475.83,475.86,73936
2022-08-01 13:30:00,476.2204,477.5141,473.91,476.45,71559
2022-08-01 14:30:00,475.8967,477.63,475.47,476.3,99142
2022-08-01 15:30:00,476.8056,477.1,475.13,475.91,149212
2022-08-02 09:30:00,482.59,484.42,472.01,483.065,126295
2022-08-02 10:30:00,483.5,486.66,479.27,481.75,100683
2022-08-02 11:30:00,481.83,484.35,481.65,483.31,45522
2022-08-02 12:30:00,483.32,487.53,483.19,486.78,67398
2022-08-02 13:30:00,486.795,488.28,475.63,488.06,71549
2022-08-02 14:30:00,488.18,488.48,483.17,484.08,91991
2022-08-02 15:30:00,484.06,484.9988,480.66,481.18,121764
2022-08-03 09:30:00,483.79,484.47,470.885,473.69,176782
2022-08-03 10:30:00,473.3,478.004,473.1101,474.84,136027
2022-08-03 11:30:00,474.83,477.16,474.57,476.44,97550
2022-08-03 12:30:00,476.445,477.5896,475.3,477.245,71973
2022-08-03 13:30:00,477.245,481.08,476.27,480.4127,63123
2022-08-03 14:30:00,480.57,483.64,479.32,483.47,84692
2022-08-03 15:30:00,483.38,484.2,481.69,481.76,123645
2022-08-04 09:30:00,482.0,484.94,477.95,484.2653,93164
2022-08-04 10:30:00,483.72,486.5188,482.5401,483.3008,52743
2022-08-04 11:30:00,483.19,485.48,481.97,482.32,58645
2022-08-04 12:30:00,482.0901,483.75,482.0901,482.91,63294
2022-08-04 13:30:00,482.61,484.18,482.36,482.858784,70884
2022-08-04 14:30:00,483.25,484.31,480.13,480.545,76691
2022-08-04 15:30:00,480.545,480.545,477.43,477.89,92007
2022-08-05 09:30:00,471.87,479.12,471.36,472.475,68478
2022-08-05 10:30:00,472.09,472.8688,470.03,470.23,59468
2022-08-05 11:30:00,470.135,472.755,469.09,472.6357,55767
2022-08-05 12:30:00,472.41,478.04,472.2135,476.22,47631
2022-08-05 13:30:00,476.04,477.07,474.59,475.29,55205
2022-08-05 14:30:00,475.31,476.9888,475.1224,476.9,52845
2022-08-05 15:30:00,476.76,477.85,476.02,477.49,118770
2022-08-08 09:30:00,477.73,481.5,472.51,476.0,89262
2022-08-08 10:30:00,475.3769,476.38,471.12,472.06,59497
2022-08-08 11:30:00,471.736,477.59,466.0,466.95,110781
2022-08-08 12:30:00,466.723,468.1,465.54,466.91,63834
2022-08-08 13:30:00,467.4323,470.44,466.91,469.47,69593
2022-08-08 14:30:00,469.0723,470.57,468.01,469.7,68879
2022-08-08 15:30:00,470.0619,470.37,468.52,470.05,98689
2022-08-09 09:30:00,473.4,482.2399,467.86,481.5,154905
2022-08-09 10:30:00,481.575,482.1999,476.24,478.595,75762
2022-08-09 11:30:00,478.59,480.0,477.43,478.76,83513
2022-08-09 12:30:00,478.76,479.06,474.39,474.65,59837
2022-08-09 13:30:00,474.8448,476.6999,473.14,474.3,67045
2022-08-09 14:30:00,474.21,474.67,472.93,474.49,56991
2022-08-09 15:30:00,474.49,474.9999,473.01,473.73,108024
2022-08-10 09:30:00,472.62,477.37,469.02,472.885,91707
2022-08-10 10:30:00,472.885,473.6388,470.97,472.23,108746
2022-08-10 11:30:00,472.26,472.5961,470.85,471.49,61095
2022-08-10 12:30:00,471.615,474.26,471.5,471.74,67544
2022-08-10 13:30:00,472.8507,472.995,471.54,472.07,76561
2022-08-10 14:30:00,472.3922,472.86,471.75,472.14,66626
2022-08-10 15:30:00,472.0955,473.58,471.6,473.14,171240
2022-08-11 09:30:00,474.72,476.0,467.74,471.185,150973
2022-08-11 10:30:00,471.1308,472.73,469.45,470.92,98313
2022-08-11 11:30:00,471.0,471.01,469.15,469.93,73361
2022-08-11 12:30:00,469.985,470.87,468.88,470.41,51998
2022-08-11 13:30:00,470.4996,470.93,469.44,469.97,57855
2022-08-11 14:30:00,469.97,470.15,468.32,469.135,74442
2022-08-11 15:30:00,469.14,470.985,468.586,470.3,109657
2022-10-24 09:30:00,527.84,533.7,526.46,530.76,211768
2022-10-24 10:30:00,531.275,534.8688,526.0429,528.17,87082
2022-10-24 11:30:00,528.17,531.0388,526.59,527.4201,59967
2022-10-24 12:30:00,527.51,527.89,524.34,525.77,71224
2022-10-24 13:30:00,525.75,526.935,524.1784,525.235,72473
2022-10-24 14:30:00,525.345,527.98,524.21,526.36,108740
2022-10-24 15:30:00,526.36,527.34,524.01,526.34,179384
2022-10-25 09:30:00,520.37,525.71,516.55,522.33,219363
2022-10-25 10:30:00,521.97,525.32,521.22,522.56,74695
2022-10-25 11:30:00,522.51,526.546,521.82,524.89,95219
2022-10-25 12:30:00,525.175,527.1888,525.01,526.1759,46232
2022-10-25 13:30:00,526.235,527.61,525.3501,526.3363,60795
2022-10-25 14:30:00,526.4978,526.76,523.72,526.39,77011
2022-10-25 15:30:00,525.9402,528.11,525.9402,526.75,113920
2022-10-26 09:30:00,529.44,535.42,524.88,533.75,174673
2022-10-26 10:30:00,533.485,534.24,529.18,531.8731,99813
2022-10-26 11:30:00,532.13,532.68,529.1,531.46,84366
2022-10-26 12:30:00,531.175,532.82,528.54,529.94,109490
2022-10-26 13:30:00,530.02,531.3099,529.47,530.1,93181
2022-10-26 14:30:00,529.915,531.5775,528.1,530.92,165298
2022-10-26 15:30:00,530.92,532.9708,530.31,531.5873,151154
2022-10-27 09:30:00,508.5,535.88,505.0,533.72,511116
2022-10-27 10:30:00,533.73,534.68,528.72,530.935,152058
2022-10-27 11:30:00,531.35,532.45,525.0,525.0,153637
2022-10-27 12:30:00,525.215,528.7488,522.5,527.25,223296
2022-10-27 13:30:00,527.25,533.01,526.6015,532.84,138431
2022-10-27 14:30:00,531.8546,534.85,531.8546,534.84,84700
2022-10-27 15:30:00,534.1388,537.81,534.1388,535.65,286035
2022-10-28 09:30:00,538.49,550.93,530.65,550.235,273947
2022-10-28 10:30:00,547.8473,556.26,547.8473,552.98,117598
2022-10-28 11:30:00,554.7321,556.56,550.02,550.675,117217
2022-10-28 12:30:00,551.5259,552.85,549.99,551.69,109122
2022-10-28 13:30:00,551.5344,552.58,547.12,549.4525,164325
2022-10-28 14:30:00,549.5313,550.75,548.46,549.1888,133003
2022-10-28 15:30:00,549.0139,549.46,548.1,548.79,272090
2022-10-31 09:30:00,546.65,553.96,543.91,550.4784,140011
2022-10-31 10:30:00,550.96,552.13,547.57,548.54,159600
2022-10-31 11:30:00,548.3148,550.06,547.1,548.01,179599
2022-10-31 12:30:00,548.12,549.79,547.24,548.345,91837
2022-10-31 13:30:00,548.33,549.12,546.73,548.265,104456
2022-10-31 14:30:00,548.31,549.97,547.3,548.13,109160
2022-10-31 15:30:00,548.065,549.95,547.05,549.3,185232
2022-11-01 09:30:00,554.07,554.07,543.33,544.096,180147
2022-11-01 10:30:00,544.242,544.76,537.52,539.87,209657
2022-11-01 11:30:00,539.86,545.52,537.71,538.66,117427
2022-11-01 12:30:00,538.98,552.14,537.85,538.82,134366
2022-11-01 13:30:00,539.0825,539.6,535.5,536.29,133912
2022-11-01 14:30:00,535.92,536.95,534.26,535.63,171390
2022-11-01 15:30:00,535.76,536.75,535.14,535.71,236196
2022-11-02 09:30:00,534.05,537.71,531.1,536.01,167166
2022-11-02 10:30:00,535.98,537.31,533.91,535.45,142752
2022-11-02 11:30:00,535.73,537.02,533.25,533.68,149565
2022-11-02 12:30:00,533.815,535.005,533.47,534.115,62855
2022-11-02 13:30:00,533.935,539.96,533.74,537.62,138930
2022-11-02 14:30:00,538.0,539.28,530.74,532.2,151509
2022-11-02 15:30:00,532.08,533.48,529.82,530.23,191731
2022-11-03 09:30:00,529.71,531.85,525.36,529.19,149923
2022-11-03 10:30:00,529.245,530.87,526.87,529.45,108140
2022-11-03 11:30:00,529.305,530.73,526.8,527.525,215223
2022-11-03 12:30:00,527.5803,530.24,526.73,529.1,100617
2022-11-03 13:30:00,529.0548,530.7699,528.09,530.08,155818
2022-11-03 14:30:00,529.8427,531.19,528.59,531.08,171969
2022-11-03 15:30:00,530.3435,531.28,525.48,526.26,223396
2022-11-04 09:30:00,526.0,529.99,515.25,518.905,313960
2022-11-04 10:30:00,518.925,520.29,511.58,511.91,162300
2022-11-04 11:30:00,511.99,513.83,510.01,512.65,133867
2022-11-04 12:30:00,512.47,518.3199,511.04,516.74,126132
2022-11-04 13:30:00,516.74,517.72,515.08,517.0498,113321
2022-11-04 14:30:00,517.235,522.55,516.428583,521.35,135238
2022-11-04 15:30:00,521.32,523.2,520.6801,523.17,187023
2022-11-07 09:30:00,523.05,531.27,520.241,528.75,124150
2022-11-07 10:30:00,529.24,534.4988,528.3938,532.91,62912
2022-11-07 11:30:00,532.6921,534.5988,529.55,531.245,58570
2022-11-07 12:30:00,531.245,534.2,530.82,533.37,53054
2022-11-07 13:30:00,533.48,534.95,531.82,534.7663,56855
2022-11-07 14:30:00,534.79,537.7,534.36,535.78,99343
2022-11-07 15:30:00,535.65,536.1699,534.09,535.32,164979
2022-11-08 09:30:00,534.65,538.92,531.56,537.03,128435
2022-11-08 10:30:00,537.095,538.8699,534.6,536.44,73961
2022-11-08 11:30:00,536.375,540.89,536.13,540.74,56363
2022-11-08 12:30:00,540.636,542.125,538.6,538.97,62311
2022-11-08 13:30:00,538.88,540.75,534.27,535.53,57499
2022-11-08 14:30:00,535.705,541.0088,535.0401,540.65,74610
2022-11-08 15:30:00,540.2123,542.135,540.2123,541.05,132772
2022-11-09 09:30:00,540.66,543.22,536.43,537.39,105923
2022-11-09 10:30:00,536.96,540.31,533.23,538.49,83770
2022-11-09 11:30:00,538.66,539.86,534.83,535.71,74388
2022-11-09 12:30:00,535.42,537.38,534.04,535.866141,39977
2022-11-09 13:30:00,535.95,537.12,534.5701,535.375,55952
2022-11-09 14:30:00,535.375,536.99,534.13,535.93,59385
2022-11-09 15:30:00,535.93,536.5599,532.81,533.36,101999
2022-11-10 09:30:00,540.78,541.81,527.89,533.41,179462
2022-11-10 10:30:00,532.6547,535.09,531.26,534.27,123082
2022-11-10 11:30:00,534.385,535.5688,529.21,529.21,95295
2022-11-10 12:30:00,529.4807,529.64,523.6,526.03,182990
2022-11-10 13:30:00,525.99,529.75,525.0851,529.095,103450
2022-11-10 14:30:00,529.1,533.5888,529.1,532.095,146237
2022-11-10 15:30:00,532.0,533.45,530.74,531.28,272385
2022-11-29 09:30:00,525.52,528.0585,522.445,525.77,49586
2022-11-29 10:30:00,526.2417,527.9488,525.1301,526.01,38040
2022-11-29 11:30:00,526.0,526.76,525.44,526.0075,26590
2022-11-29 12:30:00,526.1069,527.245,525.51,526.345,26397
2022-11-29 13:30:00,526.51,528.36,525.89,527.72,27863
2022-11-29 14:30:00,527.79,529.35,526.82,528.915,48747
2022-11-29 15:30:00,528.79,530.0,527.57,528.36,60823
2022-11-30 09:30:00,528.295,530.93,526.36,527.78,65539
2022-11-30 10:30:00,527.49,531.72,526.8745,527.83,48078
2022-11-30 11:30:00,527.62,529.4899,525.61,525.625,44941
2022-11-30 12:30:00,525.635,526.3999,524.44,525.55,31944
2022-11-30 13:30:00,525.4,528.3388,524.81,527.615,82076
2022-11-30 14:30:00,527.2203,532.31,526.72,532.11,62024
2022-11-30 15:30:00,532.2,534.9,532.04,533.22,125926
2022-12-01 09:30:00,533.335,536.15,525.0905,526.448,99082
2022-12-01 10:30:00,525.6,527.15,521.6,526.83,89472
2022-12-01 11:30:00,526.72,529.79,526.01,529.745,42041
2022-12-01 12:30:00,529.5,533.31,529.21,530.15,58066
2022-12-01 13:30:00,529.54,532.04,528.79,531.6,63618
2022-12-01 14:30:00,531.6158,533.25,530.3,530.53,53201
2022-12-01 15:30:00,530.61,531.62,529.33,530.42,96298
2022-12-02 09:30:00,528.58,540.5888,527.38,539.66,155556
2022-12-02 10:30:00,539.765,547.23,534.73,546.84,133593
2022-12-02 11:30:00,547.265,549.91,546.0804,547.25,106065
2022-12-02 12:30:00,547.495,548.45,543.7,544.23,81578
2022-12-02 13:30:00,544.11,545.67,542.435,545.12,56472
2022-12-02 14:30:00,545.36,547.56,544.225,545.875,81751
2022-12-02 15:30:00,546.0899,546.74,520.42,545.86,151907
2022-12-05 09:30:00,539.87,542.93,533.67,536.4899,105344
2022-12-05 10:30:00,536.3083,540.0,535.09,538.64,59530
2022-12-05 11:30:00,538.54,540.75,535.96,540.385,54960
2022-12-05 12:30:00,540.7,541.73,538.1271,540.5956,41517
2022-12-05 13:30:00,540.94,541.44,538.31,538.69,27856
2022-12-05 14:30:00,538.89,541.84,538.0301,541.275,41219
2022-12-05 15:30:00,541.315,543.19,541.05,541.65,96737
2022-12-06 09:30:00,543.8,544.9,536.52,541.21,95128
2022-12-06 10:30:00,541.21,542.4388,538.1701,538.42,48606
2022-12-06 11:30:00,538.42,540.0488,534.9,535.57,50668
2022-12-06 12:30:00,535.56,536.4188,533.01,533.72,31308
2022-12-06 13:30:00,533.55,533.73,528.75,529.2235,59379
2022-12-06 14:30:00,529.18,530.8699,528.2601,530.53,93460
2022-12-06 15:30:00,530.53,531.91,529.78,531.07,114084
2022-12-07 09:30:00,532.18,539.76,529.03,539.57,70734
2022-12-07 10:30:00,539.5214,540.5099,533.02,536.75,36195
2022-12-07 11:30:00,537.05,539.8388,536.4971,538.36,39913
2022-12-07 12:30:00,538.2,540.8488,537.57,539.085,35002
2022-12-07 13:30:00,538.8,540.3099,537.74,539.1,43893
2022-12-07 14:30:00,539.095,539.9,537.38,539.0,77909
2022-12-07 15:30:00,538.708,540.95,538.708,540.5,119837
2022-12-08 09:30:00,540.48,547.04,540.0,546.7486,71515
2022-12-08 10:30:00,546.9899,546.99,541.4101,543.1,47481
2022-12-08 11:30:00,542.89,544.4788,542.0601,543.775,32731
2022-12-08 12:30:00,543.82,543.97,541.1001,541.56,25265
2022-12-08 13:30:00,541.41,542.44,539.29,539.7675,34917
2022-12-08 14:30:00,539.94,540.81,539.255,540.35,37824
2022-12-08 15:30:00,540.24,541.05,539.1401,540.88,70918
2022-12-09 09:30:00,539.0,545.73,536.55,542.5888,87349
2022-12-09 10:30:00,542.28,542.6,539.677,541.2494,47915
2022-12-09 11:30:00,541.465,543.23,539.03,541.17,38338
2022-12-09 12:30:00,541.1674,541.48,536.1756,536.67,62310
2022-12-09 13:30:00,536.49,536.97,533.26,534.23,40319
2022-12-09 14:30:00,534.07,534.3999,531.65,532.105,86057
2022-12-09 15:30:00,532.1,532.1,528.78,529.06,131187
2022-12-12 09:30:00,531.2,533.33,525.68,528.4,106447
2022-12-12 10:30:00,528.35,531.72,527.18,530.51,73199
2022-12-12 11:30:00,530.38,530.61,527.81,528.725,51587
2022-12-12 12:30:00,528.725,533.82,528.2,533.66,42595
2022-12-12 13:30:00,533.63,534.0,531.72,531.72,34429
2022-12-12 14:30:00,531.76,533.96,530.3201,533.77,36228
2022-12-12 15:30:00,533.77,535.89,533.5901,535.18,89199
2022-12-13 09:30:00,537.13,539.545,525.46,530.59,106835
2022-12-13 10:30:00,530.71,531.86,526.5,527.515,101743
2022-12-13 11:30:00,527.23,529.83,524.52,526.74,68515
2022-12-13 12:30:00,526.05,527.66,524.71,526.93,73728
2022-12-13 13:30:00,526.83,527.63,524.74,525.3,63925
2022-12-13 14:30:00,525.31,526.7388,523.8,524.39,77884
2022-12-13 15:30:00,524.52,526.64,523.2701,525.59,148103
2022-12-14 09:30:00,528.75,532.27,524.53,531.49,74854
2022-12-14 10:30:00,531.465,535.65,531.1577,535.31,41988
2022-12-14 11:30:00,534.5313,537.7136,534.257,537.3468,42453
2022-12-14 12:30:00,537.3446,537.87,534.75,534.75,47424
2022-12-14 13:30:00,535.5694,537.5888,531.4451,533.616,62233
2022-12-14 14:30:00,533.53,534.7088,529.01,531.2488,88660
2022-12-14 15:30:00,530.73,532.84,529.62,531.78,92086
2022-12-15 09:30:00,529.455,533.67,526.1301,526.93,61479
2022-12-15 10:30:00,526.93,528.3588,523.28,523.35,55803
2022-12-15 11:30:00,523.5,525.05,522.89,524.773465,37721
2022-12-15 12:30:00,525.4599,528.1,522.5,522.69,34699
2022-12-15 13:30:00,522.9,526.55,522.3301,526.2829,50521
2022-12-15 14:30:00,526.19,528.87,525.45,528.174,48652
2022-12-15 15:30:00,528.43,529.7099,527.49,528.67,109016
2022-12-16 09:30:00,526.94,530.56,521.24,524.43,357509
2022-12-16 10:30:00,524.3081,526.9488,522.01,525.516,72188
2022-12-16 11:30:00,525.71,527.36,522.82,523.479,64025
2022-12-16 12:30:00,523.25,524.71,522.41,523.59,57740
2022-12-16 13:30:00,523.58,528.22,523.38,526.74,81867
2022-12-16 14:30:00,526.837856,530.87,525.759,530.16,83882
2022-12-16 15:30:00,530.16,532.38,529.66,529.77,168464
2023-01-23 09:30:00,454.32,454.32,448.18,451.5875,132812
2023-01-23 10:30:00,451.54,454.54,451.31,453.445,96208
2023-01-23 11:30:00,453.55,453.74,449.87,451.74,82570
2023-01-23 12:30:00,451.82,463.34,451.02,451.04,145798
2023-01-23 13:30:00,451.165,452.6488,448.29,448.5203,89483
2023-01-23 14:30:00,448.445,451.2799,448.29,450.24,137944
2023-01-23 15:30:00,450.46,451.82,449.81,451.02,176054
2023-01-24 09:30:00,454.43,463.01,446.55,455.7172,325630
2023-01-24 10:30:00,455.4,457.4699,454.7,456.55,139317
2023-01-24 11:30:00,456.43,458.54,454.65,456.48,86242
2023-01-24 12:30:00,456.31,456.93,454.8,456.515,75551
2023-01-24 13:30:00,456.55,458.57,455.0301,456.115,95545
2023-01-24 14:30:00,456.23,459.0,456.115,457.87,121363
2023-01-24 15:30:00,457.885,459.87,456.1382,459.37,191994
2023-01-25 09:30:00,457.79,465.83,456.22,464.03,240904
2023-01-25 10:30:00,464.2,465.02,460.89,463.63,176306
2023-01-25 11:30:00,463.7,464.1388,459.69,463.465,103410
2023-01-25 12:30:00,463.54,464.76,462.18,464.02,132770
2023-01-25 13:30:00,464.164446,466.01,462.51,462.91,119497
2023-01-25 14:30:00,462.8768,464.29,461.97,463.36,116568
2023-01-25 15:30:00,463.36,463.79,462.03,463.08,173434
2023-01-26 09:30:00,458.0,473.22,452.275,466.9317,580124
2023-01-26 10:30:00,466.86,466.9317,450.06,460.6,413113
2023-01-26 11:30:00,460.76,463.66,456.26,456.92,194697
2023-01-26 12:30:00,456.87,456.91,452.5001,452.58,194258
2023-01-26 13:30:00,452.8558,465.77,451.03,451.86,171554
2023-01-26 14:30:00,451.7,454.29,447.64,448.0,332776
2023-01-26 15:30:00,448.25,474.37,438.99,443.04,974105
2023-01-27 09:30:00,433.18,444.0,430.12,439.5672,601195
2023-01-27 10:30:00,439.974,441.11,435.12,438.43,246386
2023-01-27 11:30:00,438.45,440.86,434.7,436.9088,186534
2023-01-27 12:30:00,436.95,437.77,435.19,436.75,167808
2023-01-27 13:30:00,436.77,437.24,434.4,435.8,175518
2023-01-27 14:30:00,435.89,438.72,435.63,437.24,207832
2023-01-27 15:30:00,437.31,442.41,437.083573,437.96,431719
2023-01-30 09:30:00,444.11,448.65,442.11,446.93,242212
2023-01-30 10:30:00,446.73,447.82,439.24,439.71,206108
2023-01-30 11:30:00,439.71,445.04,436.446,439.171,211234
2023-01-30 12:30:00,439.08,439.64,436.62,438.6474,128273
2023-01-30 13:30:00,438.59,439.95,437.85,439.255,124269
2023-01-30 14:30:00,439.25,442.45,438.28,439.77,212941
2023-01-30 15:30:00,439.77,440.5799,438.01,439.37,294917
2023-01-31 09:30:00,441.76,441.99,435.58,437.87,232854
2023-01-31 10:30:00,437.7148,440.28,437.7148,439.43,113754
2023-01-31 11:30:00,439.8785,444.5318,439.75,444.0999,135190
2023-01-31 12:30:00,443.95,445.4999,443.7,444.68,81235
2023-01-31 13:30:00,444.81,445.43,442.95,443.85,82177
2023-01-31 14:30:00,443.872,447.4799,442.89,447.16,166803
2023-01-31 15:30:00,447.16,448.07,446.11,448.04,217978
2023-02-01 09:30:00,446.99,449.02,444.21,445.212,112949
2023-02-01 10:30:00,445.09,446.89,443.17,445.53,90458
2023-02-01 11:30:00,445.42,445.88,442.5,443.8,74653
2023-02-01 12:30:00,443.54,444.5599,442.85,443.74,77320
2023-02-01 13:30:00,443.85,445.86,443.42,444.0795,65770
2023-02-01 14:30:00,444.24,447.1599,443.0401,446.605,135317
2023-02-01 15:30:00,446.605,447.7144,442.1,442.67,233830
2023-02-02 09:30:00,439.44,444.99,435.83,442.3965,282487
2023-02-02 10:30:00,442.335,444.38,440.46,443.03,144452
2023-02-02 11:30:00,443.2018,444.035,439.5,441.3599,112868
2023-02-02 12:30:00,441.23,442.6277,438.85,442.3961,102183
2023-02-02 13:30:00,442.2923,443.72,439.73,440.055,95262
2023-02-02 14:30:00,440.055,442.26,439.6,442.26,117206
2023-02-02 15:30:00,442.28,443.1,440.56,440.97,243715
2023-02-03 09:30:00,451.0,454.5,445.365,449.66,336863
2023-02-03 10:30:00,449.66,451.92,447.0,447.6211,131571
2023-02-03 11:30:00,447.34,448.1582,444.51,445.1634,114763
2023-02-03 12:30:00,445.09,449.65,443.79,444.465,103684
2023-02-03 13:30:00,444.66,445.9,442.7,443.855,104986
2023-02-03 14:30:00,443.87,444.9999,441.5601,442.22,141948
2023-02-03 15:30:00,442.12,442.7699,440.0,440.28,277003
2023-02-06 09:30:00,441.93,453.7499,441.93,447.975,253698
2023-02-06 10:30:00,447.83,452.46,445.82,450.29,182170
2023-02-06 11:30:00,450.491192,451.4,448.03,448.5196,121633
2023-02-06 12:30:00,448.425935,450.43,448.425935,449.515,115214
2023-02-06 13:30:00,449.51,450.4918,446.71,447.78,119518
2023-02-06 14:30:00,447.67,449.27,446.35,446.5001,132470
2023-02-06 15:30:00,446.56,449.99,446.22,448.73,231402
2023-02-07 09:30:00,449.39,450.68,443.25,446.485,149926
2023-02-07 10:30:00,446.29,446.51,443.62,445.0188,75677
2023-02-07 11:30:00,444.795,448.65,444.5,448.4856,96253
2023-02-07 12:30:00,448.1513,452.93,448.1513,450.37,142064
2023-02-07 13:30:00,450.11,452.5,448.95,451.93,149351
2023-02-07 14:30:00,451.945,453.4,450.29,452.82,167672
2023-02-07 15:30:00,452.9616,454.13,451.84,452.27,224573
2023-02-08 09:30:00,452.02,456.76,450.29,453.885,166780
2023-02-08 10:30:00,453.64,455.22,452.37,453.835,77333
2023-02-08 11:30:00,453.84,455.7,453.1,455.14,90072
2023-02-08 12:30:00,455.05,456.97,453.7055,455.685,98976
2023-02-08 13:30:00,455.68,456.51,452.15,455.7854,95265
2023-02-08 14:30:00,455.72,456.3,454.69,455.56,132729
2023-02-08 15:30:00,455.62,456.68,455.05,456.11,205896
2023-02-09 09:30:00,455.055,460.8,454.755,460.243,196325
2023-02-09 10:30:00,460.34,462.0288,458.76,459.48,96788
2023-02-09 11:30:00,459.66,460.49,456.14,457.905,129425
2023-02-09 12:30:00,458.01,458.3699,454.5,454.8942,103904
2023-02-09 13:30:00,454.9945,456.9999,454.61,455.54,92388
2023-02-09 14:30:00,455.445,456.05,452.513,453.06,113904
2023-02-09 15:30:00,453.02,455.5899,452.3001,453.85,129184
2023-04-24 09:30:00,470.86,473.1599,466.4415,469.48,107641
2023-04-24 10:30:00,469.83,471.39,468.97,470.48,66878
2023-04-24 11:30:00,470.34,470.6,467.53,468.06,50049
2023-04-24 12:30:00,468.07,470.28,467.87,469.9364,41507
2023-04-24 13:30:00,469.896,472.1999,469.6,470.63,71144
2023-04-24 14:30:00,470.8,472.07,470.63,471.16,55263
2023-04-24 15:30:00,471.255,471.52,470.645,471.23,108537
2023-04-25 09:30:00,470.11,473.97,467.31,468.43,79445
2023-04-25 10:30:00,468.46,469.66,467.08,467.7524,105529
2023-04-25 11:30:00,467.9,468.67,466.2936,466.9559,72312
2023-04-25 12:30:00,466.81,467.23,464.534,465.1598,61486
2023-04-25 13:30:00,465.07,465.83,464.42,465.52,65654
2023-04-25 14:30:00,465.53,467.11,464.77,466.3715,87354
2023-04-25 15:30:00,466.51,466.74,465.24,465.47,156055
2023-04-26 09:30:00,465.75,465.75,450.27,451.295,249823
2023-04-26 10:30:00,451.295,456.0,449.52,454.65,182249
2023-04-26 11:30:00,454.895,455.23,452.8301,453.6999,124337
2023-04-26 12:30:00,453.745,474.18,451.68,452.32,101340
2023-04-26 13:30:00,452.32,452.5,451.03,452.38,99590
2023-04-26 14:30:00,452.325,453.68,450.01,450.25,212684
2023-04-26 15:30:00,450.395,451.426,449.07,449.09,321840
2023-04-27 09:30:00,452.91,455.2,442.78,452.08,405306
2023-04-27 10:30:00,452.13,452.8881,443.67,444.31,157649
2023-04-27 11:30:00,444.205,452.7199,443.01,451.57,177975
2023-04-27 12:30:00,451.97,453.6988,449.9,451.69,230072
2023-04-27 13:30:00,451.535,455.87,450.7901,455.64,97830
2023-04-27 14:30:00,455.81,459.8799,454.35,458.54,85718
2023-04-27 15:30:00,458.585,458.82,456.75,457.72,142245
2023-04-28 09:30:00,460.37,461.8088,457.72,459.85,148814
2023-04-28 10:30:00,460.09,461.04,457.6801,458.42,62935
2023-04-28 11:30:00,458.66,459.94,455.415,458.72,77618
2023-04-28 12:30:00,458.76,460.36,458.53,460.155,59246
2023-04-28 13:30:00,460.17,460.7,459.69,460.0,57932
2023-04-28 14:30:00,460.13,460.38,458.4488,459.62,68082
2023-04-28 15:30:00,459.64,461.5,459.36,461.31,123623
2023-05-01 09:30:00,461.95,466.42,460.32,464.01,92865
2023-05-01 10:30:00,463.9046,465.76,463.14,465.175,74570
2023-05-01 11:30:00,465.1155,466.08,462.5801,463.1376,43737
2023-05-01 12:30:00,463.02,464.12,461.7,462.07,48931
2023-05-01 13:30:00,461.6,462.07,459.59,461.31,41901
2023-05-01 14:30:00,461.205,461.7385,459.64,461.08,56194
2023-05-01 15:30:00,460.88,462.74,460.31,462.61,176471
2023-05-02 09:30:00,459.55,462.48,453.05,454.76,136653
2023-05-02 10:30:00,454.635,456.4677,450.8,451.59,111948
2023-05-02 11:30:00,451.6,454.0,450.56,452.215,73372
2023-05-02 12:30:00,452.2104,452.9358,450.76,451.74,39266
2023-05-02 13:30:00,451.735,452.44,450.39,450.79,77397
2023-05-02 14:30:00,450.7899,450.7899,448.76,449.51,86666
2023-05-02 15:30:00,449.46,450.05,448.58,448.79,169698
2023-05-03 09:30:00,447.755,450.0,445.97,447.565,64701
2023-05-03 10:30:00,447.565,448.85,445.5152,446.365,51566
2023-05-03 11:30:00,446.57,448.37,445.5201,448.03,48301
2023-05-03 12:30:00,448.13,475.235,447.88,451.908,56292
2023-05-03 13:30:00,452.1792,452.25,447.87,449.47,49912
2023-05-03 14:30:00,449.62,449.62,445.0,445.3,63316
2023-05-03 15:30:00,445.1,446.1,443.55,443.72,91259
2023-05-04 09:30:00,443.28,443.9999,436.0,436.35,101806
2023-05-04 10:30:00,436.34,441.18,435.0,440.12,95608
2023-05-04 11:30:00,440.12,441.9,437.46,441.765,86745
2023-05-04 12:30:00,441.5901,445.29,439.32,444.33,71994
2023-05-04 13:30:00,444.33,444.75,442.3797,443.31,54587
2023-05-04 14:30:00,443.4,445.0,442.1901,443.85,64798
2023-05-04 15:30:00,443.845,444.8267,442.0,442.23,80969
2023-05-05 09:30:00,444.07,445.67,442.51,444.02,84885
2023-05-05 10:30:00,444.04,446.5,443.8,444.3652,43099
2023-05-05 11:30:00,444.4,444.615,441.93,443.0028,37905
2023-05-05 12:30:00,442.9832,443.84,442.18,443.16,38308
2023-05-05 13:30:00,443.35,445.47,442.8101,444.5901,47205
2023-05-05 14:30:00,445.0188,448.5,444.7301,446.11,81005
2023-05-05 15:30:00,446.1716,447.06,445.95,446.82,64507
2023-05-08 09:30:00,448.355,451.0799,447.02,448.39,65859
2023-05-08 10:30:00,448.42,449.18,444.79,444.93,42227
2023-05-08 11:30:00,444.93,445.82,443.48,444.05,30697
2023-05-08 12:30:00,444.1752,444.6599,442.59,443.18,29621
2023-05-08 13:30:00,443.25,450.1,441.87,443.76,41828
2023-05-08 14:30:00,443.7564,444.2651,441.87,442.025,42760
2023-05-08 15:30:00,441.91,443.66,441.87,442.28,111845
2023-05-09 09:30:00,443.0,444.51,440.61,442.3028,84362
2023-05-09 10:30:00,442.4,444.61,441.02,443.8305,43942
2023-05-09 11:30:00,443.84,444.09,442.54,443.0,30167
2023-05-09 12:30:00,443.0365,444.0,442.6501,443.53,38489
2023-05-09 13:30:00,443.59,445.2967,443.54,444.05,35768
2023-05-09 14:30:00,444.17,444.58,443.22,443.765,49503
2023-05-09 15:30:00,443.75,444.1,441.82,442.4,133704
2023-05-10 09:30:00,443.1,444.59,440.55,442.4615,62741
2023-05-10 10:30:00,442.21,444.61,441.75,443.7312,42501
2023-05-10 11:30:00,443.7312,445.3049,442.64,442.99,42027
2023-05-10 12:30:00,443.29,443.29,439.07,439.575,42297
2023-05-10 13:30:00,439.525,440.45,438.6852,439.365,60019
2023-05-10 14:30:00,439.49,442.63,439.3038,442.08,60019
2023-05-10 15:30:00,442.105,443.8399,441.73,443.03,130442
2023-05-11 09:30:00,438.45,439.8985,433.11,434.64,172546
2023-05-11 10:30:00,434.64,439.385,434.38,439.385,69968
2023-05-11 11:30:00,439.41,440.43,438.09,438.55,63720
2023-05-11 12:30:00,438.455,439.2,436.56,437.263,41348
2023-05-11 13:30:00,436.8,437.55,435.68,437.185,47761
2023-05-11 14:30:00,437.21,437.78,435.86,436.6025,63280
2023-05-11 15:30:00,436.69,437.5,435.82,435.97,142932
2023-07-24 09:30:00,453.91,455.36,452.54,453.8,55941
2023-07-24 10:30:00,453.93,454.73,451.89,453.59,59254
2023-07-24 11:30:00,453.6164,453.75,452.3,452.6536,38149
2023-07-24 12:30:00,452.64,453.82,451.53,451.9975,42448
2023-07-24 13:30:00,451.911,453.92,451.87,453.01,39399
2023-07-24 14:30:00,453.13,453.21,452.21,452.63,41695
2023-07-24 15:30:00,452.52,453.3,451.4,452.28,127063
2023-07-25 09:30:00,446.505,450.03,444.0,448.875,170166
2023-07-25 10:30:00,448.87,449.26,447.57,448.455,78070
2023-07-25 11:30:00,448.455,452.4721,447.9501,451.75,76828
2023-07-25 12:30:00,451.65,452.3488,444.65,451.62,48530
2023-07-25 13:30:00,451.4111,454.82,450.48,454.14,86736
2023-07-25 14:30:00,454.22,455.75,453.84,455.315,91881
2023-07-25 15:30:00,455.2081,457.31,454.7079,457.22,194474
2023-07-26 09:30:00,457.17,459.82,453.93,457.4635,134595
2023-07-26 10:30:00,458.14,459.43,455.08,457.445,83178
2023-07-26 11:30:00,457.445,458.85,454.59,457.595,60259
2023-07-26 12:30:00,457.595,458.0519,456.06,456.73,42716
2023-07-26 13:30:00,456.59,458.0531,456.0101,457.39,71526
2023-07-26 14:30:00,457.15,458.6,455.14,456.745,113161
2023-07-26 15:30:00,456.6907,458.01,455.99,457.36,161972
2023-07-27 09:30:00,448.01,451.56,431.0,435.475,490204
2023-07-27 10:30:00,435.5635,437.8,433.5,434.56,191154
2023-07-27 11:30:00,434.86,436.6,432.6501,436.6,163825
2023-07-27 12:30:00,436.46,439.67,435.73,439.08,121357
2023-07-27 13:30:00,439.08,442.0,438.87,441.35,139639
2023-07-27 14:30:00,441.5015,443.44,441.255,442.8079,201203
2023-07-27 15:30:00,442.96,445.65,442.56,445.52,320368
2023-07-28 09:30:00,445.485,451.62,444.52,448.825,238731
2023-07-28 10:30:00,448.83,450.72,446.8401,449.305,134567
2023-07-28 11:30:00,449.41,451.82,447.43,451.78,119205
2023-07-28 12:30:00,451.82,452.4,447.1,447.19,135882
2023-07-28 13:30:00,447.295,450.0,446.67,449.7163,100477
2023-07-28 14:30:00,449.5966,451.83,448.9301,451.355,95523
2023-07-28 15:30:00,451.42,452.05,449.53,449.56,195298
2023-07-31 09:30:00,450.5,450.66,442.3115,444.91,203772
2023-07-31 10:30:00,444.82,446.0,443.3678,445.05,118200
2023-07-31 11:30:00,444.83,445.52,443.7,444.81,71158
2023-07-31 12:30:00,444.79,445.5299,443.01,444.315,86624
2023-07-31 13:30:00,444.5805,446.21,443.7655,445.73,75720
2023-07-31 14:30:00,445.73,445.9161,444.06,445.155,101721
2023-07-31 15:30:00,445.16,445.51,443.62,444.86,253718
2023-08-01 09:30:00,445.0,449.7,442.49,447.1592,116300
2023-08-01 10:30:00,447.49,448.7688,446.0,448.5,62053
2023-08-01 11:30:00,448.115,448.58,446.5401,447.25,49987
2023-08-01 12:30:00,447.26,449.4699,446.89,449.3,43206
2023-08-01 13:30:00,449.3,449.38,447.52,447.965,44776
2023-08-01 14:30:00,448.2542,448.65,446.5,447.61,67298
2023-08-01 15:30:00,447.48,448.33,446.71,447.84,126083
2023-08-02 09:30:00,446.88,448.909,444.14,447.682,148633
2023-08-02 10:30:00,447.47,448.5234,445.5,448.3,97012
2023-08-02 11:30:00,448.145,448.54,446.04,447.47,61610
2023-08-02 12:30:00,447.605,447.68,445.79,446.81,87239
2023-08-02 13:30:00,446.65,448.0099,445.5587,447.81,95563
2023-08-02 14:30:00,447.47,448.1204,446.5901,447.44,94148
2023-08-02 15:30:00,447.495,447.69,445.92,447.36,172547
2023-08-03 09:30:00,446.735,448.4499,441.6,447.675,173300
2023-08-03 10:30:00,447.675,447.88,444.68,444.76,113877
2023-08-03 11:30:00,444.77,445.08,441.71,442.63,89288
2023-08-03 12:30:00,442.64,444.32,441.935,443.8356,75931
2023-08-03 13:30:00,443.82,444.44,443.01,443.285,53841
2023-08-03 14:30:00,443.22,443.5,442.42,443.193,62216
2023-08-03 15:30:00,443.15,443.4399,441.9001,442.43,131072
2023-08-04 09:30:00,444.02,447.47,441.29,443.158,58496
2023-08-04 10:30:00,443.055,443.96,440.9401,441.44,43984
2023-08-04 11:30:00,441.48,443.44,440.73,441.455,57515
2023-08-04 12:30:00,441.54,442.0,440.13,440.5,58329
2023-08-04 13:30:00,440.65,441.06,438.87,439.21,66979
2023-08-04 14:30:00,439.21,439.33,437.59,438.88,86105
2023-08-04 15:30:00,438.88,439.09,437.7,438.42,138451
2023-08-07 09:30:00,437.265,439.58,433.5,433.915,251773
2023-08-07 10:30:00,434.04,436.98,433.11,435.5642,241216
2023-08-07 11:30:00,435.525,436.84,435.09,435.92,130686
2023-08-07 12:30:00,435.9251,436.36,434.31,436.0215,91531
2023-08-07 13:30:00,435.925,436.99,435.28,435.535,88329
2023-08-07 14:30:00,435.535,436.83,435.121,436.48,107024
2023-08-07 15:30:00,436.4201,437.15,435.3,436.73,213415
2023-08-08 09:30:00,437.0,438.4299,433.65,433.945,92906
2023-08-08 10:30:00,434.21,434.94,432.17,434.505,92086
2023-08-08 11:30:00,434.44,434.95,432.36,433.2723,49100
2023-08-08 12:30:00,433.2,434.64,432.9375,433.76,56574
2023-08-08 13:30:00,433.8975,433.9536,432.33,433.53,57597
2023-08-08 14:30:00,433.555,434.35,433.16,434.03,71555
2023-08-08 15:30:00,434.155,434.94,432.52,432.97,163192
2023-08-09 09:30:00,433.375,434.9299,432.15,433.7849,113130
2023-08-09 10:30:00,434.26,435.7,432.96,435.25,132679
2023-08-09 11:30:00,435.11,437.57,434.62,437.325,243519
2023-08-09 12:30:00,437.325,437.56,435.102,435.9,425080
2023-08-09 13:30:00,435.81,436.37,435.5301,435.835,146679
2023-08-09 14:30:00,435.835,436.15,435.3701,435.615,196454
2023-08-09 15:30:00,435.615,435.92,434.39,435.53,195428
2023-08-10 09:30:00,435.885,435.885,432.42,432.95,143653
2023-08-10 10:30:00,432.815,433.67,431.8,433.38,77414
2023-08-10 11:30:00,433.22,433.38,430.72,431.09,74631
2023-08-10 12:30:00,431.0,432.25,430.92,431.405,68027
2023-08-10 13:30:00,431.59,435.55,430.51,432.115,64735
2023-08-10 14:30:00,432.115,432.4402,431.2027,431.81,78792
2023-08-10 15:30:00,431.762,431.94,429.61,430.26,217204
2023-10-20 09:30:00,492.13,494.99,489.7012,492.22,176225
2023-10-20 10:30:00,492.22,494.9332,490.92,491.645,115212
2023-10-20 11:30:00,491.37,491.59,489.24,490.29,72568
2023-10-20 12:30:00,490.03,491.49,487.79,488.6286,67916
2023-10-20 13:30:00,488.51,489.7,487.9494,488.5575,77278
2023-10-20 14:30:00,488.56,489.37,486.51,487.26,75346
2023-10-20 15:30:00,487.29,487.7081,485.6,485.95,147328
2023-10-23 09:30:00,485.5,487.95,482.3072,484.31,126391
2023-10-23 10:30:00,484.3,487.9799,484.19,487.07,76489
2023-10-23 11:30:00,487.3,488.01,485.89,487.245,69444
2023-10-23 12:30:00,487.03,487.63,484.67,485.29,51140
2023-10-23 13:30:00,485.25,486.0,483.835,484.11,67793
2023-10-23 14:30:00,484.07,485.12,434.31,481.75,91126
2023-10-23 15:30:00,481.84,482.96,480.43,480.74,194643
2023-10-24 09:30:00,484.21,487.14,480.0,484.51,140648
2023-10-24 10:30:00,484.5,485.43,481.61,482.03,55994
2023-10-24 11:30:00,481.92,482.15,479.79,480.2525,48382
2023-10-24 12:30:00,480.24,481.48,479.66,480.085,58601
2023-10-24 13:30:00,479.99,480.37,478.8,479.715,68901
2023-10-24 14:30:00,479.78,480.333334,477.89,478.72,138226
2023-10-24 15:30:00,478.81,479.13,478.0318,478.16,182122
2023-10-25 09:30:00,482.41,484.7,479.32,482.99,135649
2023-10-25 10:30:00,482.88,485.4188,481.99,484.72,131845
2023-10-25 11:30:00,484.7,486.27,482.92,484.79,80756
2023-10-25 12:30:00,484.78,486.4488,483.71,484.3,73582
2023-10-25 13:30:00,484.16,484.9099,483.34,484.01,85638
2023-10-25 14:30:00,484.04,486.27,483.31,484.73,91248
2023-10-25 15:30:00,484.62,485.15,483.34,483.53,197461
2023-10-26 09:30:00,486.5,492.0,473.6,486.1,332280
2023-10-26 10:30:00,486.18,488.11,482.8909,487.7,144067
2023-10-26 11:30:00,487.55,488.73,484.22,487.67,117193
2023-10-26 12:30:00,487.71,488.2688,483.2,485.23,153095
2023-10-26 13:30:00,485.19,485.41,477.49,477.935,112732
2023-10-26 14:30:00,477.935,486.27,476.86,477.883,160918
2023-10-26 15:30:00,477.965,479.24,477.27,477.79,348793
2023-10-27 09:30:00,477.145,479.04,471.19,477.0905,136967
2023-10-27 10:30:00,476.8001,477.12,472.865,472.9327,56217
2023-10-27 11:30:00,472.71,473.2027,468.88,470.975,120884
2023-10-27 12:30:00,470.975,472.94,469.24,472.01,78557
2023-10-27 13:30:00,471.84,474.4488,470.3801,472.322,53857
2023-10-27 14:30:00,472.18,474.66,471.87,474.46,94586
2023-10-27 15:30:00,474.321,474.9999,473.03,473.08,165746
2023-10-30 09:30:00,473.67,475.8788,469.0,473.24,120272
2023-10-30 10:30:00,473.4424,473.59,469.31,470.59,93544
2023-10-30 11:30:00,470.78,472.24,468.49,468.94,111259
2023-10-30 12:30:00,468.97,469.74,467.29,469.6506,91329
2023-10-30 13:30:00,469.45,470.4,468.2,468.4948,79324
2023-10-30 14:30:00,468.32,472.14,467.675,469.0269,96872
2023-10-30 15:30:00,468.96,469.13,467.7,468.67,262075
2023-10-31 09:30:00,471.4,471.9,464.15,465.24,147439
2023-10-31 10:30:00,465.245,468.84,463.67,467.0,162185
2023-10-31 11:30:00,467.13,467.3897,465.34,466.1291,94215
2023-10-31 12:30:00,466.115,467.65,464.7,467.525,82446
2023-10-31 13:30:00,467.545,469.32,467.0201,467.72,99957
2023-10-31 14:30:00,467.735,468.98,466.73,468.75,155444
2023-10-31 15:30:00,468.82,471.5,468.45,471.14,210552
2023-11-01 09:30:00,471.535,474.75,469.78,472.35,100095
2023-11-01 10:30:00,472.39,473.1013,469.0,469.24,81710
2023-11-01 11:30:00,469.0,470.04,467.6,468.8557,86991
2023-11-01 12:30:00,468.37,469.64,466.95,467.815,71397
2023-11-01 13:30:00,468.01,469.3199,467.32,468.165,90703
2023-11-01 14:30:00,467.951,469.23,467.0301,468.344,139314
2023-11-01 15:30:00,468.365,469.26,467.37,468.14,174855
2023-11-02 09:30:00,466.725,474.53,463.37,474.13,202190
2023-11-02 10:30:00,473.96,475.6788,471.33,472.8149,146011
2023-11-02 11:30:00,472.825,474.37,471.85,473.075,156145
2023-11-02 12:30:00,473.075,475.8599,472.9259,474.5,153222
2023-11-02 13:30:00,474.44,474.94,473.12,474.78,156164
2023-11-02 14:30:00,474.85,476.88,473.67,473.935,170420
2023-11-02 15:30:00,473.93,476.27,473.8779,475.77,257335
2023-11-03 09:30:00,475.8,477.215,470.26,472.8,230311
2023-11-03 10:30:00,472.56,474.85,470.63,474.008,104593
2023-11-03 11:30:00,473.88,474.52,472.52,473.3275,57446
2023-11-03 12:30:00,473.34,474.35,473.12,473.54,51925
2023-11-03 13:30:00,473.24,473.7131,471.725,472.1458,48579
2023-11-03 14:30:00,471.85,473.05,471.58,472.11,64452
2023-11-03 15:30:00,472.11,472.11,470.07,470.61,151252
2023-11-06 09:30:00,471.61,473.3688,469.37,471.74,64132
2023-11-06 10:30:00,471.695,472.78,470.94,471.805,51488
2023-11-06 11:30:00,471.93,472.85,471.0,472.537,59718
2023-11-06 12:30:00,472.8188,473.5,471.5,473.3258,78098
2023-11-06 13:30:00,473.27,473.77,471.75,473.73,72605
2023-11-06 14:30:00,473.7,474.53,472.7,472.815,71673
2023-11-06 15:30:00,472.915,472.99,470.59,470.93,171856
2023-11-07 09:30:00,473.3,473.3,468.26,469.95,75462
2023-11-07 10:30:00,469.96,470.370371,467.44,468.15,94720
2023-11-07 11:30:00,467.83,468.45,466.59,466.8132,76765
2023-11-07 12:30:00,466.83,467.53,465.67,467.12,79338
2023-11-07 13:30:00,467.0,467.46,465.38,465.475,151350
2023-11-07 14:30:00,465.49,467.65,464.77,467.43,254708
2023-11-07 15:30:00,467.63,469.01,466.91,467.7,125139
2023-11-08 09:30:00,465.935,470.1099,462.46,463.88,84460
2023-11-08 10:30:00,463.885,464.53,462.52,462.61,55723
2023-11-08 11:30:00,462.85,462.89,460.58,461.24,47848
2023-11-08 12:30:00,461.25,461.4999,460.0,460.165,103874
2023-11-08 13:30:00,460.48,460.6888,459.5,459.7704,74953
2023-11-08 14:30:00,459.765,461.77,459.54,460.17,150643
2023-11-08 15:30:00,460.38,461.81,459.95,460.48,160366
2024-01-22 09:30:00,471.0,471.0,466.17,469.23,138993
2024-01-22 10:30:00,469.28,470.58,468.7,468.87,93914
2024-01-22 11:30:00,468.97,469.49,468.24,468.25,83070
2024-01-22 12:30:00,468.26,468.4074,466.38,466.58,75910
2024-01-22 13:30:00,466.535,467.67,466.32,467.36,80241
2024-01-22 14:30:00,467.42,467.54,466.56,467.405,118140
2024-01-22 15:30:00,467.405,467.76,466.29,466.63,162081
2024-01-23 09:30:00,466.54,470.95,464.84,470.7299,275864
2024-01-23 10:30:00,470.7,470.87,464.4,467.91,159107
2024-01-23 11:30:00,468.005,468.68,467.3601,467.92,72344
2024-01-23 12:30:00,467.72,468.12,465.3801,465.9951,70024
2024-01-23 13:30:00,465.9302,467.15,465.39,466.25,90644
2024-01-23 14:30:00,466.25,466.87,466.1201,466.59,96639
2024-01-23 15:30:00,466.475,468.04,465.58,467.99,196139
2024-01-24 09:30:00,466.62,473.0,465.09,468.0975,216628
2024-01-24 10:30:00,467.62,470.171,467.1,468.4667,107480
2024-01-24 11:30:00,468.415,469.26,467.0,467.19,108178
2024-01-24 12:30:00,467.01,469.04,466.89,467.3,86421
2024-01-24 13:30:00,467.3,467.8436,466.57,466.58,105551
2024-01-24 14:30:00,466.645,466.74,464.76,465.95,118980
2024-01-24 15:30:00,465.875,475.26,462.81,463.89,284007
2024-01-25 09:30:00,446.6,450.0,430.18,432.32,544845
2024-01-25 10:30:00,432.04,432.48,426.0,429.665,356823
2024-01-25 11:30:00,429.665,434.85,428.7,432.755,324325
2024-01-25 12:30:00,432.9139,436.85,432.755,436.15,184533
2024-01-25 13:30:00,435.925,438.7199,432.3501,432.9099,153380
2024-01-25 14:30:00,432.9099,435.2707,431.27,434.14,191474
2024-01-25 15:30:00,434.14,436.2,433.95,434.56,336747
2024-01-26 09:30:00,435.5,439.67,432.72,433.41,327768
2024-01-26 10:30:00,432.9,434.5,431.49,434.0,126615
2024-01-26 11:30:00,433.88,435.9807,433.86,435.21,76400
2024-01-26 12:30:00,435.205,435.89,434.74,435.08,79340
2024-01-26 13:30:00,435.09,436.85,434.2612,436.81,91636
2024-01-26 14:30:00,436.81,437.91,436.0212,436.56,90309
2024-01-26 15:30:00,436.465,438.65,436.36,437.86,192270
2024-01-29 09:30:00,440.0,442.73,436.5201,436.78,129889
2024-01-29 10:30:00,436.93,438.01,435.15,437.3383,85125
2024-01-29 11:30:00,437.46,437.6199,435.6601,436.0413,78323
2024-01-29 12:30:00,436.11,436.8599,435.64,436.705,92457
2024-01-29 13:30:00,436.75,437.0,435.8531,436.395,68977
2024-01-29 14:30:00,436.395,437.41,435.8345,437.14,121664
2024-01-29 15:30:00,437.23,438.7,436.9,438.19,161568
2024-01-30 09:30:00,443.375,444.55,438.31,443.04,232345
2024-01-30 10:30:00,443.05,443.39,439.57,440.48,104429
2024-01-30 11:30:00,440.431,440.56,438.13,438.255,128505
2024-01-30 12:30:00,438.4515,438.7,437.33,437.46,121213
2024-01-30 13:30:00,437.55,439.1903,437.3801,438.89,152930
2024-01-30 14:30:00,438.93,443.47,438.84,443.255,173095
2024-01-30 15:30:00,443.255,445.07,443.22,443.69,324801
2024-01-31 09:30:00,444.0,449.46,443.0,449.33,155521
2024-01-31 10:30:00,449.175,449.76,447.5,448.27,91473
2024-01-31 11:30:00,448.17,449.28,447.95,448.6926,106350
2024-01-31 12:30:00,448.71,448.73,447.0012,447.335,71358
2024-01-31 13:30:00,447.335,448.31,446.93,447.87,121557
2024-01-31 14:30:00,447.87,448.22,446.5995,447.57,378619
2024-01-31 15:30:00,447.53,447.9,445.94,446.4,275234
2024-02-01 09:30:00,447.27,448.18,442.64,444.0757,140213
2024-02-01 10:30:00,444.64,445.35,437.96,444.13,114678
2024-02-01 11:30:00,444.01,447.515,443.8886,447.38,75357
2024-02-01 12:30:00,447.485,447.96,442.7,443.93,143444
2024-02-01 13:30:00,444.03,445.7553,443.65,444.1521,109832
2024-02-01 14:30:00,444.14,445.2333,442.66,444.655,118009
2024-02-01 15:30:00,444.5712,446.25,443.8016,446.19,268144
2024-02-02 09:30:00,444.855,447.69,441.32,443.82,114014
2024-02-02 10:30:00,443.9355,445.05,443.5301,444.575,101202
2024-02-02 11:30:00,444.575,444.74,443.57,444.06,92234
2024-02-02 12:30:00,444.07,445.17,443.0,444.66,97084
2024-02-02 13:30:00,444.775,445.64,444.24,445.37,105538
2024-02-02 14:30:00,445.33,447.78,444.91,447.3693,207496
2024-02-02 15:30:00,447.33,447.46,445.37,446.46,337249
2024-02-05 09:30:00,445.0,446.22,440.2224,440.44,144328
2024-02-05 10:30:00,440.72,442.45,440.25,442.33,101291
2024-02-05 11:30:00,442.29,443.01,440.1,441.44,96880
2024-02-05 12:30:00,441.31,443.015,441.28,442.76,67490
2024-02-05 13:30:00,442.68,443.91,442.195,443.14,68279
2024-02-05 14:30:00,443.18,443.27,442.3349,442.7538,100548
2024-02-05 15:30:00,442.75,443.47,441.34,442.38,274077
2024-02-06 09:30:00,442.33,446.6,440.85,446.18,76815
2024-02-06 10:30:00,446.015,448.1,445.74,446.7724,57381
2024-02-06 11:30:00,446.815,449.45,446.48,449.41,60254
2024-02-06 12:30:00,449.435,450.0,447.1,449.87,43726
2024-02-06 13:30:00,449.84,449.97,447.3,447.48,58510
2024-02-06 14:30:00,447.4947,449.18,447.0012,448.33,88548
2024-02-06 15:30:00,448.37,449.23,448.12,448.24,120116
2024-02-07 09:30:00,448.17,453.8,448.0,452.08,132989
2024-02-07 10:30:00,452.0,453.875,450.16,451.025,104285
2024-02-07 11:30:00,451.19,452.93,450.88,452.29,61667
2024-02-07 12:30:00,452.42,453.5617,452.0,453.22,44447
2024-02-07 13:30:00,453.37,453.58,451.61,451.9999,52547
2024-02-07 14:30:00,452.0,452.93,451.61,452.56,76926
2024-02-07 15:30:00,452.51,453.93,452.09,453.9,160340
2024-02-08 09:30:00,451.8,454.62,449.44,452.25,54295
2024-02-08 10:30:00,452.25,452.4899,449.7,451.09,53232
2024-02-08 11:30:00,451.09,451.93,447.01,451.725,54277
2024-02-08 12:30:00,451.5902,452.3799,450.76,450.845,38310
2024-02-08 13:30:00,450.845,451.51,450.4074,451.1917,46294
2024-02-08 14:30:00,451.28,451.66,450.84,451.19,63261
2024-02-08 15:30:00,451.22,452.1099,451.21,451.4,101788
2024-04-22 09:30:00,464.93,467.63,461.9212,467.46,131437
2024-04-22 10:30:00,466.9,467.12,465.56,466.91,67587
2024-04-22 11:30:00,466.91,468.72,465.85,468.58,80609
2024-04-22 12:30:00,468.555,471.43,468.32,471.1529,105378
2024-04-22 13:30:00,471.41,472.49,462.06,471.74,85695
2024-04-22 14:30:00,471.68,472.39,470.44,471.1274,149986
2024-04-22 15:30:00,471.195,471.3388,469.87,471.19,264456
2024-04-23 09:30:00,473.58,474.59,470.0,472.94,172082
2024-04-23 10:30:00,472.97,474.97,472.22,473.83,212090
2024-04-23 11:30:00,474.025,474.6388,473.12,474.28,134210
2024-04-23 12:30:00,474.4115,476.97,474.28,475.835,108874
2024-04-23 13:30:00,475.835,476.53,475.2,475.8468,180398
2024-04-23 14:30:00,475.82,476.38,473.35,473.705,198075
2024-04-23 15:30:00,473.61,475.21,473.49,474.53,248179
2024-04-24 09:30:00,474.68,477.3,470.8612,474.895,169582
2024-04-24 10:30:00,475.02,475.21,470.605,473.185,172079
2024-04-24 11:30:00,472.9801,474.24,472.29,473.34,103588
2024-04-24 12:30:00,473.29,476.8314,472.38,473.9225,80958
2024-04-24 13:30:00,473.9412,475.44,473.31,474.905,107817
2024-04-24 14:30:00,474.97,475.07,473.35,474.66,118874
2024-04-24 15:30:00,474.6125,474.72,473.55,474.56,247083
2024-04-25 09:30:00,468.77,483.23,465.0,480.845,219256
2024-04-25 10:30:00,481.085,482.06,476.82,479.61,131012
2024-04-25 11:30:00,479.38,483.67,479.07,483.335,94106
2024-04-25 12:30:00,483.3567,486.81,482.45,485.4276,245341
2024-04-25 13:30:00,485.32,490.36,456.515,489.246,130560
2024-04-25 14:30:00,489.14,490.84,488.385,490.84,92572
2024-04-25 15:30:00,490.685,490.685,487.88,487.95,211276
2024-04-26 09:30:00,488.0,488.76,478.3,479.2975,221959
2024-04-26 10:30:00,479.415,481.7,477.61,479.1533,139769
2024-04-26 11:30:00,479.09,480.94,478.22,479.34,95887
2024-04-26 12:30:00,479.445,481.5,479.03,480.11,88331
2024-04-26 13:30:00,480.26,482.48,479.9201,482.19,99440
2024-04-26 14:30:00,482.11,483.35,480.76,482.96,126059
2024-04-26 15:30:00,482.88,483.05,480.11,480.45,287198
2024-04-29 09:30:00,480.59,486.124,480.5,483.69,84042
2024-04-29 10:30:00,483.67,486.37,483.1,485.02,84106
2024-04-29 11:30:00,484.89,485.79,483.88,485.025,65349
2024-04-29 12:30:00,485.0915,485.3402,484.17,484.96,45265
2024-04-29 13:30:00,484.87,485.84,484.12,485.3511,59387
2024-04-29 14:30:00,485.38,485.94,484.1055,485.8124,123961
2024-04-29 15:30:00,485.83,486.28,484.49,486.22,175030
2024-04-30 09:30:00,485.155,488.08,483.47,483.8,62881
2024-04-30 10:30:00,484.0,485.48,483.36,484.836,63562
2024-04-30 11:30:00,484.925,486.11,484.186,485.5537,56748
2024-04-30 12:30:00,485.575,487.0488,484.5001,486.4627,68322
2024-04-30 13:30:00,486.43,487.97,486.2555,487.24,98952
2024-04-30 14:30:00,487.19,487.41,485.6571,485.85,75576
2024-04-30 15:30:00,485.905,486.0847,484.51,485.07,146297
2024-05-01 09:30:00,485.12,487.49,483.41,486.39,103587
2024-05-01 10:30:00,486.39,487.46,485.1,487.3418,93084
2024-05-01 11:30:00,487.45,489.86,486.7666,489.6125,75420
2024-05-01 12:30:00,489.715,490.36,488.15,488.72,64332
2024-05-01 13:30:00,488.62,489.2769,487.8757,488.1901,183073
2024-05-01 14:30:00,488.1901,489.2653,486.5,487.71,267489
2024-05-01 15:30:00,487.715,487.99,485.4,485.88,230974
2024-05-02 09:30:00,484.91,488.48,480.315,482.08,88235
2024-05-02 10:30:00,483.02,483.29,480.0,480.8,57155
2024-05-02 11:30:00,480.8551,481.2499,478.05,479.04,80390
2024-05-02 12:30:00,479.3188,479.89,478.15,478.2182,71885
2024-05-02 13:30:00,478.24,478.59,474.78,475.3,259316
2024-05-02 14:30:00,475.04,488.8651,474.59,475.1,177910
2024-05-02 15:30:00,475.21,475.92,474.2012,474.86,252098
2024-05-03 09:30:00,479.225,479.225,466.4,467.19,187252
2024-05-03 10:30:00,467.19,467.71,465.23,466.9484,230524
2024-05-03 11:30:00,467.475,469.79,466.12,469.47,205201
2024-05-03 12:30:00,469.47,469.7,467.35,468.53,91978
2024-05-03 13:30:00,468.53,468.89,467.0924,467.925,119815
2024-05-03 14:30:00,467.925,470.37,467.76,469.42,154689
2024-05-03 15:30:00,469.47,470.64,468.99,469.08,308259
2024-05-06 09:30:00,470.91,472.11,467.65,469.89,92072
2024-05-06 10:30:00,469.88,469.98,467.78,468.15,81671
2024-05-06 11:30:00,468.09,469.65,467.31,468.295,67455
2024-05-06 12:30:00,468.3511,470.0899,467.61,469.83,89574
2024-05-06 13:30:00,469.945,470.0799,468.02,468.53,69880
2024-05-06 14:30:00,468.53,468.9,467.5,467.9,71911
2024-05-06 15:30:00,467.9,469.01,467.1801,468.86,148209
2024-05-07 09:30:00,469.015,474.22,468.96,471.8617,86588
2024-05-07 10:30:00,471.915,473.23,471.58,472.74,69155
2024-05-07 11:30:00,472.76,474.42,472.0449,473.93,61067
2024-05-07 12:30:00,473.955,475.0,473.15,473.6955,45311
2024-05-07 13:30:00,474.117,474.61,473.11,474.15,46631
2024-05-07 14:30:00,474.14,483.86,473.33,473.73,69978
2024-05-07 15:30:00,473.71,474.31,472.98,473.74,236551
2024-05-08 09:30:00,473.5,477.3588,471.46,472.24,91918
2024-05-08 10:30:00,472.23,473.21,471.82,472.35,54299
2024-05-08 11:30:00,472.41,472.8351,471.58,471.7573,48714
2024-05-08 12:30:00,471.67,472.74,471.2401,472.595,39265
2024-05-08 13:30:00,472.6356,473.4499,471.86,471.9717,71915
2024-05-08 14:30:00,471.93,473.1899,471.8,472.5437,68111
2024-05-08 15:30:00,472.4974,472.91,471.36,471.36,174459
2024-05-09 09:30:00,471.6,474.0,469.81,473.759,238348
2024-05-09 10:30:00,473.54,474.69,472.12,472.5495,138324
2024-05-09 11:30:00,472.1001,473.46,471.54,472.765,38672
2024-05-09 12:30:00,472.765,473.5,472.58,472.9113,64233
2024-05-09 13:30:00,472.9195,473.37,471.75,472.7388,53870
2024-05-09 14:30:00,472.6,472.98,471.81,472.32,49898
2024-05-09 15:30:00,472.29,473.64,472.01,473.58,146101
2024-07-22 09:30:00,437.91,438.48,435.82,437.535,117598
2024-07-22 10:30:00,437.7999,439.1999,437.05,437.2769,38632
2024-07-22 11:30:00,437.215,437.5599,436.31,436.52,52029
2024-07-22 12:30:00,436.52,439.33,433.625,436.4,37152
2024-07-22 13:30:00,436.69,437.1799,435.1,435.52,98465
2024-07-22 14:30:00,435.74,436.72,435.19,436.18,76091
2024-07-22 15:30:00,435.98,438.14,435.94,437.96,196757
2024-07-23 09:30:00,439.175,443.65,435.9101,441.7313,113960
2024-07-23 10:30:00,441.78,441.94,438.69,439.8471,80789
2024-07-23 11:30:00,440.35,441.39,439.4401,441.125,57432
2024-07-23 12:30:00,441.18,442.37,440.44,441.1013,59702
2024-07-23 13:30:00,441.125,441.97,440.86,441.65,55020
2024-07-23 14:30:00,441.65,442.28,440.89,441.23,61349
2024-07-23 15:30:00,441.31,443.085,441.18,442.28,149093
2024-07-24 09:30:00,444.44,446.59,436.6,440.59,165025
2024-07-24 10:30:00,440.54,440.65,438.89,439.95,99732
2024-07-24 11:30:00,439.99,443.3,439.23,442.4181,166998
2024-07-24 12:30:00,442.38,443.92,440.87,442.795,127047
2024-07-24 13:30:00,442.8,443.15,440.3922,442.695,177775
2024-07-24 14:30:00,442.71,443.13,441.13,441.785,111532
2024-07-24 15:30:00,441.66,443.39,439.6,442.33,287959
2024-07-25 09:30:00,459.0,471.76,458.91,469.322,473954
2024-07-25 10:30:00,469.27,470.28,461.75,463.169,235563
2024-07-25 11:30:00,463.185,467.2599,462.99,464.83,262816
2024-07-25 12:30:00,464.5683,470.365,463.84,470.12,146278
2024-07-25 13:30:00,470.14,472.8199,469.49,471.15,126263
2024-07-25 14:30:00,471.1,472.94,469.35,471.455,123874
2024-07-25 15:30:00,471.45,472.0899,467.85,470.25,364504
2024-07-26 09:30:00,476.445,480.62,471.88,479.29,274324
2024-07-26 10:30:00,479.29,481.68,476.03,481.62,142669
2024-07-26 11:30:00,481.29,484.0,480.08,482.57,107319
2024-07-26 12:30:00,482.76,484.61,482.26,484.1397,75428
2024-07-26 13:30:00,484.2,484.37,482.03,482.32,71271
2024-07-26 14:30:00,482.53,484.15,481.8101,483.778,115656
2024-07-26 15:30:00,483.6501,483.87,480.0,480.3,207436
2024-07-29 09:30:00,482.85,483.976,475.14,477.44,135241
2024-07-29 10:30:00,477.44,481.0,476.82,480.3659,80045
2024-07-29 11:30:00,480.2608,484.93,436.38,481.675,68308
2024-07-29 12:30:00,481.72,482.58,477.72,478.1799,59159
2024-07-29 13:30:00,477.68,478.3244,475.8,477.75,68959
2024-07-29 14:30:00,477.38,479.04,477.02,478.63,84885
2024-07-29 15:30:00,478.6288,479.865,477.27,477.54,153869
2024-07-30 09:30:00,479.03,482.37,474.98,481.8824,67410
2024-07-30 10:30:00,481.64,482.38,480.34,480.9612,63007
2024-07-30 11:30:00,481.09,483.32,480.9401,483.11,56756
2024-07-30 12:30:00,483.03,487.28,483.01,484.574,85733
2024-07-30 13:30:00,484.46,487.2899,484.43,486.87,67721
2024-07-30 14:30:00,487.0499,488.6588,439.72,488.44,102437
2024-07-30 15:30:00,488.6099,489.2,486.42,486.78,156767
2024-07-31 09:30:00,486.54,490.0,483.81,485.937,110418
2024-07-31 10:30:00,485.91,488.4,482.79,488.1988,131246
2024-07-31 11:30:00,488.14,488.76,482.98,483.4734,129978
2024-07-31 12:30:00,483.385,484.93,483.1346,484.2573,88173
2024-07-31 13:30:00,484.27,488.87,483.37,486.8792,154095
2024-07-31 14:30:00,487.18,488.42,485.7,486.74,148615
2024-07-31 15:30:00,486.74,487.1,482.97,484.1,282385
2024-08-01 09:30:00,485.8,490.0,484.3,485.085,83219
2024-08-01 10:30:00,484.62,485.92,483.23,485.29,66632
2024-08-01 11:30:00,485.29,486.65,484.44,486.3552,64257
2024-08-01 12:30:00,486.3,491.7,486.07,491.38,61489
2024-08-01 13:30:00,491.13,491.53,488.86,489.92,105740
2024-08-01 14:30:00,489.83,493.08,489.64,492.88,127069
2024-08-01 15:30:00,493.03,494.8199,492.692,493.23,245453
2024-08-02 09:30:00,492.57,505.25,492.08,493.978,306076
2024-08-02 10:30:00,493.35,495.12,485.08,486.89,130587
2024-08-02 11:30:00,486.9318,491.6712,485.51,491.04,91975
2024-08-02 12:30:00,490.88,492.59,489.05,491.45,75504
2024-08-02 13:30:00,491.11,493.32,490.0,493.2896,61629
2024-08-02 14:30:00,492.96,494.8599,440.9186,494.6138,77963
2024-08-02 15:30:00,494.605,495.83,493.37,494.75,191733
2024-08-05 09:30:00,499.0,506.83,487.2301,488.11,219249
2024-08-05 10:30:00,488.13,491.66,486.03,489.18,87122
2024-08-05 11:30:00,489.51,495.6799,489.18,492.915,88206
2024-08-05 12:30:00,492.93,494.62,491.04,493.55,106878
2024-08-05 13:30:00,493.18,493.6793,491.18,492.9,71552
2024-08-05 14:30:00,492.74,492.8927,491.1412,491.905,65083
2024-08-05 15:30:00,491.905,492.88,489.7001,492.8,200282
2024-08-06 09:30:00,494.085,495.9988,490.71,492.025,89137
2024-08-06 10:30:00,492.2,494.4888,490.89,492.86,64563
2024-08-06 11:30:00,492.86,493.31,490.6,492.6,42186
2024-08-06 12:30:00,492.42,492.84,490.65,490.8276,40360
2024-08-06 13:30:00,490.855,491.78,489.41,490.775,58707
2024-08-06 14:30:00,490.97,492.22,489.0801,490.09,125367
2024-08-06 15:30:00,490.18,490.29,485.86,486.15,178757
2024-08-07 09:30:00,482.175,490.7699,479.05,490.1,204916
2024-08-07 10:30:00,490.34,494.67,489.78,494.285,54698
2024-08-07 11:30:00,494.43,495.3199,490.7812,491.93,71072
2024-08-07 12:30:00,491.93,493.06,490.492,492.3475,49985
2024-08-07 13:30:00,492.2971,493.71,491.58,493.18,68966
2024-08-07 14:30:00,493.18,493.88,491.46,492.04,62408
2024-08-07 15:30:00,492.09,493.19,489.58,490.06,114608
2024-08-08 09:30:00,487.67,493.39,484.19,493.185,81254
2024-08-08 10:30:00,493.425,495.0,490.61,494.3761,72494
2024-08-08 11:30:00,494.36,495.3199,491.62,494.885,53718
2024-08-08 12:30:00,495.01,495.0399,467.8471,493.83,27953
2024-08-08 13:30:00,494.04,494.95,493.3012,494.015,34064
2024-08-08 14:30:00,494.08,494.66,492.58,492.665,44362
2024-08-08 15:30:00,492.64,493.1699,490.82,491.62,145439
2024-10-21 09:30:00,533.73,536.9,528.82,528.955,65111
2024-10-21 10:30:00,529.345,530.78,526.96,527.2399,38272
2024-10-21 11:30:00,527.22,529.73,526.33,529.345,52866
2024-10-21 12:30:00,529.345,530.0899,528.475,528.76,43825
2024-10-21 13:30:00,529.4463,529.617,527.26,528.0355,47011
2024-10-21 14:30:00,527.84,529.7599,525.83,529.525,91935
2024-10-21 15:30:00,529.55,530.32,528.7012,529.38,165322
2024-10-22 09:30:00,529.8,532.36,519.25,519.92,126091
2024-10-22 10:30:00,519.7829,523.95,517.78,523.715,39161
2024-10-22 11:30:00,523.76,532.103,520.95,522.58,41232
2024-10-22 12:30:00,522.44,522.95,520.6901,520.81,33247
2024-10-22 13:30:00,520.715,521.28,518.61,519.7,74169
2024-10-22 14:30:00,519.405,520.69,519.1001,520.115,112729
2024-10-22 15:30:00,520.035,521.1,519.52,519.99,153369
2024-10-23 09:30:00,521.61,544.5506,519.3601,520.68,51819
2024-10-23 10:30:00,520.894234,521.678948,516.9,518.22,60338
2024-10-23 11:30:00,518.33,519.1999,516.93,518.3756,48631
2024-10-23 12:30:00,518.22,519.02,517.37,517.765,71814
2024-10-23 13:30:00,517.41,518.7,516.5,516.7725,70179
2024-10-23 14:30:00,516.59,518.275,515.99,516.55,121783
2024-10-23 15:30:00,516.4188,517.9754,515.38,516.15,173872
2024-10-24 09:30:00,515.91,531.67,515.0,530.63,579471
2024-10-24 10:30:00,530.64,531.64,525.46,527.365,97338
2024-10-24 11:30:00,527.2847,528.2288,525.2701,527.4,139804
2024-10-24 12:30:00,527.1969,527.76,526.5612,527.33,42739
2024-10-24 13:30:00,527.16,527.6588,524.8,525.22,56440
2024-10-24 14:30:00,525.22,530.0427,522.84,524.41,90559
2024-10-24 15:30:00,524.5265,530.0427,522.92,524.04,161187
2024-10-25 09:30:00,523.85,528.53,522.32,524.16,57490
2024-10-25 10:30:00,523.94,524.39,521.09,521.6663,36636
2024-10-25 11:30:00,522.1,522.95,521.0701,521.145,39878
2024-10-25 12:30:00,521.305,522.3999,519.8001,520.29,35459
2024-10-25 13:30:00,520.48,521.49,519.64,520.5438,30160
2024-10-25 14:30:00,520.43,521.17,519.16,519.66,68322
2024-10-25 15:30:00,519.497,520.27,518.56,519.36,132157
2024-10-28 09:30:00,520.84,521.0,513.0,515.31,72720
2024-10-28 10:30:00,515.32,515.52,512.261,513.17,51236
2024-10-28 11:30:00,512.8658,513.98,511.25,513.1534,59478
2024-10-28 12:30:00,512.9775,525.17,512.06,514.155,78767
2024-10-28 13:30:00,514.3299,514.9299,513.64,514.225,42979
2024-10-28 14:30:00,514.42,516.99,489.07,514.5714,90117
2024-10-28 15:30:00,514.27,517.65,511.4201,511.98,151415
2024-10-29 09:30:00,512.5,514.12,506.24,509.58,58969
2024-10-29 10:30:00,509.01,510.12,507.45,508.27,31830
2024-10-29 11:30:00,508.12,526.8511,506.82,506.85,24567
2024-10-29 12:30:00,506.98,508.77,505.85,507.0814,52557
2024-10-29 13:30:00,507.2197,517.2459,505.5,506.15,66165
2024-10-29 14:30:00,506.0563,507.57,505.5801,507.32,120126
2024-10-29 15:30:00,507.1691,507.42,504.0,504.34,126431
2024-10-30 09:30:00,504.05,508.1499,501.7,504.235,158620
2024-10-30 10:30:00,504.48,508.56,504.07,507.9861,90679
2024-10-30 11:30:00,507.71,509.61,507.27,507.27,41783
2024-10-30 12:30:00,507.322,507.94,505.4501,507.57,47698
2024-10-30 13:30:00,507.67,507.94,506.44,506.767,39168
2024-10-30 14:30:00,506.5,507.35,505.9401,506.48,54635
2024-10-30 15:30:00,506.6218,506.8799,504.63,505.35,159965
2024-10-31 09:30:00,505.61,510.19,503.09,506.4073,63131
2024-10-31 10:30:00,505.795,508.02,503.81,506.476271,59031
2024-10-31 11:30:00,506.83,507.79,505.2401,507.7101,46211
2024-10-31 12:30:00,507.6,509.2795,506.3,508.475,46523
2024-10-31 13:30:00,508.27,508.6697,506.55,507.89,38293
2024-10-31 14:30:00,507.75,511.96,507.6712,510.3,140239
2024-10-31 15:30:00,510.27,510.72,508.26,508.99,212675
2024-11-01 09:30:00,513.9,515.0,507.48,511.5488,73546
2024-11-01 10:30:00,511.135,511.8488,508.42,508.7949,45432
2024-11-01 11:30:00,509.0,509.39,506.89,508.385,52662
2024-11-01 12:30:00,508.52,509.83,507.29,508.1152,32471
2024-11-01 13:30:00,508.195,531.43,506.5912,507.535,32111
2024-11-01 14:30:00,507.535,509.2,507.0601,507.68,50954
2024-11-01 15:30:00,507.64,508.1829,506.29,506.79,95197
2024-11-04 09:30:00,508.195,511.3088,505.85,507.17,37102
2024-11-04 10:30:00,507.8399,513.1988,503.5,503.52,41403
2024-11-04 11:30:00,503.99,505.6,502.11,504.89,36107
2024-11-04 12:30:00,505.085,507.36,504.15,507.09,41023
2024-11-04 13:30:00,507.16,508.23,505.06,506.535,40833
2024-11-04 14:30:00,506.55,507.09,506.09,506.73,41998
2024-11-04 15:30:00,506.66,507.94,506.4201,507.44,110976
2024-11-05 09:30:00,508.94,511.53,505.28,509.24,47123
2024-11-05 10:30:00,509.5288,510.4899,508.52,509.06,40693
2024-11-05 11:30:00,509.06,510.17,507.66,509.74,32957
2024-11-05 12:30:00,509.76,510.3599,508.62,509.51,29910
2024-11-05 13:30:00,509.09,510.44,508.8455,510.14,32586
2024-11-05 14:30:00,510.185,511.7488,509.87,511.4345,58564
2024-11-05 15:30:00,511.528062,513.22,511.2401,513.0,151179
2024-11-06 09:30:00,529.94,530.0,515.0,526.0,171731
2024-11-06 10:30:00,525.285,526.0,519.5,523.639,105849
2024-11-06 11:30:00,523.3324,525.89,522.72,524.2305,58923
2024-11-06 12:30:00,524.3,526.23,521.88,522.96,77705
2024-11-06 13:30:00,522.9,523.93,521.611,522.63,52646
2024-11-06 14:30:00,522.63,524.34,521.82,523.9012,88710
2024-11-06 15:30:00,523.6598,524.0,521.08,523.13,178544
2024-11-07 09:30:00,525.25,527.91,516.95,519.2368,64805
2024-11-07 10:30:00,519.26,521.62,518.4812,520.33,103444
2024-11-07 11:30:00,520.59,520.8,518.85,520.215,45901
2024-11-07 12:30:00,520.42,520.59,518.54,519.8046,63304
2024-11-07 13:30:00,519.74,520.09,518.96,519.565,38685
2024-11-07 14:30:00,519.53,523.235,519.35,521.9005,79569
2024-11-07 15:30:00,521.875,522.4,520.52,520.83,148816
2025-01-27 09:30:00,500.605,507.5188,494.21,499.705,126037
2025-01-27 10:30:00,500.29,500.83,498.4412,500.4127,56985
2025-01-27 11:30:00,500.26,501.53,496.5101,501.29,85506
2025-01-27 12:30:00,500.83,502.71,500.1601,501.9,67799
2025-01-27 13:30:00,501.61,503.4618,500.77,503.08,63861
2025-01-27 14:30:00,503.02,504.61,501.5112,501.76,77479
2025-01-27 15:30:00,501.71,503.48,500.48,503.44,145691
2025-01-28 09:30:00,501.11,503.69,487.971,493.2,261313
2025-01-28 10:30:00,493.475,498.67,492.0001,494.1067,106856
2025-01-28 11:30:00,493.835,494.8166,489.71,491.075,97938
2025-01-28 12:30:00,491.12,493.74,490.3629,491.43,67093
2025-01-28 13:30:00,491.69,492.8344,485.82,487.4625,83839
2025-01-28 14:30:00,487.43,488.81,485.61,486.52,109341
2025-01-28 15:30:00,486.32,487.85,485.48,486.61,187273
2025-01-29 09:30:00,486.64,493.53,460.9546,483.3,107040
2025-01-29 10:30:00,483.34,485.36,480.4,481.214677,99936
2025-01-29 11:30:00,481.03,483.86,480.73,483.2516,92828
2025-01-29 12:30:00,483.195,483.61,482.02,483.248,76672
2025-01-29 13:30:00,483.29,484.055,481.58,481.7383,79342
2025-01-29 14:30:00,481.61,483.69,481.33,482.68,118034
2025-01-29 15:30:00,482.77,482.99,480.23,481.12,186272
2025-01-30 09:30:00,476.59,485.0,470.0,472.24,358589
2025-01-30 10:30:00,472.13,474.39,469.26,472.89,138303
2025-01-30 11:30:00,473.09,473.68,470.01,470.929,106151
2025-01-30 12:30:00,470.74,477.68,470.36,476.75,80536
2025-01-30 13:30:00,477.12,477.766,475.21,475.88,101260
2025-01-30 14:30:00,476.145,477.22,474.41,476.12,101042
2025-01-30 15:30:00,476.33,484.0,475.15,483.2,378248
2025-01-31 09:30:00,483.14,486.0,478.21,483.88,146955
2025-01-31 10:30:00,483.91,486.56,483.14,485.94,55515
2025-01-31 11:30:00,485.99,488.25,485.44,487.62,68018
2025-01-31 12:30:00,487.64,487.91,486.075,486.62,69104
2025-01-31 13:30:00,486.62,486.9997,484.8401,485.3233,70411
2025-01-31 14:30:00,485.2,487.98,484.97,487.2581,77531
2025-01-31 15:30:00,487.3137,487.7199,486.2529,486.93,101894
2025-02-03 09:30:00,486.895,492.0,481.25,488.9157,146594
2025-02-03 10:30:00,488.28,493.48,474.7597,490.0,106001
2025-02-03 11:30:00,489.71,490.15,485.63,485.7,77636
2025-02-03 12:30:00,485.67,486.5642,484.21,485.5083,48863
2025-02-03 13:30:00,485.3678,488.41,484.77,487.57,54115
2025-02-03 14:30:00,487.57,488.89,486.32,486.81,67767
2025-02-03 15:30:00,486.86,489.342,486.39,487.92,154327
2025-02-04 09:30:00,487.8,488.31,483.3,484.605,74536
2025-02-04 10:30:00,484.35,485.5,483.3,484.6613,52137
2025-02-04 11:30:00,484.57,502.08292,482.325,484.085,56074
2025-02-04 12:30:00,484.0513,484.48,482.37,482.44,41742
2025-02-04 13:30:00,482.435,483.91,481.37,483.69,44714
2025-02-04 14:30:00,483.69,484.53,464.85,482.7132,61566
2025-02-04 15:30:00,482.76,483.2799,482.0727,482.49,96626
2025-02-05 09:30:00,484.99,487.5244,481.15,483.47,57883
2025-02-05 10:30:00,483.34,485.37,481.68,482.3368,58840
2025-02-05 11:30:00,482.44,482.49,479.0,479.7,48452
2025-02-05 12:30:00,479.4947,479.86,477.0712,477.8815,68626
2025-02-05 13:30:00,478.07,478.63,475.56,475.74,106300
2025-02-05 14:30:00,475.72,476.61,474.06,474.3066,149882
2025-02-05 15:30:00,474.385,475.41,470.93,471.98,319129
2025-02-06 09:30:00,470.75,473.822,468.01,469.07,111219
2025-02-06 10:30:00,469.44,469.5392,464.4,465.92,87318
2025-02-06 11:30:00,465.9012,466.59,463.5101,465.8899,63047
2025-02-06 12:30:00,466.0355,466.82,464.6,464.94,61104
2025-02-06 13:30:00,464.97,465.5,462.66,463.04,80089
2025-02-06 14:30:00,462.8359,466.16,462.24,465.7,93384
2025-02-06 15:30:00,465.6174,466.8,464.83,466.69,152218
2025-02-07 09:30:00,466.22,473.51,466.0,472.12,113491
2025-02-07 10:30:00,471.82,472.7899,467.93,468.4775,89767
2025-02-07 11:30:00,468.94,470.585,468.21,470.07,40757
2025-02-07 12:30:00,469.79,472.78,469.71,472.31,79069
2025-02-07 13:30:00,472.305,472.85,471.0001,471.705,74191
2025-02-07 14:30:00,471.63,474.25,465.82,468.73,178344
2025-02-07 15:30:00,468.81,469.8699,467.41,468.49,140455
2025-02-10 09:30:00,469.81,473.7588,468.2012,472.73,104475
2025-02-10 10:30:00,472.74,475.68,471.72,474.495,75890
2025-02-10 11:30:00,474.94,475.63,473.361,474.165,63543
2025-02-10 12:30:00,474.2048,476.61,473.95,475.9617,63964
2025-02-10 13:30:00,475.8449,499.3151,474.31,474.44,89512
2025-02-10 14:30:00,474.405,475.89,473.43,473.48,148739
2025-02-10 15:30:00,473.72,474.53,472.83,474.16,171610
2025-02-11 09:30:00,475.62,477.73,468.0,470.06,84573
2025-02-11 10:30:00,469.9961,475.25,469.5,474.0001,85933
2025-02-11 11:30:00,474.42,476.15,473.27,473.8384,50368
2025-02-11 12:30:00,473.88,474.0599,472.3601,472.954,46875
2025-02-11 13:30:00,472.8262,474.31,471.54,473.19,54115
2025-02-11 14:30:00,472.6139,473.63,472.23,473.305,46187
2025-02-11 15:30:00,473.305,474.195,472.52,473.55,106709
2025-02-12 09:30:00,470.02,477.73,469.06,476.65,97528
2025-02-12 10:30:00,476.82,477.73,470.27,471.6596,124576
2025-02-12 11:30:00,471.3,473.81,471.01,472.765,74636
2025-02-12 12:30:00,472.4249,473.13,470.87,471.61,72887
2025-02-12 13:30:00,471.82,472.73,471.26,471.746014,93791
2025-02-12 14:30:00,471.776,472.4888,469.24,469.4366,71328
2025-02-12 15:30:00,469.45,472.7799,469.25,470.86,166106
2025-02-13 09:30:00,472.385,474.585,467.1,471.85,121638
2025-02-13 10:30:00,470.464,472.95,470.464,471.6602,83129
2025-02-13 11:30:00,471.94,474.74,471.47,474.3868,61049
2025-02-13 12:30:00,474.28,474.8099,472.4501,473.965,38773
2025-02-13 13:30:00,473.9736,474.25,462.9,466.835,174519
2025-02-13 14:30:00,467.13,468.484,456.71,458.9112,316775
2025-02-13 15:30:00,459.63,460.0,453.3601,455.1,300237
2025-04-21 09:30:00,540.0,540.0,531.03,534.9112,258691
2025-04-21 10:30:00,535.505,536.1,529.22,529.775,112281
2025-04-21 11:30:00,529.69,530.53,527.69,529.71,70981
2025-04-21 12:30:00,529.63,533.78,528.0601,529.4769,129444
2025-04-21 13:30:00,529.41,530.09,526.4,527.535,110450
2025-04-21 14:30:00,527.62,529.195,527.2997,528.8371,219479
2025-04-21 15:30:00,528.83,531.7599,527.47,530.88,296824
2025-04-22 09:30:00,480.705,495.0,462.41,471.655,1581244
2025-04-22 10:30:00,471.65,473.12,464.21,467.145,470658
2025-04-22 11:30:00,467.82,471.44,461.0,462.225,343400
2025-04-22 12:30:00,462.23,463.3888,450.8369,450.915,348578
2025-04-22 13:30:00,450.84,456.9999,450.1201,453.692,403788
2025-04-22 14:30:00,453.82,464.0,453.4201,463.78,573075
2025-04-22 15:30:00,463.72,466.6,461.29,464.08,775699
2025-04-23 09:30:00,466.665,478.4728,460.3501,476.9322,534449
2025-04-23 10:30:00,478.12,479.0088,471.1373,473.6312,248924
2025-04-23 11:30:00,473.76,476.119,471.6077,472.645,168586
2025-04-23 12:30:00,472.645,475.565,471.11,471.82,149376
2025-04-23 13:30:00,471.82,537.51,467.9,468.28,189778
2025-04-23 14:30:00,468.44,470.8299,467.5801,470.06,210775
2025-04-23 15:30:00,470.06,473.2,469.7101,472.64,289168
2025-04-24 09:30:00,471.25,473.49,463.0,466.9,252440
2025-04-24 10:30:00,467.075,469.96,466.2904,467.78,166893
2025-04-24 11:30:00,467.94,468.98,463.92,465.19,148857
2025-04-24 12:30:00,465.01,467.26,462.48,463.42,143756
2025-04-24 13:30:00,463.42,466.3634,463.05,463.4435,152028
2025-04-24 14:30:00,463.545,466.8899,462.75,466.165,324021
2025-04-24 15:30:00,465.9937,515.17,462.8,463.44,351253
2025-04-25 09:30:00,463.71,466.5088,458.35,459.47,247537
2025-04-25 10:30:00,459.25,472.165,458.54,461.795,139571
2025-04-25 11:30:00,461.6614,465.98,461.5,465.5,80275
2025-04-25 12:30:00,465.5,467.755,464.71,467.57,96338
2025-04-25 13:30:00,467.58,512.19,466.84,470.51,134562
2025-04-25 14:30:00,471.0,471.9137,469.9024,471.4,171739
2025-04-25 15:30:00,471.495,473.5599,470.79,473.14,267861
2025-04-28 09:30:00,475.55,487.0,473.67,482.09,385631
2025-04-28 10:30:00,482.09,483.0,478.5012,481.43,242739
2025-04-28 11:30:00,481.29,481.55,478.62,480.94,133951
2025-04-28 12:30:00,480.8,481.52,480.02,480.22,155333
2025-04-28 13:30:00,480.28,480.94,478.72,480.21,117527
2025-04-28 14:30:00,480.22,481.58,479.1812,481.2175,187965
2025-04-28 15:30:00,481.49,484.762,480.88,483.57,375527
2025-04-29 09:30:00,482.0,487.77,481.3806,485.095,94118
2025-04-29 10:30:00,485.36,485.68,481.22,482.225,101010
2025-04-29 11:30:00,482.5107,482.77,480.78,481.62,89623
2025-04-29 12:30:00,481.62,539.3489,480.0,482.08,74108
2025-04-29 13:30:00,481.99,483.99,481.4383,482.5852,75223
2025-04-29 14:30:00,482.88,484.21,482.52,483.3468,93062
2025-04-29 15:30:00,483.27,485.43,481.98,482.12,218234
2025-04-30 09:30:00,484.09,485.0,475.5,478.75,97010
2025-04-30 10:30:00,478.305,482.16,477.94,481.66,51955
2025-04-30 11:30:00,481.59,482.66,479.5444,480.1829,68959
2025-04-30 12:30:00,480.47,483.02,480.0701,482.8827,50893
2025-04-30 13:30:00,482.78,484.89,482.3354,483.96,135184
2025-04-30 14:30:00,483.92,485.44,483.19,484.72,173204
2025-04-30 15:30:00,484.83,487.87,482.98,486.72,337027
2025-05-01 09:30:00,485.2,486.2088,480.66,484.79,112132
2025-05-01 10:30:00,484.77,487.35,484.13,484.885,75644
2025-05-01 11:30:00,484.885,486.2,481.8612,482.345,149801
2025-05-01 12:30:00,482.0826,513.1,482.0612,483.7633,65305
2025-05-01 13:30:00,483.91,484.766319,482.1,484.305,148590
2025-05-01 14:30:00,484.305,486.855,478.6992,486.7,129591
2025-05-01 15:30:00,486.565,488.17,485.62,486.98,334605
2025-05-02 09:30:00,492.72,498.54,489.33,493.8775,153481
2025-05-02 10:30:00,493.885,494.5,477.83,482.36,442065
2025-05-02 11:30:00,482.36,516.09,479.36,484.715,255836
2025-05-02 12:30:00,484.57,489.36,484.2657,488.9951,121703
2025-05-02 13:30:00,489.025,490.3988,488.22,489.64,104971
2025-05-02 14:30:00,489.55,492.45,489.207,492.06,177117
2025-05-02 15:30:00,492.105,493.86,490.99,491.94,312543
2025-05-05 09:30:00,493.58,495.0,488.4812,490.578,112857
2025-05-05 10:30:00,490.63,495.49,490.11,494.405,79176
2025-05-05 11:30:00,494.14,496.25,493.1912,495.62,72647
2025-05-05 12:30:00,495.62,496.28,493.06,493.305,67571
2025-05-05 13:30:00,493.2392,494.11,492.0312,494.0,73584
2025-05-05 14:30:00,493.91,494.84,493.03,494.36,100101
2025-05-05 15:30:00,494.100713,495.43,492.52,493.38,193301
2025-05-06 09:30:00,492.04,494.06,484.84,487.483,99390
2025-05-06 10:30:00,487.3707,490.64,486.75,489.8312,79342
2025-05-06 11:30:00,489.8113,490.11,487.1075,487.495,43445
2025-05-06 12:30:00,487.5,488.5,486.56,487.67,39995
2025-05-06 13:30:00,487.41,487.7411,484.59,486.7404,41946
2025-05-06 14:30:00,486.6,488.65,466.9782,488.34,66961
2025-05-06 15:30:00,488.28,489.07,487.46,487.7,135325
2025-05-07 09:30:00,488.01,491.88,482.0131,482.3586,139514
2025-05-07 10:30:00,483.21,484.69,480.9201,483.825,69800
2025-05-07 11:30:00,483.91,485.22,483.18,484.71,55211
2025-05-07 12:30:00,484.705,538.7496,484.43,487.52,57147
2025-05-07 13:30:00,487.3639,488.0688,485.26,486.5953,104186
2025-05-07 14:30:00,486.18,487.8518,484.83,486.6937,89576
2025-05-07 15:30:00,486.595,487.35,485.1501,486.32,188104
2025-05-08 09:30:00,488.24,492.0,483.22,487.725,85378
2025-05-08 10:30:00,487.72,488.48,485.1901,487.62,57867
2025-05-08 11:30:00,487.57,490.0,486.51,488.65,56213
2025-05-08 12:30:00,488.63,489.22,486.74,486.885,78455
2025-05-08 13:30:00,487.04,488.2282,486.2101,486.4979,78729
2025-05-08 14:30:00,486.72,487.77,485.41,487.16,137035
2025-05-08 15:30:00,487.29,487.29,483.98,484.35,207183
