bar_start,open,high,low,close,volume
2021-02-22 09:30:00,25.92,27.215,11.55,27.03,5499503
2021-02-22 10:30:00,27.0795,27.46,12.34,27.0,4635459
2021-02-22 11:30:00,27.01,27.08,12.37,26.915,2084968
2021-02-22 12:30:00,26.915,27.06,12.32,26.73,1868962
2021-02-22 13:30:00,26.73,26.77,12.25,26.75,2090250
2021-02-22 14:30:00,26.752,26.84,12.02,26.235,2589451
2021-02-22 15:30:00,26.23,26.47,12.0,26.47,2654209
2021-02-23 09:30:00,26.26,26.65,10.86,26.12,8191709
2021-02-23 10:30:00,26.11,26.2118,11.58,25.77,3427868
2021-02-23 11:30:00,25.76,26.06,11.8,26.02,1697752
2021-02-23 12:30:00,26.015,26.14,11.62,25.96,1860650
2021-02-23 13:30:00,25.97,26.12,11.8,25.92,1633437
2021-02-23 14:30:00,25.925,26.3,11.76,26.18,2384552
2021-02-23 15:30:00,26.1955,26.25,11.84,26.055,2550375
2021-02-24 09:30:00,26.5197,27.781,11.82,27.67,7264420
2021-02-24 10:30:00,27.6198,28.55,12.88,28.35,6685780
2021-02-24 11:30:00,28.4385,28.5,13.0,28.44,3455271
2021-02-24 12:30:00,28.4079,28.52,13.08,28.52,2016820
2021-02-24 13:30:00,28.4254,28.65,13.2,28.5918,2134686
2021-02-24 14:30:00,28.6054,28.69,13.2,13.2532,2475930
2021-02-24 15:30:00,28.3201,28.3425,13.15,28.15,2840956
2021-02-25 09:30:00,28.23,28.5397,12.9,27.76,5065668
2021-02-25 10:30:00,27.77,27.81,12.56,27.68,3135678
2021-02-25 11:30:00,27.683,27.7,12.54,27.1641,1772504
2021-02-25 12:30:00,27.16,27.1872,12.1201,26.895,3536771
2021-02-25 13:30:00,26.89,27.575,12.35,27.44,2200609
2021-02-25 14:30:00,27.44,27.5,12.3025,26.81,1701631
2021-02-25 15:30:00,26.81,26.95,12.22,26.76,2997939
2021-02-26 09:30:00,11.87,26.82,11.32,25.23,5796803
2021-02-26 10:30:00,25.23,26.345,11.32,26.19,4265530
2021-02-26 11:30:00,26.19,26.71,11.85,26.56,2074263
2021-02-26 12:30:00,26.565,26.81,12.01,26.76,1356382
2021-02-26 13:30:00,26.76,26.8,12.05,26.37,1444275
2021-02-26 14:30:00,26.36,26.815,12.04,26.475,1841022
2021-02-26 15:30:00,26.47,27.01,12.05,26.61,2790403
2021-03-01 09:30:00,27.38,28.21,12.52,27.723,4707150
2021-03-01 10:30:00,27.9025,28.25,12.99,28.14,2203372
2021-03-01 11:30:00,28.1634,28.28,13.03,27.95,1701480
2021-03-01 12:30:00,27.8976,28.0699,12.6612,27.43,2059668
2021-03-01 13:30:00,27.42,27.735,12.75,27.7,1293966
2021-03-01 14:30:00,27.7,27.8598,12.85,27.63,1120815
2021-03-01 15:30:00,27.63,27.655,12.77,27.64,2080844
2021-03-02 09:30:00,27.59,28.49,12.51,28.25,4517953
2021-03-02 10:30:00,28.25,28.515,13.15,28.165,2165430
2021-03-02 11:30:00,28.15,28.38,12.94,28.3029,2204216
2021-03-02 12:30:00,28.3,28.33,13.15,28.225,1004592
2021-03-02 13:30:00,28.22,28.44,13.085,28.02,2024682
2021-03-02 14:30:00,28.01,28.27,13.02,13.03,1736895
2021-03-02 15:30:00,28.03,28.16,13.0,27.82,2206746
2021-03-03 09:30:00,28.01,28.95,12.95,28.79,5460245
2021-03-03 10:30:00,28.785,29.16,13.395,28.98,3071525
2021-03-03 11:30:00,13.66,29.115,13.5901,28.965,1756495
2021-03-03 12:30:00,28.965,29.33,13.58,29.295,1668075
2021-03-03 13:30:00,29.29,29.45,13.45,28.959,2697682
2021-03-03 14:30:00,28.941,29.325,13.58,28.965,2881705
2021-03-03 15:30:00,28.965,29.015,13.49,28.67,2202666
2021-03-04 09:30:00,29.12,29.7787,13.41,29.24,7100603
2021-03-04 10:30:00,29.25,30.26923,13.75,30.01,7483731
2021-03-04 11:30:00,14.5,30.63,13.51,30.57,5741842
2021-03-04 12:30:00,30.56,30.58,13.8601,29.55,4577667
2021-03-04 13:30:00,29.55,29.91,13.75,29.42,5109881
2021-03-04 14:30:00,29.41,29.9882,13.88,29.925,4220781
2021-03-04 15:30:00,29.92,30.28,14.24,29.9,4010968
2021-03-05 09:30:00,31.67,32.52,15.05,31.753,13992414
2021-03-05 10:30:00,31.669,32.13,14.12,30.245,9100913
2021-03-05 11:30:00,30.25,31.135,14.23,31.05,4561443
2021-03-05 12:30:00,31.04,31.5,14.8375,31.47,3713856
2021-03-05 13:30:00,31.47,31.65,14.74,31.2,2862073
2021-03-05 14:30:00,31.19,31.44,14.83,31.18,3438620
2021-03-05 15:30:00,31.19,31.365,14.84,31.22,3196690
2021-03-08 09:30:00,31.68,31.9,14.3,30.525,7629467
2021-03-08 10:30:00,30.505,30.73,14.38,30.68,3204193
2021-03-08 11:30:00,30.67,30.97,14.4,30.8524,2248408
2021-03-08 12:30:00,30.8524,30.8899,14.34,30.36,1775685
2021-03-08 13:30:00,30.36,30.37,13.91,30.1718,2809149
2021-03-08 14:30:00,30.17,30.21,14.0,29.925,1567356
2021-03-08 15:30:00,29.9589,30.18,14.0,29.77,2323269
2021-03-09 09:30:00,29.22,29.4,13.02,28.34,8143277
2021-03-09 10:30:00,28.34,29.72,13.2,29.33,4246086
2021-03-09 11:30:00,29.321,29.58,13.5401,28.87,1848794
2021-03-09 12:30:00,28.87,30.45,13.4,28.755,1890163
2021-03-09 13:30:00,28.755,28.96,13.37,13.48,1844872
2021-03-09 14:30:00,28.805,29.1,13.4,28.5982,1924534
2021-03-09 15:30:00,28.6,28.77,13.26,28.65,2939205
2021-03-10 09:30:00,13.4,29.63,13.4,28.76,5647739
2021-03-10 10:30:00,28.75,29.4438,13.52,29.04,3484613
2021-03-10 11:30:00,29.0382,29.25,13.55,28.82,2083664
2021-03-10 12:30:00,28.83,29.28,13.55,29.23,1636685
2021-03-10 13:30:00,29.2386,29.54,13.68,29.51,1741721
2021-03-10 14:30:00,29.52,29.52,13.89,29.29,1800313
2021-03-10 15:30:00,29.3,29.605,13.9,29.38,1963500
2021-03-11 09:30:00,29.93,31.12,14.2618,30.9119,5283666
2021-03-11 10:30:00,30.915,31.83,14.93,31.5,5157966
2021-03-11 11:30:00,31.51,31.66,14.92,31.47,2540380
2021-03-11 12:30:00,31.48,31.58,15.0,31.41,2070911
2021-03-11 13:30:00,31.41,31.44,14.9,31.3228,1847478
2021-03-11 14:30:00,31.32,31.365,14.84,31.02,2311304
2021-03-11 15:30:00,31.02,31.0721,14.82,30.98,1719280
2021-05-05 09:30:00,11.38,27.08,11.2,26.92,5467856
2021-05-05 10:30:00,26.92,27.34,11.7,27.31,2969408
2021-05-05 11:30:00,27.32,27.32,11.76,27.1,1581540
2021-05-05 12:30:00,27.11,27.12,11.55,26.745,2411789
2021-05-05 13:30:00,26.74,27.2,11.44,27.01,1845195
2021-05-05 14:30:00,27.0001,27.03,11.45,26.815,2295878
2021-05-05 15:30:00,26.815,27.06,11.54,27.05,2242225
2021-05-06 09:30:00,27.09,27.2,11.08,11.14,3923740
2021-05-06 10:30:00,26.23,26.58,11.0,26.42,2439736
2021-05-06 11:30:00,26.43,26.68,11.25,26.59,1251085
2021-05-06 12:30:00,26.59,26.6069,11.24,26.565,989586
2021-05-06 13:30:00,26.57,26.6365,11.15,26.31,1330743
2021-05-06 14:30:00,26.31,26.51,11.06,26.4772,1199344
2021-05-06 15:30:00,26.47,26.695,11.22,26.65,2247500
2021-05-07 09:30:00,26.07,26.93,11.0,26.56,4920185
2021-05-07 10:30:00,26.56,26.98,11.37,26.785,1838424
2021-05-07 11:30:00,26.79,27.29,11.49,27.28,1284677
2021-05-07 12:30:00,27.28,27.42,11.8,27.345,1792547
2021-05-07 13:30:00,27.34,27.54,11.78,27.42,2173080
2021-05-07 14:30:00,27.415,27.49,11.83,27.44,2347676
2021-05-07 15:30:00,27.44,27.4899,11.86,27.39,2552929
2021-05-10 09:30:00,27.76,28.13,11.69,27.02,6060091
2021-05-10 10:30:00,27.02,27.1599,11.54,26.9,2524554
2021-05-10 11:30:00,26.895,27.13,11.55,27.03,1398889
2021-05-10 12:30:00,27.0284,27.13,11.65,27.09,1259420
2021-05-10 13:30:00,27.087,27.28,11.67,26.92,1682323
2021-05-10 14:30:00,26.9678,27.01,11.62,26.93,2214534
2021-05-10 15:30:00,26.925,26.955,11.48,26.6,2702315
2021-05-11 09:30:00,25.34,25.61,10.15,24.57,10763811
2021-05-11 10:30:00,24.58,25.09,10.33,24.995,3816970
2021-05-11 11:30:00,24.99,25.3,10.66,24.97,2083664
2021-05-11 12:30:00,24.975,25.07,10.39,10.47,2105925
2021-05-11 13:30:00,24.77,24.78,10.31,24.69,3263261
2021-05-11 14:30:00,24.69,24.85,10.36,24.81,3829096
2021-05-11 15:30:00,24.8177,24.83,10.25,24.52,4304699
2021-05-12 09:30:00,24.7,26.18,10.25,25.9406,7172527
2021-05-12 10:30:00,26.0509,26.4577,11.05,26.155,5278608
2021-05-12 11:30:00,26.2613,26.47,10.8,25.92,3809094
2021-05-12 12:30:00,25.925,25.985,10.73,25.785,1766481
2021-05-12 13:30:00,25.78,25.86,10.6,25.295,1631539
2021-05-12 14:30:00,25.29,25.51,10.418,24.9501,3318203
2021-05-12 15:30:00,25.0115,25.12,10.37,25.12,3127939
2021-05-13 09:30:00,24.59,25.24,10.18,24.94,4669477
2021-05-13 10:30:00,24.93,24.9999,10.1,24.25,2735359
2021-05-13 11:30:00,24.25,24.35,9.9101,24.08,2980657
2021-05-13 12:30:00,24.075,24.16,9.8,23.83,2242629
2021-05-13 13:30:00,23.82,23.92,9.6,23.9,3084665
2021-05-13 14:30:00,23.9,23.935,9.69,23.825,1825714
2021-05-13 15:30:00,23.8298,23.91,9.71,23.71,2854438
2021-05-14 09:30:00,24.12,25.11,10.0,25.02,5873471
2021-05-14 10:30:00,25.02,25.158,10.27,25.05,2522822
2021-05-14 11:30:00,25.04,25.21,10.49,25.11,2186204
2021-05-14 12:30:00,25.1,25.21,10.45,25.19,993609
2021-05-14 13:30:00,25.185,25.4,10.5,25.37,1322130
2021-05-14 14:30:00,25.375,25.4,10.45,25.1,2978126
2021-05-14 15:30:00,25.0927,25.13,10.47,25.09,3030545
2021-05-17 09:30:00,25.265,27.02,10.47,25.36,4224261
2021-05-17 10:30:00,25.36,25.755,10.7501,25.495,2008729
2021-05-17 11:30:00,25.5,25.7701,10.84,25.7431,1601216
2021-05-17 12:30:00,25.74,25.885,10.96,25.8365,996970
2021-05-17 13:30:00,25.835,26.04,10.99,25.99,1375751
2021-05-17 14:30:00,25.99,26.2,11.06,11.2101,1656021
2021-05-17 15:30:00,26.16,26.41,11.215,26.38,3902977
2021-05-18 09:30:00,26.32,26.828,11.07,26.18,4293942
2021-05-18 10:30:00,26.18,26.29,11.13,26.27,1607147
2021-05-18 11:30:00,26.26,26.44,10.88,26.13,2699822
2021-05-18 12:30:00,26.0159,26.23,11.02,26.035,1254796
2021-05-18 13:30:00,26.04,26.25,11.06,26.23,1141140
2021-05-18 14:30:00,26.225,26.24,11.0,26.2,2480865
2021-05-18 15:30:00,26.1934,26.2438,11.0,25.87,2063789
2021-05-19 09:30:00,24.95,25.44,10.26,24.9793,5157642
2021-05-19 10:30:00,24.98,25.21,10.32,25.1801,2344156
2021-05-19 11:30:00,25.19,25.48,10.56,25.37,1652569
2021-05-19 12:30:00,25.3622,25.61,10.7101,25.4889,1468526
2021-05-19 13:30:00,25.49,25.525,10.54,25.1499,2298662
2021-05-19 14:30:00,25.15,25.2182,10.5,25.115,1533979
2021-05-19 15:30:00,25.12,25.1865,10.5601,25.06,2739122
2021-05-20 09:30:00,25.15,25.2298,10.4,24.92,3674870
2021-05-20 10:30:00,24.92,24.95,10.37,24.88,1845427
2021-05-20 11:30:00,24.8974,24.96,10.32,24.642,2005715
2021-05-20 12:30:00,24.6835,24.76,10.29,24.7399,1544447
2021-05-20 13:30:00,24.7189,24.76,10.23,24.735,1253149
2021-05-20 14:30:00,24.7313,25.0899,10.35,25.07,1242902
2021-05-20 15:30:00,25.07,25.13,10.48,24.94,2370930
2021-05-21 09:30:00,25.4,25.655,10.6301,25.3,3904646
2021-05-21 10:30:00,25.2271,25.53,10.7,25.3,1739629
2021-05-21 11:30:00,25.3305,25.455,10.67,25.31,1328296
2021-05-21 12:30:00,25.2956,25.355,10.65,25.3135,989990
2021-05-21 13:30:00,25.3184,25.39,10.7,25.25,717973
2021-05-21 14:30:00,25.2786,25.459,10.71,25.36,1322347
2021-05-21 15:30:00,25.4153,25.4153,10.6,25.13,2229232
2021-05-24 09:30:00,25.48,25.55,10.46,25.29,3920677
2021-05-24 10:30:00,25.3,25.37,10.65,10.7128,1510381
2021-05-24 11:30:00,25.3331,25.38,10.63,25.215,1221966
2021-05-24 12:30:00,25.2131,25.46,10.63,25.405,1483664
2021-05-24 13:30:00,10.73,25.515,10.69,25.49,1395970
2021-05-24 14:30:00,25.49,25.505,10.73,25.47,1413370
2021-05-24 15:30:00,25.46,25.52,10.7,25.43,1513066
2021-07-29 09:30:00,27.27,27.415,11.3,26.95,3879654
2021-07-29 10:30:00,26.9575,27.2385,11.33,27.08,1462898
2021-07-29 11:30:00,27.08,27.25,11.35,27.145,1145322
2021-07-29 12:30:00,27.137,27.25,11.39,27.155,1367488
2021-07-29 13:30:00,27.16,27.1646,11.29,26.975,1080501
2021-07-29 14:30:00,26.98,26.995,11.2,26.8,930486
2021-07-29 15:30:00,26.8,26.9,11.19,26.7799,1438528
2021-07-30 09:30:00,26.67,26.81,10.85,26.34,3472236
2021-07-30 10:30:00,26.34,26.4478,10.75,26.26,1723313
2021-07-30 11:30:00,26.26,26.3063,10.75,26.155,1095602
2021-07-30 12:30:00,26.155,26.197,10.65,25.9922,1367208
2021-07-30 13:30:00,25.99,26.193334,10.66,26.065,1194837
2021-07-30 14:30:00,26.06,26.2,10.66,26.13,1360500
2021-07-30 15:30:00,26.13,26.23,10.74,26.09,2295965
2021-08-02 09:30:00,26.09,27.055,10.52,26.495,3528415
2021-08-02 10:30:00,26.5509,26.655,10.77,26.08,1939838
2021-08-02 11:30:00,26.108,26.108,10.53,26.015,1872688
2021-08-02 12:30:00,25.9918,26.2,10.6601,26.1065,1129429
2021-08-02 13:30:00,26.1174,26.32,10.6715,26.31,1127387
2021-08-02 14:30:00,26.2616,26.4,10.74,26.09,1591460
2021-08-02 15:30:00,26.1604,26.1604,10.53,25.8,2354032
2021-08-03 09:30:00,25.46,25.9599,10.11,25.87,4482891
2021-08-03 10:30:00,25.87,26.19,10.36,26.145,2462989
2021-08-03 11:30:00,26.143,26.36,10.7207,26.205,1513658
2021-08-03 12:30:00,26.2313,26.28,10.7,26.0287,855776
2021-08-03 13:30:00,26.0299,26.19,10.6,26.17,1317379
2021-08-03 14:30:00,26.17,26.35,10.71,26.35,1785781
2021-08-03 15:30:00,26.345,26.45,10.8,26.44,1887082
2021-08-04 09:30:00,26.01,26.81,10.4,26.77,6654982
2021-08-04 10:30:00,26.75,26.89,10.78,26.86,2720751
2021-08-04 11:30:00,26.86,26.87,10.66,26.2615,2060227
2021-08-04 12:30:00,26.27,26.29,10.62,26.14,1452566
2021-08-04 13:30:00,26.14,26.2762,10.54,25.85,1620957
2021-08-04 14:30:00,25.845,25.97,10.45,25.765,1797173
2021-08-04 15:30:00,25.765,25.9299,10.45,25.68,3351377
2021-08-05 09:30:00,25.845,26.64,10.5018,26.58,3491241
2021-08-05 10:30:00,26.58,26.825,10.9001,26.73,2177152
2021-08-05 11:30:00,26.72,26.81,10.9,26.59,1319986
2021-08-05 12:30:00,26.6,26.6279,10.8301,26.46,1260835
2021-08-05 13:30:00,26.46,26.525,10.79,26.475,868627
2021-08-05 14:30:00,26.47,26.51,10.66,26.245,1290268
2021-08-05 15:30:00,26.24,26.28,10.63,26.19,1716506
2021-08-06 09:30:00,26.56,27.08,10.79,26.495,4399434
2021-08-06 10:30:00,26.485,26.67,10.8,26.6,1595187
2021-08-06 11:30:00,26.5983,26.7,10.85,26.65,934383
2021-08-06 12:30:00,26.66,26.74,10.84,26.6159,921751
2021-08-06 13:30:00,26.615,26.63,10.75,26.44,792826
2021-08-06 14:30:00,26.4481,26.4481,10.66,26.38,1190386
2021-08-06 15:30:00,26.3853,26.419,10.68,26.38,2393164
2021-08-09 09:30:00,25.62,26.145,10.12,25.47,4343118
2021-08-09 10:30:00,25.465,25.9169,10.2,25.855,1991808
2021-08-09 11:30:00,25.8566,25.995,10.43,25.905,876303
2021-08-09 12:30:00,10.5,25.92,10.3509,25.85,735634
2021-08-09 13:30:00,25.85,25.85,10.35,25.6601,825620
2021-08-09 14:30:00,25.67,25.82,10.35,25.745,893274
2021-08-09 15:30:00,25.74,25.79,10.3,25.61,1426917
2021-08-10 09:30:00,25.705,26.339,10.35,26.205,4533562
2021-08-10 10:30:00,26.21,26.4,10.51,26.385,1962762
2021-08-10 11:30:00,26.375,26.4,10.61,26.37,1248068
2021-08-10 12:30:00,26.38,26.42,10.65,26.4093,1294432
2021-08-10 13:30:00,10.75,26.41,10.6,26.215,973430
2021-08-10 14:30:00,26.215,26.31,10.47,26.25,1165645
2021-08-10 15:30:00,26.25,26.3,10.4,26.26,1560133
2021-08-11 09:30:00,26.28,26.59,10.33,26.49,4524955
2021-08-11 10:30:00,26.48,26.5093,10.43,26.25,2321951
2021-08-11 11:30:00,26.24,26.61,10.52,26.56,1731826
2021-08-11 12:30:00,26.56,26.79,10.72,26.75,1740750
2021-08-11 13:30:00,26.75,26.81,10.7,26.64,1027855
2021-08-11 14:30:00,26.64,26.81,10.76,26.775,1439317
2021-08-11 15:30:00,26.78,26.84,10.758,26.84,1809180
2021-08-12 09:30:00,26.81,26.98,10.55,26.475,2203859
2021-08-12 10:30:00,26.47,26.605,10.55,26.6,1554088
2021-08-12 11:30:00,26.6,26.76,10.6401,26.74,938467
2021-08-12 12:30:00,26.735,26.84,10.7,26.585,822785
2021-08-12 13:30:00,26.59,26.7999,10.69,26.76,732885
2021-08-12 14:30:00,26.75,26.87,10.73,26.825,1135131
2021-08-12 15:30:00,26.825,26.94,10.76,26.87,1369517
2021-08-13 09:30:00,26.64,26.8699,10.46,26.325,2787905
2021-08-13 10:30:00,26.33,26.36,10.5,26.3,1170018
2021-08-13 11:30:00,26.3,26.3065,10.43,26.1934,1205038
2021-08-13 12:30:00,26.195,26.195,10.389,26.065,747113
2021-08-13 13:30:00,10.435,26.13,10.35,25.97,1075611
2021-08-13 14:30:00,25.9898,26.01,10.3,25.925,1981391
2021-08-13 15:30:00,25.93,25.945,10.27,25.8,1924334
2021-08-16 09:30:00,25.19,25.26,9.8,24.5099,5720678
2021-08-16 10:30:00,24.5,24.8751,9.8,24.8,2387881
2021-08-16 11:30:00,24.81,24.98,9.88,24.68,1530777
2021-08-16 12:30:00,24.675,24.84,9.85,24.785,1054145
2021-08-16 13:30:00,24.78,24.97,9.89,24.845,1161068
2021-08-16 14:30:00,24.85,25.013549,9.89,24.89,1669944
2021-08-16 15:30:00,24.8801,24.91,9.85,24.81,2091430
2021-08-17 09:30:00,9.99,24.89,9.77,24.7972,4155884
2021-08-17 10:30:00,24.8,24.865,9.81,24.41,2441721
2021-08-17 11:30:00,24.42,24.5,9.7,24.32,1760500
2021-08-17 12:30:00,24.315,24.315,9.5,24.08,2521340
2021-08-17 13:30:00,24.09,24.18,9.56,24.0299,1529663
2021-08-17 14:30:00,24.03,24.2,9.56,24.12,1343865
2021-08-17 15:30:00,24.12,24.16,9.63,24.11,1755139
2021-11-01 09:30:00,34.36,34.56,15.23,34.3535,3771601
2021-11-01 10:30:00,34.36,34.52,15.49,34.27,2075719
2021-11-01 11:30:00,34.265,34.58,15.54,34.55,1532176
2021-11-01 12:30:00,34.54,34.725,15.65,34.56,1601166
2021-11-01 13:30:00,34.56,34.735,15.63,34.533,1389773
2021-11-01 14:30:00,34.53,34.908543,15.68,34.745,1512428
2021-11-01 15:30:00,34.745,34.895,15.78,34.81,1703012
2021-11-02 09:30:00,34.51,35.35,15.59,34.9,3973036
2021-11-02 10:30:00,34.895,34.9781,15.7,34.655,1661596
2021-11-02 11:30:00,34.655,34.69,15.53,34.46,1272724
2021-11-02 12:30:00,34.47,34.55,15.5,34.4,867072
2021-11-02 13:30:00,34.41,34.4442,15.5401,34.28,820204
2021-11-02 14:30:00,34.28,34.46,15.54,34.455,960872
2021-11-02 15:30:00,34.45,34.475,15.55,34.36,1138368
2021-11-03 09:30:00,15.1,34.5381,15.05,34.425,3291660
2021-11-03 10:30:00,34.42,34.48,15.28,34.03,2041631
2021-11-03 11:30:00,33.9731,34.14,15.16,33.775,1001626
2021-11-03 12:30:00,33.76,33.99,15.17,33.875,914202
2021-11-03 13:30:00,33.8921,34.095,15.15,33.915,1180064
2021-11-03 14:30:00,33.978,34.06,15.27,33.975,1245577
2021-11-03 15:30:00,33.98,34.015,15.26,33.86,1699071
2021-11-04 09:30:00,15.74,35.05,15.45,34.0299,5834324
2021-11-04 10:30:00,34.03,34.27,15.18,33.67,2945060
2021-11-04 11:30:00,33.67,33.97,15.2,15.2318,1651733
2021-11-04 12:30:00,33.7222,33.7222,15.15,33.69,1655900
2021-11-04 13:30:00,33.6259,33.71,14.93,33.3,1838073
2021-11-04 14:30:00,33.3246,33.54,14.9001,15.1899,2013157
2021-11-04 15:30:00,33.4883,33.8,15.1401,33.72,3086628
2021-11-05 09:30:00,34.14,34.28,14.76,33.18,5349712
2021-11-05 10:30:00,33.2974,33.39,14.77,33.345,3054058
2021-11-05 11:30:00,33.345,33.8,15.14,33.74,1693720
2021-11-05 12:30:00,33.7022,33.99,15.26,33.67,1752408
2021-11-05 13:30:00,33.68,33.795,15.16,33.4884,1362285
2021-11-05 14:30:00,33.48,33.7,15.05,33.33,1546425
2021-11-05 15:30:00,33.34,33.45,15.0,33.4,3088721
2021-11-08 09:30:00,33.9,34.8767,15.25,34.775,4952671
2021-11-08 10:30:00,34.7701,35.0799,15.7701,34.705,2318267
2021-11-08 11:30:00,34.7,34.81,15.7,34.67,1405738
2021-11-08 12:30:00,15.77,34.79,15.52,34.4999,1460538
2021-11-08 13:30:00,34.4999,34.545,15.36,34.3321,1138784
2021-11-08 14:30:00,34.34,34.36,15.23,34.2101,1185090
2021-11-08 15:30:00,15.3,34.33,15.26,34.28,1413353
2021-11-09 09:30:00,15.33,34.585,14.92,33.57,3717055
2021-11-09 10:30:00,33.57,33.67,14.88,33.565,1508361
2021-11-09 11:30:00,33.56,33.595,14.6,33.23,1944264
2021-11-09 12:30:00,33.22,33.41,14.75,33.31,1283689
2021-11-09 13:30:00,33.305,33.54,14.78,14.88,1038681
2021-11-09 14:30:00,33.54,33.88,14.85,33.755,1493110
2021-11-09 15:30:00,33.755,33.87,14.9825,33.74,1692579
2021-11-10 09:30:00,14.82,33.66,14.5,32.971,2809769
2021-11-10 10:30:00,32.97,33.18,14.35,32.695,3058540
2021-11-10 11:30:00,32.69,32.78,14.35,32.54,1722715
2021-11-10 12:30:00,32.54,32.629,14.0,32.28,1723469
2021-11-10 13:30:00,32.29,32.345,13.77,31.68,2719742
2021-11-10 14:30:00,31.68,32.05,13.72,32.02,2402344
2021-11-10 15:30:00,32.015,32.05,13.84,31.82,2372671
2021-11-11 09:30:00,32.0,32.3659,13.94,31.93,2534161
2021-11-11 10:30:00,31.934,32.605,13.91,32.335,2006888
2021-11-11 11:30:00,32.33,32.54,14.07,32.42,1465905
2021-11-11 12:30:00,32.425,32.44,14.07,32.28,851508
2021-11-11 13:30:00,32.28,32.3261,14.0,32.145,1018715
2021-11-11 14:30:00,32.15,32.22,13.98,32.165,825023
2021-11-11 15:30:00,32.16,32.1705,13.93,32.11,1371546
2021-11-12 09:30:00,31.64,32.28,13.15,32.1,3002912
2021-11-12 10:30:00,32.09,32.1241,13.724,31.84,1519310
2021-11-12 11:30:00,31.83,32.15,13.73,31.96,1112220
2021-11-12 12:30:00,31.95,31.97,13.73,31.91,606907
2021-11-12 13:30:00,31.9271,31.955,13.66,31.875,637707
2021-11-12 14:30:00,31.88,31.969,13.72,31.9609,648397
2021-11-12 15:30:00,31.965,32.09,13.75,32.08,1558553
2021-11-15 09:30:00,31.65,31.8569,13.37,31.689,2910060
2021-11-15 10:30:00,31.6916,31.98,13.59,31.96,1107601
2021-11-15 11:30:00,31.95,31.9879,13.51,31.8088,1350742
2021-11-15 12:30:00,31.793,32.2,13.6101,32.155,1170525
2021-11-15 13:30:00,32.1495,32.345,13.89,32.25,845766
2021-11-15 14:30:00,32.25,32.3,13.86,32.13,776829
2021-11-15 15:30:00,32.1247,32.155,13.75,31.98,1312008
2021-11-16 09:30:00,32.04,32.18,13.55,31.63,2479613
2021-11-16 10:30:00,31.63,31.95,13.6,31.88,1583471
2021-11-16 11:30:00,31.87,32.28,13.6424,32.27,1160416
2021-11-16 12:30:00,32.275,32.3,13.83,32.175,1114624
2021-11-16 13:30:00,32.175,32.27,13.87,32.15,697251
2021-11-16 14:30:00,32.145,32.17,13.8,31.97,817048
2021-11-16 15:30:00,31.96,31.995,13.67,31.83,1552052
2021-11-17 09:30:00,31.62,31.855,13.39,31.63,2665688
2021-11-17 10:30:00,31.62,31.8679,13.42,31.39,1708917
2021-11-17 11:30:00,31.38,31.485,13.3,31.14,1662115
2021-11-17 12:30:00,31.1369,31.26,13.25,31.16,1229051
2021-11-17 13:30:00,31.16,31.22,13.1,30.93,1575667
2021-11-17 14:30:00,30.92,30.9359,13.0,30.69,1954565
2021-11-17 15:30:00,13.0,30.77,12.97,30.77,2708488
2021-11-18 09:30:00,13.0,31.26,12.6,30.09,4226331
2021-11-18 10:30:00,30.085,30.96,12.67,30.855,1927927
2021-11-18 11:30:00,30.855,31.45,13.0,30.995,1216578
2021-11-18 12:30:00,30.995,31.103,13.0,30.85,1236557
2021-11-18 13:30:00,30.855,30.93,13.006,30.625,761299
2021-11-18 14:30:00,30.62,30.85,12.94,30.765,1443037
2021-11-18 15:30:00,30.76,30.8,13.02,30.65,1484633
2022-02-22 09:30:00,21.28,41.23,19.5,39.41,5157233
2022-02-22 10:30:00,39.41,39.645,19.24,39.21,2222515
2022-02-22 11:30:00,39.22,39.39,18.53,38.59,2608360
2022-02-22 12:30:00,18.82,38.73,18.62,38.43,2029469
2022-02-22 13:30:00,38.435,38.541,18.12,38.5,3028999
2022-02-22 14:30:00,38.49,40.3,18.6293,18.9886,2700634
2022-02-22 15:30:00,38.6,38.675,18.65,38.32,2224344
2022-02-23 09:30:00,38.61,39.485,18.75,38.73,3510315
2022-02-23 10:30:00,38.8245,39.11,18.9823,38.57,2091015
2022-02-23 11:30:00,38.6265,39.02,18.83,39.01,1578877
2022-02-23 12:30:00,38.9555,39.085,18.94,38.5,1492593
2022-02-23 13:30:00,38.5868,38.925,18.9,38.675,1876701
2022-02-23 14:30:00,38.7934,38.835,18.74,38.8,2105060
2022-02-23 15:30:00,38.7831,38.81,18.9327,38.69,2077173
2022-02-24 09:30:00,39.86,39.98,18.7201,38.34,8263917
2022-02-24 10:30:00,38.35,38.975,18.7,38.66,2758963
2022-02-24 11:30:00,38.66,38.737,18.52,38.035,2649064
2022-02-24 12:30:00,38.035,38.22,18.44,37.7899,2099312
2022-02-24 13:30:00,37.78,39.725,18.32,37.98,7833412
2022-02-24 14:30:00,37.98,39.2,18.5,38.6375,3457840
2022-02-24 15:30:00,38.63,39.0899,19.03,38.93,4078260
2022-02-25 09:30:00,39.08,40.35,19.21,39.975,8553936
2022-02-25 10:30:00,39.9628,40.02,19.0701,39.065,5169568
2022-02-25 11:30:00,39.1445,39.1445,19.0201,38.685,2477503
2022-02-25 12:30:00,38.685,39.2,19.0,39.075,2777189
2022-02-25 13:30:00,39.075,39.09,19.05,38.855,2785624
2022-02-25 14:30:00,38.8578,39.01,18.945,38.5368,3236442
2022-02-25 15:30:00,38.6716,38.92,18.92,38.74,4101019
2022-02-28 09:30:00,38.62,41.67,18.91,41.655,11918094
2022-02-28 10:30:00,41.65,42.69,21.0,42.29,10277393
2022-02-28 11:30:00,42.2994,43.01,21.63,42.77,5839906
2022-02-28 12:30:00,42.77,43.01,21.5,42.852,4150100
2022-02-28 13:30:00,42.8519,43.2399,21.92,42.79,5644950
2022-02-28 14:30:00,42.79,43.29,21.8811,43.185,4619134
2022-02-28 15:30:00,43.18,43.78,22.18,43.725,7139326
2022-03-01 09:30:00,44.24,47.237,23.06,47.1499,20749984
2022-03-01 10:30:00,47.14,47.83,25.09,46.595,11787322
2022-03-01 11:30:00,46.595,46.6877,24.34,46.5096,8924851
2022-03-01 12:30:00,46.51,46.77,24.67,46.145,6138051
2022-03-01 13:30:00,46.14,47.33,24.77,47.295,5736385
2022-03-01 14:30:00,47.179,47.58,25.17,46.72,7281897
2022-03-01 15:30:00,46.7572,47.33,25.23,46.78,7370597
2022-03-02 09:30:00,48.53,49.27,25.508,47.37,15263036
2022-03-02 10:30:00,47.37,48.17,25.6701,47.96,6839548
2022-03-02 11:30:00,47.97,48.91,26.33,48.777,6759033
2022-03-02 12:30:00,48.7613,49.07,26.95,48.8899,5449808
2022-03-02 13:30:00,48.8904,49.17,26.9416,49.16,4660631
2022-03-02 14:30:00,48.953,49.29,27.25,49.0065,5070745
2022-03-02 15:30:00,49.0208,49.13,26.572,48.34,7302873
2022-03-03 09:30:00,47.79,48.17,25.68,48.09,12859481
2022-03-03 10:30:00,48.09,48.22,25.91,48.035,5051891
2022-03-03 11:30:00,48.03,48.195,26.28,48.12,4284059
2022-03-03 12:30:00,48.12,48.59,26.45,48.495,4742598
2022-03-03 13:30:00,48.505,48.665,26.69,48.46,3416214
2022-03-03 14:30:00,48.47,48.55,26.22,48.055,5678580
2022-03-03 15:30:00,48.055,48.065,25.99,47.75,7286512
2022-03-04 09:30:00,48.65,52.14,26.45,52.14,22844348
2022-03-04 10:30:00,52.13,52.35,29.38,52.0477,12401427
2022-03-04 11:30:00,52.04,52.0971,28.9,51.59,9693040
2022-03-04 12:30:00,51.595,54.35,29.57,53.79,11785223
2022-03-04 13:30:00,53.785,56.29,31.69,55.93,19209853
2022-03-04 14:30:00,55.93,56.34,33.07,56.015,16450988
2022-03-04 15:30:00,56.1093,56.45,33.61,56.18,10943083
2022-03-07 09:30:00,57.67,58.7799,34.6457,56.7636,25326149
2022-03-07 10:30:00,56.77,57.34,33.6,56.31,12533047
2022-03-07 11:30:00,56.29,56.31,31.02,53.0064,12274535
2022-03-07 12:30:00,53.01,55.21,31.4973,54.9199,9552102
2022-03-07 13:30:00,54.9068,55.2,32.78,54.52,6499000
2022-03-07 14:30:00,54.515,56.02,32.61,55.2,8051270
2022-03-07 15:30:00,55.2,56.1194,33.26,55.37,5659587
2022-03-08 09:30:00,57.01,58.315,32.61,57.9701,19206593
2022-03-08 10:30:00,57.98,58.75,34.63,56.89,12096410
2022-03-08 11:30:00,56.8992,58.34,31.34,53.2099,13656654
2022-03-08 12:30:00,53.21,54.7435,29.88,54.515,15284159
2022-03-08 13:30:00,54.5,54.94,31.83,54.07,8468911
2022-03-08 14:30:00,53.9109,55.3729,32.52,54.42,7139072
2022-03-08 15:30:00,54.42,54.68,32.66,54.59,4595531
2022-03-09 09:30:00,51.86,54.29,29.75,53.18,17868450
2022-03-09 10:30:00,53.0423,55.69,31.82,55.51,14783805
2022-03-09 11:30:00,55.5,58.58,33.82,57.45,28200083
2022-03-09 12:30:00,57.7031,57.7031,33.72,55.9765,22885599
2022-03-09 13:30:00,55.9998,57.3788,33.9,56.98,18834677
2022-03-09 14:30:00,57.0136,57.7016,34.92,57.35,18047078
2022-03-09 15:30:00,57.4891,57.68,35.2,57.5,11810845
2022-03-10 09:30:00,57.5,59.6,34.73,57.53,24930105
2022-03-10 10:30:00,57.53,58.875,35.3726,58.62,15103056
2022-03-10 11:30:00,58.61,58.87,35.5501,57.77,11875723
2022-03-10 12:30:00,57.76,57.969,35.38,57.8794,8761110
2022-03-10 13:30:00,57.87,58.33,35.7725,58.1293,7408547
2022-03-10 14:30:00,58.13,58.76,36.16,58.705,6820350
2022-03-10 15:30:00,58.705,58.82,36.15,58.14,5721416
2022-03-11 09:30:00,56.59,58.88,34.89,57.4,14039277
2022-03-11 10:30:00,57.2259,57.83,35.21,57.019,6530226
2022-03-11 11:30:00,57.1833,58.13,35.29,57.515,5283149
2022-03-11 12:30:00,57.5996,58.0698,35.4925,58.02,5099595
2022-03-11 13:30:00,58.02,58.16,35.89,57.85,3899791
2022-03-11 14:30:00,57.7178,58.375,35.59,57.57,6352957
2022-03-11 15:30:00,57.7442,57.995,35.69,57.95,5778603
2022-03-14 09:30:00,55.94,56.4464,32.0,55.67,14069891
2022-03-14 10:30:00,55.65,55.99,33.42,54.9733,8446180
2022-03-14 11:30:00,54.89,55.685,33.18,55.47,8608167
2022-03-14 12:30:00,55.4634,55.74,33.83,55.46,4327819
2022-03-14 13:30:00,55.4595,55.65,33.7501,55.397,5737950
2022-03-14 14:30:00,55.4505,55.565,33.67,55.195,5784895
2022-03-14 15:30:00,55.2218,55.71,33.63,55.57,5792968
2022-03-15 09:30:00,52.91,53.96,30.87,53.37,11822248
2022-03-15 10:30:00,53.365,53.6855,31.475,53.27,7937197
2022-03-15 11:30:00,53.27,54.62,31.65,54.5,7546332
2022-03-15 12:30:00,54.495,55.59,32.6712,54.46,5552335
2022-03-15 13:30:00,54.455,54.65,32.5,54.4932,4150096
2022-03-15 14:30:00,54.4979,54.65,32.45,54.23,5145808
2022-03-15 15:30:00,54.225,54.76,32.53,54.54,5689639
2022-03-16 09:30:00,54.105,54.95,32.0,32.2401,10305087
2022-03-16 10:30:00,32.24,54.16,31.8,53.575,7492153
2022-03-16 11:30:00,53.56,53.99,31.84,53.8,5223637
2022-03-16 12:30:00,53.79,54.53,32.16,54.215,4726138
2022-03-16 13:30:00,54.093,54.3297,32.06,53.567,4151207
2022-03-16 14:30:00,53.8128,53.8128,31.58,53.185,5789659
2022-03-16 15:30:00,53.264,53.264,31.45,53.01,4138718
2022-05-05 09:30:00,63.56,64.5,40.75,63.2,14474959
2022-05-05 10:30:00,63.1929,63.9898,39.59,61.49,8038377
2022-05-05 11:30:00,61.3804,62.31,38.95,61.1537,5214009
2022-05-05 12:30:00,61.0502,62.23,39.4,62.21,4073162
2022-05-05 13:30:00,62.0166,62.8299,40.17,62.245,3707283
2022-05-05 14:30:00,62.461,62.7,39.67,61.33,3157415
2022-05-05 15:30:00,61.4626,62.47,39.71,62.32,3098125
2022-05-06 09:30:00,63.22,63.94,39.8,62.61,7089965
2022-05-06 10:30:00,62.61,63.8099,40.54,63.58,4410705
2022-05-06 11:30:00,63.598,63.68,41.0,63.56,3180870
2022-05-06 12:30:00,63.4259,64.33,41.64,63.89,5095533
2022-05-06 13:30:00,63.7342,64.16,41.68,63.76,3350279
2022-05-06 14:30:00,63.7518,64.61,41.87,64.12,3950127
2022-05-06 15:30:00,64.1001,64.98,42.29,64.94,3348067
2022-05-09 09:30:00,63.0806,63.27,39.07,60.79,9461262
2022-05-09 10:30:00,60.81,63.0,36.77,58.3531,6875259
2022-05-09 11:30:00,58.355,60.72,36.5,60.02,6366223
2022-05-09 12:30:00,38.49,60.19,36.9,58.605,4553195
2022-05-09 13:30:00,58.6145,58.77,36.13,57.82,4218380
2022-05-09 14:30:00,57.7858,58.7,35.77,57.3481,4617406
2022-05-09 15:30:00,57.35,57.87,35.615,57.85,3819562
2022-05-10 09:30:00,59.31,60.23,36.35,60.12,7800996
2022-05-10 10:30:00,60.1226,60.21,36.034,57.97,4827413
2022-05-10 11:30:00,57.9272,58.36,35.6294,57.2443,3361141
2022-05-10 12:30:00,57.26,57.67,35.43,57.54,3107732
2022-05-10 13:30:00,57.55,58.37,36.02,57.7,3469890
2022-05-10 14:30:00,57.7724,59.13,35.85,58.7288,3690772
2022-05-10 15:30:00,58.72,59.54,36.73,59.42,3439392
2022-05-11 09:30:00,60.04,61.81,37.435,61.5054,9825714
2022-05-11 10:30:00,61.4828,62.8,39.675,62.705,5313032
2022-05-11 11:30:00,62.3632,63.44,39.425,61.1759,5084139
2022-05-11 12:30:00,61.717,61.717,38.39,60.29,3799975
2022-05-11 13:30:00,60.3867,61.15,38.07,60.9126,3611653
2022-05-11 14:30:00,60.7684,61.59,38.9,61.14,3675286
2022-05-11 15:30:00,61.0899,61.24,38.4,60.17,2464425
2022-05-12 09:30:00,60.14,60.26,35.5,58.32,7786357
2022-05-12 10:30:00,58.34,60.1,35.99,59.4,4229668
2022-05-12 11:30:00,59.395,59.47,36.7806,59.35,2318999
2022-05-12 12:30:00,59.33,59.5631,36.8,58.565,1572352
2022-05-12 13:30:00,58.5299,58.68,36.0,57.95,1915020
2022-05-12 14:30:00,57.7768,58.53,35.98,58.0385,2425155
2022-05-12 15:30:00,58.3102,59.29,36.4,59.24,3213755
2022-05-13 09:30:00,60.865,63.2,39.13,63.144,8679513
2022-05-13 10:30:00,63.1499,64.0,40.85,63.57,6469370
2022-05-13 11:30:00,63.57,63.91,41.25,63.2812,4325593
2022-05-13 12:30:00,63.288,64.47,41.4903,64.17,5808663
2022-05-13 13:30:00,64.17,64.33,41.01,63.505,3761733
2022-05-13 14:30:00,63.49,64.12,41.57,63.99,2607254
2022-05-13 15:30:00,63.98,64.16,41.56,64.08,3205124
2022-05-16 09:30:00,64.67,67.54,42.25,67.11,12472595
2022-05-16 10:30:00,45.25,67.745,44.488,67.15,6491715
2022-05-16 11:30:00,67.1331,67.6,44.576,67.5152,4317325
2022-05-16 12:30:00,67.5103,68.48,45.3,68.44,5072290
2022-05-16 13:30:00,68.435,68.7388,46.05,68.65,4457871
2022-05-16 14:30:00,68.65,68.6605,45.75,68.03,3780316
2022-05-16 15:30:00,68.031,68.15,45.66,67.78,2686155
2022-05-17 09:30:00,69.09,69.18,45.3814,68.71,10722927
2022-05-17 10:30:00,68.8364,68.96,46.3,68.6669,4499238
2022-05-17 11:30:00,68.6325,68.71,45.8,67.9215,2871993
2022-05-17 12:30:00,68.0277,68.47,45.85,68.1401,2157212
2022-05-17 13:30:00,68.1847,68.77,45.55,67.63,2939525
2022-05-17 14:30:00,67.7057,68.13,45.22,68.0,2810181
2022-05-17 15:30:00,67.99,68.17,45.78,67.94,2359395
2022-05-18 09:30:00,68.63,68.7288,45.07,67.0901,5704236
2022-05-18 10:30:00,67.12,67.44,43.39,65.37,4601122
2022-05-18 11:30:00,65.35,65.81,42.7,64.54,3757039
2022-05-18 12:30:00,64.7447,65.4,42.08,64.405,4049014
2022-05-18 13:30:00,64.2516,64.62,41.83,64.3397,2711054
2022-05-18 14:30:00,64.325,64.37,41.5,63.57,2774355
2022-05-18 15:30:00,63.6019,64.51,41.6,64.31,3623904
2022-05-19 09:30:00,62.97,64.76,40.52,63.85,8051156
2022-05-19 10:30:00,63.84,64.24,40.52,64.01,3196166
2022-05-19 11:30:00,64.02,65.14,42.2178,42.98,3647040
2022-05-19 12:30:00,64.8464,65.01,41.96,64.5312,2417993
2022-05-19 13:30:00,64.55,64.92,42.0,64.76,2623760
2022-05-19 14:30:00,64.7387,65.73,42.3,64.2338,4173368
2022-05-19 15:30:00,64.22,64.83,41.88,63.96,2733037
2022-05-20 09:30:00,64.6,65.3988,41.97,64.455,5632783
2022-05-20 10:30:00,64.44,64.73,41.11,63.395,3147597
2022-05-20 11:30:00,63.395,63.85,41.0501,63.0824,2111929
2022-05-20 12:30:00,63.085,63.96,39.77,61.51,3055772
2022-05-20 13:30:00,61.51,62.87,39.71,62.26,2975083
2022-05-20 14:30:00,62.27,63.14,40.3075,63.06,2371565
2022-05-20 15:30:00,63.05,63.42,40.88,63.26,3243482
2022-05-23 09:30:00,63.56,63.89,41.0,63.74,4816778
2022-05-23 10:30:00,63.7362,63.93,41.1,63.668,3083297
2022-05-23 11:30:00,63.66,63.82,41.33,63.29,2504549
2022-05-23 12:30:00,63.29,63.79,41.1,63.69,3381669
2022-05-23 13:30:00,63.691,65.37,41.83,43.23,4088994
2022-05-23 14:30:00,65.19,65.755,43.19,65.425,3293886
2022-05-23 15:30:00,65.42,65.5995,43.26,65.43,2502504
2022-05-24 09:30:00,64.3,66.48,42.0,64.335,6193074
2022-05-24 10:30:00,64.33,64.35,41.0,63.3512,3913676
2022-05-24 11:30:00,63.35,64.23,41.3301,64.0,2297857
2022-05-24 12:30:00,64.0,64.33,41.69,64.19,1632237
2022-05-24 13:30:00,64.15,64.78,42.09,64.72,1731861
2022-05-24 14:30:00,64.7,64.95,42.501,64.86,1799506
2022-05-24 15:30:00,64.87,65.3,42.995,65.12,1913153
2022-07-29 09:30:00,64.06,65.54,41.66,65.4101,5983558
2022-07-29 10:30:00,65.43,65.89,43.0696,64.89,3164504
2022-07-29 11:30:00,64.8999,65.32,42.9504,65.08,1585443
2022-07-29 12:30:00,65.08,65.24,43.1,65.065,1294317
2022-07-29 13:30:00,65.07,65.5499,43.13,65.44,1379403
2022-07-29 14:30:00,65.442,65.88,43.46,65.8,2022392
2022-07-29 15:30:00,65.7927,65.9,43.67,65.78,3038787
2022-08-01 09:30:00,43.12,65.3,41.76,63.9645,5053966
2022-08-01 10:30:00,63.98,64.86,42.29,64.28,2364282
2022-08-01 11:30:00,64.299,65.07,42.33,64.8086,1540520
2022-08-01 12:30:00,64.8,64.9096,42.35,64.1818,1614051
2022-08-01 13:30:00,64.19,64.95,42.25,64.9225,1213682
2022-08-01 14:30:00,64.93,65.74,42.87,65.43,1946449
2022-08-01 15:30:00,65.43,65.6,43.3,65.23,2293418
2022-08-02 09:30:00,65.32,65.51,42.31,64.3299,3628168
2022-08-02 10:30:00,64.36,65.1,42.17,64.97,2360665
2022-08-02 11:30:00,64.97,65.55,43.16,65.42,1791594
2022-08-02 12:30:00,65.42,65.84,43.47,65.465,1699525
2022-08-02 13:30:00,65.47,65.6122,43.23,65.32,1304527
2022-08-02 14:30:00,65.31,65.75,43.5159,65.68,1898261
2022-08-02 15:30:00,65.67,65.74,43.08,65.0723,2634829
2022-08-03 09:30:00,64.66,65.0,41.07,63.9,7207841
2022-08-03 10:30:00,63.586,63.88,40.4467,62.91,3620704
2022-08-03 11:30:00,62.717,63.15,40.25,62.045,2790866
2022-08-03 12:30:00,62.2175,62.2476,39.5101,61.745,3690286
2022-08-03 13:30:00,61.4786,62.52,39.8194,61.89,3425553
2022-08-03 14:30:00,61.9997,62.87,39.9,62.5883,3595003
2022-08-03 15:30:00,62.6041,62.6795,38.72,61.04,6672992
2022-08-04 09:30:00,60.01,60.7,36.56,59.3372,9451999
2022-08-04 10:30:00,59.3315,59.5512,36.45,58.5,5418781
2022-08-04 11:30:00,58.7282,58.79,36.5,58.445,3773878
2022-08-04 12:30:00,58.4016,59.0288,36.685,58.78,3354073
2022-08-04 13:30:00,58.9036,59.0393,36.66,59.01,2725380
2022-08-04 14:30:00,58.9585,60.99,36.03,57.91,6096235
2022-08-04 15:30:00,57.9533,58.16,35.46,57.5,6042421
2022-08-05 09:30:00,56.92,59.56,35.24,59.48,7533110
2022-08-05 10:30:00,59.49,59.7,36.7601,58.5899,2692161
2022-08-05 11:30:00,58.59,59.28,36.75,58.99,1916437
2022-08-05 12:30:00,58.98,59.51,37.1,59.265,2081821
2022-08-05 13:30:00,59.26,59.53,37.28,59.32,2046287
2022-08-05 14:30:00,59.31,59.49,37.32,59.19,2490973
2022-08-05 15:30:00,59.18,59.22,37.03,59.0,2135071
2022-08-08 09:30:00,58.47,60.21,36.61,59.4183,4534609
2022-08-08 10:30:00,59.5371,60.53,37.31,60.41,3710037
2022-08-08 11:30:00,60.3577,60.6,37.89,59.88,2041994
2022-08-08 12:30:00,59.9227,60.3,37.83,60.0699,1740282
2022-08-08 13:30:00,60.1485,60.53,38.2,60.4533,1811813
2022-08-08 14:30:00,60.4352,60.575,38.1201,60.25,1594703
2022-08-08 15:30:00,60.2823,60.2823,38.0518,60.05,1875445
2022-08-09 09:30:00,61.61,63.1188,39.56,62.9896,6754477
2022-08-09 10:30:00,62.989,63.515,40.84,62.7659,4353404
2022-08-09 11:30:00,62.76,62.8305,39.9764,62.11,2741340
2022-08-09 12:30:00,62.12,62.3813,39.81,62.37,1962706
2022-08-09 13:30:00,62.37,62.795,40.38,62.4,2084472
2022-08-09 14:30:00,62.38,62.5303,40.15,62.475,2004678
2022-08-09 15:30:00,62.475,62.545,40.43,62.42,2040101
2022-08-10 09:30:00,61.975,62.37,39.458,61.77,3584876
2022-08-10 10:30:00,61.6751,62.96,39.84,62.86,2874293
2022-08-10 11:30:00,62.8173,63.25,40.93,63.1591,1635339
2022-08-10 12:30:00,63.07,63.38,41.18,63.1863,1279733
2022-08-10 13:30:00,63.2562,63.3925,40.71,62.66,1200813
2022-08-10 14:30:00,62.7019,62.775,40.47,62.7499,1528502
2022-08-10 15:30:00,62.6542,62.93,40.84,62.84,1401439
2022-08-11 09:30:00,64.2,65.39,42.12,64.6908,5122524
2022-08-11 10:30:00,64.67,65.27,42.72,64.7741,3120145
2022-08-11 11:30:00,64.7666,65.255,42.69,65.2388,2381332
2022-08-11 12:30:00,65.24,65.61,43.14,65.54,2259281
2022-08-11 13:30:00,65.5475,66.093,43.53,66.03,2539165
2022-08-11 14:30:00,66.0299,66.17,43.62,65.7901,2914560
2022-08-11 15:30:00,65.81,65.95,43.55,65.71,2486892
2022-08-12 09:30:00,65.05,65.86,42.84,65.2999,3476076
2022-08-12 10:30:00,65.0527,65.59,43.08,65.06,1579324
2022-08-12 11:30:00,65.1935,65.69,43.0127,65.35,1188218
2022-08-12 12:30:00,65.2835,65.635,43.36,65.361,1057211
2022-08-12 13:30:00,65.3381,65.71,43.44,65.64,905526
2022-08-12 14:30:00,65.6241,66.3667,43.56,65.7199,1013390
2022-08-12 15:30:00,65.6856,66.07,43.67,65.71,1907258
2022-08-15 09:30:00,41.25,63.6,40.55,63.395,5558331
2022-08-15 10:30:00,63.371919,64.355,41.42,64.1084,2426025
2022-08-15 11:30:00,64.11,65.07,42.04,64.8312,1977032
2022-08-15 12:30:00,64.835,65.21,42.73,64.744,1467269
2022-08-15 13:30:00,64.75,64.77,42.06,64.31,1682225
2022-08-15 14:30:00,64.305,64.62,42.245,64.595,1516612
2022-08-15 15:30:00,64.6,64.705,42.35,64.34,1452945
2022-08-16 09:30:00,64.7,65.69,42.2,64.565,3967242
2022-08-16 10:30:00,64.56,64.650839,41.15,63.32,3663061
2022-08-16 11:30:00,63.2708,64.1755,41.34,64.16,1833007
2022-08-16 12:30:00,64.165,64.34,41.79,63.69,1029853
2022-08-16 13:30:00,63.8146,65.51,41.57,64.0744,2212302
2022-08-16 14:30:00,63.8769,64.12,41.52,63.91,1702367
2022-08-16 15:30:00,63.9031,63.9771,41.5659,63.52,1918276
2022-08-17 09:30:00,63.43,64.22,41.12,63.865,3711423
2022-08-17 10:30:00,63.8759,64.81,41.3,63.44,3356301
2022-08-17 11:30:00,63.3139,63.49,41.0,63.406,1682359
2022-08-17 12:30:00,63.2817,63.7598,41.3935,63.73,1238607
2022-08-17 13:30:00,63.6712,63.77,41.14,63.5,1421609
2022-08-17 14:30:00,63.51,63.67,41.04,63.19,1651019
2022-08-17 15:30:00,63.1225,63.265,40.9,62.95,1535388
2022-08-18 09:30:00,63.58,64.9299,41.52,64.69,4932948
2022-08-18 10:30:00,64.7,64.96,42.19,64.2799,2577812
2022-08-18 11:30:00,64.26,64.73,42.18,64.23,1782344
2022-08-18 12:30:00,64.22,64.94,42.18,64.81,1551556
2022-08-18 13:30:00,64.83,65.28,42.82,65.0628,2190358
2022-08-18 14:30:00,65.06,65.21,42.86,64.92,1529630
2022-08-18 15:30:00,64.9296,65.15,42.8052,64.9,1612381
2022-08-19 09:30:00,64.385,65.03,41.9305,64.75,3763230
2022-08-19 10:30:00,64.745,65.975,42.73,65.57,3978413
2022-08-19 11:30:00,65.5634,66.24,43.575,65.75,2966751
2022-08-19 12:30:00,65.745,69.05,43.78,68.4,12952023
2022-08-19 13:30:00,68.3964,71.05,45.81,71.01,24379368
2022-08-19 14:30:00,71.01,72.49,48.51,70.69,23515714
2022-08-19 15:30:00,70.7,71.39,48.37,71.26,8264852
2022-08-22 09:30:00,68.59,69.35,45.31,68.0827,12224177
2022-08-22 10:30:00,68.08,70.02,45.56,69.79,7545551
2022-08-22 11:30:00,69.772,70.21,47.05,69.28,8342072
2022-08-22 12:30:00,69.2866,70.38,46.64,68.47,6302433
2022-08-22 13:30:00,68.49,69.05,46.39,68.95,4457170
2022-08-22 14:30:00,68.94,69.47,46.72,69.1021,4801809
2022-08-22 15:30:00,69.1,69.38,46.85,69.03,3296177
2022-08-23 09:30:00,70.81,73.54,48.57,73.15,17228305
2022-08-23 10:30:00,73.0913,74.84,51.1451,74.0957,14255683
2022-08-23 11:30:00,74.5369,74.54,51.38,73.585,8191308
2022-08-23 12:30:00,73.7913,74.6599,51.5,73.91,6341352
2022-08-23 13:30:00,73.92,74.28,51.5001,73.51,4536324
2022-08-23 14:30:00,73.6738,74.08,51.51,73.83,5660028
2022-08-23 15:30:00,73.8244,74.0,51.6,73.78,3426641
2022-08-24 09:30:00,74.26,75.64,51.11,75.4798,11737301
2022-08-24 10:30:00,75.4327,75.695,52.16,74.82,8824179
2022-08-24 11:30:00,74.82,75.36,52.2,75.2101,5686278
2022-08-24 12:30:00,75.2499,75.35,52.295,74.45,3766482
2022-08-24 13:30:00,74.45,74.77,52.06,74.6404,2745856
2022-08-24 14:30:00,74.645,74.661179,52.26,74.3787,2960356
2022-08-24 15:30:00,74.38,74.97,52.35,74.905,3351734
2022-08-25 09:30:00,75.4,76.1,52.76,75.27,7187616
2022-08-25 10:30:00,75.255,75.48,52.21,74.85,4218721
2022-08-25 11:30:00,74.85,75.03,52.35,74.5554,2095621
2022-08-25 12:30:00,74.545,74.91,52.3101,74.32,1597534
2022-08-25 13:30:00,74.31,74.367458,51.62,73.68,2901412
2022-08-25 14:30:00,73.7,74.46,51.61,74.27,2470533
2022-08-25 15:30:00,74.27,74.51,52.1301,74.49,2008423
2022-08-26 09:30:00,74.235,75.38,51.95,74.535,4844851
2022-08-26 10:30:00,74.7459,74.7459,51.12,73.74,3843637
2022-08-26 11:30:00,73.454,74.765,51.77,74.2803,2669033
2022-08-26 12:30:00,74.3158,74.54,51.86,74.4801,1952216
2022-08-26 13:30:00,74.4527,74.76,52.24,74.51,1984811
2022-08-26 14:30:00,74.4447,74.66,51.8431,74.1466,2140545
2022-08-26 15:30:00,74.0849,74.1967,51.52,73.55,2269680
2022-08-29 09:30:00,51.18,77.1299,50.8,76.5064,10487582
2022-08-29 10:30:00,76.6367,76.75,53.441,75.9593,5508637
2022-08-29 11:30:00,75.9457,76.53,53.8,76.45,3256462
2022-08-29 12:30:00,76.44,76.65,53.82,76.531,2681252
2022-08-29 13:30:00,76.5146,76.8,54.2914,76.31,2562051
2022-08-29 14:30:00,76.36258,76.37,53.55,53.59,2740103
2022-08-29 15:30:00,75.584,75.86,53.23,75.27,2309837
2022-08-30 09:30:00,51.62,73.8598,49.5,72.78,8983665
2022-08-30 10:30:00,72.79,72.95,49.28,71.93,4213748
2022-08-30 11:30:00,71.93,75.26,49.29,71.64,2538782
2022-08-30 12:30:00,71.65,72.01,49.1905,71.92,2386147
2022-08-30 13:30:00,71.922,72.4199,49.53,71.94,2603769
2022-08-30 14:30:00,71.935,72.23,49.68,72.1788,2287800
2022-08-30 15:30:00,72.18,72.39,49.9058,72.02,2273698
2022-08-31 09:30:00,70.66,71.5399,47.56,71.23,6002671
2022-08-31 10:30:00,71.27,72.13,48.65,71.38,4053509
2022-08-31 11:30:00,71.37,72.4,49.4,71.7388,2577839
2022-08-31 12:30:00,71.73,71.97,49.41,71.7188,1886880
2022-08-31 13:30:00,71.7101,71.99,48.97,71.0488,1393718
2022-08-31 14:30:00,71.05,71.4734,48.8,71.26,2030232
2022-08-31 15:30:00,71.25,71.41,48.985,71.02,1876680
2022-09-01 09:30:00,69.25,69.94,45.85,68.935,6137492
2022-09-01 10:30:00,68.7346,69.09,46.21,68.28,3552155
2022-09-01 11:30:00,68.302,69.0,46.3,68.6118,2318644
2022-09-01 12:30:00,68.5735,68.712548,45.9968,68.615,2175525
2022-09-01 13:30:00,68.5351,68.92,46.13,68.92,2091476
2022-09-01 14:30:00,68.7846,68.9688,46.508,68.53,2153176
2022-09-01 15:30:00,68.6337,68.6337,46.09,68.41,2283336
2022-09-02 09:30:00,70.67,70.9,46.76,69.655,6486014
2022-09-02 10:30:00,69.655,69.84,47.0,69.41,3139292
2022-09-02 11:30:00,69.42,69.9537,47.36,69.4423,2183855
2022-09-02 12:30:00,69.5039,69.5039,46.54,68.74,3011733
2022-09-02 13:30:00,68.74,68.8,46.33,68.55,2215998
2022-09-02 14:30:00,68.6239,69.21,46.5774,69.04,2473897
2022-09-02 15:30:00,68.9802,69.08,46.4,68.74,2295372
2022-11-03 09:30:00,70.5,71.68,48.0,71.0,4473410
2022-11-03 10:30:00,70.99,71.84,49.015,71.58,1814012
2022-11-03 11:30:00,71.57,72.35,49.5812,72.28,1104981
2022-11-03 12:30:00,72.27,72.34,49.9,71.9,1082482
2022-11-03 13:30:00,71.905,72.15,49.6,72.075,1277805
2022-11-03 14:30:00,72.08,72.6,50.04,72.45,1423381
2022-11-03 15:30:00,72.44,72.55,50.21,72.13,1166987
2022-11-04 09:30:00,74.255,75.76,51.77,74.8443,5193965
2022-11-04 10:30:00,74.85,75.084,51.91,73.88,2550830
2022-11-04 11:30:00,73.88,74.6,50.7,73.2,2251529
2022-11-04 12:30:00,73.185,73.71,50.8855,73.5203,1533278
2022-11-04 13:30:00,73.53,73.63,51.0921,73.42,1472887
2022-11-04 14:30:00,73.43,73.6,51.26,73.37,1517644
2022-11-04 15:30:00,73.36,73.5,51.21,73.3,1335538
2022-11-07 09:30:00,74.05,75.23,51.94,75.15,4110581
2022-11-07 10:30:00,75.16,76.0,53.22,75.87,2595745
2022-11-07 11:30:00,75.87,76.14,53.42,75.94,3258272
2022-11-07 12:30:00,75.9411,75.9684,53.45,75.55,1175838
2022-11-07 13:30:00,75.55,75.8182,53.33,75.69,2073554
2022-11-07 14:30:00,75.69,76.08,53.7201,75.99,3609364
2022-11-07 15:30:00,75.99,76.01,53.6,75.935,1489476
2022-11-08 09:30:00,75.91,76.87,52.4102,75.146,4506396
2022-11-08 10:30:00,75.17,75.5,53.03,74.9838,2117871
2022-11-08 11:30:00,74.99,75.3,52.7893,75.07,1755422
2022-11-08 12:30:00,75.06,75.3,52.4729,74.41,1450995
2022-11-08 13:30:00,74.41,75.08,52.1377,74.07,1587164
2022-11-08 14:30:00,74.07,74.92,52.1,74.89,1821564
2022-11-08 15:30:00,74.89,75.25,52.84,74.89,2060906
2022-11-09 09:30:00,50.5,73.03,48.66,72.11,6104449
2022-11-09 10:30:00,72.14,72.55,49.19,72.17,2981131
2022-11-09 11:30:00,72.18,72.505,49.5,71.44,1764860
2022-11-09 12:30:00,71.435,71.55,48.58,70.47,1720874
2022-11-09 13:30:00,70.47,70.4739,46.6978,68.5997,3330546
2022-11-09 14:30:00,68.59,68.794,45.6,67.608,3917746
2022-11-09 15:30:00,67.6,67.95,45.255,67.93,4207812
2022-11-10 09:30:00,69.51,69.73,45.67,69.4351,6331789
2022-11-10 10:30:00,69.4361,69.93,47.3073,69.71,2509247
2022-11-10 11:30:00,69.6361,70.14,47.31,69.24,1777559
2022-11-10 12:30:00,69.23,69.6979,47.01,69.64,1619771
2022-11-10 13:30:00,69.6409,69.97,47.455,69.7288,1407047
2022-11-10 14:30:00,69.6319,70.0,47.659,69.905,1401321
2022-11-10 15:30:00,69.905,70.53,47.91,70.39,2622633
2022-11-11 09:30:00,71.23,73.965,48.84,73.8826,5269856
2022-11-11 10:30:00,73.89,74.29,51.06,73.295,3828972
2022-11-11 11:30:00,73.3,73.3,50.6401,73.15,2255510
2022-11-11 12:30:00,73.155,74.49,51.3,74.48,1947901
2022-11-11 13:30:00,74.48,74.72,52.31,74.68,1995190
2022-11-11 14:30:00,74.68,74.71,52.14,74.5916,1914826
2022-11-11 15:30:00,74.59,74.71,52.24,74.34,2568690
2022-11-14 09:30:00,73.5,75.23,51.3,75.2058,4325131
2022-11-14 10:30:00,75.2,75.78,52.13,74.63,3114019
2022-11-14 11:30:00,74.61,74.78,51.94,74.16,1589862
2022-11-14 12:30:00,74.15,74.48,51.8902,74.116437,1429683
2022-11-14 13:30:00,74.2,74.6,52.13,74.58,1189891
2022-11-14 14:30:00,74.6,74.7299,51.84,74.0328,1369906
2022-11-14 15:30:00,74.047403,74.135,51.23,73.3,1692650
2022-11-15 09:30:00,73.62,73.67,50.16,73.43,4837357
2022-11-15 10:30:00,73.43,73.93,51.1401,73.86,2225477
2022-11-15 11:30:00,73.85,74.08,51.6,74.06,1457018
2022-11-15 12:30:00,74.065,74.64,51.6701,73.8334,1840572
2022-11-15 13:30:00,73.83,74.85,51.86,74.255,2575639
2022-11-15 14:30:00,74.4489,74.67,52.0,74.5974,1586297
2022-11-15 15:30:00,74.5616,74.7099,52.21,74.43,1330662
2022-11-16 09:30:00,73.19,74.01,51.06,73.39,3344353
2022-11-16 10:30:00,73.38,73.627693,50.755,73.0301,1860085
2022-11-16 11:30:00,72.9544,73.2,50.35,72.36,1409415
2022-11-16 12:30:00,72.4138,72.78,50.02,72.07,1602078
2022-11-16 13:30:00,72.1229,72.6987,50.07,72.63,1182589
2022-11-16 14:30:00,72.6313,72.68,50.1,72.125,1398346
2022-11-16 15:30:00,72.13,72.56,49.9501,71.96,1733142
2022-11-17 09:30:00,70.76,71.17,47.91,70.38,3179417
2022-11-17 10:30:00,70.4018,70.77,47.77,70.01,1495095
2022-11-17 11:30:00,69.9277,70.5768,47.83,70.29,1587404
2022-11-17 12:30:00,70.379,71.1,48.19,70.78,1348643
2022-11-17 13:30:00,70.9494,71.01,48.4908,70.645,903090
2022-11-17 14:30:00,70.5973,71.016394,48.6435,70.79,917042
2022-11-17 15:30:00,70.7145,71.49,48.75,71.455,1425990
2022-11-18 09:30:00,69.02,70.47,46.53,70.41,6275134
2022-11-18 10:30:00,70.415,70.84,48.174,70.31,2170068
2022-11-18 11:30:00,70.32,70.4,47.98,70.27,1537532
2022-11-18 12:30:00,70.27,71.06,48.2501,70.9588,1778496
2022-11-18 13:30:00,70.96,71.23,48.64,71.2,1123334
2022-11-18 14:30:00,71.2,71.26,48.9603,71.22,1309084
2022-11-18 15:30:00,71.225,71.38,49.08,71.22,1642011
2022-11-21 09:30:00,69.1,69.38,45.41,67.6163,6225625
2022-11-21 10:30:00,67.61,67.7358,44.87,67.21,3128075
2022-11-21 11:30:00,67.205,68.99,45.294,68.545,4055706
2022-11-21 12:30:00,68.545,69.985,46.605,69.64,3589643
2022-11-21 13:30:00,69.65,69.78,47.42,69.51,1507332
2022-11-21 14:30:00,69.49,69.5888,47.22,69.2725,1461998
2022-11-21 15:30:00,69.3601,69.64,47.25,69.56,1355493
2022-11-22 09:30:00,70.57,71.38,48.2,71.17,4152410
2022-11-22 10:30:00,71.17,71.77,49.162,71.665,2039955
2022-11-22 11:30:00,71.67,72.73,49.65,72.5784,2090414
2022-11-22 12:30:00,72.5743,72.605,50.12,72.51,1944256
2022-11-22 13:30:00,72.52,72.5699,50.07,72.26,1543061
2022-11-22 14:30:00,72.2515,72.665,50.07,72.59,1386260
2022-11-22 15:30:00,72.585,72.88,50.57,72.74,1900556
2023-02-22 09:30:00,59.42,59.885,36.75,58.3502,4528746
2023-02-22 10:30:00,58.4779,58.5999,36.36,58.37,2501604
2023-02-22 11:30:00,58.3846,58.52,36.57,58.3391,1441975
2023-02-22 12:30:00,58.3801,58.95,36.7,58.8344,1642288
2023-02-22 13:30:00,58.8452,58.95,36.8,58.4225,1927470
2023-02-22 14:30:00,58.5365,58.5365,36.53,58.153,2101889
2023-02-22 15:30:00,58.1917,58.51,36.51,58.43,2521213
2023-02-23 09:30:00,59.54,59.87,37.45,59.5657,3172212
2023-02-23 10:30:00,59.57,59.6757,37.36,59.06,2379383
2023-02-23 11:30:00,59.1449,59.18,36.92,37.2686,1313834
2023-02-23 12:30:00,58.8637,59.1266,37.26,59.08,1109962
2023-02-23 13:30:00,59.0705,59.39,37.34,59.36,1278872
2023-02-23 14:30:00,59.2994,59.65,37.581,59.61,1462405
2023-02-23 15:30:00,59.593,59.615,37.51,59.22,1515614
2023-02-24 09:30:00,58.745,58.89,36.465,58.2301,2317907
2023-02-24 10:30:00,58.23,58.85,36.6,58.725,1535024
2023-02-24 11:30:00,58.73,59.27,36.6701,58.3257,1596147
2023-02-24 12:30:00,58.33,58.47,36.42,58.28,1446617
2023-02-24 13:30:00,58.285,58.8275,36.64,58.674,1383854
2023-02-24 14:30:00,58.675,59.06,36.89,58.92,1722634
2023-02-24 15:30:00,58.915,59.0,36.95,59.0,2039664
2023-02-27 09:30:00,59.28,59.6499,36.8,58.87,3822495
2023-02-27 10:30:00,58.87,59.375,37.05,58.96,2392912
2023-02-27 11:30:00,58.965,59.0276,37.05,58.9699,1604827
2023-02-27 12:30:00,58.9671,59.23,37.38,59.1584,2079027
2023-02-27 13:30:00,59.1653,59.22,37.28,59.16,1600481
2023-02-27 14:30:00,59.17,59.27,37.35,59.1,1749643
2023-02-27 15:30:00,59.1,59.13,37.2748,58.96,2486938
2023-02-28 09:30:00,37.55,60.56,37.55,60.4228,6561162
2023-02-28 10:30:00,60.41,60.5402,37.88,59.66,3267771
2023-02-28 11:30:00,59.645,60.01,37.51,59.24,2460239
2023-02-28 12:30:00,59.24,59.39,37.34,59.2473,2039340
2023-02-28 13:30:00,59.2387,59.4,37.4794,59.2,1693207
2023-02-28 14:30:00,59.19,59.215,37.05,58.825,2917742
2023-02-28 15:30:00,58.82,58.98,36.89,58.55,3782925
2023-03-01 09:30:00,58.57,59.24,36.8,59.215,3517001
2023-03-01 10:30:00,59.21,59.9,37.595,59.6,2668446
2023-03-01 11:30:00,59.6232,60.09,37.75,59.985,1704632
2023-03-01 12:30:00,59.99,60.0354,38.0,59.75,1465580
2023-03-01 13:30:00,59.688,60.0,37.92,59.872,987678
2023-03-01 14:30:00,59.9145,59.99,37.9501,59.9785,1077058
2023-03-01 15:30:00,59.9559,60.099566,38.0409,59.71,2146704
2023-03-02 09:30:00,59.71,66.33,37.62,60.0124,2549614
2023-03-02 10:30:00,60.01,60.155102,37.96,59.96,1808660
2023-03-02 11:30:00,59.96,60.23,38.075,59.7,1526002
2023-03-02 12:30:00,59.71,60.335,38.01,60.2,1292639
2023-03-02 13:30:00,60.21,60.6,38.3438,60.5,1427198
2023-03-02 14:30:00,60.5,60.522449,38.53,60.4459,1743594
2023-03-02 15:30:00,60.45,60.54,38.535,60.28,2192770
2023-03-03 09:30:00,59.68,60.585,37.5,60.225,4419844
2023-03-03 10:30:00,60.22,60.915,38.55,60.77,2430805
2023-03-03 11:30:00,60.7699,61.245,39.05,60.9,2417724
2023-03-03 12:30:00,60.91,61.67,39.21,61.32,2201176
2023-03-03 13:30:00,61.3134,61.5,39.4513,61.5,1257196
2023-03-03 14:30:00,39.75,61.7,39.62,61.366,1473765
2023-03-03 15:30:00,61.4487,61.4487,39.41,61.27,1802235
2023-03-06 09:30:00,61.1,61.66,38.98,61.545,3192552
2023-03-06 10:30:00,61.545,61.77,39.5639,61.58,2141064
2023-03-06 11:30:00,61.585,61.97,39.79,61.89,1431055
2023-03-06 12:30:00,61.8518,61.905,39.7,61.52,1166135
2023-03-06 13:30:00,61.5031,61.89,39.72,61.8774,1043750
2023-03-06 14:30:00,61.7878,61.97,39.72,61.495,1392405
2023-03-06 15:30:00,61.4967,61.7,39.73,61.69,1797858
2023-03-07 09:30:00,61.315,61.61,38.76,61.025,3355406
2023-03-07 10:30:00,61.025,61.4469,38.96,61.0416,2004135
2023-03-07 11:30:00,61.04,61.65,39.22,61.42,1556374
2023-03-07 12:30:00,61.4269,61.5008,39.3008,61.14,985096
2023-03-07 13:30:00,61.1456,61.19,38.96,60.785,1063361
2023-03-07 14:30:00,60.785,60.92,38.85,60.7762,1214445
2023-03-07 15:30:00,60.775,60.99,38.95,60.855,1935712
2023-03-08 09:30:00,62.02,63.58,40.05,62.31,7524838
2023-03-08 10:30:00,62.31,62.75,39.7,61.59,3157435
2023-03-08 11:30:00,61.6,62.93,39.31,61.15,2591818
2023-03-08 12:30:00,61.15,61.78,39.4,61.57,2743577
2023-03-08 13:30:00,61.5792,62.025,39.77,62.0,1663561
2023-03-08 14:30:00,61.9716,62.04,39.61,61.4901,1553945
2023-03-08 15:30:00,61.5,62.21,39.71,62.17,2439766
2023-03-09 09:30:00,62.24,63.205,40.41,62.03,3561856
2023-03-09 10:30:00,62.04,62.38,40.3117,62.05,1613070
2023-03-09 11:30:00,62.05,62.64,40.31,61.8,943704
2023-03-09 12:30:00,61.8,61.82,39.75,61.265,1616596
2023-03-09 13:30:00,61.27,61.31,39.36,61.04,1655133
2023-03-09 14:30:00,61.0468,61.1195,38.96,60.58,1484452
2023-03-09 15:30:00,60.58,60.8,39.06,60.56,1662139
2023-03-10 09:30:00,60.33,60.99,38.72,60.28,2605972
2023-03-10 10:30:00,60.285,60.995,38.33,60.96,1973424
2023-03-10 11:30:00,60.95,61.07,38.5,60.3481,1442638
2023-03-10 12:30:00,60.1843,60.495,38.09,59.82,1756716
2023-03-10 13:30:00,59.8547,60.12,37.9,59.665,2590680
2023-03-10 14:30:00,59.6253,60.26,38.1901,59.96,1916394
2023-03-10 15:30:00,59.9447,59.975,37.96,59.8575,1798623
2023-03-13 09:30:00,58.33,59.36,35.82,58.68,5499531
2023-03-13 10:30:00,58.69,60.0877,37.255,59.7444,2967527
2023-03-13 11:30:00,59.86,60.1498,37.8493,59.56,2181170
2023-03-13 12:30:00,59.55,59.9283,37.65,59.26,1765052
2023-03-13 13:30:00,59.26,59.74,37.59,59.37,1547388
2023-03-13 14:30:00,59.38,59.52,37.32,58.85,1908011
2023-03-13 15:30:00,58.855,59.3967,37.48,59.145,2158491
2023-05-04 09:30:00,59.04,59.84,36.86,58.64,3278328
2023-05-04 10:30:00,58.63,59.08,36.85,58.78,1665918
2023-05-04 11:30:00,58.78,58.8685,36.56,58.535,1441284
2023-05-04 12:30:00,58.545,59.26,36.57,58.89,1219212
2023-05-04 13:30:00,58.88,59.07,36.91,58.7,823682
2023-05-04 14:30:00,58.71,59.07,36.91,58.875,1164273
2023-05-04 15:30:00,58.87,58.94,36.84,58.7,1350779
2023-05-05 09:30:00,60.115,60.9,37.91,60.555,3820489
2023-05-05 10:30:00,60.56,60.71,38.46,60.4,1372027
2023-05-05 11:30:00,60.4,60.78,38.4112,60.65,890479
2023-05-05 12:30:00,60.65,60.77,38.6601,60.6688,796802
2023-05-05 13:30:00,60.66,60.99,38.82,60.87,909568
2023-05-05 14:30:00,60.875,61.085,38.95,60.85,1243137
2023-05-05 15:30:00,60.85,60.86,38.65,60.685,1393505
2023-05-08 09:30:00,60.62,61.15,37.48,59.365,5130214
2023-05-08 10:30:00,59.37,59.83,37.56,59.635,2175578
2023-05-08 11:30:00,59.635,59.68,37.54,59.465,1645361
2023-05-08 12:30:00,59.47,59.79,37.705,59.71,1135286
2023-05-08 13:30:00,59.72,59.77,37.37,59.285,1682045
2023-05-08 14:30:00,59.29,59.49,37.23,59.05,1865221
2023-05-08 15:30:00,59.04,59.15,37.15,58.96,2678215
2023-05-09 09:30:00,58.79,59.65,36.88,59.07,3740367
2023-05-09 10:30:00,59.0601,59.29,37.06,58.88,1719741
2023-05-09 11:30:00,58.88,59.32,37.06,59.045,1318372
2023-05-09 12:30:00,59.045,59.33,37.3101,59.23,1165463
2023-05-09 13:30:00,59.23,59.575,37.4896,59.5,1017598
2023-05-09 14:30:00,59.51,59.63,37.48,59.3099,1273241
2023-05-09 15:30:00,59.305,59.3392,37.15,58.9686,2066609
2023-05-10 09:30:00,36.8,58.92,34.85,56.7599,7375014
2023-05-10 10:30:00,56.76,57.3295,34.8,56.9398,3613844
2023-05-10 11:30:00,56.93,57.43,34.9,57.38,2226574
2023-05-10 12:30:00,57.3834,57.42,34.81,56.6,1996955
2023-05-10 13:30:00,56.6,57.05,34.81,56.99,1865584
2023-05-10 14:30:00,56.99,57.215,35.0201,57.085,1804026
2023-05-10 15:30:00,57.09,57.21,35.04,56.83,2211639
2023-05-11 09:30:00,56.4,57.62,34.72,57.24,4202132
2023-05-11 10:30:00,57.25,57.58,35.25,57.5,1498445
2023-05-11 11:30:00,57.5078,57.77,35.43,57.565,1406293
2023-05-11 12:30:00,57.57,57.79,35.64,57.69,911782
2023-05-11 13:30:00,57.685,57.77,35.61,57.5915,990773
2023-05-11 14:30:00,57.6,57.86,35.79,57.785,1105942
2023-05-11 15:30:00,57.785,58.0,35.65,57.93,2186486
2023-05-12 09:30:00,36.5,58.365,36.11,58.07,2061557
2023-05-12 10:30:00,58.0688,58.3901,36.16,58.185,1394040
2023-05-12 11:30:00,58.185,58.2078,35.97,57.94,1404627
2023-05-12 12:30:00,57.94,58.12,35.99,58.03,850226
2023-05-12 13:30:00,58.03,58.07,35.91,57.97,936278
2023-05-12 14:30:00,57.96,58.07,36.1,57.995,1135076
2023-05-12 15:30:00,57.995,58.125,36.12,58.1,1136500
2023-05-15 09:30:00,58.33,58.77,36.2,58.59,2523001
2023-05-15 10:30:00,58.6,58.8221,36.61,58.53,948665
2023-05-15 11:30:00,58.52,58.635,36.55,58.555,689054
2023-05-15 12:30:00,58.56,58.88,36.68,58.605,963723
2023-05-15 13:30:00,58.6,58.655,36.43,58.33,689440
2023-05-15 14:30:00,58.325,58.5,36.47,58.4457,681331
2023-05-15 15:30:00,58.445,58.53,36.47,58.525,1543247
2023-05-16 09:30:00,58.78,58.87,36.3,58.28,2454766
2023-05-16 10:30:00,58.288,58.3588,36.16,58.2,1317117
2023-05-16 11:30:00,58.2,61.3172,36.205,58.144,1491821
2023-05-16 12:30:00,58.14,58.3388,36.24,58.315,869759
2023-05-16 13:30:00,58.315,58.48,36.41,58.29,976882
2023-05-16 14:30:00,58.2864,58.3099,36.2,58.1049,1144347
2023-05-16 15:30:00,58.11,58.17,36.17,58.14,1301569
2023-05-17 09:30:00,58.59,58.81,36.51,58.59,1774791
2023-05-17 10:30:00,58.6,58.6,36.35,58.515,1425052
2023-05-17 11:30:00,58.515,58.91,36.587,58.905,1102244
2023-05-17 12:30:00,58.905,59.165,36.9801,59.0697,1265407
2023-05-17 13:30:00,59.07,59.12,37.04,58.905,829576
2023-05-17 14:30:00,58.9,59.02,37.0,58.94,993618
2023-05-17 15:30:00,58.94,58.94,36.94,58.92,1254591
2023-05-18 09:30:00,58.83,58.87,35.95,58.255,2495859
2023-05-18 10:30:00,58.26,58.46,36.17,58.085,1435540
2023-05-18 11:30:00,58.0838,58.225,36.07,57.9779,1836216
2023-05-18 12:30:00,58.05,58.27,36.11,58.07,1228208
2023-05-18 13:30:00,58.0748,58.3,36.22,58.24,749644
2023-05-18 14:30:00,58.26,58.35,36.32,58.2734,838364
2023-05-18 15:30:00,58.275,58.4,36.37,58.235,1673292
2023-05-19 09:30:00,59.055,60.23,37.15,59.7875,5821611
2023-05-19 10:30:00,59.79,60.02,37.46,59.3285,1988481
2023-05-19 11:30:00,59.32,59.3842,37.11,59.2999,1387416
2023-05-19 12:30:00,59.2999,59.63,37.3291,59.19,1098526
2023-05-19 13:30:00,59.2,59.34,37.25,59.1188,1155894
2023-05-19 14:30:00,59.115,59.26,37.22,59.085,1181767
2023-05-19 15:30:00,59.09,59.2298,37.22,59.125,1562979
2023-05-22 09:30:00,37.38,59.327,36.92,59.0401,2194792
2023-05-22 10:30:00,59.05,59.27,36.95,59.16,1307474
2023-05-22 11:30:00,59.1689,59.485,37.335,59.36,933401
2023-05-22 12:30:00,59.355,59.44,37.4,59.4,884787
2023-05-22 13:30:00,59.4,59.5099,37.52,59.4499,737648
2023-05-22 14:30:00,59.45,59.53,37.38,59.2606,1093385
2023-05-22 15:30:00,59.225,59.26,37.2,59.045,1275444
2023-05-23 09:30:00,59.54,60.18,37.42,59.8888,2667503
2023-05-23 10:30:00,59.88,60.14,37.86,60.07,1138666
2023-05-23 11:30:00,60.0718,60.28,38.12,60.24,949592
2023-05-23 12:30:00,60.245,60.25,38.085,60.1109,973933
2023-05-23 13:30:00,60.11,60.312,38.07,59.9527,1292528
2023-05-23 14:30:00,60.0,60.13,37.9705,59.9042,982760
2023-05-23 15:30:00,59.905,59.915,37.79,59.675,947394
2023-08-03 09:30:00,60.0,61.3,38.06,61.27,3394431
2023-08-03 10:30:00,61.26,62.08,39.0805,62.005,1474319
2023-08-03 11:30:00,62.0119,62.25,39.7906,61.84,1358453
2023-08-03 12:30:00,61.84,62.07,39.74,61.78,849283
2023-08-03 13:30:00,61.78,62.14,39.79,62.095,904889
2023-08-03 14:30:00,62.09,62.42,40.07,62.175,1475967
2023-08-03 15:30:00,62.175,62.48,40.295,62.21,1773550
2023-08-04 09:30:00,62.46,63.97,40.2,63.7144,3569038
2023-08-04 10:30:00,63.719,64.06,41.8019,63.99,1972234
2023-08-04 11:30:00,63.985,64.52,42.1376,64.47,1947837
2023-08-04 12:30:00,64.47,64.53,42.31,64.43,1624041
2023-08-04 13:30:00,64.43,64.5,41.91,63.9889,1894489
2023-08-04 14:30:00,63.99,64.03,41.73,63.7501,1598967
2023-08-04 15:30:00,63.76,63.835,41.57,63.52,1499115
2023-08-07 09:30:00,63.87,64.29,41.66,63.905,1927664
2023-08-07 10:30:00,63.91,64.0,41.68,63.85,1553980
2023-08-07 11:30:00,63.855,63.94,41.78,63.75,902627
2023-08-07 12:30:00,63.7585,64.04,41.8,64.0,974107
2023-08-07 13:30:00,64.01,64.07,41.81,63.735,750182
2023-08-07 14:30:00,63.725,63.92,41.77,63.7497,1057306
2023-08-07 15:30:00,63.735,63.91,41.79,63.9,1216929
2023-08-08 09:30:00,62.915,63.1,40.5,63.015,1894418
2023-08-08 10:30:00,63.01,63.48,41.08,63.42,1062301
2023-08-08 11:30:00,41.5,63.5315,41.4,63.5,622665
2023-08-08 12:30:00,63.51,63.62,41.46,63.5701,560514
2023-08-08 13:30:00,63.58,63.8,41.56,63.785,620426
2023-08-08 14:30:00,63.79,63.89,41.6606,63.825,919504
2023-08-08 15:30:00,63.83,63.895,41.77,63.74,993470
2023-08-09 09:30:00,64.22,65.07,42.2105,64.62,3321563
2023-08-09 10:30:00,64.62,64.91,42.32,64.3227,1607815
2023-08-09 11:30:00,64.32,64.4899,41.77,63.7306,1266555
2023-08-09 12:30:00,63.72,64.17,41.955,64.133,811020
2023-08-09 13:30:00,64.1349,64.245,42.01,64.16,963963
2023-08-09 14:30:00,64.16,64.2999,42.22,64.2001,888780
2023-08-09 15:30:00,64.21,64.26,41.76,63.82,1380571
2023-08-10 09:30:00,63.895,64.61,41.84,64.6,1776957
2023-08-10 10:30:00,64.59,64.6,42.0,64.05,1506002
2023-08-10 11:30:00,64.04,64.4,41.9,63.8418,964955
2023-08-10 12:30:00,63.84,64.02,41.65,63.62,735963
2023-08-10 13:30:00,63.62,63.7762,41.3537,63.695,864964
2023-08-10 14:30:00,63.695,63.895,41.7,63.645,683584
2023-08-10 15:30:00,63.645,63.805,41.66,63.73,742541
2023-08-11 09:30:00,64.01,65.15,41.82,65.145,3914661
2023-08-11 10:30:00,65.14,65.7799,43.21,65.75,2991550
2023-08-11 11:30:00,65.7509,65.84,43.545,65.665,1896627
2023-08-11 12:30:00,65.665,65.87,43.39,65.4,1678143
2023-08-11 13:30:00,65.395,65.9,43.41,65.8,1955450
2023-08-11 14:30:00,65.8,66.03,43.77,65.945,2411502
2023-08-11 15:30:00,65.95,65.975,43.75,65.85,1737295
2023-08-14 09:30:00,65.43,65.8,42.5388,64.94,2509017
2023-08-14 10:30:00,64.945,65.1064,42.93,65.08,961381
2023-08-14 11:30:00,65.08,65.21,43.0762,65.12,703657
2023-08-14 12:30:00,65.12,65.255,43.11,65.125,632937
2023-08-14 13:30:00,43.22,65.245,43.125,65.1492,685797
2023-08-14 14:30:00,65.15,65.1734,43.05,65.03,627268
2023-08-14 15:30:00,65.03,65.19,43.05,65.11,925929
2023-08-15 09:30:00,64.9,65.0,41.84,63.742,2100426
2023-08-15 10:30:00,63.74,64.2,41.74,64.0486,1157192
2023-08-15 11:30:00,64.045,64.11,41.82,63.795,779657
2023-08-15 12:30:00,63.79,63.88,41.72,63.84,633974
2023-08-15 13:30:00,63.8376,64.24,41.71,63.745,649528
2023-08-15 14:30:00,63.75,63.88,41.52,63.44,803913
2023-08-15 15:30:00,63.445,63.71,41.46,63.545,1118963
2023-08-16 09:30:00,41.6,64.3,41.6,63.82,1727610
2023-08-16 10:30:00,63.8191,64.06,41.79,63.93,915912
2023-08-16 11:30:00,63.925,63.981,41.48,63.41,905784
2023-08-16 12:30:00,63.42,63.49,41.0109,62.973,858507
2023-08-16 13:30:00,62.975,63.3,41.008,63.275,721149
2023-08-16 14:30:00,63.275,63.355,40.65,62.6,982512
2023-08-16 15:30:00,62.6,62.7,40.6,62.55,1072216
2023-08-17 09:30:00,63.34,64.19,41.16,63.955,2170106
2023-08-17 10:30:00,63.96,64.005,41.82,63.815,1579984
2023-08-17 11:30:00,63.815,63.905,41.65,63.8712,664425
2023-08-17 12:30:00,63.8669,63.93,41.73,63.685,561319
2023-08-17 13:30:00,63.68,63.75,41.5,63.535,495386
2023-08-17 14:30:00,63.54,63.54,41.11,63.21,914348
2023-08-17 15:30:00,63.21,63.245,41.11,63.16,950702
2023-08-18 09:30:00,62.57,63.87,40.52,63.45,1911632
2023-08-18 10:30:00,63.455,63.935,41.455,63.85,1014164
2023-08-18 11:30:00,63.85,64.14,41.862,64.075,930347
2023-08-18 12:30:00,64.075,64.23,41.98,64.07,701686
2023-08-18 13:30:00,64.07,64.085,41.82,63.86,921003
2023-08-18 14:30:00,63.86,63.96,41.82,63.89,649131
2023-08-18 15:30:00,63.885,64.08,41.88,64.08,847936
2023-08-21 09:30:00,64.625,64.98,41.86,63.83,1698468
2023-08-21 10:30:00,63.835,63.91,41.64,63.84,905830
2023-08-21 11:30:00,63.84,63.9299,41.63,63.7113,655993
2023-08-21 12:30:00,63.71,64.32,41.34,63.53,735920
2023-08-21 13:30:00,63.53,63.605,41.49,63.545,562299
2023-08-21 14:30:00,63.55,63.845,41.58,63.75,542020
2023-08-21 15:30:00,63.755,63.85,41.79,63.73,861824
2023-08-22 09:30:00,63.63,63.85,41.43,63.44,1075281
2023-08-22 10:30:00,63.435,63.44,41.05,63.19,1258819
2023-08-22 11:30:00,63.2471,63.39,41.23,63.39,420725
2023-08-22 12:30:00,63.39,63.415,40.99,63.0179,396432
2023-08-22 13:30:00,63.02,63.12,40.9506,63.035,423451
2023-08-22 14:30:00,63.03,63.21,40.9401,63.07,435121
2023-08-22 15:30:00,63.06,63.0759,40.92,62.91,832093
2023-11-02 09:30:00,61.48,62.6,39.1518,62.205,1694584
2023-11-02 10:30:00,62.21,62.78,40.22,62.68,1059334
2023-11-02 11:30:00,62.68,62.91,40.67,62.715,654908
2023-11-02 12:30:00,62.7216,63.1201,40.84,63.01,731562
2023-11-02 13:30:00,63.02,63.225,41.0,62.9764,790297
2023-11-02 14:30:00,62.9803,63.01,40.76,62.98,598906
2023-11-02 15:30:00,62.985,63.33,41.07,63.28,1232495
2023-11-03 09:30:00,63.115,63.4473,40.6385,62.575,1599532
2023-11-03 10:30:00,62.575,62.72,40.32,62.5202,1105560
2023-11-03 11:30:00,62.532,63.25,40.62,62.86,1057088
2023-11-03 12:30:00,62.855,62.97,40.68,62.66,873111
2023-11-03 13:30:00,62.66,62.74,40.59,62.6,827544
2023-11-03 14:30:00,62.6018,62.83,40.64,62.805,976388
2023-11-03 15:30:00,62.8036,63.04,40.79,62.98,1555096
2023-11-06 09:30:00,41.3,63.3788,40.5,62.64,1820483
2023-11-06 10:30:00,62.63,62.72,40.25,62.205,1015687
2023-11-06 11:30:00,62.2,62.34,40.14,62.06,747562
2023-11-06 12:30:00,40.15,62.18,39.81,61.835,827404
2023-11-06 13:30:00,61.838,61.9,39.6582,61.8434,754039
2023-11-06 14:30:00,61.845,62.017,39.8342,61.835,865068
2023-11-06 15:30:00,61.84,61.98,39.76,61.76,1340104
2023-11-07 09:30:00,60.85,61.02,38.12,60.17,3124026
2023-11-07 10:30:00,60.1638,60.5,38.2,60.19,1732988
2023-11-07 11:30:00,60.195,60.895,38.2,60.26,1086968
2023-11-07 12:30:00,60.26,60.5,38.24,60.445,1092670
2023-11-07 13:30:00,60.445,60.65,38.46,60.475,1279677
2023-11-07 14:30:00,60.48,60.51,38.21,60.22,1682536
2023-11-07 15:30:00,60.225,60.32,38.2018,60.21,1935780
2023-11-08 09:30:00,61.06,62.28,38.86,61.41,3813660
2023-11-08 10:30:00,61.4,61.83,39.4004,61.72,1365788
2023-11-08 11:30:00,61.7278,61.9,39.4706,61.685,1111899
2023-11-08 12:30:00,61.68,61.6894,39.2818,61.4146,779830
2023-11-08 13:30:00,61.42,61.76,39.45,61.62,858830
2023-11-08 14:30:00,61.615,61.62,39.25,61.27,1022781
2023-11-08 15:30:00,61.27,61.42,39.1603,61.15,1723176
2023-11-09 09:30:00,61.535,61.9,39.08,61.27,1415310
2023-11-09 10:30:00,61.2799,61.4902,39.07,61.11,1182232
2023-11-09 11:30:00,61.11,61.16,38.841,61.015,658056
2023-11-09 12:30:00,61.02,61.135,38.89,60.87,622319
2023-11-09 13:30:00,60.8697,60.95,38.75,60.82,640735
2023-11-09 14:30:00,60.815,60.8851,38.65,60.715,802083
2023-11-09 15:30:00,60.715,60.77,38.59,60.585,1100279
2023-11-10 09:30:00,61.04,61.24,38.52,60.6925,1815377
2023-11-10 10:30:00,60.68,60.72,38.244,60.42,1037269
2023-11-10 11:30:00,60.425,60.53,38.35,60.435,790618
2023-11-10 12:30:00,60.4392,61.09,38.5115,60.9698,806272
2023-11-10 13:30:00,60.97,61.11,38.8,60.8096,739064
2023-11-10 14:30:00,60.845,61.05,38.82,61.04,753212
2023-11-10 15:30:00,61.04,61.05,38.94,60.97,1000297
2023-11-13 09:30:00,61.135,61.48,38.91,61.22,1547700
2023-11-13 10:30:00,61.215,61.36,39.16,61.285,742683
2023-11-13 11:30:00,61.285,61.36,39.16,61.225,555747
2023-11-13 12:30:00,61.22,61.35,39.151,61.265,1384752
2023-11-13 13:30:00,61.26,61.42,39.23,61.25,424891
2023-11-13 14:30:00,61.26,61.6,39.28,61.54,756410
2023-11-13 15:30:00,61.54,61.65,39.5,61.62,1206478
2023-11-14 09:30:00,61.75,62.04,39.7578,62.035,1547544
2023-11-14 10:30:00,62.0398,62.15,39.8926,61.9801,1210578
2023-11-14 11:30:00,61.98,62.03,39.71,61.715,712180
2023-11-14 12:30:00,61.72,61.82,39.61,61.75,511487
2023-11-14 13:30:00,61.75,61.91,39.7508,61.82,653280
2023-11-14 14:30:00,61.8137,62.0,39.86,61.85,720023
2023-11-14 15:30:00,61.855,61.91,39.74,61.735,951984
2023-11-15 09:30:00,61.585,61.98,39.44,61.915,1117936
2023-11-15 10:30:00,61.92,62.22,39.98,62.005,867048
2023-11-15 11:30:00,62.0,62.165,39.93,62.1311,711599
2023-11-15 12:30:00,62.13,62.21,40.11,62.14,841635
2023-11-15 13:30:00,62.1422,62.19,39.8203,61.83,918174
2023-11-15 14:30:00,61.825,61.9,39.49,61.565,773052
2023-11-15 15:30:00,61.57,61.62,39.38,61.3,1175219
2023-11-16 09:30:00,60.64,60.91,37.92,60.285,2417939
2023-11-16 10:30:00,60.285,60.66,37.93,60.03,1901110
2023-11-16 11:30:00,60.03,60.64,37.68,59.81,1634938
2023-11-16 12:30:00,59.805,59.96,37.7606,59.855,1133518
2023-11-16 13:30:00,59.855,60.145,37.92,59.995,941909
2023-11-16 14:30:00,59.995,60.21,38.0,60.17,1057280
2023-11-16 15:30:00,60.165,60.37,38.15,60.32,1249755
2023-11-17 09:30:00,60.62,61.07,38.57,60.835,1915965
2023-11-17 10:30:00,60.84,61.1,38.78,60.925,943139
2023-11-17 11:30:00,60.92,61.18,38.93,61.155,732193
2023-11-17 12:30:00,61.15,64.59,39.16,61.375,961437
2023-11-17 13:30:00,61.3776,61.58,39.3212,61.465,1110594
2023-11-17 14:30:00,61.46,61.55,39.2822,61.365,832539
2023-11-17 15:30:00,61.365,61.375,39.0011,60.96,1840331
2023-11-20 09:30:00,61.34,62.01,39.2553,61.985,1383397
2023-11-20 10:30:00,61.98,62.0,39.5301,61.56,701445
2023-11-20 11:30:00,61.565,61.68,39.52,61.58,593784
2023-11-20 12:30:00,61.585,61.65,39.46,61.5,589794
2023-11-20 13:30:00,61.495,61.5899,39.367,61.395,595970
2023-11-20 14:30:00,61.395,61.53,39.32,61.4482,760615
2023-11-20 15:30:00,61.445,61.445,39.16,61.14,808128
2023-11-21 09:30:00,60.87,60.965,38.3501,60.5764,1487117
2023-11-21 10:30:00,60.575,61.035,38.6,60.93,762199
2023-11-21 11:30:00,60.925,61.09,38.92,60.9395,628205
2023-11-21 12:30:00,60.94,61.045,38.9108,60.93,365758
2023-11-21 13:30:00,60.9378,61.14,38.938,61.12,492335
2023-11-21 14:30:00,61.12,61.13,38.77,60.84,928797
2023-11-21 15:30:00,60.84,60.8899,38.787,60.75,1005357
2023-12-06 09:30:00,56.94,57.31,34.7,56.975,2430405
2023-12-06 10:30:00,56.97,57.1,34.5,56.7,2127626
2023-12-06 11:30:00,56.71,56.78,34.3376,56.402,2157972
2023-12-06 12:30:00,56.4,56.68,34.4,56.65,1395201
2023-12-06 13:30:00,56.6499,56.87,34.63,56.67,1329437
2023-12-06 14:30:00,56.68,56.77,34.47,56.505,962310
2023-12-06 15:30:00,56.5005,56.53,34.41,56.48,1805941
2023-12-07 09:30:00,56.65,57.14,34.77,56.73,1929722
2023-12-07 10:30:00,56.74,56.86,34.3713,56.28,1659986
2023-12-07 11:30:00,56.28,56.31,34.18,56.0179,1664446
2023-12-07 12:30:00,56.02,56.29,34.045,56.2576,2012589
2023-12-07 13:30:00,56.255,56.33,34.31,56.194,929067
2023-12-07 14:30:00,56.2,56.42,34.34,56.405,1483701
2023-12-07 15:30:00,56.41,56.44,34.41,56.4,1522603
2023-12-08 09:30:00,35.19,56.95,34.59,56.8192,2335861
2023-12-08 10:30:00,56.82,56.95,34.73,56.59,1302005
2023-12-08 11:30:00,56.59,56.74,34.55,56.4468,903546
2023-12-08 12:30:00,56.45,56.56,34.51,56.51,638487
2023-12-08 13:30:00,56.5127,56.755,34.59,56.48,618789
2023-12-08 14:30:00,56.48,56.55,34.55,56.4152,816328
2023-12-08 15:30:00,56.415,56.52,34.58,56.46,1223071
2023-12-11 09:30:00,56.34,57.21,34.16,57.135,4329087
2023-12-11 10:30:00,57.135,57.165,35.13,56.96,1746391
2023-12-11 11:30:00,56.965,57.11,34.73,56.67,1919035
2023-12-11 12:30:00,56.66,56.945,34.835,56.875,1191723
2023-12-11 13:30:00,56.875,56.95,35.0,56.92,1226734
2023-12-11 14:30:00,56.925,57.05,35.03,35.14,1454458
2023-12-11 15:30:00,56.97,57.08,35.03,57.06,2233858
2023-12-12 09:30:00,34.6,56.72,33.77,55.77,6218480
2023-12-12 10:30:00,55.7762,55.98,33.73,55.62,2263870
2023-12-12 11:30:00,55.615,55.67,33.62,55.555,3905804
2023-12-12 12:30:00,55.55,55.5931,33.35,55.185,2882491
2023-12-12 13:30:00,55.1872,55.27,33.3124,55.265,1801207
2023-12-12 14:30:00,55.265,55.58,33.39,55.5676,2083620
2023-12-12 15:30:00,55.57,55.66,33.68,55.56,3072645
2023-12-13 09:30:00,55.67,56.27,33.86,55.9,3049596
2023-12-13 10:30:00,55.91,56.38,34.1,56.2,1712796
2023-12-13 11:30:00,56.205,56.34,34.2191,56.11,1185937
2023-12-13 12:30:00,56.1,56.36,34.22,56.035,1200392
2023-12-13 13:30:00,56.0303,56.83,34.2,56.6798,2229200
2023-12-13 14:30:00,56.6724,57.1,34.69,56.95,2176060
2023-12-13 15:30:00,56.945,57.27,35.13,57.23,2518417
2023-12-14 09:30:00,58.77,59.68,36.65,59.23,6314178
2023-12-14 10:30:00,59.23,59.32,37.0601,59.0401,2476200
2023-12-14 11:30:00,59.045,59.22,37.1353,58.97,1997445
2023-12-14 12:30:00,58.9612,59.25,37.04,59.1499,1751304
2023-12-14 13:30:00,59.145,59.21,36.9001,58.825,1455834
2023-12-14 14:30:00,58.8201,58.95,36.83,58.785,1465924
2023-12-14 15:30:00,58.79,58.86,36.85,58.78,2385512
2023-12-15 09:30:00,58.6,58.95,36.2636,58.16,3751896
2023-12-15 10:30:00,58.165,58.4378,36.28,58.23,1352067
2023-12-15 11:30:00,58.2299,58.43,36.28,58.31,879188
2023-12-15 12:30:00,58.31,58.59,36.3583,58.335,728841
2023-12-15 13:30:00,58.335,58.36,36.33,58.2033,819025
2023-12-15 14:30:00,58.2153,58.375,36.3694,58.365,1052435
2023-12-15 15:30:00,58.37,58.5799,36.46,58.53,1444066
2023-12-18 09:30:00,37.56,59.89,37.54,59.3981,3154387
2023-12-18 10:30:00,59.4,59.51,37.1913,59.415,1260848
2023-12-18 11:30:00,59.42,59.79,37.3763,59.52,787698
2023-12-18 12:30:00,59.5157,59.52,37.4,59.4276,533577
2023-12-18 13:30:00,59.425,59.4377,37.3664,59.285,682745
2023-12-18 14:30:00,59.2897,59.33,37.25,59.14,611824
2023-12-18 15:30:00,59.135,59.15,37.12,58.97,987765
2023-12-19 09:30:00,59.13,59.34,37.0,59.15,2269517
2023-12-19 10:30:00,59.145,59.61,37.19,59.59,1271485
2023-12-19 11:30:00,59.58,59.8,37.67,59.725,1199818
2023-12-19 12:30:00,59.725,59.92,37.8064,59.875,1007622
2023-12-19 13:30:00,59.875,60.13,37.98,60.07,1491752
2023-12-19 14:30:00,60.075,60.288461,38.19,60.155,1345421
2023-12-19 15:30:00,60.155,60.33,38.21,60.32,1474648
2023-12-20 09:30:00,60.535,61.055,38.4,60.9799,2441868
2023-12-20 10:30:00,60.97,60.975,38.77,60.83,1013577
2023-12-20 11:30:00,60.825,60.88,38.8216,60.765,1033989
2023-12-20 12:30:00,60.765,60.805,38.76,60.645,944283
2023-12-20 13:30:00,60.64,60.768,38.74,60.705,929416
2023-12-20 14:30:00,60.7103,60.72,38.27,60.2368,2148269
2023-12-20 15:30:00,60.24,60.34,38.25,60.18,1996184
2023-12-21 09:30:00,60.0,60.38,37.95,60.08,2133192
2023-12-21 10:30:00,60.09,60.47,38.2612,60.4621,1294473
2023-12-21 11:30:00,60.4621,60.54,38.16,60.075,1147669
2023-12-21 12:30:00,60.08,60.2799,38.2,60.2649,998259
2023-12-21 13:30:00,60.27,60.46,38.2901,60.45,823454
2023-12-21 14:30:00,60.4534,60.51,38.27,60.32,1162112
2023-12-21 15:30:00,60.315,60.47,38.397,60.43,1292387
2023-12-22 09:30:00,61.34,61.91,39.33,61.86,3092175
2023-12-22 10:30:00,61.8588,61.94,39.25,61.15,1967328
2023-12-22 11:30:00,61.15,61.19,39.13,61.1535,1047943
2023-12-22 12:30:00,61.16,61.4,39.27,61.21,1249333
2023-12-22 13:30:00,61.21,61.65,39.1,60.895,847009
2023-12-22 14:30:00,60.9,61.11,39.01,60.91,832714
2023-12-22 15:30:00,60.915,60.92,38.84,60.8,1258726
2024-02-08 09:30:00,57.81,58.04,35.65,57.9,1676187
2024-02-08 10:30:00,57.91,58.015,35.8805,57.91,864885
2024-02-08 11:30:00,57.9,58.1,35.94,58.0132,983163
2024-02-08 12:30:00,58.01,58.14,35.9,57.895,732453
2024-02-08 13:30:00,57.9,58.085,35.92,58.035,500705
2024-02-08 14:30:00,58.04,58.3,36.01,58.1699,842758
2024-02-08 15:30:00,58.165,58.215,36.09,58.04,1377350
2024-02-09 09:30:00,58.22,58.35,35.86,57.9752,1740715
2024-02-09 10:30:00,57.97,58.055,35.597,57.57,1329389
2024-02-09 11:30:00,57.58,57.78,35.4835,57.64,839763
2024-02-09 12:30:00,57.645,57.645,35.49,57.5412,747394
2024-02-09 13:30:00,57.55,58.1,35.49,57.54,497041
2024-02-09 14:30:00,57.535,57.55,35.3508,57.455,1056921
2024-02-09 15:30:00,57.46,57.48,35.29,57.46,1341916
2024-02-12 09:30:00,57.51,58.09,35.71,57.855,1696935
2024-02-12 10:30:00,57.85,57.95,35.79,57.9,998518
2024-02-12 11:30:00,57.89,58.31,35.96,58.245,1073615
2024-02-12 12:30:00,58.25,58.45,36.24,58.365,817810
2024-02-12 13:30:00,58.3634,58.4999,36.2404,58.255,919923
2024-02-12 14:30:00,58.2501,58.27,36.18,58.13,1017698
2024-02-12 15:30:00,58.135,58.22,35.97,58.06,1379868
2024-02-13 09:30:00,57.96,58.16,35.0878,57.17,2974268
2024-02-13 10:30:00,57.16,57.57,35.15,57.475,1770384
2024-02-13 11:30:00,57.475,57.7099,35.5,57.62,967918
2024-02-13 12:30:00,57.615,57.875,35.6135,57.64,727963
2024-02-13 13:30:00,57.64,57.77,35.42,57.395,824671
2024-02-13 14:30:00,57.395,57.43,35.18,57.265,1106973
2024-02-13 15:30:00,57.265,57.63,35.31,57.6,1257448
2024-02-14 09:30:00,35.71,58.33,35.463,57.3799,3002487
2024-02-14 10:30:00,57.38,58.09,35.11,57.44,2055284
2024-02-14 11:30:00,57.44,57.825855,35.17,57.365,1058171
2024-02-14 12:30:00,57.365,57.6382,35.3191,57.295,835130
2024-02-14 13:30:00,57.295,57.425,35.25,57.3999,904682
2024-02-14 14:30:00,57.3988,57.54,35.31,57.3199,1435236
2024-02-14 15:30:00,57.31,57.39,35.25,57.3,1938400
2024-02-15 09:30:00,57.41,59.22,35.41,59.049,5804751
2024-02-15 10:30:00,59.04,59.41,36.68,59.225,3205228
2024-02-15 11:30:00,59.22,59.7,37.11,59.63,2555351
2024-02-15 12:30:00,59.63,59.74,37.4103,59.68,1779408
2024-02-15 13:30:00,59.68,59.93,37.46,59.859,2105937
2024-02-15 14:30:00,59.855,60.09,37.7801,59.98,2287164
2024-02-15 15:30:00,59.9801,60.14,37.84,60.11,3027703
2024-02-16 09:30:00,60.38,60.54,38.08,60.355,3420702
2024-02-16 10:30:00,60.35,60.48,38.3,60.355,1828177
2024-02-16 11:30:00,60.355,60.7177,38.3105,60.53,1936004
2024-02-16 12:30:00,60.5367,60.8,38.42,60.52,1209659
2024-02-16 13:30:00,60.525,60.79,38.498,60.78,1098707
2024-02-16 14:30:00,60.7778,60.82,38.6002,60.785,1458820
2024-02-16 15:30:00,60.79,60.875,38.55,60.51,1876296
2024-02-20 09:30:00,60.53,60.53,37.55,59.8717,3005760
2024-02-20 10:30:00,59.875,59.895,37.24,59.4557,1970628
2024-02-20 11:30:00,59.46,60.12,37.45,59.98,4072665
2024-02-20 12:30:00,59.985,59.985,37.4,59.5,1530673
2024-02-20 13:30:00,59.4901,59.52,37.2701,59.35,1525849
2024-02-20 14:30:00,59.3586,59.58,37.21,59.1885,1498921
2024-02-20 15:30:00,59.2177,59.64,37.24,59.56,2276940
2024-02-21 09:30:00,37.41,59.98,37.4,59.885,2357220
2024-02-21 10:30:00,59.89,60.11,37.8708,60.0907,1346670
2024-02-21 11:30:00,60.095,60.13,37.93,59.885,1156099
2024-02-21 12:30:00,59.885,60.33,37.9,60.32,1024263
2024-02-21 13:30:00,60.32,60.43,38.18,60.27,1353688
2024-02-21 14:30:00,60.275,60.31,38.1,60.2382,1084504
2024-02-21 15:30:00,60.2389,60.53,38.25,60.48,1476360
2024-02-22 09:30:00,60.24,60.52,37.92,60.39,2451572
2024-02-22 10:30:00,60.39,60.83,38.325,60.75,1482890
2024-02-22 11:30:00,60.76,60.87,38.4493,60.5199,1030125
2024-02-22 12:30:00,60.52,60.8,38.45,60.575,805751
2024-02-22 13:30:00,60.58,60.75,38.5,60.71,848243
2024-02-22 14:30:00,60.7166,60.7214,38.37,60.43,882914
2024-02-22 15:30:00,60.44,60.57,38.4,60.5266,1021981
2024-02-23 09:30:00,60.0,60.08,37.51,59.72,2318330
2024-02-23 10:30:00,59.72,60.14,37.752,59.9834,992064
2024-02-23 11:30:00,60.015,60.02,37.855,59.83,708588
2024-02-23 12:30:00,59.835,60.02,37.85,59.93,827904
2024-02-23 13:30:00,59.9376,60.185,37.9518,60.0033,748408
2024-02-23 14:30:00,60.03,60.23,38.0414,60.165,721226
2024-02-23 15:30:00,60.16,60.19,38.045,60.02,923436
2024-02-26 09:30:00,59.73,60.76,37.58,60.635,2490052
2024-02-26 10:30:00,60.63,60.665,38.32,60.475,1132031
2024-02-26 11:30:00,60.47,60.55,38.37,60.39,834385
2024-02-26 12:30:00,60.39,60.58,38.37,60.455,735528
2024-02-26 13:30:00,60.46,60.59,38.35,60.59,656041
2024-02-26 14:30:00,60.585,60.72,38.55,60.7176,801178
2024-02-26 15:30:00,60.7177,60.72,38.5,60.47,1175440
2024-02-27 09:30:00,60.93,60.99,38.39,60.455,1985841
2024-02-27 10:30:00,60.46,60.675,38.2,60.655,914520
2024-02-27 11:30:00,60.66,60.795,38.6501,60.78,611803
2024-02-27 12:30:00,60.779,60.92,38.6409,60.7869,750378
2024-02-27 13:30:00,60.79,60.88,38.6704,60.615,577325
2024-02-27 14:30:00,60.6227,60.665,38.5415,60.655,588178
2024-02-27 15:30:00,60.6288,60.77,38.65,60.6,982751
2024-05-02 09:30:00,64.76,65.38,42.23,64.56,1231652
2024-05-02 10:30:00,64.56,64.77,42.42,64.435,603775
2024-05-02 11:30:00,64.435,64.525,42.3,64.325,469168
2024-05-02 12:30:00,64.3218,64.97,42.42,64.948,669803
2024-05-02 13:30:00,64.95,64.96,42.8109,64.83,450658
2024-05-02 14:30:00,64.835,65.01,42.85,64.9,633719
2024-05-02 15:30:00,64.89,64.9001,42.63,64.665,848020
2024-05-03 09:30:00,42.84,64.91,42.12,64.23,1123491
2024-05-03 10:30:00,64.22,64.64,41.81,64.01,1578381
2024-05-03 11:30:00,64.02,64.64,42.08,64.2842,733059
2024-05-03 12:30:00,64.27,64.48,42.3,64.3859,486290
2024-05-03 13:30:00,64.35,64.385,42.2495,64.265,418375
2024-05-03 14:30:00,64.27,64.3,42.23,64.27,601756
2024-05-03 15:30:00,64.26,64.53,42.345,64.3866,1004809
2024-05-06 09:30:00,64.91,65.78,42.8,65.66,1550409
2024-05-06 10:30:00,65.65,65.74,43.51,65.4,982842
2024-05-06 11:30:00,65.4,65.6684,43.3716,65.645,748592
2024-05-06 12:30:00,65.645,65.65,43.0401,65.0401,994672
2024-05-06 13:30:00,65.045,65.06,42.93,64.9703,895876
2024-05-06 14:30:00,64.975,65.1585,42.97,65.0951,1029754
2024-05-06 15:30:00,65.09,65.14,43.11,65.03,1275192
2024-05-07 09:30:00,64.895,65.384,42.84,65.14,1212288
2024-05-07 10:30:00,65.14,65.225,43.0579,65.205,670311
2024-05-07 11:30:00,65.205,67.08,43.15,65.355,563304
2024-05-07 12:30:00,65.35,65.45,43.33,65.43,476639
2024-05-07 13:30:00,65.425,65.44,43.2401,65.225,608783
2024-05-07 14:30:00,65.225,65.29,43.1401,65.1074,791243
2024-05-07 15:30:00,65.115,65.26,43.07,65.05,929129
2024-05-08 09:30:00,64.09,64.6699,42.0,64.12,2524616
2024-05-08 10:30:00,64.12,64.56,42.2,64.424,1056315
2024-05-08 11:30:00,64.43,64.6,42.116,64.06,674275
2024-05-08 12:30:00,64.057,64.21,42.012,64.04,636351
2024-05-08 13:30:00,64.035,64.11,41.52,63.5625,1226485
2024-05-08 14:30:00,63.62,64.66,41.53,63.708,858484
2024-05-08 15:30:00,63.715,63.786666,41.7012,63.69,1139608
2024-05-09 09:30:00,63.825,64.571666,41.66,64.5,1569297
2024-05-09 10:30:00,64.51,64.54,42.36,64.31,529722
2024-05-09 11:30:00,64.3039,64.32,42.21,64.225,352888
2024-05-09 12:30:00,64.225,64.255,42.13,64.225,290072
2024-05-09 13:30:00,64.225,64.29,42.19,64.215,334201
2024-05-09 14:30:00,64.217,64.375,42.2401,64.32,465058
2024-05-09 15:30:00,64.31,64.345,42.25,64.27,833733
2024-05-10 09:30:00,42.32,64.7199,42.11,64.095,951019
2024-05-10 10:30:00,64.095,64.26,42.08,64.18,451444
2024-05-10 11:30:00,64.18,64.2,41.88,63.78,433318
2024-05-10 12:30:00,63.78,63.845,41.8,63.828,334208
2024-05-10 13:30:00,63.8275,63.88,41.6,63.55,1079479
2024-05-10 14:30:00,63.55,63.62,41.53,63.555,1443233
2024-05-10 15:30:00,63.5599,63.64,41.545,63.56,1126531
2024-05-13 09:30:00,63.68,63.93,41.37,63.36,1076917
2024-05-13 10:30:00,63.35,63.54,41.13,63.05,505410
2024-05-13 11:30:00,63.05,63.17,41.05,63.1112,732473
2024-05-13 12:30:00,63.115,63.13,40.6601,62.705,890119
2024-05-13 13:30:00,62.7069,62.79,40.5544,62.76,734302
2024-05-13 14:30:00,62.759,62.99,40.82,62.835,644556
2024-05-13 15:30:00,62.835,62.97,40.8201,62.91,1020848
2024-05-14 09:30:00,62.92,63.3,40.82,62.9096,843228
2024-05-14 10:30:00,62.9,63.1,40.86,62.97,454490
2024-05-14 11:30:00,62.97,63.165,40.795,62.735,467596
2024-05-14 12:30:00,62.74,62.89,40.77,62.815,438541
2024-05-14 13:30:00,62.81,62.9363,40.73,62.8614,426713
2024-05-14 14:30:00,62.865,63.015,40.94,62.955,459408
2024-05-14 15:30:00,62.955,63.105,40.96,63.04,748139
2024-05-15 09:30:00,62.91,63.18,40.0714,62.3108,1632191
2024-05-15 10:30:00,62.29,63.05,40.351,63.0309,907110
2024-05-15 11:30:00,63.03,63.41,41.02,63.18,721491
2024-05-15 12:30:00,63.1976,63.42,41.21,63.34,275079
2024-05-15 13:30:00,63.32,63.3326,41.06,63.08,299979
2024-05-15 14:30:00,63.08,63.195,41.0501,63.165,598065
2024-05-15 15:30:00,63.16,63.55,41.2107,63.4,1031306
2024-05-16 09:30:00,63.33,63.6005,40.88,63.13,1255045
2024-05-16 10:30:00,63.14,63.29,41.035,62.92,593279
2024-05-16 11:30:00,62.915,63.05,40.8709,62.92,424559
2024-05-16 12:30:00,62.91,62.99,40.8729,62.91,579268
2024-05-16 13:30:00,62.9358,62.98,40.8,62.81,561840
2024-05-16 14:30:00,62.805,63.02,40.81,62.97,488533
2024-05-16 15:30:00,62.9945,63.05,40.92,62.87,728109
2024-05-17 09:30:00,62.98,63.26,40.74,63.1672,1346713
2024-05-17 10:30:00,63.16,63.3,41.02,63.14,520928
2024-05-17 11:30:00,63.145,63.1575,41.0,62.915,463243
2024-05-17 12:30:00,62.9494,63.25,40.995,63.18,438482
2024-05-17 13:30:00,63.18,63.37,41.18,63.37,512693
2024-05-17 14:30:00,63.3603,63.51,41.3703,63.4199,720438
2024-05-17 15:30:00,63.4101,63.55,41.46,63.44,1648646
2024-05-20 09:30:00,63.65,63.75,40.96,63.529,1590700
2024-05-20 10:30:00,63.54,63.71,41.48,63.605,577977
2024-05-20 11:30:00,63.605,63.69,41.4863,63.4946,497243
2024-05-20 12:30:00,63.5,63.53,41.28,63.23,399857
2024-05-20 13:30:00,63.23,63.65,41.17,63.37,377627
2024-05-20 14:30:00,63.365,63.42,41.25,63.3905,396457
2024-05-20 15:30:00,63.38,63.59,41.38,63.59,642311
2024-05-21 09:30:00,41.18,63.98,41.08,63.95,1142716
2024-05-21 10:30:00,63.959,64.07,41.66,63.635,537864
2024-05-21 11:30:00,63.64,63.74,41.3519,63.4,367853
2024-05-21 12:30:00,63.4,63.59,41.4619,63.44,265991
2024-05-21 13:30:00,63.45,63.6,41.4668,63.4567,212783
2024-05-21 14:30:00,63.445,63.4636,41.2914,63.39,431168
2024-05-21 15:30:00,63.39,63.47,41.3,63.355,582974
2024-08-01 09:30:00,60.83,60.9794,37.8,59.905,1621830
2024-08-01 10:30:00,59.9,60.14,37.66,59.77,1304978
2024-08-01 11:30:00,59.77,59.89,37.6,59.6245,751123
2024-08-01 12:30:00,59.62,63.2,37.23,59.125,857247
2024-08-01 13:30:00,59.1288,59.1545,36.85,58.84,1278076
2024-08-01 14:30:00,58.84,61.34,36.8935,59.1,1096829
2024-08-01 15:30:00,59.1,59.415,37.23,59.39,1515558
2024-08-02 09:30:00,58.64,58.79,35.0,56.93,3799023
2024-08-02 10:30:00,56.9207,57.13,34.55,34.78,3471083
2024-08-02 11:30:00,56.7,57.34,34.76,57.135,2003004
2024-08-02 12:30:00,57.134,57.355,35.035,57.155,1524409
2024-08-02 13:30:00,57.155,57.2999,34.95,57.2814,1045977
2024-08-02 14:30:00,57.28,57.53,35.32,57.46,1312486
2024-08-02 15:30:00,57.46,57.75,35.35,57.67,1892963
2024-08-05 09:30:00,33.8,56.25,33.17,55.6,4407420
2024-08-05 10:30:00,55.61,55.99,33.68,55.88,1619268
2024-08-05 11:30:00,55.875,56.695,33.97,56.595,1693271
2024-08-05 12:30:00,56.595,56.6136,34.35,56.2801,901351
2024-08-05 13:30:00,56.2828,56.41,34.25,56.3,710080
2024-08-05 14:30:00,56.29,56.35,34.1706,56.24,1097084
2024-08-05 15:30:00,56.24,56.274167,33.95,56.19,1698175
2024-08-06 09:30:00,34.33,56.63,34.12,56.2,2077735
2024-08-06 10:30:00,56.2,56.5499,34.13,56.0698,1270025
2024-08-06 11:30:00,56.07,56.458,34.13,56.31,749222
2024-08-06 12:30:00,56.3154,56.43,34.22,56.4,792843
2024-08-06 13:30:00,56.41,56.46,34.3,56.415,601610
2024-08-06 14:30:00,56.425,56.55,34.33,56.435,1000354
2024-08-06 15:30:00,56.43,56.57,34.24,56.12,1586507
2024-08-07 09:30:00,57.24,57.27,34.48,56.4795,1941908
2024-08-07 10:30:00,56.48,56.9998,34.5329,35.002,1179889
2024-08-07 11:30:00,56.9145,57.015,34.75,56.8483,996793
2024-08-07 12:30:00,56.845,56.95,34.6,56.58,841458
2024-08-07 13:30:00,56.58,56.75,34.32,56.35,1137318
2024-08-07 14:30:00,56.32,56.52,34.3101,56.375,998057
2024-08-07 15:30:00,56.37,56.435,34.15,56.11,1762146
2024-08-08 09:30:00,57.525,58.38,35.24,58.21,3641930
2024-08-08 10:30:00,58.21,58.57,36.19,58.415,1715901
2024-08-08 11:30:00,58.42,58.64,36.2401,58.59,915149
2024-08-08 12:30:00,58.59,59.02,36.64,58.95,971795
2024-08-08 13:30:00,58.95,59.31,36.93,58.9432,1662469
2024-08-08 14:30:00,58.94,59.005,36.7189,36.885,1274953
2024-08-08 15:30:00,58.84,58.97,36.59,58.5,1910639
2024-08-09 09:30:00,37.0,58.76,35.88,57.89,1725720
2024-08-09 10:30:00,57.8895,58.8793,35.91,58.1199,940805
2024-08-09 11:30:00,58.1813,58.42,36.1508,58.3425,640990
2024-08-09 12:30:00,58.41,58.57,36.4401,58.4988,587282
2024-08-09 13:30:00,58.4988,58.51,36.1,58.32,1020207
2024-08-09 14:30:00,58.32,58.65,36.31,58.49,764732
2024-08-09 15:30:00,58.48,58.58,36.385,58.41,1196784
2024-08-12 09:30:00,58.84,59.03,36.38,36.5278,1509271
2024-08-12 10:30:00,58.47,58.89,36.5,58.7,812001
2024-08-12 11:30:00,58.695,59.11,36.66,59.0302,989807
2024-08-12 12:30:00,59.026,59.1,36.83,58.83,826364
2024-08-12 13:30:00,58.81,61.5923,36.86,58.97,395261
2024-08-12 14:30:00,58.96,59.09,36.87,59.015,712867
2024-08-12 15:30:00,59.015,59.08,36.83,58.98,878091
2024-08-13 09:30:00,57.61,57.88,35.11,57.375,6253864
2024-08-13 10:30:00,57.375,57.78,35.3,57.6175,2282996
2024-08-13 11:30:00,57.6112,57.95,35.69,57.79,2168304
2024-08-13 12:30:00,57.79,57.8446,35.6401,57.645,1296083
2024-08-13 13:30:00,57.64,57.93,35.73,57.8351,1375783
2024-08-13 14:30:00,57.84,57.91,35.57,57.56,2083739
2024-08-13 15:30:00,57.56,57.67,35.35,57.48,3415566
2024-08-14 09:30:00,57.73,57.74,35.34,57.235,2159026
2024-08-14 10:30:00,57.235,57.3018,34.75,56.895,2813424
2024-08-14 11:30:00,56.8987,61.0477,34.9,57.025,1189039
2024-08-14 12:30:00,57.025,57.094,34.91,57.01,1082243
2024-08-14 13:30:00,57.01,57.17,35.04,57.045,971439
2024-08-14 14:30:00,57.04,57.35,35.12,57.131,1414907
2024-08-14 15:30:00,57.13,57.1775,34.98,56.94,1764675
2024-08-15 09:30:00,57.28,57.72,35.18,57.495,2536717
2024-08-15 10:30:00,57.5,57.94,35.5401,57.8888,1680772
2024-08-15 11:30:00,57.885,57.92,35.82,57.86,940085
2024-08-15 12:30:00,57.85,58.43,35.7908,57.8514,832862
2024-08-15 13:30:00,57.855,57.9191,35.76,57.79,875333
2024-08-15 14:30:00,57.79,57.84,35.6796,57.7595,982956
2024-08-15 15:30:00,57.755,57.91,35.7612,57.82,1379620
2024-08-16 09:30:00,57.48,57.7888,35.25,57.5848,1761810
2024-08-16 10:30:00,57.58,57.67,35.5001,57.56,1395529
2024-08-16 11:30:00,57.55,57.72,35.56,57.635,733441
2024-08-16 12:30:00,57.635,57.79,35.71,57.78,608163
2024-08-16 13:30:00,57.775,57.85,35.7514,57.7396,702392
2024-08-16 14:30:00,57.73,57.79,35.68,57.65,681422
2024-08-16 15:30:00,57.66,57.84,35.55,57.61,1481823
2024-08-19 09:30:00,57.91,57.98,35.6374,57.875,2015805
2024-08-19 10:30:00,57.87,58.2,35.9252,58.115,1596601
2024-08-19 11:30:00,58.115,58.1302,35.7317,57.75,1020601
2024-08-19 12:30:00,57.75,57.76,35.64,57.6659,1031280
2024-08-19 13:30:00,57.67,58.98,35.5601,57.5333,771191
2024-08-19 14:30:00,57.54,57.615,35.42,57.435,1377379
2024-08-19 15:30:00,57.43,57.47,35.3201,57.4,1629721
2024-08-20 09:30:00,57.36,57.41,34.61,56.5899,3029638
2024-08-20 10:30:00,56.585,56.6118,34.25,34.3,2055295
2024-08-20 11:30:00,56.23,56.605,34.24,56.355,2037100
2024-08-20 12:30:00,56.355,56.3929,34.3104,56.335,829704
2024-08-20 13:30:00,56.335,56.35,34.27,56.295,1562232
2024-08-20 14:30:00,56.295,56.46,34.3,56.405,883968
2024-08-20 15:30:00,56.405,56.47,34.25,56.18,1811628
2024-11-07 09:30:00,51.55,51.58,29.06,51.162,2315728
2024-11-07 10:30:00,51.1636,51.2985,29.08,51.19,1328361
2024-11-07 11:30:00,51.1851,51.44,29.14,51.385,1118008
2024-11-07 12:30:00,51.39,51.4864,29.3189,51.305,789305
2024-11-07 13:30:00,51.3,51.3799,29.1819,51.19,740795
2024-11-07 14:30:00,51.1754,51.49,29.2,51.43,851409
2024-11-07 15:30:00,51.43,51.45,29.29,51.2173,1539545
2024-11-08 09:30:00,51.02,51.04,28.43,50.4388,3427083
2024-11-08 10:30:00,50.4288,50.55,28.5,50.38,1331936
2024-11-08 11:30:00,50.3993,50.4374,28.07,50.095,1737765
2024-11-08 12:30:00,50.0971,50.17,28.08,50.06,989808
2024-11-08 13:30:00,50.065,50.1564,28.08,50.1235,1267714
2024-11-08 14:30:00,50.125,50.385,28.255,50.3512,1209947
2024-11-08 15:30:00,50.36,50.58,28.38,50.52,1657328
2024-11-11 09:30:00,50.31,51.06,28.08,50.79,2731461
2024-11-11 10:30:00,50.785,51.0,28.83,50.895,1311720
2024-11-11 11:30:00,50.89,51.05,28.88,50.985,938068
2024-11-11 12:30:00,50.9845,51.07,28.935,50.8689,690621
2024-11-11 13:30:00,50.8892,51.4534,28.81,28.915,1547805
2024-11-11 14:30:00,50.845,50.94,28.89,50.885,904316
2024-11-11 15:30:00,50.89,50.92,28.9,50.825,1262338
2024-11-12 09:30:00,51.1,51.32,28.9,50.9,2678396
2024-11-12 10:30:00,50.9,50.9575,28.6,50.6799,1354299
2024-11-12 11:30:00,50.665,50.75,28.56,50.5436,868180
2024-11-12 12:30:00,50.53,50.59,28.4615,50.39,901686
2024-11-12 13:30:00,50.3908,50.615,28.41,50.535,1022163
2024-11-12 14:30:00,50.5556,50.6859,28.57,50.505,1565215
2024-11-12 15:30:00,50.5,50.5654,28.34,50.29,1976897
2024-11-13 09:30:00,50.71,50.98,27.01,48.9393,7946588
2024-11-13 10:30:00,48.93,49.578,26.62,49.476,4029555
2024-11-13 11:30:00,49.4988,49.72,27.5,49.665,1743742
2024-11-13 12:30:00,49.665,50.86,27.72,50.8,1971390
2024-11-13 13:30:00,50.7411,54.2417,28.85,51.21,2903430
2024-11-13 14:30:00,51.21,51.37,29.1408,51.295,2001344
2024-11-13 15:30:00,51.295,51.305,29.06,51.12,2423037
2024-11-14 09:30:00,51.7,52.3,29.275,51.32,3724448
2024-11-14 10:30:00,51.33,51.37,29.09,51.0496,1073483
2024-11-14 11:30:00,51.015,51.0678,28.3201,50.4,1664822
2024-11-14 12:30:00,50.395,50.42,28.18,50.115,1055719
2024-11-14 13:30:00,50.11,50.27,28.11,50.15,1165573
2024-11-14 14:30:00,50.15,56.3026,28.09,50.31,1480113
2024-11-14 15:30:00,50.305,50.695,28.31,50.65,1806518
2024-11-15 09:30:00,50.39,50.61,28.15,50.415,2126901
2024-11-15 10:30:00,50.415,50.4793,28.15,50.075,1242337
2024-11-15 11:30:00,50.0701,50.18,27.92,49.9543,2213751
2024-11-15 12:30:00,49.95,50.04,27.88,49.9625,952427
2024-11-15 13:30:00,49.96,50.0,27.85,49.915,946168
2024-11-15 14:30:00,49.915,52.2423,27.77,49.755,1659306
2024-11-15 15:30:00,49.76,49.98,27.76,49.93,2600835
2024-11-18 09:30:00,50.24,50.85,28.31,50.6829,3460877
2024-11-18 10:30:00,50.685,50.72,28.51,50.6685,1208382
2024-11-18 11:30:00,50.6688,51.08,28.71,51.0017,1677663
2024-11-18 12:30:00,51.025,51.27,29.0311,51.1888,1077312
2024-11-18 13:30:00,51.185,51.23,29.0701,51.0879,875461
2024-11-18 14:30:00,51.0873,51.125,28.97,50.99,872102
2024-11-18 15:30:00,50.98,51.09,28.96,50.92,1508864
2024-11-19 09:30:00,50.72,50.95,28.37,50.625,1379162
2024-11-19 10:30:00,50.625,50.665,28.2912,50.29,825718
2024-11-19 11:30:00,50.285,50.45,28.29,50.4257,742811
2024-11-19 12:30:00,50.425,50.48,28.3,50.285,580109
2024-11-19 13:30:00,50.285,50.2875,28.1609,50.2,786123
2024-11-19 14:30:00,50.2304,50.3,28.15,50.27,853360
2024-11-19 15:30:00,50.27,50.555,28.269,50.5,1689692
2024-11-20 09:30:00,50.575,50.9,28.39,50.7728,1448514
2024-11-20 10:30:00,50.775,50.7878,28.57,50.575,651857
2024-11-20 11:30:00,50.575,50.8,28.63,50.59,483078
2024-11-20 12:30:00,50.585,50.72,28.5701,50.6477,586455
2024-11-20 13:30:00,50.66,50.67,28.57,50.625,511851
2024-11-20 14:30:00,50.625,50.78,28.65,50.73,552378
2024-11-20 15:30:00,50.73,51.0,28.78,50.91,1531150
2024-11-21 09:30:00,51.0,51.57,28.87,51.49,1936408
2024-11-21 10:30:00,51.5,51.745,29.49,51.585,1145788
2024-11-21 11:30:00,51.585,51.6338,29.49,51.5543,653167
2024-11-21 12:30:00,51.5404,51.6674,29.51,51.6212,594982
2024-11-21 13:30:00,51.62,51.68,29.5588,51.5798,742628
2024-11-21 14:30:00,51.57,51.8,29.58,51.795,801147
2024-11-21 15:30:00,51.8,51.81,29.6,51.54,1417337
2024-11-22 09:30:00,51.71,52.1,29.38,51.89,2050371
2024-11-22 10:30:00,51.89,52.13,29.93,52.03,814616
2024-11-22 11:30:00,52.025,52.1,29.93,52.075,538673
2024-11-22 12:30:00,52.08,52.11,29.974,52.005,615917
2024-11-22 13:30:00,52.0,52.0283,29.85,51.8457,490622
2024-11-22 14:30:00,51.8505,51.9357,29.61,51.805,508182
2024-11-22 15:30:00,51.805,51.93,29.77,51.9,965837
2024-11-25 09:30:00,51.97,52.04,29.23,51.305,2396330
2024-11-25 10:30:00,51.31,51.32,28.88,50.805,1644743
2024-11-25 11:30:00,50.8141,51.065,28.7,50.77,1186902
2024-11-25 12:30:00,50.7622,50.81,28.5001,50.51,1204233
2024-11-25 13:30:00,50.5001,50.74,28.5201,50.62,809774
2024-11-25 14:30:00,50.615,50.66,28.53,50.605,942595
2024-11-25 15:30:00,50.605,50.6165,28.4,50.44,2140331
2024-11-26 09:30:00,50.2,50.4,27.79,49.89,4228671
2024-11-26 10:30:00,49.8855,49.98,27.7,49.76,1378105
2024-11-26 11:30:00,49.755,49.89,27.55,49.575,1303595
2024-11-26 12:30:00,49.5799,49.87,27.6499,49.8408,952213
2024-11-26 13:30:00,49.835,49.89,27.67,49.8208,1015480
2024-11-26 14:30:00,49.8324,49.91,27.7501,49.73,828260
2024-11-26 15:30:00,49.725,49.86,27.76,49.82,1321634
2025-02-07 09:30:00,47.1,47.1,24.83,46.89,1506315
2025-02-07 10:30:00,46.89,47.01,24.9,46.855,743012
2025-02-07 11:30:00,46.86,46.95,24.86,46.9,646111
2025-02-07 12:30:00,46.905,47.03,24.94,46.9984,611914
2025-02-07 13:30:00,47.01,47.08,25.01,46.975,517495
2025-02-07 14:30:00,46.975,47.0035,24.77,46.7336,625115
2025-02-07 15:30:00,46.74,46.81,24.7416,46.79,1185655
2025-02-10 09:30:00,47.11,47.832,25.12,47.74,2391704
2025-02-10 10:30:00,47.74,48.11,25.7502,48.0335,1520908
2025-02-10 11:30:00,48.035,48.2,25.992,48.08,958677
2025-02-10 12:30:00,48.08,48.16,26.0818,48.0782,692471
2025-02-10 13:30:00,48.075,48.23,26.13,48.155,786539
2025-02-10 14:30:00,48.16,48.35,26.11,48.33,1680251
2025-02-10 15:30:00,48.335,48.54,26.36,48.38,1550157
2025-02-11 09:30:00,48.875,49.13,26.63,48.66,2165474
2025-02-11 10:30:00,48.66,49.14,26.7,49.01,1250151
2025-02-11 11:30:00,49.022,49.28,26.97,49.27,923521
2025-02-11 12:30:00,49.271,49.32,27.06,49.135,691499
2025-02-11 13:30:00,49.135,49.21,26.9701,48.91,687898
2025-02-11 14:30:00,48.9456,48.97,26.69,48.67,718289
2025-02-11 15:30:00,48.665,48.775,26.645,48.62,984696
2025-02-12 09:30:00,49.03,49.04,26.33,48.91,1934113
2025-02-12 10:30:00,48.92,49.01,26.53,48.6098,1199035
2025-02-12 11:30:00,48.6029,48.7081,26.4,48.3385,1050604
2025-02-12 12:30:00,48.34,48.5288,26.19,48.1099,1538946
2025-02-12 13:30:00,48.11,48.14,25.8588,47.817829,1183281
2025-02-12 14:30:00,47.815,47.89,25.75,47.625,1122175
2025-02-12 15:30:00,47.625,47.83,25.65,47.83,1446575
2025-02-13 09:30:00,47.97,48.16,25.77,47.83,1752589
2025-02-13 10:30:00,47.8343,48.06,25.84,48.055,1326853
2025-02-13 11:30:00,48.0027,48.09,25.8532,47.8465,816771
2025-02-13 12:30:00,47.89,47.92,25.87,47.865,651364
2025-02-13 13:30:00,47.865,47.99,25.75,47.96,1127590
2025-02-13 14:30:00,47.965,48.008,25.8615,47.8297,842683
2025-02-13 15:30:00,47.82,47.895,25.82,47.87,1152004
2025-02-14 09:30:00,48.23,49.09,26.05,48.273,3070233
2025-02-14 10:30:00,48.255,48.41,26.2601,48.375,1118189
2025-02-14 11:30:00,48.375,48.585,26.35,48.4135,945221
2025-02-14 12:30:00,48.415,48.45,26.2898,48.2819,645657
2025-02-14 13:30:00,48.2882,48.345,26.15,48.1044,874756
2025-02-14 14:30:00,48.095,48.34,26.15,48.26,905363
2025-02-14 15:30:00,48.260593,48.2999,26.09,48.07,1506980
2025-02-18 09:30:00,48.86,48.89,26.0,48.69,4004156
2025-02-18 10:30:00,48.68,48.85,26.63,48.67,1448195
2025-02-18 11:30:00,48.67,48.89,26.79,48.86,1157413
2025-02-18 12:30:00,48.865,49.04,26.8903,48.975,1097974
2025-02-18 13:30:00,48.9787,52.3,27.02,48.99,1317007
2025-02-18 14:30:00,48.9951,49.11,26.97,48.98,1375756
2025-02-18 15:30:00,48.98,49.14,26.84,48.88,2825393
2025-02-19 09:30:00,49.546,52.17,26.94,52.05,10954423
2025-02-19 10:30:00,52.055,52.15,29.49,51.5356,3730833
2025-02-19 11:30:00,51.53,52.02,29.39,51.7495,2453966
2025-02-19 12:30:00,51.71,51.99,29.5901,51.77,1742934
2025-02-19 13:30:00,51.77,51.85,28.681,51.0384,3152250
2025-02-19 14:30:00,51.0288,51.28,28.901,51.0799,1576814
2025-02-19 15:30:00,51.08,51.192,28.82,50.99,2238939
2025-02-20 09:30:00,51.17,51.85,28.5,51.775,3236275
2025-02-20 10:30:00,51.78,51.89,29.6,51.886,1665235
2025-02-20 11:30:00,51.89,52.28,29.88,52.19,1669985
2025-02-20 12:30:00,52.1856,52.49,30.2,52.4601,1250153
2025-02-20 13:30:00,52.47,52.58,30.21,52.2985,1320297
2025-02-20 14:30:00,52.2989,52.42,30.0,52.111,1528929
2025-02-20 15:30:00,52.115,52.32,30.11,52.11,2178116
2025-02-21 09:30:00,51.815,51.99,29.45,51.495,2914159
2025-02-21 10:30:00,51.4946,51.6,29.2,51.5757,1512044
2025-02-21 11:30:00,51.575,51.7,29.5318,51.6158,769574
2025-02-21 12:30:00,51.5991,51.615,28.9,50.925,3615555
2025-02-21 13:30:00,50.925,51.0292,28.66,50.696,1036047
2025-02-21 14:30:00,50.7,51.06,28.42,50.4509,1985109
2025-02-21 15:30:00,50.459731,50.61,28.4,50.43,1467972
2025-02-24 09:30:00,50.23,50.52,27.57,49.73,2996804
2025-02-24 10:30:00,49.73,50.19,27.782,50.085,898401
2025-02-24 11:30:00,50.09,50.4,28.13,50.255,777363
2025-02-24 12:30:00,50.25,50.32,28.1,50.1632,502177
2025-02-24 13:30:00,50.165,50.26,27.9597,49.945,832709
2025-02-24 14:30:00,49.945,50.05,27.92,49.92,1094359
2025-02-24 15:30:00,49.91,50.03,27.9435,49.88,1717786
2025-02-25 09:30:00,49.9,49.964,27.04,49.0012,2818339
2025-02-25 10:30:00,49.005,49.18,26.79,48.8374,1899521
2025-02-25 11:30:00,48.83,49.05,26.8,49.035,1073171
2025-02-25 12:30:00,49.035,49.12,26.98,48.945,641787
2025-02-25 13:30:00,48.9816,49.1099,26.725,48.6616,617354
2025-02-25 14:30:00,48.6401,49.02,26.65,49.01,884529
2025-02-25 15:30:00,49.0095,49.04,26.8408,48.88,1949112
2025-02-26 09:30:00,48.87,49.05,26.61,48.78,1485510
2025-02-26 10:30:00,48.78,49.112,26.71,49.05,976024
2025-02-26 11:30:00,49.05,49.2,26.915,48.8889,831575
2025-02-26 12:30:00,48.88,48.89,26.68,48.5925,583524
2025-02-26 13:30:00,48.59,48.66,26.5,48.5238,638993
2025-02-26 14:30:00,48.535,48.68,26.37,48.32,758454
2025-02-26 15:30:00,48.3208,48.57,26.36,48.56,1174094
2025-05-01 09:30:00,39.35,40.64,18.42,40.525,2640925
2025-05-01 10:30:00,40.528,40.74,19.4,40.53,1002848
2025-05-01 11:30:00,40.53,40.555,19.04,39.9859,751098
2025-05-01 12:30:00,39.9794,40.42,18.97,40.2,723888
2025-05-01 13:30:00,40.205,40.82,19.26,40.67,1208326
2025-05-01 14:30:00,40.66,40.7399,19.62,40.69,1005416
2025-05-01 15:30:00,40.69,40.81,19.5426,40.44,1427253
2025-05-02 09:30:00,40.825,41.17,19.0,40.335,2305117
2025-05-02 10:30:00,40.33,40.365,19.2265,40.03,1113866
2025-05-02 11:30:00,40.03,40.64,19.17,40.39,1278360
2025-05-02 12:30:00,40.39,40.54,19.24,40.26,1151247
2025-05-02 13:30:00,40.265,40.66,19.3,40.595,857201
2025-05-02 14:30:00,40.581587,40.61,19.4201,40.54,966643
2025-05-02 15:30:00,40.54,40.635,19.52,40.585,1211317
2025-05-05 09:30:00,39.7,39.8,18.1278,39.209,4772348
2025-05-05 10:30:00,39.2,39.47,18.5477,39.345,2416059
2025-05-05 11:30:00,39.345,39.47,18.55,39.345,1090661
2025-05-05 12:30:00,39.345,39.405,18.66,39.1399,1043725
2025-05-05 13:30:00,39.13,39.27,18.55,39.14,900816
2025-05-05 14:30:00,39.14,39.25,18.469,39.0339,1446199
2025-05-05 15:30:00,39.01,39.06,18.32,38.825,2001299
2025-05-06 09:30:00,39.31,39.62,18.3,39.475,2342746
2025-05-06 10:30:00,39.47,39.6611,18.57,39.645,1426680
2025-05-06 11:30:00,39.645,39.855,18.9,39.6353,895877
2025-05-06 12:30:00,39.625,39.72,18.46,39.37,706958
2025-05-06 13:30:00,39.37,39.41,18.51,39.37,564213
2025-05-06 14:30:00,39.37,39.9014,18.62,39.445,710017
2025-05-06 15:30:00,39.445,39.56,18.7,39.285,1235970
2025-05-07 09:30:00,39.54,39.54,18.1601,38.96,2035804
2025-05-07 10:30:00,38.95,39.14,18.17,39.085,2181097
2025-05-07 11:30:00,39.085,39.33,18.37,39.105,914031
2025-05-07 12:30:00,39.105,39.4,18.46,39.2146,1670183
2025-05-07 13:30:00,39.2737,39.2801,17.955,38.865,1193842
2025-05-07 14:30:00,38.855,39.1799,17.94,38.905,1414201
2025-05-07 15:30:00,38.91,39.165,18.0,39.02,2041334
2025-05-08 09:30:00,39.79,41.13,18.59,41.11,6074133
2025-05-08 10:30:00,41.11,41.27,19.83,41.095,2575897
2025-05-08 11:30:00,41.1,41.565,20.12,41.505,2424428
2025-05-08 12:30:00,41.4987,41.75,20.45,41.5868,2161235
2025-05-08 13:30:00,41.6152,41.663,20.23,41.4648,2089479
2025-05-08 14:30:00,41.455,41.82,20.47,41.7001,1997887
2025-05-08 15:30:00,41.705,41.85,20.498,41.44,2936236
2025-05-09 09:30:00,42.002,42.2152,20.5,41.4843,2702904
2025-05-09 10:30:00,41.48,42.0,20.55,41.9207,1786096
2025-05-09 11:30:00,41.875,42.13,20.83,42.02,1307531
2025-05-09 12:30:00,42.025,42.27,20.92,42.235,935985
2025-05-09 13:30:00,42.235,42.34,21.12,42.25,850204
2025-05-09 14:30:00,42.2841,42.4486,21.05,42.1582,1150623
2025-05-09 15:30:00,42.155,42.29,21.02,42.16,1260238
2025-05-12 09:30:00,44.12,44.93,22.52,44.41,7010079
2025-05-12 10:30:00,44.415,44.5,22.95,43.875,3146407
2025-05-12 11:30:00,43.9434,44.09,22.5401,43.73,1414463
2025-05-12 12:30:00,43.725,44.06,22.57,43.9334,1148885
2025-05-12 13:30:00,43.93,44.03,22.8,43.8892,847709
2025-05-12 14:30:00,43.89,44.07,22.8,44.0362,1033507
2025-05-12 15:30:00,44.035,44.1,22.8,43.88,1842530
2025-05-13 09:30:00,43.93,44.14,22.52,44.015,2757575
2025-05-13 10:30:00,44.015,44.18,22.6,43.97,1852929
2025-05-13 11:30:00,43.97,44.3,22.8449,44.275,1336896
2025-05-13 12:30:00,44.275,44.39,23.06,44.37,799355
2025-05-13 13:30:00,44.37,44.55,23.1001,44.487,966014
2025-05-13 14:30:00,44.515,44.69,23.28,44.505,1605726
2025-05-13 15:30:00,44.505,44.625,23.29,44.39,2384078
2025-05-14 09:30:00,43.88,44.06,22.68,43.785,2040402
2025-05-14 10:30:00,43.78,43.96,22.69,43.955,1331733
2025-05-14 11:30:00,43.95,44.02,22.79,43.86,698768
2025-05-14 12:30:00,43.86,43.94,22.72,43.7684,746679
2025-05-14 13:30:00,43.7699,43.83,22.72,43.665,655448
2025-05-14 14:30:00,43.665,43.86,22.62,43.8234,798442
2025-05-14 15:30:00,43.825,44.005,22.68,43.83,1364142
2025-05-15 09:30:00,42.9,43.07,21.58,42.41,3088504
2025-05-15 10:30:00,42.42,42.82,21.63,42.745,930463
2025-05-15 11:30:00,42.754,42.925,21.8929,42.881,772584
2025-05-15 12:30:00,42.885,42.97,21.93,42.93,636106
2025-05-15 13:30:00,42.935,43.05,20.96,43.05,798425
2025-05-15 14:30:00,43.0484,43.275,21.86,43.23,841779
2025-05-15 15:30:00,43.2306,43.41,22.06,43.38,1371903
