bar_start,open,high,low,close,volume
2016-01-26 09:30:00,20.16,20.45,19.37,20.16,511083
2016-01-26 10:30:00,20.15,20.64,20.01,20.555,434408
2016-01-26 11:30:00,20.53,20.805,20.23,20.68,433355
2016-01-26 12:30:00,20.6799,21.02,20.65,20.86,233535
2016-01-26 13:30:00,20.86,20.91,20.57,20.59,460462
2016-01-26 14:30:00,20.58,20.64,20.24,20.41,658259
2016-01-26 15:30:00,20.41,20.65,20.33,20.59,549908
2016-01-27 09:30:00,19.62,19.8,18.77,19.01,633044
2016-01-27 10:30:00,19.07,19.75,18.96,19.395,699520
2016-01-27 11:30:00,19.42,19.76,19.0804,19.11,383377
2016-01-27 12:30:00,19.11,19.16,18.805,19.01,410957
2016-01-27 13:30:00,18.98,19.3,18.82,19.0047,380209
2016-01-27 14:30:00,18.99,19.06,18.475,18.75,583697
2016-01-27 15:30:00,18.75,19.02,18.73,18.88,628247
2016-01-28 09:30:00,20.04,20.65,19.58,19.58,892698
2016-01-28 10:30:00,19.575,20.6,19.575,20.21,513804
2016-01-28 11:30:00,20.2,20.39,20.14,20.221,162799
2016-01-28 12:30:00,20.2423,20.41,19.9,20.1099,191079
2016-01-28 13:30:00,20.104,20.18,19.96,19.9982,162600
2016-01-28 14:30:00,20.02,20.35,19.87,20.12,256988
2016-01-28 15:30:00,20.16,20.3,20.1,20.22,228782
2016-01-29 09:30:00,20.56,21.18,20.48,20.775,364660
2016-01-29 10:30:00,20.78,20.93,20.44,20.76,389987
2016-01-29 11:30:00,20.77,20.85,20.51,20.75,324890
2016-01-29 12:30:00,20.77,20.87,20.64,20.81,209129
2016-01-29 13:30:00,20.82,20.89,20.63,20.7,247326
2016-01-29 14:30:00,20.72,21.19,20.66,21.13,673931
2016-01-29 15:30:00,21.13,21.19,21.05,21.11,655574
2016-02-01 09:30:00,20.63,20.8,19.8,20.1,546948
2016-02-01 10:30:00,20.09,20.3,19.83,19.88,299046
2016-02-01 11:30:00,19.84,19.9344,19.61,19.67,257105
2016-02-01 12:30:00,19.66,19.915,19.63,19.72,259605
2016-02-01 13:30:00,19.7334,19.98,19.68,19.93,221713
2016-02-01 14:30:00,19.93,20.68,19.87,20.65,407457
2016-02-01 15:30:00,20.64,20.74,20.38,20.39,347778
2016-02-02 09:30:00,19.74,19.93,19.35,19.74,449692
2016-02-02 10:30:00,19.73,20.33,19.65,20.26,279305
2016-02-02 11:30:00,20.24,20.48,20.13,20.31,201145
2016-02-02 12:30:00,20.305,20.305,19.94,20.05,209281
2016-02-02 13:30:00,20.04,20.15,19.9,19.9737,271811
2016-02-02 14:30:00,19.99,20.28,19.96,19.98,444878
2016-02-02 15:30:00,19.98,20.065,19.92,19.98,344196
2016-02-03 09:30:00,20.45,20.45,19.5,19.5999,240421
2016-02-03 10:30:00,19.55,20.28,19.25,20.21,814096
2016-02-03 11:30:00,20.22,20.3099,19.92,20.072,218312
2016-02-03 12:30:00,20.1,20.2,19.87,19.98,112228
2016-02-03 13:30:00,19.9915,20.15,19.87,20.04,158381
2016-02-03 14:30:00,20.03,20.37,19.92,20.28,358132
2016-02-03 15:30:00,20.27,20.51,20.15,20.5,385245
2016-02-04 09:30:00,20.58,20.92,20.06,20.84,527916
2016-02-04 10:30:00,20.8,21.0,20.39,20.39,457503
2016-02-04 11:30:00,20.35,20.59,20.01,20.51,240203
2016-02-04 12:30:00,20.48,20.97,20.45,20.79,462000
2016-02-04 13:30:00,20.8,20.98,20.74,20.84,495170
2016-02-04 14:30:00,20.84,21.16,20.8314,21.04,372320
2016-02-04 15:30:00,21.04,21.2,21.04,21.16,483971
2016-02-05 09:30:00,20.73,21.28,20.515,20.87,336476
2016-02-05 10:30:00,20.8795,21.12,20.77,20.84,251896
2016-02-05 11:30:00,20.83,20.9,20.66,20.83,231265
2016-02-05 12:30:00,20.83,20.89,20.36,20.44,216843
2016-02-05 13:30:00,20.44,20.539,20.15,20.33,243376
2016-02-05 14:30:00,20.3126,20.43,20.08,20.42,403142
2016-02-05 15:30:00,20.425,20.53,20.34,20.48,503983
2016-02-08 09:30:00,19.16,19.47,18.05,18.5199,817988
2016-02-08 10:30:00,18.5175,18.79,18.25,18.5,620829
2016-02-08 11:30:00,18.49,18.53,18.1,18.28,565159
2016-02-08 12:30:00,18.275,18.28,18.0,18.0901,264579
2016-02-08 13:30:00,18.0926,18.13,17.8,17.8753,374316
2016-02-08 14:30:00,17.87,18.23,17.7999,18.08,711462
2016-02-08 15:30:00,18.08,18.09,17.65,17.77,866000
2016-02-09 09:30:00,16.74,16.74,15.36,15.85,1790939
2016-02-09 10:30:00,15.8599,15.89,14.82,15.145,1146463
2016-02-09 11:30:00,15.15,15.43,14.96,15.3,1031027
2016-02-09 12:30:00,15.305,15.52,15.17,15.505,722474
2016-02-09 13:30:00,15.5,15.67,15.37,15.52,861308
2016-02-09 14:30:00,15.51,16.31,15.51,15.845,659794
2016-02-09 15:30:00,15.845,15.97,15.8101,15.88,589039
2016-02-10 09:30:00,15.75,16.05,15.12,15.52,743208
2016-02-10 10:30:00,15.55,16.23,15.51,15.67,603085
2016-02-10 11:30:00,15.66,16.17,15.49,16.138,400459
2016-02-10 12:30:00,16.14,16.39,16.09,16.29,385601
2016-02-10 13:30:00,16.29,16.6,16.2601,16.58,430676
2016-02-10 14:30:00,16.58,16.79,16.37,16.605,619021
2016-02-10 15:30:00,16.61,16.64,16.48,16.5,789069
2016-02-11 09:30:00,15.63,16.64,15.46,16.083,692576
2016-02-11 10:30:00,16.11,16.17,15.785,15.8699,730337
2016-02-11 11:30:00,15.86,15.99,15.63,15.7,567519
2016-02-11 12:30:00,15.7,16.03,15.488,15.89,517352
2016-02-11 13:30:00,15.8939,16.0,15.195,15.22,592596
2016-02-11 14:30:00,15.215,15.88,15.155,15.58,950578
2016-02-11 15:30:00,15.58,15.76,15.43,15.45,874403
2016-02-12 09:30:00,15.88,16.34,15.66,16.25,984783
2016-02-12 10:30:00,16.24,17.12,16.21,17.075,892460
2016-02-12 11:30:00,17.09,17.24,16.2517,17.05,590059
2016-02-12 12:30:00,17.04,17.48,16.94,17.29,714081
2016-02-12 13:30:00,17.26,17.49,17.095,17.195,615709
2016-02-12 14:30:00,17.2,17.325,17.01,17.32,685764
2016-02-12 15:30:00,17.32,17.34,17.18,17.31,889925
2016-04-26 09:30:00,23.99,24.37,23.83,24.06,570810
2016-04-26 10:30:00,24.05,24.505,24.05,24.4835,613234
2016-04-26 11:30:00,24.48,24.66,24.43,24.58,586878
2016-04-26 12:30:00,24.58,24.68,24.43,24.68,264327
2016-04-26 13:30:00,24.68,24.78,24.55,24.55,310795
2016-04-26 14:30:00,24.54,24.63,24.31,24.4,339265
2016-04-26 15:30:00,24.3999,24.45,24.33,24.44,433174
2016-04-27 09:30:00,24.0,24.4,23.7,23.7068,691117
2016-04-27 10:30:00,23.7,23.71,23.21,23.55,442162
2016-04-27 11:30:00,23.55,23.78,23.35,23.69,513716
2016-04-27 12:30:00,23.7,23.72,23.44,23.58,424610
2016-04-27 13:30:00,23.58,23.68,23.44,23.44,718411
2016-04-27 14:30:00,23.44,23.6635,23.35,23.645,450960
2016-04-27 15:30:00,23.64,23.65,23.44,23.5,695402
2016-04-28 09:30:00,23.23,23.31,22.38,22.47,691776
2016-04-28 10:30:00,22.48,22.69,22.39,22.46,572228
2016-04-28 11:30:00,22.46,22.91,22.46,22.91,342458
2016-04-28 12:30:00,22.915,23.03,22.83,22.87,316733
2016-04-28 13:30:00,22.87,23.16,22.7901,22.86,371457
2016-04-28 14:30:00,22.87,22.88,22.39,22.41,490365
2016-04-28 15:30:00,22.41,22.58,22.39,22.43,477958
2016-04-29 09:30:00,22.46,22.92,22.44,22.64,266934
2016-04-29 10:30:00,22.63,22.72,22.54,22.59,373412
2016-04-29 11:30:00,22.59,22.72,22.46,22.52,421374
2016-04-29 12:30:00,22.515,22.87,22.51,22.81,397295
2016-04-29 13:30:00,22.82,23.055,22.785,23.01,294361
2016-04-29 14:30:00,23.0,23.04,22.825,22.93,419210
2016-04-29 15:30:00,22.93,23.08,22.895,22.94,591871
2016-05-02 09:30:00,22.77,22.91,22.33,22.39,463937
2016-05-02 10:30:00,22.41,22.42,22.1,22.2,312891
2016-05-02 11:30:00,22.21,22.33,21.8899,22.26,622706
2016-05-02 12:30:00,22.2799,22.56,22.27,22.48,275179
2016-05-02 13:30:00,22.48,22.49,22.26,22.28,269044
2016-05-02 14:30:00,22.285,22.39,22.2,22.27,314885
2016-05-02 15:30:00,22.265,22.36,22.2,22.33,327472
2016-05-03 09:30:00,21.84,21.89,21.403,21.56,381960
2016-05-03 10:30:00,21.553,21.72,21.32,21.42,349515
2016-05-03 11:30:00,21.42,21.64,21.35,21.38,207899
2016-05-03 12:30:00,21.37,21.71,21.37,21.7,207679
2016-05-03 13:30:00,21.695,21.85,21.54,21.6,263597
2016-05-03 14:30:00,21.605,21.67,21.51,21.62,315191
2016-05-03 15:30:00,21.62,21.625,21.51,21.56,513769
2016-05-04 09:30:00,21.46,21.79,21.3,21.49,401783
2016-05-04 10:30:00,21.47,21.6,20.86,20.99,283137
2016-05-04 11:30:00,20.99,21.3,20.99,21.24,403390
2016-05-04 12:30:00,21.2,21.28,20.695,20.75,630947
2016-05-04 13:30:00,20.745,21.128,20.53,21.11,653634
2016-05-04 14:30:00,21.11,21.12,20.85,20.9795,591762
2016-05-04 15:30:00,20.98,21.15,20.91,20.96,917280
2016-05-05 09:30:00,21.05,22.65,21.05,22.35,988510
2016-05-05 10:30:00,22.35,22.65,22.07,22.155,528590
2016-05-05 11:30:00,22.16,22.33,21.74,22.001,601006
2016-05-05 12:30:00,22.01,22.37,22.01,22.12,293674
2016-05-05 13:30:00,22.12,22.15,21.95,22.1,377973
2016-05-05 14:30:00,22.1,22.4911,22.09,22.445,563932
2016-05-05 15:30:00,22.44,22.9,22.43,22.88,839855
2016-05-06 09:30:00,22.68,23.61,22.67,23.31,531417
2016-05-06 10:30:00,23.32,23.34,22.86,23.16,437535
2016-05-06 11:30:00,23.17,23.28,22.97,22.98,318123
2016-05-06 12:30:00,22.99,23.08,22.78,22.78,455939
2016-05-06 13:30:00,22.78,23.19,22.75,23.18,410906
2016-05-06 14:30:00,23.185,23.23,22.99,23.11,302705
2016-05-06 15:30:00,23.115,23.29,23.05,23.18,557338
2016-05-09 09:30:00,23.18,23.35,22.45,22.56,313126
2016-05-09 10:30:00,22.56,22.63,22.13,22.35,372864
2016-05-09 11:30:00,22.35,22.56,22.25,22.534,327495
2016-05-09 12:30:00,22.53,22.84,22.5,22.6545,293856
2016-05-09 13:30:00,22.6534,22.745,22.58,22.7004,301229
2016-05-09 14:30:00,22.7001,22.785,22.53,22.68,282220
2016-05-09 15:30:00,22.67,22.81,22.67,22.73,319913
2016-05-10 09:30:00,22.9,23.5,22.82,23.02,271710
2016-05-10 10:30:00,23.02,23.23,22.79,22.96,179019
2016-05-10 11:30:00,22.95,23.14,22.9,22.959,218315
2016-05-10 12:30:00,22.96,23.09,22.921,23.08,235472
2016-05-10 13:30:00,23.0701,23.21,23.03,23.21,228164
2016-05-10 14:30:00,23.21,23.22,22.83,22.85,201749
2016-05-10 15:30:00,22.845,22.93,22.73,22.82,249743
2016-05-11 09:30:00,22.63,22.85,22.18,22.25,236124
2016-05-11 10:30:00,22.25,23.17,22.25,23.15,361109
2016-05-11 11:30:00,23.16,23.43,22.6536,23.3807,232421
2016-05-11 12:30:00,23.39,23.53,23.36,23.4272,209356
2016-05-11 13:30:00,23.425,23.5307,23.21,23.28,241794
2016-05-11 14:30:00,23.27,23.37,23.23,23.3,225730
2016-05-11 15:30:00,23.31,23.36,23.13,23.155,421916
2016-05-12 09:30:00,23.56,23.84,23.39,23.62,290443
2016-05-12 10:30:00,23.63,23.72,23.47,23.63,201035
2016-05-12 11:30:00,23.6101,23.81,23.6101,23.66,206856
2016-05-12 12:30:00,23.66,23.795,23.64,23.735,498429
2016-05-12 13:30:00,23.735,23.85,23.63,23.67,230623
2016-05-12 14:30:00,23.66,23.82,23.66,23.75,380950
2016-05-12 15:30:00,23.75,23.815,23.72,23.77,386328
2016-05-13 09:30:00,23.69,23.94,23.44,23.6436,597363
2016-05-13 10:30:00,23.61,24.17,23.575,24.125,256190
2016-05-13 11:30:00,24.14,24.2,23.88,24.11,183917
2016-05-13 12:30:00,24.11,24.125,23.92,23.93,175959
2016-05-13 13:30:00,23.91,23.94,23.63,23.63,276997
2016-05-13 14:30:00,23.63,23.72,23.44,23.61,315384
2016-05-13 15:30:00,23.61,23.78,23.61,23.64,323745
2016-07-26 09:30:00,28.51,28.7299,28.27,28.2986,356296
2016-07-26 10:30:00,28.3,28.33,28.011,28.07,559312
2016-07-26 11:30:00,28.08,28.3,27.98,28.2911,365417
2016-07-26 12:30:00,28.3,28.4,28.25,28.3218,158021
2016-07-26 13:30:00,28.33,28.33,28.2,28.28,153861
2016-07-26 14:30:00,28.28,28.42,28.279,28.39,154002
2016-07-26 15:30:00,28.38,28.45,28.38,28.41,278073
2016-07-27 09:30:00,27.74,28.05,27.64,27.65,242211
2016-07-27 10:30:00,27.65,27.655,26.86,26.9599,576563
2016-07-27 11:30:00,26.94,27.22,26.9301,27.16,252278
2016-07-27 12:30:00,27.16,27.165,27.0,27.12,281774
2016-07-27 13:30:00,27.115,27.21,27.081,27.136,169476
2016-07-27 14:30:00,27.14,27.27,27.1,27.2501,328998
2016-07-27 15:30:00,27.255,27.3,27.13,27.17,306496
2016-07-28 09:30:00,27.09,27.44,26.9,27.11,211212
2016-07-28 10:30:00,27.13,27.31,26.94,27.26,309765
2016-07-28 11:30:00,27.26,27.31,27.064,27.188,168137
2016-07-28 12:30:00,27.19,27.25,27.04,27.11,191699
2016-07-28 13:30:00,27.11,27.21,27.06,27.1565,170789
2016-07-28 14:30:00,27.15,27.28,27.15,27.23,261837
2016-07-28 15:30:00,27.23,27.35,27.23,27.33,235843
2016-07-29 09:30:00,27.22,27.2825,27.0,27.06,159750
2016-07-29 10:30:00,27.05,27.49,27.0069,27.37,292777
2016-07-29 11:30:00,27.3596,27.58,27.22,27.49,224641
2016-07-29 12:30:00,27.4999,27.85,27.48,27.74,182738
2016-07-29 13:30:00,27.745,27.84,27.72,27.8399,86896
2016-07-29 14:30:00,27.82,27.83,27.67,27.7309,168090
2016-07-29 15:30:00,27.74,27.89,27.7199,27.86,274989
2016-08-01 09:30:00,27.62,27.74,27.26,27.56,408896
2016-08-01 10:30:00,27.54,27.58,27.27,27.2799,323650
2016-08-01 11:30:00,27.29,27.35,27.1,27.1501,307127
2016-08-01 12:30:00,27.15,27.2,26.78,26.8901,416582
2016-08-01 13:30:00,26.89,26.97,26.84,26.97,275751
2016-08-01 14:30:00,26.97,27.02,26.81,26.84,384036
2016-08-01 15:30:00,26.84,27.0,26.77,26.96,988905
2016-08-02 09:30:00,27.16,27.4,26.61,26.65,272558
2016-08-02 10:30:00,26.65,26.69,26.2,26.51,350044
2016-08-02 11:30:00,26.51,26.58,26.31,26.32,168753
2016-08-02 12:30:00,26.34,27.16,26.13,26.2,214463
2016-08-02 13:30:00,26.205,26.57,26.11,26.49,203979
2016-08-02 14:30:00,26.495,26.63,26.47,26.6,384104
2016-08-02 15:30:00,26.6,26.67,26.54,26.59,398471
2016-08-03 09:30:00,26.68,27.35,26.47,27.075,365162
2016-08-03 10:30:00,27.06,27.3,26.815,27.29,438290
2016-08-03 11:30:00,27.29,27.33,26.99,27.24,556893
2016-08-03 12:30:00,27.24,27.53,27.19,27.52,177829
2016-08-03 13:30:00,27.515,27.66,27.42,27.44,293177
2016-08-03 14:30:00,27.44,27.615,27.4,27.61,298774
2016-08-03 15:30:00,27.6,27.75,27.5,27.6,506180
2016-08-04 09:30:00,27.55,27.9325,27.23,27.3377,241320
2016-08-04 10:30:00,27.33,27.4101,27.06,27.145,322174
2016-08-04 11:30:00,27.15,27.86,27.15,27.85,339622
2016-08-04 12:30:00,27.86,28.04,27.8,27.95,300439
2016-08-04 13:30:00,27.969,28.06,27.84,27.9,199176
2016-08-04 14:30:00,27.89,27.95,27.8,27.92,272650
2016-08-04 15:30:00,27.92,28.01,27.87,27.91,320403
2016-08-05 09:30:00,27.98,28.09,27.67,27.75,145687
2016-08-05 10:30:00,27.75,28.46,27.66,28.419,305086
2016-08-05 11:30:00,28.41,28.72,28.39,28.42,523073
2016-08-05 12:30:00,28.43,28.45,28.17,28.25,196197
2016-08-05 13:30:00,28.25,28.36,28.18,28.35,202033
2016-08-05 14:30:00,28.35,28.38,28.275,28.28,224795
2016-08-05 15:30:00,28.28,28.31,28.04,28.08,422629
2016-08-08 09:30:00,28.32,28.94,28.2963,28.93,647196
2016-08-08 10:30:00,28.93,29.55,28.92,29.51,647608
2016-08-08 11:30:00,29.51,29.56,29.2,29.21,329068
2016-08-08 12:30:00,29.21,29.23,28.92,28.93,275075
2016-08-08 13:30:00,28.94,29.14,28.865,28.9011,173449
2016-08-08 14:30:00,28.91,29.07,28.87,29.01,262185
2016-08-08 15:30:00,29.0,29.11,28.97,29.06,601449
2016-08-09 09:30:00,29.18,29.77,29.145,29.37,457214
2016-08-09 10:30:00,29.35,29.39,29.08,29.17,305594
2016-08-09 11:30:00,29.16,29.21,29.11,29.18,217141
2016-08-09 12:30:00,29.17,29.17,28.8,28.8,424755
2016-08-09 13:30:00,28.79,28.85,28.71,28.79,185446
2016-08-09 14:30:00,28.79,29.029,28.78,28.95,192393
2016-08-09 15:30:00,28.94,29.03,28.89,29.03,265086
2016-08-10 09:30:00,28.78,29.26,28.77,29.14,196949
2016-08-10 10:30:00,29.15,29.31,28.61,28.64,217375
2016-08-10 11:30:00,28.63,28.86,28.55,28.74,114279
2016-08-10 12:30:00,28.74,28.75,28.56,28.6,90203
2016-08-10 13:30:00,28.61,28.685,28.595,28.615,169181
2016-08-10 14:30:00,28.61,28.62,28.43,28.62,176767
2016-08-10 15:30:00,28.62,28.63,28.49,28.63,191274
2016-08-11 09:30:00,28.94,28.94,28.44,28.6,98003
2016-08-11 10:30:00,28.6,28.91,28.59,28.8699,155180
2016-08-11 11:30:00,28.86,29.03,28.845,29.0166,203430
2016-08-11 12:30:00,29.0125,29.0899,28.96,28.98,175235
2016-08-11 13:30:00,28.9799,29.04,28.96,29.01,167067
2016-08-11 14:30:00,29.01,29.04,28.9601,28.97,149768
2016-08-11 15:30:00,28.98,29.04,28.97,29.0,247961
2016-08-12 09:30:00,29.41,29.56,28.96,29.026,329127
2016-08-12 10:30:00,29.02,29.43,29.02,29.43,227262
2016-08-12 11:30:00,29.43,29.46,29.19,29.2,220414
2016-08-12 12:30:00,29.21,29.22,29.053,29.2,167113
2016-08-12 13:30:00,29.2,29.35,29.19,29.33,134534
2016-08-12 14:30:00,29.33,29.37,29.2399,29.24,164458
2016-08-12 15:30:00,29.23,29.25,29.14,29.18,300466
2016-10-25 09:30:00,32.66,32.75,32.3,32.37,123736
2016-10-25 10:30:00,32.375,32.58,32.07,32.55,271370
2016-10-25 11:30:00,32.57,32.57,32.4,32.445,272547
2016-10-25 12:30:00,32.43,32.48,32.0,32.04,288160
2016-10-25 13:30:00,32.04,32.23,32.02,32.13,290019
2016-10-25 14:30:00,32.13,32.2016,32.02,32.08,260273
2016-10-25 15:30:00,32.09,32.235,32.06,32.2,211184
2016-10-26 09:30:00,32.06,32.1,31.585,32.04,209285
2016-10-26 10:30:00,31.89,32.7,31.89,32.63,458915
2016-10-26 11:30:00,32.66,32.66,31.95,32.02,338500
2016-10-26 12:30:00,32.03,32.03,31.75,31.8,165974
2016-10-26 13:30:00,31.81,32.25,31.8,32.17,309589
2016-10-26 14:30:00,32.16,32.2,32.03,32.082,198632
2016-10-26 15:30:00,32.09,32.119,32.01,32.05,254839
2016-10-27 09:30:00,31.59,31.79,31.25,31.42,159519
2016-10-27 10:30:00,31.46,31.51,31.18,31.3003,123909
2016-10-27 11:30:00,31.31,31.49,31.3,31.4499,96747
2016-10-27 12:30:00,31.45,31.49,31.32,31.37,64710
2016-10-27 13:30:00,31.38,31.45,31.36,31.429,87274
2016-10-27 14:30:00,31.42,31.44,31.34,31.4,90580
2016-10-27 15:30:00,31.4,31.41,31.3,31.3,180421
2016-10-28 09:30:00,31.14,31.49,31.13,31.3499,107910
2016-10-28 10:30:00,31.3,31.48,31.25,31.45,50461
2016-10-28 11:30:00,31.49,31.64,31.38,31.4,74451
2016-10-28 12:30:00,31.41,31.53,31.16,31.28,117606
2016-10-28 13:30:00,31.2792,31.2899,30.96,31.1311,89844
2016-10-28 14:30:00,31.15,31.36,31.08,31.3,168431
2016-10-28 15:30:00,31.29,31.3,31.115,31.1501,177235
2016-10-31 09:30:00,31.0,31.08,30.71,30.88,159668
2016-10-31 10:30:00,30.88,30.9,30.4,30.5,239668
2016-10-31 11:30:00,30.51,30.62,30.47,30.49,170721
2016-10-31 12:30:00,30.5,30.62,30.34,30.45,206450
2016-10-31 13:30:00,30.447,30.62,30.4,30.56,134040
2016-10-31 14:30:00,30.57,30.6,30.39,30.42,189522
2016-10-31 15:30:00,30.42,30.52,30.3,30.365,467095
2016-11-01 09:30:00,30.4,30.595,30.33,30.46,103906
2016-11-01 10:30:00,30.46,30.7,30.38,30.68,124052
2016-11-01 11:30:00,30.68,30.68,30.34,30.34,176476
2016-11-01 12:30:00,30.336,30.44,30.26,30.44,147547
2016-11-01 13:30:00,30.45,30.45,30.13,30.34,166591
2016-11-01 14:30:00,30.34,30.41,30.265,30.314,190804
2016-11-01 15:30:00,30.32,30.3695,30.25,30.27,255995
2016-11-02 09:30:00,29.87,30.19,29.61,29.955,104033
2016-11-02 10:30:00,29.92,29.93,29.38,29.81,293204
2016-11-02 11:30:00,29.78,30.14,29.74,29.97,173146
2016-11-02 12:30:00,29.95,30.12,29.86,29.96,146147
2016-11-02 13:30:00,29.95,30.15,29.785,30.04,335842
2016-11-02 14:30:00,30.025,30.44,30.0,30.28,246918
2016-11-02 15:30:00,30.28,30.34,30.02,30.06,440087
2016-11-03 09:30:00,29.04,29.33,27.17,28.89,2446899
2016-11-03 10:30:00,28.92,29.49,28.83,29.22,702103
2016-11-03 11:30:00,29.21,29.37,29.11,29.15,332466
2016-11-03 12:30:00,29.13,29.18,28.92,29.0199,291259
2016-11-03 13:30:00,29.02,29.12,28.705,28.74,443357
2016-11-03 14:30:00,28.74,28.82,28.58,28.68,715371
2016-11-03 15:30:00,28.67,28.68,28.32,28.61,988137
2016-11-04 09:30:00,28.46,28.55,28.15,28.1702,396255
2016-11-04 10:30:00,28.1792,28.5,28.11,28.49,591721
2016-11-04 11:30:00,28.48,28.5,28.29,28.46,360443
2016-11-04 12:30:00,28.47,28.52,28.37,28.49,165954
2016-11-04 13:30:00,28.49,28.52,28.305,28.34,282190
2016-11-04 14:30:00,28.345,28.39,28.26,28.37,352627
2016-11-04 15:30:00,28.37,28.37,28.26,28.27,514618
2016-11-07 09:30:00,28.6,29.04,28.56,28.89,436995
2016-11-07 10:30:00,28.89,29.02,28.79,28.93,216470
2016-11-07 11:30:00,28.93,28.99,28.86,28.98,158477
2016-11-07 12:30:00,28.99,29.0,28.87,28.92,133238
2016-11-07 13:30:00,28.92,29.03,28.89,28.918,136260
2016-11-07 14:30:00,28.93,29.08,28.91,29.055,226011
2016-11-07 15:30:00,29.05,29.27,29.05,29.25,464879
2016-11-08 09:30:00,29.14,29.49,29.02,29.4,112010
2016-11-08 10:30:00,29.4,29.68,29.39,29.54,133869
2016-11-08 11:30:00,29.52,29.5771,29.36,29.47,93230
2016-11-08 12:30:00,29.47,29.6,29.37,29.41,80836
2016-11-08 13:30:00,29.42,29.49,29.33,29.36,145900
2016-11-08 14:30:00,29.37,29.49,29.22,29.49,148840
2016-11-08 15:30:00,29.49,29.57,29.4,29.44,268584
2016-11-09 09:30:00,28.94,29.95,28.922,29.86,388736
2016-11-09 10:30:00,29.87,30.22,29.78,30.15,230939
2016-11-09 11:30:00,30.16,30.38,30.13,30.18,223048
2016-11-09 12:30:00,30.18,30.34,30.135,30.32,180919
2016-11-09 13:30:00,30.32,30.43,30.235,30.32,249777
2016-11-09 14:30:00,30.31,30.7,30.29,30.6299,402935
2016-11-09 15:30:00,30.63,30.73,30.52,30.65,554216
2016-11-10 09:30:00,30.73,31.2,30.68,30.85,315695
2016-11-10 10:30:00,30.83,30.84,30.2814,30.467,334013
2016-11-10 11:30:00,30.47,30.87,30.4,30.7,227541
2016-11-10 12:30:00,30.683,31.09,30.6435,31.04,320838
2016-11-10 13:30:00,31.04,31.09,30.74,30.87,245198
2016-11-10 14:30:00,30.8631,30.95,30.8,30.8599,290532
2016-11-10 15:30:00,30.86,30.91,30.805,30.86,350318
2016-11-11 09:30:00,30.45,30.64,29.69,29.96,294009
2016-11-11 10:30:00,29.96,30.03,29.78,29.8602,358565
2016-11-11 11:30:00,29.86,30.13,29.84,30.0,318373
2016-11-11 12:30:00,30.0,30.04,29.88,29.93,211606
2016-11-11 13:30:00,29.93,30.0,29.82,29.9034,213763
2016-11-11 14:30:00,29.905,30.23,29.89,30.195,262827
2016-11-11 15:30:00,30.195,30.27,30.18,30.2,360944
2017-01-26 09:30:00,31.78,31.87,31.01,31.51,728742
2017-01-26 10:30:00,31.5,31.98,31.42,31.725,544136
2017-01-26 11:30:00,31.73,31.83,31.68,31.83,251822
2017-01-26 12:30:00,31.82,32.04,31.75,32.01,243861
2017-01-26 13:30:00,32.0,32.3,31.99,32.13,444066
2017-01-26 14:30:00,32.125,32.3,32.015,32.26,451006
2017-01-26 15:30:00,32.26,32.45,32.25,32.41,608585
2017-01-27 09:30:00,31.74,32.14,31.57,31.9775,389743
2017-01-27 10:30:00,31.985,32.055,31.65,31.655,267409
2017-01-27 11:30:00,31.66,31.95,31.53,31.5958,283833
2017-01-27 12:30:00,31.6,31.7,31.53,31.6388,159115
2017-01-27 13:30:00,31.6399,31.75,31.55,31.6143,373137
2017-01-27 14:30:00,31.61,31.7,31.52,31.6199,302872
2017-01-27 15:30:00,31.62,31.67,31.52,31.63,406802
2017-01-30 09:30:00,31.33,31.49,30.44,30.54,358698
2017-01-30 10:30:00,30.53,30.66,30.46,30.6127,354444
2017-01-30 11:30:00,30.6199,30.815,30.52,30.71,364590
2017-01-30 12:30:00,30.7,30.83,30.63,30.77,267909
2017-01-30 13:30:00,30.77,30.99,30.73,30.8663,461953
2017-01-30 14:30:00,30.87,30.885,30.78,30.845,225080
2017-01-30 15:30:00,30.845,31.1,30.845,31.09,374780
2017-01-31 09:30:00,31.71,31.85,30.98,31.01,209629
2017-01-31 10:30:00,31.01,31.1499,30.95,31.11,198238
2017-01-31 11:30:00,31.13,31.35,31.1,31.24,199391
2017-01-31 12:30:00,31.23,31.24,31.04,31.0899,148700
2017-01-31 13:30:00,31.09,31.16,31.04,31.12,107540
2017-01-31 14:30:00,31.12,31.27,31.1,31.17,182033
2017-01-31 15:30:00,31.15,31.39,31.15,31.38,265858
2017-02-01 09:30:00,31.97,32.0,31.53,31.53,272741
2017-02-01 10:30:00,31.54,31.95,31.5,31.59,266394
2017-02-01 11:30:00,31.63,31.8,31.42,31.54,295529
2017-02-01 12:30:00,31.5399,31.5601,31.4,31.4301,70682
2017-02-01 13:30:00,31.4331,31.85,31.43,31.806,124724
2017-02-01 14:30:00,31.81,31.83,31.65,31.76,181538
2017-02-01 15:30:00,31.766,31.83,31.73,31.77,257958
2017-02-02 09:30:00,31.89,31.99,31.42,31.5,130411
2017-02-02 10:30:00,31.5,31.7,31.43,31.6745,134616
2017-02-02 11:30:00,31.65,31.7999,31.63,31.72,126644
2017-02-02 12:30:00,31.7,31.88,31.64,31.88,82025
2017-02-02 13:30:00,31.88,31.99,31.86,31.9,115069
2017-02-02 14:30:00,31.91,31.95,31.815,31.94,132633
2017-02-02 15:30:00,31.93,31.99,31.764,31.98,191185
2017-02-03 09:30:00,32.1,32.34,31.81,32.2,151854
2017-02-03 10:30:00,32.23,32.61,32.1899,32.59,234636
2017-02-03 11:30:00,32.5874,32.73,32.5,32.73,183498
2017-02-03 12:30:00,32.71,32.75,32.475,32.5,179726
2017-02-03 13:30:00,32.48,32.51,32.22,32.24,223708
2017-02-03 14:30:00,32.2263,32.33,32.16,32.17,250561
2017-02-03 15:30:00,32.18,32.2,32.02,32.08,525122
2017-02-06 09:30:00,32.01,32.2,31.68,32.0,201203
2017-02-06 10:30:00,32.0,32.16,31.87,32.11,121585
2017-02-06 11:30:00,32.14,32.26,32.07,32.11,141402
2017-02-06 12:30:00,32.11,32.16,31.95,32.1474,58968
2017-02-06 13:30:00,32.14,32.16,32.05,32.16,173394
2017-02-06 14:30:00,32.16,32.2,32.09,32.15,106759
2017-02-06 15:30:00,32.15,32.28,32.14,32.24,192775
2017-02-07 09:30:00,31.96,32.23,31.81,32.08,101753
2017-02-07 10:30:00,32.07,32.2,32.04,32.09,187297
2017-02-07 11:30:00,32.09,32.11,31.91,31.955,314795
2017-02-07 12:30:00,31.9799,32.0,31.9,31.95,140723
2017-02-07 13:30:00,31.95,32.09,31.93,32.07,140293
2017-02-07 14:30:00,32.08,32.28,32.03,32.13,328523
2017-02-07 15:30:00,32.13,32.31,32.11,32.29,465288
2017-02-08 09:30:00,31.13,31.61,30.57,31.3,753182
2017-02-08 10:30:00,31.3637,31.72,30.99,31.6,419582
2017-02-08 11:30:00,31.59,31.5967,31.2064,31.415,247941
2017-02-08 12:30:00,31.45,31.51,31.32,31.44,284583
2017-02-08 13:30:00,31.43,31.53,31.35,31.39,408559
2017-02-08 14:30:00,31.39,31.449,31.3,31.38,374553
2017-02-08 15:30:00,31.36,31.39,31.2,31.385,681352
2017-02-09 09:30:00,31.48,31.88,31.29,31.31,240970
2017-02-09 10:30:00,31.2957,31.67,31.29,31.41,226088
2017-02-09 11:30:00,31.41,31.51,31.19,31.22,232467
2017-02-09 12:30:00,31.21,31.39,31.18,31.3,284430
2017-02-09 13:30:00,31.3001,31.32,31.1454,31.219,150343
2017-02-09 14:30:00,31.21,31.42,31.1699,31.2,268049
2017-02-09 15:30:00,31.19,31.35,31.17,31.29,500370
2017-02-10 09:30:00,31.6,31.75,30.77,30.7901,301679
2017-02-10 10:30:00,30.8,31.19,30.78,31.18,359617
2017-02-10 11:30:00,31.18,31.35,31.03,31.32,273404
2017-02-10 12:30:00,31.31,31.34,31.14,31.27,220704
2017-02-10 13:30:00,31.26,31.34,31.23,31.32,184539
2017-02-10 14:30:00,31.32,31.32,31.22,31.3,368870
2017-02-10 15:30:00,31.305,31.32,31.26,31.29,488890
2017-02-13 09:30:00,31.51,31.51,31.03,31.06,140090
2017-02-13 10:30:00,31.08,31.18,30.95,30.98,276015
2017-02-13 11:30:00,30.98,31.0609,30.84,30.97,95472
2017-02-13 12:30:00,30.96,31.0,30.88,30.96,178258
2017-02-13 13:30:00,30.96,31.06,30.9,30.98,305689
2017-02-13 14:30:00,30.98,31.0,30.85,30.87,187085
2017-02-13 15:30:00,30.88,30.96,30.86,30.95,342687
2017-02-14 09:30:00,30.97,30.9799,30.76,30.83,196001
2017-02-14 10:30:00,30.85,31.01,30.801,30.97,158354
2017-02-14 11:30:00,30.98,31.18,30.98,31.16,124186
2017-02-14 12:30:00,31.167,31.4199,31.165,31.385,182281
2017-02-14 13:30:00,31.39,31.4,31.205,31.26,225333
2017-02-14 14:30:00,31.23,31.405,31.17,31.4,172714
2017-02-14 15:30:00,31.4,31.44,31.35,31.39,410560
2017-04-25 09:30:00,29.9,30.32,29.9,30.18,168433
2017-04-25 10:30:00,30.23,30.32,30.18,30.23,126171
2017-04-25 11:30:00,30.25,30.43,30.24,30.42,128538
2017-04-25 12:30:00,30.42,30.44,30.37,30.42,88818
2017-04-25 13:30:00,30.42,30.505,30.39,30.5,134205
2017-04-25 14:30:00,30.49,30.625,30.49,30.585,143965
2017-04-25 15:30:00,30.58,30.61,30.51,30.55,299942
2017-04-26 09:30:00,30.46,30.64,30.35,30.6,163837
2017-04-26 10:30:00,30.61,30.73,30.46,30.5,231209
2017-04-26 11:30:00,30.4992,30.55,30.405,30.45,157385
2017-04-26 12:30:00,30.46,30.53,30.37,30.37,117783
2017-04-26 13:30:00,30.37,30.45,30.3,30.37,240818
2017-04-26 14:30:00,30.38,30.45,30.36,30.4,216786
2017-04-26 15:30:00,30.4,30.42,30.28,30.33,352330
2017-04-27 09:30:00,29.66,29.7,29.45,29.46,290023
2017-04-27 10:30:00,29.47,29.49,29.18,29.3,245428
2017-04-27 11:30:00,29.31,29.4225,29.24,29.397,322611
2017-04-27 12:30:00,29.4,29.67,29.39,29.62,304735
2017-04-27 13:30:00,29.62,29.69,29.54,29.54,189502
2017-04-27 14:30:00,29.54,29.56,29.4,29.46,334443
2017-04-27 15:30:00,29.46,29.48,29.305,29.39,479887
2017-04-28 09:30:00,29.4,29.71,29.27,29.61,176334
2017-04-28 10:30:00,29.61,29.66,29.4,29.44,107802
2017-04-28 11:30:00,29.43,29.44,29.265,29.2793,150435
2017-04-28 12:30:00,29.28,29.28,29.215,29.24,87696
2017-04-28 13:30:00,29.24,29.28,29.22,29.28,118756
2017-04-28 14:30:00,29.271,29.36,29.23,29.355,181803
2017-04-28 15:30:00,29.36,29.36,29.195,29.25,246355
2017-05-01 09:30:00,29.27,29.35,29.03,29.09,101038
2017-05-01 10:30:00,29.09,29.19,29.03,29.11,154420
2017-05-01 11:30:00,29.12,29.15,29.0,29.124,215975
2017-05-01 12:30:00,29.1246,29.18,29.06,29.06,189708
2017-05-01 13:30:00,29.06,29.21,29.0425,29.185,165374
2017-05-01 14:30:00,29.189,29.189,29.03,29.0339,202678
2017-05-01 15:30:00,29.035,29.14,29.02,29.13,339454
2017-05-02 09:30:00,29.11,29.17,28.99,29.155,185620
2017-05-02 10:30:00,29.155,29.46,29.145,29.41,290102
2017-05-02 11:30:00,29.4,29.425,29.35,29.37,147775
2017-05-02 12:30:00,29.36,29.42,29.36,29.3965,196194
2017-05-02 13:30:00,29.4,29.44,29.17,29.17,278931
2017-05-02 14:30:00,29.17,29.17,29.0,29.045,383820
2017-05-02 15:30:00,29.04,29.12,29.04,29.12,321449
2017-05-03 09:30:00,29.05,29.22,28.83,28.9178,173904
2017-05-03 10:30:00,28.92,28.93,28.7391,28.795,168960
2017-05-03 11:30:00,28.79,28.81,28.671,28.731,196182
2017-05-03 12:30:00,28.73,28.75,28.63,28.64,147217
2017-05-03 13:30:00,28.64,28.68,28.52,28.61,268669
2017-05-03 14:30:00,28.62,28.81,28.6,28.75,288606
2017-05-03 15:30:00,28.74,28.79,28.7,28.75,253624
2017-05-04 09:30:00,28.68,28.735,27.95,28.2,337294
2017-05-04 10:30:00,28.2,28.29,27.88,27.94,227987
2017-05-04 11:30:00,27.95,27.98,27.55,27.6679,437685
2017-05-04 12:30:00,27.66,27.7492,27.57,27.595,571021
2017-05-04 13:30:00,27.6,27.8224,27.56,27.8224,351611
2017-05-04 14:30:00,27.81,27.8999,27.63,27.63,297315
2017-05-04 15:30:00,27.63,27.68,27.38,27.4,616535
2017-05-05 09:30:00,27.43,27.9,26.83,27.7352,518269
2017-05-05 10:30:00,27.74,28.085,27.72,28.06,281144
2017-05-05 11:30:00,28.04,28.06,27.9,27.99,211786
2017-05-05 12:30:00,28.0,28.2,27.95,28.18,208962
2017-05-05 13:30:00,28.188,28.43,28.1799,28.41,313980
2017-05-05 14:30:00,28.41,28.46,28.37,28.395,401931
2017-05-05 15:30:00,28.395,28.52,28.38,28.4,660827
2017-05-08 09:30:00,28.27,28.68,28.22,28.47,211480
2017-05-08 10:30:00,28.48,28.56,28.25,28.28,184741
2017-05-08 11:30:00,28.28,28.4,28.24,28.31,93397
2017-05-08 12:30:00,28.31,28.43,28.3,28.41,134028
2017-05-08 13:30:00,28.419,28.49,28.35,28.47,189423
2017-05-08 14:30:00,28.48,28.64,28.43,28.59,409265
2017-05-08 15:30:00,28.59,28.59,28.43,28.5,483660
2017-05-09 09:30:00,27.07,27.7,27.0,27.31,1150142
2017-05-09 10:30:00,27.3,27.53,27.28,27.405,660642
2017-05-09 11:30:00,27.4156,27.49,27.25,27.3299,278780
2017-05-09 12:30:00,27.325,27.33,27.13,27.14,338603
2017-05-09 13:30:00,27.15,27.3,27.09,27.15,348859
2017-05-09 14:30:00,27.15,27.16,26.98,27.0,838963
2017-05-09 15:30:00,27.0,27.14,26.94,26.94,948261
2017-05-10 09:30:00,27.02,27.3699,26.99,27.17,573508
2017-05-10 10:30:00,27.19,27.349,27.155,27.22,240839
2017-05-10 11:30:00,27.23,27.3061,27.2,27.28,544117
2017-05-10 12:30:00,27.28,27.36,27.25,27.318,214439
2017-05-10 13:30:00,27.32,27.33,27.23,27.265,162292
2017-05-10 14:30:00,27.265,27.33,27.26,27.28,197378
2017-05-10 15:30:00,27.285,27.335,27.23,27.24,377399
2017-05-11 09:30:00,27.16,27.29,26.97,27.2,233479
2017-05-11 10:30:00,27.22,27.42,27.19,27.42,529841
2017-05-11 11:30:00,27.42,27.53,27.41,27.501,167184
2017-05-11 12:30:00,27.505,27.51,27.42,27.45,126870
2017-05-11 13:30:00,27.45,27.45,27.37,27.41,152558
2017-05-11 14:30:00,27.42,27.45,27.35,27.4,142013
2017-05-11 15:30:00,27.39,27.4,27.3,27.33,256889
2017-05-12 09:30:00,27.42,27.48,27.17,27.1728,347164
2017-05-12 10:30:00,27.19,27.49,27.19,27.49,242196
2017-05-12 11:30:00,27.5,27.532,27.39,27.395,196719
2017-05-12 12:30:00,27.4034,27.46,27.32,27.44,103648
2017-05-12 13:30:00,27.45,27.49,27.42,27.4639,114777
2017-05-12 14:30:00,27.46,27.46,27.36,27.39,238120
2017-05-12 15:30:00,27.38,27.47,27.375,27.4,281633
2017-07-25 09:30:00,26.75,26.82,26.7,26.805,315709
2017-07-25 10:30:00,26.805,26.87,26.71,26.73,217824
2017-07-25 11:30:00,26.74,26.76,26.65,26.72,253420
2017-07-25 12:30:00,26.73,26.81,26.69,26.78,135588
2017-07-25 13:30:00,26.8,26.8,26.72,26.75,135948
2017-07-25 14:30:00,26.75,26.81,26.73,26.7601,179531
2017-07-25 15:30:00,26.765,26.79,26.73,26.79,205547
2017-07-26 09:30:00,26.83,26.876,26.63,26.7003,151367
2017-07-26 10:30:00,26.72,26.85,26.7,26.78,171656
2017-07-26 11:30:00,26.77,26.8,26.74,26.79,167972
2017-07-26 12:30:00,26.78,26.95,26.73,26.9,300965
2017-07-26 13:30:00,26.8902,26.93,26.82,26.88,105877
2017-07-26 14:30:00,26.87,26.879,26.7,26.74,193148
2017-07-26 15:30:00,26.75,26.815,26.7289,26.745,196217
2017-07-27 09:30:00,26.31,26.33,26.02,26.09,218489
2017-07-27 10:30:00,26.1,26.23,26.09,26.21,124575
2017-07-27 11:30:00,26.2101,26.27,26.1801,26.26,106710
2017-07-27 12:30:00,26.2423,26.27,26.11,26.18,58500
2017-07-27 13:30:00,26.16,26.29,26.09,26.26,131628
2017-07-27 14:30:00,26.265,26.29,26.18,26.27,100007
2017-07-27 15:30:00,26.265,26.33,26.235,26.2651,325541
2017-07-28 09:30:00,26.1,26.59,26.1,26.53,144056
2017-07-28 10:30:00,26.535,26.59,26.46,26.48,139602
2017-07-28 11:30:00,26.48,26.57,26.43,26.53,113775
2017-07-28 12:30:00,26.53,26.54,26.46,26.495,66222
2017-07-28 13:30:00,26.48,26.57,26.46,26.55,118085
2017-07-28 14:30:00,26.55,26.59,26.52,26.53,180333
2017-07-28 15:30:00,26.53,26.56,26.49,26.51,222817
2017-07-31 09:30:00,26.55,26.55,26.16,26.2,117517
2017-07-31 10:30:00,26.23,26.24,26.09,26.13,114816
2017-07-31 11:30:00,26.135,26.28,26.12,26.28,174180
2017-07-31 12:30:00,26.27,26.45,26.26,26.435,174949
2017-07-31 13:30:00,26.43,26.6,26.41,26.585,185660
2017-07-31 14:30:00,26.6,26.65,26.5,26.515,566190
2017-07-31 15:30:00,26.515,26.58,26.36,26.365,464890
2017-08-01 09:30:00,26.35,26.47,26.23,26.31,145678
2017-08-01 10:30:00,26.32,26.4,26.24,26.27,191824
2017-08-01 11:30:00,26.27,26.37,26.26,26.32,190314
2017-08-01 12:30:00,26.33,26.35,26.28,26.32,103014
2017-08-01 13:30:00,26.32,26.325,26.15,26.18,162190
2017-08-01 14:30:00,26.19,26.32,26.155,26.2246,145232
2017-08-01 15:30:00,26.225,26.36,26.16,26.35,381616
2017-08-02 09:30:00,26.1,26.23,26.05,26.16,259102
2017-08-02 10:30:00,26.17,26.18,26.02,26.18,274162
2017-08-02 11:30:00,26.1875,26.19,26.02,26.08,147763
2017-08-02 12:30:00,26.09,26.2287,26.08,26.18,161250
2017-08-02 13:30:00,26.175,26.19,26.13,26.141,153337
2017-08-02 14:30:00,26.14,26.28,26.13,26.22,235826
2017-08-02 15:30:00,26.215,26.4,26.21,26.28,634267
2017-08-03 09:30:00,26.25,26.34,26.07,26.22,160307
2017-08-03 10:30:00,26.23,26.27,26.16,26.175,131333
2017-08-03 11:30:00,26.17,26.28,26.02,26.05,154239
2017-08-03 12:30:00,26.05,26.08,25.92,25.95,241578
2017-08-03 13:30:00,25.94,25.95,25.655,25.67,211070
2017-08-03 14:30:00,25.66,25.665,25.45,25.45,262764
2017-08-03 15:30:00,25.45,25.63,25.41,25.58,534011
2017-08-04 09:30:00,25.57,25.77,25.4427,25.52,134385
2017-08-04 10:30:00,25.52,25.63,25.49,25.5,97041
2017-08-04 11:30:00,25.51,25.66,25.49,25.62,158355
2017-08-04 12:30:00,25.64,25.65,25.55,25.55,99698
2017-08-04 13:30:00,25.55,25.58,25.465,25.49,120873
2017-08-04 14:30:00,25.48,25.5,25.44,25.475,149591
2017-08-04 15:30:00,25.48,25.63,25.43,25.62,341660
2017-08-07 09:30:00,25.58,25.615,25.3,25.56,178353
2017-08-07 10:30:00,25.557,25.57,25.41,25.49,89447
2017-08-07 11:30:00,25.49,25.5,25.4,25.45,150620
2017-08-07 12:30:00,25.45,25.55,25.43,25.52,171564
2017-08-07 13:30:00,25.51,25.54,25.41,25.4434,159172
2017-08-07 14:30:00,25.445,25.45,25.33,25.405,152625
2017-08-07 15:30:00,25.405,25.42,25.11,25.17,531799
2017-08-08 09:30:00,21.79,21.79,20.75,21.17,6066049
2017-08-08 10:30:00,21.17,21.26,20.91,21.24,2624629
2017-08-08 11:30:00,21.245,21.29,21.17,21.209,1304741
2017-08-08 12:30:00,21.21,21.27,21.14,21.21,1118470
2017-08-08 13:30:00,21.209,21.22,20.0,20.6362,3338668
2017-08-08 14:30:00,20.64,20.66,20.25,20.31,3328616
2017-08-08 15:30:00,20.3001,20.57,20.131,20.31,3557080
2017-08-09 09:30:00,20.2,21.84,20.2,21.65,2648109
2017-08-09 10:30:00,21.65,21.69,21.155,21.18,1638152
2017-08-09 11:30:00,21.1718,21.27,20.89,20.96,937875
2017-08-09 12:30:00,20.95,21.21,20.95,21.2,695645
2017-08-09 13:30:00,21.21,21.25,21.03,21.139,757091
2017-08-09 14:30:00,21.14,21.24,20.975,20.98,1197202
2017-08-09 15:30:00,20.99,21.1,20.94,21.005,1543832
2017-08-10 09:30:00,21.13,21.5,21.08,21.43,816943
2017-08-10 10:30:00,21.46,21.47,21.23,21.2588,240135
2017-08-10 11:30:00,21.27,21.27,20.97,20.97,333281
2017-08-10 12:30:00,20.98,21.02,20.75,20.78,635881
2017-08-10 13:30:00,20.77,20.99,20.67,20.81,961401
2017-08-10 14:30:00,20.81,20.88,20.58,20.86,909427
2017-08-10 15:30:00,20.855,20.86,20.62,20.665,913992
2017-08-11 09:30:00,20.39,20.81,20.33,20.55,423856
2017-08-11 10:30:00,20.55,20.74,20.44,20.47,312185
2017-08-11 11:30:00,20.45,20.7,20.44,20.67,454300
2017-08-11 12:30:00,20.67,20.67,20.52,20.577,384989
2017-08-11 13:30:00,20.57,20.63,20.5,20.5599,374777
2017-08-11 14:30:00,20.55,20.6,20.52,20.52,1082060
2017-08-11 15:30:00,20.52,20.58,20.385,20.4,732126
2017-10-24 09:30:00,19.91,20.19,19.7601,19.7808,343098
2017-10-24 10:30:00,19.765,19.765,19.56,19.59,332762
2017-10-24 11:30:00,19.59,19.73,19.48,19.5,472758
2017-10-24 12:30:00,19.506,19.555,19.45,19.5501,320082
2017-10-24 13:30:00,19.55,19.56,19.485,19.5167,818439
2017-10-24 14:30:00,19.515,19.56,19.475,19.54,493910
2017-10-24 15:30:00,19.5307,19.56,19.505,19.54,313920
2017-10-25 09:30:00,19.43,19.68,19.17,19.19,269135
2017-10-25 10:30:00,19.18,19.23,18.78,18.8008,605604
2017-10-25 11:30:00,18.8,19.02,18.77,19.0,502137
2017-10-25 12:30:00,19.0,19.27,19.0,19.09,528674
2017-10-25 13:30:00,19.09,19.14,19.0,19.14,394528
2017-10-25 14:30:00,19.15,19.16,18.995,19.07,427901
2017-10-25 15:30:00,19.075,19.095,18.96,18.98,479336
2017-10-26 09:30:00,18.92,19.18,18.76,19.07,610268
2017-10-26 10:30:00,19.06,19.32,18.83,19.32,396547
2017-10-26 11:30:00,19.31,19.74,19.28,19.63,532540
2017-10-26 12:30:00,19.63,19.63,19.35,19.363,226561
2017-10-26 13:30:00,19.37,19.645,19.36,19.565,228550
2017-10-26 14:30:00,19.57,19.57,19.41,19.495,345752
2017-10-26 15:30:00,19.49,19.495,19.35,19.36,436376
2017-10-27 09:30:00,19.37,19.61,19.28,19.52,377125
2017-10-27 10:30:00,19.51,20.01,19.51,20.01,648018
2017-10-27 11:30:00,20.01,20.01,19.73,19.73,292618
2017-10-27 12:30:00,19.74,19.86,19.72,19.77,115894
2017-10-27 13:30:00,19.78,19.8,19.7,19.73,237143
2017-10-27 14:30:00,19.73,19.75,19.65,19.6554,400140
2017-10-27 15:30:00,19.66,19.73,19.645,19.69,974202
2017-10-30 09:30:00,19.45,20.24,19.41,19.92,2524396
2017-10-30 10:30:00,19.93,20.0,19.71,19.79,452942
2017-10-30 11:30:00,19.79,20.04,19.73,20.0208,535806
2017-10-30 12:30:00,20.03,20.13,19.94,19.97,323595
2017-10-30 13:30:00,19.97,19.98,19.7369,19.82,544966
2017-10-30 14:30:00,19.83,19.84,19.7,19.74,278757
2017-10-30 15:30:00,19.74,19.82,19.73,19.78,464696
2017-10-31 09:30:00,19.57,19.81,19.5,19.79,477904
2017-10-31 10:30:00,19.785,19.785,19.52,19.71,334589
2017-10-31 11:30:00,19.72,19.74,19.59,19.66,331814
2017-10-31 12:30:00,19.67,19.67,19.54,19.63,230062
2017-10-31 13:30:00,19.64,19.76,19.565,19.72,521386
2017-10-31 14:30:00,19.72,19.945,19.68,19.945,515342
2017-10-31 15:30:00,19.94,19.99,19.9114,19.97,631576
2017-11-01 09:30:00,19.78,20.73,19.68,20.62,563500
2017-11-01 10:30:00,20.61,20.63,20.4,20.505,454592
2017-11-01 11:30:00,20.51,20.6309,20.41,20.42,280317
2017-11-01 12:30:00,20.42,20.4433,20.16,20.27,323036
2017-11-01 13:30:00,20.2844,20.395,20.15,20.39,217343
2017-11-01 14:30:00,20.39,20.57,20.38,20.561,252583
2017-11-01 15:30:00,20.569,20.71,20.53,20.6,607111
2017-11-02 09:30:00,20.62,20.62,20.15,20.29,321099
2017-11-02 10:30:00,20.29,20.43,20.26,20.28,272212
2017-11-02 11:30:00,20.2831,20.39,20.11,20.18,312923
2017-11-02 12:30:00,20.18,20.35,20.15,20.25,267443
2017-11-02 13:30:00,20.25,20.29,19.98,20.055,442174
2017-11-02 14:30:00,20.04,20.23,19.8444,20.23,594022
2017-11-02 15:30:00,20.225,20.36,20.19,20.21,617596
2017-11-03 09:30:00,20.11,20.21,19.9,20.095,216727
2017-11-03 10:30:00,20.1,20.135,20.0,20.06,406831
2017-11-03 11:30:00,20.0608,20.2,20.02,20.19,161886
2017-11-03 12:30:00,20.19,20.36,20.09,20.11,221774
2017-11-03 13:30:00,20.11,20.32,20.09,20.26,256122
2017-11-03 14:30:00,20.26,20.34,20.09,20.1,492179
2017-11-03 15:30:00,20.1586,20.24,20.095,20.23,573436
2017-11-06 09:30:00,20.25,20.5,20.24,20.4,562985
2017-11-06 10:30:00,20.39,20.59,20.37,20.55,423660
2017-11-06 11:30:00,20.56,20.67,20.5,20.51,426275
2017-11-06 12:30:00,20.52,20.655,20.49,20.6,325621
2017-11-06 13:30:00,20.61,20.84,20.52,20.77,374508
2017-11-06 14:30:00,20.77,20.96,20.72,20.75,688314
2017-11-06 15:30:00,20.74,20.86,20.685,20.77,755918
2017-11-07 09:30:00,20.55,21.19,20.52,21.137,705601
2017-11-07 10:30:00,21.14,21.79,21.1,21.625,871389
2017-11-07 11:30:00,21.64,21.69,21.445,21.65,330338
2017-11-07 12:30:00,21.65,21.7,21.48,21.55,210309
2017-11-07 13:30:00,21.5465,21.65,21.49,21.6,284871
2017-11-07 14:30:00,21.5948,21.69,21.54,21.59,450131
2017-11-07 15:30:00,21.59,21.62,21.4,21.48,627499
2017-11-08 09:30:00,21.39,21.73,21.39,21.41,596624
2017-11-08 10:30:00,21.41,21.55,21.25,21.53,319013
2017-11-08 11:30:00,21.54,21.64,21.41,21.63,286415
2017-11-08 12:30:00,21.622,21.78,21.5,21.76,301667
2017-11-08 13:30:00,21.75,21.76,21.3,21.31,257887
2017-11-08 14:30:00,21.3193,21.38,21.2786,21.35,258115
2017-11-08 15:30:00,21.345,21.36,21.255,21.27,390605
2017-11-09 09:30:00,21.24,21.62,21.2,21.55,345790
2017-11-09 10:30:00,21.56,21.68,21.4,21.6,259822
2017-11-09 11:30:00,21.59,21.59,21.2982,21.3915,193936
2017-11-09 12:30:00,21.39,21.54,21.33,21.39,320887
2017-11-09 13:30:00,21.39,21.41,21.19,21.29,493377
2017-11-09 14:30:00,21.2912,21.35,21.24,21.31,292640
2017-11-09 15:30:00,21.31,21.36,21.24,21.36,408930
2017-11-10 09:30:00,21.35,21.46,21.23,21.3,152579
2017-11-10 10:30:00,21.29,21.35,21.02,21.05,264724
2017-11-10 11:30:00,21.05,21.17,21.0,21.12,217680
2017-11-10 12:30:00,21.11,21.27,21.07,21.17,130576
2017-11-10 13:30:00,21.15,21.23,21.08,21.21,162802
2017-11-10 14:30:00,21.215,21.235,21.09,21.1,156655
2017-11-10 15:30:00,21.11,21.18,21.08,21.09,363103
2018-01-30 09:30:00,21.61,21.68,21.0,21.61,606960
2018-01-30 10:30:00,21.61,21.84,21.61,21.7099,1187820
2018-01-30 11:30:00,21.7,21.77,21.57,21.74,519517
2018-01-30 12:30:00,21.74,21.74,21.49,21.55,302676
2018-01-30 13:30:00,21.56,21.56,21.41,21.44,271514
2018-01-30 14:30:00,21.45,21.51,21.39,21.39,250736
2018-01-30 15:30:00,21.395,21.42,21.18,21.25,686544
2018-01-31 09:30:00,21.25,21.57,21.25,21.285,229200
2018-01-31 10:30:00,21.29,21.29,20.91,20.98,347948
2018-01-31 11:30:00,20.97,21.02,20.9,20.97,168850
2018-01-31 12:30:00,20.97,20.98,20.87,20.91,226131
2018-01-31 13:30:00,20.91,20.94,20.81,20.847,160950
2018-01-31 14:30:00,20.84,20.92,20.7746,20.9,302652
2018-01-31 15:30:00,20.9,20.98,20.875,20.98,436721
2018-02-01 09:30:00,21.02,21.13,20.8,20.805,599889
2018-02-01 10:30:00,20.81,20.84,20.72,20.76,482719
2018-02-01 11:30:00,20.75,20.91,20.75,20.79,484969
2018-02-01 12:30:00,20.785,20.8562,20.71,20.79,406528
2018-02-01 13:30:00,20.7838,20.895,20.74,20.81,339107
2018-02-01 14:30:00,20.82,21.01,20.785,20.96,314178
2018-02-01 15:30:00,20.96,21.065,20.945,21.04,578099
2018-02-02 09:30:00,20.82,20.82,20.515,20.7131,310531
2018-02-02 10:30:00,20.71,20.98,20.71,20.895,281462
2018-02-02 11:30:00,20.9,20.91,20.76,20.85,328552
2018-02-02 12:30:00,20.85,20.865,20.68,20.76,210917
2018-02-02 13:30:00,20.77,20.815,20.59,20.68,352045
2018-02-02 14:30:00,20.68,20.76,20.545,20.62,214525
2018-02-02 15:30:00,20.615,20.62,20.41,20.42,589079
2018-02-05 09:30:00,20.27,20.4768,20.0,20.46,456582
2018-02-05 10:30:00,20.47,20.73,20.47,20.52,312175
2018-02-05 11:30:00,20.53,20.53,20.325,20.35,234786
2018-02-05 12:30:00,20.34,20.47,20.28,20.37,126476
2018-02-05 13:30:00,20.375,20.47,20.21,20.22,304943
2018-02-05 14:30:00,20.2108,20.38,20.0,20.37,658025
2018-02-05 15:30:00,20.38,20.42,20.12,20.23,703943
2018-02-06 09:30:00,19.82,20.5,19.8,19.98,459399
2018-02-06 10:30:00,19.98,20.2,19.89,20.03,435563
2018-02-06 11:30:00,20.035,20.6,20.01,20.58,252356
2018-02-06 12:30:00,20.57,20.8,20.4,20.58,273028
2018-02-06 13:30:00,20.58,20.58,20.3,20.37,187726
2018-02-06 14:30:00,20.37,20.76,20.37,20.75,428438
2018-02-06 15:30:00,20.75,20.9,20.36,20.59,742181
2018-02-07 09:30:00,20.48,20.78,20.271,20.4375,995245
2018-02-07 10:30:00,20.4,20.51,20.18,20.37,890076
2018-02-07 11:30:00,20.36,20.494,20.28,20.38,588430
2018-02-07 12:30:00,20.38,20.59,20.3,20.5802,283641
2018-02-07 13:30:00,20.57,21.17,20.54,21.15,484202
2018-02-07 14:30:00,21.15,21.4,21.08,21.37,649342
2018-02-07 15:30:00,21.35,21.485,21.27,21.36,1023681
2018-02-08 09:30:00,21.68,22.13,21.62,21.75,1534481
2018-02-08 10:30:00,21.75,21.84,21.46,21.48,717278
2018-02-08 11:30:00,21.47,21.53,21.1,21.11,495157
2018-02-08 12:30:00,21.11,21.27,20.93,21.24,665648
2018-02-08 13:30:00,21.24,21.57,21.23,21.36,734037
2018-02-08 14:30:00,21.35,21.35,21.12,21.26,1261084
2018-02-08 15:30:00,21.27,21.3,20.88,20.96,2148136
2018-02-09 09:30:00,21.09,21.38,20.94,21.2,976078
2018-02-09 10:30:00,21.2,21.3,21.03,21.095,2197382
2018-02-09 11:30:00,21.09,21.29,20.91,20.92,1150773
2018-02-09 12:30:00,20.91,21.18,20.83,21.01,1333265
2018-02-09 13:30:00,21.02,21.475,20.98,21.34,1606985
2018-02-09 14:30:00,21.345,21.45,21.13,21.235,1500891
2018-02-09 15:30:00,21.24,21.625,21.24,21.52,1416026
2018-02-12 09:30:00,21.76,21.98,21.68,21.7,683194
2018-02-12 10:30:00,21.7,21.7,21.4673,21.55,760750
2018-02-12 11:30:00,21.55,21.7,21.55,21.7,274594
2018-02-12 12:30:00,21.7,21.7,21.6,21.7,249534
2018-02-12 13:30:00,21.695,21.86,21.66,21.855,390977
2018-02-12 14:30:00,21.855,22.19,21.855,22.095,734711
2018-02-12 15:30:00,22.095,22.15,21.98,22.07,838831
2018-02-13 09:30:00,22.16,22.46,21.94,22.4115,577749
2018-02-13 10:30:00,22.39,22.43,22.3,22.35,486055
2018-02-13 11:30:00,22.36,22.485,22.35,22.4,434001
2018-02-13 12:30:00,22.405,22.48,22.4,22.45,525446
2018-02-13 13:30:00,22.44,22.49,22.345,22.345,369077
2018-02-13 14:30:00,22.34,22.41,22.275,22.34,458654
2018-02-13 15:30:00,22.33,22.51,22.33,22.41,828861
2018-02-14 09:30:00,22.12,22.69,22.0,22.54,590524
2018-02-14 10:30:00,22.495,22.75,22.4,22.52,500465
2018-02-14 11:30:00,22.53,22.61,22.47,22.54,314300
2018-02-14 12:30:00,22.55,22.72,22.45,22.695,296728
2018-02-14 13:30:00,22.7,22.76,22.67,22.745,310224
2018-02-14 14:30:00,22.745,22.86,22.645,22.735,594393
2018-02-14 15:30:00,22.73,22.805,22.71,22.775,870086
2018-02-15 09:30:00,22.86,22.9499,22.5,22.775,498555
2018-02-15 10:30:00,22.77,22.83,22.54,22.7,488076
2018-02-15 11:30:00,22.685,22.8,22.59,22.7,225974
2018-02-15 12:30:00,22.72,22.72,22.56,22.685,337287
2018-02-15 13:30:00,22.68,22.75,22.5,22.5607,533556
2018-02-15 14:30:00,22.57,22.6,22.47,22.5,705324
2018-02-15 15:30:00,22.505,22.56,22.455,22.54,722551
2018-02-16 09:30:00,22.55,22.63,22.19,22.22,432671
2018-02-16 10:30:00,22.21,22.835,22.2,22.75,384231
2018-02-16 11:30:00,22.76,23.03,22.755,22.915,375264
2018-02-16 12:30:00,22.91,22.955,22.691,22.73,328187
2018-02-16 13:30:00,22.72,22.73,22.25,22.29,490724
2018-02-16 14:30:00,22.29,22.36,22.23,22.295,490455
2018-02-16 15:30:00,22.295,22.39,22.28,22.38,818806
2018-03-02 09:30:00,21.21,21.24,20.89,20.92,285499
2018-03-02 10:30:00,20.935,21.05,20.91,20.98,436888
2018-03-02 11:30:00,20.975,21.45,20.97,21.445,296131
2018-03-02 12:30:00,21.45,21.5,21.33,21.35,181471
2018-03-02 13:30:00,21.35,21.44,21.3,21.37,222547
2018-03-02 14:30:00,21.36,21.45,21.3,21.42,146725
2018-03-02 15:30:00,21.41,21.57,21.41,21.54,245257
2018-03-05 09:30:00,21.5,21.64,21.4,21.54,212707
2018-03-05 10:30:00,21.54,21.92,21.51,21.8633,110851
2018-03-05 11:30:00,21.87,21.95,21.845,21.94,94219
2018-03-05 12:30:00,21.94,22.01,21.9,21.911,232262
2018-03-05 13:30:00,21.9199,21.935,21.84,21.93,228356
2018-03-05 14:30:00,21.925,22.105,21.89,21.996,333220
2018-03-05 15:30:00,21.9944,22.15,21.99,22.15,393469
2018-03-06 09:30:00,22.52,22.68,22.32,22.37,341474
2018-03-06 10:30:00,22.3636,22.39,22.05,22.09,202363
2018-03-06 11:30:00,22.1,22.3,22.089,22.26,167151
2018-03-06 12:30:00,22.25,22.36,22.16,22.325,97895
2018-03-06 13:30:00,22.325,22.455,22.24,22.35,181252
2018-03-06 14:30:00,22.35,22.5,22.21,22.305,238452
2018-03-06 15:30:00,22.3,22.33,22.24,22.25,253441
2018-03-07 09:30:00,22.06,22.39,22.0,22.235,296757
2018-03-07 10:30:00,22.24,22.32,22.09,22.145,269374
2018-03-07 11:30:00,22.15,22.15,21.6735,21.6835,365191
2018-03-07 12:30:00,21.7,21.76,21.52,21.535,208619
2018-03-07 13:30:00,21.54,21.56,21.3,21.301,333235
2018-03-07 14:30:00,21.31,21.62,21.3,21.62,413653
2018-03-07 15:30:00,21.62,21.67,21.58,21.64,418462
2018-03-08 09:30:00,21.7,21.78,21.525,21.525,160971
2018-03-08 10:30:00,21.525,21.565,21.38,21.39,128545
2018-03-08 11:30:00,21.39,21.46,21.22,21.375,364562
2018-03-08 12:30:00,21.395,21.56,21.37,21.48,136173
2018-03-08 13:30:00,21.48,21.655,21.43,21.65,151572
2018-03-08 14:30:00,21.65,21.7,21.591,21.6999,146571
2018-03-08 15:30:00,21.7,21.74,21.6,21.7,301084
2018-03-09 09:30:00,21.9,21.97,21.741,21.89,152207
2018-03-09 10:30:00,21.89,22.18,21.88,22.08,323536
2018-03-09 11:30:00,22.09,22.23,22.06,22.2,239981
2018-03-09 12:30:00,22.195,22.29,22.19,22.26,244775
2018-03-09 13:30:00,22.2603,22.33,22.23,22.31,257488
2018-03-09 14:30:00,22.31,22.41,22.3,22.385,338059
2018-03-09 15:30:00,22.385,22.55,22.38,22.46,695424
2018-03-12 09:30:00,22.51,23.02,22.44,23.0062,528759
2018-03-12 10:30:00,23.01,23.09,22.84,22.845,392218
2018-03-12 11:30:00,22.85,22.92,22.84,22.9,230554
2018-03-12 12:30:00,22.895,22.96,22.85,22.9226,178796
2018-03-12 13:30:00,22.93,23.04,22.92,23.0238,318835
2018-03-12 14:30:00,23.0244,23.11,22.995,23.04,339372
2018-03-12 15:30:00,23.03,23.23,23.03,23.22,393319
2018-03-13 09:30:00,23.16,23.35,23.02,23.13,354384
2018-03-13 10:30:00,23.125,23.19,22.98,23.111,206199
2018-03-13 11:30:00,23.12,23.22,23.059,23.12,186235
2018-03-13 12:30:00,23.1101,23.24,23.1,23.1333,133630
2018-03-13 13:30:00,23.13,23.16,23.11,23.13,124370
2018-03-13 14:30:00,23.14,23.36,23.13,23.2,272920
2018-03-13 15:30:00,23.2,23.24,23.135,23.22,469655
2018-03-14 09:30:00,23.31,23.3126,23.04,23.041,142426
2018-03-14 10:30:00,23.04,23.1299,22.88,22.9,189273
2018-03-14 11:30:00,22.895,22.96,22.75,22.9,216409
2018-03-14 12:30:00,22.9,22.9,22.7501,22.8,115658
2018-03-14 13:30:00,22.81,22.95,22.79,22.9,171248
2018-03-14 14:30:00,22.9,22.97,22.8,22.805,191644
2018-03-14 15:30:00,22.805,22.85,22.72,22.76,314617
2018-03-15 09:30:00,22.77,22.885,22.54,22.67,183287
2018-03-15 10:30:00,22.66,22.74,21.295,21.329,753866
2018-03-15 11:30:00,21.32,22.64,20.47,21.48,2749678
2018-03-15 12:30:00,21.475,21.61,20.9201,21.0,910197
2018-03-15 13:30:00,21.0001,21.11,20.51,20.62,1225266
2018-03-15 14:30:00,20.61,21.85,20.5,21.63,1994773
2018-03-15 15:30:00,21.62,21.67,21.455,21.5,768269
2018-03-16 09:30:00,21.72,22.19,21.64,21.926,624706
2018-03-16 10:30:00,21.93,22.08,21.925,22.0101,254475
2018-03-16 11:30:00,22.015,22.07,21.97,22.0091,280836
2018-03-16 12:30:00,22.005,22.14,21.915,21.945,313152
2018-03-16 13:30:00,21.94,22.02,21.9,21.92,314132
2018-03-16 14:30:00,21.92,22.12,21.9,22.05,330461
2018-03-16 15:30:00,22.04,22.05,21.945,21.95,520934
2018-03-19 09:30:00,21.96,21.96,21.06,21.32,328753
2018-03-19 10:30:00,21.34,21.42,21.16,21.31,280127
2018-03-19 11:30:00,21.32,21.3211,21.07,21.2,296845
2018-03-19 12:30:00,21.19,21.19,21.005,21.02,222160
2018-03-19 13:30:00,21.03,21.35,21.02,21.14,333143
2018-03-19 14:30:00,21.14,21.19,20.85,20.86,445028
2018-03-19 15:30:00,20.86,21.08,20.8449,21.04,684147
2018-03-20 09:30:00,21.24,21.2899,20.7501,20.85,334235
2018-03-20 10:30:00,20.85,21.28,20.85,21.195,304330
2018-03-20 11:30:00,21.195,21.26,20.89,20.95,352401
2018-03-20 12:30:00,20.96,21.07,20.95,21.0,173382
2018-03-20 13:30:00,21.0,21.02,20.81,20.93,275035
2018-03-20 14:30:00,20.94,21.28,20.92,21.07,492658
2018-03-20 15:30:00,21.068,21.17,21.02,21.11,452255
2018-03-21 09:30:00,21.19,21.6022,21.13,21.49,359730
2018-03-21 10:30:00,21.49,21.95,21.48,21.92,422261
2018-03-21 11:30:00,21.92,21.93,21.81,21.865,267957
2018-03-21 12:30:00,21.86,21.98,21.8,21.98,216459
2018-03-21 13:30:00,21.99,22.0,21.77,21.88,260995
2018-03-21 14:30:00,21.86,21.93,21.77,21.86,246259
2018-03-21 15:30:00,21.86,22.04,21.84,21.99,651970
2018-04-24 09:30:00,25.02,25.23,24.83,25.09,586483
2018-04-24 10:30:00,25.08,25.13,24.95,25.01,340430
2018-04-24 11:30:00,25.01,25.05,24.775,24.84,227434
2018-04-24 12:30:00,24.8392,24.84,24.63,24.655,213323
2018-04-24 13:30:00,24.66,24.7,24.545,24.6,210760
2018-04-24 14:30:00,24.595,24.79,24.5,24.76,336019
2018-04-24 15:30:00,24.75,24.8,24.64,24.77,597238
2018-04-25 09:30:00,24.54,24.66,24.18,24.185,446033
2018-04-25 10:30:00,24.17,24.369,24.0,24.36,381701
2018-04-25 11:30:00,24.37,24.4,24.19,24.255,238851
2018-04-25 12:30:00,24.255,24.385,24.205,24.37,189887
2018-04-25 13:30:00,24.37,24.46,24.23,24.275,303178
2018-04-25 14:30:00,24.275,24.35,24.14,24.14,317517
2018-04-25 15:30:00,24.14,24.32,24.095,24.32,808201
2018-04-26 09:30:00,24.37,24.51,24.16,24.28,266862
2018-04-26 10:30:00,24.29,24.41,24.21,24.3,320888
2018-04-26 11:30:00,24.2903,24.3,24.1,24.12,225926
2018-04-26 12:30:00,24.12,24.12,23.96,23.98,168145
2018-04-26 13:30:00,23.975,24.08,23.875,23.91,429761
2018-04-26 14:30:00,23.91,24.07,23.875,23.95,342077
2018-04-26 15:30:00,23.945,24.09,23.945,24.04,463461
2018-04-27 09:30:00,23.99,24.281,23.85,24.2,556085
2018-04-27 10:30:00,24.19,24.19,24.0,24.04,263259
2018-04-27 11:30:00,24.04,24.15,24.04,24.06,121230
2018-04-27 12:30:00,24.06,24.17,24.04,24.11,187024
2018-04-27 13:30:00,24.11,24.13,24.0197,24.03,193017
2018-04-27 14:30:00,24.03,24.17,24.0,24.0301,324081
2018-04-27 15:30:00,24.035,24.17,24.01,24.14,354843
2018-04-30 09:30:00,23.8,24.49,23.57,23.57,470620
2018-04-30 10:30:00,23.565,23.7016,23.465,23.52,239271
2018-04-30 11:30:00,23.52,23.75,23.5,23.74,197502
2018-04-30 12:30:00,23.74,23.81,23.6,23.7,197436
2018-04-30 13:30:00,23.69,23.71,23.435,23.46,287634
2018-04-30 14:30:00,23.46,23.51,23.37,23.425,186612
2018-04-30 15:30:00,23.425,23.58,23.425,23.5,298749
2018-05-01 09:30:00,23.28,23.66,23.28,23.49,164048
2018-05-01 10:30:00,23.5,23.53,23.315,23.43,189160
2018-05-01 11:30:00,23.425,23.62,23.38,23.58,247247
2018-05-01 12:30:00,23.57,23.64,23.55,23.64,83570
2018-05-01 13:30:00,23.63,23.73,23.56,23.66,174453
2018-05-01 14:30:00,23.663,23.73,23.515,23.56,168963
2018-05-01 15:30:00,23.555,23.63,23.52,23.57,213363
2018-05-02 09:30:00,23.57,23.78,23.505,23.63,259739
2018-05-02 10:30:00,23.61,23.83,23.47,23.82,222418
2018-05-02 11:30:00,23.82,23.825,23.66,23.75,314559
2018-05-02 12:30:00,23.76,23.78,23.64,23.68,174627
2018-05-02 13:30:00,23.69,23.77,23.64,23.66,246876
2018-05-02 14:30:00,23.66,23.68,23.47,23.51,240087
2018-05-02 15:30:00,23.51,23.55,23.29,23.53,702499
2018-05-03 09:30:00,23.4,24.065,23.4,23.99,419300
2018-05-03 10:30:00,23.995,24.01,23.66,23.75,290473
2018-05-03 11:30:00,23.75,23.91,23.74,23.79,165629
2018-05-03 12:30:00,23.795,23.97,23.78,23.9,152202
2018-05-03 13:30:00,23.9,23.98,23.82,23.88,183781
2018-05-03 14:30:00,23.875,23.96,23.77,23.81,364280
2018-05-03 15:30:00,23.814,23.82,23.73,23.74,533697
2018-05-04 09:30:00,23.59,24.03,23.57,23.76,277187
2018-05-04 10:30:00,23.77,24.03,23.77,24.01,316716
2018-05-04 11:30:00,24.015,24.18,23.98,24.1245,174179
2018-05-04 12:30:00,24.13,24.16,24.03,24.09,145749
2018-05-04 13:30:00,24.087,24.23,24.07,24.2,203156
2018-05-04 14:30:00,24.2,24.27,24.14,24.25,309434
2018-05-04 15:30:00,24.249,24.35,24.22,24.34,385698
2018-05-07 09:30:00,24.53,24.81,24.49,24.59,426468
2018-05-07 10:30:00,24.59,24.69,24.55,24.65,159728
2018-05-07 11:30:00,24.65,24.85,24.64,24.76,244760
2018-05-07 12:30:00,24.7636,24.86,24.74,24.81,168218
2018-05-07 13:30:00,24.82,24.82,24.709,24.74,315714
2018-05-07 14:30:00,24.74,24.76,24.28,24.37,263595
2018-05-07 15:30:00,24.36,24.49,24.35,24.44,226667
2018-05-08 09:30:00,24.77,24.82,24.13,24.26,236518
2018-05-08 10:30:00,24.26,24.55,24.14,24.32,417270
2018-05-08 11:30:00,24.3,24.56,24.21,24.415,151990
2018-05-08 12:30:00,24.4175,24.53,24.4,24.51,109661
2018-05-08 13:30:00,24.51,24.76,24.31,24.53,183835
2018-05-08 14:30:00,24.54,24.61,24.42,24.51,195600
2018-05-08 15:30:00,24.51,24.68,24.42,24.51,458411
2018-05-09 09:30:00,22.75,24.7,22.7,23.92,1908885
2018-05-09 10:30:00,23.93,24.39,23.91,24.125,771925
2018-05-09 11:30:00,24.1201,24.18,23.84,24.05,468517
2018-05-09 12:30:00,24.065,24.22,24.02,24.19,281351
2018-05-09 13:30:00,24.19,24.34,24.15,24.295,213743
2018-05-09 14:30:00,24.29,24.4,24.15,24.16,433600
2018-05-09 15:30:00,24.16,24.35,24.09,24.31,566553
2018-05-10 09:30:00,24.43,24.59,24.31,24.42,537680
2018-05-10 10:30:00,24.425,24.47,24.195,24.269,330362
2018-05-10 11:30:00,24.265,24.38,24.21,24.285,249405
2018-05-10 12:30:00,24.28,24.33,24.1775,24.205,181421
2018-05-10 13:30:00,24.2,24.23,24.12,24.23,211267
2018-05-10 14:30:00,24.23,24.28,24.11,24.17,223746
2018-05-10 15:30:00,24.16,24.24,24.04,24.0501,579891
2018-05-11 09:30:00,24.08,24.19,23.95,23.96,197308
2018-05-11 10:30:00,23.97,24.01,23.84,23.865,228354
2018-05-11 11:30:00,23.86,23.881,23.69,23.705,305454
2018-05-11 12:30:00,23.71,23.75,23.365,23.59,337269
2018-05-11 13:30:00,23.595,23.78,23.55,23.695,286937
2018-05-11 14:30:00,23.7,23.76,23.66,23.695,166395
2018-05-11 15:30:00,23.69,23.7,23.61,23.67,301860
2018-07-24 09:30:00,23.99,24.09,23.89,24.08,391807
2018-07-24 10:30:00,24.085,24.25,23.91,24.015,278479
2018-07-24 11:30:00,24.02,24.18,24.01,24.18,257055
2018-07-24 12:30:00,24.17,24.355,24.15,24.15,294669
2018-07-24 13:30:00,24.15,24.1743,24.01,24.07,135531
2018-07-24 14:30:00,24.07,24.165,23.99,23.9901,317662
2018-07-24 15:30:00,23.99,24.03,23.81,23.92,751474
2018-07-25 09:30:00,23.76,24.0,23.67,23.745,138556
2018-07-25 10:30:00,23.75,24.065,23.7201,23.99,133107
2018-07-25 11:30:00,24.0,24.22,23.935,24.215,176412
2018-07-25 12:30:00,24.22,24.34,24.2,24.3,202513
2018-07-25 13:30:00,24.29,24.4,24.28,24.325,204416
2018-07-25 14:30:00,24.3267,24.41,24.3,24.375,239576
2018-07-25 15:30:00,24.375,24.45,24.31,24.37,637222
2018-07-26 09:30:00,24.33,24.49,24.31,24.39,158109
2018-07-26 10:30:00,24.39,24.71,24.38,24.65,174733
2018-07-26 11:30:00,24.6401,24.735,24.62,24.735,78059
2018-07-26 12:30:00,24.74,24.78,24.61,24.78,272550
2018-07-26 13:30:00,24.78,24.92,24.71,24.86,211058
2018-07-26 14:30:00,24.85,24.91,24.81,24.835,236047
2018-07-26 15:30:00,24.83,24.895,24.83,24.84,298202
2018-07-27 09:30:00,24.88,25.13,24.75,24.99,340977
2018-07-27 10:30:00,24.98,25.0085,24.56,24.7299,164751
2018-07-27 11:30:00,24.72,24.77,24.6,24.61,121376
2018-07-27 12:30:00,24.61,24.61,24.395,24.515,187981
2018-07-27 13:30:00,24.515,24.55,24.23,24.24,334257
2018-07-27 14:30:00,24.24,24.29,24.15,24.25,254107
2018-07-27 15:30:00,24.25,24.38,24.25,24.37,531259
2018-07-30 09:30:00,24.25,24.5,24.23,24.41,129506
2018-07-30 10:30:00,24.4147,24.52,24.33,24.49,151162
2018-07-30 11:30:00,24.49,24.5,24.39,24.4,96001
2018-07-30 12:30:00,24.41,24.55,24.39,24.405,93185
2018-07-30 13:30:00,24.4,24.5299,24.395,24.5048,89752
2018-07-30 14:30:00,24.505,24.61,24.49,24.52,289049
2018-07-30 15:30:00,24.515,24.57,24.48,24.55,394132
2018-07-31 09:30:00,24.48,24.62,24.3,24.5591,203161
2018-07-31 10:30:00,24.54,24.65,24.53,24.62,88933
2018-07-31 11:30:00,24.63,24.67,24.61,24.65,78359
2018-07-31 12:30:00,24.64,24.695,24.64,24.69,49887
2018-07-31 13:30:00,24.685,24.78,24.65,24.765,189262
2018-07-31 14:30:00,24.76,24.82,24.705,24.77,191010
2018-07-31 15:30:00,24.77,24.825,24.75,24.79,271351
2018-08-01 09:30:00,24.69,24.99,24.52,24.97,212179
2018-08-01 10:30:00,24.97,25.07,24.93,25.01,375173
2018-08-01 11:30:00,25.0136,25.0738,24.93,24.97,293856
2018-08-01 12:30:00,24.97,25.02,24.94,24.98,94842
2018-08-01 13:30:00,24.9801,25.0099,24.94,24.98,196434
2018-08-01 14:30:00,24.98,25.01,24.93,25.005,178130
2018-08-01 15:30:00,25.005,25.15,24.99,25.04,435500
2018-08-02 09:30:00,24.89,25.25,24.83,25.19,197434
2018-08-02 10:30:00,25.175,25.24,25.05,25.23,195663
2018-08-02 11:30:00,25.23,25.45,25.21,25.3558,268952
2018-08-02 12:30:00,25.35,25.46,25.32,25.39,150452
2018-08-02 13:30:00,25.39,25.55,25.25,25.26,223329
2018-08-02 14:30:00,25.255,25.38,25.23,25.3469,197584
2018-08-02 15:30:00,25.345,25.41,25.34,25.38,249264
2018-08-03 09:30:00,25.4,25.68,25.35,25.67,226858
2018-08-03 10:30:00,25.67,25.671,25.51,25.5639,180503
2018-08-03 11:30:00,25.5661,25.6,25.525,25.585,137828
2018-08-03 12:30:00,25.59,25.6,25.53,25.535,72842
2018-08-03 13:30:00,25.53,25.57,25.4715,25.54,88986
2018-08-03 14:30:00,25.54,25.57,25.45,25.51,153868
2018-08-03 15:30:00,25.51,25.52,25.43,25.51,297690
2018-08-06 09:30:00,25.6,25.74,25.55,25.72,202809
2018-08-06 10:30:00,25.72,25.88,25.68,25.855,234260
2018-08-06 11:30:00,25.85,25.88,25.74,25.815,141239
2018-08-06 12:30:00,25.8144,25.84,25.75,25.79,160760
2018-08-06 13:30:00,25.795,25.85,25.79,25.83,121939
2018-08-06 14:30:00,25.835,25.9,25.79,25.805,284214
2018-08-06 15:30:00,25.8,25.87,25.8,25.83,564131
2018-08-07 09:30:00,25.91,26.36,25.6,25.65,357787
2018-08-07 10:30:00,25.6499,25.66,25.31,25.45,326314
2018-08-07 11:30:00,25.45,25.45,25.29,25.405,259024
2018-08-07 12:30:00,25.405,25.41,25.115,25.175,360003
2018-08-07 13:30:00,25.175,25.34,25.055,25.275,366457
2018-08-07 14:30:00,25.275,25.36,25.22,25.2801,324701
2018-08-07 15:30:00,25.285,25.305,25.01,25.05,789075
2018-08-08 09:30:00,25.91,26.5,25.73,26.14,1454938
2018-08-08 10:30:00,26.14,26.53,26.12,26.48,1144944
2018-08-08 11:30:00,26.481,26.51,26.29,26.49,882378
2018-08-08 12:30:00,26.49,26.68,26.45,26.595,592668
2018-08-08 13:30:00,26.6,26.7,26.57,26.67,700218
2018-08-08 14:30:00,26.67,26.7,26.585,26.63,1247339
2018-08-08 15:30:00,26.64,26.75,26.61,26.74,1156602
2018-08-09 09:30:00,26.85,26.93,26.5485,26.89,1526703
2018-08-09 10:30:00,26.9,26.985,26.72,26.83,894015
2018-08-09 11:30:00,26.84,26.88,26.66,26.78,725966
2018-08-09 12:30:00,26.77,26.84,26.67,26.7,427343
2018-08-09 13:30:00,26.695,26.84,26.69,26.79,418268
2018-08-09 14:30:00,26.78,26.86,26.7,26.83,632734
2018-08-09 15:30:00,26.825,26.87,26.78,26.84,696380
2018-08-10 09:30:00,26.97,27.29,26.89,27.225,913507
2018-08-10 10:30:00,27.23,27.31,27.09,27.28,1037195
2018-08-10 11:30:00,27.28,27.52,27.27,27.495,565838
2018-08-10 12:30:00,27.495,27.7,27.42,27.495,852045
2018-08-10 13:30:00,27.495,27.64,27.46,27.5199,815216
2018-08-10 14:30:00,27.52,27.65,27.22,27.285,2055115
2018-08-10 15:30:00,27.28,27.441,27.14,27.26,1504329
2018-10-30 09:30:00,21.35,21.99,21.35,21.62,177930
2018-10-30 10:30:00,21.62,21.62,21.32,21.565,178405
2018-10-30 11:30:00,21.58,21.76,21.55,21.65,165752
2018-10-30 12:30:00,21.66,21.66,21.46,21.48,127795
2018-10-30 13:30:00,21.48,21.53,21.4184,21.485,109767
2018-10-30 14:30:00,21.495,21.56,21.39,21.51,240916
2018-10-30 15:30:00,21.505,21.6199,21.485,21.595,335446
2018-10-31 09:30:00,21.82,22.421,21.8,22.33,384152
2018-10-31 10:30:00,22.33,22.4,22.07,22.24,373715
2018-10-31 11:30:00,22.24,22.63,22.22,22.48,851494
2018-10-31 12:30:00,22.48,22.49,22.235,22.38,471996
2018-10-31 13:30:00,22.39,22.42,22.12,22.15,390838
2018-10-31 14:30:00,22.145,22.19,21.88,21.945,324872
2018-10-31 15:30:00,21.945,21.965,21.78,21.78,465194
2018-11-01 09:30:00,21.87,22.42,21.84,22.35,136280
2018-11-01 10:30:00,22.37,22.67,22.288,22.66,346750
2018-11-01 11:30:00,22.65,22.6899,22.4,22.68,356130
2018-11-01 12:30:00,22.68,22.77,22.55,22.71,506635
2018-11-01 13:30:00,22.71,22.84,22.65,22.705,451379
2018-11-01 14:30:00,22.71,22.84,22.66,22.84,267501
2018-11-01 15:30:00,22.83,22.89,22.8,22.84,463058
2018-11-02 09:30:00,22.98,23.09,22.59,22.79,123034
2018-11-02 10:30:00,22.77,22.83,22.57,22.81,181635
2018-11-02 11:30:00,22.79,22.84,22.44,22.58,214367
2018-11-02 12:30:00,22.585,22.75,22.502,22.7,208197
2018-11-02 13:30:00,22.699,22.73,22.3401,22.555,280126
2018-11-02 14:30:00,22.56,22.5725,22.32,22.42,346429
2018-11-02 15:30:00,22.41,22.485,22.33,22.34,533493
2018-11-05 09:30:00,22.56,22.7601,22.3773,22.75,117545
2018-11-05 10:30:00,22.75,22.965,22.74,22.9,145695
2018-11-05 11:30:00,22.895,22.94,22.8,22.8838,111183
2018-11-05 12:30:00,22.88,22.97,22.76,22.94,117370
2018-11-05 13:30:00,22.945,23.155,22.94,23.135,247315
2018-11-05 14:30:00,23.13,23.52,23.13,23.33,830289
2018-11-05 15:30:00,23.335,23.4,23.3,23.32,484297
2018-11-06 09:30:00,23.29,23.5,23.09,23.09,256909
2018-11-06 10:30:00,23.08,23.23,22.94,22.94,363095
2018-11-06 11:30:00,22.94,23.23,22.83,23.21,343202
2018-11-06 12:30:00,23.215,23.39,23.17,23.24,275085
2018-11-06 13:30:00,23.245,23.46,23.24,23.395,256374
2018-11-06 14:30:00,23.39,23.71,23.38,23.63,551037
2018-11-06 15:30:00,23.64,23.85,23.56,23.74,594155
2018-11-07 09:30:00,24.0,24.56,23.76,24.3,658976
2018-11-07 10:30:00,24.29,24.47,23.94,24.12,315972
2018-11-07 11:30:00,24.11,24.25,23.98,23.985,222669
2018-11-07 12:30:00,23.99,24.09,23.71,24.041,383981
2018-11-07 13:30:00,24.05,24.06,23.62,23.73,294719
2018-11-07 14:30:00,23.74,23.8,23.54,23.74,263435
2018-11-07 15:30:00,23.73,23.795,23.63,23.6501,482619
2018-11-08 09:30:00,23.71,23.99,23.5001,23.86,191695
2018-11-08 10:30:00,23.85,23.92,23.68,23.81,324425
2018-11-08 11:30:00,23.815,23.86,23.64,23.655,210612
2018-11-08 12:30:00,23.66,23.76,23.64,23.75,267919
2018-11-08 13:30:00,23.75,23.84,23.615,23.63,240154
2018-11-08 14:30:00,23.62,23.64,23.525,23.525,651024
2018-11-08 15:30:00,23.53,23.55,23.4,23.5,686966
2018-11-09 09:30:00,23.22,23.24,22.68,22.93,419560
2018-11-09 10:30:00,22.9299,22.995,22.775,22.98,262523
2018-11-09 11:30:00,22.97,23.16,22.87,23.075,295525
2018-11-09 12:30:00,23.08,23.195,23.0,23.08,143440
2018-11-09 13:30:00,23.08,23.08,22.91,22.98,178422
2018-11-09 14:30:00,22.98,23.15,22.97,23.09,223096
2018-11-09 15:30:00,23.1,23.13,23.0,23.01,325103
2018-11-12 09:30:00,23.03,23.04,22.78,22.91,153187
2018-11-12 10:30:00,22.91,22.92,22.79,22.8,138757
2018-11-12 11:30:00,22.805,22.9,22.75,22.84,131479
2018-11-12 12:30:00,22.83,22.85,22.76,22.795,113832
2018-11-12 13:30:00,22.79,22.815,22.7,22.78,104687
2018-11-12 14:30:00,22.785,22.88,22.68,22.69,219072
2018-11-12 15:30:00,22.69,22.69,22.6,22.67,369638
2018-11-13 09:30:00,22.7,22.93,22.55,22.64,121572
2018-11-13 10:30:00,22.64,22.97,22.59,22.86,143890
2018-11-13 11:30:00,22.86,22.92,22.62,22.64,250062
2018-11-13 12:30:00,22.64,22.65,22.395,22.43,172676
2018-11-13 13:30:00,22.43,22.67,22.22,22.29,153981
2018-11-13 14:30:00,22.29,22.33,22.12,22.17,271462
2018-11-13 15:30:00,22.16,22.3,22.125,22.16,593655
2018-11-14 09:30:00,22.53,22.69,22.22,22.25,189952
2018-11-14 10:30:00,22.27,22.32,21.97,22.005,110667
2018-11-14 11:30:00,22.01,22.3007,21.88,22.13,373395
2018-11-14 12:30:00,22.13,22.33,22.06,22.2484,160264
2018-11-14 13:30:00,22.2468,22.335,22.12,22.12,278510
2018-11-14 14:30:00,22.12,22.23,22.055,22.18,245008
2018-11-14 15:30:00,22.18,22.23,22.05,22.11,408728
2018-11-15 09:30:00,22.05,22.355,21.96,22.31,232285
2018-11-15 10:30:00,22.31,22.34,22.15,22.26,166256
2018-11-15 11:30:00,22.26,22.45,22.26,22.37,146515
2018-11-15 12:30:00,22.3631,22.39,22.11,22.27,196078
2018-11-15 13:30:00,22.28,22.29,22.1,22.1499,231343
2018-11-15 14:30:00,22.15,22.165,21.96,22.13,445475
2018-11-15 15:30:00,22.125,22.175,22.08,22.16,497996
2018-11-16 09:30:00,22.2,22.32,22.02,22.2519,212311
2018-11-16 10:30:00,22.255,22.45,22.13,22.1561,571061
2018-11-16 11:30:00,22.16,22.16,21.98,22.02,311076
2018-11-16 12:30:00,22.01,22.18,21.95,21.96,233239
2018-11-16 13:30:00,21.965,22.02,21.865,21.94,314423
2018-11-16 14:30:00,21.94,22.09,21.87,22.05,458094
2018-11-16 15:30:00,22.05,22.08,22.0,22.03,292747
2019-01-29 09:30:00,22.79,22.9,22.62,22.9,264081
2019-01-29 10:30:00,22.89,23.03,22.87,23.025,339744
2019-01-29 11:30:00,23.03,23.33,23.02,23.33,281394
2019-01-29 12:30:00,23.32,23.43,23.27,23.36,354240
2019-01-29 13:30:00,23.365,23.48,23.32,23.47,313273
2019-01-29 14:30:00,23.47,23.51,23.35,23.365,412555
2019-01-29 15:30:00,23.365,23.4,23.26,23.28,483277
2019-01-30 09:30:00,23.29,23.3,22.93,23.06,126457
2019-01-30 10:30:00,23.07,23.17,23.04,23.08,173268
2019-01-30 11:30:00,23.09,23.13,23.03,23.065,180424
2019-01-30 12:30:00,23.065,23.08,23.0,23.0,306804
2019-01-30 13:30:00,23.0,23.115,22.9,23.085,313871
2019-01-30 14:30:00,23.085,23.16,23.03,23.05,569353
2019-01-30 15:30:00,23.055,23.08,22.92,22.99,501779
2019-01-31 09:30:00,23.0,23.42,22.96,23.34,268407
2019-01-31 10:30:00,23.33,23.415,23.06,23.17,266842
2019-01-31 11:30:00,23.17,23.175,22.84,22.84,196308
2019-01-31 12:30:00,22.84,22.98,22.71,22.7301,166220
2019-01-31 13:30:00,22.72,22.98,22.65,22.76,201349
2019-01-31 14:30:00,22.751,22.81,22.59,22.63,311195
2019-01-31 15:30:00,22.62,22.77,22.61,22.76,425924
2019-02-01 09:30:00,22.8,23.08,22.727,23.0749,336270
2019-02-01 10:30:00,23.075,23.205,23.07,23.17,255088
2019-02-01 11:30:00,23.17,23.23,23.09,23.23,231817
2019-02-01 12:30:00,23.235,23.305,23.22,23.2588,232825
2019-02-01 13:30:00,23.25,23.32,23.21,23.245,407933
2019-02-01 14:30:00,23.245,23.25,23.055,23.075,327067
2019-02-01 15:30:00,23.075,23.16,23.075,23.09,493474
2019-02-04 09:30:00,23.04,23.09,22.9201,22.9799,326202
2019-02-04 10:30:00,22.97,23.08,22.935,23.03,225233
2019-02-04 11:30:00,23.03,23.09,22.9,23.025,276995
2019-02-04 12:30:00,23.025,23.11,23.01,23.09,167867
2019-02-04 13:30:00,23.085,23.27,23.08,23.225,192241
2019-02-04 14:30:00,23.225,23.255,23.14,23.17,209011
2019-02-04 15:30:00,23.175,23.175,23.04,23.11,323393
2019-02-05 09:30:00,22.91,23.29,22.91,23.07,541817
2019-02-05 10:30:00,23.055,23.125,22.95,22.95,377593
2019-02-05 11:30:00,22.95,23.03,22.89,22.945,330696
2019-02-05 12:30:00,22.95,23.11,22.86,22.93,173778
2019-02-05 13:30:00,22.935,23.12,22.92,23.0,230748
2019-02-05 14:30:00,23.0,23.01,22.87,22.96,375483
2019-02-05 15:30:00,22.96,22.96,22.83,22.89,742442
2019-02-06 09:30:00,23.49,24.0,23.3,23.61,1280047
2019-02-06 10:30:00,23.64,23.85,23.5179,23.81,1364949
2019-02-06 11:30:00,23.81,23.88,23.69,23.81,705634
2019-02-06 12:30:00,23.81,23.85,23.6234,23.7201,416467
2019-02-06 13:30:00,23.72,23.74,22.89,23.5175,409736
2019-02-06 14:30:00,23.51,23.58,23.28,23.31,1056615
2019-02-06 15:30:00,23.29,23.35,23.2001,23.3,773694
2019-02-07 09:30:00,23.12,23.2,22.94,23.15,366851
2019-02-07 10:30:00,23.14,23.26,23.0,23.11,534164
2019-02-07 11:30:00,23.12,23.18,22.87,22.95,371105
2019-02-07 12:30:00,22.95,23.025,22.84,22.885,417730
2019-02-07 13:30:00,22.89,22.91,22.78,22.91,445447
2019-02-07 14:30:00,22.91,22.96,22.8,22.92,800681
2019-02-07 15:30:00,22.915,23.03,22.87,22.91,753119
2019-02-08 09:30:00,22.87,22.93,22.75,22.875,295616
2019-02-08 10:30:00,22.87,22.91,22.645,22.65,550849
2019-02-08 11:30:00,22.65,22.76,22.62,22.7401,329549
2019-02-08 12:30:00,22.749,22.98,22.71,22.9366,603359
2019-02-08 13:30:00,22.939,22.95,22.74,22.82,285676
2019-02-08 14:30:00,22.82,22.88,22.69,22.88,380987
2019-02-08 15:30:00,22.88,22.98,22.83,22.92,429412
2019-02-11 09:30:00,22.78,22.95,22.72,22.93,623077
2019-02-11 10:30:00,22.93,23.115,22.88,23.08,484118
2019-02-11 11:30:00,23.085,23.13,22.9194,23.1,486415
2019-02-11 12:30:00,23.1,23.145,23.03,23.09,392756
2019-02-11 13:30:00,23.09,23.135,23.05,23.11,240539
2019-02-11 14:30:00,23.11,23.14,23.04,23.135,601348
2019-02-11 15:30:00,23.14,23.31,23.05,23.27,761160
2019-02-12 09:30:00,23.56,23.695,23.375,23.4,457496
2019-02-12 10:30:00,23.405,23.42,23.22,23.305,249449
2019-02-12 11:30:00,23.305,23.53,23.225,23.51,230770
2019-02-12 12:30:00,23.505,23.54,23.27,23.52,263245
2019-02-12 13:30:00,23.52,23.57,23.425,23.43,414004
2019-02-12 14:30:00,23.425,23.46,23.38,23.415,261441
2019-02-12 15:30:00,23.415,23.45,23.36,23.4299,386040
2019-02-13 09:30:00,23.5,23.86,23.42,23.84,421148
2019-02-13 10:30:00,23.85,23.955,23.43,23.89,299381
2019-02-13 11:30:00,23.8819,24.08,23.7985,23.9,690565
2019-02-13 12:30:00,23.9,23.93,23.825,23.865,266200
2019-02-13 13:30:00,23.865,23.91,23.63,23.6456,287720
2019-02-13 14:30:00,23.65,23.715,23.63,23.65,328632
2019-02-13 15:30:00,23.65,23.81,23.65,23.8,482917
2019-02-14 09:30:00,23.91,24.17,23.68,24.12,308456
2019-02-14 10:30:00,24.12,24.17,23.94,23.945,193767
2019-02-14 11:30:00,23.9416,24.09,23.92,24.07,170958
2019-02-14 12:30:00,24.07,24.14,24.02,24.12,193346
2019-02-14 13:30:00,24.12,24.17,24.06,24.065,225089
2019-02-14 14:30:00,24.065,24.13,24.03,24.065,272586
2019-02-14 15:30:00,24.065,24.09,23.98,24.06,256302
2019-02-15 09:30:00,24.2,24.38,24.085,24.265,274584
2019-02-15 10:30:00,24.26,24.42,24.23,24.42,220558
2019-02-15 11:30:00,24.415,24.53,24.2774,24.39,332711
2019-02-15 12:30:00,24.38,24.39,24.2299,24.26,182511
2019-02-15 13:30:00,24.26,24.39,24.259,24.3399,184814
2019-02-15 14:30:00,24.34,24.41,24.23,24.235,236116
2019-02-15 15:30:00,24.23,24.38,24.23,24.37,309431
2019-04-23 09:30:00,24.4,24.43,24.26,24.3464,225201
2019-04-23 10:30:00,24.34,24.41,24.31,24.3203,133596
2019-04-23 11:30:00,24.32,24.37,24.23,24.295,100671
2019-04-23 12:30:00,24.295,24.4,24.27,24.36,132422
2019-04-23 13:30:00,24.35,24.39,24.28,24.315,149508
2019-04-23 14:30:00,24.32,24.34,24.25,24.29,97805
2019-04-23 15:30:00,24.3,24.32,24.15,24.17,325116
2019-04-24 09:30:00,24.2,24.2,23.88,24.0,152601
2019-04-24 10:30:00,24.0,24.07,23.94,24.01,137187
2019-04-24 11:30:00,24.005,24.1135,23.93,24.05,55082
2019-04-24 12:30:00,24.05,24.05,23.93,23.985,82674
2019-04-24 13:30:00,23.9965,24.0198,23.89,23.915,64758
2019-04-24 14:30:00,23.92,23.995,23.89,23.965,145567
2019-04-24 15:30:00,23.96,23.98,23.88,23.89,211667
2019-04-25 09:30:00,23.88,23.935,23.7269,23.775,150121
2019-04-25 10:30:00,23.7648,23.88,23.68,23.84,211540
2019-04-25 11:30:00,23.83,23.87,23.74,23.8,67172
2019-04-25 12:30:00,23.805,23.89,23.77,23.885,66535
2019-04-25 13:30:00,23.8829,23.89,23.7,23.715,92644
2019-04-25 14:30:00,23.715,23.76,23.68,23.75,175390
2019-04-25 15:30:00,23.75,23.76,23.67,23.7,151703
2019-04-26 09:30:00,23.61,23.7,23.43,23.685,123093
2019-04-26 10:30:00,23.69,23.6958,23.505,23.56,145431
2019-04-26 11:30:00,23.57,23.68,23.53,23.669,140106
2019-04-26 12:30:00,23.66,23.6812,23.57,23.6462,76195
2019-04-26 13:30:00,23.642,23.725,23.642,23.71,57204
2019-04-26 14:30:00,23.71,23.82,23.67,23.775,143974
2019-04-26 15:30:00,23.77,23.775,23.7,23.73,131794
2019-04-29 09:30:00,23.74,23.8295,23.63,23.72,130101
2019-04-29 10:30:00,23.72,23.86,23.715,23.76,112531
2019-04-29 11:30:00,23.76,23.89,23.74,23.8853,66583
2019-04-29 12:30:00,23.885,23.94,23.85,23.92,92780
2019-04-29 13:30:00,23.91,23.91,23.815,23.84,95627
2019-04-29 14:30:00,23.835,23.8432,23.71,23.725,243129
2019-04-29 15:30:00,23.725,23.84,23.7,23.79,277749
2019-04-30 09:30:00,23.75,23.76,23.11,23.33,334225
2019-04-30 10:30:00,23.34,23.39,23.21,23.39,150029
2019-04-30 11:30:00,23.385,23.42,23.32,23.34,159492
2019-04-30 12:30:00,23.3321,23.77,23.2,23.245,54647
2019-04-30 13:30:00,23.24,23.33,23.2,23.275,129276
2019-04-30 14:30:00,23.2799,23.28,23.121,23.15,93050
2019-04-30 15:30:00,23.155,23.23,23.1534,23.16,208767
2019-05-01 09:30:00,23.15,23.3899,23.09,23.37,132331
2019-05-01 10:30:00,23.37,23.42,23.3,23.38,162305
2019-05-01 11:30:00,23.38,23.45,23.375,23.42,51994
2019-05-01 12:30:00,23.42,23.49,23.345,23.35,77261
2019-05-01 13:30:00,23.36,23.53,23.35,23.5,111519
2019-05-01 14:30:00,23.49,23.5,23.39,23.41,179278
2019-05-01 15:30:00,23.405,23.43,23.37,23.41,212737
2019-05-02 09:30:00,23.3,23.3,23.12,23.23,235861
2019-05-02 10:30:00,23.23,23.27,23.11,23.115,272539
2019-05-02 11:30:00,23.12,23.19,23.1,23.15,155554
2019-05-02 12:30:00,23.15,23.27,23.15,23.255,158758
2019-05-02 13:30:00,23.255,23.26,23.18,23.185,158154
2019-05-02 14:30:00,23.185,23.21,23.07,23.16,270472
2019-05-02 15:30:00,23.17,23.18,23.12,23.15,148738
2019-05-03 09:30:00,23.2,23.39,23.15,23.2318,200811
2019-05-03 10:30:00,23.24,23.31,23.21,23.27,124249
2019-05-03 11:30:00,23.27,23.36,23.25,23.33,131970
2019-05-03 12:30:00,23.34,23.35,23.24,23.26,70407
2019-05-03 13:30:00,23.265,23.34,23.225,23.32,209228
2019-05-03 14:30:00,23.315,23.34,23.27,23.315,243555
2019-05-03 15:30:00,23.315,23.535,23.31,23.51,398933
2019-05-06 09:30:00,23.44,23.575,23.17,23.5,191188
2019-05-06 10:30:00,23.505,23.53,23.41,23.47,104819
2019-05-06 11:30:00,23.47,23.47,23.385,23.41,120767
2019-05-06 12:30:00,23.42,23.52,23.395,23.515,198135
2019-05-06 13:30:00,23.5185,23.54,23.44,23.48,141069
2019-05-06 14:30:00,23.47,23.5,23.415,23.43,140296
2019-05-06 15:30:00,23.435,23.48,23.35,23.44,475578
2019-05-07 09:30:00,23.35,23.42,23.16,23.38,380865
2019-05-07 10:30:00,23.375,23.49,23.31,23.485,198613
2019-05-07 11:30:00,23.49,23.68,23.4298,23.675,167838
2019-05-07 12:30:00,23.67,23.73,23.48,23.48,345731
2019-05-07 13:30:00,23.48,23.49,23.36,23.4,473264
2019-05-07 14:30:00,23.41,23.42,23.32,23.39,466704
2019-05-07 15:30:00,23.38,23.5,23.35,23.45,468590
2019-05-08 09:30:00,23.85,24.23,23.58,23.85,594554
2019-05-08 10:30:00,23.89,23.91,23.61,23.6458,263554
2019-05-08 11:30:00,23.6495,23.7,23.555,23.64,108910
2019-05-08 12:30:00,23.64,23.78,23.625,23.75,100188
2019-05-08 13:30:00,23.75,23.78,23.65,23.695,89483
2019-05-08 14:30:00,23.695,23.82,23.695,23.78,199678
2019-05-08 15:30:00,23.79,23.845,23.745,23.77,463018
2019-05-09 09:30:00,23.64,23.67,23.175,23.24,134975
2019-05-09 10:30:00,23.245,23.33,23.2,23.28,106531
2019-05-09 11:30:00,23.28,23.54,23.28,23.52,92882
2019-05-09 12:30:00,23.53,23.64,23.46,23.53,142885
2019-05-09 13:30:00,23.52,23.545,23.44,23.48,96298
2019-05-09 14:30:00,23.47,23.51,23.28,23.3867,156121
2019-05-09 15:30:00,23.38,23.5,23.375,23.44,231035
2019-05-10 09:30:00,23.38,23.91,23.38,23.65,317596
2019-05-10 10:30:00,23.66,23.9,23.58,23.88,241526
2019-05-10 11:30:00,23.86,23.98,23.795,23.975,170882
2019-05-10 12:30:00,23.98,24.01,23.8,23.91,165677
2019-05-10 13:30:00,23.92,23.96,23.82,23.85,132513
2019-05-10 14:30:00,23.84,23.9957,23.78,23.98,143275
2019-05-10 15:30:00,23.98,24.11,23.96,24.09,488713
2019-07-30 09:30:00,23.73,23.84,23.47,23.52,411765
2019-07-30 10:30:00,23.515,23.68,23.45,23.68,357801
2019-07-30 11:30:00,23.675,23.86,23.6478,23.81,299421
2019-07-30 12:30:00,23.815,23.87,23.715,23.835,272126
2019-07-30 13:30:00,23.835,23.99,23.82,23.98,352116
2019-07-30 14:30:00,23.97,24.02,23.87,23.9,215110
2019-07-30 15:30:00,23.91,23.95,23.89,23.95,353078
2019-07-31 09:30:00,23.94,23.98,23.765,23.94,537490
2019-07-31 10:30:00,23.98,24.03,23.8,23.89,380252
2019-07-31 11:30:00,23.9,23.96,23.83,23.84,205172
2019-07-31 12:30:00,23.83,23.91,23.765,23.79,195222
2019-07-31 13:30:00,23.79,23.95,23.645,23.74,187028
2019-07-31 14:30:00,23.74,23.83,23.52,23.79,285582
2019-07-31 15:30:00,23.78,23.81,23.705,23.77,370341
2019-08-01 09:30:00,23.68,23.7,22.84,23.29,588474
2019-08-01 10:30:00,23.3,23.3,23.015,23.06,502046
2019-08-01 11:30:00,23.06,23.14,23.06,23.13,356029
2019-08-01 12:30:00,23.135,23.78,23.08,23.08,267344
2019-08-01 13:30:00,23.08,23.12,22.99,23.03,377463
2019-08-01 14:30:00,23.03,23.15,22.98,23.1,382478
2019-08-01 15:30:00,23.1,23.12,22.915,22.96,572167
2019-08-02 09:30:00,23.05,23.19,22.865,22.875,215521
2019-08-02 10:30:00,22.88,23.01,22.8,22.97,244346
2019-08-02 11:30:00,22.96,22.97,22.82,22.87,233112
2019-08-02 12:30:00,22.875,22.88,22.66,22.715,477776
2019-08-02 13:30:00,22.715,22.78,22.67,22.735,202900
2019-08-02 14:30:00,22.73,22.815,22.72,22.785,355541
2019-08-02 15:30:00,22.785,22.84,22.75,22.83,530382
2019-08-05 09:30:00,22.63,22.64,22.25,22.3,299638
2019-08-05 10:30:00,22.31,22.31,22.04,22.211,340132
2019-08-05 11:30:00,22.215,22.41,22.215,22.34,204551
2019-08-05 12:30:00,22.34,22.35,22.155,22.27,294907
2019-08-05 13:30:00,22.265,22.285,22.12,22.1231,303671
2019-08-05 14:30:00,22.13,22.83,22.12,22.485,405856
2019-08-05 15:30:00,22.48,22.54,22.34,22.3701,542239
2019-08-06 09:30:00,22.47,22.725,22.04,22.12,255932
2019-08-06 10:30:00,22.13,22.2472,22.05,22.0824,201048
2019-08-06 11:30:00,22.09,22.145,22.02,22.04,224008
2019-08-06 12:30:00,22.03,22.15,22.01,22.12,285240
2019-08-06 13:30:00,22.11,22.16,22.02,22.13,214061
2019-08-06 14:30:00,22.13,22.185,22.055,22.09,339575
2019-08-06 15:30:00,22.09,22.195,22.04,22.14,643349
2019-08-07 09:30:00,22.23,22.27,21.8,22.15,556726
2019-08-07 10:30:00,22.14,22.14,21.94,21.97,506419
2019-08-07 11:30:00,21.98,21.98,21.51,21.59,334320
2019-08-07 12:30:00,21.58,21.705,21.58,21.705,144678
2019-08-07 13:30:00,21.7067,22.9342,21.6809,21.945,568000
2019-08-07 14:30:00,21.95,22.14,21.93,22.02,406451
2019-08-07 15:30:00,22.02,22.26,21.99,22.2,609080
2019-08-08 09:30:00,22.11,22.34,21.92,22.34,1649884
2019-08-08 10:30:00,22.34,22.395,22.22,22.34,179541
2019-08-08 11:30:00,22.33,22.42,22.3,22.33,201955
2019-08-08 12:30:00,22.33,22.42,22.29,22.29,231219
2019-08-08 13:30:00,22.3,22.37,22.27,22.355,115149
2019-08-08 14:30:00,22.36,22.37,22.3,22.33,140286
2019-08-08 15:30:00,22.3312,22.4201,22.32,22.4,384804
2019-08-09 09:30:00,22.51,22.58,22.19,22.19,145403
2019-08-09 10:30:00,22.1727,22.2,21.96,22.0105,284172
2019-08-09 11:30:00,22.01,22.16,22.0,22.02,171106
2019-08-09 12:30:00,22.01,22.39,21.99,22.06,236058
2019-08-09 13:30:00,22.06,22.09,21.8809,21.885,265403
2019-08-09 14:30:00,21.885,21.9,21.78,21.89,361252
2019-08-09 15:30:00,21.885,21.92,21.8,21.82,519607
2019-08-12 09:30:00,21.77,21.82,21.5,21.56,170249
2019-08-12 10:30:00,21.565,21.7,21.535,21.645,89306
2019-08-12 11:30:00,21.64,21.78,21.56,21.75,431540
2019-08-12 12:30:00,21.76,21.77,21.55,21.55,107340
2019-08-12 13:30:00,21.56,21.61,21.515,21.57,163782
2019-08-12 14:30:00,21.565,21.61,21.525,21.575,141040
2019-08-12 15:30:00,21.575,21.82,21.545,21.56,196057
2019-08-13 09:30:00,21.5,21.87,21.44,21.77,231308
2019-08-13 10:30:00,21.79,21.881,21.5,21.83,584968
2019-08-13 11:30:00,21.82,21.925,21.79,21.805,151805
2019-08-13 12:30:00,21.8006,21.84,21.73,21.785,398085
2019-08-13 13:30:00,21.78,21.79,21.55,21.73,640580
2019-08-13 14:30:00,21.73,21.77,21.67,21.72,358366
2019-08-13 15:30:00,21.73,21.78,21.69,21.75,397504
2019-08-14 09:30:00,21.78,21.78,21.35,21.5,959467
2019-08-14 10:30:00,21.54,21.65,21.435,21.53,343741
2019-08-14 11:30:00,21.53,21.53,21.39,21.44,272264
2019-08-14 12:30:00,21.445,21.46,21.15,21.3035,438982
2019-08-14 13:30:00,21.305,21.44,21.285,21.4347,407614
2019-08-14 14:30:00,21.435,21.6,21.395,21.535,686795
2019-08-14 15:30:00,21.53,21.555,21.45,21.52,632694
2019-08-15 09:30:00,21.55,21.55,21.29,21.395,232482
2019-08-15 10:30:00,21.39,21.45,21.36,21.42,141796
2019-08-15 11:30:00,21.41,21.49,21.37,21.41,138203
2019-08-15 12:30:00,21.41,21.45,21.36,21.39,120348
2019-08-15 13:30:00,21.38,21.43,21.32,21.33,230433
2019-08-15 14:30:00,21.325,21.47,21.32,21.35,185782
2019-08-15 15:30:00,21.34,21.37,21.31,21.34,230274
2019-08-16 09:30:00,21.34,21.63,21.33,21.62,212335
2019-08-16 10:30:00,21.62,21.68,21.605,21.6681,303110
2019-08-16 11:30:00,21.66,21.77,21.64,21.725,231130
2019-08-16 12:30:00,21.725,21.87,21.68,21.815,391217
2019-08-16 13:30:00,21.825,21.86,21.34,21.84,188286
2019-08-16 14:30:00,21.835,21.89,21.8,21.835,216302
2019-08-16 15:30:00,21.83,21.835,21.72,21.72,305136
2019-10-29 09:30:00,18.6,18.691,18.42,18.6015,493071
2019-10-29 10:30:00,18.61,18.66,18.56,18.61,279912
2019-10-29 11:30:00,18.61,18.7,18.55,18.6572,264289
2019-10-29 12:30:00,18.66,18.71,18.6,18.63,191490
2019-10-29 13:30:00,18.63,18.71,18.6,18.635,356956
2019-10-29 14:30:00,18.635,18.68,18.605,18.6401,372456
2019-10-29 15:30:00,18.64,18.67,18.58,18.6,543685
2019-10-30 09:30:00,18.31,18.4,18.21,18.36,419344
2019-10-30 10:30:00,18.36,18.38,18.25,18.295,188901
2019-10-30 11:30:00,18.3,18.315,18.11,18.125,256474
2019-10-30 12:30:00,18.125,18.21,18.12,18.2,127430
2019-10-30 13:30:00,18.205,18.21,18.16,18.205,128893
2019-10-30 14:30:00,18.205,18.21,18.08,18.12,241075
2019-10-30 15:30:00,18.12,18.205,18.11,18.2,426701
2019-10-31 09:30:00,18.18,18.22,17.835,17.85,303473
2019-10-31 10:30:00,17.845,17.885,17.78,17.795,412543
2019-10-31 11:30:00,17.79,18.05,17.79,18.02,235214
2019-10-31 12:30:00,18.02,18.09,17.93,18.03,225630
2019-10-31 13:30:00,18.03,18.09,18.01,18.0806,222533
2019-10-31 14:30:00,18.09,18.1,18.03,18.07,288266
2019-10-31 15:30:00,18.06,18.13,18.057,18.13,441599
2019-11-01 09:30:00,18.25,18.36,18.15,18.305,282547
2019-11-01 10:30:00,18.305,18.47,18.245,18.465,303451
2019-11-01 11:30:00,18.46,18.4965,18.3935,18.477,217261
2019-11-01 12:30:00,18.47,18.49,18.38,18.41,155525
2019-11-01 13:30:00,18.41,18.53,18.13,18.525,242494
2019-11-01 14:30:00,18.525,18.66,18.525,18.625,324216
2019-11-01 15:30:00,18.625,18.67,18.62,18.65,544040
2019-11-04 09:30:00,18.75,19.07,18.75,19.04,648353
2019-11-04 10:30:00,19.04,19.09,18.98,19.065,612694
2019-11-04 11:30:00,19.06,19.11,19.01,19.03,467731
2019-11-04 12:30:00,19.03,19.105,18.95,18.99,589425
2019-11-04 13:30:00,18.99,19.0,18.64,18.94,392953
2019-11-04 14:30:00,18.935,19.01,18.89,18.985,1979668
2019-11-04 15:30:00,18.99,19.095,18.97,19.08,679161
2019-11-05 09:30:00,19.1,19.216,18.82,18.86,791580
2019-11-05 10:30:00,18.855,19.82,18.74,18.865,814453
2019-11-05 11:30:00,18.87,18.88,18.76,18.775,562124
2019-11-05 12:30:00,18.775,18.85,18.755,18.773,326363
2019-11-05 13:30:00,18.775,19.09,18.75,18.9,1296502
2019-11-05 14:30:00,18.905,18.96,18.86,18.885,734029
2019-11-05 15:30:00,18.89,18.965,18.85,18.87,843661
2019-11-06 09:30:00,19.1,19.47,19.0,19.11,1162250
2019-11-06 10:30:00,19.1,19.16,18.86,18.86,513946
2019-11-06 11:30:00,18.86,18.95,18.8,18.86,353710
2019-11-06 12:30:00,18.85,18.87,18.67,18.72,377036
2019-11-06 13:30:00,18.7317,18.835,18.66,18.71,413315
2019-11-06 14:30:00,18.7197,18.8,18.7,18.715,374726
2019-11-06 15:30:00,18.715,18.77,18.71,18.74,512733
2019-11-07 09:30:00,18.84,18.98,18.16,18.36,918395
2019-11-07 10:30:00,18.366,18.43,18.2,18.22,451024
2019-11-07 11:30:00,18.225,18.34,18.21,18.295,444709
2019-11-07 12:30:00,18.295,18.34,18.23,18.2427,418621
2019-11-07 13:30:00,18.25,18.3075,18.2,18.26,541696
2019-11-07 14:30:00,18.2528,18.29,18.2,18.26,479874
2019-11-07 15:30:00,18.26,18.38,18.25,18.34,635539
2019-11-08 09:30:00,18.3,18.35,18.01,18.1447,530517
2019-11-08 10:30:00,18.145,18.265,18.04,18.045,625214
2019-11-08 11:30:00,18.04,18.22,18.0,18.19,352829
2019-11-08 12:30:00,18.195,18.31,18.175,18.21,216940
2019-11-08 13:30:00,18.21,18.24,18.15,18.18,267002
2019-11-08 14:30:00,18.17,18.23,18.16,18.195,252972
2019-11-08 15:30:00,18.2,18.21,18.12,18.17,542460
2019-11-11 09:30:00,18.06,18.16,17.8101,17.92,359909
2019-11-11 10:30:00,17.92,17.94,17.75,17.8,274933
2019-11-11 11:30:00,17.8007,17.875,17.79,17.855,296304
2019-11-11 12:30:00,17.8565,17.87,17.76,17.7634,350493
2019-11-11 13:30:00,17.765,17.81,17.7,17.715,618266
2019-11-11 14:30:00,17.72,17.75,17.7,17.71,448429
2019-11-11 15:30:00,17.72,17.76,17.705,17.755,483035
2019-11-12 09:30:00,17.77,17.87,17.57,17.855,752209
2019-11-12 10:30:00,17.85,18.11,17.84,17.96,1045749
2019-11-12 11:30:00,17.97,17.97,17.78,17.855,422588
2019-11-12 12:30:00,17.8575,17.89,17.76,17.78,291783
2019-11-12 13:30:00,17.78,17.78,17.6,17.64,241671
2019-11-12 14:30:00,17.635,17.65,17.58,17.61,345199
2019-11-12 15:30:00,17.61,17.64,17.56,17.57,526663
2019-11-13 09:30:00,17.53,17.8,17.43,17.75,484552
2019-11-13 10:30:00,17.76,17.77,17.61,17.69,331635
2019-11-13 11:30:00,17.69,17.7,17.59,17.62,287747
2019-11-13 12:30:00,17.6128,17.66,17.605,17.62,268495
2019-11-13 13:30:00,17.6166,17.62,17.47,17.47,263141
2019-11-13 14:30:00,17.4739,17.49,17.43,17.44,375489
2019-11-13 15:30:00,17.44,17.49,17.42,17.47,816557
2019-11-14 09:30:00,17.55,17.56,17.28,17.37,693953
2019-11-14 10:30:00,17.38,17.425,17.31,17.38,452326
2019-11-14 11:30:00,17.39,17.495,17.385,17.42,376713
2019-11-14 12:30:00,17.42,17.46,17.37,17.4,170506
2019-11-14 13:30:00,17.4,17.52,17.4,17.495,279128
2019-11-14 14:30:00,17.5,17.5,17.32,17.335,462889
2019-11-14 15:30:00,17.33,17.38,17.3,17.37,635770
2019-11-15 09:30:00,17.42,17.59,17.35,17.44,454561
2019-11-15 10:30:00,17.435,17.54,17.345,17.51,374063
2019-11-15 11:30:00,17.515,17.67,17.5,17.64,449087
2019-11-15 12:30:00,17.64,17.68,17.6,17.675,350585
2019-11-15 13:30:00,17.675,17.68,17.6,17.605,263864
2019-11-15 14:30:00,17.61,17.7,17.59,17.66,375944
2019-11-15 15:30:00,17.655,17.67,17.6,17.65,671512
2020-01-28 09:30:00,17.53,17.76,17.39,17.69,601229
2020-01-28 10:30:00,17.69,17.745,17.58,17.62,366239
2020-01-28 11:30:00,17.615,17.71,17.53,17.55,321203
2020-01-28 12:30:00,17.55,17.57,17.48,17.535,329075
2020-01-28 13:30:00,17.535,17.59,17.53,17.555,217651
2020-01-28 14:30:00,17.56,17.62,17.54,17.55,266699
2020-01-28 15:30:00,17.56,17.59,17.51,17.52,377738
2020-01-29 09:30:00,17.67,17.77,17.6106,17.68,487110
2020-01-29 10:30:00,17.68,17.785,17.62,17.72,344102
2020-01-29 11:30:00,17.72,17.73,17.67,17.715,208205
2020-01-29 12:30:00,17.7153,17.72,17.64,17.685,208823
2020-01-29 13:30:00,17.6834,17.7,17.6,17.605,330403
2020-01-29 14:30:00,17.605,17.6687,17.53,17.56,499119
2020-01-29 15:30:00,17.56,17.61,17.51,17.55,455422
2020-01-30 09:30:00,17.2,17.2,17.0124,17.12,1131680
2020-01-30 10:30:00,17.125,17.13,16.93,16.955,1017021
2020-01-30 11:30:00,16.9567,16.96,16.85,16.875,515658
2020-01-30 12:30:00,16.875,16.9,16.81,16.83,435682
2020-01-30 13:30:00,16.83,16.84,16.715,16.7441,652844
2020-01-30 14:30:00,16.7446,16.86,16.71,16.8342,839511
2020-01-30 15:30:00,16.83,17.01,16.83,16.98,808307
2020-01-31 09:30:00,16.87,16.96,16.74,16.78,408596
2020-01-31 10:30:00,16.78,16.8,16.46,16.57,529218
2020-01-31 11:30:00,16.57,16.73,16.55,16.69,597896
2020-01-31 12:30:00,16.68,16.695,16.5,16.58,254386
2020-01-31 13:30:00,16.58,16.99,16.55,16.64,305965
2020-01-31 14:30:00,16.635,16.7,16.6,16.605,426568
2020-01-31 15:30:00,16.61,16.65,16.56,16.645,1046987
2020-02-03 09:30:00,16.67,16.69,16.5,16.685,864030
2020-02-03 10:30:00,16.68,16.68,16.52,16.5439,482069
2020-02-03 11:30:00,16.5435,16.58,16.461,16.49,342053
2020-02-03 12:30:00,16.49,16.57,16.48,16.53,525611
2020-02-03 13:30:00,16.5344,16.57,16.48,16.49,353155
2020-02-03 14:30:00,16.48,16.54,16.46,16.49,308026
2020-02-03 15:30:00,16.49,16.52,16.47,16.52,710102
2020-02-04 09:30:00,16.7,16.87,16.6542,16.85,1536581
2020-02-04 10:30:00,16.86,17.01,16.67,16.9416,643092
2020-02-04 11:30:00,16.94,16.96,16.81,16.85,827534
2020-02-04 12:30:00,16.85,16.86,16.76,16.785,351798
2020-02-04 13:30:00,16.785,16.795,16.7,16.745,326229
2020-02-04 14:30:00,16.745,16.77,16.72,16.725,738937
2020-02-04 15:30:00,16.73,16.76,16.62,16.76,845178
2020-02-05 09:30:00,17.15,17.48,17.1,17.14,2371226
2020-02-05 10:30:00,17.14,17.29,16.965,17.03,1317799
2020-02-05 11:30:00,17.04,17.12,17.01,17.1,930595
2020-02-05 12:30:00,17.105,17.4,17.1,17.135,930151
2020-02-05 13:30:00,17.135,17.19,17.02,17.025,511912
2020-02-05 14:30:00,17.025,17.03,16.9,16.96,625919
2020-02-05 15:30:00,16.965,16.99,16.86,16.92,1084161
2020-02-06 09:30:00,17.03,17.1,16.755,16.83,1142129
2020-02-06 10:30:00,16.83,16.86,16.7,16.76,616045
2020-02-06 11:30:00,16.765,16.8,16.71,16.7452,754366
2020-02-06 12:30:00,16.74,16.8,16.67,16.709,447328
2020-02-06 13:30:00,16.707,16.725,16.62,16.6484,482791
2020-02-06 14:30:00,16.64,16.65,16.56,16.56,523197
2020-02-06 15:30:00,16.56,16.62,16.53,16.59,1135867
2020-02-07 09:30:00,16.55,16.63,16.22,16.24,1024005
2020-02-07 10:30:00,16.24,16.42,16.22,16.405,548222
2020-02-07 11:30:00,16.405,16.435,16.33,16.3884,277855
2020-02-07 12:30:00,16.39,16.39,16.28,16.32,283100
2020-02-07 13:30:00,16.32,16.37,16.24,16.27,354901
2020-02-07 14:30:00,16.275,16.34,16.22,16.255,556159
2020-02-07 15:30:00,16.2539,16.28,16.21,16.23,1037907
2020-02-10 09:30:00,16.16,16.2,15.89,15.93,1069337
2020-02-10 10:30:00,15.925,16.06,15.89,15.96,526915
2020-02-10 11:30:00,15.96,15.96,15.83,15.85,532937
2020-02-10 12:30:00,15.845,15.85,15.66,15.679,1077577
2020-02-10 13:30:00,15.68,16.23,15.57,15.69,906538
2020-02-10 14:30:00,15.7,15.73,15.58,15.605,743380
2020-02-10 15:30:00,15.61,15.71,15.595,15.69,965097
2020-02-11 09:30:00,15.79,16.05,15.79,15.93,1627018
2020-02-11 10:30:00,15.94,15.97,15.87,15.94,635487
2020-02-11 11:30:00,15.93,15.94,15.88,15.925,438715
2020-02-11 12:30:00,15.93,15.95,15.86,15.891,330545
2020-02-11 13:30:00,15.9,15.93,15.875,15.89,318438
2020-02-11 14:30:00,15.89,15.92,15.865,15.865,406043
2020-02-11 15:30:00,15.87,15.91,15.85,15.88,720374
2020-02-12 09:30:00,16.04,16.326,16.0,16.2988,939730
2020-02-12 10:30:00,16.295,16.31,16.11,16.13,542196
2020-02-12 11:30:00,16.12,16.14,16.04,16.115,222392
2020-02-12 12:30:00,16.1146,16.19,16.095,16.16,251275
2020-02-12 13:30:00,16.1584,16.215,16.14,16.19,180746
2020-02-12 14:30:00,16.1889,16.31,16.185,16.31,372410
2020-02-12 15:30:00,16.305,16.32,16.23,16.245,554428
2020-02-13 09:30:00,16.28,16.28,16.0311,16.14,471267
2020-02-13 10:30:00,16.15,16.24,16.1,16.13,258511
2020-02-13 11:30:00,16.125,16.18,16.11,16.115,250925
2020-02-13 12:30:00,16.11,16.15,16.06,16.11,380093
2020-02-13 13:30:00,16.1016,16.14,16.06,16.13,332862
2020-02-13 14:30:00,16.13,16.18,16.11,16.16,490351
2020-02-13 15:30:00,16.17,16.26,16.15,16.2,980978
2020-02-14 09:30:00,16.29,16.4,16.19,16.31,1041558
2020-02-14 10:30:00,16.31,16.31,16.18,16.24,203316
2020-02-14 11:30:00,16.25,16.36,16.2458,16.35,230059
2020-02-14 12:30:00,16.36,16.37,16.26,16.26,182652
2020-02-14 13:30:00,16.26,16.3,16.2,16.2651,313202
2020-02-14 14:30:00,16.263,16.38,16.263,16.38,289190
2020-02-14 15:30:00,16.3651,16.41,16.3651,16.4,384766
2020-04-13 09:30:00,6.25,6.31,5.7,6.285,2795127
2020-04-13 10:30:00,6.29,6.35,6.11,6.345,1375230
2020-04-13 11:30:00,6.35,6.465,6.215,6.35,950853
2020-04-13 12:30:00,6.4199,6.4199,6.24,6.255,707089
2020-04-13 13:30:00,6.25,6.31,6.22,6.295,657994
2020-04-13 14:30:00,6.3,6.3,6.18,6.21,1086050
2020-04-13 15:30:00,6.205,6.34,6.2,6.31,1500359
2020-04-14 09:30:00,6.35,6.77,6.33,6.7,2078270
2020-04-14 10:30:00,6.71,6.71,6.465,6.5954,1661586
2020-04-14 11:30:00,6.59,6.6357,6.46,6.54,1131943
2020-04-14 12:30:00,6.54,6.57,6.36,6.445,1510555
2020-04-14 13:30:00,6.45,6.57,6.33,6.5,912340
2020-04-14 14:30:00,6.5,6.7,6.49,6.66,1243357
2020-04-14 15:30:00,6.665,6.75,6.6419,6.72,1405953
2020-04-15 09:30:00,6.36,6.75,6.2601,6.395,1710690
2020-04-15 10:30:00,6.395,6.4,6.26,6.34,1138576
2020-04-15 11:30:00,6.345,6.42,6.31,6.39,2168011
2020-04-15 12:30:00,6.385,6.485,6.33,6.415,838005
2020-04-15 13:30:00,6.41,6.49,6.38,6.435,667335
2020-04-15 14:30:00,6.435,6.5201,6.295,6.49,1117702
2020-04-15 15:30:00,6.5,6.52,6.45,6.48,1490045
2020-04-16 09:30:00,6.45,6.52,6.265,6.325,1468965
2020-04-16 10:30:00,6.33,6.45,6.31,6.35,754658
2020-04-16 11:30:00,6.35,6.3884,6.29,6.325,415054
2020-04-16 12:30:00,6.325,6.35,6.29,6.33,361153
2020-04-16 13:30:00,6.32,6.36,6.31,6.335,307760
2020-04-16 14:30:00,6.335,6.35,6.28,6.32,516303
2020-04-16 15:30:00,6.315,6.37,6.28,6.32,891446
2020-04-17 09:30:00,6.56,6.975,6.56,6.88,2199291
2020-04-17 10:30:00,6.87,7.02,6.79,7.015,1127293
2020-04-17 11:30:00,7.015,7.145,7.01,7.11,1332212
2020-04-17 12:30:00,7.1,7.1251,7.02,7.04,996407
2020-04-17 13:30:00,7.03,7.07,6.98,7.02,941211
2020-04-17 14:30:00,7.015,7.11,6.99,7.085,1077519
2020-04-17 15:30:00,7.085,7.38,7.08,7.31,2176199
2020-04-20 09:30:00,6.8,7.25,6.71,7.01,3027609
2020-04-20 10:30:00,7.0154,7.42,7.0,7.37,2828629
2020-04-20 11:30:00,7.38,7.51,7.34,7.375,1194395
2020-04-20 12:30:00,7.375,7.4,7.0916,7.17,806713
2020-04-20 13:30:00,7.1663,7.21,6.75,6.755,1205587
2020-04-20 14:30:00,6.755,7.06,6.75,7.04,1611563
2020-04-20 15:30:00,7.04,7.13,6.985,7.12,1089210
2020-04-21 09:30:00,6.86,7.12,6.76,6.995,2175147
2020-04-21 10:30:00,7.0,7.01,6.69,6.81,1246300
2020-04-21 11:30:00,6.8101,6.935,6.76,6.8999,1074166
2020-04-21 12:30:00,6.895,6.98,6.87,6.975,829828
2020-04-21 13:30:00,6.97,7.09,6.88,7.05,930841
2020-04-21 14:30:00,7.045,7.15,7.0,7.07,1015270
2020-04-21 15:30:00,7.07,7.18,7.07,7.16,755408
2020-04-22 09:30:00,7.47,7.47,6.935,7.0899,2010745
2020-04-22 10:30:00,7.09,7.22,7.03,7.1285,1366991
2020-04-22 11:30:00,7.13,7.26,7.12,7.185,837428
2020-04-22 12:30:00,7.18,7.24,7.11,7.21,576606
2020-04-22 13:30:00,7.21,7.27,7.1866,7.2497,570612
2020-04-22 14:30:00,7.2401,7.3,7.2,7.2,619105
2020-04-22 15:30:00,7.205,7.27,7.18,7.24,752799
2020-04-23 09:30:00,7.39,7.68,7.22,7.68,1387451
2020-04-23 10:30:00,7.68,7.79,7.65,7.695,608081
2020-04-23 11:30:00,7.695,7.72,7.54,7.65,667519
2020-04-23 12:30:00,7.65,7.66,7.49,7.585,557676
2020-04-23 13:30:00,7.58,7.64,7.51,7.5699,471565
2020-04-23 14:30:00,7.565,7.69,7.53,7.69,721964
2020-04-23 15:30:00,7.686,7.77,7.64,7.74,1099206
2020-04-24 09:30:00,7.96,8.15,7.58,7.615,1543617
2020-04-24 10:30:00,7.62,7.787,7.4801,7.59,984090
2020-04-24 11:30:00,7.59,7.6899,7.525,7.5401,602995
2020-04-24 12:30:00,7.545,7.635,7.5,7.535,658327
2020-04-24 13:30:00,7.535,7.61,7.49,7.605,776299
2020-04-24 14:30:00,7.6,7.76,7.55,7.725,1095258
2020-04-24 15:30:00,7.73,7.765,7.6,7.64,903309
2020-04-27 09:30:00,7.57,7.68,7.41,7.63,1196848
2020-04-27 10:30:00,7.631,7.84,7.62,7.8285,780187
2020-04-27 11:30:00,7.83,7.94,7.82,7.91,660453
2020-04-27 12:30:00,7.91,7.95,7.73,7.7946,545624
2020-04-27 13:30:00,7.8,7.94,7.795,7.92,655948
2020-04-27 14:30:00,7.915,8.12,7.91,8.015,915164
2020-04-27 15:30:00,8.015,8.08,7.99,8.045,884595
2020-04-28 09:30:00,8.23,8.48,8.05,8.26,1987881
2020-04-28 10:30:00,8.26,8.285,7.92,8.09,899925
2020-04-28 11:30:00,8.08,8.12,8.0199,8.05,352038
2020-04-28 12:30:00,8.05,8.15,7.98,8.1497,391142
2020-04-28 13:30:00,8.1499,8.25,8.0877,8.1365,951361
2020-04-28 14:30:00,8.14,8.175,8.055,8.1084,1941468
2020-04-28 15:30:00,8.1,8.14,8.06,8.11,933550
2020-04-29 09:30:00,8.53,8.63,8.1,8.62,1601039
2020-04-29 10:30:00,8.6206,9.0,8.58,8.965,1789524
2020-04-29 11:30:00,8.9685,8.985,8.805,8.9047,705954
2020-04-29 12:30:00,8.9099,9.05,8.892,8.995,823053
2020-04-29 13:30:00,8.995,9.01,8.81,8.91,784805
2020-04-29 14:30:00,8.92,9.045,8.88,8.9699,1380039
2020-04-29 15:30:00,8.97,8.98,8.9,8.94,1358171
2020-04-30 09:30:00,8.95,9.05,8.4,8.965,1948695
2020-04-30 10:30:00,8.97,9.17,8.87,9.11,1371666
2020-04-30 11:30:00,9.1,9.2,8.8792,8.94,1380266
2020-04-30 12:30:00,8.935,9.005,8.8,8.8885,1155903
2020-04-30 13:30:00,8.88,8.93,8.785,8.855,590149
2020-04-30 14:30:00,8.86,8.9076,8.72,8.795,745225
2020-04-30 15:30:00,8.79,8.92,8.765,8.84,966449
2020-05-01 09:30:00,8.5,8.66,8.16,8.1901,1643611
2020-05-01 10:30:00,8.195,8.48,8.16,8.455,775022
2020-05-01 11:30:00,8.4515,8.46,8.15,8.365,850081
2020-05-01 12:30:00,8.365,8.42,8.3,8.345,572294
2020-05-01 13:30:00,8.335,8.39,8.31,8.325,549315
2020-05-01 14:30:00,8.325,8.355,8.2,8.23,992315
2020-05-01 15:30:00,8.23,8.27,8.175,8.26,693456
2020-05-04 09:30:00,7.82,8.335,7.66,8.245,1789412
2020-05-04 10:30:00,8.24,8.245,8.02,8.1,1062014
2020-05-04 11:30:00,8.1,8.3,8.055,8.29,606725
2020-05-04 12:30:00,8.2884,8.32,8.125,8.21,634527
2020-05-04 13:30:00,8.2035,8.22,8.08,8.125,406367
2020-05-04 14:30:00,8.125,8.25,8.05,8.2399,677960
2020-05-04 15:30:00,8.24,8.4,8.23,8.4,1135763
2020-05-05 09:30:00,9.2,9.2,8.4402,8.465,1540270
2020-05-05 10:30:00,8.465,8.615,8.38,8.465,1122954
2020-05-05 11:30:00,8.465,8.51,8.35,8.42,1656191
2020-05-05 12:30:00,8.427,8.4799,8.17,8.28,1005732
2020-05-05 13:30:00,8.285,8.385,8.25,8.305,956366
2020-05-05 14:30:00,8.3085,8.32,8.14,8.185,1320271
2020-05-05 15:30:00,8.185,8.24,8.12,8.24,1545977
2020-05-06 09:30:00,8.1,8.36,7.8,8.0,1712800
2020-05-06 10:30:00,7.995,8.2,7.94,7.985,934211
2020-05-06 11:30:00,7.98,7.985,7.76,7.8,815987
2020-05-06 12:30:00,7.8,7.8,7.69,7.75,509686
2020-05-06 13:30:00,7.75,7.87,7.745,7.81,421750
2020-05-06 14:30:00,7.81,7.86,7.74,7.76,730321
2020-05-06 15:30:00,7.755,7.84,7.74,7.81,1253141
2020-05-07 09:30:00,8.02,8.338,7.9426,8.29,1296044
2020-05-07 10:30:00,8.29,8.335,8.18,8.295,923636
2020-05-07 11:30:00,8.295,8.37,8.26,8.36,909163
2020-05-07 12:30:00,8.35,8.36,8.1,8.18,485762
2020-05-07 13:30:00,8.17,8.26,8.085,8.115,734304
2020-05-07 14:30:00,8.1199,8.12,7.91,7.98,1131171
2020-05-07 15:30:00,7.98,8.01,7.895,7.91,1595948
2020-05-08 09:30:00,8.11,8.36,7.91,8.185,1086238
2020-05-08 10:30:00,8.19,8.22,7.91,8.2,647908
2020-05-08 11:30:00,8.1999,8.22,8.12,8.19,602311
2020-05-08 12:30:00,8.195,8.265,8.16,8.24,608685
2020-05-08 13:30:00,8.2399,8.33,7.91,8.3101,415955
2020-05-08 14:30:00,8.31,8.43,8.292,8.365,643988
2020-05-08 15:30:00,8.36,8.45,8.34,8.3601,705179
2020-05-11 09:30:00,8.3,8.38,8.13,8.185,729688
2020-05-11 10:30:00,8.185,8.25,8.12,8.1345,438759
2020-05-11 11:30:00,8.13,8.355,8.13,8.345,446172
2020-05-11 12:30:00,8.3487,8.4,8.31,8.31,350029
2020-05-11 13:30:00,8.312,8.35,8.23,8.28,315258
2020-05-11 14:30:00,8.29,8.29,8.22,8.26,261369
2020-05-11 15:30:00,8.265,8.31,8.24,8.24,630305
2020-05-12 09:30:00,8.3,8.53,8.29,8.507,627860
2020-05-12 10:30:00,8.5008,8.62,8.362,8.62,508086
2020-05-12 11:30:00,8.62,8.835,8.57,8.802,787722
2020-05-12 12:30:00,8.805,8.83,8.6,8.61,890457
2020-05-12 13:30:00,8.605,8.68,8.54,8.54,692217
2020-05-12 14:30:00,8.55,8.63,8.44,8.4487,751787
2020-05-12 15:30:00,8.44,8.4699,8.33,8.36,655530
2020-05-13 09:30:00,8.31,8.39,8.045,8.08,1064078
2020-05-13 10:30:00,8.09,8.21,8.01,8.05,1001743
2020-05-13 11:30:00,8.05,8.07,7.85,7.97,825890
2020-05-13 12:30:00,7.97,8.16,7.97,8.11,542791
2020-05-13 13:30:00,8.11,8.16,7.955,8.01,586946
2020-05-13 14:30:00,8.01,8.03,7.9,7.9437,550879
2020-05-13 15:30:00,7.94,8.165,7.935,8.14,944576
2020-05-14 09:30:00,7.91,8.0,7.68,7.9787,1009525
2020-05-14 10:30:00,7.975,8.41,7.975,8.08,869727
2020-05-14 11:30:00,8.0887,8.21,7.99,8.1401,369334
2020-05-14 12:30:00,8.15,8.29,8.14,8.2887,271305
2020-05-14 13:30:00,8.29,8.3,8.1,8.19,313376
2020-05-14 14:30:00,8.195,8.205,8.07,8.1,358970
2020-05-14 15:30:00,8.1,8.1699,8.075,8.16,322898
2020-05-15 09:30:00,8.29,8.42,8.0287,8.3833,965057
2020-05-15 10:30:00,8.39,8.45,8.26,8.39,319109
2020-05-15 11:30:00,8.395,8.44,8.26,8.398,317743
2020-05-15 12:30:00,8.39,8.41,8.26,8.28,251833
2020-05-15 13:30:00,8.28,8.43,8.15,8.41,393064
2020-05-15 14:30:00,8.41,8.45,8.345,8.43,305547
2020-05-15 15:30:00,8.425,8.49,8.395,8.46,509684
2020-07-28 09:30:00,7.82,7.93,7.78,7.86,377000
2020-07-28 10:30:00,7.87,7.89,7.78,7.8079,472188
2020-07-28 11:30:00,7.81,7.83,7.7,7.75,417281
2020-07-28 12:30:00,7.74,7.79,7.73,7.755,347398
2020-07-28 13:30:00,7.75,7.78,7.72,7.72,296902
2020-07-28 14:30:00,7.7246,7.8,7.71,7.7287,521911
2020-07-28 15:30:00,7.73,7.75,7.71,7.735,404491
2020-07-29 09:30:00,7.79,7.86,7.74,7.78,792862
2020-07-29 10:30:00,7.78,7.845,7.7472,7.83,624476
2020-07-29 11:30:00,7.83,8.02,7.82,7.995,363730
2020-07-29 12:30:00,7.995,8.01,7.935,7.98,360747
2020-07-29 13:30:00,7.985,8.025,7.95,8.015,573178
2020-07-29 14:30:00,8.01,8.085,8.0,8.065,446341
2020-07-29 15:30:00,8.06,8.11,8.04,8.11,575851
2020-07-30 09:30:00,7.8,7.81,7.61,7.6687,724771
2020-07-30 10:30:00,7.6687,7.692,7.59,7.675,436560
2020-07-30 11:30:00,7.675,7.75,7.65,7.715,236073
2020-07-30 12:30:00,7.715,7.78,7.71,7.72,336782
2020-07-30 13:30:00,7.719,7.73,7.64,7.685,126818
2020-07-30 14:30:00,7.6887,7.745,7.67,7.69,193553
2020-07-30 15:30:00,7.685,7.74,7.68,7.72,233949
2020-07-31 09:30:00,7.68,7.76,7.57,7.61,487612
2020-07-31 10:30:00,7.61,7.675,7.44,7.465,1011041
2020-07-31 11:30:00,7.47,7.52,7.41,7.43,522681
2020-07-31 12:30:00,7.43,7.49,7.38,7.47,739317
2020-07-31 13:30:00,7.47,7.57,7.445,7.555,339168
2020-07-31 14:30:00,7.55,7.595,7.53,7.545,293795
2020-07-31 15:30:00,7.545,7.64,7.54,7.64,366238
2020-08-03 09:30:00,7.57,7.66,7.46,7.5487,502731
2020-08-03 10:30:00,7.545,7.87,7.5401,7.87,786533
2020-08-03 11:30:00,7.87,8.04,7.87,8.035,1125845
2020-08-03 12:30:00,8.033,8.09,7.94,8.0899,460791
2020-08-03 13:30:00,8.08,8.17,8.0,8.0434,625117
2020-08-03 14:30:00,8.04,8.115,8.005,8.095,689938
2020-08-03 15:30:00,8.1,8.16,8.07,8.16,1456709
2020-08-04 09:30:00,8.08,8.37,8.065,8.37,1211066
2020-08-04 10:30:00,8.38,8.41,8.27,8.27,807729
2020-08-04 11:30:00,8.275,8.36,8.2313,8.335,470065
2020-08-04 12:30:00,8.3033,8.365,8.275,8.32,326390
2020-08-04 13:30:00,8.2974,8.36,8.28,8.315,903918
2020-08-04 14:30:00,8.332,8.49,8.31,8.4813,767728
2020-08-04 15:30:00,8.4626,8.52,8.34,8.35,1031264
2020-08-05 09:30:00,8.43,8.54,8.03,8.24,1885107
2020-08-05 10:30:00,8.245,8.42,8.245,8.38,788778
2020-08-05 11:30:00,8.38,8.44,8.06,8.0928,1058489
2020-08-05 12:30:00,8.1,8.1,7.94,7.975,1291465
2020-08-05 13:30:00,7.975,8.08,7.9,7.935,1350741
2020-08-05 14:30:00,7.93,8.06,7.91,7.985,1632001
2020-08-05 15:30:00,7.99,8.03,7.93,7.94,1828292
2020-08-06 09:30:00,8.0,8.18,7.9,7.95,1009741
2020-08-06 10:30:00,7.95,8.04,7.82,8.03,739734
2020-08-06 11:30:00,8.025,8.0613,7.92,7.95,426433
2020-08-06 12:30:00,7.95,7.955,7.87,7.9,317513
2020-08-06 13:30:00,7.8983,7.94,7.86,7.92,811091
2020-08-06 14:30:00,7.9268,7.985,7.91,7.965,498695
2020-08-06 15:30:00,7.96,8.05,7.95,8.05,722912
2020-08-07 09:30:00,7.91,8.08,7.86,8.0,883152
2020-08-07 10:30:00,8.0,8.02,7.95,7.95,287003
2020-08-07 11:30:00,7.955,8.0,7.93,7.96,231067
2020-08-07 12:30:00,7.9613,8.035,7.955,8.03,225435
2020-08-07 13:30:00,8.03,8.0925,8.0,8.0869,261862
2020-08-07 14:30:00,8.085,8.16,8.05,8.15,269253
2020-08-07 15:30:00,8.15,8.23,8.14,8.17,645900
2020-08-10 09:30:00,8.11,8.42,8.08,8.37,298484
2020-08-10 10:30:00,8.37,8.37,8.2903,8.31,185218
2020-08-10 11:30:00,8.31,8.37,8.3,8.335,333948
2020-08-10 12:30:00,8.335,8.35,8.28,8.345,389306
2020-08-10 13:30:00,8.345,8.37,8.315,8.35,368084
2020-08-10 14:30:00,8.3412,8.38,8.315,8.365,367280
2020-08-10 15:30:00,8.36,8.37,8.33,8.36,819817
2020-08-11 09:30:00,8.59,8.68,8.4,8.4687,578611
2020-08-11 10:30:00,8.46,8.48,8.37,8.38,452807
2020-08-11 11:30:00,8.37,8.42,8.31,8.375,212676
2020-08-11 12:30:00,8.37,8.375,8.21,8.34,1774917
2020-08-11 13:30:00,8.34,8.38,8.2913,8.305,448973
2020-08-11 14:30:00,8.31,8.34,8.18,8.215,319892
2020-08-11 15:30:00,8.215,8.22,8.14,8.19,806123
2020-08-12 09:30:00,8.3,8.395,8.2313,8.24,408840
2020-08-12 10:30:00,8.25,8.28,8.09,8.125,470705
2020-08-12 11:30:00,8.13,8.15,8.04,8.13,417124
2020-08-12 12:30:00,8.13,8.14,8.08,8.11,333796
2020-08-12 13:30:00,8.11,8.18,8.1096,8.13,176110
2020-08-12 14:30:00,8.125,8.1487,8.07,8.125,431638
2020-08-12 15:30:00,8.125,8.18,8.08,8.175,610796
2020-08-13 09:30:00,8.08,8.09,7.93,8.01,857409
2020-08-13 10:30:00,8.01,8.04,7.96,7.9698,474807
2020-08-13 11:30:00,7.96,7.98,7.92,7.93,444222
2020-08-13 12:30:00,7.93,7.945,7.88,7.895,400780
2020-08-13 13:30:00,7.8985,7.8985,7.79,7.825,874333
2020-08-13 14:30:00,7.83,7.92,7.81,7.92,625635
2020-08-13 15:30:00,7.92,7.98,7.9,7.98,822747
2020-08-14 09:30:00,8.01,8.01,7.83,7.9401,783744
2020-08-14 10:30:00,7.945,7.96,7.84,7.87,413612
2020-08-14 11:30:00,7.875,7.98,7.85,7.935,382537
2020-08-14 12:30:00,7.94,7.95,7.84,7.855,314466
2020-08-14 13:30:00,7.86,7.87,7.81,7.835,436743
2020-08-14 14:30:00,7.84,7.85,7.75,7.79,643806
2020-08-14 15:30:00,7.79,7.8,7.75,7.79,796261
2020-10-27 09:30:00,6.47,6.51,6.28,6.49,829645
2020-10-27 10:30:00,6.49,6.525,6.34,6.345,535710
2020-10-27 11:30:00,6.34,6.41,6.34,6.41,542432
2020-10-27 12:30:00,6.405,6.41,6.33,6.4,368145
2020-10-27 13:30:00,6.4,6.43,6.3601,6.4232,386614
2020-10-27 14:30:00,6.425,6.52,6.4,6.47,608439
2020-10-27 15:30:00,6.47,6.48,6.43,6.43,736508
2020-10-28 09:30:00,6.27,6.33,6.01,6.025,1438783
2020-10-28 10:30:00,6.0242,6.155,6.01,6.15,1347223
2020-10-28 11:30:00,6.15,6.23,6.145,6.15,503246
2020-10-28 12:30:00,6.155,6.18,6.105,6.1368,490663
2020-10-28 13:30:00,6.14,6.18,6.09,6.145,1715498
2020-10-28 14:30:00,6.15,6.17,6.09,6.1399,834806
2020-10-28 15:30:00,6.135,6.1452,6.03,6.05,880191
2020-10-29 09:30:00,5.84,5.95,5.64,5.87,1617039
2020-10-29 10:30:00,5.875,5.98,5.805,5.81,573810
2020-10-29 11:30:00,5.82,5.83,5.72,5.75,581540
2020-10-29 12:30:00,5.75,5.81,5.72,5.78,400615
2020-10-29 13:30:00,5.775,5.97,5.775,5.95,614064
2020-10-29 14:30:00,5.95,6.06,5.93,6.055,587601
2020-10-29 15:30:00,6.06,6.19,6.05,6.15,1150569
2020-10-30 09:30:00,6.1,6.16,5.91,5.97,582758
2020-10-30 10:30:00,5.97,5.99,5.86,5.95,720850
2020-10-30 11:30:00,5.95,6.13,5.94,6.1,522618
2020-10-30 12:30:00,6.095,6.21,6.075,6.21,936179
2020-10-30 13:30:00,6.205,6.32,6.14,6.3,988156
2020-10-30 14:30:00,6.295,6.295,6.205,6.23,678081
2020-10-30 15:30:00,6.23,6.265,6.18,6.26,655245
2020-11-02 09:30:00,6.28,6.4,6.19,6.33,1301925
2020-11-02 10:30:00,6.33,6.44,6.26,6.44,698455
2020-11-02 11:30:00,6.44,6.5,6.4,6.495,915474
2020-11-02 12:30:00,6.49,6.53,6.36,6.395,691800
2020-11-02 13:30:00,6.39,6.45,6.35,6.435,744535
2020-11-02 14:30:00,6.431,6.505,6.42,6.47,853540
2020-11-02 15:30:00,6.47,6.51,6.44,6.51,1149580
2020-11-03 09:30:00,7.0,7.0,6.545,6.55,1695954
2020-11-03 10:30:00,6.55,6.57,6.485,6.505,998576
2020-11-03 11:30:00,6.505,6.56,6.485,6.505,459709
2020-11-03 12:30:00,6.51,6.67,6.44,6.64,2044093
2020-11-03 13:30:00,6.64,6.75,6.64,6.68,771414
2020-11-03 14:30:00,6.672,6.73,6.6,6.61,588003
2020-11-03 15:30:00,6.61,6.63,6.57,6.58,1034358
2020-11-04 09:30:00,6.57,6.785,6.48,6.75,1157582
2020-11-04 10:30:00,6.74,6.86,6.67,6.788,729299
2020-11-04 11:30:00,6.78,6.81,6.73,6.7698,522160
2020-11-04 12:30:00,6.77,6.81,6.72,6.76,355368
2020-11-04 13:30:00,6.76,6.775,6.725,6.74,349427
2020-11-04 14:30:00,6.745,6.76,6.68,6.685,376939
2020-11-04 15:30:00,6.685,6.73,6.65,6.69,1159542
2020-11-05 09:30:00,6.7,6.93,6.7,6.86,574545
2020-11-05 10:30:00,6.86,6.885,6.785,6.82,400583
2020-11-05 11:30:00,6.8273,6.94,6.8,6.85,520784
2020-11-05 12:30:00,6.8564,7.0,6.845,6.97,469953
2020-11-05 13:30:00,6.975,7.015,6.9599,6.9723,409171
2020-11-05 14:30:00,6.97,6.98,6.92,6.97,561717
2020-11-05 15:30:00,6.9636,6.985,6.85,6.9,888230
2020-11-06 09:30:00,6.89,6.978,6.775,6.835,728986
2020-11-06 10:30:00,6.835,6.84,6.583,6.65,650837
2020-11-06 11:30:00,6.65,6.72,6.57,6.715,607810
2020-11-06 12:30:00,6.72,6.77,6.66,6.71,476095
2020-11-06 13:30:00,6.71,6.728,6.6,6.64,471316
2020-11-06 14:30:00,6.635,6.67,6.56,6.58,1139266
2020-11-06 15:30:00,6.58,6.63,6.54,6.54,884451
2020-11-09 09:30:00,7.22,7.325,7.04,7.164,2026963
2020-11-09 10:30:00,7.165,7.18,7.015,7.04,1080621
2020-11-09 11:30:00,7.04,7.285,7.02,7.2801,1119288
2020-11-09 12:30:00,7.28,7.46,7.23,7.445,1154049
2020-11-09 13:30:00,7.445,7.58,7.35,7.49,1520596
2020-11-09 14:30:00,7.49,7.56,7.44,7.445,1295983
2020-11-09 15:30:00,7.44,7.45,7.25,7.315,1812274
2020-11-10 09:30:00,7.46,7.47,7.22,7.42,1270903
2020-11-10 10:30:00,7.425,7.43,7.12,7.205,1700255
2020-11-10 11:30:00,7.21,7.47,7.16,7.448,830031
2020-11-10 12:30:00,7.44,7.48,7.36,7.39,789561
2020-11-10 13:30:00,7.3858,7.485,7.21,7.48,1086686
2020-11-10 14:30:00,7.47,7.63,7.43,7.6,1634626
2020-11-10 15:30:00,7.6,7.65,7.52,7.57,2544251
2020-11-11 09:30:00,7.68,7.7,7.51,7.6201,1104967
2020-11-11 10:30:00,7.63,7.68,7.54,7.55,535250
2020-11-11 11:30:00,7.55,7.61,7.5,7.555,481906
2020-11-11 12:30:00,7.555,7.56,7.47,7.475,630904
2020-11-11 13:30:00,7.48,7.51,7.45,7.46,527755
2020-11-11 14:30:00,7.46,7.47,7.385,7.47,659393
2020-11-11 15:30:00,7.465,7.51,7.435,7.5,430480
2020-11-12 09:30:00,7.47,7.65,7.39,7.61,806835
2020-11-12 10:30:00,7.615,7.65,7.5,7.59,591467
2020-11-12 11:30:00,7.595,7.615,7.5215,7.5301,393393
2020-11-12 12:30:00,7.5338,7.54,7.43,7.44,584170
2020-11-12 13:30:00,7.44,7.465,7.3,7.31,480247
2020-11-12 14:30:00,7.31,7.39,7.27,7.36,736916
2020-11-12 15:30:00,7.36,7.43,7.35,7.425,1138526
2020-11-13 09:30:00,7.5,7.64,7.445,7.631,1053861
2020-11-13 10:30:00,7.64,7.64,7.46,7.55,590324
2020-11-13 11:30:00,7.545,7.65,7.52,7.61,783637
2020-11-13 12:30:00,7.615,7.71,7.585,7.68,646035
2020-11-13 13:30:00,7.675,7.73,7.65,7.7,594961
2020-11-13 14:30:00,7.705,7.75,7.57,7.58,926020
2020-11-13 15:30:00,7.585,7.67,7.58,7.66,641684
