bar_start,open,high,low,close,volume
2021-01-28 09:30:00,8.88,9.05,8.81,8.91,290589
2021-01-28 10:30:00,8.91,8.93,8.7101,8.715,586897
2021-01-28 11:30:00,8.725,8.85,8.69,8.76,281865
2021-01-28 12:30:00,8.7599,8.81,8.69,8.805,174283
2021-01-28 13:30:00,8.81,8.97,8.7921,8.955,340096
2021-01-28 14:30:00,8.95,9.0083,8.85,8.86,240153
2021-01-28 15:30:00,8.8721,8.96,8.86,8.94,390616
2021-01-29 09:30:00,8.91,9.08,8.83,9.035,342551
2021-01-29 10:30:00,9.035,9.05,8.865,8.87,213676
2021-01-29 11:30:00,8.865,8.87,8.64,8.645,284207
2021-01-29 12:30:00,8.65,8.685,8.52,8.62,553377
2021-01-29 13:30:00,8.62,8.69,8.565,8.62,321676
2021-01-29 14:30:00,8.62,8.7,8.575,8.695,257910
2021-01-29 15:30:00,8.69,8.7,8.59,8.64,522770
2021-02-01 09:30:00,8.79,8.94,8.62,8.62,311033
2021-02-01 10:30:00,8.625,8.685,8.58,8.6625,269316
2021-02-01 11:30:00,8.67,8.68,8.58,8.6,242122
2021-02-01 12:30:00,8.6,8.655,8.5923,8.64,387679
2021-02-01 13:30:00,8.64,8.68,8.62,8.6525,411199
2021-02-01 14:30:00,8.66,8.7,8.63,8.64,326747
2021-02-01 15:30:00,8.64,8.68,8.635,8.66,361636
2021-02-02 09:30:00,8.88,9.205,8.74,9.09,998065
2021-02-02 10:30:00,9.085,9.19,8.945,9.12,473285
2021-02-02 11:30:00,9.125,9.1355,9.0445,9.07,199980
2021-02-02 12:30:00,9.07,9.07,8.94,8.955,360634
2021-02-02 13:30:00,8.95,8.96,8.85,8.88,255631
2021-02-02 14:30:00,8.88,8.94,8.87,8.91,235696
2021-02-02 15:30:00,8.91,8.917,8.82,8.85,655798
2021-02-03 09:30:00,8.86,9.1472,8.86,9.095,397243
2021-02-03 10:30:00,9.09,9.09,8.88,8.91,905085
2021-02-03 11:30:00,8.91,8.98,8.88,8.9578,432130
2021-02-03 12:30:00,8.95,8.95,8.78,8.79,618838
2021-02-03 13:30:00,8.78,8.93,8.78,8.84,1223166
2021-02-03 14:30:00,8.835,8.87,8.75,8.75,938601
2021-02-03 15:30:00,8.755,8.83,8.74,8.83,867390
2021-02-04 09:30:00,8.93,9.06,8.83,8.8351,493362
2021-02-04 10:30:00,8.84,8.9,8.82,8.895,216175
2021-02-04 11:30:00,8.89,8.96,8.87,8.945,266656
2021-02-04 12:30:00,8.95,8.97,8.9,8.93,264344
2021-02-04 13:30:00,8.935,8.97,8.9,8.93,317370
2021-02-04 14:30:00,8.935,8.97,8.91,8.965,304276
2021-02-04 15:30:00,8.96,8.97,8.91,8.92,486070
2021-02-05 09:30:00,9.07,9.21,9.015,9.105,495686
2021-02-05 10:30:00,9.105,9.15,9.08,9.14,296249
2021-02-05 11:30:00,9.14,9.15,9.05,9.06,300158
2021-02-05 12:30:00,9.06,9.0716,8.95,8.985,274597
2021-02-05 13:30:00,8.99,9.01,8.97,9.005,158768
2021-02-05 14:30:00,9.01,9.09,8.99,9.09,240191
2021-02-05 15:30:00,9.09,9.1,8.95,8.99,1032110
2021-02-08 09:30:00,9.15,9.48,9.13,9.46,573314
2021-02-08 10:30:00,9.47,9.479,9.29,9.3,483971
2021-02-08 11:30:00,9.3075,9.32,9.2,9.23,321378
2021-02-08 12:30:00,9.225,9.2722,9.19,9.21,445059
2021-02-08 13:30:00,9.2,9.205,9.12,9.1378,235117
2021-02-08 14:30:00,9.14,9.375,9.13,9.355,569830
2021-02-08 15:30:00,9.36,9.49,9.356,9.485,1087894
2021-02-09 09:30:00,9.48,9.5,9.2,9.28,368911
2021-02-09 10:30:00,9.29,9.29,9.17,9.22,247264
2021-02-09 11:30:00,9.21,9.239,9.16,9.225,170691
2021-02-09 12:30:00,9.22,9.26,9.17,9.18,214442
2021-02-09 13:30:00,9.175,9.26,9.17,9.225,259414
2021-02-09 14:30:00,9.22,9.315,9.205,9.235,370475
2021-02-09 15:30:00,9.237,9.41,9.237,9.36,867443
2021-02-10 09:30:00,8.9,8.96,8.475,8.62,2119446
2021-02-10 10:30:00,8.62,8.7,8.555,8.6278,923611
2021-02-10 11:30:00,8.63,8.7,8.5501,8.6,705210
2021-02-10 12:30:00,8.6,8.66,8.555,8.56,494377
2021-02-10 13:30:00,8.565,8.6,8.51,8.53,700059
2021-02-10 14:30:00,8.5196,8.58,8.5194,8.57,608338
2021-02-10 15:30:00,8.58,8.59,8.5,8.53,1068430
2021-02-11 09:30:00,8.53,8.64,8.455,8.52,763264
2021-02-11 10:30:00,8.525,8.525,8.435,8.46,761991
2021-02-11 11:30:00,8.4699,8.49,8.29,8.2978,471354
2021-02-11 12:30:00,8.3,8.4,8.295,8.351,287515
2021-02-11 13:30:00,8.36,8.4,8.34,8.34,193494
2021-02-11 14:30:00,8.34,8.395,8.33,8.33,288036
2021-02-11 15:30:00,8.335,8.395,8.32,8.365,825007
2021-02-12 09:30:00,8.37,8.595,8.33,8.555,854219
2021-02-12 10:30:00,8.55,8.591,8.44,8.46,449913
2021-02-12 11:30:00,8.46,8.65,8.45,8.64,336873
2021-02-12 12:30:00,8.64,8.66,8.55,8.5592,269124
2021-02-12 13:30:00,8.555,8.58,8.52,8.535,268965
2021-02-12 14:30:00,8.54,8.58,8.52,8.52,298783
2021-02-12 15:30:00,8.525,8.59,8.51,8.56,469515
2021-02-16 09:30:00,8.79,8.87,8.72,8.795,487079
2021-02-16 10:30:00,8.7878,8.83,8.7028,8.82,312301
2021-02-16 11:30:00,8.81,8.9,8.78,8.8677,298885
2021-02-16 12:30:00,8.87,8.929,8.835,8.86,224004
2021-02-16 13:30:00,8.86,8.899,8.81,8.88,193058
2021-02-16 14:30:00,8.87,8.889,8.81,8.875,166299
2021-02-16 15:30:00,8.8764,8.8764,8.82,8.83,297787
2021-04-27 09:30:00,9.5,9.65,9.44,9.53,385451
2021-04-27 10:30:00,9.53,9.55,9.49,9.52,105061
2021-04-27 11:30:00,9.52,9.6,9.51,9.54,510898
2021-04-27 12:30:00,9.54,9.54,9.485,9.5,180132
2021-04-27 13:30:00,9.5,9.51,9.45,9.48,206645
2021-04-27 14:30:00,9.48,9.63,9.465,9.61,146916
2021-04-27 15:30:00,9.615,9.62,9.54,9.55,293091
2021-04-28 09:30:00,9.57,9.8,9.55,9.755,702364
2021-04-28 10:30:00,9.75,9.835,9.735,9.77,1269418
2021-04-28 11:30:00,9.765,9.8,9.755,9.775,639472
2021-04-28 12:30:00,9.77,9.77,9.635,9.65,225076
2021-04-28 13:30:00,9.645,9.74,9.59,9.69,564863
2021-04-28 14:30:00,9.695,9.74,9.67,9.725,217881
2021-04-28 15:30:00,9.72,9.74,9.68,9.69,547219
2021-04-29 09:30:00,9.59,9.86,9.59,9.77,881412
2021-04-29 10:30:00,9.77,9.82,9.665,9.75,418550
2021-04-29 11:30:00,9.75,9.75,9.625,9.66,225973
2021-04-29 12:30:00,9.6642,9.715,9.65,9.69,130170
2021-04-29 13:30:00,9.69,9.7,9.65,9.7,89725
2021-04-29 14:30:00,9.7,9.75,9.61,9.62,242266
2021-04-29 15:30:00,9.615,9.65,9.59,9.6,572062
2021-04-30 09:30:00,9.51,9.71,9.4,9.62,467407
2021-04-30 10:30:00,9.615,9.62,9.54,9.585,245086
2021-04-30 11:30:00,9.585,9.6,9.55,9.58,172177
2021-04-30 12:30:00,9.57,9.6,9.53,9.555,206067
2021-04-30 13:30:00,9.55,9.56,9.49,9.495,130793
2021-04-30 14:30:00,9.495,9.5,9.425,9.46,151364
2021-04-30 15:30:00,9.46,9.47,9.38,9.39,509793
2021-05-03 09:30:00,9.47,9.575,9.44,9.53,341255
2021-05-03 10:30:00,9.535,9.575,9.48,9.55,204672
2021-05-03 11:30:00,9.545,9.6,9.515,9.6,80516
2021-05-03 12:30:00,9.595,9.6002,9.535,9.575,170084
2021-05-03 13:30:00,9.57,9.59,9.55,9.55,91576
2021-05-03 14:30:00,9.55,9.6,9.55,9.59,152990
2021-05-03 15:30:00,9.58,9.58,9.55,9.565,241296
2021-05-04 09:30:00,9.67,9.7,9.51,9.7,714006
2021-05-04 10:30:00,9.7,9.745,9.565,9.62,360918
2021-05-04 11:30:00,9.62,9.65,9.565,9.64,218818
2021-05-04 12:30:00,9.65,9.65,9.545,9.59,210711
2021-05-04 13:30:00,9.595,9.62,9.55,9.575,226591
2021-05-04 14:30:00,9.58,9.61,9.545,9.56,134927
2021-05-04 15:30:00,9.56,9.5666,9.46,9.47,650834
2021-05-05 09:30:00,9.47,9.81,9.47,9.69,620896
2021-05-05 10:30:00,9.68,9.84,9.66,9.805,212149
2021-05-05 11:30:00,9.8,9.81,9.69,9.73,145063
2021-05-05 12:30:00,9.73,9.7389,9.55,9.575,177291
2021-05-05 13:30:00,9.575,9.58,9.5,9.525,316873
2021-05-05 14:30:00,9.5247,9.525,9.42,9.485,455463
2021-05-05 15:30:00,9.485,9.54,9.45,9.46,796265
2021-05-06 09:30:00,9.48,9.56,9.32,9.385,440344
2021-05-06 10:30:00,9.39,9.49,9.37,9.49,251043
2021-05-06 11:30:00,9.485,9.63,9.465,9.63,200219
2021-05-06 12:30:00,9.63,9.65,9.55,9.65,225890
2021-05-06 13:30:00,9.645,9.69,9.605,9.62,259746
2021-05-06 14:30:00,9.62,9.62,9.57,9.615,310988
2021-05-06 15:30:00,9.62,9.72,9.61,9.71,482656
2021-05-07 09:30:00,9.62,9.93,9.62,9.715,499734
2021-05-07 10:30:00,9.715,9.81,9.695,9.74,212643
2021-05-07 11:30:00,9.74,9.8,9.74,9.79,129325
2021-05-07 12:30:00,9.79,9.83,9.78,9.825,110040
2021-05-07 13:30:00,9.82,9.87,9.79,9.82,147524
2021-05-07 14:30:00,9.83,9.83,9.77,9.795,192968
2021-05-07 15:30:00,9.795,9.8,9.7,9.72,735146
2021-05-10 09:30:00,9.84,10.09,9.8,10.035,584170
2021-05-10 10:30:00,10.03,10.03,9.9,10.005,818550
2021-05-10 11:30:00,10.005,10.095,9.955,10.07,266766
2021-05-10 12:30:00,10.0726,10.2,10.07,10.185,266687
2021-05-10 13:30:00,10.19,10.22,10.11,10.111,566582
2021-05-10 14:30:00,10.11,10.125,10.025,10.105,246716
2021-05-10 15:30:00,10.105,10.155,10.05,10.0562,806692
2021-05-11 09:30:00,9.95,10.13,9.71,10.005,835784
2021-05-11 10:30:00,10.0,10.02,9.865,9.975,481357
2021-05-11 11:30:00,9.98,10.02,9.94,9.94,409573
2021-05-11 12:30:00,9.95,10.0,9.92,9.986,169490
2021-05-11 13:30:00,9.99,10.09,9.985,10.08,202912
2021-05-11 14:30:00,10.08,10.13,10.04,10.12,270821
2021-05-11 15:30:00,10.12,10.13,10.05,10.05,693800
2021-05-12 09:30:00,10.14,10.39,10.08,10.35,634914
2021-05-12 10:30:00,10.355,10.4,10.28,10.29,226100
2021-05-12 11:30:00,10.28,10.34,10.105,10.145,200673
2021-05-12 12:30:00,10.14,10.19,10.13,10.13,141596
2021-05-12 13:30:00,10.1358,10.15,9.98,9.985,216010
2021-05-12 14:30:00,9.98,10.035,9.95,9.975,845452
2021-05-12 15:30:00,9.97,9.975,9.9,9.95,715230
2021-05-13 09:30:00,9.78,10.16,9.7,10.131,416683
2021-05-13 10:30:00,10.14,10.21,10.05,10.075,374313
2021-05-13 11:30:00,10.08,10.09,9.93,9.985,307301
2021-05-13 12:30:00,9.99,10.01,9.9,9.935,201101
2021-05-13 13:30:00,9.94,10.09,9.8836,10.09,242913
2021-05-13 14:30:00,10.09,10.17,10.08,10.165,143893
2021-05-13 15:30:00,10.1593,10.21,10.13,10.17,422703
2021-05-14 09:30:00,10.33,10.485,10.3,10.44,325568
2021-05-14 10:30:00,10.44,10.475,10.295,10.3,193789
2021-05-14 11:30:00,10.3,10.365,10.27,10.3209,226657
2021-05-14 12:30:00,10.33,10.38,10.28,10.365,127330
2021-05-14 13:30:00,10.37,10.45,10.34,10.445,130514
2021-05-14 14:30:00,10.44,10.45,10.36,10.4,209039
2021-05-14 15:30:00,10.4037,10.42,10.33,10.38,314896
2021-05-21 09:30:00,10.75,10.88,10.725,10.87,798053
2021-05-21 10:30:00,10.88,10.91,10.77,10.7961,668497
2021-05-21 11:30:00,10.8,10.825,10.78,10.785,193663
2021-05-21 12:30:00,10.7951,10.7951,10.68,10.72,390812
2021-05-21 13:30:00,10.72,10.78,10.715,10.725,176502
2021-05-21 14:30:00,10.73,10.8,10.71,10.775,346303
2021-05-21 15:30:00,10.77,10.775,10.67,10.7,488260
2021-05-24 09:30:00,10.71,10.965,10.66,10.92,697580
2021-05-24 10:30:00,10.92,10.98,10.87,10.91,690671
2021-05-24 11:30:00,10.91,10.91,10.87,10.9,93930
2021-05-24 12:30:00,10.9,10.9799,10.89,10.97,137265
2021-05-24 13:30:00,10.97,11.0,10.95,10.97,145411
2021-05-24 14:30:00,10.98,10.98,10.8725,10.92,272921
2021-05-24 15:30:00,10.92,10.95,10.9,10.94,365564
2021-05-25 09:30:00,10.89,10.975,10.825,10.92,322824
2021-05-25 10:30:00,10.925,10.94,10.83,10.83,384263
2021-05-25 11:30:00,10.835,10.919,10.83,10.91,145028
2021-05-25 12:30:00,10.905,10.98,10.905,10.91,213769
2021-05-25 13:30:00,10.915,10.9336,10.87,10.875,194464
2021-05-25 14:30:00,10.875,10.89,10.82,10.82,497126
2021-05-25 15:30:00,10.825,10.84,10.77,10.8,587865
2021-05-26 09:30:00,10.8,10.88,10.74,10.88,524090
2021-05-26 10:30:00,10.88,10.96,10.86,10.96,268295
2021-05-26 11:30:00,10.96,10.99,10.91,10.91,249474
2021-05-26 12:30:00,10.911,10.93,10.88,10.895,166024
2021-05-26 13:30:00,10.89,10.9,10.82,10.82,294720
2021-05-26 14:30:00,10.825,10.89,10.825,10.88,255145
2021-05-26 15:30:00,10.88,10.91,10.87,10.9,388374
2021-05-27 09:30:00,10.99,11.05,10.88,10.94,590910
2021-05-27 10:30:00,10.935,10.9675,10.88,10.88,419491
2021-05-27 11:30:00,10.875,10.935,10.86,10.875,246599
2021-05-27 12:30:00,10.88,10.915,10.85,10.855,259336
2021-05-27 13:30:00,10.855,10.8577,10.78,10.82,348087
2021-05-27 14:30:00,10.825,10.925,10.82,10.91,457079
2021-05-27 15:30:00,10.9119,10.95,10.9,10.94,473682
2021-05-28 09:30:00,10.94,11.04,10.7986,10.9,535913
2021-05-28 10:30:00,10.9,10.93,10.88,10.89,242630
2021-05-28 11:30:00,10.895,10.91,10.87,10.9,156796
2021-05-28 12:30:00,10.9,10.93,10.89,10.925,167407
2021-05-28 13:30:00,10.92,10.945,10.8,10.8478,277641
2021-05-28 14:30:00,10.8478,10.915,10.84,10.88,301832
2021-05-28 15:30:00,10.885,10.96,10.87,10.9,631168
2021-06-01 09:30:00,11.04,11.32,10.96,11.285,356489
2021-06-01 10:30:00,11.28,11.37,11.255,11.34,188659
2021-06-01 11:30:00,11.34,11.37,11.3,11.345,141989
2021-06-01 12:30:00,11.35,11.415,11.33,11.4,131599
2021-06-01 13:30:00,11.4046,11.475,11.395,11.47,167075
2021-06-01 14:30:00,11.47,11.475,11.375,11.391,198454
2021-06-01 15:30:00,11.405,11.43,11.3625,11.38,284761
2021-06-02 09:30:00,11.44,11.53,11.305,11.51,365806
2021-06-02 10:30:00,11.52,11.63,11.5,11.61,224192
2021-06-02 11:30:00,11.605,11.78,11.6,11.75,212854
2021-06-02 12:30:00,11.755,11.78,11.73,11.745,227142
2021-06-02 13:30:00,11.745,11.75,11.655,11.73,316653
2021-06-02 14:30:00,11.74,11.8,11.71,11.73,414551
2021-06-02 15:30:00,11.73,11.79,11.72,11.765,606614
2021-06-03 09:30:00,11.78,11.89,11.6,11.785,537733
2021-06-03 10:30:00,11.785,11.82,11.7525,11.77,117626
2021-06-03 11:30:00,11.77,11.82,11.735,11.8,112851
2021-06-03 12:30:00,11.795,11.835,11.77,11.82,73881
2021-06-03 13:30:00,11.82,11.83,11.79,11.815,57449
2021-06-03 14:30:00,11.81,11.88,11.81,11.86,187206
2021-06-03 15:30:00,11.8574,11.91,11.81,11.81,647609
2021-06-04 09:30:00,11.92,11.96,11.7,11.77,499628
2021-06-04 10:30:00,11.78,11.81,11.65,11.655,206025
2021-06-04 11:30:00,11.655,11.735,11.65,11.73,129472
2021-06-04 12:30:00,11.73,11.835,11.71,11.81,101125
2021-06-04 13:30:00,11.8,11.86,11.8,11.85,214347
2021-06-04 14:30:00,11.8325,11.9,11.821,11.9,224545
2021-06-04 15:30:00,11.9,11.94,11.8849,11.89,542610
2021-06-07 09:30:00,11.97,12.1195,11.94,12.09,338043
2021-06-07 10:30:00,12.095,12.23,12.09,12.215,311402
2021-06-07 11:30:00,12.22,12.33,12.2,12.295,329128
2021-06-07 12:30:00,12.295,12.35,12.29,12.345,243935
2021-06-07 13:30:00,12.345,12.41,12.335,12.384,334678
2021-06-07 14:30:00,12.395,12.45,12.36,12.365,517278
2021-06-07 15:30:00,12.36,12.37,12.31,12.34,1069178
2021-06-08 09:30:00,12.26,12.63,12.0,12.62,831972
2021-06-08 10:30:00,12.625,12.72,12.595,12.61,453329
2021-06-08 11:30:00,12.61,12.675,12.58,12.655,543451
2021-06-08 12:30:00,12.655,12.7,12.64,12.67,204434
2021-06-08 13:30:00,12.67,12.76,12.625,12.75,417990
2021-06-08 14:30:00,12.75,12.7975,12.74,12.7401,449379
2021-06-08 15:30:00,12.74,12.76,12.641,12.67,575239
2021-06-09 09:30:00,12.71,12.81,12.555,12.66,337182
2021-06-09 10:30:00,12.65,12.65,12.56,12.59,192093
2021-06-09 11:30:00,12.6,12.715,12.59,12.705,193171
2021-06-09 12:30:00,12.7,12.745,12.69,12.74,92134
2021-06-09 13:30:00,12.7301,12.76,12.71,12.74,112141
2021-06-09 14:30:00,12.74,12.77,12.67,12.67,171318
2021-06-09 15:30:00,12.68,12.71,12.64,12.7,519340
2021-07-27 09:30:00,10.871,10.96,10.63,10.7,337575
2021-07-27 10:30:00,10.7,10.76,10.655,10.665,264207
2021-07-27 11:30:00,10.6634,10.725,10.625,10.67,188667
2021-07-27 12:30:00,10.66,10.67,10.61,10.6222,100637
2021-07-27 13:30:00,10.62,10.64,10.58,10.605,190688
2021-07-27 14:30:00,10.6,10.665,10.6,10.645,172316
2021-07-27 15:30:00,10.645,10.66,10.61,10.64,408850
2021-07-28 09:30:00,10.66,10.68,10.435,10.44,222742
2021-07-28 10:30:00,10.45,10.69,10.445,10.68,293972
2021-07-28 11:30:00,10.675,10.76,10.67,10.7102,170611
2021-07-28 12:30:00,10.7229,10.79,10.69,10.75,110894
2021-07-28 13:30:00,10.755,10.77,10.7,10.76,143638
2021-07-28 14:30:00,10.75,10.89,10.75,10.805,219344
2021-07-28 15:30:00,10.8099,10.82,10.77,10.78,362068
2021-07-29 09:30:00,10.764,10.764,10.46,10.57,246451
2021-07-29 10:30:00,10.56,10.635,10.535,10.6,156238
2021-07-29 11:30:00,10.5942,10.675,10.5942,10.64,112645
2021-07-29 12:30:00,10.64,10.69,10.615,10.68,77804
2021-07-29 13:30:00,10.67,10.67,10.57,10.64,90244
2021-07-29 14:30:00,10.64,10.64,10.48,10.515,278697
2021-07-29 15:30:00,10.515,10.56,10.5,10.54,308268
2021-07-30 09:30:00,10.5,10.6,10.45,10.545,217398
2021-07-30 10:30:00,10.55,10.595,10.465,10.525,219011
2021-07-30 11:30:00,10.52,10.55,10.45,10.545,87116
2021-07-30 12:30:00,10.545,10.545,10.42,10.43,67122
2021-07-30 13:30:00,10.425,10.46,10.4,10.415,108539
2021-07-30 14:30:00,10.41,10.475,10.38,10.445,139127
2021-07-30 15:30:00,10.45,10.49,10.45,10.49,373707
2021-08-02 09:30:00,10.49,10.765,10.4,10.5,303009
2021-08-02 10:30:00,10.505,10.515,10.29,10.315,168549
2021-08-02 11:30:00,10.31,10.365,10.25,10.365,190894
2021-08-02 12:30:00,10.365,10.425,10.3464,10.4001,187795
2021-08-02 13:30:00,10.4002,10.45,10.39,10.425,198993
2021-08-02 14:30:00,10.42,10.465,10.38,10.38,290076
2021-08-02 15:30:00,10.38,10.385,10.26,10.29,454780
2021-08-03 09:30:00,10.25,10.285,9.965,10.14,599028
2021-08-03 10:30:00,10.14,10.245,10.09,10.235,497796
2021-08-03 11:30:00,10.23,10.3,10.18,10.22,205344
2021-08-03 12:30:00,10.215,10.31,10.2,10.305,448961
2021-08-03 13:30:00,10.3,10.42,10.24,10.41,626105
2021-08-03 14:30:00,10.41,10.47,10.36,10.47,986547
2021-08-03 15:30:00,10.47,10.505,10.42,10.48,883342
2021-08-04 09:30:00,10.31,10.44,10.035,10.355,750244
2021-08-04 10:30:00,10.355,10.355,10.12,10.285,518281
2021-08-04 11:30:00,10.28,10.285,10.12,10.14,311552
2021-08-04 12:30:00,10.145,10.185,10.12,10.125,240178
2021-08-04 13:30:00,10.125,10.16,10.06,10.065,302867
2021-08-04 14:30:00,10.065,10.085,10.0,10.065,301548
2021-08-04 15:30:00,10.07,10.1,10.03,10.06,798078
2021-08-05 09:30:00,10.08,10.34,10.08,10.27,414086
2021-08-05 10:30:00,10.275,10.3164,10.24,10.305,331533
2021-08-05 11:30:00,10.305,10.32,10.255,10.265,118958
2021-08-05 12:30:00,10.26,10.29,10.24,10.265,85258
2021-08-05 13:30:00,10.27,10.285,10.245,10.265,122503
2021-08-05 14:30:00,10.26,10.2629,10.1943,10.21,145094
2021-08-05 15:30:00,10.205,10.215,10.15,10.16,195131
2021-08-06 09:30:00,10.32,10.41,10.2398,10.36,300304
2021-08-06 10:30:00,10.36,10.38,10.285,10.35,272574
2021-08-06 11:30:00,10.35,10.38,10.29,10.29,356226
2021-08-06 12:30:00,10.29,10.325,10.25,10.27,84960
2021-08-06 13:30:00,10.27,10.295,10.23,10.28,270153
2021-08-06 14:30:00,10.28,10.35,10.25,10.33,200052
2021-08-06 15:30:00,10.33,10.35,10.27,10.29,489745
2021-08-09 09:30:00,10.13,10.26,10.025,10.04,249328
2021-08-09 10:30:00,10.04,10.15,9.975,10.115,332640
2021-08-09 11:30:00,10.115,10.18,10.11,10.16,128650
2021-08-09 12:30:00,10.15,10.16,10.055,10.06,147697
2021-08-09 13:30:00,10.06,10.105,10.02,10.08,175419
2021-08-09 14:30:00,10.09,10.115,10.04,10.06,218489
2021-08-09 15:30:00,10.055,10.06,9.99,10.04,656668
2021-08-10 09:30:00,10.06,10.19,9.9304,10.16,264808
2021-08-10 10:30:00,10.17,10.21,10.07,10.185,454201
2021-08-10 11:30:00,10.18,10.2,10.14,10.18,201557
2021-08-10 12:30:00,10.175,10.265,10.165,10.2506,180196
2021-08-10 13:30:00,10.255,10.28,10.23,10.25,226315
2021-08-10 14:30:00,10.255,10.28,10.245,10.27,217146
2021-08-10 15:30:00,10.28,10.36,10.27,10.36,489658
2021-08-11 09:30:00,10.36,10.41,10.16,10.22,393288
2021-08-11 10:30:00,10.22,10.27,10.135,10.255,331479
2021-08-11 11:30:00,10.255,10.37,10.25,10.34,214224
2021-08-11 12:30:00,10.345,10.445,10.345,10.435,171250
2021-08-11 13:30:00,10.44,10.455,10.41,10.44,286439
2021-08-11 14:30:00,10.445,10.46,10.41,10.435,184098
2021-08-11 15:30:00,10.435,10.44,10.37,10.41,652735
2021-08-12 09:30:00,10.34,10.475,10.2199,10.23,228076
2021-08-12 10:30:00,10.23,10.32,10.195,10.31,189882
2021-08-12 11:30:00,10.31,10.445,10.3,10.415,232715
2021-08-12 12:30:00,10.42,10.445,10.36,10.37,152149
2021-08-12 13:30:00,10.37,10.465,10.37,10.44,147348
2021-08-12 14:30:00,10.435,10.54,10.39,10.535,317279
2021-08-12 15:30:00,10.54,10.59,10.53,10.58,396854
2021-08-13 09:30:00,10.6,10.78,10.525,10.61,512357
2021-08-13 10:30:00,10.62,10.68,10.58,10.595,231988
2021-08-13 11:30:00,10.595,10.64,10.58,10.615,125734
2021-08-13 12:30:00,10.62,10.65,10.595,10.64,98087
2021-08-13 13:30:00,10.645,10.66,10.575,10.58,116403
2021-08-13 14:30:00,10.585,10.585,10.53,10.53,123424
2021-08-13 15:30:00,10.53,10.555,10.51,10.52,326250
2021-10-26 09:30:00,11.78,11.85,11.68,11.83,501010
2021-10-26 10:30:00,11.83,11.83,11.71,11.74,130441
2021-10-26 11:30:00,11.74,11.745,11.61,11.625,214704
2021-10-26 12:30:00,11.625,11.63,11.52,11.525,119144
2021-10-26 13:30:00,11.52,11.54,11.48,11.495,410774
2021-10-26 14:30:00,11.495,11.51,11.465,11.485,318720
2021-10-26 15:30:00,11.48,11.4885,11.425,11.46,1167674
2021-10-27 09:30:00,11.35,11.425,11.28,11.35,630804
2021-10-27 10:30:00,11.35,11.49,11.34,11.4,694574
2021-10-27 11:30:00,11.4,11.43,11.35,11.38,166796
2021-10-27 12:30:00,11.38,11.39,11.325,11.36,214640
2021-10-27 13:30:00,11.355,11.385,11.33,11.365,148848
2021-10-27 14:30:00,11.37,11.4,11.29,11.35,566957
2021-10-27 15:30:00,11.35,11.38,11.33,11.345,286681
2021-10-28 09:30:00,11.14,11.3,10.95,11.14,214295
2021-10-28 10:30:00,11.14,11.15,11.07,11.08,120743
2021-10-28 11:30:00,11.075,11.125,11.0,11.005,180822
2021-10-28 12:30:00,11.005,11.06,10.985,11.01,187306
2021-10-28 13:30:00,11.01,11.08,11.0,11.06,85047
2021-10-28 14:30:00,11.05,11.05,10.955,10.97,159472
2021-10-28 15:30:00,10.97,11.07,10.97,11.06,382779
2021-10-29 09:30:00,10.99,10.99,10.78,10.79,466770
2021-10-29 10:30:00,10.785,10.845,10.74,10.745,237504
2021-10-29 11:30:00,10.74,10.81,10.685,10.785,320023
2021-10-29 12:30:00,10.7846,10.815,10.75,10.76,237373
2021-10-29 13:30:00,10.76,10.83,10.755,10.795,234745
2021-10-29 14:30:00,10.795,10.81,10.76,10.8,317624
2021-10-29 15:30:00,10.8,10.91,10.7998,10.9,557233
2021-11-01 09:30:00,11.06,11.3112,10.98,11.295,414735
2021-11-01 10:30:00,11.295,11.38,11.25,11.3723,274036
2021-11-01 11:30:00,11.375,11.4,11.34,11.38,223672
2021-11-01 12:30:00,11.38,11.4,11.34,11.35,173163
2021-11-01 13:30:00,11.35,11.39,11.33,11.34,116418
2021-11-01 14:30:00,11.345,11.4,11.33,11.375,152189
2021-11-01 15:30:00,11.375,11.4,11.37,11.38,241865
2021-11-02 09:30:00,11.31,11.38,11.19,11.23,526546
2021-11-02 10:30:00,11.22,11.255,11.165,11.205,291725
2021-11-02 11:30:00,11.205,11.35,11.17,11.24,348276
2021-11-02 12:30:00,11.24,11.25,11.16,11.225,284512
2021-11-02 13:30:00,11.225,11.29,11.21,11.28,295770
2021-11-02 14:30:00,11.28,11.3,11.24,11.275,369353
2021-11-02 15:30:00,11.275,11.32,11.27,11.31,521592
2021-11-03 09:30:00,11.28,11.6,11.28,11.6,474732
2021-11-03 10:30:00,11.6,11.61,11.35,11.57,377702
2021-11-03 11:30:00,11.565,11.57,11.36,11.38,173326
2021-11-03 12:30:00,11.37,11.5,11.29,11.5,275907
2021-11-03 13:30:00,11.49,11.55,11.41,11.48,372094
2021-11-03 14:30:00,11.4774,11.54,11.37,11.4,396057
2021-11-03 15:30:00,11.4,11.405,11.29,11.32,544732
2021-11-04 09:30:00,11.46,11.57,11.379,11.41,403495
2021-11-04 10:30:00,11.41,11.485,11.29,11.32,233546
2021-11-04 11:30:00,11.32,11.36,11.26,11.33,204944
2021-11-04 12:30:00,11.3309,11.38,11.33,11.36,146157
2021-11-04 13:30:00,11.36,11.37,11.27,11.3,287694
2021-11-04 14:30:00,11.3,11.4099,11.285,11.385,281487
2021-11-04 15:30:00,11.385,11.42,11.38,11.41,279688
2021-11-05 09:30:00,11.54,11.57,11.385,11.39,211187
2021-11-05 10:30:00,11.39,11.43,11.35,11.415,104245
2021-11-05 11:30:00,11.42,11.4699,11.41,11.44,73066
2021-11-05 12:30:00,11.44,11.515,11.44,11.46,218940
2021-11-05 13:30:00,11.465,11.51,11.445,11.505,226107
2021-11-05 14:30:00,11.5,11.53,11.48,11.49,264360
2021-11-05 15:30:00,11.5,11.52,11.46,11.465,313338
2021-11-08 09:30:00,11.59,11.645,11.53,11.55,705597
2021-11-08 10:30:00,11.545,11.575,11.52,11.55,324630
2021-11-08 11:30:00,11.55,11.57,11.53,11.56,270314
2021-11-08 12:30:00,11.56,11.565,11.52,11.535,167610
2021-11-08 13:30:00,11.54,11.54,11.485,11.525,189188
2021-11-08 14:30:00,11.52,11.55,11.495,11.52,401405
2021-11-08 15:30:00,11.515,11.55,11.5,11.53,461469
2021-11-09 09:30:00,11.54,11.59,11.4522,11.51,145793
2021-11-09 10:30:00,11.505,11.53,11.445,11.5266,59627
2021-11-09 11:30:00,11.53,11.595,11.5,11.595,141517
2021-11-09 12:30:00,11.5977,11.65,11.575,11.65,131963
2021-11-09 13:30:00,11.65,11.68,11.6,11.6,449810
2021-11-09 14:30:00,11.6076,11.65,11.605,11.63,176670
2021-11-09 15:30:00,11.63,11.65,11.62,11.62,236313
2021-11-10 09:30:00,11.57,11.675,11.54,11.55,199346
2021-11-10 10:30:00,11.55,11.59,11.515,11.58,155086
2021-11-10 11:30:00,11.58,11.61,11.555,11.56,118784
2021-11-10 12:30:00,11.56,11.57,11.475,11.48,155340
2021-11-10 13:30:00,11.49,11.49,11.39,11.39,95700
2021-11-10 14:30:00,11.39,11.47,11.37,11.47,137052
2021-11-10 15:30:00,11.46,11.49,11.395,11.41,195220
2021-11-11 09:30:00,11.46,11.5,11.42,11.43,268022
2021-11-11 10:30:00,11.43,11.465,11.37,11.375,109419
2021-11-11 11:30:00,11.4227,11.455,11.375,11.4297,168157
2021-11-11 12:30:00,11.43,11.48,11.41,11.44,145361
2021-11-11 13:30:00,11.44,11.45,11.36,11.365,102487
2021-11-11 14:30:00,11.365,11.42,11.35,11.42,164185
2021-11-11 15:30:00,11.42,11.42,11.34,11.35,252758
2021-11-12 09:30:00,11.31,11.4,11.23,11.29,170608
2021-11-12 10:30:00,11.29,11.305,11.203,11.25,109899
2021-11-12 11:30:00,11.255,11.26,11.19,11.215,87723
2021-11-12 12:30:00,11.215,11.22,11.15,11.18,55916
2021-11-12 13:30:00,11.18,11.185,11.15,11.165,81102
2021-11-12 14:30:00,11.17,11.25,11.16,11.2465,125377
2021-11-12 15:30:00,11.245,11.26,11.18,11.22,282793
2022-01-27 09:30:00,11.78,11.89,11.62,11.68,358793
2022-01-27 10:30:00,11.68,11.86,11.645,11.76,476806
2022-01-27 11:30:00,11.765,11.845,11.715,11.73,430487
2022-01-27 12:30:00,11.73,11.75,11.47,11.4701,1719546
2022-01-27 13:30:00,11.48,11.68,11.445,11.6347,1008337
2022-01-27 14:30:00,11.635,11.66,11.54,11.64,614087
2022-01-27 15:30:00,11.64,11.7,11.595,11.68,801475
2022-01-28 09:30:00,11.37,11.575,11.1145,11.4,544323
2022-01-28 10:30:00,11.41,11.415,11.21,11.3,406416
2022-01-28 11:30:00,11.31,11.43,11.3,11.37,171558
2022-01-28 12:30:00,11.36,11.385,11.245,11.37,227626
2022-01-28 13:30:00,11.37,11.45,11.22,11.25,277136
2022-01-28 14:30:00,11.24,11.43,11.235,11.42,276856
2022-01-28 15:30:00,11.42,11.53,11.395,11.52,345877
2022-01-31 09:30:00,11.5,11.55,11.31,11.51,365834
2022-01-31 10:30:00,11.505,11.56,11.455,11.52,292491
2022-01-31 11:30:00,11.525,11.615,11.49,11.56,268217
2022-01-31 12:30:00,11.565,11.6954,11.56,11.64,212139
2022-01-31 13:30:00,11.64,11.655,11.53,11.61,252392
2022-01-31 14:30:00,11.6,11.61,11.43,11.485,588265
2022-01-31 15:30:00,11.48,11.53,11.46,11.52,358879
2022-02-01 09:30:00,11.46,11.825,11.36,11.81,341731
2022-02-01 10:30:00,11.815,12.08,11.815,12.015,428701
2022-02-01 11:30:00,12.015,12.05,11.9,11.905,387443
2022-02-01 12:30:00,11.905,12.02,11.87,11.985,637345
2022-02-01 13:30:00,12.015,12.13,11.985,12.13,291413
2022-02-01 14:30:00,12.125,12.17,12.08,12.095,364608
2022-02-01 15:30:00,12.095,12.17,12.09,12.15,365069
2022-02-02 09:30:00,12.18,12.21,12.01,12.09,411155
2022-02-02 10:30:00,12.085,12.17,12.08,12.125,369534
2022-02-02 11:30:00,12.125,12.265,12.11,12.26,193044
2022-02-02 12:30:00,12.26,12.27,12.18,12.2,372857
2022-02-02 13:30:00,12.195,12.3,12.195,12.3,326758
2022-02-02 14:30:00,12.295,12.41,12.295,12.38,320075
2022-02-02 15:30:00,12.38,12.4475,12.38,12.44,310109
2022-02-03 09:30:00,12.35,12.355,12.15,12.275,240725
2022-02-03 10:30:00,12.27,12.345,12.23,12.28,207680
2022-02-03 11:30:00,12.285,12.315,12.22,12.235,271376
2022-02-03 12:30:00,12.2399,12.3,12.225,12.255,224331
2022-02-03 13:30:00,12.26,12.42,12.26,12.41,167491
2022-02-03 14:30:00,12.4,12.47,12.37,12.465,431232
2022-02-03 15:30:00,12.465,12.52,12.455,12.515,507359
2022-02-04 09:30:00,12.59,12.71,12.5301,12.62,242493
2022-02-04 10:30:00,12.615,12.66,12.43,12.51,240551
2022-02-04 11:30:00,12.5,12.64,12.485,12.6282,203289
2022-02-04 12:30:00,12.63,12.65,12.565,12.6206,162241
2022-02-04 13:30:00,12.63,12.74,12.62,12.71,260935
2022-02-04 14:30:00,12.71,12.82,12.7,12.795,254396
2022-02-04 15:30:00,12.8,12.82,12.74,12.74,276473
2022-02-07 09:30:00,12.66,12.775,12.525,12.765,411558
2022-02-07 10:30:00,12.76,12.835,12.73,12.77,260504
2022-02-07 11:30:00,12.77,12.775,12.58,12.585,360100
2022-02-07 12:30:00,12.585,12.64,12.54,12.55,317843
2022-02-07 13:30:00,12.5547,12.675,12.55,12.66,251069
2022-02-07 14:30:00,12.66,12.8159,12.655,12.795,329032
2022-02-07 15:30:00,12.795,12.815,12.67,12.6825,991632
2022-02-08 09:30:00,12.64,12.75,12.43,12.51,641456
2022-02-08 10:30:00,12.505,12.55,12.42,12.46,300849
2022-02-08 11:30:00,12.465,12.49,12.42,12.46,249137
2022-02-08 12:30:00,12.45,12.54,12.43,12.54,157115
2022-02-08 13:30:00,12.535,12.58,12.465,12.47,241017
2022-02-08 14:30:00,12.47,12.4804,12.395,12.455,225174
2022-02-08 15:30:00,12.455,12.52,12.455,12.51,221434
2022-02-09 09:30:00,12.49,12.64,12.4547,12.61,479488
2022-02-09 10:30:00,12.62,12.66,12.49,12.52,275264
2022-02-09 11:30:00,12.52,12.525,12.4,12.435,276982
2022-02-09 12:30:00,12.44,12.45,12.33,12.44,644935
2022-02-09 13:30:00,12.43,12.45,12.35,12.425,943447
2022-02-09 14:30:00,12.425,12.44,12.395,12.425,349022
2022-02-09 15:30:00,12.42,12.42,12.31,12.37,750470
2022-02-10 09:30:00,11.94,12.0,11.61,11.8847,2450414
2022-02-10 10:30:00,11.88,11.91,11.65,11.675,1298807
2022-02-10 11:30:00,11.675,11.75,11.56,11.59,725130
2022-02-10 12:30:00,11.5992,11.69,11.54,11.54,1314703
2022-02-10 13:30:00,11.545,11.59,11.4409,11.455,1456920
2022-02-10 14:30:00,11.4523,11.49,11.39,11.39,1446140
2022-02-10 15:30:00,11.39,11.4159,11.26,11.34,1497155
2022-02-11 09:30:00,11.32,11.735,11.28,11.69,1603485
2022-02-11 10:30:00,11.69,11.88,11.69,11.78,720186
2022-02-11 11:30:00,11.78,11.88,11.705,11.87,558403
2022-02-11 12:30:00,11.865,11.92,11.82,11.84,982818
2022-02-11 13:30:00,11.835,11.8453,11.68,11.76,627232
2022-02-11 14:30:00,11.76,11.805,11.7,11.775,715139
2022-02-11 15:30:00,11.77,11.79,11.73,11.73,1242190
2022-02-14 09:30:00,11.76,11.87,11.595,11.68,999857
2022-02-14 10:30:00,11.685,11.685,11.545,11.6,484434
2022-02-14 11:30:00,11.5829,11.65,11.535,11.565,410100
2022-02-14 12:30:00,11.5627,11.65,11.535,11.615,451238
2022-02-14 13:30:00,11.6128,11.75,11.54,11.65,677588
2022-02-14 14:30:00,11.65,11.7,11.565,11.67,855772
2022-02-14 15:30:00,11.6633,11.7,11.62,11.63,1262364
2022-02-15 09:30:00,11.48,11.49,11.32,11.395,677424
2022-02-15 10:30:00,11.395,11.445,11.33,11.335,527569
2022-02-15 11:30:00,11.338,11.38,11.23,11.32,695115
2022-02-15 12:30:00,11.32,11.385,11.31,11.355,1368217
2022-02-15 13:30:00,11.355,11.48,11.34,11.4627,439105
2022-02-15 14:30:00,11.4629,11.49,11.405,11.49,504773
2022-02-15 15:30:00,11.4812,11.55,11.455,11.52,1089705
2022-04-26 09:30:00,11.22,11.42,11.215,11.3464,607422
2022-04-26 10:30:00,11.35,11.61,11.285,11.595,500306
2022-04-26 11:30:00,11.595,11.69,11.54,11.65,324087
2022-04-26 12:30:00,11.6599,11.715,11.575,11.585,402157
2022-04-26 13:30:00,11.58,11.58,11.49,11.51,231160
2022-04-26 14:30:00,11.51,11.53,11.45,11.49,511871
2022-04-26 15:30:00,11.485,11.565,11.48,11.51,789327
2022-04-27 09:30:00,11.775,11.775,11.405,11.425,503875
2022-04-27 10:30:00,11.425,11.565,11.405,11.52,303871
2022-04-27 11:30:00,11.52,11.65,11.465,11.565,210906
2022-04-27 12:30:00,11.57,11.62,11.53,11.58,229122
2022-04-27 13:30:00,11.59,11.685,11.59,11.645,214488
2022-04-27 14:30:00,11.645,11.67,11.555,11.6,289544
2022-04-27 15:30:00,11.6,11.635,11.55,11.55,386313
2022-04-28 09:30:00,11.44,11.5,11.18,11.255,379656
2022-04-28 10:30:00,11.26,11.31,11.21,11.31,343148
2022-04-28 11:30:00,11.31,11.41,11.285,11.4001,111408
2022-04-28 12:30:00,11.405,11.54,11.405,11.51,150783
2022-04-28 13:30:00,11.51,11.57,11.49,11.565,148130
2022-04-28 14:30:00,11.5594,11.6475,11.545,11.63,165905
2022-04-28 15:30:00,11.6362,11.6389,11.56,11.59,316227
2022-04-29 09:30:00,11.61,11.68,11.46,11.48,265346
2022-04-29 10:30:00,11.47,11.51,11.405,11.49,273787
2022-04-29 11:30:00,11.49,11.517,11.35,11.35,196798
2022-04-29 12:30:00,11.35,11.365,11.29,11.355,286391
2022-04-29 13:30:00,11.36,11.4,11.24,11.31,246187
2022-04-29 14:30:00,11.31,11.32,11.16,11.18,371253
2022-04-29 15:30:00,11.18,11.23,11.13,11.17,540931
2022-05-02 09:30:00,11.1,11.255,11.06,11.25,473478
2022-05-02 10:30:00,11.25,11.31,11.04,11.05,385791
2022-05-02 11:30:00,11.045,11.23,11.04,11.185,202227
2022-05-02 12:30:00,11.19,11.245,11.08,11.1,185061
2022-05-02 13:30:00,11.1023,11.13,10.98,11.0,297802
2022-05-02 14:30:00,10.995,11.17,10.94,11.14,471159
2022-05-02 15:30:00,11.14,11.2,11.1,11.185,351154
2022-05-03 09:30:00,11.2,11.4312,11.2,11.425,358245
2022-05-03 10:30:00,11.425,11.52,11.355,11.5,351099
2022-05-03 11:30:00,11.5,11.555,11.46,11.515,663259
2022-05-03 12:30:00,11.51,11.5899,11.47,11.57,205013
2022-05-03 13:30:00,11.57,11.61,11.48,11.515,193192
2022-05-03 14:30:00,11.51,11.62,11.455,11.6,610292
2022-05-03 15:30:00,11.6,11.62,11.5601,11.59,362763
2022-05-04 09:30:00,11.83,11.84,11.54,11.67,405399
2022-05-04 10:30:00,11.665,11.7,11.5544,11.565,170840
2022-05-04 11:30:00,11.56,11.69,11.545,11.66,117114
2022-05-04 12:30:00,11.655,11.7661,11.62,11.725,391489
2022-05-04 13:30:00,11.73,11.895,11.715,11.875,283432
2022-05-04 14:30:00,11.88,11.95,11.7,11.935,518324
2022-05-04 15:30:00,11.94,11.98,11.9171,11.95,657446
2022-05-05 09:30:00,11.61,12.0675,11.61,12.025,980685
2022-05-05 10:30:00,12.03,12.135,11.86,11.945,1189656
2022-05-05 11:30:00,11.945,12.03,11.66,11.82,403564
2022-05-05 12:30:00,11.81,11.88,11.74,11.805,1144063
2022-05-05 13:30:00,11.8,11.83,11.59,11.59,485903
2022-05-05 14:30:00,11.595,11.635,11.44,11.48,813321
2022-05-05 15:30:00,11.4637,11.7,11.455,11.64,912080
2022-05-06 09:30:00,11.74,11.96,11.44,11.675,773658
2022-05-06 10:30:00,11.675,11.805,11.595,11.8,400258
2022-05-06 11:30:00,11.805,11.805,11.625,11.715,191333
2022-05-06 12:30:00,11.715,11.82,11.6801,11.7169,284611
2022-05-06 13:30:00,11.72,11.76,11.56,11.58,210467
2022-05-06 14:30:00,11.575,11.655,11.53,11.565,293750
2022-05-06 15:30:00,11.5448,11.69,11.5448,11.62,455310
2022-05-09 09:30:00,11.39,11.51,11.09,11.095,610227
2022-05-09 10:30:00,11.095,11.15,10.945,10.945,524775
2022-05-09 11:30:00,10.94,11.1593,10.91,11.06,602283
2022-05-09 12:30:00,11.06,11.1028,10.88,10.94,326755
2022-05-09 13:30:00,10.94,11.0,10.85,10.875,349736
2022-05-09 14:30:00,10.87,11.03,10.83,10.9,456398
2022-05-09 15:30:00,10.895,10.92,10.83,10.85,819007
2022-05-10 09:30:00,10.95,11.145,10.92,11.105,429909
2022-05-10 10:30:00,11.1,11.115,10.72,10.775,469756
2022-05-10 11:30:00,10.77,10.81,10.645,10.6786,258560
2022-05-10 12:30:00,10.68,10.7,10.55,10.62,222364
2022-05-10 13:30:00,10.625,10.815,10.6074,10.77,238842
2022-05-10 14:30:00,10.77,10.91,10.7658,10.845,267219
2022-05-10 15:30:00,10.84,10.865,10.79,10.85,415925
2022-05-11 09:30:00,11.09,11.29,11.01,11.26,299674
2022-05-11 10:30:00,11.25,11.33,11.14,11.2,277977
2022-05-11 11:30:00,11.2,11.275,11.095,11.095,274061
2022-05-11 12:30:00,11.09,11.125807,10.91,10.915,186972
2022-05-11 13:30:00,10.91,10.96,10.84,10.925,288358
2022-05-11 14:30:00,10.9215,10.96,10.815,10.845,407739
2022-05-11 15:30:00,10.84,10.87,10.72,10.75,353220
2022-05-12 09:30:00,10.81,10.88,10.65,10.76,600432
2022-05-12 10:30:00,10.77,10.89,10.75,10.79,378985
2022-05-12 11:30:00,10.79,10.83,10.66,10.7823,292957
2022-05-12 12:30:00,10.82,10.88,10.71,10.715,268685
2022-05-12 13:30:00,10.715,10.73,10.61,10.68,462441
2022-05-12 14:30:00,10.68,10.705,10.55,10.635,384890
2022-05-12 15:30:00,10.63,10.74,10.625,10.72,598629
2022-05-13 09:30:00,10.83,11.15,10.83,11.085,501659
2022-05-13 10:30:00,11.085,11.125,10.97,11.095,282657
2022-05-13 11:30:00,11.095,11.17,11.05,11.125,234466
2022-05-13 12:30:00,11.1269,11.155,11.03,11.09,272695
2022-05-13 13:30:00,11.08,11.12,10.97,11.01,180457
2022-05-13 14:30:00,11.015,11.12,11.01,11.09,176296
2022-05-13 15:30:00,11.09,11.115,11.0242,11.08,242159
2022-07-26 09:30:00,11.03,11.18,10.95,11.0,340088
2022-07-26 10:30:00,11.01,11.025,10.875,10.885,397251
2022-07-26 11:30:00,10.88,10.915,10.815,10.87,261133
2022-07-26 12:30:00,10.88,10.94,10.855,10.935,151483
2022-07-26 13:30:00,10.94,10.99,10.87,10.87,262720
2022-07-26 14:30:00,10.875,10.94,10.86,10.9195,231099
2022-07-26 15:30:00,10.92,10.95,10.9,10.92,295729
2022-07-27 09:30:00,10.94,10.99,10.8,10.81,460586
2022-07-27 10:30:00,10.82,11.005,10.815,10.97,345176
2022-07-27 11:30:00,10.9791,11.1,10.9784,11.085,269252
2022-07-27 12:30:00,11.085,11.12,11.025,11.085,472274
2022-07-27 13:30:00,11.085,11.14,11.07,11.105,348086
2022-07-27 14:30:00,11.111106,11.22,11.0599,11.135,353674
2022-07-27 15:30:00,11.135,11.19,11.13,11.16,425163
2022-07-28 09:30:00,10.99,11.09,10.76,10.82,494938
2022-07-28 10:30:00,10.83,11.05,10.8,11.05,338115
2022-07-28 11:30:00,11.05,11.1,11.015,11.095,160878
2022-07-28 12:30:00,11.09,11.09,11.02,11.05,122949
2022-07-28 13:30:00,11.045,11.095,11.04,11.04,174059
2022-07-28 14:30:00,11.045,11.11,11.015,11.11,176102
2022-07-28 15:30:00,11.1,11.1475,11.09,11.12,360805
2022-07-29 09:30:00,11.16,11.365,11.14,11.33,480141
2022-07-29 10:30:00,11.33,11.375,11.255,11.27,218653
2022-07-29 11:30:00,11.265,11.295,11.21,11.25,306317
2022-07-29 12:30:00,11.26,11.265,11.17,11.18,425482
2022-07-29 13:30:00,11.189,11.235,11.145,11.21,350642
2022-07-29 14:30:00,11.205,11.25,11.185,11.245,208513
2022-07-29 15:30:00,11.245,11.27,11.17,11.18,411474
2022-08-01 09:30:00,11.08,11.08,10.754,10.905,658513
2022-08-01 10:30:00,10.91,11.04,10.91,10.965,272446
2022-08-01 11:30:00,10.96,11.01,10.94,10.975,379693
2022-08-01 12:30:00,10.975,10.975,10.9,10.905,260042
2022-08-01 13:30:00,10.91,11.01,10.845,11.005,356484
2022-08-01 14:30:00,11.01,11.04,10.97,11.0,366075
2022-08-01 15:30:00,10.995,11.04,10.985,11.04,414273
2022-08-02 09:30:00,11.05,11.115,10.94,10.985,427519
2022-08-02 10:30:00,10.979533,11.015,10.9291,10.995,327064
2022-08-02 11:30:00,11.0,11.025,10.935,10.94,326833
2022-08-02 12:30:00,10.9499,10.955,10.88,10.88,226304
2022-08-02 13:30:00,10.88,10.915,10.84,10.895,149311
2022-08-02 14:30:00,10.895242,10.93,10.885,10.92,220349
2022-08-02 15:30:00,10.91607,10.97,10.91,10.955,465409
2022-08-03 09:30:00,10.97,11.055,10.9,11.02,248476
2022-08-03 10:30:00,11.01,11.01,10.895,10.92,561270
2022-08-03 11:30:00,10.91,10.935,10.86,10.88,500806
2022-08-03 12:30:00,10.885,10.915,10.84,10.9,394459
2022-08-03 13:30:00,10.9,10.99,10.87,10.965,506650
2022-08-03 14:30:00,10.96,11.0,10.93,10.9754,275199
2022-08-03 15:30:00,10.975,10.99,10.9211,10.94,574576
2022-08-04 09:30:00,11.2,11.41,10.95,11.39,1883270
2022-08-04 10:30:00,11.39,11.42,11.215,11.23,883641
2022-08-04 11:30:00,11.24,11.29,11.125,11.255,502706
2022-08-04 12:30:00,11.25,11.27,11.17,11.2321,418750
2022-08-04 13:30:00,11.24,11.37,11.2318,11.3677,289839
2022-08-04 14:30:00,11.365,11.38,11.28,11.3,355691
2022-08-04 15:30:00,11.29,11.31,11.155,11.2,834683
2022-08-05 09:30:00,10.97,11.245,10.83,11.235,628059
2022-08-05 10:30:00,11.24,11.325,11.186,11.2516,381763
2022-08-05 11:30:00,11.225,11.31,11.21,11.29,297708
2022-08-05 12:30:00,11.3,11.45,11.285,11.42,819911
2022-08-05 13:30:00,11.42,11.49,11.415,11.42,527365
2022-08-05 14:30:00,11.4371,11.44,11.25,11.285,1209203
2022-08-05 15:30:00,11.2811,11.283302,11.19,11.22,1365300
2022-08-08 09:30:00,11.25,11.406,11.18,11.21,801126
2022-08-08 10:30:00,11.21,11.26,11.135,11.195,455667
2022-08-08 11:30:00,11.195,11.2087,11.0694,11.105,256121
2022-08-08 12:30:00,11.105,11.13,11.07,11.085,308238
2022-08-08 13:30:00,11.085,11.2,11.08,11.185,345296
2022-08-08 14:30:00,11.19,11.21,11.14,11.185,274163
2022-08-08 15:30:00,11.18,11.21,11.155,11.18,747768
2022-08-09 09:30:00,11.23,11.32,11.14,11.3,498622
2022-08-09 10:30:00,11.3,11.3206,11.22,11.29,313961
2022-08-09 11:30:00,11.29,11.33,11.245,11.32,219035
2022-08-09 12:30:00,11.32,11.345,11.285,11.34,378947
2022-08-09 13:30:00,11.34,11.44,11.33,11.395,833577
2022-08-09 14:30:00,11.395,11.42,11.37,11.42,168899
2022-08-09 15:30:00,11.42,11.43,11.37,11.37,386620
2022-08-10 09:30:00,11.45,11.47,11.235,11.28,299855
2022-08-10 10:30:00,11.2697,11.4,11.2697,11.38,208127
2022-08-10 11:30:00,11.3875,11.45,11.375,11.445,208721
2022-08-10 12:30:00,11.445,11.48,11.42,11.46,161578
2022-08-10 13:30:00,11.465,11.5,11.42,11.425,166575
2022-08-10 14:30:00,11.425,11.475,11.405,11.475,166205
2022-08-10 15:30:00,11.47,11.49,11.405,11.42,281964
2022-08-11 09:30:00,11.58,11.68,11.56,11.62,392099
2022-08-11 10:30:00,11.63,11.705,11.57,11.65,284079
2022-08-11 11:30:00,11.645,11.73,11.625,11.725,170330
2022-08-11 12:30:00,11.725,11.79,11.7,11.77,161578
2022-08-11 13:30:00,11.77,11.825,11.75,11.8,337103
2022-08-11 14:30:00,11.805,11.81,11.715,11.725,325951
2022-08-11 15:30:00,11.725,11.75,11.7,11.72,421649
2022-08-12 09:30:00,11.74,11.7777,11.62,11.7,527160
2022-08-12 10:30:00,11.7099,11.73,11.645,11.69,168584
2022-08-12 11:30:00,11.685,11.765,11.68,11.765,139778
2022-08-12 12:30:00,11.77,11.85,11.760858,11.825,172484
2022-08-12 13:30:00,11.825,11.87,11.813422,11.87,121945
2022-08-12 14:30:00,11.8646,11.87,11.81,11.83,162330
2022-08-12 15:30:00,11.825,11.8675,11.815,11.83,341264
2022-10-25 09:30:00,12.35,12.4,12.195,12.33,486550
2022-10-25 10:30:00,12.33,12.355,12.27,12.3,239653
2022-10-25 11:30:00,12.3,12.355,12.28,12.285,177253
2022-10-25 12:30:00,12.285,12.335,12.27,12.2765,160074
2022-10-25 13:30:00,12.285,12.32,12.26,12.285,508821
2022-10-25 14:30:00,12.285,12.33,12.26,12.32,348642
2022-10-25 15:30:00,12.33,12.35,12.29,12.31,424750
2022-10-26 09:30:00,12.42,12.46,12.295,12.34,225627
2022-10-26 10:30:00,12.34,12.45,12.32,12.44,276828
2022-10-26 11:30:00,12.445,12.44508,12.38,12.43,146372
2022-10-26 12:30:00,12.43,12.46,12.39,12.405,171810
2022-10-26 13:30:00,12.405,12.445,12.375,12.4,143240
2022-10-26 14:30:00,12.395,12.41,12.36,12.375,138544
2022-10-26 15:30:00,12.375,12.44,12.37,12.42,345665
2022-10-27 09:30:00,12.56,12.715,12.53,12.69,374371
2022-10-27 10:30:00,12.7,12.74,12.63,12.735,320015
2022-10-27 11:30:00,12.74,12.75,12.635,12.64,218464
2022-10-27 12:30:00,12.635,12.74,12.63,12.73,183748
2022-10-27 13:30:00,12.73,12.74,12.66,12.665,164613
2022-10-27 14:30:00,12.665,12.665,12.59,12.63,337435
2022-10-27 15:30:00,12.62,12.69,12.61,12.675,734253
2022-10-28 09:30:00,12.51,12.57,12.19,12.295,708432
2022-10-28 10:30:00,12.295,12.305,12.07,12.18,475056
2022-10-28 11:30:00,12.18,12.225,12.12,12.225,351090
2022-10-28 12:30:00,12.225,12.315,12.225,12.3,590293
2022-10-28 13:30:00,12.3,12.43,12.29,12.34,276009
2022-10-28 14:30:00,12.34,12.39,12.33,12.365,104244
2022-10-28 15:30:00,12.36,12.4227,12.35,12.41,213635
2022-10-31 09:30:00,12.4,12.58,12.33,12.565,277299
2022-10-31 10:30:00,12.57,12.6,12.52,12.535,196607
2022-10-31 11:30:00,12.535,12.54,12.3618,12.385,208459
2022-10-31 12:30:00,12.38,12.465,12.34,12.465,113597
2022-10-31 13:30:00,12.465,12.6,12.455,12.58,175402
2022-10-31 14:30:00,12.58,12.62,12.55,12.57,207569
2022-10-31 15:30:00,12.575,12.6,12.51,12.545,325398
2022-11-01 09:30:00,12.72,12.895,12.61,12.875,273478
2022-11-01 10:30:00,12.875,12.9,12.82,12.85,347395
2022-11-01 11:30:00,12.85,12.88,12.81,12.88,322677
2022-11-01 12:30:00,12.875,12.94,12.51,12.92,307666
2022-11-01 13:30:00,12.9125,12.94,12.87,12.895,227881
2022-11-01 14:30:00,12.884416,12.93,12.84,12.8625,313963
2022-11-01 15:30:00,12.86,12.93,12.86,12.88,382663
2022-11-02 09:30:00,12.81,12.89,12.67,12.72,421421
2022-11-02 10:30:00,12.72,12.875,12.7099,12.845,258625
2022-11-02 11:30:00,12.85,12.885,12.8,12.83,196192
2022-11-02 12:30:00,12.83,12.88,12.805,12.82,272032
2022-11-02 13:30:00,12.825,12.93,12.825,12.925,313984
2022-11-02 14:30:00,12.925,12.945,12.64,12.69,770900
2022-11-02 15:30:00,12.69,12.7,12.62,12.625,590815
2022-11-03 09:30:00,12.5,13.31,12.5,12.83,1103990
2022-11-03 10:30:00,12.825,12.97,12.8,12.86,333688
2022-11-03 11:30:00,12.88,13.13,12.84,13.105,390448
2022-11-03 12:30:00,13.105,13.135,13.01,13.0895,218490
2022-11-03 13:30:00,13.09,13.09,12.98,13.055,527778
2022-11-03 14:30:00,13.055,13.08,13.01,13.055,298964
2022-11-03 15:30:00,13.055,13.14,13.02,13.06,716726
2022-11-04 09:30:00,13.26,13.38,13.07,13.23,666977
2022-11-04 10:30:00,13.24,13.29,13.17,13.175,406747
2022-11-04 11:30:00,13.175,13.2,13.02,13.11,303526
2022-11-04 12:30:00,13.11,13.15,13.065,13.14,133715
2022-11-04 13:30:00,13.14,13.18,13.085,13.17,144335
2022-11-04 14:30:00,13.17,13.24,13.15,13.19,209513
2022-11-04 15:30:00,13.19,13.24,13.12,13.13,442701
2022-11-07 09:30:00,13.17,13.23,13.015,13.125,745099
2022-11-07 10:30:00,13.125,13.18,13.05,13.17,193175
2022-11-07 11:30:00,13.17,13.1889,13.11,13.1675,168289
2022-11-07 12:30:00,13.165,13.185,13.13,13.16,131247
2022-11-07 13:30:00,13.16,13.175,13.13,13.155,176388
2022-11-07 14:30:00,13.15,13.18,13.095,13.125,232790
2022-11-07 15:30:00,13.13,13.2,13.12,13.165,416691
2022-11-08 09:30:00,13.19,13.205,13.06,13.1898,673403
2022-11-08 10:30:00,13.2,13.29,13.2,13.22,311743
2022-11-08 11:30:00,13.21,13.2606,13.195,13.225,291769
2022-11-08 12:30:00,13.22,13.25,13.1495,13.15,123612
2022-11-08 13:30:00,13.15,13.21,13.12,13.12,204076
2022-11-08 14:30:00,13.125,13.25,13.12,13.245,162113
2022-11-08 15:30:00,13.245,13.275,13.21,13.21,421804
2022-11-09 09:30:00,13.05,13.21,12.885,12.995,611381
2022-11-09 10:30:00,13.0,13.065,12.84,12.87,378034
2022-11-09 11:30:00,12.86,12.955,12.825,12.89,202599
2022-11-09 12:30:00,12.895,12.925,12.81,12.819,188985
2022-11-09 13:30:00,12.81,12.82,12.76,12.76,248712
2022-11-09 14:30:00,12.76,12.77,12.71,12.76,402036
2022-11-09 15:30:00,12.765,12.765,12.71,12.75,357911
2022-11-10 09:30:00,12.94,13.015,12.82,12.99,208295
2022-11-10 10:30:00,12.985,13.0,12.85,12.87,256984
2022-11-10 11:30:00,12.87,12.91,12.83,12.875,209287
2022-11-10 12:30:00,12.88,12.995,12.84,12.995,224520
2022-11-10 13:30:00,12.995,13.035,12.95,12.9561,148716
2022-11-10 14:30:00,12.957,12.96,12.89,12.955,219285
2022-11-10 15:30:00,12.9408,13.0,12.92,12.985,376670
2022-11-11 09:30:00,13.17,13.2,13.02,13.065,250301
2022-11-11 10:30:00,13.07,13.095,12.945,12.95,183103
2022-11-11 11:30:00,12.9542,12.975,12.875,12.915,105832
2022-11-11 12:30:00,12.92,12.97,12.9,12.955,162731
2022-11-11 13:30:00,12.955,13.01,12.92,13.005,443502
2022-11-11 14:30:00,13.005,13.03,12.955,13.0093,315075
2022-11-11 15:30:00,13.005,13.02,12.96,12.99,546947
2023-01-26 09:30:00,13.38,13.445,13.33,13.398324,230478
2023-01-26 10:30:00,13.395,13.485,13.39,13.46,377499
2023-01-26 11:30:00,13.455,13.52,13.425,13.495,316902
2023-01-26 12:30:00,13.49,13.515,13.46,13.47,270409
2023-01-26 13:30:00,13.47,13.51,13.465,13.47,304062
2023-01-26 14:30:00,13.48,13.52,13.47,13.48,360233
2023-01-26 15:30:00,13.485,13.5,13.45,13.46,813992
2023-01-27 09:30:00,13.53,13.63,13.46,13.565,327638
2023-01-27 10:30:00,13.56,13.585,13.48,13.555,280615
2023-01-27 11:30:00,13.555,13.63,13.5489,13.595,320352
2023-01-27 12:30:00,13.59,13.615,13.56,13.585,124974
2023-01-27 13:30:00,13.58,13.62,13.56,13.61,305460
2023-01-27 14:30:00,13.605,13.63,13.59,13.625,372344
2023-01-27 15:30:00,13.62,13.625,13.54,13.55,432583
2023-01-30 09:30:00,13.26,13.27,13.13,13.205,313127
2023-01-30 10:30:00,13.21,13.22,13.13,13.14,178129
2023-01-30 11:30:00,13.14,13.15,13.03,13.08,276884
2023-01-30 12:30:00,13.08,13.1,13.0547,13.06,117740
2023-01-30 13:30:00,13.06,13.07,13.03,13.04,166296
2023-01-30 14:30:00,13.0493,13.05,13.0,13.015,298743
2023-01-30 15:30:00,13.0237,13.0586,13.01,13.015,372956
2023-01-31 09:30:00,13.05,13.075,12.845,12.895,496165
2023-01-31 10:30:00,12.89,12.955,12.78,12.79,3186032
2023-01-31 11:30:00,12.79,12.96,12.77,12.935,787322
2023-01-31 12:30:00,12.8915,12.965,12.8915,12.955,722717
2023-01-31 13:30:00,12.9407,12.96,12.91,12.955,402781
2023-01-31 14:30:00,12.9509,13.01,12.94,13.005,336613
2023-01-31 15:30:00,13.0031,13.09,13.0,13.08,747959
2023-02-01 09:30:00,13.07,13.14,12.955,13.1267,773142
2023-02-01 10:30:00,13.139,13.145,13.04,13.105,182116
2023-02-01 11:30:00,13.1084,13.125,12.8,12.865,649773
2023-02-01 12:30:00,12.865,12.9,12.845,12.9,165637
2023-02-01 13:30:00,12.895,13.0253,12.895,13.0,179366
2023-02-01 14:30:00,13.005,13.22,12.965,13.22,899849
2023-02-01 15:30:00,13.22,13.26,13.15,13.18,356045
2023-02-02 09:30:00,13.2,13.24,13.11,13.23,276454
2023-02-02 10:30:00,13.23,13.355,13.215,13.33,209342
2023-02-02 11:30:00,13.325,13.4,13.29,13.395,136617
2023-02-02 12:30:00,13.395,13.41,13.345,13.395,153964
2023-02-02 13:30:00,13.39,13.44,13.32,13.32,290647
2023-02-02 14:30:00,13.325,13.395,13.315,13.360369,300892
2023-02-02 15:30:00,13.356,13.395,13.356,13.385,228695
2023-02-03 09:30:00,13.48,13.605,13.27,13.595,271036
2023-02-03 10:30:00,13.595,13.6691,13.48,13.48,170542
2023-02-03 11:30:00,13.485,13.496,13.39,13.43,295435
2023-02-03 12:30:00,13.425,13.44,13.375,13.405,256126
2023-02-03 13:30:00,13.4,13.435,13.38,13.395,172564
2023-02-03 14:30:00,13.395,13.42,13.37,13.415,194851
2023-02-03 15:30:00,13.4122,13.43,13.35,13.37,311346
2023-02-06 09:30:00,13.4,13.42,13.18,13.185,343858
2023-02-06 10:30:00,13.18,13.295,13.17,13.275,263663
2023-02-06 11:30:00,13.27,13.29,13.205,13.225,136059
2023-02-06 12:30:00,13.225,13.25,13.195,13.2,167957
2023-02-06 13:30:00,13.2,13.245,13.2,13.21,151154
2023-02-06 14:30:00,13.21,13.22,13.15,13.15,348162
2023-02-06 15:30:00,13.15,13.185,13.13,13.15,928404
2023-02-07 09:30:00,13.07,13.2,13.01,13.015,377058
2023-02-07 10:30:00,13.01,13.09,13.0,13.065,314140
2023-02-07 11:30:00,13.065,13.13,13.0629,13.07,176610
2023-02-07 12:30:00,13.07,13.2,13.03,13.085,265644
2023-02-07 13:30:00,13.085,13.15,13.035,13.145,173086
2023-02-07 14:30:00,13.145,13.19,13.13,13.18,221429
2023-02-07 15:30:00,13.175,13.22,13.15,13.21,547441
2023-02-08 09:30:00,13.42,13.42,13.05,13.08,599829
2023-02-08 10:30:00,13.08,13.12,12.985,12.99,376387
2023-02-08 11:30:00,12.99,13.05,12.9738,13.045,230969
2023-02-08 12:30:00,13.05,13.135,13.02,13.12,150850
2023-02-08 13:30:00,13.12,13.13,13.075,13.105,164611
2023-02-08 14:30:00,13.1,13.1982,13.1,13.195,348391
2023-02-08 15:30:00,13.195,13.225,13.17,13.21,560452
2023-02-09 09:30:00,13.38,13.455,13.09,13.415,350739
2023-02-09 10:30:00,13.42,13.49,13.225,13.31,601262
2023-02-09 11:30:00,13.31,13.3322,13.22,13.27,551281
2023-02-09 12:30:00,13.27,13.275,13.21,13.24,333082
2023-02-09 13:30:00,13.245,13.295,13.21,13.235,402178
2023-02-09 14:30:00,13.235,13.235,13.06,13.105,719370
2023-02-09 15:30:00,13.105,13.11,13.03,13.04,810095
2023-02-10 09:30:00,13.13,13.2384,13.09,13.225,729425
2023-02-10 10:30:00,13.225,13.255,13.16,13.235,232310
2023-02-10 11:30:00,13.23,13.29,13.215,13.26,278623
2023-02-10 12:30:00,13.27,13.35,13.24,13.345,298448
2023-02-10 13:30:00,13.345,13.37,13.305,13.305,188975
2023-02-10 14:30:00,13.305,13.35,13.28,13.345,258591
2023-02-10 15:30:00,13.3396,13.4,13.3396,13.375,646928
2023-02-13 09:30:00,13.26,13.36,13.26,13.3214,183873
2023-02-13 10:30:00,13.33,13.41,13.32,13.37,137369
2023-02-13 11:30:00,13.365,13.445,13.34,13.44,127805
2023-02-13 12:30:00,13.435,13.48,13.435,13.46,123105
2023-02-13 13:30:00,13.46,13.48,13.435,13.445,141275
2023-02-13 14:30:00,13.445,13.45,13.38,13.385,141169
2023-02-13 15:30:00,13.385,13.435,13.385,13.415,364295
2023-02-14 09:30:00,13.46,13.685,13.37,13.595,240772
2023-02-14 10:30:00,13.59,13.6,13.51,13.525,197711
2023-02-14 11:30:00,13.525,13.55,13.46,13.5498,166428
2023-02-14 12:30:00,13.55,13.59,13.525,13.585,140587
2023-02-14 13:30:00,13.585,13.62,13.56,13.605,217082
2023-02-14 14:30:00,13.61,13.685,13.605,13.635,203819
2023-02-14 15:30:00,13.64,13.67,13.63,13.65,248023
2023-04-25 09:30:00,13.8,13.8,13.55,13.58,306183
2023-04-25 10:30:00,13.5788,13.65,13.535,13.585,292352
2023-04-25 11:30:00,13.58,13.61,13.545,13.57,201956
2023-04-25 12:30:00,13.5718,13.63,13.55,13.5688,277602
2023-04-25 13:30:00,13.585,13.63,13.57,13.625,222981
2023-04-25 14:30:00,13.625,13.65,13.595,13.62,331182
2023-04-25 15:30:00,13.62,13.625,13.57,13.585,433169
2023-04-26 09:30:00,13.57,13.6312,13.442,13.465,261975
2023-04-26 10:30:00,13.47,13.57,13.46,13.54,124116
2023-04-26 11:30:00,13.54,13.62,13.515,13.62,180290
2023-04-26 12:30:00,13.62,13.635,13.5,13.5366,218469
2023-04-26 13:30:00,13.53,13.54,13.435,13.445,212835
2023-04-26 14:30:00,13.445,13.46,13.4,13.425,302694
2023-04-26 15:30:00,13.4289,13.5,13.415,13.485,425973
2023-04-27 09:30:00,13.49,13.545,13.405,13.48,225132
2023-04-27 10:30:00,13.475,13.48,13.39,13.455,277795
2023-04-27 11:30:00,13.46,13.52,13.43,13.5041,228434
2023-04-27 12:30:00,13.505,13.56,13.49,13.55,122565
2023-04-27 13:30:00,13.555,13.6299,13.5485,13.6299,162256
2023-04-27 14:30:00,13.625,13.67,13.615,13.64,162142
2023-04-27 15:30:00,13.64,13.6471,13.56,13.565,410742
2023-04-28 09:30:00,13.28,13.475,13.25,13.43,396555
2023-04-28 10:30:00,13.43,13.4791,13.345,13.455,357264
2023-04-28 11:30:00,13.455,13.5,13.36,13.46,495913
2023-04-28 12:30:00,13.465,13.5,13.4345,13.495,208678
2023-04-28 13:30:00,13.495,13.51,13.45,13.465,178031
2023-04-28 14:30:00,13.47,13.49,13.43,13.46,160895
2023-04-28 15:30:00,13.465,13.47,13.39,13.4,457774
2023-05-01 09:30:00,13.39,13.52,13.28,13.405,242635
2023-05-01 10:30:00,13.405,13.47,13.3612,13.43,202205
2023-05-01 11:30:00,13.435,13.465,13.4,13.4501,169787
2023-05-01 12:30:00,13.44,13.46,13.35,13.36,270447
2023-05-01 13:30:00,13.3612,13.44,13.35,13.43,158194
2023-05-01 14:30:00,13.435,13.44,13.35,13.38,253198
2023-05-01 15:30:00,13.375,13.41,13.355,13.405,360815
2023-05-02 09:30:00,13.27,13.335,12.95,12.97,1899679
2023-05-02 10:30:00,12.975,12.98,12.7401,12.765,841469
2023-05-02 11:30:00,12.765,12.82,12.72,12.725,809787
2023-05-02 12:30:00,12.725,12.85,12.695,12.835,550900
2023-05-02 13:30:00,12.84,12.9,12.82,12.845,353020
2023-05-02 14:30:00,12.845,12.96,12.84,12.945,265408
2023-05-02 15:30:00,12.94,12.945,12.89,12.91,628509
2023-05-03 09:30:00,12.79,12.87,12.61,12.76,524185
2023-05-03 10:30:00,12.765,12.81,12.715,12.775,531091
2023-05-03 11:30:00,12.78,12.91,12.745,12.905,301740
2023-05-03 12:30:00,12.91,12.945,12.76,12.93,204829
2023-05-03 13:30:00,12.935,12.99,12.9116,12.94,393719
2023-05-03 14:30:00,12.945,13.025,12.88,12.895,641437
2023-05-03 15:30:00,12.895,12.902,12.84,12.89,1036192
2023-05-04 09:30:00,12.89,12.9197,12.62,12.62,450188
2023-05-04 10:30:00,12.62,12.75,12.61,12.63,660001
2023-05-04 11:30:00,12.63,12.7,12.585,12.675,386831
2023-05-04 12:30:00,12.68,12.8,12.65,12.785,269814
2023-05-04 13:30:00,12.785,12.84,12.765,12.785,305514
2023-05-04 14:30:00,12.785,12.87,12.76,12.85,238575
2023-05-04 15:30:00,12.849,12.86,12.77,12.8,492099
2023-05-05 09:30:00,13.07,13.21,12.9,13.07,755545
2023-05-05 10:30:00,13.08,13.185,13.025,13.09,795864
2023-05-05 11:30:00,13.085,13.32,13.08,13.279,433834
2023-05-05 12:30:00,13.2706,13.365,13.27,13.27,528298
2023-05-05 13:30:00,13.275,13.46,13.26,13.46,405376
2023-05-05 14:30:00,13.455,13.545,13.4501,13.49,324466
2023-05-05 15:30:00,13.485,13.515,13.46,13.5,622534
2023-05-08 09:30:00,13.5,13.6,13.285,13.31,276972
2023-05-08 10:30:00,13.305,13.345,13.265,13.3,193813
2023-05-08 11:30:00,13.3,13.315,13.22,13.245,141684
2023-05-08 12:30:00,13.25,13.27,13.18,13.235,216574
2023-05-08 13:30:00,13.235,13.29,13.21,13.234,253759
2023-05-08 14:30:00,13.24,13.26,13.2,13.22,212530
2023-05-08 15:30:00,13.225,13.3,13.22,13.26,265632
2023-05-09 09:30:00,13.3,13.445,13.19,13.315,582272
2023-05-09 10:30:00,13.315,13.3794,13.25,13.2737,320106
2023-05-09 11:30:00,13.275,13.335,13.26,13.305,178420
2023-05-09 12:30:00,13.305,13.38,13.3025,13.365,171625
2023-05-09 13:30:00,13.3549,13.405,13.335,13.34,257886
2023-05-09 14:30:00,13.345,13.36,13.31,13.345,245898
2023-05-09 15:30:00,13.345,13.36,13.29,13.305,461922
2023-05-10 09:30:00,13.42,13.46,13.19,13.22,246727
2023-05-10 10:30:00,13.22,13.39,13.22,13.335,206926
2023-05-10 11:30:00,13.33,13.3307,13.22,13.31,162820
2023-05-10 12:30:00,13.305,13.315,13.185,13.205,137290
2023-05-10 13:30:00,13.205,13.31,13.2048,13.3,167643
2023-05-10 14:30:00,13.305,13.33,13.29,13.3,164544
2023-05-10 15:30:00,13.3,13.36,13.3,13.325,239992
2023-05-11 09:30:00,13.22,13.2399,13.09,13.14,230836
2023-05-11 10:30:00,13.14,13.205,13.115,13.175,106864
2023-05-11 11:30:00,13.18,13.205,13.14,13.17,103729
2023-05-11 12:30:00,13.175,13.1988,13.14,13.185,88254
2023-05-11 13:30:00,13.185,13.185,13.125,13.16,122660
2023-05-11 14:30:00,13.16,13.21,13.15,13.16,183530
2023-05-11 15:30:00,13.165,13.18,13.14,13.18,253798
2023-05-12 09:30:00,13.25,13.29,13.165,13.235,206894
2023-05-12 10:30:00,13.24,13.335,13.22,13.275,194936
2023-05-12 11:30:00,13.275,13.285,13.15,13.155,262006
2023-05-12 12:30:00,13.155,13.23,13.12,13.225,143256
2023-05-12 13:30:00,13.225,13.25,13.195,13.24,130485
2023-05-12 14:30:00,13.24,13.27,13.224,13.255,118238
2023-05-12 15:30:00,13.255,13.28,13.24,13.26,267666
2023-07-25 09:30:00,15.84,15.905,15.79,15.8,286204
2023-07-25 10:30:00,15.8,15.83,15.79,15.805,128273
2023-07-25 11:30:00,15.8,15.855,15.76,15.77,252450
2023-07-25 12:30:00,15.77,15.83,15.76,15.79,101437
2023-07-25 13:30:00,15.8,15.81,15.79,15.8,46593
2023-07-25 14:30:00,15.805,15.81,15.765,15.795,271169
2023-07-25 15:30:00,15.795,15.815,15.78,15.81,553855
2023-07-26 09:30:00,15.77,15.855,15.7,15.75,175562
2023-07-26 10:30:00,15.75,15.79,15.72,15.765,93846
2023-07-26 11:30:00,15.77,15.7853,15.74,15.765,80953
2023-07-26 12:30:00,15.7708,15.7708,15.75,15.755,49551
2023-07-26 13:30:00,15.755,15.805,15.74,15.785,327204
2023-07-26 14:30:00,15.785,15.84,15.76,15.785,264705
2023-07-26 15:30:00,15.785,15.8,15.77,15.795,303775
2023-07-27 09:30:00,15.86,15.88,15.71,15.715,269456
2023-07-27 10:30:00,15.715,15.78,15.71,15.735,159391
2023-07-27 11:30:00,15.7399,15.83,15.73,15.8125,161359
2023-07-27 12:30:00,15.815,15.87,15.815,15.825,115194
2023-07-27 13:30:00,15.825,15.83,15.76,15.77,202293
2023-07-27 14:30:00,15.765,15.795,15.75,15.75,580094
2023-07-27 15:30:00,15.75,15.78,15.725,15.779,621958
2023-07-28 09:30:00,15.54,15.61,15.44,15.545,346970
2023-07-28 10:30:00,15.55,15.5763,15.52,15.535,281515
2023-07-28 11:30:00,15.535,15.54,15.48,15.5,304207
2023-07-28 12:30:00,15.5,15.56,15.5,15.535,187991
2023-07-28 13:30:00,15.535,15.55,15.51,15.545,144483
2023-07-28 14:30:00,15.545,15.56,15.54,15.555,128892
2023-07-28 15:30:00,15.555,15.56,15.53,15.54,310998
2023-07-31 09:30:00,15.62,15.71,15.56,15.665,252762
2023-07-31 10:30:00,15.66,15.68,15.61,15.68,177107
2023-07-31 11:30:00,15.675,15.69,15.64,15.645,108485
2023-07-31 12:30:00,15.645,15.67,15.62,15.635,137825
2023-07-31 13:30:00,15.64,15.67,15.63,15.645,154096
2023-07-31 14:30:00,15.645,15.69,15.64,15.685,160483
2023-07-31 15:30:00,15.685,15.7,15.68,15.68,323638
2023-08-01 09:30:00,15.65,15.65,15.42,15.42,748488
2023-08-01 10:30:00,15.42,15.47,15.34,15.365,1184862
2023-08-01 11:30:00,15.365,15.395,15.34,15.34,512454
2023-08-01 12:30:00,15.35,15.4,15.34,15.4,226341
2023-08-01 13:30:00,15.4,15.4,15.36,15.36,297326
2023-08-01 14:30:00,15.365,15.43,15.35,15.42,246053
2023-08-01 15:30:00,15.42,15.48,15.41,15.44,363419
2023-08-02 09:30:00,15.46,15.46,15.28,15.325,307658
2023-08-02 10:30:00,15.325,15.36,15.155,15.19,530503
2023-08-02 11:30:00,15.185,15.2016,15.115,15.145,428502
2023-08-02 12:30:00,15.145,15.17,15.095,15.17,407510
2023-08-02 13:30:00,15.17,15.18,15.155,15.16,202749
2023-08-02 14:30:00,15.17,15.2,15.155,15.16,265900
2023-08-02 15:30:00,15.16,15.195,15.15,15.185,1082569
2023-08-03 09:30:00,15.14,15.3,15.08,15.23,236516
2023-08-03 10:30:00,15.22,15.26,15.145,15.195,276119
2023-08-03 11:30:00,15.195,15.3,15.16,15.29,310498
2023-08-03 12:30:00,15.29,15.37,15.287,15.355,148250
2023-08-03 13:30:00,15.36,15.36,15.325,15.335,125802
2023-08-03 14:30:00,15.3319,15.35,15.31,15.33,212181
2023-08-03 15:30:00,15.335,15.39,15.33,15.38,511073
2023-08-04 09:30:00,15.26,15.675,15.22,15.675,648397
2023-08-04 10:30:00,15.675,15.76,15.66,15.751,344806
2023-08-04 11:30:00,15.755,15.81,15.7491,15.81,297102
2023-08-04 12:30:00,15.805,15.93,15.805,15.81,226329
2023-08-04 13:30:00,15.815,15.825,15.67,15.715,226589
2023-08-04 14:30:00,15.715,15.715,15.65,15.68,258633
2023-08-04 15:30:00,15.685,15.69,15.64,15.65,557252
2023-08-07 09:30:00,15.7,15.76,15.61,15.665,199887
2023-08-07 10:30:00,15.665,15.665,15.59,15.59,213387
2023-08-07 11:30:00,15.6,15.68,15.58,15.6648,194690
2023-08-07 12:30:00,15.665,15.72,15.66,15.68,113995
2023-08-07 13:30:00,15.685,15.7,15.64,15.64,84344
2023-08-07 14:30:00,15.6446,15.71,15.64,15.7,182873
2023-08-07 15:30:00,15.7,15.74,15.68,15.74,434255
2023-08-08 09:30:00,15.65,15.675,15.53,15.655,102250
2023-08-08 10:30:00,15.655,15.655,15.57,15.615,131773
2023-08-08 11:30:00,15.615,15.63,15.56,15.605,95415
2023-08-08 12:30:00,15.6,15.68,15.5969,15.6652,72645
2023-08-08 13:30:00,15.665,15.74,15.66,15.74,93741
2023-08-08 14:30:00,15.74,15.78,15.72,15.765,166849
2023-08-08 15:30:00,15.765,15.77,15.72,15.74,348669
2023-08-09 09:30:00,15.77,15.845,15.71,15.82,171246
2023-08-09 10:30:00,15.82,15.865,15.78,15.785,101578
2023-08-09 11:30:00,15.78,15.8,15.72,15.745,99667
2023-08-09 12:30:00,15.74,15.775,15.73,15.75,80895
2023-08-09 13:30:00,15.755,15.77,15.7,15.735,110727
2023-08-09 14:30:00,15.735,15.76,15.71,15.735,102558
2023-08-09 15:30:00,15.735,15.75,15.68,15.695,311052
2023-08-10 09:30:00,15.71,15.765,15.68,15.695,236561
2023-08-10 10:30:00,15.695,15.695,15.59,15.655,123884
2023-08-10 11:30:00,15.65,15.71,15.65,15.66,129894
2023-08-10 12:30:00,15.66,15.68,15.615,15.64,101447
2023-08-10 13:30:00,15.64,15.67,15.6,15.6421,85195
2023-08-10 14:30:00,15.645,15.69,15.64,15.65,63024
2023-08-10 15:30:00,15.65,15.68,15.64,15.67,152192
2023-08-11 09:30:00,15.7,15.785,15.655,15.78,226682
2023-08-11 10:30:00,15.79,15.91,15.7899,15.86,150186
2023-08-11 11:30:00,15.86,15.88,15.83,15.855,71537
2023-08-11 12:30:00,15.855,15.869,15.82,15.845,55075
2023-08-11 13:30:00,15.8357,15.88,15.8357,15.8725,85542
2023-08-11 14:30:00,15.879,15.89,15.86,15.885,60764
2023-08-11 15:30:00,15.885,15.91,15.87,15.895,146479
2023-10-06 09:30:00,14.95,15.02,14.76,14.855,597719
2023-10-06 10:30:00,14.86,15.05,14.8381,15.04,284906
2023-10-06 11:30:00,15.04,15.08,15.0,15.025,248040
2023-10-06 12:30:00,15.025,15.07,15.0,15.065,174435
2023-10-06 13:30:00,15.065,15.15,15.055,15.1483,155684
2023-10-06 14:30:00,15.15,15.17,15.06,15.095,276853
2023-10-06 15:30:00,15.1,15.1,15.04,15.06,434448
2023-10-09 09:30:00,15.3,15.33,15.135,15.33,278792
2023-10-09 10:30:00,15.325,15.38,15.3066,15.345,229989
2023-10-09 11:30:00,15.345,15.36,15.25,15.265,190294
2023-10-09 12:30:00,15.265,15.28,15.22,15.275,151047
2023-10-09 13:30:00,15.28,15.37,15.27,15.365,144703
2023-10-09 14:30:00,15.365,15.38,15.33,15.365,173725
2023-10-09 15:30:00,15.365,15.39,15.335,15.38,330086
2023-10-10 09:30:00,15.38,15.45,15.24,15.275,312418
2023-10-10 10:30:00,15.27,15.43,15.245,15.385,506889
2023-10-10 11:30:00,15.38,15.44,15.35,15.435,193303
2023-10-10 12:30:00,15.435,15.47,15.4,15.455,248219
2023-10-10 13:30:00,15.455,15.5,15.425,15.485,227637
2023-10-10 14:30:00,15.485,15.52,15.45,15.49,308989
2023-10-10 15:30:00,15.49,15.51,15.46,15.48,518107
2023-10-11 09:30:00,15.31,15.78,15.29,15.7199,966651
2023-10-11 10:30:00,15.715,15.88,15.68,15.875,598365
2023-10-11 11:30:00,15.87,15.89,15.82,15.88,224895
2023-10-11 12:30:00,15.88,15.9,15.8566,15.895,148241
2023-10-11 13:30:00,15.895,15.9,15.855,15.875,248910
2023-10-11 14:30:00,15.87,15.9,15.835,15.9,288046
2023-10-11 15:30:00,15.9,15.93,15.88,15.89,868431
2023-10-12 09:30:00,15.9,15.98,15.71,15.74,214143
2023-10-12 10:30:00,15.74,15.81,15.73,15.81,130440
2023-10-12 11:30:00,15.8,15.89,15.77,15.88,169286
2023-10-12 12:30:00,15.88,15.89,15.77,15.77,177749
2023-10-12 13:30:00,15.77,15.8142,15.69,15.755,218947
2023-10-12 14:30:00,15.75,15.845,15.75,15.835,260421
2023-10-12 15:30:00,15.835,15.87,15.8256,15.855,361840
2023-10-13 09:30:00,15.99,16.07,15.905,16.06,216496
2023-10-13 10:30:00,16.065,16.0767,15.955,16.0,135220
2023-10-13 11:30:00,15.9999,16.0412,15.985,16.03,159045
2023-10-13 12:30:00,16.025,16.0457,15.9525,15.96,149503
2023-10-13 13:30:00,15.96,16.06,15.95,16.05,203380
2023-10-13 14:30:00,16.045,16.06,15.97,15.98,302138
2023-10-13 15:30:00,15.98,15.99,15.94,15.96,443772
2023-10-16 09:30:00,16.05,16.09,15.92,16.0012,191131
2023-10-16 10:30:00,16.015,16.05,16.0,16.0196,158367
2023-10-16 11:30:00,16.005,16.01,15.97,16.0,119361
2023-10-16 12:30:00,15.995,16.04,15.97,16.028,333244
2023-10-16 13:30:00,16.025,16.06,16.01,16.04,164570
2023-10-16 14:30:00,16.0419,16.12,16.03,16.11,273583
2023-10-16 15:30:00,16.105,16.13,16.09,16.115,716503
2023-10-17 09:30:00,16.06,16.23,16.06,16.225,149143
2023-10-17 10:30:00,16.225,16.33,16.225,16.285,175729
2023-10-17 11:30:00,16.285,16.36,16.18,16.225,574687
2023-10-17 12:30:00,16.23,16.24,16.15,16.165,190254
2023-10-17 13:30:00,16.16,16.205,16.09,16.195,249284
2023-10-17 14:30:00,16.195,16.22,16.15,16.165,154269
2023-10-17 15:30:00,16.17,16.19,16.15,16.19,225228
2023-10-18 09:30:00,16.2,16.3399,16.15,16.315,182863
2023-10-18 10:30:00,16.32,16.36,16.2619,16.315,150991
2023-10-18 11:30:00,16.315,16.32,16.23,16.2483,114028
2023-10-18 12:30:00,16.25,16.28,16.205,16.28,249343
2023-10-18 13:30:00,16.27,16.3,16.2418,16.2901,127540
2023-10-18 14:30:00,16.295,16.31,16.2,16.235,602797
2023-10-18 15:30:00,16.235,16.27,16.2225,16.26,659701
2023-10-19 09:30:00,16.16,16.33,16.11,16.29,127656
2023-10-19 10:30:00,16.2992,16.2992,16.2,16.26,176043
2023-10-19 11:30:00,16.265,16.31,16.23,16.26,163509
2023-10-19 12:30:00,16.26,16.3575,16.205,16.325,108406
2023-10-19 13:30:00,16.33,16.3475,16.235,16.275,131490
2023-10-19 14:30:00,16.27,16.28,16.22,16.245,190553
2023-10-19 15:30:00,16.25,16.28,16.24,16.255,372583
2023-10-20 09:30:00,16.16,16.26,16.075,16.13,230312
2023-10-20 10:30:00,16.1237,16.185,16.11,16.15,165190
2023-10-20 11:30:00,16.145,16.195,16.115,16.19,172218
2023-10-20 12:30:00,16.195,16.225,16.175,16.209,143887
2023-10-20 13:30:00,16.21,16.21,16.15,16.18,127513
2023-10-20 14:30:00,16.175,16.18,16.14,16.165,162412
2023-10-20 15:30:00,16.16,16.18,16.11,16.115,220578
2023-10-23 09:30:00,16.02,16.085,15.91,16.045,159520
2023-10-23 10:30:00,16.05,16.15,16.0,16.135,200125
2023-10-23 11:30:00,16.13,16.17,16.101,16.15,139601
2023-10-23 12:30:00,16.14,16.2,16.13,16.1744,143964
2023-10-23 13:30:00,16.175,16.175,16.05,16.075,160735
2023-10-23 14:30:00,16.08,16.13,16.06,16.08,219632
2023-10-23 15:30:00,16.08,16.0882,16.045,16.075,262930
2023-10-24 09:30:00,16.15,16.16,16.055,16.135,193967
2023-10-24 10:30:00,16.14,16.16,16.075,16.075,179923
2023-10-24 11:30:00,16.075,16.1,15.99,16.0,332423
2023-10-24 12:30:00,16.0,16.06,15.97,16.04,281364
2023-10-24 13:30:00,16.04,16.08,16.0377,16.055,405587
2023-10-24 14:30:00,16.06,16.07,16.03,16.035,157580
2023-10-24 15:30:00,16.035,16.05,16.0,16.03,335544
2023-10-25 09:30:00,16.15,16.17,15.995,16.04,90679
2023-10-25 10:30:00,16.03,16.09,16.0,16.0675,144124
2023-10-25 11:30:00,16.065,16.11,16.045,16.08,142825
2023-10-25 12:30:00,16.075,16.1,16.01,16.015,84949
2023-10-25 13:30:00,16.015,16.055,15.995,16.04,95306
2023-10-25 14:30:00,16.05,16.05,15.99,16.045,135178
2023-10-25 15:30:00,16.04,16.05,16.02,16.045,242467
2023-10-26 09:30:00,15.96,15.96,15.8087,15.87,158694
2023-10-26 10:30:00,15.87,15.93,15.84,15.885,226327
2023-10-26 11:30:00,15.88,15.92,15.84,15.84,164620
2023-10-26 12:30:00,15.845,15.87,15.79,15.805,157366
2023-10-26 13:30:00,15.8,15.89,15.785,15.8578,151278
2023-10-26 14:30:00,15.855,15.95,15.84,15.875,311676
2023-10-26 15:30:00,15.875,15.886,15.84,15.86,232967
2023-10-27 09:30:00,15.9,15.915,15.6975,15.76,389287
2023-10-27 10:30:00,15.765,15.795,15.69,15.725,162246
2023-10-27 11:30:00,15.725,15.78,15.6603,15.665,107882
2023-10-27 12:30:00,15.665,15.72,15.63,15.64,83736
2023-10-27 13:30:00,15.645,15.71,15.63,15.695,56733
2023-10-27 14:30:00,15.695,15.71,15.62,15.685,257591
2023-10-27 15:30:00,15.685,15.69,15.63,15.645,399083
2023-10-30 09:30:00,15.52,15.585,15.345,15.3641,456022
2023-10-30 10:30:00,15.36,15.37,15.29,15.305,324611
2023-10-30 11:30:00,15.305,15.37,15.3043,15.345,129732
2023-10-30 12:30:00,15.345,15.38,15.26,15.295,147931
2023-10-30 13:30:00,15.295,15.465,15.2929,15.315,401335
2023-10-30 14:30:00,15.315,15.48,15.31,15.48,215078
2023-10-30 15:30:00,15.475,15.48,15.41,15.415,439063
2023-10-31 09:30:00,15.44,15.735,15.38,15.73,436575
2023-10-31 10:30:00,15.73,15.89,15.72,15.82,601003
2023-10-31 11:30:00,15.82,15.83,15.68,15.71,462408
2023-10-31 12:30:00,15.705,15.74,15.66,15.67,81710
2023-10-31 13:30:00,15.67,15.68,15.57,15.575,90790
2023-10-31 14:30:00,15.575,15.68,15.55,15.67,195039
2023-10-31 15:30:00,15.67,15.69,15.65,15.69,210128
2023-11-01 09:30:00,15.76,15.87,15.6,15.86,156106
2023-11-01 10:30:00,15.86,15.94,15.8531,15.9,276458
2023-11-01 11:30:00,15.9,15.91,15.855,15.8986,174406
2023-11-01 12:30:00,15.9,15.9,15.85,15.89,140777
2023-11-01 13:30:00,15.89,15.89,15.81,15.85,236041
2023-11-01 14:30:00,15.845,15.925,15.825,15.925,358370
2023-11-01 15:30:00,15.925,15.94,15.87,15.87,463733
2023-11-02 09:30:00,16.0,16.07,15.86,16.0,273083
2023-11-02 10:30:00,16.005,16.19,16.005,16.175,213206
2023-11-02 11:30:00,16.175,16.22,16.17,16.21,225618
2023-11-02 12:30:00,16.21,16.31,16.21,16.2836,238264
2023-11-02 13:30:00,16.285,16.34,16.27,16.335,249754
2023-11-02 14:30:00,16.335,16.36,16.3,16.33,382227
2023-11-02 15:30:00,16.33,16.39,16.3,16.39,716792
2023-11-03 09:30:00,16.13,16.36,15.93,16.105,605824
2023-11-03 10:30:00,16.1,16.165,15.96,16.16,594025
2023-11-03 11:30:00,16.1519,16.33,16.15,16.175,304375
2023-11-03 12:30:00,16.18,16.24,16.15,16.1598,227329
2023-11-03 13:30:00,16.16,16.17,16.065,16.16,327648
2023-11-03 14:30:00,16.16,16.22,16.1381,16.17,396987
2023-11-03 15:30:00,16.175,16.28,16.175,16.25,389951
2023-11-06 09:30:00,16.28,16.49,16.24,16.47,196019
2023-11-06 10:30:00,16.475,16.48,16.38,16.38,127028
2023-11-06 11:30:00,16.37,16.43,16.35,16.37,195599
2023-11-06 12:30:00,16.37,16.3799,16.26,16.305,313737
2023-11-06 13:30:00,16.305,16.315,16.26,16.26,267874
2023-11-06 14:30:00,16.26,16.32,16.25,16.295,259111
2023-11-06 15:30:00,16.295,16.34,16.29,16.3,257910
2023-11-07 09:30:00,16.19,16.205,16.06,16.185,209887
2023-11-07 10:30:00,16.185,16.2,16.05,16.065,204017
2023-11-07 11:30:00,16.18,16.18,16.01,16.065,176953
2023-11-07 12:30:00,16.06,16.0776,16.03,16.045,117583
2023-11-07 13:30:00,16.045,16.09,16.01,16.045,179895
2023-11-07 14:30:00,16.045,16.05,15.97,15.995,254359
2023-11-07 15:30:00,16.0003,16.03,15.99,16.025,380895
2023-11-08 09:30:00,15.98,16.04,15.745,15.75,327509
2023-11-08 10:30:00,15.75,15.7775,15.7,15.725,261083
2023-11-08 11:30:00,15.725,15.735,15.62,15.6541,287518
2023-11-08 12:30:00,15.66,15.7,15.65,15.685,104725
2023-11-08 13:30:00,15.69,15.76,15.685,15.735,124092
2023-11-08 14:30:00,15.735,15.75,15.695,15.735,165833
2023-11-08 15:30:00,15.7407,15.77,15.73,15.77,280401
2023-11-09 09:30:00,15.86,16.005,15.81,15.91,187560
2023-11-09 10:30:00,15.91,15.915,15.79,15.795,236646
2023-11-09 11:30:00,15.795,15.82,15.755,15.765,193017
2023-11-09 12:30:00,15.77,15.78,15.6801,15.725,198333
2023-11-09 13:30:00,15.725,15.74,15.69,15.71,254884
2023-11-09 14:30:00,15.7175,15.72,15.64,15.65,205987
2023-11-09 15:30:00,15.651,15.66,15.62,15.635,481985
2023-11-10 09:30:00,15.79,15.85,15.66,15.795,138271
2023-11-10 10:30:00,15.79,15.83,15.774,15.815,134648
2023-11-10 11:30:00,15.815,15.83,15.79,15.825,57178
2023-11-10 12:30:00,15.83,15.89,15.825,15.855,81401
2023-11-10 13:30:00,15.86,15.905,15.855,15.855,105266
2023-11-10 14:30:00,15.86,15.86,15.76,15.795,188307
2023-11-10 15:30:00,15.795,15.795,15.74,15.745,288194
2024-01-30 09:30:00,16.5,16.655,16.455,16.47,211023
2024-01-30 10:30:00,16.475,16.5075,16.44,16.474,171018
2024-01-30 11:30:00,16.475,16.56,16.47,16.5269,64014
2024-01-30 12:30:00,16.52,16.5299,16.475,16.495,87063
2024-01-30 13:30:00,16.4907,16.54,16.49,16.525,94560
2024-01-30 14:30:00,16.525,16.525,16.475,16.505,182635
2024-01-30 15:30:00,16.505,16.525,16.49,16.51,234413
2024-01-31 09:30:00,16.53,16.55,16.29,16.32,139415
2024-01-31 10:30:00,16.32,16.35,16.25,16.275,254818
2024-01-31 11:30:00,16.27,16.33,16.19,16.31,299579
2024-01-31 12:30:00,16.315,16.33,16.28,16.285,76670
2024-01-31 13:30:00,16.285,16.34,16.26,16.28,90535
2024-01-31 14:30:00,16.285,16.345,16.18,16.225,143135
2024-01-31 15:30:00,16.225,16.225,16.16,16.17,409661
2024-02-01 09:30:00,16.24,16.25,16.07,16.16,200828
2024-02-01 10:30:00,16.155,16.41,16.14,16.41,430642
2024-02-01 11:30:00,16.405,16.47,16.38,16.465,181598
2024-02-01 12:30:00,16.465,16.48,16.12,16.235,456936
2024-02-01 13:30:00,16.23,16.32,16.21,16.22,116044
2024-02-01 14:30:00,16.23,16.2699,16.1801,16.26,121115
2024-02-01 15:30:00,16.2569,16.2799,16.23,16.25,387599
2024-02-02 09:30:00,16.23,16.24,15.93,16.04,558639
2024-02-02 10:30:00,16.04,16.05,15.975,16.035,311913
2024-02-02 11:30:00,16.04,16.12,16.013,16.095,380981
2024-02-02 12:30:00,16.095,16.1191,16.04,16.06,176814
2024-02-02 13:30:00,16.065,16.065,16.01,16.0325,178502
2024-02-02 14:30:00,16.039,16.065,16.02,16.06,188298
2024-02-02 15:30:00,16.055,16.06,15.995,16.02,396816
2024-02-05 09:30:00,15.94,16.0,15.82,15.865,224219
2024-02-05 10:30:00,15.865,15.94,15.85,15.92,114352
2024-02-05 11:30:00,15.915,16.02,15.907,16.02,69500
2024-02-05 12:30:00,16.015,16.11,16.015,16.08,209276
2024-02-05 13:30:00,16.08,16.115,16.05,16.0669,106711
2024-02-05 14:30:00,16.0607,16.15,16.0607,16.1309,198593
2024-02-05 15:30:00,16.145,16.15,16.1,16.105,224466
2024-02-06 09:30:00,16.11,16.24,16.02,16.18,88499
2024-02-06 10:30:00,16.18,16.2,16.01,16.01,552108
2024-02-06 11:30:00,16.02,16.0486,15.93,15.94,338509
2024-02-06 12:30:00,15.9334,16.01,15.93,15.98,403478
2024-02-06 13:30:00,15.99,16.02,15.9,15.935,257114
2024-02-06 14:30:00,15.935,15.94,15.88,15.895,242094
2024-02-06 15:30:00,15.895,15.95,15.88,15.94,599356
2024-02-07 09:30:00,16.0,16.08,15.89,15.92,391205
2024-02-07 10:30:00,15.93,16.005,15.9081,16.0,199235
2024-02-07 11:30:00,16.01,16.01,15.97,15.985,72008
2024-02-07 12:30:00,15.985,16.035,15.98,16.035,174856
2024-02-07 13:30:00,16.035,16.05,15.99,16.015,128544
2024-02-07 14:30:00,16.015,16.05,16.01,16.045,157406
2024-02-07 15:30:00,16.04,16.06,16.0331,16.05,180695
2024-02-08 09:30:00,16.07,16.165,16.045,16.07,214338
2024-02-08 10:30:00,16.065,16.11,16.04,16.1,179048
2024-02-08 11:30:00,16.105,16.11,15.96,16.005,758736
2024-02-08 12:30:00,16.01,16.165,16.0,16.14,1240281
2024-02-08 13:30:00,16.1423,16.145,16.04,16.11,785599
2024-02-08 14:30:00,16.105,16.12,16.08,16.0968,436189
2024-02-08 15:30:00,16.095,16.12,16.07,16.08,629834
2024-02-09 09:30:00,16.23,16.34,15.78,16.04,967862
2024-02-09 10:30:00,16.04,16.13,15.94,15.9771,464265
2024-02-09 11:30:00,15.99,16.09,15.875,16.045,217539
2024-02-09 12:30:00,16.05,16.136,16.03,16.1,161199
2024-02-09 13:30:00,16.095,16.12,16.02,16.095,248601
2024-02-09 14:30:00,16.1,16.135,16.075,16.135,243577
2024-02-09 15:30:00,16.135,16.21,16.13,16.2,908204
2024-02-12 09:30:00,16.25,16.42,16.21,16.41,237358
2024-02-12 10:30:00,16.405,16.46,16.335,16.4475,128823
2024-02-12 11:30:00,16.445,16.52,16.431,16.485,127738
2024-02-12 12:30:00,16.485,16.59,16.48,16.585,142281
2024-02-12 13:30:00,16.58,16.59,16.525,16.555,165854
2024-02-12 14:30:00,16.555,16.56,16.47,16.47,169717
2024-02-12 15:30:00,16.47,16.51,16.46,16.49,414630
2024-02-13 09:30:00,16.44,16.48,16.26,16.3782,166588
2024-02-13 10:30:00,16.405,16.52,16.4,16.48,108991
2024-02-13 11:30:00,16.475,16.5,16.425,16.45,90364
2024-02-13 12:30:00,16.45,16.51,16.4414,16.51,106427
2024-02-13 13:30:00,16.51,16.51,16.43,16.45,133159
2024-02-13 14:30:00,16.45,16.455,16.36,16.375,217297
2024-02-13 15:30:00,16.38,16.41,16.37,16.41,190664
2024-02-14 09:30:00,16.51,16.5699,16.41,16.545,221603
2024-02-14 10:30:00,16.545,16.56,16.42,16.44,116538
2024-02-14 11:30:00,16.445,16.46,16.37,16.38,58487
2024-02-14 12:30:00,16.38,16.43,16.365,16.39,114574
2024-02-14 13:30:00,16.39,16.44,16.38,16.41,81159
2024-02-14 14:30:00,16.415,16.42,16.36,16.385,143353
2024-02-14 15:30:00,16.3845,16.39,16.36,16.37,144303
2024-02-15 09:30:00,16.41,16.59,16.36,16.54,244260
2024-02-15 10:30:00,16.53,16.59,16.4,16.58,238917
2024-02-15 11:30:00,16.58,16.735,16.575,16.7291,378006
2024-02-15 12:30:00,16.725,16.73,16.68,16.725,94579
2024-02-15 13:30:00,16.73,16.75,16.69,16.73,190833
2024-02-15 14:30:00,16.73,16.76,16.67,16.7248,237146
2024-02-15 15:30:00,16.725,16.74,16.66,16.66,338486
2024-02-16 09:30:00,16.6,16.75,16.575,16.71,182880
2024-02-16 10:30:00,16.71,16.85,16.7,16.775,279149
2024-02-16 11:30:00,16.775,16.86,16.76,16.85,217651
2024-02-16 12:30:00,16.85,16.98,16.845,16.955,293823
2024-02-16 13:30:00,16.95,16.95,16.91,16.9418,81375
2024-02-16 14:30:00,16.945,16.99,16.93,16.9747,281474
2024-02-16 15:30:00,16.98,16.99,16.875,16.9,631661
2024-04-30 09:30:00,18.52,18.555,18.29,18.345,181669
2024-04-30 10:30:00,18.34,18.3875,18.275,18.305,141235
2024-04-30 11:30:00,18.305,18.32,18.27,18.29,80384
2024-04-30 12:30:00,18.285,18.285,18.195,18.24,98964
2024-04-30 13:30:00,18.2301,18.28,18.2301,18.255,82568
2024-04-30 14:30:00,18.255,18.27,18.17,18.2,148080
2024-04-30 15:30:00,18.205,18.21,18.17,18.205,190859
2024-05-01 09:30:00,18.12,18.2,17.755,17.76,560951
2024-05-01 10:30:00,17.7696,17.815,17.68,17.79,264384
2024-05-01 11:30:00,17.785,17.8,17.72,17.72,130777
2024-05-01 12:30:00,17.7228,17.73,17.63,17.655,224790
2024-05-01 13:30:00,17.655,17.705,17.59,17.705,474631
2024-05-01 14:30:00,17.7,17.835,17.66,17.795,328860
2024-05-01 15:30:00,17.795,17.81,17.745,17.77,346794
2024-05-02 09:30:00,17.83,18.0,17.83,17.995,145420
2024-05-02 10:30:00,18.0,18.025,17.92,17.98,146482
2024-05-02 11:30:00,17.985,17.99,17.93,17.965,85121
2024-05-02 12:30:00,17.965,18.0899,17.93,18.08,154571
2024-05-02 13:30:00,18.085,18.09,18.03,18.0455,105380
2024-05-02 14:30:00,18.045,18.14,18.04,18.14,169416
2024-05-02 15:30:00,18.14,18.15,18.02,18.04,1058782
2024-05-03 09:30:00,18.05,18.36,17.83,18.2,586096
2024-05-03 10:30:00,18.1981,18.53,18.19,18.43,566958
2024-05-03 11:30:00,18.43,18.55,18.42,18.5475,254602
2024-05-03 12:30:00,18.545,18.55,18.25,18.34,208198
2024-05-03 13:30:00,18.34,18.37,18.2,18.35,427103
2024-05-03 14:30:00,18.36,18.42,18.33,18.405,197348
2024-05-03 15:30:00,18.4,18.415,18.32,18.38,470054
2024-05-06 09:30:00,18.38,18.51,18.27,18.285,450100
2024-05-06 10:30:00,18.28,18.29,18.185,18.235,167210
2024-05-06 11:30:00,18.235,18.27,18.22,18.23,90186
2024-05-06 12:30:00,18.235,18.25,18.16,18.175,144748
2024-05-06 13:30:00,18.17,18.21,18.15,18.21,121792
2024-05-06 14:30:00,18.21,18.37,18.2025,18.32,370609
2024-05-06 15:30:00,18.32,18.44,18.3189,18.37,396689
2024-05-07 09:30:00,18.46,18.53,18.32,18.32,238845
2024-05-07 10:30:00,18.32,18.36,18.28,18.34,133237
2024-05-07 11:30:00,18.34,18.37,18.22,18.28,255198
2024-05-07 12:30:00,18.285,18.436,18.2643,18.43,245805
2024-05-07 13:30:00,18.43,18.455,18.24,18.255,364577
2024-05-07 14:30:00,18.255,18.27,18.165,18.235,353110
2024-05-07 15:30:00,18.235,18.32,18.23,18.26,492253
2024-05-08 09:30:00,18.25,18.4,18.13,18.345,167046
2024-05-08 10:30:00,18.3413,18.37,18.295,18.345,236736
2024-05-08 11:30:00,18.3461,18.38,18.29,18.335,196246
2024-05-08 12:30:00,18.335,18.43,18.33,18.425,140979
2024-05-08 13:30:00,18.425,18.465,18.4108,18.4347,240060
2024-05-08 14:30:00,18.45,18.52,18.4425,18.5,497963
2024-05-08 15:30:00,18.505,18.55,18.49,18.53,641904
2024-05-09 09:30:00,18.53,18.61,18.475,18.55,223483
2024-05-09 10:30:00,18.555,18.6091,18.52,18.558,128490
2024-05-09 11:30:00,18.555,18.59,18.52,18.545,127204
2024-05-09 12:30:00,18.55,18.605,18.545,18.6,164331
2024-05-09 13:30:00,18.6,18.62,18.51,18.575,155140
2024-05-09 14:30:00,18.58,18.59,18.55,18.56,235275
2024-05-09 15:30:00,18.56,18.58,18.53,18.53,722326
2024-05-10 09:30:00,18.62,18.65,18.37,18.39,165258
2024-05-10 10:30:00,18.395,18.47,18.39,18.465,92952
2024-05-10 11:30:00,18.465,18.505,18.455,18.495,87486
2024-05-10 12:30:00,18.495,18.525,18.47,18.4986,75986
2024-05-10 13:30:00,18.495,18.53,18.425,18.435,66549
2024-05-10 14:30:00,18.435,18.47,18.38,18.455,141903
2024-05-10 15:30:00,18.455,18.48,18.445,18.465,163658
2024-05-13 09:30:00,18.59,18.63,18.41,18.435,114448
2024-05-13 10:30:00,18.436,18.436,18.24,18.24,113389
2024-05-13 11:30:00,18.24,18.37,18.225,18.365,263571
2024-05-13 12:30:00,18.365,18.385,18.22,18.225,445261
2024-05-13 13:30:00,18.22,18.245,18.18,18.24,255186
2024-05-13 14:30:00,18.245,18.3,18.2274,18.24,245065
2024-05-13 15:30:00,18.24,18.2438,18.15,18.175,212766
2024-05-14 09:30:00,18.16,18.25,18.1,18.17,409945
2024-05-14 10:30:00,18.175,18.31,18.16,18.295,133115
2024-05-14 11:30:00,18.2926,18.305,18.17,18.23,191937
2024-05-14 12:30:00,18.2302,18.26,18.2,18.23,79595
2024-05-14 13:30:00,18.24,18.28,18.22,18.2745,101512
2024-05-14 14:30:00,18.2731,18.29,18.255,18.275,133046
2024-05-14 15:30:00,18.27,18.35,18.27,18.335,303672
2024-05-15 09:30:00,18.31,18.4,18.14,18.23,431421
2024-05-15 10:30:00,18.21,18.31,18.2,18.295,177223
2024-05-15 11:30:00,18.2984,18.33,18.255,18.275,200366
2024-05-15 12:30:00,18.275,18.31,18.26,18.3088,181082
2024-05-15 13:30:00,18.3,18.31,18.275,18.285,159509
2024-05-15 14:30:00,18.285,18.31,18.25,18.275,141828
2024-05-15 15:30:00,18.279,18.29,18.24,18.275,326702
2024-05-16 09:30:00,18.22,18.34,18.1,18.24,228678
2024-05-16 10:30:00,18.23,18.28,18.17,18.195,131622
2024-05-16 11:30:00,18.2,18.3599,18.18,18.26,96841
2024-05-16 12:30:00,18.26,18.33,18.225,18.275,97323
2024-05-16 13:30:00,18.275,18.31,18.26,18.285,79188
2024-05-16 14:30:00,18.285,18.285,18.17,18.18,264875
2024-05-16 15:30:00,18.185,18.2,18.06,18.06,451865
2024-05-17 09:30:00,18.13,18.16,18.02,18.085,125738
2024-05-17 10:30:00,18.08,18.14,18.05,18.131,81081
2024-05-17 11:30:00,18.135,18.28,18.115,18.225,150618
2024-05-17 12:30:00,18.2207,18.35,18.22,18.335,218478
2024-05-17 13:30:00,18.335,18.36,18.32,18.355,107634
2024-05-17 14:30:00,18.355,18.38,18.33,18.365,154521
2024-05-17 15:30:00,18.37,18.41,18.34,18.4,414233
2024-07-30 09:30:00,19.24,19.41,19.18,19.385,159457
2024-07-30 10:30:00,19.38,19.43,19.33,19.36,110862
2024-07-30 11:30:00,19.36,19.415,19.3209,19.405,188338
2024-07-30 12:30:00,19.405,19.41,19.32,19.38,97415
2024-07-30 13:30:00,19.375,19.485,19.375,19.385,553966
2024-07-30 14:30:00,19.385,19.485,19.365,19.463,467166
2024-07-30 15:30:00,19.46,19.56,19.44,19.51,306124
2024-07-31 09:30:00,19.34,19.455,19.12,19.45,411733
2024-07-31 10:30:00,19.445,19.4497,19.235,19.245,164783
2024-07-31 11:30:00,19.25,19.27,19.21,19.245,86275
2024-07-31 12:30:00,19.245,19.25,19.07,19.1,77672
2024-07-31 13:30:00,19.09,19.175,19.075,19.155,59731
2024-07-31 14:30:00,19.155,19.195,19.095,19.1198,96249
2024-07-31 15:30:00,19.115,19.18,19.09,19.09,231970
2024-08-01 09:30:00,19.12,19.23,19.03,19.07,236058
2024-08-01 10:30:00,19.06,19.08,18.95,18.985,233108
2024-08-01 11:30:00,18.985,19.01,18.915,18.945,182020
2024-08-01 12:30:00,18.945,18.96,18.83,18.86,288081
2024-08-01 13:30:00,18.86,18.86,18.775,18.78,172601
2024-08-01 14:30:00,18.79,18.98,18.77,18.959,173122
2024-08-01 15:30:00,18.975,19.065,18.96,18.99,511692
2024-08-02 09:30:00,18.8,18.87,18.3,18.3364,236498
2024-08-02 10:30:00,18.315,18.445,18.24,18.41,241212
2024-08-02 11:30:00,18.42,18.52,18.3881,18.455,82049
2024-08-02 12:30:00,18.455,18.52,18.37,18.47,243022
2024-08-02 13:30:00,18.465,18.585,18.455,18.505,230737
2024-08-02 14:30:00,18.51,18.525,18.425,18.49,177212
2024-08-02 15:30:00,18.49,18.5,18.3501,18.4,231490
2024-08-05 09:30:00,17.92,17.94,17.29,17.76,596341
2024-08-05 10:30:00,17.76,17.89,17.635,17.72,234349
2024-08-05 11:30:00,17.72,17.95,17.6841,17.945,190542
2024-08-05 12:30:00,17.945,17.95,17.78,17.8192,167815
2024-08-05 13:30:00,17.815,17.96,17.715,17.945,185207
2024-08-05 14:30:00,17.945,17.97,17.865,17.89,489908
2024-08-05 15:30:00,17.895,17.95,17.81,17.945,481693
2024-08-06 09:30:00,18.18,18.43,17.985,18.38,159596
2024-08-06 10:30:00,18.38,18.48,18.315,18.32,126305
2024-08-06 11:30:00,18.325,18.44,18.31,18.42,137098
2024-08-06 12:30:00,18.4191,18.45,18.38,18.425,122892
2024-08-06 13:30:00,18.43,18.49,18.405,18.48,135705
2024-08-06 14:30:00,18.485,18.515,18.39,18.455,249026
2024-08-06 15:30:00,18.455,18.49,18.365,18.4,307103
2024-08-07 09:30:00,18.62,18.718,18.415,18.46,77962
2024-08-07 10:30:00,18.43,18.66,18.43,18.65,94662
2024-08-07 11:30:00,18.6422,18.68,18.58,18.595,75875
2024-08-07 12:30:00,18.595,18.595,18.385,18.48,102222
2024-08-07 13:30:00,18.48,18.51,18.39,18.495,211180
2024-08-07 14:30:00,18.495,18.495,18.36,18.45,165010
2024-08-07 15:30:00,18.455,18.47,18.29,18.3,167813
2024-08-08 09:30:00,18.48,18.5,18.2,18.45,58920
2024-08-08 10:30:00,18.45,18.47,18.36,18.395,93169
2024-08-08 11:30:00,18.395,18.5,18.326,18.4936,64679
2024-08-08 12:30:00,18.5,18.55,18.46,18.55,75491
2024-08-08 13:30:00,18.545,18.62,18.54,18.585,101010
2024-08-08 14:30:00,18.59,18.65,18.575,18.63,353165
2024-08-08 15:30:00,18.625,18.68,18.6,18.665,432092
2024-08-09 09:30:00,18.67,18.68,18.34,18.37,148477
2024-08-09 10:30:00,18.365,18.505,18.33,18.425,148159
2024-08-09 11:30:00,18.415,18.45,18.15,18.2,456145
2024-08-09 12:30:00,18.2,18.23,18.15,18.205,207706
2024-08-09 13:30:00,18.205,18.275,18.17,18.275,70362
2024-08-09 14:30:00,18.2637,18.49,18.2637,18.405,222270
2024-08-09 15:30:00,18.41,18.44,18.3,18.42,555769
2024-08-12 09:30:00,18.48,18.55,18.33,18.4,53008
2024-08-12 10:30:00,18.41,18.425,18.24,18.28,208040
2024-08-12 11:30:00,18.28,18.33,18.2,18.205,114276
2024-08-12 12:30:00,18.205,18.26,18.13,18.17,173437
2024-08-12 13:30:00,18.18,18.29,18.1418,18.195,378964
2024-08-12 14:30:00,18.19,18.2,18.1142,18.175,170101
2024-08-12 15:30:00,18.17,18.183,18.1,18.13,244557
2024-08-13 09:30:00,18.18,18.18,17.97,17.99,135039
2024-08-13 10:30:00,18.0,18.18,17.98,18.155,105397
2024-08-13 11:30:00,18.15,18.22,18.13,18.155,84887
2024-08-13 12:30:00,18.15,18.22,18.11,18.21,164272
2024-08-13 13:30:00,18.215,18.27,18.18,18.255,194558
2024-08-13 14:30:00,18.255,18.285,18.235,18.275,177742
2024-08-13 15:30:00,18.275,18.31,18.24,18.275,314167
2024-08-14 09:30:00,18.39,18.445,18.26,18.375,185789
2024-08-14 10:30:00,18.375,18.388,18.3,18.34,52946
2024-08-14 11:30:00,18.3408,18.38,18.29,18.291,53164
2024-08-14 12:30:00,18.295,18.4397,18.295,18.385,60526
2024-08-14 13:30:00,18.385,18.425,18.38,18.4,55111
2024-08-14 14:30:00,18.405,18.459,18.3952,18.4367,50401
2024-08-14 15:30:00,18.435,18.48,18.42,18.455,152732
2024-08-15 09:30:00,18.59,18.65,18.43,18.59,156332
2024-08-15 10:30:00,18.58,18.69,18.58,18.66,68419
2024-08-15 11:30:00,18.665,18.71,18.46,18.635,443833
2024-08-15 12:30:00,18.635,18.71,18.62,18.66,153546
2024-08-15 13:30:00,18.655,18.74,18.6518,18.7297,157195
2024-08-15 14:30:00,18.7201,18.725,18.6,18.705,694804
2024-08-15 15:30:00,18.705,18.755,18.65,18.66,595402
2024-08-16 09:30:00,18.58,18.765,18.535,18.55,706590
2024-08-16 10:30:00,18.545,18.66,18.545,18.66,351187
2024-08-16 11:30:00,18.655,18.6669,18.56,18.635,337307
2024-08-16 12:30:00,18.635,18.705,18.61,18.695,331702
2024-08-16 13:30:00,18.695,18.71,18.6,18.6,357315
2024-08-16 14:30:00,18.59,18.7,18.565,18.665,496791
2024-08-16 15:30:00,18.665,18.745,18.65,18.71,317055
2024-10-29 09:30:00,17.73,17.74,17.58,17.675,88908
2024-10-29 10:30:00,17.68,17.72,17.585,17.61,92637
2024-10-29 11:30:00,17.597,17.61,17.515,17.515,113098
2024-10-29 12:30:00,17.515,17.575,17.49,17.505,251839
2024-10-29 13:30:00,17.505,17.67,17.48,17.625,270798
2024-10-29 14:30:00,17.6299,17.7093,17.62,17.7017,360417
2024-10-29 15:30:00,17.7002,17.745,17.68,17.68,298312
2024-10-30 09:30:00,17.71,17.74,17.605,17.645,116125
2024-10-30 10:30:00,17.645,17.7,17.62,17.665,115147
2024-10-30 11:30:00,17.665,17.695,17.645,17.675,127821
2024-10-30 12:30:00,17.675,17.69,17.64,17.655,179710
2024-10-30 13:30:00,17.655,17.67,17.63,17.655,241206
2024-10-30 14:30:00,17.65,17.71,17.61,17.705,146255
2024-10-30 15:30:00,17.7,17.73,17.64,17.665,316329
2024-10-31 09:30:00,17.35,17.4101,17.28,17.285,290601
2024-10-31 10:30:00,17.285,17.3011,17.18,17.21,210954
2024-10-31 11:30:00,17.205,17.2199,17.16,17.21,142759
2024-10-31 12:30:00,17.205,17.28,17.1993,17.265,92575
2024-10-31 13:30:00,17.265,17.29,17.22,17.2475,213583
2024-10-31 14:30:00,17.245,17.31,17.235,17.253,276069
2024-10-31 15:30:00,17.255,17.26,17.195,17.195,385638
2024-11-01 09:30:00,17.31,17.46,17.22,17.365,341493
2024-11-01 10:30:00,17.365,17.4,17.3117,17.355,170273
2024-11-01 11:30:00,17.355,17.36,17.275,17.285,99709
2024-11-01 12:30:00,17.28,17.3,17.22,17.285,102141
2024-11-01 13:30:00,17.285,17.315,17.245,17.31,145522
2024-11-01 14:30:00,17.3006,17.32,17.24,17.245,135854
2024-11-01 15:30:00,17.2452,17.34,17.22,17.33,596244
2024-11-04 09:30:00,17.39,17.76,17.29,17.7409,405622
2024-11-04 10:30:00,17.7401,17.87,17.73,17.825,491112
2024-11-04 11:30:00,17.825,17.86,17.74,17.855,220087
2024-11-04 12:30:00,17.855,17.885,17.801367,17.88,426093
2024-11-04 13:30:00,17.88,17.95,17.8373,17.895,226284
2024-11-04 14:30:00,17.89,17.94,17.81,17.835,449959
2024-11-04 15:30:00,17.8295,17.87,17.82,17.83,578366
2024-11-05 09:30:00,17.9,17.94,17.78,17.8,303903
2024-11-05 10:30:00,17.805,17.935,17.79,17.9171,254250
2024-11-05 11:30:00,17.92,17.92,17.84,17.86,103720
2024-11-05 12:30:00,17.8577,17.9,17.85,17.895,162270
2024-11-05 13:30:00,17.89,17.89,17.815,17.8293,133909
2024-11-05 14:30:00,17.815,17.88,17.81,17.855,184511
2024-11-05 15:30:00,17.85,17.91,17.83,17.891,366727
2024-11-06 09:30:00,18.32,18.61,18.2401,18.605,454857
2024-11-06 10:30:00,18.6,18.64,18.475,18.495,348535
2024-11-06 11:30:00,18.49,18.5,18.321,18.33,261365
2024-11-06 12:30:00,18.33,18.455,18.25,18.4199,263541
2024-11-06 13:30:00,18.385,18.47,18.375,18.4545,257836
2024-11-06 14:30:00,18.46,18.465,18.365,18.38,173951
2024-11-06 15:30:00,18.39,18.42,18.33,18.355,356357
2024-11-07 09:30:00,18.32,18.475,18.3,18.445,380872
2024-11-07 10:30:00,18.445,18.7899,18.34,18.47,474124
2024-11-07 11:30:00,18.4686,18.7,18.455,18.665,391461
2024-11-07 12:30:00,18.6529,18.73,18.595,18.6837,204083
2024-11-07 13:30:00,18.6899,18.79,18.645,18.7512,580182
2024-11-07 14:30:00,18.76,18.85,18.685,18.845,551919
2024-11-07 15:30:00,18.845,18.87,18.735,18.825,918105
2024-11-08 09:30:00,18.465,19.01,18.37,18.375,346409
2024-11-08 10:30:00,18.375,18.4293,18.12,18.19,353198
2024-11-08 11:30:00,18.19,18.255,18.135,18.14,298839
2024-11-08 12:30:00,18.14,18.195,18.12,18.185,186833
2024-11-08 13:30:00,18.18,18.22,18.1,18.105,402101
2024-11-08 14:30:00,18.105,18.27,18.1,18.2009,447705
2024-11-08 15:30:00,18.2,18.31,18.2,18.285,624292
2024-11-11 09:30:00,18.36,18.5,18.23,18.44,326324
2024-11-11 10:30:00,18.43,18.475,18.26,18.345,174968
2024-11-11 11:30:00,18.34,18.43,18.315,18.32,200585
2024-11-11 12:30:00,18.32,18.33,18.26,18.3,130169
2024-11-11 13:30:00,18.29,18.35,18.25,18.25,126830
2024-11-11 14:30:00,18.255,18.28,18.2,18.21,117764
2024-11-11 15:30:00,18.215,18.35,18.19,18.3297,370224
2024-11-12 09:30:00,18.42,18.42,18.18,18.24,292366
2024-11-12 10:30:00,18.235,18.24,17.99,17.995,88833
2024-11-12 11:30:00,17.995,18.04,17.94,17.955,82449
2024-11-12 12:30:00,17.955,18.0,17.93,17.955,106555
2024-11-12 13:30:00,17.944,18.0,17.944,17.955,124451
2024-11-12 14:30:00,17.95,17.955,17.87,17.91,150662
2024-11-12 15:30:00,17.91,18.0,17.8801,17.92,373737
2024-11-13 09:30:00,17.91,18.03,17.8,17.94,150001
2024-11-13 10:30:00,17.935,18.075,17.935,18.02,191317
2024-11-13 11:30:00,18.0231,18.08,18.0,18.025,143553
2024-11-13 12:30:00,18.025,18.0509,17.99,18.025,67971
2024-11-13 13:30:00,18.025,18.09,18.0226,18.045,128043
2024-11-13 14:30:00,18.04365,18.0505,17.955,17.965,107839
2024-11-13 15:30:00,17.965,17.98,17.89,17.95,254184
2024-11-14 09:30:00,18.07,18.1299,17.99,18.085,217488
2024-11-14 10:30:00,18.085,18.145,18.06,18.125,127031
2024-11-14 11:30:00,18.125,18.21,18.12,18.17,177515
2024-11-14 12:30:00,18.165,18.19,18.145,18.16,75436
2024-11-14 13:30:00,18.16,18.205,18.15,18.1725,113842
2024-11-14 14:30:00,18.175,18.245,18.155,18.235,179518
2024-11-14 15:30:00,18.2399,18.26,18.19,18.21,224122
2024-11-15 09:30:00,18.305,18.311509,18.13,18.3,107028
2024-11-15 10:30:00,18.295,18.365,18.255,18.295,106798
2024-11-15 11:30:00,18.295,18.3246,18.21,18.23,112006
2024-11-15 12:30:00,18.22,18.3,18.195,18.2502,301381
2024-11-15 13:30:00,18.2527,18.2799,18.22,18.245,132598
2024-11-15 14:30:00,18.245,18.31,18.22,18.24,204203
2024-11-15 15:30:00,18.24,18.26,18.21,18.22,241792
2025-01-28 09:30:00,21.55,21.71,21.48,21.7,188103
2025-01-28 10:30:00,21.69,21.74,21.5195,21.53,222297
2025-01-28 11:30:00,21.525,21.59,21.47,21.53,114518
2025-01-28 12:30:00,21.54,21.5628,21.485,21.485,49057
2025-01-28 13:30:00,21.49,21.62,21.485,21.61,99063
2025-01-28 14:30:00,21.6089,21.75,21.6067,21.745,173685
2025-01-28 15:30:00,21.74,21.775,21.715,21.76,293464
2025-01-29 09:30:00,21.76,21.99,21.76,21.855,106782
2025-01-29 10:30:00,21.8596,22.0296,21.83,21.95,454440
2025-01-29 11:30:00,21.945,21.988,21.9208,21.941,78311
2025-01-29 12:30:00,21.9448,21.99,21.85,21.9,128889
2025-01-29 13:30:00,21.9,21.9385,21.81,21.8126,200627
2025-01-29 14:30:00,21.81,22.0,21.805,21.9839,229282
2025-01-29 15:30:00,21.98,21.9892,21.86,21.89,328107
2025-01-30 09:30:00,21.93,22.08,21.79,21.91,206556
2025-01-30 10:30:00,21.9,21.99,21.79,21.98,174695
2025-01-30 11:30:00,21.97,21.975,21.86,21.865,155811
2025-01-30 12:30:00,21.8629,21.91,21.8,21.805,135156
2025-01-30 13:30:00,21.8167,21.94,21.8,21.915,135468
2025-01-30 14:30:00,21.915,22.0,21.9,21.9888,176224
2025-01-30 15:30:00,21.98,22.17,21.8629,22.14,571177
2025-01-31 09:30:00,21.71,21.71,21.12,21.3434,333811
2025-01-31 10:30:00,21.34,21.455,21.3263,21.42,208646
2025-01-31 11:30:00,21.4248,21.46,21.34,21.3442,142055
2025-01-31 12:30:00,21.36,21.43,21.31,21.325,197104
2025-01-31 13:30:00,21.32,21.365,21.23,21.25,217024
2025-01-31 14:30:00,21.26,21.27,21.165,21.186,282111
2025-01-31 15:30:00,21.175,21.215,21.13,21.14,734420
2025-02-03 09:30:00,20.94,21.13,20.72,21.05,380541
2025-02-03 10:30:00,21.06,21.31,20.9968,21.24,429459
2025-02-03 11:30:00,21.24,21.375,21.205,21.28,136603
2025-02-03 12:30:00,21.28,21.3236,21.235,21.31,76178
2025-02-03 13:30:00,21.313,21.395,20.95,21.325,247432
2025-02-03 14:30:00,21.325,21.35,21.19,21.2,230917
2025-02-03 15:30:00,21.205,21.23,21.14,21.205,307179
2025-02-04 09:30:00,21.14,21.42,21.11,21.365,553259
2025-02-04 10:30:00,21.36,21.375,21.19,21.2209,212899
2025-02-04 11:30:00,21.23,21.35,21.2177,21.2705,454593
2025-02-04 12:30:00,21.275,21.41,21.265,21.37,280648
2025-02-04 13:30:00,21.37,21.38,21.2708,21.295,306144
2025-02-04 14:30:00,21.295,21.32,21.2201,21.255,442281
2025-02-04 15:30:00,21.2525,21.34,21.245,21.31,529688
2025-02-05 09:30:00,21.34,21.5,21.32,21.415,150965
2025-02-05 10:30:00,21.41,21.55,21.38,21.525,175127
2025-02-05 11:30:00,21.525,21.55,21.4,21.4208,164117
2025-02-05 12:30:00,21.43,21.48,21.42,21.446,169552
2025-02-05 13:30:00,21.44,21.52,21.38,21.51,211122
2025-02-05 14:30:00,21.5052,21.53,21.38,21.38,279160
2025-02-05 15:30:00,21.385,21.43,21.36,21.415,407889
2025-02-06 09:30:00,21.54,21.55,21.32,21.405,129531
2025-02-06 10:30:00,21.415,21.455,21.32,21.3612,137300
2025-02-06 11:30:00,21.365,21.37,21.21,21.23,336668
2025-02-06 12:30:00,21.22,21.24,21.165,21.175,145646
2025-02-06 13:30:00,21.175,21.265,21.15,21.1593,200588
2025-02-06 14:30:00,21.165,21.19,21.1,21.1177,706359
2025-02-06 15:30:00,21.12,21.17,21.1,21.14,617503
2025-02-07 09:30:00,21.05,21.23,20.55,20.93,991288
2025-02-07 10:30:00,20.92,20.94,20.66,20.795,238230
2025-02-07 11:30:00,20.8,20.855,20.575,20.655,342899
2025-02-07 12:30:00,20.6375,20.85,20.6259,20.76,200503
2025-02-07 13:30:00,20.765,20.79,20.645,20.7,205287
2025-02-07 14:30:00,20.7,20.805,20.66,20.72,310859
2025-02-07 15:30:00,20.725,20.84,20.71,20.72,546337
2025-02-10 09:30:00,20.83,21.08,20.76,21.075,291735
2025-02-10 10:30:00,21.075,21.24,20.99,20.995,156708
2025-02-10 11:30:00,21.0342,21.04,20.94,21.0298,153499
2025-02-10 12:30:00,21.03,21.17,21.0147,21.125,128005
2025-02-10 13:30:00,21.125,21.2,21.11,21.1552,217202
2025-02-10 14:30:00,21.155,21.2,21.08,21.12,278049
2025-02-10 15:30:00,21.115,21.145,21.03,21.04,522790
2025-02-11 09:30:00,21.04,21.04,20.66,20.725,409881
2025-02-11 10:30:00,20.725,20.965,20.7132,20.8738,222104
2025-02-11 11:30:00,20.865,20.8885,20.77,20.8349,125410
2025-02-11 12:30:00,20.835,20.9,20.82,20.8718,69684
2025-02-11 13:30:00,20.87,20.95,20.86,20.895,68461
2025-02-11 14:30:00,20.895,20.94,20.86,20.92,108447
2025-02-11 15:30:00,20.9212,20.9552,20.9,20.95,296265
2025-02-12 09:30:00,20.8,21.02,20.7802,20.987,119865
2025-02-12 10:30:00,20.97,21.05,20.96,21.05,82723
2025-02-12 11:30:00,21.045,21.0601,20.825,20.8368,181549
2025-02-12 12:30:00,20.825,20.8789,20.724,20.7413,81289
2025-02-12 13:30:00,20.735,20.75,20.67,20.69,53637
2025-02-12 14:30:00,20.685,20.77,20.685,20.695,62610
2025-02-12 15:30:00,20.695,20.715,20.66,20.685,177967
2025-02-13 09:30:00,20.76,20.87,20.72,20.7498,148842
2025-02-13 10:30:00,20.75,20.89,20.73,20.7799,168149
2025-02-13 11:30:00,20.775,20.84,20.71,20.7996,89978
2025-02-13 12:30:00,20.805,20.85,20.76,20.8389,95599
2025-02-13 13:30:00,20.825,20.985,20.82,20.9633,98944
2025-02-13 14:30:00,20.96,21.02,20.955,21.0056,73175
2025-02-13 15:30:00,21.005,21.01,20.88,20.9,187129
2025-02-14 09:30:00,20.91,21.21,20.91,21.13,212377
2025-02-14 10:30:00,21.1178,21.2999,21.1178,21.285,153706
2025-02-14 11:30:00,21.28,21.2813,21.175,21.185,148232
2025-02-14 12:30:00,21.18,21.1999,20.17,21.1471,295461
2025-02-14 13:30:00,21.1453,21.1999,21.09,21.095,56432
2025-02-14 14:30:00,21.1005,21.155,21.095,21.145,60287
2025-02-14 15:30:00,21.14,21.155,21.065,21.1,147168
2025-04-29 09:30:00,19.24,19.5168,19.19,19.19,81661
2025-04-29 10:30:00,19.2,19.35,19.19,19.275,138176
2025-04-29 11:30:00,19.28,19.29,19.22,19.23,32483
2025-04-29 12:30:00,19.235,19.28,19.21,19.25,40190
2025-04-29 13:30:00,19.2547,19.325,19.25,19.28,119164
2025-04-29 14:30:00,19.29,19.34,19.27,19.2919,129569
2025-04-29 15:30:00,19.2932,19.33,19.23,19.28,246932
2025-04-30 09:30:00,19.0,19.13,18.53,18.675,253108
2025-04-30 10:30:00,18.67,18.74,18.57,18.66,89456
2025-04-30 11:30:00,18.66,18.7126,18.45,18.46,91748
2025-04-30 12:30:00,18.46,18.55,18.41,18.525,115428
2025-04-30 13:30:00,18.52,18.59,18.49,18.5339,205800
2025-04-30 14:30:00,18.54,18.57,18.4702,18.48,158494
2025-04-30 15:30:00,18.475,18.66,18.42,18.65,343962
2025-05-01 09:30:00,18.33,18.45,18.22,18.3446,207088
2025-05-01 10:30:00,18.3707,18.425,18.23,18.27,118738
2025-05-01 11:30:00,18.269,18.28,17.99,18.0,97550
2025-05-01 12:30:00,18.0085,18.01,17.89,17.9,169308
2025-05-01 13:30:00,17.9,18.1,17.855,18.02,283340
2025-05-01 14:30:00,18.0,18.08,17.94,17.9418,151073
2025-05-01 15:30:00,17.95,18.0,17.83,17.865,221158
2025-05-02 09:30:00,18.0,18.16,17.77,17.855,226649
2025-05-02 10:30:00,17.855,17.91,17.81,17.885,150933
2025-05-02 11:30:00,17.885,18.03,17.88,18.0177,270804
2025-05-02 12:30:00,18.0098,18.11,18.0098,18.055,401619
2025-05-02 13:30:00,18.055,18.08,18.0,18.0371,176948
2025-05-02 14:30:00,18.03,18.0433,17.87,17.885,237314
2025-05-02 15:30:00,17.885,17.8985,17.71,17.76,822579
2025-05-05 09:30:00,17.61,17.65,17.21,17.36,330733
2025-05-05 10:30:00,17.36,17.415,17.29,17.3384,168606
2025-05-05 11:30:00,17.343,17.37,17.26,17.295,378982
2025-05-05 12:30:00,17.295,17.3,17.2,17.2168,224963
2025-05-05 13:30:00,17.21,17.3548,17.2,17.3,154353
2025-05-05 14:30:00,17.3,17.3488,17.22,17.235,112011
2025-05-05 15:30:00,17.235,17.27,17.19,17.25,260725
2025-05-06 09:30:00,17.695,17.695,16.975,17.23,526069
2025-05-06 10:30:00,17.22,17.2883,17.16,17.165,199529
2025-05-06 11:30:00,17.1712,17.32,17.15,17.19,353953
2025-05-06 12:30:00,17.195,17.23,17.075,17.19,130194
2025-05-06 13:30:00,17.1788,17.22,17.12,17.18,126130
2025-05-06 14:30:00,17.172,17.28,17.155,17.2623,161521
2025-05-06 15:30:00,17.265,17.35,17.26,17.285,261316
2025-05-07 09:30:00,17.37,17.7147,17.32,17.59,198328
2025-05-07 10:30:00,17.59,17.6646,17.53,17.625,112393
2025-05-07 11:30:00,17.6061,17.76,17.6028,17.7157,139687
2025-05-07 12:30:00,17.7,17.86,17.7,17.82,99358
2025-05-07 13:30:00,17.8399,17.92,17.805,17.875,427156
2025-05-07 14:30:00,17.875,17.92,17.815,17.86,407088
2025-05-07 15:30:00,17.8708,18.005,17.845,18.0,827728
2025-05-08 09:30:00,18.16,18.3,18.03,18.268,440129
2025-05-08 10:30:00,18.265,18.35,18.13,18.32,335224
2025-05-08 11:30:00,18.32,18.5,18.27,18.39,347213
2025-05-08 12:30:00,18.39,18.53,18.3768,18.38,278200
2025-05-08 13:30:00,18.38,18.41,18.25,18.26,232905
2025-05-08 14:30:00,18.265,18.4772,18.26,18.4,577884
2025-05-08 15:30:00,18.41,18.43,18.2,18.23,459945
2025-05-09 09:30:00,18.03,18.3,17.7,17.7196,312775
2025-05-09 10:30:00,17.7206,17.92,17.65,17.8742,188015
2025-05-09 11:30:00,17.8654,17.92,17.8,17.87,146476
2025-05-09 12:30:00,17.86,17.91,17.8,17.825,184969
2025-05-09 13:30:00,17.82,17.84,17.71,17.73,168582
2025-05-09 14:30:00,17.73,17.78,17.7,17.735,170106
2025-05-09 15:30:00,17.735,17.76,17.68,17.745,303474
2025-05-12 09:30:00,18.23,18.51,17.94,18.25,490492
2025-05-12 10:30:00,18.24,18.27,18.14,18.15,158143
2025-05-12 11:30:00,18.1577,18.21,18.13,18.185,152794
2025-05-12 12:30:00,18.185,18.23,18.14,18.1693,114197
2025-05-12 13:30:00,18.16,18.33,18.1596,18.3,158950
2025-05-12 14:30:00,18.295,18.42,18.28,18.4094,379624
2025-05-12 15:30:00,18.405,18.455,18.36,18.43,493487
2025-05-13 09:30:00,18.45,18.72,18.4206,18.66,182701
2025-05-13 10:30:00,18.66,18.81,18.63,18.78,142936
2025-05-13 11:30:00,18.7819,18.85,18.75,18.83,122402
2025-05-13 12:30:00,18.835,18.9,18.81,18.885,105372
2025-05-13 13:30:00,18.8811,18.93,18.82,18.88,86413
2025-05-13 14:30:00,18.8781,18.92,18.84,18.8569,124025
2025-05-13 15:30:00,18.84,18.905,18.76,18.76,242593
2025-05-14 09:30:00,18.8,18.825,18.54,18.655,157768
2025-05-14 10:30:00,18.66,18.725,18.62,18.6726,158868
2025-05-14 11:30:00,18.69,18.715,18.6,18.6029,126190
2025-05-14 12:30:00,18.6055,18.6057,18.5002,18.56,68090
2025-05-14 13:30:00,18.55,18.61,18.55,18.5693,94221
2025-05-14 14:30:00,18.56,18.66,18.545,18.555,96897
2025-05-14 15:30:00,18.555,18.655,18.555,18.62,173826
2025-05-15 09:30:00,18.5,18.62,18.26,18.2816,295210
2025-05-15 10:30:00,18.28,18.32,18.23,18.285,117108
2025-05-15 11:30:00,18.285,18.38,18.255,18.37,70202
2025-05-15 12:30:00,18.37,18.43,18.355,18.41,70018
2025-05-15 13:30:00,18.41,18.4292,18.38,18.4226,86056
2025-05-15 14:30:00,18.42,18.45,18.38,18.38,94514
2025-05-15 15:30:00,18.3876,18.465,18.385,18.45,146272
