bar_start,open,high,low,close,volume
2021-01-28 09:30:00,7.98,8.08,7.86,7.999,81656
2021-01-28 10:30:00,7.9999,8.21,7.94,8.19,178096
2021-01-28 11:30:00,8.18,8.49,8.14,8.25,223615
2021-01-28 12:30:00,8.27,8.29,8.16,8.2526,68304
2021-01-28 13:30:00,8.27,8.405,8.2362,8.39,77083
2021-01-28 14:30:00,8.39,8.54,8.37,8.3989,123346
2021-01-28 15:30:00,8.39,8.57,8.39,8.54,201666
2021-01-29 09:30:00,8.48,8.69,8.42,8.6488,133932
2021-01-29 10:30:00,8.68,8.71,8.44,8.44,112038
2021-01-29 11:30:00,8.44,8.46,8.26,8.2697,132372
2021-01-29 12:30:00,8.27,8.2832,7.96,8.1,250983
2021-01-29 13:30:00,8.0801,8.12,7.94,7.96,118754
2021-01-29 14:30:00,7.95,8.04,7.88,8.03,87591
2021-01-29 15:30:00,8.025,8.05,7.95,7.98,159915
2021-02-01 09:30:00,8.1,8.27,7.88,7.92,123257
2021-02-01 10:30:00,7.92,8.0,7.86,7.96,71317
2021-02-01 11:30:00,7.98,8.03,7.8801,7.93,86798
2021-02-01 12:30:00,7.93,8.08,7.92,8.06,48855
2021-02-01 13:30:00,8.065,8.16,8.03,8.14,100691
2021-02-01 14:30:00,8.145,8.23,8.12,8.15,108809
2021-02-01 15:30:00,8.15,8.19,8.13,8.14,119556
2021-02-02 09:30:00,8.44,8.47,8.15,8.195,150216
2021-02-02 10:30:00,8.1943,8.39,8.15,8.32,109465
2021-02-02 11:30:00,8.3011,8.4,8.21,8.23,46000
2021-02-02 12:30:00,8.24,8.24,8.1197,8.16,34385
2021-02-02 13:30:00,8.15,8.18,8.11,8.125,30057
2021-02-02 14:30:00,8.12,8.23,8.11,8.21,37657
2021-02-02 15:30:00,8.2115,8.23,8.14,8.14,99269
2021-02-03 09:30:00,8.15,8.27,8.08,8.08,131158
2021-02-03 10:30:00,8.08,8.11,7.98,8.0215,104224
2021-02-03 11:30:00,8.025,8.14,8.01,8.13,70505
2021-02-03 12:30:00,8.12,8.17,8.08,8.11,35756
2021-02-03 13:30:00,8.1,8.24,8.095,8.21,37247
2021-02-03 14:30:00,8.21,8.26,8.16,8.16,107592
2021-02-03 15:30:00,8.16,8.31,8.15,8.3,185907
2021-02-04 09:30:00,8.36,8.37,8.11,8.21,118870
2021-02-04 10:30:00,8.225,8.43,8.225,8.43,76467
2021-02-04 11:30:00,8.42,8.56,8.401,8.56,108636
2021-02-04 12:30:00,8.565,8.66,8.55,8.62,84284
2021-02-04 13:30:00,8.625,8.715,8.61,8.68,96294
2021-02-04 14:30:00,8.675,8.69,8.6,8.655,121722
2021-02-04 15:30:00,8.655,8.78,8.63,8.78,174205
2021-02-05 09:30:00,9.41,9.59,9.1,9.345,703691
2021-02-05 10:30:00,9.34,9.4,9.28,9.38,153515
2021-02-05 11:30:00,9.37,9.55,9.32,9.49,538468
2021-02-05 12:30:00,9.49,9.59,9.36,9.59,239374
2021-02-05 13:30:00,9.58,9.6,9.41,9.53,241855
2021-02-05 14:30:00,9.54,9.56,9.37,9.37,144984
2021-02-05 15:30:00,9.38,9.52,9.37,9.49,220140
2021-02-08 09:30:00,9.61,10.25,9.41,10.05,394750
2021-02-08 10:30:00,10.04,10.09,9.67,9.7,127989
2021-02-08 11:30:00,9.7058,9.85,9.69,9.8385,147523
2021-02-08 12:30:00,9.8385,9.84,9.61,9.64,112975
2021-02-08 13:30:00,9.64,9.73,9.63,9.7199,85978
2021-02-08 14:30:00,9.715,9.74,9.63,9.7,145272
2021-02-08 15:30:00,9.71,9.8,9.68,9.75,169450
2021-02-09 09:30:00,9.75,9.85,9.34,9.41,335584
2021-02-09 10:30:00,9.393,9.52,9.3,9.51,179131
2021-02-09 11:30:00,9.52,9.765,9.505,9.76,115109
2021-02-09 12:30:00,9.745,9.8,9.63,9.64,64093
2021-02-09 13:30:00,9.63,9.785,9.56,9.76,133601
2021-02-09 14:30:00,9.75,9.7667,9.43,9.46,141947
2021-02-09 15:30:00,9.465,9.57,9.46,9.56,264505
2021-02-10 09:30:00,9.57,9.81,9.42,9.58,349419
2021-02-10 10:30:00,9.59,9.74,9.46,9.71,101029
2021-02-10 11:30:00,9.695,9.76,9.56,9.61,73316
2021-02-10 12:30:00,9.6,9.69,9.57,9.64,25670
2021-02-10 13:30:00,9.64,9.67,9.54,9.5681,57210
2021-02-10 14:30:00,9.57,9.76,9.56,9.743,78995
2021-02-10 15:30:00,9.75,9.775,9.64,9.72,127197
2021-02-11 09:30:00,9.65,9.8,9.4499,9.62,136641
2021-02-11 10:30:00,9.61,9.61,9.38,9.557,255658
2021-02-11 11:30:00,9.541,9.555,9.17,9.205,72257
2021-02-11 12:30:00,9.205,9.42,9.205,9.4,64916
2021-02-11 13:30:00,9.405,9.41,9.31,9.34,62274
2021-02-11 14:30:00,9.33,9.335,9.23,9.28,117556
2021-02-11 15:30:00,9.285,9.35,9.25,9.3,180519
2021-02-12 09:30:00,9.21,9.48,9.16,9.385,53178
2021-02-12 10:30:00,9.38,9.5,9.32,9.47,86096
2021-02-12 11:30:00,9.47,9.61,9.47,9.605,40676
2021-02-12 12:30:00,9.61,9.61,9.32,9.45,198984
2021-02-12 13:30:00,9.445,9.45,9.29,9.43,88194
2021-02-12 14:30:00,9.43,9.5,9.43,9.48,64025
2021-02-12 15:30:00,9.475,9.48,9.35,9.41,238921
2021-02-16 09:30:00,9.64,10.02,9.572,9.94,205479
2021-02-16 10:30:00,9.95,9.97,9.82,9.84,87523
2021-02-16 11:30:00,9.83,9.91,9.685,9.76,80856
2021-02-16 12:30:00,9.78,9.82,9.73,9.77,66232
2021-02-16 13:30:00,9.7786,9.83,9.7,9.83,94856
2021-02-16 14:30:00,9.8027,9.9,9.8021,9.88,62241
2021-02-16 15:30:00,9.89,9.95,9.85,9.92,152048
2021-02-22 09:30:00,9.47,10.03,9.43,10.02,118984
2021-02-22 10:30:00,10.02,10.17,9.9956,10.13,97808
2021-02-22 11:30:00,10.14,10.455,10.1284,10.44,98815
2021-02-22 12:30:00,10.45,10.469,10.34,10.3871,54836
2021-02-22 13:30:00,10.3961,10.49,10.37,10.4056,62455
2021-02-22 14:30:00,10.42,10.47,10.26,10.265,102866
2021-02-22 15:30:00,10.27,10.305,10.222,10.25,152554
2021-02-23 09:30:00,10.13,10.32,9.62,10.22,138784
2021-02-23 10:30:00,10.235,10.35,10.02,10.09,90088
2021-02-23 11:30:00,10.06,10.33,10.06,10.255,157252
2021-02-23 12:30:00,10.2714,10.33,10.15,10.16,120576
2021-02-23 13:30:00,10.16,10.41,10.14,10.4,46003
2021-02-23 14:30:00,10.4,10.49,10.3,10.435,105574
2021-02-23 15:30:00,10.435,10.48,10.35,10.36,226660
2021-02-24 09:30:00,10.24,10.57,9.65,10.41,250957
2021-02-24 10:30:00,10.43,10.57,10.28,10.39,129756
2021-02-24 11:30:00,10.44,10.75,10.37,10.75,135348
2021-02-24 12:30:00,10.73,10.84,10.59,10.82,130852
2021-02-24 13:30:00,10.78,11.0,10.7796,10.95,164467
2021-02-24 14:30:00,10.95,11.15,10.94,11.12,99939
2021-02-24 15:30:00,11.12,11.44,11.105,11.42,263778
2021-02-25 09:30:00,11.71,11.91,11.39,11.77,200855
2021-02-25 10:30:00,11.79,11.79,11.34,11.4,208859
2021-02-25 11:30:00,11.41,11.575,11.28,11.28,361642
2021-02-25 12:30:00,11.31,11.45,11.15,11.445,102681
2021-02-25 13:30:00,11.445,11.57,11.36,11.54,116940
2021-02-25 14:30:00,11.53,11.59,11.13,11.16,119190
2021-02-25 15:30:00,11.16,11.28,11.08,11.19,197080
2021-02-26 09:30:00,11.04,11.27,10.5435,10.57,189716
2021-02-26 10:30:00,10.57,11.28,10.55,11.17,115903
2021-02-26 11:30:00,11.185,11.54,11.185,11.4046,80356
2021-02-26 12:30:00,11.38,11.65,11.38,11.6154,102749
2021-02-26 13:30:00,11.61,11.61,10.69,11.38,78164
2021-02-26 14:30:00,11.39,11.64,11.37,11.55,123904
2021-02-26 15:30:00,11.53,11.665,11.45,11.45,170087
2021-03-01 09:30:00,11.92,11.98,11.47,11.495,157232
2021-03-01 10:30:00,11.51,11.9,11.49,11.81,86261
2021-03-01 11:30:00,11.83,11.84,11.68,11.68,73074
2021-03-01 12:30:00,11.68,11.78,11.43,11.6,108361
2021-03-01 13:30:00,11.58,11.68,11.565,11.65,99243
2021-03-01 14:30:00,11.65,11.77,11.62,11.66,126551
2021-03-01 15:30:00,11.655,12.04,11.64,12.03,299547
2021-03-02 09:30:00,12.19,12.22,11.68,11.8,129329
2021-03-02 10:30:00,11.79,11.9,11.66,11.7,63031
2021-03-02 11:30:00,11.715,11.73,11.54,11.67,58680
2021-03-02 12:30:00,11.66,11.74,11.52,11.57,45587
2021-03-02 13:30:00,11.54,11.62,11.32,11.34,60079
2021-03-02 14:30:00,11.36,11.47,11.331,11.36,72413
2021-03-02 15:30:00,11.3603,11.43,11.29,11.315,132157
2021-03-03 09:30:00,11.49,11.88,11.4114,11.75,74813
2021-03-03 10:30:00,11.7,11.91,11.56,11.9,62065
2021-03-03 11:30:00,11.8751,11.99,11.84,11.94,63005
2021-03-03 12:30:00,11.9482,12.07,11.93,12.02,76933
2021-03-03 13:30:00,11.98,12.0015,11.64,11.75,60800
2021-03-03 14:30:00,11.75,11.88,11.71,11.79,67598
2021-03-03 15:30:00,11.7855,11.8064,11.56,11.56,139516
2021-03-04 09:30:00,11.65,11.83,11.35,11.57,123159
2021-03-04 10:30:00,11.585,11.97,11.51,11.66,131105
2021-03-04 11:30:00,11.68,11.84,11.6,11.665,96378
2021-03-04 12:30:00,11.6433,11.67,11.21,11.345,143926
2021-03-04 13:30:00,11.35,11.54,11.23,11.52,166395
2021-03-04 14:30:00,11.52,11.74,11.44,11.62,116009
2021-03-04 15:30:00,11.6128,11.96,11.61,11.95,225535
2021-03-05 09:30:00,12.51,12.6,12.01,12.01,199704
2021-03-05 10:30:00,12.065,12.38,11.88,11.96,146370
2021-03-05 11:30:00,11.97,12.4,11.97,12.35,103391
2021-03-05 12:30:00,12.33,12.6295,12.33,12.6,87433
2021-03-05 13:30:00,12.6,12.92,12.58,12.83,203703
2021-03-05 14:30:00,12.83,13.1,12.83,12.99,448425
2021-03-05 15:30:00,13.02,13.18,12.96,13.14,336864
2021-03-08 09:30:00,13.13,13.65,13.06,13.22,351714
2021-03-08 10:30:00,13.23,13.79,13.2143,13.54,243288
2021-03-08 11:30:00,13.57,13.7,13.33,13.62,89517
2021-03-08 12:30:00,13.6513,13.725,13.45,13.695,119134
2021-03-08 13:30:00,13.695,13.9232,13.4754,13.9232,254064
2021-03-08 14:30:00,13.915,13.92,13.57,13.81,257171
2021-03-08 15:30:00,13.815,13.99,13.75,13.76,322113
2021-03-09 09:30:00,13.67,13.76,12.62,12.66,223940
2021-03-09 10:30:00,12.725,13.18,12.62,12.93,152857
2021-03-09 11:30:00,12.95,13.04,12.7,12.76,106527
2021-03-09 12:30:00,12.8,12.83,12.55,12.615,87601
2021-03-09 13:30:00,12.63,12.72,12.42,12.445,89784
2021-03-09 14:30:00,12.47,12.79,12.45,12.75,127035
2021-03-09 15:30:00,12.7491,12.76,12.35,12.41,237686
2021-03-10 09:30:00,12.32,12.68,12.14,12.14,225081
2021-03-10 10:30:00,12.16,12.49,12.11,12.38,260029
2021-03-10 11:30:00,12.37,12.575,12.36,12.455,106054
2021-03-10 12:30:00,12.455,12.53,12.39,12.47,113940
2021-03-10 13:30:00,12.47,12.54,12.41,12.525,104050
2021-03-10 14:30:00,12.52,12.71,12.49,12.7,195221
2021-03-10 15:30:00,12.7,12.79,12.62,12.74,317864
2021-03-11 09:30:00,12.57,12.88,12.4,12.68,150689
2021-03-11 10:30:00,12.66,13.01,12.66,12.85,99572
2021-03-11 11:30:00,12.835,12.867,12.7,12.74,69622
2021-03-11 12:30:00,12.76,12.777,12.6,12.6,40155
2021-03-11 13:30:00,12.63,12.67,12.49,12.64,49046
2021-03-11 14:30:00,12.64,12.81,12.6,12.69,94424
2021-03-11 15:30:00,12.7,12.725,12.62,12.68,143307
2021-04-27 09:30:00,9.48,9.57,9.35,9.39,44446
2021-04-27 10:30:00,9.38,9.42,9.32,9.38,51763
2021-04-27 11:30:00,9.39,9.47,9.35,9.43,207581
2021-04-27 12:30:00,9.43,9.439,9.23,9.27,178309
2021-04-27 13:30:00,9.27,9.28,9.04,9.165,195622
2021-04-27 14:30:00,9.17,9.25,9.12,9.25,135571
2021-04-27 15:30:00,9.245,9.42,9.21,9.4,191639
2021-04-28 09:30:00,9.49,9.79,9.445,9.77,123913
2021-04-28 10:30:00,9.76,9.88,9.7418,9.82,112411
2021-04-28 11:30:00,9.82,9.875,9.8,9.865,89167
2021-04-28 12:30:00,9.87,10.07,9.8469,10.05,83576
2021-04-28 13:30:00,10.04,10.08,9.96,10.05,62528
2021-04-28 14:30:00,10.05,10.17,10.01,10.17,151234
2021-04-28 15:30:00,10.17,10.25,10.145,10.21,161177
2021-04-29 09:30:00,10.42,10.52,10.3,10.43,137382
2021-04-29 10:30:00,10.41,10.42,10.23,10.29,88477
2021-04-29 11:30:00,10.3,10.3,10.06,10.12,115462
2021-04-29 12:30:00,10.11,10.23,10.1,10.16,66766
2021-04-29 13:30:00,10.17,10.25,10.135,10.25,48211
2021-04-29 14:30:00,10.25,10.31,10.15,10.17,141924
2021-04-29 15:30:00,10.175,10.23,10.165,10.18,220312
2021-04-30 09:30:00,9.93,10.22,9.9,10.06,120549
2021-04-30 10:30:00,10.02,10.0296,9.8,9.85,78803
2021-04-30 11:30:00,9.85,9.88,9.73,9.74,60029
2021-04-30 12:30:00,9.74,9.81,9.71,9.79,48965
2021-04-30 13:30:00,9.78,9.79,9.65,9.655,89479
2021-04-30 14:30:00,9.65,9.68,9.615,9.66,89206
2021-04-30 15:30:00,9.655,9.66,9.59,9.64,206061
2021-05-03 09:30:00,9.86,10.43,9.82,10.38,225238
2021-05-03 10:30:00,10.365,10.63,10.365,10.53,177357
2021-05-03 11:30:00,10.5665,10.74,10.41,10.74,104024
2021-05-03 12:30:00,10.75,10.75,10.58,10.59,83544
2021-05-03 13:30:00,10.595,10.75,10.55,10.74,134002
2021-05-03 14:30:00,10.74,10.75,10.69,10.73,160408
2021-05-03 15:30:00,10.73,10.74,10.69,10.72,275329
2021-05-04 09:30:00,10.67,10.83,10.2,10.48,134950
2021-05-04 10:30:00,10.46,10.54,10.24,10.33,78634
2021-05-04 11:30:00,10.34,10.52,10.29,10.48,59888
2021-05-04 12:30:00,10.465,10.49,10.4,10.45,58817
2021-05-04 13:30:00,10.44,10.5,10.43,10.47,60361
2021-05-04 14:30:00,10.47,10.5,10.39,10.42,104018
2021-05-04 15:30:00,10.42,10.46,10.34,10.35,140843
2021-05-05 09:30:00,10.03,10.39,9.69,10.2638,391779
2021-05-05 10:30:00,10.27,10.46,10.15,10.42,91167
2021-05-05 11:30:00,10.41,10.46,10.34,10.36,76125
2021-05-05 12:30:00,10.38,10.38,10.13,10.13,78374
2021-05-05 13:30:00,10.13,10.28,10.11,10.25,108493
2021-05-05 14:30:00,10.25,10.27,9.995,10.09,199015
2021-05-05 15:30:00,10.095,10.18,10.04,10.18,304694
2021-05-06 09:30:00,10.03,10.11,9.82,9.87,167007
2021-05-06 10:30:00,9.87,10.14,9.87,10.11,140401
2021-05-06 11:30:00,10.11,10.22,10.11,10.19,101629
2021-05-06 12:30:00,10.18,10.28,10.11,10.275,95232
2021-05-06 13:30:00,10.275,10.34,10.25,10.26,73386
2021-05-06 14:30:00,10.26,10.35,10.16,10.325,71903
2021-05-06 15:30:00,10.3289,10.475,10.285,10.46,180978
2021-05-07 09:30:00,10.29,10.5065,10.135,10.14,135578
2021-05-07 10:30:00,10.13,10.33,10.1,10.25,187299
2021-05-07 11:30:00,10.255,10.5,10.25,10.5,93334
2021-05-07 12:30:00,10.505,10.68,10.47,10.63,79839
2021-05-07 13:30:00,10.62,10.72,10.62,10.7075,65039
2021-05-07 14:30:00,10.69,10.79,10.63,10.785,94702
2021-05-07 15:30:00,10.785,10.99,10.765,10.98,296418
2021-05-10 09:30:00,11.14,11.53,10.85,10.91,195290
2021-05-10 10:30:00,10.94,10.98,10.78,10.82,58239
2021-05-10 11:30:00,10.84,10.94,10.79,10.83,42839
2021-05-10 12:30:00,10.83,11.18,10.83,11.15,260040
2021-05-10 13:30:00,11.15,11.175,11.04,11.06,120029
2021-05-10 14:30:00,11.06,11.1,10.85,10.9,150358
2021-05-10 15:30:00,10.905,10.9199,10.7,10.7,138151
2021-05-11 09:30:00,10.37,10.77,10.1381,10.41,635066
2021-05-11 10:30:00,10.39,10.54,10.25,10.49,68063
2021-05-11 11:30:00,10.49,10.69,10.47,10.6,57709
2021-05-11 12:30:00,10.6,10.785,10.6,10.74,115345
2021-05-11 13:30:00,10.74,10.83,10.72,10.8,59504
2021-05-11 14:30:00,10.79,10.79,10.66,10.73,109821
2021-05-11 15:30:00,10.73,10.8,10.65,10.77,261440
2021-05-12 09:30:00,10.78,11.23,10.69,11.14,117282
2021-05-12 10:30:00,11.12,11.32,11.05,11.1876,88057
2021-05-12 11:30:00,11.16,11.23,10.92,10.96,51069
2021-05-12 12:30:00,10.95,10.98,10.88,10.97,38726
2021-05-12 13:30:00,10.96,10.99,10.8,10.82,43946
2021-05-12 14:30:00,10.81,10.87,10.61,10.65,123007
2021-05-12 15:30:00,10.66,10.68,10.58,10.62,130641
2021-05-13 09:30:00,10.48,10.79,10.3,10.66,51959
2021-05-13 10:30:00,10.67,10.695,10.31,10.31,47133
2021-05-13 11:30:00,10.4056,10.4056,10.21,10.26,89919
2021-05-13 12:30:00,10.26,10.27,10.05,10.12,66061
2021-05-13 13:30:00,10.11,10.14,9.89,10.09,96855
2021-05-13 14:30:00,10.11,10.26,10.09,10.24,91183
2021-05-13 15:30:00,10.24,10.31,10.23,10.25,79692
2021-05-14 09:30:00,10.48,10.85,10.31,10.84,76139
2021-05-14 10:30:00,10.83,10.88,10.64,10.7021,38564
2021-05-14 11:30:00,10.71,10.72,10.57,10.59,26649
2021-05-14 12:30:00,10.6,10.62,10.53,10.585,46771
2021-05-14 13:30:00,10.59,10.73,10.56,10.73,40034
2021-05-14 14:30:00,10.73,10.76,10.62,10.63,235996
2021-05-14 15:30:00,10.625,10.635,10.55,10.57,209721
2021-05-17 09:30:00,10.44,10.73,10.22,10.36,185239
2021-05-17 10:30:00,10.36,10.51,10.32,10.39,80757
2021-05-17 11:30:00,10.39,10.44,10.35,10.44,84466
2021-05-17 12:30:00,10.44,10.61,10.43,10.61,116494
2021-05-17 13:30:00,10.605,10.75,10.58,10.72,140260
2021-05-17 14:30:00,10.73,10.88,10.71,10.87,105776
2021-05-17 15:30:00,10.87,10.99,10.87,10.99,181988
2021-05-18 09:30:00,10.97,11.03,10.69,10.81,85790
2021-05-18 10:30:00,10.8,10.86,10.7,10.86,86988
2021-05-18 11:30:00,10.86,10.88,10.59,10.7,88377
2021-05-18 12:30:00,10.7,10.7445,10.65,10.74,37640
2021-05-18 13:30:00,10.75,10.77,10.68,10.73,92811
2021-05-18 14:30:00,10.735,10.74,10.51,10.64,128614
2021-05-18 15:30:00,10.64,10.66,10.45,10.46,156783
2021-05-19 09:30:00,10.1,10.2,9.85,10.0,176746
2021-05-19 10:30:00,10.0,10.03,9.81,9.99,75674
2021-05-19 11:30:00,10.01,10.12,9.99,10.055,59244
2021-05-19 12:30:00,10.06,10.169,10.045,10.09,42785
2021-05-19 13:30:00,10.09,10.17,9.98,10.02,95171
2021-05-19 14:30:00,10.0247,10.05,9.89,10.01,127347
2021-05-19 15:30:00,10.015,10.06,9.955,10.01,144454
2021-05-20 09:30:00,9.94,9.9627,9.53,9.69,104467
2021-05-20 10:30:00,9.69,9.81,9.66,9.78,59843
2021-05-20 11:30:00,9.78,9.84,9.7,9.71,43383
2021-05-20 12:30:00,9.71,9.75,9.64,9.74,37153
2021-05-20 13:30:00,9.745,9.79,9.65,9.74,85605
2021-05-20 14:30:00,9.74,9.895,9.72,9.87,59590
2021-05-20 15:30:00,9.88,9.96,9.86,9.88,104534
2021-05-21 09:30:00,10.17,10.23,9.95,10.02,126545
2021-05-21 10:30:00,10.02,10.11,10.0,10.03,45075
2021-05-21 11:30:00,10.04,10.1,10.01,10.1,44543
2021-05-21 12:30:00,10.09,10.12,10.0331,10.0836,31983
2021-05-21 13:30:00,10.05,10.12,10.05,10.06,25821
2021-05-21 14:30:00,10.0745,10.1202,10.04,10.115,38802
2021-05-21 15:30:00,10.11,10.19,10.03,10.05,105249
2021-05-24 09:30:00,10.19,10.19,9.85,10.01,57568
2021-05-24 10:30:00,10.02,10.05,9.88,9.94,55000
2021-05-24 11:30:00,9.95,9.96,9.87,9.93,31484
2021-05-24 12:30:00,9.925,9.96,9.89,9.9,47732
2021-05-24 13:30:00,9.9,9.95,9.86,9.89,107294
2021-05-24 14:30:00,9.8884,9.96,9.88,9.905,242248
2021-05-24 15:30:00,9.901,9.915,9.83,9.85,141084
2021-05-25 09:30:00,9.78,9.98,9.6,9.85,57632
2021-05-25 10:30:00,9.87,9.87,9.6,9.62,38225
2021-05-25 11:30:00,9.63,9.67,9.595,9.62,27885
2021-05-25 12:30:00,9.63,9.7,9.595,9.7,49102
2021-05-25 13:30:00,9.7,9.7,9.58,9.6,28967
2021-05-25 14:30:00,9.5999,9.63,9.48,9.48,58306
2021-05-25 15:30:00,9.48,9.5,9.41,9.43,152489
2021-05-26 09:30:00,9.4,9.63,9.36,9.56,73804
2021-05-26 10:30:00,9.56,9.7,9.5581,9.64,31578
2021-05-26 11:30:00,9.63,9.72,9.61,9.7,33714
2021-05-26 12:30:00,9.68,9.69,9.61,9.67,27302
2021-05-26 13:30:00,9.67,9.67,9.58,9.65,27555
2021-05-26 14:30:00,9.63,9.72,9.62,9.72,50494
2021-05-26 15:30:00,9.715,9.745,9.64,9.7,170495
2021-05-27 09:30:00,9.85,10.08,9.79,10.03,77165
2021-05-27 10:30:00,10.03,10.08,9.94,10.02,46572
2021-05-27 11:30:00,10.02,10.03,9.93,9.97,46776
2021-05-27 12:30:00,9.96,10.06,9.94,10.05,58836
2021-05-27 13:30:00,10.04,10.09,10.005,10.05,68666
2021-05-27 14:30:00,10.05,10.09,10.04,10.075,47112
2021-05-27 15:30:00,10.075,10.08,9.93,9.98,89990
2021-05-28 09:30:00,10.07,10.1,9.84,9.92,74919
2021-05-28 10:30:00,9.92,9.98,9.91,9.93,38538
2021-05-28 11:30:00,9.93,9.9401,9.87,9.92,21404
2021-05-28 12:30:00,9.925,9.99,9.89,9.98,24836
2021-05-28 13:30:00,9.99,9.99,9.86,9.9,22631
2021-05-28 14:30:00,9.905,9.91,9.8,9.83,30083
2021-05-28 15:30:00,9.84,9.94,9.82,9.94,94671
2021-06-01 09:30:00,10.185,10.55,10.05,10.334,174948
2021-06-01 10:30:00,10.335,10.42,10.22,10.37,108101
2021-06-01 11:30:00,10.37,10.475,10.36,10.47,59206
2021-06-01 12:30:00,10.465,10.55,10.45,10.53,134213
2021-06-01 13:30:00,10.525,10.66,10.52,10.66,70346
2021-06-01 14:30:00,10.65,10.66,10.49,10.535,81989
2021-06-01 15:30:00,10.535,10.5399,10.49,10.5,109330
2021-06-02 09:30:00,10.45,11.06,10.28,11.01,293824
2021-06-02 10:30:00,11.01,11.11,10.88,11.075,374853
2021-06-02 11:30:00,11.07,11.27,11.0326,11.215,237339
2021-06-02 12:30:00,11.2,11.47,11.2,11.27,322753
2021-06-02 13:30:00,11.26,11.35,11.15,11.205,235187
2021-06-02 14:30:00,11.205,11.24,11.14,11.2,175829
2021-06-02 15:30:00,11.205,11.39,11.185,11.37,284133
2021-06-03 09:30:00,11.24,11.64,11.15,11.54,131096
2021-06-03 10:30:00,11.53,11.75,11.25,11.25,159213
2021-06-03 11:30:00,11.25,11.37,11.18,11.33,92869
2021-06-03 12:30:00,11.32,11.39,11.26,11.38,108059
2021-06-03 13:30:00,11.38,11.38,11.27,11.305,123124
2021-06-03 14:30:00,11.31,11.32,11.18,11.25,186814
2021-06-03 15:30:00,11.25,11.31,11.25,11.29,250746
2021-06-04 09:30:00,11.39,11.49,11.09,11.16,55097
2021-06-04 10:30:00,11.18,11.21,11.05,11.08,69183
2021-06-04 11:30:00,11.06,11.13,11.02,11.1,37619
2021-06-04 12:30:00,11.11,11.38,11.1,11.26,182194
2021-06-04 13:30:00,11.27,11.31,11.205,11.2212,99072
2021-06-04 14:30:00,11.2173,11.37,11.2,11.35,64868
2021-06-04 15:30:00,11.34,11.41,11.34,11.37,123955
2021-06-07 09:30:00,11.46,11.57,11.21,11.26,55474
2021-06-07 10:30:00,11.28,11.3,11.16,11.19,48056
2021-06-07 11:30:00,11.2,11.31,11.1809,11.291,45082
2021-06-07 12:30:00,11.3,11.33,11.22,11.22,48486
2021-06-07 13:30:00,11.23,11.235,11.145,11.16,62324
2021-06-07 14:30:00,11.16,11.19,11.07,11.14,66404
2021-06-07 15:30:00,11.14,11.15,11.09,11.11,116107
2021-06-08 09:30:00,11.0,11.14,10.82,11.14,91940
2021-06-08 10:30:00,11.0758,11.275,11.0758,11.15,111684
2021-06-08 11:30:00,11.17,11.2,11.05,11.06,169039
2021-06-08 12:30:00,11.06,11.1,11.0,11.01,45395
2021-06-08 13:30:00,11.0,11.0365,10.98,11.02,66238
2021-06-08 14:30:00,11.03,11.06,10.975,11.025,68135
2021-06-08 15:30:00,11.025,11.03,10.93,10.94,135888
2021-06-09 09:30:00,10.88,11.03,10.83,10.9653,65018
2021-06-09 10:30:00,10.97,10.98,10.88,10.9,57568
2021-06-09 11:30:00,10.8916,10.95,10.875,10.92,47216
2021-06-09 12:30:00,10.93,10.95,10.9,10.945,27914
2021-06-09 13:30:00,10.9363,10.96,10.9,10.92,58451
2021-06-09 14:30:00,10.92,10.9301,10.77,10.78,177721
2021-06-09 15:30:00,10.8198,10.82,10.76,10.77,122730
2021-07-27 09:30:00,8.07,8.21,7.82,8.02,87579
2021-07-27 10:30:00,8.0,8.04,7.92,7.9988,69228
2021-07-27 11:30:00,8.02,8.02,7.861,7.8793,48850
2021-07-27 12:30:00,7.88,7.93,7.83,7.915,63962
2021-07-27 13:30:00,7.915,8.01,7.905,7.965,132634
2021-07-27 14:30:00,7.965,7.99,7.93,7.975,66358
2021-07-27 15:30:00,7.98,7.99,7.94,7.99,155972
2021-07-28 09:30:00,8.08,8.19,7.55,7.56,214630
2021-07-28 10:30:00,7.57,7.75,7.52,7.73,195076
2021-07-28 11:30:00,7.725,7.8,7.69,7.745,133424
2021-07-28 12:30:00,7.74,7.88,7.73,7.805,149447
2021-07-28 13:30:00,7.805,7.83,7.74,7.8,101157
2021-07-28 14:30:00,7.795,7.96,7.79,7.93,167608
2021-07-28 15:30:00,7.935,7.98,7.81,7.855,195271
2021-07-29 09:30:00,8.06,8.06,7.75,7.98,156737
2021-07-29 10:30:00,7.98,8.03,7.88,7.94,74477
2021-07-29 11:30:00,7.9678,8.06,7.875,7.88,613485
2021-07-29 12:30:00,7.88,7.885,7.8,7.82,105514
2021-07-29 13:30:00,7.82,7.85,7.76,7.85,52661
2021-07-29 14:30:00,7.85,7.85,7.745,7.75,140415
2021-07-29 15:30:00,7.755,7.85,7.755,7.8,256419
2021-07-30 09:30:00,7.71,7.85,7.47,7.5,144715
2021-07-30 10:30:00,7.5,7.55,7.45,7.495,65737
2021-07-30 11:30:00,7.5075,7.555,7.43,7.55,61342
2021-07-30 12:30:00,7.555,7.57,7.44,7.4475,61016
2021-07-30 13:30:00,7.445,7.5,7.43,7.4738,52777
2021-07-30 14:30:00,7.45,7.535,7.445,7.52,70839
2021-07-30 15:30:00,7.52,7.56,7.48,7.55,137406
2021-08-02 09:30:00,7.57,8.0,7.49,7.75,134986
2021-08-02 10:30:00,7.72,7.76,7.61,7.62,108731
2021-08-02 11:30:00,7.61,7.61,7.5,7.55,129946
2021-08-02 12:30:00,7.55,7.61,7.52,7.545,63365
2021-08-02 13:30:00,7.55,7.66,7.52,7.65,87672
2021-08-02 14:30:00,7.645,7.72,7.62,7.705,162125
2021-08-02 15:30:00,7.705,7.71,7.55,7.59,309512
2021-08-03 09:30:00,7.49,7.63,7.24,7.5,110627
2021-08-03 10:30:00,7.52,7.62,7.46,7.62,76123
2021-08-03 11:30:00,7.62,7.75,7.6,7.725,77816
2021-08-03 12:30:00,7.72,7.775,7.655,7.68,84424
2021-08-03 13:30:00,7.68,7.71,7.63,7.71,87209
2021-08-03 14:30:00,7.71,7.8,7.66,7.705,210187
2021-08-03 15:30:00,7.705,7.74,7.58,7.74,356361
2021-08-04 09:30:00,7.45,7.655,6.77,7.16,285156
2021-08-04 10:30:00,7.14,7.2901,7.07,7.2,137747
2021-08-04 11:30:00,7.19,7.245,7.07,7.09,84637
2021-08-04 12:30:00,7.09,7.0907,7.0,7.015,79163
2021-08-04 13:30:00,7.015,7.03,6.86,6.89,114594
2021-08-04 14:30:00,6.885,6.93,6.83,6.9,158162
2021-08-04 15:30:00,6.895,6.93,6.88,6.89,177382
2021-08-05 09:30:00,6.88,7.1779,6.72,7.11,198415
2021-08-05 10:30:00,7.125,7.36,7.09,7.31,248994
2021-08-05 11:30:00,7.31,7.38,7.245,7.36,163608
2021-08-05 12:30:00,7.365,7.43,7.285,7.35,528527
2021-08-05 13:30:00,7.355,7.425,7.31,7.42,110003
2021-08-05 14:30:00,7.415,7.47,7.28,7.28,134636
2021-08-05 15:30:00,7.28,7.28,7.19,7.26,391929
2021-08-06 09:30:00,7.44,7.6518,7.36,7.49,130322
2021-08-06 10:30:00,7.5,7.5,7.35,7.45,152744
2021-08-06 11:30:00,7.46,7.5,7.37,7.47,115964
2021-08-06 12:30:00,7.47,7.49,7.38,7.395,79362
2021-08-06 13:30:00,7.4,7.41,7.36,7.375,68318
2021-08-06 14:30:00,7.375,7.42,7.34,7.395,83535
2021-08-06 15:30:00,7.395,7.4037,7.32,7.34,172924
2021-08-09 09:30:00,7.22,7.27,7.03,7.07,163640
2021-08-09 10:30:00,7.07,7.345,7.05,7.34,74959
2021-08-09 11:30:00,7.34,7.4,7.32,7.39,72422
2021-08-09 12:30:00,7.385,7.385,7.3,7.3499,42095
2021-08-09 13:30:00,7.345,7.3459,7.26,7.2888,50090
2021-08-09 14:30:00,7.285,7.34,7.26,7.26,75318
2021-08-09 15:30:00,7.265,7.28,7.23,7.23,131991
2021-08-10 09:30:00,7.135,7.42,7.1139,7.36,71056
2021-08-10 10:30:00,7.37,7.55,7.36,7.54,96027
2021-08-10 11:30:00,7.5415,7.5415,7.455,7.485,39533
2021-08-10 12:30:00,7.49,7.63,7.49,7.62,43108
2021-08-10 13:30:00,7.62,7.64,7.54,7.565,75778
2021-08-10 14:30:00,7.56,7.65,7.56,7.61,108810
2021-08-10 15:30:00,7.615,7.65,7.6,7.61,162859
2021-08-11 09:30:00,7.51,7.59,7.34,7.55,82147
2021-08-11 10:30:00,7.55,7.55,7.445,7.5,55045
2021-08-11 11:30:00,7.495,7.56,7.41,7.55,38565
2021-08-11 12:30:00,7.56,7.72,7.56,7.71,70311
2021-08-11 13:30:00,7.71,7.72,7.65,7.675,55022
2021-08-11 14:30:00,7.67,7.725,7.655,7.695,36112
2021-08-11 15:30:00,7.705,7.71,7.66,7.71,94373
2021-08-12 09:30:00,7.68,7.78,7.41,7.49,71122
2021-08-12 10:30:00,7.5,7.51,7.35,7.48,75998
2021-08-12 11:30:00,7.48,7.51,7.43,7.51,22329
2021-08-12 12:30:00,7.5,7.51,7.41,7.415,26456
2021-08-12 13:30:00,7.415,7.5,7.39,7.4868,23897
2021-08-12 14:30:00,7.48,7.53,7.46,7.51,28720
2021-08-12 15:30:00,7.505,7.55,7.49,7.53,70714
2021-08-13 09:30:00,7.48,7.53,7.27,7.33,101279
2021-08-13 10:30:00,7.32,7.41,7.3004,7.39,39861
2021-08-13 11:30:00,7.38,7.41,7.36,7.395,25602
2021-08-13 12:30:00,7.39,7.4,7.35,7.37,23705
2021-08-13 13:30:00,7.37,7.41,7.32,7.32,61895
2021-08-13 14:30:00,7.32,7.33,7.235,7.235,76444
2021-08-13 15:30:00,7.235,7.2623,7.16,7.2,137424
2021-08-16 09:30:00,7.0,7.075,6.82,6.96,131787
2021-08-16 10:30:00,6.94,7.07,6.94,7.045,39342
2021-08-16 11:30:00,7.04,7.09,6.985,6.99,39149
2021-08-16 12:30:00,6.98,7.01,6.95,7.0,31222
2021-08-16 13:30:00,7.0,7.0499,6.98,6.99,27754
2021-08-16 14:30:00,6.9875,7.04,6.96,6.97,35698
2021-08-16 15:30:00,6.9687,7.01,6.935,6.98,120105
2021-08-17 09:30:00,6.83,6.98,6.8,6.96,75052
2021-08-17 10:30:00,6.97,7.05,6.83,6.85,212649
2021-08-17 11:30:00,6.85,6.89,6.83,6.85,40493
2021-08-17 12:30:00,6.85,6.85,6.67,6.825,111536
2021-08-17 13:30:00,6.82,6.825,6.74,6.74,42249
2021-08-17 14:30:00,6.74,6.84,6.72,6.84,54231
2021-08-17 15:30:00,6.83,6.84,6.795,6.81,120247
2021-10-26 09:30:00,10.32,10.39,10.11,10.36,80634
2021-10-26 10:30:00,10.36,10.49,10.28,10.475,104644
2021-10-26 11:30:00,10.48,10.5,10.41,10.45,77523
2021-10-26 12:30:00,10.44,10.45,10.31,10.31,93844
2021-10-26 13:30:00,10.32,10.49,10.3111,10.49,87718
2021-10-26 14:30:00,10.5,10.54,10.47,10.525,76668
2021-10-26 15:30:00,10.525,10.555,10.41,10.46,214585
2021-10-27 09:30:00,10.32,10.33,9.89,10.25,110126
2021-10-27 10:30:00,10.23,10.249,10.06,10.09,42712
2021-10-27 11:30:00,10.1,10.21,9.95,10.02,79685
2021-10-27 12:30:00,10.02,10.02,9.92,9.99,48492
2021-10-27 13:30:00,9.98,9.98,9.87,9.88,47666
2021-10-27 14:30:00,9.885,9.92,9.79,9.885,100338
2021-10-27 15:30:00,9.885,9.94,9.84,9.9,148848
2021-10-28 09:30:00,9.85,10.12,9.77,10.1,65539
2021-10-28 10:30:00,10.109,10.11,9.96,9.9966,41281
2021-10-28 11:30:00,10.0,10.07,10.0,10.01,37032
2021-10-28 12:30:00,10.015,10.125,9.98,10.115,44967
2021-10-28 13:30:00,10.12,10.17,10.08,10.08,41517
2021-10-28 14:30:00,10.0811,10.13,10.015,10.015,150168
2021-10-28 15:30:00,10.02,10.09,9.98,10.09,269185
2021-10-29 09:30:00,10.14,10.14,9.79,9.8,67516
2021-10-29 10:30:00,9.79,9.96,9.79,9.935,37051
2021-10-29 11:30:00,9.94,9.955,9.65,9.67,77974
2021-10-29 12:30:00,9.66,9.73,9.555,9.56,64084
2021-10-29 13:30:00,9.565,9.64,9.46,9.48,104781
2021-10-29 14:30:00,9.47,9.58,9.465,9.541,66933
2021-10-29 15:30:00,9.541,9.6,9.511,9.59,207776
2021-11-01 09:30:00,9.78,9.92,9.67,9.79,154260
2021-11-01 10:30:00,9.79,9.895,9.71,9.76,266179
2021-11-01 11:30:00,9.77,9.82,9.67,9.71,81935
2021-11-01 12:30:00,9.71,9.73,9.58,9.59,103228
2021-11-01 13:30:00,9.585,9.77,9.53,9.77,210279
2021-11-01 14:30:00,9.76,9.77,9.63,9.64,185348
2021-11-01 15:30:00,9.6716,9.7,9.63,9.66,157067
2021-11-02 09:30:00,9.5,9.68,9.3,9.47,79487
2021-11-02 10:30:00,9.46,9.53,9.4084,9.49,70943
2021-11-02 11:30:00,9.485,9.49,9.4,9.44,57101
2021-11-02 12:30:00,9.44,9.48,9.405,9.46,52194
2021-11-02 13:30:00,9.46,9.48,9.42,9.435,46651
2021-11-02 14:30:00,9.43,9.545,9.42,9.52,118503
2021-11-02 15:30:00,9.52,9.59,9.47,9.59,170407
2021-11-03 09:30:00,9.35,9.745,9.31,9.67,102856
2021-11-03 10:30:00,9.66,9.74,9.61,9.69,84895
2021-11-03 11:30:00,9.69,9.72,9.57,9.58,61941
2021-11-03 12:30:00,9.57,9.605,9.53,9.55,40285
2021-11-03 13:30:00,9.56,9.68,9.46,9.63,34352
2021-11-03 14:30:00,9.635,9.76,9.63,9.725,82977
2021-11-03 15:30:00,9.725,9.74,9.56,9.6,157198
2021-11-04 09:30:00,9.95,10.1,9.68,9.72,145610
2021-11-04 10:30:00,9.73,9.79,9.57,9.63,83524
2021-11-04 11:30:00,9.62,9.69,9.6001,9.61,52312
2021-11-04 12:30:00,9.61,9.64,9.545,9.58,47576
2021-11-04 13:30:00,9.575,9.58,9.365,9.365,84521
2021-11-04 14:30:00,9.365,9.3899,9.255,9.335,201503
2021-11-04 15:30:00,9.33,9.48,9.32,9.44,254674
2021-11-05 09:30:00,9.67,9.87,9.59,9.605,116334
2021-11-05 10:30:00,9.605,9.62,9.505,9.57,131302
2021-11-05 11:30:00,9.57,9.61,9.52,9.57,76238
2021-11-05 12:30:00,9.57,9.63,9.53,9.545,75916
2021-11-05 13:30:00,9.55,9.7,9.54,9.685,58962
2021-11-05 14:30:00,9.685,9.76,9.66,9.68,93731
2021-11-05 15:30:00,9.68,9.695,9.59,9.6,133427
2021-11-08 09:30:00,9.77,10.17,9.72,10.11,129763
2021-11-08 10:30:00,10.11,10.15,9.99,9.99,82820
2021-11-08 11:30:00,10.0276,10.0276,9.915,9.98,57493
2021-11-08 12:30:00,9.98,9.99,9.87,9.8751,69347
2021-11-08 13:30:00,9.88,9.895,9.75,9.83,42399
2021-11-08 14:30:00,9.84,9.89,9.83,9.86,43291
2021-11-08 15:30:00,9.8621,9.91,9.86,9.89,122763
2021-11-09 09:30:00,9.87,10.0,9.61,9.76,155449
2021-11-09 10:30:00,9.76,9.87,9.63,9.8452,87014
2021-11-09 11:30:00,9.86,9.87,9.73,9.8,48366
2021-11-09 12:30:00,9.8,9.84,9.77,9.81,47987
2021-11-09 13:30:00,9.81,9.859,9.77,9.855,57481
2021-11-09 14:30:00,9.855,9.91,9.83,9.88,66331
2021-11-09 15:30:00,9.885,10.05,9.885,9.98,126190
2021-11-10 09:30:00,9.82,9.96,9.635,9.71,76517
2021-11-10 10:30:00,9.7,9.73,9.64,9.715,107880
2021-11-10 11:30:00,9.71,9.73,9.58,9.61,77780
2021-11-10 12:30:00,9.61,9.62,9.47,9.47,60480
2021-11-10 13:30:00,9.47,9.49,9.36,9.38,49899
2021-11-10 14:30:00,9.38,9.47,9.325,9.41,86554
2021-11-10 15:30:00,9.415,9.525,9.37,9.46,206692
2021-11-11 09:30:00,9.49,9.58,9.38,9.49,50680
2021-11-11 10:30:00,9.51,9.51,9.4127,9.44,46470
2021-11-11 11:30:00,9.455,9.51,9.44,9.48,29938
2021-11-11 12:30:00,9.48,9.49,9.38,9.41,36735
2021-11-11 13:30:00,9.415,9.445,9.38,9.41,52445
2021-11-11 14:30:00,9.41,9.44,9.36,9.4,85658
2021-11-11 15:30:00,9.41,9.41,9.32,9.33,119812
2021-11-12 09:30:00,9.33,9.37,9.15,9.19,89127
2021-11-12 10:30:00,9.18,9.26,9.18,9.21,100921
2021-11-12 11:30:00,9.205,9.25,9.17,9.22,27904
2021-11-12 12:30:00,9.21,9.2198,9.1301,9.18,31724
2021-11-12 13:30:00,9.17,9.24,9.125,9.22,40926
2021-11-12 14:30:00,9.22,9.25,9.16,9.23,104839
2021-11-12 15:30:00,9.235,9.24,9.19,9.21,77191
2021-11-15 09:30:00,9.19,9.25,8.94,9.0239,89801
2021-11-15 10:30:00,9.03,9.08,8.97,9.04,58451
2021-11-15 11:30:00,9.06,9.075,8.99,9.0289,27030
2021-11-15 12:30:00,9.04,9.13,9.04,9.09,40912
2021-11-15 13:30:00,9.1067,9.145,9.09,9.105,39373
2021-11-15 14:30:00,9.105,9.13,9.05,9.09,64297
2021-11-15 15:30:00,9.095,9.095,8.985,9.02,179638
2021-11-16 09:30:00,9.02,9.08,8.85,8.9,65995
2021-11-16 10:30:00,8.9,8.95,8.85,8.92,43213
2021-11-16 11:30:00,8.91,9.04,8.89,9.02,78542
2021-11-16 12:30:00,9.03,9.14,9.015,9.045,58055
2021-11-16 13:30:00,9.04,9.0505,8.92,8.99,74719
2021-11-16 14:30:00,9.0,9.02,8.935,8.94,105416
2021-11-16 15:30:00,8.94,8.98,8.925,8.96,121767
2021-11-17 09:30:00,8.81,8.93,8.59,8.85,99638
2021-11-17 10:30:00,8.85,8.91,8.73,8.75,44201
2021-11-17 11:30:00,8.75,8.75,8.54,8.58,52762
2021-11-17 12:30:00,8.58,8.6296,8.54,8.56,51691
2021-11-17 13:30:00,8.555,8.56,8.48,8.53,72736
2021-11-17 14:30:00,8.52,8.62,8.51,8.52,266360
2021-11-17 15:30:00,8.52,8.58,8.48,8.58,197184
2021-11-18 09:30:00,8.62,8.65,8.11,8.15,255455
2021-11-18 10:30:00,8.14,8.33,8.14,8.33,140414
2021-11-18 11:30:00,8.32,8.34,8.24,8.25,224908
2021-11-18 12:30:00,8.25,8.3,8.23,8.295,112022
2021-11-18 13:30:00,8.295,8.295,8.145,8.145,128045
2021-11-18 14:30:00,8.145,8.275,8.12,8.255,168895
2021-11-18 15:30:00,8.255,8.26,8.14,8.23,362744
2022-01-27 09:30:00,11.01,11.23,10.85,10.85,116924
2022-01-27 10:30:00,10.84,10.9,10.71,10.73,59408
2022-01-27 11:30:00,10.72,10.8,10.6056,10.66,47063
2022-01-27 12:30:00,10.65,10.66,10.44,10.44,96555
2022-01-27 13:30:00,10.45,10.58,10.42,10.51,60908
2022-01-27 14:30:00,10.51,10.54,10.36,10.49,79531
2022-01-27 15:30:00,10.485,10.53,10.41,10.49,236334
2022-01-28 09:30:00,10.43,10.75,10.32,10.515,142524
2022-01-28 10:30:00,10.5,10.51,10.25,10.44,74982
2022-01-28 11:30:00,10.47,10.53,10.39,10.39,35090
2022-01-28 12:30:00,10.39,10.39,10.24,10.34,36110
2022-01-28 13:30:00,10.36,10.39,10.15,10.15,50979
2022-01-28 14:30:00,10.1777,10.3,10.14,10.27,64711
2022-01-28 15:30:00,10.265,10.4,10.235,10.4,153881
2022-01-31 09:30:00,10.27,10.41,10.12,10.41,137266
2022-01-31 10:30:00,10.41,10.42,10.27,10.38,71260
2022-01-31 11:30:00,10.38,10.6,10.31,10.585,97552
2022-01-31 12:30:00,10.585,10.71,10.58,10.64,63629
2022-01-31 13:30:00,10.65,10.7,10.58,10.62,91206
2022-01-31 14:30:00,10.5964,10.65,10.47,10.56,84129
2022-01-31 15:30:00,10.56,10.59,10.49,10.51,153166
2022-02-01 09:30:00,10.41,10.97,10.2901,10.87,114927
2022-02-01 10:30:00,10.89,10.96,10.8,10.83,56951
2022-02-01 11:30:00,10.83,10.96,10.79,10.87,93004
2022-02-01 12:30:00,10.87,10.965,10.84,10.95,105918
2022-02-01 13:30:00,10.95,10.98,10.87,10.97,346438
2022-02-01 14:30:00,10.97,11.09,10.935,11.08,148735
2022-02-01 15:30:00,11.08,11.29,11.0758,11.28,288570
2022-02-02 09:30:00,11.18,11.34,10.96,11.07,137470
2022-02-02 10:30:00,11.07,11.13,10.92,11.0,81607
2022-02-02 11:30:00,10.99,11.17,10.97,11.15,61362
2022-02-02 12:30:00,11.14,11.165,11.06,11.09,75887
2022-02-02 13:30:00,11.1,11.19,11.08,11.09,42846
2022-02-02 14:30:00,11.09,11.18,11.08,11.13,65043
2022-02-02 15:30:00,11.135,11.17,11.05,11.07,106214
2022-02-03 09:30:00,10.9,11.135,10.78,10.88,74168
2022-02-03 10:30:00,10.9076,10.9799,10.84,10.84,44977
2022-02-03 11:30:00,10.85,10.88,10.71,10.74,126521
2022-02-03 12:30:00,10.74,10.9,10.74,10.865,53316
2022-02-03 13:30:00,10.87,11.04,10.85,11.015,87211
2022-02-03 14:30:00,11.0189,11.025,10.89,10.96,99573
2022-02-03 15:30:00,10.955,10.96,10.8499,10.87,134908
2022-02-04 09:30:00,11.02,11.15,10.86,11.08,68808
2022-02-04 10:30:00,11.08,11.12,10.93,11.05,75381
2022-02-04 11:30:00,11.06,11.17,11.01,11.155,123642
2022-02-04 12:30:00,11.16,11.205,11.1,11.2,44291
2022-02-04 13:30:00,11.205,11.39,11.2,11.295,147066
2022-02-04 14:30:00,11.3,11.53,11.255,11.515,226592
2022-02-04 15:30:00,11.515,11.53,11.23,11.23,214165
2022-02-07 09:30:00,11.03,11.16,10.96,11.07,106404
2022-02-07 10:30:00,11.04,11.24,11.01,11.21,42390
2022-02-07 11:30:00,11.22,11.22,11.062,11.08,62496
2022-02-07 12:30:00,11.07,11.2,11.07,11.14,53247
2022-02-07 13:30:00,11.14,11.23,11.13,11.185,67068
2022-02-07 14:30:00,11.185,11.3,11.18,11.2426,67055
2022-02-07 15:30:00,11.24,11.245,11.08,11.12,218975
2022-02-08 09:30:00,11.11,11.23,10.81,11.0,176857
2022-02-08 10:30:00,11.02,11.08,10.87,10.89,60800
2022-02-08 11:30:00,10.91,10.92,10.81,10.86,51562
2022-02-08 12:30:00,10.86,11.02,10.8546,10.9728,58784
2022-02-08 13:30:00,10.97,11.02,10.94,10.965,67254
2022-02-08 14:30:00,10.96,10.97,10.821,10.845,85156
2022-02-08 15:30:00,10.8401,10.93,10.8401,10.93,174164
2022-02-09 09:30:00,10.93,11.08,10.73,11.02,105510
2022-02-09 10:30:00,11.01,11.08,10.9,10.92,137872
2022-02-09 11:30:00,10.92,11.01,10.9,11.0,39307
2022-02-09 12:30:00,11.01,11.11,10.98,11.1,155026
2022-02-09 13:30:00,11.1,11.12,11.0,11.11,68531
2022-02-09 14:30:00,11.11,11.13,11.035,11.06,58941
2022-02-09 15:30:00,11.05,11.11,10.97,11.1,173745
2022-02-10 09:30:00,11.0,11.55,10.9201,11.52,159774
2022-02-10 10:30:00,11.52,11.6383,11.46,11.57,108995
2022-02-10 11:30:00,11.58,11.74,11.57,11.69,66629
2022-02-10 12:30:00,11.7,11.72,11.48,11.58,70210
2022-02-10 13:30:00,11.56,11.6,11.41,11.59,117338
2022-02-10 14:30:00,11.59,11.67,11.555,11.66,267905
2022-02-10 15:30:00,11.66,11.785,11.62,11.76,419775
2022-02-11 09:30:00,11.84,12.41,11.8,12.375,117275
2022-02-11 10:30:00,12.38,12.55,12.37,12.51,173995
2022-02-11 11:30:00,12.52,12.58,12.44,12.5799,153623
2022-02-11 12:30:00,12.5799,12.745,12.5694,12.7084,144031
2022-02-11 13:30:00,12.7,12.75,12.28,12.3239,205384
2022-02-11 14:30:00,12.34,12.59,12.25,12.55,151235
2022-02-11 15:30:00,12.55,12.62,12.49,12.54,196008
2022-02-14 09:30:00,12.4,12.67,12.27,12.38,159654
2022-02-14 10:30:00,12.37,12.45,12.31,12.33,65281
2022-02-14 11:30:00,12.33,12.35,12.16,12.26,72641
2022-02-14 12:30:00,12.26,12.31,12.2,12.24,44726
2022-02-14 13:30:00,12.23,12.46,12.18,12.37,112985
2022-02-14 14:30:00,12.36,12.4,12.24,12.35,117849
2022-02-14 15:30:00,12.34,12.51,12.34,12.46,268906
2022-02-15 09:30:00,12.02,12.38,11.8301,12.3611,145033
2022-02-15 10:30:00,12.2862,12.41,12.25,12.35,83090
2022-02-15 11:30:00,12.3447,12.48,12.27,12.48,137665
2022-02-15 12:30:00,12.4324,12.54,12.37,12.45,65922
2022-02-15 13:30:00,12.4132,12.55,12.4132,12.435,79710
2022-02-15 14:30:00,12.43,12.5,12.39,12.45,80878
2022-02-15 15:30:00,12.465,12.57,12.42,12.5,157679
2022-02-22 09:30:00,12.5,12.68,12.0,12.23,132635
2022-02-22 10:30:00,12.22,12.26,12.11,12.245,90001
2022-02-22 11:30:00,12.245,12.39,12.11,12.19,123003
2022-02-22 12:30:00,12.19,12.26,12.13,12.14,61055
2022-02-22 13:30:00,12.14,12.1695,11.88,12.05,118685
2022-02-22 14:30:00,12.0269,12.24,12.0132,12.1682,115364
2022-02-22 15:30:00,12.16,12.18,11.92,11.95,199555
2022-02-23 09:30:00,11.67,11.94,11.21,11.25,590607
2022-02-23 10:30:00,11.25,11.39,11.0342,11.04,209176
2022-02-23 11:30:00,11.1035,11.19,10.91,11.135,152609
2022-02-23 12:30:00,11.135,11.3,10.7802,10.7802,181654
2022-02-23 13:30:00,10.8531,10.97,10.715,10.74,190754
2022-02-23 14:30:00,10.74,10.92,10.66,10.875,163982
2022-02-23 15:30:00,10.8414,10.88,10.73,10.78,271965
2022-02-24 09:30:00,10.85,11.43,10.82,11.17,342037
2022-02-24 10:30:00,11.17,11.34,11.095,11.22,227632
2022-02-24 11:30:00,11.215,11.42,11.15,11.42,114053
2022-02-24 12:30:00,11.42,11.6498,11.4,11.41,236223
2022-02-24 13:30:00,11.405,11.46,11.2001,11.37,243363
2022-02-24 14:30:00,11.37,11.73,11.3587,11.72,192930
2022-02-24 15:30:00,11.73,11.98,11.7169,11.935,314863
2022-02-25 09:30:00,11.9,12.19,11.65,11.84,124799
2022-02-25 10:30:00,11.85,11.87,11.47,11.51,133024
2022-02-25 11:30:00,11.51,11.88,11.5,11.82,65939
2022-02-25 12:30:00,11.8446,11.97,11.8,11.97,50825
2022-02-25 13:30:00,11.965,12.02,11.92,12.02,80915
2022-02-25 14:30:00,12.015,12.038,11.89,11.905,112016
2022-02-25 15:30:00,11.91,11.94,11.855,11.93,301397
2022-02-28 09:30:00,11.97,12.57,11.9,12.565,316036
2022-02-28 10:30:00,12.57,12.84,12.55,12.7926,148695
2022-02-28 11:30:00,12.83,12.87,12.68,12.845,105129
2022-02-28 12:30:00,12.85,12.9,12.7,12.79,130829
2022-02-28 13:30:00,12.785,12.84,12.48,12.5176,113941
2022-02-28 14:30:00,12.48,12.68,12.45,12.655,61104
2022-02-28 15:30:00,12.649,12.81,12.6,12.76,159254
2022-03-01 09:30:00,12.96,13.2,12.66,12.72,179630
2022-03-01 10:30:00,12.727965,12.8255,12.525,12.55,100172
2022-03-01 11:30:00,12.53,12.56,12.37,12.43,76477
2022-03-01 12:30:00,12.44,12.5,12.24,12.255,64750
2022-03-01 13:30:00,12.25,12.33,12.18,12.3,122611
2022-03-01 14:30:00,12.31,12.5,12.29,12.4243,112819
2022-03-01 15:30:00,12.4,12.43,12.255,12.41,188429
2022-03-02 09:30:00,12.71,13.16,12.53,12.98,147957
2022-03-02 10:30:00,12.9858,13.0,12.84,12.924,103697
2022-03-02 11:30:00,12.9286,13.02,12.835,12.8455,106161
2022-03-02 12:30:00,12.86,12.9,12.79,12.895,78600
2022-03-02 13:30:00,12.9,13.0,12.86,12.99,83310
2022-03-02 14:30:00,12.98,13.03,12.955,13.01,139019
2022-03-02 15:30:00,13.01,13.16,13.0061,13.05,179637
2022-03-03 09:30:00,12.95,13.05,12.6505,12.99,263530
2022-03-03 10:30:00,12.99,13.16,12.94,13.025,167590
2022-03-03 11:30:00,13.0023,13.13,12.94,13.0,111370
2022-03-03 12:30:00,13.03,13.2,13.021,13.14,89695
2022-03-03 13:30:00,13.13,13.151,13.03,13.04,92933
2022-03-03 14:30:00,13.035,13.23,13.0,13.225,131822
2022-03-03 15:30:00,13.23,13.39,13.18,13.37,482558
2022-03-04 09:30:00,13.39,13.73,13.23,13.6,375011
2022-03-04 10:30:00,13.6,13.74,13.28,13.33,132787
2022-03-04 11:30:00,13.32,13.41,13.19,13.335,96329
2022-03-04 12:30:00,13.33,13.58,13.33,13.515,55716
2022-03-04 13:30:00,13.52,13.8,13.46,13.785,90840
2022-03-04 14:30:00,13.8,14.0,13.7453,13.984,209438
2022-03-04 15:30:00,13.98,13.98,13.74,13.88,255206
2022-03-07 09:30:00,14.19,15.89,14.0,15.695,815885
2022-03-07 10:30:00,15.69,16.06,15.56,15.83,274548
2022-03-07 11:30:00,15.81,15.81,14.71,14.84,244254
2022-03-07 12:30:00,14.84,15.02,14.43,15.02,234082
2022-03-07 13:30:00,15.02,15.1,14.69,14.8,213949
2022-03-07 14:30:00,14.8,15.04,14.7686,14.82,287499
2022-03-07 15:30:00,14.82,14.883,14.65,14.705,501123
2022-03-08 09:30:00,15.03,15.42,14.77,15.08,477982
2022-03-08 10:30:00,15.07,15.37,14.95,15.255,501970
2022-03-08 11:30:00,15.26,15.37,14.42,14.49,459319
2022-03-08 12:30:00,14.52,15.11,14.38,15.09,337409
2022-03-08 13:30:00,15.075,15.25,14.88,15.102,376712
2022-03-08 14:30:00,15.09,15.16,14.96,14.96,326598
2022-03-08 15:30:00,14.97,15.05,14.895,14.92,479644
2022-03-09 09:30:00,14.19,14.46,13.46,13.7112,388817
2022-03-09 10:30:00,13.73,14.18,13.71,14.169,240842
2022-03-09 11:30:00,14.15,14.28,14.03,14.2,206675
2022-03-09 12:30:00,14.18,14.23,13.82,14.19,347615
2022-03-09 13:30:00,14.18,14.25,13.92,14.11,242986
2022-03-09 14:30:00,14.1,14.28,14.0,14.265,176765
2022-03-09 15:30:00,14.26,14.38,14.24,14.24,312363
2022-03-10 09:30:00,14.38,14.83,14.36,14.67,291651
2022-03-10 10:30:00,14.66,14.74,14.285,14.31,387728
2022-03-10 11:30:00,14.31,14.345,14.219,14.285,369331
2022-03-10 12:30:00,14.28,14.55,14.2,14.55,231586
2022-03-10 13:30:00,14.54,14.78,14.5174,14.7,247334
2022-03-10 14:30:00,14.695,14.83,14.68,14.825,204963
2022-03-10 15:30:00,14.83,14.88,14.77,14.82,456153
2022-03-11 09:30:00,14.59,14.94,14.18,14.24,159235
2022-03-11 10:30:00,14.26,14.34,14.105,14.24514,119066
2022-03-11 11:30:00,14.23,14.45,14.13,14.41,74607
2022-03-11 12:30:00,14.3813,14.61,14.3813,14.605,120435
2022-03-11 13:30:00,14.6,14.82,14.576,14.75,157422
2022-03-11 14:30:00,14.74,14.81,14.64,14.7,157986
2022-03-11 15:30:00,14.7,14.75,14.53,14.54,222280
2022-03-14 09:30:00,14.11,14.27,13.07,13.465,312839
2022-03-14 10:30:00,13.465,13.465,13.1099,13.18,250212
2022-03-14 11:30:00,13.18,13.33,12.95,13.22,119450
2022-03-14 12:30:00,13.215,13.46,13.21,13.31,201958
2022-03-14 13:30:00,13.3,13.37,13.25,13.255,117418
2022-03-14 14:30:00,13.255,13.305,13.135,13.135,155902
2022-03-14 15:30:00,13.135,13.47,13.125,13.4501,279917
2022-03-15 09:30:00,12.93,13.43,12.64,13.3,237119
2022-03-15 10:30:00,13.3,13.3147,12.925,12.955,154421
2022-03-15 11:30:00,12.955,13.31,12.935,13.3,135891
2022-03-15 12:30:00,13.3,13.3,12.94,12.985,139669
2022-03-15 13:30:00,12.98,13.06,12.89,12.98,138233
2022-03-15 14:30:00,12.98,13.03,12.921,12.935,140878
2022-03-15 15:30:00,12.935,12.9573,12.79,12.9001,261275
2022-03-16 09:30:00,12.99,13.16,12.56,12.59,186996
2022-03-16 10:30:00,12.57,12.64,12.4,12.62,186380
2022-03-16 11:30:00,12.61,12.81,12.56,12.77,132032
2022-03-16 12:30:00,12.77,12.83,12.695,12.79,113681
2022-03-16 13:30:00,12.78,12.87,12.71,12.726658,92341
2022-03-16 14:30:00,12.705,12.74,12.52,12.67,118846
2022-03-16 15:30:00,12.675,12.78,12.63,12.76,194851
2022-04-26 09:30:00,13.64,14.03,13.595,13.825,141163
2022-04-26 10:30:00,13.85,14.39,13.685,14.35,129938
2022-04-26 11:30:00,14.35,14.47,14.305,14.34,161975
2022-04-26 12:30:00,14.335,14.55,14.2723,14.275,103118
2022-04-26 13:30:00,14.27,14.27,14.08,14.11,144146
2022-04-26 14:30:00,14.11,14.12,13.845,13.865,118181
2022-04-26 15:30:00,13.87,13.9026,13.8,13.81,115434
2022-04-27 09:30:00,13.89,13.98,13.52,13.745,110752
2022-04-27 10:30:00,13.75,14.09,13.69,13.92,68578
2022-04-27 11:30:00,13.92,14.15,13.85,13.99,58897
2022-04-27 12:30:00,14.0,14.04,13.84,13.9,38908
2022-04-27 13:30:00,13.91,14.095,13.8888,14.055,46426
2022-04-27 14:30:00,14.05,14.0716,13.77,13.9343,74474
2022-04-27 15:30:00,13.9251,13.98,13.855,13.87,117483
2022-04-28 09:30:00,14.11,14.11,13.2099,13.31,187751
2022-04-28 10:30:00,13.34,13.8,13.325,13.73,133485
2022-04-28 11:30:00,13.74,14.12,13.72,14.12,87708
2022-04-28 12:30:00,14.13,14.29,14.09,14.17,59887
2022-04-28 13:30:00,14.17,14.36,14.11,14.26,74177
2022-04-28 14:30:00,14.28,14.53,14.24,14.45,88677
2022-04-28 15:30:00,14.435,14.46,14.23,14.26,148695
2022-04-29 09:30:00,14.19,14.51,14.09,14.39,121765
2022-04-29 10:30:00,14.385,14.43,14.15,14.34,94816
2022-04-29 11:30:00,14.34,14.41,14.12,14.1721,111653
2022-04-29 12:30:00,14.1722,14.29,14.07,14.28,129314
2022-04-29 13:30:00,14.29,14.365,14.04,14.055,286548
2022-04-29 14:30:00,14.07,14.1792,13.9,13.97,276675
2022-04-29 15:30:00,13.97,14.16,13.93,14.15,518167
2022-05-02 09:30:00,14.0,14.41,13.67,14.26,167955
2022-05-02 10:30:00,14.27,14.365,13.97,14.134,136464
2022-05-02 11:30:00,14.16,14.345,14.1291,14.18,75341
2022-05-02 12:30:00,14.18,14.28,14.02,14.04,81468
2022-05-02 13:30:00,14.05,14.08,13.77,13.885,98219
2022-05-02 14:30:00,13.88,14.1,13.79,14.07,101334
2022-05-02 15:30:00,14.07,14.27,14.07,14.18,165619
2022-05-03 09:30:00,14.19,14.39,14.02,14.325,164897
2022-05-03 10:30:00,14.3171,14.5,14.28,14.395,113159
2022-05-03 11:30:00,14.3791,14.48,14.19,14.29,124807
2022-05-03 12:30:00,14.2727,14.31,14.15,14.21,79887
2022-05-03 13:30:00,14.2538,14.3,14.06,14.13,98721
2022-05-03 14:30:00,14.1289,14.34,14.1043,14.2375,94923
2022-05-03 15:30:00,14.2615,14.37,14.2,14.2,179023
2022-05-04 09:30:00,14.58,14.76,13.5,13.8,291141
2022-05-04 10:30:00,13.78,14.25,13.51,13.61,301919
2022-05-04 11:30:00,13.58,13.59,13.21,13.23,276766
2022-05-04 12:30:00,13.21,13.47,13.06,13.47,271307
2022-05-04 13:30:00,13.46,13.73,13.22,13.34,230896
2022-05-04 14:30:00,13.33,13.82,13.06,13.756,258033
2022-05-04 15:30:00,13.748,13.95,13.74,13.89,329241
2022-05-05 09:30:00,14.14,14.23,13.5,13.59,289332
2022-05-05 10:30:00,13.59,13.68,12.96,13.08,161176
2022-05-05 11:30:00,13.06,13.13,12.59,12.71,145110
2022-05-05 12:30:00,12.7,12.99,12.68,12.95,109602
2022-05-05 13:30:00,12.94,13.05,12.8,12.85,310516
2022-05-05 14:30:00,12.87,12.98,12.8,12.9,188674
2022-05-05 15:30:00,12.9,13.19,12.87,13.18,387755
2022-05-06 09:30:00,13.38,13.56,13.06,13.27,182403
2022-05-06 10:30:00,13.23,13.5,13.15,13.385,98938
2022-05-06 11:30:00,13.4,13.41,13.13,13.36,157689
2022-05-06 12:30:00,13.36,13.58,13.32,13.39,104896
2022-05-06 13:30:00,13.36,13.41,13.19,13.3,107649
2022-05-06 14:30:00,13.3036,13.485,13.23,13.24,177331
2022-05-06 15:30:00,13.23,13.47,13.18,13.45,243535
2022-05-09 09:30:00,13.12,13.32,12.42,12.53,264046
2022-05-09 10:30:00,12.53,12.65,12.185,12.23,218625
2022-05-09 11:30:00,12.22,12.65,12.07,12.5439,1204688
2022-05-09 12:30:00,12.555,12.62,12.19,12.295,184654
2022-05-09 13:30:00,12.2999,12.31,12.05,12.16,198267
2022-05-09 14:30:00,12.15,12.5,12.11,12.23,219802
2022-05-09 15:30:00,12.23,12.2431,12.09,12.195,291709
2022-05-10 09:30:00,12.38,12.69,12.05,12.631114,360877
2022-05-10 10:30:00,12.67,12.67,12.065,12.16,195380
2022-05-10 11:30:00,12.122,12.15,11.92,11.93,284920
2022-05-10 12:30:00,11.92,12.01,11.7,11.87,207220
2022-05-10 13:30:00,11.87,12.22,11.8042,12.0,184860
2022-05-10 14:30:00,11.995,12.1,11.88,11.97,535396
2022-05-10 15:30:00,11.9775,12.0,11.82,11.99,474901
2022-05-11 09:30:00,12.34,13.19,12.2,13.13,347130
2022-05-11 10:30:00,13.13,13.18,12.92,13.11,158464
2022-05-11 11:30:00,13.11,13.19,12.73,12.74,328446
2022-05-11 12:30:00,12.755,12.8145,12.48,12.48,95462
2022-05-11 13:30:00,12.48,12.54,12.32,12.42,127093
2022-05-11 14:30:00,12.41,12.55,12.24,12.285,173841
2022-05-11 15:30:00,12.29,12.345,12.14,12.16,294074
2022-05-12 09:30:00,12.03,12.29,11.79,12.28,220942
2022-05-12 10:30:00,12.27,12.52,12.27,12.4,133227
2022-05-12 11:30:00,12.41,12.43,12.1,12.28,103665
2022-05-12 12:30:00,12.28,12.37,12.08,12.11,82063
2022-05-12 13:30:00,12.11,12.16,12.01,12.08,85840
2022-05-12 14:30:00,12.09,12.22,11.985,12.14,98274
2022-05-12 15:30:00,12.14,12.3,12.14,12.29,160861
2022-05-13 09:30:00,12.49,12.89,12.34,12.53,187279
2022-05-13 10:30:00,12.53,12.675,12.43,12.56,97007
2022-05-13 11:30:00,12.58,12.74,12.51,12.65,139051
2022-05-13 12:30:00,12.66,12.67,12.4,12.5671,241054
2022-05-13 13:30:00,12.575,12.595,12.4,12.45,80437
2022-05-13 14:30:00,12.46,12.63,12.44,12.55,160822
2022-05-13 15:30:00,12.55,12.72,12.541657,12.695,404667
2022-05-16 09:30:00,12.81,13.23,12.73,13.21,104672
2022-05-16 10:30:00,13.215,13.22,12.99,13.1,101103
2022-05-16 11:30:00,13.1,13.2,12.99,13.07,73582
2022-05-16 12:30:00,13.06,13.22,13.06,13.18,97562
2022-05-16 13:30:00,13.1905,13.22,13.07,13.16,105009
2022-05-16 14:30:00,13.16,13.225,13.11,13.19,96103
2022-05-16 15:30:00,13.18,13.19,13.06,13.12,329294
2022-05-17 09:30:00,13.08,13.36,12.86,13.05,219234
2022-05-17 10:30:00,13.07,13.26,13.02,13.16,114500
2022-05-17 11:30:00,13.15,13.25,13.05,13.2,64478
2022-05-17 12:30:00,13.185,13.27,13.08,13.09,71904
2022-05-17 13:30:00,13.1,13.24,12.94,12.96,109860
2022-05-17 14:30:00,12.96,13.02,12.89,12.92,131782
2022-05-17 15:30:00,12.925,12.93,12.83,12.89,200241
2022-05-18 09:30:00,13.1,13.23,12.91,12.98,121961
2022-05-18 10:30:00,12.99,13.07,12.53,12.55,127797
2022-05-18 11:30:00,12.56,12.59,12.2,12.275,156555
2022-05-18 12:30:00,12.275,12.48,12.19,12.26,125011
2022-05-18 13:30:00,12.27,12.3,12.09,12.25,124163
2022-05-18 14:30:00,12.26,12.27,12.04,12.15,252629
2022-05-18 15:30:00,12.15,12.3,12.11,12.25,235195
2022-05-19 09:30:00,11.76,12.45,11.73,11.905,163946
2022-05-19 10:30:00,11.905,11.9853,11.82,11.915,152853
2022-05-19 11:30:00,11.92,12.29,11.8996,12.12,147155
2022-05-19 12:30:00,12.1006,12.17,11.975,12.12,71013
2022-05-19 13:30:00,12.11,12.31,12.04,12.28,133466
2022-05-19 14:30:00,12.27,12.355,12.11,12.1638,135723
2022-05-19 15:30:00,12.11,12.1875,12.01,12.03,256397
2022-05-20 09:30:00,12.21,12.35,11.88,11.91,121149
2022-05-20 10:30:00,11.91,11.99,11.72,11.8,119593
2022-05-20 11:30:00,11.8,11.97,11.7934,11.86,50677
2022-05-20 12:30:00,11.85,11.85,11.69,11.73,74622
2022-05-20 13:30:00,11.72,11.95,11.71,11.81,47025
2022-05-20 14:30:00,11.82,11.89,11.76,11.89,73933
2022-05-20 15:30:00,11.89,11.99,11.85,11.94,159468
2022-05-23 09:30:00,12.09,12.22,11.85,12.17,126584
2022-05-23 10:30:00,12.18,12.29,12.1268,12.2351,80957
2022-05-23 11:30:00,12.2401,12.33,12.21,12.3142,78880
2022-05-23 12:30:00,12.315,12.35,12.1,12.16,39682
2022-05-23 13:30:00,12.16,12.39,12.15,12.37,48806
2022-05-23 14:30:00,12.38,12.51,12.37,12.41,70168
2022-05-23 15:30:00,12.42,12.497,12.4,12.44,143264
2022-05-24 09:30:00,12.16,12.53,12.03,12.1983,96634
2022-05-24 10:30:00,12.21,12.27,12.02,12.09,74345
2022-05-24 11:30:00,12.0441,12.29,12.01,12.17,66126
2022-05-24 12:30:00,12.17,12.33,12.11,12.31,83633
2022-05-24 13:30:00,12.3,12.55,12.26,12.55,58462
2022-05-24 14:30:00,12.5176,12.63,12.43,12.63,85029
2022-05-24 15:30:00,12.5865,12.72,12.5865,12.63,163691
2022-07-26 09:30:00,9.74,9.96,9.66,9.78,217418
2022-07-26 10:30:00,9.785,9.9,9.59,9.637592,118757
2022-07-26 11:30:00,9.65,9.671,9.48,9.55,112636
2022-07-26 12:30:00,9.5492,9.69,9.534545,9.69,65998
2022-07-26 13:30:00,9.69,9.74,9.63,9.63,74801
2022-07-26 14:30:00,9.64,9.7,9.61,9.7,81078
2022-07-26 15:30:00,9.695,9.73,9.65,9.66,210858
2022-07-27 09:30:00,9.87,10.05,9.77,9.91,170438
2022-07-27 10:30:00,9.91,10.24,9.9,10.22,116725
2022-07-27 11:30:00,10.22,10.245,10.16,10.2,66987
2022-07-27 12:30:00,10.195,10.22,10.17,10.2157,69634
2022-07-27 13:30:00,10.22,10.23,10.17,10.21,184041
2022-07-27 14:30:00,10.22,10.3,10.16,10.29,429737
2022-07-27 15:30:00,10.29,10.32,10.24,10.29,462208
2022-07-28 09:30:00,10.41,10.51,9.93,9.96,141081
2022-07-28 10:30:00,9.96,10.125,9.91,10.1085,92603
2022-07-28 11:30:00,10.105,10.35,10.085,10.28,85402
2022-07-28 12:30:00,10.27,10.275458,10.085,10.13,94440
2022-07-28 13:30:00,10.13,10.2,10.11,10.145,72899
2022-07-28 14:30:00,10.15,10.25,10.12,10.23,90078
2022-07-28 15:30:00,10.235,10.29,10.21,10.23,219022
2022-07-29 09:30:00,10.43,10.74,10.33,10.72,133290
2022-07-29 10:30:00,10.74,10.93,10.57,10.57,169024
2022-07-29 11:30:00,10.58,10.62,10.48,10.4911,131616
2022-07-29 12:30:00,10.49,10.52,10.435,10.52,86438
2022-07-29 13:30:00,10.5107,10.59,10.49,10.555,242181
2022-07-29 14:30:00,10.573188,10.573188,10.48,10.495,208631
2022-07-29 15:30:00,10.49,10.56,10.48,10.51,343809
2022-08-01 09:30:00,10.17,10.3,9.91,9.91,145149
2022-08-01 10:30:00,9.93,10.13,9.93,10.06,73289
2022-08-01 11:30:00,10.06,10.21,10.01,10.13,102944
2022-08-01 12:30:00,10.1682,10.1883,10.07,10.08,76470
2022-08-01 13:30:00,10.09,10.175,10.05,10.17,127589
2022-08-01 14:30:00,10.17,10.195,10.05,10.125,143448
2022-08-01 15:30:00,10.12,10.15,10.08,10.1,189276
2022-08-02 09:30:00,10.07,10.29,9.75,9.86,147490
2022-08-02 10:30:00,9.85,9.93,9.74,9.86,171363
2022-08-02 11:30:00,9.86,9.99,9.79,9.95,561393
2022-08-02 12:30:00,9.96,10.15,9.95,9.995,467519
2022-08-02 13:30:00,10.0,10.0496,9.74,9.79,1010871
2022-08-02 14:30:00,9.79,9.8599,9.755,9.785,970962
2022-08-02 15:30:00,9.79,9.835,9.72,9.73,1226818
2022-08-03 09:30:00,9.75,9.83,8.46,8.57,649924
2022-08-03 10:30:00,8.56,8.6448,8.41,8.5363,340573
2022-08-03 11:30:00,8.555,8.56,8.365,8.38,250956
2022-08-03 12:30:00,8.385,8.5,8.21,8.385,393811
2022-08-03 13:30:00,8.3881,8.7,8.3245,8.64,287521
2022-08-03 14:30:00,8.635,8.6549,8.45,8.5,290637
2022-08-03 15:30:00,8.505,8.61,8.49,8.53,419889
2022-08-04 09:30:00,8.58,8.58,8.16,8.29,614383
2022-08-04 10:30:00,8.29,8.33,8.12,8.23,221266
2022-08-04 11:30:00,8.23,8.265,8.125,8.1692,153958
2022-08-04 12:30:00,8.17,8.2,8.05,8.06,187714
2022-08-04 13:30:00,8.055,8.16,8.05,8.125,196391
2022-08-04 14:30:00,8.12,8.26,8.07,8.075,316063
2022-08-04 15:30:00,8.0811,8.0947,8.0,8.04,551476
2022-08-05 09:30:00,7.97,8.7,7.93,8.6996,221711
2022-08-05 10:30:00,8.7,8.82,8.68,8.71,277960
2022-08-05 11:30:00,8.705,8.805,8.665,8.71,424752
2022-08-05 12:30:00,8.71,8.73,8.58,8.585,108013
2022-08-05 13:30:00,8.58,8.61,8.48,8.5,104199
2022-08-05 14:30:00,8.5,8.51,8.41,8.44,284821
2022-08-05 15:30:00,8.43,8.46,8.39,8.43,275965
2022-08-08 09:30:00,8.41,8.55,8.23,8.43,454576
2022-08-08 10:30:00,8.425,8.4596,8.33,8.3982,166603
2022-08-08 11:30:00,8.399,8.399,8.2,8.21,176895
2022-08-08 12:30:00,8.2363,8.27,8.16,8.18,123349
2022-08-08 13:30:00,8.18,8.3,8.15,8.27,149888
2022-08-08 14:30:00,8.27,8.29,8.23,8.245,136788
2022-08-08 15:30:00,8.24,8.265,8.19,8.195,227129
2022-08-09 09:30:00,8.29,8.58,8.29,8.51,141414
2022-08-09 10:30:00,8.5,8.5,8.3,8.315,100408
2022-08-09 11:30:00,8.315,8.33,8.23,8.31,212560
2022-08-09 12:30:00,8.31,8.32,8.21,8.31,63399
2022-08-09 13:30:00,8.289323,8.38,8.289323,8.35,83224
2022-08-09 14:30:00,8.35,8.36,8.25,8.295,87725
2022-08-09 15:30:00,8.295,8.42,8.265,8.41,210065
2022-08-10 09:30:00,8.44,8.55,8.06,8.1,128553
2022-08-10 10:30:00,8.1,8.4,8.095315,8.39,73254
2022-08-10 11:30:00,8.39,8.4,8.32,8.36,75620
2022-08-10 12:30:00,8.36,8.4099,8.335,8.38,59149
2022-08-10 13:30:00,8.38,8.42,8.32,8.33,50587
2022-08-10 14:30:00,8.33,8.42,8.28,8.405,115007
2022-08-10 15:30:00,8.4,8.41,8.34,8.355,116279
2022-08-11 09:30:00,8.63,8.875,8.5,8.68,159770
2022-08-11 10:30:00,8.68,8.77,8.65,8.69,121747
2022-08-11 11:30:00,8.68,8.72,8.6101,8.7,76871
2022-08-11 12:30:00,8.7,8.78,8.68,8.755,118616
2022-08-11 13:30:00,8.755,8.78,8.67,8.78,128359
2022-08-11 14:30:00,8.775,8.775,8.67,8.77,170041
2022-08-11 15:30:00,8.77,8.84,8.76,8.81,337143
2022-08-12 09:30:00,8.81,8.92,8.65,8.8,193915
2022-08-12 10:30:00,8.8,8.89,8.7,8.82,118697
2022-08-12 11:30:00,8.82,9.04,8.81,9.03,178084
2022-08-12 12:30:00,9.04,9.05,8.91,8.923506,142269
2022-08-12 13:30:00,8.93,8.99,8.915,8.97,77209
2022-08-12 14:30:00,8.97,9.05,8.95,9.045,135475
2022-08-12 15:30:00,9.04,9.16,9.0301,9.12,285849
2022-08-15 09:30:00,8.55,8.69,8.24,8.48,170855
2022-08-15 10:30:00,8.47,8.635,8.447258,8.57,100422
2022-08-15 11:30:00,8.58,8.655,8.5,8.6074,77207
2022-08-15 12:30:00,8.605,8.6234,8.5,8.5171,60315
2022-08-15 13:30:00,8.511754,8.6,8.51,8.565,77460
2022-08-15 14:30:00,8.565,8.71,8.5619,8.705,82516
2022-08-15 15:30:00,8.705,8.76,8.68,8.73,249207
2022-08-16 09:30:00,8.83,8.97,8.65,8.7415,130573
2022-08-16 10:30:00,8.74,8.7646,8.415,8.4231,110635
2022-08-16 11:30:00,8.44,8.605,8.4,8.51,124073
2022-08-16 12:30:00,8.51,8.525,8.45,8.455,86108
2022-08-16 13:30:00,8.46,8.465,8.39,8.455,122212
2022-08-16 14:30:00,8.455,8.585,8.4,8.555,157254
2022-08-16 15:30:00,8.55,8.58,8.52,8.565,246681
2022-08-17 09:30:00,8.47,8.72,8.44,8.66,147252
2022-08-17 10:30:00,8.68,8.815,8.66,8.695,130601
2022-08-17 11:30:00,8.69,8.72,8.54,8.67,77014
2022-08-17 12:30:00,8.665,8.755,8.63,8.735,55086
2022-08-17 13:30:00,8.735,8.8,8.7,8.76,92077
2022-08-17 14:30:00,8.77,8.84,8.72,8.74,116128
2022-08-17 15:30:00,8.735,8.74,8.63,8.63,281007
2022-08-18 09:30:00,8.84,9.055,8.7,9.01,132251
2022-08-18 10:30:00,9.02,9.06,8.98,9.02,127806
2022-08-18 11:30:00,9.02,9.08,8.995,9.015,146292
2022-08-18 12:30:00,9.02,9.07,9.0,9.03,112143
2022-08-18 13:30:00,9.03,9.13,9.015,9.1175,277155
2022-08-18 14:30:00,9.11,9.18,9.08,9.125,331330
2022-08-18 15:30:00,9.12,9.17,9.09,9.11,413861
2022-08-19 09:30:00,8.99,9.2,8.82,9.1783,271669
2022-08-19 10:30:00,9.16,9.24,9.05,9.095,117321
2022-08-19 11:30:00,9.095,9.23,9.085639,9.135,85378
2022-08-19 12:30:00,9.136494,9.2,9.13,9.15,39335
2022-08-19 13:30:00,9.14,9.155,9.01,9.155,151876
2022-08-19 14:30:00,9.15,9.17,9.05,9.065,112966
2022-08-19 15:30:00,9.07,9.08,9.04,9.06,239627
2022-08-22 09:30:00,8.91,9.005,8.61,8.71,143878
2022-08-22 10:30:00,8.71,8.91,8.7,8.9,93983
2022-08-22 11:30:00,8.92,9.11,8.885,9.02,481607
2022-08-22 12:30:00,9.02,9.1,8.945,8.95,180024
2022-08-22 13:30:00,8.95,8.96,8.86,8.88,56184
2022-08-22 14:30:00,8.89,9.04,8.8849,9.0211,78326
2022-08-22 15:30:00,9.025,9.06,9.01,9.055,196603
2022-08-23 09:30:00,9.32,9.69,9.175,9.66,210712
2022-08-23 10:30:00,9.66,9.7299,9.62,9.67,279249
2022-08-23 11:30:00,9.665,9.6724,9.48,9.495,134342
2022-08-23 12:30:00,9.495,9.63,9.495,9.54,88277
2022-08-23 13:30:00,9.535,9.63,9.53,9.555,177291
2022-08-23 14:30:00,9.555,9.62,9.53,9.595,136024
2022-08-23 15:30:00,9.595,9.61,9.5,9.56,280417
2022-08-24 09:30:00,9.58,9.77,9.56,9.665,108882
2022-08-24 10:30:00,9.6677,9.73,9.57,9.58,185539
2022-08-24 11:30:00,9.6161,9.71,9.54,9.71,51357
2022-08-24 12:30:00,9.71,9.73,9.6,9.7,49603
2022-08-24 13:30:00,9.7,9.785,9.65,9.77,56678
2022-08-24 14:30:00,9.77,9.9,9.75,9.875,113813
2022-08-24 15:30:00,9.875,9.99,9.86,9.95,165226
2022-08-25 09:30:00,10.0,10.17,9.96,10.0744,179596
2022-08-25 10:30:00,10.07,10.165,10.0,10.16,66539
2022-08-25 11:30:00,10.15,10.18,10.12,10.17,44012
2022-08-25 12:30:00,10.17,10.21,10.159,10.16,58128
2022-08-25 13:30:00,10.16,10.18,10.09,10.095,90575
2022-08-25 14:30:00,10.0907,10.16,10.03,10.135,113921
2022-08-25 15:30:00,10.14,10.15,10.06,10.12,146545
2022-08-26 09:30:00,10.0,10.2086,9.91,10.14,83565
2022-08-26 10:30:00,10.13,10.13,9.75,9.76,83781
2022-08-26 11:30:00,9.76,9.88,9.76,9.8,34651
2022-08-26 12:30:00,9.79,9.86,9.75,9.85,33386
2022-08-26 13:30:00,9.8431,9.895,9.76,9.795,44088
2022-08-26 14:30:00,9.795,9.82,9.725,9.755,65231
2022-08-26 15:30:00,9.755,9.91,9.75,9.86,219148
2022-08-29 09:30:00,9.85,10.17,9.74,10.09,84692
2022-08-29 10:30:00,10.095,10.12,9.98,10.06,60416
2022-08-29 11:30:00,10.06,10.085,9.97,10.045,48357
2022-08-29 12:30:00,10.04,10.1,9.99,10.09,37987
2022-08-29 13:30:00,10.0682,10.11,10.02,10.025,59087
2022-08-29 14:30:00,10.02,10.08,10.005,10.03,85909
2022-08-29 15:30:00,10.035,10.07,10.0,10.01,144183
2022-08-30 09:30:00,9.77,9.94,9.21,9.43,183365
2022-08-30 10:30:00,9.43,9.44,9.24,9.36,97252
2022-08-30 11:30:00,9.36,9.375,9.245,9.32,57103
2022-08-30 12:30:00,9.32,9.365,9.25,9.3325,67686
2022-08-30 13:30:00,9.34,9.35,9.255,9.285,77732
2022-08-30 14:30:00,9.285,9.325,9.245,9.265,85082
2022-08-30 15:30:00,9.27,9.34,9.245,9.28,145004
2022-08-31 09:30:00,8.97,9.33,8.93,9.29,99527
2022-08-31 10:30:00,9.2874,9.4,9.21,9.3401,84010
2022-08-31 11:30:00,9.34,9.415,9.32,9.38,71787
2022-08-31 12:30:00,9.3678,9.4,9.305,9.335,61971
2022-08-31 13:30:00,9.3432,9.385,9.26,9.265,51340
2022-08-31 14:30:00,9.2611,9.275,9.145,9.175,84853
2022-08-31 15:30:00,9.1695,9.2388,9.15,9.17,147904
2022-09-01 09:30:00,8.86,9.08,8.585,8.67,159043
2022-09-01 10:30:00,8.6988,8.72,8.55,8.615,106750
2022-09-01 11:30:00,8.6276,8.675,8.59,8.63,85864
2022-09-01 12:30:00,8.6457,8.6457,8.495,8.58,90355
2022-09-01 13:30:00,8.5705,8.61,8.485,8.61,64019
2022-09-01 14:30:00,8.5834,8.63,8.535,8.555,102573
2022-09-01 15:30:00,8.55,8.59,8.51,8.57,224813
2022-09-02 09:30:00,8.93,9.12,8.75,9.11,159154
2022-09-02 10:30:00,9.063,9.14,8.91,8.96,116200
2022-09-02 11:30:00,8.978,9.07,8.93,9.04,82160
2022-09-02 12:30:00,9.0352,9.04,8.83,8.83,85442
2022-09-02 13:30:00,8.867,8.95,8.8,8.92,70552
2022-09-02 14:30:00,8.9361,9.05,8.9,9.035,84396
2022-09-02 15:30:00,9.0285,9.04,8.91,8.99,155062
2022-10-25 09:30:00,11.42,11.6,11.28,11.56,167661
2022-10-25 10:30:00,11.555,11.56,11.19,11.19,217142
2022-10-25 11:30:00,11.19,11.26,11.11,11.18,115973
2022-10-25 12:30:00,11.18,11.31,11.125,11.18,160103
2022-10-25 13:30:00,11.19,11.21,11.12,11.21,125463
2022-10-25 14:30:00,11.2,11.235,11.095,11.13,148705
2022-10-25 15:30:00,11.13,11.1799,11.07,11.12,208303
2022-10-26 09:30:00,11.28,11.66,11.1779,11.52,260041
2022-10-26 10:30:00,11.54,11.66,11.43,11.62,142387
2022-10-26 11:30:00,11.61,11.675,11.5,11.58,119167
2022-10-26 12:30:00,11.6435,11.6435,11.44,11.48,113757
2022-10-26 13:30:00,11.4908,11.57,11.41,11.51,109883
2022-10-26 14:30:00,11.5088,11.56,11.43,11.54,152758
2022-10-26 15:30:00,11.5333,11.635,11.5333,11.55,209602
2022-10-27 09:30:00,11.83,12.08,11.7,11.78,185565
2022-10-27 10:30:00,11.7843,11.87,11.695,11.835,177861
2022-10-27 11:30:00,11.83,11.84,11.56,11.57,136399
2022-10-27 12:30:00,11.57,11.69,11.57,11.665,96426
2022-10-27 13:30:00,11.665,11.77,11.66,11.695,129658
2022-10-27 14:30:00,11.69,11.7174,11.4,11.445,180597
2022-10-27 15:30:00,11.44,11.475,11.315,11.42,237847
2022-10-28 09:30:00,11.61,11.77,11.115,11.1814,175444
2022-10-28 10:30:00,11.1871,11.38,11.01,11.28,107360
2022-10-28 11:30:00,11.2963,11.5,11.26,11.5,83425
2022-10-28 12:30:00,11.4576,11.53,11.4576,11.51,112699
2022-10-28 13:30:00,11.4966,11.51,11.375,11.405,66707
2022-10-28 14:30:00,11.3898,11.49,11.36,11.38,79761
2022-10-28 15:30:00,11.37,11.485,11.34,11.46,134634
2022-10-31 09:30:00,11.31,11.71,11.17,11.68,206444
2022-10-31 10:30:00,11.68,11.8601,11.6331,11.83,217581
2022-10-31 11:30:00,11.81,11.86,11.61,11.74,222536
2022-10-31 12:30:00,11.74,11.905,11.665,11.88,111508
2022-10-31 13:30:00,11.87,11.99,11.8329,11.965,149390
2022-10-31 14:30:00,11.96,12.0,11.895,11.965,240343
2022-10-31 15:30:00,11.97,12.0,11.84,11.86,274807
2022-11-01 09:30:00,12.13,12.208,11.79,12.01,138280
2022-11-01 10:30:00,12.02,12.22,12.0,12.19,128493
2022-11-01 11:30:00,12.19,12.28,12.11,12.14,213510
2022-11-01 12:30:00,12.14,12.26,12.02,12.0425,114064
2022-11-01 13:30:00,12.05,12.12,12.0,12.03,108108
2022-11-01 14:30:00,12.03,12.05,11.9,11.935,239210
2022-11-01 15:30:00,11.935,11.94,11.8,11.85,298167
2022-11-02 09:30:00,11.2,11.45,10.73,11.01,593407
2022-11-02 10:30:00,11.02,11.07,10.85,10.97,254913
2022-11-02 11:30:00,10.98,11.19,10.98,11.01,161854
2022-11-02 12:30:00,11.01,11.04,10.94,11.0301,113885
2022-11-02 13:30:00,11.0321,11.23,10.94,11.23,210392
2022-11-02 14:30:00,11.225,11.2379,10.8,10.9,378945
2022-11-02 15:30:00,10.9,10.99,10.84,10.855,457667
2022-11-03 09:30:00,10.91,11.49,10.865,11.26,225364
2022-11-03 10:30:00,11.26,11.46,11.24,11.42,104460
2022-11-03 11:30:00,11.42,11.515,11.3,11.4856,111941
2022-11-03 12:30:00,11.51,11.5693,11.43,11.44,81171
2022-11-03 13:30:00,11.4393,11.46,11.29,11.295,97588
2022-11-03 14:30:00,11.295,11.515,11.29,11.46,158384
2022-11-03 15:30:00,11.4438,11.51,11.33,11.345,310624
2022-11-04 09:30:00,11.77,11.96,11.53,11.89,106796
2022-11-04 10:30:00,11.89,11.97,11.7099,11.71,92224
2022-11-04 11:30:00,11.705,11.76,11.56,11.64,119201
2022-11-04 12:30:00,11.64,11.71,11.55,11.655,76803
2022-11-04 13:30:00,11.655,11.7,11.53,11.64,76637
2022-11-04 14:30:00,11.64,11.665,11.565,11.58,117308
2022-11-04 15:30:00,11.58,11.59,11.515,11.55,187681
2022-11-07 09:30:00,11.64,12.2093,11.6,12.065,230615
2022-11-07 10:30:00,12.0687,12.1,11.895,11.995,217546
2022-11-07 11:30:00,12.0,12.14,11.88,12.115,133947
2022-11-07 12:30:00,12.12,12.17,12.02,12.05,98737
2022-11-07 13:30:00,12.05,12.125,12.02,12.095,161251
2022-11-07 14:30:00,12.095,12.12,12.04,12.06,114601
2022-11-07 15:30:00,12.07,12.12,12.025,12.1,218212
2022-11-08 09:30:00,12.03,12.1,11.82,11.94,132169
2022-11-08 10:30:00,11.945,12.09,11.9019,11.985,75554
2022-11-08 11:30:00,11.98,11.9995,11.8455,11.88,98796
2022-11-08 12:30:00,11.875,11.915,11.72,11.73,72174
2022-11-08 13:30:00,11.72,11.79,11.6,11.61,264135
2022-11-08 14:30:00,11.61,11.81,11.61,11.805,195585
2022-11-08 15:30:00,11.8,11.89,11.7949,11.83,163270
2022-11-09 09:30:00,11.56,11.66,11.27,11.58,186869
2022-11-09 10:30:00,11.59,11.63,11.18,11.31,261205
2022-11-09 11:30:00,11.31,11.5,11.26,11.4142,153800
2022-11-09 12:30:00,11.43,11.49,11.355,11.36,90922
2022-11-09 13:30:00,11.365,11.3852,11.25,11.35,92471
2022-11-09 14:30:00,11.355,11.365,11.13,11.135,154113
2022-11-09 15:30:00,11.135,11.1715,11.02,11.075,245712
2022-11-10 09:30:00,11.47,11.76,11.21,11.76,143589
2022-11-10 10:30:00,11.76,11.84,11.6012,11.66,103395
2022-11-10 11:30:00,11.66,11.66,11.52,11.53,100982
2022-11-10 12:30:00,11.53,11.685,11.51,11.65,83535
2022-11-10 13:30:00,11.66,11.72,11.61,11.695489,146250
2022-11-10 14:30:00,11.715,11.82,11.6846,11.795,122116
2022-11-10 15:30:00,11.8,11.84,11.72,11.835,311181
2022-11-11 09:30:00,12.01,12.57,12.0,12.48,242883
2022-11-11 10:30:00,12.48,12.58,12.21,12.21,279843
2022-11-11 11:30:00,12.21,12.23,11.93,11.985,96795
2022-11-11 12:30:00,11.99,12.06,11.84,11.92,112368
2022-11-11 13:30:00,11.92,11.92,11.79,11.865,85921
2022-11-11 14:30:00,11.87,11.88,11.76,11.86,146469
2022-11-11 15:30:00,11.855,11.98,11.78,11.79,378249
2022-11-14 09:30:00,11.78,11.84,11.615,11.77,95805
2022-11-14 10:30:00,11.78,11.84,11.52,11.53,124379
2022-11-14 11:30:00,11.525,11.6,11.44,11.6,102320
2022-11-14 12:30:00,11.59,11.66,11.47,11.505,99756
2022-11-14 13:30:00,11.505,11.63,11.5,11.57,75535
2022-11-14 14:30:00,11.575,11.58,11.45,11.515,86464
2022-11-14 15:30:00,11.515,11.5506,11.32,11.32,226941
2022-11-15 09:30:00,11.45,11.47,11.14,11.37,203138
2022-11-15 10:30:00,11.37,11.41,11.18,11.34,161078
2022-11-15 11:30:00,11.34,11.415,11.33,11.4,89420
2022-11-15 12:30:00,11.4,11.585,11.39,11.42,163358
2022-11-15 13:30:00,11.43,11.495,11.39,11.43,175095
2022-11-15 14:30:00,11.435,11.56,11.425,11.56,154558
2022-11-15 15:30:00,11.56,11.6,11.525,11.58,228047
2022-11-16 09:30:00,11.51,11.59,11.18,11.2901,411312
2022-11-16 10:30:00,11.2843,11.36,11.16,11.2307,167201
2022-11-16 11:30:00,11.23,11.2707,11.12,11.18,118161
2022-11-16 12:30:00,11.175,11.245,11.1509,11.175,109050
2022-11-16 13:30:00,11.18,11.27,11.155,11.26,78083
2022-11-16 14:30:00,11.255,11.36,11.25,11.305,185609
2022-11-16 15:30:00,11.305,11.335,11.2,11.23,169181
2022-11-17 09:30:00,11.09,11.22,10.91,11.19,220231
2022-11-17 10:30:00,11.1999,11.25,11.04,11.0794,87220
2022-11-17 11:30:00,11.09,11.09,10.93,10.945,121524
2022-11-17 12:30:00,10.95,11.09,10.946457,11.055,92697
2022-11-17 13:30:00,11.0527,11.18,11.035,11.1601,69108
2022-11-17 14:30:00,11.16,11.25,11.11,11.145,99626
2022-11-17 15:30:00,11.144248,11.32,11.14,11.315,153233
2022-11-18 09:30:00,11.14,11.17,10.6689,10.865,251823
2022-11-18 10:30:00,10.86,11.11,10.845,11.08,81493
2022-11-18 11:30:00,11.085,11.105,10.83,11.05,90262
2022-11-18 12:30:00,11.05,11.05,10.97,11.0,108923
2022-11-18 13:30:00,11.0008,11.01,10.95,11.005,98491
2022-11-18 14:30:00,11.005,11.035,10.93,11.035,117063
2022-11-18 15:30:00,11.035,11.08,10.99,11.04,162155
2022-11-21 09:30:00,10.69,10.69,10.24,10.26,282721
2022-11-21 10:30:00,10.27,10.33,10.16,10.165,128750
2022-11-21 11:30:00,10.17,10.57,10.155,10.505,103386
2022-11-21 12:30:00,10.505,10.825,10.5008,10.76,78608
2022-11-21 13:30:00,10.77,10.84,10.7524,10.82,63151
2022-11-21 14:30:00,10.82,10.845,10.775,10.815,57519
2022-11-21 15:30:00,10.815,10.93,10.81,10.9,182965
2022-11-22 09:30:00,11.1,11.37,11.03,11.26,116875
2022-11-22 10:30:00,11.25,11.325,11.2,11.3,98023
2022-11-22 11:30:00,11.3,11.39,11.27,11.35,96162
2022-11-22 12:30:00,11.35,11.39,11.285,11.3201,73278
2022-11-22 13:30:00,11.325,11.37,11.205,11.21,93633
2022-11-22 14:30:00,11.205,11.265,11.2,11.25,89064
2022-11-22 15:30:00,11.245,11.27,11.19,11.2,181611
2023-01-26 09:30:00,9.77,9.9,9.375,9.375,197697
2023-01-26 10:30:00,9.38,9.52,9.3269,9.34,108375
2023-01-26 11:30:00,9.34,9.47,9.315,9.425,95561
2023-01-26 12:30:00,9.43,9.495,9.4,9.475,106556
2023-01-26 13:30:00,9.475,9.525,9.45,9.495,92128
2023-01-26 14:30:00,9.495,9.615,9.495,9.6,116160
2023-01-26 15:30:00,9.595,9.68,9.58,9.65,160084
2023-01-27 09:30:00,9.64,9.8,9.58,9.675,95671
2023-01-27 10:30:00,9.67,9.7037,9.48,9.5679,132377
2023-01-27 11:30:00,9.565,9.615,9.49,9.495,99490
2023-01-27 12:30:00,9.5,9.57,9.465,9.465,88555
2023-01-27 13:30:00,9.47,9.515,9.435,9.4787,85893
2023-01-27 14:30:00,9.48,9.54,9.43,9.535,84027
2023-01-27 15:30:00,9.54,9.56,9.5,9.5,171979
2023-01-30 09:30:00,9.35,9.52,9.28,9.445,114795
2023-01-30 10:30:00,9.45,9.55,9.385,9.495,82580
2023-01-30 11:30:00,9.495,9.518,9.43,9.49,76384
2023-01-30 12:30:00,9.4815,9.6,9.44,9.59,101839
2023-01-30 13:30:00,9.5513,9.62,9.5,9.505,64162
2023-01-30 14:30:00,9.5194,9.545,9.42,9.435,88197
2023-01-30 15:30:00,9.435,9.515,9.435,9.47,178971
2023-01-31 09:30:00,9.59,9.68,9.47,9.67,111797
2023-01-31 10:30:00,9.68,10.1,9.68,10.1,249682
2023-01-31 11:30:00,10.09,10.125,10.02,10.0802,211944
2023-01-31 12:30:00,10.09,10.16,10.035,10.08,103332
2023-01-31 13:30:00,10.08,10.09,9.97,9.975,78907
2023-01-31 14:30:00,9.98,10.03,9.93,9.93,112769
2023-01-31 15:30:00,9.94,10.01,9.9116,9.95,189456
2023-02-01 09:30:00,9.84,10.0,9.79,9.83,116322
2023-02-01 10:30:00,9.84,9.84,9.65,9.695,137410
2023-02-01 11:30:00,9.7,9.707,9.3583,9.425,119115
2023-02-01 12:30:00,9.43,9.5,9.31,9.5,115649
2023-02-01 13:30:00,9.5,9.57,9.43,9.54,86090
2023-02-01 14:30:00,9.54,9.78,9.47,9.74,200655
2023-02-01 15:30:00,9.735,9.895,9.72,9.745,270739
2023-02-02 09:30:00,9.71,9.72,9.36,9.66,478653
2023-02-02 10:30:00,9.6514,9.93,9.645,9.76,193365
2023-02-02 11:30:00,9.775,9.82,9.65,9.65,405409
2023-02-02 12:30:00,9.65,9.71,9.6,9.655,117512
2023-02-02 13:30:00,9.65,9.685,9.52,9.53,72199
2023-02-02 14:30:00,9.53,9.62,9.51,9.515,94578
2023-02-02 15:30:00,9.52,9.67,9.51,9.67,177904
2023-02-03 09:30:00,9.72,10.15,9.72,10.1193,194852
2023-02-03 10:30:00,10.1,10.13,9.8305,9.85,118005
2023-02-03 11:30:00,9.85,9.886,9.76,9.788922,73738
2023-02-03 12:30:00,9.79,9.855,9.7,9.72,76011
2023-02-03 13:30:00,9.72,9.795,9.69,9.775,70930
2023-02-03 14:30:00,9.775,9.84,9.75,9.8,93702
2023-02-03 15:30:00,9.8,9.8141,9.68,9.74,188502
2023-02-06 09:30:00,9.76,9.99,9.62,9.635,163116
2023-02-06 10:30:00,9.63,9.76,9.59,9.72,112541
2023-02-06 11:30:00,9.72,9.74,9.585,9.63,85628
2023-02-06 12:30:00,9.63,9.66,9.59,9.6298,64202
2023-02-06 13:30:00,9.625,9.73,9.6,9.72,118639
2023-02-06 14:30:00,9.72,9.725,9.6,9.6501,89720
2023-02-06 15:30:00,9.66,9.74,9.65,9.74,141424
2023-02-07 09:30:00,9.79,9.9056,9.63,9.68,198116
2023-02-07 10:30:00,9.66,9.735,9.59,9.68,66978
2023-02-07 11:30:00,9.69,9.81,9.6723,9.7301,62861
2023-02-07 12:30:00,9.74,9.92,9.7,9.74,84112
2023-02-07 13:30:00,9.73,9.855,9.65,9.85,82071
2023-02-07 14:30:00,9.85,9.91,9.82,9.865,108407
2023-02-07 15:30:00,9.86,9.98,9.835,9.96,144231
2023-02-08 09:30:00,9.97,10.1,9.81,9.8799,146701
2023-02-08 10:30:00,9.847,9.88,9.7744,9.8,119794
2023-02-08 11:30:00,9.8,9.825,9.76,9.815,130314
2023-02-08 12:30:00,9.815,9.9899,9.81,9.97,51099
2023-02-08 13:30:00,9.96,9.985,9.935,9.97,57756
2023-02-08 14:30:00,9.98,10.005,9.9115,9.95,71829
2023-02-08 15:30:00,9.955,10.03,9.955,9.985,87886
2023-02-09 09:30:00,9.99,10.02,9.72,9.77,135370
2023-02-09 10:30:00,9.77,9.8,9.54,9.62,116631
2023-02-09 11:30:00,9.615,9.625,9.53,9.55,67036
2023-02-09 12:30:00,9.545,9.56,9.47,9.51,76890
2023-02-09 13:30:00,9.51,9.58,9.495,9.525,77853
2023-02-09 14:30:00,9.525,9.575,9.49,9.52,79620
2023-02-09 15:30:00,9.51,9.53,9.4,9.4,151707
2023-02-10 09:30:00,9.55,9.8,9.46,9.71,224708
2023-02-10 10:30:00,9.72,9.75,9.58,9.7,95506
2023-02-10 11:30:00,9.69,9.73,9.66,9.7,51787
2023-02-10 12:30:00,9.7,9.77,9.685,9.765,68284
2023-02-10 13:30:00,9.765,9.8399,9.755,9.815,82049
2023-02-10 14:30:00,9.81,9.89,9.79,9.830048,108753
2023-02-10 15:30:00,9.835,9.9,9.835,9.87,187958
2023-02-13 09:30:00,9.77,9.85,9.66,9.825,89090
2023-02-13 10:30:00,9.82,9.945,9.82,9.9,82784
2023-02-13 11:30:00,9.89,9.97,9.835,9.97,92918
2023-02-13 12:30:00,9.965,10.15,9.962,10.1,103223
2023-02-13 13:30:00,10.095,10.15,10.08,10.1,83282
2023-02-13 14:30:00,10.11,10.12,9.975,10.0,95547
2023-02-13 15:30:00,10.01,10.09,10.005,10.02,143392
2023-02-14 09:30:00,9.93,10.33,9.8,10.26,132413
2023-02-14 10:30:00,10.26,10.29,10.02,10.04,126314
2023-02-14 11:30:00,10.03,10.07,9.97,9.985,86604
2023-02-14 12:30:00,9.99,10.045,9.98,9.99,148583
2023-02-14 13:30:00,9.995,10.0,9.92,9.935,53357
2023-02-14 14:30:00,9.935,10.06,9.93,10.035,112596
2023-02-14 15:30:00,10.04,10.08,10.01,10.03,192518
2023-02-22 09:30:00,8.6,9.3001,8.07,8.1747,673056
2023-02-22 10:30:00,8.17,8.82,8.02,8.8,497683
2023-02-22 11:30:00,8.8,8.97,8.74,8.9689,268959
2023-02-22 12:30:00,8.97,9.1465,8.91,9.0801,307754
2023-02-22 13:30:00,9.08,9.14,8.93,9.0,272627
2023-02-22 14:30:00,9.0,9.0301,8.66,8.76,618786
2023-02-22 15:30:00,8.765,8.96,8.76,8.94,565541
2023-02-23 09:30:00,9.14,9.18,8.47,8.525,415669
2023-02-23 10:30:00,8.53,8.61,8.405,8.52,295651
2023-02-23 11:30:00,8.5265,8.58,8.49,8.5384,193685
2023-02-23 12:30:00,8.535,8.565,8.5,8.51,146214
2023-02-23 13:30:00,8.505,8.57,8.495,8.564,182021
2023-02-23 14:30:00,8.565,8.68,8.495,8.635,251222
2023-02-23 15:30:00,8.63,8.675,8.57,8.605,412372
2023-02-24 09:30:00,8.51,8.57,8.32,8.385,185286
2023-02-24 10:30:00,8.385,8.59,8.375,8.575,140953
2023-02-24 11:30:00,8.58,8.63,8.465,8.4983,205927
2023-02-24 12:30:00,8.495,8.516,8.431,8.49,156371
2023-02-24 13:30:00,8.485,8.57,8.465,8.555,85566
2023-02-24 14:30:00,8.56,8.73,8.55,8.665,214448
2023-02-24 15:30:00,8.67,8.71,8.62,8.705,227066
2023-02-27 09:30:00,8.81,8.92,8.695,8.835,246749
2023-02-27 10:30:00,8.835,8.905,8.785,8.88,105226
2023-02-27 11:30:00,8.88,9.0,8.875,8.925,125738
2023-02-27 12:30:00,8.9208,9.0,8.9208,8.97,78655
2023-02-27 13:30:00,8.98,9.04,8.95,9.0306,134159
2023-02-27 14:30:00,9.029,9.07,8.98,9.02,165775
2023-02-27 15:30:00,9.02,9.08,8.985,9.065,255044
2023-02-28 09:30:00,9.12,9.2,8.97,9.04,196157
2023-02-28 10:30:00,9.045,9.055,8.95,8.95,69981
2023-02-28 11:30:00,8.95,8.9842,8.81,8.81,77151
2023-02-28 12:30:00,8.815,8.85,8.795,8.81,86973
2023-02-28 13:30:00,8.82,8.87,8.77,8.845,113260
2023-02-28 14:30:00,8.85,8.875,8.8,8.8089,156133
2023-02-28 15:30:00,8.805,8.84,8.73,8.805,396725
2023-03-01 09:30:00,8.85,9.1,8.8,8.995,274571
2023-03-01 10:30:00,8.99,9.19,8.98,9.015,160878
2023-03-01 11:30:00,9.01,9.145,8.995,9.03,173798
2023-03-01 12:30:00,9.035,9.085,9.025,9.05,75282
2023-03-01 13:30:00,9.045,9.09,8.98,9.06,81088
2023-03-01 14:30:00,9.06,9.13,9.01,9.1,136291
2023-03-01 15:30:00,9.1,9.155,9.08,9.12,229597
2023-03-02 09:30:00,9.04,9.2699,8.98,9.26,150415
2023-03-02 10:30:00,9.2254,9.31,9.18,9.25,110875
2023-03-02 11:30:00,9.2596,9.32,9.24,9.2819,117788
2023-03-02 12:30:00,9.2829,9.43,9.28,9.415,94752
2023-03-02 13:30:00,9.4027,9.55,9.4027,9.545,114194
2023-03-02 14:30:00,9.5218,9.61,9.5,9.595,146009
2023-03-02 15:30:00,9.5893,9.625,9.515,9.525,300874
2023-03-03 09:30:00,9.47,9.73,9.41,9.675,244063
2023-03-03 10:30:00,9.675,9.89,9.67,9.89,151318
2023-03-03 11:30:00,9.89,10.01,9.79,10.0001,285804
2023-03-03 12:30:00,10.005,10.12,9.99,10.06,422214
2023-03-03 13:30:00,10.06,10.08,9.965,10.05,188949
2023-03-03 14:30:00,10.055,10.0671,9.912,9.9232,164885
2023-03-03 15:30:00,9.925,9.945,9.89,9.89,349751
2023-03-06 09:30:00,9.83,9.9,9.66,9.76,168606
2023-03-06 10:30:00,9.755,9.81,9.67,9.715,105280
2023-03-06 11:30:00,9.72,9.775,9.68,9.6899,87363
2023-03-06 12:30:00,9.69,9.71,9.59,9.59,148482
2023-03-06 13:30:00,9.5965,9.66,9.56,9.655,116206
2023-03-06 14:30:00,9.655,9.67,9.525,9.53,162740
2023-03-06 15:30:00,9.53,9.67,9.525,9.65,260564
2023-03-07 09:30:00,9.65,9.68,9.44,9.47,232946
2023-03-07 10:30:00,9.465,9.57,9.33,9.35,186775
2023-03-07 11:30:00,9.36,9.45,9.32,9.44,148992
2023-03-07 12:30:00,9.43,9.47,9.355,9.365,101751
2023-03-07 13:30:00,9.365,9.4,9.31,9.335,112533
2023-03-07 14:30:00,9.335,9.44,9.33,9.406,136836
2023-03-07 15:30:00,9.41,9.45,9.33,9.33,272025
2023-03-08 09:30:00,9.33,9.495,9.33,9.39,140253
2023-03-08 10:30:00,9.4,9.47,9.28,9.335,188945
2023-03-08 11:30:00,9.34,9.47,9.32,9.42,401503
2023-03-08 12:30:00,9.415,9.435,9.305,9.33,276033
2023-03-08 13:30:00,9.325,9.41,9.325,9.39,127441
2023-03-08 14:30:00,9.39,9.4,9.32,9.325,135350
2023-03-08 15:30:00,9.325,9.46,9.32,9.455,313103
2023-03-09 09:30:00,9.51,9.61,9.355,9.46,287205
2023-03-09 10:30:00,9.46,9.47,9.19,9.21,263185
2023-03-09 11:30:00,9.22,9.285,9.1,9.1056,211264
2023-03-09 12:30:00,9.105,9.13,8.9911,9.075,161352
2023-03-09 13:30:00,9.07,9.09,9.01,9.06,123361
2023-03-09 14:30:00,9.06,9.13,8.95,9.005,183242
2023-03-09 15:30:00,9.005,9.035,8.91,8.955,444123
2023-03-10 09:30:00,8.98,9.16,8.87,9.14,228867
2023-03-10 10:30:00,9.15,9.2,8.995,9.2,197259
2023-03-10 11:30:00,9.195,9.205,8.98,9.04,150961
2023-03-10 12:30:00,9.04,9.11,8.885,8.915,173954
2023-03-10 13:30:00,8.915,8.915,8.79,8.8,168747
2023-03-10 14:30:00,8.805,8.895,8.76,8.845,318398
2023-03-10 15:30:00,8.845,8.85,8.75,8.83,494633
2023-03-13 09:30:00,8.45,8.54,8.19,8.45,219782
2023-03-13 10:30:00,8.45,8.7,8.45,8.5926,186519
2023-03-13 11:30:00,8.6,8.6,8.29,8.305,172523
2023-03-13 12:30:00,8.3,8.345,8.16,8.23,170097
2023-03-13 13:30:00,8.225,8.285,8.18,8.245,158740
2023-03-13 14:30:00,8.2347,8.265,8.1422,8.155,163005
2023-03-13 15:30:00,8.155,8.23,8.13,8.16,311362
2023-04-25 09:30:00,7.01,7.15,6.8286,6.88,149824
2023-04-25 10:30:00,6.875,6.97,6.825,6.92,131517
2023-04-25 11:30:00,6.91,6.97,6.89,6.93,98348
2023-04-25 12:30:00,6.9267,6.98,6.81,6.8264,133767
2023-04-25 13:30:00,6.8103,6.9,6.8,6.895,119657
2023-04-25 14:30:00,6.895,6.9,6.82,6.84,162819
2023-04-25 15:30:00,6.84,6.8457,6.79,6.81,289467
2023-04-26 09:30:00,6.85,7.0,6.745,6.77,231683
2023-04-26 10:30:00,6.77,6.905,6.72,6.88,145372
2023-04-26 11:30:00,6.88,6.955,6.84,6.92,385307
2023-04-26 12:30:00,6.925,6.9365,6.86,6.885,111443
2023-04-26 13:30:00,6.89,6.9179,6.795,6.805,248361
2023-04-26 14:30:00,6.7992,6.83,6.76,6.7949,220412
2023-04-26 15:30:00,6.7942,6.8299,6.77,6.805,257804
2023-04-27 09:30:00,6.8,6.97,6.74,6.8785,207866
2023-04-27 10:30:00,6.88,6.885,6.7,6.8,137456
2023-04-27 11:30:00,6.795,6.83,6.745,6.7866,128190
2023-04-27 12:30:00,6.79,6.8,6.725,6.781,117063
2023-04-27 13:30:00,6.785,6.81,6.76,6.805,107780
2023-04-27 14:30:00,6.805,6.82,6.77,6.8,130134
2023-04-27 15:30:00,6.81,6.82,6.755,6.8,268713
2023-04-28 09:30:00,6.8,6.91,6.7,6.9,124794
2023-04-28 10:30:00,6.895,6.9758,6.82,6.9502,101990
2023-04-28 11:30:00,6.9498,7.01,6.93,6.99,94260
2023-04-28 12:30:00,6.995,7.0,6.94,6.9702,110366
2023-04-28 13:30:00,6.98,6.99,6.91,6.915,122449
2023-04-28 14:30:00,6.9208,6.97,6.89,6.96,115573
2023-04-28 15:30:00,6.956,6.97,6.91,6.94,305628
2023-05-01 09:30:00,6.8,6.98,6.75,6.92,200905
2023-05-01 10:30:00,6.92,6.95,6.87,6.95,146021
2023-05-01 11:30:00,6.95,7.115,6.9243,7.1,150114
2023-05-01 12:30:00,7.105,7.135,7.065,7.065,268814
2023-05-01 13:30:00,7.065,7.2,7.05,7.2,162989
2023-05-01 14:30:00,7.205,7.22,7.13,7.135,197739
2023-05-01 15:30:00,7.14,7.2,7.13,7.17,211046
2023-05-02 09:30:00,7.01,7.12,6.695,6.695,292010
2023-05-02 10:30:00,6.7,6.76,6.6541,6.7111,403310
2023-05-02 11:30:00,6.705,6.88,6.665,6.77,311295
2023-05-02 12:30:00,6.77,6.84,6.7,6.795,198260
2023-05-02 13:30:00,6.8,6.85,6.755,6.755,191453
2023-05-02 14:30:00,6.755,6.85,6.74,6.845,280943
2023-05-02 15:30:00,6.845,6.85,6.72,6.73,1164797
2023-05-03 09:30:00,6.84,6.97,6.66,6.72,307831
2023-05-03 10:30:00,6.71,6.71,6.47,6.5,185192
2023-05-03 11:30:00,6.49,6.65,6.48,6.625,155240
2023-05-03 12:30:00,6.62,6.69,6.57,6.5932,155816
2023-05-03 13:30:00,6.6,6.605,6.47,6.495,233214
2023-05-03 14:30:00,6.495,6.57,6.37,6.38,383326
2023-05-03 15:30:00,6.37,6.44,6.33,6.405,442391
2023-05-04 09:30:00,6.35,6.53,6.29,6.41,274399
2023-05-04 10:30:00,6.415,6.485,6.36,6.47,188525
2023-05-04 11:30:00,6.47,6.56,6.435,6.56,137098
2023-05-04 12:30:00,6.56,6.6,6.515,6.56,126188
2023-05-04 13:30:00,6.555,6.615,6.52,6.584,135664
2023-05-04 14:30:00,6.58,6.675,6.54,6.675,283073
2023-05-04 15:30:00,6.67,6.69,6.6,6.63,262015
2023-05-05 09:30:00,6.92,6.99,6.77,6.8258,189976
2023-05-05 10:30:00,6.825,6.935,6.81,6.905,200758
2023-05-05 11:30:00,6.91,6.92,6.81,6.81,90264
2023-05-05 12:30:00,6.82,6.88,6.81,6.82,119061
2023-05-05 13:30:00,6.815,6.89,6.79,6.88,115655
2023-05-05 14:30:00,6.8799,6.89,6.77,6.775,196644
2023-05-05 15:30:00,6.7724,6.795,6.74,6.75,262140
2023-05-08 09:30:00,6.96,7.05,6.79,6.81,213548
2023-05-08 10:30:00,6.82,6.86,6.79,6.795,84651
2023-05-08 11:30:00,6.795,6.81,6.65,6.665,181129
2023-05-08 12:30:00,6.66,6.695,6.65,6.69,108069
2023-05-08 13:30:00,6.69,6.72,6.66,6.69,115635
2023-05-08 14:30:00,6.7,6.73,6.61,6.625,146328
2023-05-08 15:30:00,6.625,6.7,6.6225,6.69,206781
2023-05-09 09:30:00,6.62,6.835,6.59,6.705,184079
2023-05-09 10:30:00,6.7,6.82,6.665,6.755,177587
2023-05-09 11:30:00,6.76,6.84,6.745,6.795,134307
2023-05-09 12:30:00,6.7995,6.85,6.795,6.84,109252
2023-05-09 13:30:00,6.835,6.935,6.83,6.915,113355
2023-05-09 14:30:00,6.915,6.92,6.865,6.89,136959
2023-05-09 15:30:00,6.885,6.9,6.82,6.82,292262
2023-05-10 09:30:00,6.91,6.9585,6.62,6.62,146009
2023-05-10 10:30:00,6.63,6.74,6.6,6.72,75338
2023-05-10 11:30:00,6.715,6.755,6.65,6.735,81049
2023-05-10 12:30:00,6.74,6.745,6.63,6.645,96862
2023-05-10 13:30:00,6.64,6.72,6.625,6.71,101311
2023-05-10 14:30:00,6.715,6.735,6.69,6.7231,173111
2023-05-10 15:30:00,6.71,6.7216,6.68,6.7,220960
2023-05-11 09:30:00,6.54,6.63,6.48,6.585,185430
2023-05-11 10:30:00,6.5893,6.625,6.56,6.595,63824
2023-05-11 11:30:00,6.595,6.63,6.545,6.61,94751
2023-05-11 12:30:00,6.615,6.69,6.585,6.665,157170
2023-05-11 13:30:00,6.67,6.68,6.625,6.645,191758
2023-05-11 14:30:00,6.65,6.665,6.6,6.645,135963
2023-05-11 15:30:00,6.645,6.655,6.61,6.63,205707
2023-05-12 09:30:00,6.7,6.77,6.62,6.62,77495
2023-05-12 10:30:00,6.615,6.6912,6.615,6.625,86784
2023-05-12 11:30:00,6.63,6.631,6.555,6.6,126783
2023-05-12 12:30:00,6.6,6.65,6.585,6.625,69634
2023-05-12 13:30:00,6.625,6.65,6.59,6.64,81728
2023-05-12 14:30:00,6.64,6.65,6.62,6.64,100642
2023-05-12 15:30:00,6.64,6.65,6.62,6.6375,122937
2023-05-15 09:30:00,6.7,6.77,6.65,6.74,81755
2023-05-15 10:30:00,6.74,6.79,6.725,6.77,75031
2023-05-15 11:30:00,6.765,6.81,6.74,6.805,76478
2023-05-15 12:30:00,6.805,6.91,6.797,6.82,134376
2023-05-15 13:30:00,6.82,6.84,6.755,6.76,57894
2023-05-15 14:30:00,6.751,6.78,6.705,6.725,83114
2023-05-15 15:30:00,6.72,6.74,6.69,6.725,188258
2023-05-16 09:30:00,6.68,6.68,6.515,6.545,136001
2023-05-16 10:30:00,6.55,6.57,6.48,6.51,96490
2023-05-16 11:30:00,6.51,6.555,6.49,6.525,112871
2023-05-16 12:30:00,6.53,6.545,6.48,6.495,125503
2023-05-16 13:30:00,6.495,6.51,6.48,6.505,70302
2023-05-16 14:30:00,6.505,6.525,6.47,6.505,99576
2023-05-16 15:30:00,6.505,6.52,6.48,6.48,148245
2023-05-17 09:30:00,6.87,7.57,6.85,7.535,1185623
2023-05-17 10:30:00,7.53,7.54,7.28,7.39,672982
2023-05-17 11:30:00,7.39,7.47,7.345,7.41,251595
2023-05-17 12:30:00,7.405,7.405,7.2817,7.3424,133595
2023-05-17 13:30:00,7.365,7.38,7.2,7.225,111523
2023-05-17 14:30:00,7.23,7.25,7.17,7.22,195258
2023-05-17 15:30:00,7.22,7.22,7.16,7.185,343652
2023-05-18 09:30:00,7.05,7.2,6.95,7.145,217510
2023-05-18 10:30:00,7.1495,7.2095,7.13,7.17,123952
2023-05-18 11:30:00,7.165,7.22,7.14,7.17,120485
2023-05-18 12:30:00,7.175,7.2,7.14,7.185,105765
2023-05-18 13:30:00,7.18,7.255,7.17,7.255,101546
2023-05-18 14:30:00,7.25,7.31,7.24,7.285,110649
2023-05-18 15:30:00,7.29,7.37,7.2835,7.35,202864
2023-05-19 09:30:00,7.45,7.525,7.36,7.39,326046
2023-05-19 10:30:00,7.4,7.45,7.355,7.355,103830
2023-05-19 11:30:00,7.35,7.435,7.28,7.425,161466
2023-05-19 12:30:00,7.425,7.48,7.41,7.425,132099
2023-05-19 13:30:00,7.425,7.44,7.38,7.4,113910
2023-05-19 14:30:00,7.405,7.405,7.33,7.385,132203
2023-05-19 15:30:00,7.385,7.4275,7.38,7.395,195215
2023-05-22 09:30:00,7.39,7.59,7.34,7.585,210661
2023-05-22 10:30:00,7.59,7.61,7.505,7.56,154101
2023-05-22 11:30:00,7.56,7.655,7.56,7.5983,88743
2023-05-22 12:30:00,7.598,7.64,7.575,7.625,155609
2023-05-22 13:30:00,7.63,7.65,7.61,7.615,93706
2023-05-22 14:30:00,7.62,7.71,7.6,7.655,206225
2023-05-22 15:30:00,7.655,7.6732,7.59,7.595,239830
2023-05-23 09:30:00,7.64,7.755,7.54,7.755,132039
2023-05-23 10:30:00,7.75,7.8,7.72,7.75,93531
2023-05-23 11:30:00,7.75,7.795,7.73,7.765,80680
2023-05-23 12:30:00,7.76,7.8,7.725,7.755,75191
2023-05-23 13:30:00,7.75,7.78,7.67,7.69,88965
2023-05-23 14:30:00,7.7,7.74,7.685,7.725,122019
2023-05-23 15:30:00,7.725,7.74,7.69,7.705,130048
2023-07-25 09:30:00,10.18,10.24,10.015,10.23,100646
2023-07-25 10:30:00,10.2298,10.26,10.18,10.195,104960
2023-07-25 11:30:00,10.195,10.23,10.17,10.21,58438
2023-07-25 12:30:00,10.205,10.24,10.2,10.235,36518
2023-07-25 13:30:00,10.235,10.34,10.23,10.31,96341
2023-07-25 14:30:00,10.31,10.32,10.25,10.27,88845
2023-07-25 15:30:00,10.27,10.27,10.19,10.2,197988
2023-07-26 09:30:00,10.1,10.285,10.06,10.2,181538
2023-07-26 10:30:00,10.19,10.26,10.165,10.21,156447
2023-07-26 11:30:00,10.2076,10.23,10.175,10.2,51056
2023-07-26 12:30:00,10.2,10.21,10.17,10.18,51519
2023-07-26 13:30:00,10.18,10.21,10.16,10.19,51418
2023-07-26 14:30:00,10.185,10.3,10.17,10.26,106552
2023-07-26 15:30:00,10.26,10.28,10.24,10.26,146373
2023-07-27 09:30:00,10.3,10.31,9.98,10.1464,199033
2023-07-27 10:30:00,10.13,10.26,10.125,10.165,164179
2023-07-27 11:30:00,10.165,10.235,10.11,10.23,111908
2023-07-27 12:30:00,10.2072,10.24,10.12,10.125,85484
2023-07-27 13:30:00,10.125,10.16,10.09,10.1,100184
2023-07-27 14:30:00,10.1,10.12,10.0425,10.07,101776
2023-07-27 15:30:00,10.07,10.07,9.96,9.995,275706
2023-07-28 09:30:00,10.05,10.17,9.93,10.065,114793
2023-07-28 10:30:00,10.0625,10.0991,10.01,10.09,169058
2023-07-28 11:30:00,10.08,10.135,10.055,10.125,82982
2023-07-28 12:30:00,10.125,10.145,10.07,10.07,118128
2023-07-28 13:30:00,10.07,10.07,10.025,10.065,115578
2023-07-28 14:30:00,10.065,10.08,10.005,10.02,114690
2023-07-28 15:30:00,10.025,10.06,10.01,10.05,161238
2023-07-31 09:30:00,10.1,10.38,10.1,10.37,136370
2023-07-31 10:30:00,10.37,10.46,10.335,10.415,172458
2023-07-31 11:30:00,10.42,10.485,10.39,10.475,93186
2023-07-31 12:30:00,10.48,10.49,10.385,10.44,121599
2023-07-31 13:30:00,10.435,10.49,10.38,10.44,154171
2023-07-31 14:30:00,10.44,10.46,10.41,10.44,95138
2023-07-31 15:30:00,10.44,10.45,10.39,10.44,185187
2023-08-01 09:30:00,10.42,10.46,10.18,10.36,176079
2023-08-01 10:30:00,10.36,10.425,10.315,10.38,125492
2023-08-01 11:30:00,10.38,10.46,10.3601,10.445,115751
2023-08-01 12:30:00,10.445,10.54,10.43,10.53,117133
2023-08-01 13:30:00,10.53,10.58,10.51,10.54,82988
2023-08-01 14:30:00,10.545,10.575,10.51,10.56,125285
2023-08-01 15:30:00,10.56,10.6,10.52,10.59,225696
2023-08-02 09:30:00,10.45,10.57,9.83,9.905,482911
2023-08-02 10:30:00,9.91,9.95,9.5208,9.82,258823
2023-08-02 11:30:00,9.815,9.82,9.645,9.67,177061
2023-08-02 12:30:00,9.67,9.83,9.66,9.685,177230
2023-08-02 13:30:00,9.685,9.75,9.605,9.645,168403
2023-08-02 14:30:00,9.6248,9.75,9.49,9.49,229852
2023-08-02 15:30:00,9.495,9.51,9.41,9.455,703874
2023-08-03 09:30:00,9.41,9.805,9.37,9.75,267852
2023-08-03 10:30:00,9.75,9.88,9.675,9.865,194327
2023-08-03 11:30:00,9.865,9.89,9.82,9.825,136132
2023-08-03 12:30:00,9.8297,9.86,9.78,9.795,122454
2023-08-03 13:30:00,9.79,9.8,9.72,9.79,121828
2023-08-03 14:30:00,9.78,9.8,9.76,9.785,132196
2023-08-03 15:30:00,9.785,9.8,9.76,9.77,293277
2023-08-04 09:30:00,9.81,10.03,9.73,9.87,218499
2023-08-04 10:30:00,9.87,9.98,9.85,9.9704,110618
2023-08-04 11:30:00,9.97,10.0,9.94,9.98,70348
2023-08-04 12:30:00,9.98,10.08,9.965,10.055,100505
2023-08-04 13:30:00,10.055,10.08,9.985,9.995,92858
2023-08-04 14:30:00,10.0,10.0,9.92,9.95,109550
2023-08-04 15:30:00,9.95,9.97,9.925,9.955,161807
2023-08-07 09:30:00,9.9,10.13,9.9,10.075,160484
2023-08-07 10:30:00,10.08,10.105,9.99,9.99,99277
2023-08-07 11:30:00,10.0,10.02,9.97,9.985,65433
2023-08-07 12:30:00,9.98,10.04,9.95,10.005,164614
2023-08-07 13:30:00,10.01,10.02,9.89,9.8994,216558
2023-08-07 14:30:00,9.89,9.935,9.88,9.92,150423
2023-08-07 15:30:00,9.92,9.97,9.905,9.97,198937
2023-08-08 09:30:00,9.72,9.88,9.64,9.87,166182
2023-08-08 10:30:00,9.87,9.96,9.86,9.94,90069
2023-08-08 11:30:00,9.935,9.9899,9.92,9.96,69827
2023-08-08 12:30:00,9.955,10.08,9.955,10.0699,84974
2023-08-08 13:30:00,10.07,10.11,10.06,10.09,60624
2023-08-08 14:30:00,10.1,10.12,10.06,10.115,121774
2023-08-08 15:30:00,10.115,10.18,10.1,10.17,166966
2023-08-09 09:30:00,10.17,10.485,10.02,10.335,230438
2023-08-09 10:30:00,10.33,10.47,10.26,10.26,110791
2023-08-09 11:30:00,10.26,10.31,10.17,10.195,51132
2023-08-09 12:30:00,10.195,10.24,10.18,10.205,44810
2023-08-09 13:30:00,10.205,10.2981,10.205,10.26,66973
2023-08-09 14:30:00,10.26,10.295,10.24,10.277,84381
2023-08-09 15:30:00,10.275,10.3,10.22,10.29,229470
2023-08-10 09:30:00,10.15,10.385,10.11,10.285,112948
2023-08-10 10:30:00,10.28,10.2931,10.11,10.18,73373
2023-08-10 11:30:00,10.18,10.22,10.09,10.1,65993
2023-08-10 12:30:00,10.1,10.185,10.08,10.095,62940
2023-08-10 13:30:00,10.09,10.13,10.04,10.065,69680
2023-08-10 14:30:00,10.07,10.145,10.055,10.105,82817
2023-08-10 15:30:00,10.1,10.15,10.1,10.135,146871
2023-08-11 09:30:00,10.15,10.5,10.1,10.46,211608
2023-08-11 10:30:00,10.455,10.51,10.3788,10.44,112918
2023-08-11 11:30:00,10.44,10.515,10.43,10.45,185073
2023-08-11 12:30:00,10.445,10.47,10.325,10.345,55020
2023-08-11 13:30:00,10.345,10.38,10.24,10.265,92261
2023-08-11 14:30:00,10.265,10.3,10.255,10.28,105899
2023-08-11 15:30:00,10.29,10.29,10.24,10.26,135734
2023-08-14 09:30:00,10.13,10.19,10.005,10.135,125841
2023-08-14 10:30:00,10.135,10.22,10.08,10.16,88835
2023-08-14 11:30:00,10.17,10.1991,10.13,10.16,47166
2023-08-14 12:30:00,10.15,10.205,10.13,10.175,55901
2023-08-14 13:30:00,10.18,10.21,10.165,10.175,52804
2023-08-14 14:30:00,10.17,10.18,10.15,10.165,59294
2023-08-14 15:30:00,10.165,10.19,10.15,10.18,103394
2023-08-15 09:30:00,10.06,10.13,9.94,10.03,84917
2023-08-15 10:30:00,10.03,10.11,9.98,10.055,76942
2023-08-15 11:30:00,10.06,10.08,10.0,10.03,54097
2023-08-15 12:30:00,10.025,10.04,9.97,10.0,66792
2023-08-15 13:30:00,10.0,10.0,9.9469,9.97,47621
2023-08-15 14:30:00,9.97,10.0,9.94,9.94,98245
2023-08-15 15:30:00,9.945,9.9534,9.92,9.93,110122
2023-08-16 09:30:00,9.9,10.19,9.9,10.03,131766
2023-08-16 10:30:00,10.03,10.07,9.995,10.025,45534
2023-08-16 11:30:00,10.025,10.08,9.99,9.99,81503
2023-08-16 12:30:00,9.995,10.0096,9.94,9.97,128525
2023-08-16 13:30:00,9.97,10.02,9.945,10.015,65335
2023-08-16 14:30:00,10.015,10.04,9.98,9.995,128152
2023-08-16 15:30:00,9.995,10.015,9.95,9.95,104314
2023-08-17 09:30:00,10.15,10.2686,10.14,10.185,109321
2023-08-17 10:30:00,10.18,10.24,10.15,10.225,79463
2023-08-17 11:30:00,10.22,10.23,10.12,10.18,59604
2023-08-17 12:30:00,10.18,10.185,10.08,10.09,56218
2023-08-17 13:30:00,10.09,10.11,10.03,10.04,43695
2023-08-17 14:30:00,10.045,10.12,10.01,10.055,126891
2023-08-17 15:30:00,10.055,10.06,10.01,10.04,106105
2023-08-18 09:30:00,9.88,10.075,9.85,10.0402,128044
2023-08-18 10:30:00,10.03,10.085,9.985,10.07,49225
2023-08-18 11:30:00,10.0728,10.14,10.06,10.115,63918
2023-08-18 12:30:00,10.115,10.15,10.06,10.06,92464
2023-08-18 13:30:00,10.07,10.0781,9.99,10.025,146294
2023-08-18 14:30:00,10.03,10.07,10.01,10.03,77518
2023-08-18 15:30:00,10.025,10.04,10.0,10.03,86922
2023-08-21 09:30:00,10.07,10.26,10.005,10.02,133697
2023-08-21 10:30:00,10.015,10.07,10.0,10.04,76632
2023-08-21 11:30:00,10.04,10.05,9.94,9.96,45724
2023-08-21 12:30:00,9.95,9.96,9.895,9.93,48545
2023-08-21 13:30:00,9.935,9.95,9.91,9.945,40451
2023-08-21 14:30:00,9.945,9.995,9.9346,9.995,61647
2023-08-21 15:30:00,10.0,10.015,9.96,10.01,147248
2023-08-22 09:30:00,9.89,10.025,9.84,9.855,94820
2023-08-22 10:30:00,9.8582,9.86,9.795,9.845,81756
2023-08-22 11:30:00,9.845,9.86,9.8,9.85,57998
2023-08-22 12:30:00,9.845,9.87,9.8,9.815,49446
2023-08-22 13:30:00,9.8096,9.84,9.78,9.835,50439
2023-08-22 14:30:00,9.835,9.855,9.81,9.83,60831
2023-08-22 15:30:00,9.83,9.835,9.77,9.78,109323
2023-10-06 09:30:00,9.19,9.285,9.065,9.16,149452
2023-10-06 10:30:00,9.17,9.245,9.125,9.235,116428
2023-10-06 11:30:00,9.24,9.48,9.23,9.45,188532
2023-10-06 12:30:00,9.455,9.48,9.37,9.435,125808
2023-10-06 13:30:00,9.435,9.47,9.425,9.455,95178
2023-10-06 14:30:00,9.458,9.47,9.33,9.365,107568
2023-10-06 15:30:00,9.37,9.38,9.3,9.33,280380
2023-10-09 09:30:00,9.67,9.84,9.6,9.82,236800
2023-10-09 10:30:00,9.82,10.02,9.82,9.995,225230
2023-10-09 11:30:00,9.995,10.095,9.99,9.995,317999
2023-10-09 12:30:00,9.995,10.03,9.975,10.025,85941
2023-10-09 13:30:00,10.03,10.145,10.01,10.13,117269
2023-10-09 14:30:00,10.135,10.135,10.03,10.06,251251
2023-10-09 15:30:00,10.065,10.08,10.04,10.07,372291
2023-10-10 09:30:00,10.09,10.17,9.97,10.14,167318
2023-10-10 10:30:00,10.13,10.195,10.09,10.185,79863
2023-10-10 11:30:00,10.19,10.275,10.18,10.265,103978
2023-10-10 12:30:00,10.2699,10.27,10.2,10.245,62611
2023-10-10 13:30:00,10.24,10.25,10.18,10.185,93839
2023-10-10 14:30:00,10.185,10.2,10.13,10.145,142122
2023-10-10 15:30:00,10.145,10.16,10.12,10.16,218172
2023-10-11 09:30:00,10.01,10.22,9.87,10.155,231259
2023-10-11 10:30:00,10.155,10.17,9.98,10.07,178870
2023-10-11 11:30:00,10.065,10.158,10.055,10.14,82833
2023-10-11 12:30:00,10.138,10.24,10.11,10.14,251966
2023-10-11 13:30:00,10.1499,10.205,10.12,10.185,225595
2023-10-11 14:30:00,10.19,10.22,10.15,10.1749,170558
2023-10-11 15:30:00,10.175,10.24,10.1695,10.24,308501
2023-10-12 09:30:00,10.46,10.46,10.09,10.16,158988
2023-10-12 10:30:00,10.16,10.23,10.125,10.201,87462
2023-10-12 11:30:00,10.2,10.235,10.11,10.185,152003
2023-10-12 12:30:00,10.185,10.2,10.05,10.08,122383
2023-10-12 13:30:00,10.08,10.09,10.03,10.075,66211
2023-10-12 14:30:00,10.075,10.185,10.07,10.18,127417
2023-10-12 15:30:00,10.175,10.19,10.15,10.17,197989
2023-10-13 09:30:00,10.39,10.46,10.15,10.3,171503
2023-10-13 10:30:00,10.295,10.46,10.23,10.42,154653
2023-10-13 11:30:00,10.415,10.465,10.38,10.435,131909
2023-10-13 12:30:00,10.435,10.505,10.415,10.4389,92125
2023-10-13 13:30:00,10.44,10.525,10.405,10.52,104664
2023-10-13 14:30:00,10.52,10.55,10.49,10.5,124715
2023-10-13 15:30:00,10.495,10.51,10.4,10.41,147005
2023-10-16 09:30:00,10.48,10.59,10.35,10.42,146068
2023-10-16 10:30:00,10.425,10.595,10.405,10.54,88497
2023-10-16 11:30:00,10.535,10.56,10.44,10.45,125849
2023-10-16 12:30:00,10.445,10.46,10.37,10.42,72185
2023-10-16 13:30:00,10.415,10.44,10.385,10.4041,56617
2023-10-16 14:30:00,10.4101,10.43,10.37,10.38,92722
2023-10-16 15:30:00,10.375,10.3833,10.332,10.365,172830
2023-10-17 09:30:00,10.31,10.815,10.291,10.7898,147744
2023-10-17 10:30:00,10.79,10.84,10.755,10.765,99776
2023-10-17 11:30:00,10.77,10.815,10.7,10.785,89575
2023-10-17 12:30:00,10.785,10.7999,10.71,10.735,120054
2023-10-17 13:30:00,10.735,10.815,10.725,10.81,106330
2023-10-17 14:30:00,10.815,10.82,10.75,10.795,155555
2023-10-17 15:30:00,10.795,10.8,10.73,10.74,162890
2023-10-18 09:30:00,10.6,10.915,10.6,10.82,151145
2023-10-18 10:30:00,10.83,10.89,10.78,10.885,87023
2023-10-18 11:30:00,10.885,10.93,10.77,10.8,95540
2023-10-18 12:30:00,10.805,10.915,10.79,10.865,119233
2023-10-18 13:30:00,10.87,10.875,10.79,10.81,93685
2023-10-18 14:30:00,10.81,10.83,10.75,10.755,96914
2023-10-18 15:30:00,10.76,10.78,10.71,10.75,250765
2023-10-19 09:30:00,10.71,10.79,10.53,10.79,167748
2023-10-19 10:30:00,10.785,10.86,10.71,10.845,98496
2023-10-19 11:30:00,10.85,10.94,10.795,10.8818,483162
2023-10-19 12:30:00,10.89,10.955,10.775,10.9,135839
2023-10-19 13:30:00,10.905,10.915,10.735,10.75,159026
2023-10-19 14:30:00,10.755,10.795,10.7,10.755,312114
2023-10-19 15:30:00,10.755,10.83,10.74,10.83,360766
2023-10-20 09:30:00,10.81,10.96,10.49,10.54,338516
2023-10-20 10:30:00,10.54,10.655,10.5,10.555,212531
2023-10-20 11:30:00,10.56,10.72,10.5365,10.7,131699
2023-10-20 12:30:00,10.6845,10.77,10.65,10.71,202497
2023-10-20 13:30:00,10.71,10.76,10.685,10.75,131689
2023-10-20 14:30:00,10.745,10.75,10.69,10.725,161630
2023-10-20 15:30:00,10.73,10.75,10.665,10.69,326480
2023-10-23 09:30:00,10.6,10.77,10.52,10.69,188198
2023-10-23 10:30:00,10.69,10.74,10.615,10.69,108690
2023-10-23 11:30:00,10.69,10.725,10.54,10.57,94018
2023-10-23 12:30:00,10.57,10.62,10.55,10.555,84723
2023-10-23 13:30:00,10.55,10.645,10.525,10.585,157755
2023-10-23 14:30:00,10.585,10.645,10.5733,10.605,210332
2023-10-23 15:30:00,10.605,10.61,10.55,10.595,251702
2023-10-24 09:30:00,10.63,10.74,10.535,10.73,238783
2023-10-24 10:30:00,10.73,10.85,10.7,10.785,281209
2023-10-24 11:30:00,10.78,10.83,10.695,10.7201,126843
2023-10-24 12:30:00,10.73,10.83,10.71,10.83,93332
2023-10-24 13:30:00,10.83,10.85,10.79,10.795,86765
2023-10-24 14:30:00,10.8,10.815,10.73,10.785,391260
2023-10-24 15:30:00,10.7677,10.805,10.72,10.73,448000
2023-10-25 09:30:00,10.73,10.8,10.56,10.68,139491
2023-10-25 10:30:00,10.68,10.7,10.56,10.62,166813
2023-10-25 11:30:00,10.615,10.71,10.54,10.695,151342
2023-10-25 12:30:00,10.69,10.79,10.68,10.755,166253
2023-10-25 13:30:00,10.755,10.815,10.71,10.805,220737
2023-10-25 14:30:00,10.7995,10.83,10.73,10.74,223874
2023-10-25 15:30:00,10.74,10.755,10.7,10.7,364680
2023-10-26 09:30:00,10.55,10.665,10.26,10.405,136813
2023-10-26 10:30:00,10.41,10.57,10.375,10.4739,178569
2023-10-26 11:30:00,10.475,10.545,10.2905,10.31,81960
2023-10-26 12:30:00,10.315,10.39,10.29,10.29,95280
2023-10-26 13:30:00,10.285,10.45,10.25,10.43,93403
2023-10-26 14:30:00,10.44,10.55,10.4234,10.475,135149
2023-10-26 15:30:00,10.47,10.4907,10.445,10.48,230223
2023-10-27 09:30:00,10.56,10.64,10.36,10.475,124569
2023-10-27 10:30:00,10.47,10.545,10.435,10.485,81791
2023-10-27 11:30:00,10.485,10.59,10.48,10.53,88189
2023-10-27 12:30:00,10.525,10.55,10.43,10.5,68520
2023-10-27 13:30:00,10.49,10.61,10.46,10.57,248098
2023-10-27 14:30:00,10.56,10.56,10.46,10.4878,77915
2023-10-27 15:30:00,10.495,10.53,10.48,10.51,187014
2023-10-30 09:30:00,10.52,10.73,10.495,10.515,111924
2023-10-30 10:30:00,10.52,10.54,10.44,10.465,123022
2023-10-30 11:30:00,10.46,10.5,10.35,10.36,142077
2023-10-30 12:30:00,10.37,10.385,10.285,10.3372,97825
2023-10-30 13:30:00,10.33,10.465,10.3123,10.371,101498
2023-10-30 14:30:00,10.375,10.475,10.36,10.47,151546
2023-10-30 15:30:00,10.47,10.48,10.42,10.44,206838
2023-10-31 09:30:00,10.42,10.565,10.28,10.465,217985
2023-10-31 10:30:00,10.465,10.485,10.39,10.4492,136649
2023-10-31 11:30:00,10.45,10.46,10.405,10.43,109363
2023-10-31 12:30:00,10.435,10.48,10.34,10.34,127992
2023-10-31 13:30:00,10.345,10.4,10.335,10.35,186187
2023-10-31 14:30:00,10.35,10.46,10.28,10.455,468558
2023-10-31 15:30:00,10.46,10.515,10.43,10.48,382732
2023-11-01 09:30:00,10.94,11.37,10.6,10.9998,812388
2023-11-01 10:30:00,11.0,11.0692,10.37,10.41,807852
2023-11-01 11:30:00,10.41,10.41,9.97,10.185,448187
2023-11-01 12:30:00,10.185,10.285,10.0,10.245,412891
2023-11-01 13:30:00,10.245,10.39,10.14,10.235,362399
2023-11-01 14:30:00,10.24,10.28,10.115,10.21,331255
2023-11-01 15:30:00,10.1944,10.52,10.19,10.51,636980
2023-11-02 09:30:00,10.28,10.55,9.965,10.02,489518
2023-11-02 10:30:00,10.01,10.18,9.955,10.105,282708
2023-11-02 11:30:00,10.105,10.185,10.07,10.1506,197727
2023-11-02 12:30:00,10.18,10.285,10.1538,10.2453,171102
2023-11-02 13:30:00,10.235,10.27,10.16,10.16,168237
2023-11-02 14:30:00,10.16,10.23,10.14,10.15,300518
2023-11-02 15:30:00,10.15,10.18,10.05,10.12,656891
2023-11-03 09:30:00,10.21,10.62,10.12,10.465,558083
2023-11-03 10:30:00,10.47,10.545,10.18,10.295,421909
2023-11-03 11:30:00,10.29,10.57,10.265,10.5478,349057
2023-11-03 12:30:00,10.53,10.55,10.32,10.35,151950
2023-11-03 13:30:00,10.35,10.4,10.305,10.395,235077
2023-11-03 14:30:00,10.395,10.485,10.24,10.26,692090
2023-11-03 15:30:00,10.26,10.27,10.18,10.22,496487
2023-11-06 09:30:00,10.27,10.32,9.965,10.0321,176681
2023-11-06 10:30:00,10.03,10.055,9.91,9.935,120022
2023-11-06 11:30:00,9.935,9.96,9.855,9.89,141438
2023-11-06 12:30:00,9.88,9.9,9.745,9.825,183009
2023-11-06 13:30:00,9.82,9.845,9.735,9.755,125845
2023-11-06 14:30:00,9.75,9.83,9.74,9.81,193952
2023-11-06 15:30:00,9.815,9.885,9.8,9.82,373626
2023-11-07 09:30:00,9.61,9.61,9.302,9.405,263640
2023-11-07 10:30:00,9.4,9.41,9.28,9.29,145642
2023-11-07 11:30:00,9.29,9.2913,9.17,9.235,184036
2023-11-07 12:30:00,9.235,9.28,9.14,9.275,222690
2023-11-07 13:30:00,9.275,9.29,9.19,9.255,167838
2023-11-07 14:30:00,9.26,9.2703,9.12,9.17,447509
2023-11-07 15:30:00,9.175,9.21,9.1497,9.19,437647
2023-11-08 09:30:00,9.13,9.505,9.1,9.345,248547
2023-11-08 10:30:00,9.34,9.365,9.22,9.28,330646
2023-11-08 11:30:00,9.27,9.285,9.18,9.2,425245
2023-11-08 12:30:00,9.2,9.2074,9.08,9.11,437639
2023-11-08 13:30:00,9.1025,9.12,9.02,9.05,361918
2023-11-08 14:30:00,9.0476,9.19,9.035,9.15,223398
2023-11-08 15:30:00,9.15,9.21,9.13,9.13,530154
2023-11-09 09:30:00,9.2,9.35,9.1,9.2217,173279
2023-11-09 10:30:00,9.22,9.3,9.13,9.17,282849
2023-11-09 11:30:00,9.1668,9.255,9.16,9.2,147646
2023-11-09 12:30:00,9.21,9.24,9.13,9.135,176944
2023-11-09 13:30:00,9.13,9.15,9.09,9.135,158674
2023-11-09 14:30:00,9.13,9.1372,9.025,9.0847,207582
2023-11-09 15:30:00,9.09,9.14,9.07,9.09,314664
2023-11-10 09:30:00,9.19,9.31,9.05,9.125,117679
2023-11-10 10:30:00,9.125,9.13,9.02,9.04,90055
2023-11-10 11:30:00,9.045,9.1198,9.02,9.1098,128641
2023-11-10 12:30:00,9.12,9.26,9.1069,9.25,115950
2023-11-10 13:30:00,9.245,9.28,9.21,9.239,88017
2023-11-10 14:30:00,9.239,9.25,9.2,9.22,135026
2023-11-10 15:30:00,9.215,9.215,9.13,9.15,229290
2023-11-13 09:30:00,9.11,9.265,9.0101,9.215,99205
2023-11-13 10:30:00,9.21,9.275,9.2,9.255,107253
2023-11-13 11:30:00,9.259,9.375,9.25,9.355,99640
2023-11-13 12:30:00,9.355,9.39,9.315,9.355,92486
2023-11-13 13:30:00,9.355,9.44,9.355,9.385,121647
2023-11-13 14:30:00,9.39,9.42,9.335,9.42,174400
2023-11-13 15:30:00,9.41,9.44,9.3814,9.41,229988
2023-11-14 09:30:00,9.5,9.63,9.41,9.62,262197
2023-11-14 10:30:00,9.61,9.65,9.53,9.56,170093
2023-11-14 11:30:00,9.56,9.64,9.475,9.505,92876
2023-11-14 12:30:00,9.505,9.58,9.48,9.55,134447
2023-11-14 13:30:00,9.545,9.59,9.535,9.575,101761
2023-11-14 14:30:00,9.575,9.62,9.56,9.605,203834
2023-11-14 15:30:00,9.6009,9.645,9.58,9.6105,206061
2023-11-15 09:30:00,9.56,9.71,9.5113,9.71,140021
2023-11-15 10:30:00,9.71,9.89,9.7097,9.775,196003
2023-11-15 11:30:00,9.775,9.79,9.6705,9.705,102168
2023-11-15 12:30:00,9.7005,9.7005,9.52,9.555,122956
2023-11-15 13:30:00,9.55,9.57,9.44,9.455,141669
2023-11-15 14:30:00,9.46,9.47,9.4,9.43,195249
2023-11-15 15:30:00,9.425,9.48,9.42,9.43,137511
2023-11-16 09:30:00,9.3,9.36,8.9625,9.02,194543
2023-11-16 10:30:00,9.015,9.14,8.93,8.965,247724
2023-11-16 11:30:00,8.96,9.01,8.915,8.975,110478
2023-11-16 12:30:00,8.975,8.98,8.885,8.905,126845
2023-11-16 13:30:00,8.905,8.985,8.89,8.965,80555
2023-11-16 14:30:00,8.969,9.09,8.945,9.08,148855
2023-11-16 15:30:00,9.075,9.12,9.04,9.12,223768
2023-11-17 09:30:00,9.28,9.35,9.155,9.26,223214
2023-11-17 10:30:00,9.265,9.285,9.15,9.165,144579
2023-11-17 11:30:00,9.165,9.28,9.15,9.275,111393
2023-11-17 12:30:00,9.28,9.335,9.25,9.31,112781
2023-11-17 13:30:00,9.315,9.355,9.3,9.34,114166
2023-11-17 14:30:00,9.34,9.35,9.3,9.3271,97747
2023-11-17 15:30:00,9.33,9.34,9.28,9.3,278480
2023-11-20 09:30:00,9.36,9.48,9.26,9.47,163237
2023-11-20 10:30:00,9.47,9.47,9.38,9.43,109526
2023-11-20 11:30:00,9.43,9.51,9.41,9.48,112622
2023-11-20 12:30:00,9.475,9.475,9.39,9.4134,99433
2023-11-20 13:30:00,9.415,9.43,9.32,9.325,221265
2023-11-20 14:30:00,9.32,9.355,9.3,9.335,157396
2023-11-20 15:30:00,9.335,9.35,9.31,9.35,195180
2023-11-21 09:30:00,9.28,9.37,9.01,9.08,241724
2023-11-21 10:30:00,9.08,9.19,9.0702,9.115,126337
2023-11-21 11:30:00,9.11,9.155,9.095,9.139,117185
2023-11-21 12:30:00,9.139,9.2,9.1,9.125,109733
2023-11-21 13:30:00,9.12,9.19,9.11,9.175,98914
2023-11-21 14:30:00,9.175,9.2,9.12,9.2,150903
2023-11-21 15:30:00,9.195,9.21,9.15,9.17,300565
2023-12-06 09:30:00,8.71,8.87,8.67,8.7746,158197
2023-12-06 10:30:00,8.77,8.785,8.58,8.605,121127
2023-12-06 11:30:00,8.6084,8.6095,8.49,8.525,87940
2023-12-06 12:30:00,8.5209,8.55,8.495,8.525,137674
2023-12-06 13:30:00,8.5215,8.56,8.41,8.435,233802
2023-12-06 14:30:00,8.435,8.48,8.33,8.345,252471
2023-12-06 15:30:00,8.34,8.3439,8.285,8.33,827309
2023-12-07 09:30:00,8.375,8.47,8.31,8.4,222807
2023-12-07 10:30:00,8.4,8.405,8.305,8.3235,180556
2023-12-07 11:30:00,8.345,8.37,8.275,8.3,126477
2023-12-07 12:30:00,8.295,8.399,8.29,8.385,116638
2023-12-07 13:30:00,8.39,8.4,8.305,8.33,146201
2023-12-07 14:30:00,8.335,8.37,8.26,8.29,435749
2023-12-07 15:30:00,8.295,8.32,8.25,8.28,829476
2023-12-08 09:30:00,8.42,8.47,8.3,8.455,235535
2023-12-08 10:30:00,8.455,8.485,8.33,8.355,166550
2023-12-08 11:30:00,8.355,8.37,8.235,8.24,112708
2023-12-08 12:30:00,8.245,8.25,8.19,8.225,214410
2023-12-08 13:30:00,8.23,8.31,8.21,8.28,235477
2023-12-08 14:30:00,8.28,8.36,8.25,8.34,383195
2023-12-08 15:30:00,8.33,8.38,8.32,8.37,498787
2023-12-11 09:30:00,8.39,8.5,8.32,8.47,175214
2023-12-11 10:30:00,8.465,8.495,8.34,8.35,145303
2023-12-11 11:30:00,8.35,8.3562,8.22,8.23,127163
2023-12-11 12:30:00,8.225,8.315,8.22,8.2836,291487
2023-12-11 13:30:00,8.28,8.29,8.21,8.235,405381
2023-12-11 14:30:00,8.24,8.29,8.23,8.28,250770
2023-12-11 15:30:00,8.29,8.29,8.205,8.21,418012
2023-12-12 09:30:00,8.11,8.2,7.9,8.14,232604
2023-12-12 10:30:00,8.145,8.305,8.145,8.26,358856
2023-12-12 11:30:00,8.26,8.32,8.25,8.29,189622
2023-12-12 12:30:00,8.29,8.31,8.14,8.2299,330820
2023-12-12 13:30:00,8.225,8.27,8.185,8.195,294617
2023-12-12 14:30:00,8.19,8.275,8.14,8.26,877136
2023-12-12 15:30:00,8.265,8.29,8.22,8.23,292638
2023-12-13 09:30:00,8.28,8.45,8.23,8.35,281368
2023-12-13 10:30:00,8.35,8.37,8.27,8.345,374748
2023-12-13 11:30:00,8.345,8.365,8.19,8.225,285959
2023-12-13 12:30:00,8.225,8.24,8.145,8.15,190232
2023-12-13 13:30:00,8.16,8.33,8.12,8.315,243062
2023-12-13 14:30:00,8.315,8.415,8.275,8.315,335569
2023-12-13 15:30:00,8.315,8.48,8.31,8.48,329274
2023-12-14 09:30:00,8.69,8.86,8.54,8.725,275851
2023-12-14 10:30:00,8.725,8.745,8.605,8.62,163784
2023-12-14 11:30:00,8.625,8.66,8.5,8.505,170330
2023-12-14 12:30:00,8.51,8.57,8.44,8.475,154846
2023-12-14 13:30:00,8.47,8.505,8.41,8.425,246948
2023-12-14 14:30:00,8.425,8.52,8.42,8.515,378183
2023-12-14 15:30:00,8.51,8.61,8.495,8.61,466876
2023-12-15 09:30:00,8.59,8.59,8.295,8.385,644186
2023-12-15 10:30:00,8.385,8.48,8.37,8.42,146429
2023-12-15 11:30:00,8.42,8.5,8.405,8.48,130566
2023-12-15 12:30:00,8.475,8.475,8.41,8.4305,89252
2023-12-15 13:30:00,8.425,8.455,8.37,8.43,116574
2023-12-15 14:30:00,8.43,8.52,8.425,8.5005,237884
2023-12-15 15:30:00,8.5,8.57,8.47,8.53,493408
2023-12-18 09:30:00,8.73,8.88,8.535,8.55,174871
2023-12-18 10:30:00,8.55,8.6,8.465,8.575,131185
2023-12-18 11:30:00,8.57,8.64,8.54,8.6293,118600
2023-12-18 12:30:00,8.63,8.64,8.495,8.52,124522
2023-12-18 13:30:00,8.5165,8.5499,8.45,8.455,82424
2023-12-18 14:30:00,8.46,8.495,8.435,8.445,147226
2023-12-18 15:30:00,8.45,8.45,8.4,8.41,193129
2023-12-19 09:30:00,8.54,8.645,8.445,8.53,98192
2023-12-19 10:30:00,8.53,8.58,8.5,8.57,88998
2023-12-19 11:30:00,8.565,8.6,8.545,8.55,64279
2023-12-19 12:30:00,8.555,8.63,8.55,8.555,75078
2023-12-19 13:30:00,8.555,8.605,8.54,8.567,136911
2023-12-19 14:30:00,8.565,8.571,8.51,8.54,142206
2023-12-19 15:30:00,8.535,8.58,8.51,8.57,272959
2023-12-20 09:30:00,8.61,8.74,8.55,8.7037,212288
2023-12-20 10:30:00,8.73,8.755,8.67,8.73,106408
2023-12-20 11:30:00,8.73,8.795,8.67,8.785,148564
2023-12-20 12:30:00,8.79,8.81,8.74,8.76,96125
2023-12-20 13:30:00,8.765,8.77,8.69,8.705,66677
2023-12-20 14:30:00,8.705,8.71,8.5,8.51,166866
2023-12-20 15:30:00,8.52,8.53,8.43,8.46,237928
2023-12-21 09:30:00,8.46,8.555,8.42,8.5142,135281
2023-12-21 10:30:00,8.51,8.525,8.445,8.49,69699
2023-12-21 11:30:00,8.5,8.5,8.4113,8.43,73937
2023-12-21 12:30:00,8.43,8.53,8.43,8.52,79454
2023-12-21 13:30:00,8.525,8.54,8.49,8.5,104808
2023-12-21 14:30:00,8.5095,8.52,8.47,8.5,69457
2023-12-21 15:30:00,8.505,8.53,8.49,8.49,179914
2023-12-22 09:30:00,8.61,8.695,8.53,8.575,155480
2023-12-22 10:30:00,8.57,8.58,8.44,8.535,62379
2023-12-22 11:30:00,8.54,8.55,8.48,8.52,57605
2023-12-22 12:30:00,8.52,8.555,8.51,8.525,44524
2023-12-22 13:30:00,8.52,8.56,8.435,8.44,93005
2023-12-22 14:30:00,8.4493,8.53,8.43,8.485,158736
2023-12-22 15:30:00,8.49,8.49,8.45,8.47,161545
2024-01-30 09:30:00,8.21,8.505,8.09,8.39,345464
2024-01-30 10:30:00,8.4057,8.63,8.395,8.625,187096
2024-01-30 11:30:00,8.62,8.77,8.62,8.69,229351
2024-01-30 12:30:00,8.695,8.79,8.6725,8.785,172913
2024-01-30 13:30:00,8.79,8.88,8.782,8.88,139625
2024-01-30 14:30:00,8.879,8.89,8.79,8.81,245078
2024-01-30 15:30:00,8.815,8.9,8.8093,8.9,308161
2024-01-31 09:30:00,8.9,8.94,8.5794,8.65,172385
2024-01-31 10:30:00,8.65,8.67,8.605,8.635,115048
2024-01-31 11:30:00,8.64,8.66,8.54,8.59,125390
2024-01-31 12:30:00,8.5923,8.62,8.55,8.575,75767
2024-01-31 13:30:00,8.5709,8.63,8.56,8.5992,128030
2024-01-31 14:30:00,8.595,8.73,8.5,8.575,232270
2024-01-31 15:30:00,8.57,8.585,8.46,8.46,320367
2024-02-01 09:30:00,8.52,8.615,8.38,8.415,115323
2024-02-01 10:30:00,8.415,8.415,8.23,8.28,162774
2024-02-01 11:30:00,8.269,8.39,8.26,8.3369,211020
2024-02-01 12:30:00,8.33,8.345,8.15,8.275,156745
2024-02-01 13:30:00,8.275,8.3,8.185,8.19,119879
2024-02-01 14:30:00,8.19,8.275,8.18,8.235,202101
2024-02-01 15:30:00,8.235,8.29,8.23,8.285,212037
2024-02-02 09:30:00,8.24,8.29,7.99,8.155,163567
2024-02-02 10:30:00,8.155,8.17,8.06,8.115,97822
2024-02-02 11:30:00,8.12,8.12,8.04,8.06,85052
2024-02-02 12:30:00,8.0547,8.08,8.0,8.0,88169
2024-02-02 13:30:00,8.0,8.0081,7.95,7.9801,107592
2024-02-02 14:30:00,7.9829,8.08,7.98,8.08,181209
2024-02-02 15:30:00,8.085,8.09,8.0,8.01,244958
2024-02-05 09:30:00,7.98,7.98,7.705,7.735,156882
2024-02-05 10:30:00,7.735,7.8208,7.725,7.775,85996
2024-02-05 11:30:00,7.7778,7.86,7.772,7.825,87317
2024-02-05 12:30:00,7.83,7.8573,7.81,7.815,81911
2024-02-05 13:30:00,7.82,7.855,7.79,7.8,81619
2024-02-05 14:30:00,7.79,7.82,7.72,7.73,204085
2024-02-05 15:30:00,7.735,7.76,7.7,7.705,166481
2024-02-06 09:30:00,7.76,7.975,7.73,7.96,124950
2024-02-06 10:30:00,7.96,7.975,7.875,7.925,85010
2024-02-06 11:30:00,7.925,8.0,7.9113,7.965,77774
2024-02-06 12:30:00,7.965,7.99,7.895,7.905,104145
2024-02-06 13:30:00,7.91,7.9857,7.875,7.88,80308
2024-02-06 14:30:00,7.885,7.9295,7.86,7.885,113232
2024-02-06 15:30:00,7.885,7.935,7.88,7.925,205007
2024-02-07 09:30:00,7.95,7.97,7.71,7.77,180497
2024-02-07 10:30:00,7.775,7.82,7.755,7.795,180320
2024-02-07 11:30:00,7.795,7.82,7.695,7.73,219429
2024-02-07 12:30:00,7.7246,7.84,7.68,7.835,201577
2024-02-07 13:30:00,7.835,7.89,7.82,7.84,218412
2024-02-07 14:30:00,7.845,7.85,7.78,7.812,232004
2024-02-07 15:30:00,7.815,7.85,7.8,7.8,216737
2024-02-08 09:30:00,7.82,8.005,7.74,7.98,142635
2024-02-08 10:30:00,7.98,8.01,7.87,7.875,106849
2024-02-08 11:30:00,7.875,7.905,7.86,7.87,76703
2024-02-08 12:30:00,7.865,7.88,7.8,7.825,228546
2024-02-08 13:30:00,7.825,7.925,7.8132,7.905,98675
2024-02-08 14:30:00,7.91,7.925,7.8736,7.89,126734
2024-02-08 15:30:00,7.8935,7.93,7.87,7.92,242903
2024-02-09 09:30:00,7.89,7.95,7.83,7.895,202592
2024-02-09 10:30:00,7.8901,7.905,7.8525,7.88,144049
2024-02-09 11:30:00,7.88,7.935,7.86,7.925,77409
2024-02-09 12:30:00,7.92,7.955,7.9,7.95,120228
2024-02-09 13:30:00,7.955,7.975,7.94,7.955,101591
2024-02-09 14:30:00,7.955,7.96,7.89,7.945,133820
2024-02-09 15:30:00,7.95,7.96,7.92,7.93,215185
2024-02-12 09:30:00,8.0,8.18,7.97,8.13,165433
2024-02-12 10:30:00,8.125,8.14,7.975,7.98,256201
2024-02-12 11:30:00,7.985,8.07,7.97,7.99,268240
2024-02-12 12:30:00,7.99,8.04,7.96,7.97,293084
2024-02-12 13:30:00,7.98,8.01,7.91,7.93,279953
2024-02-12 14:30:00,7.935,7.94,7.88,7.885,212222
2024-02-12 15:30:00,7.885,7.935,7.865,7.915,394876
2024-02-13 09:30:00,7.84,7.96,7.615,7.645,213473
2024-02-13 10:30:00,7.64,7.78,7.615,7.71,138633
2024-02-13 11:30:00,7.715,7.795,7.7,7.77,225713
2024-02-13 12:30:00,7.765,7.795,7.72,7.74,96941
2024-02-13 13:30:00,7.735,7.74,7.68,7.73,128385
2024-02-13 14:30:00,7.725,7.745,7.6,7.6295,241248
2024-02-13 15:30:00,7.625,7.73,7.62,7.73,468038
2024-02-14 09:30:00,7.77,7.865,7.725,7.76,144342
2024-02-14 10:30:00,7.76,7.785,7.68,7.765,66387
2024-02-14 11:30:00,7.765,7.805,7.685,7.73,215147
2024-02-14 12:30:00,7.725,7.74,7.665,7.675,123982
2024-02-14 13:30:00,7.68,7.73,7.66,7.7,102232
2024-02-14 14:30:00,7.7075,7.7299,7.63,7.635,220402
2024-02-14 15:30:00,7.635,7.67,7.62,7.67,306203
2024-02-15 09:30:00,7.7,8.02,7.7,7.94,373511
2024-02-15 10:30:00,7.945,8.08,7.81,8.08,266068
2024-02-15 11:30:00,8.07,8.12,8.0,8.05,146649
2024-02-15 12:30:00,8.05,8.065,7.99,8.045,71649
2024-02-15 13:30:00,8.05,8.15,8.03,8.15,111150
2024-02-15 14:30:00,8.15,8.21,8.14,8.2,129970
2024-02-15 15:30:00,8.205,8.235,8.1801,8.22,201227
2024-02-16 09:30:00,8.25,8.3,8.095,8.2006,249446
2024-02-16 10:30:00,8.205,8.39,8.17,8.36,310813
2024-02-16 11:30:00,8.3595,8.4,8.335,8.37,95698
2024-02-16 12:30:00,8.375,8.38,8.329,8.371,89159
2024-02-16 13:30:00,8.37,8.385,8.335,8.37,91262
2024-02-16 14:30:00,8.365,8.38,8.32,8.355,146873
2024-02-16 15:30:00,8.355,8.365,8.29,8.3,208585
2024-02-20 09:30:00,8.24,8.375,8.12,8.31,221193
2024-02-20 10:30:00,8.31,8.32,8.21,8.24,327244
2024-02-20 11:30:00,8.245,8.27,8.19,8.255,107495
2024-02-20 12:30:00,8.255,8.26,8.185,8.2,148406
2024-02-20 13:30:00,8.19,8.26,8.15,8.25,396961
2024-02-20 14:30:00,8.2501,8.275,8.24,8.27,160498
2024-02-20 15:30:00,8.265,8.28,8.21,8.22,400869
2024-02-21 09:30:00,7.42,8.4,7.16,8.005,797945
2024-02-21 10:30:00,8.01,8.055,7.86,7.935,353266
2024-02-21 11:30:00,7.935,7.95,7.675,7.6895,286336
2024-02-21 12:30:00,7.705,7.81,7.65,7.725,280701
2024-02-21 13:30:00,7.7293,7.76,7.65,7.6646,155905
2024-02-21 14:30:00,7.6704,7.76,7.59,7.75,308517
2024-02-21 15:30:00,7.745,7.85,7.7216,7.85,556051
2024-02-22 09:30:00,7.69,7.75,7.3001,7.385,520390
2024-02-22 10:30:00,7.38,7.445,7.325,7.415,307432
2024-02-22 11:30:00,7.415,7.5199,7.41,7.475,280871
2024-02-22 12:30:00,7.47,7.475,7.405,7.4439,192135
2024-02-22 13:30:00,7.445,7.47,7.425,7.4496,184478
2024-02-22 14:30:00,7.44,7.4518,7.31,7.325,372647
2024-02-22 15:30:00,7.325,7.43,7.31,7.41,394451
2024-02-23 09:30:00,7.28,7.395,7.1,7.325,429098
2024-02-23 10:30:00,7.325,7.47,7.31,7.425,192565
2024-02-23 11:30:00,7.43,7.49,7.385,7.435,159644
2024-02-23 12:30:00,7.44,7.48,7.43,7.48,105515
2024-02-23 13:30:00,7.475,7.54,7.44,7.445,137373
2024-02-23 14:30:00,7.445,7.49,7.43,7.435,185312
2024-02-23 15:30:00,7.435,7.46,7.4,7.45,415579
2024-02-26 09:30:00,7.44,7.73,7.36,7.6,560080
2024-02-26 10:30:00,7.595,7.615,7.49,7.505,139370
2024-02-26 11:30:00,7.505,7.53,7.48,7.505,113359
2024-02-26 12:30:00,7.5,7.51,7.4,7.41,90961
2024-02-26 13:30:00,7.41,7.45,7.4,7.435,138221
2024-02-26 14:30:00,7.435,7.54,7.415,7.485,934534
2024-02-26 15:30:00,7.485,7.485,7.38,7.38,416636
2024-02-27 09:30:00,7.48,7.56,7.425,7.4761,168238
2024-02-27 10:30:00,7.495,7.72,7.455,7.715,285646
2024-02-27 11:30:00,7.71,7.7359,7.52,7.61,283410
2024-02-27 12:30:00,7.6039,7.75,7.57,7.675,299899
2024-02-27 13:30:00,7.675,7.685,7.57,7.57,158368
2024-02-27 14:30:00,7.5759,7.6,7.54,7.58,184089
2024-02-27 15:30:00,7.58,7.58,7.53,7.53,246223
2024-04-30 09:30:00,8.91,9.0,8.78,8.825,148759
2024-04-30 10:30:00,8.825,8.9,8.765,8.895,199028
2024-04-30 11:30:00,8.9,8.94,8.82,8.825,224559
2024-04-30 12:30:00,8.825,8.83,8.65,8.735,339520
2024-04-30 13:30:00,8.74,8.775,8.685,8.745,203818
2024-04-30 14:30:00,8.745,8.785,8.66,8.69,288179
2024-04-30 15:30:00,8.69,8.74,8.65,8.73,609261
2024-05-01 09:30:00,9.25,9.73,9.04,9.395,1712017
2024-05-01 10:30:00,9.39,9.41,9.18,9.18,716351
2024-05-01 11:30:00,9.18,9.215,9.0,9.065,476418
2024-05-01 12:30:00,9.065,9.12,8.92,8.92,474644
2024-05-01 13:30:00,8.92,9.03,8.705,8.82,566067
2024-05-01 14:30:00,8.8077,9.11,8.665,9.01,572123
2024-05-01 15:30:00,9.01,9.04,8.92,8.93,764343
2024-05-02 09:30:00,9.14,9.19,8.9,9.03,207752
2024-05-02 10:30:00,9.04,9.095,8.96,8.985,144239
2024-05-02 11:30:00,8.98,9.07,8.93,9.06,152863
2024-05-02 12:30:00,9.055,9.225,9.01,9.225,170762
2024-05-02 13:30:00,9.1997,9.235,9.085,9.1114,123489
2024-05-02 14:30:00,9.08,9.185,9.07,9.18,148682
2024-05-02 15:30:00,9.18,9.18,9.1,9.17,392667
2024-05-03 09:30:00,9.26,9.44,9.21,9.3626,403565
2024-05-03 10:30:00,9.3621,9.425,9.31,9.4052,139007
2024-05-03 11:30:00,9.395,9.44,9.34,9.4293,136992
2024-05-03 12:30:00,9.43,9.455,9.355,9.3727,127720
2024-05-03 13:30:00,9.385,9.4,9.315,9.3271,194007
2024-05-03 14:30:00,9.33,9.34,9.265,9.295,239551
2024-05-03 15:30:00,9.2913,9.32,9.25,9.3,318534
2024-05-06 09:30:00,9.46,9.715,9.42,9.6707,233800
2024-05-06 10:30:00,9.68,9.79,9.65,9.7046,290012
2024-05-06 11:30:00,9.7,9.78,9.66,9.775,167344
2024-05-06 12:30:00,9.7767,9.785,9.085,9.655,189910
2024-05-06 13:30:00,9.6584,9.68,9.6,9.64,159513
2024-05-06 14:30:00,9.64,9.66,9.59,9.615,190992
2024-05-06 15:30:00,9.615,9.62,9.58,9.61,240318
2024-05-07 09:30:00,9.56,9.69,9.55,9.6007,195040
2024-05-07 10:30:00,9.585,9.615,9.54,9.55,170064
2024-05-07 11:30:00,9.55,9.61,9.525,9.565,211749
2024-05-07 12:30:00,9.56,9.57,9.52,9.535,137207
2024-05-07 13:30:00,9.5399,9.5399,9.46,9.48,150035
2024-05-07 14:30:00,9.48,9.505,9.42,9.43,213977
2024-05-07 15:30:00,9.43,9.48,9.39,9.47,442091
2024-05-08 09:30:00,9.43,9.6,9.39,9.485,253694
2024-05-08 10:30:00,9.485,9.62,9.47,9.535,200917
2024-05-08 11:30:00,9.5399,9.55,9.42,9.44,97597
2024-05-08 12:30:00,9.435,9.45,9.34,9.35,134159
2024-05-08 13:30:00,9.35,9.36,9.3,9.325,117516
2024-05-08 14:30:00,9.325,9.36,9.305,9.335,192167
2024-05-08 15:30:00,9.3389,9.47,9.335,9.47,463633
2024-05-09 09:30:00,9.46,9.64,9.46,9.54,154970
2024-05-09 10:30:00,9.545,9.5574,9.46,9.46,131315
2024-05-09 11:30:00,9.46,9.5,9.45,9.49,111433
2024-05-09 12:30:00,9.49,9.51,9.46,9.48,92982
2024-05-09 13:30:00,9.48,9.49,9.36,9.3626,212200
2024-05-09 14:30:00,9.36,9.42,9.335,9.37,218148
2024-05-09 15:30:00,9.375,9.46,9.365,9.42,358467
2024-05-10 09:30:00,9.43,9.495,9.31,9.37,94289
2024-05-10 10:30:00,9.37,9.38,9.28,9.295,116833
2024-05-10 11:30:00,9.295,9.31,9.23,9.235,132333
2024-05-10 12:30:00,9.23,9.25,9.2,9.24,96213
2024-05-10 13:30:00,9.235,9.24,9.205,9.21,76434
2024-05-10 14:30:00,9.2126,9.225,9.18,9.21,142252
2024-05-10 15:30:00,9.215,9.25,9.2,9.23,299643
2024-05-13 09:30:00,9.37,9.59,9.33,9.5111,228106
2024-05-13 10:30:00,9.515,9.65,9.49,9.5,169727
2024-05-13 11:30:00,9.5017,9.565,9.48,9.4928,132410
2024-05-13 12:30:00,9.49,9.55,9.48,9.495,147795
2024-05-13 13:30:00,9.5,9.52,9.42,9.515,212262
2024-05-13 14:30:00,9.515,9.565,9.4966,9.5477,235339
2024-05-13 15:30:00,9.545,9.56,9.49,9.53,332578
2024-05-14 09:30:00,9.67,9.72,9.545,9.5626,144414
2024-05-14 10:30:00,9.565,9.625,9.515,9.5744,131283
2024-05-14 11:30:00,9.5741,9.625,9.5,9.5181,99324
2024-05-14 12:30:00,9.515,9.56,9.5148,9.555,90923
2024-05-14 13:30:00,9.5536,9.62,9.535,9.6051,89790
2024-05-14 14:30:00,9.61,9.66,9.6043,9.615,220557
2024-05-14 15:30:00,9.6195,9.67,9.6,9.65,236947
2024-05-15 09:30:00,9.72,9.735,9.4,9.465,111344
2024-05-15 10:30:00,9.46,9.58,9.44,9.5698,97837
2024-05-15 11:30:00,9.5696,9.575,9.515,9.57,60248
2024-05-15 12:30:00,9.5681,9.67,9.56,9.66,75832
2024-05-15 13:30:00,9.655,9.66,9.62,9.645,59924
2024-05-15 14:30:00,9.645,9.7,9.63,9.655,143613
2024-05-15 15:30:00,9.655,9.6615,9.605,9.64,206596
2024-05-16 09:30:00,9.62,9.768,9.62,9.71,156875
2024-05-16 10:30:00,9.71,9.79,9.65,9.65,89270
2024-05-16 11:30:00,9.66,9.67,9.64,9.655,69151
2024-05-16 12:30:00,9.655,9.66,9.58,9.6099,67823
2024-05-16 13:30:00,9.605,9.61,9.565,9.565,102234
2024-05-16 14:30:00,9.565,9.6091,9.555,9.6,94547
2024-05-16 15:30:00,9.605,9.63,9.5999,9.61,177605
2024-05-17 09:30:00,9.6,9.765,9.58,9.68,200837
2024-05-17 10:30:00,9.68,9.69,9.6,9.6,68269
2024-05-17 11:30:00,9.6091,9.64,9.59,9.635,58468
2024-05-17 12:30:00,9.63,9.68,9.625,9.6776,57533
2024-05-17 13:30:00,9.67,9.72,9.67,9.7,106840
2024-05-17 14:30:00,9.6956,9.73,9.685,9.71,111962
2024-05-17 15:30:00,9.72,9.73,9.67,9.67,181123
2024-05-20 09:30:00,9.7,9.76,9.6,9.695,201254
2024-05-20 10:30:00,9.7,9.805,9.7,9.7723,114398
2024-05-20 11:30:00,9.77,9.79,9.72,9.7756,97463
2024-05-20 12:30:00,9.775,9.8,9.7,9.7,120823
2024-05-20 13:30:00,9.7138,9.79,9.68,9.7487,94886
2024-05-20 14:30:00,9.76,9.79,9.685,9.69,200340
2024-05-20 15:30:00,9.685,9.715,9.65,9.65,462656
2024-05-21 09:30:00,9.64,9.82,9.6,9.81,151803
2024-05-21 10:30:00,9.81,10.015,9.795,9.885,418490
2024-05-21 11:30:00,9.88,9.885,9.77,9.825,161945
2024-05-21 12:30:00,9.82,9.92,9.815,9.9,139225
2024-05-21 13:30:00,9.9,9.96,9.87,9.875,179088
2024-05-21 14:30:00,9.8732,9.92,9.85,9.915,165235
2024-05-21 15:30:00,9.92,9.95,9.885,9.9,304422
2024-07-30 09:30:00,8.63,8.81,8.5309,8.765,242492
2024-07-30 10:30:00,8.76,8.8,8.715,8.725,122512
2024-07-30 11:30:00,8.72,8.795,8.71,8.775,126294
2024-07-30 12:30:00,8.78,8.845,8.77,8.78,134204
2024-07-30 13:30:00,8.775,8.86,8.77,8.8467,189468
2024-07-30 14:30:00,8.845,8.915,8.84,8.9,239882
2024-07-30 15:30:00,8.9,8.93,8.87,8.915,258691
2024-07-31 09:30:00,9.15,9.75,9.03,9.64,758655
2024-07-31 10:30:00,9.62,9.69,9.51,9.565,351954
2024-07-31 11:30:00,9.57,9.57,9.36,9.525,204206
2024-07-31 12:30:00,9.5453,9.59,9.39,9.4,177227
2024-07-31 13:30:00,9.39,9.49,9.3,9.485,156922
2024-07-31 14:30:00,9.485,9.75,9.477,9.6621,325280
2024-07-31 15:30:00,9.67,9.685,9.57,9.6,426793
2024-08-01 09:30:00,9.55,9.6,9.23,9.33,318537
2024-08-01 10:30:00,9.3378,9.3378,9.11,9.16,199969
2024-08-01 11:30:00,9.155,9.23,9.105,9.1988,265962
2024-08-01 12:30:00,9.225,9.26,9.19,9.225,157114
2024-08-01 13:30:00,9.225,9.25,9.04,9.075,392863
2024-08-01 14:30:00,9.075,9.19,9.06,9.1793,237037
2024-08-01 15:30:00,9.19,9.3,9.1817,9.21,397523
2024-08-02 09:30:00,9.065,9.065,8.69,8.725,386970
2024-08-02 10:30:00,8.72,8.7301,8.555,8.59,185307
2024-08-02 11:30:00,8.585,8.605,8.49,8.525,227499
2024-08-02 12:30:00,8.52,8.56,8.5,8.512,156864
2024-08-02 13:30:00,8.5108,8.555,8.47,8.5,258226
2024-08-02 14:30:00,8.5,8.57,8.36,8.425,367290
2024-08-02 15:30:00,8.4165,8.48,8.4,8.465,411103
2024-08-05 09:30:00,8.075,8.36,7.77,7.94,662478
2024-08-05 10:30:00,7.93,7.97,7.855,7.92,315510
2024-08-05 11:30:00,7.91,8.13,7.905,8.13,134625
2024-08-05 12:30:00,8.13,8.16,8.02,8.1441,139556
2024-08-05 13:30:00,8.12,8.18,8.11,8.145,121214
2024-08-05 14:30:00,8.14,8.16,8.05,8.1,138905
2024-08-05 15:30:00,8.0775,8.105,8.03,8.07,317148
2024-08-06 09:30:00,8.05,8.16,7.99,8.09,235838
2024-08-06 10:30:00,8.09,8.1792,8.0,8.005,118373
2024-08-06 11:30:00,8.01,8.08,8.0,8.021,115995
2024-08-06 12:30:00,8.0297,8.27,8.01,8.255,222916
2024-08-06 13:30:00,8.26,8.29,8.21,8.2649,146742
2024-08-06 14:30:00,8.26,8.3,8.135,8.2092,215053
2024-08-06 15:30:00,8.2158,8.23,8.1,8.13,381020
2024-08-07 09:30:00,8.32,8.4098,8.26,8.39,282796
2024-08-07 10:30:00,8.385,8.46,8.37,8.415,117483
2024-08-07 11:30:00,8.415,8.43,8.38,8.43,106114
2024-08-07 12:30:00,8.425,8.44,8.21,8.225,87419
2024-08-07 13:30:00,8.23,8.26,8.16,8.191,85140
2024-08-07 14:30:00,8.18,8.26,8.165,8.245,110455
2024-08-07 15:30:00,8.245,8.26,8.17,8.18,218885
2024-08-08 09:30:00,8.26,8.32,8.175,8.295,83002
2024-08-08 10:30:00,8.295,8.315,8.265,8.29,84170
2024-08-08 11:30:00,8.29,8.3,8.18,8.24,76940
2024-08-08 12:30:00,8.235,8.29,8.19,8.275,67197
2024-08-08 13:30:00,8.275,8.29,8.24,8.245,95341
2024-08-08 14:30:00,8.2464,8.32,8.195,8.275,186638
2024-08-08 15:30:00,8.277,8.33,8.24,8.25,416515
2024-08-09 09:30:00,8.27,8.32,8.18,8.3,65522
2024-08-09 10:30:00,8.3,8.34,8.275,8.3101,89664
2024-08-09 11:30:00,8.31,8.33,8.26,8.285,140783
2024-08-09 12:30:00,8.285,8.355,8.283,8.355,83296
2024-08-09 13:30:00,8.35,8.36,8.3,8.31,74243
2024-08-09 14:30:00,8.31,8.34,8.3,8.335,83403
2024-08-09 15:30:00,8.34,8.35,8.25,8.26,203739
2024-08-12 09:30:00,8.33,8.41,8.28,8.34,114599
2024-08-12 10:30:00,8.335,8.395,8.295,8.3258,86419
2024-08-12 11:30:00,8.33,8.37,8.28,8.3349,79052
2024-08-12 12:30:00,8.335,8.3401,8.29,8.301,84625
2024-08-12 13:30:00,8.3053,8.385,8.29992,8.37,101992
2024-08-12 14:30:00,8.36,8.395,8.34,8.375,85184
2024-08-12 15:30:00,8.375,8.385,8.33,8.35,251072
2024-08-13 09:30:00,8.32,8.36,8.21,8.21,82884
2024-08-13 10:30:00,8.215,8.27,8.194,8.2571,55656
2024-08-13 11:30:00,8.2599,8.3,8.24,8.2799,56170
2024-08-13 12:30:00,8.275,8.319,8.25,8.319,61508
2024-08-13 13:30:00,8.2935,8.345,8.2935,8.3218,60908
2024-08-13 14:30:00,8.32,8.35,8.3,8.3,52436
2024-08-13 15:30:00,8.3,8.335,8.28,8.28,174133
2024-08-14 09:30:00,8.36,8.38,8.255,8.2706,88555
2024-08-14 10:30:00,8.27,8.2705,8.195,8.27,101678
2024-08-14 11:30:00,8.2634,8.335,8.26,8.2804,83549
2024-08-14 12:30:00,8.2801,8.29,8.245,8.2616,56206
2024-08-14 13:30:00,8.2612,8.265,8.2,8.215,71234
2024-08-14 14:30:00,8.21,8.25,8.2005,8.2325,93979
2024-08-14 15:30:00,8.235,8.24,8.21,8.235,185457
2024-08-15 09:30:00,8.41,8.54,8.37,8.4108,110072
2024-08-15 10:30:00,8.415,8.495,8.4,8.4705,64359
2024-08-15 11:30:00,8.47,8.5095,8.45,8.4993,48256
2024-08-15 12:30:00,8.495,8.55,8.47,8.545,59323
2024-08-15 13:30:00,8.545,8.55,8.45,8.465,93439
2024-08-15 14:30:00,8.465,8.485,8.44,8.4651,101847
2024-08-15 15:30:00,8.465,8.48,8.42,8.43,166606
2024-08-16 09:30:00,8.34,8.545,8.3,8.455,93943
2024-08-16 10:30:00,8.455,8.485,8.44,8.47,57810
2024-08-16 11:30:00,8.47,8.53,8.455,8.515,46216
2024-08-16 12:30:00,8.515,8.53,8.485,8.5,50962
2024-08-16 13:30:00,8.495,8.53,8.48,8.485,54512
2024-08-16 14:30:00,8.485,8.5,8.47,8.485,57088
2024-08-16 15:30:00,8.48,8.52,8.46,8.475,185961
2024-08-19 09:30:00,8.48,8.55,8.475,8.535,69382
2024-08-19 10:30:00,8.54,8.6,8.53,8.5397,60479
2024-08-19 11:30:00,8.53,8.545,8.45,8.4597,48821
2024-08-19 12:30:00,8.46,8.465,8.41,8.42,53423
2024-08-19 13:30:00,8.425,8.49,8.405,8.46,68745
2024-08-19 14:30:00,8.465,8.475,8.41,8.425,87097
2024-08-19 15:30:00,8.42,8.44,8.4,8.42,163605
2024-08-20 09:30:00,8.42,8.43,8.3,8.31,55504
2024-08-20 10:30:00,8.315,8.318,8.14,8.1484,92070
2024-08-20 11:30:00,8.15,8.175,8.105,8.145,70710
2024-08-20 12:30:00,8.1485,8.15,8.1,8.11,71452
2024-08-20 13:30:00,8.12,8.13,8.07,8.095,94619
2024-08-20 14:30:00,8.095,8.14,8.095,8.1244,203467
2024-08-20 15:30:00,8.1324,8.14,8.08,8.085,305736
2024-10-29 09:30:00,7.59,7.645,7.5,7.615,114782
2024-10-29 10:30:00,7.615,7.625,7.545,7.555,85940
2024-10-29 11:30:00,7.56,7.57,7.49,7.5006,57297
2024-10-29 12:30:00,7.503,7.52,7.47,7.5063,66312
2024-10-29 13:30:00,7.5063,7.54,7.47,7.53,60980
2024-10-29 14:30:00,7.535,7.54,7.475,7.515,138182
2024-10-29 15:30:00,7.52,7.55,7.5,7.55,234136
2024-10-30 09:30:00,7.595,7.9786,7.41,7.67,390342
2024-10-30 10:30:00,7.67,7.68,7.44,7.525,198089
2024-10-30 11:30:00,7.525,7.62,7.4902,7.5364,180367
2024-10-30 12:30:00,7.5166,7.5166,7.42,7.435,71227
2024-10-30 13:30:00,7.4448,7.45,7.385,7.3939,75237
2024-10-30 14:30:00,7.405,7.43,7.31,7.325,151020
2024-10-30 15:30:00,7.33,7.33,7.2,7.2,416829
2024-10-31 09:30:00,7.35,7.39,7.15,7.2552,148789
2024-10-31 10:30:00,7.2484,7.264,7.0743,7.1091,148237
2024-10-31 11:30:00,7.08,7.1068,6.9,7.012831,446958
2024-10-31 12:30:00,7.005,7.09,7.0,7.043856,91147
2024-10-31 13:30:00,7.045,7.06,7.015,7.025,82887
2024-10-31 14:30:00,7.024385,7.0798,7.02,7.055,157443
2024-10-31 15:30:00,7.055,7.06,6.91,6.91,348433
2024-11-01 09:30:00,7.0,7.05,6.81,6.835,235722
2024-11-01 10:30:00,6.83,6.84,6.62,6.64,179445
2024-11-01 11:30:00,6.635,6.685,6.6289,6.6428,196357
2024-11-01 12:30:00,6.65,6.72,6.64,6.71,148858
2024-11-01 13:30:00,6.705,6.71,6.61,6.635,257299
2024-11-01 14:30:00,6.635,6.68,6.57,6.6,408674
2024-11-01 15:30:00,6.605,6.6318,6.535,6.575,509928
2024-11-04 09:30:00,6.63,7.08,6.625,6.945,393669
2024-11-04 10:30:00,6.95,7.01,6.9103,6.9766,169696
2024-11-04 11:30:00,6.97,7.04,6.95,7.035,168637
2024-11-04 12:30:00,7.035,7.065,6.98,6.9954,160783
2024-11-04 13:30:00,6.995,7.115,6.99,7.0902,346968
2024-11-04 14:30:00,7.0946,7.12,7.035,7.045,169521
2024-11-04 15:30:00,7.045,7.0503,6.99,7.03,304826
2024-11-05 09:30:00,7.21,7.35,7.125,7.285,385171
2024-11-05 10:30:00,7.3023,7.355,7.155,7.165,321568
2024-11-05 11:30:00,7.1656,7.19,7.1,7.145,157949
2024-11-05 12:30:00,7.145,7.19,7.11,7.13,140654
2024-11-05 13:30:00,7.1344,7.23,7.12,7.22,250000
2024-11-05 14:30:00,7.2203,7.23,7.16,7.1999,180558
2024-11-05 15:30:00,7.195,7.28,7.17,7.255,449285
2024-11-06 09:30:00,7.7,8.135,7.615,8.0706,445506
2024-11-06 10:30:00,8.12,8.1688,8.03,8.0686,283873
2024-11-06 11:30:00,8.07,8.1,8.02,8.08,128778
2024-11-06 12:30:00,8.0655,8.165,8.0655,8.1429,128496
2024-11-06 13:30:00,8.12,8.295,8.09,8.29,157960
2024-11-06 14:30:00,8.2871,8.44,8.2866,8.425,225206
2024-11-06 15:30:00,8.43,8.48,8.36,8.45,655760
2024-11-07 09:30:00,8.24,8.38,8.115,8.17,173957
2024-11-07 10:30:00,8.17,8.235,8.05,8.0718,150623
2024-11-07 11:30:00,8.07,8.15,8.035,8.1252,89991
2024-11-07 12:30:00,8.1253,8.1334,8.05,8.055,75876
2024-11-07 13:30:00,8.055,8.07,7.975,7.9898,136341
2024-11-07 14:30:00,7.9895,8.04,7.925,8.005,162611
2024-11-07 15:30:00,8.0158,8.0158,7.95,7.96,374629
2024-11-08 09:30:00,7.85,7.88,7.69,7.71,133400
2024-11-08 10:30:00,7.71,7.795,7.705,7.74,107160
2024-11-08 11:30:00,7.731,7.765,7.655,7.735,67901
2024-11-08 12:30:00,7.735,7.735,7.59,7.61,103300
2024-11-08 13:30:00,7.6,7.69,7.59,7.6509,136167
2024-11-08 14:30:00,7.645,7.72,7.6308,7.6576,181239
2024-11-08 15:30:00,7.6561,7.73,7.6558,7.705,344177
2024-11-11 09:30:00,7.72,8.02,7.67,8.0042,172856
2024-11-11 10:30:00,8.0,8.05,7.91,7.9273,152034
2024-11-11 11:30:00,7.93,7.9867,7.91,7.9592,116396
2024-11-11 12:30:00,7.9617,8.05,7.945,8.0169,92165
2024-11-11 13:30:00,8.0009,8.1,7.9947,8.0616,111061
2024-11-11 14:30:00,8.065,8.11,8.03,8.0834,197487
2024-11-11 15:30:00,8.085,8.12,8.06,8.11,273265
2024-11-12 09:30:00,8.03,8.245,7.96,8.1527,158307
2024-11-12 10:30:00,8.155,8.18,7.995,8.02,86440
2024-11-12 11:30:00,8.01,8.126,7.985,8.04,84519
2024-11-12 12:30:00,8.035,8.0582,7.96,7.985,79278
2024-11-12 13:30:00,7.98,8.04,7.96,8.0201,73066
2024-11-12 14:30:00,8.02,8.115,7.965,8.09,195078
2024-11-12 15:30:00,8.0971,8.0971,8.02,8.04,314860
2024-11-13 09:30:00,8.11,8.11,7.905,7.975,96929
2024-11-13 10:30:00,7.97,8.045,7.955,8.03,65287
2024-11-13 11:30:00,8.035,8.06,7.995,8.0256,52990
2024-11-13 12:30:00,8.025,8.08,8.01,8.0697,96567
2024-11-13 13:30:00,8.065,8.09,8.03,8.04,77648
2024-11-13 14:30:00,8.0644,8.0644,7.97,7.9871,122753
2024-11-13 15:30:00,7.9862,7.9881,7.845,7.85,385588
2024-11-14 09:30:00,7.96,8.05,7.79,7.8247,96358
2024-11-14 10:30:00,7.825,7.84,7.76,7.765,63094
2024-11-14 11:30:00,7.7767,7.795,7.755,7.7766,39370
2024-11-14 12:30:00,7.7759,7.8325,7.7505,7.8273,44099
2024-11-14 13:30:00,7.825,7.85,7.79,7.8194,196867
2024-11-14 14:30:00,7.825,7.825,7.735,7.785,108373
2024-11-14 15:30:00,7.7809,7.81,7.73,7.8,277582
2024-11-15 09:30:00,7.86,7.905,7.705,7.71,128781
2024-11-15 10:30:00,7.705,7.79,7.67,7.71,139578
2024-11-15 11:30:00,7.71,7.74,7.665,7.715,63620
2024-11-15 12:30:00,7.715,7.715,7.66,7.6656,61793
2024-11-15 13:30:00,7.665,7.67,7.575,7.6173,62676
2024-11-15 14:30:00,7.619,7.6232,7.57,7.5965,103479
2024-11-15 15:30:00,7.5965,7.6013,7.545,7.5705,267717
2024-11-18 09:30:00,7.71,7.89,7.65,7.835,207806
2024-11-18 10:30:00,7.825,7.91,7.7903,7.88,101787
2024-11-18 11:30:00,7.885,8.05,7.8748,7.9132,159569
2024-11-18 12:30:00,7.89,7.97,7.89,7.9097,76184
2024-11-18 13:30:00,7.91,7.935,7.87,7.8914,110040
2024-11-18 14:30:00,7.8918,7.92,7.86,7.9102,109372
2024-11-18 15:30:00,7.905,7.9079,7.85,7.855,163903
2024-11-19 09:30:00,7.74,7.845,7.695,7.7879,50047
2024-11-19 10:30:00,7.7884,7.8,7.7208,7.725,58463
2024-11-19 11:30:00,7.7261,7.76,7.705,7.7398,36883
2024-11-19 12:30:00,7.735,7.74,7.705,7.71,49539
2024-11-19 13:30:00,7.71,7.73,7.68,7.71,62292
2024-11-19 14:30:00,7.7144,7.83,7.7,7.775,170064
2024-11-19 15:30:00,7.77,7.7908,7.75,7.77,324404
2024-11-20 09:30:00,7.81,7.85,7.655,7.705,79313
2024-11-20 10:30:00,7.705,7.75,7.67,7.67,83677
2024-11-20 11:30:00,7.675,7.72,7.66,7.67,99252
2024-11-20 12:30:00,7.66,7.7,7.61,7.6647,74755
2024-11-20 13:30:00,7.66,7.7,7.63,7.695,75118
2024-11-20 14:30:00,7.69,7.775,7.685,7.765,166489
2024-11-20 15:30:00,7.765,7.81,7.735,7.81,214851
2024-11-21 09:30:00,7.88,8.14,7.81,8.08,129563
2024-11-21 10:30:00,8.08,8.26,8.08,8.22,91885
2024-11-21 11:30:00,8.215,8.2315,8.12,8.165,97438
2024-11-21 12:30:00,8.165,8.2,8.14,8.1839,83942
2024-11-21 13:30:00,8.195,8.27,8.18,8.25,98658
2024-11-21 14:30:00,8.248,8.3,8.23,8.2695,124318
2024-11-21 15:30:00,8.2702,8.286,8.22,8.22,279681
2024-11-22 09:30:00,8.28,8.42,8.265,8.3008,81491
2024-11-22 10:30:00,8.3,8.46,8.3,8.44,61138
2024-11-22 11:30:00,8.445,8.47,8.4,8.445,62542
2024-11-22 12:30:00,8.445,8.495,8.425,8.4735,77917
2024-11-22 13:30:00,8.4755,8.51,8.455,8.495,103266
2024-11-22 14:30:00,8.495,8.52,8.47,8.4904,131303
2024-11-22 15:30:00,8.49,8.53,8.475,8.5,271587
2024-11-25 09:30:00,8.58,8.69,8.54,8.58,148609
2024-11-25 10:30:00,8.58,8.61,8.45,8.45,87260
2024-11-25 11:30:00,8.455,8.47,8.39,8.405,80381
2024-11-25 12:30:00,8.41,8.43,8.32,8.3687,133606
2024-11-25 13:30:00,8.375,8.42,8.345,8.365,80749
2024-11-25 14:30:00,8.37,8.465,8.36,8.4557,89933
2024-11-25 15:30:00,8.445,8.47,8.415,8.46,220808
2024-11-26 09:30:00,8.54,8.55,8.285,8.3054,127143
2024-11-26 10:30:00,8.305,8.43,8.295,8.385,76109
2024-11-26 11:30:00,8.385,8.405,8.34,8.3717,43509
2024-11-26 12:30:00,8.365,8.405,8.3501,8.383,51224
2024-11-26 13:30:00,8.3851,8.3851,8.33,8.365,54576
2024-11-26 14:30:00,8.365,8.395,8.3469,8.375,82721
2024-11-26 15:30:00,8.3809,8.41,8.355,8.39,238295
2025-01-28 09:30:00,9.45,9.63,9.405,9.543,215697
2025-01-28 10:30:00,9.5728,9.6,9.425,9.425,163046
2025-01-28 11:30:00,9.425,9.49,9.4101,9.4423,106229
2025-01-28 12:30:00,9.42,9.4414,9.3401,9.36,114633
2025-01-28 13:30:00,9.355,9.47,9.355,9.42,179242
2025-01-28 14:30:00,9.4137,9.445,9.355,9.405,301157
2025-01-28 15:30:00,9.405,9.47,9.39,9.425,350090
2025-01-29 09:30:00,9.24,9.38,9.16,9.2764,265136
2025-01-29 10:30:00,9.275,9.35,9.26,9.285,204274
2025-01-29 11:30:00,9.2881,9.355,9.23,9.23,116192
2025-01-29 12:30:00,9.2338,10.29,9.23,9.2599,109380
2025-01-29 13:30:00,9.245,9.32,9.17,9.22,206523
2025-01-29 14:30:00,9.2151,9.3075,9.2,9.245,258731
2025-01-29 15:30:00,9.2422,9.38,9.2414,9.365,435819
2025-01-30 09:30:00,9.37,9.43,9.13,9.16,167654
2025-01-30 10:30:00,9.16,9.185,9.005,9.12,164467
2025-01-30 11:30:00,9.125,9.165,9.04,9.165,177174
2025-01-30 12:30:00,9.17,9.2875,9.1379,9.2534,121565
2025-01-30 13:30:00,9.2694,9.28,9.21,9.225,73525
2025-01-30 14:30:00,9.225,9.36,9.2,9.3,143094
2025-01-30 15:30:00,9.3015,9.3269,9.145,9.19,229159
2025-01-31 09:30:00,9.23,9.23,8.99,9.05,125939
2025-01-31 10:30:00,9.05,9.125,9.02,9.1,77058
2025-01-31 11:30:00,9.0929,9.15,9.07,9.103,80871
2025-01-31 12:30:00,9.105,9.185,9.06,9.1193,105804
2025-01-31 13:30:00,9.0794,9.1012,8.965,8.9841,121075
2025-01-31 14:30:00,8.985,8.995,8.885,8.985,171680
2025-01-31 15:30:00,8.9716,8.995,8.86,8.88,471643
2025-02-03 09:30:00,8.83,8.92,8.65,8.915,133064
2025-02-03 10:30:00,8.8634,8.96,8.8492,8.895,87314
2025-02-03 11:30:00,8.895,8.97,8.89,8.93,63665
2025-02-03 12:30:00,8.925,8.97,8.9,8.94,78381
2025-02-03 13:30:00,8.945,8.97,8.9,8.9317,53630
2025-02-03 14:30:00,8.92,8.945,8.88,8.8866,65902
2025-02-03 15:30:00,8.88,8.895,8.8,8.815,162783
2025-02-04 09:30:00,8.7,9.0293,8.69,9.005,185997
2025-02-04 10:30:00,9.005,9.09,8.99,9.045,159153
2025-02-04 11:30:00,9.0449,9.235,9.0442,9.11,202461
2025-02-04 12:30:00,9.115,9.18,9.085,9.1597,83181
2025-02-04 13:30:00,9.1571,9.21,9.125,9.2,109861
2025-02-04 14:30:00,9.195,9.21,9.145,9.1608,200279
2025-02-04 15:30:00,9.155,9.21,9.13,9.175,290428
2025-02-05 09:30:00,9.26,9.31,9.05,9.16,69509
2025-02-05 10:30:00,9.16,9.17,9.07,9.115,42107
2025-02-05 11:30:00,9.11,9.14,9.04,9.05,128633
2025-02-05 12:30:00,9.0482,9.14,9.045,9.125,68690
2025-02-05 13:30:00,9.125,9.17,9.03,9.045,76775
2025-02-05 14:30:00,9.045,9.085,9.035,9.075,98594
2025-02-05 15:30:00,9.0697,9.15,9.0697,9.135,205341
2025-02-06 09:30:00,9.23,9.24,8.91,8.925,60495
2025-02-06 10:30:00,8.92,8.97,8.86,8.9332,75134
2025-02-06 11:30:00,8.97,9.01,8.89,8.9,54890
2025-02-06 12:30:00,8.9,8.94,8.87,8.8799,49028
2025-02-06 13:30:00,8.875,8.91,8.77,8.78,48005
2025-02-06 14:30:00,8.77,8.81,8.69,8.7695,117584
2025-02-06 15:30:00,8.78,8.85,8.77,8.78,265513
2025-02-07 09:30:00,8.82,8.92,8.765,8.8098,89266
2025-02-07 10:30:00,8.81,8.83,8.72,8.77,97575
2025-02-07 11:30:00,8.76,8.81,8.67,8.74,106233
2025-02-07 12:30:00,8.74,8.76,8.7,8.7249,67660
2025-02-07 13:30:00,8.7206,8.755,8.68,8.6805,66141
2025-02-07 14:30:00,8.68,8.71,8.6,8.61,76911
2025-02-07 15:30:00,8.61,8.63,8.5601,8.59,196037
2025-02-10 09:30:00,8.69,8.76,8.615,8.71,57656
2025-02-10 10:30:00,8.71,8.82,8.66,8.805,96799
2025-02-10 11:30:00,8.805,8.8057,8.74,8.7635,78131
2025-02-10 12:30:00,8.78,8.88,8.7656,8.8485,172677
2025-02-10 13:30:00,8.8485,8.87,8.75,8.87,199273
2025-02-10 14:30:00,8.865,8.91,8.83,8.8999,120417
2025-02-10 15:30:00,8.905,8.93,8.89,8.91,258006
2025-02-11 09:30:00,9.08,9.08,8.83,8.97,95149
2025-02-11 10:30:00,8.97,9.16,8.9571,9.1028,122119
2025-02-11 11:30:00,9.1028,9.12,9.04,9.0772,64629
2025-02-11 12:30:00,9.0887,9.12,9.05,9.07,78223
2025-02-11 13:30:00,9.0723,9.155,9.06,9.075,97092
2025-02-11 14:30:00,9.065,9.12,9.04,9.0609,176267
2025-02-11 15:30:00,9.0611,9.08,9.0,9.04,201542
2025-02-12 09:30:00,8.9,9.05,8.73,8.84,116364
2025-02-12 10:30:00,8.8513,8.93,8.83,8.875,81414
2025-02-12 11:30:00,8.8724,8.915,8.815,8.845,94054
2025-02-12 12:30:00,8.84,8.855,8.76,8.7724,72604
2025-02-12 13:30:00,8.785,8.82,8.72,8.7347,93525
2025-02-12 14:30:00,8.735,8.795,8.735,8.745,120016
2025-02-12 15:30:00,8.7502,8.81,8.71,8.8,318702
2025-02-13 09:30:00,8.8,8.8,8.6,8.6,76071
2025-02-13 10:30:00,8.6001,8.6207,8.48,8.555,98109
2025-02-13 11:30:00,8.5548,8.5799,8.51,8.565,58637
2025-02-13 12:30:00,8.565,8.58,8.505,8.58,143239
2025-02-13 13:30:00,8.575,8.655,8.5518,8.647,127447
2025-02-13 14:30:00,8.645,8.71,8.64,8.6851,93211
2025-02-13 15:30:00,8.7,8.718,8.67,8.69,176586
2025-02-14 09:30:00,8.67,9.01,8.67,8.71,124859
2025-02-14 10:30:00,8.715,8.795,8.7,8.775,59567
2025-02-14 11:30:00,8.77,8.81,8.7608,8.785,53336
2025-02-14 12:30:00,8.7838,8.79,8.74,8.76,56217
2025-02-14 13:30:00,8.76,8.83,8.76,8.815,70843
2025-02-14 14:30:00,8.82,8.86,8.805,8.8439,95162
2025-02-14 15:30:00,8.855,8.87,8.8,8.805,200392
2025-02-18 09:30:00,8.99,9.03,8.82,9.01,153446
2025-02-18 10:30:00,9.01,9.08,8.9822,9.03,83503
2025-02-18 11:30:00,9.025,9.14,9.0246,9.135,119227
2025-02-18 12:30:00,9.135,9.19,9.09,9.175,117672
2025-02-18 13:30:00,9.1783,9.215,9.105,9.1124,135219
2025-02-18 14:30:00,9.1119,9.187,9.075,9.105,201329
2025-02-18 15:30:00,9.11,9.11,9.02,9.02,331606
2025-02-19 09:30:00,9.02,9.19,8.91,9.125,447914
2025-02-19 10:30:00,9.125,9.15,8.94,9.0065,341242
2025-02-19 11:30:00,9.015,9.035,8.935,8.9519,218162
2025-02-19 12:30:00,8.9547,8.98,8.855,8.865,153537
2025-02-19 13:30:00,8.865,8.88,8.745,8.871,236017
2025-02-19 14:30:00,8.865,8.95,8.8528,8.9198,273476
2025-02-19 15:30:00,8.905,8.925,8.77,8.825,495321
2025-02-20 09:30:00,8.86,9.2,8.78,8.955,225448
2025-02-20 10:30:00,8.9531,8.985,8.845,8.935,179571
2025-02-20 11:30:00,8.935,9.04,8.885,9.035,245739
2025-02-20 12:30:00,9.0274,9.13,8.98,9.0621,137816
2025-02-20 13:30:00,9.075,9.085,8.99,9.0026,168034
2025-02-20 14:30:00,9.0071,9.05,8.914,8.9491,294109
2025-02-20 15:30:00,8.945,9.04,8.94,9.04,438853
2025-02-21 09:30:00,9.25,9.54,9.12,9.26,480857
2025-02-21 10:30:00,9.25,9.5694,9.22,9.56,636552
2025-02-21 11:30:00,9.555,9.555,9.43,9.48,158265
2025-02-21 12:30:00,9.48,9.495,9.29,9.31,141660
2025-02-21 13:30:00,9.305,9.34,9.18,9.1914,127652
2025-02-21 14:30:00,9.2,9.2045,9.045,9.125,222892
2025-02-21 15:30:00,9.125,9.23,9.1,9.1,368104
2025-02-24 09:30:00,9.15,9.43,9.14,9.295,425124
2025-02-24 10:30:00,9.29,9.38,9.225,9.265,309878
2025-02-24 11:30:00,9.265,9.395,9.23,9.365,744073
2025-02-24 12:30:00,9.36,9.37,9.265,9.265,235340
2025-02-24 13:30:00,9.27,9.2899,9.22,9.235,98580
2025-02-24 14:30:00,9.235,9.24,9.1,9.105,326722
2025-02-24 15:30:00,9.1109,9.1275,8.94,8.94,897376
2025-02-25 09:30:00,8.9,9.0047,8.36,8.365,515547
2025-02-25 10:30:00,8.37,8.605,8.36,8.44,417005
2025-02-25 11:30:00,8.5195,8.5195,8.39,8.425,232677
2025-02-25 12:30:00,8.425,8.56,8.41,8.485,213554
2025-02-25 13:30:00,8.485,8.65,8.48,8.6094,336632
2025-02-25 14:30:00,8.605,8.65,8.52,8.55,336265
2025-02-25 15:30:00,8.555,8.57,8.36,8.36,697298
2025-02-26 09:30:00,8.48,8.62,8.36,8.505,284142
2025-02-26 10:30:00,8.5,8.61,8.465,8.5717,235266
2025-02-26 11:30:00,8.5829,8.61,8.525,8.5256,172239
2025-02-26 12:30:00,8.525,8.55,8.42,8.505,347751
2025-02-26 13:30:00,8.5187,8.5293,8.4,8.4383,156619
2025-02-26 14:30:00,8.405,8.445,8.34,8.395,221427
2025-02-26 15:30:00,8.395,8.51,8.3661,8.47,463440
2025-04-29 09:30:00,5.98,6.075,5.37,5.8,973074
2025-04-29 10:30:00,5.8,6.14,5.79,5.9497,561507
2025-04-29 11:30:00,5.9561,5.9662,5.59,5.6,349318
2025-04-29 12:30:00,5.608,5.74,5.6,5.71,393557
2025-04-29 13:30:00,5.705,5.78,5.57,5.6018,289217
2025-04-29 14:30:00,5.6,5.75,5.49,5.7148,600452
2025-04-29 15:30:00,5.7172,5.745,5.56,5.57,695736
2025-04-30 09:30:00,5.36,5.5173,5.02,5.185,445640
2025-04-30 10:30:00,5.1732,5.24,5.1726,5.235,290570
2025-04-30 11:30:00,5.2325,5.31,5.085,5.085,476432
2025-04-30 12:30:00,5.098,5.13,5.04,5.1216,200229
2025-04-30 13:30:00,5.125,5.18,5.11,5.13,239621
2025-04-30 14:30:00,5.13,5.1374,4.895,4.895,916332
2025-04-30 15:30:00,4.895,5.05,4.88,4.975,2029096
2025-05-01 09:30:00,4.96,5.32,4.90005,5.32,394729
2025-05-01 10:30:00,5.32,5.44,5.308,5.375,559096
2025-05-01 11:30:00,5.375,5.38,5.1801,5.1954,313724
2025-05-01 12:30:00,5.185,5.23,5.175,5.19,209559
2025-05-01 13:30:00,5.1814,5.285,5.18,5.245,168090
2025-05-01 14:30:00,5.25,5.32,5.21,5.285,160958
2025-05-01 15:30:00,5.285,5.36,5.26,5.355,566866
2025-05-02 09:30:00,5.45,5.49,5.26,5.43,172029
2025-05-02 10:30:00,5.425,5.5,5.41,5.46,204460
2025-05-02 11:30:00,5.46,5.6,5.4529,5.535,188116
2025-05-02 12:30:00,5.535,5.575,5.49,5.5201,150601
2025-05-02 13:30:00,5.5201,5.53,5.48,5.49,160336
2025-05-02 14:30:00,5.495,5.51,5.43,5.465,205084
2025-05-02 15:30:00,5.465,5.52,5.445,5.52,318257
2025-05-05 09:30:00,5.37,5.4315,5.195,5.2736,203672
2025-05-05 10:30:00,5.285,5.34,5.225,5.28,210530
2025-05-05 11:30:00,5.2795,5.36,5.2639,5.343,190933
2025-05-05 12:30:00,5.355,5.36,5.32,5.355,188496
2025-05-05 13:30:00,5.355,5.37,5.315,5.3475,164202
2025-05-05 14:30:00,5.3396,5.37,5.309,5.345,228136
2025-05-05 15:30:00,5.3458,5.36,5.3,5.31,304700
2025-05-06 09:30:00,5.33,5.36,5.17,5.2915,177634
2025-05-06 10:30:00,5.285,5.305,5.23,5.265,319928
2025-05-06 11:30:00,5.2601,5.37,5.2596,5.325,411518
2025-05-06 12:30:00,5.325,5.34,5.29,5.315,191240
2025-05-06 13:30:00,5.315,5.32,5.27,5.31,159871
2025-05-06 14:30:00,5.305,5.32,5.28,5.3098,147400
2025-05-06 15:30:00,5.31,5.35,5.26,5.2657,300275
2025-05-07 09:30:00,5.32,5.345,5.18,5.2,120812
2025-05-07 10:30:00,5.195,5.215,5.135,5.175,136122
2025-05-07 11:30:00,5.17,5.21,5.16,5.185,191939
2025-05-07 12:30:00,5.185,5.2458,5.1792,5.2,102762
2025-05-07 13:30:00,5.205,5.2154,5.06,5.1,176782
2025-05-07 14:30:00,5.105,5.17,5.09,5.1055,246899
2025-05-07 15:30:00,5.1142,5.17,5.09,5.16,273271
2025-05-08 09:30:00,5.3,5.32,5.19,5.295,156292
2025-05-08 10:30:00,5.295,5.325,5.195,5.275,146518
2025-05-08 11:30:00,5.275,5.385,5.26,5.325,157867
2025-05-08 12:30:00,5.325,5.38,5.28,5.3162,103327
2025-05-08 13:30:00,5.32,5.37,5.28,5.365,198939
2025-05-08 14:30:00,5.365,5.4,5.32,5.3868,131846
2025-05-08 15:30:00,5.385,5.395,5.35,5.355,221861
2025-05-09 09:30:00,5.45,5.515,5.39,5.4041,116465
2025-05-09 10:30:00,5.395,5.485,5.395,5.4487,95485
2025-05-09 11:30:00,5.455,5.46,5.405,5.42,90402
2025-05-09 12:30:00,5.425,5.48,5.41,5.47,68303
2025-05-09 13:30:00,5.47,5.48,5.42,5.43,69648
2025-05-09 14:30:00,5.4339,5.4692,5.42,5.455,75062
2025-05-09 15:30:00,5.455,5.475,5.4209,5.44,193802
2025-05-12 09:30:00,5.86,6.1,5.77,5.925,374187
2025-05-12 10:30:00,5.92,6.01,5.905,5.915,234117
2025-05-12 11:30:00,5.9156,5.975,5.91,5.9442,227177
2025-05-12 12:30:00,5.941,6.06,5.94,6.05,173125
2025-05-12 13:30:00,6.05,6.07,5.99,6.005,117022
2025-05-12 14:30:00,6.005,6.07,6.0006,6.0445,188413
2025-05-12 15:30:00,6.025,6.05,5.99,6.005,531420
2025-05-13 09:30:00,6.04,6.09,5.92,6.0,190888
2025-05-13 10:30:00,6.0,6.03,5.9646,6.005,160212
2025-05-13 11:30:00,6.01,6.055,6.0,6.045,118629
2025-05-13 12:30:00,6.045,6.08,6.025,6.055,160589
2025-05-13 13:30:00,6.055,6.11,6.045,6.105,131164
2025-05-13 14:30:00,6.1,6.16,6.09,6.1509,113303
2025-05-13 15:30:00,6.155,6.165,6.06,6.07,229149
2025-05-14 09:30:00,6.02,6.1086,5.94,6.045,132208
2025-05-14 10:30:00,6.03,6.0617,5.99,6.04,103575
2025-05-14 11:30:00,6.03,6.085,6.0173,6.06,125480
2025-05-14 12:30:00,6.065,6.085,6.0,6.025,84117
2025-05-14 13:30:00,6.025,6.05,5.99,5.995,102328
2025-05-14 14:30:00,5.995,6.07,5.99,6.07,166824
2025-05-14 15:30:00,6.065,6.075,6.05,6.05,211757
2025-05-15 09:30:00,5.88,5.96,5.7405,5.745,361125
2025-05-15 10:30:00,5.745,5.82,5.745,5.795,110324
2025-05-15 11:30:00,5.795,5.87,5.77,5.86,88279
2025-05-15 12:30:00,5.86,5.88,5.82,5.8301,88243
2025-05-15 13:30:00,5.835,5.835,5.785,5.815,90747
2025-05-15 14:30:00,5.815,5.855,5.805,5.84,77182
2025-05-15 15:30:00,5.8354,5.88,5.81,5.86,190581
