bar_start,open,high,low,close,volume
2021-01-21 09:30:00,384.49,384.83,383.24,384.7619,11267983
2021-01-21 10:30:00,384.77,384.95,384.0022,384.3819,5055119
2021-01-21 11:30:00,384.3918,384.5318,383.29,383.6399,6121399
2021-01-21 12:30:00,383.63,384.2,383.44,384.0904,3542983
2021-01-21 13:30:00,384.0901,384.71,384.0022,384.6599,4092066
2021-01-21 14:30:00,384.65,385.0545,384.0022,384.6658,6336011
2021-01-21 15:30:00,384.66,384.94,384.05,384.2,5543833
2021-01-22 09:30:00,382.25,384.1256,381.95,382.205,10498364
2021-01-22 10:30:00,382.205,384.1256,381.83,382.71,5858999
2021-01-22 11:30:00,382.72,384.1256,382.61,383.69,4285834
2021-01-22 12:30:00,383.7,384.1256,382.94,383.43,3652475
2021-01-22 13:30:00,383.43,384.1256,383.02,383.285,3389517
2021-01-22 14:30:00,383.285,384.1256,383.15,383.88,5065365
2021-01-22 15:30:00,383.87,384.1256,382.79,382.86,6378102
2021-01-25 09:30:00,383.67,384.77,382.9682,384.505,9213030
2021-01-25 10:30:00,384.5,384.64,378.45,380.54,19000580
2021-01-25 11:30:00,380.53,382.9682,380.2299,381.2924,8136637
2021-01-25 12:30:00,381.3,383.88,380.96,383.655,6236810
2021-01-25 13:30:00,383.6588,383.84,382.86,383.42,4866007
2021-01-25 14:30:00,383.4299,383.75,382.43,383.0315,5756343
2021-01-25 15:30:00,383.04,384.49,382.5,384.4,8107204
2021-01-26 09:30:00,385.41,385.85,383.8,384.74,9095159
2021-01-26 10:30:00,384.75,385.02,383.89,384.3201,5076800
2021-01-26 11:30:00,384.33,384.39,383.56,384.18,3797845
2021-01-26 12:30:00,384.189,384.54,383.64,384.41,3916378
2021-01-26 13:30:00,384.4199,384.9,384.12,384.4715,3030736
2021-01-26 14:30:00,384.4719,384.95,384.16,384.8934,6184451
2021-01-26 15:30:00,384.895,384.96,383.54,383.83,7193890
2021-01-27 09:30:00,380.22,383.7811,375.63,379.22,20800367
2021-01-27 10:30:00,379.203,379.93,377.93,378.183,8324964
2021-01-27 11:30:00,378.2,383.7811,375.6128,377.81,10530257
2021-01-27 12:30:00,377.79,383.7811,376.91,378.48,6401282
2021-01-27 13:30:00,378.485,383.7811,375.9,376.0001,8296783
2021-01-27 14:30:00,375.98,383.7811,372.8744,373.48,20383555
2021-01-27 15:30:00,373.48,383.7811,372.01,374.44,24655365
2021-01-28 09:30:00,376.35,383.84,373.9702,378.91,20115147
2021-01-28 10:30:00,378.9,380.97,373.9702,379.91,13275155
2021-01-28 11:30:00,379.91,381.42,373.9702,381.3899,7914148
2021-01-28 12:30:00,381.39,381.86,373.9702,381.2089,6094010
2021-01-28 13:30:00,381.23,382.2333,373.9702,380.815,7398876
2021-01-28 14:30:00,380.815,381.0,373.9702,379.3201,9224835
2021-01-28 15:30:00,379.33,379.81,373.9702,377.59,11263008
2021-01-29 09:30:00,375.61,377.6628,373.15,376.25,16863404
2021-01-29 10:30:00,376.26,377.6628,372.65,372.73,10560357
2021-01-29 11:30:00,372.72,377.6628,370.52,370.845,13271084
2021-01-29 12:30:00,370.84,377.6628,368.27,370.8599,19250170
2021-01-29 13:30:00,370.86,371.71,369.49,370.97,11135841
2021-01-29 14:30:00,370.97,377.6628,369.7,372.14,12775729
2021-01-29 15:30:00,372.14,377.6628,369.94,370.19,23089651
2021-02-01 09:30:00,373.72,374.4,370.376,372.95,16270160
2021-02-01 10:30:00,372.95,374.77,370.376,374.601,10091377
2021-02-01 11:30:00,374.605,376.19,370.376,376.1381,7241243
2021-02-01 12:30:00,376.14,376.59,370.376,376.3719,6236344
2021-02-01 13:30:00,376.38,377.0,370.376,376.95,5438275
2021-02-01 14:30:00,376.96,377.34,370.376,376.6081,7541225
2021-02-01 15:30:00,376.61,377.12,364.5099,376.18,11265234
2021-02-02 09:30:00,379.61,382.54,376.23,381.51,13649320
2021-02-02 10:30:00,381.52,382.96,376.3181,382.58,7972777
2021-02-02 11:30:00,382.575,383.22,376.3181,382.59,5159979
2021-02-02 12:30:00,382.595,384.14,376.3181,382.43,4297421
2021-02-02 13:30:00,382.43,382.93,376.3181,382.565,4397819
2021-02-02 14:30:00,382.57,383.14,376.3181,382.75,5425301
2021-02-02 15:30:00,382.74,382.79,376.3181,381.545,13122580
2021-02-03 09:30:00,382.44,383.08,373.84,380.7725,12191363
2021-02-03 10:30:00,380.76,382.16,380.48,381.91,5449486
2021-02-03 11:30:00,381.95,382.77,381.58,382.5101,3307091
2021-02-03 12:30:00,382.52,382.99,381.5435,382.91,3820975
2021-02-03 13:30:00,382.9019,383.66,380.59,383.51,4113765
2021-02-03 14:30:00,383.5,383.7,381.5435,382.51,6063294
2021-02-03 15:30:00,382.507,382.91,381.5435,381.86,8384558
2021-02-04 09:30:00,382.96,384.43,382.78,383.76,9826573
2021-02-04 10:30:00,383.76,384.75,381.9655,384.53,6233090
2021-02-04 11:30:00,384.52,384.92,384.3,384.76,3152727
2021-02-04 12:30:00,384.7697,385.23,368.7277,385.12,2972768
2021-02-04 13:30:00,385.125,385.43,385.07,385.2,3768525
2021-02-04 14:30:00,385.19,385.46,381.9655,385.1054,5476913
2021-02-04 15:30:00,385.115,386.24,381.9655,386.17,8870338
2021-02-05 09:30:00,388.21,388.29,386.485,387.155,8591755
2021-02-05 10:30:00,387.1599,387.98,387.0,387.35,4421002
2021-02-05 11:30:00,387.3519,387.91,386.1444,387.873,8175089
2021-02-05 12:30:00,387.87,388.49,387.77,388.05,3980766
2021-02-05 13:30:00,388.05,388.16,386.1444,387.85,3135591
2021-02-05 14:30:00,387.857,388.03,386.1444,387.22,4397058
2021-02-05 15:30:00,387.21,387.82,386.1444,387.68,6641415
2021-02-08 09:30:00,389.27,389.87,387.6556,389.525,7155206
2021-02-08 10:30:00,389.53,389.95,387.6556,389.116,4781997
2021-02-08 11:30:00,389.127,389.38,387.6556,389.295,5415549
2021-02-08 12:30:00,389.2911,389.3219,387.71,389.0401,2277914
2021-02-08 13:30:00,389.045,389.31,387.6556,389.02,4435770
2021-02-08 14:30:00,389.015,389.55,387.6556,389.52,3591945
2021-02-08 15:30:00,389.52,390.54,369.59,390.53,6366661
2021-02-09 09:30:00,389.61,390.5862,389.17,390.21,7296532
2021-02-09 10:30:00,390.21,390.5862,389.3901,389.7151,3806421
2021-02-09 11:30:00,389.72,390.63,389.58,390.4919,3466616
2021-02-09 12:30:00,390.495,390.82,390.19,390.229,2436594
2021-02-09 13:30:00,390.21,390.71,383.2819,390.6257,3303883
2021-02-09 14:30:00,390.62,390.88,390.46,390.485,3957036
2021-02-09 15:30:00,390.48,390.89,389.89,390.25,6613160
2021-02-10 09:30:00,392.12,392.28,388.68,389.36,11564059
2021-02-10 10:30:00,389.36,390.161,387.5,389.29,12702751
2021-02-10 11:30:00,389.2881,390.161,377.33,389.34,5593990
2021-02-10 12:30:00,389.31,390.161,389.005,389.87,3858659
2021-02-10 13:30:00,389.88,390.575,389.41,390.38,4299345
2021-02-10 14:30:00,390.39,391.07,390.161,390.42,7100833
2021-02-10 15:30:00,390.415,390.6,389.37,390.1,8734674
2021-02-11 09:30:00,391.25,391.69,390.1056,391.0119,6559742
2021-02-11 10:30:00,391.02,391.43,390.1056,390.635,4504986
2021-02-11 11:30:00,390.63,390.95,388.66,388.697,5422872
2021-02-11 12:30:00,388.68,390.1056,388.1,389.7,6572027
2021-02-11 13:30:00,389.6999,389.99,388.7,389.335,3188418
2021-02-11 14:30:00,389.33,390.47,389.01,390.13,4799524
2021-02-11 15:30:00,390.14,390.98,389.9,390.73,7934759
2021-02-12 09:30:00,389.85,390.7676,389.77,390.495,6328030
2021-02-12 10:30:00,390.495,391.48,390.05,391.33,4129722
2021-02-12 11:30:00,391.33,391.63,390.7676,391.23,3119524
2021-02-12 12:30:00,391.2313,391.29,390.51,390.945,3726029
2021-02-12 13:30:00,390.945,391.22,390.55,390.91,3263521
2021-02-12 14:30:00,390.9099,392.1,390.6301,391.41,4148026
2021-02-12 15:30:00,391.41,392.9,390.7676,392.69,14751545
2021-02-16 09:30:00,393.97,394.18,392.82,394.02,8437756
2021-02-16 10:30:00,394.02,394.16,392.4,392.6,7802857
2021-02-16 11:30:00,392.59,392.93,391.53,392.81,7262693
2021-02-16 12:30:00,392.81,393.08,392.46,392.9106,3091910
2021-02-16 13:30:00,392.9,393.21,392.47,393.1999,4426962
2021-02-16 14:30:00,393.2,393.3,392.37,392.71,5181105
2021-02-16 15:30:00,392.7,392.9388,392.01,392.34,7050237
2021-02-17 09:30:00,390.42,392.4938,389.33,390.485,11659138
2021-02-17 10:30:00,390.49,392.4938,389.61,390.14,8277978
2021-02-17 11:30:00,390.14,392.4938,389.48,390.903,5394629
2021-02-17 12:30:00,390.91,392.4938,390.81,391.53,3781979
2021-02-17 13:30:00,391.5211,392.4938,391.17,391.38,3966727
2021-02-17 14:30:00,391.38,392.4938,376.12,392.153,4479323
2021-02-17 15:30:00,392.16,392.66,392.02,392.43,7133048
2021-02-18 09:30:00,389.57,392.3824,387.88,388.5042,13212879
2021-02-18 10:30:00,388.5,392.3824,376.93,389.1913,8164131
2021-02-18 11:30:00,389.18,392.3824,388.2,389.225,5108108
2021-02-18 12:30:00,389.22,390.43,388.81,390.235,4831353
2021-02-18 13:30:00,390.24,390.96,390.0441,390.72,5280426
2021-02-18 14:30:00,390.715,392.3824,390.48,391.165,6374115
2021-02-18 15:30:00,391.16,392.3824,390.39,390.75,9425779
2021-02-22 09:30:00,387.06,388.5999,386.74,387.5699,11330124
2021-02-22 10:30:00,387.56,389.9807,386.9,387.927,7557268
2021-02-22 11:30:00,387.92,389.9807,387.57,388.0418,6919083
2021-02-22 12:30:00,388.0399,389.9807,387.84,389.2299,4744407
2021-02-22 13:30:00,389.22,389.62,388.97,389.24,3600488
2021-02-22 14:30:00,389.23,389.9807,387.63,387.6899,7074777
2021-02-22 15:30:00,387.68,389.9807,386.84,387.11,15555780
2021-02-23 09:30:00,384.65,387.03,380.2,384.3634,29578414
2021-02-23 10:30:00,384.369,386.9784,382.79,384.73,16440296
2021-02-23 11:30:00,384.74,387.03,382.835,384.2,10390969
2021-02-23 12:30:00,384.18,386.9784,382.5,385.1,9967255
2021-02-23 13:30:00,385.1,386.9784,383.01,385.865,7382342
2021-02-23 14:30:00,385.86,388.93,383.01,388.86,11923179
2021-02-23 15:30:00,388.86,388.95,386.9784,387.5,12920293
2021-02-24 09:30:00,386.31,387.68,385.27,387.43,16031623
2021-02-24 10:30:00,387.44,389.95,386.16,389.39,11268912
2021-02-24 11:30:00,389.39,390.89,387.4666,390.89,7458725
2021-02-24 12:30:00,390.89,391.45,387.4666,391.39,6856608
2021-02-24 13:30:00,391.4,392.16,387.4666,391.53,6674664
2021-02-24 14:30:00,391.539,391.9,387.4666,391.866,5613507
2021-02-24 15:30:00,391.86,392.23,387.4666,391.76,10638942
2021-02-25 09:30:00,390.41,391.9099,389.22,389.72,19181572
2021-02-25 10:30:00,389.72,391.9099,387.565,388.495,18523912
2021-02-25 11:30:00,388.5,391.9099,385.25,385.4,19323503
2021-02-25 12:30:00,385.4,391.9099,381.76,384.5699,27384088
2021-02-25 13:30:00,384.55,391.9099,382.96,386.465,14052161
2021-02-25 14:30:00,386.46,391.9099,381.05,382.26,16794683
2021-02-25 15:30:00,382.26,391.9099,380.775,382.39,21883950
2021-02-26 09:30:00,384.36,384.88,378.23,378.53,36407761
2021-02-26 10:30:00,378.51,383.73,378.395,381.87,22775328
2021-02-26 11:30:00,381.87,385.59,381.74,384.715,12353137
2021-02-26 12:30:00,384.7,390.52,382.3775,384.52,9280445
2021-02-26 13:30:00,384.53,385.54,378.79,381.815,15962324
2021-02-26 14:30:00,381.815,392.07,381.47,382.523,12880149
2021-02-26 15:30:00,382.52,384.81,380.2,380.32,25278981
2021-03-01 09:30:00,385.59,388.4,385.54,388.03,25467852
2021-03-01 10:30:00,388.025,389.41,380.572,388.82,13065971
2021-03-01 11:30:00,388.81,389.68,380.572,389.34,11135844
2021-03-01 12:30:00,389.3399,389.68,380.572,389.025,7272210
2021-03-01 13:30:00,389.02,390.48,380.572,390.4188,7722580
2021-03-01 14:30:00,390.42,390.92,380.572,390.335,7720495
2021-03-01 15:30:00,390.34,390.49,380.572,389.52,20506687
2021-03-02 09:30:00,389.82,390.07,387.53,387.55,18781426
2021-03-02 10:30:00,387.55,389.6076,386.95,388.01,11551868
2021-03-02 11:30:00,388.01,389.6076,386.0,388.23,9435146
2021-03-02 12:30:00,388.2219,389.42,388.1676,389.11,4884602
2021-03-02 13:30:00,389.11,389.74,388.3,388.32,6688453
2021-03-02 14:30:00,388.35,389.6076,387.84,387.8501,8212926
2021-03-02 15:30:00,387.86,389.6076,386.3,386.55,11459718
2021-03-03 09:30:00,385.79,386.83,383.11,384.0,24868101
2021-03-03 10:30:00,384.0,386.4856,383.29,386.3201,16595358
2021-03-03 11:30:00,386.32,386.4856,384.7,384.935,8600190
2021-03-03 12:30:00,384.9319,385.83,384.33,385.455,7750000
2021-03-03 13:30:00,385.4506,386.4856,382.998334,383.23,12737361
2021-03-03 14:30:00,383.215,386.4856,382.1588,383.0001,17289193
2021-03-03 15:30:00,382.9926,386.4856,381.31,381.45,17772957
2021-03-04 09:30:00,381.22,383.375,378.57,380.29,31019242
2021-03-04 10:30:00,380.3,382.84,379.69,382.03,19720309
2021-03-04 11:30:00,382.03,384.0,379.53,380.52,16576220
2021-03-04 12:30:00,380.49,381.5124,375.04,376.8,26318523
2021-03-04 13:30:00,376.79,381.5124,371.87,376.125,28780395
2021-03-04 14:30:00,376.11,381.5124,374.36,375.875,24147155
2021-03-04 15:30:00,375.87,381.5124,375.28,376.73,21751245
2021-03-05 09:30:00,380.42,380.59,375.79,376.08,28031882
2021-03-05 10:30:00,376.08,376.96,372.64,373.06,24431938
2021-03-05 11:30:00,373.085,378.22,373.05,378.0211,15435294
2021-03-05 12:30:00,378.03,380.98,376.29,380.8199,18259214
2021-03-05 13:30:00,380.84,381.89,376.4207,381.66,12679389
2021-03-05 14:30:00,381.67,383.68,376.4207,383.28,14399509
2021-03-05 15:30:00,383.2792,384.77,376.4207,383.6,20450679
2021-03-08 09:30:00,384.66,386.93,382.79,386.69,27528044
2021-03-08 10:30:00,386.705,387.45,385.91,387.2,15186707
2021-03-08 11:30:00,387.195,387.255,385.11,386.935,11971595
2021-03-08 12:30:00,386.92,387.68,386.69,387.331,7704442
2021-03-08 13:30:00,387.32,387.4,383.7462,385.785,16494335
2021-03-08 14:30:00,385.775,386.08,382.77,383.09,15341910
2021-03-08 15:30:00,383.11,384.31,381.42,381.74,13765853
2021-03-09 09:30:00,385.85,388.61,381.7299,388.35,26780594
2021-03-09 10:30:00,388.34,389.0,381.72,388.67,11681835
2021-03-09 11:30:00,388.67,389.65,381.7299,389.555,8750712
2021-03-09 12:30:00,389.54,389.85,381.7299,389.4,9809400
2021-03-09 13:30:00,389.4,389.91,381.7299,389.005,8111412
2021-03-09 14:30:00,389.0005,389.7926,380.36,389.01,12040847
2021-03-09 15:30:00,389.01,389.1508,381.7299,387.11,21236295
2021-03-10 09:30:00,389.68,390.92,387.1384,388.495,26198574
2021-03-10 10:30:00,388.5,390.04,387.1384,389.895,17754642
2021-03-10 11:30:00,389.895,390.56,387.1384,389.545,10424496
2021-03-10 12:30:00,389.549,390.73,388.89,390.38,12394728
2021-03-10 13:30:00,390.365,390.68,387.1384,390.37,11947350
2021-03-10 14:30:00,390.37,391.4,387.1384,390.075,11223336
2021-03-10 15:30:00,390.075,390.43,387.1384,389.5199,11475430
2021-03-11 09:30:00,392.22,393.35,389.4924,392.97,14914617
2021-03-11 10:30:00,392.965,395.03,389.4924,394.7895,13335178
2021-03-11 11:30:00,394.78,417.8,389.4924,394.95,8549745
2021-03-11 12:30:00,394.95,395.65,389.4924,394.83,8070276
2021-03-11 13:30:00,394.835,395.138,389.4924,394.9519,8097095
2021-03-11 14:30:00,394.96,395.0515,389.4924,394.1323,9330864
2021-03-11 15:30:00,394.13,394.15,389.4924,393.49,14773475
2021-04-15 09:30:00,413.74,414.56,411.231,414.56,11007652
2021-04-15 10:30:00,414.56,415.505,411.231,414.65,8902311
2021-04-15 11:30:00,414.65,415.249167,411.231,415.17,5616670
2021-04-15 12:30:00,415.17,415.7,415.09,415.299,5146891
2021-04-15 13:30:00,415.3,415.6701,411.231,415.61,5492413
2021-04-15 14:30:00,415.61,415.8,411.231,414.97,7493881
2021-04-15 15:30:00,414.965,416.16,411.231,415.83,12386745
2021-04-16 09:30:00,417.25,417.8829,415.73,416.43,18377109
2021-04-16 10:30:00,416.419,417.005,415.7879,416.31,8408362
2021-04-16 11:30:00,416.315,416.85,415.7879,416.75,4943348
2021-04-16 12:30:00,416.75,417.8869,415.7879,416.55,4907998
2021-04-16 13:30:00,416.555,417.17,415.7879,417.0709,6359603
2021-04-16 14:30:00,417.075,417.59,415.7879,417.501,8440968
2021-04-16 15:30:00,417.51,417.923077,415.7879,417.3101,16934764
2021-04-19 09:30:00,416.26,417.2858,415.06,415.785,13305294
2021-04-19 10:30:00,415.79,417.2858,414.375,415.645,10137507
2021-04-19 11:30:00,415.64,417.2858,414.225,414.54,10091340
2021-04-19 12:30:00,414.54,415.25,413.79,414.6119,7098615
2021-04-19 13:30:00,414.62,415.09,414.38,415.01,4790201
2021-04-19 14:30:00,415.005,417.2858,414.22,414.325,9571320
2021-04-19 15:30:00,414.32,417.2858,414.14,415.27,14179082
2021-04-20 09:30:00,413.91,415.4,413.66,413.92,10218399
2021-04-20 10:30:00,413.93,415.0859,411.12,411.575,17430774
2021-04-20 11:30:00,411.57,415.0859,410.62,412.145,10118421
2021-04-20 12:30:00,412.15,415.0859,411.25,411.29,5768608
2021-04-20 13:30:00,411.3097,415.0859,411.2,411.535,5744918
2021-04-20 14:30:00,411.535,415.0859,410.59,411.905,8414875
2021-04-20 15:30:00,411.9,415.0859,411.8,412.25,13402180
2021-04-21 09:30:00,411.52,414.1,411.36,413.9899,12493800
2021-04-21 10:30:00,413.98,414.34,412.2633,414.205,7593480
2021-04-21 11:30:00,414.2,414.93,394.43,414.525,6764712
2021-04-21 12:30:00,414.5201,414.94,414.361,414.701,4184434
2021-04-21 13:30:00,414.71,415.26,412.2633,414.945,4522370
2021-04-21 14:30:00,414.94,415.24,412.2633,415.135,5608117
2021-04-21 15:30:00,415.14,416.3,412.2633,416.09,13956812
2021-04-22 09:30:00,415.88,415.91,414.53,415.33,10916586
2021-04-22 10:30:00,415.34,416.26,415.01,415.89,6387108
2021-04-22 11:30:00,415.88,416.45,415.34,416.36,6603044
2021-04-22 12:30:00,416.36,416.78,413.15,414.69,18858788
2021-04-22 13:30:00,414.7,416.1292,411.13,413.079,20649640
2021-04-22 14:30:00,413.08,416.1292,411.7599,412.175,12389679
2021-04-22 15:30:00,412.17,416.1292,412.06,412.32,15219381
2021-04-23 09:30:00,412.87,414.4799,412.3114,414.3488,10925744
2021-04-23 10:30:00,414.345,416.34,412.3114,416.15,10841149
2021-04-23 11:30:00,416.155,416.55,412.3114,416.415,5616836
2021-04-23 12:30:00,416.42,417.28,412.3114,417.045,6103744
2021-04-23 13:30:00,417.05,417.38,416.75,417.015,5564058
2021-04-23 14:30:00,417.015,417.86,412.3114,417.785,8216921
2021-04-23 15:30:00,417.78,418.25,412.3114,416.72,15437744
2021-04-26 09:30:00,417.44,418.17,416.8111,417.818,10058392
2021-04-26 10:30:00,417.82,418.15,416.8111,417.915,4735512
2021-04-26 11:30:00,417.91,417.955,416.8111,417.41,4664645
2021-04-26 12:30:00,417.41,417.95,416.8111,417.4001,2939767
2021-04-26 13:30:00,417.4087,417.95,416.8111,417.92,4423136
2021-04-26 14:30:00,417.919,418.22,416.8111,417.305,6411728
2021-04-26 15:30:00,417.305,417.935,416.8111,417.64,12707030
2021-04-27 09:30:00,417.91,417.99,416.3,417.22,12839699
2021-04-27 10:30:00,417.23,417.61,416.53,417.195,4928029
2021-04-27 11:30:00,417.19,417.735,417.15,417.67,6577931
2021-04-27 12:30:00,417.67,417.7,416.97,417.345,2902885
2021-04-27 13:30:00,417.34,417.58,417.07,417.5499,5527064
2021-04-27 14:30:00,417.545,417.95,417.28,417.855,4509547
2021-04-27 15:30:00,417.85,418.14,417.25,417.49,10365303
2021-04-28 09:30:00,417.81,418.45,417.32,418.1555,8210285
2021-04-28 10:30:00,418.16,418.23,417.71,417.9182,4697368
2021-04-28 11:30:00,417.91,417.93,417.12,417.62,4661478
2021-04-28 12:30:00,417.6155,418.0069,417.5201,417.79,2091731
2021-04-28 13:30:00,417.79,418.22,416.9,417.6719,6407531
2021-04-28 14:30:00,417.6714,419.01,417.11,417.9601,9656207
2021-04-28 15:30:00,417.97,418.18,417.02,417.35,10807721
2021-04-29 09:30:00,420.33,420.72,417.1366,418.9201,14044581
2021-04-29 10:30:00,418.93,418.97,417.1366,418.47,10064435
2021-04-29 11:30:00,418.48,418.5,416.43,417.135,11834802
2021-04-29 12:30:00,417.135,418.53,416.86,418.465,7345123
2021-04-29 13:30:00,418.47,419.39,417.1366,419.29,5757065
2021-04-29 14:30:00,419.28,420.49,417.1366,419.58,11397269
2021-04-29 15:30:00,419.58,420.29,417.1366,420.0,11958726
2021-04-30 09:30:00,417.63,419.62,417.4,418.478,9780795
2021-04-30 10:30:00,418.4701,418.485,416.83,416.93,10164386
2021-04-30 11:30:00,416.93,419.9856,416.71,417.695,7238017
2021-04-30 12:30:00,417.69,419.9856,417.1,417.735,4288669
2021-04-30 13:30:00,417.725,419.9856,416.38,417.26,9436184
2021-04-30 14:30:00,417.27,419.9856,416.57,417.4901,8830623
2021-04-30 15:30:00,417.5,419.9856,416.34,417.29,24440728
2021-05-03 09:30:00,419.43,419.84,416.9691,419.35,11067214
2021-05-03 10:30:00,419.35,419.75,416.9691,418.225,9181011
2021-05-03 11:30:00,418.22,418.97,416.9691,418.42,4893825
2021-05-03 12:30:00,418.41,418.71,416.9691,418.345,4515965
2021-05-03 13:30:00,418.345,418.985,416.9691,418.935,10434456
2021-05-03 14:30:00,418.93,419.27,416.9676,418.6,8954259
2021-05-03 15:30:00,418.61,419.19,393.53,418.1699,12603109
2021-05-04 09:30:00,416.08,418.2,413.15,414.325,22130844
2021-05-04 10:30:00,414.32,418.1113,411.965,412.9181,14566140
2021-05-04 11:30:00,412.9181,418.1113,411.67,413.455,11988338
2021-05-04 12:30:00,413.47,413.93,412.59,413.69,6524179
2021-05-04 13:30:00,413.683,418.1113,411.7333,413.7501,8414035
2021-05-04 14:30:00,413.75,418.1113,413.48,413.88,8890091
2021-05-04 15:30:00,413.873,418.1113,413.6,415.65,17385464
2021-05-05 09:30:00,417.38,417.45,414.93,415.815,12762981
2021-05-05 10:30:00,415.81,416.91,415.323,416.64,6748807
2021-05-05 11:30:00,416.63,417.63,416.6,417.1867,5205171
2021-05-05 12:30:00,417.185,417.31,415.323,416.8,5785838
2021-05-05 13:30:00,416.809,417.13,415.8889,417.015,4633657
2021-05-05 14:30:00,417.015,417.25,415.141,415.6001,8792015
2021-05-05 15:30:00,415.6057,416.14,415.28,415.72,8881958
2021-05-06 09:30:00,415.83,416.31,413.675,414.31,13900865
2021-05-06 10:30:00,414.3,416.1019,413.96,416.0719,7694413
2021-05-06 11:30:00,416.08,417.58,414.735,417.52,9392329
2021-05-06 12:30:00,417.52,417.57,415.6794,416.675,5991348
2021-05-06 13:30:00,416.71,416.97,415.74,415.92,6230742
2021-05-06 14:30:00,415.94,417.21,415.66,417.03,8539220
2021-05-06 15:30:00,417.03,419.21,415.6794,419.08,14583130
2021-05-07 09:30:00,419.89,422.67,419.1382,422.14,15741711
2021-05-07 10:30:00,422.14,422.6,419.1382,422.33,7122555
2021-05-07 11:30:00,422.34,422.815,419.1382,422.0299,5930404
2021-05-07 12:30:00,422.03,422.26,417.84,421.495,6508912
2021-05-07 13:30:00,421.4919,422.29,421.21,422.265,5189053
2021-05-07 14:30:00,422.2601,422.79,419.1382,422.55,7917043
2021-05-07 15:30:00,422.56,422.79,419.1382,422.09,10064262
2021-05-10 09:30:00,422.5,422.74,421.66,421.685,10772770
2021-05-10 10:30:00,421.68,422.38,421.03,422.2111,9741458
2021-05-10 11:30:00,422.22,422.65,421.645,422.14,5362136
2021-05-10 12:30:00,422.145,422.42,421.62,421.7238,4219754
2021-05-10 13:30:00,421.72,422.4,419.48,419.7603,10175533
2021-05-10 14:30:00,419.7758,422.2332,418.74,419.445,14327510
2021-05-10 15:30:00,419.44,422.2332,416.4,417.99,18186790
2021-05-11 09:30:00,413.1,417.837,411.8,411.85,27927378
2021-05-11 10:30:00,411.86,417.837,410.06,413.88,20212473
2021-05-11 11:30:00,413.87,422.12,413.1019,413.435,9986569
2021-05-11 12:30:00,413.435,414.19,412.04,414.145,9460087
2021-05-11 13:30:00,414.1419,417.837,413.205,414.73,9442943
2021-05-11 14:30:00,414.72,417.837,413.14,414.45,11824926
2021-05-11 15:30:00,414.45,417.837,412.66,414.27,17780839
2021-05-12 09:30:00,411.23,412.59,410.34,410.355,17883369
2021-05-12 10:30:00,410.3824,414.2731,408.73,409.545,14972546
2021-05-12 11:30:00,409.54,414.2731,406.72,407.7111,13683102
2021-05-12 12:30:00,407.7,414.2731,407.01,407.5,13695855
2021-05-12 13:30:00,407.5,414.2731,406.42,406.73,12639671
2021-05-12 14:30:00,406.737,414.2731,405.39,405.7299,14949992
2021-05-12 15:30:00,405.7299,414.2731,404.0,405.44,31142867
2021-05-13 09:30:00,407.07,411.45,405.4688,411.249,20711306
2021-05-13 10:30:00,411.24,412.02,405.4688,409.84,12693552
2021-05-13 11:30:00,409.84,410.83,405.4688,410.65,10531243
2021-05-13 12:30:00,410.65,411.13,405.4688,409.075,10245427
2021-05-13 13:30:00,409.06,411.19,405.4688,411.1401,13795713
2021-05-13 14:30:00,411.14,411.9,405.4688,411.62,12359840
2021-05-13 15:30:00,411.62,412.35,405.4688,410.25,17902162
2021-05-14 09:30:00,413.2,415.22,410.4255,414.445,17281572
2021-05-14 10:30:00,414.43,415.67,410.4255,415.4999,9452509
2021-05-14 11:30:00,415.49,416.023,410.4255,415.9,6039335
2021-05-14 12:30:00,415.9,416.44,410.4255,416.371,4851331
2021-05-14 13:30:00,416.375,416.95,416.16,416.725,5069480
2021-05-14 14:30:00,416.73,417.49,410.4255,417.0392,8299906
2021-05-14 15:30:00,417.04,417.38,410.4255,416.55,18851598
2021-05-17 09:30:00,415.39,417.37,414.136,414.345,15627614
2021-05-17 10:30:00,414.34,416.5385,413.81,414.21,9578489
2021-05-17 11:30:00,414.22,416.5385,413.84,414.685,7783934
2021-05-17 12:30:00,414.68,415.12,413.72,414.0119,4596565
2021-05-17 13:30:00,414.01,416.5385,413.36,414.555,5718602
2021-05-17 14:30:00,414.56,416.5385,414.1501,414.9511,7547545
2021-05-17 15:30:00,414.96,415.71,414.77,415.55,8513356
2021-05-18 09:30:00,415.8,416.63,414.46,415.76,12279564
2021-05-18 10:30:00,415.77,415.98,415.27,415.52,5988631
2021-05-18 11:30:00,415.52,415.589,414.75,415.4019,4992434
2021-05-18 12:30:00,415.4019,415.57,414.96,415.5381,3435048
2021-05-18 13:30:00,415.54,415.59,414.32,414.41,4693707
2021-05-18 14:30:00,414.3999,415.5358,413.1,414.2711,8210020
2021-05-18 15:30:00,414.275,417.84,411.77,411.98,13262444
2021-05-19 09:30:00,406.92,407.64,405.33,406.94,24228425
2021-05-19 10:30:00,406.94,412.0589,405.38,408.09,13745148
2021-05-19 11:30:00,408.09,412.0589,406.96,408.94,9408413
2021-05-19 12:30:00,408.97,412.0589,405.64,409.855,7806792
2021-05-19 13:30:00,409.85,412.0589,407.59,410.07,11512131
2021-05-19 14:30:00,410.05,412.0589,407.6,409.9596,14335805
2021-05-19 15:30:00,409.95,412.0589,408.6611,410.89,14908498
2021-05-20 09:30:00,411.8,413.95,410.86,413.6611,15116051
2021-05-20 10:30:00,413.66,414.88,410.8845,414.8519,8629241
2021-05-20 11:30:00,414.858,416.15,410.8845,414.71,9798077
2021-05-20 12:30:00,414.71,415.49,410.8845,415.405,6176084
2021-05-20 13:30:00,415.41,415.57,414.56,415.57,5104883
2021-05-20 14:30:00,415.57,416.63,414.9286,416.6,8315177
2021-05-20 15:30:00,416.6,416.6,410.8845,415.25,17206630
2021-05-21 09:30:00,416.87,418.21,415.2266,416.7811,15644475
2021-05-21 10:30:00,416.79,418.07,415.2266,416.2919,9100778
2021-05-21 11:30:00,416.3,416.77,415.115,415.495,7156214
2021-05-21 12:30:00,415.495,415.6916,414.45,415.4411,6254132
2021-05-21 13:30:00,415.435,416.19,415.2266,415.46,4530319
2021-05-21 14:30:00,415.47,416.25,414.96,416.0001,9796775
2021-05-21 15:30:00,416.01,416.02,414.7,414.95,15527029
2021-05-24 09:30:00,417.34,419.295,414.9419,419.02,10776376
2021-05-24 10:30:00,419.015,419.6,414.9419,419.5481,5240554
2021-05-24 11:30:00,419.54,419.68,414.9419,418.98,4192326
2021-05-24 12:30:00,418.98,419.63,418.9714,419.625,4264972
2021-05-24 13:30:00,419.63,420.18,414.9419,420.05,4082822
2021-05-24 14:30:00,420.0519,420.32,414.9419,419.95,6825060
2021-05-24 15:30:00,419.95,419.99,414.9419,419.12,10957074
2021-05-25 09:30:00,420.33,420.71,419.0498,419.465,10821414
2021-05-25 10:30:00,419.46,419.6,418.42,418.535,7274195
2021-05-25 11:30:00,418.535,419.43,417.94,419.275,7223174
2021-05-25 12:30:00,419.28,419.44,418.38,419.095,4195472
2021-05-25 13:30:00,419.1,419.2,418.22,418.325,4684560
2021-05-25 14:30:00,418.33,419.0498,417.79,418.45,6707952
2021-05-25 15:30:00,418.45,419.0498,417.62,418.25,11875045
2021-05-26 09:30:00,418.87,419.19,417.7575,418.7311,7409486
2021-05-26 10:30:00,418.74,419.35,418.5445,418.96,4686068
2021-05-26 11:30:00,418.975,419.49,418.1663,419.2901,3966270
2021-05-26 12:30:00,419.2943,419.62,419.04,419.2599,3217170
2021-05-26 13:30:00,419.2519,419.2953,418.43,419.09,4395411
2021-05-26 14:30:00,419.09,419.18,418.625,418.9423,5353197
2021-05-26 15:30:00,418.95,419.225,418.0,419.0499,9859738
2021-05-27 09:30:00,420.17,420.63,419.07,420.34,9678136
2021-05-27 10:30:00,420.34,420.72,419.75,419.75,6212217
2021-05-27 11:30:00,419.75,420.43,418.9851,420.29,4271375
2021-05-27 12:30:00,420.295,420.5704,419.89,419.91,2717248
2021-05-27 13:30:00,419.91,420.0,418.9851,419.58,5599131
2021-05-27 14:30:00,419.58,419.72,418.9851,419.42,7764063
2021-05-27 15:30:00,419.43,420.1,418.9851,419.22,13743110
2021-05-28 09:30:00,420.97,421.1,419.96,420.07,8862777
2021-05-28 10:30:00,420.07,420.79,419.519,420.71,4690233
2021-05-28 11:30:00,420.71,421.25,419.519,421.125,5910848
2021-05-28 12:30:00,421.125,421.22,419.519,420.66,4245745
2021-05-28 13:30:00,420.66,420.8399,419.519,420.805,4867697
2021-05-28 14:30:00,420.8,420.91,419.519,420.65,6128551
2021-05-28 15:30:00,420.65,420.96,419.519,420.03,15467121
2021-06-01 09:30:00,422.57,422.72,419.853,420.445,12588643
2021-06-01 10:30:00,420.445,421.426667,419.44,420.22,9671739
2021-06-01 11:30:00,420.22,420.48,419.73,420.029,4724938
2021-06-01 12:30:00,420.025,420.24,419.2,419.32,3796406
2021-06-01 13:30:00,419.32,420.05,419.245,420.035,3729061
2021-06-01 14:30:00,420.035,420.38,414.935,419.86,6386754
2021-06-01 15:30:00,419.865,420.0365,419.43,419.64,7679923
2021-06-02 09:30:00,420.37,420.9781,419.55,420.84,7994675
2021-06-02 10:30:00,420.85,421.23,419.6899,421.075,5805265
2021-06-02 11:30:00,421.075,421.19,419.6899,420.41,3001432
2021-06-02 12:30:00,420.4,420.6632,413.23,419.835,4100986
2021-06-02 13:30:00,419.84,420.04,419.29,419.79,4428527
2021-06-02 14:30:00,419.79,420.175,419.65,419.779,5322991
2021-06-02 15:30:00,419.775,420.47,419.58,420.3601,10487353
2021-06-03 09:30:00,417.85,420.3611,416.28,417.6402,14684082
2021-06-03 10:30:00,417.63,420.3611,417.26,419.67,10733949
2021-06-03 11:30:00,419.67,420.3611,418.93,419.325,6017476
2021-06-03 12:30:00,419.327,420.3611,418.88,419.805,4872565
2021-06-03 13:30:00,419.8,420.3611,419.01,419.05,4166371
2021-06-03 14:30:00,419.04,420.3611,418.74,419.18,5405135
2021-06-03 15:30:00,419.18,420.3611,418.6727,418.82,6776475
2021-06-04 09:30:00,420.75,421.645,418.8422,421.365,10265661
2021-06-04 10:30:00,421.365,422.02,418.8422,421.87,5861601
2021-06-04 11:30:00,421.87,421.91,418.8422,421.61,3042151
2021-06-04 12:30:00,421.6181,422.02,421.61,421.82,2122557
2021-06-04 13:30:00,421.82,422.42,418.8422,422.419,5958561
2021-06-04 14:30:00,422.415,422.65,418.8422,422.475,6041760
2021-06-04 15:30:00,422.47,422.92,418.8422,422.57,12446693
2021-06-07 09:30:00,422.59,422.78,421.47,421.62,8110525
2021-06-07 10:30:00,421.61,422.6,421.29,421.46,7198669
2021-06-07 11:30:00,421.46,422.5413,421.24,421.545,4951200
2021-06-07 12:30:00,421.54,421.8,421.385,421.505,2872012
2021-06-07 13:30:00,421.51,421.65,421.19,421.5,3627005
2021-06-07 14:30:00,421.5,422.5413,421.43,422.21,5946654
2021-06-07 15:30:00,422.21,422.5413,421.81,422.22,9415742
2021-06-08 09:30:00,423.11,423.21,421.54,421.88,8256146
2021-06-08 10:30:00,421.87,422.24,420.32,420.94,7797502
2021-06-08 11:30:00,420.935,422.485,420.89,422.455,6091435
2021-06-08 12:30:00,422.445,422.65,422.2131,422.23,3301336
2021-06-08 13:30:00,422.23,422.659,422.14,422.585,3775695
2021-06-08 14:30:00,422.58,422.94,422.2131,422.71,3844653
2021-06-08 15:30:00,422.71,422.79,422.2131,422.27,7863001
2021-06-09 09:30:00,423.18,423.26,422.32,422.9,8016878
2021-06-09 10:30:00,422.9,423.12,422.6901,422.94,4230854
2021-06-09 11:30:00,422.94,422.96,422.21,422.65,3436499
2021-06-09 12:30:00,422.66,422.9717,422.6211,422.845,2247923
2021-06-09 13:30:00,422.8419,422.9,422.3019,422.8104,3966916
2021-06-09 14:30:00,422.81,422.88,421.81,421.83,6494977
2021-06-09 15:30:00,421.83,422.3728,421.4,421.62,10468027
2021-07-21 09:30:00,432.35,433.72,431.0111,433.0319,12321123
2021-07-21 10:30:00,433.03,433.69,431.0111,433.2188,7260102
2021-07-21 11:30:00,433.21,434.02,425.94,433.62,7833045
2021-07-21 12:30:00,433.62,433.88,431.0111,433.8306,4263159
2021-07-21 13:30:00,433.84,434.04,431.0111,433.86,3744575
2021-07-21 14:30:00,433.87,434.4,431.0111,434.1001,5702944
2021-07-21 15:30:00,434.11,434.7,431.0111,434.56,13872206
2021-07-22 09:30:00,434.74,435.03,433.93,434.71,10892178
2021-07-22 10:30:00,434.7,435.365,434.41,434.69,5461135
2021-07-22 11:30:00,434.69,435.0,433.69,434.2597,5980155
2021-07-22 12:30:00,434.26,435.08,433.9664,435.01,4431168
2021-07-22 13:30:00,435.01,437.08,434.3289,435.455,3937076
2021-07-22 14:30:00,435.4599,435.72,434.5924,435.535,5157988
2021-07-22 15:30:00,435.53,435.56,434.5924,435.49,6564364
2021-07-23 09:30:00,437.53,437.65,435.4835,437.555,10883640
2021-07-23 10:30:00,437.5519,439.27,435.4835,439.235,8669478
2021-07-23 11:30:00,439.235,439.5,435.4835,439.036,7837965
2021-07-23 12:30:00,439.0578,440.04,435.4835,439.8201,5427413
2021-07-23 13:30:00,439.815,440.0,435.4835,439.739,5301359
2021-07-23 14:30:00,439.74,439.86,435.4835,439.62,5172877
2021-07-23 15:30:00,439.62,440.3,435.4835,439.89,10558980
2021-07-26 09:30:00,439.31,440.24,439.26,439.425,9405033
2021-07-26 10:30:00,439.42,440.475,439.26,440.425,6747653
2021-07-26 11:30:00,440.43,440.83,439.64,440.37,4239509
2021-07-26 12:30:00,440.3689,440.7,439.9037,440.45,4065732
2021-07-26 13:30:00,440.445,440.54,439.9037,440.465,4680412
2021-07-26 14:30:00,440.47,441.0,439.9037,440.82,5475438
2021-07-26 15:30:00,440.8201,441.03,439.9037,440.99,5930399
2021-07-27 09:30:00,439.91,439.94,438.05,439.1,12118344
2021-07-27 10:30:00,439.1,440.9507,437.33,437.74,9845469
2021-07-27 11:30:00,437.74,440.9507,436.37,437.23,10369300
2021-07-27 12:30:00,437.23,440.9507,436.01,436.3099,5583889
2021-07-27 13:30:00,436.31,440.9507,435.99,437.525,6720059
2021-07-27 14:30:00,437.53,438.39,434.78,438.02,6109924
2021-07-27 15:30:00,438.02,440.9507,437.69,438.99,10692095
2021-07-28 09:30:00,439.69,439.8346,438.11,439.17,9259481
2021-07-28 10:30:00,439.16,439.58,438.35,438.965,7432363
2021-07-28 11:30:00,438.96,439.54,438.8,438.805,4823011
2021-07-28 12:30:00,438.805,439.03,438.04,438.14,3151882
2021-07-28 13:30:00,438.147,439.32,437.31,439.05,7853167
2021-07-28 14:30:00,439.06,440.3,438.45,439.52,10454609
2021-07-28 15:30:00,439.52,439.86,438.73,438.79,6888432
2021-07-29 09:30:00,439.82,441.1,438.83,440.9611,9700109
2021-07-29 10:30:00,440.97,441.705,438.8439,441.175,8069531
2021-07-29 11:30:00,441.175,441.745,438.8439,441.6,4683472
2021-07-29 12:30:00,441.59,441.78,441.25,441.72,2656157
2021-07-29 13:30:00,441.72,441.8,441.24,441.301,3210947
2021-07-29 14:30:00,441.31,441.37,438.8439,440.91,5588574
2021-07-29 15:30:00,440.91,441.0911,438.8439,440.68,7567974
2021-07-30 09:30:00,437.91,440.7194,437.9,438.69,13009848
2021-07-30 10:30:00,438.7,440.7194,438.145,438.765,6868121
2021-07-30 11:30:00,438.75,440.7194,438.07,438.59,4874191
2021-07-30 12:30:00,438.585,440.7194,438.54,438.72,2896284
2021-07-30 13:30:00,438.7219,440.7194,438.14,438.155,5479791
2021-07-30 14:30:00,438.1581,440.7194,437.77,438.4299,9138509
2021-07-30 15:30:00,438.43,440.7194,437.97,438.49,14918065
2021-08-02 09:30:00,440.34,440.93,438.3423,440.44,12026449
2021-08-02 10:30:00,440.445,440.66,438.3423,440.25,5784770
2021-08-02 11:30:00,440.25,440.33,438.19,438.5589,9099889
2021-08-02 12:30:00,438.56,439.22,438.3423,438.9081,6096481
2021-08-02 13:30:00,438.905,439.01,438.15,438.695,5561549
2021-08-02 14:30:00,438.69,438.94,438.07,438.145,6614557
2021-08-02 15:30:00,438.1401,438.3423,437.21,437.58,10043245
2021-08-03 09:30:00,438.44,438.68,436.1,437.7611,11835910
2021-08-03 10:30:00,437.76,438.14,436.5,437.76,7399546
2021-08-03 11:30:00,437.76,439.85,437.4219,439.24,8493496
2021-08-03 12:30:00,439.2499,440.29,437.533,440.089,5126949
2021-08-03 13:30:00,440.09,440.64,437.533,440.52,3998775
2021-08-03 14:30:00,440.52,440.98,437.533,440.855,5670215
2021-08-03 15:30:00,440.85,441.28,437.533,441.12,10775655
2021-08-04 09:30:00,439.77,440.405,439.47,439.75,10006446
2021-08-04 10:30:00,439.75,441.1243,439.04,439.27,6613494
2021-08-04 11:30:00,439.27,441.1243,438.73,439.3,5228655
2021-08-04 12:30:00,439.31,441.1243,439.2,439.85,3817417
2021-08-04 13:30:00,439.86,440.2829,439.41,440.0758,3274372
2021-08-04 14:30:00,440.075,440.28,439.355,439.71,4733732
2021-08-04 15:30:00,439.72,441.1243,438.97,439.02,7083977
2021-08-05 09:30:00,440.22,440.89,439.1133,440.4589,8886118
2021-08-05 10:30:00,440.46,441.123889,439.1133,441.0499,4390628
2021-08-05 11:30:00,441.04,441.13,439.1133,440.805,3809210
2021-08-05 12:30:00,440.805,440.89,439.1133,440.75,2814535
2021-08-05 13:30:00,440.74,441.14,439.1133,440.8201,3518198
2021-08-05 14:30:00,440.82,440.965,439.1133,440.845,4988562
2021-08-05 15:30:00,440.8379,441.85,439.1133,441.76,6799015
2021-08-06 09:30:00,442.09,442.94,441.7953,442.4091,10856728
2021-08-06 10:30:00,442.41,442.64,441.7953,442.375,7529341
2021-08-06 11:30:00,442.3719,442.6,442.03,442.52,3651394
2021-08-06 12:30:00,442.5298,442.83,441.7953,442.61,2650765
2021-08-06 13:30:00,442.615,442.73,441.76,442.5236,3484540
2021-08-06 14:30:00,442.53,442.565,441.76,442.49,3717742
2021-08-06 15:30:00,442.48,442.67,441.7953,442.53,9624140
2021-08-09 09:30:00,442.45,442.795,441.31,441.7864,8182819
2021-08-09 10:30:00,441.785,442.5659,441.68,441.9699,7470057
2021-08-09 11:30:00,441.96,442.5659,441.8333,442.06,2739101
2021-08-09 12:30:00,442.07,442.3,442.055,442.142,2127282
2021-08-09 13:30:00,442.145,442.63,442.063,442.63,6570592
2021-08-09 14:30:00,442.63,442.77,438.98,442.3201,4445228
2021-08-09 15:30:00,442.33,442.65,441.98,442.14,5060294
2021-08-10 09:30:00,442.61,443.44,442.1523,443.1,8443072
2021-08-10 10:30:00,443.1,443.23,441.88,442.6001,9754986
2021-08-10 11:30:00,442.6,443.31,442.1523,443.04,4004523
2021-08-10 12:30:00,443.035,443.05,442.73,442.855,2180777
2021-08-10 13:30:00,442.85,443.07,442.1523,442.795,4935193
2021-08-10 14:30:00,442.7923,442.92,442.1523,442.6881,3982546
2021-08-10 15:30:00,442.6549,442.723,442.1523,442.66,6475704
2021-08-11 09:30:00,443.8,443.889,443.24,443.645,7536331
2021-08-11 10:30:00,443.64,443.73,442.6059,442.92,7385302
2021-08-11 11:30:00,442.91,443.16,442.62,443.0,3735400
2021-08-11 12:30:00,442.99,443.49,397.34442,443.4301,3368843
2021-08-11 13:30:00,443.43,443.49,422.43,443.295,3466006
2021-08-11 14:30:00,443.295,443.75,442.6059,443.6997,3747325
2021-08-11 15:30:00,443.7,443.79,442.6059,443.73,7184348
2021-08-12 09:30:00,443.62,443.63,442.66,443.42,7488823
2021-08-12 10:30:00,443.41,443.87,443.2728,443.76,5222942
2021-08-12 11:30:00,443.76,444.37,443.64,444.305,4057884
2021-08-12 12:30:00,444.3,444.45,443.8124,444.3291,3143075
2021-08-12 13:30:00,444.3228,444.65,443.8124,444.579,2989620
2021-08-12 14:30:00,444.57,445.08,443.8124,445.025,4396904
2021-08-12 15:30:00,445.03,445.26,443.8124,445.07,7773773
2021-08-13 09:30:00,445.58,445.85,445.07,445.3995,7425396
2021-08-13 10:30:00,445.3989,445.69,445.25,445.6152,3509214
2021-08-13 11:30:00,445.62,445.62,445.39,445.495,2427626
2021-08-13 12:30:00,445.48,445.605,445.35,445.565,2217076
2021-08-13 13:30:00,445.57,445.8,445.1347,445.615,4613324
2021-08-13 14:30:00,445.6199,445.65,445.1347,445.465,5272258
2021-08-13 15:30:00,445.46,445.93,445.1347,445.9,7864560
2021-08-16 09:30:00,444.54,445.862,442.92,443.1,13709592
2021-08-16 10:30:00,443.08,445.862,442.87,443.7549,8030253
2021-08-16 11:30:00,443.75,445.862,443.275,444.47,5482800
2021-08-16 12:30:00,444.48,445.27,444.28,445.165,4200647
2021-08-16 13:30:00,445.17,446.0,445.1201,445.7301,5383778
2021-08-16 14:30:00,445.735,446.63,445.73,446.505,5983697
2021-08-16 15:30:00,446.505,447.11,445.862,447.02,10285223
2021-08-17 09:30:00,444.24,447.0557,443.27,444.675,19051396
2021-08-17 10:30:00,444.67,447.0557,443.6,443.8375,11760044
2021-08-17 11:30:00,443.83,444.2999,442.43,443.1686,8628255
2021-08-17 12:30:00,443.16,447.0557,439.7211,442.145,14069600
2021-08-17 13:30:00,442.16,447.0557,441.04,442.315,11036406
2021-08-17 14:30:00,442.32,447.0557,441.7614,443.17,9824379
2021-08-17 15:30:00,443.17,444.07,442.7401,444.06,11089185
2021-10-21 09:30:00,451.76,452.4799,451.06,452.47,6992332
2021-10-21 10:30:00,452.47,452.8695,451.39,451.44,6057035
2021-10-21 11:30:00,451.44,452.27,451.36,452.205,5113218
2021-10-21 12:30:00,452.2,453.73,451.9225,452.305,2683190
2021-10-21 13:30:00,452.305,452.43,451.7602,452.37,4185483
2021-10-21 14:30:00,452.38,453.28,452.22,453.24,4013831
2021-10-21 15:30:00,453.24,453.829,452.2697,453.61,7757458
2021-10-22 09:30:00,453.13,454.67,452.91,454.65,8753459
2021-10-22 10:30:00,454.65,454.66,451.94,452.42,7578155
2021-10-22 11:30:00,452.43,453.6278,451.05,452.3399,9907611
2021-10-22 12:30:00,452.34,453.6278,451.9886,452.88,5637948
2021-10-22 13:30:00,452.87,453.6278,452.49,453.415,4280405
2021-10-22 14:30:00,453.42,454.08,452.7,452.965,6991027
2021-10-22 15:30:00,452.96,453.67,452.89,453.13,9028782
2021-10-25 09:30:00,454.28,454.31,452.38,453.92,9427670
2021-10-25 10:30:00,453.92,454.69,453.6142,454.63,5153177
2021-10-25 11:30:00,454.64,455.45,453.142,455.35,4481455
2021-10-25 12:30:00,455.35,455.91,455.0777,455.628,2913642
2021-10-25 13:30:00,455.62,455.78,453.142,455.76,3554154
2021-10-25 14:30:00,455.76,455.89,455.1,455.435,4183079
2021-10-25 15:30:00,455.43,455.51,453.142,455.49,9066880
2021-10-26 09:30:00,457.2,458.49,444.53,458.21,9939798
2021-10-26 10:30:00,458.21,458.4,455.2923,458.29,5885443
2021-10-26 11:30:00,458.29,458.4,455.2923,456.67,7205234
2021-10-26 12:30:00,456.67,456.86,455.2923,456.2601,7641712
2021-10-26 13:30:00,456.26,457.12,455.2923,456.82,5926747
2021-10-26 14:30:00,456.82,457.31,430.27,456.75,6225647
2021-10-26 15:30:00,456.75,457.43,455.2923,455.9801,8329583
2021-10-27 09:30:00,456.45,457.16,455.32,455.8501,10543436
2021-10-27 10:30:00,455.85,456.445,455.54,456.16,5893730
2021-10-27 11:30:00,456.16,456.5,455.66,456.32,4957050
2021-10-27 12:30:00,456.33,456.925,455.91,456.7899,3118101
2021-10-27 13:30:00,456.78,457.14,456.6,456.73,3629656
2021-10-27 14:30:00,456.74,456.8455,454.55,455.325,8207740
2021-10-27 15:30:00,455.325,456.141,453.86,453.9,13116213
2021-10-28 09:30:00,455.46,457.125,453.94,457.06,8876460
2021-10-28 10:30:00,457.07,457.976,453.8456,457.53,5874819
2021-10-28 11:30:00,457.53,457.96,456.86,457.305,4126363
2021-10-28 12:30:00,457.31,457.44,453.8456,457.05,3682811
2021-10-28 13:30:00,457.05,457.87,453.8456,457.78,7066128
2021-10-28 14:30:00,457.785,457.91,453.8456,457.24,4429915
2021-10-28 15:30:00,457.24,458.4,453.8456,458.26,9959822
2021-10-29 09:30:00,455.89,458.3496,434.69,456.74,11121425
2021-10-29 10:30:00,456.77,458.3496,456.48,458.07,7632613
2021-10-29 11:30:00,458.06,459.165,457.79,459.14,7816581
2021-10-29 12:30:00,459.135,459.1598,458.3496,458.85,4439900
2021-10-29 13:30:00,458.86,458.94,457.82,457.83,4966286
2021-10-29 14:30:00,457.84,458.6,457.58,457.905,8524470
2021-10-29 15:30:00,457.9,459.56,441.15,459.23,15573755
2021-11-01 09:30:00,460.3,460.705,458.2,459.04,13538374
2021-11-01 10:30:00,459.03,459.44,458.26,459.27,5841978
2021-11-01 11:30:00,459.23,459.73,459.01,459.675,3451054
2021-11-01 12:30:00,459.68,460.047619,450.22,459.25,3957010
2021-11-01 13:30:00,459.2501,462.32,458.21,458.63,3724793
2021-11-01 14:30:00,458.62,459.54,458.61,459.38,3669925
2021-11-01 15:30:00,459.37,460.23,459.2459,460.1,8261563
2021-11-02 09:30:00,460.21,461.43,460.0696,461.23,9478846
2021-11-02 10:30:00,461.22,461.82,460.04,461.79,6020475
2021-11-02 11:30:00,461.79,462.23,460.0696,461.69,5203554
2021-11-02 12:30:00,461.7,462.1,460.0696,461.55,3617687
2021-11-02 13:30:00,461.56,461.785,460.0696,461.455,5000200
2021-11-02 14:30:00,461.45,462.0,460.0696,461.8012,4620264
2021-11-02 15:30:00,461.805,462.0414,460.0696,461.87,8314631
2021-11-03 09:30:00,461.3,461.67,457.77,461.25,6884526
2021-11-03 10:30:00,461.25,461.56,461.08,461.185,3168563
2021-11-03 11:30:00,461.19,461.54,461.04,461.375,2195936
2021-11-03 12:30:00,461.38,461.51,461.07,461.291,1755534
2021-11-03 13:30:00,461.29,462.74,460.85,462.36,8598545
2021-11-03 14:30:00,462.363,464.44,461.7608,464.24,11094883
2021-11-03 15:30:00,464.24,465.15,461.7608,464.74,11303116
2021-11-04 09:30:00,465.36,467.06,464.8019,466.66,9439470
2021-11-04 10:30:00,466.66,467.0,464.8019,465.33,7275228
2021-11-04 11:30:00,465.33,466.49,464.72,465.95,5452130
2021-11-04 12:30:00,465.955,466.09,465.5,466.09,3494121
2021-11-04 13:30:00,466.08,466.405,464.8019,466.06,6397705
2021-11-04 14:30:00,466.06,466.29,464.8019,465.985,4923834
2021-11-04 15:30:00,465.99,466.91,464.8019,466.88,8916556
2021-11-05 09:30:00,469.28,470.65,469.0,469.97,12980046
2021-11-05 10:30:00,469.97,470.365,466.7885,469.6075,5333736
2021-11-05 11:30:00,469.6,470.06,466.7885,469.495,7350662
2021-11-05 12:30:00,469.4971,469.67,466.7885,466.93,6648537
2021-11-05 13:30:00,466.93,468.74,466.7885,468.645,7898997
2021-11-05 14:30:00,468.6399,468.81,466.7885,468.265,4878605
2021-11-05 15:30:00,468.26,469.16,466.7885,468.49,11315431
2021-11-08 09:30:00,469.7,470.23,468.5317,469.3813,8643649
2021-11-08 10:30:00,469.38,469.7,468.5317,469.24,4826369
2021-11-08 11:30:00,469.23,469.35,468.2031,468.605,3766845
2021-11-08 12:30:00,468.6,468.99,468.23,468.8499,4096521
2021-11-08 13:30:00,468.84,469.49,468.42,468.955,3299031
2021-11-08 14:30:00,468.96,469.48,468.5317,469.09,4786041
2021-11-08 15:30:00,469.08,469.3164,468.53,468.96,9900616
2021-11-09 09:30:00,469.32,469.575,466.15,467.2,14870096
2021-11-09 10:30:00,467.2,468.9814,466.31,466.685,6558876
2021-11-09 11:30:00,466.68,467.5,465.88,466.42,5655536
2021-11-09 12:30:00,466.41,468.9814,466.28,466.58,4472380
2021-11-09 13:30:00,466.59,468.9814,441.4,466.69,5822576
2021-11-09 14:30:00,466.68,468.9814,466.56,466.8,4032606
2021-11-09 15:30:00,466.81,468.9814,466.52,467.39,6253870
2021-11-10 09:30:00,465.58,467.38,434.495,466.93,8779839
2021-11-10 10:30:00,466.93,467.4444,466.65,466.72,5026098
2021-11-10 11:30:00,466.72,467.4444,466.0699,466.0699,4331051
2021-11-10 12:30:00,466.08,467.4444,434.695,465.06,8127577
2021-11-10 13:30:00,465.05,467.4444,462.78,462.7962,11577955
2021-11-10 14:30:00,462.79,467.4444,428.8699,463.82,13990302
2021-11-10 15:30:00,463.819,467.4444,463.01,463.65,12006537
2021-11-11 09:30:00,465.21,465.29,463.6052,464.2608,8148500
2021-11-11 10:30:00,464.26,469.64,434.495,464.435,5941958
2021-11-11 11:30:00,464.43,465.1,463.84,464.23,3552020
2021-11-11 12:30:00,464.23,464.71,463.9,464.28,2271507
2021-11-11 13:30:00,464.27,464.77,463.6052,464.44,2881147
2021-11-11 14:30:00,464.43,464.849,463.83,464.29,3231258
2021-11-11 15:30:00,464.28,464.45,463.6052,463.81,5926428
2021-11-12 09:30:00,465.13,469.65,463.8994,464.5,6988965
2021-11-12 10:30:00,464.505,467.0794,464.15,466.83,7032705
2021-11-12 11:30:00,466.83,467.37,463.8994,467.185,5077736
2021-11-12 12:30:00,467.19,467.19,466.38,466.6699,3597770
2021-11-12 13:30:00,466.67,467.0,463.8994,466.525,3937280
2021-11-12 14:30:00,466.53,467.29,463.8994,467.27,4898977
2021-11-12 15:30:00,467.275,467.87,463.8994,467.26,13426604
2021-11-15 09:30:00,468.64,468.81,467.54,467.74,8169601
2021-11-15 10:30:00,467.73,468.1618,467.2614,467.67,5414146
2021-11-15 11:30:00,467.67,468.0,466.23,466.59,6652149
2021-11-15 12:30:00,466.59,467.55,466.5,467.2398,4178186
2021-11-15 13:30:00,467.24,467.31,445.87,466.79,2900693
2021-11-15 14:30:00,466.79,467.4895,466.67,467.4092,5530942
2021-11-15 15:30:00,467.4,468.66,466.58,467.4,7353583
2021-11-16 09:30:00,467.16,469.08,467.07,468.095,7402559
2021-11-16 10:30:00,468.1,469.905,468.05,469.74,4507039
2021-11-16 11:30:00,469.75,469.9471,469.44,469.6501,4250397
2021-11-16 12:30:00,469.66,470.7,467.2816,470.07,4123564
2021-11-16 13:30:00,470.08,470.5,467.2816,470.115,4730900
2021-11-16 14:30:00,470.11,470.16,467.2816,469.69,5904094
2021-11-16 15:30:00,469.68,469.98,467.2816,469.24,11003638
2021-11-17 09:30:00,469.0,469.1748,467.471,468.0001,9063109
2021-11-17 10:30:00,468.01,469.1748,467.9324,468.41,5778670
2021-11-17 11:30:00,468.41,469.19,467.71,467.73,5321055
2021-11-17 12:30:00,467.74,469.98,467.655,468.42,4494146
2021-11-17 13:30:00,468.42,468.75,465.15,468.155,2818654
2021-11-17 14:30:00,468.16,468.62,467.96,468.39,3485443
2021-11-17 15:30:00,468.39,469.1748,467.01,468.12,9309920
2021-11-18 09:30:00,469.24,469.3,466.34,466.82,10583649
2021-11-18 10:30:00,466.81,468.15,466.78,467.98,6644248
2021-11-18 11:30:00,467.97,469.97,467.95,469.88,5139842
2021-11-18 12:30:00,469.87,469.94,467.9989,469.18,4683088
2021-11-18 13:30:00,469.17,469.49,467.9989,468.98,4300048
2021-11-18 14:30:00,468.97,469.8,467.9989,469.73,4657103
2021-11-18 15:30:00,469.74,470.01,467.9989,469.72,9419363
2022-01-20 09:30:00,453.75,457.01,453.51,456.46,17075601
2022-01-20 10:30:00,456.45,458.75,455.8,458.0,11723352
2022-01-20 11:30:00,457.99,458.22,456.78,457.485,6512301
2022-01-20 12:30:00,457.485,474.83,451.8017,455.68,6812753
2022-01-20 13:30:00,455.7,456.57,451.8017,454.36,10981713
2022-01-20 14:30:00,454.35,454.515121,450.26,450.7084,18452395
2022-01-20 15:30:00,450.7,451.8017,444.5,446.79,34533935
2022-01-21 09:30:00,445.56,446.8167,440.66,442.81,38691849
2022-01-21 10:30:00,442.81,448.06,442.36,447.47,37410691
2022-01-21 11:30:00,447.46,447.46,442.88,443.58,19254805
2022-01-21 12:30:00,443.57,446.8167,441.15,442.03,15525246
2022-01-21 13:30:00,442.03,446.8167,441.11,441.23,13009764
2022-01-21 14:30:00,441.23,446.8167,438.01,438.51,23918446
2022-01-21 15:30:00,438.51,446.8167,437.97,438.02,29327954
2022-01-24 09:30:00,432.03,438.3675,425.75,428.65,51782545
2022-01-24 10:30:00,428.64,438.3675,426.45,427.74,26197986
2022-01-24 11:30:00,427.75,438.3675,420.76,422.58,29689286
2022-01-24 12:30:00,422.56,438.3675,421.34,426.29,30462143
2022-01-24 13:30:00,426.3,438.3675,425.3,428.46,28290987
2022-01-24 14:30:00,428.49,438.3675,426.03,433.09,30821421
2022-01-24 15:30:00,433.06,440.39,428.93,439.89,37336858
2022-01-25 09:30:00,433.06,439.5845,427.15,432.49,38254572
2022-01-25 10:30:00,432.48,439.5845,364.68,432.17,21267091
2022-01-25 11:30:00,432.16,439.5845,429.23,432.3833,15336738
2022-01-25 12:30:00,432.39,439.5845,428.45,433.54,11811311
2022-01-25 13:30:00,433.53,439.5845,433.18,437.31,17783057
2022-01-25 14:30:00,437.33,439.73,431.09,435.49,17918935
2022-01-25 15:30:00,435.47,439.5845,433.44,434.48,26732953
2022-01-26 09:30:00,440.72,456.39,432.5741,439.18,24903099
2022-01-26 10:30:00,439.1799,441.085,437.52,440.64,16537396
2022-01-26 11:30:00,440.63,441.64,439.73,441.435,10148962
2022-01-26 12:30:00,441.44,442.12,411.2714,440.8,9039190
2022-01-26 13:30:00,440.79,444.04,434.2416,441.48,26059789
2022-01-26 14:30:00,441.48,442.13,428.86,432.96,56254519
2022-01-26 15:30:00,432.94,440.6571,430.0,433.46,32450824
2022-01-27 09:30:00,438.26,441.59,436.98,437.43,25595248
2022-01-27 10:30:00,437.4,440.38,435.88,437.65,17300099
2022-01-27 11:30:00,437.65,443.93,433.6197,435.23,14239920
2022-01-27 12:30:00,435.21,435.57,425.31,430.32,22265430
2022-01-27 13:30:00,430.33,434.4,430.05,430.86,20649424
2022-01-27 14:30:00,430.88,433.6197,429.45,431.59,21018229
2022-01-27 15:30:00,431.58,440.91,430.76,431.27,16741207
2022-01-28 09:30:00,432.7,433.15,427.81,430.69,28981131
2022-01-28 10:30:00,430.74,435.74,428.8,435.0,18724161
2022-01-28 11:30:00,435.0,437.555,434.24,435.52,16826643
2022-01-28 12:30:00,435.53,436.54,431.335,435.62,12009964
2022-01-28 13:30:00,435.62,437.47,431.335,432.61,14995725
2022-01-28 14:30:00,432.62,437.83,431.335,437.2301,20042896
2022-01-28 15:30:00,437.24,443.73,428.18,441.9,31195884
2022-01-31 09:30:00,441.24,445.8,427.91,444.37,29052484
2022-01-31 10:30:00,444.37,445.51,441.8353,444.175,13743406
2022-01-31 11:30:00,444.17,446.97,441.8353,446.32,12259347
2022-01-31 12:30:00,446.32,447.62,441.8353,446.9,10340050
2022-01-31 13:30:00,446.9,448.36,441.8353,448.34,11175819
2022-01-31 14:30:00,448.34,448.38,441.8353,447.22,19461936
2022-01-31 15:30:00,447.22,450.28,441.8353,449.79,32844198
2022-02-01 09:30:00,450.72,451.025,446.9384,448.78,30008043
2022-02-01 10:30:00,448.79,450.84,447.88,449.9,13338341
2022-02-01 11:30:00,449.895,451.03,448.98,450.07,11896496
2022-02-01 12:30:00,450.06,450.48,448.97,450.339,9095058
2022-02-01 13:30:00,450.33,450.89,449.5,450.15,9012536
2022-02-01 14:30:00,450.15,452.475,449.81,452.32,11923447
2022-02-01 15:30:00,452.32,453.63,450.1727,452.97,22094937
2022-02-02 09:30:00,455.5,456.4,453.265,454.16,18987654
2022-02-02 10:30:00,454.17,455.79,453.05,454.28,16047337
2022-02-02 11:30:00,454.28,456.02,453.16,455.12,10521080
2022-02-02 12:30:00,455.13,456.87,453.265,455.68,10039964
2022-02-02 13:30:00,455.68,456.84,453.265,456.245,11723979
2022-02-02 14:30:00,456.25,458.01,453.265,457.38,13292594
2022-02-02 15:30:00,457.4,458.12,453.265,457.3,19766571
2022-02-03 09:30:00,450.95,452.82,450.0,452.5149,24747183
2022-02-03 10:30:00,452.51,457.5525,451.1501,451.58,10641754
2022-02-03 11:30:00,451.58,457.5525,447.47,450.18,10519397
2022-02-03 12:30:00,450.17,457.5525,449.04,450.06,9289180
2022-02-03 13:30:00,450.055,457.5525,449.2614,449.5677,7159001
2022-02-03 14:30:00,449.55,457.5525,447.56,448.6118,14595098
2022-02-03 15:30:00,448.62,457.5525,445.71,446.65,22873905
2022-02-04 09:30:00,446.35,448.73,445.07,446.0701,19316583
2022-02-04 10:30:00,446.09,447.65,443.83,445.83,15450453
2022-02-04 11:30:00,445.83,453.71,445.6,447.46,11280601
2022-02-04 12:30:00,447.47,451.19,446.4726,449.75,11734060
2022-02-04 13:30:00,449.76,454.76,446.4726,450.01,11470802
2022-02-04 14:30:00,450.0155,452.78,446.3975,451.875,14046565
2022-02-04 15:30:00,451.88,452.56,446.4726,448.73,16147799
2022-02-07 09:30:00,449.51,450.42,448.2,449.8225,15293245
2022-02-07 10:30:00,449.82,450.86,448.65,449.19,11350245
2022-02-07 11:30:00,449.18,449.49,447.11,447.34,9724965
2022-02-07 12:30:00,447.355,449.14,446.765,448.99,7752292
2022-02-07 13:30:00,448.99,450.0821,448.59,450.0821,6464833
2022-02-07 14:30:00,450.08,450.9999,448.7826,449.0807,8808558
2022-02-07 15:30:00,449.1,449.6374,436.36,447.23,18483811
2022-02-08 09:30:00,446.73,447.47,445.22,446.31,13875694
2022-02-08 10:30:00,446.32,449.35,445.82,448.98,10400200
2022-02-08 11:30:00,449.0,450.47,447.1238,450.11,8026089
2022-02-08 12:30:00,450.1116,451.27,447.1238,449.85,7712445
2022-02-08 13:30:00,449.85,450.83,447.1238,448.92,6282746
2022-02-08 14:30:00,448.92,450.8,447.1238,450.18,11000972
2022-02-08 15:30:00,450.18,451.9775,447.1238,450.89,14570929
2022-02-09 09:30:00,455.22,456.37,450.9374,455.925,20102488
2022-02-09 10:30:00,455.93,457.03,450.9374,456.1901,10901984
2022-02-09 11:30:00,456.18,456.53,450.9374,456.1,7123251
2022-02-09 12:30:00,456.11,456.87,450.9374,456.5402,5447366
2022-02-09 13:30:00,456.5424,457.43,450.9374,457.365,6675400
2022-02-09 14:30:00,457.37,457.59,450.9374,457.0101,11596037
2022-02-09 15:30:00,457.018,457.88,450.9374,457.5,18489370
2022-02-10 09:30:00,451.34,457.5303,451.29,455.97,27129283
2022-02-10 10:30:00,455.98,457.71,454.503277,455.16,16726431
2022-02-10 11:30:00,455.14,457.5303,454.26,456.17,8718811
2022-02-10 12:30:00,456.16,457.5303,451.49,451.51,19828945
2022-02-10 13:30:00,451.505,457.54,449.44,450.72,16325681
2022-02-10 14:30:00,450.73,457.5303,449.12,449.82,12897971
2022-02-10 15:30:00,449.81,457.5303,447.2,449.38,20936282
2022-02-11 09:30:00,449.41,451.61,448.28,449.7018,18815180
2022-02-11 10:30:00,449.72,450.58,447.75,448.1497,10556969
2022-02-11 11:30:00,448.15,449.2672,446.82,447.92,10193724
2022-02-11 12:30:00,447.93,449.2672,445.68,445.68,8524832
2022-02-11 13:30:00,445.68,449.2672,440.48,441.2268,39368187
2022-02-11 14:30:00,441.221,449.2672,439.43,441.08,26083212
2022-02-11 15:30:00,441.09,449.2672,438.94,440.51,23007689
2022-02-14 09:30:00,439.92,441.47,437.651,438.94,21636361
2022-02-14 10:30:00,438.93,440.7866,437.36,439.78,13696943
2022-02-14 11:30:00,439.79,440.97,438.86,440.93,10361878
2022-02-14 12:30:00,440.9425,441.61,425.163,439.95,8097489
2022-02-14 13:30:00,439.945,440.7866,434.42,437.5,21716809
2022-02-14 14:30:00,437.48,440.7866,436.1934,438.51,16938727
2022-02-14 15:30:00,438.505,440.7866,438.28,439.05,16812828
2022-02-15 09:30:00,443.73,445.7899,443.4402,444.96,16505847
2022-02-15 10:30:00,444.97,445.99,444.61,444.98,10139631
2022-02-15 11:30:00,444.99,445.91,443.84,444.35,7268691
2022-02-15 12:30:00,444.36,445.49,443.18,445.38,6774144
2022-02-15 13:30:00,445.38,445.89,439.1457,445.34,6956704
2022-02-15 14:30:00,445.34,445.97,439.0954,445.59,7683494
2022-02-15 15:30:00,445.6,446.285,439.1457,446.07,22599532
2022-02-16 09:30:00,443.93,446.1198,442.25,443.29,15041703
2022-02-16 10:30:00,443.29,446.1198,442.76,443.67,8011153
2022-02-16 11:30:00,443.66,446.1198,442.32,443.305,5624474
2022-02-16 12:30:00,443.3,446.1198,441.94,443.07,5928872
2022-02-16 13:30:00,443.08,446.3,442.02,446.175,13813143
2022-02-16 14:30:00,446.18,447.68,445.28,447.41,13724411
2022-02-16 15:30:00,447.415,448.055,446.1198,446.63,12118772
2022-02-17 09:30:00,443.22,446.5652,439.88,440.02,18735025
2022-02-17 10:30:00,440.03,446.5652,439.8,441.48,11780798
2022-02-17 11:30:00,441.47,446.5652,440.71,441.41,8683064
2022-02-17 12:30:00,441.41,446.5652,440.2,440.47,6246673
2022-02-17 13:30:00,440.46,446.5652,439.01,439.17,7396420
2022-02-17 14:30:00,439.17,446.5652,436.91,437.65,12889134
2022-02-17 15:30:00,437.65,446.5652,436.42,437.12,23068386
2022-02-22 09:30:00,431.89,435.48,430.42,435.43,20284221
2022-02-22 10:30:00,435.43,435.51,430.93,431.36,12084777
2022-02-22 11:30:00,431.37,434.0557,430.26,430.455,9133386
2022-02-22 12:30:00,430.45,434.0615,428.23,428.81,9158203
2022-02-22 13:30:00,428.8,434.23,425.85,428.18,15800767
2022-02-22 14:30:00,428.17,434.0615,427.1439,431.6466,21143712
2022-02-22 15:30:00,431.65,434.0615,428.05,429.65,21082863
2022-02-23 09:30:00,432.67,433.26,428.11,428.37,18586402
2022-02-23 10:30:00,428.36,429.7933,426.59,427.11,12985313
2022-02-23 11:30:00,427.12,431.67,426.7,430.09,12175737
2022-02-23 12:30:00,430.11,430.26,425.57,425.72,12043427
2022-02-23 13:30:00,425.73,429.6665,424.14,424.395,12997076
2022-02-23 14:30:00,424.41,429.6665,422.18,423.67,17061617
2022-02-23 15:30:00,423.64,429.6665,421.35,421.97,28580793
2022-02-24 09:30:00,411.04,421.8027,410.64,415.43,45437897
2022-02-24 10:30:00,415.44,421.8027,414.415,417.72,27898603
2022-02-24 11:30:00,417.7,431.89,415.34,416.4699,19562867
2022-02-24 12:30:00,416.48,421.8027,415.4,416.53,15173471
2022-02-24 13:30:00,416.54,421.95,416.43,420.7023,25302022
2022-02-24 14:30:00,420.7,429.57,420.6,423.74,31027362
2022-02-24 15:30:00,423.74,428.76,421.8027,428.31,27947201
2022-02-25 09:30:00,429.61,432.2694,427.86,431.89,21213924
2022-02-25 10:30:00,431.87,435.79,428.1404,435.225,16860381
2022-02-25 11:30:00,435.24,438.99,434.53,436.645,12545411
2022-02-25 12:30:00,436.65,437.3,428.1404,436.58,14261134
2022-02-25 13:30:00,436.56,437.73,428.1404,437.04,12491671
2022-02-25 14:30:00,437.03,438.1322,428.1404,436.6199,13000955
2022-02-25 15:30:00,436.61,437.84,428.1404,437.68,19325274
2022-02-28 09:30:00,432.02,437.7506,431.820512,432.92,29097677
2022-02-28 10:30:00,432.93,437.9,432.84,437.65,18660997
2022-02-28 11:30:00,437.66,438.2,434.2001,434.69,14060646
2022-02-28 12:30:00,434.699,437.7506,432.66,433.8101,12362367
2022-02-28 13:30:00,433.82,437.7506,430.715,431.25,16270929
2022-02-28 14:30:00,431.2408,437.7506,430.7,433.55,14371522
2022-02-28 15:30:00,433.56,437.7506,431.61,436.67,22837437
2022-03-01 09:30:00,435.04,437.17,433.41,434.7728,20076145
2022-03-01 10:30:00,434.401082,436.6943,432.31,432.9603,16397717
2022-03-01 11:30:00,432.98,436.6943,428.5,430.43,19674752
2022-03-01 12:30:00,430.44,436.6943,428.27,428.3299,14333637
2022-03-01 13:30:00,428.31,436.6943,427.92,430.36,13424283
2022-03-01 14:30:00,430.38,436.6943,429.36,429.4608,16303585
2022-03-01 15:30:00,429.47,436.6943,427.1,430.01,25039265
2022-03-02 09:30:00,432.41,435.08,429.9631,434.36,22114202
2022-03-02 10:30:00,434.34,437.53,429.9631,436.75,21001538
2022-03-02 11:30:00,436.73,438.3,436.2406,437.475,13576196
2022-03-02 12:30:00,437.48,439.085,437.1105,438.5,9792017
2022-03-02 13:30:00,438.5,439.46,429.9631,438.39,9747513
2022-03-02 14:30:00,438.385,439.24,429.9631,438.6901,11889595
2022-03-02 15:30:00,438.7,439.72,429.9631,437.83,19529726
2022-03-03 09:30:00,440.47,441.12,437.1,437.72,17868391
2022-03-03 10:30:00,437.74,438.13,433.84,435.815,14938328
2022-03-03 11:30:00,435.81,438.0176,435.07,435.5971,11692490
2022-03-03 12:30:00,435.59,439.26,435.43,438.89,14167692
2022-03-03 13:30:00,438.87,439.27,437.34,438.7,7662325
2022-03-03 14:30:00,438.7,438.715,434.76,436.438,11933444
2022-03-03 15:30:00,436.425,438.0176,433.8,435.72,15688391
2022-03-04 09:30:00,431.75,435.7455,428.71,429.8,23270449
2022-03-04 10:30:00,429.8,435.7455,427.87,428.955,14780260
2022-03-04 11:30:00,428.97,435.7455,428.0,431.47,14010633
2022-03-04 12:30:00,431.47,435.7455,430.51,431.81,10712997
2022-03-04 13:30:00,431.81,435.7455,429.68,431.22,12576380
2022-03-04 14:30:00,431.2,432.35,429.2,430.71,11747418
2022-03-04 15:30:00,430.71,435.7455,429.59,432.24,17686473
2022-03-07 09:30:00,431.55,431.84,426.02,426.06,20397197
2022-03-07 10:30:00,426.08,432.3018,425.05,426.3956,13758444
2022-03-07 11:30:00,426.36,432.3018,422.2,423.0046,14782430
2022-03-07 12:30:00,423.01,432.3018,422.04,422.92,15336069
2022-03-07 13:30:00,422.91,432.3018,422.03,422.79,11385018
2022-03-07 14:30:00,422.8,432.3018,414.4407,421.5899,16910872
2022-03-07 15:30:00,421.57,432.3018,419.36,419.46,25825857
2022-03-08 09:30:00,419.7,423.08,415.76,416.37,26558282
2022-03-08 10:30:00,416.36,419.78,415.38,416.7,18030942
2022-03-08 11:30:00,416.6801,424.59,415.1,423.8218,21699458
2022-03-08 12:30:00,423.79,427.21,419.5805,423.76,19292905
2022-03-08 13:30:00,423.77,436.66,417.81,420.82,23608019
2022-03-08 14:30:00,420.83,424.37,418.94,419.07,16482759
2022-03-08 15:30:00,419.07,420.74,416.25,416.3,22169007
2022-03-09 09:30:00,425.14,426.37,422.82,425.73,23916893
2022-03-09 10:30:00,425.75,426.95,416.6184,425.39,13472065
2022-03-09 11:30:00,425.4,428.56,416.6184,427.54,13697616
2022-03-09 12:30:00,427.555,428.75,416.25,428.3,8007565
2022-03-09 13:30:00,428.31,428.35,426.29,427.21,7635617
2022-03-09 14:30:00,427.22,429.08,416.6184,428.76,10221571
2022-03-09 15:30:00,428.77,429.52,416.6184,427.41,21358938
2022-03-10 09:30:00,422.52,427.3359,422.035,423.18,22558859
2022-03-10 10:30:00,423.17,427.3359,420.5,420.7799,11498235
2022-03-10 11:30:00,420.77,427.3359,420.44,422.88,9861187
2022-03-10 12:30:00,422.86,427.41,421.1,422.39,7054312
2022-03-10 13:30:00,422.39,427.3359,422.09,424.8,10004335
2022-03-10 14:30:00,424.81,427.3359,424.08,424.91,10902800
2022-03-10 15:30:00,424.9,426.43,424.16,425.48,12640848
2022-03-11 09:30:00,428.12,428.77,424.84,425.66,18059641
2022-03-11 10:30:00,425.67,428.72,424.94,425.23,10784816
2022-03-11 11:30:00,425.23,425.5277,423.38,423.46,9603485
2022-03-11 12:30:00,423.45,425.5277,423.0,425.0,7492779
2022-03-11 13:30:00,424.99,425.5277,423.35,424.67,7546122
2022-03-11 14:30:00,424.675,431.69,421.95,421.95,10443289
2022-03-11 15:30:00,421.95,425.5277,419.53,420.08,17961034
2022-03-14 09:30:00,420.89,426.75,419.11,422.788,18065924
2022-03-14 10:30:00,422.79,424.55,420.1168,422.27,11182488
2022-03-14 11:30:00,422.28,422.47,418.69,419.81,10523034
2022-03-14 12:30:00,419.805,420.74,417.3,417.42,10458922
2022-03-14 13:30:00,417.4201,420.1168,415.79,415.9017,10489293
2022-03-14 14:30:00,415.91,420.1168,415.81,417.17,11573595
2022-03-14 15:30:00,417.17,420.1168,416.0,417.06,15120014
2022-03-15 09:30:00,419.77,421.8,417.021,421.74,19201239
2022-03-15 10:30:00,421.73,423.21,417.021,423.16,10443755
2022-03-15 11:30:00,423.16,424.44,421.56,424.05,12943919
2022-03-15 12:30:00,424.07,424.41,417.0,422.11,8249418
2022-03-15 13:30:00,422.1,423.8667,417.0,422.08,9126688
2022-03-15 14:30:00,422.08,426.05,417.021,425.77,13657767
2022-03-15 15:30:00,425.78,426.84,417.021,426.14,20819993
2022-03-16 09:30:00,429.91,435.87,425.932,433.45,24818438
2022-03-16 10:30:00,433.46,436.08,425.932,432.8628,14094796
2022-03-16 11:30:00,432.86,433.58,425.932,432.971,6999491
2022-03-16 12:30:00,432.9701,433.12,425.932,430.6327,9347096
2022-03-16 13:30:00,430.63,431.59,425.932,426.4,20727545
2022-03-16 14:30:00,426.38,433.29,424.79,432.975,29245939
2022-03-16 15:30:00,432.99,435.68,425.932,435.61,22380508
2022-04-14 09:30:00,443.55,444.74,440.51,441.31,18022608
2022-04-14 10:30:00,441.32,443.3066,440.83,442.04,10798653
2022-04-14 11:30:00,442.05,442.22,439.97,440.0901,6475247
2022-04-14 12:30:00,440.09,443.31,439.47,439.99,8076663
2022-04-14 13:30:00,439.99,443.31,439.9,440.9192,7016860
2022-04-14 14:30:00,440.92,443.8616,433.435,439.255,11605200
2022-04-14 15:30:00,439.26,443.3066,437.66,437.87,16593235
2022-04-18 09:30:00,436.81,441.49,436.73,438.76,13156628
2022-04-18 10:30:00,438.75,443.31,437.01,437.32,5758934
2022-04-18 11:30:00,437.33,437.41,435.79,435.9194,5668995
2022-04-18 12:30:00,435.92,438.04,435.61,437.28,4698799
2022-04-18 13:30:00,437.27,439.75,437.2,438.94,8178414
2022-04-18 14:30:00,438.935,439.54,437.02,437.08,6741242
2022-04-18 15:30:00,437.075,438.01,435.63,437.99,10761971
2022-04-19 09:30:00,437.83,442.88,437.68,442.725,14996947
2022-04-19 10:30:00,442.718,445.59,441.8048,443.72,9131815
2022-04-19 11:30:00,443.72,444.28,443.27,443.5699,5880814
2022-04-19 12:30:00,443.57,444.0,437.8419,442.695,4985322
2022-04-19 13:30:00,442.7,444.97,442.44,442.99,5610644
2022-04-19 14:30:00,442.99,445.35,437.8419,445.125,8434875
2022-04-19 15:30:00,445.13,445.82,437.8419,445.01,17043953
2022-04-20 09:30:00,446.91,447.57,444.37,445.81,14960614
2022-04-20 10:30:00,445.8201,447.5,444.874,445.59,8648258
2022-04-20 11:30:00,445.6,446.56,444.79,445.06,5991781
2022-04-20 12:30:00,445.05,446.93,444.95,446.155,6095981
2022-04-20 13:30:00,446.15,447.2,445.04,445.39,5004465
2022-04-20 14:30:00,445.4,445.89,443.48,445.47,9080593
2022-04-20 15:30:00,445.475,446.39,444.42,444.68,9532215
2022-04-21 09:30:00,448.54,451.11,444.6328,448.7,12728444
2022-04-21 10:30:00,448.73,448.99,444.6328,446.6989,7798207
2022-04-21 11:30:00,446.67,447.17,443.49,443.635,8774858
2022-04-21 12:30:00,443.64,444.6328,441.35,443.265,10362873
2022-04-21 13:30:00,443.26,444.71,440.34,440.71,10123497
2022-04-21 14:30:00,440.705,444.6328,437.865,439.48,13230003
2022-04-21 15:30:00,439.47,444.6328,437.1,438.04,14944280
2022-04-22 09:30:00,436.9,438.0825,432.76,432.93,19010072
2022-04-22 10:30:00,432.93,438.0825,431.93,432.7199,11628928
2022-04-22 11:30:00,432.7,438.0825,429.87,430.9091,11386754
2022-04-22 12:30:00,430.88,438.0825,429.5305,430.0796,7787370
2022-04-22 13:30:00,430.0723,438.06,428.32,428.9,10352620
2022-04-22 14:30:00,428.89,438.0825,426.71,428.5599,15919747
2022-04-22 15:30:00,428.54,431.83,425.44,426.09,28474163
2022-04-25 09:30:00,423.66,425.943,419.99,422.69,22606833
2022-04-25 10:30:00,422.66,425.943,419.95,420.78,15260018
2022-04-25 11:30:00,420.77,425.943,418.83,421.695,14013158
2022-04-25 12:30:00,421.71,424.02,420.98,423.01,10148732
2022-04-25 13:30:00,423.03,425.63,420.65,425.55,11426308
2022-04-25 14:30:00,425.54,427.43,422.3,427.195,16957993
2022-04-25 15:30:00,427.18,428.69,423.7,428.49,16920501
2022-04-26 09:30:00,425.82,426.04,421.43,422.48,17845480
2022-04-26 10:30:00,422.48,444.11,420.17,420.835,12525541
2022-04-26 11:30:00,420.83,422.2801,419.41,421.99,10656138
2022-04-26 12:30:00,421.99,422.33,419.0,419.18,8269354
2022-04-26 13:30:00,419.17,428.51,418.74,420.58,9805945
2022-04-26 14:30:00,420.54,428.51,417.61,417.96,12447759
2022-04-26 15:30:00,417.95,428.3715,414.5,416.11,19976822
2022-04-27 09:30:00,417.24,422.02,415.805,415.94,25427381
2022-04-27 10:30:00,415.94,420.0299,415.01,419.81,16870309
2022-04-27 11:30:00,419.82,422.245,416.3272,422.129,11661265
2022-04-27 12:30:00,422.12,422.92,416.3272,421.53,13720257
2022-04-27 13:30:00,421.53,439.65,416.1,420.375,6675418
2022-04-27 14:30:00,420.38,421.56,416.3272,418.27,14029891
2022-04-27 15:30:00,418.27,419.375,416.1,417.26,17515791
2022-04-28 09:30:00,422.29,423.08,418.41,418.4832,16994408
2022-04-28 10:30:00,418.46,421.32,417.2223,420.76,11645759
2022-04-28 11:30:00,420.77,423.22,417.2223,423.2199,7993755
2022-04-28 12:30:00,423.21,427.3,417.2223,426.87,13538935
2022-04-28 13:30:00,426.87,427.68,417.2223,427.5301,10683388
2022-04-28 14:30:00,427.55,429.89,417.2223,428.77,13368362
2022-04-28 15:30:00,428.78,429.0594,417.2223,427.79,20272526
2022-04-29 09:30:00,423.59,425.8794,420.9758,421.19,16663850
2022-04-29 10:30:00,421.19,427.5687,419.6,420.92,14163852
2022-04-29 11:30:00,420.91,427.81,418.64,418.83,11039378
2022-04-29 12:30:00,418.81,427.5687,417.21,418.6465,10703974
2022-04-29 13:30:00,418.64,427.81,416.52,416.72,11728453
2022-04-29 14:30:00,416.71,418.01,413.9,414.07,17334293
2022-04-29 15:30:00,414.06,435.52,411.2,412.05,35867557
2022-05-02 09:30:00,412.07,414.9513,409.24,414.45,26070468
2022-05-02 10:30:00,414.44,415.92,410.0,410.58,19372033
2022-05-02 11:30:00,410.59,412.57,409.77,411.51,15943490
2022-05-02 12:30:00,411.5,412.27,408.02,408.67,13279372
2022-05-02 13:30:00,408.67,412.0696,405.75,406.2872,18392323
2022-05-02 14:30:00,406.27,412.55,405.02,411.9,27966488
2022-05-02 15:30:00,411.91,414.66,411.5261,414.5,26368180
2022-05-03 09:30:00,415.01,416.75,413.36,415.72,22673668
2022-05-03 10:30:00,415.75,418.56,413.9,417.95,14498564
2022-05-03 11:30:00,417.96,418.94,414.4061,416.64,10492929
2022-05-03 12:30:00,416.63,418.71,416.01,417.67,7593994
2022-05-03 13:30:00,417.68,439.65,414.48,414.9079,8791860
2022-05-03 14:30:00,414.99,417.98,414.115,416.66,13193074
2022-05-03 15:30:00,416.65,417.34,414.4061,416.42,13626606
2022-05-04 09:30:00,417.07,417.42,414.32,415.33,14268504
2022-05-04 10:30:00,415.33,416.82,414.02,414.3399,8577395
2022-05-04 11:30:00,414.34,417.15,413.705,416.99,9278274
2022-05-04 12:30:00,416.98,418.48,415.7599,417.35,8708679
2022-05-04 13:30:00,417.34,420.15,406.7,418.865,19304430
2022-05-04 14:30:00,418.85,427.09,414.12,427.0274,42482766
2022-05-04 15:30:00,427.03,429.66,416.4111,428.99,29027203
2022-05-05 09:30:00,424.52,425.0,417.75,418.1,29508244
2022-05-05 10:30:00,418.095,428.8811,413.62,414.74,23965486
2022-05-05 11:30:00,414.71,429.06,411.0,414.0501,22145765
2022-05-05 12:30:00,414.03,428.8811,412.06,414.9,14344280
2022-05-05 13:30:00,414.88,428.8811,411.92,411.9773,12394946
2022-05-05 14:30:00,411.96,428.8811,409.73,410.05,20871362
2022-05-05 15:30:00,410.04,428.8811,409.44,413.92,33991691
2022-05-06 09:30:00,411.1,445.04,405.73,409.46,35001391
2022-05-06 10:30:00,409.49,414.8,405.935,413.73,18478849
2022-05-06 11:30:00,413.76,414.0566,409.53,411.839,14114244
2022-05-06 12:30:00,411.85,414.36,410.84,412.07,12406856
2022-05-06 13:30:00,412.06,413.81,408.32,408.74,13763645
2022-05-06 14:30:00,408.73,413.6634,407.36,408.61,16859999
2022-05-06 15:30:00,408.63,413.6634,408.259554,411.38,22443636
2022-05-09 09:30:00,405.1,411.3491,402.26,402.47,26096951
2022-05-09 10:30:00,402.45,411.3491,399.9,400.125,21162669
2022-05-09 11:30:00,400.11,411.3491,399.34,403.2,16997266
2022-05-09 12:30:00,403.19,411.3491,400.101,401.57,11464511
2022-05-09 13:30:00,401.58,411.3491,399.4001,409.88,13650730
2022-05-09 14:30:00,400.09,411.3491,399.1,399.6984,19359502
2022-05-09 15:30:00,399.68,411.3491,396.5,398.24,28241770
2022-05-10 09:30:00,404.49,406.08,398.17,402.455,21452237
2022-05-10 10:30:00,402.51,402.79,395.9,397.375,21117070
2022-05-10 11:30:00,397.37,400.0,395.77,396.39,15467120
2022-05-10 12:30:00,396.39,399.03,394.82,398.4901,14325317
2022-05-10 13:30:00,398.49,403.26,396.1,400.7052,16963028
2022-05-10 14:30:00,400.71,402.78,398.17,399.79,14607584
2022-05-10 15:30:00,399.8,399.8,398.08,399.07,18233274
2022-05-11 09:30:00,398.05,403.42,395.22,402.6604,29783307
2022-05-11 10:30:00,402.66,404.04,399.56,401.91,13544417
2022-05-11 11:30:00,401.92,403.8,398.7,398.8579,11174091
2022-05-11 12:30:00,398.84,400.0,395.46,395.61,14687066
2022-05-11 13:30:00,395.6,399.181,393.25,395.9915,17439071
2022-05-11 14:30:00,395.99,399.181,393.93,394.71,16324651
2022-05-11 15:30:00,394.69,399.181,391.95,392.77,20285194
2022-05-12 09:30:00,389.37,394.0,386.77,391.9898,29399482
2022-05-12 10:30:00,392.04,395.8,390.51,392.99,14450625
2022-05-12 11:30:00,393.01,399.09,386.76,390.5099,14557551
2022-05-12 12:30:00,390.51,392.36,388.65,389.34,9176718
2022-05-12 13:30:00,389.3599,392.7576,385.44,386.96,11485792
2022-05-12 14:30:00,386.94,392.7576,385.15,388.17,19393275
2022-05-12 15:30:00,388.13,392.7576,388.075,392.41,18893517
2022-05-13 09:30:00,396.71,401.53,392.2909,400.98,22581258
2022-05-13 10:30:00,400.97,401.63,392.34,401.5503,11523721
2022-05-13 11:30:00,401.56,403.18,396.75,402.2489,8993848
2022-05-13 12:30:00,402.24,402.9741,392.2909,400.871,10626530
2022-05-13 13:30:00,400.89,402.6,392.2909,398.13,12764919
2022-05-13 14:30:00,398.13,402.42,392.2909,402.37,11097055
2022-05-13 15:30:00,402.36,402.55,392.2909,401.69,15879527
2022-05-16 09:30:00,399.97,401.805,397.59,401.59,15774057
2022-05-16 10:30:00,401.59,401.75,397.96,399.11,9247337
2022-05-16 11:30:00,399.12,402.079,398.32,400.3523,7750816
2022-05-16 12:30:00,400.36,402.31,399.34,402.19,6617151
2022-05-16 13:30:00,402.17,403.63,400.6,403.5532,8011684
2022-05-16 14:30:00,403.56,403.97,400.62,401.011,10778281
2022-05-16 15:30:00,401.0,401.6562,399.32,400.23,12370296
2022-05-17 09:30:00,406.53,406.63,404.11,404.23,13301549
2022-05-17 10:30:00,404.22,405.37,400.0955,405.1927,9271734
2022-05-17 11:30:00,405.2,406.18,400.0955,405.8792,6368471
2022-05-17 12:30:00,405.86,407.16,400.09,406.46,7061766
2022-05-17 13:30:00,406.463,407.5,400.09,404.74,12291344
2022-05-17 14:30:00,404.73,408.57,400.0955,408.11,12679106
2022-05-17 15:30:00,408.1,408.38,400.0955,408.27,13673941
2022-05-18 09:30:00,403.5,403.8,400.44,400.46,12189736
2022-05-18 10:30:00,400.45,408.2426,396.09,397.0341,11682618
2022-05-18 11:30:00,397.04,408.2426,395.22,395.63,11760625
2022-05-18 12:30:00,395.64,397.16,393.941,394.35,11197777
2022-05-18 13:30:00,394.36,408.2426,392.33,393.7189,13428052
2022-05-18 14:30:00,393.7,408.2426,390.7,390.86,14559601
2022-05-18 15:30:00,390.86,408.2426,390.55,391.93,25418054
2022-05-19 09:30:00,388.56,408.2426,387.1,389.62,20174713
2022-05-19 10:30:00,389.63,391.8269,387.86,389.58,12005383
2022-05-19 11:30:00,389.59,393.34,389.59,391.7,11040711
2022-05-19 12:30:00,391.71,391.92,388.33,389.6299,9560346
2022-05-19 13:30:00,389.65,392.25,388.471,390.8845,9557706
2022-05-19 14:30:00,390.8828,394.14,389.77,389.8399,14173494
2022-05-19 15:30:00,389.85,391.79,380.7727,389.45,12039697
2022-05-20 09:30:00,393.25,397.03,389.5486,391.06,14076101
2022-05-20 10:30:00,391.08,393.2498,385.48,386.57,17022571
2022-05-20 11:30:00,386.56,389.5486,383.56,384.44,12650354
2022-05-20 12:30:00,384.445,389.5486,380.44,380.66,15723230
2022-05-20 13:30:00,380.67,389.5486,380.54,382.39,13800108
2022-05-20 14:30:00,382.4,389.5486,381.37,385.27,14469261
2022-05-20 15:30:00,385.25,389.95,382.6061,389.6,26159096
2022-05-23 09:30:00,392.83,394.44,390.38,394.0,16469359
2022-05-23 10:30:00,394.0115,396.13,392.72,395.8969,11061130
2022-05-23 11:30:00,395.9,397.61,395.68764,396.5399,7963572
2022-05-23 12:30:00,396.52,396.94,389.6505,395.12,7642441
2022-05-23 13:30:00,395.115,397.33,389.63,396.84,6506908
2022-05-23 14:30:00,396.86,397.73,395.59,396.11,7904602
2022-05-23 15:30:00,396.1112,397.07,389.6505,396.93,10500017
2022-05-24 09:30:00,392.56,396.8693,387.43,389.0,16510494
2022-05-24 10:30:00,389.0,396.8694,386.96,388.605,11083160
2022-05-24 11:30:00,388.6,396.8693,387.95,390.78,10688686
2022-05-24 12:30:00,390.78,392.0,388.76,389.99,7033186
2022-05-24 13:30:00,390.0,396.92,389.17,391.92,9235114
2022-05-24 14:30:00,391.9199,396.8693,389.49,392.76,10550185
2022-05-24 15:30:00,392.73,396.8693,392.0545,394.0,16529468
2022-07-14 09:30:00,373.66,379.0498,369.19,371.97,19018587
2022-07-14 10:30:00,371.98,379.0498,371.36,374.19,12681351
2022-07-14 11:30:00,374.19,383.48,373.42,374.21,9111047
2022-07-14 12:30:00,374.22,379.0498,373.14,375.105,6842216
2022-07-14 13:30:00,375.11,379.0498,373.76,377.7,9269064
2022-07-14 14:30:00,377.695,379.0498,377.02,378.4907,9137180
2022-07-14 15:30:00,378.5,379.0498,376.69,377.96,9788461
2022-07-15 09:30:00,382.55,384.31,377.9108,384.19,24363133
2022-07-15 10:30:00,384.2,384.85,377.9108,384.4308,10756036
2022-07-15 11:30:00,384.42,384.85,377.91,383.84,5341605
2022-07-15 12:30:00,383.84,384.62,377.9108,384.62,5216275
2022-07-15 13:30:00,384.6024,384.78,377.91,384.2685,5338265
2022-07-15 14:30:00,384.265,384.78,377.9108,384.145,5837360
2022-07-15 15:30:00,384.155,385.25,377.9108,385.1,11031712
2022-07-18 09:30:00,388.38,389.09,387.2,387.755,10876025
2022-07-18 10:30:00,387.76,388.27,385.1603,387.63,5136381
2022-07-18 11:30:00,387.64,388.46,385.1603,387.8799,5680232
2022-07-18 12:30:00,387.8699,388.129,385.1603,387.0901,5018831
2022-07-18 13:30:00,387.09,387.13,383.93,384.0,8357897
2022-07-18 14:30:00,384.01,385.13,382.66,382.7,8148033
2022-07-18 15:30:00,382.71,383.1157,380.66,381.99,10354031
2022-07-19 09:30:00,386.08,388.19,381.9562,388.04,13742748
2022-07-19 10:30:00,388.0401,389.55,381.9562,389.32,8392146
2022-07-19 11:30:00,389.32,389.91,381.95,389.7516,5792201
2022-07-19 12:30:00,389.77,391.14,389.73,390.12,5156174
2022-07-19 13:30:00,390.12,392.34,390.05,391.42,8479571
2022-07-19 14:30:00,391.4124,392.16,381.9562,391.97,8294186
2022-07-19 15:30:00,391.96,392.87,381.9562,392.25,16917138
2022-07-20 09:30:00,392.41,393.56,391.03,393.52,10636384
2022-07-20 10:30:00,393.5001,395.97,393.41,395.16,9764684
2022-07-20 11:30:00,395.17,396.26,392.27,395.45,6384971
2022-07-20 12:30:00,395.45,395.98,392.45,393.88,10947007
2022-07-20 13:30:00,393.89,394.69,392.27,394.54,6421330
2022-07-20 14:30:00,394.54,395.77,392.5066,395.7301,7594436
2022-07-20 15:30:00,395.74,395.83,392.5066,394.79,9542780
2022-07-21 09:30:00,394.16,395.76,391.63,392.07,12031329
2022-07-21 10:30:00,392.09,394.98,391.85,394.81,7285847
2022-07-21 11:30:00,394.82,397.43,393.56,397.35,6535872
2022-07-21 12:30:00,397.35,398.53,396.25,396.575,4938952
2022-07-21 13:30:00,396.58,397.405,394.77,397.26,6143393
2022-07-21 14:30:00,397.26,397.97,394.77,397.53,6057524
2022-07-21 15:30:00,397.53,398.84,394.8533,398.8,12721437
2022-07-22 09:30:00,398.92,400.19,397.21,398.52,13968194
2022-07-22 10:30:00,398.5,399.26,396.69,396.7175,6165298
2022-07-22 11:30:00,396.72,398.7463,394.93,395.55,7755884
2022-07-22 12:30:00,395.55,396.33,393.94,394.23,5792852
2022-07-22 13:30:00,394.22,398.79,392.75,393.3496,6972966
2022-07-22 14:30:00,393.35,398.79,390.73,394.87,8709073
2022-07-22 15:30:00,394.87,398.7463,393.68,395.12,11251483
2022-07-25 09:30:00,395.75,396.05,393.74,394.6,9439639
2022-07-25 10:30:00,394.605,396.47,393.8606,395.64,6155370
2022-07-25 11:30:00,395.64,396.46,394.7082,395.31,5467610
2022-07-25 12:30:00,395.29,396.47,394.9919,395.42,4682374
2022-07-25 13:30:00,395.41,396.95,394.04,394.255,5351953
2022-07-25 14:30:00,394.26,395.3399,393.21,393.58,6171091
2022-07-25 15:30:00,393.59,395.75,393.46,395.55,7347188
2022-07-26 09:30:00,393.84,394.0699,392.29,392.54,9500272
2022-07-26 10:30:00,392.53,393.1,390.78,391.36,5729961
2022-07-26 11:30:00,391.36,395.549,390.41,391.235,6564434
2022-07-26 12:30:00,391.25,395.549,390.55,392.1883,5519995
2022-07-26 13:30:00,392.19,395.57,390.53,390.5877,4400229
2022-07-26 14:30:00,390.58,395.549,389.95,390.7799,6145759
2022-07-26 15:30:00,390.78,395.549,380.0,390.91,7922546
2022-07-27 09:30:00,394.36,395.98,394.05,395.735,8914225
2022-07-27 10:30:00,395.73,396.79,395.27,396.14,5523396
2022-07-27 11:30:00,396.12,397.08,390.9882,396.81,5047921
2022-07-27 12:30:00,396.82,398.99,390.9882,396.193,3932985
2022-07-27 13:30:00,396.2,397.53,390.89,396.6,8605654
2022-07-27 14:30:00,396.61,402.8,390.9882,402.8,22876071
2022-07-27 15:30:00,402.8,402.88,390.9882,401.0,14682089
2022-07-28 09:30:00,401.89,402.77,398.15,398.75,13337445
2022-07-28 10:30:00,398.76,403.87,398.35,403.86,10081381
2022-07-28 11:30:00,403.85,404.49,401.2556,404.24,8002830
2022-07-28 12:30:00,404.25,405.1,401.04,405.06,4921625
2022-07-28 13:30:00,405.06,406.42,401.2556,405.82,8130853
2022-07-28 14:30:00,405.83,406.8,401.2556,406.4501,6642265
2022-07-28 15:30:00,406.4658,406.4777,390.5,406.01,11025897
2022-07-29 09:30:00,407.58,410.99,406.1608,410.58,13013915
2022-07-29 10:30:00,410.58,410.94,406.1608,408.3,8307239
2022-07-29 11:30:00,408.28,410.57,407.67,409.6,5169945
2022-07-29 12:30:00,409.6,410.7378,409.37,410.0857,3958877
2022-07-29 13:30:00,410.075,411.62,406.07,411.5616,6574706
2022-07-29 14:30:00,411.57,412.69,406.1608,412.665,10134452
2022-07-29 15:30:00,412.67,413.03,406.1608,412.06,19489280
2022-08-01 09:30:00,409.15,412.91,408.4,410.38,14522996
2022-08-01 10:30:00,410.39,413.41,410.36,412.9111,8380042
2022-08-01 11:30:00,412.93,413.45,411.2902,412.14,5581583
2022-08-01 12:30:00,412.15,412.44,410.13,410.1499,6160581
2022-08-01 13:30:00,410.1309,411.99,409.07,410.33,7220290
2022-08-01 14:30:00,410.33,411.99,388.37,410.74,7478085
2022-08-01 15:30:00,410.7133,411.9263,410.441,410.71,10905780
2022-08-02 09:30:00,409.12,410.7657,406.81,409.14,11590337
2022-08-02 10:30:00,409.14,411.4,408.6144,410.45,8731587
2022-08-02 11:30:00,410.46,413.98,409.47,412.52,5652313
2022-08-02 12:30:00,412.52,416.48,410.56,410.7201,6016114
2022-08-02 13:30:00,410.72,411.1703,387.94,410.28,7458109
2022-08-02 14:30:00,410.3,410.82,408.41,409.39,8376478
2022-08-02 15:30:00,409.3733,409.97,407.93,408.12,6902582
2022-08-03 09:30:00,410.4,412.45,408.0338,411.67,10839738
2022-08-03 10:30:00,411.66,413.5,410.18,412.46,6655484
2022-08-03 11:30:00,412.45,413.53,408.0338,413.1993,7158455
2022-08-03 12:30:00,413.2,414.78,408.0338,414.6,5939057
2022-08-03 13:30:00,414.6001,415.22,414.12,414.9199,5660963
2022-08-03 14:30:00,414.93,415.35,408.0338,414.84,5996446
2022-08-03 15:30:00,414.84,415.69,408.0338,414.41,13864579
2022-08-04 09:30:00,414.35,415.1,413.23,413.48,9879307
2022-08-04 10:30:00,413.48,414.86,412.43,413.35,6284568
2022-08-04 11:30:00,413.36,414.65,412.75,414.5901,4232213
2022-08-04 12:30:00,414.6,414.61,413.054,414.2999,4005284
2022-08-04 13:30:00,414.29,414.98,413.5903,414.19,3876653
2022-08-04 14:30:00,414.19,415.59,413.0,414.64,5787586
2022-08-04 15:30:00,414.635,414.653379,413.59,414.17,5877949
2022-08-05 09:30:00,409.69,414.47,409.59,413.43,12169880
2022-08-05 10:30:00,413.43,414.1698,410.2099,410.22,7109216
2022-08-05 11:30:00,410.215,414.1698,410.08,411.6799,7451452
2022-08-05 12:30:00,411.66,414.17,396.26,412.705,5367547
2022-08-05 13:30:00,412.71,413.48,411.62,411.6332,4912976
2022-08-05 14:30:00,411.64,414.1698,411.425,412.4986,6084789
2022-08-05 15:30:00,412.48,413.71,412.3552,413.44,6364685
2022-08-08 09:30:00,415.25,417.6299,413.5033,416.71,11690451
2022-08-08 10:30:00,416.74,417.55,413.47,415.69,6784718
2022-08-08 11:30:00,415.68,415.96,396.26,412.985746,9138113
2022-08-08 12:30:00,412.76,414.21,412.35,413.155,5253370
2022-08-08 13:30:00,413.16,414.0,412.48,412.82,4324936
2022-08-08 14:30:00,412.81,414.0,411.82,412.78,6660153
2022-08-08 15:30:00,412.7799,413.4,412.42,413.03,4933775
2022-08-09 09:30:00,412.23,412.75,410.73,411.684,8416613
2022-08-09 10:30:00,411.7,412.33,410.36,411.92,5927585
2022-08-09 11:30:00,411.92,412.04,410.5,410.5684,4656220
2022-08-09 12:30:00,410.56,411.34,410.45,411.1924,4142208
2022-08-09 13:30:00,411.2,412.99,410.23,410.31,5012672
2022-08-09 14:30:00,410.32,413.28,410.22,411.49,5417769
2022-08-09 15:30:00,411.49,413.0167,410.79,411.34,6763493
2022-08-10 09:30:00,418.78,418.86,416.72,417.66,13143089
2022-08-10 10:30:00,417.66,420.046,411.279,419.295,9757696
2022-08-10 11:30:00,419.29,419.79,418.33,418.81,5506736
2022-08-10 12:30:00,418.83,420.0,411.279,419.0199,5234405
2022-08-10 13:30:00,419.02,419.81,411.279,419.1128,6186377
2022-08-10 14:30:00,419.13,423.9355,411.279,419.3501,6345579
2022-08-10 15:30:00,419.355,420.15,378.45,419.94,11355747
2022-08-11 09:30:00,422.99,424.95,420.1353,423.9225,11393711
2022-08-11 10:30:00,423.93,424.75,421.32,422.19,9633435
2022-08-11 11:30:00,422.18,422.43,419.99,422.0332,4961196
2022-08-11 12:30:00,422.03,423.0,421.3,422.47,4242839
2022-08-11 13:30:00,422.45,422.63,416.85,421.2305,4374817
2022-08-11 14:30:00,421.23,421.2691,419.2,419.92,8837351
2022-08-11 15:30:00,419.925,420.36,419.275,420.01,7576830
2022-08-12 09:30:00,422.04,422.91,419.8928,422.5182,9840674
2022-08-12 10:30:00,422.52,423.75,420.5,423.4193,6053453
2022-08-12 11:30:00,423.42,424.28,419.99,424.24,4024647
2022-08-12 12:30:00,424.23,424.67,419.8928,424.58,4803043
2022-08-12 13:30:00,424.58,425.24,419.8928,425.1899,4055761
2022-08-12 14:30:00,425.18,426.5688,419.8928,426.33,8724138
2022-08-12 15:30:00,426.33,427.21,419.8928,427.06,13569528
2022-08-15 09:30:00,424.765,427.34,424.7088,426.05,9470101
2022-08-15 10:30:00,426.05,426.649,425.44,426.3499,5462678
2022-08-15 11:30:00,426.35,431.99,426.2825,428.36,5707340
2022-08-15 12:30:00,428.37,430.79,427.1,428.61,4291508
2022-08-15 13:30:00,428.62,428.71,427.1,428.605,3735682
2022-08-15 14:30:00,428.6099,429.27,427.1648,429.2,6362735
2022-08-15 15:30:00,429.21,429.6881,427.1648,428.86,11365561
2022-08-16 09:30:00,427.73,428.78,427.01,427.77,8482890
2022-08-16 10:30:00,427.7693,429.22,426.88,429.095,7399937
2022-08-16 11:30:00,429.1,430.525,427.1,429.98,6335206
2022-08-16 12:30:00,429.98,430.5,428.86,430.315,3568261
2022-08-16 13:30:00,430.32,431.74,428.86,431.23,4572462
2022-08-16 14:30:00,431.24,431.65,428.14,429.48,10395411
2022-08-16 15:30:00,429.48,430.43,422.1863,429.66,10104857
2022-08-17 09:30:00,425.95,429.757,425.9,426.6,11297529
2022-08-17 10:30:00,426.6,429.757,425.31,426.17,8237001
2022-08-17 11:30:00,426.17,429.757,422.1,426.2004,8737857
2022-08-17 12:30:00,426.21,430.99,426.02,426.9,3692241
2022-08-17 13:30:00,426.89,430.99,426.34,428.6299,8994434
2022-08-17 14:30:00,428.63,429.757,426.35,427.165,8864834
2022-08-17 15:30:00,427.17,429.757,426.161,426.67,7387084
2022-08-18 09:30:00,426.88,427.0299,425.5,426.147,7558747
2022-08-18 10:30:00,426.1675,427.65,395.57,427.511,5820305
2022-08-18 11:30:00,427.52,428.15,426.42,426.6,5584363
2022-08-18 12:30:00,426.61,427.17,425.88,427.02,4464893
2022-08-18 13:30:00,427.03,427.54,426.7501,427.41,3435891
2022-08-18 14:30:00,427.4,428.47,426.65,428.34,4911273
2022-08-18 15:30:00,428.35,428.61,426.7165,427.83,9363753
2022-08-19 09:30:00,424.98,427.6944,422.66,423.2207,14094837
2022-08-19 10:30:00,423.22,427.6944,421.71,422.285,9631684
2022-08-19 11:30:00,422.29,427.89,421.88,422.59,5986236
2022-08-19 12:30:00,422.6,427.6944,422.4501,422.78,4881303
2022-08-19 13:30:00,422.79,427.89,422.0,422.4,6451777
2022-08-19 14:30:00,422.41,427.6944,421.212,422.29,7095924
2022-08-19 15:30:00,422.3,427.6944,421.91,422.15,9544544
2022-08-22 09:30:00,417.05,417.23,414.68,414.895,12594686
2022-08-22 10:30:00,414.9,422.2323,414.34,414.99,9140409
2022-08-22 11:30:00,415.0071,415.8333,414.81,415.1362,5107051
2022-08-22 12:30:00,415.14,422.2323,414.07,414.11,4918897
2022-08-22 13:30:00,414.12,422.2323,413.1,413.3013,8523635
2022-08-22 14:30:00,413.3,422.2323,412.54,413.15,8373352
2022-08-22 15:30:00,413.15,422.2323,412.4,413.46,13857463
2022-08-23 09:30:00,412.9,415.42,412.35,414.02,10649505
2022-08-23 10:30:00,414.03,414.94,412.0201,412.795,7181006
2022-08-23 11:30:00,412.8092,413.55,411.77,411.83,5460147
2022-08-23 12:30:00,411.82,413.48,411.805,413.3401,4387118
2022-08-23 13:30:00,413.35,413.61,412.045,413.11,4213563
2022-08-23 14:30:00,413.0999,413.5198,412.47,413.09,4565556
2022-08-23 15:30:00,413.1,413.2219,412.14,412.33,7253200
2022-08-24 09:30:00,412.14,413.6396,411.39,413.25,7995967
2022-08-24 10:30:00,413.26,414.63,412.3081,414.44,6410672
2022-08-24 11:30:00,414.44,424.87,414.23,414.3732,4120314
2022-08-24 12:30:00,414.3748,414.7899,412.3081,412.5988,5125399
2022-08-24 13:30:00,412.6,413.42,390.89,413.2701,3750296
2022-08-24 14:30:00,413.28,414.21,412.7,413.8001,4543090
2022-08-24 15:30:00,413.805,414.46,412.3081,413.63,7514465
2022-08-25 09:30:00,415.25,417.6,414.09,417.36,7765377
2022-08-25 10:30:00,417.37,418.0,413.5141,415.68,6489010
2022-08-25 11:30:00,415.68,416.21,375.1,415.67,4158407
2022-08-25 12:30:00,415.67,416.24,413.5141,416.15,4196422
2022-08-25 13:30:00,416.14,416.99,413.5141,416.9201,4537351
2022-08-25 14:30:00,416.93,417.5,373.1,417.4464,5435140
2022-08-25 15:30:00,417.44,419.56,413.415,419.51,11164682
2022-08-26 09:30:00,419.42,419.96,414.4,414.88,16196673
2022-08-26 10:30:00,414.9,419.3361,373.1,411.2,16572683
2022-08-26 11:30:00,411.2,419.51,409.498181,409.975,10119389
2022-08-26 12:30:00,409.97,419.3361,409.36,410.0899,7414411
2022-08-26 13:30:00,410.0801,419.3361,408.03,408.4707,9080600
2022-08-26 14:30:00,408.4709,413.0433,406.74,407.12,9960935
2022-08-26 15:30:00,407.12,419.3361,405.25,405.32,17759025
2022-08-29 09:30:00,402.2,405.2617,401.5101,403.4199,14449373
2022-08-29 10:30:00,403.42,405.2617,401.19,402.1705,11453725
2022-08-29 11:30:00,402.18,404.44,401.85,403.8269,7196616
2022-08-29 12:30:00,403.83,405.29,403.07,404.49,5671735
2022-08-29 13:30:00,404.4501,405.84,403.74,404.055,6683035
2022-08-29 14:30:00,404.06,405.61,403.66,404.155,6330069
2022-08-29 15:30:00,404.15,405.2617,402.4,402.63,8646717
2022-08-30 09:30:00,403.85,404.11,399.61,400.05,12198937
2022-08-30 10:30:00,400.05,414.25,396.38,398.7499,16168382
2022-08-30 11:30:00,398.72,403.4792,398.06,398.78,9574179
2022-08-30 12:30:00,398.77,413.47,396.58,397.21,7632983
2022-08-30 13:30:00,397.21,402.63,396.0,396.9601,10040201
2022-08-30 14:30:00,396.97,403.25,396.84,398.48,10273417
2022-08-30 15:30:00,398.47,402.5973,397.08,398.18,11552679
2022-08-31 09:30:00,399.93,401.81,397.85,398.128,12472217
2022-08-31 10:30:00,398.11,399.65,396.75,397.55,7632029
2022-08-31 11:30:00,397.53,399.29,397.1,398.09,5114964
2022-08-31 12:30:00,398.1,398.59,396.63,397.1,4727047
2022-08-31 13:30:00,397.11,398.2484,396.16,396.6,5981718
2022-08-31 14:30:00,396.5999,400.13,393.8333,396.71,10650881
2022-08-31 15:30:00,396.7,398.2484,395.04,395.13,15404595
2022-09-01 09:30:00,392.89,393.48,390.55,392.62,14774797
2022-09-01 10:30:00,392.63,395.2096,390.04,390.87,11642211
2022-09-01 11:30:00,390.865,395.2096,390.64,391.72,8411436
2022-09-01 12:30:00,391.71,395.18,390.28,392.96,6823275
2022-09-01 13:30:00,392.96,394.43,391.82,394.17,8089735
2022-09-01 14:30:00,394.15,419.08,392.09,394.015,11097199
2022-09-01 15:30:00,394.01,396.78,393.62,396.4,9885453
2022-09-02 09:30:00,400.29,400.46,397.02,400.31,14397819
2022-09-02 10:30:00,400.36,401.56,399.75,400.88,8628607
2022-09-02 11:30:00,400.9,402.63,396.4173,398.5601,7502700
2022-09-02 12:30:00,398.56,398.72,393.25,393.49,13230681
2022-09-02 13:30:00,393.4984,396.4173,392.22,393.7407,10600579
2022-09-02 14:30:00,393.76,398.05,392.05,392.62,9585343
2022-09-02 15:30:00,392.635,396.4186,390.33,392.27,17368437
2022-10-13 09:30:00,349.23,357.18,347.78,352.0,26237228
2022-10-13 10:30:00,351.97,362.72,323.1667,360.2799,24224064
2022-10-13 11:30:00,360.29,365.34,356.6682,361.32,22992207
2022-10-13 12:30:00,361.33,366.7,352.71,365.311,10891068
2022-10-13 13:30:00,365.35,366.49,356.56,364.1,12741226
2022-10-13 14:30:00,364.09,367.51,356.6682,366.0799,14617642
2022-10-13 15:30:00,366.07,367.17,356.6682,365.96,15896080
2022-10-14 09:30:00,368.53,370.2688,360.5,361.9501,26485039
2022-10-14 10:30:00,361.9628,364.0333,360.32,362.17,12590187
2022-10-14 11:30:00,362.16,365.9287,358.45,359.6808,14053769
2022-10-14 12:30:00,359.69,365.9287,358.51,359.411,9677092
2022-10-14 13:30:00,359.42,365.97,357.8,358.37,9034348
2022-10-14 14:30:00,358.38,365.9287,357.38,358.705,12163747
2022-10-14 15:30:00,358.7,365.9287,356.96,357.68,20263454
2022-10-17 09:30:00,364.0,367.98,357.2808,366.7295,21461585
2022-10-17 10:30:00,366.72,367.77,357.2808,366.37,10638417
2022-10-17 11:30:00,366.38,367.6,357.2808,366.83,11443125
2022-10-17 12:30:00,366.8474,367.3916,357.2808,367.0394,7609589
2022-10-17 13:30:00,367.03,367.92,357.2808,366.74,7062612
2022-10-17 14:30:00,366.74,367.3701,357.2808,366.9825,9989260
2022-10-17 15:30:00,366.98,367.61,357.2808,366.8,13190429
2022-10-18 09:30:00,375.13,375.45,371.9,371.938,18014138
2022-10-18 10:30:00,371.9682,372.54,368.11,368.725,13569317
2022-10-18 11:30:00,368.71,373.79,367.52,369.9396,11547081
2022-10-18 12:30:00,369.95,371.44,369.18,371.2237,9138596
2022-10-18 13:30:00,371.24,372.38,369.9012,371.95,8935891
2022-10-18 14:30:00,371.9574,371.97,366.7356,369.6643,11870812
2022-10-18 15:30:00,369.68,371.3,366.7356,371.14,13005459
2022-10-19 09:30:00,368.98,371.83,367.85,371.58,14159906
2022-10-19 10:30:00,371.59,371.85,369.2,369.55,8160880
2022-10-19 11:30:00,369.55,370.92,367.56,368.2,7713609
2022-10-19 12:30:00,368.2,370.92,365.5418,366.61,11198051
2022-10-19 13:30:00,366.59,371.13,366.07,368.13,7806969
2022-10-19 14:30:00,368.12,370.92,366.9,367.74,9208346
2022-10-19 15:30:00,367.72,370.92,367.35,368.56,10063427
2022-10-20 09:30:00,368.01,372.67,367.0,372.15,14537231
2022-10-20 10:30:00,372.17,372.48,368.4882,370.2901,9597245
2022-10-20 11:30:00,370.3,371.46,367.85,368.1623,9149523
2022-10-20 12:30:00,368.1601,368.49,366.35,367.12,9732077
2022-10-20 13:30:00,367.12,368.5,364.67,364.7595,12556533
2022-10-20 14:30:00,364.755,368.4882,364.6525,365.28,10935029
2022-10-20 15:30:00,365.33,371.26,364.61,365.43,11282206
2022-10-21 09:30:00,365.12,370.63,363.54,367.35,22754192
2022-10-21 10:30:00,367.36,368.57,364.6226,367.74,22066090
2022-10-21 11:30:00,367.77,371.21,365.5688,369.4,13603664
2022-10-21 12:30:00,369.41,371.97,365.5688,371.3399,11064711
2022-10-21 13:30:00,371.34,373.36,365.41,372.61,12495822
2022-10-21 14:30:00,372.61,374.67,365.5688,374.64,11338954
2022-10-21 15:30:00,374.63,374.8,365.5688,374.28,15586304
2022-10-24 09:30:00,375.9,378.76,373.1,374.5928,19827084
2022-10-24 10:30:00,374.62,377.03,373.8772,376.745,10557403
2022-10-24 11:30:00,376.76,378.679,375.51,378.09,7999874
2022-10-24 12:30:00,378.08,378.39,376.6765,377.0399,5026978
2022-10-24 13:30:00,377.0142,378.24,374.2299,378.03,7151124
2022-10-24 14:30:00,378.01,380.06,374.2299,379.64,9222157
2022-10-24 15:30:00,379.64,379.759374,374.2299,378.84,11636828
2022-10-25 09:30:00,378.79,384.99,378.68,382.7721,17363539
2022-10-25 10:30:00,382.78,383.41,381.8,383.26,8974076
2022-10-25 11:30:00,383.26,384.21,378.6722,383.69,6622965
2022-10-25 12:30:00,383.69,383.86,378.671,382.98,7093001
2022-10-25 13:30:00,382.99,384.04,364.23288,384.0176,7684020
2022-10-25 14:30:00,384.0198,384.8,378.6722,384.76,8371381
2022-10-25 15:30:00,384.755,385.28,378.6722,384.87,12579103
2022-10-26 09:30:00,381.61,384.9,381.0,384.61,20437069
2022-10-26 10:30:00,384.6125,387.1493,382.6504,386.845,11439568
2022-10-26 11:30:00,386.845,387.58,383.02,386.3549,9892784
2022-10-26 12:30:00,386.21,386.75,350.4636,383.21,10638281
2022-10-26 13:30:00,383.215,384.8281,382.67,382.76,10565932
2022-10-26 14:30:00,382.76,384.8281,381.47,382.3088,11722458
2022-10-26 15:30:00,382.3099,384.8281,381.72,382.08,17668446
2022-10-27 09:30:00,383.08,384.71,380.52,384.548,14127139
2022-10-27 10:30:00,384.54,385.0,381.9,382.42,9833488
2022-10-27 11:30:00,382.43,382.96,380.17,380.19,8565314
2022-10-27 12:30:00,380.18,382.77,380.13,381.62,8585408
2022-10-27 13:30:00,381.63,382.02,374.29,380.61,6603112
2022-10-27 14:30:00,380.6,381.993,379.53,380.75,9714152
2022-10-27 15:30:00,380.74,381.993,379.3292,379.96,11409551
2022-10-28 09:30:00,379.88,384.37,379.67,383.9776,16679199
2022-10-28 10:30:00,383.98,386.2872,379.7069,385.25,12316503
2022-10-28 11:30:00,385.26,387.08,379.7069,387.03,9526518
2022-10-28 12:30:00,387.03,387.78,379.7069,387.39,8522702
2022-10-28 13:30:00,387.4,388.09,379.7069,387.79,9125406
2022-10-28 14:30:00,387.78,389.72,379.7069,389.0,13816273
2022-10-28 15:30:00,389.0,389.52,379.7069,388.97,12696492
2022-10-31 09:30:00,386.44,387.48,385.26,385.8257,13862734
2022-10-31 10:30:00,385.81,392.26,385.37,387.35,9737892
2022-10-31 11:30:00,387.345,389.0651,386.32,386.96,8989801
2022-10-31 12:30:00,386.95,387.44,375.07,387.3399,6609998
2022-10-31 13:30:00,387.3399,389.0651,386.52,386.967,6724800
2022-10-31 14:30:00,386.96,389.0651,385.51,386.6649,13616714
2022-10-31 15:30:00,386.66,389.0651,385.76,386.21,20219748
2022-11-01 09:30:00,390.14,390.4,384.95,386.37,18988628
2022-11-01 10:30:00,386.36,386.66,383.58,384.4857,10431992
2022-11-01 11:30:00,384.4823,386.87,365.96,384.4769,13158469
2022-11-01 12:30:00,384.46,390.655,383.46,384.88,7233698
2022-11-01 13:30:00,384.8799,386.21,384.27,385.05,5434540
2022-11-01 14:30:00,385.04,385.85,384.27,384.79,7466025
2022-11-01 15:30:00,384.795,386.1692,384.48,384.53,11201676
2022-11-02 09:30:00,383.9,384.5902,382.11,382.28,11402581
2022-11-02 10:30:00,382.28,384.5902,382.15,382.64,5782115
2022-11-02 11:30:00,382.64,384.5902,381.7425,381.755,6021249
2022-11-02 12:30:00,381.75,384.5902,381.39,382.16,5605304
2022-11-02 13:30:00,382.15,388.0,382.05,387.8878,22512069
2022-11-02 14:30:00,387.88,388.63,376.25,377.07,40868551
2022-11-02 15:30:00,377.074,384.5902,374.75,374.87,21898237
2022-11-03 09:30:00,371.465,375.0425,368.79,372.615,21746018
2022-11-03 10:30:00,372.63,375.0425,371.16,371.7201,12638245
2022-11-03 11:30:00,371.73,375.0425,369.97,373.09,8709528
2022-11-03 12:30:00,373.08,387.0,372.33,372.9,8592085
2022-11-03 13:30:00,372.89,390.13,371.87,373.32,6657387
2022-11-03 14:30:00,373.32,375.0425,372.5,373.2,7108772
2022-11-03 15:30:00,373.21,373.5188,370.92,371.02,9095191
2022-11-04 09:30:00,377.0,378.09,371.16,377.6524,19098871
2022-11-04 10:30:00,377.67,378.87,371.16,374.24,11470090
2022-11-04 11:30:00,374.27,375.52,370.07,372.7166,12836134
2022-11-04 12:30:00,372.73,372.96,370.13,371.13,7395661
2022-11-04 13:30:00,371.12,372.56,370.0,372.24,7116839
2022-11-04 14:30:00,372.23,375.25,371.16,374.5122,10438509
2022-11-04 15:30:00,374.53,376.47,371.16,376.34,14149694
2022-11-07 09:30:00,377.71,380.99,375.52,376.85,12317124
2022-11-07 10:30:00,376.86,384.03,376.206,377.79,7309152
2022-11-07 11:30:00,377.78,378.15,375.81,377.16,6191744
2022-11-07 12:30:00,377.16,377.99,376.206,377.65,4324869
2022-11-07 13:30:00,377.65,379.6,376.206,379.47,7593619
2022-11-07 14:30:00,379.47,380.33,379.2,380.19,8193933
2022-11-07 15:30:00,380.18,380.57,376.206,379.94,10335938
2022-11-08 09:30:00,381.11,382.2881,379.53,381.9631,11945297
2022-11-08 10:30:00,381.96,384.14,379.82,384.0,9800046
2022-11-08 11:30:00,384.0,385.12,379.82,384.3215,8093936
2022-11-08 12:30:00,384.32,385.0,376.35,381.76,6961064
2022-11-08 13:30:00,381.76,382.54,378.0769,378.1299,12269688
2022-11-08 14:30:00,378.13,382.9394,377.72,382.9,13078992
2022-11-08 15:30:00,382.9,384.06,379.82,381.97,12780114
2022-11-09 09:30:00,379.85,381.14,378.15,379.5814,13763348
2022-11-09 10:30:00,379.5999,382.0191,377.5,379.1401,8744087
2022-11-09 11:30:00,379.15,382.0191,378.08,378.2801,5456556
2022-11-09 12:30:00,378.32,382.0191,377.11,377.255,6857693
2022-11-09 13:30:00,377.24,382.0191,375.46,376.36,9520432
2022-11-09 14:30:00,376.365,376.403805,374.56,375.28,9077639
2022-11-09 15:30:00,375.32,382.0191,373.61,374.15,13615656
2022-11-10 09:30:00,388.03,390.47,374.1325,389.755,28262806
2022-11-10 10:30:00,389.76,390.85,374.1325,390.8,14619174
2022-11-10 11:30:00,390.8,392.04,374.1325,390.65,13349898
2022-11-10 12:30:00,390.65,390.89,374.1325,390.6,14006977
2022-11-10 13:30:00,390.61,391.85,374.13,391.635,10643194
2022-11-10 14:30:00,391.63,393.5231,374.1325,393.4659,12426734
2022-11-10 15:30:00,393.4646,395.04,374.1325,394.64,21178701
2022-11-11 09:30:00,395.59,397.56,371.87,396.95,17930266
2022-11-11 10:30:00,396.97,397.38,394.36,394.4188,11958432
2022-11-11 11:30:00,394.41,396.23,382.49,395.95,7694629
2022-11-11 12:30:00,395.97,397.78,394.8036,397.75,7617224
2022-11-11 13:30:00,397.76,398.87,394.8036,398.77,9191676
2022-11-11 14:30:00,398.77,399.34,394.8036,398.535,11312258
2022-11-11 15:30:00,398.53,403.5,397.89,398.5,12648940
2022-11-14 09:30:00,396.66,398.98,395.92,397.9,13841139
2022-11-14 10:30:00,397.915,401.19,396.3412,396.8361,8483461
2022-11-14 11:30:00,396.83,398.69,396.58,398.39,7821397
2022-11-14 12:30:00,398.4,400.77,398.3476,399.97,5915295
2022-11-14 13:30:00,399.97,400.2,394.69,399.76,5962988
2022-11-14 14:30:00,399.75,399.88,397.44,397.83,6783187
2022-11-14 15:30:00,397.83,400.13,394.83,395.18,13776025
2022-11-15 09:30:00,401.15,402.32,395.01,401.59,13291815
2022-11-15 10:30:00,401.589,401.9,395.01,400.2,8406431
2022-11-15 11:30:00,400.205,405.31,395.01,400.01,7414625
2022-11-15 12:30:00,400.01,400.55,395.01,396.33,10518629
2022-11-15 13:30:00,396.36,398.98,394.49,398.355,20277259
2022-11-15 14:30:00,398.385,399.53,377.7,398.913,9690716
2022-11-15 15:30:00,398.92,399.35,380.74,398.54,10010397
2022-11-16 09:30:00,396.78,398.5309,395.73,396.3,12135685
2022-11-16 10:30:00,396.3132,397.1886,395.18,396.42,6333406
2022-11-16 11:30:00,396.507548,398.5309,395.72,396.29,5715379
2022-11-16 12:30:00,396.31,397.65,396.05,396.36,4674072
2022-11-16 13:30:00,396.38,398.49,395.11,395.8,5787964
2022-11-16 14:30:00,395.8,398.5309,394.79,395.28,8302420
2022-11-16 15:30:00,395.285,398.5309,394.93,395.52,13128334
2022-11-17 09:30:00,390.46,395.3338,390.14,391.97,14730815
2022-11-17 10:30:00,391.9693,391.9899,390.29,391.23,7114347
2022-11-17 11:30:00,391.2168,393.66,390.608,392.9904,7554967
2022-11-17 12:30:00,393.0,401.4,392.73,394.4,6895021
2022-11-17 13:30:00,394.41,400.72,392.88,393.27,6542643
2022-11-17 14:30:00,393.26,400.96,391.64,392.07,7972170
2022-11-17 15:30:00,392.06,401.4,383.0874,394.28,10202979
2022-11-18 09:30:00,397.73,397.81,394.01,395.3801,15134611
2022-11-18 10:30:00,395.4,400.481,394.05,395.5,13469180
2022-11-18 11:30:00,395.52,395.99,393.04,393.89,7212949
2022-11-18 12:30:00,393.89,394.78,393.13,394.7,6192475
2022-11-18 13:30:00,394.71,394.87,393.38,394.43,6613218
2022-11-18 14:30:00,394.435,395.91,393.98,395.895,9123319
2022-11-18 15:30:00,395.9,397.0101,394.1271,396.09,15669921
2022-11-21 09:30:00,394.64,395.82,393.5305,393.92,8349368
2022-11-21 10:30:00,393.93,394.35,393.23,393.7685,5635655
2022-11-21 11:30:00,393.7699,396.0385,392.63,393.6816,5340295
2022-11-21 12:30:00,393.68,396.0385,393.63,394.9888,5405414
2022-11-21 13:30:00,394.99,396.0385,394.51,394.6699,6402709
2022-11-21 14:30:00,394.66,396.0385,394.0,394.305,5245776
2022-11-21 15:30:00,394.31,396.0385,394.13,394.58,6692124
2022-11-22 09:30:00,396.63,397.44,380.39,397.13,10286297
2022-11-22 10:30:00,397.13,397.8,396.57,397.34,6644836
2022-11-22 11:30:00,397.35,397.89,394.517,397.455,4480190
2022-11-22 12:30:00,397.46,398.55,397.08,398.445,3806885
2022-11-22 13:30:00,398.45,398.74,394.517,398.52,5056069
2022-11-22 14:30:00,398.5,399.54,394.517,399.4493,7202712
2022-11-22 15:30:00,399.445,400.07,394.517,399.87,11844286
2022-11-29 09:30:00,396.049,397.03,395.24,397.0199,9273924
2022-11-29 10:30:00,397.02,397.3,393.3,393.74,9626669
2022-11-29 11:30:00,393.73,394.72,382.58,394.26,5225823
2022-11-29 12:30:00,394.26,395.2588,393.98,394.0,4669386
2022-11-29 13:30:00,394.01,396.09,393.93,394.755,5567439
2022-11-29 14:30:00,394.76,395.9726,394.19,394.9365,8192229
2022-11-29 15:30:00,394.935,395.9726,394.79,395.26,5870526
2022-11-30 09:30:00,395.46,399.56,393.905,394.18,10188772
2022-11-30 10:30:00,394.185,395.29,393.76,395.12,7332409
2022-11-30 11:30:00,395.09,395.56,393.48,393.92,5371252
2022-11-30 12:30:00,393.93,395.0,393.5001,394.82,4235461
2022-11-30 13:30:00,394.8,403.45,394.06,403.08,26413113
2022-11-30 14:30:00,403.09,405.44,395.4498,405.4202,16114639
2022-11-30 15:30:00,405.42,407.55,395.4498,407.47,42297944
2022-12-01 09:30:00,408.8,410.0,405.06,405.27,18056426
2022-12-01 10:30:00,405.28,407.7031,404.74,406.41,11101912
2022-12-01 11:30:00,406.41,408.49,405.52,406.9767,7039156
2022-12-01 12:30:00,406.98,408.05,406.41,406.67,6214586
2022-12-01 13:30:00,406.68,407.7056,406.27,407.3288,5963941
2022-12-01 14:30:00,407.33,408.32,401.9781,407.36,7832831
2022-12-01 15:30:00,407.37,410.0,407.28,407.38,10312511
2022-12-02 09:30:00,402.22,407.68,402.1388,403.66,16017600
2022-12-02 10:30:00,403.67,407.3787,403.09,404.76,11147554
2022-12-02 11:30:00,404.77,407.3787,403.73,405.48,11089739
2022-12-02 12:30:00,405.4808,407.38,404.33,404.9682,6178382
2022-12-02 13:30:00,404.97,407.38,404.075,405.16,6313907
2022-12-02 14:30:00,405.1726,409.49,404.935,406.84,9498746
2022-12-02 15:30:00,406.83,407.5,404.89,406.87,11782672
2022-12-05 09:30:00,403.95,405.59,401.59,402.75,12569225
2022-12-05 10:30:00,402.75,406.8994,402.09,402.5,8671813
2022-12-05 11:30:00,402.51,406.8994,400.68,401.3755,8890282
2022-12-05 12:30:00,401.37,406.8994,400.03,400.4,6706843
2022-12-05 13:30:00,400.41,406.91,398.67,398.84,8785086
2022-12-05 14:30:00,398.8488,406.8994,398.17,398.69,8871386
2022-12-05 15:30:00,398.7,406.8994,398.66,399.61,10960150
2022-12-06 09:30:00,399.42,400.0,395.8,395.91,13616899
2022-12-06 10:30:00,395.92,396.2804,394.6,395.4799,9650595
2022-12-06 11:30:00,395.4895,399.6652,394.02,394.6007,7586028
2022-12-06 12:30:00,394.6,399.6652,392.815,392.935,8017578
2022-12-06 13:30:00,392.93,399.6652,392.14,392.145,6984012
2022-12-06 14:30:00,392.1499,399.6652,391.64,392.12,10992519
2022-12-06 15:30:00,392.12,403.22,383.81,393.86,14195796
2022-12-07 09:30:00,392.9,403.91,391.97,394.75,14295083
2022-12-07 10:30:00,394.76,395.65,392.49,392.6477,10333931
2022-12-07 11:30:00,392.65,394.5897,392.31,392.9305,5978648
2022-12-07 12:30:00,392.91,394.59,392.671429,394.17,4522172
2022-12-07 13:30:00,394.17,394.2199,392.32,393.13,5804460
2022-12-07 14:30:00,393.13,393.9422,392.09,392.785,6133749
2022-12-07 15:30:00,392.79,393.9422,392.645641,393.15,8327731
2022-12-08 09:30:00,395.14,403.91,393.2684,396.98,11496582
2022-12-08 10:30:00,396.98,405.82,395.01,395.87,6297650
2022-12-08 11:30:00,395.87,396.44,393.2684,395.5601,5606077
2022-12-08 12:30:00,395.57,396.51,393.2684,396.4999,4588152
2022-12-08 13:30:00,396.5,397.27,393.16,395.16,9088610
2022-12-08 14:30:00,395.165,396.38,392.8,396.16,6690161
2022-12-08 15:30:00,396.17,396.58,393.2684,396.22,8939890
2022-12-09 09:30:00,394.94,396.89,394.12,395.8,12272920
2022-12-09 10:30:00,395.8,397.4499,395.45,396.9112,10498140
2022-12-09 11:30:00,396.9,397.93,396.28,396.5988,6135339
2022-12-09 12:30:00,396.595,397.2251,395.3495,395.82,6634513
2022-12-09 13:30:00,395.83,396.3,395.01,395.8813,5891342
2022-12-09 14:30:00,395.8831,398.62,395.41,395.4599,5688819
2022-12-09 15:30:00,395.45,396.2264,393.15,393.285,15706577
2022-12-12 09:30:00,394.1,394.87,393.3281,394.445,12947243
2022-12-12 10:30:00,394.44,395.69,393.3281,395.32,9430345
2022-12-12 11:30:00,395.34,395.83,393.3281,395.36,6064229
2022-12-12 12:30:00,395.34,396.25,393.3281,395.47,6652604
2022-12-12 13:30:00,395.47,396.14,393.28,395.76,5470301
2022-12-12 14:30:00,395.7501,398.25,393.3281,398.0798,9799348
2022-12-12 15:30:00,398.08,398.93,393.3281,398.91,12658482
2022-12-13 09:30:00,410.21,410.5,398.9322,405.48,24632185
2022-12-13 10:30:00,405.48,408.2,398.9322,404.585,16280385
2022-12-13 11:30:00,404.59,405.84,398.9322,400.25,14645484
2022-12-13 12:30:00,400.25,402.08,398.9322,401.83,12250756
2022-12-13 13:30:00,401.84,402.39,398.9322,401.695,8722115
2022-12-13 14:30:00,401.7,403.4231,398.9322,401.72,11416020
2022-12-13 15:30:00,401.73,403.04,398.9322,401.95,15622502
2022-12-14 09:30:00,401.59,404.38,395.96,404.1257,10999204
2022-12-14 10:30:00,404.11,404.95,401.9037,404.8793,8328611
2022-12-14 11:30:00,404.88,405.04,401.9037,403.7365,6955183
2022-12-14 12:30:00,403.78,406.31,399.46,404.1,6113728
2022-12-14 13:30:00,404.09,405.5,398.67,400.23,20534881
2022-12-14 14:30:00,400.2,403.59,396.31,398.7,29944364
2022-12-14 15:30:00,398.7,409.34,397.7,399.41,14520963
2022-12-15 09:30:00,394.31,399.5086,390.3,391.1404,20883366
2022-12-15 10:30:00,391.14,399.5086,389.15,389.79,15164844
2022-12-15 11:30:00,389.79,399.5086,388.73,389.79,10576109
2022-12-15 12:30:00,389.76,399.5086,387.88,388.368,10573048
2022-12-15 13:30:00,388.375,399.5086,388.0,388.37,8623851
2022-12-15 14:30:00,388.38,399.5086,388.3337,390.63,13462178
2022-12-15 15:30:00,390.63,399.5086,388.94,389.65,17975277
2022-12-16 09:30:00,385.19,387.8449,382.61,382.64,17784638
2022-12-16 10:30:00,382.64,387.8449,381.85,382.44,25506777
2022-12-16 11:30:00,382.4495,387.8449,381.36,382.13,7402729
2022-12-16 12:30:00,382.14,387.8449,379.45,381.16,7653471
2022-12-16 13:30:00,381.17,389.63,381.0799,381.7104,9487738
2022-12-16 14:30:00,381.73,387.8449,381.2,384.08,12892643
2022-12-16 15:30:00,384.09,387.8449,383.28,383.3,20202382
2023-01-19 09:30:00,389.35,390.43,388.4,389.0689,13566227
2023-01-19 10:30:00,389.001552,391.6142,387.55,387.8,9243604
2023-01-19 11:30:00,387.8,389.1,387.26,388.335,7708947
2023-01-19 12:30:00,388.3399,389.69,387.93,389.1182,6732000
2023-01-19 13:30:00,389.12,391.49,388.73,390.6501,11070112
2023-01-19 14:30:00,390.67,391.6142,389.89,390.2588,7882921
2023-01-19 15:30:00,390.26,391.6142,382.91,388.68,16387037
2023-01-20 09:30:00,390.09,398.94,388.38,390.95,14068068
2023-01-20 10:30:00,390.95,392.42,388.6341,392.35,16682669
2023-01-20 11:30:00,392.345,392.49,389.76,392.06,7063118
2023-01-20 12:30:00,392.06,393.37,388.6341,391.61,6546867
2023-01-20 13:30:00,391.62,393.97,388.6341,393.86,8494435
2023-01-20 14:30:00,393.855,395.79,388.6341,395.17,12391834
2023-01-20 15:30:00,395.17,396.04,388.6341,395.83,14100268
2023-01-23 09:30:00,396.72,399.94,393.24,399.24,13809032
2023-01-23 10:30:00,399.235,402.11,394.24,400.86,15419000
2023-01-23 11:30:00,400.87,401.61,395.12,401.07,7601480
2023-01-23 12:30:00,401.065,402.05,395.976,401.87,6184048
2023-01-23 13:30:00,401.88,402.65,395.88,400.65,7789196
2023-01-23 14:30:00,400.6601,401.255,395.88,399.82,11812168
2023-01-23 15:30:00,399.83,402.12,395.976,400.59,10784141
2023-01-24 09:30:00,398.88,400.15,397.63,399.3259,13480292
2023-01-24 10:30:00,399.3194,402.99,397.9,400.6695,8538380
2023-01-24 11:30:00,400.67,400.71,398.49,400.31,5905668
2023-01-24 12:30:00,400.31,401.42,399.44,400.47,5069511
2023-01-24 13:30:00,400.48,401.19,399.95,400.41,6767499
2023-01-24 14:30:00,400.41,401.07,390.58,400.55,5842723
2023-01-24 15:30:00,400.55,400.65,399.29,400.17,6222942
2023-01-25 09:30:00,395.95,400.403,394.21,394.85,17962396
2023-01-25 10:30:00,394.84,400.403,393.56,396.111,11880353
2023-01-25 11:30:00,396.11,397.73,395.955,396.68,8079949
2023-01-25 12:30:00,396.685,399.24,396.5,398.75,5765720
2023-01-25 13:30:00,398.74,401.36,398.41,399.35,9435963
2023-01-25 14:30:00,399.35,400.7,398.78,399.975,8247306
2023-01-25 15:30:00,399.97,400.403,399.0,400.36,10035753
2023-01-26 09:30:00,403.12,404.08,400.3583,402.69,13957561
2023-01-26 10:30:00,402.68,403.105,379.38,401.0301,9927974
2023-01-26 11:30:00,401.02,403.93,400.3583,402.28,7524352
2023-01-26 12:30:00,402.2792,402.75,401.59,402.29,4552226
2023-01-26 13:30:00,402.31,403.54,400.3093,403.0699,6838711
2023-01-26 14:30:00,403.07,404.21,388.64,403.86,7751487
2023-01-26 15:30:00,403.87,404.92,400.3583,404.71,10238454
2023-01-27 09:30:00,403.64,406.63,403.44,405.71,11184615
2023-01-27 10:30:00,405.72,405.8,403.57,404.985,8322538
2023-01-27 11:30:00,404.99,406.55,404.7662,405.96,7825541
2023-01-27 12:30:00,405.97,406.76,404.7662,406.05,6613237
2023-01-27 13:30:00,406.04,407.21,404.75,407.05,5166938
2023-01-27 14:30:00,407.05,408.16,389.22,407.62,7312170
2023-01-27 15:30:00,407.63,407.89,404.7662,405.68,12391862
2023-01-30 09:30:00,402.8,405.14,402.66,403.9,11677139
2023-01-30 10:30:00,403.91,405.8103,401.93,403.265,10451626
2023-01-30 11:30:00,403.27,404.73,402.0,402.868,4954695
2023-01-30 12:30:00,402.8799,405.8103,401.7,402.6412,5067465
2023-01-30 13:30:00,402.63,405.68,381.4,401.47,5828343
2023-01-30 14:30:00,401.47,405.8103,400.54,400.69,7967689
2023-01-30 15:30:00,400.68,405.8103,400.28,400.63,14373228
2023-01-31 09:30:00,401.11,402.7699,400.5616,402.68,12175310
2023-01-31 10:30:00,402.695,403.49,401.25,403.15,6844973
2023-01-31 11:30:00,403.14,403.659,402.5,403.4487,4564334
2023-01-31 12:30:00,403.44,403.904761,387.86,403.6803,4147856
2023-01-31 13:30:00,403.68,404.54,400.59,404.33,5310967
2023-01-31 14:30:00,404.33,404.84,400.5616,403.7443,8537377
2023-01-31 15:30:00,403.7501,406.53,400.5616,406.45,23338507
2023-02-01 09:30:00,405.211,406.43,404.79,405.5781,11006936
2023-02-01 10:30:00,405.58,406.53,401.08,405.245,8212949
2023-02-01 11:30:00,405.25,406.06,403.75,404.25,5441415
2023-02-01 12:30:00,404.26,406.4202,403.96,404.58,4216440
2023-02-01 13:30:00,404.58,406.4202,402.4,404.6617,11111452
2023-02-01 14:30:00,404.68,411.81,402.35,411.24,31987887
2023-02-01 15:30:00,411.25,413.67,406.4202,410.79,19778315
2023-02-02 09:30:00,414.86,415.08,412.87,414.68,16046287
2023-02-02 10:30:00,414.68,417.5,414.67,416.53,13819101
2023-02-02 11:30:00,416.535,417.07,410.6844,416.469,9134861
2023-02-02 12:30:00,416.46,417.31,399.7793,416.6899,7951900
2023-02-02 13:30:00,416.685,418.31,410.6844,415.59,12092549
2023-02-02 14:30:00,415.595,415.77,412.11,415.23,14083969
2023-02-02 15:30:00,415.21,416.8,410.6844,416.78,14353679
2023-02-03 09:30:00,411.59,416.7249,399.59,414.98,17826229
2023-02-03 10:30:00,414.99,416.7249,414.81,416.3533,12648435
2023-02-03 11:30:00,416.36,416.97,414.56,416.18,8189169
2023-02-03 12:30:00,416.175,416.7249,412.65,413.01,9093436
2023-02-03 13:30:00,413.01,416.78,411.6778,412.5079,9437955
2023-02-03 14:30:00,412.51,416.7249,411.09,412.365,8993829
2023-02-03 15:30:00,412.37,416.7249,411.56,412.36,10192194
2023-02-06 09:30:00,409.79,410.89,408.57,408.7369,11845570
2023-02-06 10:30:00,408.7399,411.2,408.1,411.02,8426089
2023-02-06 11:30:00,411.02,411.3,409.025,409.67,5507142
2023-02-06 12:30:00,409.664,412.4443,405.21,409.72,4700588
2023-02-06 13:30:00,409.71,412.4443,409.38,410.41,5557627
2023-02-06 14:30:00,410.4026,412.4443,409.02,409.186,6132352
2023-02-06 15:30:00,409.19,412.4443,408.72,409.905,8729281
2023-02-07 09:30:00,408.87,410.17,408.35,408.63,8491003
2023-02-07 10:30:00,408.63,410.0,408.49,409.82,5723070
2023-02-07 11:30:00,409.82,410.7,409.707,409.861,5105453
2023-02-07 12:30:00,409.865,415.16,408.3,409.782,18320674
2023-02-07 13:30:00,409.79,412.68,407.568,412.09,16267173
2023-02-07 14:30:00,412.08,415.09,409.9205,414.675,11064105
2023-02-07 15:30:00,414.675,416.49,400.2,415.18,14695693
2023-02-08 09:30:00,413.15,415.2025,412.77,413.37,12160157
2023-02-08 10:30:00,413.36,413.4164,410.43,410.8,10018772
2023-02-08 11:30:00,410.8,415.2025,410.15,411.695,10215914
2023-02-08 12:30:00,411.7,415.2025,410.69,411.64,7066984
2023-02-08 13:30:00,411.645,415.2025,410.85,411.17,7167200
2023-02-08 14:30:00,411.175,415.2025,409.93,410.53,9099063
2023-02-08 15:30:00,410.54,415.2025,410.29,410.66,11757105
2023-02-09 09:30:00,414.41,414.57,412.1,412.3,10991438
2023-02-09 10:30:00,412.2901,413.25,410.6713,411.53,8366037
2023-02-09 11:30:00,411.54,413.36,410.6713,411.33,6794967
2023-02-09 12:30:00,411.33,411.8091,409.28,409.8,8853030
2023-02-09 13:30:00,409.81,410.6713,408.245,408.31,9217084
2023-02-09 14:30:00,408.315,413.4,406.58,406.7883,11510853
2023-02-09 15:30:00,406.782,410.6713,405.8,407.14,15018594
2023-02-10 09:30:00,405.88,408.11,405.01,407.58,15608624
2023-02-10 10:30:00,407.5899,407.96,405.35,406.8599,8079440
2023-02-10 11:30:00,406.86,407.1336,404.15,405.88,7030816
2023-02-10 12:30:00,405.88,408.14,405.7401,407.55,6454936
2023-02-10 13:30:00,407.55,407.8,406.36,406.445,6510186
2023-02-10 14:30:00,406.44,410.24,406.2,407.14,7866860
2023-02-10 15:30:00,407.144,410.17,406.973825,408.03,8803978
2023-02-13 09:30:00,408.72,410.9387,392.31,410.9,10462793
2023-02-13 10:30:00,410.92,412.17,408.0891,411.65,9203092
2023-02-13 11:30:00,411.66,416.78,408.0891,412.17,5983457
2023-02-13 12:30:00,412.18,412.55,408.0891,412.4,5450624
2023-02-13 13:30:00,412.4,412.97,408.0891,411.829,5791755
2023-02-13 14:30:00,411.83,412.02,408.0891,411.95,7579794
2023-02-13 15:30:00,411.96,412.84,408.0891,412.82,13196552
2023-02-14 09:30:00,411.24,415.05,409.49,413.38,16928664
2023-02-14 10:30:00,413.38,413.74,409.33,409.8899,14056478
2023-02-14 11:30:00,409.86,413.96,408.51,410.4601,9561320
2023-02-14 12:30:00,410.49,413.96,410.3389,412.5,8514477
2023-02-14 13:30:00,412.51,412.99,410.0,412.52,7126117
2023-02-14 14:30:00,412.53,413.65,411.15,413.11,7710715
2023-02-14 15:30:00,413.1,413.7,412.405,412.67,11250710
2023-02-15 09:30:00,410.36,412.7877,407.57,410.89,11961008
2023-02-15 10:30:00,410.92,412.7877,410.47,412.08,7425265
2023-02-15 11:30:00,412.1068,412.77,410.84,410.98,6312222
2023-02-15 12:30:00,411.02,412.7877,410.81,412.34,4613505
2023-02-15 13:30:00,412.34,413.53,412.1,413.2088,8002338
2023-02-15 14:30:00,413.2,413.52,412.3,412.81,6060524
2023-02-15 15:30:00,412.805,414.0,412.72,414.0,8524770
2023-02-16 09:30:00,408.79,413.9655,408.26,410.52,14972214
2023-02-16 10:30:00,410.51,411.98,410.3437,411.39,9607443
2023-02-16 11:30:00,411.4,412.46,408.79,411.9099,6134402
2023-02-16 12:30:00,411.92,412.9,411.39,411.4799,6767233
2023-02-16 13:30:00,411.48,413.98,411.3,412.5,4801241
2023-02-16 14:30:00,412.52,413.9655,409.27,409.29,10050592
2023-02-16 15:30:00,409.3,413.9655,408.14,408.33,14692620
2023-02-17 09:30:00,406.07,408.3431,404.18,405.91,17597808
2023-02-17 10:30:00,405.89,408.3431,404.24,404.47,11452984
2023-02-17 11:30:00,404.47,405.99,404.12,405.4799,7425050
2023-02-17 12:30:00,405.4601,405.6,404.05,404.6677,7196679
2023-02-17 13:30:00,404.6691,408.28,404.4,406.074,7718407
2023-02-17 14:30:00,406.07,407.51,406.04,406.54,9209050
2023-02-17 15:30:00,406.535,408.3431,406.37,407.24,10572874
2023-02-22 09:30:00,399.51,400.47,397.91,398.43,12508101
2023-02-22 10:30:00,398.42,399.45,397.62,399.02,9200420
2023-02-22 11:30:00,399.02,400.21,398.83,399.86,5685011
2023-02-22 12:30:00,399.87,400.8801,398.28,400.815,4787981
2023-02-22 13:30:00,400.81,401.13,398.6,399.205,11922115
2023-02-22 14:30:00,399.19,399.2897,397.2894,397.58,13592311
2023-02-22 15:30:00,397.5797,399.39,397.01,398.59,13721703
2023-02-23 09:30:00,401.56,402.2,400.5,401.04,16836823
2023-02-23 10:30:00,401.05,401.3,397.75,397.97,15176108
2023-02-23 11:30:00,397.97,398.22,396.25,396.835,12284375
2023-02-23 12:30:00,396.84,398.4874,396.6001,397.665,7400964
2023-02-23 13:30:00,397.6699,400.81,397.29,399.87,10419152
2023-02-23 14:30:00,399.87,401.46,398.4874,401.39,12179765
2023-02-23 15:30:00,401.39,402.24,398.4874,400.65,13067765
2023-02-24 09:30:00,395.41,396.47,393.85,394.28,20511705
2023-02-24 10:30:00,394.29,400.6204,393.64,395.3501,14514569
2023-02-24 11:30:00,395.37,400.6204,394.97,395.556,12885928
2023-02-24 12:30:00,395.57,400.6204,394.29,395.12,7968884
2023-02-24 13:30:00,395.13,400.66,394.52,395.77,8898786
2023-02-24 14:30:00,395.78,400.6204,383.22,396.42,10821542
2023-02-24 15:30:00,396.41,400.6204,395.02,396.39,18878317
2023-02-27 09:30:00,399.89,401.2988,396.4583,400.68,17069382
2023-02-27 10:30:00,400.68,400.899,398.2,398.4,14123048
2023-02-27 11:30:00,398.43,400.67,396.4583,398.15,7290974
2023-02-27 12:30:00,398.1601,399.19,398.0791,398.785,5236975
2023-02-27 13:30:00,398.79,399.51,396.38,398.675,6800362
2023-02-27 14:30:00,398.6899,398.78,396.4583,397.648,8948854
2023-02-27 15:30:00,397.64,398.5,396.4583,397.73,12110413
2023-02-28 09:30:00,397.23,398.29,396.45,397.18,14225594
2023-02-28 10:30:00,397.2,398.4,396.59,397.89,9637291
2023-02-28 11:30:00,397.89,398.54,396.81,398.3303,6694666
2023-02-28 12:30:00,398.34,399.2,397.92,399.014,6046625
2023-02-28 13:30:00,399.02,399.28,397.73,398.334,8233850
2023-02-28 14:30:00,398.35,399.0,397.0,397.075,13151105
2023-02-28 15:30:00,397.075,397.7124,396.18,396.19,18887205
2023-03-01 09:30:00,395.41,396.69,394.03,394.62,22053470
2023-03-01 10:30:00,394.61,396.5315,393.38,394.38,16004355
2023-03-01 11:30:00,394.39,396.45,394.28,395.7499,10621145
2023-03-01 12:30:00,395.76,396.28,394.8499,394.94,6574152
2023-03-01 13:30:00,394.94,396.5315,394.015,394.06,8707673
2023-03-01 14:30:00,394.06,396.5315,393.63,394.215,10256000
2023-03-01 15:30:00,394.22,395.18,394.11,394.78,10612792
2023-03-02 09:30:00,392.69,394.52,392.33,394.0,15813701
2023-03-02 10:30:00,394.01,395.33,393.51,393.69,9614936
2023-03-02 11:30:00,393.69,394.7249,393.45,393.895,6187018
2023-03-02 12:30:00,393.9,394.58,393.8,394.0599,5808423
2023-03-02 13:30:00,394.06,397.08,394.04,396.94,13540952
2023-03-02 14:30:00,396.95,397.63,379.62,397.431,11071063
2023-03-02 15:30:00,397.43,398.69,394.7249,397.78,14306896
2023-03-03 09:30:00,399.71,401.39,398.73,401.37,18976661
2023-03-03 10:30:00,401.37,401.5,400.52,401.2199,10112191
2023-03-03 11:30:00,401.225,402.33,397.7381,402.19,9348971
2023-03-03 12:30:00,402.19,403.24,397.7381,402.97,8919168
2023-03-03 13:30:00,402.98,403.77,397.7381,403.7399,7456322
2023-03-03 14:30:00,403.72,404.45,397.7381,404.015,10105433
2023-03-03 15:30:00,404.01,404.23,397.7381,404.14,13230043
2023-03-06 09:30:00,405.04,407.0301,404.01,406.63,14405342
2023-03-06 10:30:00,406.63,407.45,395.45,406.505,9426645
2023-03-06 11:30:00,406.495,407.39,404.1518,406.815,5865999
2023-03-06 12:30:00,406.815,406.87,404.1518,405.61,7464957
2023-03-06 13:30:00,405.62,405.6866,398.29,404.95,8501057
2023-03-06 14:30:00,404.95,405.2,403.66,404.1,9308699
2023-03-06 15:30:00,404.1,404.8,404.0,404.46,10429591
2023-03-07 09:30:00,404.42,404.68,400.51,401.68,19581086
2023-03-07 10:30:00,401.69,404.4374,400.02,400.0799,15147199
2023-03-07 11:30:00,400.08,404.4374,399.78,401.0433,13032039
2023-03-07 12:30:00,401.0401,405.19,399.28,399.535,9664315
2023-03-07 13:30:00,399.53,404.47,396.19,398.27,13240373
2023-03-07 14:30:00,398.26,404.47,397.625,398.24,12213265
2023-03-07 15:30:00,398.25,404.4374,398.1,398.26,15552148
2023-03-08 09:30:00,398.39,399.26,396.83,398.62,14714848
2023-03-08 10:30:00,398.63,399.7,398.09,398.6,9334994
2023-03-08 11:30:00,398.6,399.72,397.72,397.98,10001051
2023-03-08 12:30:00,397.975,398.65,396.74,396.8399,9266550
2023-03-08 13:30:00,396.83,398.2943,396.287,397.81,7144020
2023-03-08 14:30:00,397.815,398.2943,396.945,397.2193,6797674
2023-03-08 15:30:00,397.21,399.16,397.1393,398.92,9884484
2023-03-09 09:30:00,399.76,401.48,399.37,400.11,12974377
2023-03-09 10:30:00,400.12,401.08,398.9185,399.25,9353654
2023-03-09 11:30:00,399.27,401.12,398.15,399.18,8070053
2023-03-09 12:30:00,399.18,399.3,396.18,396.4699,10405883
2023-03-09 13:30:00,396.46,398.9267,394.28,394.7412,15067296
2023-03-09 14:30:00,394.73,398.9185,390.52,391.465,20949721
2023-03-09 15:30:00,391.47,398.9185,391.2,391.59,22518079
2023-03-10 09:30:00,390.99,391.6112,387.448275,388.86,38059957
2023-03-10 10:30:00,388.87,392.55,388.44,392.4,22335995
2023-03-10 11:30:00,392.395,393.16,388.27,388.9716,20531749
2023-03-10 12:30:00,388.98,402.75,385.52,385.95,15121588
2023-03-10 13:30:00,386.0,391.6112,384.32,385.37,21073337
2023-03-10 14:30:00,385.36,391.6112,385.31,386.7,20702583
2023-03-10 15:30:00,386.7,391.6112,384.66,385.92,20524784
2023-03-13 09:30:00,381.81,387.31,376.09,383.9405,38714636
2023-03-13 10:30:00,383.97,389.86,383.89,389.64,24480504
2023-03-13 11:30:00,389.65,391.74,385.8992,387.9199,17290860
2023-03-13 12:30:00,387.89,388.77,385.36,386.43,13673810
2023-03-13 13:30:00,386.4194,389.18,385.52,388.405,12253545
2023-03-13 14:30:00,388.4,389.5,385.5,385.95,14250653
2023-03-13 15:30:00,385.95,388.4129,385.045,385.28,16300661
2023-04-13 09:30:00,409.24,410.85,408.7007,410.72,13348242
2023-04-13 10:30:00,410.73,410.89,409.09,410.8,7785970
2023-04-13 11:30:00,410.79,411.5,407.9922,411.41,7720854
2023-04-13 12:30:00,411.41,412.12,407.9922,411.9,7172898
2023-04-13 13:30:00,411.9,413.44,407.9922,413.1399,8773158
2023-04-13 14:30:00,413.13,413.7899,407.9922,413.59,12894009
2023-04-13 15:30:00,413.59,413.84,407.9922,413.445,15629765
2023-04-14 09:30:00,412.82,415.09,412.13,412.3336,16382271
2023-04-14 10:30:00,412.35,413.3948,411.48,411.58,9529338
2023-04-14 11:30:00,411.58,411.9,411.0,411.1493,7061819
2023-04-14 12:30:00,411.14,414.83,410.13,410.6077,7823397
2023-04-14 13:30:00,410.61,413.47,410.06,411.89,6822490
2023-04-14 14:30:00,411.9,413.395,410.65,411.795,10680078
2023-04-14 15:30:00,411.8,413.3948,411.69,412.49,10208434
2023-04-17 09:30:00,412.38,413.19,412.22,412.75,9452834
2023-04-17 10:30:00,412.75,413.11,410.21,412.15,8070469
2023-04-17 11:30:00,412.14,412.64,411.21,411.71,7159935
2023-04-17 12:30:00,411.71,412.5471,411.425,411.98,5485625
2023-04-17 13:30:00,411.985,412.5471,411.08,411.64,6037995
2023-04-17 14:30:00,411.64,413.5462,411.54,413.486,11755703
2023-04-17 15:30:00,413.49,413.96,412.5471,413.94,13257880
2023-04-18 09:30:00,415.58,416.31,413.35,413.51,11913739
2023-04-18 10:30:00,413.52,415.59,412.93,413.495,8599678
2023-04-18 11:30:00,413.506,414.35,412.78,414.17,5458113
2023-04-18 12:30:00,414.17,414.87,413.57,413.67,4819630
2023-04-18 13:30:00,413.66,414.47,412.08,414.2799,7477665
2023-04-18 14:30:00,414.28,414.49,413.08,414.0699,8648438
2023-04-18 15:30:00,414.07,414.595,413.47,414.22,10406675
2023-04-19 09:30:00,412.22,415.59,411.43,412.9812,10981558
2023-04-19 10:30:00,412.99,413.615,412.7879,413.298,7623576
2023-04-19 11:30:00,413.295,413.99,412.39,413.9,4664326
2023-04-19 12:30:00,413.905,415.85,413.83,414.1854,5728372
2023-04-19 13:30:00,414.28,415.08,414.01,414.55,6153050
2023-04-19 14:30:00,414.56,414.78,412.68,414.5,6134543
2023-04-19 15:30:00,414.5,414.64,413.21,414.21,7781806
2023-04-20 09:30:00,411.21,414.2688,411.08,412.23,13776191
2023-04-20 10:30:00,412.23,412.87,411.89,412.21,6620182
2023-04-20 11:30:00,412.21,412.69,411.81,412.63,4980346
2023-04-20 12:30:00,412.6301,413.6,412.54,413.5203,6313857
2023-04-20 13:30:00,413.53,414.2688,412.38,412.4399,7682352
2023-04-20 14:30:00,412.43,414.2688,410.26,410.36,14369947
2023-04-20 15:30:00,410.37,414.2688,410.365,411.88,12727300
2023-04-21 09:30:00,412.2,412.44,410.44,412.075,14560465
2023-04-21 10:30:00,412.06,412.3869,410.17,411.28,11863678
2023-04-21 11:30:00,411.29,412.02,410.81,411.45,6031507
2023-04-21 12:30:00,411.4599,412.02,410.5657,411.53,4993842
2023-04-21 13:30:00,411.54,412.68,411.4977,412.3255,7283201
2023-04-21 14:30:00,412.3288,412.475,411.36,411.82,8382256
2023-04-21 15:30:00,411.82,412.38,411.5222,412.18,11175358
2023-04-24 09:30:00,411.99,413.17,411.94,412.95,8578076
2023-04-24 10:30:00,412.96,413.07,411.11,411.24,9100531
2023-04-24 11:30:00,411.24,412.79,410.6,411.39,6698914
2023-04-24 12:30:00,411.4,413.36,410.8301,411.7599,4856343
2023-04-24 13:30:00,411.76,412.41,411.7,412.02,7242270
2023-04-24 14:30:00,412.02,412.55,411.7,412.295,6889659
2023-04-24 15:30:00,412.2982,412.64,411.9,412.63,13654867
2023-04-25 09:30:00,410.59,411.16,409.42,409.67,13406313
2023-04-25 10:30:00,409.67,412.5486,409.12,409.58,8501958
2023-04-25 11:30:00,409.56,412.5486,408.83,408.9098,8268126
2023-04-25 12:30:00,408.9,412.5486,406.97,407.5369,10174722
2023-04-25 13:30:00,407.52,412.6339,406.57,407.196,10081231
2023-04-25 14:30:00,407.195,412.5486,406.51,406.9,10696259
2023-04-25 15:30:00,406.91,412.5486,406.02,406.12,18700110
2023-04-26 09:30:00,406.75,407.27,405.02,405.38,11999668
2023-04-26 10:30:00,405.38,407.55,405.341,407.15,11530367
2023-04-26 11:30:00,407.145,407.84,406.79,407.1301,6358332
2023-04-26 12:30:00,407.13,407.2063,406.0349,406.254,6705078
2023-04-26 13:30:00,406.25,406.42,404.58,405.305,8731649
2023-04-26 14:30:00,405.3,406.0349,403.9401,404.2901,10218185
2023-04-26 15:30:00,404.3,406.0349,403.78,404.37,12992476
2023-04-27 09:30:00,406.99,408.53,404.486,408.19,15443624
2023-04-27 10:30:00,408.195,408.96,404.486,408.79,8938248
2023-04-27 11:30:00,408.78,409.68,404.486,409.5125,8128573
2023-04-27 12:30:00,409.515,410.37,409.4,410.08,5414409
2023-04-27 13:30:00,410.08,411.8,404.36,411.7,10111603
2023-04-27 14:30:00,411.7,412.69,404.486,412.3301,13460393
2023-04-27 15:30:00,412.33,412.66,404.486,412.4,16076316
2023-04-28 09:30:00,411.49,414.81,411.08,414.695,16568555
2023-04-28 10:30:00,414.6999,414.8,412.31,413.7499,12997325
2023-04-28 11:30:00,413.745,415.11,412.91,414.945,6810855
2023-04-28 12:30:00,414.942,415.54,414.56,415.4499,4994056
2023-04-28 13:30:00,415.4499,416.69,412.41,414.78,8666778
2023-04-28 14:30:00,414.79,415.58,412.4313,414.9299,10254133
2023-04-28 15:30:00,414.915,415.94,409.31,415.93,13786284
2023-05-01 09:30:00,415.46,416.7897,415.38,416.0,11244796
2023-05-01 10:30:00,415.99,417.14,415.57,415.86,7750812
2023-05-01 11:30:00,415.85,416.91,415.705,416.8078,5233734
2023-05-01 12:30:00,416.8,417.62,416.45,416.8399,6276247
2023-05-01 13:30:00,416.84,417.1976,415.93,416.56,5650009
2023-05-01 14:30:00,416.57,416.57,415.42,415.79,8627240
2023-05-01 15:30:00,415.8,416.09,415.21,415.53,10706244
2023-05-02 09:30:00,414.77,415.6645,410.57,410.98,17020965
2023-05-02 10:30:00,410.98,415.6645,408.12,408.42,23269456
2023-05-02 11:30:00,408.42,415.6645,407.81,409.3115,12956685
2023-05-02 12:30:00,409.32,415.6645,408.8319,410.255,9559369
2023-05-02 13:30:00,410.25,415.6645,409.79,410.205,10449985
2023-05-02 14:30:00,410.22,415.6645,410.02,411.34,10408678
2023-05-02 15:30:00,411.34,415.6645,410.46,410.87,13232864
2023-05-03 09:30:00,411.36,413.71,411.25,411.4391,9862653
2023-05-03 10:30:00,411.43,412.0,410.3,410.64,7515686
2023-05-03 11:30:00,410.64,412.02,410.45,411.7599,5119931
2023-05-03 12:30:00,411.76,412.52,411.4501,412.43,4193095
2023-05-03 13:30:00,412.44,413.52,410.84,412.56,12190161
2023-05-03 14:30:00,412.57,413.88,408.74,408.825,26390742
2023-05-03 15:30:00,408.83,410.99,407.77,407.99,15174833
2023-05-04 09:30:00,406.93,408.0375,404.0,404.015,18770768
2023-05-04 10:30:00,404.03,408.0375,403.86,405.24,15471443
2023-05-04 11:30:00,405.24,408.0375,403.73,405.425,9472155
2023-05-04 12:30:00,405.43,407.16,404.67,406.5299,9258146
2023-05-04 13:30:00,406.53,408.0375,405.1452,405.16,7591006
2023-05-04 14:30:00,405.155,412.0,404.5,405.34,10395007
2023-05-04 15:30:00,405.3,408.0375,404.79,405.17,11355018
2023-05-05 09:30:00,408.91,411.12,408.64,410.8,16034941
2023-05-05 10:30:00,410.8,411.64,405.1139,411.318,9925427
2023-05-05 11:30:00,411.32,411.34,405.1139,410.78,5621724
2023-05-05 12:30:00,410.79,411.54,410.19,411.48,5199237
2023-05-05 13:30:00,411.485,412.6581,405.0962,412.4799,7458663
2023-05-05 14:30:00,412.48,413.72,405.1139,413.09,10383170
2023-05-05 15:30:00,413.1,413.21,405.1139,412.61,17054224
2023-05-08 09:30:00,412.96,413.13,410.935,411.84,10014700
2023-05-08 10:30:00,411.85,412.85,411.68,412.115,6344751
2023-05-08 11:30:00,412.12,412.7799,411.84,412.36,4341667
2023-05-08 12:30:00,412.37,412.61,411.99,412.44,4696241
2023-05-08 13:30:00,412.45,412.98,411.28,412.7968,7931830
2023-05-08 14:30:00,412.8,413.24,412.42,412.5699,5985814
2023-05-08 15:30:00,412.56,413.1,412.455,412.79,6130474
2023-05-09 09:30:00,411.13,412.15,410.68,411.29,9663491
2023-05-09 10:30:00,411.3,412.795,410.69,411.26,5373647
2023-05-09 11:30:00,411.275,411.69,410.81,410.87,4270791
2023-05-09 12:30:00,410.865,412.8099,410.82,411.38,3672714
2023-05-09 13:30:00,411.38,412.8099,411.23,411.7899,5086934
2023-05-09 14:30:00,411.79,412.8099,411.11,411.4901,5774411
2023-05-09 15:30:00,411.49,412.8099,410.81,410.96,9057544
2023-05-10 09:30:00,413.88,414.54,410.9327,412.11,18171597
2023-05-10 10:30:00,412.1193,412.56,410.18,411.92,11209611
2023-05-10 11:30:00,411.915,413.3,410.9,411.3883,7470397
2023-05-10 12:30:00,411.39,411.716,408.97,409.22,7409497
2023-05-10 13:30:00,409.22,411.2531,408.86,411.01,9944064
2023-05-10 14:30:00,411.01,413.62,410.9327,413.18,12434034
2023-05-10 15:30:00,413.18,413.79,410.9327,412.8,16481477
2023-05-11 09:30:00,411.94,412.09,409.97,410.875,15434692
2023-05-11 10:30:00,410.89,412.8587,410.115,411.45,9450483
2023-05-11 11:30:00,411.455,412.26,411.05,411.8299,6655542
2023-05-11 12:30:00,411.82,412.18,411.27,411.42,4173261
2023-05-11 13:30:00,411.41,412.8587,410.27,411.52,7241653
2023-05-11 14:30:00,411.52,412.43,411.3862,411.975,6906779
2023-05-11 15:30:00,411.97,412.8587,411.46,412.16,8698833
2023-05-12 09:30:00,413.41,414.04,410.96,411.97,11590168
2023-05-12 10:30:00,411.97,412.2495,410.6,410.84,7874277
2023-05-12 11:30:00,410.85,412.2495,410.0,410.09,7176758
2023-05-12 12:30:00,410.09,413.43,409.31,410.315,6944714
2023-05-12 13:30:00,410.31,412.13,409.07,409.5294,6754934
2023-05-12 14:30:00,409.52,412.2495,409.11,410.39,6903712
2023-05-12 15:30:00,410.38,412.2495,410.3421,411.61,11266939
2023-05-15 09:30:00,412.22,412.29,410.23,411.02,10500327
2023-05-15 10:30:00,411.015,412.2,410.97,411.97,6784957
2023-05-15 11:30:00,411.97,412.21,410.97,411.9309,4704426
2023-05-15 12:30:00,411.94,413.44,410.97,412.3,6899982
2023-05-15 13:30:00,412.305,412.68,411.57,412.23,5789624
2023-05-15 14:30:00,412.24,413.0,412.135,412.76,4268140
2023-05-15 15:30:00,412.755,413.03,382.13,413.01,8381285
2023-05-16 09:30:00,411.86,412.82,408.21,411.82,11856095
2023-05-16 10:30:00,411.81,412.11,410.9601,411.9199,6456736
2023-05-16 11:30:00,411.929,412.065,411.02,411.866,5377145
2023-05-16 12:30:00,411.8699,412.33,411.465,411.57,4495535
2023-05-16 13:30:00,411.58,413.01,411.17,411.29,6338062
2023-05-16 14:30:00,411.3,412.8896,411.01,411.7023,5666285
2023-05-16 15:30:00,411.7,412.8896,410.24,410.25,9743663
2023-05-17 09:30:00,412.35,412.41,408.07,411.73,12683350
2023-05-17 10:30:00,411.73,412.835,410.3407,412.125,10512939
2023-05-17 11:30:00,412.12,412.9,410.3407,412.87,6521810
2023-05-17 12:30:00,412.86,415.35,410.3407,415.22,15371572
2023-05-17 13:30:00,415.22,415.86,410.25,415.2372,11018748
2023-05-17 14:30:00,415.21,415.42,410.3407,414.6581,10212281
2023-05-17 15:30:00,414.65,415.51,410.3407,415.21,13041826
2023-05-18 09:30:00,414.9,416.9,414.63,416.89,14860846
2023-05-18 10:30:00,416.89,417.93,415.2865,417.295,11897250
2023-05-18 11:30:00,417.3,418.06,415.04,416.0528,11210194
2023-05-18 12:30:00,416.16,417.21,415.2865,416.135,8169186
2023-05-18 13:30:00,416.14,416.8001,415.23,416.53,7180016
2023-05-18 14:30:00,416.538,417.99,415.2865,417.78,9502515
2023-05-18 15:30:00,417.78,419.67,415.2865,419.23,21057332
2023-05-19 09:30:00,420.17,420.73,419.2076,420.56,16075836
2023-05-19 10:30:00,420.55,420.72,418.51,418.52,19649485
2023-05-19 11:30:00,418.51,420.6,417.35,418.22,15745740
2023-05-19 12:30:00,418.21,419.2076,417.495,418.76,7289562
2023-05-19 13:30:00,418.77,420.32,417.47,417.87,8049531
2023-05-19 14:30:00,417.855,419.23,417.685,418.1829,9134139
2023-05-19 15:30:00,418.19,419.2076,417.99,418.61,13303379
2023-05-22 09:30:00,418.64,420.45,417.35,419.14,14656407
2023-05-22 10:30:00,419.13,419.4,418.03,419.2908,6907646
2023-05-22 11:30:00,419.3,419.5,418.5,418.895,5086874
2023-05-22 12:30:00,418.901,419.43,418.25,419.075,5854111
2023-05-22 13:30:00,419.08,419.71,418.5,419.695,5198834
2023-05-22 14:30:00,419.7,420.24,418.6499,419.045,8620828
2023-05-22 15:30:00,419.05,419.09,418.405,418.78,8098748
2023-05-23 09:30:00,417.08,420.09,416.84,417.73,10871190
2023-05-23 10:30:00,417.72,418.722,417.14,417.885,5523064
2023-05-23 11:30:00,417.89,418.722,417.15,417.2398,6271301
2023-05-23 12:30:00,417.24,419.23,415.71,415.7901,11896374
2023-05-23 13:30:00,415.79,418.79,413.6701,414.345,13756529
2023-05-23 14:30:00,414.35,418.722,413.885,414.75,10937297
2023-05-23 15:30:00,414.76,418.722,414.05,414.09,14116203
2023-07-13 09:30:00,447.9,448.69,447.45,447.8791,11550564
2023-07-13 10:30:00,447.88,448.51,445.8426,448.08,9227907
2023-07-13 11:30:00,448.09,448.74,442.4533,448.585,6788649
2023-07-13 12:30:00,448.58,448.91,445.8426,448.6689,6480258
2023-07-13 13:30:00,448.67,449.28,445.8426,448.8809,5511392
2023-07-13 14:30:00,448.89,449.9,428.23,449.795,7860108
2023-07-13 15:30:00,449.79,450.38,445.8426,449.53,13699605
2023-07-14 09:30:00,450.48,451.36,446.38,450.4394,13155894
2023-07-14 10:30:00,450.43,450.725,449.51,450.3975,10988957
2023-07-14 11:30:00,450.4,450.818,449.628,449.755,7679280
2023-07-14 12:30:00,449.76,450.1199,449.1899,449.75,6157544
2023-07-14 13:30:00,449.75,450.3,449.535,449.59,5015591
2023-07-14 14:30:00,449.6,449.82,448.63,449.125,7915323
2023-07-14 15:30:00,449.125,449.628,448.49,449.28,10411376
2023-07-17 09:30:00,449.13,450.09,449.04,449.84,9746528
2023-07-17 10:30:00,449.85,450.59,449.66,450.385,5149093
2023-07-17 11:30:00,450.38,450.74,450.2,450.24,5269305
2023-07-17 12:30:00,450.24,450.695,449.1652,450.47,3564036
2023-07-17 13:30:00,450.465,451.13,449.1652,451.0101,4295410
2023-07-17 14:30:00,451.01,451.93,442.83,451.54,6528444
2023-07-17 15:30:00,451.53,451.535,450.6,450.855,10132627
2023-07-18 09:30:00,450.5,451.84,448.46,451.645,10209403
2023-07-18 10:30:00,451.65,452.7,451.34,452.32,6104772
2023-07-18 11:30:00,452.33,453.3784,450.8964,452.9801,8600965
2023-07-18 12:30:00,452.98,453.4,450.8964,453.1801,5635613
2023-07-18 13:30:00,453.19,454.34,443.79,454.305,6600331
2023-07-18 14:30:00,454.315,454.85,450.8964,454.4881,8757453
2023-07-18 15:30:00,454.48,457.49,450.8964,454.18,18285908
2023-07-19 09:30:00,455.03,456.67,454.1119,455.82,12971979
2023-07-19 10:30:00,455.8,456.17,412.81,455.75,10301706
2023-07-19 11:30:00,455.755,456.43,454.1119,455.37,7890667
2023-07-19 12:30:00,455.36,455.75,454.1119,455.15,6075337
2023-07-19 13:30:00,455.14,456.09,454.0,454.71,5999351
2023-07-19 14:30:00,454.71,456.07,454.1119,455.82,6104871
2023-07-19 15:30:00,455.81,455.8199,454.1119,455.13,8815425
2023-07-20 09:30:00,454.16,455.1,451.55,453.475,12113586
2023-07-20 10:30:00,453.49,455.01,452.8,453.73,8972334
2023-07-20 11:30:00,453.74,454.7888,453.55,453.87,7162218
2023-07-20 12:30:00,453.88,455.2226,450.23,453.65,6249115
2023-07-20 13:30:00,453.66,455.2226,441.67,452.09,6451792
2023-07-20 14:30:00,452.1,455.2226,412.97,451.515,9511069
2023-07-20 15:30:00,451.52,455.2226,451.5125,452.18,11136254
2023-07-21 09:30:00,453.93,454.07,452.2,452.3064,12768291
2023-07-21 10:30:00,452.3,456.11,452.1469,453.8449,6289098
2023-07-21 11:30:00,453.85,454.05,452.58,453.1101,7333313
2023-07-21 12:30:00,453.11,455.0,452.1469,453.7787,5758106
2023-07-21 13:30:00,453.78,455.49,452.1469,453.33,6556260
2023-07-21 14:30:00,453.33,453.8,452.1469,452.6718,6806192
2023-07-21 15:30:00,452.68,452.75,452.1469,452.19,13247776
2023-07-24 09:30:00,453.37,454.46,449.28,454.12,11363718
2023-07-24 10:30:00,454.13,454.75,452.298,454.285,6724598
2023-07-24 11:30:00,454.282,454.71,452.298,454.5023,4725061
2023-07-24 12:30:00,454.505,454.635,453.9908,454.4601,3012540
2023-07-24 13:30:00,454.465,455.09,452.18,454.6035,6303547
2023-07-24 14:30:00,454.61,454.88,452.298,453.49,6197714
2023-07-24 15:30:00,453.49,454.24,452.298,454.2,9378289
2023-07-25 09:30:00,453.92,456.1,453.87,454.7476,7970362
2023-07-25 10:30:00,454.7494,455.09,454.1296,454.98,5567319
2023-07-25 11:30:00,455.0,455.6099,454.96,455.375,6561567
2023-07-25 12:30:00,455.37,456.12,454.71,455.99,4461908
2023-07-25 13:30:00,455.995,456.47,454.1296,456.385,6190274
2023-07-25 14:30:00,456.385,459.43,454.1296,455.9801,6457601
2023-07-25 15:30:00,455.98,458.94,454.1296,455.4,10558615
2023-07-26 09:30:00,454.471,455.16,454.42,454.73,6709340
2023-07-26 10:30:00,454.72,454.85,453.3,454.36,5561154
2023-07-26 11:30:00,454.36,455.4117,454.33,454.64,4298661
2023-07-26 12:30:00,454.64,454.79,454.025,454.295,3945371
2023-07-26 13:30:00,454.2987,455.44,453.81,454.34,6828277
2023-07-26 14:30:00,454.35,456.99,446.38,454.51,19685517
2023-07-26 15:30:00,454.505,455.54,454.055,455.51,14946834
2023-07-27 09:30:00,459.02,459.45,455.3734,457.69,12561399
2023-07-27 10:30:00,457.7,458.67,455.3734,457.7088,9593973
2023-07-27 11:30:00,457.71,458.41,455.3734,458.3801,5863447
2023-07-27 12:30:00,458.39,458.6,455.3734,456.3,8868175
2023-07-27 13:30:00,456.31,458.35,453.83,453.935,12724122
2023-07-27 14:30:00,453.92,455.3734,452.41,452.736,15454870
2023-07-27 15:30:00,452.74,455.3734,451.55,452.48,15573351
2023-07-28 09:30:00,455.88,458.98,452.4918,456.3999,15718138
2023-07-28 10:30:00,456.395,457.6195,410.93,457.44,8739378
2023-07-28 11:30:00,457.445,458.05,452.4918,457.5957,6909239
2023-07-28 12:30:00,457.6,457.647888,452.4918,456.1512,6335003
2023-07-28 13:30:00,456.15,458.07,452.49,456.9021,8693032
2023-07-28 14:30:00,456.9086,458.83,452.4918,456.666,8218330
2023-07-28 15:30:00,456.665,457.18,452.4565,456.91,14886584
2023-07-31 09:30:00,457.41,458.98,456.5,457.71,10494081
2023-07-31 10:30:00,457.7,457.89,457.12,457.28,5072015
2023-07-31 11:30:00,457.3,457.37,456.6801,457.21,6221589
2023-07-31 12:30:00,457.2,457.24,456.24,456.61,4254467
2023-07-31 13:30:00,456.61,457.179,456.48,456.68,4099949
2023-07-31 14:30:00,456.68,457.18,456.45,456.685,5554723
2023-07-31 15:30:00,456.68,457.84,456.045,457.79,13635371
2023-08-01 09:30:00,456.27,457.6495,455.53,455.93,13974210
2023-08-01 10:30:00,455.93,457.6495,455.775,456.2591,6504512
2023-08-01 11:30:00,456.25,457.6495,454.0,455.78,5646910
2023-08-01 12:30:00,455.785,457.6495,455.49,456.335,4009860
2023-08-01 13:30:00,456.34,457.7941,455.9731,456.595,5147630
2023-08-01 14:30:00,456.59,457.6495,456.49,456.68,4992353
2023-08-01 15:30:00,456.68,457.6495,456.19,456.465,7554452
2023-08-02 09:30:00,453.25,456.4349,451.6,451.97,17300401
2023-08-02 10:30:00,451.97,456.4349,450.44,451.12,13634983
2023-08-02 11:30:00,451.12,456.4349,449.97,450.2396,10400750
2023-08-02 12:30:00,450.23,456.4349,450.07,451.105,6467510
2023-08-02 13:30:00,451.11,456.48,450.45,450.7878,5584619
2023-08-02 14:30:00,450.7881,456.4349,449.375,449.415,8124297
2023-08-02 15:30:00,449.4177,456.4349,449.34,450.14,16705905
2023-08-03 09:30:00,448.04,449.3,447.4,447.43,13921820
2023-08-03 10:30:00,447.43,450.1474,429.9,449.38,9813518
2023-08-03 11:30:00,449.4,450.1474,448.3,449.67,6235546
2023-08-03 12:30:00,449.675,450.8,449.665,450.47,6119479
2023-08-03 13:30:00,450.47,450.6457,449.25,449.805,5765316
2023-08-03 14:30:00,449.805,452.18,448.77,449.24,5857741
2023-08-03 15:30:00,449.23,450.1474,448.78,448.84,8612837
2023-08-04 09:30:00,450.72,456.25,448.77,450.44,14211878
2023-08-04 10:30:00,450.43,451.59,449.0311,451.555,8111321
2023-08-04 11:30:00,451.555,452.51,449.53,452.5,6581076
2023-08-04 12:30:00,452.5,456.187871,451.41,451.66,6537750
2023-08-04 13:30:00,451.66,451.85,447.9,448.19,16060037
2023-08-04 14:30:00,448.1988,449.0311,446.662,447.1095,16816695
2023-08-04 15:30:00,447.11,449.0311,446.27,446.8,17661831
2023-08-07 09:30:00,448.71,449.77,446.6673,449.62,13692667
2023-08-07 10:30:00,449.62,449.9,446.6673,448.68,7643845
2023-08-07 11:30:00,448.68,449.68,446.6673,449.565,5615856
2023-08-07 12:30:00,449.5694,449.97,448.3,449.647,3895414
2023-08-07 13:30:00,449.65,450.51,446.6673,449.62,4973394
2023-08-07 14:30:00,449.635,450.4,449.61,449.75,4152450
2023-08-07 15:30:00,449.75,450.865,449.62,450.7,8858833
2023-08-08 09:30:00,448.08,450.6952,445.4,446.19,16598800
2023-08-08 10:30:00,446.19,446.39,445.27,446.19,8576106
2023-08-08 11:30:00,446.19,450.6952,445.0,446.46,6954918
2023-08-08 12:30:00,446.47,450.6952,446.22,446.935,7426554
2023-08-08 13:30:00,446.93,450.71,445.8,447.675,6309582
2023-08-08 14:30:00,447.68,450.6952,397.3,448.57,7116084
2023-08-08 15:30:00,448.575,450.6952,448.1832,448.75,10617692
2023-08-09 09:30:00,449.05,449.2,447.71,448.47,8391878
2023-08-09 10:30:00,448.45,448.8321,445.85,446.02,9499435
2023-08-09 11:30:00,446.02,446.4,444.96,445.965,8363181
2023-08-09 12:30:00,445.965,447.56,445.94,447.42,6916603
2023-08-09 13:30:00,447.415,448.75,447.36,448.51,6393763
2023-08-09 14:30:00,448.515,448.8868,447.43,447.8036,8328007
2023-08-09 15:30:00,447.805,448.8321,445.425,445.75,18504901
2023-08-10 09:30:00,448.19,451.71,445.7328,450.945,17159673
2023-08-10 10:30:00,450.955,451.31,445.7328,448.83,13395038
2023-08-10 11:30:00,448.86,451.28,445.7328,446.8701,11883711
2023-08-10 12:30:00,446.87,451.28,445.72,446.0403,9173230
2023-08-10 13:30:00,446.04,447.06,444.7,446.4401,10478491
2023-08-10 14:30:00,446.45,447.48,445.88,446.21,8375355
2023-08-10 15:30:00,446.2,446.3009,445.025,445.93,12336831
2023-08-11 09:30:00,443.97,446.67,443.345,446.0569,13496650
2023-08-11 10:30:00,446.055,446.7007,444.13,444.57,7651553
2023-08-11 11:30:00,444.57,445.92,444.31,445.0768,6735009
2023-08-11 12:30:00,445.08,445.52,444.44,445.44,5463557
2023-08-11 13:30:00,445.44,445.94,444.42,445.66,6532174
2023-08-11 14:30:00,445.655,446.24,445.16,445.87,8118008
2023-08-11 15:30:00,445.86,446.16,444.99,445.58,10865632
2023-08-14 09:30:00,444.7,446.56,443.94,445.91,10250353
2023-08-14 10:30:00,445.9099,447.6,445.4554,447.15,7824736
2023-08-14 11:30:00,447.16,447.76,446.37,446.67,4701003
2023-08-14 12:30:00,446.69,447.65,445.32,447.335,3628745
2023-08-14 13:30:00,447.34,447.51,445.65,446.805,3985575
2023-08-14 14:30:00,446.815,447.17,446.3,446.85,4503493
2023-08-14 15:30:00,446.85,448.11,446.71,448.09,7518160
2023-08-15 09:30:00,446.26,448.0796,443.71,444.03,14742884
2023-08-15 10:30:00,444.03,448.0796,443.46,444.848,8451102
2023-08-15 11:30:00,444.84,445.35,444.2127,444.66,6077661
2023-08-15 12:30:00,444.67,448.0796,443.81,444.51,5113258
2023-08-15 13:30:00,444.52,448.11,443.66,443.8899,6803824
2023-08-15 14:30:00,443.89,448.0796,442.64,442.66,7036452
2023-08-15 15:30:00,442.66,448.0796,442.3,442.94,15829746
2023-08-16 09:30:00,442.46,444.18,442.38,443.4,10128512
2023-08-16 10:30:00,443.39,444.16,442.88,443.5299,6202085
2023-08-16 11:30:00,443.5162,443.59,441.71,441.811,6995822
2023-08-16 12:30:00,441.81,443.0,440.98,441.325,6740473
2023-08-16 13:30:00,441.325,443.3333,440.87,442.62,9055870
2023-08-16 14:30:00,442.61,443.09,439.79,440.125,11926458
2023-08-16 15:30:00,440.13,442.9814,439.53,439.63,16606027
2023-08-17 09:30:00,441.16,441.43,439.4,440.15,11886158
2023-08-17 10:30:00,440.15,440.58,439.29,439.32,9732381
2023-08-17 11:30:00,439.33,441.44,438.97,440.37,7681380
2023-08-17 12:30:00,440.38,440.61,439.17,439.31,9024076
2023-08-17 13:30:00,439.31,443.97,438.05,438.52,9075425
2023-08-17 14:30:00,438.52,439.7256,435.75,436.79,15541686
2023-08-17 15:30:00,436.81,439.7256,435.98,436.26,17060849
2023-08-18 09:30:00,433.37,436.3672,432.7134,433.87,18773958
2023-08-18 10:30:00,433.88,436.3672,432.6635,435.265,17214915
2023-08-18 11:30:00,435.27,436.5581,434.35,435.7296,8687244
2023-08-18 12:30:00,435.735,436.53,434.01,435.55,8346110
2023-08-18 13:30:00,435.55,436.3672,435.15,435.95,9039338
2023-08-18 14:30:00,435.949,440.22,435.36,436.14,10345417
2023-08-18 15:30:00,436.135,437.57,435.73,436.46,16620212
2023-08-21 09:30:00,437.55,439.0,436.55,436.64,11562629
2023-08-21 10:30:00,436.6344,437.09,435.82,435.9956,9104805
2023-08-21 11:30:00,435.995,437.0,435.32,436.91,7117169
2023-08-21 12:30:00,436.91,438.7,436.3092,437.9064,7203228
2023-08-21 13:30:00,437.899,445.0,436.5,438.3499,7856755
2023-08-21 14:30:00,438.36,439.72,436.3092,439.405,7484517
2023-08-21 15:30:00,439.405,440.35,436.3092,439.34,10876282
2023-08-22 09:30:00,441.17,441.19,439.3096,439.58,11689858
2023-08-22 10:30:00,439.59,439.8799,438.64,439.38,7722604
2023-08-22 11:30:00,439.39,439.76,437.76,438.55,7082364
2023-08-22 12:30:00,438.55,439.369,437.625,438.23,6013936
2023-08-22 13:30:00,438.24,439.34,437.67,438.585,5805300
2023-08-22 14:30:00,438.6,439.48,438.01,438.49,7921554
2023-08-22 15:30:00,438.49,439.3096,437.57,438.11,10194515
2023-10-06 09:30:00,421.97,423.04,420.6,422.98,17771442
2023-10-06 10:30:00,422.99,426.205,422.975,425.8,16475660
2023-10-06 11:30:00,425.8,429.28,423.9,428.26,16379838
2023-10-06 12:30:00,428.26,429.69,424.5027,429.435,8756795
2023-10-06 13:30:00,429.439,430.465,421.54,430.44,8400108
2023-10-06 14:30:00,430.44,431.125,422.77,430.7715,11362942
2023-10-06 15:30:00,430.77,430.95,424.5027,429.52,18020366
2023-10-09 09:30:00,427.58,429.5176,427.35,428.32,12773592
2023-10-09 10:30:00,428.32,429.5176,427.01,428.665,8640124
2023-10-09 11:30:00,428.6699,429.98,428.285,429.16,7360734
2023-10-09 12:30:00,429.15,429.94,428.53,429.93,5905270
2023-10-09 13:30:00,429.92,433.29,429.5176,432.4399,10893451
2023-10-09 14:30:00,432.44,433.35,429.26,432.26,12047540
2023-10-09 15:30:00,432.25,432.29,429.5176,432.27,10553978
2023-10-10 09:30:00,432.98,435.25,432.53,435.04,12661230
2023-10-10 10:30:00,435.05,437.9511,432.2305,436.37,12634744
2023-10-10 11:30:00,436.375,437.22,436.24,437.05,7211675
2023-10-10 12:30:00,437.06,437.15,432.2305,435.405,11655843
2023-10-10 13:30:00,435.41,435.71,429.54,434.765,7337749
2023-10-10 14:30:00,434.79,435.74,434.29,434.745,8612438
2023-10-10 15:30:00,434.75,436.59,426.53,434.48,12006065
2023-10-11 09:30:00,435.65,436.46,434.67,435.01,10138713
2023-10-11 10:30:00,435.02,435.84,434.26,434.45,7755662
2023-10-11 11:30:00,434.44,435.05,433.66,433.89,6319488
2023-10-11 12:30:00,433.9,434.4998,433.3601,433.71,6925661
2023-10-11 13:30:00,433.7,435.31,433.17,434.63,6801201
2023-10-11 14:30:00,434.64,436.11,434.58,435.42,6370763
2023-10-11 15:30:00,435.42,436.89,434.4998,436.31,11041239
2023-10-12 09:30:00,436.95,437.0,434.98,435.915,10406222
2023-10-12 10:30:00,435.92,436.9,435.1923,436.17,8113399
2023-10-12 11:30:00,436.17,437.34,435.05,437.2004,5889845
2023-10-12 12:30:00,437.21,437.28,433.35,433.4106,11365698
2023-10-12 13:30:00,433.415,436.79,431.23,432.59,16692845
2023-10-12 14:30:00,432.585,434.18,432.34,433.38,10635962
2023-10-12 15:30:00,433.385,434.295,433.3168,433.7,9687559
2023-10-13 09:30:00,435.21,436.451,434.14,434.45,12544370
2023-10-13 10:30:00,434.445,435.11,431.6,432.14,11788128
2023-10-13 11:30:00,432.15,435.67,431.035,432.9097,9727585
2023-10-13 12:30:00,432.903,433.6845,430.13,430.185,9842567
2023-10-13 13:30:00,430.19,433.6845,429.88,431.43,11786336
2023-10-13 14:30:00,431.44,433.6845,430.77,431.0788,10760570
2023-10-13 15:30:00,431.08,433.6845,430.33,431.55,16454448
2023-10-16 09:30:00,433.81,435.95,410.21,435.925,12795012
2023-10-16 10:30:00,435.92,437.14,434.36,436.5687,10644622
2023-10-16 11:30:00,436.57,436.71,435.48,436.08,6149359
2023-10-16 12:30:00,436.0801,436.86,434.32,435.6393,7551412
2023-10-16 13:30:00,435.65,436.72,431.5,435.95,6202347
2023-10-16 14:30:00,435.95,436.92,435.605,436.88,7040630
2023-10-16 15:30:00,436.89,436.96,431.5269,436.01,15685483
2023-10-17 09:30:00,432.83,436.0934,432.45,434.68,15365279
2023-10-17 10:30:00,434.6796,436.4,434.48,435.9424,8625403
2023-10-17 11:30:00,435.95,438.08,432.95,438.0793,9571248
2023-10-17 12:30:00,438.08,438.14,436.23,436.325,7148779
2023-10-17 13:30:00,436.32,436.5,434.6101,435.1501,8891168
2023-10-17 14:30:00,435.15,436.89,434.2212,435.48,9238652
2023-10-17 15:30:00,435.483,436.515,433.815,436.09,10703998
2023-10-18 09:30:00,434.19,436.0482,433.2,433.56,13774901
2023-10-18 10:30:00,433.5488,436.0482,432.21,432.87,12153158
2023-10-18 11:30:00,432.8786,436.0482,427.31,432.01,9472334
2023-10-18 12:30:00,432.01,436.0482,431.09,433.015,12160898
2023-10-18 13:30:00,433.0001,436.0482,431.31,432.061,10123635
2023-10-18 14:30:00,432.065,432.58,430.29,430.47,10374271
2023-10-18 15:30:00,430.47,436.0482,429.09,430.25,17847539
2023-10-19 09:30:00,430.95,431.39,428.9,429.0188,11699478
2023-10-19 10:30:00,429.015,430.88,428.45,429.48,9713642
2023-10-19 11:30:00,429.49,432.8299,428.26,430.12,16451134
2023-10-19 12:30:00,430.12,432.39,427.72,431.21,21160965
2023-10-19 13:30:00,431.23,431.75,428.74,429.0204,12613896
2023-10-19 14:30:00,429.04,432.2,426.33,426.78,20148840
2023-10-19 15:30:00,426.78,432.0,424.915,426.43,19637077
2023-10-20 09:30:00,425.98,426.6121,423.25,423.3691,17658794
2023-10-20 10:30:00,423.37,426.6121,422.08,422.29,17085774
2023-10-20 11:30:00,422.3,426.6121,421.91,422.9845,18496625
2023-10-20 12:30:00,422.99,426.6121,422.9199,424.1801,10455073
2023-10-20 13:30:00,424.19,426.6121,422.465,422.5901,10446375
2023-10-20 14:30:00,422.6,426.6121,421.74,422.33,15084946
2023-10-20 15:30:00,422.3299,426.6121,421.08,421.21,19793321
2023-10-23 09:30:00,419.61,421.64,417.8,420.83,18069675
2023-10-23 10:30:00,420.82,423.18,420.06,422.39,12092923
2023-10-23 11:30:00,422.395,423.03,421.2491,422.8134,10200458
2023-10-23 12:30:00,422.84,424.45,421.2491,422.88,8703365
2023-10-23 13:30:00,422.88,423.8601,421.19,422.425,7732400
2023-10-23 14:30:00,422.42,423.17,420.9399,421.05,9623480
2023-10-23 15:30:00,421.06,421.355,420.24,420.45,16420536
2023-10-24 09:30:00,422.64,424.44,422.43,424.43,14935977
2023-10-24 10:30:00,424.42,424.82,422.85,422.97,9358195
2023-10-24 11:30:00,422.965,423.565,420.549,421.56,9357132
2023-10-24 12:30:00,421.5799,422.17,419.58,422.1399,8889082
2023-10-24 13:30:00,422.15,422.96,420.46,422.96,6432220
2023-10-24 14:30:00,422.96,424.15,422.96,424.05,7403333
2023-10-24 15:30:00,424.05,424.18,420.46,423.62,11552243
2023-10-25 09:30:00,421.89,423.6012,419.01,419.3095,15949631
2023-10-25 10:30:00,419.3,421.43,419.14,420.91,13211675
2023-10-25 11:30:00,420.91,421.085,418.17,419.22,9072781
2023-10-25 12:30:00,419.21,423.6012,417.76,417.94,10169839
2023-10-25 13:30:00,417.93,423.63,417.015,417.735,10753684
2023-10-25 14:30:00,417.735,423.6012,416.95,417.9499,9159244
2023-10-25 15:30:00,417.945,423.6012,417.4,417.61,16837546
2023-10-26 09:30:00,416.45,417.72,414.37,415.4,18438222
2023-10-26 10:30:00,415.4,416.88,413.7,414.3697,12463200
2023-10-26 11:30:00,414.38,417.5388,412.295,413.0091,13066504
2023-10-26 12:30:00,413.0,413.21,411.11,412.25,11406215
2023-10-26 13:30:00,412.25,417.55,411.6,414.205,12052750
2023-10-26 14:30:00,414.215,419.58,413.89,414.195,13655004
2023-10-26 15:30:00,414.19,419.58,411.25,412.59,20601354
2023-10-27 09:30:00,414.19,414.47,412.16,413.0,16250249
2023-10-27 10:30:00,413.01,414.6,411.865,413.94,12337503
2023-10-27 11:30:00,413.95,416.4,412.02,412.52,8037055
2023-10-27 12:30:00,412.53,412.95,410.31,410.77,13310390
2023-10-27 13:30:00,410.77,412.6084,409.6,409.8206,12311906
2023-10-27 14:30:00,409.83,412.6085,409.26,410.406,14044204
2023-10-27 15:30:00,410.4099,412.6084,409.21,410.73,20014522
2023-10-30 09:30:00,413.54,415.35,410.6681,413.0,16766951
2023-10-30 10:30:00,412.99,414.05,410.6681,412.93,11284638
2023-10-30 11:30:00,412.96,414.2599,410.6681,413.345,7125580
2023-10-30 12:30:00,413.35,415.2,410.6681,415.0357,7055070
2023-10-30 13:30:00,415.04,415.74,410.6681,415.27,10288767
2023-10-30 14:30:00,415.26,416.68,408.91,416.225,10810099
2023-10-30 15:30:00,416.23,416.4375,410.6681,415.58,16618260
2023-10-31 09:30:00,416.18,416.37,414.21,415.74,11524044
2023-10-31 10:30:00,415.7401,416.58,414.37,415.71,9054433
2023-10-31 11:30:00,415.72,416.485,415.21,415.91,6609222
2023-10-31 12:30:00,415.9101,433.4,415.285,416.97,7213580
2023-10-31 13:30:00,416.98,418.07,415.59,417.09,8899523
2023-10-31 14:30:00,417.09,418.53,415.6197,418.25,9042926
2023-10-31 15:30:00,418.25,418.51,415.6197,418.23,16086753
2023-11-01 09:30:00,419.2,421.47,418.3089,421.165,15571630
2023-11-01 10:30:00,421.16,421.9,419.81,420.4,12134986
2023-11-01 11:30:00,420.4004,436.04,419.83,420.02,6070993
2023-11-01 12:30:00,420.02,421.27,419.3,419.82,6476417
2023-11-01 13:30:00,419.82,420.96,418.3089,420.4,9323991
2023-11-01 14:30:00,420.42,423.35,418.3089,422.88,23506109
2023-11-01 15:30:00,422.82,423.5,418.3089,422.7,17944187
2023-11-02 09:30:00,426.58,428.41,416.25,428.2203,17836961
2023-11-02 10:30:00,428.225,429.34,418.1768,428.6875,12044261
2023-11-02 11:30:00,428.68,429.35,422.7248,428.73,6588563
2023-11-02 12:30:00,428.74,429.82,422.7248,429.63,10243738
2023-11-02 13:30:00,429.64,430.52,410.68,430.1409,10188492
2023-11-02 14:30:00,430.17,431.29,422.7248,430.255,7369108
2023-11-02 15:30:00,430.26,430.915,422.7248,430.75,18092205
2023-11-03 09:30:00,433.11,436.86,430.7017,433.86,17447823
2023-11-03 10:30:00,433.87,434.36,430.7017,433.95,10545323
2023-11-03 11:30:00,433.98,435.7314,430.7017,435.555,8730003
2023-11-03 12:30:00,435.56,435.91,430.7017,435.1,10048511
2023-11-03 13:30:00,435.1,435.86,430.7017,435.73,10465298
2023-11-03 14:30:00,435.74,436.3,420.46,435.46,12010430
2023-11-03 15:30:00,435.47,435.58,430.7017,434.67,18040426
2023-11-06 09:30:00,435.47,436.1498,419.995,435.28,11309603
2023-11-06 10:30:00,435.28,435.8888,419.19,435.45,7908631
2023-11-06 11:30:00,435.46,435.6699,434.7536,435.04,6986375
2023-11-06 12:30:00,435.0496,435.16,433.67,434.215,7910761
2023-11-06 13:30:00,434.21,435.7474,433.7,434.285,7513169
2023-11-06 14:30:00,434.28,438.35,434.1551,435.02,9374677
2023-11-06 15:30:00,435.03,435.74,434.7,435.65,10725687
2023-11-07 09:30:00,435.69,436.96,434.34,436.45,11633521
2023-11-07 10:30:00,436.44,437.44,435.5223,437.035,8294023
2023-11-07 11:30:00,437.04,437.52,435.5223,436.28,9254990
2023-11-07 12:30:00,436.28,437.24,435.86,437.04,5827506
2023-11-07 13:30:00,437.035,437.47,435.5223,437.327,5842558
2023-11-07 14:30:00,437.33,437.44,435.5223,437.2,6421546
2023-11-07 15:30:00,437.21,437.5897,435.5223,436.87,11993160
2023-11-08 09:30:00,437.53,438.09,436.7,436.95,11019348
2023-11-08 10:30:00,436.95,437.1799,436.2,436.51,7421887
2023-11-08 11:30:00,436.51,436.8899,434.87,435.49,9072180
2023-11-08 12:30:00,435.5,436.63,435.22,436.35,5915625
2023-11-08 13:30:00,436.36,437.1199,436.32,437.01,5441392
2023-11-08 14:30:00,437.02,437.2,426.56,436.95,5394159
2023-11-08 15:30:00,436.95,437.8,435.7,437.2,10540767
2023-11-09 09:30:00,438.42,438.47,436.36,436.52,10664088
2023-11-09 10:30:00,436.51,437.88,436.08,437.4271,8211863
2023-11-09 11:30:00,437.43,438.08,437.12,437.21,6618056
2023-11-09 12:30:00,437.21,437.74,435.15,436.3911,12316674
2023-11-09 13:30:00,436.4,437.301,433.93,434.81,12557317
2023-11-09 14:30:00,434.79,437.301,433.45,433.775,10667001
2023-11-09 15:30:00,433.78,437.301,433.39,433.87,13034924
2023-11-10 09:30:00,435.98,436.24,433.8335,434.82,14222217
2023-11-10 10:30:00,434.795,436.9,434.42,436.6301,8394581
2023-11-10 11:30:00,436.64,437.51,433.96,437.36,7188732
2023-11-10 12:30:00,437.36,439.23,433.8335,438.99,12214661
2023-11-10 13:30:00,438.995,439.9287,433.8308,439.825,10121094
2023-11-10 14:30:00,439.83,440.42,433.8335,440.37,7138176
2023-11-10 15:30:00,440.37,440.93,433.8335,440.6,19026218
2023-11-13 09:30:00,439.21,439.59,438.41,439.17,11071315
2023-11-13 10:30:00,439.17,440.6251,439.02,440.51,7837914
2023-11-13 11:30:00,440.51,441.33,440.06,440.73,6248723
2023-11-13 12:30:00,440.73,441.17,440.09,440.14,4831478
2023-11-13 13:30:00,440.17,441.039,438.72,440.9281,5055248
2023-11-13 14:30:00,440.93,441.12,440.28,440.75,5879290
2023-11-13 15:30:00,440.755,440.85,440.1,440.2,6001520
2023-11-14 09:30:00,446.33,448.88,440.3497,448.87,23644671
2023-11-14 10:30:00,448.855,449.73,431.5,449.46,12594254
2023-11-14 11:30:00,449.46,449.59,440.3497,448.1136,10589284
2023-11-14 12:30:00,448.119,448.94,440.3497,448.855,5512749
2023-11-14 13:30:00,448.86,449.14,440.19,448.56,6405094
2023-11-14 14:30:00,448.57,458.6592,440.3497,449.8622,11245589
2023-11-14 15:30:00,449.86,449.94,440.3497,448.71,16228830
2023-11-15 09:30:00,450.09,451.24,448.8146,450.7,13263430
2023-11-15 10:30:00,450.7,451.38,450.1705,450.8023,10569000
2023-11-15 11:30:00,450.81,450.8169,449.54,450.1699,7893057
2023-11-15 12:30:00,450.16,450.37,435.46,449.739,7446912
2023-11-15 13:30:00,449.7396,450.475,448.73,450.44,7296819
2023-11-15 14:30:00,450.44,450.69,448.8146,450.08,8640404
2023-11-15 15:30:00,450.08,450.37,448.8146,449.63,13930574
2023-11-16 09:30:00,449.23,450.56,449.13,449.95,9153674
2023-11-16 10:30:00,449.95,450.305,448.28,448.32,10991442
2023-11-16 11:30:00,448.33,449.6357,448.11,449.255,7476893
2023-11-16 12:30:00,449.26,450.47,448.88,449.415,6820695
2023-11-16 13:30:00,449.42,449.68,448.58,448.93,6722921
2023-11-16 14:30:00,448.93,449.84,435.87,449.605,7915103
2023-11-16 15:30:00,449.61,450.32,449.4728,450.21,11620900
2023-11-17 09:30:00,450.24,451.1459,449.4587,450.25,12998036
2023-11-17 10:30:00,450.25,450.2899,449.29,449.8,8243450
2023-11-17 11:30:00,449.8,451.146,449.5431,450.13,17363432
2023-11-17 12:30:00,450.13,450.87,449.89,450.71,5735775
2023-11-17 13:30:00,450.71,451.53,450.1769,450.94,6918966
2023-11-17 14:30:00,450.95,451.42,450.1769,451.08,6668076
2023-11-17 15:30:00,451.085,451.2229,450.1769,450.78,11388931
2023-11-20 09:30:00,450.52,452.41,450.52,451.9401,10134582
2023-11-20 10:30:00,451.95,453.24,450.7979,452.67,7916944
2023-11-20 11:30:00,452.67,453.08,450.7979,452.87,5775971
2023-11-20 12:30:00,452.88,453.81,452.48,453.715,6502113
2023-11-20 13:30:00,453.72,454.11,450.79,454.0,6657034
2023-11-20 14:30:00,454.0021,455.125,450.7979,455.0394,9081669
2023-11-20 15:30:00,455.03,455.04,450.7979,454.24,16386026
2023-11-21 09:30:00,453.17,453.325,452.04,452.155,9398850
2023-11-21 10:30:00,452.16,454.131,451.9524,452.49,7548889
2023-11-21 11:30:00,452.4901,454.131,452.22,453.135,4717011
2023-11-21 12:30:00,453.1338,454.131,452.64,452.8409,4885175
2023-11-21 13:30:00,452.85,454.26,452.78,453.2496,5339983
2023-11-21 14:30:00,453.25,453.65,452.82,453.27,5421921
2023-11-21 15:30:00,453.275,454.131,452.84,453.27,7235645
2023-12-06 09:30:00,458.81,458.84,456.4158,457.1201,11347075
2023-12-06 10:30:00,457.13,457.86,456.61,456.84,6153540
2023-12-06 11:30:00,456.84,456.9981,455.94,456.265,7532811
2023-12-06 12:30:00,456.27,456.75,455.6,456.3924,6152361
2023-12-06 13:30:00,456.4,456.6018,455.87,455.9,4538391
2023-12-06 14:30:00,455.91,456.4158,452.98,454.9988,8210642
2023-12-06 15:30:00,454.99,456.4158,452.51,454.71,14670587
2023-12-07 09:30:00,456.91,458.015,454.7092,457.9699,13083637
2023-12-07 10:30:00,457.98,458.145,454.7092,457.07,8997510
2023-12-07 11:30:00,457.07,458.45,454.7092,458.2502,7252091
2023-12-07 12:30:00,458.26,458.55,454.7092,458.099,6550211
2023-12-07 13:30:00,458.1,458.9,445.91,458.72,5872268
2023-12-07 14:30:00,458.715,458.76,457.93,458.296,7035027
2023-12-07 15:30:00,458.3,458.47,454.7092,458.21,9886670
2023-12-08 09:30:00,457.46,460.42,457.21,459.86,13254435
2023-12-08 10:30:00,459.86,460.11,458.21,458.69,11425289
2023-12-08 11:30:00,458.7025,459.17,457.535,458.795,6755884
2023-12-08 12:30:00,458.8,460.0,458.3275,459.45,8151858
2023-12-08 13:30:00,459.45,460.42,458.23,459.93,6213634
2023-12-08 14:30:00,459.93,460.475,458.3275,460.3807,8087675
2023-12-08 15:30:00,460.38,460.745,458.3275,460.13,12494683
2023-12-11 09:30:00,459.69,461.05,459.47,460.21,10851383
2023-12-11 10:30:00,460.205,461.23,460.04,460.4977,9626392
2023-12-11 11:30:00,460.49,461.63,459.905,460.68,6317382
2023-12-11 12:30:00,460.685,461.6,460.2006,461.465,7170722
2023-12-11 13:30:00,461.47,461.85,456.5,461.73,5089188
2023-12-11 14:30:00,461.735,461.84,460.2006,461.4801,7165886
2023-12-11 15:30:00,461.48,462.17,460.2006,461.96,10467043
2023-12-12 09:30:00,461.64,462.37,460.6,462.03,10382795
2023-12-12 10:30:00,462.03,462.84,461.37,462.5,9764366
2023-12-12 11:30:00,462.51,462.89,462.0184,462.83,6897765
2023-12-12 12:30:00,462.8375,463.12,462.0184,462.88,5397740
2023-12-12 13:30:00,462.88,463.29,455.6,463.25,5140851
2023-12-12 14:30:00,463.26,464.133334,462.0184,464.0904,8170602
2023-12-12 15:30:00,464.09,464.2,462.0184,464.16,10707195
2023-12-13 09:30:00,464.49,464.91,461.266,464.83,7531894
2023-12-13 10:30:00,464.83,465.335,464.2591,464.958,5299816
2023-12-13 11:30:00,464.89,465.29,464.1435,464.525,4210133
2023-12-13 12:30:00,464.525,465.45,440.19,464.175,5277634
2023-12-13 13:30:00,464.18,467.84,464.1,467.4501,17630633
2023-12-13 14:30:00,467.46,470.7599,464.1435,468.8701,24367491
2023-12-13 15:30:00,468.87,470.54,464.1435,470.44,17077100
2023-12-14 09:30:00,472.51,474.96,454.61,472.2741,20462526
2023-12-14 10:30:00,472.29,472.995,470.5655,471.93,10066001
2023-12-14 11:30:00,471.94,474.24,470.5655,473.2516,9581740
2023-12-14 12:30:00,473.26,473.365,469.91,470.85,12859965
2023-12-14 13:30:00,470.845,472.1288,469.25,471.19,13710519
2023-12-14 14:30:00,471.1987,471.73,470.4,471.47,11386920
2023-12-14 15:30:00,471.47,473.6,469.86,472.0,15698853
2023-12-15 09:30:00,469.49,472.5,467.4153,470.06,20984077
2023-12-15 10:30:00,470.07,473.69,467.3863,470.33,26434732
2023-12-15 11:30:00,470.33,471.25,469.41,470.3064,10778499
2023-12-15 12:30:00,470.31,471.01,469.27,469.79,9389449
2023-12-15 13:30:00,469.795,472.01,434.88,468.49,12736981
2023-12-15 14:30:00,468.49,471.24,462.3,469.405,11016780
2023-12-15 15:30:00,469.41,470.7,468.94,469.37,25331450
2023-12-18 09:30:00,470.98,471.88,470.69,471.79,10130249
2023-12-18 10:30:00,471.8,472.09,469.8929,471.98,7956663
2023-12-18 11:30:00,471.99,472.85,469.8929,472.485,6298883
2023-12-18 12:30:00,472.485,473.01,469.8929,472.5288,4899690
2023-12-18 13:30:00,472.53,472.98,469.33,472.48,5827046
2023-12-18 14:30:00,472.49,473.31,469.8929,472.715,7917299
2023-12-18 15:30:00,472.72,472.73,456.69,472.02,10425075
2023-12-19 09:30:00,472.54,475.53,472.0583,473.8497,9599210
2023-12-19 10:30:00,473.84,476.2,472.0583,474.24,7172790
2023-12-19 11:30:00,474.25,474.5,472.0583,473.8467,6832454
2023-12-19 12:30:00,473.85,474.21,472.0583,473.97,4595604
2023-12-19 13:30:00,473.98,474.35,471.9683,474.33,5047460
2023-12-19 14:30:00,474.33,474.88,472.0583,474.19,5703978
2023-12-19 15:30:00,474.19,474.92,474.04,474.83,7908360
2023-12-20 09:30:00,473.96,475.62,473.76,475.1301,8747073
2023-12-20 10:30:00,475.135,475.59,474.8823,475.306,5193570
2023-12-20 11:30:00,475.3,478.05,473.96,475.465,3947122
2023-12-20 12:30:00,475.47,475.96,474.8823,475.5681,5137522
2023-12-20 13:30:00,475.57,475.89,474.47,474.571,7623681
2023-12-20 14:30:00,474.58,474.8823,469.05,469.28,29530134
2023-12-20 15:30:00,469.28,474.8823,467.82,467.97,23945329
2023-12-21 09:30:00,471.32,472.44,470.53,471.175,17444276
2023-12-21 10:30:00,471.18,471.81,467.9083,471.4996,8439394
2023-12-21 11:30:00,471.49,471.69,467.9083,469.55,9854783
2023-12-21 12:30:00,469.55,471.55,467.9083,470.095,8083554
2023-12-21 13:30:00,470.1,470.85,468.26,470.6197,6189617
2023-12-21 14:30:00,470.61,471.93,467.9083,471.902,7388701
2023-12-21 15:30:00,471.915,472.98,467.9083,472.67,13645271
2023-12-22 09:30:00,473.86,475.38,473.77,475.1415,11038674
2023-12-22 10:30:00,475.1499,475.3,472.7247,474.39,8491164
2023-12-22 11:30:00,474.38,475.9,472.7247,474.1,4967343
2023-12-22 12:30:00,474.11,474.75,461.63,474.5808,5734318
2023-12-22 13:30:00,474.59,474.86,471.97,472.085,7204968
2023-12-22 14:30:00,472.09,474.03,471.7,473.945,9512203
2023-12-22 15:30:00,473.94,476.09,472.7247,473.62,10345821
2024-01-18 09:30:00,474.01,474.4799,472.3571,474.17,12589026
2024-01-18 10:30:00,474.1813,474.885,472.3571,474.6866,10106488
2024-01-18 11:30:00,474.69,477.2,472.3571,473.59,9801394
2024-01-18 12:30:00,473.61,474.6,472.3571,472.7397,8813815
2024-01-18 13:30:00,472.74,475.6699,472.29,475.62,10370012
2024-01-18 14:30:00,475.62,476.41,472.3571,476.4096,12426111
2024-01-18 15:30:00,476.41,477.06,472.3571,476.46,13887123
2024-01-19 09:30:00,477.65,478.389,476.5374,477.95,15222630
2024-01-19 10:30:00,477.945,479.28,476.5374,478.845,17724746
2024-01-19 11:30:00,478.845,479.51,476.5374,479.35,7718915
2024-01-19 12:30:00,479.36,481.0,476.5374,480.955,11896589
2024-01-19 13:30:00,480.9501,482.72,476.49,481.97,13806991
2024-01-19 14:30:00,481.97,482.55,476.5374,482.14,11234075
2024-01-19 15:30:00,482.145,482.48,476.5374,482.42,15288379
2024-01-22 09:30:00,484.01,485.22,482.4005,484.375,15331245
2024-01-22 10:30:00,484.38,485.07,473.95,484.07,11829963
2024-01-22 11:30:00,484.06,484.21,482.4005,483.92,6959211
2024-01-22 12:30:00,483.92,484.0487,482.4005,482.89,6961392
2024-01-22 13:30:00,482.88,484.015,482.4005,483.61,8368071
2024-01-22 14:30:00,483.62,484.43,482.4005,484.1081,7542095
2024-01-22 15:30:00,484.11,484.19,446.28,483.52,10079820
2024-01-23 09:30:00,484.02,484.3737,483.44,483.8495,7936123
2024-01-23 10:30:00,483.84,484.07,482.92,483.05,6687604
2024-01-23 11:30:00,483.055,484.06,482.89,483.23,5348611
2024-01-23 12:30:00,483.22,483.99,483.075,483.75,3853879
2024-01-23 13:30:00,483.75,484.09,483.45,483.81,3381261
2024-01-23 14:30:00,483.82,485.41,482.38,484.65,7240163
2024-01-23 15:30:00,484.65,485.11,483.4676,484.88,9108057
2024-01-24 09:30:00,487.8,487.835,486.4,487.51,11567802
2024-01-24 10:30:00,487.51,490.64,487.37,487.97,9777185
2024-01-24 11:30:00,487.96,488.51,487.09,488.3301,5485627
2024-01-24 12:30:00,488.34,488.775,484.8819,488.03,8312044
2024-01-24 13:30:00,488.03,488.0744,470.4,486.22,9483106
2024-01-24 14:30:00,486.22,487.07,435.46,485.51,10323839
2024-01-24 15:30:00,485.51,486.4,484.8819,485.32,16348106
2024-01-25 09:30:00,487.56,488.305,486.77,488.09,11020849
2024-01-25 10:30:00,488.09,488.175,485.3033,487.78,8454003
2024-01-25 11:30:00,487.79,488.11,485.3033,486.6298,8092838
2024-01-25 12:30:00,486.63,487.32,485.3033,486.274,8441134
2024-01-25 13:30:00,486.275,486.84,485.3033,486.175,8899961
2024-01-25 14:30:00,486.18,486.9,485.3033,486.55,6458015
2024-01-25 15:30:00,486.55,488.04,485.3033,488.0,11327068
2024-01-26 09:30:00,487.59,488.35,484.6,488.14,8598645
2024-01-26 10:30:00,488.145,489.12,487.8497,488.67,8776202
2024-01-26 11:30:00,488.68,488.92,487.5,488.35,6745270
2024-01-26 12:30:00,488.35,488.3608,486.71,487.4199,11083122
2024-01-26 13:30:00,487.42,488.03,486.45,487.2,5697901
2024-01-26 14:30:00,487.21,488.15,486.855,487.47,7989627
2024-01-26 15:30:00,487.48,487.85,487.025,487.47,10250168
2024-01-29 09:30:00,487.73,488.27,487.39,487.6722,8907319
2024-01-29 10:30:00,487.67,488.0198,487.16,487.74,5475888
2024-01-29 11:30:00,487.735,488.48,439.34,488.24,4274593
2024-01-29 12:30:00,488.24,488.59,487.5404,488.4299,4748830
2024-01-29 13:30:00,488.42,488.91,487.41,488.79,4207889
2024-01-29 14:30:00,488.795,492.48,476.51,490.935,9730860
2024-01-29 15:30:00,490.93,491.47,487.5404,491.26,12492129
2024-01-30 09:30:00,490.56,491.36,490.34,490.74,10133196
2024-01-30 10:30:00,490.74,491.13,490.34,491.0601,5690321
2024-01-30 11:30:00,491.06,491.48,490.52,490.56,6337111
2024-01-30 12:30:00,490.55,491.2593,490.11,490.914,6028105
2024-01-30 13:30:00,490.92,491.27,489.8188,491.23,7298951
2024-01-30 14:30:00,491.23,491.62,490.95,491.3799,6019232
2024-01-30 15:30:00,491.38,491.44,490.72,490.86,8971678
2024-01-31 09:30:00,488.62,490.9798,487.18,487.2989,12987195
2024-01-31 10:30:00,487.3,490.9798,486.39,487.04,8804314
2024-01-31 11:30:00,487.04,487.68,486.34,487.3399,5078013
2024-01-31 12:30:00,487.34,487.71,486.56,487.2,4821686
2024-01-31 13:30:00,487.2,490.9798,469.065,486.14,11937970
2024-01-31 14:30:00,486.14,490.9798,483.68,484.685,27552505
2024-01-31 15:30:00,484.68,490.9798,482.89,482.92,32003728
2024-02-01 09:30:00,484.63,486.21,483.0997,486.18,17310966
2024-02-01 10:30:00,486.17,491.05,483.0997,484.5699,11480644
2024-02-01 11:30:00,484.57,487.28,483.0997,486.47,12208352
2024-02-01 12:30:00,486.47,488.24,483.0997,487.02,9392043
2024-02-01 13:30:00,487.02,487.95,482.88,487.4418,7525344
2024-02-01 14:30:00,487.44,488.99,483.0997,488.685,10013710
2024-02-01 15:30:00,488.6901,489.23,483.0997,489.23,11082203
2024-02-02 09:30:00,489.66,491.45,489.1503,490.8568,14277978
2024-02-02 10:30:00,490.85,493.07,489.1503,492.92,11652721
2024-02-02 11:30:00,492.915,494.45,489.1503,494.3499,10576507
2024-02-02 12:30:00,494.38,494.665,475.55,493.75,12240129
2024-02-02 13:30:00,493.74,495.39,489.1503,494.9604,8473620
2024-02-02 14:30:00,494.97,496.06,489.1503,495.905,10707584
2024-02-02 15:30:00,495.9,495.91,489.1503,494.27,14846966
2024-02-05 09:30:00,493.71,494.3778,490.79,491.3901,16208944
2024-02-05 10:30:00,491.4,494.3778,490.23,491.325,10400965
2024-02-05 11:30:00,491.33,494.3778,491.33,492.7369,7224133
2024-02-05 12:30:00,492.74,494.3778,492.58,492.6,6154034
2024-02-05 13:30:00,492.61,494.3778,492.575,493.48,6499583
2024-02-05 14:30:00,493.475,494.3778,492.5899,493.67,8274814
2024-02-05 15:30:00,493.66,494.3778,492.52,492.58,11787282
2024-02-06 09:30:00,493.52,494.325,492.05,492.4889,12470195
2024-02-06 10:30:00,492.48,493.43,492.3625,493.29,7057275
2024-02-06 11:30:00,493.3,493.42,492.1,492.8799,6118439
2024-02-06 12:30:00,492.88,493.08,492.41,492.92,4516967
2024-02-06 13:30:00,492.93,493.57,492.1,492.5012,6726949
2024-02-06 14:30:00,492.51,493.54,492.24,493.155,7199435
2024-02-06 15:30:00,493.16,494.04,492.635,493.97,6657456
2024-02-07 09:30:00,496.29,497.975,493.9604,497.965,12844870
2024-02-07 10:30:00,497.96,498.04,493.9604,497.135,11193060
2024-02-07 11:30:00,497.13,497.86,493.9604,497.3099,5737017
2024-02-07 12:30:00,497.31,498.21,493.9604,498.2,8172855
2024-02-07 13:30:00,498.2,498.44,493.98,497.95,6010945
2024-02-07 14:30:00,497.95,498.53,493.9604,498.15,7089385
2024-02-07 15:30:00,498.15,498.27,472.16,498.05,10623362
2024-02-08 09:30:00,498.1,498.35,497.625,497.85,6112171
2024-02-08 10:30:00,497.83,498.21,497.3,497.35,6561756
2024-02-08 11:30:00,497.35,498.36,497.26,498.035,4617119
2024-02-08 12:30:00,498.03,498.29,497.4115,498.045,4898764
2024-02-08 13:30:00,498.04,498.35,497.78,497.8311,5308998
2024-02-08 14:30:00,497.83,498.59,497.5801,498.41,6755106
2024-02-08 15:30:00,498.415,498.71,497.86,498.4,10229204
2024-02-09 09:30:00,498.86,499.79,498.49,499.6488,9087492
2024-02-09 10:30:00,499.64,500.4667,498.4159,499.75,7341323
2024-02-09 11:30:00,499.76,500.16,487.52,500.14,5787709
2024-02-09 12:30:00,500.13,500.83,498.35,500.7434,7115734
2024-02-09 13:30:00,500.74,501.19,498.32,501.06,6517087
2024-02-09 14:30:00,501.07,501.65,498.4159,501.1,6971724
2024-02-09 15:30:00,501.1,501.34,499.6,501.18,10571244
2024-02-12 09:30:00,501.17,502.37,499.25,501.33,5753272
2024-02-12 10:30:00,501.34,502.96,501.2797,502.8913,5840538
2024-02-12 11:30:00,502.895,503.5,502.69,502.915,5453199
2024-02-12 12:30:00,502.92,503.44,498.1,502.5598,3992948
2024-02-12 13:30:00,502.56,502.8027,500.24,501.075,8360711
2024-02-12 14:30:00,501.08,501.3,500.42,500.915,5439121
2024-02-12 15:30:00,500.91,501.2797,500.55,500.95,10826333
2024-02-13 09:30:00,494.51,500.8634,493.21,494.875,19119455
2024-02-13 10:30:00,494.895,500.8634,493.76,495.575,11075500
2024-02-13 11:30:00,495.57,500.8634,494.4,494.52,7930147
2024-02-13 12:30:00,494.52,500.8634,494.02,494.2301,5925420
2024-02-13 13:30:00,494.24,500.98,491.79,492.11,11686676
2024-02-13 14:30:00,492.12,500.8634,490.715,491.335,15501428
2024-02-13 15:30:00,491.33,500.8634,491.2093,494.14,24311142
2024-02-14 09:30:00,496.79,497.99,495.77,497.71,12268069
2024-02-14 10:30:00,497.715,497.91,493.815,496.235,8547305
2024-02-14 11:30:00,496.22,496.49,494.115,496.015,7132098
2024-02-14 12:30:00,496.02,497.35,494.115,495.95,5266117
2024-02-14 13:30:00,495.96,497.14,494.115,496.67,7668868
2024-02-14 14:30:00,496.68,498.2199,457.43,497.9945,10276907
2024-02-14 15:30:00,497.99,499.07,494.115,498.625,11190651
2024-02-15 09:30:00,499.27,500.58,499.2699,499.69,8718419
2024-02-15 10:30:00,499.695,500.16,496.86,499.48,6533412
2024-02-15 11:30:00,499.48,500.46,499.25,500.431,6569785
2024-02-15 12:30:00,500.44,501.49,498.9529,501.4699,6709079
2024-02-15 13:30:00,501.47,501.78,498.57,501.5084,6870854
2024-02-15 14:30:00,501.5,502.2,498.9529,501.625,6877100
2024-02-15 15:30:00,501.63,502.0513,498.9529,501.96,11712303
2024-02-16 09:30:00,501.71,501.92,496.7,500.24,10135192
2024-02-16 10:30:00,500.25,502.045,499.81,501.8803,7530679
2024-02-16 11:30:00,501.89,502.46,498.1,502.22,15087737
2024-02-16 12:30:00,502.22,502.3,500.7384,501.6699,6347274
2024-02-16 13:30:00,501.67,502.87,496.7,502.6104,6204549
2024-02-16 14:30:00,502.61,502.695,499.94,500.565,10254769
2024-02-16 15:30:00,500.57,501.9265,491.16,499.49,8786024
2024-02-20 09:30:00,497.7,498.41,495.86,496.2199,12173268
2024-02-20 10:30:00,496.21,499.5364,482.88,496.92,7498949
2024-02-20 11:30:00,496.92,499.5364,494.765,495.06,8054496
2024-02-20 12:30:00,495.06,495.98,494.45,495.2,6442108
2024-02-20 13:30:00,495.2,499.5364,494.75,496.0199,6604012
2024-02-20 14:30:00,496.02,499.5364,495.69,496.71,7487255
2024-02-20 15:30:00,496.72,499.5364,495.1,496.74,15456135
2024-02-21 09:30:00,495.42,496.07,494.91,495.38,7317958
2024-02-21 10:30:00,495.39,496.564,460.2,495.7999,5032613
2024-02-21 11:30:00,495.8,496.14,494.89,495.08,4451925
2024-02-21 12:30:00,495.08,495.75,494.4,495.29,4700258
2024-02-21 13:30:00,495.29,496.76,494.24,494.7,5522575
2024-02-21 14:30:00,494.7,496.564,456.25,494.43,8944653
2024-02-21 15:30:00,494.43,497.37,494.3628,497.17,13860427
2024-02-22 09:30:00,504.0,505.4294,497.2151,505.34,16847223
2024-02-22 10:30:00,505.34,505.7,497.2151,505.38,7724379
2024-02-22 11:30:00,505.385,506.0399,492.9571,505.95,6684997
2024-02-22 12:30:00,505.95,506.87,505.2,506.805,6263323
2024-02-22 13:30:00,506.81,508.51,495.5,508.3507,8294455
2024-02-22 14:30:00,508.42,508.49,497.2151,507.7301,10360100
2024-02-22 15:30:00,507.735,508.3199,497.2151,507.53,13006647
2024-02-23 09:30:00,509.25,510.13,495.5,509.235,8920083
2024-02-23 10:30:00,509.235,509.67,507.1,508.19,9634946
2024-02-23 11:30:00,508.18,509.47,503.94,508.26,7062590
2024-02-23 12:30:00,508.27,508.99,507.78,508.92,3830065
2024-02-23 13:30:00,508.91,510.2,507.5,507.78,5305572
2024-02-23 14:30:00,507.8,508.56,507.7044,507.9199,6107397
2024-02-23 15:30:00,507.915,508.76,494.01,507.82,12132956
2024-02-26 09:30:00,508.3,508.75,503.39,507.95,6554036
2024-02-26 10:30:00,507.96,508.635,507.01,507.385,5381544
2024-02-26 11:30:00,507.39,507.8999,507.2301,507.79,4015831
2024-02-26 12:30:00,507.79,507.9,506.45,506.625,4511027
2024-02-26 13:30:00,506.625,507.8981,506.02,507.165,6438343
2024-02-26 14:30:00,507.17,508.02,506.67,506.88,6639815
2024-02-26 15:30:00,506.88,507.8981,505.855,505.99,10344538
2024-02-27 09:30:00,506.69,506.74,505.53,506.2392,6882914
2024-02-27 10:30:00,506.245,506.3399,505.59,505.68,4387200
2024-02-27 11:30:00,505.685,506.0099,505.33,505.5294,3704382
2024-02-27 12:30:00,505.53,506.66,504.75,505.22,5449754
2024-02-27 13:30:00,505.23,506.47,505.11,506.31,4713554
2024-02-27 14:30:00,506.31,506.87,505.985,506.755,5719742
2024-02-27 15:30:00,506.755,507.16,505.985,506.87,10323611
2024-04-18 09:30:00,501.98,502.25,499.6714,502.03,11801267
2024-04-18 10:30:00,502.03,504.13,501.06,503.21,9023074
2024-04-18 11:30:00,503.21,503.5414,500.6606,502.64,5308012
2024-04-18 12:30:00,502.6302,502.66,498.87,500.2691,10173994
2024-04-18 13:30:00,500.27,500.6606,498.6,499.555,9874819
2024-04-18 14:30:00,499.55,500.6606,498.56,499.79,8673148
2024-04-18 15:30:00,499.79,500.83,499.21,499.48,10270509
2024-04-19 09:30:00,499.44,517.28,497.6,498.47,13174422
2024-04-19 10:30:00,498.45,501.19,497.53,497.87,13601968
2024-04-19 11:30:00,497.86,499.89,495.19,495.1999,9655042
2024-04-19 12:30:00,495.2,499.5763,495.07,496.54,9975396
2024-04-19 13:30:00,496.53,499.5763,495.45,495.47,9174080
2024-04-19 14:30:00,495.46,499.5763,494.01,495.08,13206350
2024-04-19 15:30:00,495.1,499.5763,493.85,495.1,15919635
2024-04-22 09:30:00,497.84,517.76,496.21,496.4365,10365132
2024-04-22 10:30:00,496.44,506.09,495.11,496.44,7417098
2024-04-22 11:30:00,496.44,498.51,494.865,497.76,6148664
2024-04-22 12:30:00,497.76,514.1617,497.29,500.048,5998630
2024-04-22 13:30:00,500.04,502.34,495.16,502.06,9385416
2024-04-22 14:30:00,502.06,502.38,495.2048,500.5801,8292466
2024-04-22 15:30:00,500.59,504.75,495.2048,499.64,11742885
2024-04-23 09:30:00,501.79,514.47,501.18,504.3299,11345853
2024-04-23 10:30:00,504.32,505.34,499.5328,504.83,9477454
2024-04-23 11:30:00,504.82,505.43,499.5328,505.31,6366656
2024-04-23 12:30:00,505.305,505.66,499.5328,505.38,5677725
2024-04-23 13:30:00,505.38,506.09,499.5328,505.92,5279164
2024-04-23 14:30:00,505.91,506.07,499.5328,505.36,5663999
2024-04-23 15:30:00,505.36,505.75,499.5328,505.64,10178823
2024-04-24 09:30:00,506.56,513.51,505.5039,506.22,11047850
2024-04-24 10:30:00,506.24,506.435,504.04,504.62,7111424
2024-04-24 11:30:00,504.63,506.26,487.59,504.085,5586923
2024-04-24 12:30:00,504.08,505.5039,503.13,505.2097,5448787
2024-04-24 13:30:00,505.205,506.55,504.85,505.05,6748230
2024-04-24 14:30:00,505.05,506.185,504.23,505.85,5280420
2024-04-24 15:30:00,505.85,506.19,505.45,505.47,6386189
2024-04-25 09:30:00,499.18,499.765,496.68,499.6,14699551
2024-04-25 10:30:00,499.61,505.6192,497.89,499.7,7432331
2024-04-25 11:30:00,499.7,505.6192,498.945,501.365,6675352
2024-04-25 12:30:00,501.37,510.85,500.93,501.67,5987436
2024-04-25 13:30:00,501.68,505.6192,501.5036,501.96,7476773
2024-04-25 14:30:00,501.96,505.6192,501.68,504.15,7786278
2024-04-25 15:30:00,504.15,505.6192,502.69,503.44,7087763
2024-04-26 09:30:00,506.35,509.03,505.7,508.08,11021177
2024-04-26 10:30:00,508.08,509.55,503.3117,508.22,6729782
2024-04-26 11:30:00,508.22,515.67,507.995,508.8668,5269208
2024-04-26 12:30:00,508.865,509.81,503.3117,509.5918,4798603
2024-04-26 13:30:00,509.6,509.88,503.3117,508.9682,5301212
2024-04-26 14:30:00,508.97,509.65,503.3117,509.6284,5168494
2024-04-26 15:30:00,509.62,509.63,503.3117,508.24,11748381
2024-04-29 09:30:00,510.08,510.75,509.02,510.22,8039589
2024-04-29 10:30:00,510.22,514.48,501.8,509.57,3834241
2024-04-29 11:30:00,509.58,510.1499,509.0,510.1499,3416920
2024-04-29 12:30:00,510.15,510.41,509.37,510.3768,3259957
2024-04-29 13:30:00,510.38,510.52,508.26,509.68,3252575
2024-04-29 14:30:00,509.67,510.81,507.25,508.5979,9739484
2024-04-29 15:30:00,508.6,510.2,508.4706,510.05,7239768
2024-04-30 09:30:00,508.56,509.56,508.19,508.32,7342533
2024-04-30 10:30:00,508.31,510.1018,506.4098,506.905,10639550
2024-04-30 11:30:00,506.91,510.1018,506.03,506.7,6347931
2024-04-30 12:30:00,506.69,510.1018,504.7,505.24,8157047
2024-04-30 13:30:00,505.25,510.1018,504.9,505.18,6751606
2024-04-30 14:30:00,505.19,510.1018,504.2,504.765,9926707
2024-04-30 15:30:00,504.77,510.1018,502.03,502.04,15181740
2024-05-01 09:30:00,501.38,503.53,500.08,500.8199,9040253
2024-05-01 10:30:00,500.82,501.61,500.045,500.84,5539214
2024-05-01 11:30:00,500.84,501.55,499.86,501.05,4120648
2024-05-01 12:30:00,501.045,501.08,499.9227,500.7199,3354866
2024-05-01 13:30:00,500.72,505.31,499.9918,503.065,8125922
2024-05-01 14:30:00,503.07,508.2,500.94,506.465,22507184
2024-05-01 15:30:00,506.4705,506.7909,500.08,500.25,18369848
2024-05-02 09:30:00,504.15,504.69,499.55,502.0203,12834213
2024-05-02 10:30:00,502.02,503.1201,500.5905,502.13,6931133
2024-05-02 11:30:00,502.12,502.99,501.38,502.29,5079574
2024-05-02 12:30:00,502.29,504.14,500.37,504.115,5376270
2024-05-02 13:30:00,504.12,504.71,500.35,504.495,5481810
2024-05-02 14:30:00,504.5,505.89,500.37,505.3199,8934575
2024-05-02 15:30:00,505.31,505.4225,500.37,505.02,10302184
2024-05-03 09:30:00,511.15,512.55,504.9534,509.6701,17402879
2024-05-03 10:30:00,509.67,511.0,503.69,509.75,8738147
2024-05-03 11:30:00,509.74,511.1099,504.9534,510.9212,7300434
2024-05-03 12:30:00,510.91,511.49,504.9534,511.1101,5356679
2024-05-03 13:30:00,511.11,511.99,476.29,511.735,4603687
2024-05-03 14:30:00,511.73,511.99,504.9534,511.64,6954277
2024-05-03 15:30:00,511.64,511.76,504.9534,511.29,10424475
2024-05-06 09:30:00,513.75,514.56,511.2985,514.3,9744065
2024-05-06 10:30:00,514.31,514.64,513.84,514.1,4596328
2024-05-06 11:30:00,514.1,514.54,511.2985,514.17,3963466
2024-05-06 12:30:00,514.17,514.96,514.077,514.61,4375241
2024-05-06 13:30:00,514.61,515.77,511.2985,515.5859,4705088
2024-05-06 14:30:00,515.58,515.615,511.2985,515.12,5169634
2024-05-06 15:30:00,515.11,516.63,511.2985,516.6,9175163
2024-05-07 09:30:00,517.55,518.34,509.76,517.31,7643925
2024-05-07 10:30:00,517.29,518.28,517.23,517.9785,5350825
2024-05-07 11:30:00,517.97,518.3,516.57,518.1913,3178910
2024-05-07 12:30:00,518.17,518.48,517.57,518.4199,5002259
2024-05-07 13:30:00,518.42,518.57,516.597,516.84,6770213
2024-05-07 14:30:00,516.84,517.29,516.45,517.17,5229952
2024-05-07 15:30:00,517.18,518.0822,516.597,517.2,10857382
2024-05-08 09:30:00,515.26,517.71,515.14,516.91,7790089
2024-05-08 10:30:00,516.91,517.72,455.88,517.03,5484398
2024-05-08 11:30:00,517.02,517.2896,516.6,516.82,3620192
2024-05-08 12:30:00,516.82,516.96,516.1,516.29,3924921
2024-05-08 13:30:00,516.28,517.4,516.19,517.26,3134301
2024-05-08 14:30:00,517.27,517.47,516.56,517.31,4733261
2024-05-08 15:30:00,517.3,517.75,516.97,517.19,6856860
2024-05-09 09:30:00,517.38,518.93,516.7,518.065,7675254
2024-05-09 10:30:00,518.06,519.52,501.8,519.34,6360635
2024-05-09 11:30:00,519.335,519.46,518.3365,518.8,3513180
2024-05-09 12:30:00,518.785,519.64,518.5,519.495,3961329
2024-05-09 13:30:00,519.5,520.0,517.19,519.48,2732663
2024-05-09 14:30:00,519.48,520.06,519.2892,519.6799,4331192
2024-05-09 15:30:00,519.65,520.21,517.3847,520.13,9283341
2024-05-10 09:30:00,521.81,522.64,520.59,520.775,10545026
2024-05-10 10:30:00,520.77,521.37,520.0,520.54,6696675
2024-05-10 11:30:00,520.55,521.99,472.21,520.31,5504921
2024-05-10 12:30:00,520.31,520.77,520.0,520.12,3547720
2024-05-10 13:30:00,520.12,520.95,519.91,520.67,3826157
2024-05-10 14:30:00,520.675,521.1399,515.6,521.03,3717218
2024-05-10 15:30:00,521.03,521.345,520.0952,520.84,7096243
2024-05-13 09:30:00,522.55,522.67,521.1,521.665,7255208
2024-05-13 10:30:00,521.665,521.7076,520.8,520.92,4449546
2024-05-13 11:30:00,520.92,521.38,520.395,521.28,3111594
2024-05-13 12:30:00,521.29,521.36,519.74,520.8665,4125428
2024-05-13 13:30:00,520.86,521.24,520.31,520.8,2931863
2024-05-13 14:30:00,520.795,521.14,520.47,520.7888,4574705
2024-05-13 15:30:00,520.785,521.11,520.645,520.91,6152973
2024-05-14 09:30:00,521.1,522.41,520.88,522.23,9912714
2024-05-14 10:30:00,522.23,522.28,517.19,521.92,5978420
2024-05-14 11:30:00,521.93,521.93,520.81,520.95,3754582
2024-05-14 12:30:00,520.94,521.08,520.555,521.05,3097499
2024-05-14 13:30:00,521.045,522.3799,520.91,522.315,4260221
2024-05-14 14:30:00,522.32,523.78,520.9094,523.4414,7716034
2024-05-14 15:30:00,523.44,523.83,520.9094,523.29,11036127
2024-05-15 09:30:00,525.83,526.8,525.18,526.4,10537621
2024-05-15 10:30:00,526.39,528.11,523.62,528.08,6053888
2024-05-15 11:30:00,528.08,528.17,525.0,528.05,4050972
2024-05-15 12:30:00,528.03,528.8495,527.94,528.795,3993788
2024-05-15 13:30:00,528.79,529.43,523.3,528.985,5005188
2024-05-15 14:30:00,528.985,529.3,521.01,529.06,6367635
2024-05-15 15:30:00,529.05,530.08,523.5224,529.76,13620196
2024-05-16 09:30:00,529.87,530.78,529.54,530.63,6972440
2024-05-16 10:30:00,530.63,531.53,530.51,531.14,6682476
2024-05-16 11:30:00,531.145,531.35,530.28,530.51,4631187
2024-05-16 12:30:00,530.5,530.85,529.42,529.7897,4154992
2024-05-16 13:30:00,529.78,530.13,529.02,529.465,4967330
2024-05-16 14:30:00,529.46,530.205,529.46,529.89,4445770
2024-05-16 15:30:00,529.89,529.98,528.54,528.66,11036243
2024-05-17 09:30:00,528.82,529.2,518.09,529.17,7343028
2024-05-17 10:30:00,529.17,531.01,528.38,528.76,6990574
2024-05-17 11:30:00,528.765,529.03,528.26,528.56,3553532
2024-05-17 12:30:00,528.5599,528.9,528.05,528.7,5104656
2024-05-17 13:30:00,528.7,528.8855,506.4302,527.91,7465687
2024-05-17 14:30:00,527.91,529.31,503.49,529.215,8295596
2024-05-17 15:30:00,529.22,529.52,528.669,529.43,10133914
2024-05-20 09:30:00,529.57,531.35,529.3275,531.28,6090916
2024-05-20 10:30:00,531.29,531.75,530.95,531.39,2585867
2024-05-20 11:30:00,531.4,531.57,530.47,530.79,2983663
2024-05-20 12:30:00,530.78,531.29,530.17,530.35,3475859
2024-05-20 13:30:00,530.35,531.31,529.17,530.1801,4476633
2024-05-20 14:30:00,530.185,530.79,529.76,530.2615,3485636
2024-05-20 15:30:00,530.27,530.33,529.3275,530.02,7769601
2024-05-21 09:30:00,529.28,530.27,517.14,530.02,4165766
2024-05-21 10:30:00,530.02,530.73,529.8235,530.5093,3207134
2024-05-21 11:30:00,530.51,530.5266,529.815,530.195,3733791
2024-05-21 12:30:00,530.19,530.28,525.83,530.135,2218281
2024-05-21 13:30:00,530.14,530.79,529.8235,530.3912,3185103
2024-05-21 14:30:00,530.4,530.96,529.8235,530.815,4143907
2024-05-21 15:30:00,530.815,531.52,529.8235,531.32,7407956
2024-05-24 09:30:00,527.85,528.75,526.88,528.6103,7280514
2024-05-24 10:30:00,528.6,530.28,527.84,529.71,5596874
2024-05-24 11:30:00,529.71,530.0589,528.79,529.8086,3280849
2024-05-24 12:30:00,529.79,529.8749,523.3,529.6298,2707275
2024-05-24 13:30:00,529.63,530.1,525.8416,529.4299,3706872
2024-05-24 14:30:00,529.43,529.62,528.27,528.925,3452322
2024-05-24 15:30:00,528.93,529.58,525.8416,529.5,6147973
2024-05-28 09:30:00,530.26,530.92,499.32,529.5699,6395407
2024-05-28 10:30:00,529.56,530.17,529.15,529.854,2732854
2024-05-28 11:30:00,529.85,530.3,529.64,529.8001,1640218
2024-05-28 12:30:00,529.805,530.26,529.15,529.48,2373964
2024-05-28 13:30:00,529.49,529.86,528.2,528.26,4334970
2024-05-28 14:30:00,528.26,529.5147,525.96,528.35,5608659
2024-05-28 15:30:00,528.34,529.9,528.29,529.87,6522504
2024-05-29 09:30:00,525.68,527.895,525.37,526.73,7322856
2024-05-29 10:30:00,526.74,527.31,526.03,526.4899,3500597
2024-05-29 11:30:00,526.48,526.92,525.97,526.83,3622645
2024-05-29 12:30:00,526.8212,529.44,526.34,526.9301,3541930
2024-05-29 13:30:00,526.93,527.2,526.16,526.5803,3219912
2024-05-29 14:30:00,526.58,529.6521,526.004,526.86,5046132
2024-05-29 15:30:00,526.85,529.6521,525.56,526.11,9935495
2024-05-30 09:30:00,524.51,524.99,523.37,524.0,6725574
2024-05-30 10:30:00,523.98,524.6,522.88,523.9499,3893102
2024-05-30 11:30:00,523.94,524.54,523.69,524.04,2984179
2024-05-30 12:30:00,524.04,525.8111,523.935,524.965,3061719
2024-05-30 13:30:00,524.965,526.1,523.59,524.1801,3636821
2024-05-30 14:30:00,524.18,525.8111,522.85,523.375,5622015
2024-05-30 15:30:00,523.38,525.8111,521.33,522.63,11393148
2024-05-31 09:30:00,523.6,524.816,520.86,521.105,7767101
2024-05-31 10:30:00,521.09,523.78,520.03,520.1275,6821857
2024-05-31 11:30:00,520.14,530.21,518.36,518.8,6601670
2024-05-31 12:30:00,518.8,520.935,518.72,520.815,4646835
2024-05-31 13:30:00,520.82,522.7196,520.45,520.7799,5141333
2024-05-31 14:30:00,520.78,522.75,520.59,522.24,7520336
2024-05-31 15:30:00,522.245,527.5,522.0,527.35,26130770
2024-06-03 09:30:00,529.02,529.31,527.34,528.19,10139849
2024-06-03 10:30:00,528.21,528.49,525.39,526.41,6516271
2024-06-03 11:30:00,526.39,528.18,476.69,523.96,5369046
2024-06-03 12:30:00,523.95,526.9661,522.6,524.65,4415926
2024-06-03 13:30:00,524.64,527.37,524.4237,525.1,4124881
2024-06-03 14:30:00,525.1,526.9661,523.8601,526.245,3634801
2024-06-03 15:30:00,526.26,527.83,525.73,527.77,6725126
2024-06-04 09:30:00,526.46,527.76,525.74,527.0,6280637
2024-06-04 10:30:00,526.985,527.4,525.62,525.86,3832804
2024-06-04 11:30:00,525.86,527.5784,524.95,526.01,3321675
2024-06-04 12:30:00,526.02,527.02,525.645,526.975,2581367
2024-06-04 13:30:00,526.98,528.97,526.34,528.93,3647469
2024-06-04 14:30:00,528.94,529.16,526.61,527.66,4644904
2024-06-04 15:30:00,527.66,528.6,527.0,528.35,5221937
2024-06-05 09:30:00,530.76,530.82,528.7001,530.265,7777466
2024-06-05 10:30:00,530.27,532.19,528.3757,531.915,5710813
2024-06-05 11:30:00,531.91,532.45,528.3757,532.1303,3544990
2024-06-05 12:30:00,532.13,532.99,500.97,532.735,3327615
2024-06-05 13:30:00,532.73,533.49,528.3757,533.49,3989882
2024-06-05 14:30:00,533.485,534.17,528.3757,533.7,5080285
2024-06-05 15:30:00,533.69,534.8,528.3757,534.65,8164159
2024-06-06 09:30:00,534.97,535.42,534.33,535.06,6689712
2024-06-06 10:30:00,535.05,535.05,534.2,534.485,2805361
2024-06-06 11:30:00,534.47,534.6258,533.5324,533.74,3035339
2024-06-06 12:30:00,533.74,534.28,533.24,534.1307,2811340
2024-06-06 13:30:00,534.135,534.67,532.68,533.645,3102236
2024-06-06 14:30:00,533.65,534.67,530.94,534.49,2765038
2024-06-06 15:30:00,534.5,534.67,533.99,534.63,4478721
2024-06-07 09:30:00,533.66,534.777778,532.53,534.64,6488336
2024-06-07 10:30:00,534.63,536.4,533.95,534.95,5670526
2024-06-07 11:30:00,534.9596,535.94,534.6136,535.9,2247599
2024-06-07 12:30:00,535.91,536.9,534.6136,536.1799,2888379
2024-06-07 13:30:00,536.18,536.64,522.81,534.69,4582304
2024-06-07 14:30:00,534.7,535.44,533.79,534.73,4092417
2024-06-07 15:30:00,534.74,534.88,533.72,533.96,6857132
2024-06-10 09:30:00,533.18,533.64,532.4,533.59,4826538
2024-06-10 10:30:00,533.595,534.38,533.43,534.38,3030681
2024-06-10 11:30:00,534.39,535.15,534.31,534.87,3196853
2024-06-10 12:30:00,534.87,535.07,534.26,534.31,2113763
2024-06-10 13:30:00,534.32,535.73,534.01,534.5,3452013
2024-06-10 14:30:00,534.48,536.0,534.0632,535.5901,4837621
2024-06-10 15:30:00,535.6,535.73,534.69,535.65,8770394
2024-06-11 09:30:00,534.1,543.07,532.04,533.7075,6108646
2024-06-11 10:30:00,533.71,534.75,533.59,534.4398,2790525
2024-06-11 11:30:00,534.44,534.77,533.55,533.8515,2889905
2024-06-11 12:30:00,533.86,534.81,533.71,534.241,2951724
2024-06-11 13:30:00,534.26,536.23,534.1409,536.21,2936383
2024-06-11 14:30:00,536.21,536.65,534.15,535.86,5258456
2024-06-11 15:30:00,535.87,537.4,535.4398,536.91,7455265
2024-06-12 09:30:00,541.64,543.94,541.21,543.94,10054224
2024-06-12 10:30:00,543.92,543.96,536.8983,543.2201,4859489
2024-06-12 11:30:00,543.22,543.27,536.8983,542.5,3150590
2024-06-12 12:30:00,542.51,543.38,534.65,542.92,2449259
2024-06-12 13:30:00,542.91,543.0258,536.95,542.686,7136433
2024-06-12 14:30:00,542.69,545.29,536.8983,541.0,9930118
2024-06-12 15:30:00,541.0,543.75,536.8983,541.34,10708050
2024-07-18 09:30:00,558.5,559.54,556.9888,558.84,7603277
2024-07-18 10:30:00,558.84,558.8458,553.765,553.8,8255855
2024-07-18 11:30:00,553.8,556.9888,552.38,552.93,6280911
2024-07-18 12:30:00,552.926,554.95,552.685,554.364,3437801
2024-07-18 13:30:00,554.37,556.9888,552.57,552.58,3535290
2024-07-18 14:30:00,552.59,556.9888,550.43,551.43,8344180
2024-07-18 15:30:00,551.44,556.9888,551.126,552.66,11027183
2024-07-19 09:30:00,552.42,554.08,551.0,551.11,6540863
2024-07-19 10:30:00,551.11,563.59,549.59,549.645,7644320
2024-07-19 11:30:00,549.6478,553.3182,548.97,550.06,13298775
2024-07-19 12:30:00,550.07,552.6677,547.9,548.6007,5500513
2024-07-19 13:30:00,548.58,552.6705,548.09,548.69,4201453
2024-07-19 14:30:00,548.7,552.6677,548.02,550.0,7998098
2024-07-19 15:30:00,549.99,552.6677,548.14,548.93,10620267
2024-07-22 09:30:00,553.0,554.42,551.34,553.2099,8590414
2024-07-22 10:30:00,553.22,554.47,551.68,551.74,5337823
2024-07-22 11:30:00,551.73,553.6098,551.02,552.1,3534535
2024-07-22 12:30:00,552.1,554.39,548.746,554.135,2994252
2024-07-22 13:30:00,554.135,555.08,548.746,554.5891,3511298
2024-07-22 14:30:00,554.575,555.28,548.746,554.5299,3598091
2024-07-22 15:30:00,554.53,555.15,548.746,554.65,6511417
2024-07-23 09:30:00,554.53,556.42,554.13,556.0001,5303991
2024-07-23 10:30:00,556.02,556.74,545.45,556.44,4101526
2024-07-23 11:30:00,556.4364,557.27,495.66,555.0651,2800723
2024-07-23 12:30:00,555.07,555.75,554.16,554.74,4090316
2024-07-23 13:30:00,554.74,555.55,554.0,554.8886,2309888
2024-07-23 14:30:00,554.89,555.39,554.75,555.183,2196861
2024-07-23 15:30:00,555.18,555.25,553.27,553.72,6892091
2024-07-24 09:30:00,548.86,553.8023,545.43,546.04,11143765
2024-07-24 10:30:00,546.04,553.8023,544.18,544.755,6683038
2024-07-24 11:30:00,544.76,553.8023,543.88,544.2,4671271
2024-07-24 12:30:00,544.19,553.8023,543.63,544.295,5188492
2024-07-24 13:30:00,544.285,553.8023,543.18,543.36,4494870
2024-07-24 14:30:00,543.355,553.8023,541.49,541.645,9631287
2024-07-24 15:30:00,541.6501,553.8023,540.28,541.19,16010897
2024-07-25 09:30:00,541.35,553.41,536.76,540.6,11595355
2024-07-25 10:30:00,540.595,544.65,540.02,543.2331,7899290
2024-07-25 11:30:00,543.22,546.38,538.46,546.095714,5163004
2024-07-25 12:30:00,546.15,547.46,538.52,544.71,5363127
2024-07-25 13:30:00,544.72,547.17,541.23,542.965,4400084
2024-07-25 14:30:00,542.95,561.97,540.3,543.14,7501804
2024-07-25 15:30:00,543.13,543.31,538.13,538.34,10394784
2024-07-26 09:30:00,542.28,544.63,538.254,543.6309,8448193
2024-07-26 10:30:00,543.63,544.03,538.254,543.21,5445821
2024-07-26 11:30:00,543.21,546.02,538.254,545.575,6587137
2024-07-26 12:30:00,545.57,547.19,538.254,547.05,5606363
2024-07-26 13:30:00,547.05,547.13,538.254,544.4899,6334162
2024-07-26 14:30:00,544.505,545.08,538.254,544.76,4716699
2024-07-26 15:30:00,544.75,544.84,538.254,544.38,8881840
2024-07-29 09:30:00,546.02,547.05,544.2234,545.39,8092711
2024-07-29 10:30:00,545.39,545.66,543.35,544.15,4972341
2024-07-29 11:30:00,544.16,546.78,541.91,545.9963,3842853
2024-07-29 12:30:00,546.01,547.05,545.0,545.31,2557963
2024-07-29 13:30:00,545.31,545.99,544.44,544.96,2466937
2024-07-29 14:30:00,544.95,545.65,544.2234,545.44,3007253
2024-07-29 15:30:00,545.43,546.06,544.2234,544.75,6371695
2024-07-30 09:30:00,546.26,547.34,544.78,544.96,6974872
2024-07-30 10:30:00,544.9497,545.09,541.21,542.14,6578714
2024-07-30 11:30:00,542.12,542.39,540.09,540.81,4738589
2024-07-30 12:30:00,540.81,544.6673,538.5,540.5126,4458798
2024-07-30 13:30:00,540.2663,544.76,540.19,541.9101,3884363
2024-07-30 14:30:00,541.91,542.22,540.77,541.72,3858830
2024-07-30 15:30:00,541.71,546.18,541.25,541.93,8810238
2024-07-31 09:30:00,548.98,550.55,547.57,550.3,8409147
2024-07-31 10:30:00,550.29,551.28,549.61,551.12,4621319
2024-07-31 11:30:00,551.12,551.73,542.0139,550.5101,3351610
2024-07-31 12:30:00,550.5,550.99,542.0139,550.33,4039274
2024-07-31 13:30:00,550.33,551.32,542.0,550.98,5407442
2024-07-31 14:30:00,550.96,553.5,542.0139,549.68,12032811
2024-07-31 15:30:00,549.66,552.27,542.0139,550.44,15136871
2024-08-01 09:30:00,552.57,554.87,549.8,549.8301,10623115
2024-08-01 10:30:00,549.85,550.9,546.0,546.159,8288571
2024-08-01 11:30:00,546.145,550.5831,544.17,545.0399,7656352
2024-08-01 12:30:00,545.05,550.5831,541.82,542.285,7076005
2024-08-01 13:30:00,542.3,550.8219,538.71,540.2615,8732995
2024-08-01 14:30:00,540.25,550.5831,539.43,541.4793,7814456
2024-08-01 15:30:00,541.47,543.48,539.89,543.04,13591132
2024-08-02 09:30:00,535.71,543.0538,529.58,530.48,16444856
2024-08-02 10:30:00,530.495,531.5,528.6,529.42,11037104
2024-08-02 11:30:00,529.43,543.0538,529.19,532.71,10348207
2024-08-02 12:30:00,532.72,533.52,530.37,530.59,6167233
2024-08-02 13:30:00,530.57,552.56,529.5,531.8,5934327
2024-08-02 14:30:00,531.73,543.0538,529.86,532.36,6698304
2024-08-02 15:30:00,532.35,543.0538,530.52,532.98,12027700
2024-08-05 09:30:00,511.65,533.1055,510.27,514.65,36584246
2024-08-05 10:30:00,514.6409,533.1055,511.77,519.67,13597988
2024-08-05 11:30:00,519.675,551.34,519.09,523.55,10599720
2024-08-05 12:30:00,523.552,533.1055,518.25,519.648,10033725
2024-08-05 13:30:00,519.64,533.1055,517.72,518.95,8015808
2024-08-05 14:30:00,518.95,533.1055,504.64,516.435,11537178
2024-08-05 15:30:00,516.45,535.71,514.88,517.42,23097490
2024-08-06 09:30:00,519.22,524.31,511.77,522.95,15764903
2024-08-06 10:30:00,522.95,526.51,517.1527,522.42,8535056
2024-08-06 11:30:00,522.46,526.96,516.42,526.0137,5935753
2024-08-06 12:30:00,526.02,540.2,517.1527,527.86,5165275
2024-08-06 13:30:00,527.86,528.92,517.1527,528.9,6680222
2024-08-06 14:30:00,528.9,529.75,525.01,526.725,9726844
2024-08-06 15:30:00,526.75,527.12,517.1527,522.19,16469953
2024-08-07 09:30:00,528.48,531.59,527.94,528.75,10966237
2024-08-07 10:30:00,528.7588,531.17,519.42,529.5099,5690599
2024-08-07 11:30:00,529.53,537.0,525.79,527.6621,5300336
2024-08-07 12:30:00,527.66,527.835,522.27,523.65,7464716
2024-08-07 13:30:00,523.64,524.9899,519.435,520.665,9642084
2024-08-07 14:30:00,520.65,522.516,515.66,521.07,9107384
2024-08-07 15:30:00,521.05,522.516,516.9,518.65,10586309
2024-08-08 09:30:00,523.9,527.99,521.5,527.8788,11817334
2024-08-08 10:30:00,527.8788,528.48,518.4826,527.82,6216343
2024-08-08 11:30:00,527.81,529.03,526.85,528.395,4473111
2024-08-08 12:30:00,528.4,529.98,518.4826,529.95,5635575
2024-08-08 13:30:00,529.96,531.3,514.0,530.3641,5416068
2024-08-08 14:30:00,530.36,530.91,529.02,529.31,5697455
2024-08-08 15:30:00,529.32,531.03,511.77,530.63,11530662
2024-08-09 09:30:00,529.81,531.81,528.41,530.6101,8535818
2024-08-09 10:30:00,530.64,532.65,528.8,530.84,5228244
2024-08-09 11:30:00,530.8997,531.85,529.8,530.2995,3891299
2024-08-09 12:30:00,530.3,534.14,530.2205,534.11,3763471
2024-08-09 13:30:00,534.13,534.51,530.27,532.03,4963462
2024-08-09 14:30:00,532.015,533.16,529.81,532.74,4671995
2024-08-09 15:30:00,532.74,544.42,530.4759,532.91,6590924
2024-08-12 09:30:00,534.22,543.14,510.0,534.11,8221856
2024-08-12 10:30:00,534.18,535.74,519.42,532.9,5825967
2024-08-12 11:30:00,532.87,535.15,532.13,534.075,4615625
2024-08-12 12:30:00,534.07,534.57,532.1,533.4399,3207300
2024-08-12 13:30:00,533.44,534.21,531.76,532.63,3317844
2024-08-12 14:30:00,532.62,533.26,532.36,532.63,4464029
2024-08-12 15:30:00,532.65,533.3,531.76,533.25,6821669
2024-08-13 09:30:00,536.53,538.473685,533.0485,537.3312,8842266
2024-08-13 10:30:00,537.4575,552.43,517.68,538.68,4940009
2024-08-13 11:30:00,538.68,540.18,533.0485,539.6901,4125978
2024-08-13 12:30:00,539.69,541.13,533.0485,540.75,3943803
2024-08-13 13:30:00,540.75,541.33,533.0485,540.91,3740809
2024-08-13 14:30:00,540.92,541.69,533.0485,541.205,5081234
2024-08-13 15:30:00,541.2,542.28,533.0485,542.0,11212800
2024-08-14 09:30:00,542.87,543.27,540.84,541.865,7178939
2024-08-14 10:30:00,541.885,543.17,540.12,543.1577,4057598
2024-08-14 11:30:00,543.16,544.96,531.34,542.64,5234095
2024-08-14 12:30:00,542.64,543.55,541.79,543.225,3052485
2024-08-14 13:30:00,543.19,544.1,542.61,543.37,2621157
2024-08-14 14:30:00,543.37,544.35,542.0317,543.12,4281676
2024-08-14 15:30:00,543.12,544.69,542.0317,543.78,9233647
2024-08-15 09:30:00,549.5,550.68,544.2593,550.395,10577760
2024-08-15 10:30:00,550.3999,552.11,544.2593,551.452,6066426
2024-08-15 11:30:00,551.39,552.71,551.27,552.58,4416568
2024-08-15 12:30:00,552.58,552.62,544.2593,552.04,3840321
2024-08-15 13:30:00,552.045,552.92,525.39,552.8,4249055
2024-08-15 14:30:00,552.8196,553.18,544.2593,553.07,6283735
2024-08-15 15:30:00,553.07,553.36,544.2593,553.0678,14488744
2024-08-16 09:30:00,551.42,553.63,542.86,552.96,6175164
2024-08-16 10:30:00,552.9384,553.18,549.2199,552.675,8117956
2024-08-16 11:30:00,552.69,554.16,519.42,553.9,3677852
2024-08-16 12:30:00,553.9,555.02,553.76,554.59,4499341
2024-08-16 13:30:00,554.6,554.866,553.0972,554.29,4115038
2024-08-16 14:30:00,554.29,554.73,553.0972,554.1,3062019
2024-08-16 15:30:00,554.1878,555.79,551.8,554.21,6569258
2024-08-19 09:30:00,554.73,555.69,553.86,555.3688,5897975
2024-08-19 10:30:00,555.36,556.75,554.2558,556.5159,3461446
2024-08-19 11:30:00,556.51,557.07,554.2558,556.77,3258162
2024-08-19 12:30:00,556.77,557.82,554.2558,557.125,2728262
2024-08-19 13:30:00,557.13,557.76,530.65,557.71,3245420
2024-08-19 14:30:00,557.7,558.49,549.5,558.2,4171134
2024-08-19 15:30:00,558.2,559.58,554.2558,559.56,10412468
2024-08-20 09:30:00,559.15,562.65,553.9,559.11,7120104
2024-08-20 10:30:00,559.11,559.6484,557.88,557.97,4728614
2024-08-20 11:30:00,557.96,559.598,557.68,558.5899,3129366
2024-08-20 12:30:00,558.5808,559.6484,523.8836,558.16,2390223
2024-08-20 13:30:00,558.17,559.7399,524.02,559.4099,3198690
2024-08-20 14:30:00,559.39,559.6484,558.64,558.68,3088919
2024-08-20 15:30:00,558.67,559.6484,552.87,558.62,5491836
2024-10-17 09:30:00,585.91,586.12,582.83,583.88,7551281
2024-10-17 10:30:00,583.8601,584.06,582.25,584.015,3608061
2024-10-17 11:30:00,584.03,585.0,581.0299,584.2701,2281527
2024-10-17 12:30:00,584.28,584.73,582.3434,584.23,1889466
2024-10-17 13:30:00,584.225,584.7,582.48,582.6404,3110080
2024-10-17 14:30:00,582.66,583.4,582.3434,582.59,3320639
2024-10-17 15:30:00,582.58,582.7903,582.16,582.28,6723673
2024-10-18 09:30:00,584.07,584.22,582.58,583.48,5420070
2024-10-18 10:30:00,583.496,584.5695,583.06,584.2501,11221163
2024-10-18 11:30:00,584.26,584.48,583.69,584.1625,2554376
2024-10-18 12:30:00,584.1695,585.25,584.11,584.62,2765613
2024-10-18 13:30:00,584.63,585.4,583.815,585.175,3270858
2024-10-18 14:30:00,585.17,585.25,579.8,584.47,2773941
2024-10-18 15:30:00,584.46,584.78,584.05,584.57,4301640
2024-10-21 09:30:00,583.87,584.85,579.58,583.9933,5173923
2024-10-21 10:30:00,583.92,584.6035,580.67,580.8401,7025223
2024-10-21 11:30:00,580.84,584.6035,580.6,582.1701,4070083
2024-10-21 12:30:00,582.19,583.2,581.89,582.92,2802212
2024-10-21 13:30:00,582.92,583.72,582.35,582.65,2507848
2024-10-21 14:30:00,582.65,583.2,582.17,582.92,2791814
2024-10-21 15:30:00,582.92,584.6035,582.29,583.67,5499521
2024-10-22 09:30:00,581.05,582.24,579.8,581.4388,5595170
2024-10-22 10:30:00,581.404,582.5,581.02,582.07,3535903
2024-10-22 11:30:00,582.08,583.5402,581.57,581.76,2203427
2024-10-22 12:30:00,581.76,582.72,581.7,582.66,1833433
2024-10-22 13:30:00,582.67,584.5,582.5996,583.67,5398456
2024-10-22 14:30:00,583.6799,584.455,582.85,583.65,3001031
2024-10-22 15:30:00,583.65,584.26,583.22,583.32,4491815
2024-10-23 09:30:00,581.26,582.67,561.9296,581.01,5240156
2024-10-23 10:30:00,580.99,583.2714,578.79,578.8825,4807886
2024-10-23 11:30:00,578.88,581.025,578.08,578.1801,3893879
2024-10-23 12:30:00,578.18,583.2714,576.46,577.0,5448381
2024-10-23 13:30:00,576.99,583.2714,574.41,575.51,6452712
2024-10-23 14:30:00,575.51,583.2714,575.4,577.28,7480994
2024-10-23 15:30:00,577.28,583.2714,573.95,577.93,7715014
2024-10-24 09:30:00,579.98,580.06,578.42,578.9288,6197567
2024-10-24 10:30:00,578.92,579.84,578.25,578.65,3019724
2024-10-24 11:30:00,578.628,578.71,576.57,578.02,3859539
2024-10-24 12:30:00,578.02,582.35,577.6854,579.05,2897706
2024-10-24 13:30:00,579.055,579.57,578.07,578.875,2510264
2024-10-24 14:30:00,578.89,579.73,578.25,579.44,3389197
2024-10-24 15:30:00,579.44,579.89,577.9128,579.18,5692341
2024-10-25 09:30:00,581.51,584.47,579.1525,584.1913,8124983
2024-10-25 10:30:00,584.21,584.32,579.1525,582.51,4601778
2024-10-25 11:30:00,582.48,584.1967,579.1525,582.7188,4180281
2024-10-25 12:30:00,582.71,582.82,579.1525,580.452,3952657
2024-10-25 13:30:00,580.44,583.15,578.07,579.83,6618233
2024-10-25 14:30:00,579.84,580.52,579.01,579.505,3776765
2024-10-25 15:30:00,579.5,579.805,578.53,579.01,6576464
2024-10-28 09:30:00,582.54,582.87,581.215,582.41,6309613
2024-10-28 10:30:00,582.4,582.8,581.23,581.59,2727656
2024-10-28 11:30:00,581.61,582.22,580.57,581.54,2221776
2024-10-28 12:30:00,581.54,581.64,578.9848,581.33,2952608
2024-10-28 13:30:00,581.3599,584.67,581.22,581.34,2785262
2024-10-28 14:30:00,581.33,581.79,580.78,581.48,2783595
2024-10-28 15:30:00,581.48,581.71,578.9848,580.77,6587641
2024-10-29 09:30:00,579.87,581.85,578.41,580.4787,7010158
2024-10-29 10:30:00,580.4788,581.61,580.4,581.02,8592612
2024-10-29 11:30:00,581.04,582.0,580.73,581.39,2093686
2024-10-29 12:30:00,581.38,582.77,580.5173,581.99,3105038
2024-10-29 13:30:00,582.01,582.36,580.5173,582.35,2290586
2024-10-29 14:30:00,582.35,583.52,580.5173,582.8301,3747492
2024-10-29 15:30:00,582.84,582.9,580.5173,581.7,7423010
2024-10-30 09:30:00,581.33,582.9,579.28,582.69,6787411
2024-10-30 10:30:00,582.71,582.96,581.4552,582.85,3559167
2024-10-30 11:30:00,582.85,583.32,580.22,582.485,2284573
2024-10-30 12:30:00,582.48,582.68,559.49,581.5,3149755
2024-10-30 13:30:00,581.53,581.8371,580.27,581.12,3445959
2024-10-30 14:30:00,581.12,581.44,580.14,580.57,4498395
2024-10-30 15:30:00,580.57,581.86,579.36,579.97,8956121
2024-10-31 09:30:00,575.56,575.63,571.77,571.99,9683901
2024-10-31 10:30:00,571.97,579.5807,570.27,571.0999,6934819
2024-10-31 11:30:00,571.1,579.5807,570.07,571.48,4857588
2024-10-31 12:30:00,571.48,571.99,571.02,571.2,2448869
2024-10-31 13:30:00,571.1873,571.73,569.92,570.5001,3732755
2024-10-31 14:30:00,570.5088,579.5807,569.701,571.17,7231788
2024-10-31 15:30:00,571.18,579.5807,568.44,568.55,10445314
2024-11-01 09:30:00,571.32,575.5003,543.82,575.49,8269058
2024-11-01 10:30:00,575.167,575.55,572.67,575.1975,6287454
2024-11-01 11:30:00,575.195,575.28,568.824,573.375,2877236
2024-11-01 12:30:00,573.39,574.24,572.15,573.755,2631459
2024-11-01 13:30:00,573.695,574.71,571.12,571.9201,3715947
2024-11-01 14:30:00,571.9351,572.95,571.62,571.73,3821064
2024-11-01 15:30:00,571.72,572.2499,568.824,571.02,7784214
2024-11-04 09:30:00,571.18,581.41,568.85,572.095,5172083
2024-11-04 10:30:00,572.1088,575.52,571.02,571.11,4903039
2024-11-04 11:30:00,571.11,571.2488,567.8701,569.99,4733813
2024-11-04 12:30:00,569.98,571.9881,569.23,570.5595,5375587
2024-11-04 13:30:00,570.55,571.27,570.22,570.3302,2922307
2024-11-04 14:30:00,570.32,571.1763,569.94,570.24,3082185
2024-11-04 15:30:00,570.235,571.1763,568.9957,569.77,7673815
2024-11-05 09:30:00,570.75,580.57,569.5766,574.015,7481992
2024-11-05 10:30:00,574.0288,575.22,569.5766,574.71,5423971
2024-11-05 11:30:00,574.71,576.6667,574.71,575.67,3252173
2024-11-05 12:30:00,575.664,576.6667,569.5766,575.38,3770940
2024-11-05 13:30:00,575.39,576.3574,569.5766,575.43,4911922
2024-11-05 14:30:00,575.44,575.87,569.5766,575.69,4216682
2024-11-05 15:30:00,575.68,576.71,569.5766,576.68,6227381
2024-11-06 09:30:00,589.2,589.43,576.5556,588.81,16744566
2024-11-06 10:30:00,588.82,589.0415,576.5556,588.15,7205837
2024-11-06 11:30:00,588.16,589.09,576.5556,588.7588,5612702
2024-11-06 12:30:00,588.755,597.0168,576.5556,590.19,5094301
2024-11-06 13:30:00,590.2,590.71,576.5556,590.54,5136241
2024-11-06 14:30:00,590.53,591.66,576.5556,591.115,5595203
2024-11-06 15:30:00,591.11,591.93,573.01,591.04,11275262
2024-11-07 09:30:00,593.08,594.41,591.1383,594.2588,7348576
2024-11-07 10:30:00,594.27,595.0,591.1383,594.6,5086253
2024-11-07 11:30:00,594.59,595.73,594.05,595.2302,3110025
2024-11-07 12:30:00,595.24,596.8,579.17,594.855,4494150
2024-11-07 13:30:00,594.85,595.4,587.315,594.73,4142988
2024-11-07 14:30:00,594.7199,596.65,584.43,596.1401,5637502
2024-11-07 15:30:00,596.14,596.41,591.1383,595.55,9137821
2024-11-08 09:30:00,596.17,597.58,596.16,597.3305,6078737
2024-11-08 10:30:00,597.33,598.09,595.6495,597.98,4291030
2024-11-08 11:30:00,597.9982,598.22,595.6495,597.64,4171717
2024-11-08 12:30:00,597.64,598.35,597.61,598.18,2590689
2024-11-08 13:30:00,598.17,599.25,575.4379,599.2299,4147990
2024-11-08 14:30:00,599.22,599.64,569.81,598.26,5722241
2024-11-08 15:30:00,598.27,598.69,595.6495,598.24,10548856
2024-11-11 09:30:00,599.82,600.17,597.8824,598.875,6883858
2024-11-11 10:30:00,598.88,599.96,580.97,599.11,3623553
2024-11-11 11:30:00,599.1,599.57,581.65,598.8075,1977108
2024-11-11 12:30:00,598.8,599.03,597.0,597.85,4612077
2024-11-11 13:30:00,597.85,598.65,597.3757,598.135,2244555
2024-11-11 14:30:00,598.14,598.5888,597.8824,598.265,2995092
2024-11-11 15:30:00,598.27,598.84,597.8824,598.72,7283185
2024-11-12 09:30:00,598.7,599.29,597.79,597.9534,6087733
2024-11-12 10:30:00,597.96,598.3799,596.98,597.1899,3120480
2024-11-12 11:30:00,597.18,598.4948,596.04,596.5,3059102
2024-11-12 12:30:00,596.49,598.4948,594.37,595.8234,5171311
2024-11-12 13:30:00,595.81,598.4948,595.6491,597.98,3921707
2024-11-12 14:30:00,597.98,598.4948,597.18,597.39,5016444
2024-11-12 15:30:00,597.39,598.4948,596.51,596.87,6685201
2024-11-13 09:30:00,597.32,597.72,594.956,596.3548,5869788
2024-11-13 10:30:00,596.35,598.14,595.6308,597.97,3489605
2024-11-13 11:30:00,597.97,599.06,570.53,598.4592,3484465
2024-11-13 12:30:00,598.46,599.23,598.29,598.76,3470486
2024-11-13 13:30:00,598.755,599.16,597.8,597.93,2931682
2024-11-13 14:30:00,597.93,598.14,596.685,597.59,5912442
2024-11-13 15:30:00,597.57,598.54,596.475,597.17,13486171
2024-11-14 09:30:00,597.32,598.65,595.12,596.4201,5902287
2024-11-14 10:30:00,596.42,598.11,595.7678,596.475,2730157
2024-11-14 11:30:00,596.48,596.94,594.7,594.81,3115455
2024-11-14 12:30:00,594.82,596.9972,593.74,595.125,3570520
2024-11-14 13:30:00,595.14,596.9972,579.8,595.122,2937079
2024-11-14 14:30:00,595.13,596.9972,593.0112,594.14,5064386
2024-11-14 15:30:00,594.15,596.9972,592.65,593.37,8771783
2024-11-15 09:30:00,589.74,593.4655,585.52,586.83,10789826
2024-11-15 10:30:00,586.82,593.4655,586.02,587.24,13822178
2024-11-15 11:30:00,587.23,593.4655,585.2101,585.46,8170468
2024-11-15 12:30:00,585.47,593.4655,584.48,585.39,5443739
2024-11-15 13:30:00,585.39,593.4655,583.86,584.09,7423351
2024-11-15 14:30:00,584.09,596.5955,584.03,585.31,6777252
2024-11-15 15:30:00,585.31,593.4655,584.73,585.7,9280655
2024-11-18 09:30:00,586.22,588.27,585.14,587.3621,5122802
2024-11-18 10:30:00,587.37,589.15,587.1024,588.641,4079572
2024-11-18 11:30:00,588.65,589.5,587.61,588.3599,3370762
2024-11-18 12:30:00,588.3595,588.68,586.24,588.15,2725339
2024-11-18 13:30:00,588.14,588.55,587.02,587.28,2857975
2024-11-18 14:30:00,587.275,588.41,587.07,588.38,2717633
2024-11-18 15:30:00,588.39,588.3901,585.7298,588.14,8860125
2024-11-19 09:30:00,584.71,586.78,584.01,586.4699,6958672
2024-11-19 10:30:00,586.45,589.01,585.8109,588.9,4413004
2024-11-19 11:30:00,588.8819,589.25,588.03,588.98,3043507
2024-11-19 12:30:00,588.9712,589.63,588.0274,589.545,3924934
2024-11-19 13:30:00,589.545,591.06,588.0274,590.13,5451068
2024-11-19 14:30:00,590.14,590.4724,588.0274,589.88,6312238
2024-11-19 15:30:00,589.88,590.6,588.0274,590.29,6089581
2024-11-20 09:30:00,590.38,590.54,580.73,585.74,8681069
2024-11-20 10:30:00,585.72,598.31,575.7,585.88,7665403
2024-11-20 11:30:00,585.9,590.3716,585.54,587.22,4253300
2024-11-20 12:30:00,587.2,590.3716,586.54,587.6,2951747
2024-11-20 13:30:00,587.6022,590.3716,586.1401,586.6199,2680997
2024-11-20 14:30:00,586.61,590.3716,585.7,588.4716,4795676
2024-11-20 15:30:00,588.48,590.79,588.2994,590.51,9333300
2024-11-21 09:30:00,593.4,593.574,587.53,587.7008,9351405
2024-11-21 10:30:00,587.69,592.76,587.43,592.73,5418326
2024-11-21 11:30:00,592.74,593.28,568.64,593.0,3958668
2024-11-21 12:30:00,593.01,594.68,590.4734,594.42,3530451
2024-11-21 13:30:00,594.44,594.82,590.4734,594.42,4283049
2024-11-21 14:30:00,594.42,595.19,590.4734,594.9,5546996
2024-11-21 15:30:00,594.895,595.0,590.4734,593.61,7280369
2024-11-22 09:30:00,593.66,596.14,593.1525,593.68,7863411
2024-11-22 10:30:00,593.73,595.8965,592.98,594.59,4334158
2024-11-22 11:30:00,594.61,595.89,593.9,595.61,2694798
2024-11-22 12:30:00,595.6005,596.15,594.64,595.5219,2381294
2024-11-22 13:30:00,595.515,595.98,580.0,594.98,3688643
2024-11-22 14:30:00,594.9844,595.63,593.6401,594.75,3555088
2024-11-22 15:30:00,594.7583,596.1,593.6401,595.48,4825953
2024-11-25 09:30:00,599.52,600.86,593.39,599.11,11035673
2024-11-25 10:30:00,599.09,599.26,593.64,597.97,4340166
2024-11-25 11:30:00,597.97,598.39,595.6984,596.04,4236635
2024-11-25 12:30:00,596.04,597.56,591.0,597.1503,3470110
2024-11-25 13:30:00,597.16,597.61,596.48,596.99,2270265
2024-11-25 14:30:00,596.98,600.21,595.6984,597.15,2618804
2024-11-25 15:30:00,597.14,597.75,595.6984,597.45,6582361
2024-11-26 09:30:00,598.8,599.62,597.5328,598.81,6772745
2024-11-26 10:30:00,598.81,600.85,597.5328,599.56,3068558
2024-11-26 11:30:00,599.565,599.87,597.5328,599.3434,2822284
2024-11-26 12:30:00,599.35,600.15,597.5328,599.8799,2141846
2024-11-26 13:30:00,599.8775,600.41,597.5328,599.6801,2988234
2024-11-26 14:30:00,599.7,600.45,597.5328,600.3715,4624285
2024-11-26 15:30:00,600.37,601.33,597.5328,600.74,10768670
2025-01-23 09:30:00,605.8,606.3,605.52,605.7208,4163010
2025-01-23 10:30:00,605.725,607.55,605.65,607.529,4071745
2025-01-23 11:30:00,607.51,607.87,580.45,607.19,5748175
2025-01-23 12:30:00,607.18,608.3,606.9,607.995,3332163
2025-01-23 13:30:00,608.0,608.25,607.31,607.6621,2240756
2025-01-23 14:30:00,607.67,608.27,606.5062,608.095,3277343
2025-01-23 15:30:00,608.09,609.74,606.5062,609.71,6712261
2025-01-24 09:30:00,609.81,610.78,609.24,609.35,5398751
2025-01-24 10:30:00,609.35,609.89,585.8,609.88,3307881
2025-01-24 11:30:00,609.87,610.342858,605.73,609.44,2584691
2025-01-24 12:30:00,609.425,610.15,608.07,608.43,3126656
2025-01-24 13:30:00,608.45,608.74,598.76,607.41,3345571
2025-01-24 14:30:00,607.4,609.7782,606.94,607.06,4125484
2025-01-24 15:30:00,607.07,609.7782,605.81,607.95,6437684
2025-01-27 09:30:00,594.83,608.0436,594.64,599.0,15308857
2025-01-27 10:30:00,598.99,608.0436,596.28,596.51,7647264
2025-01-27 11:30:00,596.5,608.0436,595.7,597.66,5497688
2025-01-27 12:30:00,597.6408,598.22,584.225,596.125,4081363
2025-01-27 13:30:00,596.11,608.0436,596.07,598.98,4838647
2025-01-27 14:30:00,598.985,608.0436,596.27,597.45,7700903
2025-01-27 15:30:00,597.47,608.0436,597.14,599.41,10350339
2025-01-28 09:30:00,600.62,602.79,597.25,602.48,8230796
2025-01-28 10:30:00,602.48,603.5897,589.08,601.394,6736181
2025-01-28 11:30:00,601.41,603.93,599.1839,603.7201,4072270
2025-01-28 12:30:00,603.73,604.79,599.1839,604.1799,3259150
2025-01-28 13:30:00,604.18,604.46,599.1839,604.0501,3277775
2025-01-28 14:30:00,604.0571,605.38,599.1839,605.09,3854767
2025-01-28 15:30:00,605.1,605.23,599.1839,604.49,7073685
2025-01-29 09:30:00,603.71,604.13,597.67,602.98,4264458
2025-01-29 10:30:00,603.01,603.51,602.21,602.459,2453581
2025-01-29 11:30:00,602.455,603.46,601.93,603.08,1873968
2025-01-29 12:30:00,603.0976,603.32,599.63,602.32,3173575
2025-01-29 13:30:00,602.33,604.7041,599.2,599.41,4716546
2025-01-29 14:30:00,599.39,604.7041,599.25,603.35,7629692
2025-01-29 15:30:00,603.36,604.7041,600.74,601.8,4986008
2025-01-30 09:30:00,603.98,605.99,601.8847,602.63,6033950
2025-01-30 10:30:00,602.64,603.9,600.715,602.96,4146311
2025-01-30 11:30:00,602.94,604.34,601.8847,602.35,2926030
2025-01-30 12:30:00,602.37,604.32,602.16,603.9999,2034129
2025-01-30 13:30:00,603.985,605.23,603.8645,604.955,2577942
2025-01-30 14:30:00,604.95,606.6,604.3318,606.3001,3885208
2025-01-30 15:30:00,606.29,606.431337,601.81,604.98,11217424
2025-01-31 09:30:00,607.5,609.02,605.0918,608.9599,6200288
2025-01-31 10:30:00,608.95,609.97,605.0918,609.1,4039794
2025-01-31 11:30:00,609.09,609.55,605.0918,609.55,3769365
2025-01-31 12:30:00,609.53,609.77,605.0918,606.83,4465796
2025-01-31 13:30:00,606.82,607.265,603.3,604.53,10196787
2025-01-31 14:30:00,604.51,605.13,601.37,601.6607,10985695
2025-01-31 15:30:00,601.67,605.0918,601.04,601.79,11871940
2025-02-03 09:30:00,592.67,602.079,590.48,596.38,17334145
2025-02-03 10:30:00,596.36,599.26,590.6608,597.87,9366339
2025-02-03 11:30:00,597.8989,600.69,596.69,597.4,5408106
2025-02-03 12:30:00,597.39,598.26,595.97,597.8267,5810081
2025-02-03 13:30:00,597.83,602.079,592.66,599.48,4564424
2025-02-03 14:30:00,599.48,604.5285,598.4,598.539,3962264
2025-02-03 15:30:00,598.55,606.05,589.38,597.65,8487821
2025-02-04 09:30:00,597.8,601.15,559.17,600.52,6648452
2025-02-04 10:30:00,600.5585,602.02,600.108,601.98,3676100
2025-02-04 11:30:00,601.98,602.1,597.5012,599.77,3340789
2025-02-04 12:30:00,599.79,607.46,599.39,601.13,2219056
2025-02-04 13:30:00,601.12,602.15,600.57,601.88,1799371
2025-02-04 14:30:00,601.88,602.318,597.5012,601.09,4026722
2025-02-04 15:30:00,601.08,602.27,597.5012,601.75,5782145
2025-02-05 09:30:00,600.65,601.11,597.99,600.63,5909835
2025-02-05 10:30:00,600.62,601.4197,599.77,601.25,2769132
2025-02-05 11:30:00,601.25,603.19,600.385,602.49,4233408
2025-02-05 12:30:00,602.495,602.91,602.208,602.57,1422619
2025-02-05 13:30:00,602.56,603.66,602.38,603.28,1921242
2025-02-05 14:30:00,603.27,603.98,601.8177,603.72,3207949
2025-02-05 15:30:00,603.72,604.37,601.8177,604.17,5086786
2025-02-06 09:30:00,605.98,606.1,604.82,604.95,4775214
2025-02-06 10:30:00,604.94,605.7612,600.64,605.5351,2859219
2025-02-06 11:30:00,605.55,605.63,604.7378,605.13,2002097
2025-02-06 12:30:00,605.15,605.99,604.86,605.58,1936627
2025-02-06 13:30:00,605.58,605.804,604.1823,604.56,2839311
2025-02-06 14:30:00,604.58,604.8423,602.63,604.765,5268439
2025-02-06 15:30:00,604.77,606.46,603.8625,606.34,6620920
2025-02-07 09:30:00,606.93,608.14,603.76,604.6099,8460942
2025-02-07 10:30:00,604.58,606.4184,601.18,602.01,10253094
2025-02-07 11:30:00,602.03,606.4184,600.63,601.68,8443446
2025-02-07 12:30:00,601.63,606.4184,601.3,603.35,2476318
2025-02-07 13:30:00,603.33,606.4184,600.418,600.59,3499651
2025-02-07 14:30:00,600.62,601.6,600.05,600.4007,3536517
2025-02-07 15:30:00,600.39,606.4184,600.37,600.78,7320324
2025-02-10 09:30:00,603.99,604.8,600.7517,604.73,6058373
2025-02-10 10:30:00,604.74,605.36,600.7517,604.3093,3340473
2025-02-10 11:30:00,604.31,604.51,600.7517,603.62,2268428
2025-02-10 12:30:00,603.63,605.0,600.7517,604.6899,1587748
2025-02-10 13:30:00,604.6801,605.527,604.56,605.1976,1947206
2025-02-10 14:30:00,605.2,605.37,604.72,604.9,2722380
2025-02-10 15:30:00,604.89,605.03,604.24,604.77,4622176
2025-02-11 09:30:00,602.55,604.7926,596.92,604.1499,4162801
2025-02-11 10:30:00,604.17,605.23,603.8882,604.59,3044899
2025-02-11 11:30:00,604.6,604.9,603.1,604.32,4016233
2025-02-11 12:30:00,604.33,604.7926,603.5,603.98,1783846
2025-02-11 13:30:00,603.98,606.83,603.9379,604.71,3142438
2025-02-11 14:30:00,604.72,605.86,604.71,605.2778,3820617
2025-02-11 15:30:00,605.2015,605.59,604.61,605.21,5206742
2025-02-12 09:30:00,599.23,605.0614,598.51,601.444,15155915
2025-02-12 10:30:00,601.44,605.89,600.15,600.655,3948166
2025-02-12 11:30:00,600.63,603.99,600.4632,603.79,4270208
2025-02-12 12:30:00,603.78,606.44,603.0798,603.5325,2558696
2025-02-12 13:30:00,603.54,605.0614,602.53,603.05,2783032
2025-02-12 14:30:00,603.06,605.0614,603.0218,603.33,4146935
2025-02-12 15:30:00,603.32,605.0614,602.57,603.36,4585705
2025-02-13 09:30:00,604.48,606.4199,603.2,606.0521,6552828
2025-02-13 10:30:00,606.0797,607.49,603.4189,606.7,3563693
2025-02-13 11:30:00,606.7,606.99,603.4189,606.53,2320275
2025-02-13 12:30:00,606.5399,607.24,604.99,606.1827,2355372
2025-02-13 13:30:00,606.2,608.42,603.4189,608.206,6028673
2025-02-13 14:30:00,608.28,609.72,603.4189,609.5799,5921115
2025-02-13 15:30:00,609.57,609.94,603.4189,609.69,8181341
2025-02-14 09:30:00,609.94,610.99,609.76,610.24,4770098
2025-02-14 10:30:00,610.24,610.859,609.3901,609.99,3910433
2025-02-14 11:30:00,610.01,610.3885,609.2612,609.3201,2764484
2025-02-14 12:30:00,609.34,610.09,609.07,609.92,1443223
2025-02-14 13:30:00,609.8435,610.764706,609.8312,610.1387,2059679
2025-02-14 14:30:00,610.14,610.3102,609.58,609.66,2430502
2025-02-14 15:30:00,609.66,610.47,609.545,609.7,5528625
2025-02-18 09:30:00,610.88,611.0,609.33,609.64,5056301
2025-02-18 10:30:00,609.64,610.7491,609.35,610.4005,2698613
2025-02-18 11:30:00,610.41,610.86,609.77,610.04,1777422
2025-02-18 12:30:00,610.04,610.66,609.52,609.9,2207661
2025-02-18 13:30:00,609.9,609.9366,608.37,609.21,3558442
2025-02-18 14:30:00,609.3174,610.04,609.09,609.78,3079516
2025-02-18 15:30:00,609.79,611.38,609.63,611.35,5115987
2025-02-19 09:30:00,610.08,610.28,609.56,610.05,5000710
2025-02-19 10:30:00,610.0506,611.3836,609.81,611.1786,4571688
2025-02-19 11:30:00,611.17,611.97,610.98,611.05,2328817
2025-02-19 12:30:00,611.06,611.82,610.65,611.6699,2127119
2025-02-19 13:30:00,611.67,613.09,611.398,612.825,3339899
2025-02-19 14:30:00,612.82,613.23,594.5165,612.1,3320063
2025-02-19 15:30:00,612.11,613.06,611.3836,612.9,5357636
2025-02-20 09:30:00,611.55,612.9143,607.02,609.15,7948215
2025-02-20 10:30:00,609.1,612.9143,607.07,608.25,3789734
2025-02-20 11:30:00,608.26,612.9143,607.1,608.79,3965861
2025-02-20 12:30:00,608.79,612.9143,597.36,607.941,3137699
2025-02-20 13:30:00,607.94,612.9143,607.815,609.19,3605539
2025-02-20 14:30:00,609.17,612.9143,608.71,609.83,4056960
2025-02-20 15:30:00,609.8305,612.9143,609.46,610.39,5353306
2025-02-21 09:30:00,610.17,610.3,606.52,606.7799,9472951
2025-02-21 10:30:00,606.75,610.2797,605.75,606.9421,8592079
2025-02-21 11:30:00,606.95,610.2797,605.1401,605.715,5485998
2025-02-21 12:30:00,605.72,610.2797,602.09,602.15,9010488
2025-02-21 13:30:00,602.16,610.2797,599.64,599.9194,8401996
2025-02-21 14:30:00,599.915,610.2797,599.47,600.57,9420204
2025-02-21 15:30:00,600.57,610.2797,599.47,600.0,10644069
2025-02-24 09:30:00,602.02,603.03,575.87,597.93,11140706
2025-02-24 10:30:00,597.93,601.98,594.78,600.1,5350502
2025-02-24 11:30:00,600.08,601.6,599.4,601.05,3482874
2025-02-24 12:30:00,601.06,601.85,599.9043,601.41,2461361
2025-02-24 13:30:00,601.41,605.77203,599.8325,600.07,2795630
2025-02-24 14:30:00,600.06,600.67,598.9,599.2246,5225906
2025-02-24 15:30:00,599.11,599.9043,596.64,597.2,10471360
2025-02-25 09:30:00,597.16,597.89,590.66,590.86,13189049
2025-02-25 10:30:00,590.84,596.9371,590.5,590.86,10356372
2025-02-25 11:30:00,590.87,600.799,589.56,593.67,5524925
2025-02-25 12:30:00,593.67,596.9371,592.0533,593.7,4963238
2025-02-25 13:30:00,593.7,600.64,593.01,593.09,4278436
2025-02-25 14:30:00,593.07,597.16,593.01,595.89,7110448
2025-02-25 15:30:00,595.9,596.9371,593.56,594.21,7194196
2025-02-26 09:30:00,595.91,599.28,595.1,597.93,8070941
2025-02-26 10:30:00,597.946,599.59,594.0,598.68,3651318
2025-02-26 11:30:00,598.68,599.94,594.1617,598.61,3439142
2025-02-26 12:30:00,598.61,599.11,593.84,593.905,5114606
2025-02-26 13:30:00,593.905,594.8022,591.85,593.3891,6001001
2025-02-26 14:30:00,593.37,594.66,592.46,593.58,4549410
2025-02-26 15:30:00,593.59,595.29,593.14,594.43,6328749
2025-04-17 09:30:00,527.66,529.32,525.0,525.28,10951014
2025-04-17 10:30:00,525.28,538.75,521.325,526.695,14837243
2025-04-17 11:30:00,526.69,529.89,525.8447,529.475,8473606
2025-04-17 12:30:00,529.46,530.41,525.8447,527.68,5332673
2025-04-17 13:30:00,527.69,531.165,525.8447,530.0009,8628475
2025-04-17 14:30:00,530.02,544.86,502.3,527.32,8015054
2025-04-17 15:30:00,527.34,528.51,525.71,526.39,11828314
2025-04-21 09:30:00,521.17,539.04,515.1899,515.6301,9059516
2025-04-21 10:30:00,515.63,516.88,512.79,513.1108,7214402
2025-04-21 11:30:00,513.11,530.914,510.8,511.66,7379820
2025-04-21 12:30:00,511.66,526.5841,509.54,509.9612,8170906
2025-04-21 13:30:00,509.95,526.5841,508.46,509.91,6279261
2025-04-21 14:30:00,509.9,526.5841,508.68,510.365,10260608
2025-04-21 15:30:00,510.37,526.5841,510.0,513.98,12847246
2025-04-22 09:30:00,520.12,523.44,513.25,523.09,9428058
2025-04-22 10:30:00,523.07,525.8138,522.23,524.95,6952987
2025-04-22 11:30:00,524.9491,529.31,496.48,528.7883,10602070
2025-04-22 12:30:00,528.8,529.56,514.1975,522.5847,11380222
2025-04-22 13:30:00,522.57,525.68,514.1975,525.39,7422148
2025-04-22 14:30:00,525.39,527.24,524.25,524.69,6653271
2025-04-22 15:30:00,524.67,527.5,514.1975,526.93,10594326
2025-04-23 09:30:00,540.4,557.48,513.88,543.88,24441991
2025-04-23 10:30:00,543.82,545.21,493.5,538.6,11096186
2025-04-23 11:30:00,538.59,545.19,527.1094,536.3,9860776
2025-04-23 12:30:00,536.3,545.2,523.3,538.19,6905150
2025-04-23 13:30:00,538.21,545.185,527.1094,536.56,7003217
2025-04-23 14:30:00,536.57,545.155,512.215,534.63,7442636
2025-04-23 15:30:00,534.65,545.108065,527.1094,535.39,12940660
2025-04-24 09:30:00,536.74,542.34,535.43,542.25,9766443
2025-04-24 10:30:00,542.23,543.88,535.8812,542.48,8605744
2025-04-24 11:30:00,542.5,544.97,535.8812,544.44,5649938
2025-04-24 12:30:00,544.44,545.86,526.39,544.96,5198199
2025-04-24 13:30:00,544.98,546.33,535.8812,545.51,5310347
2025-04-24 14:30:00,545.51,546.99,535.8812,544.8897,6956463
2025-04-24 15:30:00,544.88,547.44,535.8812,546.54,10603371
2025-04-25 09:30:00,546.66,548.12,543.89,544.585,11279357
2025-04-25 10:30:00,544.6,547.5,536.76,546.45,5995085
2025-04-25 11:30:00,546.46,548.57,545.69,548.34,4107834
2025-04-25 12:30:00,548.3499,551.055,546.7264,550.97,5682868
2025-04-25 13:30:00,550.9128,551.0,546.7264,549.7201,8913902
2025-04-25 14:30:00,549.74,550.75,546.7264,549.645,6007435
2025-04-25 15:30:00,549.64,550.92,493.5,550.53,8236246
2025-04-28 09:30:00,551.39,553.5518,549.66,550.9625,9471510
2025-04-28 10:30:00,550.95,552.0,506.243458,547.24,5735181
2025-04-28 11:30:00,547.23,550.761,545.7,546.025,4964079
2025-04-28 12:30:00,546.02,547.48,526.41,545.35,4294523
2025-04-28 13:30:00,545.3312,550.761,545.02,548.59,4038593
2025-04-28 14:30:00,548.5897,550.84,547.97,550.5748,4843364
2025-04-28 15:30:00,550.56,552.28,537.835,550.94,6818092
2025-04-29 09:30:00,548.91,552.8,548.55,549.86,8610110
2025-04-29 10:30:00,549.91,553.2918,549.2,552.2399,4407715
2025-04-29 11:30:00,552.23,553.45,550.87,552.88,3642363
2025-04-29 12:30:00,552.88,553.2,550.51,552.635,4250856
2025-04-29 13:30:00,552.62,555.4407,551.1141,554.87,6471831
2025-04-29 14:30:00,554.87,555.29,551.1141,554.6,5260328
2025-04-29 15:30:00,554.62,555.47,551.1141,554.14,7843448
2025-04-30 09:30:00,547.59,554.351,541.51,546.33,14920711
2025-04-30 10:30:00,546.31,554.351,545.31,549.01,8289732
2025-04-30 11:30:00,549.01,555.18,547.78,548.1,6305166
2025-04-30 12:30:00,548.09,554.351,533.94,550.03,4347960
2025-04-30 13:30:00,550.01,554.351,549.64,550.48,7784223
2025-04-30 14:30:00,550.46,554.351,549.1,549.81,7644367
2025-04-30 15:30:00,549.81,556.52,549.38,554.35,23358216
2025-05-01 09:30:00,560.42,562.22,506.24345,562.04,13044472
2025-05-01 10:30:00,562.05,564.07,555.177,563.25,8500632
2025-05-01 11:30:00,563.25,563.5026,543.59,560.31,6560522
2025-05-01 12:30:00,560.33,561.988889,555.177,561.3401,4561553
2025-05-01 13:30:00,561.35,562.36,555.177,561.9,3919593
2025-05-01 14:30:00,561.89,562.69,554.31,562.03,5567569
2025-05-01 15:30:00,562.02,562.49,555.177,558.46,9908240
2025-05-02 09:30:00,564.69,566.33,558.6832,566.31,12622772
2025-05-02 10:30:00,566.3,566.315,562.27,564.655,5370961
2025-05-02 11:30:00,564.67,568.01,558.6832,567.2,6820923
2025-05-02 12:30:00,567.2,568.08,566.35,566.78,4182939
2025-05-02 13:30:00,566.78,567.9598,544.0,567.66,3377231
2025-05-02 14:30:00,567.7575,568.39,558.47,567.6407,7343624
2025-05-02 15:30:00,567.64,567.83,520.14,566.62,10188217
2025-05-05 09:30:00,562.55,565.97,547.58,563.7,8088130
2025-05-05 10:30:00,563.687,565.32,562.92,564.8049,5761438
2025-05-05 11:30:00,564.8,566.9322,545.65,565.705,3578388
2025-05-05 12:30:00,565.7,565.96,564.83,565.1601,2985572
2025-05-05 13:30:00,565.1651,566.9322,565.05,566.14,2558277
2025-05-05 14:30:00,566.14,567.5,564.56,564.7599,5293411
2025-05-05 15:30:00,564.75,566.9322,563.09,563.53,5959203
2025-05-06 09:30:00,557.93,560.9,556.95,560.62,8576650
2025-05-06 10:30:00,560.6,561.82,560.33,561.629384,4261990
2025-05-06 11:30:00,561.64,563.36,560.14,560.5899,6042221
2025-05-06 12:30:00,560.57,565.605,559.1204,559.69,3714711
2025-05-06 13:30:00,559.69,560.51,558.31,560.4747,4315276
2025-05-06 14:30:00,560.4615,563.3233,525.0049,560.785,4940022
2025-05-06 15:30:00,560.79,563.3233,558.72,558.8,8604027
2025-05-07 09:30:00,560.15,561.96,558.9953,561.8272,6430018
2025-05-07 10:30:00,561.84,561.98,557.835,559.17,5241485
2025-05-07 11:30:00,559.155,561.85,558.6,559.18,4006991
2025-05-07 12:30:00,559.19,561.8588,559.06,561.26,2353016
2025-05-07 13:30:00,561.25,561.42,546.69,557.98,7360940
2025-05-07 14:30:00,557.96,562.64,557.31,557.87,8213927
2025-05-07 15:30:00,557.86,563.82,557.51,561.23,12073519
2025-05-08 09:30:00,565.22,565.64,561.4228,564.44,7895647
2025-05-08 10:30:00,564.44,567.08,561.4228,566.22,9288023
2025-05-08 11:30:00,566.22,569.71,561.4228,568.79,9913512
2025-05-08 12:30:00,568.79,570.3188,561.4228,569.1817,4731382
2025-05-08 13:30:00,569.2,569.85,539.61,568.1538,4600034
2025-05-08 14:30:00,568.04,569.39,561.4228,569.0297,8249936
2025-05-08 15:30:00,569.03,569.14,561.4228,564.92,11038185
2025-05-09 09:30:00,566.48,567.5,557.48,564.4699,5643023
2025-05-09 10:30:00,564.455,565.28,562.7637,564.55,6005990
2025-05-09 11:30:00,564.5502,565.64,563.4401,563.87,3405020
2025-05-09 12:30:00,563.88,565.06,562.85,563.96,3576044
2025-05-09 13:30:00,563.96,565.3593,563.53,564.3199,2776596
2025-05-09 14:30:00,564.3099,565.89,561.46,564.94,4280950
2025-05-09 15:30:00,564.96,565.17,564.09,564.29,5995188
2025-05-12 09:30:00,581.49,581.74,577.89,578.26,16425362
2025-05-12 10:30:00,578.27,580.61,564.69,578.85,10340274
2025-05-12 11:30:00,578.85,579.83,577.97,579.3,6642437
2025-05-12 12:30:00,579.27,582.43,564.4344,581.3,7166886
2025-05-12 13:30:00,581.29,582.1799,564.4344,581.97,4405873
2025-05-12 14:30:00,581.9799,582.69,522.69,581.52,7454440
2025-05-12 15:30:00,581.52,583.0,564.4344,582.84,13295631
2025-05-13 09:30:00,583.46,587.92,582.8017,586.83,13375886
2025-05-13 10:30:00,586.84,588.1,582.8017,587.7,7815320
2025-05-13 11:30:00,587.685,588.44,582.8017,587.69,8810834
2025-05-13 12:30:00,587.68,588.4,558.47,588.33,5181766
2025-05-13 13:30:00,588.335,589.07,582.8017,587.89,7405702
2025-05-13 14:30:00,587.92,588.96,546.69,588.4417,6511291
2025-05-13 15:30:00,588.44,589.09,582.8017,586.81,9977310
2025-05-14 09:30:00,587.82,588.98,586.39,587.51,11115935
2025-05-14 10:30:00,587.49,588.1,580.8,587.86,7225771
2025-05-14 11:30:00,587.86,588.545,549.36,587.93,4932579
2025-05-14 12:30:00,587.93,588.57,585.535,586.335,6426148
2025-05-14 13:30:00,586.32,587.7,530.82,586.86,5034693
2025-05-14 14:30:00,586.865,588.22,523.86,587.0025,7316342
2025-05-14 15:30:00,587.0,588.15,523.86,587.56,13269210
2025-05-15 09:30:00,585.56,587.14,585.09,585.8941,10779986
2025-05-15 10:30:00,585.87,588.91,585.31,588.36,10298233
2025-05-15 11:30:00,588.3502,590.3,587.792,589.17,8980623
2025-05-15 12:30:00,589.17,590.98,585.29,590.68,6042420
2025-05-15 13:30:00,590.68,590.7627,583.51,589.501,6758257
2025-05-15 14:30:00,589.51,590.33,588.3,588.76,7729433
2025-05-15 15:30:00,588.75,590.44,527.25,590.41,11737601
