bar_start,open,high,low,close,volume
2021-01-26 09:30:00,828.0,839.84,816.8,828.385,1284
2021-01-26 10:30:00,839.82,848.89,825.0,848.89,3609
2021-01-26 11:30:00,842.5,849.77,831.8225,840.8501,4420
2021-01-26 12:30:00,844.045,845.0,830.94,836.61,3211
2021-01-26 13:30:00,831.5,838.04,817.67,828.24,2880
2021-01-26 14:30:00,827.14,828.24,818.29,824.49,3298
2021-01-26 15:30:00,822.065,833.0,819.18,826.11,7448
2021-01-27 09:30:00,828.07,838.44,788.0738,808.305,1657
2021-01-27 10:30:00,816.97,836.64,799.68,825.415,2366
2021-01-27 11:30:00,822.0,828.98,809.2,826.8999,2209
2021-01-27 12:30:00,816.0,830.0825,813.03,830.0825,2802
2021-01-27 13:30:00,830.35,846.16,819.0,823.835,2413
2021-01-27 14:30:00,821.33,828.7179,801.58,805.0,2382
2021-01-27 15:30:00,804.1,818.01,783.0,799.23,11333
2021-01-28 09:30:00,797.24,821.79,788.48,813.315,5858
2021-01-28 10:30:00,810.0,822.5,802.13,818.1,3359
2021-01-28 11:30:00,810.1001,829.0,810.0,825.4478,3076
2021-01-28 12:30:00,828.99,845.06,825.5,836.0,8998
2021-01-28 13:30:00,839.9063,846.85,830.0,834.35,2611
2021-01-28 14:30:00,832.5,839.98,818.31,825.0,12143
2021-01-28 15:30:00,816.5015,837.66,816.5015,835.53,2793
2021-01-29 09:30:00,832.0,838.6722,808.0,836.125,4378
2021-01-29 10:30:00,836.125,847.245,823.22,845.5,5414
2021-01-29 11:30:00,845.5,849.77,825.55,827.2446,7044
2021-01-29 12:30:00,827.2387,842.7354,803.0,817.6,7587
2021-01-29 13:30:00,829.134,832.0,818.16,830.0,4960
2021-01-29 14:30:00,830.0,840.0,817.0235,835.5,4497
2021-01-29 15:30:00,836.1,840.0,821.0001,836.5,10006
2021-02-01 09:30:00,836.0,846.8,820.0,837.93,3838
2021-02-01 10:30:00,832.65,849.99,832.65,845.5325,4889
2021-02-01 11:30:00,845.14,849.77,834.0,838.025,2865
2021-02-01 12:30:00,834.5774,842.0,832.2101,837.77,2588
2021-02-01 13:30:00,840.4011,841.95,820.5201,834.47,2155
2021-02-01 14:30:00,839.0,848.75,830.0001,833.22,4258
2021-02-01 15:30:00,833.88,844.995,832.49,840.0,2194
2021-02-02 09:30:00,846.08,848.8799,831.55,846.01,1134
2021-02-02 10:30:00,841.8691,864.11,841.0,856.5,8299
2021-02-02 11:30:00,860.0,864.11,850.46,856.9,1328
2021-02-02 12:30:00,860.52,864.11,850.44,862.3315,1600
2021-02-02 13:30:00,855.0,861.1441,850.44,850.73,1826
2021-02-02 14:30:00,854.33,862.38,851.0,856.35,1891
2021-02-02 15:30:00,860.0,863.155,846.4239,857.96,3683
2021-02-03 09:30:00,856.36,879.0,851.5599,878.7,4265
2021-02-03 10:30:00,873.6,886.6501,869.6578,884.0,13445
2021-02-03 11:30:00,880.0,900.0,880.0,895.355,10201
2021-02-03 12:30:00,891.7397,899.95,887.1347,895.9,7580
2021-02-03 13:30:00,895.78,901.0,890.0001,900.0,8584
2021-02-03 14:30:00,900.24,909.5,898.5,903.9999,5889
2021-02-03 15:30:00,905.3652,910.11,900.05,910.0,8496
2021-02-04 09:30:00,906.2,933.0,894.88,924.02,17374
2021-02-04 10:30:00,921.0,939.0,912.65,938.5687,14187
2021-02-04 11:30:00,938.0,950.0,934.71,949.0,6019
2021-02-04 12:30:00,946.025,955.0,940.23,954.44,7746
2021-02-04 13:30:00,951.925,966.0,948.91,964.99,6366
2021-02-04 14:30:00,962.5,974.5,960.0,967.9999,15350
2021-02-04 15:30:00,969.9499,970.0,960.0,969.9,7525
2021-02-05 09:30:00,987.0,996.0,961.44,982.6,11016
2021-02-05 10:30:00,978.56,988.3862,967.2701,975.95,4955
2021-02-05 11:30:00,975.95,994.98,965.0,967.0,9307
2021-02-05 12:30:00,972.02,978.75,962.0461,970.89,2490
2021-02-05 13:30:00,969.0,978.83,966.4,974.5,4523
2021-02-05 14:30:00,975.0,990.95,970.0001,987.0,6978
2021-02-05 15:30:00,987.5,995.8405,979.68,992.99,7121
2021-02-08 09:30:00,988.97,1007.77,980.15,1003.35,16369
2021-02-08 10:30:00,1000.81,1005.48,987.7501,1000.0,8657
2021-02-08 11:30:00,1000.0,1010.0,994.9113,1010.0,6204
2021-02-08 12:30:00,1008.48,1016.72,1006.6,1012.6,3956
2021-02-08 13:30:00,1015.8,1019.0,1003.61,1006.4221,3676
2021-02-08 14:30:00,1015.45,1020.0,1005.0,1015.99,5966
2021-02-08 15:30:00,1015.3,1020.0,1013.85,1019.0,3255
2021-02-09 09:30:00,1007.0,1024.99,991.5,1011.2,10307
2021-02-09 10:30:00,1019.92,1024.03,1011.8977,1017.5,11687
2021-02-09 11:30:00,1019.9,1023.8399,1014.605,1017.525,9556
2021-02-09 12:30:00,1018.95,1021.0,1010.09,1017.0,6935
2021-02-09 13:30:00,1012.6645,1024.99,1012.6645,1021.295,5269
2021-02-09 14:30:00,1024.94,1024.94,1010.34,1017.63,10948
2021-02-09 15:30:00,1018.89,1020.0,1008.48,1011.68,6662
2021-02-10 09:30:00,1020.0,1048.0,1018.0,1041.25,17911
2021-02-10 10:30:00,1044.52,1056.99,1036.02,1051.69,7105
2021-02-10 11:30:00,1049.34,1053.89,1033.5074,1039.56,5018
2021-02-10 12:30:00,1040.05,1059.01,1040.025,1048.6728,10738
2021-02-10 13:30:00,1048.29,1063.3607,1048.29,1053.82,4559
2021-02-10 14:30:00,1055.0,1069.45,1053.89,1065.8499,6966
2021-02-10 15:30:00,1062.96,1067.98,1060.0,1065.49,5900
2021-02-11 09:30:00,1059.4,1079.11,1044.45,1070.505,7560
2021-02-11 10:30:00,1066.01,1079.95,1066.01,1077.015,4789
2021-02-11 11:30:00,1079.4,1087.54,1068.0313,1070.4,9208
2021-02-11 12:30:00,1070.1,1075.3,1059.0,1071.11,4502
2021-02-11 13:30:00,1064.8848,1075.11,1059.0,1070.65,4657
2021-02-11 14:30:00,1069.55,1075.0,1063.35,1063.35,3906
2021-02-11 15:30:00,1063.35,1075.16,1063.35,1074.98,6108
2021-02-12 09:30:00,1076.0,1091.2,1061.12,1083.6199,2359
2021-02-12 10:30:00,1069.4553,1119.68,1067.81,1106.0,7083
2021-02-12 11:30:00,1100.6489,1111.0,1089.17,1102.58,7373
2021-02-12 12:30:00,1109.8868,1120.32,1092.6948,1113.3687,5422
2021-02-12 13:30:00,1105.7048,1111.962,1095.2,1110.14,2358
2021-02-12 14:30:00,1110.14,1115.0,1100.05,1109.01,7968
2021-02-12 15:30:00,1113.4472,1121.42,1100.23,1119.76,5772
2021-02-16 09:30:00,1125.0,1175.0,1111.76,1156.5,12952
2021-02-16 10:30:00,1156.5,1181.95,1143.07,1172.2,7545
2021-02-16 11:30:00,1172.2,1191.44,1154.75,1179.8,8210
2021-02-16 12:30:00,1178.4852,1180.0,1161.36,1171.2,5828
2021-02-16 13:30:00,1172.0,1176.0,1157.27,1167.745,18474
2021-02-16 14:30:00,1165.0,1175.45,1151.7401,1154.89,7728
2021-02-16 15:30:00,1155.26,1166.0,1153.18,1165.95,6115
2021-02-17 09:30:00,1165.01,1184.95,1146.76,1151.2041,8661
2021-02-17 10:30:00,1150.56,1160.49,1129.1101,1146.95,11436
2021-02-17 11:30:00,1143.73,1153.3,1134.32,1145.04,5011
2021-02-17 12:30:00,1148.47,1158.99,1143.76,1145.18,11266
2021-02-17 13:30:00,1146.44,1165.68,1143.85,1147.9606,4369
2021-02-17 14:30:00,1153.95,1159.47,1138.73,1138.74,5802
2021-02-17 15:30:00,1138.73,1155.46,1138.73,1144.0,4689
2021-02-18 09:30:00,1133.11,1146.03,1078.6,1080.0533,8598
2021-02-18 10:30:00,1080.78,1097.2,1045.4701,1075.4725,12596
2021-02-18 11:30:00,1075.94,1107.0899,1072.0,1105.68,4464
2021-02-18 12:30:00,1105.67,1129.24,1096.87,1128.03,5595
2021-02-18 13:30:00,1129.29,1157.15,1118.41,1129.205,12023
2021-02-18 14:30:00,1129.7,1130.3315,1099.8219,1122.3,7325
2021-02-18 15:30:00,1110.0,1140.0,1085.2,1100.2,4534
2021-02-22 09:30:00,1096.13,1124.0,1081.0,1109.81,5853
2021-02-22 10:30:00,1112.95,1135.98,1104.085,1125.0,8494
2021-02-22 11:30:00,1129.0,1149.08,1121.3947,1137.9,10165
2021-02-22 12:30:00,1137.95,1143.95,1119.6416,1132.5,3864
2021-02-22 13:30:00,1132.01,1134.95,1117.48,1126.42,1576
2021-02-22 14:30:00,1134.95,1134.95,1101.38,1106.0,5090
2021-02-22 15:30:00,1105.945,1108.88,1084.78,1100.0,4452
2021-02-23 09:30:00,1098.83,1102.28,1030.0001,1077.58,7036
2021-02-23 10:30:00,1097.8099,1111.04,1075.0,1102.0,4499
2021-02-23 11:30:00,1100.25,1108.75,1087.96,1092.326,1768
2021-02-23 12:30:00,1101.9,1119.97,1091.1,1113.0355,5217
2021-02-23 13:30:00,1104.9,1118.3671,1100.0,1117.73,4147
2021-02-23 14:30:00,1100.4451,1119.21,1096.8,1119.08,2965
2021-02-23 15:30:00,1118.11,1120.0,1102.98,1116.8,3621
2021-02-24 09:30:00,1121.98,1145.0,1110.0,1143.66,4818
2021-02-24 10:30:00,1142.98,1149.95,1114.08,1140.604,2835
2021-02-24 11:30:00,1143.3422,1150.0,1130.9157,1141.82,3024
2021-02-24 12:30:00,1149.99,1160.0,1141.32,1144.99,4743
2021-02-24 13:30:00,1156.185,1171.35,1141.3401,1144.865,3991
2021-02-24 14:30:00,1149.87,1161.5099,1141.32,1144.88,2490
2021-02-24 15:30:00,1141.7301,1152.0,1141.7301,1143.53,3158
2021-02-25 09:30:00,1143.52,1200.0,1128.86,1165.01,7426
2021-02-25 10:30:00,1184.94,1187.13,1144.33,1176.95,4823
2021-02-25 11:30:00,1167.8,1176.95,1141.0846,1157.0573,2615
2021-02-25 12:30:00,1164.95,1164.95,1123.5101,1159.9462,2750
2021-02-25 13:30:00,1154.0,1170.0,1137.9801,1164.2001,1609
2021-02-25 14:30:00,1168.15,1170.0,1129.305,1135.11,4349
2021-02-25 15:30:00,1142.5,1148.05,1100.05,1113.0,12545
2021-02-26 09:30:00,1111.0,1152.65,1025.53,1065.585,8787
2021-02-26 10:30:00,1055.05,1084.86,1038.0,1060.0,3603
2021-02-26 11:30:00,1054.2,1100.0,1050.42,1089.595,3630
2021-02-26 12:30:00,1088.0,1105.985,1079.43,1093.7,1957
2021-02-26 13:30:00,1092.95,1152.65,1065.58,1080.2,2825
2021-02-26 14:30:00,1085.19,1117.63,1073.29,1098.0,2450
2021-02-26 15:30:00,1084.49,1111.28,1084.42,1094.14,3534
2021-03-01 09:30:00,1121.0,1152.65,1076.33,1107.0,6325
2021-03-01 10:30:00,1089.0045,1125.28,1082.05,1115.9,1190
2021-03-01 11:30:00,1123.35,1125.0,1090.05,1103.3305,1621
2021-03-01 12:30:00,1100.0,1115.0,1090.2,1114.85,1722
2021-03-01 13:30:00,1106.5293,1125.0,1098.35,1098.35,1446
2021-03-01 14:30:00,1119.98,1124.98,1090.2,1104.42,2646
2021-03-01 15:30:00,1104.42,1115.7,1095.075,1107.77,3655
2021-03-02 09:30:00,1122.17,1139.76,1097.32,1111.47,2063
2021-03-02 10:30:00,1115.52,1137.96,1105.4,1119.615,2573
2021-03-02 11:30:00,1121.0,1132.6599,1108.885,1129.57,1435
2021-03-02 12:30:00,1117.0,1129.52,1111.69,1121.4,874
2021-03-02 13:30:00,1124.49,1129.99,1100.57,1104.5,7541
2021-03-02 14:30:00,1104.21,1107.01,1090.0,1103.6344,3075
2021-03-02 15:30:00,1100.92,1111.625,1090.2009,1098.35,4074
2021-03-03 09:30:00,1101.0,1132.9799,1095.94,1132.9799,2135
2021-03-03 10:30:00,1123.95,1156.18,1114.29,1148.09,5770
2021-03-03 11:30:00,1146.51,1171.365,1140.0,1167.44,3690
2021-03-03 12:30:00,1169.965,1180.9999,1153.68,1175.9,4149
2021-03-03 13:30:00,1166.6343,1187.4127,1158.52,1174.8563,4874
2021-03-03 14:30:00,1175.4,1185.0,1168.05,1171.8,6147
2021-03-03 15:30:00,1179.9499,1179.95,1149.9709,1169.64,7261
2021-03-04 09:30:00,1174.67,1194.35,1148.24,1193.8,13664
2021-03-04 10:30:00,1181.8932,1218.0,1174.0,1191.635,10510
2021-03-04 11:30:00,1198.32,1207.69,1176.67,1185.0,14058
2021-03-04 12:30:00,1185.0,1187.42,1142.97,1156.64,5380
2021-03-04 13:30:00,1159.315,1184.95,1140.0,1169.0,4141
2021-03-04 14:30:00,1181.78,1189.95,1147.8,1175.0,5919
2021-03-04 15:30:00,1168.065,1186.5,1158.95,1176.31,7090
2021-03-05 09:30:00,1190.0,1218.0,1172.0,1181.7,12475
2021-03-05 10:30:00,1180.0,1199.4585,1157.66,1174.37,7975
2021-03-05 11:30:00,1174.37,1200.0,1159.6896,1185.0,4767
2021-03-05 12:30:00,1183.94,1209.95,1175.0,1194.75,6103
2021-03-05 13:30:00,1209.95,1209.95,1173.75,1187.57,3538
2021-03-05 14:30:00,1187.57,1199.9,1184.45,1194.2,9426
2021-03-05 15:30:00,1191.01,1200.0,1180.22,1196.22,8597
2021-03-08 09:30:00,1200.0,1225.0,1184.2801,1212.39,17691
2021-03-08 10:30:00,1214.11,1249.225,1208.0101,1242.0,11078
2021-03-08 11:30:00,1239.53,1244.01,1225.08,1232.545,7929
2021-03-08 12:30:00,1231.55,1240.0,1190.01,1193.91,11011
2021-03-08 13:30:00,1195.45,1224.88,1182.9459,1215.11,5191
2021-03-08 14:30:00,1212.71,1249.95,1208.0,1245.0,16191
2021-03-08 15:30:00,1237.72,1272.3,1237.61,1258.88,11086
2021-03-09 09:30:00,1247.84,1269.1,1226.93,1241.175,11374
2021-03-09 10:30:00,1240.59,1316.89,1237.9501,1277.235,20145
2021-03-09 11:30:00,1277.335,1324.51,1276.1099,1300.03,15469
2021-03-09 12:30:00,1311.46,1319.3347,1285.0,1290.1999,6975
2021-03-09 13:30:00,1289.34,1313.0299,1270.1001,1295.77,8162
2021-03-09 14:30:00,1295.86,1312.6599,1279.18,1281.59,11751
2021-03-09 15:30:00,1282.47,1296.84,1279.11,1285.0,9725
2021-03-10 09:30:00,1300.0,1318.0,1266.1737,1312.71,14908
2021-03-10 10:30:00,1309.83,1362.78,1302.95,1335.02,16298
2021-03-10 11:30:00,1335.45,1392.7565,1331.01,1360.0,15490
2021-03-10 12:30:00,1350.0001,1382.68,1350.0,1372.44,7711
2021-03-10 13:30:00,1373.0,1377.38,1340.84,1352.0,8407
2021-03-10 14:30:00,1348.2,1359.9799,1328.74,1334.99,12116
2021-03-10 15:30:00,1337.6,1372.33,1329.4207,1359.9,10339
2021-03-11 09:30:00,1369.9,1420.82,1360.0,1415.0,17000
2021-03-11 10:30:00,1417.0,1431.98,1388.65,1410.63,17823
2021-03-11 11:30:00,1410.63,1434.93,1392.74,1409.9999,11106
2021-03-11 12:30:00,1410.2367,1420.9819,1396.935,1411.67,8103
2021-03-11 13:30:00,1407.5,1433.92,1403.75,1433.05,9270
2021-03-11 14:30:00,1430.28,1434.489,1408.35,1422.33,8166
2021-03-11 15:30:00,1417.35,1427.89,1392.325,1414.94,9314
2021-04-27 09:30:00,1589.99,1638.42,1549.96,1601.05,12285
2021-04-27 10:30:00,1598.05,1619.8999,1579.1001,1597.96,13849
2021-04-27 11:30:00,1600.0,1614.9,1573.36,1591.515,11498
2021-04-27 12:30:00,1592.035,1594.6,1560.45,1570.5,2067
2021-04-27 13:30:00,1576.2263,1595.39,1563.26,1576.81,1856
2021-04-27 14:30:00,1583.4,1614.34,1572.825,1602.0,7672
2021-04-27 15:30:00,1602.5,1615.0,1592.5,1603.56,4273
2021-04-28 09:30:00,1615.0,1639.9999,1600.0,1630.135,10928
2021-04-28 10:30:00,1632.19,1668.2,1629.1,1650.25,9701
2021-04-28 11:30:00,1650.15,1668.0,1626.74,1658.19,5301
2021-04-28 12:30:00,1651.2,1668.0,1642.2,1658.5,4902
2021-04-28 13:30:00,1654.04,1668.15,1632.82,1661.0,17111
2021-04-28 14:30:00,1661.05,1668.2,1637.0,1650.1,22126
2021-04-28 15:30:00,1648.55,1666.0,1643.205,1652.4,12559
2021-04-29 09:30:00,1651.91,1688.0,1600.09,1632.75,23900
2021-04-29 10:30:00,1631.9,1646.69,1605.16,1616.37,11122
2021-04-29 11:30:00,1616.0,1631.6771,1573.06,1608.935,6002
2021-04-29 12:30:00,1611.735,1632.0898,1595.8801,1614.8,22213
2021-04-29 13:30:00,1615.3,1623.82,1575.955,1578.8,12680
2021-04-29 14:30:00,1581.61,1615.2843,1574.87,1584.34,7069
2021-04-29 15:30:00,1583.325,1599.45,1575.0,1587.04,8930
2021-04-30 09:30:00,1568.0,1626.36,1515.32,1600.0,9438
2021-04-30 10:30:00,1596.0,1614.14,1578.07,1593.8504,4335
2021-04-30 11:30:00,1594.15,1630.76,1586.88,1608.79,7331
2021-04-30 12:30:00,1611.4,1626.72,1600.01,1610.0,9912
2021-04-30 13:30:00,1612.51,1616.46,1575.29,1583.8,8444
2021-04-30 14:30:00,1578.78,1588.26,1537.25,1551.03,9765
2021-04-30 15:30:00,1554.86,1558.83,1539.09,1550.0,6639
2021-05-03 09:30:00,1575.21,1629.21,1528.2097,1556.95,4078
2021-05-03 10:30:00,1562.3,1576.47,1542.97,1567.85,9062
2021-05-03 11:30:00,1565.0099,1583.78,1562.4,1576.0,5187
2021-05-03 12:30:00,1580.0,1601.96,1566.2701,1593.1,4649
2021-05-03 13:30:00,1599.0,1625.0,1588.43,1607.6,5403
2021-05-03 14:30:00,1613.85,1614.125,1586.24,1597.62,5422
2021-05-03 15:30:00,1601.3,1620.77,1595.928,1605.0,5715
2021-05-04 09:30:00,1608.21,1635.55,1565.83,1593.71,10089
2021-05-04 10:30:00,1591.41,1622.57,1589.76,1604.0,4587
2021-05-04 11:30:00,1610.46,1618.39,1592.3719,1615.1,4271
2021-05-04 12:30:00,1620.35,1636.5,1599.56,1626.26,2003
2021-05-04 13:30:00,1629.18,1645.3357,1616.6,1624.67,2021
2021-05-04 14:30:00,1624.9999,1644.718,1610.0801,1628.3,2522
2021-05-04 15:30:00,1629.77,1644.96,1615.22,1642.74,5738
2021-05-05 09:30:00,1650.0,1668.0,1621.77,1655.5,5197
2021-05-05 10:30:00,1649.655,1709.0,1649.655,1709.0,7702
2021-05-05 11:30:00,1704.0,1720.0,1677.9677,1714.98,7774
2021-05-05 12:30:00,1710.21,1719.99,1672.55,1689.885,4860
2021-05-05 13:30:00,1692.7,1720.0,1683.815,1709.0,6878
2021-05-05 14:30:00,1707.285,1717.5,1682.975,1697.8,5166
2021-05-05 15:30:00,1700.0,1710.7,1688.56,1691.93,4370
2021-05-06 09:30:00,1689.92,1701.0,1628.02,1645.26,10827
2021-05-06 10:30:00,1644.69,1672.61,1625.1238,1654.34,9100
2021-05-06 11:30:00,1660.26,1682.97,1649.46,1674.34,4299
2021-05-06 12:30:00,1675.96,1682.96,1658.62,1663.93,4443
2021-05-06 13:30:00,1662.45,1664.87,1622.266,1626.39,10053
2021-05-06 14:30:00,1624.695,1635.725,1601.85,1611.47,9125
2021-05-06 15:30:00,1611.47,1624.25,1604.0001,1610.365,8387
2021-05-07 09:30:00,1624.0,1696.9499,1554.76,1673.0201,7053
2021-05-07 10:30:00,1678.51,1719.02,1655.11,1694.74,6554
2021-05-07 11:30:00,1694.6,1744.8999,1676.35,1731.29,7361
2021-05-07 12:30:00,1721.35,1748.91,1713.6754,1730.0,6913
2021-05-07 13:30:00,1733.01,1740.51,1705.55,1739.83,6644
2021-05-07 14:30:00,1735.0401,1746.0,1711.68,1735.44,3351
2021-05-07 15:30:00,1738.0,1753.26,1733.88,1753.25,10293
2021-05-10 09:30:00,1750.0,1770.0,1709.3101,1734.48,10282
2021-05-10 10:30:00,1734.48,1764.91,1715.12,1745.23,2243
2021-05-10 11:30:00,1745.96,1763.48,1722.53,1748.7469,1942
2021-05-10 12:30:00,1744.285,1773.9999,1736.87,1760.57,2546
2021-05-10 13:30:00,1770.9,1772.85,1730.03,1771.09,2112
2021-05-10 14:30:00,1755.56,1769.6371,1740.1201,1754.53,2069
2021-05-10 15:30:00,1768.3,1773.98,1747.38,1757.8,4629
2021-05-11 09:30:00,1715.4,1774.0,1700.0,1720.2,10819
2021-05-11 10:30:00,1719.57,1725.355,1690.0,1715.62,6137
2021-05-11 11:30:00,1719.24,1730.0,1710.4564,1713.295,2065
2021-05-11 12:30:00,1719.09,1724.5,1702.25,1716.645,2402
2021-05-11 13:30:00,1718.14,1749.4,1714.25,1741.61,3651
2021-05-11 14:30:00,1737.64,1753.25,1706.49,1732.2,2685
2021-05-11 15:30:00,1737.8,1744.95,1708.68,1729.39,2934
2021-05-12 09:30:00,1716.95,1770.48,1710.5004,1757.91,4723
2021-05-12 10:30:00,1764.84,1768.0,1737.54,1766.8314,2266
2021-05-12 11:30:00,1758.57,1766.69,1718.1401,1730.695,3994
2021-05-12 12:30:00,1734.9675,1762.21,1723.3401,1728.03,4403
2021-05-12 13:30:00,1738.5,1751.95,1700.44,1701.35,2662
2021-05-12 14:30:00,1703.075,1728.39,1676.315,1676.51,8396
2021-05-12 15:30:00,1676.51,1696.2799,1653.51,1682.27,5847
2021-05-13 09:30:00,1673.8,1739.0,1656.51,1730.47,6245
2021-05-13 10:30:00,1728.0,1738.9999,1665.1001,1675.72,3793
2021-05-13 11:30:00,1665.82,1690.26,1633.15,1652.49,1957
2021-05-13 12:30:00,1649.0307,1669.715,1620.0,1629.025,2833
2021-05-13 13:30:00,1636.3,1647.04,1593.58,1638.6,3907
2021-05-13 14:30:00,1646.25,1660.11,1622.75,1651.66,3141
2021-05-13 15:30:00,1658.66,1687.8799,1652.65,1657.5,3923
2021-05-14 09:30:00,1675.47,1725.0,1650.0,1707.6225,5813
2021-05-14 10:30:00,1707.3,1721.0,1666.6301,1701.03,2152
2021-05-14 11:30:00,1696.63,1715.75,1665.9129,1690.1,3110
2021-05-14 12:30:00,1702.25,1704.0,1690.11,1704.0,1875
2021-05-14 13:30:00,1704.13,1711.0,1697.26,1707.0,1785
2021-05-14 14:30:00,1709.24,1709.24,1662.143,1677.42,2923
2021-05-14 15:30:00,1677.42,1694.9999,1660.24,1682.27,5529
2021-05-17 09:30:00,1670.72,1700.0,1624.68,1647.9,5922
2021-05-17 10:30:00,1650.07,1660.0,1636.67,1651.62,3128
2021-05-17 11:30:00,1647.927,1659.9999,1633.9,1649.9,4894
2021-05-17 12:30:00,1647.0,1660.0,1644.95,1645.8,8529
2021-05-17 13:30:00,1649.85,1657.07,1640.17,1646.1,11641
2021-05-17 14:30:00,1647.5,1650.0,1637.56,1649.75,5588
2021-05-17 15:30:00,1644.2375,1650.0,1642.5725,1650.0,4997
2021-05-18 09:30:00,1649.4,1662.5417,1615.43,1629.95,7009
2021-05-18 10:30:00,1632.475,1635.0,1617.99,1619.95,9543
2021-05-18 11:30:00,1613.37,1634.95,1579.85,1590.045,6163
2021-05-18 12:30:00,1588.01,1601.0,1580.0,1586.695,10181
2021-05-18 13:30:00,1590.0,1600.0,1582.26,1584.88,4219
2021-05-18 14:30:00,1590.475,1599.38,1560.26,1599.38,6562
2021-05-18 15:30:00,1581.14,1598.59,1555.05,1571.0908,10279
2021-05-19 09:30:00,1541.4,1555.5,1489.3101,1509.9999,13405
2021-05-19 10:30:00,1499.58,1515.0,1480.0138,1507.0,11464
2021-05-19 11:30:00,1507.05,1514.95,1492.0701,1509.9,5347
2021-05-19 12:30:00,1508.5,1551.93,1495.0,1535.33,3003
2021-05-19 13:30:00,1536.0,1549.9099,1494.91,1513.92,15193
2021-05-19 14:30:00,1520.15,1537.99,1497.67,1521.0,6142
2021-05-19 15:30:00,1520.92,1539.89,1505.6301,1520.08,7922
2021-05-20 09:30:00,1538.25,1557.5,1492.66,1518.4,2715
2021-05-20 10:30:00,1533.95,1574.37,1518.4,1569.42,4778
2021-05-20 11:30:00,1558.2,1588.03,1539.82,1562.94,2160
2021-05-20 12:30:00,1559.8,1583.69,1543.5004,1562.0,2910
2021-05-20 13:30:00,1560.0,1570.0,1542.2,1555.0,1552
2021-05-20 14:30:00,1559.6,1589.97,1555.63,1572.77,5716
2021-05-20 15:30:00,1572.29,1584.3,1546.58,1555.53,9694
2021-05-21 09:30:00,1577.44,1624.93,1525.0,1564.415,8093
2021-05-21 10:30:00,1564.42,1584.95,1534.07,1550.2,13439
2021-05-21 11:30:00,1545.1,1575.38,1537.0103,1557.065,3861
2021-05-21 12:30:00,1549.0,1570.21,1521.61,1550.0,6702
2021-05-21 13:30:00,1548.0,1570.47,1531.69,1551.61,7683
2021-05-21 14:30:00,1550.99,1580.0,1540.0,1573.94,5952
2021-05-21 15:30:00,1572.4,1580.0,1535.21,1541.0,9483
2021-05-24 09:30:00,1540.0,1579.58,1513.27,1533.91,9301
2021-05-24 10:30:00,1535.36,1558.52,1508.44,1515.2,4709
2021-05-24 11:30:00,1527.3339,1548.47,1500.01,1510.24,4587
2021-05-24 12:30:00,1510.01,1542.31,1500.05,1518.103,6082
2021-05-24 13:30:00,1515.92,1532.14,1500.0,1512.35,8229
2021-05-24 14:30:00,1512.0,1530.72,1494.84,1505.51,13131
2021-05-24 15:30:00,1510.9,1530.17,1494.0,1504.8,24838
2021-07-26 09:30:00,1485.19,1525.0,1480.0,1518.05,3093
2021-07-26 10:30:00,1518.9985,1525.63,1495.7501,1518.28,1413
2021-07-26 11:30:00,1518.28,1525.93,1502.43,1520.0,828
2021-07-26 12:30:00,1518.045,1525.93,1502.0,1509.97,1398
2021-07-26 13:30:00,1517.95,1525.93,1501.99,1525.93,930
2021-07-26 14:30:00,1508.5,1525.93,1496.09,1497.97,2594
2021-07-26 15:30:00,1498.505,1503.999,1473.96,1496.51,6728
2021-07-27 09:30:00,1488.8,1500.5599,1448.11,1471.735,3000
2021-07-27 10:30:00,1468.75,1486.5798,1453.06,1458.73,3395
2021-07-27 11:30:00,1459.5,1486.9571,1448.0601,1453.24,4205
2021-07-27 12:30:00,1451.99,1476.79,1432.55,1451.92,2818
2021-07-27 13:30:00,1456.92,1457.85,1425.0,1442.81,5087
2021-07-27 14:30:00,1439.13,1461.09,1425.55,1438.45,3981
2021-07-27 15:30:00,1439.94,1453.13,1430.21,1445.51,2265
2021-07-28 09:30:00,1450.0,1479.4799,1434.305,1457.0,5441
2021-07-28 10:30:00,1458.0,1481.73,1450.07,1481.73,3494
2021-07-28 11:30:00,1485.5151,1494.8899,1463.0701,1494.8899,3017
2021-07-28 12:30:00,1479.13,1498.44,1466.5,1481.23,1958
2021-07-28 13:30:00,1490.96,1495.9599,1465.4121,1480.2,3843
2021-07-28 14:30:00,1484.26,1496.69,1473.05,1491.79,645
2021-07-28 15:30:00,1485.31,1499.95,1475.5564,1489.0,4935
2021-07-29 09:30:00,1490.0,1500.0,1469.55,1481.12,3786
2021-07-29 10:30:00,1482.0,1499.9499,1464.88,1490.21,4951
2021-07-29 11:30:00,1488.3,1500.0,1471.01,1482.98,3598
2021-07-29 12:30:00,1479.5,1498.29,1461.23,1475.8,5561
2021-07-29 13:30:00,1474.98,1491.1799,1455.08,1460.77,6587
2021-07-29 14:30:00,1462.33,1480.0,1456.6,1466.89,7224
2021-07-29 15:30:00,1464.0,1479.95,1456.05,1473.85,2904
2021-07-30 09:30:00,1457.2,1475.0,1449.99,1455.22,1445
2021-07-30 10:30:00,1457.0,1474.95,1434.9901,1462.2,3833
2021-07-30 11:30:00,1464.5,1473.74,1451.02,1473.7,961
2021-07-30 12:30:00,1460.65,1482.8,1454.84,1474.43,4532
2021-07-30 13:30:00,1456.47,1472.38,1451.4101,1455.0106,3441
2021-07-30 14:30:00,1458.67,1480.155,1452.2167,1473.0,2677
2021-07-30 15:30:00,1474.2,1499.74,1470.57,1489.0,6645
2021-08-02 09:30:00,1493.99,1528.9499,1475.49,1506.0,5711
2021-08-02 10:30:00,1516.74,1528.95,1479.33,1486.425,2446
2021-08-02 11:30:00,1488.47,1494.51,1468.87,1481.0,4983
2021-08-02 12:30:00,1472.25,1494.64,1468.87,1491.33,2601
2021-08-02 13:30:00,1478.0,1495.18,1468.87,1476.5,836
2021-08-02 14:30:00,1480.215,1499.7899,1469.2,1493.8,4744
2021-08-02 15:30:00,1478.3,1495.0,1472.5,1476.03,4103
2021-08-03 09:30:00,1467.7,1486.8,1448.09,1468.72,3972
2021-08-03 10:30:00,1469.015,1500.0,1457.64,1495.0,3550
2021-08-03 11:30:00,1489.11,1507.98,1471.19,1477.86,3698
2021-08-03 12:30:00,1475.3,1507.41,1466.15,1484.0296,4651
2021-08-03 13:30:00,1484.13,1505.18,1470.15,1485.5,1562
2021-08-03 14:30:00,1485.64,1508.49,1470.0,1488.0,1235
2021-08-03 15:30:00,1488.45,1495.68,1470.49,1476.03,3726
2021-08-04 09:30:00,1480.0,1490.0,1440.0,1484.95,1954
2021-08-04 10:30:00,1470.31,1494.02,1460.05,1474.0,873
2021-08-04 11:30:00,1484.98,1494.61,1456.54,1474.08,3227
2021-08-04 12:30:00,1466.4,1485.41,1452.0501,1466.68,2195
2021-08-04 13:30:00,1468.9,1479.7,1450.0,1462.515,2550
2021-08-04 14:30:00,1469.9999,1474.7,1443.3,1444.98,2417
2021-08-04 15:30:00,1450.53,1466.37,1444.97,1451.63,3061
2021-08-05 09:30:00,1459.57,1503.02,1437.05,1464.57,806
2021-08-05 10:30:00,1458.19,1490.52,1449.15,1490.52,460
2021-08-05 11:30:00,1478.34,1496.07,1461.87,1461.92,472
2021-08-05 12:30:00,1475.96,1495.57,1456.97,1479.41,664
2021-08-05 13:30:00,1472.2,1491.77,1457.17,1469.2,2436
2021-08-05 14:30:00,1472.2,1484.49,1460.29,1472.575,2011
2021-08-05 15:30:00,1472.575,1488.76,1465.55,1469.34,3975
2021-08-06 09:30:00,1490.0,1517.87,1451.6401,1475.0,2088
2021-08-06 10:30:00,1487.37,1489.84,1451.6401,1478.42,612
2021-08-06 11:30:00,1475.4201,1499.89,1475.42,1491.34,3212
2021-08-06 12:30:00,1491.34,1500.0,1471.3572,1488.83,1239
2021-08-06 13:30:00,1478.5,1498.58,1469.9,1474.61,930
2021-08-06 14:30:00,1470.11,1487.41,1461.1001,1474.0,3770
2021-08-06 15:30:00,1475.73,1488.75,1470.96,1478.16,2773
2021-08-09 09:30:00,1463.1,1494.9,1420.3501,1475.0,5496
2021-08-09 10:30:00,1472.31,1487.0,1465.0,1484.5,2590
2021-08-09 11:30:00,1478.16,1499.1649,1471.95,1481.5,1330
2021-08-09 12:30:00,1477.8,1493.5,1473.07,1486.08,2388
2021-08-09 13:30:00,1490.8975,1499.95,1476.34,1490.975,1831
2021-08-09 14:30:00,1490.51,1499.95,1482.0501,1487.0,2150
2021-08-09 15:30:00,1490.17,1499.95,1482.0,1488.55,1804
2021-08-10 09:30:00,1487.21,1519.95,1470.51,1495.0,3114
2021-08-10 10:30:00,1504.5,1511.9999,1490.51,1506.95,1306
2021-08-10 11:30:00,1501.7,1511.95,1480.88,1489.39,1419
2021-08-10 12:30:00,1497.625,1509.14,1481.0,1498.07,1422
2021-08-10 13:30:00,1497.33,1507.0,1488.23,1496.3,2550
2021-08-10 14:30:00,1496.0,1512.0,1488.81,1497.42,1897
2021-08-10 15:30:00,1499.9,1512.0,1495.2,1504.99,2032
2021-08-11 09:30:00,1491.1,1506.0,1466.49,1492.7,1800
2021-08-11 10:30:00,1487.0,1503.43,1464.26,1472.4,2844
2021-08-11 11:30:00,1497.85,1497.85,1463.2,1475.26,1391
2021-08-11 12:30:00,1482.11,1503.9699,1470.11,1495.28,1006
2021-08-11 13:30:00,1488.2,1506.38,1484.48,1506.38,453
2021-08-11 14:30:00,1490.36,1510.0,1486.51,1493.695,1786
2021-08-11 15:30:00,1496.38,1507.19,1488.9,1499.99,2619
2021-08-12 09:30:00,1492.07,1509.95,1445.0,1499.5,437
2021-08-12 10:30:00,1499.5,1505.0,1481.38,1501.14,1780
2021-08-12 11:30:00,1493.215,1505.0,1485.05,1503.6542,519
2021-08-12 12:30:00,1498.85,1504.05,1485.1001,1487.2,399
2021-08-12 13:30:00,1488.292631,1504.9999,1485.0501,1499.35,1413
2021-08-12 14:30:00,1497.485,1510.0,1488.0,1500.93,1659
2021-08-12 15:30:00,1496.5,1508.56,1495.0,1497.76,2625
2021-08-13 09:30:00,1501.2,1508.0,1480.9516,1495.8,738
2021-08-13 10:30:00,1508.55,1510.0,1492.3471,1508.0,361
2021-08-13 11:30:00,1507.2,1508.0,1484.7,1506.4,118
2021-08-13 12:30:00,1495.55,1506.4,1484.7,1501.53,413
2021-08-13 13:30:00,1498.395,1506.4,1484.7001,1506.0,861
2021-08-13 14:30:00,1506.0,1506.4,1479.77,1489.5,3988
2021-08-13 15:30:00,1487.4,1505.21,1475.0,1482.39,4888
2021-08-16 09:30:00,1463.26,1479.99,1435.93,1446.4,2909
2021-08-16 10:30:00,1442.965,1482.14,1435.93,1462.425,5762
2021-08-16 11:30:00,1474.15,1488.26,1450.58,1466.81,2891
2021-08-16 12:30:00,1468.95,1483.1,1454.92,1459.1,1782
2021-08-16 13:30:00,1454.0,1476.49,1439.44,1453.15,364
2021-08-16 14:30:00,1459.4439,1476.4,1439.42,1454.46,2287
2021-08-16 15:30:00,1456.0,1473.97,1435.93,1444.835,3239
2021-08-17 09:30:00,1435.0,1462.76,1400.0001,1446.3,1417
2021-08-17 10:30:00,1446.48,1449.9864,1429.82,1437.0,499
2021-08-17 11:30:00,1436.19,1456.92,1425.0,1449.9,1555
2021-08-17 12:30:00,1446.12,1458.27,1425.25,1435.85,1641
2021-08-17 13:30:00,1443.0,1450.24,1425.0,1441.86,357
2021-08-17 14:30:00,1437.17,1455.22,1425.0,1433.32,2301
2021-08-17 15:30:00,1428.1,1431.95,1411.0,1426.0,5075
2021-10-26 09:30:00,1285.74,1310.0,1270.0,1310.0,3631
2021-10-26 10:30:00,1305.2,1317.6484,1282.52,1300.05,1877
2021-10-26 11:30:00,1309.8033,1311.9999,1288.8801,1297.24,634
2021-10-26 12:30:00,1299.98,1304.0,1280.56,1299.7,2189
2021-10-26 13:30:00,1291.52,1303.37,1280.0001,1297.64,599
2021-10-26 14:30:00,1293.86,1310.0,1285.02,1309.17,3631
2021-10-26 15:30:00,1306.01,1314.04,1291.68,1301.68,6124
2021-10-27 09:30:00,1283.14,1325.39,1280.0,1280.0,2686
2021-10-27 10:30:00,1284.11,1304.48,1280.01,1288.39,3468
2021-10-27 11:30:00,1289.58,1296.67,1257.15,1257.15,3532
2021-10-27 12:30:00,1259.2,1268.58,1243.82,1253.89,3487
2021-10-27 13:30:00,1253.2,1259.42,1236.7401,1253.41,1935
2021-10-27 14:30:00,1258.75,1259.41,1227.48,1253.84,6156
2021-10-27 15:30:00,1251.26,1261.07,1237.42,1249.95,5132
2021-10-28 09:30:00,1257.26,1280.9521,1227.48,1268.95,980
2021-10-28 10:30:00,1263.2142,1280.54,1250.0,1260.21,1364
2021-10-28 11:30:00,1260.21,1270.4099,1237.16,1244.67,814
2021-10-28 12:30:00,1254.9699,1254.9699,1229.69,1247.37,349
2021-10-28 13:30:00,1247.37,1263.0,1228.9,1259.7,874
2021-10-28 14:30:00,1261.5,1271.39,1251.19,1262.2,1488
2021-10-28 15:30:00,1265.6,1271.37,1254.0,1262.09,3860
2021-10-29 09:30:00,1256.7,1287.6545,1232.91,1247.025,1840
2021-10-29 10:30:00,1241.3809,1265.96,1240.0,1257.2,2155
2021-10-29 11:30:00,1263.0,1266.0,1243.91,1260.0,398
2021-10-29 12:30:00,1260.4,1266.0,1245.69,1259.32,759
2021-10-29 13:30:00,1256.71,1264.615,1244.27,1257.165,1293
2021-10-29 14:30:00,1259.04,1274.73,1250.08,1266.275,1454
2021-10-29 15:30:00,1269.99,1278.24,1253.2115,1267.78,2255
2021-11-01 09:30:00,1292.43,1329.1,1251.94,1323.04,2558
2021-11-01 10:30:00,1320.01,1328.0,1301.15,1317.14,2631
2021-11-01 11:30:00,1312.71,1334.0,1300.42,1312.02,1818
2021-11-01 12:30:00,1317.66,1332.0,1303.33,1319.43,1282
2021-11-01 13:30:00,1314.26,1329.87,1285.24,1308.88,2180
2021-11-01 14:30:00,1301.655,1328.2,1283.34,1317.15,2190
2021-11-01 15:30:00,1317.16,1329.0,1303.87,1313.31,2304
2021-11-02 09:30:00,1298.66,1337.24,1271.47,1308.88,3038
2021-11-02 10:30:00,1303.6001,1326.4071,1296.42,1310.91,593
2021-11-02 11:30:00,1310.91,1314.94,1290.6,1293.6,1262
2021-11-02 12:30:00,1295.0,1307.82,1279.17,1301.0,2711
2021-11-02 13:30:00,1312.82,1316.92,1289.09,1304.8,711
2021-11-02 14:30:00,1301.61,1316.6599,1278.05,1289.91,2093
2021-11-02 15:30:00,1290.99,1304.07,1275.23,1287.14,4665
2021-11-03 09:30:00,1268.48,1315.57,1250.98,1300.08,1182
2021-11-03 10:30:00,1300.0,1312.91,1271.87,1279.64,674
2021-11-03 11:30:00,1279.635,1290.0,1275.0,1289.95,408
2021-11-03 12:30:00,1290.0,1290.0,1275.0,1280.83,934
2021-11-03 13:30:00,1279.02,1290.0,1275.0,1282.55,1659
2021-11-03 14:30:00,1284.11,1290.0,1275.0,1283.59,2235
2021-11-03 15:30:00,1286.0,1290.0,1267.3,1270.0,3830
2021-11-04 09:30:00,1282.3,1300.0,1259.08,1286.5,2895
2021-11-04 10:30:00,1286.5,1299.83,1260.0,1261.79,1772
2021-11-04 11:30:00,1272.3,1288.0,1260.5,1273.66,412
2021-11-04 12:30:00,1270.25,1287.0599,1260.0,1265.08,713
2021-11-04 13:30:00,1265.36,1278.05,1226.07,1255.671,1610
2021-11-04 14:30:00,1244.0,1252.38,1220.0,1236.0,2332
2021-11-04 15:30:00,1236.36,1272.99,1228.0,1244.0,5588
2021-11-05 09:30:00,1278.0,1334.88,1245.1,1330.01,6578
2021-11-05 10:30:00,1332.75,1337.35,1308.1,1321.74,1719
2021-11-05 11:30:00,1320.94,1370.95,1303.97,1357.01,3387
2021-11-05 12:30:00,1359.29,1369.7799,1350.0,1354.115,3303
2021-11-05 13:30:00,1354.11,1373.0,1354.11,1358.51,3077
2021-11-05 14:30:00,1364.78,1373.98,1356.73,1360.32,1639
2021-11-05 15:30:00,1362.4,1386.67,1356.33,1366.7,6886
2021-11-08 09:30:00,1371.38,1399.9,1341.01,1385.0,1482
2021-11-08 10:30:00,1376.99,1400.0,1371.37,1399.9999,6198
2021-11-08 11:30:00,1395.02,1400.0,1375.0,1393.225,3292
2021-11-08 12:30:00,1397.49,1400.0,1386.48,1386.62,1041
2021-11-08 13:30:00,1390.8,1399.97,1372.01,1377.25,2593
2021-11-08 14:30:00,1377.52,1395.75,1372.21,1383.35,3455
2021-11-08 15:30:00,1381.1,1399.8898,1376.14,1385.42,4287
2021-11-09 09:30:00,1393.32,1400.0,1370.41,1393.83,3001
2021-11-09 10:30:00,1400.0,1415.8743,1382.77,1391.395,3552
2021-11-09 11:30:00,1391.4,1398.696,1376.1001,1391.55,1707
2021-11-09 12:30:00,1391.15,1421.72,1385.34,1400.01,1915
2021-11-09 13:30:00,1410.87,1414.2179,1388.6201,1394.52,3316
2021-11-09 14:30:00,1395.55,1421.59,1391.2,1413.5,4187
2021-11-09 15:30:00,1413.5,1424.3633,1407.15,1417.5,4621
2021-11-10 09:30:00,1415.39,1444.15,1390.09,1400.525,2754
2021-11-10 10:30:00,1390.06,1399.99,1364.833,1380.435,1869
2021-11-10 11:30:00,1372.86,1379.9,1347.49,1360.0,2042
2021-11-10 12:30:00,1355.0,1359.89,1331.37,1359.89,3764
2021-11-10 13:30:00,1368.37,1368.37,1328.23,1337.072,1908
2021-11-10 14:30:00,1331.6,1354.0,1321.04,1350.8878,3556
2021-11-10 15:30:00,1346.91,1349.61,1332.07,1334.54,3050
2021-11-11 09:30:00,1345.0,1372.19,1333.97,1339.39,3268
2021-11-11 10:30:00,1345.075,1351.5,1325.06,1341.43,1033
2021-11-11 11:30:00,1338.99,1350.0,1324.86,1334.59,1677
2021-11-11 12:30:00,1334.5,1344.99,1315.04,1323.74,3528
2021-11-11 13:30:00,1318.795,1338.5556,1317.35,1334.11,2229
2021-11-11 14:30:00,1334.1,1350.0,1324.13,1342.89,2300
2021-11-11 15:30:00,1349.0,1349.98,1335.555,1340.05,3610
2021-11-12 09:30:00,1338.7,1358.85,1308.36,1324.4,2343
2021-11-12 10:30:00,1324.4,1339.49,1309.8535,1327.26,1189
2021-11-12 11:30:00,1329.015,1332.98,1312.58,1318.785,1282
2021-11-12 12:30:00,1317.68,1322.5149,1295.7,1309.45,1069
2021-11-12 13:30:00,1309.45,1311.0,1292.62,1303.68,1058
2021-11-12 14:30:00,1297.76,1309.47,1294.05,1305.8,1498
2021-11-12 15:30:00,1302.03,1308.54,1285.93,1295.59,3369
2021-11-15 09:30:00,1300.75,1330.0,1264.71,1289.98,1982
2021-11-15 10:30:00,1282.65,1302.38,1276.5,1280.04,1015
2021-11-15 11:30:00,1280.04,1286.2143,1260.21,1269.93,2521
2021-11-15 12:30:00,1277.0,1297.3406,1260.21,1285.24,3656
2021-11-15 13:30:00,1287.85,1299.12,1270.49,1291.88,2241
2021-11-15 14:30:00,1283.42,1299.07,1270.4901,1285.0,1479
2021-11-15 15:30:00,1288.89,1299.93,1281.94,1295.65,2762
2021-11-16 09:30:00,1295.0,1319.9999,1264.79,1279.02,2107
2021-11-16 10:30:00,1277.12,1302.9299,1264.21,1282.75,1711
2021-11-16 11:30:00,1283.01,1300.8227,1282.5001,1287.72,923
2021-11-16 12:30:00,1289.495,1301.72,1283.5,1291.12,3273
2021-11-16 13:30:00,1291.12,1298.9999,1275.03,1286.0,807
2021-11-16 14:30:00,1290.0,1298.9899,1282.93,1289.78,4145
2021-11-16 15:30:00,1288.03,1299.0,1282.71,1289.33,3637
2021-11-17 09:30:00,1279.82,1318.78,1256.79,1270.25,1548
2021-11-17 10:30:00,1270.2,1287.22,1250.3389,1266.55,1918
2021-11-17 11:30:00,1266.55,1285.8799,1255.52,1268.0,3521
2021-11-17 12:30:00,1268.0,1279.45,1251.57,1259.67,1818
2021-11-17 13:30:00,1255.2,1271.63,1240.97,1254.96,2824
2021-11-17 14:30:00,1256.14,1266.2804,1240.24,1264.67,2356
2021-11-17 15:30:00,1256.92,1264.67,1240.5,1258.5,3734
2021-11-18 09:30:00,1269.31,1295.58,1250.01,1274.7699,5238
2021-11-18 10:30:00,1255.01,1292.46,1250.02,1277.0,4796
2021-11-18 11:30:00,1279.06,1302.96,1270.65,1287.632,2212
2021-11-18 12:30:00,1302.9399,1303.0,1280.45,1293.1,445
2021-11-18 13:30:00,1298.39,1299.96,1282.5,1282.74,845
2021-11-18 14:30:00,1282.83,1299.5036,1275.664,1278.34,1045
2021-11-18 15:30:00,1284.65,1296.32,1276.91,1280.42,1141
2022-01-25 09:30:00,1025.44,1045.84,1004.26,1010.0,3664
2022-01-25 10:30:00,1010.21,1030.02,1000.01,1017.355,6915
2022-01-25 11:30:00,1010.71,1040.22,1001.0001,1021.0,3814
2022-01-25 12:30:00,1015.995,1045.09,1010.0001,1033.8,2235
2022-01-25 13:30:00,1022.86,1053.94,1022.86,1053.37,1076
2022-01-25 14:30:00,1047.02,1077.02,1042.29,1042.29,3883
2022-01-25 15:30:00,1050.32,1058.32,1037.43,1046.31,3782
2022-01-26 09:30:00,1070.74,1095.4,1052.71,1071.0,2846
2022-01-26 10:30:00,1071.5,1084.57,1054.8061,1075.785,2454
2022-01-26 11:30:00,1075.08,1080.98,1052.4619,1074.4,1518
2022-01-26 12:30:00,1071.11,1084.42,1054.22,1070.5,664
2022-01-26 13:30:00,1065.7,1091.6033,1050.5141,1062.08,2326
2022-01-26 14:30:00,1083.92,1083.92,1010.16,1025.99,5173
2022-01-26 15:30:00,1026.91,1037.43,1010.16,1021.0,3803
2022-01-27 09:30:00,1034.23,1058.065,1017.31,1022.22,2234
2022-01-27 10:30:00,1015.0,1047.72,1010.0,1013.6,1550
2022-01-27 11:30:00,1021.26,1028.1899,1002.0,1010.0,3163
2022-01-27 12:30:00,1008.1,1021.008,985.44,991.2,4498
2022-01-27 13:30:00,989.23,1015.19,988.0,1000.485,2942
2022-01-27 14:30:00,1001.09,1017.11,988.0,1007.73,4180
2022-01-27 15:30:00,1007.68,1017.1099,998.65,1002.95,5129
2022-01-28 09:30:00,1013.76,1047.49,1003.115,1032.495,3733
2022-01-28 10:30:00,1034.7,1049.4159,1005.4,1036.9,2925
2022-01-28 11:30:00,1040.55,1060.3965,1023.47,1039.3,2221
2022-01-28 12:30:00,1038.08,1056.89,1020.0001,1031.72,1271
2022-01-28 13:30:00,1030.92,1046.5,1000.01,1006.05,2056
2022-01-28 14:30:00,1002.03,1033.41,1000.1001,1022.5,1438
2022-01-28 15:30:00,1022.12,1036.22,1008.3525,1034.85,3414
2022-01-31 09:30:00,1034.0,1059.68,1020.31,1043.02,1961
2022-01-31 10:30:00,1043.02,1062.43,1027.63,1043.72,1739
2022-01-31 11:30:00,1043.69,1066.88,1028.92,1048.06,2134
2022-01-31 12:30:00,1050.54,1066.88,1047.17,1060.075,1463
2022-01-31 13:30:00,1061.88,1070.14,1053.36,1070.06,2324
2022-01-31 14:30:00,1078.17,1078.17,1038.69,1057.95,2007
2022-01-31 15:30:00,1057.94,1075.0,1057.215,1074.75,5793
2022-02-01 09:30:00,1074.7,1107.58,1041.82,1096.54,3824
2022-02-01 10:30:00,1095.68,1107.58,1073.05,1093.035,2137
2022-02-01 11:30:00,1091.78,1107.58,1076.19,1096.655,6129
2022-02-01 12:30:00,1096.3,1115.6999,1083.3,1097.91,2850
2022-02-01 13:30:00,1098.37,1126.8799,1087.06,1098.41,2355
2022-02-01 14:30:00,1103.0,1127.55,1089.98,1125.0,4696
2022-02-01 15:30:00,1125.0,1135.0,1109.16,1127.22,6762
2022-02-02 09:30:00,1132.81,1151.22,1110.0,1116.165,4840
2022-02-02 10:30:00,1116.165,1130.21,1094.3,1098.2,3777
2022-02-02 11:30:00,1098.2,1106.39,1086.8329,1091.925,3418
2022-02-02 12:30:00,1098.95,1120.03,1089.89,1100.85,2560
2022-02-02 13:30:00,1100.92,1122.26,1088.01,1110.0,1016
2022-02-02 14:30:00,1110.08,1128.34,1097.31,1110.34,907
2022-02-02 15:30:00,1114.625,1117.5,1100.0001,1113.4,4117
2022-02-03 09:30:00,1099.18,1118.54,1086.35,1100.86,1829
2022-02-03 10:30:00,1101.43,1109.96,1085.0,1093.27,1233
2022-02-03 11:30:00,1108.56,1111.8699,1066.6,1080.01,1709
2022-02-03 12:30:00,1079.15,1095.1,1071.43,1086.0,833
2022-02-03 13:30:00,1086.8,1119.28,1080.24,1101.0,912
2022-02-03 14:30:00,1100.99,1116.189,1090.0,1094.475,2313
2022-02-03 15:30:00,1094.47,1097.0984,1079.21,1093.97,4093
2022-02-04 09:30:00,1093.04,1135.967,1066.1,1127.17,1968
2022-02-04 10:30:00,1121.0,1135.28,1073.74,1099.4,5025
2022-02-04 11:30:00,1099.63,1114.4199,1082.5001,1103.98,1174
2022-02-04 12:30:00,1103.98,1106.99,1081.09,1105.74,538
2022-02-04 13:30:00,1105.78,1112.0,1091.36,1097.8725,1144
2022-02-04 14:30:00,1099.205,1111.82,1091.82,1110.31,1366
2022-02-04 15:30:00,1100.01,1109.32,1086.23,1088.16,4480
2022-02-07 09:30:00,1072.11,1106.73,1059.79,1089.0,3432
2022-02-07 10:30:00,1087.01,1106.62,1064.6,1079.0,1197
2022-02-07 11:30:00,1079.0,1085.0,1052.67,1061.41,2683
2022-02-07 12:30:00,1062.41,1083.13,1055.42,1069.0,5250
2022-02-07 13:30:00,1071.08,1089.9899,1063.89,1079.2,5139
2022-02-07 14:30:00,1081.09,1084.8,1067.19,1072.39,2272
2022-02-07 15:30:00,1075.79,1087.01,1058.51,1074.99,3698
2022-02-08 09:30:00,1083.62,1097.44,1050.0,1072.35,6272
2022-02-08 10:30:00,1074.15,1085.0,1065.0101,1066.98,2567
2022-02-08 11:30:00,1066.98,1090.0,1058.97,1071.1,4625
2022-02-08 12:30:00,1071.3,1090.0,1070.0,1071.46,493
2022-02-08 13:30:00,1070.82,1078.49,1050.0,1065.0,2038
2022-02-08 14:30:00,1064.02,1071.285,1050.0,1055.7,2840
2022-02-08 15:30:00,1062.22,1074.92,1056.21,1061.24,2522
2022-02-09 09:30:00,1062.36,1096.97,1053.7101,1078.58,3067
2022-02-09 10:30:00,1074.9,1091.63,1060.06,1064.79,3027
2022-02-09 11:30:00,1071.61,1087.68,1050.0601,1067.97,1999
2022-02-09 12:30:00,1068.18,1076.47,1055.7,1062.21,1692
2022-02-09 13:30:00,1062.61,1073.0,1057.78,1069.28,1544
2022-02-09 14:30:00,1069.28,1070.0,1052.81,1063.06,3358
2022-02-09 15:30:00,1065.9,1079.9,1058.61,1072.02,5366
2022-02-10 09:30:00,1065.79,1104.34,1050.0,1090.1,3011
2022-02-10 10:30:00,1084.645,1103.8399,1078.16,1081.325,1806
2022-02-10 11:30:00,1090.0,1108.53,1076.82,1096.48,569
2022-02-10 12:30:00,1096.48,1116.01,1082.25,1088.205,2494
2022-02-10 13:30:00,1076.83,1093.7907,1056.9,1093.7907,3659
2022-02-10 14:30:00,1083.51,1096.0,1067.6,1077.32,3928
2022-02-10 15:30:00,1076.41,1087.06,1069.1,1079.62,6988
2022-02-11 09:30:00,1080.0,1113.69,1053.97,1100.69,1886
2022-02-11 10:30:00,1095.41,1108.69,1072.78,1082.06,1509
2022-02-11 11:30:00,1082.06,1093.93,1068.235,1081.8,612
2022-02-11 12:30:00,1081.8,1095.13,1078.065,1085.21,2079
2022-02-11 13:30:00,1088.6516,1121.17,1081.96,1101.02,3156
2022-02-11 14:30:00,1105.33,1115.31,1074.96,1103.11,4503
2022-02-11 15:30:00,1100.5,1116.28,1091.72,1105.62,4202
2022-02-14 09:30:00,1103.09,1117.15,1071.4,1076.96,2147
2022-02-14 10:30:00,1080.0,1089.13,1054.82,1081.18,4586
2022-02-14 11:30:00,1094.73,1100.17,1068.0,1089.02,2569
2022-02-14 12:30:00,1075.88,1085.12,1055.5101,1055.5101,1318
2022-02-14 13:30:00,1066.555,1080.45,1055.31,1069.02,1440
2022-02-14 14:30:00,1063.31,1083.19,1050.1,1065.41,2199
2022-02-14 15:30:00,1065.42,1072.44,1052.3,1056.47,2829
2022-02-15 09:30:00,1047.815,1082.84,1024.44,1032.0701,3700
2022-02-15 10:30:00,1055.0,1055.0,1028.79,1048.0,907
2022-02-15 11:30:00,1043.0,1048.0,1025.01,1037.46,1170
2022-02-15 12:30:00,1032.9,1039.79,1013.25,1034.03,3749
2022-02-15 13:30:00,1030.0,1046.5,1018.4,1028.34,1181
2022-02-15 14:30:00,1031.65,1050.2199,1020.0001,1035.54,1574
2022-02-15 15:30:00,1035.53,1040.0,1030.07,1034.1,3770
2022-02-16 09:30:00,1046.33,1072.0299,1025.0,1047.55,2186
2022-02-16 10:30:00,1054.34,1060.98,1040.92,1045.32,1803
2022-02-16 11:30:00,1044.945,1059.38,1025.76,1037.74,903
2022-02-16 12:30:00,1030.08,1038.01,1025.0,1029.475,1006
2022-02-16 13:30:00,1026.28,1056.49,1021.37,1037.16,2227
2022-02-16 14:30:00,1043.76,1048.12,1015.0,1018.75,2450
2022-02-16 15:30:00,1018.44,1033.12,1011.05,1017.76,4176
2022-02-17 09:30:00,1027.72,1044.54,1000.0,1005.05,2517
2022-02-17 10:30:00,1010.935,1025.98,1000.0,1018.88,1251
2022-02-17 11:30:00,1018.87,1041.811,1009.48,1037.8,2250
2022-02-17 12:30:00,1038.4,1042.12,1002.73,1012.0,2254
2022-02-17 13:30:00,1012.0,1021.34,1005.0,1007.895,2357
2022-02-17 14:30:00,1010.114,1015.71,1001.0,1012.57,2758
2022-02-17 15:30:00,1008.01,1013.0,1004.7,1007.88,3712
2022-02-22 09:30:00,1044.48,1066.36,1010.76,1011.06,6359
2022-02-22 10:30:00,1010.12,1015.73,990.0,998.954,3752
2022-02-22 11:30:00,998.0,1011.6499,985.0,990.0,3291
2022-02-22 12:30:00,990.48,1000.9599,985.0,988.0,1163
2022-02-22 13:30:00,988.04,1007.2672,980.0,995.0,2381
2022-02-22 14:30:00,993.04,1013.41,987.23,1003.177,3056
2022-02-22 15:30:00,1002.0,1007.89,995.09,998.5,5611
2022-02-23 09:30:00,1001.39,1038.09,990.02,995.0,2624
2022-02-23 10:30:00,993.09,1012.8987,986.5975,993.51,1382
2022-02-23 11:30:00,983.39,1002.69,983.39,1002.69,3121
2022-02-23 12:30:00,999.22,1006.58,993.5,998.29,1567
2022-02-23 13:30:00,998.0,1006.58,992.0,1002.09,1361
2022-02-23 14:30:00,1002.09,1015.3,993.965,1015.0,4596
2022-02-23 15:30:00,1009.05,1022.35,1003.97,1014.6,7595
2022-02-24 09:30:00,980.2,1025.0,978.98,1011.99,5071
2022-02-24 10:30:00,1011.2016,1089.94,1004.77,1072.9,7508
2022-02-24 11:30:00,1071.515,1098.9999,1040.0,1052.435,5570
2022-02-24 12:30:00,1052.435,1064.8,1022.86,1039.07,2316
2022-02-24 13:30:00,1037.16,1085.0,1026.74,1058.635,6034
2022-02-24 14:30:00,1061.17,1099.0,1049.29,1089.7,4077
2022-02-24 15:30:00,1089.645,1100.78,1080.18,1097.59,9504
2022-02-25 09:30:00,1121.87,1125.2499,1060.83,1080.05,3956
2022-02-25 10:30:00,1082.395,1084.24,1055.93,1065.17,996
2022-02-25 11:30:00,1066.0,1073.9699,1050.0201,1059.74,2694
2022-02-25 12:30:00,1059.74,1065.3599,1049.11,1059.06,2119
2022-02-25 13:30:00,1059.66,1065.92,1050.0801,1062.88,2720
2022-02-25 14:30:00,1060.54,1079.85,1050.145,1050.67,8518
2022-02-25 15:30:00,1053.58,1067.0,1050.0,1062.55,8183
2022-02-28 09:30:00,1077.02,1125.8,1051.11,1120.47,8349
2022-02-28 10:30:00,1124.97,1163.89,1117.27,1152.71,5989
2022-02-28 11:30:00,1152.71,1156.4799,1122.18,1140.41,3777
2022-02-28 12:30:00,1145.0,1155.0,1132.69,1144.52,4149
2022-02-28 13:30:00,1139.55,1195.0,1128.18,1167.44,9215
2022-02-28 14:30:00,1159.31,1200.0,1158.23,1183.87,9420
2022-02-28 15:30:00,1188.14,1194.73,1169.19,1182.44,8124
2022-03-01 09:30:00,1200.0,1236.81,1180.01,1202.5,7722
2022-03-01 10:30:00,1199.0,1207.86,1167.22,1187.0,4192
2022-03-01 11:30:00,1182.345,1199.99,1171.21,1189.22,2424
2022-03-01 12:30:00,1187.24,1225.43,1186.1102,1205.0,12152
2022-03-01 13:30:00,1201.2,1209.94,1181.19,1200.97,5849
2022-03-01 14:30:00,1196.2,1209.9999,1182.97,1193.83,4609
2022-03-01 15:30:00,1195.79,1211.14,1188.3,1209.47,6798
2022-03-02 09:30:00,1214.13,1286.96,1206.0,1277.34,10843
2022-03-02 10:30:00,1274.02,1279.0,1230.65,1255.45,6025
2022-03-02 11:30:00,1255.45,1270.0,1245.1,1250.21,4014
2022-03-02 12:30:00,1260.62,1279.9999,1240.01,1268.0,2871
2022-03-02 13:30:00,1267.86,1287.36,1258.0001,1274.0,3789
2022-03-02 14:30:00,1276.66,1285.0,1260.3,1275.02,2305
2022-03-02 15:30:00,1275.0,1285.0,1205.69,1242.73,9341
2022-03-03 09:30:00,1228.1,1244.151,1191.2101,1231.16,3388
2022-03-03 10:30:00,1233.57,1255.3548,1186.4301,1213.48,4873
2022-03-03 11:30:00,1220.09,1249.08,1202.5,1218.5,3206
2022-03-03 12:30:00,1226.03,1241.15,1211.58,1227.86,1444
2022-03-03 13:30:00,1226.9,1232.1,1196.98,1228.1,6914
2022-03-03 14:30:00,1220.0,1227.3099,1198.73,1216.96,3177
2022-03-03 15:30:00,1216.96,1240.32,1206.3,1224.01,4205
2022-03-04 09:30:00,1231.16,1275.92,1227.25,1270.0,4867
2022-03-04 10:30:00,1268.9669,1288.0,1251.85,1271.1,7451
2022-03-04 11:30:00,1269.44,1290.32,1258.5,1265.05,3881
2022-03-04 12:30:00,1264.9,1295.0,1262.05,1286.5,1760
2022-03-04 13:30:00,1286.015,1323.09,1273.4401,1323.09,4560
2022-03-04 14:30:00,1322.1,1329.29,1294.52,1304.96,6106
2022-03-04 15:30:00,1304.24,1305.0,1282.16,1299.16,4647
2022-03-07 09:30:00,1305.18,1349.7,1265.0,1330.745,9720
2022-03-07 10:30:00,1326.04,1345.36,1311.27,1329.76,4146
2022-03-07 11:30:00,1326.79,1333.58,1265.0,1265.0,4659
2022-03-07 12:30:00,1270.795,1287.4,1247.04,1275.7617,3750
2022-03-07 13:30:00,1283.28,1297.8,1263.32,1274.89,2378
2022-03-07 14:30:00,1279.36,1303.955,1260.0,1297.3,2533
2022-03-07 15:30:00,1295.0,1310.29,1274.89,1293.33,5136
2022-03-08 09:30:00,1305.68,1335.0,1283.88,1328.93,5092
2022-03-08 10:30:00,1327.24,1349.69,1310.718,1328.93,10473
2022-03-08 11:30:00,1331.17,1358.82,1290.31,1292.08,7223
2022-03-08 12:30:00,1291.1278,1299.97,1258.16,1286.21,3798
2022-03-08 13:30:00,1284.0,1299.9999,1269.52,1292.98,3948
2022-03-08 14:30:00,1294.0,1300.0,1276.58,1290.22,5581
2022-03-08 15:30:00,1289.85,1298.5146,1280.0,1280.27,3261
2022-03-09 09:30:00,1256.36,1289.92,1217.4,1260.29,2926
2022-03-09 10:30:00,1260.3,1299.18,1260.3,1284.785,2742
2022-03-09 11:30:00,1290.39,1295.825,1257.0,1271.71,3082
2022-03-09 12:30:00,1268.56,1273.31,1233.08,1248.975,5905
2022-03-09 13:30:00,1249.92,1269.75,1240.0,1266.67,2067
2022-03-09 14:30:00,1255.26,1289.99,1241.21,1286.46,2994
2022-03-09 15:30:00,1288.66,1290.0,1269.3201,1283.02,5867
2022-03-10 09:30:00,1297.74,1324.88,1269.69,1308.0,5129
2022-03-10 10:30:00,1303.83,1326.27,1295.0,1324.5,3137
2022-03-10 11:30:00,1327.03,1330.0,1295.01,1298.12,5262
2022-03-10 12:30:00,1306.0,1320.25,1289.4601,1314.23,1771
2022-03-10 13:30:00,1314.9,1314.9,1290.5,1304.76,2344
2022-03-10 14:30:00,1304.815,1317.83,1290.0001,1309.06,4035
2022-03-10 15:30:00,1309.89,1317.86,1287.445,1298.84,3306
2022-03-11 09:30:00,1302.11,1323.99,1258.2,1301.145,5856
2022-03-11 10:30:00,1299.5,1322.34,1292.04,1319.685,4068
2022-03-11 11:30:00,1317.0,1332.15,1304.5701,1330.0,2764
2022-03-11 12:30:00,1326.86,1340.0,1323.81,1340.0,2391
2022-03-11 13:30:00,1340.0,1347.0,1314.2,1326.425,3809
2022-03-11 14:30:00,1326.42,1346.98,1312.41,1331.9,3531
2022-03-11 15:30:00,1325.615,1334.0299,1316.12,1321.01,5837
2022-03-14 09:30:00,1313.17,1348.0,1297.73,1338.65,8878
2022-03-14 10:30:00,1339.1,1346.08,1306.13,1319.48,2587
2022-03-14 11:30:00,1318.31,1321.0,1269.17,1286.75,4536
2022-03-14 12:30:00,1279.855,1308.94,1279.71,1293.3,2307
2022-03-14 13:30:00,1292.89,1304.3199,1257.04,1273.0845,2269
2022-03-14 14:30:00,1271.57,1292.71,1251.0,1279.16,3793
2022-03-14 15:30:00,1285.22,1287.78,1262.3,1284.09,4785
2022-03-15 09:30:00,1268.17,1286.0099,1224.0101,1247.13,9501
2022-03-15 10:30:00,1249.81,1264.66,1235.0,1256.94,8336
2022-03-15 11:30:00,1249.8477,1257.43,1238.0,1252.76,10353
2022-03-15 12:30:00,1254.89,1269.66,1235.56,1256.75,5145
2022-03-15 13:30:00,1256.8221,1271.72,1248.6263,1266.9,4690
2022-03-15 14:30:00,1259.4864,1278.425,1250.0,1261.41,3821
2022-03-15 15:30:00,1261.41,1269.0,1236.9,1243.19,10246
2022-03-16 09:30:00,1240.69,1270.0,1220.32,1265.03,4313
2022-03-16 10:30:00,1262.53,1270.0,1244.8,1269.97,3754
2022-03-16 11:30:00,1266.97,1280.0,1251.7603,1280.0,2316
2022-03-16 12:30:00,1280.0,1300.0,1243.19,1295.1,6743
2022-03-16 13:30:00,1294.1,1315.0,1278.31,1280.635,6272
2022-03-16 14:30:00,1285.35,1314.99,1266.57,1307.25,3133
2022-03-16 15:30:00,1305.24,1313.98,1261.58,1267.14,14512
2022-04-26 09:30:00,1380.78,1399.98,1350.0,1356.525,2305
2022-04-26 10:30:00,1350.0,1396.63,1339.48,1384.51,3416
2022-04-26 11:30:00,1385.11,1396.84,1365.0,1382.78,1344
2022-04-26 12:30:00,1378.75,1391.4999,1356.7,1362.0,1617
2022-04-26 13:30:00,1359.88,1363.47,1340.52,1344.1301,2647
2022-04-26 14:30:00,1352.05,1356.65,1327.29,1336.58,1958
2022-04-26 15:30:00,1329.18,1352.5,1328.01,1332.05,2944
2022-04-27 09:30:00,1327.62,1354.99,1305.545,1327.0,4074
2022-04-27 10:30:00,1316.97,1355.3999,1310.88,1329.16,1592
2022-04-27 11:30:00,1339.395,1368.4299,1323.04,1350.0,2302
2022-04-27 12:30:00,1347.0,1363.9499,1328.24,1343.03,1128
2022-04-27 13:30:00,1344.96,1360.54,1334.09,1336.5,1101
2022-04-27 14:30:00,1334.34,1346.0,1310.57,1330.25,1880
2022-04-27 15:30:00,1332.9,1340.07,1316.95,1331.0,2498
2022-04-28 09:30:00,1353.48,1356.34,1305.01,1326.1,3578
2022-04-28 10:30:00,1321.915,1351.0,1311.992,1344.0,744
2022-04-28 11:30:00,1349.035,1360.2699,1334.83,1356.45,1346
2022-04-28 12:30:00,1362.51,1380.12,1356.19,1379.0,2079
2022-04-28 13:30:00,1382.6,1397.7671,1365.53,1391.9,824
2022-04-28 14:30:00,1383.82,1405.55,1383.82,1393.89,1658
2022-04-28 15:30:00,1392.26,1398.0,1361.74,1367.27,3241
2022-04-29 09:30:00,1387.32,1416.65,1363.7,1384.05,1790
2022-04-29 10:30:00,1380.07,1399.0273,1375.0,1388.08,1035
2022-04-29 11:30:00,1385.805,1405.32,1375.79,1382.19,3326
2022-04-29 12:30:00,1387.62,1397.53,1375.0,1384.68,762
2022-04-29 13:30:00,1388.0,1403.04,1375.01,1382.68,3049
2022-04-29 14:30:00,1384.25,1389.7486,1350.0,1364.5,4933
2022-04-29 15:30:00,1364.5,1376.24,1358.725,1364.19,2445
2022-05-02 09:30:00,1357.37,1400.0,1337.02,1368.34,4077
2022-05-02 10:30:00,1374.31,1383.55,1300.76,1309.265,4691
2022-05-02 11:30:00,1315.98,1335.2599,1309.26,1329.13,3752
2022-05-02 12:30:00,1334.27,1343.76,1311.03,1323.243,2290
2022-05-02 13:30:00,1325.76,1335.16,1311.0,1327.83,1766
2022-05-02 14:30:00,1325.655,1361.03,1318.0,1350.75,1847
2022-05-02 15:30:00,1347.75,1365.18,1339.29,1357.52,3963
2022-05-03 09:30:00,1379.42,1400.0,1354.62,1390.9,4194
2022-05-03 10:30:00,1384.0,1400.0,1376.71,1388.72,1848
2022-05-03 11:30:00,1399.94,1399.94,1373.4,1395.52,1255
2022-05-03 12:30:00,1371.31,1395.52,1364.46,1364.46,1972
2022-05-03 13:30:00,1372.0,1384.92,1355.95,1360.98,3244
2022-05-03 14:30:00,1369.68,1418.82,1351.445,1379.44,4335
2022-05-03 15:30:00,1378.865,1397.0,1366.55,1384.3,4608
2022-05-04 09:30:00,1384.57,1420.2,1352.34,1368.46,2612
2022-05-04 10:30:00,1361.68,1376.02,1339.77,1365.05,4563
2022-05-04 11:30:00,1369.78,1382.12,1350.01,1375.98,4948
2022-05-04 12:30:00,1375.98,1387.99,1365.0301,1381.965,1048
2022-05-04 13:30:00,1375.2,1402.7699,1365.44,1385.24,6153
2022-05-04 14:30:00,1388.49,1428.6,1371.0,1417.5,4432
2022-05-04 15:30:00,1422.41,1440.0,1407.67,1436.0,5130
2022-05-05 09:30:00,1355.7,1417.465,1294.836,1391.09,6569
2022-05-05 10:30:00,1375.4,1410.41,1365.85,1395.0,5721
2022-05-05 11:30:00,1395.01,1409.425,1351.22,1375.0,3321
2022-05-05 12:30:00,1381.16,1425.1799,1374.24,1407.0,901
2022-05-05 13:30:00,1406.5,1420.6799,1390.09,1400.15,1864
2022-05-05 14:30:00,1397.79,1414.8,1390.0,1397.35,1167
2022-05-05 15:30:00,1392.0,1417.75,1380.7401,1404.47,3093
2022-05-06 09:30:00,1405.0,1410.08,1355.05,1385.61,4956
2022-05-06 10:30:00,1376.44,1405.0,1365.02,1396.02,3274
2022-05-06 11:30:00,1399.25,1402.18,1374.26,1390.43,1317
2022-05-06 12:30:00,1390.23,1407.34,1375.46,1388.26,494
2022-05-06 13:30:00,1388.225,1399.14,1360.38,1375.4,667
2022-05-06 14:30:00,1379.12,1408.96,1363.12,1402.3099,3829
2022-05-06 15:30:00,1394.31,1424.75,1394.305,1424.75,5153
2022-05-09 09:30:00,1387.0,1411.76,1339.7306,1349.75,2250
2022-05-09 10:30:00,1337.1801,1358.9799,1310.34,1318.0,4386
2022-05-09 11:30:00,1316.54,1342.8,1301.0,1327.55,3064
2022-05-09 12:30:00,1326.6,1334.0,1297.16,1307.16,1980
2022-05-09 13:30:00,1316.42,1323.44,1290.06,1295.3,1733
2022-05-09 14:30:00,1304.995,1332.2688,1294.41,1306.93,3416
2022-05-09 15:30:00,1303.75,1309.86,1290.0,1290.02,6980
2022-05-10 09:30:00,1309.0,1354.3,1290.01,1336.22,5108
2022-05-10 10:30:00,1335.6,1353.5,1300.0,1307.83,3712
2022-05-10 11:30:00,1306.37,1320.285,1280.0,1288.9,3914
2022-05-10 12:30:00,1282.65,1293.15,1264.58,1278.75,4539
2022-05-10 13:30:00,1282.34,1321.56,1282.005,1314.92,1667
2022-05-10 14:30:00,1297.0,1325.0,1295.0,1311.0,2598
2022-05-10 15:30:00,1314.145,1324.485,1294.5301,1312.22,2954
2022-05-11 09:30:00,1329.31,1372.5399,1305.25,1339.0,2818
2022-05-11 10:30:00,1335.03,1355.0,1317.45,1337.99,1712
2022-05-11 11:30:00,1336.8,1348.0,1307.841,1323.21,2061
2022-05-11 12:30:00,1308.01,1333.27,1288.48,1298.97,2282
2022-05-11 13:30:00,1289.97,1297.95,1264.04,1265.0,3323
2022-05-11 14:30:00,1286.87,1300.25,1270.84,1288.98,3353
2022-05-11 15:30:00,1289.0,1295.0,1273.57,1275.66,5760
2022-05-12 09:30:00,1275.65,1316.12,1237.58,1290.17,6516
2022-05-12 10:30:00,1287.65,1323.21,1270.82,1308.65,1969
2022-05-12 11:30:00,1308.65,1319.5,1273.02,1300.02,2414
2022-05-12 12:30:00,1300.58,1305.0,1270.05,1274.16,1940
2022-05-12 13:30:00,1281.0,1294.75,1250.0,1265.58,2210
2022-05-12 14:30:00,1256.45,1284.6495,1250.0,1271.11,6945
2022-05-12 15:30:00,1273.61,1298.07,1263.03,1295.67,7998
2022-05-13 09:30:00,1322.19,1359.99,1293.61,1322.11,2467
2022-05-13 10:30:00,1346.63,1349.99,1315.19,1338.6747,2364
2022-05-13 11:30:00,1331.78,1361.03,1321.2224,1347.0,1950
2022-05-13 12:30:00,1348.0,1361.63,1337.79,1350.336,1272
2022-05-13 13:30:00,1345.01,1358.34,1328.8101,1331.14,2303
2022-05-13 14:30:00,1332.7,1360.34,1331.36,1356.14,2985
2022-05-13 15:30:00,1355.25,1363.41,1342.34,1354.43,3857
2022-05-16 09:30:00,1350.01,1383.59,1320.03,1372.68,4080
2022-05-16 10:30:00,1350.97,1383.73,1350.97,1363.9,1109
2022-05-16 11:30:00,1362.2,1398.78,1350.01,1365.33,1183
2022-05-16 12:30:00,1372.8,1398.31,1367.8,1385.62,702
2022-05-16 13:30:00,1394.76,1397.99,1367.83,1375.25,870
2022-05-16 14:30:00,1377.59,1391.11,1361.0101,1380.76,4352
2022-05-16 15:30:00,1376.92,1386.79,1364.71,1375.2,2482
2022-05-17 09:30:00,1389.9,1400.0,1353.85,1369.605,2946
2022-05-17 10:30:00,1361.925,1381.64,1354.57,1372.025,1061
2022-05-17 11:30:00,1372.19,1385.2444,1357.23,1370.395,2195
2022-05-17 12:30:00,1373.05,1395.16,1364.61,1390.23,1944
2022-05-17 13:30:00,1389.4,1399.9999,1375.02,1376.835,1721
2022-05-17 14:30:00,1373.9,1400.0,1364.61,1400.0,3076
2022-05-17 15:30:00,1399.27,1409.67,1387.7712,1404.45,4517
2022-05-18 09:30:00,1399.0,1416.34,1356.7301,1379.91,2078
2022-05-18 10:30:00,1383.0,1385.5,1355.73,1355.75,1615
2022-05-18 11:30:00,1366.095,1371.07,1334.155,1344.1,2499
2022-05-18 12:30:00,1352.47,1389.975,1333.87,1358.69,3756
2022-05-18 13:30:00,1360.54,1362.58,1323.84,1342.32,3829
2022-05-18 14:30:00,1346.26,1350.0,1322.815,1345.925,1741
2022-05-18 15:30:00,1344.46,1369.9,1342.575,1359.9,4424
2022-05-19 09:30:00,1328.44,1376.67,1315.02,1351.03,1036
2022-05-19 10:30:00,1345.03,1371.136,1327.3,1349.39,5121
2022-05-19 11:30:00,1353.58,1378.36,1340.38,1355.26,916
2022-05-19 12:30:00,1353.56,1376.535,1331.5917,1366.0,1696
2022-05-19 13:30:00,1367.0,1387.65,1353.2242,1375.04,4689
2022-05-19 14:30:00,1375.0,1381.435,1353.03,1354.0,5142
2022-05-19 15:30:00,1354.0,1368.85,1348.7,1353.0,3861
2022-05-20 09:30:00,1372.1,1377.9,1339.49,1360.0,1730
2022-05-20 10:30:00,1360.04,1364.21,1331.14,1350.49,1234
2022-05-20 11:30:00,1364.8,1373.24,1345.4001,1347.1528,709
2022-05-20 12:30:00,1359.68,1367.95,1339.69,1346.565,1926
2022-05-20 13:30:00,1346.565,1374.76,1335.78,1354.165,1275
2022-05-20 14:30:00,1343.82,1374.76,1341.7912,1353.995,2491
2022-05-20 15:30:00,1360.6,1375.0,1350.0,1372.36,1939
2022-05-23 09:30:00,1397.68,1423.74,1367.82,1397.28,1932
2022-05-23 10:30:00,1395.03,1416.22,1373.4112,1395.5262,2283
2022-05-23 11:30:00,1389.52,1409.1899,1376.615,1386.95,919
2022-05-23 12:30:00,1387.86,1397.205,1370.758,1374.38,1513
2022-05-23 13:30:00,1377.98,1409.99,1377.2,1398.07,1391
2022-05-23 14:30:00,1400.0,1410.0,1390.31,1407.875,2118
2022-05-23 15:30:00,1404.45,1410.95,1392.345,1410.0,3175
2022-05-24 09:30:00,1388.02,1422.17,1380.0,1390.51,3351
2022-05-24 10:30:00,1389.84,1392.53,1363.4001,1369.57,1284
2022-05-24 11:30:00,1374.56,1409.66,1362.94,1403.175,1220
2022-05-24 12:30:00,1398.78,1415.71,1392.81,1408.24,813
2022-05-24 13:30:00,1408.3,1420.865,1383.7101,1411.675,2046
2022-05-24 14:30:00,1416.56,1422.84,1390.8501,1410.225,2386
2022-05-24 15:30:00,1414.64,1430.0,1406.09,1420.43,4115
2022-07-25 09:30:00,1756.51,1821.9999,1728.31,1781.9664,4230
2022-07-25 10:30:00,1770.05,1799.99,1762.48,1798.96,3880
2022-07-25 11:30:00,1795.75,1800.0,1760.79,1767.08,2546
2022-07-25 12:30:00,1773.015,1800.0,1749.11,1777.85,2449
2022-07-25 13:30:00,1786.175,1794.8999,1775.0,1777.98,1989
2022-07-25 14:30:00,1784.9999,1785.0,1758.17,1773.75,2939
2022-07-25 15:30:00,1772.43,1788.42,1758.39,1769.39,6159
2022-07-26 09:30:00,1794.8,1810.0,1766.6001,1776.84,4528
2022-07-26 10:30:00,1774.19,1805.0,1749.44,1775.0454,4679
2022-07-26 11:30:00,1775.5899,1778.39,1732.44,1774.95,2739
2022-07-26 12:30:00,1767.0,1788.0,1748.4801,1769.42,3773
2022-07-26 13:30:00,1775.765,1789.63,1765.17,1767.19,2799
2022-07-26 14:30:00,1755.65,1777.5,1755.65,1756.03,1903
2022-07-26 15:30:00,1757.0,1776.42,1746.09,1768.45,5474
2022-07-27 09:30:00,1800.0,1800.0,1769.98,1794.0,1931
2022-07-27 10:30:00,1798.0,1821.99,1784.04,1799.98,5876
2022-07-27 11:30:00,1803.0,1809.52,1779.09,1798.1199,1464
2022-07-27 12:30:00,1788.61,1795.98,1774.0,1788.75,2348
2022-07-27 13:30:00,1788.36,1810.0,1773.36,1782.0,1897
2022-07-27 14:30:00,1778.22,1822.2,1767.01,1817.01,4525
2022-07-27 15:30:00,1822.1999,1828.2,1802.13,1820.98,6727
2022-07-28 09:30:00,1833.16,1850.0,1765.9,1770.9,6199
2022-07-28 10:30:00,1773.45,1826.9099,1764.6,1811.89,4487
2022-07-28 11:30:00,1813.455,1828.87,1791.6601,1797.0,2163
2022-07-28 12:30:00,1794.3301,1813.6499,1788.705,1796.045,1038
2022-07-28 13:30:00,1796.0,1825.0,1783.1001,1800.0525,4037
2022-07-28 14:30:00,1795.76,1824.26,1780.13,1818.0,2937
2022-07-28 15:30:00,1818.0,1838.12,1795.65,1827.58,4705
2022-07-29 09:30:00,1857.2,1874.77,1830.0,1865.665,5023
2022-07-29 10:30:00,1873.77,1900.0,1855.05,1857.04,5304
2022-07-29 11:30:00,1858.17,1876.21,1840.76,1852.65,2416
2022-07-29 12:30:00,1852.1489,1873.68,1846.06,1873.68,1779
2022-07-29 13:30:00,1865.79,1882.44,1843.07,1872.13,1182
2022-07-29 14:30:00,1872.4,1888.2,1862.83,1869.99,3627
2022-07-29 15:30:00,1869.96,1876.68,1827.94,1838.56,13330
2022-08-01 09:30:00,1866.62,1866.62,1765.81,1799.58,6427
2022-08-01 10:30:00,1792.93,1823.09,1787.25,1811.37,5501
2022-08-01 11:30:00,1818.035,1830.3,1802.51,1820.095,2823
2022-08-01 12:30:00,1829.94,1835.0,1810.34,1830.81,1694
2022-08-01 13:30:00,1831.5,1839.9999,1807.12,1837.0,3377
2022-08-01 14:30:00,1839.98,1849.98,1816.09,1830.12,3056
2022-08-01 15:30:00,1830.18,1849.82,1818.64,1827.05,4933
2022-08-02 09:30:00,1810.02,1848.97,1788.3901,1802.955,1982
2022-08-02 10:30:00,1819.98,1843.58,1802.99,1834.03,1871
2022-08-02 11:30:00,1834.2,1849.75,1811.54,1843.825,3246
2022-08-02 12:30:00,1834.9,1848.6299,1821.54,1840.35,3470
2022-08-02 13:30:00,1836.12,1840.5699,1796.55,1810.8146,2871
2022-08-02 14:30:00,1817.95,1848.7199,1815.97,1831.24,2693
2022-08-02 15:30:00,1817.5,1849.99,1817.5,1819.72,4327
2022-08-03 09:30:00,1842.06,1849.9999,1786.7701,1820.2529,1250
2022-08-03 10:30:00,1805.12,1816.2,1749.6801,1773.25,2240
2022-08-03 11:30:00,1785.91,1794.27,1741.3301,1757.855,2957
2022-08-03 12:30:00,1757.855,1780.42,1733.324,1734.0,1720
2022-08-03 13:30:00,1733.97,1800.39,1731.89,1784.99,2899
2022-08-03 14:30:00,1783.08,1806.91,1769.89,1786.44,2582
2022-08-03 15:30:00,1791.12,1806.9099,1770.39,1791.91,5747
2022-08-04 09:30:00,1767.0,1855.35,1681.5687,1743.825,11529
2022-08-04 10:30:00,1749.99,1771.27,1711.79,1732.97,7340
2022-08-04 11:30:00,1736.525,1744.9499,1724.8601,1727.32,3042
2022-08-04 12:30:00,1727.32,1736.67,1700.2001,1720.695,2837
2022-08-04 13:30:00,1720.695,1724.44,1695.79,1696.59,5235
2022-08-04 14:30:00,1702.34,1721.19,1658.22,1666.0,4570
2022-08-04 15:30:00,1656.2001,1673.69,1631.3,1649.74,8397
2022-08-05 09:30:00,1645.98,1707.8099,1605.35,1692.86,4575
2022-08-05 10:30:00,1692.86,1707.98,1663.54,1664.76,2170
2022-08-05 11:30:00,1673.345,1695.42,1655.155,1666.56,1697
2022-08-05 12:30:00,1674.92,1685.96,1650.505,1660.23,4543
2022-08-05 13:30:00,1662.98,1680.47,1650.1501,1661.0,5220
2022-08-05 14:30:00,1658.19,1668.05,1650.07,1653.52,2645
2022-08-05 15:30:00,1655.785,1661.39,1627.38,1644.91,6650
2022-08-08 09:30:00,1673.9,1696.7,1636.74,1659.765,7560
2022-08-08 10:30:00,1658.5,1735.36,1653.52,1733.75,4183
2022-08-08 11:30:00,1735.875,1742.98,1675.3,1702.43,4640
2022-08-08 12:30:00,1711.38,1719.97,1692.28,1704.575,1831
2022-08-08 13:30:00,1707.4,1725.0,1688.22,1704.34,3887
2022-08-08 14:30:00,1706.61,1729.9888,1688.22,1714.98,2628
2022-08-08 15:30:00,1714.12,1724.85,1695.63,1709.0,6975
2022-08-09 09:30:00,1732.0,1768.9499,1709.74,1730.0,1451
2022-08-09 10:30:00,1738.25,1741.055,1683.57,1698.18,2078
2022-08-09 11:30:00,1692.41,1717.93,1678.19,1683.17,1774
2022-08-09 12:30:00,1680.21,1697.555,1669.34,1693.8,1594
2022-08-09 13:30:00,1690.63,1709.55,1673.1729,1685.8,1509
2022-08-09 14:30:00,1686.41,1710.15,1670.0,1692.63,1069
2022-08-09 15:30:00,1697.99,1717.19,1681.81,1704.94,2540
2022-08-10 09:30:00,1724.395,1762.0171,1693.46,1720.0,2186
2022-08-10 10:30:00,1726.296,1759.87,1697.74,1748.15,3519
2022-08-10 11:30:00,1745.0,1763.51,1715.0201,1736.53,817
2022-08-10 12:30:00,1748.5,1752.0,1726.21,1740.47,596
2022-08-10 13:30:00,1747.29,1750.0,1715.09,1726.74,1202
2022-08-10 14:30:00,1726.67,1744.98,1701.4564,1741.065,1624
2022-08-10 15:30:00,1727.15,1750.0,1710.54,1732.0,2848
2022-08-11 09:30:00,1763.14,1800.0,1750.0,1783.925,1362
2022-08-11 10:30:00,1769.29,1788.615,1754.865,1765.12,2441
2022-08-11 11:30:00,1771.19,1780.0,1752.86,1778.96,2359
2022-08-11 12:30:00,1778.96,1790.0,1770.132,1783.59,1065
2022-08-11 13:30:00,1787.37,1799.91,1772.5301,1779.29,3054
2022-08-11 14:30:00,1785.47,1785.47,1752.8612,1756.02,1850
2022-08-11 15:30:00,1758.57,1763.93,1729.09,1734.64,4835
2022-08-12 09:30:00,1728.0,1754.71,1711.9,1722.49,2215
2022-08-12 10:30:00,1720.6,1728.13,1674.82,1695.63,8724
2022-08-12 11:30:00,1695.79,1701.0806,1660.64,1667.05,4221
2022-08-12 12:30:00,1672.96,1677.41,1625.1001,1635.0,5293
2022-08-12 13:30:00,1636.88,1677.4599,1627.1201,1657.2,6578
2022-08-12 14:30:00,1657.0,1662.8899,1630.0,1653.34,5369
2022-08-12 15:30:00,1653.345,1689.94,1643.565,1682.33,13330
2022-08-15 09:30:00,1626.8,1684.98,1605.89,1672.06,4270
2022-08-15 10:30:00,1664.635,1722.47,1664.635,1682.21,4985
2022-08-15 11:30:00,1682.73,1708.145,1675.7001,1683.97,2079
2022-08-15 12:30:00,1688.21,1712.9,1676.1498,1686.65,2178
2022-08-15 13:30:00,1689.98,1712.63,1660.44,1676.13,4360
2022-08-15 14:30:00,1676.14,1708.56,1660.58,1700.205,2865
2022-08-15 15:30:00,1693.29,1697.93,1674.17,1677.49,7427
2022-08-16 09:30:00,1671.6,1732.45,1651.43,1671.18,2986
2022-08-16 10:30:00,1671.01,1681.3,1613.5,1618.29,2273
2022-08-16 11:30:00,1618.47,1660.01,1602.14,1646.48,4317
2022-08-16 12:30:00,1646.56,1661.18,1627.78,1642.73,1077
2022-08-16 13:30:00,1632.74,1671.9,1632.01,1663.02,2281
2022-08-16 14:30:00,1663.02,1686.36,1632.2,1678.0,3374
2022-08-16 15:30:00,1674.34,1680.495,1650.225,1668.9,6747
2022-08-17 09:30:00,1663.2,1719.41,1650.01,1702.0,2340
2022-08-17 10:30:00,1712.975,1723.9997,1679.29,1692.09,3513
2022-08-17 11:30:00,1690.64,1708.725,1660.31,1708.725,1728
2022-08-17 12:30:00,1701.21,1715.7,1682.15,1712.3075,966
2022-08-17 13:30:00,1712.68,1723.9999,1690.37,1717.381944,1644
2022-08-17 14:30:00,1722.62,1733.18,1695.15,1715.1,3237
2022-08-17 15:30:00,1717.595,1728.7199,1694.4401,1720.1,4958
2022-08-18 09:30:00,1725.01,1755.0,1704.4012,1750.0,2720
2022-08-18 10:30:00,1740.01,1775.0,1727.23,1755.28,3568
2022-08-18 11:30:00,1755.3,1770.0,1737.4701,1756.24,1930
2022-08-18 12:30:00,1756.235,1795.0,1751.8699,1785.12,4191
2022-08-18 13:30:00,1785.145,1793.44,1763.185,1771.34,3934
2022-08-18 14:30:00,1760.975,1793.54,1747.47,1767.06,2057
2022-08-18 15:30:00,1769.21,1794.9999,1753.71,1763.01,7935
2022-08-19 09:30:00,1785.0,1787.31,1687.99,1718.795,5708
2022-08-19 10:30:00,1711.87,1749.9,1684.2901,1721.33,1959
2022-08-19 11:30:00,1715.52,1754.69,1697.54,1728.71,1821
2022-08-19 12:30:00,1727.99,1752.21,1706.4601,1720.0,1550
2022-08-19 13:30:00,1720.0,1736.5699,1696.035,1726.72,2441
2022-08-19 14:30:00,1727.5,1745.8211,1706.11,1709.57,2618
2022-08-19 15:30:00,1709.72,1738.49,1691.51,1723.785,5446
2022-08-22 09:30:00,1719.5,1733.3,1660.7201,1709.66,2860
2022-08-22 10:30:00,1700.7315,1771.54,1700.31,1738.2901,2918
2022-08-22 11:30:00,1757.21,1777.375,1722.1701,1736.91,2723
2022-08-22 12:30:00,1739.0,1762.17,1717.34,1730.3,1386
2022-08-22 13:30:00,1730.2,1743.0,1707.43,1733.865,2525
2022-08-22 14:30:00,1734.07,1771.3,1721.24,1741.68,2766
2022-08-22 15:30:00,1751.975,1756.09,1732.76,1738.0,6020
2022-08-23 09:30:00,1752.61,1818.0,1740.5112,1801.11,8582
2022-08-23 10:30:00,1800.69,1815.0,1776.4601,1795.077,4181
2022-08-23 11:30:00,1800.77,1810.0,1756.01,1774.0,1654
2022-08-23 12:30:00,1776.59,1799.32,1751.83,1768.51,3270
2022-08-23 13:30:00,1756.0,1791.11,1751.81,1777.68,1655
2022-08-23 14:30:00,1767.89,1795.97,1756.81,1782.685,2025
2022-08-23 15:30:00,1790.0,1799.9,1763.4601,1767.9,5092
2022-08-24 09:30:00,1791.33,1817.83,1775.55,1805.53,1438
2022-08-24 10:30:00,1805.535,1816.39,1761.65,1775.0,6361
2022-08-24 11:30:00,1779.25,1814.0,1775.0,1810.02,3093
2022-08-24 12:30:00,1813.99,1813.99,1791.11,1808.18,1576
2022-08-24 13:30:00,1809.0,1819.975,1795.0,1816.22,2335
2022-08-24 14:30:00,1818.38,1830.0,1789.11,1803.835,3989
2022-08-24 15:30:00,1804.38,1818.0,1799.83,1814.32,6515
2022-08-25 09:30:00,1822.5,1830.0,1772.18,1791.03,3527
2022-08-25 10:30:00,1794.7718,1822.46,1767.64,1809.84,4170
2022-08-25 11:30:00,1803.9,1807.04,1765.89,1777.985,2664
2022-08-25 12:30:00,1782.45,1797.35,1767.21,1770.14,3781
2022-08-25 13:30:00,1772.38,1793.86,1757.89,1789.66,5297
2022-08-25 14:30:00,1787.38,1807.95,1775.0,1794.0,3414
2022-08-25 15:30:00,1792.58,1800.895,1777.73,1791.29,8036
2022-08-26 09:30:00,1802.43,1829.0,1763.21,1811.3651,1763
2022-08-26 10:30:00,1807.5,1836.24,1796.85,1808.31,5423
2022-08-26 11:30:00,1807.05,1850.0,1806.2,1838.505,2962
2022-08-26 12:30:00,1837.0,1840.63,1807.1101,1840.0,3387
2022-08-26 13:30:00,1841.02,1854.0,1834.925,1848.11,5146
2022-08-26 14:30:00,1845.01,1854.0,1838.97,1844.05,3548
2022-08-26 15:30:00,1843.55,1849.85,1825.705,1840.01,7593
2022-08-29 09:30:00,1813.49,1890.0,1774.62,1888.42,6358
2022-08-29 10:30:00,1887.41,1890.0,1845.38,1887.78,8552
2022-08-29 11:30:00,1889.19,1898.9599,1844.24,1863.64,6268
2022-08-29 12:30:00,1862.95,1886.44,1838.56,1886.13,4329
2022-08-29 13:30:00,1886.13,1900.0,1862.61,1872.575,6159
2022-08-29 14:30:00,1874.93,1894.33,1843.61,1860.5,5520
2022-08-29 15:30:00,1860.35,1875.0,1848.59,1855.825,10208
2022-08-30 09:30:00,1843.6,1877.14,1785.0801,1795.895,6434
2022-08-30 10:30:00,1799.08,1806.008,1745.16,1776.25,7347
2022-08-30 11:30:00,1771.17,1786.7699,1753.53,1761.43,4222
2022-08-30 12:30:00,1761.035,1762.0,1730.1,1755.11,4360
2022-08-30 13:30:00,1749.8,1773.91,1739.86,1744.89,4031
2022-08-30 14:30:00,1751.66,1760.93,1720.395,1740.19,4709
2022-08-30 15:30:00,1737.68,1753.13,1700.05,1724.32,11812
2022-08-31 09:30:00,1704.89,1739.96,1684.19,1729.67,14128
2022-08-31 10:30:00,1725.44,1806.42,1703.99,1792.09,11375
2022-08-31 11:30:00,1795.56,1847.89,1793.24,1823.1125,14012
2022-08-31 12:30:00,1823.075,1855.0,1817.82,1842.0,12395
2022-08-31 13:30:00,1842.0,1848.96,1808.92,1817.2,10273
2022-08-31 14:30:00,1820.465,1827.92,1792.77,1812.9,15499
2022-08-31 15:30:00,1811.47,1849.835,1811.44,1832.0,32617
2022-09-01 09:30:00,1788.58,1839.99,1775.0,1790.43,6901
2022-09-01 10:30:00,1790.0,1809.8999,1765.8,1793.4354,5645
2022-09-01 11:30:00,1793.96,1817.88,1772.44,1794.83,3516
2022-09-01 12:30:00,1790.08,1793.06,1746.7,1781.97,3068
2022-09-01 13:30:00,1779.485,1798.3399,1760.33,1791.295,3838
2022-09-01 14:30:00,1791.87,1804.66,1762.07,1773.38,3253
2022-09-01 15:30:00,1774.76,1799.39,1753.05,1782.07,8849
2022-09-02 09:30:00,1830.43,1850.0,1786.68,1820.41,4875
2022-09-02 10:30:00,1823.31,1849.0,1806.785,1834.89,3454
2022-09-02 11:30:00,1830.3,1847.8499,1811.78,1838.99,3133
2022-09-02 12:30:00,1836.67,1848.9988,1813.065,1820.17,3172
2022-09-02 13:30:00,1827.58,1868.215,1818.985,1855.49,5298
2022-09-02 14:30:00,1858.48,1889.49,1845.511,1877.66,5634
2022-09-02 15:30:00,1883.7,1895.85,1851.32,1885.8,11296
2022-10-25 09:30:00,2179.64,2200.0,2131.13,2154.145,4984
2022-10-25 10:30:00,2160.0,2179.02,2091.3201,2111.385,2901
2022-10-25 11:30:00,2112.5,2133.69,2085.02,2093.67,2024
2022-10-25 12:30:00,2104.35,2104.355,2043.4,2072.868,3987
2022-10-25 13:30:00,2059.35,2092.54,2040.3,2074.76,2152
2022-10-25 14:30:00,2052.7701,2097.44,2048.23,2070.0,3137
2022-10-25 15:30:00,2070.0,2075.98,2050.0,2056.0,6646
2022-10-26 09:30:00,2094.89,2149.62,2053.9,2126.16,1853
2022-10-26 10:30:00,2108.53,2159.9299,2089.76,2124.07,1875
2022-10-26 11:30:00,2128.965,2154.74,2101.86,2149.01,2215
2022-10-26 12:30:00,2137.0,2153.58,2117.33,2123.97,2977
2022-10-26 13:30:00,2120.34,2159.99,2110.515,2150.24,3711
2022-10-26 14:30:00,2148.3,2159.99,2120.33,2136.43,3063
2022-10-26 15:30:00,2153.46,2159.98,2125.12,2146.2,4300
2022-10-27 09:30:00,2175.11,2212.2,2149.06,2193.94,6994
2022-10-27 10:30:00,2184.4619,2237.03,2175.68,2218.51,3029
2022-10-27 11:30:00,2225.17,2230.67,2175.73,2191.62,3109
2022-10-27 12:30:00,2189.425,2229.19,2181.92,2212.18,3999
2022-10-27 13:30:00,2212.18,2235.05,2200.01,2212.99,3027
2022-10-27 14:30:00,2212.99,2234.84,2196.31,2220.51,5752
2022-10-27 15:30:00,2217.22,2232.616,2195.26,2226.68,7842
2022-10-28 09:30:00,2251.87,2342.46,2201.0,2212.5,6299
2022-10-28 10:30:00,2213.6,2234.93,2169.34,2206.68,3319
2022-10-28 11:30:00,2203.24,2276.5,2191.48,2263.6,4334
2022-10-28 12:30:00,2270.75,2324.37,2258.0,2319.99,5935
2022-10-28 13:30:00,2304.29,2323.3159,2275.32,2294.14,6035
2022-10-28 14:30:00,2271.27,2320.0,2271.27,2299.66,5509
2022-10-28 15:30:00,2312.16,2318.94,2283.22,2313.74,10545
2022-10-31 09:30:00,2290.91,2317.905,2272.01,2302.215,6570
2022-10-31 10:30:00,2302.215,2343.4599,2293.3215,2311.775,4299
2022-10-31 11:30:00,2311.775,2311.775,2232.5,2255.41,3511
2022-10-31 12:30:00,2252.31,2274.63,2232.99,2270.26,4872
2022-10-31 13:30:00,2271.46,2300.0,2265.16,2291.17,3109
2022-10-31 14:30:00,2290.36,2309.39,2285.44,2299.555,4503
2022-10-31 15:30:00,2303.0,2330.44,2294.61,2298.17,10258
2022-11-01 09:30:00,2339.33,2374.77,2232.77,2324.24,2911
2022-11-01 10:30:00,2325.77,2349.95,2278.9801,2339.0,4196
2022-11-01 11:30:00,2344.46,2382.1485,2309.44,2309.44,5614
2022-11-01 12:30:00,2328.64,2375.1485,2300.96,2339.68,4042
2022-11-01 13:30:00,2347.53,2397.21,2330.5101,2366.0,2646
2022-11-01 14:30:00,2360.0,2391.1,2338.97,2351.08,5370
2022-11-01 15:30:00,2354.89,2364.9999,2335.73,2339.48,4462
2022-11-02 09:30:00,2340.0,2367.4199,2274.47,2329.99,2324
2022-11-02 10:30:00,2298.0101,2355.81,2298.0101,2340.79,2364
2022-11-02 11:30:00,2345.4,2373.0,2318.78,2335.99,2682
2022-11-02 12:30:00,2315.01,2354.75,2315.01,2340.915,2089
2022-11-02 13:30:00,2326.83,2379.5233,2326.83,2374.44,2791
2022-11-02 14:30:00,2374.99,2386.71,2287.1212,2310.19,7172
2022-11-02 15:30:00,2299.785,2344.35,2284.7001,2328.03,5913
2022-11-03 09:30:00,2305.0,2420.25,2285.11,2377.13,4045
2022-11-03 10:30:00,2375.44,2475.0,2356.27,2461.0,4752
2022-11-03 11:30:00,2447.81,2500.0,2443.51,2470.0,6593
2022-11-03 12:30:00,2467.97,2482.52,2450.66,2465.97,5234
2022-11-03 13:30:00,2470.9609,2475.0,2421.255,2430.99,3395
2022-11-03 14:30:00,2443.02,2450.99,2387.05,2403.815,8302
2022-11-03 15:30:00,2408.54,2416.6,2362.96,2392.23,7985
2022-11-04 09:30:00,2465.41,2499.96,2377.87,2485.8,3873
2022-11-04 10:30:00,2499.9,2537.0299,2429.32,2440.02,4587
2022-11-04 11:30:00,2448.05,2468.32,2420.0,2451.22,3319
2022-11-04 12:30:00,2450.8,2499.0,2422.94,2486.86,2650
2022-11-04 13:30:00,2482.01,2521.23,2446.78,2511.0,8248
2022-11-04 14:30:00,2507.425,2550.0,2476.44,2534.66,6518
2022-11-04 15:30:00,2531.93,2572.19,2527.9299,2563.5,10336
2022-11-07 09:30:00,2559.52,2670.39,2523.11,2620.0,6625
2022-11-07 10:30:00,2601.26,2668.64,2601.26,2667.6327,6453
2022-11-07 11:30:00,2667.875,2700.0,2616.63,2689.84,4474
2022-11-07 12:30:00,2693.1699,2699.9699,2654.08,2684.29,5523
2022-11-07 13:30:00,2680.14,2710.8,2643.0,2689.72,5218
2022-11-07 14:30:00,2689.72,2722.199,2658.98,2696.61,6431
2022-11-07 15:30:00,2694.91,2718.34,2670.01,2708.0,11744
2022-11-08 09:30:00,2722.0,2739.0,2681.43,2708.07,6878
2022-11-08 10:30:00,2711.973,2738.9899,2675.01,2678.99,6549
2022-11-08 11:30:00,2678.99,2722.29,2653.4,2675.605,6748
2022-11-08 12:30:00,2675.605,2689.47,2631.22,2646.1899,3756
2022-11-08 13:30:00,2646.06,2672.68,2630.0101,2640.44,5141
2022-11-08 14:30:00,2640.44,2707.68,2632.5,2686.77,6339
2022-11-08 15:30:00,2689.74,2722.22,2679.46,2692.64,8345
2022-11-09 09:30:00,2684.66,2732.9271,2636.35,2714.775,5096
2022-11-09 10:30:00,2708.8053,2728.0,2594.49,2623.595,6323
2022-11-09 11:30:00,2631.56,2682.05,2620.83,2646.94,1598
2022-11-09 12:30:00,2643.055,2679.74,2638.44,2649.7,2585
2022-11-09 13:30:00,2649.0,2668.51,2619.31,2645.01,3566
2022-11-09 14:30:00,2642.78,2667.76,2604.16,2616.0,5674
2022-11-09 15:30:00,2616.97,2628.53,2591.24,2603.27,6071
2022-11-10 09:30:00,2664.0,2709.6,2566.18,2610.39,6012
2022-11-10 10:30:00,2611.41,2661.198,2595.91,2632.99,5530
2022-11-10 11:30:00,2644.43,2681.58,2603.11,2615.73,4630
2022-11-10 12:30:00,2607.25,2662.69,2594.37,2626.595,3611
2022-11-10 13:30:00,2631.77,2676.8199,2614.87,2648.5525,4760
2022-11-10 14:30:00,2645.13,2700.0985,2638.69,2673.0,4733
2022-11-10 15:30:00,2671.0,2696.69,2658.77,2684.34,6975
2022-11-11 09:30:00,2698.53,2748.2,2624.57,2740.135,5621
2022-11-11 10:30:00,2739.8,2745.99,2627.37,2627.3701,4917
2022-11-11 11:30:00,2643.94,2670.99,2583.62,2595.79,4264
2022-11-11 12:30:00,2594.2,2612.85,2573.34,2600.0,4220
2022-11-11 13:30:00,2597.63,2645.73,2578.63,2634.065,2999
2022-11-11 14:30:00,2633.75,2685.28,2619.94,2650.17,4600
2022-11-11 15:30:00,2650.29,2677.74,2625.88,2663.79,5501
2022-11-14 09:30:00,2638.0,2730.0,2630.1101,2688.04,1801
2022-11-14 10:30:00,2689.81,2710.0,2637.97,2656.53,6685
2022-11-14 11:30:00,2666.13,2670.45,2634.1812,2652.595,5963
2022-11-14 12:30:00,2650.0,2674.415,2631.2601,2664.87,4739
2022-11-14 13:30:00,2665.21,2684.4599,2635.0,2663.07,2158
2022-11-14 14:30:00,2664.0,2678.84,2635.01,2645.415,2541
2022-11-14 15:30:00,2645.415,2669.99,2635.0,2640.0,7297
2022-11-15 09:30:00,2635.6,2723.9999,2579.81,2655.13,4797
2022-11-15 10:30:00,2651.03,2694.67,2626.48,2645.85,4814
2022-11-15 11:30:00,2660.71,2701.1099,2645.85,2687.48,2495
2022-11-15 12:30:00,2714.27,2722.31,2648.11,2679.34,1887
2022-11-15 13:30:00,2684.32,2717.16,2664.93,2676.27,2068
2022-11-15 14:30:00,2682.0,2708.5085,2673.66,2690.0,2611
2022-11-15 15:30:00,2684.325,2714.885,2679.3,2690.34,5751
2022-11-16 09:30:00,2677.21,2700.0,2614.48,2657.82,3297
2022-11-16 10:30:00,2641.15,2681.0,2636.01,2664.0,1760
2022-11-16 11:30:00,2660.13,2673.07,2632.9201,2644.025,563
2022-11-16 12:30:00,2644.025,2690.0,2639.57,2647.4,1901
2022-11-16 13:30:00,2643.8,2683.96,2628.18,2669.57,2024
2022-11-16 14:30:00,2666.18,2696.45,2656.77,2661.695,3226
2022-11-16 15:30:00,2662.09,2679.09,2626.07,2634.0,8015
2022-11-17 09:30:00,2577.57,2650.185,2555.09,2620.0,4328
2022-11-17 10:30:00,2610.89,2649.33,2578.51,2598.756,2147
2022-11-17 11:30:00,2601.59,2634.7199,2569.31,2601.35,2533
2022-11-17 12:30:00,2602.34,2639.88,2589.8499,2620.06,2470
2022-11-17 13:30:00,2620.77,2646.85,2601.21,2620.0425,2520
2022-11-17 14:30:00,2618.59,2651.22,2609.56,2630.6505,2280
2022-11-17 15:30:00,2623.2601,2659.9075,2617.7701,2655.0,5630
2022-11-18 09:30:00,2640.0,2727.91,2560.53,2641.0,6667
2022-11-18 10:30:00,2636.16,2706.78,2627.5601,2674.814,2073
2022-11-18 11:30:00,2674.814,2692.48,2634.76,2655.0102,2320
2022-11-18 12:30:00,2644.625,2677.85,2639.02,2677.85,1916
2022-11-18 13:30:00,2661.425,2680.85,2641.58,2658.08,3259
2022-11-18 14:30:00,2667.19,2705.73,2651.61,2681.93,2974
2022-11-18 15:30:00,2690.53,2721.81,2665.12,2706.73,9691
2022-11-21 09:30:00,2658.88,2685.03,2540.01,2550.394,5220
2022-11-21 10:30:00,2543.13,2570.8199,2480.0001,2553.085,9366
2022-11-21 11:30:00,2543.325938,2588.6199,2505.06,2550.0,5503
2022-11-21 12:30:00,2553.865,2588.05,2540.02,2545.89,5202
2022-11-21 13:30:00,2543.95,2581.04,2504.82,2520.88,4886
2022-11-21 14:30:00,2521.785,2539.72,2494.7601,2514.15,8706
2022-11-21 15:30:00,2513.01,2544.8,2501.19,2519.07,8757
2022-11-22 09:30:00,2550.0,2646.04,2542.75,2624.5,6555
2022-11-22 10:30:00,2621.4,2650.0,2609.83,2637.53,3567
2022-11-22 11:30:00,2630.0718,2650.0,2592.64,2620.49,3353
2022-11-22 12:30:00,2617.84,2647.02,2607.8201,2644.44,1877
2022-11-22 13:30:00,2643.78,2674.94,2629.1,2644.82,3432
2022-11-22 14:30:00,2641.53,2655.0,2609.13,2634.712,4566
2022-11-22 15:30:00,2644.29,2654.98,2616.05,2641.9,10736
2023-01-30 09:30:00,2019.38,2076.7,2000.0,2013.82,2480
2023-01-30 10:30:00,2008.74,2054.03,1982.4,2001.01,4079
2023-01-30 11:30:00,2008.805,2014.0,1958.24,1974.12,6084
2023-01-30 12:30:00,1967.49,2025.0,1958.25,2003.06,2802
2023-01-30 13:30:00,1987.37,2020.0,1960.76,1994.13,2155
2023-01-30 14:30:00,2013.91,2024.9985,1972.25,2006.055,4810
2023-01-30 15:30:00,1993.87,2025.0,1975.44,1983.99,6110
2023-01-31 09:30:00,1979.635,2034.5,1924.77,1999.99,3305
2023-01-31 10:30:00,1992.1,2029.89,1974.42,2016.155,1641
2023-01-31 11:30:00,2013.72,2029.8897,1971.6101,2001.92,2529
2023-01-31 12:30:00,2000.02,2030.21,1955.59,1995.78,6873
2023-01-31 13:30:00,1995.66,2011.27,1961.1101,1970.3301,8681
2023-01-31 14:30:00,1983.45,2023.6,1958.42,1995.9001,5894
2023-01-31 15:30:00,1997.055,2009.415,1981.095,1995.85,7694
2023-02-01 09:30:00,1950.01,2009.49,1900.0,1931.13,12491
2023-02-01 10:30:00,1933.65,1972.4899,1885.13,1908.345,12840
2023-02-01 11:30:00,1904.74,1931.5699,1840.53,1870.49,14168
2023-02-01 12:30:00,1869.545,1905.51,1836.54,1877.16,9050
2023-02-01 13:30:00,1877.16,1933.59,1854.57,1913.17,8938
2023-02-01 14:30:00,1908.315,1950.02,1863.4,1927.09,15814
2023-02-01 15:30:00,1928.1,1974.0,1912.0,1944.11,10256
2023-02-02 09:30:00,1961.93,2018.85,1905.02,1945.24,7839
2023-02-02 10:30:00,1945.02,1959.99,1879.75,1912.01,7930
2023-02-02 11:30:00,1915.1195,1941.0,1861.44,1892.83,12904
2023-02-02 12:30:00,1892.8301,1935.79,1863.18,1894.55,8949
2023-02-02 13:30:00,1898.98,1924.9999,1862.21,1880.66,11355
2023-02-02 14:30:00,1881.08,1925.0,1861.13,1898.44,10868
2023-02-02 15:30:00,1911.405,1942.37,1899.41,1938.48,7261
2023-02-03 09:30:00,1936.37,2046.96,1914.87,2019.06,8248
2023-02-03 10:30:00,2010.0,2046.95,1950.38,1986.51,10907
2023-02-03 11:30:00,1989.58,2025.0,1957.87,2012.45,12532
2023-02-03 12:30:00,2008.33,2025.0,1950.43,1975.0,7150
2023-02-03 13:30:00,1969.87,2020.17,1948.29,1987.8322,14285
2023-02-03 14:30:00,1990.1199,2025.0,1949.7101,1977.3015,12103
2023-02-03 15:30:00,1987.87,2011.8999,1958.0,2009.47,9731
2023-02-06 09:30:00,2001.21,2042.45,1946.645,1952.0095,4102
2023-02-06 10:30:00,1950.2876,1989.98,1931.4,1952.71,5169
2023-02-06 11:30:00,1951.41,1977.89,1931.4,1954.9,5067
2023-02-06 12:30:00,1935.21,1946.26,1887.77,1909.975,4790
2023-02-06 13:30:00,1908.67,1924.98,1839.4201,1886.93,9807
2023-02-06 14:30:00,1886.71,1938.43,1863.2401,1915.0,8868
2023-02-06 15:30:00,1915.0,1924.13,1890.015,1915.99,7542
2023-02-07 09:30:00,1940.85,1976.4,1882.73,1921.042,2779
2023-02-07 10:30:00,1912.7308,1955.0699,1891.33,1930.9685,3168
2023-02-07 11:30:00,1929.863,1954.95,1910.0,1945.55,2339
2023-02-07 12:30:00,1945.5995,1991.42,1925.4,1955.3,3847
2023-02-07 13:30:00,1951.52,1981.7,1918.7801,1947.695,3559
2023-02-07 14:30:00,1959.0,1989.1585,1926.82,1972.0205,3147
2023-02-07 15:30:00,1965.9999,1998.67,1932.45,1977.4,9903
2023-02-08 09:30:00,1964.56,2014.89,1904.03,1951.05,3354
2023-02-08 10:30:00,1944.6,1965.61,1869.29,1890.4806,4882
2023-02-08 11:30:00,1890.29,1933.4999,1858.7704,1906.69,9620
2023-02-08 12:30:00,1901.69,1949.0,1873.79,1929.21,6698
2023-02-08 13:30:00,1932.21,1933.65,1890.0,1911.51,2019
2023-02-08 14:30:00,1911.51,1933.0925,1891.1101,1913.58,3938
2023-02-08 15:30:00,1913.69,1953.4,1898.535,1900.99,8749
2023-02-09 09:30:00,1890.02,1938.13,1860.0,1886.0,4804
2023-02-09 10:30:00,1881.0,1932.1699,1860.0,1912.45,2981
2023-02-09 11:30:00,1911.0,1952.8,1891.0,1940.15,5590
2023-02-09 12:30:00,1922.4,1942.43,1881.65,1910.0,2127
2023-02-09 13:30:00,1900.5,1925.6,1878.12,1890.12,2091
2023-02-09 14:30:00,1895.95,1917.33,1875.0,1884.24,2474
2023-02-09 15:30:00,1881.15,1895.385,1865.9811,1881.98,4131
2023-02-10 09:30:00,1892.65,1953.45,1860.6715,1894.31,2670
2023-02-10 10:30:00,1909.7,1938.505,1873.02,1904.716,8813
2023-02-10 11:30:00,1900.0,1931.82,1865.11,1886.15,7431
2023-02-10 12:30:00,1902.4642,1924.27,1865.0,1898.8601,8898
2023-02-10 13:30:00,1895.0,1946.67,1866.7801,1897.8301,8867
2023-02-10 14:30:00,1896.19,1953.05,1884.355,1940.9,10182
2023-02-10 15:30:00,1914.43,1952.65,1881.85,1923.23,9214
2023-02-13 09:30:00,1924.0,1984.53,1864.4715,1912.65,1225
2023-02-13 10:30:00,1909.0,1940.3,1867.63,1892.255,1482
2023-02-13 11:30:00,1892.64,1915.0,1867.2501,1894.3475,1818
2023-02-13 12:30:00,1883.01,1928.32,1870.0,1909.465,1870
2023-02-13 13:30:00,1902.38,1937.01,1882.1601,1913.0,4246
2023-02-13 14:30:00,1907.0,1925.99,1873.98,1887.77,3555
2023-02-13 15:30:00,1887.55,1917.74,1871.73,1901.4,4813
2023-02-14 09:30:00,1894.8,1955.28,1850.0001,1915.65,5334
2023-02-14 10:30:00,1920.0,1950.31,1856.0,1876.9,3354
2023-02-14 11:30:00,1879.9,1919.85,1850.0001,1893.85,7772
2023-02-14 12:30:00,1887.78,1935.18,1873.18,1917.53,4841
2023-02-14 13:30:00,1922.81,1943.27,1888.55,1916.68,3187
2023-02-14 14:30:00,1919.06,1953.22,1889.54,1923.0,7126
2023-02-14 15:30:00,1918.58,1955.28,1909.065,1931.0,8647
2023-02-15 09:30:00,1889.99,1914.89,1835.67,1872.98,3665
2023-02-15 10:30:00,1867.34,1904.63,1840.0,1857.86,8320
2023-02-15 11:30:00,1857.9,1897.5202,1831.89,1836.68,2087
2023-02-15 12:30:00,1840.99,1869.6273,1830.0601,1866.47,5302
2023-02-15 13:30:00,1861.34,1877.0,1850.0,1864.99,3606
2023-02-15 14:30:00,1867.9,1924.187,1850.0,1855.01,11532
2023-02-15 15:30:00,1876.51,1902.99,1872.28,1893.75,4059
2023-02-16 09:30:00,1898.09,1946.81,1839.37,1888.55,3137
2023-02-16 10:30:00,1875.12,1908.29,1852.9901,1878.2,1753
2023-02-16 11:30:00,1884.28,1900.0,1855.0,1880.005,1265
2023-02-16 12:30:00,1882.95,1920.59,1845.7401,1900.0,9003
2023-02-16 13:30:00,1919.68,1949.96,1873.41,1919.26,6917
2023-02-16 14:30:00,1920.26,1935.0,1860.68,1922.6485,3774
2023-02-16 15:30:00,1891.325,1922.65,1862.2,1879.39,4469
2023-02-17 09:30:00,1849.74,1878.15,1752.0,1795.38,13829
2023-02-17 10:30:00,1795.37,1830.7399,1763.41,1794.1,2090
2023-02-17 11:30:00,1788.74,1836.52,1775.66,1804.72,4794
2023-02-17 12:30:00,1813.74,1830.16,1780.9901,1795.69,3124
2023-02-17 13:30:00,1800.0,1824.05,1765.17,1798.63,4905
2023-02-17 14:30:00,1794.27,1837.28,1773.9901,1805.2001,8525
2023-02-17 15:30:00,1803.5001,1818.0,1775.21,1800.48,11536
2023-02-22 09:30:00,1799.98,1853.7499,1745.9115,1771.5,2735
2023-02-22 10:30:00,1772.4,1799.0,1760.0,1779.35,2529
2023-02-22 11:30:00,1778.09,1820.59,1761.0001,1786.285,5115
2023-02-22 12:30:00,1800.52,1832.45,1778.0,1788.81,5342
2023-02-22 13:30:00,1786.21,1814.07,1760.0101,1777.23,4986
2023-02-22 14:30:00,1773.5,1810.0085,1760.0,1780.01,5234
2023-02-22 15:30:00,1781.3975,1797.8599,1760.0,1793.15,8505
2023-02-23 09:30:00,1765.0,1842.685,1760.0001,1777.9763,6058
2023-02-23 10:30:00,1773.105,1780.37,1728.12,1739.13,5940
2023-02-23 11:30:00,1738.05,1779.87,1718.48,1754.4701,6408
2023-02-23 12:30:00,1741.25,1776.965,1732.15,1752.52,8126
2023-02-23 13:30:00,1735.65,1789.44,1734.2001,1772.28,7402
2023-02-23 14:30:00,1776.305,1792.35,1750.0,1778.57,8770
2023-02-23 15:30:00,1781.33,1791.715,1760.3,1769.94,7277
2023-02-24 09:30:00,1746.26,1798.41,1723.6815,1745.8801,8287
2023-02-24 10:30:00,1746.26,1777.39,1731.12,1770.39,6875
2023-02-24 11:30:00,1770.35,1798.41,1739.32,1757.93,12016
2023-02-24 12:30:00,1758.41,1790.67,1733.2501,1767.21,8548
2023-02-24 13:30:00,1762.75,1785.935,1749.19,1770.3,8783
2023-02-24 14:30:00,1770.69,1791.54,1740.6701,1766.07,12988
2023-02-24 15:30:00,1765.47,1778.61,1730.62,1759.52,6502
2023-02-27 09:30:00,1781.21,1831.56,1730.86,1806.465,4243
2023-02-27 10:30:00,1797.3127,1826.05,1752.8901,1795.895,4186
2023-02-27 11:30:00,1791.21,1831.48,1752.49,1803.43,4739
2023-02-27 12:30:00,1800.055,1827.73,1766.36,1789.6,5036
2023-02-27 13:30:00,1789.66,1810.0,1767.0,1793.9901,3811
2023-02-27 14:30:00,1795.75,1819.19,1767.0,1790.38,5762
2023-02-27 15:30:00,1783.69,1788.665,1770.86,1776.52,7243
2023-02-28 09:30:00,1789.2,1837.86,1751.22,1793.6,10140
2023-02-28 10:30:00,1787.21,1820.0,1765.5,1781.5399,9790
2023-02-28 11:30:00,1785.99,1811.09,1765.0001,1782.565,3661
2023-02-28 12:30:00,1770.05,1813.7377,1765.0,1790.0006,4806
2023-02-28 13:30:00,1790.04,1820.0,1765.0,1791.01,10532
2023-02-28 14:30:00,1786.85,1808.06,1770.0099,1785.9301,7945
2023-02-28 15:30:00,1789.88,1805.87,1765.02,1782.26,10504
2023-03-01 09:30:00,1791.48,1834.61,1742.89,1799.0,4333
2023-03-01 10:30:00,1790.05,1835.0,1765.05,1798.0999,3893
2023-03-01 11:30:00,1801.09,1820.0,1765.0,1795.01,5152
2023-03-01 12:30:00,1798.2,1805.91,1765.0,1788.93,4436
2023-03-01 13:30:00,1785.22,1817.85,1765.0001,1796.15,6373
2023-03-01 14:30:00,1793.34,1825.0,1766.68,1803.435,8501
2023-03-01 15:30:00,1803.0006,1814.9901,1771.17,1800.31,6212
2023-03-02 09:30:00,1792.74,1838.18,1770.0,1791.96,6259
2023-03-02 10:30:00,1797.9701,1835.48,1774.13,1802.0006,5851
2023-03-02 11:30:00,1810.38,1841.3099,1770.0,1808.98,7017
2023-03-02 12:30:00,1811.095,1833.345,1807.0,1825.9,4797
2023-03-02 13:30:00,1824.99,1849.9899,1809.95,1838.8901,5779
2023-03-02 14:30:00,1838.8794,1846.0,1812.46,1835.28,6616
2023-03-02 15:30:00,1834.07,1841.42,1803.73,1818.31,6187
2023-03-03 09:30:00,1796.59,1844.22,1764.06,1780.95,6292
2023-03-03 10:30:00,1796.58,1810.0,1765.0,1803.565,2952
2023-03-03 11:30:00,1803.26,1810.9901,1784.0,1803.71,3880
2023-03-03 12:30:00,1812.4501,1838.5899,1770.1929,1813.0,8158
2023-03-03 13:30:00,1811.92,1831.185,1800.83,1824.796,4010
2023-03-03 14:30:00,1824.92,1831.78,1796.67,1817.585,9100
2023-03-03 15:30:00,1817.585,1828.815,1797.895,1809.76,4594
2023-03-06 09:30:00,1794.64,1840.93,1747.85,1799.0,5319
2023-03-06 10:30:00,1799.0101,1823.3099,1780.0,1800.83,5966
2023-03-06 11:30:00,1799.22,1825.0,1785.0,1815.78,6578
2023-03-06 12:30:00,1819.04,1825.0,1801.12,1807.7,4481
2023-03-06 13:30:00,1805.83,1824.5197,1798.0,1820.4901,4742
2023-03-06 14:30:00,1820.01,1825.0,1799.78,1804.9801,6217
2023-03-06 15:30:00,1808.45,1825.0,1806.9899,1822.04,7159
2023-03-07 09:30:00,1824.63,1825.0,1750.54,1785.1599,7989
2023-03-07 10:30:00,1771.915,1802.065,1751.83,1775.495,21402
2023-03-07 11:30:00,1772.5399,1810.46,1760.02,1790.694,16531
2023-03-07 12:30:00,1787.15,1790.685,1766.03,1769.2,5399
2023-03-07 13:30:00,1770.78,1790.225,1760.0,1763.29,7747
2023-03-07 14:30:00,1768.08,1775.26,1730.13,1765.7003,13742
2023-03-07 15:30:00,1766.54,1784.41,1758.67,1774.35,4265
2023-03-08 09:30:00,1768.54,1800.5,1723.68,1778.0,11833
2023-03-08 10:30:00,1772.19,1800.36,1748.28,1780.895,16242
2023-03-08 11:30:00,1771.6,1783.31,1750.0001,1764.2901,12771
2023-03-08 12:30:00,1758.65,1776.97,1750.0001,1755.1099,3146
2023-03-08 13:30:00,1757.56,1789.3,1750.0,1773.9,7180
2023-03-08 14:30:00,1768.01,1800.06,1755.0,1765.28,7642
2023-03-08 15:30:00,1766.42,1786.14,1750.0,1781.46,5922
2023-03-09 09:30:00,1781.93,1834.0,1755.0001,1780.9501,9739
2023-03-09 10:30:00,1781.46,1820.68,1750.0,1774.63,4188
2023-03-09 11:30:00,1778.485,1795.22,1750.0101,1775.1096,3378
2023-03-09 12:30:00,1773.95,1800.0,1739.045,1763.26,3241
2023-03-09 13:30:00,1762.72,1800.65,1732.51,1752.0099,5856
2023-03-09 14:30:00,1751.04,1792.93,1719.87,1741.55,6037
2023-03-09 15:30:00,1739.51,1780.0,1723.6801,1746.35,4559
2023-03-10 09:30:00,1749.07,1774.905,1703.68,1735.49,5525
2023-03-10 10:30:00,1735.62,1770.0,1707.36,1749.62,5238
2023-03-10 11:30:00,1753.05,1783.6,1704.18,1720.0975,7459
2023-03-10 12:30:00,1731.065,1750.2,1697.87,1710.0,5233
2023-03-10 13:30:00,1710.16,1745.66,1690.9459,1699.04,5699
2023-03-10 14:30:00,1697.34,1741.92,1690.0,1699.69,7701
2023-03-10 15:30:00,1701.0,1710.89,1690.0,1704.0,6456
2023-03-13 09:30:00,1667.91,1739.24,1650.38,1704.27,6762
2023-03-13 10:30:00,1705.625,1752.84,1679.38,1726.54,6725
2023-03-13 11:30:00,1720.02,1731.365,1669.0101,1690.56,4866
2023-03-13 12:30:00,1682.0,1719.6899,1658.78,1685.9,2716
2023-03-13 13:30:00,1681.73,1727.29,1673.1301,1712.795,2110
2023-03-13 14:30:00,1699.7,1723.3,1665.0001,1675.55,4064
2023-03-13 15:30:00,1682.9,1700.66,1669.1,1677.91,7473
2023-04-25 09:30:00,1554.62,1573.05,1515.79,1533.8594,2563
2023-04-25 10:30:00,1534.38,1548.81,1501.945,1508.58,8990
2023-04-25 11:30:00,1514.32,1530.06,1500.35,1512.0,1661
2023-04-25 12:30:00,1514.82,1524.97,1487.45,1498.25,2929
2023-04-25 13:30:00,1502.27,1517.51,1482.77,1511.22,1646
2023-04-25 14:30:00,1509.27,1524.88,1491.3501,1505.4275,2275
2023-04-25 15:30:00,1505.37,1521.07,1496.145,1516.76,5007
2023-04-26 09:30:00,1519.9,1529.81,1460.69,1492.2,3539
2023-04-26 10:30:00,1489.59,1510.0,1478.01,1496.04,2287
2023-04-26 11:30:00,1504.0,1504.2,1481.9201,1488.0,2129
2023-04-26 12:30:00,1487.0,1499.48,1469.08,1478.07,2305
2023-04-26 13:30:00,1491.09,1491.09,1465.0001,1472.0,1491
2023-04-26 14:30:00,1478.08,1489.99,1465.0,1470.07,1656
2023-04-26 15:30:00,1471.36,1481.0,1465.02,1473.81,3984
2023-04-27 09:30:00,1475.11,1499.99,1467.35,1491.01,2939
2023-04-27 10:30:00,1480.52,1498.39,1451.0,1471.9,4084
2023-04-27 11:30:00,1472.19,1481.78,1450.0001,1450.0001,3541
2023-04-27 12:30:00,1458.0,1472.6799,1442.32,1470.625,7467
2023-04-27 13:30:00,1463.5,1479.78,1452.2,1472.794,2009
2023-04-27 14:30:00,1469.485,1486.79,1449.65,1460.11,15468
2023-04-27 15:30:00,1460.0,1481.36,1447.855,1450.03,8755
2023-04-28 09:30:00,1454.99,1497.21,1425.0101,1486.98,5613
2023-04-28 10:30:00,1488.69,1496.6499,1456.29,1485.0,2211
2023-04-28 11:30:00,1488.92,1512.2399,1462.65,1492.74,3348
2023-04-28 12:30:00,1495.52,1507.25,1485.0001,1493.0369,3408
2023-04-28 13:30:00,1493.27,1501.8899,1481.4601,1489.25,1056
2023-04-28 14:30:00,1490.0,1508.14,1470.27,1492.79,2751
2023-04-28 15:30:00,1491.45,1497.48,1472.47,1476.665,5103
2023-05-01 09:30:00,1468.52,1500.97,1435.7,1469.81,3692
2023-05-01 10:30:00,1470.9794,1485.91,1455.3,1477.55,3166
2023-05-01 11:30:00,1474.22,1494.11,1462.86,1488.7,1606
2023-05-01 12:30:00,1488.91,1499.88,1475.16,1487.01,2264
2023-05-01 13:30:00,1484.035,1499.89,1470.63,1485.94,1807
2023-05-01 14:30:00,1484.02,1492.142,1461.93,1475.68,4102
2023-05-01 15:30:00,1475.29,1493.12,1474.38,1482.77,4184
2023-05-02 09:30:00,1451.48,1475.17,1428.8646,1439.37,6679
2023-05-02 10:30:00,1442.0,1459.04,1426.01,1434.56,2730
2023-05-02 11:30:00,1436.83,1453.18,1422.94,1430.11,3163
2023-05-02 12:30:00,1425.0,1453.53,1423.0,1437.22,1455
2023-05-02 13:30:00,1437.0,1453.02,1424.5,1432.67,2473
2023-05-02 14:30:00,1433.0,1448.32,1424.5001,1434.48,3238
2023-05-02 15:30:00,1434.48,1442.96,1424.5,1432.63,6044
2023-05-03 09:30:00,1417.83,1453.63,1410.05,1424.42,4900
2023-05-03 10:30:00,1423.4,1435.41,1410.04,1420.462,3315
2023-05-03 11:30:00,1416.55,1435.79,1405.9,1435.05,5458
2023-05-03 12:30:00,1435.5699,1436.31,1421.0,1432.17,3377
2023-05-03 13:30:00,1432.465,1445.19,1420.0,1442.565,2597
2023-05-03 14:30:00,1442.725,1451.44,1420.07,1430.89,8575
2023-05-03 15:30:00,1430.69,1439.83,1422.86,1422.86,8609
2023-05-04 09:30:00,1433.405,1445.0,1379.33,1387.29,8292
2023-05-04 10:30:00,1382.22,1414.7,1381.4301,1399.73,5413
2023-05-04 11:30:00,1400.045,1412.76,1381.34,1403.0,4662
2023-05-04 12:30:00,1403.655,1419.99,1390.3,1405.8,5878
2023-05-04 13:30:00,1405.8,1418.35,1391.98,1391.98,4103
2023-05-04 14:30:00,1394.0,1405.14,1383.66,1391.37,6207
2023-05-04 15:30:00,1391.22,1402.65,1380.19,1392.46,5282
2023-05-05 09:30:00,1422.98,1454.36,1389.45,1389.45,6807
2023-05-05 10:30:00,1406.36,1424.29,1385.57,1401.4499,2757
2023-05-05 11:30:00,1399.2,1410.56,1384.235,1395.0,4803
2023-05-05 12:30:00,1393.7,1409.9699,1387.0901,1399.95,4099
2023-05-05 13:30:00,1396.12,1409.94,1390.61,1398.08,4532
2023-05-05 14:30:00,1396.06,1420.5885,1396.06,1407.69,5160
2023-05-05 15:30:00,1408.27,1417.2799,1400.0,1415.2699,5860
2023-05-08 09:30:00,1444.2,1470.2999,1412.0001,1430.35,6744
2023-05-08 10:30:00,1422.99,1446.12,1415.0,1417.64,4163
2023-05-08 11:30:00,1417.92,1425.23,1400.63,1402.78,3719
2023-05-08 12:30:00,1405.2,1425.19,1391.78,1410.135,3334
2023-05-08 13:30:00,1409.31,1424.25,1389.405,1395.97,11157
2023-05-08 14:30:00,1388.89,1419.86,1388.89,1411.2804,6981
2023-05-08 15:30:00,1409.77,1423.99,1394.2301,1408.25,5120
2023-05-09 09:30:00,1398.99,1424.89,1378.9101,1398.5,4075
2023-05-09 10:30:00,1399.9999,1408.672,1375.0,1389.85,6025
2023-05-09 11:30:00,1389.845,1400.435,1379.7101,1384.195,3967
2023-05-09 12:30:00,1386.92,1410.05,1375.0001,1403.06,4493
2023-05-09 13:30:00,1401.12,1405.0,1384.2401,1398.01,2087
2023-05-09 14:30:00,1396.77,1404.9999,1386.95,1397.98,5413
2023-05-09 15:30:00,1397.0,1404.61,1393.99,1393.99,8520
2023-05-10 09:30:00,1402.16,1424.9,1377.68,1391.0,6906
2023-05-10 10:30:00,1393.0,1424.86,1383.9,1406.76,4543
2023-05-10 11:30:00,1402.25,1408.79,1384.01,1402.44,1496
2023-05-10 12:30:00,1398.11,1407.95,1379.56,1382.0,893
2023-05-10 13:30:00,1383.265,1399.9699,1370.54,1389.98,1111
2023-05-10 14:30:00,1388.6697,1401.91,1386.01,1392.27,2417
2023-05-10 15:30:00,1393.52,1399.2699,1382.3301,1386.2,3685
2023-05-11 09:30:00,1373.845,1390.61,1355.53,1370.86,2150
2023-05-11 10:30:00,1368.0,1390.75,1356.7,1370.32,896
2023-05-11 11:30:00,1376.29,1382.4526,1360.0401,1374.0175,2400
2023-05-11 12:30:00,1387.1485,1387.1485,1355.02,1364.06,3037
2023-05-11 13:30:00,1365.26,1366.546,1350.0101,1359.04,1631
2023-05-11 14:30:00,1359.53,1382.31,1354.8501,1368.5,1859
2023-05-11 15:30:00,1366.28,1380.0,1360.025,1365.22,4686
2023-05-12 09:30:00,1382.26,1400.0,1367.02,1382.29,1252
2023-05-12 10:30:00,1376.6801,1394.8499,1358.6,1376.62,767
2023-05-12 11:30:00,1373.215,1381.52,1350.0,1364.5,1182
2023-05-12 12:30:00,1365.96,1381.4171,1350.04,1369.955,1033
2023-05-12 13:30:00,1367.365,1385.0,1350.0,1369.78,1175
2023-05-12 14:30:00,1369.02,1384.9885,1354.47,1370.77,2977
2023-05-12 15:30:00,1367.1359,1381.9699,1358.8398,1366.83,4153
2023-05-15 09:30:00,1371.27,1399.9985,1351.27,1375.15,2321
2023-05-15 10:30:00,1374.529,1393.92,1361.01,1372.08,1728
2023-05-15 11:30:00,1371.73,1380.5699,1354.74,1365.5,2781
2023-05-15 12:30:00,1367.9,1387.76,1362.4,1372.35,1404
2023-05-15 13:30:00,1367.23,1374.62,1360.71,1369.77,2171
2023-05-15 14:30:00,1369.08,1391.118,1365.735,1381.0,3828
2023-05-15 15:30:00,1381.0,1382.74,1368.08,1381.32,6937
2023-05-16 09:30:00,1367.69,1378.51,1333.33,1345.12,4144
2023-05-16 10:30:00,1345.34,1353.99,1331.02,1339.335,2702
2023-05-16 11:30:00,1339.51,1348.24,1324.63,1326.4,3120
2023-05-16 12:30:00,1326.65,1348.95,1315.4,1332.0,2421
2023-05-16 13:30:00,1335.26,1349.05,1323.6,1336.48,1895
2023-05-16 14:30:00,1334.46,1336.0,1318.99,1329.49,2979
2023-05-16 15:30:00,1328.32,1337.0,1324.605,1332.75,8839
2023-05-17 09:30:00,1332.07,1350.78,1312.33,1344.475,3022
2023-05-17 10:30:00,1340.19,1346.77,1325.0,1344.2,2619
2023-05-17 11:30:00,1345.36,1360.3,1338.79,1354.22,1256
2023-05-17 12:30:00,1350.48,1366.67,1349.27,1360.78,2373
2023-05-17 13:30:00,1359.965,1366.58,1345.3113,1348.58,1405
2023-05-17 14:30:00,1351.4,1362.29,1348.5701,1355.93,2208
2023-05-17 15:30:00,1354.3,1358.33,1342.68,1354.7,5774
2023-05-18 09:30:00,1345.79,1361.9,1323.05,1344.32,2258
2023-05-18 10:30:00,1344.32,1364.06,1332.79,1348.465,1102
2023-05-18 11:30:00,1355.0,1363.3,1335.0101,1344.055,1848
2023-05-18 12:30:00,1348.45,1359.1169,1334.22,1345.765,1829
2023-05-18 13:30:00,1342.39,1353.25,1334.15,1345.32,965
2023-05-18 14:30:00,1344.59,1361.7899,1333.9501,1347.74,1762
2023-05-18 15:30:00,1349.08,1365.41,1340.41,1352.43,4630
2023-05-19 09:30:00,1375.0,1399.47,1351.8121,1374.41,5036
2023-05-19 10:30:00,1371.12,1385.0,1356.9901,1363.115,3659
2023-05-19 11:30:00,1354.3501,1377.2099,1339.2,1345.75,4310
2023-05-19 12:30:00,1343.9,1360.3399,1338.68,1347.33,2081
2023-05-19 13:30:00,1340.6,1354.35,1326.0,1333.22,4027
2023-05-19 14:30:00,1332.01,1348.14,1326.09,1331.98,8584
2023-05-19 15:30:00,1331.98,1353.15,1331.93,1344.94,7104
2023-05-22 09:30:00,1340.0,1376.5399,1329.48,1369.02,3066
2023-05-22 10:30:00,1371.53,1376.54,1352.48,1364.265,2413
2023-05-22 11:30:00,1364.255,1376.54,1352.27,1371.35,1832
2023-05-22 12:30:00,1371.35,1376.54,1364.25,1369.8,1561
2023-05-22 13:30:00,1371.26,1376.53,1364.25,1366.12,1561
2023-05-22 14:30:00,1370.38,1376.4799,1364.25,1373.0,3963
2023-05-22 15:30:00,1372.69,1375.47,1361.555,1362.27,5833
2023-05-23 09:30:00,1365.57,1397.58,1347.25,1369.69,2768
2023-05-23 10:30:00,1372.17,1381.51,1356.02,1367.93,2212
2023-05-23 11:30:00,1369.14,1379.0,1354.0758,1366.0,1086
2023-05-23 12:30:00,1365.74,1374.0,1355.01,1362.27,1112
2023-05-23 13:30:00,1361.0767,1375.96,1344.62,1353.41,2281
2023-05-23 14:30:00,1354.17,1363.7,1339.02,1350.84,1523
2023-05-23 15:30:00,1350.99,1364.11,1345.66,1352.67,5357
2023-07-25 09:30:00,1495.09,1504.99,1462.02,1499.41,2886
2023-07-25 10:30:00,1484.54,1505.0,1484.54,1500.97,2486
2023-07-25 11:30:00,1500.0,1505.0,1496.21,1503.55,2237
2023-07-25 12:30:00,1502.5,1520.5699,1500.02,1517.13,2492
2023-07-25 13:30:00,1517.13,1525.0,1498.19,1509.08,1319
2023-07-25 14:30:00,1513.36,1521.3399,1501.26,1511.82,3421
2023-07-25 15:30:00,1513.98,1521.3399,1509.36,1517.96,4476
2023-07-26 09:30:00,1493.0,1511.075,1473.63,1493.0,2680
2023-07-26 10:30:00,1499.02,1521.62,1481.7201,1517.02,3010
2023-07-26 11:30:00,1514.3809,1524.99,1482.83,1512.87,1590
2023-07-26 12:30:00,1513.69,1518.5899,1495.0101,1503.02,1215
2023-07-26 13:30:00,1503.31,1512.86,1495.0,1502.0,3010
2023-07-26 14:30:00,1501.04,1522.2399,1496.25,1508.8,5241
2023-07-26 15:30:00,1506.06,1514.76,1500.8101,1504.61,3513
2023-07-27 09:30:00,1523.74,1553.5,1495.0,1515.97,4003
2023-07-27 10:30:00,1518.36,1543.83,1495.0001,1506.02,3227
2023-07-27 11:30:00,1505.1,1531.52,1495.57,1515.3001,2287
2023-07-27 12:30:00,1520.78,1532.7099,1500.0,1508.0,1915
2023-07-27 13:30:00,1510.82,1515.47,1476.4401,1487.25,2050
2023-07-27 14:30:00,1488.25,1511.09,1472.47,1495.0,4309
2023-07-27 15:30:00,1497.025,1506.63,1477.57,1501.92,2892
2023-07-28 09:30:00,1498.01,1524.37,1453.2201,1501.845,1846
2023-07-28 10:30:00,1506.06,1525.26,1481.1601,1499.44,1355
2023-07-28 11:30:00,1505.695,1517.12,1488.82,1495.81,991
2023-07-28 12:30:00,1493.605,1505.4799,1469.5301,1505.4799,1821
2023-07-28 13:30:00,1495.985,1505.49,1473.9,1502.71,1562
2023-07-28 14:30:00,1504.08,1512.1991,1495.095,1502.26,1836
2023-07-28 15:30:00,1503.96,1512.57,1499.965,1501.88,3979
2023-07-31 09:30:00,1520.22,1547.3585,1518.22,1540.26,3808
2023-07-31 10:30:00,1538.4685,1550.0,1515.0,1528.0,2797
2023-07-31 11:30:00,1529.99,1543.55,1515.0,1527.3,1363
2023-07-31 12:30:00,1536.26,1543.67,1515.0101,1530.33,1498
2023-07-31 13:30:00,1525.97,1536.38,1515.0,1523.295,1008
2023-07-31 14:30:00,1522.01,1539.39,1515.0001,1518.0,1849
2023-07-31 15:30:00,1518.19,1521.37,1503.91,1510.24,9693
2023-08-01 09:30:00,1495.53,1532.9,1461.71,1476.39,5371
2023-08-01 10:30:00,1475.015,1480.28,1451.0,1470.0,3567
2023-08-01 11:30:00,1454.6291,1494.19,1454.6291,1473.83,2042
2023-08-01 12:30:00,1479.38,1492.78,1464.39,1481.49,1922
2023-08-01 13:30:00,1481.0,1498.38,1470.68,1485.3,2108
2023-08-01 14:30:00,1483.96,1501.9785,1482.0015,1487.56,2262
2023-08-01 15:30:00,1489.0,1501.5699,1482.0,1489.21,2676
2023-08-02 09:30:00,1536.92,1541.76,1462.64,1515.0,6703
2023-08-02 10:30:00,1511.0,1519.0999,1475.0001,1497.45,2661
2023-08-02 11:30:00,1497.78,1513.07,1475.0,1482.7,1810
2023-08-02 12:30:00,1486.27,1506.28,1477.875,1480.49,1929
2023-08-02 13:30:00,1493.33,1496.6799,1475.0001,1480.0,1981
2023-08-02 14:30:00,1480.03,1493.07,1457.53,1469.2,4714
2023-08-02 15:30:00,1469.06,1486.9199,1460.0001,1470.21,9422
2023-08-03 09:30:00,1504.3,1550.0,1474.0,1529.17,2579
2023-08-03 10:30:00,1523.31,1563.37,1508.0,1554.185,9245
2023-08-03 11:30:00,1554.185,1589.28,1552.01,1582.12,5199
2023-08-03 12:30:00,1588.81,1631.09,1578.73,1615.0,4707
2023-08-03 13:30:00,1612.71,1626.14,1590.5401,1600.16,3751
2023-08-03 14:30:00,1602.86,1622.155,1594.35,1611.01,3190
2023-08-03 15:30:00,1612.31,1619.11,1604.465,1618.98,7292
2023-08-04 09:30:00,1612.0,1663.35,1598.06,1657.92,7913
2023-08-04 10:30:00,1657.495,1715.0,1643.09,1714.71,6325
2023-08-04 11:30:00,1706.605,1761.8,1690.09,1750.7,6674
2023-08-04 12:30:00,1750.7,1761.34,1695.425,1709.0,4703
2023-08-04 13:30:00,1705.935,1710.1,1670.0,1698.87,6100
2023-08-04 14:30:00,1707.88,1707.88,1657.21,1687.21,7906
2023-08-04 15:30:00,1684.49,1731.4799,1676.35,1717.76,18216
2023-08-07 09:30:00,1713.28,1743.0,1684.58,1724.5,3128
2023-08-07 10:30:00,1719.91,1742.96,1707.5801,1735.0,6679
2023-08-07 11:30:00,1742.8899,1749.3,1722.29,1734.0,2946
2023-08-07 12:30:00,1732.15,1769.43,1722.7401,1764.1668,3357
2023-08-07 13:30:00,1761.48,1779.15,1739.87,1742.61,3609
2023-08-07 14:30:00,1743.46,1762.08,1731.15,1741.28,6304
2023-08-07 15:30:00,1744.56,1755.45,1733.32,1746.12,7724
2023-08-08 09:30:00,1720.83,1741.295,1697.6,1716.17,4982
2023-08-08 10:30:00,1720.435,1734.99,1701.17,1708.04,2985
2023-08-08 11:30:00,1709.98,1743.2299,1696.13,1732.65,2998
2023-08-08 12:30:00,1732.7,1764.7699,1719.53,1752.16,2582
2023-08-08 13:30:00,1743.83,1777.7699,1733.75,1764.11,2236
2023-08-08 14:30:00,1764.2,1780.44,1752.61,1763.56,5004
2023-08-08 15:30:00,1765.6,1776.84,1746.04,1766.0,4942
2023-08-09 09:30:00,1780.8,1800.0,1759.56,1784.68,5031
2023-08-09 10:30:00,1791.22,1800.0,1765.52,1778.52,2057
2023-08-09 11:30:00,1777.1,1799.64,1747.74,1783.5,4604
2023-08-09 12:30:00,1783.57,1800.0,1775.01,1787.5,1250
2023-08-09 13:30:00,1794.0,1800.0,1775.0,1789.345,1553
2023-08-09 14:30:00,1786.0,1800.0,1775.0,1789.01,3406
2023-08-09 15:30:00,1788.02,1800.0,1775.4401,1781.99,8122
2023-08-10 09:30:00,1800.0,1835.0,1774.228,1818.69,5490
2023-08-10 10:30:00,1818.49,1836.8899,1788.89,1808.68,3456
2023-08-10 11:30:00,1814.825,1841.79,1807.6,1815.03,2407
2023-08-10 12:30:00,1819.535,1830.05,1788.27,1798.75,3242
2023-08-10 13:30:00,1800.23,1821.01,1788.81,1814.57,3648
2023-08-10 14:30:00,1799.18,1834.9999,1799.18,1820.68,3945
2023-08-10 15:30:00,1819.75,1832.0,1802.61,1820.32,5212
2023-08-11 09:30:00,1831.72,1888.05,1789.04,1874.01,3796
2023-08-11 10:30:00,1869.47,1902.3799,1848.0,1884.65,2852
2023-08-11 11:30:00,1885.44,1915.0899,1870.6,1898.0,2207
2023-08-11 12:30:00,1893.63,1922.62,1886.31,1911.79,1801
2023-08-11 13:30:00,1920.87,1922.63,1901.95,1910.62,2892
2023-08-11 14:30:00,1906.5,1926.0,1900.0001,1905.37,3316
2023-08-11 15:30:00,1905.02,1910.77,1857.34,1878.81,11842
2023-08-14 09:30:00,1877.34,1899.99,1844.96,1869.15,2731
2023-08-14 10:30:00,1863.75,1879.57,1845.01,1872.9,1659
2023-08-14 11:30:00,1873.36,1918.1,1865.0,1899.39,2170
2023-08-14 12:30:00,1896.7575,1921.54,1861.4,1896.275,8184
2023-08-14 13:30:00,1898.598,1915.54,1860.99,1880.055,2028
2023-08-14 14:30:00,1876.97,1899.49,1858.3601,1883.51,2761
2023-08-14 15:30:00,1883.375,1895.9699,1859.64,1879.69,5663
2023-08-15 09:30:00,1875.0,1899.99,1840.01,1863.3,5633
2023-08-15 10:30:00,1863.24,1882.32,1829.5248,1849.0,8041
2023-08-15 11:30:00,1838.36,1850.0,1821.64,1834.415,4512
2023-08-15 12:30:00,1824.83,1859.5,1824.83,1842.51,2227
2023-08-15 13:30:00,1855.97,1860.0,1838.8001,1859.59,958
2023-08-15 14:30:00,1858.64,1880.3799,1843.34,1865.06,2819
2023-08-15 15:30:00,1855.73,1874.33,1848.79,1850.67,6294
2023-08-16 09:30:00,1846.55,1891.1799,1833.0,1873.38,3393
2023-08-16 10:30:00,1868.74,1905.7699,1846.6,1881.62,2807
2023-08-16 11:30:00,1878.25,1910.65,1855.9701,1886.95,2953
2023-08-16 12:30:00,1879.31,1896.67,1847.66,1879.8899,1183
2023-08-16 13:30:00,1864.96,1894.08,1860.52,1889.78,1656
2023-08-16 14:30:00,1879.8,1909.22,1852.05,1860.67,4464
2023-08-16 15:30:00,1860.02,1872.85,1853.15,1861.105,3635
2023-08-17 09:30:00,1891.07,1910.0,1867.7435,1900.0,5415
2023-08-17 10:30:00,1893.775,1924.0,1886.7781,1921.41,5232
2023-08-17 11:30:00,1921.264,1936.2,1890.03,1914.49,4596
2023-08-17 12:30:00,1914.9,1921.0,1900.0,1906.51,2303
2023-08-17 13:30:00,1911.0,1924.5,1902.12,1909.175,2149
2023-08-17 14:30:00,1909.06,1919.69,1905.0,1906.0,2618
2023-08-17 15:30:00,1918.28,1919.69,1905.0,1916.94,5381
2023-08-18 09:30:00,1910.99,1924.53,1837.1,1853.75,10588
2023-08-18 10:30:00,1850.7948,1882.834,1841.53,1872.43,5342
2023-08-18 11:30:00,1876.61,1881.91,1864.75,1874.08,2614
2023-08-18 12:30:00,1876.49,1882.46,1862.49,1871.115,2413
2023-08-18 13:30:00,1870.01,1895.57,1868.035,1881.03,2655
2023-08-18 14:30:00,1883.86,1908.92,1879.13,1901.7589,3242
2023-08-18 15:30:00,1900.87,1914.98,1894.47,1903.34,5287
2023-08-21 09:30:00,1923.37,1950.0,1888.1001,1905.52,4992
2023-08-21 10:30:00,1913.13,1930.0,1873.11,1897.75,1727
2023-08-21 11:30:00,1901.27,1925.43,1877.66,1893.91,4401
2023-08-21 12:30:00,1895.305,1904.95,1865.0,1874.85,4550
2023-08-21 13:30:00,1867.3673,1893.6799,1843.95,1870.025,2720
2023-08-21 14:30:00,1862.78,1913.8,1860.0,1894.39,1666
2023-08-21 15:30:00,1895.89,1918.51,1865.0,1883.88,8965
2023-08-22 09:30:00,1889.07,1915.16,1851.4,1879.31,2605
2023-08-22 10:30:00,1888.73,1911.32,1875.01,1894.05,2159
2023-08-22 11:30:00,1890.0,1914.21,1881.93,1907.52,1927
2023-08-22 12:30:00,1906.0,1921.49,1890.08,1897.74,2262
2023-08-22 13:30:00,1897.74,1912.84,1878.6701,1886.4,1535
2023-08-22 14:30:00,1895.205,1903.8,1876.85,1886.44,1502
2023-08-22 15:30:00,1884.17,1898.62,1861.82,1880.87,5280
2023-10-18 09:30:00,1953.09,1997.0067,1892.0,1953.04,6461
2023-10-18 10:30:00,1956.97,1999.0,1926.2,1973.96,3536
2023-10-18 11:30:00,1971.96,1998.9999,1930.0,1963.47,1605
2023-10-18 12:30:00,1960.32,1999.0,1939.89,1977.98,2024
2023-10-18 13:30:00,1976.7075,1999.0,1932.37,1968.29,4985
2023-10-18 14:30:00,1967.78,1999.0,1939.51,1977.65,6774
2023-10-18 15:30:00,1980.25,1997.9999,1947.083,1981.0,4827
2023-10-19 09:30:00,1969.8,1999.0,1920.0,1953.69,10653
2023-10-19 10:30:00,1954.19,1987.19,1915.93,1956.11,2962
2023-10-19 11:30:00,1956.0,1997.9999,1928.77,1962.0,3019
2023-10-19 12:30:00,1961.8,1997.9999,1932.4501,1969.4,3705
2023-10-19 13:30:00,1970.5,1999.0,1932.45,1944.68,4727
2023-10-19 14:30:00,1952.3,1987.86,1921.4033,1963.96,6084
2023-10-19 15:30:00,1963.0,1967.5,1928.87,1964.16,3906
2023-10-20 09:30:00,1941.0,1966.13,1880.9933,1920.94,9608
2023-10-20 10:30:00,1916.02,1956.55,1894.09,1940.0,7067
2023-10-20 11:30:00,1940.0,1971.025,1901.1,1925.0,4987
2023-10-20 12:30:00,1951.0,1952.07,1914.01,1949.9999,3498
2023-10-20 13:30:00,1933.0,1945.0,1892.9,1930.41,3647
2023-10-20 14:30:00,1925.13,1935.91,1886.0101,1921.05,9090
2023-10-20 15:30:00,1923.48,1940.0,1908.005,1915.26,3196
2023-10-23 09:30:00,1885.2,1946.2,1830.0,1881.815,14269
2023-10-23 10:30:00,1893.52,1930.0,1863.18,1890.3,6932
2023-10-23 11:30:00,1894.11,1929.9999,1848.99,1873.21,5028
2023-10-23 12:30:00,1881.0,1884.95,1842.04,1855.99,3471
2023-10-23 13:30:00,1855.0,1895.24,1844.39,1851.8,5013
2023-10-23 14:30:00,1856.38,1887.5,1845.7,1868.71,5233
2023-10-23 15:30:00,1867.08,1881.015,1852.16,1856.31,7217
2023-10-24 09:30:00,1865.0,1931.75,1825.0,1847.01,11744
2023-10-24 10:30:00,1846.01,1870.21,1799.7201,1842.92,11696
2023-10-24 11:30:00,1849.92,1876.8899,1807.12,1837.28,3945
2023-10-24 12:30:00,1837.04,1870.61,1816.685,1839.05,4021
2023-10-24 13:30:00,1841.95,1853.97,1812.64,1835.91,4816
2023-10-24 14:30:00,1837.9,1870.51,1818.54,1830.0,9610
2023-10-24 15:30:00,1832.25,1863.78,1809.72,1809.84,10827
2023-10-25 09:30:00,1805.0,1849.06,1778.53,1810.85,3710
2023-10-25 10:30:00,1806.9,1851.18,1786.0,1817.285,6125
2023-10-25 11:30:00,1816.6,1845.0,1796.5101,1845.0,5128
2023-10-25 12:30:00,1830.17,1844.98,1805.0001,1835.93,3113
2023-10-25 13:30:00,1832.25,1853.005,1821.5,1844.75,4840
2023-10-25 14:30:00,1844.33,1872.51,1842.0,1851.78,3351
2023-10-25 15:30:00,1856.25,1890.12,1841.03,1858.87,8101
2023-10-26 09:30:00,1847.01,1907.52,1804.49,1856.835,8209
2023-10-26 10:30:00,1862.0,1906.14,1822.84,1849.8,4921
2023-10-26 11:30:00,1849.5,1882.5,1805.56,1845.04,3467
2023-10-26 12:30:00,1854.185,1884.5,1802.4001,1802.4001,6739
2023-10-26 13:30:00,1800.57,1864.76,1795.57,1850.285,3486
2023-10-26 14:30:00,1844.19,1880.99,1821.66,1854.97,9815
2023-10-26 15:30:00,1856.91,1871.99,1823.63,1852.71,7980
2023-10-27 09:30:00,1845.48,1880.7,1793.56,1815.8,4078
2023-10-27 10:30:00,1815.0,1849.48,1771.79,1818.5,4228
2023-10-27 11:30:00,1818.07,1861.8,1785.2001,1815.76,5976
2023-10-27 12:30:00,1821.55,1841.0999,1771.34,1802.9,3939
2023-10-27 13:30:00,1802.83,1836.18,1771.4,1815.43,1688
2023-10-27 14:30:00,1819.17,1843.0,1771.67,1813.64,5619
2023-10-27 15:30:00,1815.0,1832.73,1790.41,1816.61,4860
2023-10-30 09:30:00,1829.62,1892.0,1780.35,1827.51,11540
2023-10-30 10:30:00,1827.52,1868.5,1789.8,1824.0,4974
2023-10-30 11:30:00,1824.66,1861.12,1811.5,1818.84,4244
2023-10-30 12:30:00,1819.6,1847.0504,1782.74,1815.05,6458
2023-10-30 13:30:00,1816.29,1848.7599,1801.225,1828.2,7651
2023-10-30 14:30:00,1829.7,1856.65,1796.23,1824.06,3457
2023-10-30 15:30:00,1840.0,1857.99,1814.145,1833.43,6836
2023-10-31 09:30:00,1831.12,1867.02,1812.88,1850.01,7351
2023-10-31 10:30:00,1850.0,1867.0,1816.61,1864.93,1459
2023-10-31 11:30:00,1861.64,1907.9599,1830.9001,1895.56,4358
2023-10-31 12:30:00,1865.91,1900.9599,1835.9,1856.0,4015
2023-10-31 13:30:00,1857.58,1893.97,1824.36,1845.08,2001
2023-10-31 14:30:00,1847.57,1870.0,1823.49,1853.415,1359
2023-10-31 15:30:00,1853.415,1859.81,1835.25,1846.99,5823
2023-11-01 09:30:00,1873.2,1906.86,1780.9,1885.865,17276
2023-11-01 10:30:00,1867.04,1903.1,1840.87,1864.0,6603
2023-11-01 11:30:00,1862.0,1906.97,1841.325,1878.0,7007
2023-11-01 12:30:00,1879.28,1910.9,1843.49,1880.71,6396
2023-11-01 13:30:00,1881.4,1886.365,1828.3401,1863.1,9931
2023-11-01 14:30:00,1862.3,1899.6799,1821.3901,1858.59,25744
2023-11-01 15:30:00,1856.84,1888.04,1841.21,1843.7,8817
2023-11-02 09:30:00,1840.8,1909.9,1801.1001,1856.165,12654
2023-11-02 10:30:00,1858.27,1879.0,1830.0,1859.84,3861
2023-11-02 11:30:00,1860.18,1891.88,1842.0,1844.79,4838
2023-11-02 12:30:00,1848.0,1860.17,1793.64,1819.81,3710
2023-11-02 13:30:00,1823.4,1863.5799,1793.59,1839.56,3116
2023-11-02 14:30:00,1832.8,1842.58,1772.83,1798.925,7117
2023-11-02 15:30:00,1801.18,1819.23,1786.44,1801.95,8591
2023-11-03 09:30:00,1795.29,1848.59,1775.0,1821.99,8809
2023-11-03 10:30:00,1820.765,1856.8,1811.765,1836.3,9335
2023-11-03 11:30:00,1840.34,1850.0,1820.41,1839.49,4680
2023-11-03 12:30:00,1840.06,1864.99,1821.43,1829.75,1760
2023-11-03 13:30:00,1829.55,1832.6,1788.44,1811.24,1778
2023-11-03 14:30:00,1810.975,1829.59,1779.32,1800.0,3414
2023-11-03 15:30:00,1799.92,1811.11,1779.32,1800.57,6023
2023-11-06 09:30:00,1819.7,1885.92,1810.0,1817.16,5310
2023-11-06 10:30:00,1817.01,1854.16,1775.0,1803.7,7023
2023-11-06 11:30:00,1803.69,1819.505,1752.75,1776.4,7355
2023-11-06 12:30:00,1777.03,1807.64,1758.56,1778.84,2885
2023-11-06 13:30:00,1778.22,1791.73,1750.227,1762.86,4179
2023-11-06 14:30:00,1766.14,1800.37,1750.0,1763.72,6293
2023-11-06 15:30:00,1764.57,1800.36,1755.0,1757.47,9131
2023-11-07 09:30:00,1747.0,1834.35,1653.71,1682.0,11255
2023-11-07 10:30:00,1686.0,1740.74,1669.15,1704.4,4744
2023-11-07 11:30:00,1699.17,1733.91,1678.4,1688.0,1714
2023-11-07 12:30:00,1691.895,1720.08,1669.9001,1696.48,1586
2023-11-07 13:30:00,1692.25,1730.0,1680.25,1719.0,6454
2023-11-07 14:30:00,1712.52,1755.4,1689.2,1710.93,1944
2023-11-07 15:30:00,1711.36,1722.78,1691.165,1701.51,4946
2023-11-08 09:30:00,1702.29,1787.13,1650.0,1665.165,8523
2023-11-08 10:30:00,1660.31,1686.0,1642.68,1666.0,6148
2023-11-08 11:30:00,1664.5,1673.55,1650.0,1654.11,2182
2023-11-08 12:30:00,1652.07,1691.62,1650.0,1654.925,4108
2023-11-08 13:30:00,1655.32,1685.0,1652.4,1664.655,5241
2023-11-08 14:30:00,1662.0,1680.8167,1635.6,1651.81,5246
2023-11-08 15:30:00,1652.39,1661.0,1635.6001,1652.84,5642
2023-11-09 09:30:00,1653.27,1735.8,1600.14,1657.82,8901
2023-11-09 10:30:00,1659.6,1681.89,1610.51,1634.88,8432
2023-11-09 11:30:00,1633.215,1664.4699,1607.5501,1658.076,5897
2023-11-09 12:30:00,1638.71,1661.82,1623.705,1636.54,11421
2023-11-09 13:30:00,1636.2,1658.36,1607.46,1644.415,12082
2023-11-09 14:30:00,1646.34,1680.86,1620.14,1658.21,15187
2023-11-09 15:30:00,1660.28,1671.405,1642.71,1655.83,8356
2023-11-10 09:30:00,1676.0,1724.5,1593.59,1658.88,5754
2023-11-10 10:30:00,1654.18,1682.32,1618.47,1644.0,1434
2023-11-10 11:30:00,1645.0,1675.71,1613.05,1643.41,551
2023-11-10 12:30:00,1643.0,1682.39,1613.06,1649.28,1765
2023-11-10 13:30:00,1654.32,1682.39,1613.08,1636.0,1740
2023-11-10 14:30:00,1638.28,1645.075,1622.77,1633.25,1268
2023-11-10 15:30:00,1638.48,1658.36,1614.2501,1641.0,7076
2023-11-13 09:30:00,1646.76,1724.62,1631.685,1671.14,4045
2023-11-13 10:30:00,1671.14,1708.16,1652.11,1678.93,1961
2023-11-13 11:30:00,1679.0,1708.16,1639.04,1667.07,1696
2023-11-13 12:30:00,1661.36,1677.97,1632.05,1662.97,878
2023-11-13 13:30:00,1661.03,1675.0,1632.06,1664.32,2287
2023-11-13 14:30:00,1659.149,1675.0,1637.06,1647.805,2027
2023-11-13 15:30:00,1655.01,1674.5,1649.7,1659.03,6003
2023-11-14 09:30:00,1646.13,1736.62,1608.42,1706.39,3117
2023-11-14 10:30:00,1705.93,1756.879,1670.0,1729.03,3445
2023-11-14 11:30:00,1727.54,1760.1896,1700.39,1724.84,1787
2023-11-14 12:30:00,1719.15,1754.1,1700.3901,1718.7,864
2023-11-14 13:30:00,1717.4,1745.45,1700.39,1713.085,1838
2023-11-14 14:30:00,1717.6,1745.45,1700.39,1712.29,1658
2023-11-14 15:30:00,1710.25,1716.995,1699.12,1703.95,4163
2023-11-15 09:30:00,1700.2,1750.0,1690.37,1721.77,4200
2023-11-15 10:30:00,1716.0,1749.67,1704.4101,1708.72,2432
2023-11-15 11:30:00,1705.71,1726.21,1696.595,1719.395,2527
2023-11-15 12:30:00,1703.91,1732.37,1687.28,1694.43,1683
2023-11-15 13:30:00,1707.82,1725.91,1675.55,1695.12,1340
2023-11-15 14:30:00,1696.71,1725.188,1675.49,1682.745,2365
2023-11-15 15:30:00,1682.745,1705.38,1662.37,1678.82,5195
2023-11-16 09:30:00,1663.0,1723.0,1615.8401,1638.92,3262
2023-11-16 10:30:00,1647.74,1679.69,1610.0,1636.55,1700
2023-11-16 11:30:00,1642.235,1674.47,1602.88,1627.15,1952
2023-11-16 12:30:00,1627.384,1654.49,1588.26,1606.334,4610
2023-11-16 13:30:00,1620.19,1640.14,1595.25,1622.26,4915
2023-11-16 14:30:00,1617.66,1643.78,1602.99,1618.195,3461
2023-11-16 15:30:00,1616.48,1645.8899,1600.03,1617.45,5904
2023-11-17 09:30:00,1622.2,1689.85,1610.1,1655.0,2756
2023-11-17 10:30:00,1655.17,1686.3,1634.23,1656.69,1725
2023-11-17 11:30:00,1654.27,1668.97,1637.04,1646.39,1479
2023-11-17 12:30:00,1644.82,1679.65,1632.14,1643.87,1850
2023-11-17 13:30:00,1649.56,1679.61,1635.1,1653.03,1317
2023-11-17 14:30:00,1653.89,1670.0,1644.2501,1651.2,3221
2023-11-17 15:30:00,1649.83,1670.6,1633.76,1652.0,4211
2023-11-20 09:30:00,1652.5,1726.22,1634.4464,1674.495,5568
2023-11-20 10:30:00,1672.995,1681.99,1633.99,1658.44,6243
2023-11-20 11:30:00,1657.865,1681.99,1644.2,1647.27,1390
2023-11-20 12:30:00,1650.55,1674.1,1635.0,1644.645,734
2023-11-20 13:30:00,1653.79,1674.6,1635.5,1652.84,955
2023-11-20 14:30:00,1662.615,1674.6,1622.04,1650.41,3338
2023-11-20 15:30:00,1654.305,1665.03,1634.03,1638.3,4341
2023-11-21 09:30:00,1631.0,1667.41,1614.88,1646.12,4550
2023-11-21 10:30:00,1644.27,1676.0,1625.77,1644.175,3593
2023-11-21 11:30:00,1644.175,1665.39,1625.01,1635.0,3710
2023-11-21 12:30:00,1630.3001,1660.39,1620.82,1626.81,2366
2023-11-21 13:30:00,1630.0,1653.22,1620.0,1633.705,640
2023-11-21 14:30:00,1631.12,1649.77,1622.0,1630.0,2519
2023-11-21 15:30:00,1630.99,1653.616,1620.0001,1641.01,5064
2023-12-06 09:30:00,1495.245,1558.28,1453.21,1492.32,7769
2023-12-06 10:30:00,1493.05,1521.83,1482.0,1495.0,4870
2023-12-06 11:30:00,1507.135,1507.135,1464.02,1468.0,7202
2023-12-06 12:30:00,1467.0,1500.74,1456.0101,1490.61,5081
2023-12-06 13:30:00,1492.55,1516.07,1469.75,1500.29,4449
2023-12-06 14:30:00,1488.0,1515.0,1484.04,1489.0,3616
2023-12-06 15:30:00,1490.52,1492.9,1475.6401,1485.68,10906
2023-12-07 09:30:00,1508.0,1540.7267,1487.46,1509.63,3859
2023-12-07 10:30:00,1508.96,1541.79,1504.985,1512.94,5270
2023-12-07 11:30:00,1516.67,1541.78,1504.69,1506.63,4307
2023-12-07 12:30:00,1507.51,1526.47,1504.04,1526.2,2349
2023-12-07 13:30:00,1525.0,1533.285,1514.32,1520.8848,3023
2023-12-07 14:30:00,1524.165,1526.98,1507.71,1512.505,3645
2023-12-07 15:30:00,1512.8,1526.97,1506.13,1516.53,6426
2023-12-08 09:30:00,1529.34,1576.9366,1516.0,1533.93,4187
2023-12-08 10:30:00,1533.0,1545.99,1521.63,1529.535,4636
2023-12-08 11:30:00,1529.535,1541.925,1516.02,1536.5499,2216
2023-12-08 12:30:00,1532.42,1541.98,1524.47,1532.295,1357
2023-12-08 13:30:00,1532.39,1544.3999,1529.35,1536.625,3265
2023-12-08 14:30:00,1537.74,1549.625,1530.165,1549.625,2852
2023-12-08 15:30:00,1549.62,1553.81,1534.915,1545.79,6107
2023-12-11 09:30:00,1546.72,1594.26,1532.96,1565.65,4458
2023-12-11 10:30:00,1563.41,1577.38,1552.101,1560.38,2962
2023-12-11 11:30:00,1560.13,1560.655,1528.78,1538.835,2606
2023-12-11 12:30:00,1540.78,1565.65,1533.53,1548.24,1952
2023-12-11 13:30:00,1551.31,1565.51,1543.22,1553.81,1609
2023-12-11 14:30:00,1553.88,1567.565,1548.51,1554.45,3484
2023-12-11 15:30:00,1550.045,1564.48,1548.41,1560.33,4731
2023-12-12 09:30:00,1536.36,1560.77,1519.23,1535.1,6517
2023-12-12 10:30:00,1528.116,1550.35,1521.0,1531.12,4672
2023-12-12 11:30:00,1531.52,1543.229,1516.0,1521.69,2689
2023-12-12 12:30:00,1521.7629,1539.21,1509.1201,1525.605,2765
2023-12-12 13:30:00,1514.98,1539.19,1512.0901,1516.41,1439
2023-12-12 14:30:00,1525.3,1547.0899,1513.39,1544.01,4108
2023-12-12 15:30:00,1545.01,1557.21,1541.8,1549.81,6531
2023-12-13 09:30:00,1544.16,1599.5,1513.1321,1548.465,4693
2023-12-13 10:30:00,1554.2,1583.23,1543.4001,1566.05,2068
2023-12-13 11:30:00,1565.0,1587.9999,1548.95,1555.83,2595
2023-12-13 12:30:00,1554.21,1570.68,1545.27,1547.32,2123
2023-12-13 13:30:00,1547.0,1585.93,1540.59,1561.5,2354
2023-12-13 14:30:00,1575.0,1599.0067,1557.5,1579.79,2662
2023-12-13 15:30:00,1576.45,1599.22,1565.34,1578.18,5443
2023-12-14 09:30:00,1598.9,1639.95,1546.71,1614.52,4209
2023-12-14 10:30:00,1618.0,1638.61,1600.07,1625.755,3884
2023-12-14 11:30:00,1619.95,1641.22,1598.1,1600.68,2129
2023-12-14 12:30:00,1600.91,1620.28,1573.8,1593.12,2654
2023-12-14 13:30:00,1592.1,1613.74,1582.0,1587.94,1937
2023-12-14 14:30:00,1586.98,1612.24,1583.68,1599.079,2682
2023-12-14 15:30:00,1599.55,1610.17,1590.04,1609.95,6926
2023-12-15 09:30:00,1607.11,1649.3499,1584.18,1594.12,5958
2023-12-15 10:30:00,1598.18,1610.85,1577.26,1589.52,2443
2023-12-15 11:30:00,1597.75,1605.94,1576.38,1594.57,2408
2023-12-15 12:30:00,1594.6038,1605.0,1582.755,1594.875,1551
2023-12-15 13:30:00,1597.45,1606.85,1581.3601,1598.9825,1326
2023-12-15 14:30:00,1598.995,1604.39,1587.03,1594.725,2000
2023-12-15 15:30:00,1590.905,1599.03,1561.14,1593.5,9618
2023-12-18 09:30:00,1617.85,1649.98,1595.0,1618.05,2883
2023-12-18 10:30:00,1617.825,1624.96,1600.44,1607.56,1368
2023-12-18 11:30:00,1609.21,1624.91,1599.9,1618.99,1253
2023-12-18 12:30:00,1620.76,1628.27,1610.3,1628.14,1922
2023-12-18 13:30:00,1626.98,1632.1204,1613.4901,1615.0,2094
2023-12-18 14:30:00,1614.24,1632.0,1595.34,1601.58,2405
2023-12-18 15:30:00,1599.575,1613.74,1593.78,1607.2,5098
2023-12-19 09:30:00,1603.1,1627.11,1571.2801,1599.99,1218
2023-12-19 10:30:00,1593.2819,1622.12,1582.81,1606.905,2697
2023-12-19 11:30:00,1610.0,1614.36,1594.36,1605.0,2359
2023-12-19 12:30:00,1608.265,1617.54,1591.04,1602.9,689
2023-12-19 13:30:00,1600.57,1615.9899,1593.31,1604.05,1107
2023-12-19 14:30:00,1606.99,1624.3,1594.2699,1616.17,3565
2023-12-19 15:30:00,1614.94,1629.78,1608.2201,1629.71,5815
2023-12-20 09:30:00,1626.61,1650.0,1608.605,1630.51,1487
2023-12-20 10:30:00,1640.0,1652.02,1627.19,1650.79,2220
2023-12-20 11:30:00,1651.42,1670.42,1623.36,1657.89,1938
2023-12-20 12:30:00,1657.91,1684.44,1647.675,1666.775,1635
2023-12-20 13:30:00,1661.19,1669.55,1625.04,1638.64,2358
2023-12-20 14:30:00,1641.15,1651.51,1601.94,1613.47,2079
2023-12-20 15:30:00,1619.89,1638.9339,1602.52,1608.7,5017
2023-12-21 09:30:00,1613.75,1639.0,1587.54,1593.34,4083
2023-12-21 10:30:00,1594.0,1610.19,1588.0,1600.44,3360
2023-12-21 11:30:00,1606.38,1613.0299,1592.02,1597.4,962
2023-12-21 12:30:00,1597.44,1610.38,1593.0,1602.0,1389
2023-12-21 13:30:00,1602.4,1612.9499,1592.68,1600.14,1336
2023-12-21 14:30:00,1600.14,1609.165,1580.3601,1603.2385,4272
2023-12-21 15:30:00,1605.38,1621.41,1593.24,1612.63,9046
2023-12-22 09:30:00,1618.16,1662.99,1605.1,1634.77,2671
2023-12-22 10:30:00,1624.43,1658.2,1595.15,1619.66,1042
2023-12-22 11:30:00,1619.91,1636.0,1597.33,1623.12,935
2023-12-22 12:30:00,1619.04,1640.38,1596.5901,1626.445,1485
2023-12-22 13:30:00,1627.995,1645.0,1602.3,1607.66,1824
2023-12-22 14:30:00,1610.5,1630.0,1603.32,1618.29,1677
2023-12-22 15:30:00,1615.17,1634.028,1610.0,1619.83,4847
2024-01-30 09:30:00,1499.61,1527.9,1455.83,1500.44,1211
2024-01-30 10:30:00,1500.26,1527.9,1492.6,1527.8999,813
2024-01-30 11:30:00,1524.31,1527.9,1491.975,1496.66,3268
2024-01-30 12:30:00,1495.97,1514.77,1477.26,1502.96,1733
2024-01-30 13:30:00,1502.96,1519.9999,1498.93,1502.05,656
2024-01-30 14:30:00,1503.79,1520.0,1488.08,1509.12,1570
2024-01-30 15:30:00,1509.29,1520.0,1488.26,1506.02,3370
2024-01-31 09:30:00,1514.34,1520.0,1467.0,1508.53,1729
2024-01-31 10:30:00,1511.35,1520.0,1486.59,1497.1,1499
2024-01-31 11:30:00,1497.595,1509.99,1468.5001,1499.77,2023
2024-01-31 12:30:00,1499.5,1508.89,1472.02,1485.49,1267
2024-01-31 13:30:00,1490.3267,1505.18,1468.48,1478.39,1664
2024-01-31 14:30:00,1478.14,1497.98,1449.74,1466.42,4075
2024-01-31 15:30:00,1453.32,1471.32,1447.55,1454.13,4880
2024-02-01 09:30:00,1475.77,1520.0,1455.21,1477.75,1630
2024-02-01 10:30:00,1477.03,1493.74,1445.85,1465.225,2460
2024-02-01 11:30:00,1465.22,1483.08,1443.54,1461.0,1376
2024-02-01 12:30:00,1479.42,1479.42,1410.01,1426.44,1842
2024-02-01 13:30:00,1435.96,1446.2099,1411.24,1421.93,3043
2024-02-01 14:30:00,1429.06,1453.88,1412.63,1434.83,2809
2024-02-01 15:30:00,1434.8,1454.09,1419.33,1442.62,4843
2024-02-02 09:30:00,1438.76,1462.18,1397.0,1434.85,2913
2024-02-02 10:30:00,1434.75,1448.02,1397.0,1430.53,2024
2024-02-02 11:30:00,1429.0,1448.2699,1417.8344,1426.96,1589
2024-02-02 12:30:00,1430.65,1444.86,1408.81,1429.5706,2582
2024-02-02 13:30:00,1425.435,1442.06,1408.87,1420.26,1788
2024-02-02 14:30:00,1428.21,1446.35,1410.93,1435.3903,3202
2024-02-02 15:30:00,1432.41,1453.21,1416.93,1441.52,3660
2024-02-05 09:30:00,1435.0,1500.66,1399.95,1423.555,1823
2024-02-05 10:30:00,1413.771,1448.2499,1403.14,1428.14,1936
2024-02-05 11:30:00,1428.14,1449.1355,1422.26,1436.67,3319
2024-02-05 12:30:00,1431.91,1451.925,1423.84,1445.66,2291
2024-02-05 13:30:00,1446.86,1466.39,1422.86,1429.78,2353
2024-02-05 14:30:00,1435.95,1448.65,1411.73,1430.0,3653
2024-02-05 15:30:00,1426.165,1445.56,1416.17,1428.955,3042
2024-02-06 09:30:00,1435.49,1489.2299,1425.0,1457.02,2196
2024-02-06 10:30:00,1456.945,1463.37,1443.7,1450.04,3680
2024-02-06 11:30:00,1444.36,1463.37,1443.7,1451.705,2360
2024-02-06 12:30:00,1448.23,1458.65,1443.7001,1444.955,1700
2024-02-06 13:30:00,1453.535,1463.37,1436.77,1443.03,2334
2024-02-06 14:30:00,1447.9999,1459.91,1424.39,1451.45,2258
2024-02-06 15:30:00,1439.06,1447.145,1421.73,1439.01,6226
2024-02-07 09:30:00,1450.37,1512.9,1400.0,1448.25,5285
2024-02-07 10:30:00,1453.63,1476.94,1445.0,1469.67,895
2024-02-07 11:30:00,1465.855,1487.78,1457.7301,1467.04,678
2024-02-07 12:30:00,1471.22,1498.6299,1462.01,1489.0,3113
2024-02-07 13:30:00,1489.0,1512.55,1475.12,1500.505,2126
2024-02-07 14:30:00,1501.505,1507.28,1470.2,1489.9,3239
2024-02-07 15:30:00,1489.41,1500.0,1471.01,1498.39,4423
2024-02-08 09:30:00,1500.0,1532.86,1476.0033,1518.1,2746
2024-02-08 10:30:00,1507.0,1520.4209,1475.0,1483.78,2141
2024-02-08 11:30:00,1482.12,1497.5,1475.0,1490.36,1214
2024-02-08 12:30:00,1485.4,1500.92,1462.3595,1469.0,3715
2024-02-08 13:30:00,1479.871,1489.48,1451.6,1474.525,1412
2024-02-08 14:30:00,1474.08,1502.7767,1457.49,1483.94,1509
2024-02-08 15:30:00,1471.88,1502.85,1469.8,1484.71,4427
2024-02-09 09:30:00,1486.69,1532.5,1453.27,1475.875,2529
2024-02-09 10:30:00,1473.34,1490.38,1452.0101,1474.4,1485
2024-02-09 11:30:00,1476.78,1492.02,1467.36,1474.5,1820
2024-02-09 12:30:00,1474.75,1476.75,1453.0,1467.76,1746
2024-02-09 13:30:00,1467.5,1482.66,1448.44,1464.35,940
2024-02-09 14:30:00,1467.31,1481.35,1448.42,1470.33,2538
2024-02-09 15:30:00,1470.11,1482.6,1452.33,1466.1,3127
2024-02-12 09:30:00,1475.98,1510.4,1446.26,1471.48,3842
2024-02-12 10:30:00,1466.82,1492.99,1444.95,1482.08,2602
2024-02-12 11:30:00,1463.87,1486.0,1452.27,1477.67,1468
2024-02-12 12:30:00,1475.8,1493.24,1455.9,1479.39,2045
2024-02-12 13:30:00,1482.3675,1496.91,1455.89,1472.8,1718
2024-02-12 14:30:00,1489.06,1492.72,1445.24,1459.0,2464
2024-02-12 15:30:00,1460.87,1482.58,1444.7401,1463.02,4046
2024-02-13 09:30:00,1470.69,1496.16,1415.5,1433.14,2995
2024-02-13 10:30:00,1434.82,1474.0254,1410.7,1456.02,974
2024-02-13 11:30:00,1454.8,1476.59,1426.49,1446.42,618
2024-02-13 12:30:00,1449.7,1463.23,1419.16,1422.72,2628
2024-02-13 13:30:00,1423.6,1447.61,1400.0,1425.0,1122
2024-02-13 14:30:00,1439.312,1447.61,1401.0001,1415.5,1229
2024-02-13 15:30:00,1413.92,1437.04,1401.0,1423.28,3925
2024-02-14 09:30:00,1447.13,1485.6199,1400.0,1443.185,2868
2024-02-14 10:30:00,1441.5,1445.61,1405.99,1440.06,3242
2024-02-14 11:30:00,1429.95,1449.91,1401.24,1418.96,3411
2024-02-14 12:30:00,1417.71,1435.75,1405.0,1414.8,1783
2024-02-14 13:30:00,1417.8518,1432.49,1412.07,1424.62,2474
2024-02-14 14:30:00,1423.24,1449.99,1411.45,1428.13,2084
2024-02-14 15:30:00,1429.675,1455.58,1409.15,1433.39,4903
2024-02-15 09:30:00,1464.125,1508.925,1413.0,1488.3799,2715
2024-02-15 10:30:00,1476.22,1503.46,1454.14,1463.71,2775
2024-02-15 11:30:00,1466.9,1504.01,1466.9,1486.9775,2226
2024-02-15 12:30:00,1486.075,1511.0,1466.32,1489.17,2174
2024-02-15 13:30:00,1493.225,1513.0,1481.915,1498.56,2279
2024-02-15 14:30:00,1498.76,1517.3699,1487.02,1507.12,2890
2024-02-15 15:30:00,1504.8,1513.0,1489.57,1498.27,13457
2024-02-16 09:30:00,1491.87,1533.65,1470.1,1507.71,1750
2024-02-16 10:30:00,1510.46,1523.69,1495.2501,1510.81,1934
2024-02-16 11:30:00,1511.78,1535.33,1500.0,1510.475,1476
2024-02-16 12:30:00,1510.48,1530.02,1500.0001,1511.4,1470
2024-02-16 13:30:00,1512.965,1535.04,1500.0,1520.32,1858
2024-02-16 14:30:00,1524.36,1543.3267,1506.26,1533.63,3800
2024-02-16 15:30:00,1531.1,1537.84,1511.9901,1517.7,6111
2024-02-20 09:30:00,1508.98,1550.0,1471.75,1525.24,3234
2024-02-20 10:30:00,1521.54,1532.56,1486.1001,1505.81,1798
2024-02-20 11:30:00,1508.555,1528.9,1494.0,1514.15,1653
2024-02-20 12:30:00,1516.55,1523.72,1494.0,1505.07,2014
2024-02-20 13:30:00,1504.81,1518.84,1487.31,1492.18,3142
2024-02-20 14:30:00,1491.73,1513.11,1484.41,1494.86,2004
2024-02-20 15:30:00,1493.65,1502.74,1487.0,1491.82,5927
2024-02-21 09:30:00,1497.15,1546.16,1484.2,1520.56,5817
2024-02-21 10:30:00,1520.26,1554.98,1518.13,1547.82,3402
2024-02-21 11:30:00,1547.82,1554.76,1518.37,1533.18,2566
2024-02-21 12:30:00,1529.276,1551.34,1510.12,1531.9,1750
2024-02-21 13:30:00,1535.33,1551.97,1517.85,1532.47,2973
2024-02-21 14:30:00,1529.05,1542.665,1510.1201,1526.33,2962
2024-02-21 15:30:00,1526.31,1543.35,1519.71,1522.39,7843
2024-02-22 09:30:00,1566.66,1597.65,1511.0001,1536.11,4772
2024-02-22 10:30:00,1548.655,1581.3,1530.15,1551.1,2312
2024-02-22 11:30:00,1551.1,1579.57,1544.955,1568.4,3347
2024-02-22 12:30:00,1568.0,1578.5767,1539.72,1548.43,3368
2024-02-22 13:30:00,1566.24,1566.24,1535.0,1549.45,2149
2024-02-22 14:30:00,1552.07,1579.38,1542.23,1553.11,4940
2024-02-22 15:30:00,1552.5,1573.7635,1548.0401,1555.17,6655
2024-02-23 09:30:00,1556.19,1575.0,1535.0,1552.34,2104
2024-02-23 10:30:00,1553.62,1575.0,1543.81,1564.325,2198
2024-02-23 11:30:00,1566.56,1569.56,1544.02,1549.68,1685
2024-02-23 12:30:00,1552.55,1575.0,1540.0,1562.96,1724
2024-02-23 13:30:00,1554.65,1575.0,1544.3701,1563.85,1904
2024-02-23 14:30:00,1563.38,1574.9999,1550.0,1557.56,1911
2024-02-23 15:30:00,1558.24,1571.0,1550.5,1561.37,5116
2024-02-26 09:30:00,1554.14,1575.0,1550.0,1558.245,2928
2024-02-26 10:30:00,1556.8,1565.23,1535.2301,1539.57,1981
2024-02-26 11:30:00,1542.88,1560.79,1539.07,1551.35,3080
2024-02-26 12:30:00,1550.11,1560.7,1540.06,1540.54,1538
2024-02-26 13:30:00,1538.87,1552.49,1535.7001,1549.46,2463
2024-02-26 14:30:00,1549.0,1566.81,1544.66,1551.36,4061
2024-02-26 15:30:00,1551.25,1568.71,1544.27,1564.85,8272
2024-02-27 09:30:00,1562.57,1589.765,1538.59,1563.28,3247
2024-02-27 10:30:00,1565.2,1589.29,1557.87,1579.99,2894
2024-02-27 11:30:00,1579.99,1601.69,1572.75,1586.435,1585
2024-02-27 12:30:00,1588.54,1600.42,1570.55,1586.52,1990
2024-02-27 13:30:00,1587.225,1600.0,1543.6,1566.71,2203
2024-02-27 14:30:00,1562.9475,1588.3099,1545.11,1574.91,3840
2024-02-27 15:30:00,1572.03,1589.59,1562.47,1584.11,3933
2024-04-29 09:30:00,596.15,606.4099,591.81,603.18,11306
2024-04-29 10:30:00,606.15,608.17,600.01,603.76,2633
2024-04-29 11:30:00,603.7346,608.675,603.06,606.26,5497
2024-04-29 12:30:00,606.38,608.14,604.11,605.695,6372
2024-04-29 13:30:00,606.56,607.75,603.27,604.52,4736
2024-04-29 14:30:00,605.735,606.71,602.823,605.9599,5393
2024-04-29 15:30:00,604.47,606.08,598.895,601.86,11604
2024-04-30 09:30:00,599.34,608.58,585.25,590.1491,10176
2024-04-30 10:30:00,591.785,592.67,586.32,588.425,3962
2024-04-30 11:30:00,588.43,593.6499,586.2667,591.595,6380
2024-04-30 12:30:00,591.595,597.01,586.0,587.6899,7218
2024-04-30 13:30:00,588.08,589.32,583.405,583.405,4415
2024-04-30 14:30:00,584.09,585.83,580.24,580.7475,6561
2024-04-30 15:30:00,580.41,583.37,574.18,576.3,28101
2024-05-01 09:30:00,575.5,582.88,571.38,574.46,7218
2024-05-01 10:30:00,574.16,577.87,561.6501,564.27,6602
2024-05-01 11:30:00,564.7026,565.66,556.31,562.36,5055
2024-05-01 12:30:00,561.4,565.35,556.4112,560.12,3886
2024-05-01 13:30:00,561.75,564.0899,555.0,561.28,6042
2024-05-01 14:30:00,561.83,569.93,556.53,559.86,7451
2024-05-01 15:30:00,560.0,562.85,555.56,558.94,14295
2024-05-02 09:30:00,563.95,570.16,555.01,559.27,5792
2024-05-02 10:30:00,559.26,565.57,557.2414,561.05,3641
2024-05-02 11:30:00,563.0,564.9899,557.84,563.7367,4499
2024-05-02 12:30:00,564.86,566.65,560.1,563.2425,2665
2024-05-02 13:30:00,564.4,566.845,561.35,564.24,5626
2024-05-02 14:30:00,563.37,565.7338,560.22,563.81,4102
2024-05-02 15:30:00,563.22,563.48,558.5101,558.56,15105
2024-05-03 09:30:00,562.1,567.198,555.03,562.4492,5109
2024-05-03 10:30:00,561.04,564.85,555.85,561.0328,3570
2024-05-03 11:30:00,560.5136,567.01,559.11,564.9929,3326
2024-05-03 12:30:00,566.15,567.6,563.56,564.77,3086
2024-05-03 13:30:00,563.9,565.26,560.2227,562.41,4324
2024-05-03 14:30:00,563.1,564.355,560.72,562.83,6530
2024-05-03 15:30:00,562.19,563.86,560.86,562.51,11051
2024-05-06 09:30:00,564.56,577.48,561.22,576.7025,8726
2024-05-06 10:30:00,575.63,579.48,572.3,575.6987,4132
2024-05-06 11:30:00,576.035,579.72,573.0022,574.0,4880
2024-05-06 12:30:00,573.66,576.2,568.62,571.35,6771
2024-05-06 13:30:00,570.92,576.5199,569.34,575.1761,4927
2024-05-06 14:30:00,575.1762,577.41,573.4301,575.26,5891
2024-05-06 15:30:00,575.36,576.98,570.4,570.8,13085
2024-05-07 09:30:00,572.11,579.21,571.26,577.34,3692
2024-05-07 10:30:00,576.8025,581.7,575.21,581.13,3888
2024-05-07 11:30:00,581.24,583.02,576.2001,579.535,4504
2024-05-07 12:30:00,579.56,581.04,574.89,577.06,3946
2024-05-07 13:30:00,576.5675,577.6899,571.45,576.33,4591
2024-05-07 14:30:00,575.035,577.26,570.88,571.72,4207
2024-05-07 15:30:00,571.9012,573.79,568.77,571.04,15224
2024-05-08 09:30:00,569.23,579.51,561.06,566.8,6842
2024-05-08 10:30:00,566.5,572.08,564.17,565.0,4292
2024-05-08 11:30:00,565.61,570.53,561.65,563.51,4965
2024-05-08 12:30:00,563.35,566.5499,561.61,563.2,2847
2024-05-08 13:30:00,563.6217,567.67,561.62,567.51,6304
2024-05-08 14:30:00,567.54,569.5899,562.98,565.49,6905
2024-05-08 15:30:00,564.82,567.7099,562.65,564.07,15344
2024-05-09 09:30:00,583.11,625.0,567.21,618.71,43941
2024-05-09 10:30:00,618.29,625.07,614.9,617.64,13576
2024-05-09 11:30:00,617.64,618.25,604.7,613.285,11650
2024-05-09 12:30:00,614.0252,618.45,608.295,612.42,4240
2024-05-09 13:30:00,613.48,616.9,607.23,614.0955,9130
2024-05-09 14:30:00,611.42,625.0,611.42,620.31,13757
2024-05-09 15:30:00,620.89,624.11,614.52,615.23,33546
2024-05-10 09:30:00,612.13,623.75,609.42,614.405,8894
2024-05-10 10:30:00,613.57,622.32,612.3895,617.95,5805
2024-05-10 11:30:00,617.34,623.0,613.9,619.4,7841
2024-05-10 12:30:00,619.69,621.8899,617.6,619.5411,6176
2024-05-10 13:30:00,619.7905,622.03,615.435,619.0,7707
2024-05-10 14:30:00,618.43,623.29,616.49,620.61,6984
2024-05-10 15:30:00,620.1135,625.0,618.5101,624.5,17878
2024-05-13 09:30:00,624.98,629.65,609.57,611.885,10572
2024-05-13 10:30:00,612.84,615.02,604.38,604.71,4641
2024-05-13 11:30:00,605.38,612.24,604.405,611.3389,4777
2024-05-13 12:30:00,609.58,612.1799,603.92,608.12,3218
2024-05-13 13:30:00,608.4143,609.9999,604.03,606.01,3572
2024-05-13 14:30:00,607.105,611.75,605.55,610.5,4805
2024-05-13 15:30:00,610.67,611.56,604.65,605.28,11171
2024-05-14 09:30:00,606.4,627.3767,599.95,611.11,4257
2024-05-14 10:30:00,611.75,611.95,605.36,611.04,5079
2024-05-14 11:30:00,609.73,611.95,601.245,601.245,6773
2024-05-14 12:30:00,603.11,607.2699,600.87,603.2722,4824
2024-05-14 13:30:00,603.1412,606.22,600.27,603.49,5532
2024-05-14 14:30:00,603.5,608.81,602.84,607.6812,6260
2024-05-14 15:30:00,607.72,608.7399,604.58,606.36,14501
2024-05-15 09:30:00,606.31,624.0067,595.64,605.08,6451
2024-05-15 10:30:00,605.885,611.27,601.29,601.82,8567
2024-05-15 11:30:00,602.5478,605.46,600.0,601.35,5621
2024-05-15 12:30:00,601.89,606.0299,600.1701,603.5,6168
2024-05-15 13:30:00,604.035,608.0199,601.0001,602.25,14282
2024-05-15 14:30:00,603.25,604.99,596.8,600.4194,10239
2024-05-15 15:30:00,600.4045,603.98,599.695,601.53,12450
2024-05-16 09:30:00,602.22,615.8499,596.13,600.25,7033
2024-05-16 10:30:00,599.75,604.32,597.5,600.355,9218
2024-05-16 11:30:00,599.55,603.1299,598.85,600.525,2711
2024-05-16 12:30:00,600.2,601.97,598.34,600.9999,4418
2024-05-16 13:30:00,601.0,601.0,598.73,599.975,4057
2024-05-16 14:30:00,599.87,612.49,599.06,609.99,10376
2024-05-16 15:30:00,609.88,613.24,608.49,610.46,9882
2024-05-17 09:30:00,612.77,617.85,608.4001,613.41,6636
2024-05-17 10:30:00,614.89,615.0,610.23,612.91,2740
2024-05-17 11:30:00,612.635,613.1299,610.23,610.865,3186
2024-05-17 12:30:00,610.73,615.0,609.4801,611.665,4385
2024-05-17 13:30:00,613.1,615.0,610.19,613.5,1776
2024-05-17 14:30:00,614.38,618.2299,611.22,614.8894,3814
2024-05-17 15:30:00,614.83,615.66,608.84,610.79,8375
2024-05-20 09:30:00,611.78,621.21,601.7901,609.02,5094
2024-05-20 10:30:00,609.86,614.98,606.96,613.0835,3122
2024-05-20 11:30:00,613.99,615.13,611.31,612.75,2093
2024-05-20 12:30:00,613.12,619.3199,612.26,615.605,4712
2024-05-20 13:30:00,615.6306,620.32,612.0,618.64,1985
2024-05-20 14:30:00,618.53,620.49,615.01,618.1851,3106
2024-05-20 15:30:00,618.19,618.67,614.03,617.1,11050
2024-05-21 09:30:00,615.0,618.98,610.0,616.925,3321
2024-05-21 10:30:00,618.0,621.93,615.4,619.63,3166
2024-05-21 11:30:00,619.63,620.5599,613.345,615.785,4439
2024-05-21 12:30:00,616.97,620.0,615.49,617.25,1860
2024-05-21 13:30:00,617.25,618.52,612.7401,614.66,3963
2024-05-21 14:30:00,614.92,619.46,614.61,617.6085,4470
2024-05-21 15:30:00,617.97,619.87,615.33,618.3,9926
2024-05-24 09:30:00,613.0,618.3,607.6501,611.92,3133
2024-05-24 10:30:00,612.06,613.05,606.7,608.95,3083
2024-05-24 11:30:00,609.01,613.59,608.008,612.45,1829
2024-05-24 12:30:00,612.6,613.8,608.7701,609.47,2002
2024-05-24 13:30:00,610.59,612.0,607.7,608.43,1905
2024-05-24 14:30:00,609.0779,611.035,607.04,609.78,2596
2024-05-24 15:30:00,609.525,612.41,608.45,612.4,8724
2024-05-28 09:30:00,615.09,622.0,608.525,614.7966,9898
2024-05-28 10:30:00,614.89,619.9,612.18,618.41,3478
2024-05-28 11:30:00,618.41,620.0,615.4301,616.56,2461
2024-05-28 12:30:00,616.56,619.61,615.23,618.35,1790
2024-05-28 13:30:00,618.75,621.9799,616.35,619.14,3669
2024-05-28 14:30:00,619.2244,620.49,616.6601,619.25,4626
2024-05-28 15:30:00,619.325,622.0,616.97,617.13,16265
2024-05-29 09:30:00,615.39,620.35,605.22,608.18,8182
2024-05-29 10:30:00,610.28,610.87,601.9,605.63,5031
2024-05-29 11:30:00,602.82,607.8341,601.32,604.096,4351
2024-05-29 12:30:00,604.93,608.73,602.65,605.1,5351
2024-05-29 13:30:00,606.2404,611.96,601.46,610.92,6602
2024-05-29 14:30:00,610.015,613.76,608.65,609.06,8746
2024-05-29 15:30:00,610.01,615.6,608.84,613.78,22042
2024-05-30 09:30:00,609.55,620.54,606.3333,616.7775,4210
2024-05-30 10:30:00,615.63,620.35,610.77,617.39,3467
2024-05-30 11:30:00,616.7165,620.54,615.62,616.75,3967
2024-05-30 12:30:00,616.5686,617.9588,613.27,613.69,3395
2024-05-30 13:30:00,614.98,617.15,612.18,612.8494,3851
2024-05-30 14:30:00,612.22,617.32,610.46,613.78,6190
2024-05-30 15:30:00,614.55,615.43,612.24,614.7,12590
2024-05-31 09:30:00,614.49,624.9988,611.32,622.5,7139
2024-05-31 10:30:00,623.085,624.98,616.42,622.295,6221
2024-05-31 11:30:00,623.17,624.98,618.57,623.675,5510
2024-05-31 12:30:00,623.55,623.55,616.84,618.1,4000
2024-05-31 13:30:00,618.24,623.7099,615.49,617.38,7938
2024-05-31 14:30:00,617.72,619.75,615.93,617.43,10957
2024-05-31 15:30:00,617.7697,618.405,611.97,613.81,41466
2024-06-03 09:30:00,618.32,620.1,602.0,602.1,9643
2024-06-03 10:30:00,602.14,608.09,595.66,597.26,7325
2024-06-03 11:30:00,597.38,603.695,592.29,595.79,7443
2024-06-03 12:30:00,595.92,598.5688,591.23,591.23,4907
2024-06-03 13:30:00,591.53,595.71,589.4028,594.5,7253
2024-06-03 14:30:00,594.09,596.93,590.47,594.4525,7225
2024-06-03 15:30:00,593.81,596.29,591.22,595.78,15742
2024-06-04 09:30:00,592.05,598.39,580.05,584.7225,7631
2024-06-04 10:30:00,585.92,587.31,580.05,582.84,4419
2024-06-04 11:30:00,583.97,584.7,580.07,582.82,4786
2024-06-04 12:30:00,582.82,584.12,578.01,580.79,5648
2024-06-04 13:30:00,580.0573,585.2999,578.0001,583.1834,6084
2024-06-04 14:30:00,582.71,585.24,579.54,583.1695,3715
2024-06-04 15:30:00,583.37,585.19,581.55,584.48,11671
2024-06-05 09:30:00,589.39,597.6,584.62,590.925,11417
2024-06-05 10:30:00,590.0,593.69,586.8001,590.595,3761
2024-06-05 11:30:00,590.595,593.58,587.5901,589.16,4873
2024-06-05 12:30:00,589.17,592.1099,586.34,587.41,3401
2024-06-05 13:30:00,586.79,591.01,586.75,589.9,3862
2024-06-05 14:30:00,590.13,595.255,587.77,587.88,6998
2024-06-05 15:30:00,587.88,593.19,586.825,592.07,16447
2024-06-06 09:30:00,595.43,599.9499,587.69,589.56,4062
2024-06-06 10:30:00,589.51,593.98,587.14,591.16,3432
2024-06-06 11:30:00,590.954,593.9193,586.83,588.13,1999
2024-06-06 12:30:00,588.04,591.98,586.65,591.98,5895
2024-06-06 13:30:00,592.259,592.86,587.22,589.44,2135
2024-06-06 14:30:00,589.44,596.1799,588.71,593.935,4170
2024-06-06 15:30:00,594.83,595.38,592.06,593.58,8195
2024-06-07 09:30:00,587.66,597.0,584.8133,588.63,3075
2024-06-07 10:30:00,587.6708,590.59,584.32,586.04,3798
2024-06-07 11:30:00,587.38,588.81,585.3,587.4298,1439
2024-06-07 12:30:00,587.79,588.68,584.4701,586.8904,3207
2024-06-07 13:30:00,586.395,588.67,580.7001,585.335,5369
2024-06-07 14:30:00,585.41,588.1,583.59,586.54,7716
2024-06-07 15:30:00,586.185,587.34,581.54,581.57,10765
2024-06-10 09:30:00,611.5,711.0,605.0,703.9688,160622
2024-06-10 10:30:00,701.12,732.26,696.18,714.52,97090
2024-06-10 11:30:00,717.0,724.98,707.84,716.89,57555
2024-06-10 12:30:00,720.2088,729.6988,713.5635,722.19,52165
2024-06-10 13:30:00,722.195,724.39,703.8312,714.1088,44618
2024-06-10 14:30:00,714.0988,729.34,707.174,727.22,54211
2024-06-10 15:30:00,727.22,729.95,722.01,725.33,76023
2024-06-11 09:30:00,715.0,729.9988,704.94,728.18,52741
2024-06-11 10:30:00,727.73,749.0,722.8217,745.76,46764
2024-06-11 11:30:00,746.045,757.97,740.72,755.555,40984
2024-06-11 12:30:00,756.9988,757.8488,744.67,752.9088,37884
2024-06-11 13:30:00,752.65,769.69,750.91,766.35,39698
2024-06-11 14:30:00,768.64,772.25,765.0501,767.735,39413
2024-06-11 15:30:00,769.0628,773.8488,764.51,768.236,81278
2024-06-12 09:30:00,775.0,780.0,755.81,773.78,51866
2024-06-12 10:30:00,773.7,784.8988,770.6412,779.7512,40547
2024-06-12 11:30:00,780.4903,794.9688,776.85,793.0088,29914
2024-06-12 12:30:00,788.76,796.1099,786.2412,793.794,24807
2024-06-12 13:30:00,794.02,799.5488,787.3512,793.34,30919
2024-06-12 14:30:00,795.18,797.65,784.2412,785.5,37538
2024-06-12 15:30:00,785.445,785.445,768.68,776.06,62938
2024-07-29 09:30:00,821.14,826.5013,810.09,817.145,7606
2024-07-29 10:30:00,815.95,821.65,809.29,816.23,7512
2024-07-29 11:30:00,818.6604,819.2188,811.07,814.0212,7767
2024-07-29 12:30:00,815.08,816.3888,803.4001,810.3268,4990
2024-07-29 13:30:00,808.11,813.9,801.77,808.4452,7974
2024-07-29 14:30:00,812.5399,813.665,803.88,811.06,7795
2024-07-29 15:30:00,811.83,821.25,809.62,817.28,24638
2024-07-30 09:30:00,818.34,834.0067,809.84,817.7424,6201
2024-07-30 10:30:00,817.3305,825.6788,811.31,813.1712,6009
2024-07-30 11:30:00,813.17,823.9899,813.17,820.62,8095
2024-07-30 12:30:00,820.726,823.99,819.89,821.92,4291
2024-07-30 13:30:00,821.53,825.19,820.03,821.72,6831
2024-07-30 14:30:00,822.5555,828.22,820.3201,827.62,7630
2024-07-30 15:30:00,828.01,830.0,825.02,828.93,15616
2024-07-31 09:30:00,839.42,845.54,830.6601,836.52,12207
2024-07-31 10:30:00,836.69,843.975,833.01,840.8075,10988
2024-07-31 11:30:00,841.94,843.25,835.47,839.65,7974
2024-07-31 12:30:00,839.96,843.5,836.1209,838.43,7270
2024-07-31 13:30:00,838.19,843.22,833.69,841.5,4853
2024-07-31 14:30:00,842.7988,848.74,839.3001,846.975,9902
2024-07-31 15:30:00,847.2,852.6,844.89,845.8,23067
2024-08-01 09:30:00,849.98,855.0,838.52,841.68,11846
2024-08-01 10:30:00,840.08,847.81,818.16,820.93,9989
2024-08-01 11:30:00,820.8792,822.96,810.0012,813.03,7247
2024-08-01 12:30:00,813.2076,815.2399,807.3701,809.255,4429
2024-08-01 13:30:00,808.5,810.67,802.3801,804.31,3602
2024-08-01 14:30:00,804.77,815.2699,803.1,814.7099,4531
2024-08-01 15:30:00,813.0521,824.84,811.56,823.3,18126
2024-08-02 09:30:00,811.21,823.52,779.04,786.87,15114
2024-08-02 10:30:00,787.055,787.055,761.24,763.6877,18582
2024-08-02 11:30:00,763.6874,779.9999,761.24,774.336,7751
2024-08-02 12:30:00,773.6,777.05,767.07,768.9,6984
2024-08-02 13:30:00,767.98,774.38,763.0,773.98,6468
2024-08-02 14:30:00,771.57,820.3439,768.45,781.31,5347
2024-08-02 15:30:00,780.2284,787.0688,777.85,782.8,21383
2024-08-05 09:30:00,753.03,760.2,732.46,746.1712,17155
2024-08-05 10:30:00,748.0,765.37,745.9052,757.7812,7421
2024-08-05 11:30:00,761.48,772.25,759.5767,769.285,4953
2024-08-05 12:30:00,769.37,772.2499,757.3312,760.53,10969
2024-08-05 13:30:00,766.11,768.75,758.995,762.04,3530
2024-08-05 14:30:00,762.36,763.9,755.01,760.61,5755
2024-08-05 15:30:00,761.205,762.4088,755.0,756.05,17306
2024-08-06 09:30:00,762.18,780.4088,757.0,772.035,15682
2024-08-06 10:30:00,772.035,777.63,763.31,764.525,8502
2024-08-06 11:30:00,762.53,776.5099,762.53,769.96,5464
2024-08-06 12:30:00,769.96,775.15,765.0,773.57,6572
2024-08-06 13:30:00,772.9729,780.53,768.79,779.885,4414
2024-08-06 14:30:00,779.885,785.91,772.9012,775.14,6469
2024-08-06 15:30:00,775.12,779.6988,772.65,772.92,20849
2024-08-07 09:30:00,786.34,799.0,773.72,796.885,15960
2024-08-07 10:30:00,798.7,807.01,787.475,802.3,13827
2024-08-07 11:30:00,803.065,804.575,790.43,794.45,30636
2024-08-07 12:30:00,794.64,799.0,782.48,789.1,11290
2024-08-07 13:30:00,786.35,795.4126,776.3112,784.21,36981
2024-08-07 14:30:00,782.39,791.6099,778.47,786.58,33961
2024-08-07 15:30:00,786.58,787.55,771.37,773.97,50791
2024-08-08 09:30:00,779.91,810.0,746.0,793.48,23027
2024-08-08 10:30:00,793.48,815.0,788.35,813.22,19740
2024-08-08 11:30:00,810.0301,822.63,799.7832,821.73,15877
2024-08-08 12:30:00,819.91,830.0,804.9134,828.3,8769
2024-08-08 13:30:00,828.4202,838.22,820.06,835.8,17173
2024-08-08 14:30:00,834.85,840.0,823.72,837.03,15995
2024-08-08 15:30:00,836.5962,839.4,824.15,829.19,36248
2024-08-09 09:30:00,826.16,836.39,813.01,818.15,11159
2024-08-09 10:30:00,815.59,823.2888,814.1479,816.255,8884
2024-08-09 11:30:00,815.6377,820.96,810.95,815.2479,6407
2024-08-09 12:30:00,815.035,820.79,812.9212,816.73,3980
2024-08-09 13:30:00,816.73,819.32,810.95,814.58,4990
2024-08-09 14:30:00,814.1498,821.315,811.9093,819.5,9655
2024-08-09 15:30:00,820.65,824.18,818.22,822.58,15339
2024-08-12 09:30:00,825.05,840.0,800.0,826.595,8457
2024-08-12 10:30:00,825.78,836.71,816.29,819.95,10291
2024-08-12 11:30:00,818.29,828.07,815.46,824.05,4086
2024-08-12 12:30:00,823.27,826.61,819.64,825.0688,5585
2024-08-12 13:30:00,824.87,838.0288,822.96,832.34,6988
2024-08-12 14:30:00,831.93,835.5488,829.16,833.635,7387
2024-08-12 15:30:00,832.89,834.6,828.71,834.46,17742
2024-08-13 09:30:00,828.97,838.43,815.08,820.13,8955
2024-08-13 10:30:00,822.81,826.2999,807.19,813.66,5093
2024-08-13 11:30:00,813.3,822.4299,811.0801,818.0,3208
2024-08-13 12:30:00,817.72,823.21,815.29,821.34,3040
2024-08-13 13:30:00,821.87,825.9599,819.69,821.29,4544
2024-08-13 14:30:00,822.15,824.0,813.8801,817.1,5740
2024-08-13 15:30:00,816.48,820.97,813.8901,818.93,15628
2024-08-14 09:30:00,826.21,831.42,805.0,822.84,4738
2024-08-14 10:30:00,824.87,824.94,814.97,821.625,5099
2024-08-14 11:30:00,821.625,843.6022,816.11,817.15,3575
2024-08-14 12:30:00,818.2,821.0,816.5601,819.825,6821
2024-08-14 13:30:00,818.62,820.9999,812.5112,819.59,4839
2024-08-14 14:30:00,819.5342,824.6199,817.29,820.02,7440
2024-08-14 15:30:00,821.0187,823.63,818.58,819.44,13591
2024-08-15 09:30:00,825.0,833.0067,810.2801,820.535,6164
2024-08-15 10:30:00,823.01,837.0088,820.7336,833.0,9537
2024-08-15 11:30:00,832.97,835.8,829.0,831.58,4913
2024-08-15 12:30:00,832.2,835.205,830.77,833.2507,2433
2024-08-15 13:30:00,832.865,836.9088,823.9101,825.56,7580
2024-08-15 14:30:00,828.71,831.7999,823.945,826.07,4756
2024-08-15 15:30:00,825.56,829.07,824.24,827.59,19169
2024-08-16 09:30:00,817.72,829.34,809.85,820.015,7578
2024-08-16 10:30:00,820.01,825.39,814.65,819.095,3530
2024-08-16 11:30:00,820.38,827.56,818.46,821.9775,4063
2024-08-16 12:30:00,821.83,830.0,820.945,827.1877,3932
2024-08-16 13:30:00,827.2247,828.9788,821.26,824.69,5684
2024-08-16 14:30:00,824.5393,826.97,821.88,823.6,4389
2024-08-16 15:30:00,824.28,824.54,818.98,822.3,15088
2024-08-19 09:30:00,823.54,830.0,815.41,830.0,4900
2024-08-19 10:30:00,828.2,839.52,825.4801,829.11,4489
2024-08-19 11:30:00,828.015,835.61,824.4701,833.8716,5622
2024-08-19 12:30:00,835.61,838.4599,830.6401,835.98,5877
2024-08-19 13:30:00,836.01,839.95,835.14,839.75,10494
2024-08-19 14:30:00,839.3,845.0,836.9112,842.6,14927
2024-08-19 15:30:00,843.13,844.85,839.22,843.48,26853
2024-08-20 09:30:00,836.78,845.0,816.39,820.4394,7932
2024-08-20 10:30:00,821.3,824.11,808.45,812.0021,6425
2024-08-20 11:30:00,813.7602,815.3328,807.4401,811.57,3705
2024-08-20 12:30:00,809.4001,816.89,809.4,815.01,2251
2024-08-20 13:30:00,814.3228,820.3888,810.94,816.935,5160
2024-08-20 14:30:00,816.935,821.8688,814.7501,817.47,5670
2024-08-20 15:30:00,818.965,821.7,816.06,818.54,11140
2024-10-29 09:30:00,1082.5,1095.98,1072.6412,1087.63,3503
2024-10-29 10:30:00,1087.51,1094.8988,1085.95,1086.9621,3688
2024-10-29 11:30:00,1088.035,1098.19,1086.47,1095.4899,3264
2024-10-29 12:30:00,1091.71,1099.75,1091.11,1099.75,3255
2024-10-29 13:30:00,1100.0,1110.63,1093.96,1107.56,4463
2024-10-29 14:30:00,1107.54,1109.79,1101.58,1106.42,5136
2024-10-29 15:30:00,1105.8047,1109.03,1100.62,1107.7,12280
2024-10-30 09:30:00,1116.91,1136.43,1101.3401,1128.98,5477
2024-10-30 10:30:00,1126.0,1144.48,1125.5,1140.85,8283
2024-10-30 11:30:00,1138.2812,1159.87,1138.2812,1156.05,12899
2024-10-30 12:30:00,1154.27,1159.1399,1142.66,1147.3675,11377
2024-10-30 13:30:00,1147.24,1153.6,1144.7712,1149.98,6554
2024-10-30 14:30:00,1147.585,1150.0,1139.47,1146.09,12533
2024-10-30 15:30:00,1146.035,1157.04,1145.0,1152.99,21757
2024-10-31 09:30:00,1154.7,1172.1799,1138.85,1152.48,11406
2024-10-31 10:30:00,1148.47,1155.95,1142.7,1152.23,7129
2024-10-31 11:30:00,1153.64,1161.3688,1149.67,1158.07,7785
2024-10-31 12:30:00,1157.06,1162.15,1153.53,1156.69,4560
2024-10-31 13:30:00,1156.91,1159.06,1151.8701,1156.98,5349
2024-10-31 14:30:00,1156.98,1174.97,1154.53,1172.205,9857
2024-10-31 15:30:00,1173.86,1174.07,1163.93,1166.0,17434
2024-11-01 09:30:00,1163.6,1179.77,1159.9024,1174.94,13202
2024-11-01 10:30:00,1173.51,1183.42,1165.9412,1180.5,10625
2024-11-01 11:30:00,1180.0,1193.2088,1172.5913,1188.795,10231
2024-11-01 12:30:00,1190.04,1193.56,1183.79,1186.755,9256
2024-11-01 13:30:00,1186.755,1188.87,1153.83,1170.1322,13602
2024-11-01 14:30:00,1171.1771,1181.24,1166.6112,1177.83,10043
2024-11-01 15:30:00,1177.2003,1178.49,1167.03,1172.04,24569
2024-11-04 09:30:00,1174.7,1229.3,1162.65,1223.73,16742
2024-11-04 10:30:00,1222.05,1244.96,1217.8,1238.33,23284
2024-11-04 11:30:00,1239.2298,1239.28,1213.02,1229.13,15758
2024-11-04 12:30:00,1228.28,1230.75,1204.76,1212.84,8635
2024-11-04 13:30:00,1211.44,1227.9988,1207.4694,1217.78,11153
2024-11-04 14:30:00,1220.5276,1224.4878,1209.18,1213.1503,12166
2024-11-04 15:30:00,1214.404,1214.404,1200.93,1206.8,20663
2024-11-05 09:30:00,1209.0,1250.0,1196.49,1233.405,14115
2024-11-05 10:30:00,1233.0,1250.0,1225.8462,1243.18,9389
2024-11-05 11:30:00,1245.9998,1248.81,1232.4412,1240.95,10919
2024-11-05 12:30:00,1243.38,1249.04,1233.0,1236.47,13428
2024-11-05 13:30:00,1236.14,1248.15,1231.27,1241.18,6810
2024-11-05 14:30:00,1239.6,1246.99,1235.0,1238.33,8845
2024-11-05 15:30:00,1237.255,1243.35,1232.46,1243.14,18676
2024-11-06 09:30:00,1297.0,1349.99,1268.07,1342.57,37549
2024-11-06 10:30:00,1342.57,1364.6588,1318.9101,1337.79,22775
2024-11-06 11:30:00,1337.79,1350.0,1314.46,1336.33,27441
2024-11-06 12:30:00,1338.4549,1342.94,1301.42,1326.38,17839
2024-11-06 13:30:00,1326.38,1329.8688,1300.86,1322.6755,24046
2024-11-06 14:30:00,1315.29,1340.54,1313.96,1334.563,24912
2024-11-06 15:30:00,1335.74,1343.2,1328.37,1330.33,24482
2024-11-07 09:30:00,1254.59,1310.6299,1220.0,1274.805,45805
2024-11-07 10:30:00,1280.6,1315.0,1268.655,1268.655,26578
2024-11-07 11:30:00,1282.51,1327.05,1253.75,1326.2588,22363
2024-11-07 12:30:00,1319.937,1338.99,1313.75,1318.8549,14967
2024-11-07 13:30:00,1318.8973,1332.06,1306.16,1319.16,17299
2024-11-07 14:30:00,1316.84,1333.57,1313.97,1326.4921,25479
2024-11-07 15:30:00,1328.12,1337.81,1323.12,1335.3,22137
2024-11-08 09:30:00,1339.0,1414.6688,1327.27,1406.21,36490
2024-11-08 10:30:00,1406.33,1423.29,1354.66,1358.28,27193
2024-11-08 11:30:00,1358.28,1372.76,1345.09,1366.86519,12732
2024-11-08 12:30:00,1368.46,1386.54,1365.1512,1380.88,10926
2024-11-08 13:30:00,1381.49,1400.0,1377.0012,1396.99,9803
2024-11-08 14:30:00,1396.99,1400.0,1387.81,1390.2629,15197
2024-11-08 15:30:00,1387.77,1389.55,1365.88,1377.38,26586
2024-11-11 09:30:00,1382.0,1389.52,1352.5912,1373.18,14344
2024-11-11 10:30:00,1374.42,1376.0488,1350.0,1360.0253,11600
2024-11-11 11:30:00,1361.5556,1385.13,1354.83,1379.76,6379
2024-11-11 12:30:00,1378.685,1390.73,1371.15,1372.0525,5469
2024-11-11 13:30:00,1375.36,1391.1099,1371.6464,1386.9325,5720
2024-11-11 14:30:00,1385.0,1403.14,1381.8066,1397.11,11373
2024-11-11 15:30:00,1397.11,1404.04,1393.5,1399.99,19245
2024-11-12 09:30:00,1406.05,1421.31,1388.84,1395.07,12208
2024-11-12 10:30:00,1392.917011,1402.58,1385.0701,1398.0,11386
2024-11-12 11:30:00,1398.0,1404.39,1389.09,1392.2959,8397
2024-11-12 12:30:00,1392.54,1403.55,1387.0,1395.22,6933
2024-11-12 13:30:00,1398.0,1411.12,1392.47,1403.215,8208
2024-11-12 14:30:00,1400.0,1405.9088,1392.47,1397.71,10498
2024-11-12 15:30:00,1398.52,1409.65,1396.59,1408.35,25214
2024-11-13 09:30:00,1407.51,1420.75,1366.13,1374.56,15835
2024-11-13 10:30:00,1372.65,1390.19,1364.46,1379.69,9294
2024-11-13 11:30:00,1380.0,1381.5,1366.91,1377.7421,7620
2024-11-13 12:30:00,1375.34,1397.66,1371.2,1392.55,5140
2024-11-13 13:30:00,1391.78,1404.4188,1382.63,1385.02,14291
2024-11-13 14:30:00,1386.1605,1392.3352,1357.09,1361.22,11558
2024-11-13 15:30:00,1360.05,1369.47,1355.33,1365.19,19353
2024-11-14 09:30:00,1374.98,1398.95,1340.2912,1349.57,14939
2024-11-14 10:30:00,1348.35,1355.91,1338.11,1344.8046,9265
2024-11-14 11:30:00,1346.0,1348.17,1324.72,1329.835,11901
2024-11-14 12:30:00,1332.55,1354.02,1327.12,1347.97,10057
2024-11-14 13:30:00,1349.39,1360.9188,1345.54,1358.11,7112
2024-11-14 14:30:00,1357.8,1362.56,1347.47,1356.7057,10029
2024-11-14 15:30:00,1359.08,1362.08,1349.2401,1359.65,16697
2024-11-15 09:30:00,1347.59,1362.0,1332.26,1359.09,10262
2024-11-15 10:30:00,1357.68,1365.0688,1345.34,1355.32,4904
2024-11-15 11:30:00,1352.69,1364.13,1348.75,1359.48,4897
2024-11-15 12:30:00,1359.48,1362.0,1349.45,1353.91,5797
2024-11-15 13:30:00,1353.7567,1358.37,1347.1912,1355.3,4615
2024-11-15 14:30:00,1355.1703,1357.84,1337.01,1357.3037,6828
2024-11-15 15:30:00,1356.75,1363.37,1351.27,1362.55,14513
2024-11-18 09:30:00,1380.98,1397.84,1356.6512,1392.22,10002
2024-11-18 10:30:00,1391.395,1404.71,1383.51,1399.41,11200
2024-11-18 11:30:00,1399.9065,1410.96,1392.99,1400.67,7639
2024-11-18 12:30:00,1398.28,1403.94,1386.6244,1388.11,5902
2024-11-18 13:30:00,1389.78,1392.8675,1378.42,1385.16,8045
2024-11-18 14:30:00,1387.0,1397.79,1385.0701,1397.79,11810
2024-11-18 15:30:00,1396.78,1403.33,1391.11,1399.29,17779
2024-11-19 09:30:00,1395.0,1413.57,1382.0,1405.47,8657
2024-11-19 10:30:00,1404.615,1413.57,1391.32,1409.6418,8565
2024-11-19 11:30:00,1407.7866,1417.62,1402.4712,1410.85,5229
2024-11-19 12:30:00,1410.27,1417.19,1403.21,1405.86,4028
2024-11-19 13:30:00,1404.825,1413.12,1397.91,1405.289,5356
2024-11-19 14:30:00,1407.115,1412.96,1402.69,1408.7896,9520
2024-11-19 15:30:00,1408.325,1422.75,1406.33,1416.84,18889
2024-11-20 09:30:00,1422.45,1454.4429,1406.67,1440.6,16003
2024-11-20 10:30:00,1435.58,1440.58,1418.8312,1430.25,7407
2024-11-20 11:30:00,1429.9993,1437.4,1412.19,1429.8,6913
2024-11-20 12:30:00,1429.6,1443.53,1420.49,1427.76,5473
2024-11-20 13:30:00,1428.1,1436.19,1421.02,1429.4,6225
2024-11-20 14:30:00,1429.4,1446.035,1421.28,1445.17,11169
2024-11-20 15:30:00,1444.0,1458.01,1441.09,1453.24,21306
2024-11-21 09:30:00,1458.79,1470.89,1429.9012,1442.955,17651
2024-11-21 10:30:00,1449.62,1466.08,1441.29,1452.17,10008
2024-11-21 11:30:00,1453.16,1499.0,1445.5,1486.395,32245
2024-11-21 12:30:00,1489.16,1518.1188,1484.12,1516.0,23585
2024-11-21 13:30:00,1506.6347,1528.11,1505.56,1523.25,20368
2024-11-21 14:30:00,1525.0,1528.11,1502.8401,1524.8,31135
2024-11-21 15:30:00,1525.5613,1527.88,1507.01,1517.64,36249
2024-11-22 09:30:00,1609.0,1679.78,1586.1012,1615.435,156948
2024-11-22 10:30:00,1611.985,1666.1988,1610.54,1655.34,77941
2024-11-22 11:30:00,1663.9488,1716.6788,1648.32,1702.07,70715
2024-11-22 12:30:00,1705.65,1731.62,1657.55,1724.9388,69672
2024-11-22 13:30:00,1724.1515,1736.2,1695.7,1731.6994,54052
2024-11-22 14:30:00,1725.6605,1748.2,1698.8312,1704.5,80379
2024-11-22 15:30:00,1707.41,1750.0,1699.7901,1732.32,114953
2024-11-25 09:30:00,1749.39,1770.13,1710.48,1730.615,97659
2024-11-25 10:30:00,1730.615,1739.9188,1619.0,1634.04,80127
2024-11-25 11:30:00,1626.8074,1641.2,1554.43,1572.32,61325
2024-11-25 12:30:00,1578.44,1608.0288,1572.32,1584.9625,32261
2024-11-25 13:30:00,1584.75,1621.0,1576.5212,1610.532,33307
2024-11-25 14:30:00,1610.5404,1625.758,1594.78,1605.44,79802
2024-11-25 15:30:00,1602.55,1621.35,1571.29,1606.04,135070
2024-11-26 09:30:00,1614.8,1627.9,1535.3912,1552.94,67099
2024-11-26 10:30:00,1560.5,1569.22,1530.61,1545.8111,40351
2024-11-26 11:30:00,1544.66,1589.44,1538.0,1538.09,27922
2024-11-26 12:30:00,1541.86,1614.8,1531.74,1562.43,31724
2024-11-26 13:30:00,1565.78,1579.7399,1537.6,1539.0,32183
2024-11-26 14:30:00,1543.225,1562.31,1529.19,1558.455,38077
2024-11-26 15:30:00,1557.57,1581.74,1552.4178,1570.18,57165
2025-01-28 09:30:00,1259.48,1273.22,1228.36,1249.8,20816
2025-01-28 10:30:00,1252.46,1255.19,1236.2,1243.9399,15746
2025-01-28 11:30:00,1240.915,1251.75,1233.5764,1249.1723,12410
2025-01-28 12:30:00,1249.16,1254.99,1245.82,1249.54,15286
2025-01-28 13:30:00,1249.31,1279.47,1247.6916,1275.895,22858
2025-01-28 14:30:00,1275.87,1291.31,1266.52,1289.9245,18569
2025-01-28 15:30:00,1287.695,1291.0199,1271.16,1273.45,28137
2025-01-29 09:30:00,1270.0,1293.32,1249.5,1276.08,12959
2025-01-29 10:30:00,1276.15,1285.93,1271.4712,1280.241483,6476
2025-01-29 11:30:00,1278.44,1288.0,1275.53,1279.8908,5512
2025-01-29 12:30:00,1280.125,1283.53,1266.1001,1268.07,9994
2025-01-29 13:30:00,1268.71,1276.78,1261.7501,1269.22,8595
2025-01-29 14:30:00,1266.895,1287.9999,1266.7,1280.5775,13495
2025-01-29 15:30:00,1278.66,1283.45,1268.6155,1272.105,18057
2025-01-30 09:30:00,1292.82,1310.7,1262.44,1307.9,11167
2025-01-30 10:30:00,1314.37,1324.47,1296.6901,1319.965,10471
2025-01-30 11:30:00,1319.965,1323.58,1296.0812,1299.115,7907
2025-01-30 12:30:00,1301.312,1309.82,1294.37,1307.0,4149
2025-01-30 13:30:00,1307.0,1309.82,1294.65,1303.52,6963
2025-01-30 14:30:00,1301.981674,1310.43,1298.755,1305.85,8663
2025-01-30 15:30:00,1305.45,1308.72,1276.3887,1290.7,26901
2025-01-31 09:30:00,1303.19,1325.0,1263.97,1303.605,12564
2025-01-31 10:30:00,1304.86,1335.55,1300.24,1324.26,8950
2025-01-31 11:30:00,1324.3,1332.2688,1305.3512,1311.884716,9081
2025-01-31 12:30:00,1312.575,1325.7299,1308.15,1314.31,9687
2025-01-31 13:30:00,1310.9,1320.93,1297.76,1311.06,6127
2025-01-31 14:30:00,1308.235,1316.07,1290.41,1297.59,10786
2025-01-31 15:30:00,1296.905,1307.0899,1290.2001,1294.89,19605
2025-02-03 09:30:00,1281.59,1310.63,1249.3133,1298.385,16451
2025-02-03 10:30:00,1300.79,1332.28,1290.68,1324.34,13251
2025-02-03 11:30:00,1324.1444,1329.87,1311.2,1320.85,8903
2025-02-03 12:30:00,1320.7,1323.4471,1301.91,1314.4104,6367
2025-02-03 13:30:00,1318.02,1344.48,1281.59,1331.46,11348
2025-02-03 14:30:00,1326.0201,1345.0,1325.68,1339.345,12906
2025-02-03 15:30:00,1338.11,1341.55,1325.71,1332.52,17097
2025-02-04 09:30:00,1329.44,1371.26,1294.68,1365.5199,18835
2025-02-04 10:30:00,1364.62,1371.26,1342.4612,1363.8862,12804
2025-02-04 11:30:00,1364.11,1367.8088,1347.5,1348.705,6665
2025-02-04 12:30:00,1351.5988,1358.7418,1345.81,1354.6,4054
2025-02-04 13:30:00,1355.54,1364.3288,1349.82,1356.42,6974
2025-02-04 14:30:00,1356.5,1364.51,1336.8801,1352.4899,9960
2025-02-04 15:30:00,1346.38,1362.6199,1340.28,1359.42,22016
2025-02-05 09:30:00,1372.37,1394.0,1357.26,1380.1812,11240
2025-02-05 10:30:00,1386.646931,1393.26,1372.45,1382.995,6006
2025-02-05 11:30:00,1380.6907,1388.35,1372.56,1376.5701,5692
2025-02-05 12:30:00,1373.92,1392.79,1373.91,1389.0362,7854
2025-02-05 13:30:00,1391.0,1400.0,1385.6712,1396.18,7218
2025-02-05 14:30:00,1394.9401,1409.05,1391.89,1394.6,9530
2025-02-05 15:30:00,1395.595,1401.704,1389.4,1393.48,11326
2025-02-06 09:30:00,1400.0,1420.91,1364.36,1371.3223,11141
2025-02-06 10:30:00,1367.94,1382.47,1360.75,1371.27,9503
2025-02-06 11:30:00,1372.0,1376.53,1351.88,1358.2258,10899
2025-02-06 12:30:00,1355.02,1357.48,1343.0,1344.16,8535
2025-02-06 13:30:00,1343.01,1347.97,1317.32,1320.39,14902
2025-02-06 14:30:00,1322.6652,1343.12,1309.1,1336.66,21520
2025-02-06 15:30:00,1340.77,1344.75,1326.99,1335.13,26572
2025-02-07 09:30:00,1346.07,1373.8599,1315.8012,1364.29,8850
2025-02-07 10:30:00,1368.72,1369.18,1344.8801,1351.66,5709
2025-02-07 11:30:00,1353.37,1359.76,1343.4283,1351.545,7948
2025-02-07 12:30:00,1351.545,1369.36,1344.69,1366.0057,4785
2025-02-07 13:30:00,1368.965,1370.0,1354.63,1360.21,4547
2025-02-07 14:30:00,1358.17,1368.52,1345.0,1347.885,8294
2025-02-07 15:30:00,1349.91,1351.4799,1337.16,1347.32,17905
2025-02-10 09:30:00,1363.5,1386.0,1339.15,1385.935,8044
2025-02-10 10:30:00,1385.39,1392.2016,1376.7301,1385.391005,6299
2025-02-10 11:30:00,1385.26,1393.32,1373.1105,1384.7,8932
2025-02-10 12:30:00,1386.2957,1391.5,1381.86,1387.3388,5727
2025-02-10 13:30:00,1384.2205,1388.54,1376.1212,1379.1182,5801
2025-02-10 14:30:00,1379.02,1381.6121,1365.8712,1372.25,8965
2025-02-10 15:30:00,1373.73,1389.588,1372.3905,1378.64,17448
2025-02-11 09:30:00,1383.25,1402.6099,1347.9612,1358.79,8292
2025-02-11 10:30:00,1363.03,1379.38,1352.72,1373.86,7721
2025-02-11 11:30:00,1373.26,1376.28,1364.03,1369.415,3628
2025-02-11 12:30:00,1372.09,1377.93,1363.0,1370.055,2422
2025-02-11 13:30:00,1371.2498,1376.167,1363.0,1371.02,6708
2025-02-11 14:30:00,1368.62,1376.63,1363.0,1365.99,6900
2025-02-11 15:30:00,1367.675,1370.28,1357.55,1367.52,13980
2025-02-12 09:30:00,1341.0,1369.0667,1330.0,1354.15,10433
2025-02-12 10:30:00,1356.76,1371.475,1340.7395,1346.7,7747
2025-02-12 11:30:00,1345.93,1372.3699,1340.7702,1345.3275,13948
2025-02-12 12:30:00,1344.955,1350.59,1329.88,1333.12,8420
2025-02-12 13:30:00,1333.1806,1342.2899,1319.5501,1329.076337,8014
2025-02-12 14:30:00,1329.47,1347.94,1326.985,1342.15,11336
2025-02-12 15:30:00,1342.15,1353.8,1338.4526,1344.51,25389
2025-02-13 09:30:00,1336.18,1376.2999,1297.0012,1350.155,8798
2025-02-13 10:30:00,1353.0,1359.4699,1335.2312,1346.0,5223
2025-02-13 11:30:00,1341.17,1350.042,1326.29,1339.8075,5670
2025-02-13 12:30:00,1340.5,1343.09,1329.29,1342.1,5249
2025-02-13 13:30:00,1340.67,1357.8996,1329.0,1337.6101,6661
2025-02-13 14:30:00,1337.8093,1351.3419,1329.0012,1347.69,7359
2025-02-13 15:30:00,1348.295,1357.34,1346.19,1356.23,16172
2025-02-14 09:30:00,1365.43,1392.9599,1330.68,1354.55,9441
2025-02-14 10:30:00,1358.45,1365.9699,1346.3101,1358.485,4316
2025-02-14 11:30:00,1358.485,1366.81,1353.78,1359.6958,10810
2025-02-14 12:30:00,1359.79,1364.5,1352.5512,1355.96,3731
2025-02-14 13:30:00,1358.57,1368.0499,1355.29,1359.92,5860
2025-02-14 14:30:00,1359.765,1372.07,1359.6,1367.06,5528
2025-02-14 15:30:00,1367.3428,1375.82,1359.87,1375.285,17106
2025-02-18 09:30:00,1388.53,1395.0,1362.7412,1386.4671,18635
2025-02-18 10:30:00,1383.16,1400.0,1380.696,1386.95,7327
2025-02-18 11:30:00,1390.07,1395.0,1379.1703,1386.46,8047
2025-02-18 12:30:00,1384.1939,1416.0,1381.64,1406.96,16056
2025-02-18 13:30:00,1415.07,1420.0,1395.83,1406.89,10451
2025-02-18 14:30:00,1403.775,1412.3488,1399.69,1406.74,14674
2025-02-18 15:30:00,1408.24,1418.97,1403.67,1411.75,20461
2025-02-19 09:30:00,1420.0,1449.98,1384.53,1423.1537,17257
2025-02-19 10:30:00,1424.0,1434.0655,1410.48,1428.455,10104
2025-02-19 11:30:00,1429.19,1440.0,1426.6422,1430.16,8094
2025-02-19 12:30:00,1429.0,1432.86,1410.04,1415.525,6740
2025-02-19 13:30:00,1415.8118,1419.94,1399.81,1418.71,7329
2025-02-19 14:30:00,1419.03,1429.13,1409.0,1409.095,22200
2025-02-19 15:30:00,1409.09,1414.3654,1398.61,1406.525,32680
2025-02-20 09:30:00,1442.25,1489.2081,1372.01,1436.57,33172
2025-02-20 10:30:00,1435.22,1486.55,1387.78,1418.33,16875
2025-02-20 11:30:00,1415.79,1460.0,1413.41,1450.0,20414
2025-02-20 12:30:00,1453.26,1459.9999,1422.4,1424.95,9815
2025-02-20 13:30:00,1422.87,1430.68,1407.83,1413.1884,7330
2025-02-20 14:30:00,1413.925,1439.25,1403.09,1436.92,12876
2025-02-20 15:30:00,1439.1499,1459.3246,1430.02,1433.74,35977
2025-02-21 09:30:00,1410.875,1447.8888,1347.0401,1376.6361,25990
2025-02-21 10:30:00,1378.43,1407.346,1367.81,1397.3,11299
2025-02-21 11:30:00,1401.5336,1415.94,1392.9801,1405.765,8379
2025-02-21 12:30:00,1405.765,1409.01,1346.82,1354.1495,12145
2025-02-21 13:30:00,1353.0,1370.45,1332.6601,1341.8897,26462
2025-02-21 14:30:00,1344.29,1373.51,1330.27,1351.0036,27508
2025-02-21 15:30:00,1349.3,1362.5699,1338.0,1343.17,37891
2025-02-24 09:30:00,1348.98,1370.77,1294.99,1310.0203,18553
2025-02-24 10:30:00,1310.38,1324.2099,1288.76,1308.567,13556
2025-02-24 11:30:00,1305.2228,1317.37,1297.29,1303.4088,16962
2025-02-24 12:30:00,1303.31,1315.9488,1292.29,1310.25,8345
2025-02-24 13:30:00,1311.55,1323.42,1307.0,1310.0,7977
2025-02-24 14:30:00,1310.31,1314.65,1297.39,1301.3,11994
2025-02-24 15:30:00,1301.9546,1310.68,1292.66,1297.64,29961
2025-02-25 09:30:00,1288.53,1300.0,1230.52,1238.02,21945
2025-02-25 10:30:00,1237.275,1262.63,1231.93,1242.53,22509
2025-02-25 11:30:00,1246.71,1262.4099,1231.26,1251.955,12075
2025-02-25 12:30:00,1251.955,1274.9999,1244.32,1265.5,10343
2025-02-25 13:30:00,1269.32,1274.8988,1257.8,1264.04,9758
2025-02-25 14:30:00,1263.53,1299.5,1263.2512,1294.3459,18938
2025-02-25 15:30:00,1295.695,1300.0,1282.75,1287.18,27275
2025-02-26 09:30:00,1301.17,1363.24,1272.49,1356.025,17366
2025-02-26 10:30:00,1355.845,1375.54,1340.0001,1367.72,13725
2025-02-26 11:30:00,1369.74,1374.5288,1348.0312,1366.025,7442
2025-02-26 12:30:00,1365.575,1371.5,1336.94,1336.94,7566
2025-02-26 13:30:00,1339.87,1347.2399,1323.94,1342.9,7608
2025-02-26 14:30:00,1338.755,1350.0,1325.48,1339.127911,11389
2025-02-26 15:30:00,1339.02,1354.27,1332.9001,1348.01,19250
2025-04-28 09:30:00,1323.44,1355.0,1296.33,1340.89,7433
2025-04-28 10:30:00,1343.81,1355.0,1314.1999,1318.605,7658
2025-04-28 11:30:00,1320.0,1335.0,1318.605,1324.61,3223
2025-04-28 12:30:00,1323.93,1335.64,1322.63,1329.274,5419
2025-04-28 13:30:00,1333.3317,1345.36,1327.585,1343.37,3471
2025-04-28 14:30:00,1340.49,1355.0,1338.6412,1349.99,8278
2025-04-28 15:30:00,1351.42,1358.28,1342.27,1354.78,12685
2025-04-29 09:30:00,1320.835,1372.75,1309.34,1311.52,10433
2025-04-29 10:30:00,1312.16,1341.6521,1308.46,1335.27,5401
2025-04-29 11:30:00,1333.2716,1343.205,1328.0601,1337.44,6816
2025-04-29 12:30:00,1335.041,1340.79,1299.1515,1338.51,4200
2025-04-29 13:30:00,1338.62,1348.01,1333.209,1339.235,4404
2025-04-29 14:30:00,1339.235,1342.4,1332.1112,1335.04,6719
2025-04-29 15:30:00,1335.04,1338.86,1326.46,1330.49,10026
2025-04-30 09:30:00,1305.93,1319.03,1267.5712,1300.62,12988
2025-04-30 10:30:00,1300.12,1311.37,1280.0001,1300.79,8397
2025-04-30 11:30:00,1300.79,1306.9313,1268.95,1270.05,9027
2025-04-30 12:30:00,1270.0,1286.58,1261.3512,1285.305,9032
2025-04-30 13:30:00,1284.37,1299.22,1282.025,1285.04,8118
2025-04-30 14:30:00,1285.39,1288.3399,1272.5812,1275.67,10916
2025-04-30 15:30:00,1277.1118,1294.6,1271.9001,1290.5,22568
2025-05-01 09:30:00,1278.0,1327.7399,1246.3512,1314.31,13015
2025-05-01 10:30:00,1311.9973,1331.97,1308.35,1325.43,8736
2025-05-01 11:30:00,1327.422,1328.91,1288.0,1293.12,8462
2025-05-01 12:30:00,1293.79,1352.84,1289.47,1307.0796,7374
2025-05-01 13:30:00,1309.3,1334.9388,1298.66,1327.16,10002
2025-05-01 14:30:00,1326.65,1334.94,1310.17,1324.5046,11309
2025-05-01 15:30:00,1324.5674,1332.82,1305.33,1306.15,22321
2025-05-02 09:30:00,1329.2,1350.0,1291.2712,1349.89,14118
2025-05-02 10:30:00,1344.05,1360.1,1332.6,1346.82,9594
2025-05-02 11:30:00,1345.99,1365.78,1338.31,1352.54,12288
2025-05-02 12:30:00,1353.46,1365.8888,1326.8512,1352.84,12254
2025-05-02 13:30:00,1342.99,1354.63,1337.2,1349.06,6232
2025-05-02 14:30:00,1348.96,1353.37,1336.36,1346.03,8116
2025-05-02 15:30:00,1346.45,1352.54,1340.815,1350.07,18722
2025-05-05 09:30:00,1318.34,1329.0,1290.9324,1314.05,15011
2025-05-05 10:30:00,1312.58,1325.38,1306.7101,1315.92,5914
2025-05-05 11:30:00,1316.2478,1327.63,1313.08,1320.13,4535
2025-05-05 12:30:00,1321.45,1324.7288,1308.53,1317.06,4977
2025-05-05 13:30:00,1317.13,1334.0699,1315.16,1328.1,7397
2025-05-05 14:30:00,1328.6,1333.2,1321.3712,1324.4,7038
2025-05-05 15:30:00,1325.815,1328.5156,1315.0,1324.59,14605
2025-05-06 09:30:00,1326.26,1355.12,1308.31,1334.06,13000
2025-05-06 10:30:00,1331.77,1339.9176,1310.025,1335.648,13559
2025-05-06 11:30:00,1333.8423,1340.0,1320.78,1324.315,7579
2025-05-06 12:30:00,1324.315,1328.1199,1304.0,1321.27,5279
2025-05-06 13:30:00,1318.62,1333.68,1315.37,1326.4434,5747
2025-05-06 14:30:00,1327.59,1341.01,1321.99,1336.76,8726
2025-05-06 15:30:00,1337.8875,1344.99,1331.25,1337.61,23657
2025-05-07 09:30:00,1332.2,1360.0,1293.23,1333.141,18259
2025-05-07 10:30:00,1331.15,1339.7288,1317.58,1326.785,9796
2025-05-07 11:30:00,1325.5012,1341.2188,1322.17,1330.32,8076
2025-05-07 12:30:00,1334.0928,1345.01,1327.914,1334.53,5141
2025-05-07 13:30:00,1333.87,1337.76,1317.17,1326.8,8585
2025-05-07 14:30:00,1325.1785,1335.95,1319.6412,1325.9902,16166
2025-05-07 15:30:00,1329.23,1343.66,1321.5112,1340.05,22532
2025-05-08 09:30:00,1320.0,1388.4288,1302.83,1348.0,21061
2025-05-08 10:30:00,1354.41,1383.43,1279.99,1328.8771,33164
2025-05-08 11:30:00,1334.88,1367.1699,1300.0,1314.2022,23345
2025-05-08 12:30:00,1315.79,1323.18,1259.93,1299.28,23477
2025-05-08 13:30:00,1289.05,1309.03,1261.17,1296.33,12218
2025-05-08 14:30:00,1297.6918,1327.64,1268.0012,1306.015,20140
2025-05-08 15:30:00,1304.2402,1330.0,1274.96,1292.2,27386
2025-05-09 09:30:00,1310.0,1330.0,1262.48,1277.64,17318
2025-05-09 10:30:00,1279.0,1298.26,1276.9438,1281.79,6641
2025-05-09 11:30:00,1284.24,1298.7699,1279.92,1289.464,4068
2025-05-09 12:30:00,1290.592,1295.82,1283.5101,1289.72,4747
2025-05-09 13:30:00,1290.4861,1292.8099,1282.605,1286.7316,8093
2025-05-09 14:30:00,1283.51,1310.0,1281.5,1305.66,10507
2025-05-09 15:30:00,1308.36,1313.2298,1300.0,1304.24,17853
2025-05-12 09:30:00,1368.97,1370.0,1315.4812,1324.065,18581
2025-05-12 10:30:00,1326.52,1340.41,1315.9812,1323.98,9978
2025-05-12 11:30:00,1325.42,1329.22,1309.645,1323.29,8535
2025-05-12 12:30:00,1324.08,1334.1488,1320.97,1326.2182,4773
2025-05-12 13:30:00,1325.4195,1339.02,1325.045,1332.23,6163
2025-05-12 14:30:00,1333.51,1341.755,1329.5412,1341.755,8874
2025-05-12 15:30:00,1339.4808,1345.6,1333.68,1337.53,15799
2025-05-13 09:30:00,1348.4,1376.7688,1309.25,1355.65,16566
2025-05-13 10:30:00,1356.355,1367.1499,1351.03,1362.52,8178
2025-05-13 11:30:00,1361.76,1378.708,1358.7,1376.2856,10995
2025-05-13 12:30:00,1377.2,1389.13,1372.7512,1383.68,10749
2025-05-13 13:30:00,1384.03,1392.0,1345.0424,1376.71,10248
2025-05-13 14:30:00,1377.45,1389.93,1374.29,1385.14,12044
2025-05-13 15:30:00,1387.45,1387.45,1375.51,1375.51,14988
2025-05-14 09:30:00,1377.49,1391.5,1360.0,1380.33,11092
2025-05-14 10:30:00,1379.06,1398.24,1373.3,1393.1053,10769
2025-05-14 11:30:00,1395.92,1399.8588,1382.36,1396.205,9144
2025-05-14 12:30:00,1397.97,1405.32,1386.17,1391.26,12956
2025-05-14 13:30:00,1394.62,1406.92,1386.8412,1396.45,10150
2025-05-14 14:30:00,1400.83,1408.09,1388.0576,1390.8975,11450
2025-05-14 15:30:00,1393.13,1409.46,1387.7401,1403.97,39386
2025-05-15 09:30:00,1386.04,1409.9999,1349.71,1374.21,9876
2025-05-15 10:30:00,1374.21,1393.1888,1366.8101,1387.65,7409
2025-05-15 11:30:00,1388.9205,1404.6088,1382.615,1396.15,9591
2025-05-15 12:30:00,1395.9359,1408.445,1393.56,1407.38,7076
2025-05-15 13:30:00,1403.085,1409.5,1387.0301,1395.864,5641
2025-05-15 14:30:00,1401.5,1412.55,1389.29,1402.525,17734
2025-05-15 15:30:00,1402.56,1420.0,1400.11,1417.93,27912
