bar_start,open,high,low,close,volume
2021-01-26 09:30:00,42.0,42.6461,41.65,41.83,9000840
2021-01-26 10:30:00,41.83,41.905,41.2,41.3699,3509391
2021-01-26 11:30:00,41.36,41.39,40.93,41.1,3902967
2021-01-26 12:30:00,41.1,41.18,40.97,41.09,2106240
2021-01-26 13:30:00,41.095,41.1299,40.9601,40.9881,1752910
2021-01-26 14:30:00,40.99,41.06,40.81,40.94,2767980
2021-01-26 15:30:00,40.945,40.95,40.73,40.73,3644928
2021-01-27 09:30:00,40.07,40.36,39.51,40.26,13932570
2021-01-27 10:30:00,40.27,40.985,40.265,40.98,7075933
2021-01-27 11:30:00,40.98,41.32,40.83,41.0479,7324290
2021-01-27 12:30:00,41.04,41.225,40.9298,41.17,4266610
2021-01-27 13:30:00,41.16,41.19,40.58,40.645,4049570
2021-01-27 14:30:00,40.64,40.97,40.2325,40.28,6630985
2021-01-27 15:30:00,40.28,40.42,40.07,40.22,5933133
2021-01-28 09:30:00,40.53,41.16,40.41,40.58,8451214
2021-01-28 10:30:00,40.59,40.765,40.16,40.32,5711913
2021-01-28 11:30:00,40.315,40.75,40.195,40.64,2511242
2021-01-28 12:30:00,40.64,40.655,40.35,40.5,2281694
2021-01-28 13:30:00,40.51,40.87,40.495,40.77,1711681
2021-01-28 14:30:00,40.77,40.925,40.61,40.64,2392583
2021-01-28 15:30:00,40.635,40.83,40.63,40.66,5154391
2021-01-29 09:30:00,40.1,40.62,40.03,40.4771,5336442
2021-01-29 10:30:00,40.475,40.585,39.95,39.97,2994943
2021-01-29 11:30:00,39.97,40.03,39.54,39.575,3591378
2021-01-29 12:30:00,39.5718,39.64,39.1711,39.5,5703321
2021-01-29 13:30:00,39.49,39.6,39.28,39.2901,3006425
2021-01-29 14:30:00,39.3,39.6699,39.2,39.56,4328606
2021-01-29 15:30:00,39.559,39.66,39.22,39.32,5440146
2021-02-01 09:30:00,39.8,39.9,38.975,39.05,7404619
2021-02-01 10:30:00,39.0499,39.32,38.94,39.27,4728120
2021-02-01 11:30:00,39.27,39.41,39.045,39.195,4724293
2021-02-01 12:30:00,39.19,39.45,39.185,39.42,2992606
2021-02-01 13:30:00,39.42,39.78,39.4101,39.758,3080728
2021-02-01 14:30:00,39.7516,40.0,39.32,39.63,3038704
2021-02-01 15:30:00,39.63,39.7424,39.56,39.6,3628057
2021-02-02 09:30:00,40.55,40.96,40.08,40.37,11518937
2021-02-02 10:30:00,40.37,40.99,40.24,40.78,5068766
2021-02-02 11:30:00,40.7837,40.7837,40.3325,40.51,2712926
2021-02-02 12:30:00,40.51,40.55,40.21,40.2577,2633793
2021-02-02 13:30:00,40.255,40.28,40.04,40.0656,2194355
2021-02-02 14:30:00,40.07,40.26,40.045,40.1923,2896465
2021-02-02 15:30:00,40.19,40.29,40.025,40.025,4629354
2021-02-03 09:30:00,40.25,41.175,40.09,41.005,7081475
2021-02-03 10:30:00,41.01,41.48,40.75,41.19,4062829
2021-02-03 11:30:00,41.2,41.72,41.18,41.5206,5512822
2021-02-03 12:30:00,41.525,41.71,41.26,41.31,3147809
2021-02-03 13:30:00,41.31,41.65,41.28,41.62,3015030
2021-02-03 14:30:00,41.61,41.85,41.57,41.59,6974691
2021-02-03 15:30:00,41.59,41.825,41.57,41.75,5467890
2021-02-04 09:30:00,42.05,42.19,41.3,41.31,7303195
2021-02-04 10:30:00,41.31,41.93,41.31,41.885,3685384
2021-02-04 11:30:00,41.88,41.98,41.7919,41.98,3191488
2021-02-04 12:30:00,41.97,42.13,41.75,42.06,2373791
2021-02-04 13:30:00,42.06,42.15,42.03,42.12,2190811
2021-02-04 14:30:00,42.1281,42.19,41.91,41.98,2461335
2021-02-04 15:30:00,41.985,42.21,41.9,42.19,2247955
2021-02-05 09:30:00,42.87,42.995,42.479696,42.77,8416914
2021-02-05 10:30:00,42.77,43.0,42.6741,42.76,5157712
2021-02-05 11:30:00,42.75,42.785,42.535,42.69,1562462
2021-02-05 12:30:00,42.7,42.705,42.53,42.55,1842513
2021-02-05 13:30:00,42.545,42.63,42.435,42.57,1492766
2021-02-05 14:30:00,42.57,42.59,42.465,42.475,1548062
2021-02-05 15:30:00,42.47,42.61,42.47,42.55,2783942
2021-02-08 09:30:00,43.18,43.95,43.14,43.9358,8658693
2021-02-08 10:30:00,43.94,44.05,43.75,43.8619,5834094
2021-02-08 11:30:00,43.87,44.15,43.64,44.135,3450804
2021-02-08 12:30:00,44.14,44.23,44.05,44.175,2807643
2021-02-08 13:30:00,44.1781,44.39,44.16,44.385,3208818
2021-02-08 14:30:00,44.39,44.55,44.36,44.465,3192454
2021-02-08 15:30:00,44.47,44.53,44.24,44.33,3390820
2021-02-09 09:30:00,43.99,44.01,43.285,43.82,7167058
2021-02-09 10:30:00,43.82,43.85,43.42,43.65,3195830
2021-02-09 11:30:00,43.645,43.805,43.5,43.75,3975388
2021-02-09 12:30:00,43.755,44.02,43.754,43.8381,5020671
2021-02-09 13:30:00,43.83,44.13,43.81,44.08,2813208
2021-02-09 14:30:00,44.07,44.095,43.8219,43.8219,4306850
2021-02-09 15:30:00,43.825,44.0,43.78,43.84,3312404
2021-02-10 09:30:00,44.03,44.59,43.86,44.1401,5701989
2021-02-10 10:30:00,44.16,44.5081,43.74,44.3066,4917602
2021-02-10 11:30:00,44.31,44.73,44.23,44.59,2756977
2021-02-10 12:30:00,44.58,44.64,44.41,44.51,2057498
2021-02-10 13:30:00,44.51,44.6,44.3538,44.425,2983236
2021-02-10 14:30:00,44.43,44.75,44.4,44.595,2990555
2021-02-10 15:30:00,44.5925,44.72,44.42,44.7,4773756
2021-02-11 09:30:00,44.56,44.58,44.115,44.23,4445935
2021-02-11 10:30:00,44.23,44.3,43.565,43.7699,6218235
2021-02-11 11:30:00,43.76,43.7881,43.085,43.11,2900385
2021-02-11 12:30:00,43.11,43.68,43.11,43.615,3725245
2021-02-11 13:30:00,43.61,43.76,43.35,43.7,1879882
2021-02-11 14:30:00,43.68,43.86,43.6,43.8,2174300
2021-02-11 15:30:00,43.8075,44.06,43.791,44.04,3161311
2021-02-12 09:30:00,43.705,44.41,43.63,44.19,4613346
2021-02-12 10:30:00,44.19,44.32,43.9619,44.0581,2944371
2021-02-12 11:30:00,44.06,44.668,44.04,44.615,3999643
2021-02-12 12:30:00,44.62,44.62,44.36,44.4219,2710712
2021-02-12 13:30:00,44.42,44.6056,44.29,44.405,2479940
2021-02-12 14:30:00,44.405,44.6056,44.37,44.4799,2157543
2021-02-12 15:30:00,44.47,44.71,44.4301,44.64,4082625
2021-02-16 09:30:00,45.7,46.32,45.5281,45.84,11210913
2021-02-16 10:30:00,45.85,45.95,45.58,45.83,5155829
2021-02-16 11:30:00,45.83,46.078432,45.465,45.71,5884649
2021-02-16 12:30:00,45.7,45.91,45.675,45.765,3783071
2021-02-16 13:30:00,45.76,46.0,45.645,46.0,3828967
2021-02-16 14:30:00,46.0,46.04,44.0,45.96,3448385
2021-02-16 15:30:00,45.96,46.035,45.77,45.82,4289015
2021-02-17 09:30:00,46.25,46.77,45.75,46.34,10037856
2021-02-17 10:30:00,46.34,46.42,45.7,45.9,7072915
2021-02-17 11:30:00,45.895,46.02,45.59,46.0,3498105
2021-02-17 12:30:00,46.0,46.23,45.8112,46.22,2660849
2021-02-17 13:30:00,46.2119,46.29,46.0799,46.255,2733823
2021-02-17 14:30:00,46.255,46.61,46.23,46.27,2816322
2021-02-17 15:30:00,46.27,46.53,46.24,46.48,3832615
2021-02-18 09:30:00,46.27,46.36,45.305,45.4501,9525135
2021-02-18 10:30:00,45.46,46.0617,45.27,45.795,6527830
2021-02-18 11:30:00,45.79,45.8984,45.54,45.71,4690805
2021-02-18 12:30:00,45.7,45.76,45.45,45.74,1743102
2021-02-18 13:30:00,45.73,45.78,45.58,45.71,2274566
2021-02-18 14:30:00,45.7028,45.73,45.46,45.515,2483421
2021-02-18 15:30:00,45.51,45.56,45.4,45.41,3303163
2021-02-22 09:30:00,46.49,48.0,46.41,47.985,10198969
2021-02-22 10:30:00,47.985,48.19,46.49,47.94,6859771
2021-02-22 11:30:00,47.95,48.3782,46.49,48.3729,3126250
2021-02-22 12:30:00,48.37,48.47,46.49,48.25,4165247
2021-02-22 13:30:00,48.25,48.38,48.08,48.38,3339475
2021-02-22 14:30:00,48.375,48.42,47.895,47.91,4259442
2021-02-22 15:30:00,47.91,48.025,47.76,47.79,4510414
2021-02-23 09:30:00,48.22,48.42,46.51,48.23,17610819
2021-02-23 10:30:00,48.225,48.3,47.35,47.7,4313659
2021-02-23 11:30:00,47.7,48.16,47.65,48.129,4325561
2021-02-23 12:30:00,48.125,48.275,47.706651,48.13,3246983
2021-02-23 13:30:00,48.135,48.46,48.075,48.4,5039220
2021-02-23 14:30:00,48.405,48.68,48.18,48.63,6062922
2021-02-23 15:30:00,48.63,48.71,48.5,48.53,7863042
2021-02-24 09:30:00,48.89,49.835,48.48,49.66,9938070
2021-02-24 10:30:00,49.66,50.225,49.63,50.175,6073945
2021-02-24 11:30:00,50.175,50.41,49.8701,50.22,5828648
2021-02-24 12:30:00,50.225,50.42,48.5418,50.42,3260345
2021-02-24 13:30:00,50.43,50.52,50.24,50.47,2791817
2021-02-24 14:30:00,50.48,50.58,50.22,50.265,3739187
2021-02-24 15:30:00,50.265,50.3957,50.175,50.3,4536488
2021-02-25 09:30:00,50.81,50.81,50.02,50.35,8683540
2021-02-25 10:30:00,50.34,50.4,49.77,50.1899,5047493
2021-02-25 11:30:00,50.18,50.2,49.71,49.7701,3619965
2021-02-25 12:30:00,49.775,49.8696,49.01,49.605,5109118
2021-02-25 13:30:00,49.605,50.3001,49.09,50.05,4228397
2021-02-25 14:30:00,50.05,50.0636,49.21,49.24,5105286
2021-02-25 15:30:00,49.24,50.0,48.98,49.29,5475395
2021-02-26 09:30:00,48.63,48.8,46.73,46.78,16168517
2021-02-26 10:30:00,46.78,49.2987,46.76,47.8181,7899282
2021-02-26 11:30:00,47.82,48.63,47.79,48.4801,5600363
2021-02-26 12:30:00,48.49,48.62,48.133334,48.47,2758674
2021-02-26 13:30:00,48.47,49.2987,46.85,48.0295,3588991
2021-02-26 14:30:00,48.02,48.55,47.985,48.245,2879974
2021-02-26 15:30:00,48.245,48.72,48.14,48.14,4746207
2021-03-01 09:30:00,49.42,50.08,49.06,49.775,9189196
2021-03-01 10:30:00,49.77,50.035,49.7,49.87,4090221
2021-03-01 11:30:00,49.88,49.9458,48.166,49.76,3503319
2021-03-01 12:30:00,49.76,49.85,49.06,49.25,4841507
2021-03-01 13:30:00,49.25,49.7,49.23,49.6519,3202471
2021-03-01 14:30:00,49.6599,49.785,49.39,49.45,3295597
2021-03-01 15:30:00,49.4463,49.535,49.32,49.4,5732496
2021-03-02 09:30:00,49.58,49.98,49.26,49.5563,9440892
2021-03-02 10:30:00,49.55,49.81,48.18,49.41,4218224
2021-03-02 11:30:00,49.41,49.44,49.142,49.4,3207362
2021-03-02 12:30:00,49.39,49.61,49.36,49.53,1819835
2021-03-02 13:30:00,49.54,49.69,49.26,49.27,3607468
2021-03-02 14:30:00,49.265,49.51,49.22,49.33,3152351
2021-03-02 15:30:00,49.3225,49.47,49.1,49.12,10423869
2021-03-03 09:30:00,49.49,50.2119,49.48,50.04,8302305
2021-03-03 10:30:00,50.03,50.37,49.74,50.17,9946338
2021-03-03 11:30:00,50.1794,50.48,50.1,50.417,3615531
2021-03-03 12:30:00,50.413,50.98,49.1223,50.9075,3728241
2021-03-03 13:30:00,50.9,50.9799,50.245,50.4,4488048
2021-03-03 14:30:00,50.4,50.6,50.15,50.19,5492240
2021-03-03 15:30:00,50.19,50.31,49.79,49.81,3418703
2021-03-04 09:30:00,50.36,50.945,50.07,50.805,10813719
2021-03-04 10:30:00,50.805,51.85,49.85,51.49,8885010
2021-03-04 11:30:00,51.49,51.96,50.48,51.69,5700182
2021-03-04 12:30:00,51.685,51.69,50.42,50.77,7339133
2021-03-04 13:30:00,50.7675,50.965,49.8173,50.63,7544669
2021-03-04 14:30:00,50.62,50.9897,49.8173,50.7125,5767989
2021-03-04 15:30:00,50.71,51.18,50.68,51.03,5854413
2021-03-05 09:30:00,52.49,53.01,52.02,52.13,16169275
2021-03-05 10:30:00,52.14,52.46,51.1719,51.27,9061283
2021-03-05 11:30:00,51.2781,52.52,51.2781,52.4381,8038308
2021-03-05 12:30:00,52.439,52.73,51.0251,52.695,5935151
2021-03-05 13:30:00,52.71,52.92,52.155,52.68,4553416
2021-03-05 14:30:00,52.68,53.0,52.35,52.825,5544463
2021-03-05 15:30:00,52.83,53.07,52.725,52.97,5946468
2021-03-08 09:30:00,53.47,53.75,52.28,52.6999,17293703
2021-03-08 10:30:00,52.695,53.2,52.65,53.17,5994490
2021-03-08 11:30:00,53.16,53.49,52.97,53.415,5740276
2021-03-08 12:30:00,53.41,53.58,53.125,53.1898,4768745
2021-03-08 13:30:00,53.19,53.4,52.66,53.375,4821265
2021-03-08 14:30:00,53.375,53.41,52.97,53.19,4595926
2021-03-08 15:30:00,53.19,53.44,53.05,53.055,6271900
2021-03-09 09:30:00,52.8,52.905,51.745,52.49,11213536
2021-03-09 10:30:00,52.49,53.51,52.43,52.985,6921772
2021-03-09 11:30:00,52.99,53.515,52.63,52.66,14488359
2021-03-09 12:30:00,52.665,52.8197,52.38,52.4501,3680619
2021-03-09 13:30:00,52.455,52.595,52.29,52.38,4361290
2021-03-09 14:30:00,52.38,52.63,52.28,52.28,5644333
2021-03-09 15:30:00,52.28,52.33,52.0,52.02,7615762
2021-03-10 09:30:00,52.2,52.86,51.95,52.46,9418717
2021-03-10 10:30:00,52.45,53.155,52.44,52.74,5620492
2021-03-10 11:30:00,52.74,53.1,52.56,52.58,3626633
2021-03-10 12:30:00,52.585,53.053,52.545,53.01,4543933
2021-03-10 13:30:00,53.02,53.44,52.0228,53.41,4358773
2021-03-10 14:30:00,53.42,53.43,53.125,53.28,4065364
2021-03-10 15:30:00,53.29,53.62,53.2725,53.39,5330816
2021-03-11 09:30:00,53.56,54.115,53.34,53.985,5721651
2021-03-11 10:30:00,53.98,54.365,52.59,54.055,3741555
2021-03-11 11:30:00,54.06,54.083,53.75,53.97,3388391
2021-03-11 12:30:00,53.97,54.07,53.7781,53.83,2598954
2021-03-11 13:30:00,53.83,53.85,53.505,53.75,2313577
2021-03-11 14:30:00,53.75,53.8001,53.41,53.485,3771481
2021-03-11 15:30:00,53.485,53.55,53.3925,53.46,3135671
2021-04-27 09:30:00,48.04,48.395,47.93,48.12,4375458
2021-04-27 10:30:00,48.125,48.3,48.0725,48.1599,2246786
2021-04-27 11:30:00,48.155,48.3135,48.15,48.2225,1842558
2021-04-27 12:30:00,48.2201,48.23,47.8595,47.88,1973488
2021-04-27 13:30:00,47.883,48.01,47.82,47.995,2068099
2021-04-27 14:30:00,47.995,48.51,47.95,48.5,3077927
2021-04-27 15:30:00,48.5,48.61,48.42,48.44,3923217
2021-04-28 09:30:00,48.8,49.78,48.75,49.73,6793239
2021-04-28 10:30:00,49.74,50.24,49.73,50.12,7647184
2021-04-28 11:30:00,50.12,50.235,49.93,50.037,3405248
2021-04-28 12:30:00,50.04,50.18,49.95,50.01,2510046
2021-04-28 13:30:00,50.01,50.0899,49.865,50.0439,2493268
2021-04-28 14:30:00,50.045,50.175,49.93,50.12,3373438
2021-04-28 15:30:00,50.125,50.3,50.0,50.09,4886714
2021-04-29 09:30:00,50.83,51.29,50.68,50.765,8694910
2021-04-29 10:30:00,50.76,50.78,50.3775,50.51,5775667
2021-04-29 11:30:00,50.51,50.55,50.0425,50.19,4887644
2021-04-29 12:30:00,50.18,50.9,50.14,50.49,3487051
2021-04-29 13:30:00,50.5,50.8,50.36,50.5999,2191014
2021-04-29 14:30:00,50.5975,50.82,50.46,50.47,3128447
2021-04-29 15:30:00,50.47,50.7,50.45,50.68,4272038
2021-04-30 09:30:00,49.88,50.64,49.7,50.02,6522534
2021-04-30 10:30:00,50.01,50.0133,49.635,49.69,3933632
2021-04-30 11:30:00,49.69,49.77,49.6101,49.7,2181883
2021-04-30 12:30:00,49.695,50.67,49.61,49.781,2123378
2021-04-30 13:30:00,49.78,49.85,49.525,49.5901,3074325
2021-04-30 14:30:00,49.59,49.65,49.405,49.51,2630029
2021-04-30 15:30:00,49.5199,53.57,47.86,49.33,6125157
2021-05-03 09:30:00,49.88,50.45,49.8,50.07,4971083
2021-05-03 10:30:00,50.07,50.475,50.03,50.395,3444155
2021-05-03 11:30:00,50.4,50.73,50.365,50.7105,3265486
2021-05-03 12:30:00,50.715,50.74,50.5725,50.58,2237071
2021-05-03 13:30:00,50.58,50.71,50.5275,50.7,2593718
2021-05-03 14:30:00,50.69,50.88,50.59,50.84,2566970
2021-05-03 15:30:00,50.84,50.85,50.66,50.77,3374878
2021-05-04 09:30:00,50.85,51.23,50.2,50.715,6630256
2021-05-04 10:30:00,50.71,51.01,50.37,50.66,4825478
2021-05-04 11:30:00,50.66,51.08,50.52,51.045,4131420
2021-05-04 12:30:00,51.05,51.07,50.735,50.925,1876109
2021-05-04 13:30:00,50.93,51.06,50.76,50.85,2176491
2021-05-04 14:30:00,50.85,50.97,50.7,50.814,2637446
2021-05-04 15:30:00,50.81,50.85,50.7,50.77,3970009
2021-05-05 09:30:00,51.41,52.19,50.98,52.0836,10389020
2021-05-05 10:30:00,52.085,52.5,52.02,52.4701,6023646
2021-05-05 11:30:00,52.475,52.5775,52.34,52.46,4238881
2021-05-05 12:30:00,52.46,52.4724,52.071,52.08,4243325
2021-05-05 13:30:00,52.075,52.43,51.935,52.42,5722809
2021-05-05 14:30:00,52.42,52.44,52.09,52.279,3604185
2021-05-05 15:30:00,52.27,52.46,52.195,52.42,4948630
2021-05-06 09:30:00,52.41,52.52,51.435,51.705,8028188
2021-05-06 10:30:00,51.7,52.2025,51.55,52.15,3764949
2021-05-06 11:30:00,52.16,52.435,51.985,52.3281,3556404
2021-05-06 12:30:00,52.32,52.35,52.03,52.33,2569967
2021-05-06 13:30:00,52.34,52.39,52.14,52.21,4111317
2021-05-06 14:30:00,52.215,52.42,52.1,52.38,2620502
2021-05-06 15:30:00,52.38,52.69,52.365,52.67,4202222
2021-05-07 09:30:00,52.15,53.1,51.96,52.535,7255441
2021-05-07 10:30:00,52.54,52.88,52.48,52.725,2800615
2021-05-07 11:30:00,52.73,53.3743,52.6845,53.345,3320002
2021-05-07 12:30:00,53.35,53.5,52.92,53.495,2799640
2021-05-07 13:30:00,53.495,53.715,53.39,53.669,3282825
2021-05-07 14:30:00,53.66,53.71,53.37,53.6599,5544046
2021-05-07 15:30:00,53.66,53.7499,53.57,53.65,5966165
2021-05-10 09:30:00,54.29,55.14,53.63,53.975,10512013
2021-05-10 10:30:00,53.97,54.34,53.6673,54.2219,5627713
2021-05-10 11:30:00,54.23,54.3899,53.6673,54.2297,3789258
2021-05-10 12:30:00,54.23,54.34,53.6673,54.32,2478691
2021-05-10 13:30:00,54.32,54.49,53.97,54.035,3112866
2021-05-10 14:30:00,54.025,54.24,53.81,54.09,3738745
2021-05-10 15:30:00,54.08,54.24,53.61,53.63,4234932
2021-05-11 09:30:00,52.52,53.2875,52.03,52.22,16364440
2021-05-11 10:30:00,52.22,52.37,51.81,52.3,9159278
2021-05-11 11:30:00,52.295,52.7,52.18,52.3081,6302148
2021-05-11 12:30:00,52.305,53.6369,52.16,52.4,4835570
2021-05-11 13:30:00,52.4,53.6369,52.258,52.435,6215117
2021-05-11 14:30:00,52.43,52.495,52.21,52.385,7899369
2021-05-11 15:30:00,52.38,52.4,52.085,52.27,4945007
2021-05-12 09:30:00,52.54,53.86,52.46,53.59,10346523
2021-05-12 10:30:00,53.59,53.96,53.435,53.65,7098025
2021-05-12 11:30:00,53.64,54.07,53.19,53.43,7370338
2021-05-12 12:30:00,53.43,53.5,53.1833,53.3529,3098274
2021-05-12 13:30:00,53.35,53.39,52.76,52.78,3110668
2021-05-12 14:30:00,52.7875,53.075,52.41,52.44,4499055
2021-05-12 15:30:00,52.44,52.56,52.28,52.51,4573347
2021-05-13 09:30:00,51.84,52.86,51.61,52.73,6824810
2021-05-13 10:30:00,52.72,52.83,52.135,52.16,3585784
2021-05-13 11:30:00,52.16,52.24,51.81,51.9676,4937305
2021-05-13 12:30:00,51.97,52.5288,51.48,51.64,6354412
2021-05-13 13:30:00,51.635,51.89,51.18,51.87,5647948
2021-05-13 14:30:00,51.88,51.96,51.72,51.89,5050936
2021-05-13 15:30:00,51.9,52.01,51.83,51.84,5837991
2021-05-14 09:30:00,52.46,53.375,52.45,53.12,7909153
2021-05-14 10:30:00,53.11,53.29,52.88,53.2,4561018
2021-05-14 11:30:00,53.2,53.33,53.12,53.2619,2269340
2021-05-14 12:30:00,53.26,53.51,53.22,53.4881,1866249
2021-05-14 13:30:00,53.485,53.68,51.8606,53.67,3081466
2021-05-14 14:30:00,53.67,53.69,53.075,53.508,5105925
2021-05-14 15:30:00,53.51,53.535,53.3,53.49,3289157
2021-05-17 09:30:00,53.3,54.1481,53.22,53.59,7398417
2021-05-17 10:30:00,53.59,54.0,53.54,53.81,3378441
2021-05-17 11:30:00,53.81,54.0099,53.8,53.9875,3641633
2021-05-17 12:30:00,53.98,54.14,53.935,54.08,3140851
2021-05-17 13:30:00,54.08,54.34,54.0,54.24,2491596
2021-05-17 14:30:00,54.24,54.47,54.15,54.46,3506744
2021-05-17 15:30:00,54.46,54.8,54.46,54.72,7892839
2021-05-18 09:30:00,54.65,54.85,53.78,54.07,9235485
2021-05-18 10:30:00,54.065,54.2,53.75,54.03,3977231
2021-05-18 11:30:00,54.035,54.64,53.3599,53.775,6021841
2021-05-18 12:30:00,53.78,53.87,53.44,53.62,4354504
2021-05-18 13:30:00,53.625,53.79,53.52,53.75,2294503
2021-05-18 14:30:00,53.75,53.9,53.52,53.8775,3643491
2021-05-18 15:30:00,53.875,53.93,53.43,53.43,4422227
2021-05-19 09:30:00,52.23,52.5375,51.45,51.8199,12617127
2021-05-19 10:30:00,51.81,52.265,51.4,52.24,7057632
2021-05-19 11:30:00,52.24,52.5399,52.1,52.4266,3831629
2021-05-19 12:30:00,52.425,52.725,51.45,52.53,2582398
2021-05-19 13:30:00,52.54,52.56,51.765,51.97,4336747
2021-05-19 14:30:00,51.97,52.07,51.545,51.9675,6036352
2021-05-19 15:30:00,51.965,52.18,51.855,52.1,6660744
2021-05-20 09:30:00,52.11,52.15,51.3081,51.655,8977238
2021-05-20 10:30:00,51.65,51.87,51.39,51.8,3356872
2021-05-20 11:30:00,51.81,51.985,51.5981,51.6075,2722685
2021-05-20 12:30:00,51.6063,51.8175,51.48,51.805,2068098
2021-05-20 13:30:00,51.8002,51.92,51.5901,51.855,2042114
2021-05-20 14:30:00,51.86,52.28,51.79,52.27,3056084
2021-05-20 15:30:00,52.2699,52.29,51.97,52.05,4852845
2021-05-21 09:30:00,52.64,52.935,52.31,52.59,5962330
2021-05-21 10:30:00,52.59,52.83,52.445,52.59,2999528
2021-05-21 11:30:00,52.59,52.7781,52.46,52.4899,2983195
2021-05-21 12:30:00,52.48,52.51,52.19,52.4399,2586386
2021-05-21 13:30:00,52.44,52.67,52.39,52.44,1851664
2021-05-21 14:30:00,52.4452,52.6575,52.415,52.58,2123045
2021-05-21 15:30:00,52.58,52.58,52.12,52.16,5159863
2021-05-24 09:30:00,52.52,52.62,51.9301,52.46,5825356
2021-05-24 10:30:00,52.45,52.545,52.311,52.4875,2283432
2021-05-24 11:30:00,52.485,52.505,52.15,52.275,3002843
2021-05-24 12:30:00,52.28,52.57,52.28,52.5199,1588574
2021-05-24 13:30:00,52.52,52.74,52.48,52.74,2998535
2021-05-24 14:30:00,52.74,52.86,52.66,52.77,3027622
2021-05-24 15:30:00,52.77,52.8,52.67,52.68,4366193
2021-05-25 09:30:00,52.6,52.69,52.04,52.16,5408003
2021-05-25 10:30:00,52.17,52.68,51.56,51.63,5258246
2021-05-25 11:30:00,51.625,51.91,51.57,51.8575,2612637
2021-05-25 12:30:00,51.855,51.91,51.71,51.8,2071105
2021-05-25 13:30:00,51.8,51.81,51.675,51.7101,1468548
2021-05-25 14:30:00,51.71,51.8,51.66,51.69,1916098
2021-05-25 15:30:00,51.685,51.7135,51.53,51.61,4293372
2021-05-26 09:30:00,51.65,51.8119,51.42,51.65,4194049
2021-05-26 10:30:00,51.65,52.03,51.612,51.975,3254127
2021-05-26 11:30:00,51.97,52.12,51.9243,52.07,1981762
2021-05-26 12:30:00,52.07,52.16,51.96,52.1275,1864331
2021-05-26 13:30:00,52.12,52.1381,51.84,51.88,2123340
2021-05-26 14:30:00,51.88,52.12,51.86,52.115,2156828
2021-05-26 15:30:00,52.12,52.255,52.0,52.09,3166040
2021-05-27 09:30:00,52.28,52.75,52.07,52.3381,4908227
2021-05-27 10:30:00,52.33,52.3501,52.03,52.115,2430943
2021-05-27 11:30:00,52.11,52.2,51.9525,52.01,1949773
2021-05-27 12:30:00,52.01,52.55,51.92,51.985,1147665
2021-05-27 13:30:00,51.98,51.99,51.82,51.985,1935935
2021-05-27 14:30:00,51.99,52.13,51.95,52.08,3130375
2021-05-27 15:30:00,52.08,52.19,52.05,52.12,3468457
2021-05-28 09:30:00,52.38,52.48,51.96,52.07,5060750
2021-05-28 10:30:00,52.0701,52.21,52.0,52.13,2239065
2021-05-28 11:30:00,52.13,52.15,51.9247,52.1,3023343
2021-05-28 12:30:00,52.0982,52.2299,52.0109,52.22,1561167
2021-05-28 13:30:00,52.2199,52.34,52.2,52.305,1862288
2021-05-28 14:30:00,52.3001,52.34,52.1655,52.17,1956831
2021-05-28 15:30:00,52.175,52.305,52.14,52.19,2453773
2021-06-01 09:30:00,53.24,54.3375,52.21,54.1,12870548
2021-06-01 10:30:00,54.109,54.28,53.93,53.99,5501347
2021-06-01 11:30:00,53.99,54.023,53.731,53.865,3890771
2021-06-01 12:30:00,53.8619,54.0,53.82,53.94,2457317
2021-06-01 13:30:00,53.9376,54.25,53.89,54.245,2748922
2021-06-01 14:30:00,54.25,54.28,54.01,54.101,3334112
2021-06-01 15:30:00,54.105,54.29,54.055,54.2401,4437614
2021-06-02 09:30:00,54.59,54.97,53.91,54.875,7828096
2021-06-02 10:30:00,54.875,55.01,54.7,55.005,5068202
2021-06-02 11:30:00,55.01,55.48,54.99,55.4399,4688705
2021-06-02 12:30:00,55.44,55.49,55.0,55.285,3629655
2021-06-02 13:30:00,55.29,55.325,53.1119,55.289,3843828
2021-06-02 14:30:00,55.28,55.4626,55.26,55.335,3295567
2021-06-02 15:30:00,55.34,55.36,55.17,55.24,4922213
2021-06-03 09:30:00,55.0,55.66,54.65,55.435,7933466
2021-06-03 10:30:00,55.435,55.62,55.33,55.36,4535453
2021-06-03 11:30:00,55.365,55.611,55.12,55.54,3095410
2021-06-03 12:30:00,55.54,55.6275,55.43,55.6075,1886977
2021-06-03 13:30:00,55.6,55.69,55.55,55.625,1853860
2021-06-03 14:30:00,55.62,55.64,55.3101,55.37,5151911
2021-06-03 15:30:00,55.37,55.44,55.29,55.4,4304018
2021-06-04 09:30:00,55.74,55.98,54.925,55.2677,8257955
2021-06-04 10:30:00,55.27,55.44,55.08,55.12,3420977
2021-06-04 11:30:00,55.1181,55.31,55.04,55.3025,1729597
2021-06-04 12:30:00,55.305,55.64,55.25,55.5519,2033920
2021-06-04 13:30:00,55.56,55.65,55.4425,55.6,1817849
2021-06-04 14:30:00,55.6045,55.73,55.572,55.711,2239878
2021-06-04 15:30:00,55.71,55.83,55.67,55.71,4080050
2021-06-07 09:30:00,55.74,56.08,55.5,55.605,5683306
2021-06-07 10:30:00,55.61,55.69,55.49,55.55,3589856
2021-06-07 11:30:00,55.56,55.7,55.5024,55.64,2697028
2021-06-07 12:30:00,55.64,55.73,55.55,55.57,1587568
2021-06-07 13:30:00,55.58,55.695,55.51,55.645,1129747
2021-06-07 14:30:00,55.645,55.645,55.43,55.452,1958931
2021-06-07 15:30:00,55.45,55.53,55.43,55.5,2974269
2021-06-08 09:30:00,55.32,55.93,54.66,55.92,7633037
2021-06-08 10:30:00,55.92,56.09,55.51,55.6834,5554670
2021-06-08 11:30:00,55.68,56.08,55.62,55.97,3265891
2021-06-08 12:30:00,55.97,56.02,55.8499,55.895,1520083
2021-06-08 13:30:00,55.89,56.029,55.825,56.02,2320732
2021-06-08 14:30:00,56.02,56.08,55.91,55.96,3054537
2021-06-08 15:30:00,55.955,56.025,55.86,55.96,3772861
2021-06-09 09:30:00,56.14,56.39,55.705,56.205,8819306
2021-06-09 10:30:00,56.2,56.25,55.94,55.99,2792366
2021-06-09 11:30:00,55.99,56.1899,55.9,56.0493,2451349
2021-06-09 12:30:00,56.05,56.25,56.01,56.12,2767731
2021-06-09 13:30:00,56.1175,56.2,56.01,56.17,2267703
2021-06-09 14:30:00,56.1782,56.1782,55.7,55.71,2633005
2021-06-09 15:30:00,55.71,55.7546,55.61,55.64,3647595
2021-07-26 09:30:00,48.63,49.92,48.55,49.72,7147718
2021-07-26 10:30:00,49.73,49.75,49.31,49.69,3670100
2021-07-26 11:30:00,49.68,49.735,49.32,49.45,3013037
2021-07-26 12:30:00,49.45,49.59,49.42,49.52,2437057
2021-07-26 13:30:00,49.511,49.625,49.3399,49.5925,1736909
2021-07-26 14:30:00,49.59,49.63,49.44,49.5925,1947340
2021-07-26 15:30:00,49.5999,49.73,49.55,49.72,3258126
2021-07-27 09:30:00,49.33,49.385,48.68,49.17,7741393
2021-07-27 10:30:00,49.16,49.41,49.03,49.165,3225630
2021-07-27 11:30:00,49.17,49.24,48.875,48.895,2993165
2021-07-27 12:30:00,48.89,49.085,48.78,48.96,2134779
2021-07-27 13:30:00,48.96,49.1699,48.9,49.1,1392742
2021-07-27 14:30:00,49.105,49.25,49.04,49.15,1947728
2021-07-27 15:30:00,49.15,49.24,49.03,49.24,3089020
2021-07-28 09:30:00,49.41,49.63,49.0,49.06,4350166
2021-07-28 10:30:00,49.06,49.49,48.94,49.45,2763388
2021-07-28 11:30:00,49.46,49.71,49.4547,49.5,1857329
2021-07-28 12:30:00,49.5075,49.7581,49.501,49.6599,1272720
2021-07-28 13:30:00,49.66,49.75,49.51,49.705,1895983
2021-07-28 14:30:00,49.71,50.12,49.71,49.895,3267085
2021-07-28 15:30:00,49.9,49.94,49.39,49.72,2892298
2021-07-29 09:30:00,50.37,50.57,49.89,50.09,6208944
2021-07-29 10:30:00,50.09,50.37,50.04,50.245,2853674
2021-07-29 11:30:00,50.25,50.5,50.25,50.41,2334138
2021-07-29 12:30:00,50.42,50.485,50.3,50.435,2420901
2021-07-29 13:30:00,50.435,50.435,50.15,50.345,2083984
2021-07-29 14:30:00,50.34,50.36,50.115,50.14,2211042
2021-07-29 15:30:00,50.1301,50.215,50.12,50.18,3102521
2021-07-30 09:30:00,50.09,50.3,49.44,49.45,5508251
2021-07-30 10:30:00,49.46,49.56,49.18,49.33,3467758
2021-07-30 11:30:00,49.33,49.4059,49.135,49.325,2092792
2021-07-30 12:30:00,49.325,49.3719,49.0881,49.13,2554864
2021-07-30 13:30:00,49.125,49.395,49.1,49.235,3144610
2021-07-30 14:30:00,49.24,49.405,49.14,49.3,3556253
2021-07-30 15:30:00,49.3,49.38,49.26,49.37,4014646
2021-08-02 09:30:00,49.47,50.62,49.26,49.9,8677160
2021-08-02 10:30:00,49.895,50.06,49.25,49.27,5847337
2021-08-02 11:30:00,49.275,49.275,48.94,49.26,3796447
2021-08-02 12:30:00,49.26,49.9742,49.24,49.385,2959208
2021-08-02 13:30:00,49.39,49.595,49.27,49.53,1922844
2021-08-02 14:30:00,49.525,49.6,49.325,49.3301,1561664
2021-08-02 15:30:00,49.33,49.453,48.99,49.01,3520210
2021-08-03 09:30:00,48.86,49.35,48.4,49.2019,9918942
2021-08-03 10:30:00,49.21,49.77,49.02,49.71,7649714
2021-08-03 11:30:00,49.715,49.93,49.625,49.785,3156999
2021-08-03 12:30:00,49.79,49.8599,49.34,49.63,1571250
2021-08-03 13:30:00,49.63,49.8,49.475,49.7775,1924894
2021-08-03 14:30:00,49.77,49.96,49.76,49.895,3010729
2021-08-03 15:30:00,49.895,49.9381,49.8,49.9,3574089
2021-08-04 09:30:00,49.0,49.565,48.53,49.44,10335976
2021-08-04 10:30:00,49.44,49.445,48.95,49.28,3552072
2021-08-04 11:30:00,49.29,49.29,48.735,48.795,3811747
2021-08-04 12:30:00,48.8,48.88,48.65,48.7025,2899779
2021-08-04 13:30:00,48.7,48.825,48.49,48.505,1764324
2021-08-04 14:30:00,48.51,48.62,48.435,48.4684,3051567
2021-08-04 15:30:00,48.47,48.695,48.44,48.46,4473790
2021-08-05 09:30:00,48.8,49.44,48.6,49.34,7041996
2021-08-05 10:30:00,49.335,49.6636,49.26,49.59,4134345
2021-08-05 11:30:00,49.59,49.64,49.31,49.33,2866915
2021-08-05 12:30:00,49.325,49.35,49.15,49.34,1336961
2021-08-05 13:30:00,49.345,49.3975,49.24,49.33,1079088
2021-08-05 14:30:00,49.33,49.345,49.08,49.115,2556371
2021-08-05 15:30:00,49.11,49.155,48.97,49.08,3459186
2021-08-06 09:30:00,49.61,49.9,49.24,49.48,5635189
2021-08-06 10:30:00,49.47,49.785,49.0921,49.72,3629420
2021-08-06 11:30:00,49.72,49.75,49.6,49.675,1575318
2021-08-06 12:30:00,49.68,49.8,49.5725,49.695,1275201
2021-08-06 13:30:00,49.7,49.7175,49.525,49.548,1356695
2021-08-06 14:30:00,49.545,49.585,49.42,49.565,1480401
2021-08-06 15:30:00,49.565,49.57,49.435,49.5301,2634024
2021-08-09 09:30:00,48.79,49.2,48.53,48.56,6721297
2021-08-09 10:30:00,48.56,49.01,48.48,48.93,4096768
2021-08-09 11:30:00,48.93,49.12,48.92,49.0422,1560270
2021-08-09 12:30:00,49.03,49.08,48.93,49.05,1368532
2021-08-09 13:30:00,49.05,49.0599,48.88,48.95,1625259
2021-08-09 14:30:00,48.945,49.049,48.92,48.9201,1850535
2021-08-09 15:30:00,48.92,49.0,48.79,48.82,3082451
2021-08-10 09:30:00,49.05,49.69,49.01,49.5199,5994204
2021-08-10 10:30:00,49.52,49.645,49.35,49.575,4560243
2021-08-10 11:30:00,49.5785,49.66,49.37,49.629,4610209
2021-08-10 12:30:00,49.63,49.79,49.58,49.765,1891793
2021-08-10 13:30:00,49.765,49.8,49.665,49.735,3176407
2021-08-10 14:30:00,49.73,49.78,49.59,49.7,2854207
2021-08-10 15:30:00,49.7,49.725,49.62,49.66,3087941
2021-08-11 09:30:00,49.54,49.785,49.23,49.71,5514242
2021-08-11 10:30:00,49.7,49.71,49.275,49.4,4672757
2021-08-11 11:30:00,49.395,49.79,49.365,49.775,2308518
2021-08-11 12:30:00,49.775,50.09,49.77,49.99,3552302
2021-08-11 13:30:00,49.99,50.045,49.87,49.95,1792535
2021-08-11 14:30:00,49.95,50.145,49.9275,50.0701,2640565
2021-08-11 15:30:00,50.07,50.084117,49.93,50.05,2979393
2021-08-12 09:30:00,50.02,50.29,49.66,49.695,4403049
2021-08-12 10:30:00,49.69,49.8,49.4,49.7,2863451
2021-08-12 11:30:00,49.7,49.88,49.56,49.85,1590746
2021-08-12 12:30:00,49.85,50.2216,49.63,49.645,1536346
2021-08-12 13:30:00,49.65,49.81,49.59,49.775,800134
2021-08-12 14:30:00,49.78,49.96,49.6152,49.905,2253594
2021-08-12 15:30:00,49.9099,50.015,49.89,50.01,2912726
2021-08-13 09:30:00,50.04,50.04,49.37,49.5199,5311212
2021-08-13 10:30:00,49.52,49.7511,49.48,49.72,2074606
2021-08-13 11:30:00,49.73,50.01,49.6201,49.76,1150068
2021-08-13 12:30:00,49.765,49.795,49.63,49.66,824259
2021-08-13 13:30:00,49.66,49.735,49.54,49.54,973838
2021-08-13 14:30:00,49.54,49.6238,49.41,49.44,1880778
2021-08-13 15:30:00,49.44,49.4665,49.3,49.37,2990377
2021-08-16 09:30:00,48.75,48.77,48.08,48.35,8021476
2021-08-16 10:30:00,48.35,48.655,48.3221,48.5,4208632
2021-08-16 11:30:00,48.505,48.62,48.42,48.43,1954307
2021-08-16 12:30:00,48.43,48.58,48.33,48.47,1642625
2021-08-16 13:30:00,48.46,48.665,48.42,48.53,1933349
2021-08-16 14:30:00,48.53,48.66,48.48,48.53,1455569
2021-08-16 15:30:00,48.525,48.605,48.36,48.47,4320845
2021-08-17 09:30:00,48.04,48.79,47.96,48.68,6006784
2021-08-17 10:30:00,48.69,48.74,48.26,48.285,2875152
2021-08-17 11:30:00,48.29,53.07,48.1,48.15,2521625
2021-08-17 12:30:00,48.145,48.15,47.58,47.92,3588410
2021-08-17 13:30:00,47.93,48.2144,47.67,47.835,2839266
2021-08-17 14:30:00,47.84,48.5038,47.72,48.015,2090225
2021-08-17 15:30:00,48.02,48.09,47.92,48.04,4403139
2021-10-26 09:30:00,59.0,59.41,58.81,59.26,6791094
2021-10-26 10:30:00,59.26,59.37,58.8,59.3,3009162
2021-10-26 11:30:00,59.3,59.39,59.09,59.155,2361190
2021-10-26 12:30:00,59.16,59.2,58.77,58.985,2741068
2021-10-26 13:30:00,58.98,59.33,58.965,59.29,2223004
2021-10-26 14:30:00,59.29,59.36,58.7754,59.26,2272454
2021-10-26 15:30:00,59.255,59.32,58.7754,59.13,2755635
2021-10-27 09:30:00,58.45,59.19,57.93,58.36,7049992
2021-10-27 10:30:00,58.36,58.505,58.035,58.15,4124106
2021-10-27 11:30:00,58.145,58.34,57.9,57.995,4000931
2021-10-27 12:30:00,57.99,57.99,57.64,57.755,4169231
2021-10-27 13:30:00,57.755,57.88,57.65,57.77,3212536
2021-10-27 14:30:00,57.77,57.8095,57.31,57.515,3269205
2021-10-27 15:30:00,57.51,57.64,57.41,57.45,5283128
2021-10-28 09:30:00,57.12,57.79,57.12,57.67,7387247
2021-10-28 10:30:00,57.67,57.68,57.2542,57.36,2004382
2021-10-28 11:30:00,57.35,57.5301,57.28,57.29,2130427
2021-10-28 12:30:00,57.3,57.52,55.3738,57.42,1988907
2021-10-28 13:30:00,57.42,57.8,57.4,57.745,1723671
2021-10-28 14:30:00,57.745,57.75,57.565,57.64,2208318
2021-10-28 15:30:00,57.645,57.895,57.64,57.83,3624905
2021-10-29 09:30:00,58.1201,58.27,57.23,57.405,7326132
2021-10-29 10:30:00,57.4,57.86,57.35,57.73,2479416
2021-10-29 11:30:00,57.72,57.7653,57.39,57.59,2941959
2021-10-29 12:30:00,57.595,57.6858,57.3029,57.35,2154881
2021-10-29 13:30:00,57.35,57.4859,57.31,57.37,1442579
2021-10-29 14:30:00,57.37,57.465,57.3,57.34,1972444
2021-10-29 15:30:00,57.335,57.645,57.3301,57.45,2900793
2021-11-01 09:30:00,58.04,58.45,57.88,58.34,7070068
2021-11-01 10:30:00,58.34,58.455,58.23,58.3872,3120237
2021-11-01 11:30:00,58.38,58.59,58.36,58.43,2538613
2021-11-01 12:30:00,58.425,58.55,58.345,58.365,2181175
2021-11-01 13:30:00,58.37,58.53,57.4778,58.425,3950700
2021-11-01 14:30:00,58.42,58.62,58.4,58.44,1971387
2021-11-01 15:30:00,58.445,58.58,58.4,58.455,2928997
2021-11-02 09:30:00,58.12,58.61,57.955,58.17,4794356
2021-11-02 10:30:00,58.16,58.46,57.9,58.135,2419934
2021-11-02 11:30:00,58.13,58.1601,57.72,57.88,2272598
2021-11-02 12:30:00,57.88,58.08,57.805,58.0,1633387
2021-11-02 13:30:00,58.0066,58.19,57.83,57.88,1270813
2021-11-02 14:30:00,57.88,58.0,57.82,57.995,1823176
2021-11-02 15:30:00,57.99,58.01,57.86,57.91,2316923
2021-11-03 09:30:00,57.12,58.03,56.97,57.97,7808550
2021-11-03 10:30:00,57.97,57.9882,57.5,57.625,2870275
2021-11-03 11:30:00,57.63,57.73,57.33,57.335,1972063
2021-11-03 12:30:00,57.33,57.4453,57.32,57.38,1379126
2021-11-03 13:30:00,57.38,57.605,57.13,57.49,2173360
2021-11-03 14:30:00,57.5,57.67,57.435,57.57,3062508
2021-11-03 15:30:00,57.58,57.6,57.28,57.43,3614221
2021-11-04 09:30:00,58.28,58.43,57.3524,57.44,8900483
2021-11-04 10:30:00,57.45,57.76,57.22,57.3,5076496
2021-11-04 11:30:00,57.3,57.66,57.29,57.36,3494109
2021-11-04 12:30:00,57.37,57.4552,57.24,57.415,2822794
2021-11-04 13:30:00,57.42,57.445,57.08,57.16,2744360
2021-11-04 14:30:00,57.16,57.43,56.99,57.3952,4532488
2021-11-04 15:30:00,57.4,57.515,57.36,57.5,4616335
2021-11-05 09:30:00,58.3,58.36,57.77,57.925,6596524
2021-11-05 10:30:00,57.93,58.17,57.78,58.15,2102203
2021-11-05 11:30:00,58.15,58.31,58.095,58.275,2371011
2021-11-05 12:30:00,58.27,58.5,58.23,58.255,2081447
2021-11-05 13:30:00,58.2533,58.52,58.21,58.4242,2363350
2021-11-05 14:30:00,58.42,58.52,58.21,58.24,2342777
2021-11-05 15:30:00,58.235,58.34,57.4968,58.26,3362474
2021-11-08 09:30:00,58.75,59.4,57.575,59.1101,6470008
2021-11-08 10:30:00,59.11,59.225,58.2633,59.015,3011726
2021-11-08 11:30:00,59.01,59.105,58.87,59.025,2092695
2021-11-08 12:30:00,59.03,59.08,58.78,58.78,1559003
2021-11-08 13:30:00,58.78,58.84,58.4601,58.725,1980865
2021-11-08 14:30:00,58.725,58.7952,58.64,58.6999,1566785
2021-11-08 15:30:00,58.7,58.85,58.69,58.79,2794127
2021-11-09 09:30:00,58.86,58.97,58.1,58.29,5773175
2021-11-09 10:30:00,58.29,58.5399,58.1741,58.475,2104107
2021-11-09 11:30:00,58.47,58.786,58.02,58.3558,2888231
2021-11-09 12:30:00,58.36,58.79,58.36,58.47,1592695
2021-11-09 13:30:00,58.47,58.7799,58.46,58.765,1403462
2021-11-09 14:30:00,58.76,58.985,58.74,58.925,1892576
2021-11-09 15:30:00,58.93,59.0469,58.89,59.02,3427665
2021-11-10 09:30:00,58.79,58.98,53.795,58.38,7200286
2021-11-10 10:30:00,58.37,58.59,57.91,58.0662,8065833
2021-11-10 11:30:00,58.06,58.155,57.86,57.885,3152563
2021-11-10 12:30:00,57.88,57.95,55.155,57.691,2685983
2021-11-10 13:30:00,57.7,57.78,57.1503,57.155,4680764
2021-11-10 14:30:00,57.16,58.0,54.915,57.545,4582187
2021-11-10 15:30:00,57.54,58.54,57.36,57.47,4600185
2021-11-11 09:30:00,57.51,58.08,57.51,57.75,4522481
2021-11-11 10:30:00,57.74,58.025,53.795,57.805,3458147
2021-11-11 11:30:00,57.8,58.0,57.78,57.985,2463589
2021-11-11 12:30:00,57.985,58.055,57.85,57.935,1652733
2021-11-11 13:30:00,57.93,57.96,57.4549,57.755,1862097
2021-11-11 14:30:00,57.76,57.84,57.4549,57.82,2648688
2021-11-11 15:30:00,57.82,57.8252,57.65,57.69,4099406
2021-11-12 09:30:00,57.38,57.78,57.23,57.56,5122822
2021-11-12 10:30:00,57.5566,57.56,57.3413,57.45,1872384
2021-11-12 11:30:00,57.44,57.7025,57.325,57.3897,2185247
2021-11-12 12:30:00,57.38,57.42,57.25,57.39,1545653
2021-11-12 13:30:00,57.4,57.675,57.2,57.39,1531960
2021-11-12 14:30:00,57.39,57.48,57.35,57.48,1452027
2021-11-12 15:30:00,57.4725,57.57,57.425,57.55,2687384
2021-11-15 09:30:00,57.59,57.8,57.01,57.43,5149526
2021-11-15 10:30:00,57.43,57.865,57.4,57.86,3410721
2021-11-15 11:30:00,57.85,57.86,57.51,57.73,2193799
2021-11-15 12:30:00,57.725,58.23,57.72,58.2,2625830
2021-11-15 13:30:00,58.2,58.365,58.2,58.26,1588133
2021-11-15 14:30:00,58.26,58.32,58.11,58.18,1509585
2021-11-15 15:30:00,58.185,58.2177,57.3901,58.03,3003633
2021-11-16 09:30:00,58.2,58.34,57.84,57.9269,4729955
2021-11-16 10:30:00,57.93,58.13,57.86,58.06,2353457
2021-11-16 11:30:00,58.065,58.47,58.0101,58.454,1894086
2021-11-16 12:30:00,58.46,58.58,58.4,58.505,1659766
2021-11-16 13:30:00,58.51,58.7379,58.2,58.54,2410217
2021-11-16 14:30:00,58.535,58.555,58.31,58.325,1574815
2021-11-16 15:30:00,58.325,58.7379,58.07,58.12,3339419
2021-11-17 09:30:00,57.56,58.24,57.45,58.09,4882695
2021-11-17 10:30:00,58.09,58.38,57.7,57.745,2855155
2021-11-17 11:30:00,57.74,57.85,57.4101,57.42,2866131
2021-11-17 12:30:00,57.42,57.64,57.37,57.53,2873972
2021-11-17 13:30:00,57.53,57.55,57.12,57.21,2170057
2021-11-17 14:30:00,57.2,57.29,57.08,57.15,2575244
2021-11-17 15:30:00,57.155,57.23,57.03,57.22,4845710
2021-11-18 09:30:00,57.08,57.545,56.2,56.3,8304550
2021-11-18 10:30:00,56.295,57.1,56.29,56.86,6456285
2021-11-18 11:30:00,56.99,57.27,56.86,57.195,2104145
2021-11-18 12:30:00,57.195,57.34,56.98,57.2,1661912
2021-11-18 13:30:00,57.2,57.2873,56.915,56.93,2983365
2021-11-18 14:30:00,56.93,57.2,56.91,57.0949,2391695
2021-11-18 15:30:00,57.09,57.11,56.84,56.89,2762780
2022-01-25 09:30:00,62.62,62.695,61.47,62.61,11169125
2022-01-25 10:30:00,62.61,63.935,62.16,63.815,9946440
2022-01-25 11:30:00,63.8099,64.5,63.5143,64.3999,7113128
2022-01-25 12:30:00,64.39,64.47,63.955,64.465,4990970
2022-01-25 13:30:00,64.465,65.12,64.389,65.0952,6854773
2022-01-25 14:30:00,65.0979,65.55,64.93,65.12,8391522
2022-01-25 15:30:00,65.12,65.49,65.05,65.3,7826232
2022-01-26 09:30:00,65.94,66.5,65.26,65.615,11851326
2022-01-26 10:30:00,65.615,66.16,65.26,66.07,6343220
2022-01-26 11:30:00,66.08,66.15,65.76,66.09,3602792
2022-01-26 12:30:00,66.095,66.28,65.78,66.0499,3304650
2022-01-26 13:30:00,66.04,66.53,65.735,66.4,8314331
2022-01-26 14:30:00,66.4,66.45,64.49,65.125,19473732
2022-01-26 15:30:00,65.12,65.97,64.92,65.18,11741387
2022-01-27 09:30:00,66.35,67.06,65.9701,65.99,12612168
2022-01-27 10:30:00,65.99,66.475,65.8,65.96,8505465
2022-01-27 11:30:00,65.96,66.29,65.61,65.7,4706600
2022-01-27 12:30:00,65.7,65.94,64.84,64.87,7735408
2022-01-27 13:30:00,64.87,65.55,64.82,65.21,5613071
2022-01-27 14:30:00,65.2,65.65,65.0,65.585,6937498
2022-01-27 15:30:00,65.58,66.035,65.41,65.94,6149368
2022-01-28 09:30:00,65.47,66.27,64.92,65.58,12551560
2022-01-28 10:30:00,65.58,65.59,64.7327,65.41,6885050
2022-01-28 11:30:00,65.42,65.68,65.24,65.2461,4953897
2022-01-28 12:30:00,65.25,65.2983,64.6501,65.13,4917969
2022-01-28 13:30:00,65.13,65.33,64.34,64.39,4883958
2022-01-28 14:30:00,64.39,65.0554,64.26,65.0292,6613807
2022-01-28 15:30:00,65.02,65.635,64.8741,65.63,7039083
2022-01-31 09:30:00,65.48,65.87,64.44,65.755,8283560
2022-01-31 10:30:00,65.75,65.9,65.285,65.335,6078110
2022-01-31 11:30:00,65.34,65.83,65.23,65.78,2985415
2022-01-31 12:30:00,65.785,66.34,65.6865,66.15,3055455
2022-01-31 13:30:00,66.16,66.23,65.9396,66.09,2586648
2022-01-31 14:30:00,66.09,66.1998,65.59,65.85,3320204
2022-01-31 15:30:00,65.85,65.97,65.7501,65.91,4358961
2022-02-01 09:30:00,65.62,67.97,65.38,67.73,14053650
2022-02-01 10:30:00,67.73,68.35,67.71,67.96,7082260
2022-02-01 11:30:00,67.95,68.28,67.61,67.645,5013672
2022-02-01 12:30:00,67.64,67.925,67.48,67.73,3113433
2022-02-01 13:30:00,67.735,68.33,67.6617,68.315,3127159
2022-02-01 14:30:00,68.315,68.33,68.105,68.13,4170313
2022-02-01 15:30:00,68.125,68.43,68.0731,68.23,6354597
2022-02-02 09:30:00,67.92,68.17,64.5322,67.23,10145874
2022-02-02 10:30:00,67.24,67.91,67.18,67.63,5833567
2022-02-02 11:30:00,67.63,68.05,67.49,67.96,3091315
2022-02-02 12:30:00,67.96,68.14,67.7446,67.925,2355338
2022-02-02 13:30:00,67.92,68.28,67.8872,68.2694,2537637
2022-02-02 14:30:00,68.265,68.5,68.2267,68.485,3855452
2022-02-02 15:30:00,68.4848,68.62,68.43,68.48,3875102
2022-02-03 09:30:00,68.21,68.29,67.385,67.665,8742804
2022-02-03 10:30:00,67.66,67.985,67.4,67.7,3622127
2022-02-03 11:30:00,67.7,67.8099,67.29,67.39,2858175
2022-02-03 12:30:00,67.38,67.58,67.1001,67.45,2890210
2022-02-03 13:30:00,67.45,68.35,64.08,68.085,4335261
2022-02-03 14:30:00,68.09,68.12,65.47,67.94,3787181
2022-02-03 15:30:00,67.935,67.97,67.71,67.81,3841340
2022-02-04 09:30:00,68.7,70.0,68.54,69.4,9824489
2022-02-04 10:30:00,69.39,69.8,68.6261,69.02,6669794
2022-02-04 11:30:00,69.02,69.27,68.38,69.1194,4411378
2022-02-04 12:30:00,69.12,69.18,68.81,69.05,2956209
2022-02-04 13:30:00,69.05,69.38,67.809,69.145,4274146
2022-02-04 14:30:00,69.145,69.44,66.39,69.39,3470455
2022-02-04 15:30:00,69.3917,69.48,68.87,68.9,7781799
2022-02-07 09:30:00,68.57,69.66,68.05,69.49,8875877
2022-02-07 10:30:00,69.48,70.09,68.8735,70.0,5540390
2022-02-07 11:30:00,70.0,70.015,69.28,69.495,3402946
2022-02-07 12:30:00,69.49,69.91,69.395,69.67,2773715
2022-02-07 13:30:00,69.67,70.08,69.67,70.0796,2516991
2022-02-07 14:30:00,70.07,70.43,70.0246,70.295,3777585
2022-02-07 15:30:00,70.3,70.36,64.835,69.775,4995406
2022-02-08 09:30:00,69.57,69.7818,67.925,68.465,11997555
2022-02-08 10:30:00,68.47,68.72,67.82,68.03,6450739
2022-02-08 11:30:00,68.03,68.36,67.88,68.21,4264533
2022-02-08 12:30:00,68.205,69.7818,68.155,68.3999,3456895
2022-02-08 13:30:00,68.3999,69.78,68.27,68.345,3253923
2022-02-08 14:30:00,68.34,68.357,67.8,68.0399,4352030
2022-02-08 15:30:00,68.03,68.42,68.0236,68.29,3346738
2022-02-09 09:30:00,68.43,69.19,67.84,69.085,9984266
2022-02-09 10:30:00,69.09,69.3857,68.83,68.96,5464433
2022-02-09 11:30:00,68.96,68.99,68.615,68.83,6084592
2022-02-09 12:30:00,68.8299,68.9057,68.51,68.69,3203687
2022-02-09 13:30:00,68.68,68.94,68.28,68.8779,2784013
2022-02-09 14:30:00,68.84,68.94,68.605,68.755,2940539
2022-02-09 15:30:00,68.75,68.89,68.67,68.84,3683856
2022-02-10 09:30:00,68.52,69.74,68.51,69.49,7912004
2022-02-10 10:30:00,69.5,69.69,69.23,69.39,4568416
2022-02-10 11:30:00,69.39,69.67,69.32,69.405,3543492
2022-02-10 12:30:00,69.405,69.445,68.59,68.8277,6317892
2022-02-10 13:30:00,68.7354,68.85,68.3,68.59,3996889
2022-02-10 14:30:00,68.58,68.75,68.34,68.35,3636425
2022-02-10 15:30:00,68.345,68.485,67.97,68.38,5466466
2022-02-11 09:30:00,68.87,69.84,68.45,69.68,7288754
2022-02-11 10:30:00,69.68,69.93,69.5,69.6901,3917117
2022-02-11 11:30:00,69.7,69.77,69.36,69.695,3179401
2022-02-11 12:30:00,69.6901,69.875,69.5263,69.545,2072104
2022-02-11 13:30:00,69.535,70.27,68.42,69.78,14333177
2022-02-11 14:30:00,69.79,70.31,69.59,70.285,7145201
2022-02-11 15:30:00,70.28,70.5,70.095,70.39,7212206
2022-02-14 09:30:00,69.98,70.23,68.53,68.6001,12602410
2022-02-14 10:30:00,68.6,68.635,67.93,68.3,6485580
2022-02-14 11:30:00,68.3001,68.67,68.14,68.35,4979191
2022-02-14 12:30:00,68.3556,68.71,68.21,68.415,3248192
2022-02-14 13:30:00,68.41,69.7,68.06,68.7132,9136636
2022-02-14 14:30:00,68.7,68.865,68.26,68.41,6378820
2022-02-14 15:30:00,68.42,68.89,68.3848,68.77,6072743
2022-02-15 09:30:00,67.22,68.935,66.68,67.72,14739222
2022-02-15 10:30:00,67.72,68.935,67.41,67.94,7506699
2022-02-15 11:30:00,67.94,68.2,67.59,67.965,6109356
2022-02-15 12:30:00,67.96,68.09,67.72,67.92,2924300
2022-02-15 13:30:00,67.915,68.75,67.8693,68.07,2548050
2022-02-15 14:30:00,68.07,68.15,67.79,68.005,2775946
2022-02-15 15:30:00,68.0072,68.13,67.73,68.01,4940561
2022-02-16 09:30:00,68.56,69.77,68.56,69.44,9239180
2022-02-16 10:30:00,69.445,69.53,69.09,69.19,4625758
2022-02-16 11:30:00,69.19,69.295,68.95,69.09,2185812
2022-02-16 12:30:00,69.1,69.17,68.84,68.985,2245730
2022-02-16 13:30:00,68.985,69.54,68.011,69.505,4316273
2022-02-16 14:30:00,69.5,69.59,68.011,68.385,8262058
2022-02-16 15:30:00,68.38,68.83,68.16,68.58,4916140
2022-02-17 09:30:00,68.55,69.189,68.02,68.22,10960847
2022-02-17 10:30:00,68.21,68.55,67.9403,68.5081,7140858
2022-02-17 11:30:00,68.5,68.91,68.335,68.855,3582423
2022-02-17 12:30:00,68.85,68.9,68.43,68.46,2600085
2022-02-17 13:30:00,68.46,69.255,68.195,68.365,2152613
2022-02-17 14:30:00,68.362,68.49,68.1948,68.435,3210956
2022-02-17 15:30:00,68.44,68.59,68.0,68.46,3442345
2022-02-22 09:30:00,70.11,70.11,67.765,67.995,12160597
2022-02-22 10:30:00,67.99,68.28,67.84,67.91,5589528
2022-02-22 11:30:00,67.92,68.05,66.85,67.02,4609836
2022-02-22 12:30:00,67.025,67.29,66.69,66.69,3403959
2022-02-22 13:30:00,66.685,68.05,65.94,66.68,5436256
2022-02-22 14:30:00,66.675,67.275,66.4373,67.07,8404508
2022-02-22 15:30:00,67.07,67.22,66.7,66.94,5596742
2022-02-23 09:30:00,67.34,68.14,66.9381,67.585,8917036
2022-02-23 10:30:00,67.59,68.0,67.4,67.57,4141655
2022-02-23 11:30:00,67.57,68.08,67.285,68.075,3500452
2022-02-23 12:30:00,68.075,68.16,67.56,67.57,3299538
2022-02-23 13:30:00,67.5711,67.905,66.95,67.57,3236137
2022-02-23 14:30:00,67.565,67.75,67.2001,67.72,4781322
2022-02-23 15:30:00,67.72,67.75,67.45,67.64,5038043
2022-02-24 09:30:00,69.01,69.16,66.3793,66.93,17310990
2022-02-24 10:30:00,66.935,67.67,66.69,67.265,9817052
2022-02-24 11:30:00,67.2623,67.6356,66.22,66.4889,5959241
2022-02-24 12:30:00,66.49,66.74,66.17,66.18,4729764
2022-02-24 13:30:00,66.18,67.64,65.36,65.58,7864927
2022-02-24 14:30:00,65.58,67.6356,65.46,66.37,7939808
2022-02-24 15:30:00,66.36,67.13,66.29,67.06,6216183
2022-02-25 09:30:00,67.48,68.59,67.11,68.29,10985615
2022-02-25 10:30:00,68.275,68.4,67.73,68.295,5250429
2022-02-25 11:30:00,68.29,68.43,68.04,68.215,4014127
2022-02-25 12:30:00,68.21,69.0571,67.11,68.785,4328200
2022-02-25 13:30:00,68.78,68.95,67.11,68.805,3978870
2022-02-25 14:30:00,68.805,68.84,68.455,68.5701,4126915
2022-02-25 15:30:00,68.58,68.89,67.11,68.87,4904808
2022-02-28 09:30:00,68.38,69.92,68.01,69.55,12050540
2022-02-28 10:30:00,69.55,70.17,69.485,70.16,6693079
2022-02-28 11:30:00,70.17,70.5,70.08,70.085,5160807
2022-02-28 12:30:00,70.09,70.15,68.88,69.905,3286769
2022-02-28 13:30:00,69.9,70.0599,68.88,69.45,3829476
2022-02-28 14:30:00,69.45,70.2199,69.36,70.13,4875986
2022-02-28 15:30:00,70.12,70.66,69.9,70.61,8048121
2022-03-01 09:30:00,71.2,72.49,70.89,71.547,16978131
2022-03-01 10:30:00,71.55,71.96,71.05,71.32,9625524
2022-03-01 11:30:00,71.32,71.45,70.5902,70.95,8226820
2022-03-01 12:30:00,70.96,71.35,70.49,70.502,7373159
2022-03-01 13:30:00,70.5,70.96,70.29,70.88,6647441
2022-03-01 14:30:00,70.87,71.369,70.6379,71.05,6467691
2022-03-01 15:30:00,71.05,71.32,70.77,71.28,5582179
2022-03-02 09:30:00,72.38,73.51,71.2753,72.6,12838375
2022-03-02 10:30:00,72.59,72.93,72.06,72.4842,9183437
2022-03-02 11:30:00,72.48,73.11,72.33,73.08,4978052
2022-03-02 12:30:00,73.09,73.31,72.9636,73.27,3091885
2022-03-02 13:30:00,73.27,73.47,73.15,73.27,3706153
2022-03-02 14:30:00,73.28,73.4,73.04,73.388,4516383
2022-03-02 15:30:00,73.39,73.45,71.29,72.89,5569609
2022-03-03 09:30:00,72.21,73.77,72.06,73.485,12027084
2022-03-03 10:30:00,73.49,73.55,72.67,73.11,6427908
2022-03-03 11:30:00,73.1,73.145,72.76,72.8427,3917404
2022-03-03 12:30:00,72.85,73.23,72.82,73.18,6399143
2022-03-03 13:30:00,73.18,73.25,72.92,73.13,3792568
2022-03-03 14:30:00,73.13,73.185,72.56,73.055,4652299
2022-03-03 15:30:00,73.0521,73.17,72.735,73.13,5377013
2022-03-04 09:30:00,73.11,74.48,72.92,74.475,12298316
2022-03-04 10:30:00,74.4735,74.6,73.825,73.825,7412943
2022-03-04 11:30:00,73.83,73.9481,73.12,73.63,5419827
2022-03-04 12:30:00,73.63,74.37,73.1572,74.23,4635284
2022-03-04 13:30:00,74.2251,74.84,73.12,74.82,8096737
2022-03-04 14:30:00,74.83,75.25,73.1572,75.19,7705724
2022-03-04 15:30:00,75.185,75.27,74.8959,75.24,5381330
2022-03-07 09:30:00,76.01,77.47,75.27,77.195,18986793
2022-03-07 10:30:00,77.2,77.56,75.2344,76.62,9932503
2022-03-07 11:30:00,76.61,76.665,74.635,74.9,9634187
2022-03-07 12:30:00,74.9,76.085,74.73,75.975,8230702
2022-03-07 13:30:00,75.96,76.13,75.23,75.64,6316981
2022-03-07 14:30:00,75.64,76.39,75.3816,75.93,5481926
2022-03-07 15:30:00,75.9299,76.47,75.865,76.34,5145102
2022-03-08 09:30:00,78.08,79.4,76.3599,79.25,19875303
2022-03-08 10:30:00,79.255,79.98,78.8,79.36,11514033
2022-03-08 11:30:00,79.35,80.225,76.34,77.185,17565907
2022-03-08 12:30:00,77.18,77.87,75.33,77.8,23289307
2022-03-08 13:30:00,77.81,78.33,76.34,77.64,10937158
2022-03-08 14:30:00,77.64,78.157143,77.395,77.42,6337737
2022-03-08 15:30:00,77.42,77.69,76.3599,77.55,6904898
2022-03-09 09:30:00,74.71,76.03,73.5,75.52,18919492
2022-03-09 10:30:00,75.53,76.725,75.3969,76.64,9867880
2022-03-09 11:30:00,76.64,76.94,76.02,76.485,12394310
2022-03-09 12:30:00,76.48,77.54,74.52,74.75,16618162
2022-03-09 13:30:00,74.745,77.54,73.9,74.48,10305409
2022-03-09 14:30:00,74.48,75.19,74.36,74.99,8755155
2022-03-09 15:30:00,74.99,75.44,74.935,75.15,8479681
2022-03-10 09:30:00,76.06,76.87,75.51,76.61,21117021
2022-03-10 10:30:00,76.61,77.3,76.06,77.135,11980962
2022-03-10 11:30:00,77.13,77.3501,76.615,77.24,8843037
2022-03-10 12:30:00,77.23,77.255,75.17,76.8366,7602848
2022-03-10 13:30:00,76.835,77.15,75.17,76.94,6039601
2022-03-10 14:30:00,76.94,77.61,74.755,77.5916,6313943
2022-03-10 15:30:00,77.595,77.67,77.13,77.44,6055923
2022-03-11 09:30:00,76.23,77.6569,75.31,77.07,16794685
2022-03-11 10:30:00,77.07,77.41,76.76,76.9566,8738342
2022-03-11 11:30:00,76.95,77.47,76.69,77.095,5084306
2022-03-11 12:30:00,77.09,77.78,77.0395,77.7236,3755521
2022-03-11 13:30:00,77.73,77.84,77.04,77.565,3111977
2022-03-11 14:30:00,77.57,77.81,76.98,76.985,2796997
2022-03-11 15:30:00,76.99,77.025,76.74,76.84,3670256
2022-03-14 09:30:00,75.21,75.74,73.19,74.77,17134962
2022-03-14 10:30:00,74.76,75.43,74.45,74.73,8097286
2022-03-14 11:30:00,74.74,74.88,74.061,74.62,6907432
2022-03-14 12:30:00,74.62,74.96,74.57,74.7871,4952753
2022-03-14 13:30:00,74.78,76.85,73.92,73.95,4284507
2022-03-14 14:30:00,73.96,74.15,73.565,74.005,3687822
2022-03-14 15:30:00,74.01,74.59,73.92,74.56,4441679
2022-03-15 09:30:00,71.66,74.5768,70.44,71.08,21795591
2022-03-15 10:30:00,71.075,71.75,70.81,71.1,10097324
2022-03-15 11:30:00,71.09,74.5768,70.976565,72.595,10330019
2022-03-15 12:30:00,72.59,74.55,71.8,71.87,6063334
2022-03-15 13:30:00,71.88,74.55,71.68,72.0761,3927950
2022-03-15 14:30:00,72.07,72.2,71.895,71.93,4040190
2022-03-15 15:30:00,71.925,72.0,71.624,71.82,4719942
2022-03-16 09:30:00,72.09,72.72,71.58,71.635,14189667
2022-03-16 10:30:00,71.64,71.8,71.225,71.4039,10560383
2022-03-16 11:30:00,71.4,71.88,71.21,71.805,3979598
2022-03-16 12:30:00,71.8,71.965,71.6801,71.775,3344700
2022-03-16 13:30:00,71.78,71.88,71.08,71.085,5217805
2022-03-16 14:30:00,71.09,71.5,70.74,71.22,8901238
2022-03-16 15:30:00,71.23,71.5,71.0465,71.49,4100119
2022-04-26 09:30:00,74.23,74.935,73.7,74.0993,9746550
2022-04-26 10:30:00,74.1,75.81,73.58,75.31,10248635
2022-04-26 11:30:00,75.31,75.59,74.89,75.28,4946841
2022-04-26 12:30:00,75.27,77.015,74.99,75.01,3067194
2022-04-26 13:30:00,75.01,75.18,73.68,74.63,4686885
2022-04-26 14:30:00,74.62,74.66,73.68,74.025,5178970
2022-04-26 15:30:00,74.03,74.215,73.75,73.76,5987112
2022-04-27 09:30:00,74.25,75.3041,72.92,73.52,7777847
2022-04-27 10:30:00,73.53,78.0873,73.44,74.71,8440898
2022-04-27 11:30:00,74.71,75.32,74.4028,75.0,5605458
2022-04-27 12:30:00,75.0,75.325,74.8647,75.12,4510850
2022-04-27 13:30:00,75.12,75.59,73.78,75.34,4319477
2022-04-27 14:30:00,75.34,75.51,74.75,75.055,6532111
2022-04-27 15:30:00,75.06,75.22,73.78,74.85,6876201
2022-04-28 09:30:00,75.36,75.36,73.875,74.5,9538746
2022-04-28 10:30:00,74.49,75.51,74.2663,75.28,6873653
2022-04-28 11:30:00,75.28,76.16,75.19,76.155,4323884
2022-04-28 12:30:00,76.16,76.7,76.09,76.625,4155584
2022-04-28 13:30:00,76.63,77.035,74.86,76.955,4085396
2022-04-28 14:30:00,76.95,77.76,74.86,77.59,5094936
2022-04-28 15:30:00,77.58,77.6197,77.01,77.13,5979983
2022-04-29 09:30:00,77.3,77.74,76.46,76.8,11039100
2022-04-29 10:30:00,76.805,76.93,76.115,76.73,4905510
2022-04-29 11:30:00,76.72,77.13,76.25,76.3,3521492
2022-04-29 12:30:00,76.295,76.57,76.08,76.505,2805031
2022-04-29 13:30:00,76.51,77.13,75.74,75.93,3355893
2022-04-29 14:30:00,75.93,76.155,74.93,75.09,6234686
2022-04-29 15:30:00,75.08,75.995,74.88,75.22,6957584
2022-05-02 09:30:00,74.7,76.25,74.51,76.07,12814533
2022-05-02 10:30:00,76.07,76.38,74.46,74.8,8410249
2022-05-02 11:30:00,74.8,77.3,74.7643,75.67,6275857
2022-05-02 12:30:00,75.66,76.01,75.2,75.325,4455786
2022-05-02 13:30:00,75.325,75.48,74.795,74.93,4097585
2022-05-02 14:30:00,74.93,76.08,74.71,76.02,6730805
2022-05-02 15:30:00,76.015,76.375,75.91,76.35,7439473
2022-05-03 09:30:00,76.49,77.74,76.3012,77.62,9815058
2022-05-03 10:30:00,77.62,78.48,76.3012,78.33,6774780
2022-05-03 11:30:00,78.34,78.74,76.35,78.39,3725454
2022-05-03 12:30:00,78.38,78.78,78.16,78.47,3463880
2022-05-03 13:30:00,78.48,78.59,76.3012,78.095,3733179
2022-05-03 14:30:00,78.1,78.85,77.795,78.555,5508183
2022-05-03 15:30:00,78.55,78.645,78.18,78.49,6981827
2022-05-04 09:30:00,80.0,80.17,78.5168,79.505,8309902
2022-05-04 10:30:00,79.51,79.94,79.13,79.29,4068890
2022-05-04 11:30:00,79.29,79.57,79.015,79.38,3741257
2022-05-04 12:30:00,79.38,79.565,78.49,79.46,2857177
2022-05-04 13:30:00,79.46,80.41,78.49,80.293,6423799
2022-05-04 14:30:00,80.29,81.21,79.39,81.2099,11542389
2022-05-04 15:30:00,81.2,81.915,81.2,81.74,6848400
2022-05-05 09:30:00,82.33,82.4138,81.2208,81.77,8107404
2022-05-05 10:30:00,81.76,82.02,79.84,80.04,7372015
2022-05-05 11:30:00,80.04,81.75,78.875,79.95,7126039
2022-05-05 12:30:00,79.94,80.835,79.5817,80.725,4708584
2022-05-05 13:30:00,80.72,81.75,80.345,80.44,4053540
2022-05-05 14:30:00,80.42,80.725,79.72,79.8,6447368
2022-05-05 15:30:00,79.785,80.77,79.71,80.62,7837487
2022-05-06 09:30:00,81.56,81.85,79.92,80.91,10032688
2022-05-06 10:30:00,80.91,82.06,80.195,81.97,6397356
2022-05-06 11:30:00,81.97,82.0,81.14,81.875,4358381
2022-05-06 12:30:00,81.8791,82.6,80.52,82.06,4824454
2022-05-06 13:30:00,82.055,82.37,80.52,81.71,3777909
2022-05-06 14:30:00,81.71,82.365,81.55,82.01,5599391
2022-05-06 15:30:00,82.01,82.93,82.01,82.92,7545536
2022-05-09 09:30:00,81.14,81.21,78.85,78.94,11431837
2022-05-09 10:30:00,78.94,82.8757,77.21,77.21,8219117
2022-05-09 11:30:00,77.21,78.76,77.14,78.18,6811487
2022-05-09 12:30:00,78.17,78.29,76.6,76.9,4705820
2022-05-09 13:30:00,76.91,77.035,76.075,76.175,4839270
2022-05-09 14:30:00,76.1799,77.1,75.95,76.03,7506136
2022-05-09 15:30:00,76.04,76.135,75.75,76.0304,7987462
2022-05-10 09:30:00,77.23,78.69,76.94,78.6059,12482449
2022-05-10 10:30:00,78.61,78.62,76.44,76.745,10058149
2022-05-10 11:30:00,76.74,76.92,75.54,75.71,9640579
2022-05-10 12:30:00,75.7,76.04,75.13,75.63,6315049
2022-05-10 13:30:00,75.63,76.61,75.27,76.15,6815509
2022-05-10 14:30:00,76.15,77.22,76.0319,76.5694,5545968
2022-05-10 15:30:00,76.6,76.78,76.2,76.7531,5152678
2022-05-11 09:30:00,78.03,79.68,77.7,79.44,11521811
2022-05-11 10:30:00,79.445,80.0,79.16,79.87,6824258
2022-05-11 11:30:00,79.87,80.33,79.1,79.14,5744823
2022-05-11 12:30:00,79.14,79.2299,76.7808,78.24,5741296
2022-05-11 13:30:00,78.24,78.81,77.795,78.55,7904002
2022-05-11 14:30:00,78.55,79.04,78.29,78.63,6173714
2022-05-11 15:30:00,78.63,78.785,77.65,77.83,5333930
2022-05-12 09:30:00,77.75,77.95,75.675,76.62,10024359
2022-05-12 10:30:00,76.62,78.06,76.32,77.5,6216822
2022-05-12 11:30:00,77.5,77.665,76.66,77.545,4200472
2022-05-12 12:30:00,77.55,77.79,76.86,77.13,4088895
2022-05-12 13:30:00,77.12,77.78,76.4764,76.83,4834572
2022-05-12 14:30:00,76.82,77.43,76.46,76.97,5961579
2022-05-12 15:30:00,76.96,78.15,76.95,78.132,7323441
2022-05-13 09:30:00,79.27,80.38,79.13,80.295,6579872
2022-05-13 10:30:00,80.2934,80.6699,79.83,80.56,3433297
2022-05-13 11:30:00,80.57,81.09,80.4,80.765,3328174
2022-05-13 12:30:00,80.77,81.1,80.5,80.77,3379801
2022-05-13 13:30:00,80.78,80.9081,79.79,80.21,3178081
2022-05-13 14:30:00,80.2,80.9,80.17,80.88,3474501
2022-05-13 15:30:00,80.875,80.89,80.39,80.77,5504162
2022-05-16 09:30:00,81.07,82.92,81.02,82.83,5612430
2022-05-16 10:30:00,82.83,82.8769,82.25,82.4208,4013085
2022-05-16 11:30:00,82.42,83.05,82.17,82.9,3381264
2022-05-16 12:30:00,82.9,83.579,82.8,83.535,2916662
2022-05-16 13:30:00,83.535,83.77,83.27,83.71,4079473
2022-05-16 14:30:00,83.72,83.74,82.996172,83.2,3680971
2022-05-16 15:30:00,83.21,83.31,80.6,82.94,4032692
2022-05-17 09:30:00,84.03,84.27,83.12,83.715,6790604
2022-05-17 10:30:00,83.72,84.115,83.5,84.0451,3968707
2022-05-17 11:30:00,84.0456,84.095,83.4,83.88,3243002
2022-05-17 12:30:00,83.89,84.38,82.91,83.88,2448816
2022-05-17 13:30:00,83.88,84.29,83.2601,83.44,4237824
2022-05-17 14:30:00,83.44,83.96,83.16,83.84,3987374
2022-05-17 15:30:00,83.83,83.9,83.635,83.89,3159351
2022-05-18 09:30:00,84.47,84.57,83.29,83.365,6198215
2022-05-18 10:30:00,83.37,83.645,81.8501,82.005,4975736
2022-05-18 11:30:00,82.01,82.37,81.64,81.725,4948836
2022-05-18 12:30:00,81.72,82.4099,81.45,81.74,3585557
2022-05-18 13:30:00,81.73,81.96,81.17,81.5821,3596077
2022-05-18 14:30:00,81.585,81.63,80.73,80.915,4148343
2022-05-18 15:30:00,80.91,81.79,80.8,81.74,4510300
2022-05-19 09:30:00,79.86,81.66,79.86,80.62,9109985
2022-05-19 10:30:00,80.625,81.09,79.88,81.01,6871813
2022-05-19 11:30:00,81.01,82.0,81.01,81.83,3190919
2022-05-19 12:30:00,81.84,81.95,81.15,81.68,3266438
2022-05-19 13:30:00,81.69,82.2857,81.28,82.1821,3728636
2022-05-19 14:30:00,82.17,82.79,81.68,81.71,4520149
2022-05-19 15:30:00,81.7,82.09,81.36,81.41,4361585
2022-05-20 09:30:00,82.42,83.3999,82.15,82.605,5565225
2022-05-20 10:30:00,82.6,82.85,81.14,81.43,3281579
2022-05-20 11:30:00,81.41,81.89,81.17,81.4914,3113999
2022-05-20 12:30:00,81.5,81.655,80.16,80.16,4145258
2022-05-20 13:30:00,80.1646,81.42,80.13,80.535,4509623
2022-05-20 14:30:00,80.53,81.18,80.38,81.165,4816717
2022-05-20 15:30:00,80.985,81.95,80.921,81.78,5194321
2022-05-23 09:30:00,82.74,83.7,82.225,83.65,6250199
2022-05-23 10:30:00,83.66,83.98,83.26,83.94,4645559
2022-05-23 11:30:00,83.94,84.09,83.61,83.67,2412874
2022-05-23 12:30:00,83.65,83.675,82.74,83.1,2692482
2022-05-23 13:30:00,83.1,84.17,81.77,84.0366,2884527
2022-05-23 14:30:00,84.04,84.22,83.42,83.96,3172070
2022-05-23 15:30:00,83.95,84.125,83.69,83.945,3557214
2022-05-24 09:30:00,82.96,84.31,82.85,83.44,6447724
2022-05-24 10:30:00,83.45,83.45,82.37,82.57,4340005
2022-05-24 11:30:00,82.57,83.485,82.36,83.11,2504335
2022-05-24 12:30:00,83.115,83.325,82.78,83.26,1673213
2022-05-24 13:30:00,83.26,84.025,83.12,83.972,2263073
2022-05-24 14:30:00,83.97,84.24,83.53,84.24,5157911
2022-05-24 15:30:00,84.23,84.61,84.06,84.29,3993103
2022-07-25 09:30:00,72.13,72.555,71.1416,72.37,5840391
2022-07-25 10:30:00,72.37,73.56,72.135,73.48,2449562
2022-07-25 11:30:00,73.47,73.64,73.09,73.25,2277781
2022-07-25 12:30:00,73.255,73.71,71.15,73.5293,1505836
2022-07-25 13:30:00,73.53,73.69,72.13,73.655,1658522
2022-07-25 14:30:00,73.65,73.8,73.49,73.56,1895710
2022-07-25 15:30:00,73.55,73.83,73.46,73.78,3139746
2022-07-26 09:30:00,74.64,74.965,73.515,73.86,5793553
2022-07-26 10:30:00,73.86,74.0,73.07,73.17,2995175
2022-07-26 11:30:00,73.17,73.24,72.6,72.75,2386286
2022-07-26 12:30:00,72.75,73.28,72.69,73.26,1911105
2022-07-26 13:30:00,73.26,73.76,72.82,72.835,1267327
2022-07-26 14:30:00,72.835,73.0842,72.59,73.08,1675502
2022-07-26 15:30:00,73.075,73.305,72.985,73.09,2084420
2022-07-27 09:30:00,73.56,74.14,72.802,73.165,4539579
2022-07-27 10:30:00,73.15,74.2392,73.145,73.94,3059610
2022-07-27 11:30:00,73.94,74.15,73.69,73.77,1446157
2022-07-27 12:30:00,73.7634,73.915,73.56,73.86,1297104
2022-07-27 13:30:00,73.86,74.21,73.09,73.87,2048059
2022-07-27 14:30:00,73.87,74.91,73.56,74.905,5041536
2022-07-27 15:30:00,74.9,75.1191,74.705,74.73,4157084
2022-07-28 09:30:00,75.4,75.925,73.77,73.985,6846546
2022-07-28 10:30:00,73.99,74.8605,73.79,74.855,2875565
2022-07-28 11:30:00,74.85,75.29,74.64,75.115,2189679
2022-07-28 12:30:00,75.1,75.105,74.44,74.6,1761033
2022-07-28 13:30:00,74.6097,75.05,74.5189,74.68,2445589
2022-07-28 14:30:00,74.675,75.2,74.53,75.195,1869709
2022-07-28 15:30:00,75.195,75.36,74.973,75.03,2834479
2022-07-29 09:30:00,76.53,78.3,76.38,78.1499,7745801
2022-07-29 10:30:00,78.15,78.54,77.66,77.7575,3397638
2022-07-29 11:30:00,77.75,78.15,76.53,77.975,1833606
2022-07-29 12:30:00,77.98,78.073,77.7403,77.91,1964918
2022-07-29 13:30:00,77.91,78.2799,75.16,78.1917,2292144
2022-07-29 14:30:00,78.19,78.55,78.13,78.445,2962267
2022-07-29 15:30:00,78.45,78.6617,78.29,78.43,4449956
2022-08-01 09:30:00,77.08,77.08,75.77,75.94,7633532
2022-08-01 10:30:00,75.95,76.746,75.924032,76.28,3599322
2022-08-01 11:30:00,76.29,76.94,76.0999,76.5901,2068606
2022-08-01 12:30:00,76.59,76.644383,75.865,75.865,2726101
2022-08-01 13:30:00,75.883793,82.72,75.8134,76.69,2837620
2022-08-01 14:30:00,76.69,77.28,76.485,76.92,2620671
2022-08-01 15:30:00,76.92,77.03,68.9,76.7562,2929615
2022-08-02 09:30:00,76.81,77.25,71.215,76.35,5642095
2022-08-02 10:30:00,76.35,76.92,76.02,76.88,2985638
2022-08-02 11:30:00,76.885,77.25,76.73,77.0999,2217522
2022-08-02 12:30:00,77.1,77.39,77.07,77.08,1620117
2022-08-02 13:30:00,77.08,77.15,76.6,76.92,2471316
2022-08-02 14:30:00,76.92,77.15,76.64,76.9099,2286984
2022-08-02 15:30:00,76.9,77.05,76.56,76.62,2367729
2022-08-03 09:30:00,76.95,77.17,76.06,76.495,4925392
2022-08-03 10:30:00,76.5,76.53,74.9,75.215,4485993
2022-08-03 11:30:00,75.2,75.425,74.48,74.59,3425284
2022-08-03 12:30:00,74.58,76.62,73.96,74.46,5288345
2022-08-03 13:30:00,74.46,76.62,74.3648,74.7462,2547936
2022-08-03 14:30:00,74.75,75.16,74.6338,75.0486,2029510
2022-08-03 15:30:00,75.05,75.12,74.35,74.4115,4517945
2022-08-04 09:30:00,73.91,74.12,72.4065,73.23,6879972
2022-08-04 10:30:00,73.21,73.36,72.41,72.65,3659173
2022-08-04 11:30:00,72.65,72.97,72.53,72.7,2759003
2022-08-04 12:30:00,72.71,73.145,72.58,73.06,2290673
2022-08-04 13:30:00,73.045,74.42,72.89,73.08,1363008
2022-08-04 14:30:00,73.09,74.42,72.2,72.295,3834004
2022-08-04 15:30:00,72.2932,72.36,71.39,71.66,6475819
2022-08-05 09:30:00,70.69,73.6799,70.59,73.33,8312327
2022-08-05 10:30:00,73.34,73.71,72.97,72.98,3228397
2022-08-05 11:30:00,72.98,73.34,72.91,73.175,1920714
2022-08-05 12:30:00,73.18,73.7,71.66,73.4999,1645391
2022-08-05 13:30:00,73.495,73.63,73.305,73.335,1282880
2022-08-05 14:30:00,73.335,73.6393,73.17,73.32,2138345
2022-08-05 15:30:00,73.32,73.34,73.03,73.06,3448380
2022-08-08 09:30:00,73.0,73.9,72.8888,73.33,6192205
2022-08-08 10:30:00,73.33,74.12,73.0628,74.07,3308205
2022-08-08 11:30:00,74.06,74.105,73.08,73.726196,2128773
2022-08-08 12:30:00,73.69,73.87,73.5,73.58,1350465
2022-08-08 13:30:00,73.58,73.9396,73.54,73.83,1610730
2022-08-08 14:30:00,73.83,73.89,73.39,73.72,1746989
2022-08-08 15:30:00,73.71,73.7282,73.375,73.44,2209732
2022-08-09 09:30:00,74.5,75.7,74.41,75.49,6207514
2022-08-09 10:30:00,75.49,75.5199,74.8401,74.95,2106253
2022-08-09 11:30:00,74.95,74.9843,73.4477,74.775,2550882
2022-08-09 12:30:00,74.775,74.89,74.37,74.885,1458352
2022-08-09 13:30:00,74.89,75.0499,73.46,74.645,1189910
2022-08-09 14:30:00,74.64,74.8101,74.4,74.75,1527788
2022-08-09 15:30:00,74.76,74.78,74.5,74.77,1735653
2022-08-10 09:30:00,74.94,75.07,73.43,73.84,5536078
2022-08-10 10:30:00,73.83,75.3,73.74,75.175,3591827
2022-08-10 11:30:00,75.185,75.45,74.945,75.37,1884992
2022-08-10 12:30:00,75.37,75.63,74.75,75.435,1505234
2022-08-10 13:30:00,75.44,75.715,74.75,75.07,1184381
2022-08-10 14:30:00,75.06,75.2713,74.79,75.0897,1245493
2022-08-10 15:30:00,75.08,75.35,75.04,75.27,2055595
2022-08-11 09:30:00,76.7,77.3497,76.471,76.575,6430603
2022-08-11 10:30:00,76.5799,77.41,76.3,77.19,3144094
2022-08-11 11:30:00,77.175,77.64,75.29,77.64,2966429
2022-08-11 12:30:00,77.63,78.28,75.4534,78.2174,2804493
2022-08-11 13:30:00,78.21,78.54,76.11,78.38,3130571
2022-08-11 14:30:00,78.38,78.385,75.861,77.9631,2472178
2022-08-11 15:30:00,77.9624,78.1,77.64,77.9,6752762
2022-08-12 09:30:00,77.37,77.9855,77.03,77.37,6772242
2022-08-12 10:30:00,77.37,77.68,77.13,77.27,2716405
2022-08-12 11:30:00,77.27,77.9071,74.5,77.68,1482543
2022-08-12 12:30:00,77.69,77.97,77.62,77.77,1450847
2022-08-12 13:30:00,77.77,78.155,77.77,78.05,1335042
2022-08-12 14:30:00,78.05,78.3,77.2563,78.22,1412475
2022-08-12 15:30:00,78.22,78.52,77.9071,78.475,2781552
2022-08-15 09:30:00,75.63,78.5216,74.94,75.55,8988751
2022-08-15 10:30:00,75.54,76.5597,75.48,76.46,2631677
2022-08-15 11:30:00,76.46,77.15,76.22,76.98,1662564
2022-08-15 12:30:00,76.985,78.47,76.84,76.97,1631240
2022-08-15 13:30:00,76.97,76.99,76.49,76.8001,1600463
2022-08-15 14:30:00,76.8,77.02,76.5399,76.9858,1418094
2022-08-15 15:30:00,76.99,77.05,76.855,76.95,2231792
2022-08-16 09:30:00,77.32,77.86,77.0488,77.4876,5576654
2022-08-16 10:30:00,77.48,77.51,76.275,76.5074,3109933
2022-08-16 11:30:00,76.5,77.205,76.36,77.185,2144875
2022-08-16 12:30:00,77.1832,77.2,76.7469,76.76,1869884
2022-08-16 13:30:00,76.76,77.8607,76.51,76.91,1552568
2022-08-16 14:30:00,76.91,77.025,76.51,76.955,2158768
2022-08-16 15:30:00,76.96,77.0,76.68,76.76,2448261
2022-08-17 09:30:00,76.41,77.535,76.2,77.28,3639968
2022-08-17 10:30:00,77.27,78.2,76.83,77.075,6977064
2022-08-17 11:30:00,76.981528,77.38,76.55,77.365,2600397
2022-08-17 12:30:00,77.365,77.74,76.76,77.66,1560979
2022-08-17 13:30:00,77.665,77.72,77.23,77.6394,1828748
2022-08-17 14:30:00,77.64,77.83,76.7859,77.455,2793421
2022-08-17 15:30:00,77.45,77.56,76.7859,77.39,2337601
2022-08-18 09:30:00,78.26,79.43,78.1188,79.2,5330840
2022-08-18 10:30:00,79.21,79.52,72.32,78.87,3775650
2022-08-18 11:30:00,78.86,79.21,77.4,78.89,3473939
2022-08-18 12:30:00,78.89,79.34,78.72,79.225,2182747
2022-08-18 13:30:00,79.23,79.4899,79.1799,79.24,1978478
2022-08-18 14:30:00,79.24,79.4758,79.16,79.31,2489755
2022-08-18 15:30:00,79.31,79.56,79.28,79.49,3283574
2022-08-19 09:30:00,79.28,79.73,78.82,79.43,4829747
2022-08-19 10:30:00,79.43,79.66,79.1699,79.42,2219570
2022-08-19 11:30:00,79.42,79.8199,79.37647,79.5,2014040
2022-08-19 12:30:00,79.51,80.0088,79.48,79.8,2194297
2022-08-19 13:30:00,79.8,79.87,79.45,79.815,2402330
2022-08-19 14:30:00,79.81,79.835,79.47,79.565,2436588
2022-08-19 15:30:00,79.57,79.65,79.43,79.5,2758848
2022-08-22 09:30:00,78.78,79.5186,77.48,77.89,6355373
2022-08-22 10:30:00,77.885,79.57,77.75,79.35,4584563
2022-08-22 11:30:00,79.34,79.81,79.0001,79.06,3815457
2022-08-22 12:30:00,79.07,79.6,78.78,78.81,1802546
2022-08-22 13:30:00,78.81,79.46,78.63,79.06,1518063
2022-08-22 14:30:00,79.06,79.43,78.8983,79.255,1621173
2022-08-22 15:30:00,79.26,79.4,79.03,79.32,2340134
2022-08-23 09:30:00,80.53,82.55,80.53,82.11,9540830
2022-08-23 10:30:00,82.1,82.79,82.08,82.45,4513406
2022-08-23 11:30:00,82.4416,82.6,79.31,82.1001,2758476
2022-08-23 12:30:00,82.1,82.53,81.91,82.11,2451437
2022-08-23 13:30:00,82.13,82.305,79.31,81.73,1760994
2022-08-23 14:30:00,81.725,82.15,81.72,82.135,1889810
2022-08-23 15:30:00,82.135,82.41,82.09,82.1601,3402294
2022-08-24 09:30:00,82.19,83.17,81.81,82.905,4629677
2022-08-24 10:30:00,82.91,83.2,82.14,82.29,4487902
2022-08-24 11:30:00,82.3,82.965,82.025,82.9,2968276
2022-08-24 12:30:00,82.89,82.9799,82.17,82.4717,3201349
2022-08-24 13:30:00,82.475,82.62,82.1637,82.58,1471125
2022-08-24 14:30:00,82.58,82.81,82.41,82.74,2127010
2022-08-24 15:30:00,82.7401,83.295,82.71,83.17,4871761
2022-08-25 09:30:00,83.58,84.235,83.205,83.485,6311943
2022-08-25 10:30:00,83.49,83.67,83.1201,83.58,2296331
2022-08-25 11:30:00,83.58,83.625,83.16,83.35,1966245
2022-08-25 12:30:00,83.345,83.57,83.18,83.41,1811104
2022-08-25 13:30:00,83.402,83.44,83.01,83.13,2560368
2022-08-25 14:30:00,83.1396,83.58,83.05,83.545,1514834
2022-08-25 15:30:00,83.545,83.84,83.46,83.82,2748447
2022-08-26 09:30:00,83.65,84.56,83.3,83.695,5167646
2022-08-26 10:30:00,83.69,83.69,82.465,82.76,3632881
2022-08-26 11:30:00,82.76,83.82,82.735,83.1001,2196266
2022-08-26 12:30:00,83.1,83.37,82.73,83.3629,1257727
2022-08-26 13:30:00,83.3629,83.58,83.1507,83.385,1816273
2022-08-26 14:30:00,83.38,83.465,82.91,83.23,1709145
2022-08-26 15:30:00,83.23,83.32,82.77,82.84,3019797
2022-08-29 09:30:00,82.8,85.11,82.59,84.63,8640071
2022-08-29 10:30:00,84.64,84.84,84.18,84.71,3540494
2022-08-29 11:30:00,84.705,84.8807,84.4,84.772,2065010
2022-08-29 12:30:00,84.78,85.01,84.4501,84.975,1802365
2022-08-29 13:30:00,84.975,85.19,82.84,84.83,2382669
2022-08-29 14:30:00,84.83,85.02,84.52,84.535,2938614
2022-08-29 15:30:00,84.535,84.73,84.07,84.11,3877726
2022-08-30 09:30:00,82.65,82.67,81.01,81.77,8400930
2022-08-30 10:30:00,81.77,81.955,80.56,81.233409,4572602
2022-08-30 11:30:00,81.225,84.09,80.645,80.97,3390014
2022-08-30 12:30:00,80.965,84.7,73.08,81.235,2932591
2022-08-30 13:30:00,81.23,81.45,80.87,81.12,2992916
2022-08-30 14:30:00,81.13,83.82,80.82,81.19,2174930
2022-08-30 15:30:00,81.2,81.49,81.0,81.2425,3801724
2022-08-31 09:30:00,79.23,80.71,78.94,80.46,10023036
2022-08-31 10:30:00,80.46,81.4,80.01,81.07,4919762
2022-08-31 11:30:00,81.06,81.84,81.02,81.47,2808858
2022-08-31 12:30:00,81.47,81.77,81.245,81.52,2278112
2022-08-31 13:30:00,81.52,81.69,80.87,80.885,1833523
2022-08-31 14:30:00,80.885,81.02,80.57,80.745,2874857
2022-08-31 15:30:00,80.75,80.95,80.47,80.49,2982672
2022-09-01 09:30:00,79.31,79.63,77.42,78.813,7692707
2022-09-01 10:30:00,78.81,79.035,78.1899,78.62,3809446
2022-09-01 11:30:00,78.635,79.11,78.54,78.73,3237972
2022-09-01 12:30:00,78.73,80.5,77.92,78.62,2470666
2022-09-01 13:30:00,78.61,78.82,78.175,78.82,2332025
2022-09-01 14:30:00,78.82,78.94,78.323,78.3743,3095048
2022-09-01 15:30:00,78.3756,78.6,78.04,78.5699,5257724
2022-09-02 09:30:00,80.46,80.8899,79.53,80.735,7177071
2022-09-02 10:30:00,80.74,80.93,80.28,80.58,4070380
2022-09-02 11:30:00,80.59,81.02,78.52,80.7,2598519
2022-09-02 12:30:00,80.695,80.721,79.83,79.925,3129585
2022-09-02 13:30:00,79.92,80.12,79.56,79.93,2222404
2022-09-02 14:30:00,79.94,80.41,79.84,80.235,2425540
2022-09-02 15:30:00,80.23,80.265,79.68,80.08,4397271
2022-10-25 09:30:00,87.0,87.83,83.09,87.81,4896492
2022-10-25 10:30:00,87.82,87.83,86.96,86.9618,2774365
2022-10-25 11:30:00,86.97,87.265,86.84,86.8725,3133213
2022-10-25 12:30:00,86.875,87.26,86.85,86.91,1947435
2022-10-25 13:30:00,86.915,87.34,86.75,87.12,1567942
2022-10-25 14:30:00,87.125,87.235,78.5049,87.2,1848601
2022-10-25 15:30:00,87.195,87.48,87.17,87.43,2230329
2022-10-26 09:30:00,87.75,88.88,87.408,88.6,6887792
2022-10-26 10:30:00,88.5914,89.32,88.495,89.14,3365850
2022-10-26 11:30:00,89.135,89.2261,88.03,89.12,2847729
2022-10-26 12:30:00,89.13,89.26,88.73,88.74,1970540
2022-10-26 13:30:00,88.73,89.1,87.43,88.84,1688823
2022-10-26 14:30:00,88.84,88.99,88.41,88.68,2268538
2022-10-26 15:30:00,88.68,88.95,88.53,88.6,2865398
2022-10-27 09:30:00,89.85,90.44,88.5697,90.1013,6051052
2022-10-27 10:30:00,90.1,90.39,85.4727,90.315,3474003
2022-10-27 11:30:00,90.315,90.315,89.5,89.5755,3887181
2022-10-27 12:30:00,89.57,90.19,89.57,89.8701,2257358
2022-10-27 13:30:00,89.88,89.9695,88.62,89.585,1560792
2022-10-27 14:30:00,89.58,89.6832,88.82,89.0894,2475139
2022-10-27 15:30:00,89.09,89.24,88.67,88.95,2803481
2022-10-28 09:30:00,89.9,90.64,88.56,89.04,8228376
2022-10-28 10:30:00,89.0499,89.091,87.65,88.215,4675464
2022-10-28 11:30:00,88.22,89.1,87.735,89.09,2066343
2022-10-28 12:30:00,89.095,89.2,80.7743,89.0228,1799229
2022-10-28 13:30:00,89.03,89.29,88.9,89.1026,1758422
2022-10-28 14:30:00,89.09,89.49,88.96,89.0976,1819675
2022-10-28 15:30:00,89.09,89.36,88.995,89.27,2189840
2022-10-31 09:30:00,88.37,90.76,88.2688,90.595,6009732
2022-10-31 10:30:00,90.59,91.18,90.5,90.8199,3218168
2022-10-31 11:30:00,90.82,90.94,89.31,89.64,8764447
2022-10-31 12:30:00,89.63,90.01,88.58,89.96,3550851
2022-10-31 13:30:00,89.95,90.575,89.25,90.45,2526823
2022-10-31 14:30:00,90.4401,90.61,90.01,90.405,2495124
2022-10-31 15:30:00,90.4099,90.51,89.92,89.99,2862060
2022-11-01 09:30:00,91.51,91.64,90.545,91.06,6189874
2022-11-01 10:30:00,91.06,91.2,90.32,90.9299,3039107
2022-11-01 11:30:00,90.93,91.305,87.34,91.13,2970881
2022-11-01 12:30:00,91.13,91.57,90.455,91.09,1686527
2022-11-01 13:30:00,91.1581,91.1581,90.0,90.98,1368545
2022-11-01 14:30:00,90.985,91.26,90.78,90.91,1836028
2022-11-01 15:30:00,90.92,91.07,90.79,90.868,2100513
2022-11-02 09:30:00,90.56,90.58,88.95,89.2,4602707
2022-11-02 10:30:00,89.21,90.47,89.1533,90.33,2824044
2022-11-02 11:30:00,90.33,90.82,90.14,90.35,2490819
2022-11-02 12:30:00,90.35,90.4597,89.48,90.03,1249269
2022-11-02 13:30:00,90.025,91.01,90.01,90.855,4450527
2022-11-02 14:30:00,90.855,91.05,88.58,88.77,7673469
2022-11-02 15:30:00,88.74,88.9572,88.47,88.65,4284373
2022-11-03 09:30:00,88.14,89.8801,87.88,89.21,7228118
2022-11-03 10:30:00,89.2,90.12,89.09,89.96,3200010
2022-11-03 11:30:00,89.95,90.74,89.09,90.71,2016411
2022-11-03 12:30:00,90.7,90.79,90.275,90.58,7647047
2022-11-03 13:30:00,90.58,90.588202,88.68,90.3491,1353229
2022-11-03 14:30:00,90.345,90.78,90.2244,90.7773,1925837
2022-11-03 15:30:00,90.77,90.825,89.8743,90.32,2877682
2022-11-04 09:30:00,92.28,93.02,91.43,92.455,9689304
2022-11-04 10:30:00,92.45,92.9,91.3708,91.41,3594968
2022-11-04 11:30:00,91.41,92.06,90.07,90.58,4021058
2022-11-04 12:30:00,90.57,91.06,90.165,90.9507,2528394
2022-11-04 13:30:00,90.98,91.095,90.32,91.01,2312900
2022-11-04 14:30:00,91.02,91.5,90.32,91.27,3908942
2022-11-04 15:30:00,91.27,91.54,91.145,91.43,3755257
2022-11-07 09:30:00,91.61,92.78,91.44,92.68,4855301
2022-11-07 10:30:00,92.68,93.25,91.378,93.0892,3429254
2022-11-07 11:30:00,93.1667,93.28,92.61,93.15,1930720
2022-11-07 12:30:00,93.155,93.17,92.69,92.925,1965798
2022-11-07 13:30:00,92.93,93.14,92.72,93.0423,1869867
2022-11-07 14:30:00,93.045,93.14,92.83,93.075,1985399
2022-11-07 15:30:00,93.07,93.09,92.83,93.01,2607719
2022-11-08 09:30:00,92.83,92.94,91.93,92.68,4002824
2022-11-08 10:30:00,92.68,93.205,92.5874,92.695,2115756
2022-11-08 11:30:00,92.7,93.15,92.52,92.795,2092267
2022-11-08 12:30:00,92.79,93.11,92.355,92.39,1770576
2022-11-08 13:30:00,92.38,92.72,92.1,92.11,2341897
2022-11-08 14:30:00,92.115,93.33,92.1,93.3099,3726183
2022-11-08 15:30:00,93.31,93.48,92.835,93.05,3349429
2022-11-09 09:30:00,91.82,93.0259,90.66,91.17,6063031
2022-11-09 10:30:00,91.18,91.7,90.15,90.54,4674553
2022-11-09 11:30:00,90.54,90.84,90.31,90.33,1909911
2022-11-09 12:30:00,90.33,90.5765,89.92,89.97,3247173
2022-11-09 13:30:00,89.97,90.0095,89.33,89.335,3986862
2022-11-09 14:30:00,89.34,93.0259,88.63,88.8668,5881538
2022-11-09 15:30:00,88.87,88.92,88.33,88.575,5291144
2022-11-10 09:30:00,90.4,90.44,88.5,90.2725,8231495
2022-11-10 10:30:00,90.28,90.57,89.87,90.15,4174326
2022-11-10 11:30:00,90.16,90.36,89.63,89.7093,2995284
2022-11-10 12:30:00,89.705,89.92,89.355,89.8159,2983750
2022-11-10 13:30:00,89.82,92.33,89.59,89.8934,2024251
2022-11-10 14:30:00,89.8943,90.27,89.82,90.23,3680465
2022-11-10 15:30:00,90.23,90.6,90.085,90.47,2875048
2022-11-11 09:30:00,92.23,93.36,92.01,93.32,6497761
2022-11-11 10:30:00,93.33,93.6,92.83,92.88,4219404
2022-11-11 11:30:00,92.87,92.96,92.15,92.515,2409742
2022-11-11 12:30:00,92.515,93.24,92.5133,93.215,1742839
2022-11-11 13:30:00,93.22,93.33,92.99,93.315,1962367
2022-11-11 14:30:00,93.315,93.52,93.085,93.49,2369130
2022-11-11 15:30:00,93.485,93.61,93.15,93.31,4468146
2022-11-14 09:30:00,92.86,94.4,92.84,94.32,4777945
2022-11-14 10:30:00,94.33,94.71,93.78,94.11,3340785
2022-11-14 11:30:00,94.1,94.34,93.64,93.94,2878081
2022-11-14 12:30:00,93.93,94.19,93.52,93.99,1709853
2022-11-14 13:30:00,93.995,94.31,93.13,94.205,1774576
2022-11-14 14:30:00,94.21,94.24,93.125,93.645,3361973
2022-11-14 15:30:00,93.65,93.77,92.955,93.03,5004511
2022-11-15 09:30:00,93.57,93.775,92.97,93.67,5328302
2022-11-15 10:30:00,93.677,93.707,92.84,93.24,3163220
2022-11-15 11:30:00,93.23,93.53,93.02,93.195,1883251
2022-11-15 12:30:00,93.2,93.94,93.06,93.28,3769949
2022-11-15 13:30:00,93.29,94.17,93.1,93.6186,5565099
2022-11-15 14:30:00,93.61,94.32,93.5,94.25,2439958
2022-11-15 15:30:00,94.25,94.3,93.88,94.14,2731545
2022-11-16 09:30:00,93.24,93.74,93.0,93.5,5670109
2022-11-16 10:30:00,93.5,93.81,92.91,93.18,4028340
2022-11-16 11:30:00,93.18,93.49,92.27,92.415,2381780
2022-11-16 12:30:00,92.41,92.81,91.75,91.78,3031839
2022-11-16 13:30:00,91.78,94.08,91.68,92.28,2024427
2022-11-16 14:30:00,92.28,92.45,92.11,92.1799,2769194
2022-11-16 15:30:00,92.18,92.47,92.14,92.18,2976454
2022-11-17 09:30:00,90.75,91.18,86.93,91.05,5672978
2022-11-17 10:30:00,91.05,91.385,90.59,90.75,3261552
2022-11-17 11:30:00,90.7457,91.197,90.48,90.89,2020271
2022-11-17 12:30:00,90.89,91.86,90.89,91.585,1945582
2022-11-17 13:30:00,91.59,92.16,91.25,91.36,1726787
2022-11-17 14:30:00,91.355,91.715,91.3369,91.565,2467235
2022-11-17 15:30:00,91.5692,92.44,91.5038,92.37,3501561
2022-11-18 09:30:00,90.65,92.3572,89.51,90.584374,8400368
2022-11-18 10:30:00,90.585,91.34,90.4,91.29,3525111
2022-11-18 11:30:00,91.29,91.35,90.395,90.725,2059057
2022-11-18 12:30:00,90.7212,91.225,90.555,91.15,1432515
2022-11-18 13:30:00,91.15,91.41,90.72,91.38,1858767
2022-11-18 14:30:00,91.38,91.65,91.09,91.6437,1860129
2022-11-18 15:30:00,91.64,91.88,91.365,91.637,3393013
2022-11-21 09:30:00,89.64,91.5978,87.68,87.7,10853594
2022-11-21 10:30:00,87.7,87.9246,87.28,87.48,6393608
2022-11-21 11:30:00,87.49,89.59,87.385,89.23,10921679
2022-11-21 12:30:00,89.2291,90.63,89.22,90.265,5051188
2022-11-21 13:30:00,90.27,90.565,90.125,90.26,2266913
2022-11-21 14:30:00,90.26,91.63,89.845,89.995,2177587
2022-11-21 15:30:00,89.995,93.13,89.86,90.31,2901288
2022-11-22 09:30:00,91.52,92.38,91.01,92.3139,6682439
2022-11-22 10:30:00,92.32,92.53,92.16,92.395,3182626
2022-11-22 11:30:00,92.4,93.14,92.16,93.03,2630161
2022-11-22 12:30:00,93.035,93.315,90.3349,93.26,2899228
2022-11-22 13:30:00,93.2577,93.26,92.72,93.0,3396299
2022-11-22 14:30:00,93.005,93.3,92.86,93.24,2136820
2022-11-22 15:30:00,93.24,93.49,93.16,93.24,4755271
2023-01-26 09:30:00,91.72,92.0,90.6,91.35,4644345
2023-01-26 10:30:00,91.35,91.69,91.05,91.565,2524813
2023-01-26 11:30:00,91.565,92.15,91.3436,92.075,2340403
2023-01-26 12:30:00,92.075,92.39,91.8427,92.2749,1477051
2023-01-26 13:30:00,92.245,92.645,90.95,92.471,1336451
2023-01-26 14:30:00,92.41,92.86,90.705,92.735,1756395
2023-01-26 15:30:00,92.73,93.15,92.68,93.09,3300630
2023-01-27 09:30:00,92.61,93.07,92.17,92.28,3174734
2023-01-27 10:30:00,92.28,92.3599,91.36,91.945,2899653
2023-01-27 11:30:00,91.9423,92.83,91.07,91.14,1858169
2023-01-27 12:30:00,91.14,91.76,91.1,91.515,1317837
2023-01-27 13:30:00,91.51,91.7651,91.45,91.645,1614650
2023-01-27 14:30:00,91.64,91.8,91.48,91.7599,2053502
2023-01-27 15:30:00,91.754,91.88,91.22,91.24,2816245
2023-01-30 09:30:00,90.57,90.7,89.8,90.43,3713043
2023-01-30 10:30:00,90.4299,90.63,90.12,90.155,1749413
2023-01-30 11:30:00,90.15,90.22,89.61,89.81,1521958
2023-01-30 12:30:00,89.82,89.906,89.45,89.6535,1065546
2023-01-30 13:30:00,89.66,89.7115,89.45,89.487,1041515
2023-01-30 14:30:00,89.48,91.2873,89.015,89.1595,1998410
2023-01-30 15:30:00,89.16,89.47,89.07,89.17,2248046
2023-01-31 09:30:00,88.84,89.49,87.93,89.435,4396405
2023-01-31 10:30:00,89.435,90.065,88.71,89.82,2032581
2023-01-31 11:30:00,89.8222,89.8545,89.2701,89.599,1277119
2023-01-31 12:30:00,89.595,89.7758,87.25,89.727,1054468
2023-01-31 13:30:00,89.73,89.78,89.14,89.5999,1261862
2023-01-31 14:30:00,89.59,89.66,89.385,89.435,1092570
2023-01-31 15:30:00,89.435,89.95,89.43,89.9,2333035
2023-02-01 09:30:00,89.51,89.89,88.96,89.3217,2739695
2023-02-01 10:30:00,89.2665,89.325,88.39,88.63,2355200
2023-02-01 11:30:00,88.6201,89.03,87.0,87.285,3471554
2023-02-01 12:30:00,87.29,87.52,87.09,87.505,2415841
2023-02-01 13:30:00,87.505,89.93,87.19,87.56,3570490
2023-02-01 14:30:00,87.56,88.5097,87.15,88.355,4843955
2023-02-01 15:30:00,88.36,89.02,88.01,88.21,3798893
2023-02-02 09:30:00,87.82,88.01,86.1,86.6,6161838
2023-02-02 10:30:00,86.6,87.13,86.48,86.78,3361590
2023-02-02 11:30:00,86.77,87.02,86.4,86.955,2250939
2023-02-02 12:30:00,86.955,89.47,86.28,86.295,1844439
2023-02-02 13:30:00,86.295,86.37,85.2,85.2842,3622112
2023-02-02 14:30:00,85.28,85.8,85.26,85.435,3649233
2023-02-02 15:30:00,85.435,86.205,85.435,86.15,3531060
2023-02-03 09:30:00,86.51,87.885,86.49,87.71,7416505
2023-02-03 10:30:00,87.72,87.91,86.87,86.9,3462755
2023-02-03 11:30:00,86.9,86.9779,86.055,86.605,2779527
2023-02-03 12:30:00,86.61,87.39,85.87,86.08,2265151
2023-02-03 13:30:00,86.08,86.384,85.98,86.26,1503210
2023-02-03 14:30:00,86.2553,86.41,86.11,86.165,2269872
2023-02-03 15:30:00,86.165,86.26,85.87,86.0,2673330
2023-02-06 09:30:00,86.04,86.69,84.735,84.9399,3983602
2023-02-06 10:30:00,84.93,85.58,84.515,85.54,2722659
2023-02-06 11:30:00,85.56,85.69,85.3,85.4499,1810474
2023-02-06 12:30:00,85.36,85.59,85.2,85.4007,1115478
2023-02-06 13:30:00,85.4009,85.55,85.3,85.49,1078907
2023-02-06 14:30:00,85.48,85.595,85.3201,85.435,1196979
2023-02-06 15:30:00,85.44,86.011,85.37,85.63,2337664
2023-02-07 09:30:00,86.12,86.55,85.57,86.1201,3288347
2023-02-07 10:30:00,86.1299,86.795,85.87,86.7501,2225756
2023-02-07 11:30:00,86.76,87.36,86.69,87.1099,2842390
2023-02-07 12:30:00,87.105,87.91,86.91,86.91,3548907
2023-02-07 13:30:00,86.9,87.59,86.625,87.52,2308683
2023-02-07 14:30:00,87.53,88.1,87.485,88.09,2176938
2023-02-07 15:30:00,88.09,88.48,87.9714,88.3,3442608
2023-02-08 09:30:00,88.28,88.73,87.9,88.06,3267729
2023-02-08 10:30:00,88.05,88.05,87.32,87.37,2797878
2023-02-08 11:30:00,87.37,88.42,87.055,87.62,1651231
2023-02-08 12:30:00,87.62,90.26,87.26,87.835,1278471
2023-02-08 13:30:00,87.84,88.35,87.45,87.82,1238743
2023-02-08 14:30:00,87.82,87.935,87.415,87.665,1383508
2023-02-08 15:30:00,87.66,87.92,87.54,87.55,1669574
2023-02-09 09:30:00,87.57,87.835,87.0104,87.555,3551661
2023-02-09 10:30:00,87.56,87.78,87.08,87.6977,2788938
2023-02-09 11:30:00,87.69,87.85,87.34,87.67,1816876
2023-02-09 12:30:00,87.67,87.751893,87.105,87.185,1477125
2023-02-09 13:30:00,87.19,89.95,86.985,87.1,1608787
2023-02-09 14:30:00,87.1,87.42,86.87,86.955,2041259
2023-02-09 15:30:00,86.95,87.0601,86.74,86.85,2209676
2023-02-10 09:30:00,88.25,89.15,88.16,89.07,5240654
2023-02-10 10:30:00,89.06,89.56,88.59,89.3,2856764
2023-02-10 11:30:00,89.3,89.665,88.59,89.545,1895425
2023-02-10 12:30:00,89.5496,89.87,89.41,89.845,1551457
2023-02-10 13:30:00,89.85,90.02,89.69,89.8075,1576081
2023-02-10 14:30:00,89.8,90.24,89.75,90.03,2233811
2023-02-10 15:30:00,90.04,90.39,85.38,90.22,3658712
2023-02-13 09:30:00,89.75,89.8,88.82,89.4503,2605608
2023-02-13 10:30:00,89.45,89.815,89.32,89.415,1525666
2023-02-13 11:30:00,89.42,89.95,89.325,89.95,1266625
2023-02-13 12:30:00,89.94,90.328,89.89,90.16,1320632
2023-02-13 13:30:00,90.16,90.276,90.075,90.15,1078223
2023-02-13 14:30:00,90.14,90.235,89.71,89.8299,2203906
2023-02-13 15:30:00,89.83,90.13,89.83,90.01,2060471
2023-02-14 09:30:00,89.27,90.665,89.02,90.535,4204411
2023-02-14 10:30:00,90.54,90.65,89.64,89.69,2025753
2023-02-14 11:30:00,89.7,89.955,89.305,89.8799,1054401
2023-02-14 12:30:00,89.88,90.365,89.74,90.27,1384590
2023-02-14 13:30:00,90.27,90.33,89.9,90.03,1035009
2023-02-14 14:30:00,90.025,90.3599,89.8,90.16,1157029
2023-02-14 15:30:00,90.17,90.2799,89.99,90.03,1837821
2023-02-15 09:30:00,89.0,89.19,87.7112,88.362,4282738
2023-02-15 10:30:00,88.36,90.01,88.08,88.165,2157208
2023-02-15 11:30:00,88.1601,88.33,87.36,87.38,2052784
2023-02-15 12:30:00,87.37,88.23,87.35,88.21,1842067
2023-02-15 13:30:00,88.21,88.375,88.115,88.22,1253770
2023-02-15 14:30:00,88.225,88.34,88.14,88.23,1553406
2023-02-15 15:30:00,88.24,88.48,88.2,88.47,2268349
2023-02-16 09:30:00,88.0,88.63,87.71,87.99,3118644
2023-02-16 10:30:00,87.98,88.445,87.93,88.33,1266750
2023-02-16 11:30:00,88.33,88.62,87.75,88.6101,1433173
2023-02-16 12:30:00,88.615,88.7598,88.035,88.04,1111857
2023-02-16 13:30:00,88.04,88.5099,88.0,88.46,870430
2023-02-16 14:30:00,88.45,88.535,87.76,87.8,2004911
2023-02-16 15:30:00,87.8,87.88,87.52,87.61,2476748
2023-02-17 09:30:00,86.25,86.35,84.56,85.25,6501968
2023-02-17 10:30:00,85.25,85.57,84.765,84.86,3159934
2023-02-17 11:30:00,84.86,85.29,84.78,84.92,2111760
2023-02-17 12:30:00,84.918,84.924,84.19,84.295,2387866
2023-02-17 13:30:00,84.29,84.76,84.12,84.4345,1658377
2023-02-17 14:30:00,84.44,84.79,84.397,84.445,2307783
2023-02-17 15:30:00,84.44,84.6,84.35,84.49,3568054
2023-02-22 09:30:00,83.84,84.63,83.32,83.34,3583608
2023-02-22 10:30:00,83.34,83.69,82.79,83.59,3461837
2023-02-22 11:30:00,83.5989,84.075,83.43,83.99,2034109
2023-02-22 12:30:00,83.995,87.87,83.54,84.23,1292486
2023-02-22 13:30:00,84.225,84.38,83.65,83.72,2863186
2023-02-22 14:30:00,83.71,83.8038,83.08,83.09,2142344
2023-02-22 15:30:00,83.095,83.59,83.04,83.55,3101549
2023-02-23 09:30:00,84.77,85.26,83.5451,84.95,4234495
2023-02-23 10:30:00,84.96,84.99,84.1,84.1599,1882862
2023-02-23 11:30:00,84.16,84.45,83.51,83.995,1678086
2023-02-23 12:30:00,83.99,84.4464,83.905,84.43,1463767
2023-02-23 13:30:00,84.435,84.83,84.34,84.82,1641491
2023-02-23 14:30:00,84.82,85.06,84.73,85.02,1894808
2023-02-23 15:30:00,85.025,85.035,84.53,84.66,2806115
2023-02-24 09:30:00,83.52,83.88,83.04,83.35,4680858
2023-02-24 10:30:00,83.34,84.24,83.2657,84.14,2076618
2023-02-24 11:30:00,84.1951,84.6801,83.68,84.06,2315291
2023-02-24 12:30:00,84.07,84.185,83.605,83.87,1606055
2023-02-24 13:30:00,83.87,84.285,83.78,84.22,1711097
2023-02-24 14:30:00,84.225,84.7899,84.13,84.63,3230813
2023-02-24 15:30:00,84.62,84.7015,84.265,84.66,2707644
2023-02-27 09:30:00,84.67,85.175,84.2,84.93,4246468
2023-02-27 10:30:00,84.94,85.215,84.74,84.87,2095504
2023-02-27 11:30:00,84.87,85.14,84.72,85.12,1339859
2023-02-27 12:30:00,85.13,85.28,84.93,84.96,1165322
2023-02-27 13:30:00,84.96,85.11,84.695,85.07,1572004
2023-02-27 14:30:00,85.08,85.18,84.76,84.895,1603144
2023-02-27 15:30:00,84.89,84.9854,84.65,84.94,2441607
2023-02-28 09:30:00,85.77,85.87,84.535,85.04,4288076
2023-02-28 10:30:00,85.045,85.13,84.45,84.45,2961503
2023-02-28 11:30:00,84.445,84.7,83.98,84.14,2576757
2023-02-28 12:30:00,84.14,84.25,83.92,84.086,1522350
2023-02-28 13:30:00,84.08,84.2,83.88,84.075,1665293
2023-02-28 14:30:00,84.075,84.12,83.75,83.825,1847474
2023-02-28 15:30:00,83.8219,83.9,83.62,83.63,3399112
2023-03-01 09:30:00,83.76,85.06,83.45,84.96,4594096
2023-03-01 10:30:00,84.96,85.77,84.93,85.205,3804525
2023-03-01 11:30:00,85.21,85.455,84.96,85.21,1917552
2023-03-01 12:30:00,85.215,85.36,85.045,85.13,1381126
2023-03-01 13:30:00,85.12,85.325,84.68,85.285,1400509
2023-03-01 14:30:00,85.28,85.49,85.115,85.4521,1693847
2023-03-01 15:30:00,85.46,85.62,85.32,85.38,3344331
2023-03-02 09:30:00,85.19,85.94,84.915,85.795,3610427
2023-03-02 10:30:00,85.8,85.92,85.38,85.66,1780768
2023-03-02 11:30:00,85.66,85.85,85.39,85.435,1775203
2023-03-02 12:30:00,85.435,85.89,85.4139,85.639,1431546
2023-03-02 13:30:00,85.64,86.07,85.52,86.0201,1960924
2023-03-02 14:30:00,86.03,86.26,85.3969,86.2399,2069689
2023-03-02 15:30:00,86.24,86.41,85.985,86.12,2800241
2023-03-03 09:30:00,85.06,86.37,84.975,86.015,7272009
2023-03-03 10:30:00,86.02,86.81,85.99,86.69,3344168
2023-03-03 11:30:00,86.69,87.05,86.61,87.035,1887624
2023-03-03 12:30:00,87.04,87.45,86.26,87.385,2547299
2023-03-03 13:30:00,87.39,87.51,87.09,87.51,2285094
2023-03-03 14:30:00,87.51,87.69,87.295,87.38,2604581
2023-03-03 15:30:00,87.38,87.3999,86.178,87.33,3552196
2023-03-06 09:30:00,86.78,86.965,86.425,86.75,4286581
2023-03-06 10:30:00,86.7427,86.88,86.47,86.835,2522246
2023-03-06 11:30:00,86.835,87.36,86.51,87.1999,2389429
2023-03-06 12:30:00,87.19,87.3,86.9,86.9936,1836736
2023-03-06 13:30:00,87.0,87.3199,86.94,87.31,1122182
2023-03-06 14:30:00,87.315,87.4424,87.0,87.115,1822438
2023-03-06 15:30:00,87.12,87.385,87.09,87.3297,2287402
2023-03-07 09:30:00,86.78,86.988,85.94,86.6,5049863
2023-03-07 10:30:00,86.6,87.01,86.06,86.15,3659866
2023-03-07 11:30:00,86.15,86.795,86.13,86.5001,2010749
2023-03-07 12:30:00,86.505,87.3,86.02,86.08,1375728
2023-03-07 13:30:00,86.07,86.155,85.67,85.71,1632373
2023-03-07 14:30:00,85.72,85.88,85.55,85.7673,1524593
2023-03-07 15:30:00,85.775,85.98,85.695,85.81,2694672
2023-03-08 09:30:00,85.4,86.5106,85.35,85.94,4379612
2023-03-08 10:30:00,85.93,86.4,84.9106,85.1,2863166
2023-03-08 11:30:00,85.105,86.25,84.08,84.25,3023210
2023-03-08 12:30:00,84.25,84.54,84.11,84.1426,2190573
2023-03-08 13:30:00,84.13,85.78,84.1,84.6328,2206144
2023-03-08 14:30:00,84.635,84.69,84.155,84.225,1712670
2023-03-08 15:30:00,84.22,84.99,84.2075,84.93,2600315
2023-03-09 09:30:00,85.39,86.59,85.38,85.5385,5455297
2023-03-09 10:30:00,85.54,85.92,85.11,85.4406,2786454
2023-03-09 11:30:00,85.44,86.09,85.045,85.22,1418968
2023-03-09 12:30:00,85.225,85.275,84.554,84.735,1736461
2023-03-09 13:30:00,84.74,84.795,84.32,84.5,1611788
2023-03-09 14:30:00,84.5,84.5703,83.7,83.96,2412435
2023-03-09 15:30:00,83.96,84.3547,83.675,83.73,2934107
2023-03-10 09:30:00,83.7,84.88,83.42,83.71,6228334
2023-03-10 10:30:00,83.72,84.695,83.26,84.6799,3725505
2023-03-10 11:30:00,84.6787,84.87,83.455,83.675,3033670
2023-03-10 12:30:00,83.85,84.02,82.775,82.9425,2466898
2023-03-10 13:30:00,82.92,83.06,82.33,82.44,3197431
2023-03-10 14:30:00,82.43,83.06,82.42,82.61,4710809
2023-03-10 15:30:00,82.61,82.677,82.15,82.59,4628713
2023-03-13 09:30:00,80.71,81.175,79.11,80.565,11944253
2023-03-13 10:30:00,80.58,82.395,80.46,82.02,5968218
2023-03-13 11:30:00,82.02,82.29,81.16,81.36,5234530
2023-03-13 12:30:00,81.36,81.8262,79.79,81.085,4111571
2023-03-13 13:30:00,81.0825,82.63,80.885,81.59,3693764
2023-03-13 14:30:00,81.585,81.82,80.56,80.64,4564817
2023-03-13 15:30:00,80.64,81.2,80.62,80.95,5525269
2023-04-25 09:30:00,85.44,85.59,84.29,84.46,3283240
2023-04-25 10:30:00,84.45,84.78,84.16,84.48,2378293
2023-04-25 11:30:00,84.47,84.94,84.285,84.645,1603862
2023-04-25 12:30:00,84.65,85.025,84.22,84.395,2048934
2023-04-25 13:30:00,84.4,84.805,84.3066,84.8,1900306
2023-04-25 14:30:00,84.8099,84.84,84.4,84.615,1532332
2023-04-25 15:30:00,84.61,84.648,84.48,84.62,2208299
2023-04-26 09:30:00,84.06,84.545,83.31,83.56,3173315
2023-04-26 10:30:00,83.57,84.73,83.5015,84.48,2896049
2023-04-26 11:30:00,84.48,84.84,84.31,84.56,2527505
2023-04-26 12:30:00,84.56,84.585,83.89,84.065,1687759
2023-04-26 13:30:00,84.065,84.12,83.28,83.3744,2589081
2023-04-26 14:30:00,83.375,84.1,83.02,83.195,3213998
2023-04-26 15:30:00,83.2,83.62,83.12,83.495,3453919
2023-04-27 09:30:00,83.48,84.03,83.05,83.58,4561692
2023-04-27 10:30:00,83.58,83.93,82.715,83.35,2529566
2023-04-27 11:30:00,83.36,83.54,82.69,83.01,1680537
2023-04-27 12:30:00,83.01,83.48,82.8401,83.38,1731424
2023-04-27 13:30:00,83.3799,83.69,83.27,83.67,1564168
2023-04-27 14:30:00,83.6766,84.04,83.5693,83.8804,2020028
2023-04-27 15:30:00,83.89,83.95,83.72,83.82,2478296
2023-04-28 09:30:00,83.53,85.06,83.23,84.91,4378087
2023-04-28 10:30:00,84.92,85.46,84.39,85.35,3148641
2023-04-28 11:30:00,85.35,85.6,84.39,85.508,1950654
2023-04-28 12:30:00,85.51,85.57,85.2,85.43,1254246
2023-04-28 13:30:00,85.4267,85.44,83.83,85.195,2090794
2023-04-28 14:30:00,85.19,85.4995,84.955,85.3402,2795125
2023-04-28 15:30:00,85.35,85.4154,85.033,85.12,3136308
2023-05-01 09:30:00,84.06,85.08,83.85,84.505,2944157
2023-05-01 10:30:00,84.51,84.935,84.0,84.2885,2055960
2023-05-01 11:30:00,84.285,84.71,84.01,84.31,1171291
2023-05-01 12:30:00,84.32,84.48,83.76,83.8,1792908
2023-05-01 13:30:00,83.79,84.2775,83.7244,84.26,1509848
2023-05-01 14:30:00,84.26,84.295,83.97,84.015,1488542
2023-05-01 15:30:00,84.02,84.28,84.02,84.15,2408482
2023-05-02 09:30:00,83.16,83.34,80.87,80.995,6168868
2023-05-02 10:30:00,81.0,81.15,80.0225,80.1136,7029700
2023-05-02 11:30:00,80.12,84.065,79.75,79.92,3906789
2023-05-02 12:30:00,79.92,80.55,79.714285,80.42,3837345
2023-05-02 13:30:00,80.415,84.17,80.15,80.44,3114942
2023-05-02 14:30:00,80.44,81.04,80.05,80.93,3066803
2023-05-02 15:30:00,80.93,80.9775,80.495,80.54,5556955
2023-05-03 09:30:00,79.48,80.115,79.31,79.69,4973267
2023-05-03 10:30:00,79.69,79.7401,79.19,79.3,3021223
2023-05-03 11:30:00,79.3,79.84,79.035,79.76,2859656
2023-05-03 12:30:00,79.77,80.2201,79.4,80.21,2036685
2023-05-03 13:30:00,80.21,80.41,79.76,79.9019,3622096
2023-05-03 14:30:00,79.775,80.18,79.24,79.24,6426459
2023-05-03 15:30:00,79.24,79.4371,78.96,79.02,6004773
2023-05-04 09:30:00,79.02,79.83,77.97,78.01,6443571
2023-05-04 10:30:00,78.0,78.94,77.94,78.59,4837841
2023-05-04 11:30:00,78.58,79.55,77.87,78.29,2751239
2023-05-04 12:30:00,78.29,79.0,77.97,78.715,3583400
2023-05-04 13:30:00,78.71,78.99,78.18,78.195,2709411
2023-05-04 14:30:00,78.19,78.625,78.0993,78.35,2985507
2023-05-04 15:30:00,78.35,78.535,78.03,78.1,2769204
2023-05-05 09:30:00,80.27,80.86,79.79,80.32,6531541
2023-05-05 10:30:00,80.32,80.5,78.0792,80.195,3044284
2023-05-05 11:30:00,80.2,80.56,79.97,80.19,1759354
2023-05-05 12:30:00,80.2,80.42,80.12,80.285,1123074
2023-05-05 13:30:00,80.28,80.6,80.16,80.51,1379063
2023-05-05 14:30:00,80.52,80.81,80.47,80.55,1986917
2023-05-05 15:30:00,80.545,80.545,80.14,80.25,2929862
2023-05-08 09:30:00,81.4,81.75,80.6655,80.75,3699525
2023-05-08 10:30:00,80.76,81.2264,80.65,81.07,2265864
2023-05-08 11:30:00,81.07,81.1,80.55,80.64,1712264
2023-05-08 12:30:00,80.64,83.16,80.5,80.855,1449724
2023-05-08 13:30:00,80.86,80.9,80.1563,80.54,1563356
2023-05-08 14:30:00,80.55,81.05,80.24,80.3,2052119
2023-05-08 15:30:00,80.29,80.6,80.22,80.255,2176074
2023-05-09 09:30:00,79.6,80.75,79.42,80.09,4209213
2023-05-09 10:30:00,80.09,80.505,79.785,80.0,2849913
2023-05-09 11:30:00,80.0,80.53,80.0,80.07,2796109
2023-05-09 12:30:00,80.08,80.485,80.06,80.4499,1741880
2023-05-09 13:30:00,80.45,80.97,80.23,80.8668,4147503
2023-05-09 14:30:00,80.87,81.02,80.73,80.8154,1851182
2023-05-09 15:30:00,80.81,80.865,80.245,80.27,2289529
2023-05-10 09:30:00,80.66,80.82,79.045,79.085,4716509
2023-05-10 10:30:00,79.09,79.81,78.89,79.57,2818926
2023-05-10 11:30:00,79.56,79.63,79.09,79.5,1908482
2023-05-10 12:30:00,79.505,79.57,78.85,78.89,1374455
2023-05-10 13:30:00,78.89,79.35,78.75,79.32,1445446
2023-05-10 14:30:00,79.32,84.2506,79.22,79.5099,2366296
2023-05-10 15:30:00,79.5,79.64,79.3,79.36,2265174
2023-05-11 09:30:00,78.23,78.81,77.8,78.23,4778600
2023-05-11 10:30:00,78.23,86.24,77.95,78.435,3168835
2023-05-11 11:30:00,78.43,78.71,77.915,78.255,2108114
2023-05-11 12:30:00,78.26,78.435,78.11,78.22,1366360
2023-05-11 13:30:00,78.23,78.3,77.88,78.0569,1725966
2023-05-11 14:30:00,78.055,78.385,78.035,78.25,2453973
2023-05-11 15:30:00,78.25,78.4499,78.0,78.42,2975127
2023-05-12 09:30:00,78.79,79.32,78.1,78.68,3914167
2023-05-12 10:30:00,78.68,79.1359,78.56,78.81,2772774
2023-05-12 11:30:00,78.8101,78.8101,78.13,78.185,2258203
2023-05-12 12:30:00,78.18,79.2,78.06,78.33,1282995
2023-05-12 13:30:00,78.325,78.4,77.9501,78.21,2330726
2023-05-12 14:30:00,78.21,78.43,78.15,78.34,2285221
2023-05-12 15:30:00,78.34,78.59,78.245,78.55,2490514
2023-05-15 09:30:00,78.81,79.04,78.19,78.85,3457492
2023-05-15 10:30:00,78.85,79.09,78.31,78.88,2369565
2023-05-15 11:30:00,78.87,79.0,78.64,78.96,2119007
2023-05-15 12:30:00,78.96,79.3799,78.52,79.015,2244331
2023-05-15 13:30:00,79.015,79.1965,78.5152,78.8,1965932
2023-05-15 14:30:00,78.81,78.955,78.8,78.83,1130956
2023-05-15 15:30:00,78.83,78.94,78.7,78.93,3011919
2023-05-16 09:30:00,78.55,78.9406,77.42,77.58,5469649
2023-05-16 10:30:00,77.58,77.8776,76.9,77.16,4612297
2023-05-16 11:30:00,77.16,77.86,76.89,77.02,2312743
2023-05-16 12:30:00,77.025,77.35,76.97,77.2981,1726990
2023-05-16 13:30:00,77.3,78.92,77.0434,77.1516,1843058
2023-05-16 14:30:00,77.15,77.205,76.965,77.095,2013416
2023-05-16 15:30:00,77.095,77.15,76.86,76.92,3522426
2023-05-17 09:30:00,77.77,77.82,77.23,77.765,3125243
2023-05-17 10:30:00,77.76,77.89,77.2,77.88,3075901
2023-05-17 11:30:00,77.88,78.28,77.43,78.265,2320863
2023-05-17 12:30:00,78.27,78.66,78.21,78.64,2479533
2023-05-17 13:30:00,78.635,78.88,78.46,78.495,3979095
2023-05-17 14:30:00,78.5,78.605,76.9191,78.4756,3152234
2023-05-17 15:30:00,78.47,78.53,76.98,78.48,3114862
2023-05-18 09:30:00,77.99,78.36,77.49,78.09,3393877
2023-05-18 10:30:00,78.1,78.63,78.1,78.33,2126251
2023-05-18 11:30:00,78.33,78.47,77.61,78.15,2408924
2023-05-18 12:30:00,78.14,78.35,78.05,78.08,1828794
2023-05-18 13:30:00,78.075,78.515,78.01,78.465,1257112
2023-05-18 14:30:00,78.4699,78.8,78.31,78.745,1981075
2023-05-18 15:30:00,78.745,79.125,78.72,79.015,3332533
2023-05-19 09:30:00,79.77,80.26,79.5564,80.14,3486091
2023-05-19 10:30:00,80.14,80.25,79.525,79.55,3334112
2023-05-19 11:30:00,79.55,79.74,79.18,79.67,3188356
2023-05-19 12:30:00,79.679,80.02,79.46,79.5,1963010
2023-05-19 13:30:00,79.5,79.59,79.305,79.431,1533024
2023-05-19 14:30:00,79.43,79.64,79.36,79.445,1441905
2023-05-19 15:30:00,79.45,79.67,79.4,79.6,2479605
2023-05-22 09:30:00,79.34,79.89,79.19,79.8,3367156
2023-05-22 10:30:00,79.81,80.02,79.41,79.7,2266911
2023-05-22 11:30:00,79.7082,80.01,79.41,79.87,1107343
2023-05-22 12:30:00,79.87,79.98,79.7279,79.925,1298356
2023-05-22 13:30:00,79.925,80.07,79.89,80.0,1135097
2023-05-22 14:30:00,80.0,80.12,79.575,79.6092,1569805
2023-05-22 15:30:00,79.605,79.66,79.2721,79.34,2466159
2023-05-23 09:30:00,80.08,80.795,79.855,80.5,4210891
2023-05-23 10:30:00,80.495,80.94,80.45,80.88,2386568
2023-05-23 11:30:00,80.8709,81.08,80.67,80.8722,2613105
2023-05-23 12:30:00,80.875,80.93,80.47,80.62,2576400
2023-05-23 13:30:00,80.61,80.86,79.87,80.08,2951488
2023-05-23 14:30:00,80.08,80.3,80.015,80.295,3495002
2023-05-23 15:30:00,80.295,80.83,80.055,80.13,2369803
2023-07-25 09:30:00,85.62,85.855,85.1,85.7999,4323365
2023-07-25 10:30:00,85.79,85.94,85.665,85.78,2012696
2023-07-25 11:30:00,85.78,86.115,85.77,86.05,1745723
2023-07-25 12:30:00,86.055,86.36,85.39,86.29,1854448
2023-07-25 13:30:00,86.29,86.58,86.27,86.5242,1334875
2023-07-25 14:30:00,86.52,86.61,86.27,86.315,2317462
2023-07-25 15:30:00,86.313,86.36,79.035,86.16,2609436
2023-07-26 09:30:00,85.4,86.06,85.28,85.85,3389765
2023-07-26 10:30:00,85.86,86.26,85.41,86.08,2237574
2023-07-26 11:30:00,86.0799,86.18,85.41,86.035,1268162
2023-07-26 12:30:00,86.035,86.0785,85.86,85.925,1025063
2023-07-26 13:30:00,85.92,86.115,85.85,85.985,1630516
2023-07-26 14:30:00,85.99,86.486,83.36,86.035,4065738
2023-07-26 15:30:00,86.035,86.13,85.95,86.12,2524322
2023-07-27 09:30:00,86.61,86.81,85.5408,86.29,4730545
2023-07-27 10:30:00,86.2827,86.5,85.95,86.17,2272371
2023-07-27 11:30:00,86.17,86.66,86.12,86.64,1179562
2023-07-27 12:30:00,86.65,86.96,86.5301,86.565,1790677
2023-07-27 13:30:00,86.5685,86.59,85.94,85.99,1996931
2023-07-27 14:30:00,85.99,86.12,85.61,85.62,1931727
2023-07-27 15:30:00,85.625,85.67,85.35,85.59,3063570
2023-07-28 09:30:00,85.53,85.81,84.6,85.46,5293097
2023-07-28 10:30:00,85.47,85.68,85.215,85.615,2859695
2023-07-28 11:30:00,85.61,85.705,85.2548,85.5301,1968960
2023-07-28 12:30:00,85.54,85.67,85.48,85.51,1257150
2023-07-28 13:30:00,85.51,85.66,85.32,85.6262,1446674
2023-07-28 14:30:00,85.62,85.775,85.485,85.72,1210623
2023-07-28 15:30:00,85.725,85.919488,85.65,85.82,2677127
2023-07-31 09:30:00,86.6,87.556,86.35,87.32,4474810
2023-07-31 10:30:00,87.315,87.767442,85.8454,87.48,3315444
2023-07-31 11:30:00,87.48,87.57,87.3778,87.52,1975245
2023-07-31 12:30:00,87.52,87.53,87.27,87.33,1330804
2023-07-31 13:30:00,87.3299,87.499,85.85,87.445,1067464
2023-07-31 14:30:00,87.45,87.52,87.375,87.415,1673014
2023-07-31 15:30:00,87.42,87.5,87.27,87.49,3635632
2023-08-01 09:30:00,87.13,87.37,86.4637,86.5203,5312497
2023-08-01 10:30:00,86.52,86.58,86.17,86.3199,2860906
2023-08-01 11:30:00,86.315,86.52,86.1341,86.45,2612073
2023-08-01 12:30:00,86.45,86.89,86.43,86.875,1405922
2023-08-01 13:30:00,86.88,87.48,86.82,86.99,1525515
2023-08-01 14:30:00,86.99,87.09,86.89,87.04,1275528
2023-08-01 15:30:00,87.05,87.12,86.915,87.08,2419102
2023-08-02 09:30:00,86.49,86.78,85.8,86.6317,4180682
2023-08-02 10:30:00,86.632,86.92,85.2,85.67,5753522
2023-08-02 11:30:00,85.675,86.31,85.38,85.45,2496760
2023-08-02 12:30:00,85.44,87.1165,85.38,85.695,1933814
2023-08-02 13:30:00,85.6991,87.07,85.57,85.825,1370658
2023-08-02 14:30:00,85.82,87.1165,85.7501,85.7901,2228832
2023-08-02 15:30:00,85.795,86.0499,85.72,85.93,3768721
2023-08-03 09:30:00,86.19,86.53,85.69,86.33,5331505
2023-08-03 10:30:00,86.32,87.26,86.14,87.185,3419851
2023-08-03 11:30:00,87.2173,87.459,86.24,87.2942,2531532
2023-08-03 12:30:00,87.3,87.58,87.24,87.51,1893280
2023-08-03 13:30:00,87.505,87.5464,85.93,87.11,1877307
2023-08-03 14:30:00,87.11,87.17,86.89,86.91,1868378
2023-08-03 15:30:00,86.91,87.055,86.77,86.787,2902099
2023-08-04 09:30:00,87.4,88.18,87.075,87.85,6026465
2023-08-04 10:30:00,87.855,88.14,87.1667,88.0,2758201
2023-08-04 11:30:00,88.0,88.17,87.41,88.115,1726341
2023-08-04 12:30:00,88.12,88.24,87.87,87.965,1963462
2023-08-04 13:30:00,87.96,88.01,85.54,87.37,2389143
2023-08-04 14:30:00,87.36,87.4462,87.0,87.185,2549651
2023-08-04 15:30:00,87.19,87.2499,86.82,86.9,3633068
2023-08-07 09:30:00,87.41,87.8,86.81,87.33,3556230
2023-08-07 10:30:00,87.335,87.5857,87.06,87.315,2804938
2023-08-07 11:30:00,87.3101,87.44,87.12,87.182,1721252
2023-08-07 12:30:00,87.185,87.34,86.96,87.2,1218627
2023-08-07 13:30:00,87.21,87.28,86.7643,86.8,1444524
2023-08-07 14:30:00,86.805,87.1973,86.8,86.895,1181040
2023-08-07 15:30:00,86.9,87.09,86.885,87.02,1670804
2023-08-08 09:30:00,85.61,86.92,84.96,85.98,5845474
2023-08-08 10:30:00,85.97,86.47,85.81,86.415,2965253
2023-08-08 11:30:00,86.41,86.725,86.3788,86.665,1606446
2023-08-08 12:30:00,86.665,86.88,85.79,86.865,1387489
2023-08-08 13:30:00,86.86,87.18,86.84,87.17,1640034
2023-08-08 14:30:00,87.17,87.44,87.08,87.41,1981845
2023-08-08 15:30:00,87.41,87.49,87.28,87.43,2466844
2023-08-09 09:30:00,88.32,89.07,87.75,88.92,6458538
2023-08-09 10:30:00,88.92,89.36,88.7,88.805,4977577
2023-08-09 11:30:00,88.8,89.03,88.29,88.355,3051262
2023-08-09 12:30:00,88.36,88.85,88.27,88.7713,2586556
2023-08-09 13:30:00,88.7799,89.0189,87.45,88.9757,2013370
2023-08-09 14:30:00,88.97,89.11,88.8601,89.0657,2219808
2023-08-09 15:30:00,89.07,89.11,88.45,88.52,4004503
2023-08-10 09:30:00,88.68,89.69,88.57,89.4557,4302130
2023-08-10 10:30:00,89.45,89.46,88.71,88.9267,3124181
2023-08-10 11:30:00,88.92,89.46,88.49,88.55,2574442
2023-08-10 12:30:00,88.55,89.46,88.24,88.34,1969886
2023-08-10 13:30:00,88.34,88.55,87.94,88.43,2712195
2023-08-10 14:30:00,88.43,88.72,88.35,88.47,1972487
2023-08-10 15:30:00,88.47,88.69,88.36,88.56,2404747
2023-08-11 09:30:00,88.5,89.54,88.48,89.5,4003304
2023-08-11 10:30:00,89.505,89.88,89.27,89.855,3050309
2023-08-11 11:30:00,89.855,89.99,89.27,89.8691,3137335
2023-08-11 12:30:00,89.87,90.0,89.51,89.61,2295770
2023-08-11 13:30:00,89.61,89.86,88.54,89.75,2936460
2023-08-11 14:30:00,89.76,89.89,89.675,89.84,2057120
2023-08-11 15:30:00,89.84,89.94,88.5516,89.92,4294249
2023-08-14 09:30:00,89.54,89.89,88.92,89.375,4504608
2023-08-14 10:30:00,89.38,89.49,89.04,89.41,2493082
2023-08-14 11:30:00,89.42,89.6,89.3001,89.405,1164329
2023-08-14 12:30:00,89.4059,89.58,89.2,89.465,1077171
2023-08-14 13:30:00,89.465,89.5785,86.92,89.405,1081610
2023-08-14 14:30:00,89.4025,89.495,89.32,89.4399,1630527
2023-08-14 15:30:00,89.44,89.58,89.39,89.58,2315808
2023-08-15 09:30:00,88.9,89.768,87.83,87.92,7841163
2023-08-15 10:30:00,87.92,88.22,87.72,88.1,2668464
2023-08-15 11:30:00,88.105,88.18,87.67,87.7309,1853690
2023-08-15 12:30:00,87.73,89.768,87.53,87.7692,1818976
2023-08-15 13:30:00,87.7635,87.85,87.565,87.8455,1604582
2023-08-15 14:30:00,87.85,88.04,87.575,87.58,2580998
2023-08-15 15:30:00,87.585,87.835,87.5,87.645,3432307
2023-08-16 09:30:00,87.75,88.7,84.3,88.12,4300029
2023-08-16 10:30:00,88.11,88.36,87.9619,88.19,2576223
2023-08-16 11:30:00,88.19,88.27,87.8129,87.85,1897287
2023-08-16 12:30:00,87.85,87.91,87.3029,87.35,1722937
2023-08-16 13:30:00,87.34,87.7,87.28,87.56,1915222
2023-08-16 14:30:00,87.5418,87.7,86.84,86.99,3081665
2023-08-16 15:30:00,86.99,87.14,86.87,86.91,3034092
2023-08-17 09:30:00,88.13,89.14,87.81,88.995,5329104
2023-08-17 10:30:00,88.992,89.11,87.0962,88.815,3394815
2023-08-17 11:30:00,88.82,88.895,88.51,88.81,2799025
2023-08-17 12:30:00,88.815,88.8775,88.49,88.52,1539289
2023-08-17 13:30:00,88.515,88.595,86.8959,88.365,1717218
2023-08-17 14:30:00,88.365,88.3663,87.9201,88.1,2110707
2023-08-17 15:30:00,88.1,88.11,87.94,87.96,3001060
2023-08-18 09:30:00,87.43,88.29,87.15,87.92,3951349
2023-08-18 10:30:00,87.92,88.61,87.82,88.535,2166831
2023-08-18 11:30:00,88.53,88.77,88.5119,88.699,1788845
2023-08-18 12:30:00,88.695,88.92,88.2,88.605,2377652
2023-08-18 13:30:00,88.6,88.7,87.94,88.575,2136103
2023-08-18 14:30:00,88.57,88.7,88.44,88.57,1721887
2023-08-18 15:30:00,88.57,88.805,88.5,88.78,3018201
2023-08-21 09:30:00,89.17,89.53,87.95,88.085,4014974
2023-08-21 10:30:00,88.09,88.35,87.92,88.23,2109676
2023-08-21 11:30:00,88.24,88.31,87.9597,88.03,1345145
2023-08-21 12:30:00,88.03,88.66,87.635,87.88,1615724
2023-08-21 13:30:00,87.8804,88.055,87.78,87.97,1045652
2023-08-21 14:30:00,87.97,88.3,87.9548,88.2339,1303744
2023-08-21 15:30:00,88.24,88.415,88.19,88.24,2177750
2023-08-22 09:30:00,88.36,88.675,88.2303,88.39,2692675
2023-08-22 10:30:00,88.39,88.39,88.0,88.255,1412174
2023-08-22 11:30:00,88.2508,88.375,88.05,88.375,1367757
2023-08-22 12:30:00,88.375,88.4,87.8,87.88,1491522
2023-08-22 13:30:00,87.89,87.96,87.67,87.82,1330690
2023-08-22 14:30:00,87.82,87.91,87.62,87.785,1905997
2023-08-22 15:30:00,87.78,87.78,87.515,87.56,2280034
2023-10-06 09:30:00,85.22,85.44,84.26,84.98,6474262
2023-10-06 10:30:00,84.99,85.4,84.46,85.38,3866620
2023-10-06 11:30:00,85.38,86.19,85.22,86.18,2885060
2023-10-06 12:30:00,86.18,86.41,85.88,86.265,2692212
2023-10-06 13:30:00,86.27,86.427,84.63,86.405,2016697
2023-10-06 14:30:00,86.41,86.51,85.86,86.0963,1911317
2023-10-06 15:30:00,86.095,86.135,85.66,85.68,3704896
2023-10-09 09:30:00,87.9,88.44,87.4012,88.405,8763586
2023-10-09 10:30:00,88.41,88.95,88.22,88.69,4559958
2023-10-09 11:30:00,88.69,88.75,88.08,88.109,3051673
2023-10-09 12:30:00,88.11,88.4,87.96,88.38,2933846
2023-10-09 13:30:00,88.39,88.96,88.3638,88.935,3226711
2023-10-09 14:30:00,88.94,92.98,88.325,88.76,2506397
2023-10-09 15:30:00,88.76,88.76,88.38,88.62,4302100
2023-10-10 09:30:00,88.53,88.945,88.17,88.43,4463792
2023-10-10 10:30:00,88.43,89.0,88.215,88.985,3602725
2023-10-10 11:30:00,88.9892,89.18,88.93,89.0941,2119540
2023-10-10 12:30:00,89.1,89.22,88.6682,89.1357,3292794
2023-10-10 13:30:00,89.125,89.151,88.875,88.96,2378124
2023-10-10 14:30:00,88.96,89.285,88.765,88.83,2254184
2023-10-10 15:30:00,88.83,88.88,88.65,88.6958,2457061
2023-10-11 09:30:00,87.79,87.88,86.9415,87.245,6336151
2023-10-11 10:30:00,87.25,87.55,86.55,86.97,4542941
2023-10-11 11:30:00,86.97,87.31,86.86,87.14,3447549
2023-10-11 12:30:00,87.14,92.20978,87.0921,87.265,1969716
2023-10-11 13:30:00,87.26,88.7,87.2,87.36,1505530
2023-10-11 14:30:00,87.37,88.48,87.335,87.395,1870412
2023-10-11 15:30:00,87.39,87.695,87.35,87.62,2998758
2023-10-12 09:30:00,88.49,88.57,87.81,88.06,5534699
2023-10-12 10:30:00,88.07,88.3,87.78,88.01,2408833
2023-10-12 11:30:00,88.01,88.2,87.7556,88.025,2080750
2023-10-12 12:30:00,88.03,88.08,87.53,87.615,2079703
2023-10-12 13:30:00,87.61,87.6756,87.25,87.55,2132230
2023-10-12 14:30:00,87.55,87.99,87.5399,87.88,2748924
2023-10-12 15:30:00,87.88,87.88,87.63,87.67,2661853
2023-10-13 09:30:00,89.09,89.415,88.71,89.28,4967334
2023-10-13 10:30:00,89.28,89.42,88.9573,89.365,2802832
2023-10-13 11:30:00,89.3638,89.85,88.97,89.8,2604940
2023-10-13 12:30:00,89.81,90.0,89.53,89.54,3017469
2023-10-13 13:30:00,89.53,90.02,89.4935,89.905,2413696
2023-10-13 14:30:00,89.905,90.0,89.63,89.73,2857520
2023-10-13 15:30:00,89.73,89.77,89.4244,89.565,4644372
2023-10-16 09:30:00,90.16,90.26,89.33,89.755,5558706
2023-10-16 10:30:00,89.76,90.455,89.5671,90.25,3192546
2023-10-16 11:30:00,90.25,90.26,89.9,90.065,1540546
2023-10-16 12:30:00,90.06,90.36,89.915,90.2201,1360180
2023-10-16 13:30:00,90.23,90.43,90.135,90.155,1433298
2023-10-16 14:30:00,90.165,90.38,90.14,90.36,1306394
2023-10-16 15:30:00,90.355,90.37,90.15,90.22,2946302
2023-10-17 09:30:00,89.99,91.13,89.84,91.11,4043553
2023-10-17 10:30:00,91.11,91.41,90.985,91.05,2795038
2023-10-17 11:30:00,91.0481,91.3869,90.235,91.005,3060542
2023-10-17 12:30:00,91.01,91.05,90.765,90.865,1535423
2023-10-17 13:30:00,90.8695,91.23,90.77,91.225,3208586
2023-10-17 14:30:00,91.225,91.24,90.93,91.175,1866701
2023-10-17 15:30:00,91.18,91.21,85.22,91.14,3136959
2023-10-18 09:30:00,91.5,92.33,91.1288,91.9607,5815169
2023-10-18 10:30:00,91.96,92.34,91.74,92.14,3311360
2023-10-18 11:30:00,92.14,92.27,91.54,91.74,2631861
2023-10-18 12:30:00,91.74,92.24,91.73,92.14,2441371
2023-10-18 13:30:00,92.14,93.05,91.13,91.99,2023388
2023-10-18 14:30:00,91.99,92.135,91.61,91.79,3172550
2023-10-18 15:30:00,91.79,92.01,91.52,91.95,3704865
2023-10-19 09:30:00,91.64,91.78,90.77,91.73,5806551
2023-10-19 10:30:00,91.72,92.34,91.335,92.24,3187919
2023-10-19 11:30:00,92.24,92.56,92.02,92.325,3830873
2023-10-19 12:30:00,92.33,92.5213,91.34,92.36,4094040
2023-10-19 13:30:00,92.36,92.42,91.81,91.99,4660285
2023-10-19 14:30:00,91.995,92.02,91.68,91.905,5293097
2023-10-19 15:30:00,91.9,92.05,91.69,91.815,3918214
2023-10-20 09:30:00,91.64,91.98,89.945,90.245,5178400
2023-10-20 10:30:00,90.2466,91.0,90.21,90.71,3983844
2023-10-20 11:30:00,90.72,90.945,90.52,90.8,2296314
2023-10-20 12:30:00,90.81,90.97,90.27,90.565,3466626
2023-10-20 13:30:00,90.57,91.8,90.335,90.535,2198630
2023-10-20 14:30:00,90.53,90.61,90.29,90.445,2079266
2023-10-20 15:30:00,90.445,90.525,90.18,90.24,3324067
2023-10-23 09:30:00,89.8,89.8,88.69,88.91,6333298
2023-10-23 10:30:00,88.9,89.725,88.5196,89.41,3092615
2023-10-23 11:30:00,89.4,90.39,88.62,88.765,2497911
2023-10-23 12:30:00,88.76,89.08,88.6,88.73,2479152
2023-10-23 13:30:00,88.72,90.26,88.39,88.5499,2184938
2023-10-23 14:30:00,88.55,88.94,88.4835,88.685,2314051
2023-10-23 15:30:00,88.685,88.87,88.455,88.81,4393407
2023-10-24 09:30:00,89.02,89.09,88.11,88.64,5138452
2023-10-24 10:30:00,88.64,88.75,88.19,88.215,3914223
2023-10-24 11:30:00,88.21,88.6,87.69,87.83,2250257
2023-10-24 12:30:00,87.83,87.935,87.56,87.93,2768189
2023-10-24 13:30:00,87.94,88.085,87.8419,87.96,1750078
2023-10-24 14:30:00,87.96,88.8098,87.712,87.8899,1801732
2023-10-24 15:30:00,87.885,87.975,87.52,87.53,3911733
2023-10-25 09:30:00,87.61,88.06,87.3,87.38,3740501
2023-10-25 10:30:00,87.38,87.67,86.99,87.21,5378563
2023-10-25 11:30:00,87.21,89.31,78.4,87.225,2426522
2023-10-25 12:30:00,87.22,87.49,87.09,87.25,2200336
2023-10-25 13:30:00,87.24,87.525,87.09,87.46,1686376
2023-10-25 14:30:00,87.465,87.6,87.35,87.535,1870358
2023-10-25 15:30:00,87.54,87.58,87.3,87.37,2751145
2023-10-26 09:30:00,86.59,87.3639,85.83,86.61,6278268
2023-10-26 10:30:00,86.61,87.3639,86.365,86.49,3936301
2023-10-26 11:30:00,86.5,86.86,86.15,86.29,2128599
2023-10-26 12:30:00,86.29,89.74,86.22,86.24,1471181
2023-10-26 13:30:00,86.23,89.74,86.03,86.45,2405794
2023-10-26 14:30:00,86.445,89.74,86.24,86.7031,2857274
2023-10-26 15:30:00,86.7,86.84,86.58,86.73,2723203
2023-10-27 09:30:00,86.62,86.945,84.6129,84.9,7404738
2023-10-27 10:30:00,84.898,84.94,84.46,84.69,3418488
2023-10-27 11:30:00,84.69,85.14,84.58,84.59,2340935
2023-10-27 12:30:00,84.58,86.7349,84.52,84.74,2611666
2023-10-27 13:30:00,84.74,85.05,84.587037,84.955,2805466
2023-10-27 14:30:00,84.9535,85.075,84.34,84.595,3104116
2023-10-27 15:30:00,84.595,84.7,84.385,84.69,3558462
2023-10-30 09:30:00,84.93,85.55,84.43,84.51,6191398
2023-10-30 10:30:00,84.5,84.7092,84.09,84.17,4144364
2023-10-30 11:30:00,84.175,84.475,84.1,84.4,1934789
2023-10-30 12:30:00,84.4,84.62,84.26,84.4745,1990420
2023-10-30 13:30:00,84.48,84.84,84.38,84.49,2881575
2023-10-30 14:30:00,84.49,84.88,84.4244,84.825,2031335
2023-10-30 15:30:00,84.825,84.99,84.79,84.93,3205143
2023-10-31 09:30:00,85.01,85.375,84.16,84.9938,4922601
2023-10-31 10:30:00,84.99,85.13,84.59,85.095,2157739
2023-10-31 11:30:00,85.1,85.19,84.78,84.89,1822193
2023-10-31 12:30:00,84.89,85.136,84.75,84.97,2147455
2023-10-31 13:30:00,84.965,85.06,84.75,84.8,2363087
2023-10-31 14:30:00,84.8,85.08,84.71,85.015,1993159
2023-10-31 15:30:00,85.015,85.27,84.95,85.19,3092334
2023-11-01 09:30:00,85.73,86.16,84.87,85.952,4609373
2023-11-01 10:30:00,85.955,86.19,85.56,85.77,3181977
2023-11-01 11:30:00,85.77,85.895,85.2007,85.64,1854171
2023-11-01 12:30:00,85.64,85.6532,85.1601,85.395,2018815
2023-11-01 13:30:00,85.39,85.61,85.165,85.32,2188399
2023-11-01 14:30:00,85.32,85.52,85.08,85.45,4358414
2023-11-01 15:30:00,85.44,85.56,84.94,84.9957,3342253
2023-11-02 09:30:00,85.14,86.535,84.71,86.17,5313267
2023-11-02 10:30:00,86.17,86.84,86.1012,86.63,2939247
2023-11-02 11:30:00,86.63,86.98,86.585,86.69,2455518
2023-11-02 12:30:00,86.7,88.8,86.7,87.165,2046549
2023-11-02 13:30:00,87.17,87.34,84.99,87.16,1910222
2023-11-02 14:30:00,87.159,87.21,84.99,87.195,2321730
2023-11-02 15:30:00,87.195,87.64,87.1718,87.55,4698309
2023-11-03 09:30:00,87.4,87.675,86.69,86.75,6726276
2023-11-03 10:30:00,86.75,86.89,86.15,86.525,3110085
2023-11-03 11:30:00,86.53,87.3,86.495,86.69,2147392
2023-11-03 12:30:00,86.68,86.81,86.485,86.567,1857118
2023-11-03 13:30:00,86.57,87.56,86.37,86.54,2053415
2023-11-03 14:30:00,86.54,86.82,86.5032,86.8,1929638
2023-11-03 15:30:00,86.8,86.94,86.65,86.715,4493882
2023-11-06 09:30:00,87.37,87.37,86.445,86.82,6177157
2023-11-06 10:30:00,86.825,86.86,86.275,86.3365,1925256
2023-11-06 11:30:00,86.33,86.722,86.14,86.1701,2232760
2023-11-06 12:30:00,86.17,86.27,85.81,85.9058,1691970
2023-11-06 13:30:00,85.9058,86.68,85.45,85.69,1905091
2023-11-06 14:30:00,85.69,88.18,85.635,85.8,2108511
2023-11-06 15:30:00,85.795,85.94,85.65,85.74,2813433
2023-11-07 09:30:00,84.58,84.73,83.52,83.755,6783359
2023-11-07 10:30:00,83.76,85.7095,80.82,83.51,3673841
2023-11-07 11:30:00,83.515,83.78,83.455,83.61,2291483
2023-11-07 12:30:00,83.605,84.0007,83.4401,84.0,2175004
2023-11-07 13:30:00,83.995,85.7,83.8788,84.1195,2652117
2023-11-07 14:30:00,84.1145,84.17,83.62,83.765,2535552
2023-11-07 15:30:00,83.765,83.89,83.65,83.82,3012745
2023-11-08 09:30:00,83.48,84.08,83.18,83.27,5384291
2023-11-08 10:30:00,83.27,83.4901,83.13,83.36,3976369
2023-11-08 11:30:00,83.36,83.8036,82.98,83.035,3492935
2023-11-08 12:30:00,83.03,92.28,82.73,82.875,3074804
2023-11-08 13:30:00,82.88,83.8,82.8,82.88,2553887
2023-11-08 14:30:00,82.8771,82.91,82.71,82.86,2537495
2023-11-08 15:30:00,82.86,83.02,82.74,82.77,2891068
2023-11-09 09:30:00,83.24,83.56,82.87,83.19,3905582
2023-11-09 10:30:00,83.195,83.4562,82.88,83.02,3066804
2023-11-09 11:30:00,83.02,83.0897,82.775,83.045,1911247
2023-11-09 12:30:00,83.05,83.15,82.8,82.82,1603084
2023-11-09 13:30:00,82.82,82.8894,82.65,82.7301,2010250
2023-11-09 14:30:00,82.73,82.79,82.55,82.677,2789013
2023-11-09 15:30:00,82.6722,84.1379,82.45,82.51,3390690
2023-11-10 09:30:00,83.44,83.61,82.75,83.1981,4509296
2023-11-10 10:30:00,83.16,83.195,82.62,82.89,2827462
2023-11-10 11:30:00,82.89,83.13,82.78,82.915,1576078
2023-11-10 12:30:00,82.9102,83.52,82.9102,83.44,2190177
2023-11-10 13:30:00,83.4378,83.58,83.225,83.285,1083140
2023-11-10 14:30:00,83.28,83.44,83.2,83.42,1434145
2023-11-10 15:30:00,83.42,83.45,83.31,83.42,2642266
2023-11-13 09:30:00,83.54,84.0,83.28,83.795,4063997
2023-11-13 10:30:00,83.7724,84.12,83.74,84.05,2143335
2023-11-13 11:30:00,84.05,84.18,82.5,84.035,1417225
2023-11-13 12:30:00,84.04,84.08,83.78,83.8401,1218229
2023-11-13 13:30:00,83.84,84.1,83.484,83.965,934172
2023-11-13 14:30:00,83.97,84.125,83.92,84.04,1169868
2023-11-13 15:30:00,84.04,84.15,83.93,84.02,2800111
2023-11-14 09:30:00,84.33,84.65,84.19,84.63,4802225
2023-11-14 10:30:00,84.63,85.0,84.485,84.89,2362078
2023-11-14 11:30:00,84.89,84.99,84.36,84.54,2449109
2023-11-14 12:30:00,84.545,84.6657,84.365,84.58,1325527
2023-11-14 13:30:00,84.58,84.81,84.52,84.695,1730733
2023-11-14 14:30:00,84.69,84.99,84.64,84.881,1520831
2023-11-14 15:30:00,84.875,84.9,84.6345,84.76,2704859
2023-11-15 09:30:00,84.63,85.329,84.56,85.285,2945445
2023-11-15 10:30:00,85.29,85.6664,85.26,85.313,2760559
2023-11-15 11:30:00,85.31,85.48,84.98,85.045,2696698
2023-11-15 12:30:00,85.045,85.21,84.8,84.94,1624133
2023-11-15 13:30:00,84.94,85.005,84.7783,84.905,1060582
2023-11-15 14:30:00,84.905,84.94,84.5811,84.7,2218058
2023-11-15 15:30:00,84.7,84.75,84.48,84.59,2633427
2023-11-16 09:30:00,83.9,84.12,82.66,82.97,6806091
2023-11-16 10:30:00,82.96,83.0,82.565,82.65,3641024
2023-11-16 11:30:00,82.64,82.69,82.1,82.28,3571548
2023-11-16 12:30:00,82.275,82.4944,82.12,82.2499,2639953
2023-11-16 13:30:00,82.24,84.0,82.2,82.5099,2698593
2023-11-16 14:30:00,82.51,83.38,82.455,82.867,2113274
2023-11-16 15:30:00,82.86,82.97,82.745,82.955,4548577
2023-11-17 09:30:00,83.66,84.15,82.9574,84.1064,4894441
2023-11-17 10:30:00,84.105,84.5,84.04,84.3599,2703600
2023-11-17 11:30:00,84.36,84.85,82.9574,84.82,2848836
2023-11-17 12:30:00,84.82,85.06,82.9574,85.05,2010697
2023-11-17 13:30:00,85.05,85.25,84.84,84.97,2379885
2023-11-17 14:30:00,84.975,85.06,84.8001,84.94,2773257
2023-11-17 15:30:00,84.95,84.9657,84.64,84.695,3733182
2023-11-20 09:30:00,85.04,85.54,84.865,85.51,3809303
2023-11-20 10:30:00,85.4716,85.5239,83.59,85.02,2137414
2023-11-20 11:30:00,85.02,85.32,84.975,85.0752,1265577
2023-11-20 12:30:00,85.08,85.21,84.88,85.0699,1128952
2023-11-20 13:30:00,85.065,85.17,84.9072,85.005,1238387
2023-11-20 14:30:00,85.005,85.16,84.97,85.1599,1278241
2023-11-20 15:30:00,85.16,85.165,84.7901,84.84,2285893
2023-11-21 09:30:00,84.41,84.63,83.81,84.187,3856472
2023-11-21 10:30:00,84.19,84.78,84.12,84.51,2166207
2023-11-21 11:30:00,84.51,85.7,84.4745,84.59,1135814
2023-11-21 12:30:00,84.59,84.75,84.53,84.53,1045575
2023-11-21 13:30:00,84.53,84.72,84.48,84.7,1659356
2023-11-21 14:30:00,84.7,84.715,84.505,84.615,1286229
2023-11-21 15:30:00,84.62,84.73,84.53,84.63,2021600
2023-12-06 09:30:00,82.61,83.2024,82.28,82.805,7305008
2023-12-06 10:30:00,82.8,82.84,81.96,82.34,4492051
2023-12-06 11:30:00,82.34,83.2024,81.61,81.65,3066017
2023-12-06 12:30:00,81.65,82.25,81.59,82.19,4827693
2023-12-06 13:30:00,82.19,83.2024,81.99,82.04,2535374
2023-12-06 14:30:00,82.03,82.13,81.7259,81.88,2408277
2023-12-06 15:30:00,81.88,81.92,81.7471,81.84,4370642
2023-12-07 09:30:00,82.29,82.695,82.1,82.43,3804400
2023-12-07 10:30:00,82.435,82.565,81.57,81.71,2901627
2023-12-07 11:30:00,81.705,82.5,81.05,81.195,2686545
2023-12-07 12:30:00,81.195,81.52,81.075,81.49,2194844
2023-12-07 13:30:00,81.485,81.53,81.18,81.29,1964929
2023-12-07 14:30:00,81.2962,81.8756,81.12,81.2725,3741962
2023-12-07 15:30:00,81.2739,81.38,81.16,81.34,2940018
2023-12-08 09:30:00,81.89,82.41,81.3395,82.22,5599488
2023-12-08 10:30:00,82.22,82.48,81.97,82.075,2603979
2023-12-08 11:30:00,82.07,82.3499,81.7837,81.915,1630872
2023-12-08 12:30:00,81.92,82.3319,81.785,82.0163,1409826
2023-12-08 13:30:00,82.015,82.225,81.35,82.07,1237192
2023-12-08 14:30:00,82.075,82.21,81.3395,82.155,1544357
2023-12-08 15:30:00,82.155,82.31,82.1,82.24,2449064
2023-12-11 09:30:00,82.18,82.47,81.92,82.3963,3554748
2023-12-11 10:30:00,82.395,82.6,82.3,82.4434,2520684
2023-12-11 11:30:00,82.45,82.55,81.945,82.0801,1972435
2023-12-11 12:30:00,82.08,82.35,82.0307,82.2578,1168627
2023-12-11 13:30:00,82.2568,82.48,82.194,82.35,1041041
2023-12-11 14:30:00,82.35,82.485,82.3,82.435,1468512
2023-12-11 15:30:00,82.44,82.49,82.31,82.35,2165555
2023-12-12 09:30:00,81.57,82.35,80.865,81.34,5929865
2023-12-12 10:30:00,81.33,81.67,81.12,81.205,2740755
2023-12-12 11:30:00,81.205,81.29,80.97,81.1601,2844484
2023-12-12 12:30:00,81.165,81.2104,80.74,80.9899,2488792
2023-12-12 13:30:00,80.98,81.165,80.93,81.1545,1547803
2023-12-12 14:30:00,81.16,82.35,81.12,81.375,2367234
2023-12-12 15:30:00,81.38,81.44,81.16,81.22,3013787
2023-12-13 09:30:00,81.31,81.5,80.87,80.89,3548707
2023-12-13 10:30:00,80.89,81.57,80.8796,81.355,3562748
2023-12-13 11:30:00,81.35,81.458,81.05,81.12,2002898
2023-12-13 12:30:00,81.12,81.1968,81.055,81.0701,1114808
2023-12-13 13:30:00,81.07,81.7499,81.02,81.575,1970578
2023-12-13 14:30:00,81.58,82.19,81.53,82.1165,4577292
2023-12-13 15:30:00,82.115,82.3573,82.02,82.31,4544925
2023-12-14 09:30:00,83.16,84.29,83.16,84.2775,7566551
2023-12-14 10:30:00,84.29,84.44,83.9,84.355,5214133
2023-12-14 11:30:00,84.36,84.86,84.355,84.5475,3148198
2023-12-14 12:30:00,84.5437,84.85,84.445,84.72,2333062
2023-12-14 13:30:00,84.725,84.8064,82.3757,84.465,2444300
2023-12-14 14:30:00,84.46,84.77,84.44,84.655,3036824
2023-12-14 15:30:00,84.655,84.8,84.545,84.79,5683826
2023-12-15 09:30:00,83.99,84.46,83.6,83.94,5237056
2023-12-15 10:30:00,83.935,84.1699,83.8524,84.04,2805684
2023-12-15 11:30:00,84.0475,84.1697,83.815,83.995,3150396
2023-12-15 12:30:00,84.0,84.18,83.87,84.14,2023102
2023-12-15 13:30:00,84.13,84.18,84.01,84.04,2205540
2023-12-15 14:30:00,84.04,84.095,83.96,84.06,1836130
2023-12-15 15:30:00,84.06,84.43,83.94,84.25,4968883
2023-12-18 09:30:00,84.98,85.41,84.75,84.83,6241730
2023-12-18 10:30:00,84.83,85.04,84.5,84.84,2457287
2023-12-18 11:30:00,84.84,84.97,84.6,84.905,2195681
2023-12-18 12:30:00,84.909,84.9197,84.62,84.73,1678995
2023-12-18 13:30:00,84.72,84.74,84.34,84.4598,2440954
2023-12-18 14:30:00,84.4575,84.98,84.27,84.415,2249616
2023-12-18 15:30:00,84.41,84.98,84.1,84.19,2833535
2023-12-19 09:30:00,84.34,84.75,84.15,84.535,4697972
2023-12-19 10:30:00,84.4873,84.955,84.37,84.895,3089623
2023-12-19 11:30:00,84.895,85.085,84.865,84.97,1834940
2023-12-19 12:30:00,84.97,85.1,84.47,84.9903,1509808
2023-12-19 13:30:00,84.9999,85.185,84.945,85.16,1525097
2023-12-19 14:30:00,85.17,85.28,85.09,85.135,2387142
2023-12-19 15:30:00,85.135,85.23,85.01,85.23,2889342
2023-12-20 09:30:00,85.47,85.9567,85.28,85.7789,3214348
2023-12-20 10:30:00,85.78,85.9358,85.535,85.9,1896295
2023-12-20 11:30:00,85.9,85.94,85.69,85.935,1664583
2023-12-20 12:30:00,85.93,85.99,85.75,85.775,2542298
2023-12-20 13:30:00,85.775,85.87,85.53,85.62,1884396
2023-12-20 14:30:00,85.6296,85.64,84.59,84.685,3751683
2023-12-20 15:30:00,84.69,84.785,84.3,84.43,3175799
2023-12-21 09:30:00,84.6,84.86,84.37,84.4,3655807
2023-12-21 10:30:00,84.4,84.6,84.25,84.53,1562863
2023-12-21 11:30:00,84.53,84.5907,83.93,83.99,1601917
2023-12-21 12:30:00,83.99,84.73,83.965,84.32,1071969
2023-12-21 13:30:00,84.32,84.37,84.175,84.36,1082619
2023-12-21 14:30:00,84.3597,84.485,84.21,84.485,1109650
2023-12-21 15:30:00,84.485,84.79,84.41,84.74,2074434
2023-12-22 09:30:00,85.4,85.71,85.27,85.615,2982999
2023-12-22 10:30:00,85.6266,85.715,84.955,85.335,2117852
2023-12-22 11:30:00,85.34,85.39,85.09,85.39,1163866
2023-12-22 12:30:00,85.38,85.525,85.3399,85.47,1289111
2023-12-22 13:30:00,85.47,85.58,84.95,84.97,1211917
2023-12-22 14:30:00,84.96,85.205,84.86,85.0797,1570322
2023-12-22 15:30:00,85.075,85.0859,84.84,84.96,1930523
2024-01-30 09:30:00,83.3,83.775,82.98,83.3,3679245
2024-01-30 10:30:00,83.31,84.16,83.2798,84.12,2719578
2024-01-30 11:30:00,84.12,84.48,84.105,84.255,1858424
2024-01-30 12:30:00,84.245,84.38,84.09,84.38,1933884
2024-01-30 13:30:00,84.38,84.75,84.3526,84.735,1830960
2024-01-30 14:30:00,84.73,84.97,84.6,84.9468,1848913
2024-01-30 15:30:00,84.945,85.02,84.855,84.97,3121798
2024-01-31 09:30:00,85.0,85.1699,84.065,84.5203,3700590
2024-01-31 10:30:00,84.52,84.61,84.21,84.26,2038846
2024-01-31 11:30:00,84.265,84.3,83.735,84.13,2538666
2024-01-31 12:30:00,84.135,84.195,83.96,84.06,1596140
2024-01-31 13:30:00,84.06,84.25,83.9,84.0659,2059088
2024-01-31 14:30:00,84.06,85.05,83.66,83.885,3211868
2024-01-31 15:30:00,83.89,83.9,83.37,83.375,3482520
2024-02-01 09:30:00,83.91,84.28,83.7,83.79,2908524
2024-02-01 10:30:00,83.785,83.92,83.39,83.92,2228745
2024-02-01 11:30:00,83.92,84.31,83.8411,84.185,1705161
2024-02-01 12:30:00,84.18,84.26,82.63,83.3904,9040191
2024-02-01 13:30:00,83.39,83.86,82.98,83.005,4724250
2024-02-01 14:30:00,83.005,83.52,82.89,83.2545,2411337
2024-02-01 15:30:00,83.255,83.38,83.15,83.365,2604513
2024-02-02 09:30:00,84.04,84.18,82.818,83.905,6534810
2024-02-02 10:30:00,83.9,84.04,82.98,84.01,3169215
2024-02-02 11:30:00,84.01,84.15,83.785,84.04,1455041
2024-02-02 12:30:00,84.04,84.115,83.67,83.77,1448004
2024-02-02 13:30:00,83.7693,83.82,83.545,83.653,1206711
2024-02-02 14:30:00,83.66,84.035,83.565,84.0299,1785475
2024-02-02 15:30:00,84.02,84.04,83.48,83.495,2726773
2024-02-05 09:30:00,83.01,83.1,82.43,82.465,4445171
2024-02-05 10:30:00,82.46,83.11,82.4,83.07,1942908
2024-02-05 11:30:00,83.075,83.4,83.0468,83.31,1646894
2024-02-05 12:30:00,83.31,83.705,82.7,83.61,1300816
2024-02-05 13:30:00,83.61,83.8085,83.42,83.48,1238810
2024-02-05 14:30:00,83.47,83.735,83.0877,83.665,2039792
2024-02-05 15:30:00,83.68,83.755,83.29,83.29,2539400
2024-02-06 09:30:00,83.71,83.97,83.23,83.905,3057146
2024-02-06 10:30:00,83.9085,84.07,83.3463,83.7001,2268887
2024-02-06 11:30:00,83.71,84.4001,83.705,83.995,2285945
2024-02-06 12:30:00,83.99,84.22,83.81,83.915,1502570
2024-02-06 13:30:00,83.92,84.19,83.795,83.87,1194871
2024-02-06 14:30:00,83.875,83.92,83.515,83.56,1590531
2024-02-06 15:30:00,83.56,83.6658,83.45,83.6,1782440
2024-02-07 09:30:00,83.82,84.18,83.07,83.31,2811780
2024-02-07 10:30:00,83.3,83.78,83.25,83.5297,2332354
2024-02-07 11:30:00,83.53,83.6299,83.345,83.4099,1308122
2024-02-07 12:30:00,83.41,83.69,83.36,83.67,1477321
2024-02-07 13:30:00,83.67,83.77,83.46,83.6517,1123113
2024-02-07 14:30:00,83.655,83.755,83.535,83.69,2101862
2024-02-07 15:30:00,83.69,83.845,83.66,83.7537,1986566
2024-02-08 09:30:00,83.78,84.74,83.68,84.29,3656618
2024-02-08 10:30:00,84.29,84.475,84.12,84.17,2403433
2024-02-08 11:30:00,84.175,84.46,84.02,84.31,2086739
2024-02-08 12:30:00,84.3167,84.4,84.01,84.04,1574601
2024-02-08 13:30:00,84.04,84.46,84.01,84.42,1616780
2024-02-08 14:30:00,84.42,84.92,84.355,84.705,3412799
2024-02-08 15:30:00,84.705,84.81,84.52,84.635,3043265
2024-02-09 09:30:00,84.77,85.134,84.08,84.335,3961706
2024-02-09 10:30:00,84.34,84.425,83.5,83.5781,2789317
2024-02-09 11:30:00,83.58,83.725,83.34,83.675,2735308
2024-02-09 12:30:00,83.68,83.725,81.2,83.605,2127113
2024-02-09 13:30:00,83.61,84.65,83.48,83.545,2097287
2024-02-09 14:30:00,83.55,84.6373,83.26,83.53,2525921
2024-02-09 15:30:00,83.525,83.55,83.22,83.33,2735422
2024-02-12 09:30:00,83.6,84.36,83.6,84.1325,2581528
2024-02-12 10:30:00,84.135,84.22,83.8,84.06,1491647
2024-02-12 11:30:00,84.06,84.36,84.03,84.2601,1618507
2024-02-12 12:30:00,84.265,84.3,84.1803,84.25,877502
2024-02-12 13:30:00,84.255,84.47,83.15,84.27,1829552
2024-02-12 14:30:00,84.275,84.39,83.3502,84.215,1963649
2024-02-12 15:30:00,84.215,84.34,84.13,84.24,2262841
2024-02-13 09:30:00,84.41,84.6,83.15,83.22,3897001
2024-02-13 10:30:00,83.22,83.8,83.0719,83.7094,2268994
2024-02-13 11:30:00,83.705,84.3899,83.17,83.8429,1669365
2024-02-13 12:30:00,83.84,84.1,83.7,83.8,1386819
2024-02-13 13:30:00,83.7935,83.8,83.26,83.295,3460802
2024-02-13 14:30:00,83.29,84.3899,82.83,82.985,3223545
2024-02-13 15:30:00,82.985,83.56,82.94,83.45,3372905
2024-02-14 09:30:00,83.99,84.245,83.41,83.69,3952832
2024-02-14 10:30:00,83.7,83.85,83.025,83.34,3310797
2024-02-14 11:30:00,83.34,83.41,82.86,83.0587,1527212
2024-02-14 12:30:00,83.06,83.23,82.99,83.045,1360206
2024-02-14 13:30:00,83.0417,83.27,82.95,83.185,2244404
2024-02-14 14:30:00,83.19,84.6931,83.12,83.19,2348219
2024-02-14 15:30:00,83.185,83.35,83.07,83.3,3029138
2024-02-15 09:30:00,83.28,84.92,83.21,84.77,3838867
2024-02-15 10:30:00,84.76,84.94,84.3,84.82,3404626
2024-02-15 11:30:00,84.815,85.335,84.74,85.175,2846179
2024-02-15 12:30:00,85.18,85.33,83.52,85.3217,1725971
2024-02-15 13:30:00,85.33,85.615,85.185,85.601,2546839
2024-02-15 14:30:00,85.605,85.86,85.59,85.705,2509083
2024-02-15 15:30:00,85.7,85.73,85.41,85.595,3977925
2024-02-16 09:30:00,85.95,86.0,85.32,85.7,3040788
2024-02-16 10:30:00,85.69,85.8999,85.49,85.855,1347655
2024-02-16 11:30:00,85.855,86.215,85.55,86.09,1355001
2024-02-16 12:30:00,86.1,86.21,85.81,86.03,1255390
2024-02-16 13:30:00,86.03,86.23,85.95,86.215,1277362
2024-02-16 14:30:00,86.215,86.25,85.84,85.96,2157069
2024-02-16 15:30:00,85.96,86.02,85.53,85.59,2733474
2024-02-20 09:30:00,85.66,85.71,85.06,85.645,3512164
2024-02-20 10:30:00,85.645,85.665,84.82,85.085,2695495
2024-02-20 11:30:00,85.09,85.6156,85.07,85.345,1560094
2024-02-20 12:30:00,85.34,85.6156,84.8,85.045,1364887
2024-02-20 13:30:00,85.04,85.065,84.81,84.8218,1163650
2024-02-20 14:30:00,84.8231,85.07,84.8,84.91,1189296
2024-02-20 15:30:00,84.915,84.93,84.68,84.81,2765948
2024-02-21 09:30:00,85.15,86.71,84.7955,85.91,2622548
2024-02-21 10:30:00,85.92,86.3,85.8625,86.165,1731981
2024-02-21 11:30:00,86.165,86.71,85.71,86.21,1819131
2024-02-21 12:30:00,86.22,86.41,81.33,86.405,1544738
2024-02-21 13:30:00,86.41,86.46,86.13,86.215,2347491
2024-02-21 14:30:00,86.21,86.25,85.7,85.84,1455521
2024-02-21 15:30:00,85.84,86.38,85.81,86.365,2519477
2024-02-22 09:30:00,85.83,86.125,85.42,85.93,4409130
2024-02-22 10:30:00,85.93,86.52,85.86,86.39,2873491
2024-02-22 11:30:00,86.4,86.48,86.13,86.305,1486598
2024-02-22 12:30:00,86.31,86.705,86.0052,86.54,1285040
2024-02-22 13:30:00,86.5499,86.9,86.44,86.85,2022104
2024-02-22 14:30:00,86.86,86.86,86.35,86.5,1879342
2024-02-22 15:30:00,86.5,86.53,86.3,86.47,2763679
2024-02-23 09:30:00,85.69,85.8,85.14,85.59,3895591
2024-02-23 10:30:00,85.59,86.065,84.79,85.89,2131915
2024-02-23 11:30:00,85.9,85.915,85.5816,85.605,1897414
2024-02-23 12:30:00,85.61,85.925,85.57,85.885,1510477
2024-02-23 13:30:00,85.89,86.19,85.885,86.017,1321603
2024-02-23 14:30:00,86.015,86.235,80.64,86.05,1193141
2024-02-23 15:30:00,86.045,86.14,85.95,85.985,1967145
2024-02-26 09:30:00,85.86,86.825,85.43,86.772,2918539
2024-02-26 10:30:00,86.77,86.795,85.735,86.445,1168555
2024-02-26 11:30:00,86.44,86.52,86.15,86.355,1046917
2024-02-26 12:30:00,86.345,86.505,86.22,86.325,1203487
2024-02-26 13:30:00,86.325,86.37,86.18,86.33,996622
2024-02-26 14:30:00,86.32,86.46,85.991,86.46,1931046
2024-02-26 15:30:00,86.455,86.48,86.22,86.2641,2045082
2024-02-27 09:30:00,86.34,86.71,85.63,85.855,3323022
2024-02-27 10:30:00,85.855,86.5,83.3,85.87,2107474
2024-02-27 11:30:00,85.87,86.1939,85.79,85.92,1388156
2024-02-27 12:30:00,85.915,86.17,85.775,85.955,1877193
2024-02-27 13:30:00,85.955,86.3999,85.7725,85.801,939229
2024-02-27 14:30:00,85.8,85.8201,85.66,85.7398,1331099
2024-02-27 15:30:00,85.755,85.95,85.69,85.9,1899469
2024-04-29 09:30:00,95.46,96.445,95.4,96.3,2429320
2024-04-29 10:30:00,96.295,96.3199,95.69,96.09,1427088
2024-04-29 11:30:00,96.08,96.56,96.0303,96.5,1239642
2024-04-29 12:30:00,96.4901,96.605,96.325,96.37,622392
2024-04-29 13:30:00,96.3694,96.3982,93.84,96.13,1167107
2024-04-29 14:30:00,96.13,96.195,95.9,96.135,1576376
2024-04-29 15:30:00,96.135,96.6,96.08,96.395,2016268
2024-04-30 09:30:00,96.0,96.17,95.105,95.25,3354284
2024-04-30 10:30:00,95.25,95.28,94.82,95.09,1911561
2024-04-30 11:30:00,95.09,95.12,94.61,94.62,1590896
2024-04-30 12:30:00,94.62,94.6751,94.0,94.345,2153501
2024-04-30 13:30:00,94.35,96.39,94.29,94.525,1219461
2024-04-30 14:30:00,94.525,94.63,93.965,94.045,1514060
2024-04-30 15:30:00,94.05,94.1,93.47,93.54,4817473
2024-05-01 09:30:00,93.39,93.69,92.78,92.89,5164634
2024-05-01 10:30:00,92.89,93.06,92.08,92.18,3326876
2024-05-01 11:30:00,92.18,92.28,91.82,92.0,2728730
2024-05-01 12:30:00,91.995,92.095,91.76,91.83,1509207
2024-05-01 13:30:00,91.83,93.52,91.52,92.1201,1966054
2024-05-01 14:30:00,92.1202,92.805,91.79,92.45,4308698
2024-05-01 15:30:00,92.45,92.68,91.9,92.05,5803449
2024-05-02 09:30:00,92.65,93.19,92.0764,92.675,4638871
2024-05-02 10:30:00,92.67,92.83,92.3,92.52,1585460
2024-05-02 11:30:00,92.515,92.68,92.255,92.415,1579344
2024-05-02 12:30:00,92.415,92.905,92.0764,92.9,1590743
2024-05-02 13:30:00,92.89,92.905,92.03,92.79,1690030
2024-05-02 14:30:00,92.78,94.13,84.4,92.81,2232342
2024-05-02 15:30:00,92.81,92.832,92.45,92.6,3344084
2024-05-03 09:30:00,92.64,92.74,91.551,91.605,4650586
2024-05-03 10:30:00,91.61,91.82,91.34,91.645,2924435
2024-05-03 11:30:00,91.65,92.39,91.6094,92.145,1855104
2024-05-03 12:30:00,92.145,92.5745,92.12,92.1557,1338686
2024-05-03 13:30:00,92.15,92.56,91.975,92.0,1788709
2024-05-03 14:30:00,92.01,92.28,91.955,92.255,1256183
2024-05-03 15:30:00,92.25,92.57,92.205,92.53,3224774
2024-05-06 09:30:00,92.86,94.07,92.86,94.01,3979935
2024-05-06 10:30:00,94.0198,94.12,93.725,93.745,1619125
2024-05-06 11:30:00,93.7607,94.24,93.68,94.22,1382761
2024-05-06 12:30:00,94.217,94.217,92.5394,93.479,4551977
2024-05-06 13:30:00,93.475,93.51,93.34,93.4802,1041606
2024-05-06 14:30:00,93.49,93.69,93.345,93.39,1353264
2024-05-06 15:30:00,93.38,93.4199,93.25,93.285,2399035
2024-05-07 09:30:00,93.43,93.9,93.29,93.42,2786091
2024-05-07 10:30:00,93.42,93.57,93.2,93.5401,1576343
2024-05-07 11:30:00,93.5485,93.67,93.37,93.6197,714274
2024-05-07 12:30:00,93.62,93.75,93.4847,93.7304,894554
2024-05-07 13:30:00,93.73,93.755,93.3901,93.4,819204
2024-05-07 14:30:00,93.4,93.4455,93.19,93.3092,1694503
2024-05-07 15:30:00,93.31,93.45,93.18,93.18,1746885
2024-05-08 09:30:00,92.67,93.37,92.53,93.14,2272194
2024-05-08 10:30:00,93.14,93.49,93.11,93.42,1657905
2024-05-08 11:30:00,93.425,93.545,93.085,93.145,1219544
2024-05-08 12:30:00,93.15,93.245,93.09,93.1,1061275
2024-05-08 13:30:00,93.1,93.21,92.88,92.955,891715
2024-05-08 14:30:00,92.96,93.2199,92.9517,93.18,994798
2024-05-08 15:30:00,93.18,93.2764,93.05,93.08,1621272
2024-05-09 09:30:00,93.2,94.13,93.2,94.0532,3200525
2024-05-09 10:30:00,94.05,94.16,93.915,93.96,1319783
2024-05-09 11:30:00,93.956,94.035,93.8,93.89,798906
2024-05-09 12:30:00,93.88,94.0,93.8302,93.985,550293
2024-05-09 13:30:00,93.98,94.06,93.1,94.04,643858
2024-05-09 14:30:00,94.0359,94.27,94.0,94.22,1183427
2024-05-09 15:30:00,94.22,94.35,94.18,94.35,2881565
2024-05-10 09:30:00,94.55,94.86,93.885,94.0,1977356
2024-05-10 10:30:00,94.005,94.3,93.95,94.14,1431582
2024-05-10 11:30:00,94.14,94.18,93.76,93.78,1126619
2024-05-10 12:30:00,93.785,93.9002,93.63,93.69,766858
2024-05-10 13:30:00,93.69,94.35,93.59,93.64,1393031
2024-05-10 14:30:00,93.64,93.855,93.58,93.829,1097719
2024-05-10 15:30:00,93.83,93.94,93.765,93.83,2157911
2024-05-13 09:30:00,94.12,94.4,93.845,93.915,1716128
2024-05-13 10:30:00,93.925,94.055,93.37,93.38,1341944
2024-05-13 11:30:00,93.3744,93.78,93.335,93.7014,1049427
2024-05-13 12:30:00,93.7,93.701,93.365,93.4299,961420
2024-05-13 13:30:00,93.4267,93.57,93.18,93.545,1059497
2024-05-13 14:30:00,93.54,93.73,92.57,93.585,2117364
2024-05-13 15:30:00,93.59,93.6573,93.48,93.6,1873337
2024-05-14 09:30:00,93.4,93.77,93.11,93.22,2500466
2024-05-14 10:30:00,93.22,93.46,93.02,93.3808,1385655
2024-05-14 11:30:00,93.395,93.62,93.02,93.07,1139636
2024-05-14 12:30:00,93.065,93.34,93.05,93.309,1341304
2024-05-14 13:30:00,93.31,93.58,93.135,93.315,1096820
2024-05-14 14:30:00,93.32,93.57,93.3,93.54,1396074
2024-05-14 15:30:00,93.54,93.745,93.475,93.68,3109753
2024-05-15 09:30:00,93.5,93.69,92.12,92.51,5147111
2024-05-15 10:30:00,92.5,93.65,92.325,93.6207,2692434
2024-05-15 11:30:00,93.6206,93.83,93.565,93.645,1933983
2024-05-15 12:30:00,93.645,94.08,93.58,94.0,1549695
2024-05-15 13:30:00,93.995,93.995,93.66,93.755,1506484
2024-05-15 14:30:00,93.7609,93.78,93.54,93.6026,1655390
2024-05-15 15:30:00,93.6,94.0,93.54,93.87,3195417
2024-05-16 09:30:00,93.7,94.35,93.5,94.045,2616576
2024-05-16 10:30:00,94.05,94.38,93.9799,94.0,1977466
2024-05-16 11:30:00,94.005,94.09,93.89,93.915,1061413
2024-05-16 12:30:00,93.91,93.92,93.63,93.68,965846
2024-05-16 13:30:00,93.675,93.71,93.4,93.5465,853791
2024-05-16 14:30:00,93.55,93.87,92.57,93.795,939840
2024-05-16 15:30:00,93.795,93.83,93.62,93.64,2270149
2024-05-17 09:30:00,93.82,94.27,93.79,94.24,2054715
2024-05-17 10:30:00,94.24,94.34,93.985,94.245,1930896
2024-05-17 11:30:00,94.24,94.405,94.13,94.335,1109630
2024-05-17 12:30:00,94.335,94.64,94.315,94.605,1314248
2024-05-17 13:30:00,94.605,94.92,94.6,94.915,2448720
2024-05-17 14:30:00,94.915,95.105,94.8532,95.01,2049546
2024-05-17 15:30:00,95.0,95.055,94.88,94.96,3177801
2024-05-20 09:30:00,95.0,95.21,94.41,94.72,2453961
2024-05-20 10:30:00,94.715,94.88,94.615,94.715,786791
2024-05-20 11:30:00,94.715,94.928,92.6,94.5,900633
2024-05-20 12:30:00,94.5,94.525,84.79,94.2,835416
2024-05-20 13:30:00,94.2,94.89,94.105,94.37,1028912
2024-05-20 14:30:00,94.375,94.4,94.17,94.24,809682
2024-05-20 15:30:00,94.25,94.458,94.205,94.36,1994671
2024-05-21 09:30:00,94.1,94.74,93.86,94.7291,3118297
2024-05-21 10:30:00,94.73,94.865,94.61,94.62,857353
2024-05-21 11:30:00,94.62,94.68,93.88,93.9947,1444404
2024-05-21 12:30:00,93.99,94.1658,93.9508,94.05,630475
2024-05-21 13:30:00,94.051,94.34,93.96,94.072,997382
2024-05-21 14:30:00,94.08,94.15,93.8802,94.13,1122998
2024-05-21 15:30:00,94.13,94.23,93.81,93.88,2611562
2024-05-24 09:30:00,91.95,92.1899,91.6,91.75,2612841
2024-05-24 10:30:00,91.745,91.8,91.375,91.505,1957308
2024-05-24 11:30:00,91.505,91.71,91.41,91.6,1103925
2024-05-24 12:30:00,91.6,94.1938,91.3259,91.3399,498454
2024-05-24 13:30:00,91.33,91.4,91.11,91.125,763412
2024-05-24 14:30:00,91.125,91.375,91.11,91.14,832436
2024-05-24 15:30:00,91.14,91.4,91.125,91.38,1441788
2024-05-28 09:30:00,91.69,92.37,91.45,91.83,2947341
2024-05-28 10:30:00,91.825,92.34,91.76,92.31,1403899
2024-05-28 11:30:00,92.31,92.49,92.245,92.2652,1283637
2024-05-28 12:30:00,92.2561,92.38,91.3733,92.09,1380113
2024-05-28 13:30:00,92.085,92.15,91.3733,92.02,1441429
2024-05-28 14:30:00,92.0289,92.41,91.94,92.3097,1330076
2024-05-28 15:30:00,92.305,92.55,91.3733,92.37,3061532
2024-05-29 09:30:00,92.0,92.13,90.86,91.1577,3338457
2024-05-29 10:30:00,91.15,92.3474,90.74,90.745,1666069
2024-05-29 11:30:00,90.745,91.935,90.485,90.645,1436575
2024-05-29 12:30:00,90.65,91.37,90.46,90.5701,934545
2024-05-29 13:30:00,90.57,92.31,90.27,90.4556,1488475
2024-05-29 14:30:00,90.435,90.65,90.42,90.507,1624447
2024-05-29 15:30:00,90.5,90.78,90.452,90.71,3365964
2024-05-30 09:30:00,90.48,91.27,90.45,91.065,2204179
2024-05-30 10:30:00,91.06,91.96,90.75,90.955,1692747
2024-05-30 11:30:00,90.95,91.015,90.65,90.67,1251868
2024-05-30 12:30:00,90.67,90.97,90.67,90.7157,915511
2024-05-30 13:30:00,90.72,90.84,90.57,90.67,1182820
2024-05-30 14:30:00,90.66,90.995,90.65,90.82,1147971
2024-05-30 15:30:00,90.82,90.97,90.665,90.91,2388456
2024-05-31 09:30:00,91.1,94.13,80.04,91.84,1785061
2024-05-31 10:30:00,91.835,91.875,91.5,91.62,1974857
2024-05-31 11:30:00,91.615,92.15,91.51,92.125,1332693
2024-05-31 12:30:00,92.125,92.5,91.985,92.45,1611804
2024-05-31 13:30:00,92.46,92.8151,92.19,92.7,2073895
2024-05-31 14:30:00,92.7001,92.785,92.505,92.52,1882502
2024-05-31 15:30:00,92.51,93.2661,90.94,93.21,4710099
2024-06-03 09:30:00,92.89,92.92,91.19,91.38,5195726
2024-06-03 10:30:00,91.419,91.6,91.0,91.175,2301151
2024-06-03 11:30:00,91.18,93.1608,90.56,90.77,2635988
2024-06-03 12:30:00,90.77,90.78,90.23,90.27,2521638
2024-06-03 13:30:00,90.26,90.43,90.09,90.4,1480374
2024-06-03 14:30:00,90.405,90.72,90.0,90.52,1998583
2024-06-03 15:30:00,90.52,90.75,90.35,90.74,3351103
2024-06-04 09:30:00,89.82,90.7283,88.7,89.555,5344020
2024-06-04 10:30:00,89.55,89.79,89.225,89.63,2136707
2024-06-04 11:30:00,89.64,89.675,89.0033,89.5046,2703892
2024-06-04 12:30:00,89.56,89.7,89.0,89.6999,1790723
2024-06-04 13:30:00,89.7,89.94,89.52,89.77,1048490
2024-06-04 14:30:00,89.77,89.775,89.285,89.62,1237241
2024-06-04 15:30:00,89.6215,90.76,89.49,89.87,2598418
2024-06-05 09:30:00,90.0,90.14,89.3837,89.68,2830317
2024-06-05 10:30:00,89.68,89.88,89.325,89.575,1375306
2024-06-05 11:30:00,89.58,94.96,80.04,89.75,1112850
2024-06-05 12:30:00,89.75,90.02,89.07,89.83,1156996
2024-06-05 13:30:00,89.82,89.955,89.72,89.845,773190
2024-06-05 14:30:00,89.8499,90.04,89.83,89.905,987297
2024-06-05 15:30:00,89.9,89.9465,89.62,89.89,1846783
2024-06-06 09:30:00,89.57,90.27,89.2207,89.876,2585512
2024-06-06 10:30:00,89.87,90.19,89.57,90.17,1869092
2024-06-06 11:30:00,90.1768,90.26,89.95,90.0059,1971364
2024-06-06 12:30:00,90.01,90.08,89.73,90.02,1538269
2024-06-06 13:30:00,90.0231,90.185,89.905,90.075,1127609
2024-06-06 14:30:00,90.07,90.38,90.03,90.315,1221896
2024-06-06 15:30:00,90.31,90.38,90.21,90.38,1890274
2024-06-07 09:30:00,90.18,90.8361,89.55,90.7799,2058613
2024-06-07 10:30:00,90.775,91.0366,90.37,90.39,1394923
2024-06-07 11:30:00,90.385,90.4436,90.04,90.31,1139051
2024-06-07 12:30:00,90.31,90.6899,90.17,90.6099,998669
2024-06-07 13:30:00,90.605,90.61,90.2479,90.4441,840233
2024-06-07 14:30:00,90.44,97.79,90.16,90.255,758606
2024-06-07 15:30:00,90.26,90.2859,89.93,90.01,2275697
2024-06-10 09:30:00,90.33,97.1,89.99,90.735,2704683
2024-06-10 10:30:00,90.74,91.05,90.605,90.98,1381457
2024-06-10 11:30:00,90.98,91.21,90.7,90.905,1019889
2024-06-10 12:30:00,90.905,90.98,90.74,90.875,823501
2024-06-10 13:30:00,90.875,91.166666,90.865,90.975,854026
2024-06-10 14:30:00,90.975,91.15,90.8242,90.865,958294
2024-06-10 15:30:00,90.86,90.8651,90.55,90.7,3081554
2024-06-11 09:30:00,90.32,90.32,89.44,90.18,2434118
2024-06-11 10:30:00,90.17,90.39,89.91,90.29,1685744
2024-06-11 11:30:00,90.29,90.59,90.11,90.14,1255912
2024-06-11 12:30:00,90.135,90.43,90.115,90.175,647067
2024-06-11 13:30:00,90.175,90.505,90.13,90.41,579973
2024-06-11 14:30:00,90.415,90.435,90.2,90.2098,945385
2024-06-11 15:30:00,90.21,90.51,90.185,90.5,1491334
2024-06-12 09:30:00,91.18,91.27,90.41,90.9101,2955658
2024-06-12 10:30:00,90.92,90.92,89.38,89.54,3198427
2024-06-12 11:30:00,89.55,89.785,89.385,89.61,1190971
2024-06-12 12:30:00,89.615,89.78,89.47,89.4898,1393539
2024-06-12 13:30:00,89.4999,89.67,89.21,89.6294,1525807
2024-06-12 14:30:00,89.63,89.775,89.07,89.11,1742205
2024-06-12 15:30:00,89.12,89.67,89.095,89.49,3448381
2024-07-29 09:30:00,92.2,92.28,91.13,91.15,2356777
2024-07-29 10:30:00,91.14,91.1781,90.531,90.93,2148572
2024-07-29 11:30:00,90.93,91.125,90.67,90.975,1281913
2024-07-29 12:30:00,90.9798,91.125,90.7619,90.92,772241
2024-07-29 13:30:00,90.915,91.2899,90.865,91.21,767156
2024-07-29 14:30:00,91.21,92.425,91.07,91.285,1692554
2024-07-29 15:30:00,91.285,91.5599,91.255,91.38,3917211
2024-07-30 09:30:00,91.39,92.3,91.28,92.24,2932586
2024-07-30 10:30:00,92.23,92.49,92.035,92.05,1617559
2024-07-30 11:30:00,92.05,92.35,91.885,92.315,923352
2024-07-30 12:30:00,92.3101,92.705,92.27,92.515,1585796
2024-07-30 13:30:00,92.51,92.82,91.4,92.555,1006156
2024-07-30 14:30:00,92.54,92.9,92.49,92.865,1330075
2024-07-30 15:30:00,92.86,93.11,92.7,92.8,2914735
2024-07-31 09:30:00,94.08,94.14,93.32,93.94,3244426
2024-07-31 10:30:00,93.94,93.972,93.465,93.63,1770121
2024-07-31 11:30:00,93.63,93.82,93.44,93.7,2415706
2024-07-31 12:30:00,93.69,93.83,93.21,93.265,1170839
2024-07-31 13:30:00,93.26,93.63,93.14,93.46,1328656
2024-07-31 14:30:00,93.46,93.78,93.35,93.485,2044767
2024-07-31 15:30:00,93.49,93.83,93.185,93.2,3592907
2024-08-01 09:30:00,93.0,93.47,91.7,91.9,4569268
2024-08-01 10:30:00,91.91,92.07,91.04,91.25,3130160
2024-08-01 11:30:00,91.25,91.42,90.91,91.2712,1913955
2024-08-01 12:30:00,91.27,91.27,90.74,90.76,1474195
2024-08-01 13:30:00,90.76,93.27,90.285,90.32,1948522
2024-08-01 14:30:00,90.31,90.64,90.27,90.615,2399860
2024-08-01 15:30:00,90.61,93.27,90.6,90.77,4095649
2024-08-02 09:30:00,89.7,90.19,88.93,88.95,5683221
2024-08-02 10:30:00,88.93,89.1135,87.8432,88.11,3453336
2024-08-02 11:30:00,88.115,88.52,88.06,88.1629,2315583
2024-08-02 12:30:00,88.16,88.27,87.75,87.8175,1770802
2024-08-02 13:30:00,87.815,90.74,87.51,88.015,2225390
2024-08-02 14:30:00,88.015,90.7588,87.8,88.3275,3162614
2024-08-02 15:30:00,88.325,88.49,88.015,88.39,3495122
2024-08-05 09:30:00,86.52,86.73913,85.47,85.805,7325710
2024-08-05 10:30:00,85.805,86.24,85.57,85.89,3268478
2024-08-05 11:30:00,85.9,87.18,85.7915,87.095,2757560
2024-08-05 12:30:00,87.1,87.1,86.465,86.74,2262257
2024-08-05 13:30:00,86.74,87.095,86.525,86.965,1754407
2024-08-05 14:30:00,86.96,87.05,86.655,86.705,1888840
2024-08-05 15:30:00,86.706,86.72,86.28,86.58,4292852
2024-08-06 09:30:00,86.77,87.62,86.43,87.45,4122103
2024-08-06 10:30:00,87.46,87.96,86.5834,87.065,1931542
2024-08-06 11:30:00,87.07,87.69,87.05,87.51,1235901
2024-08-06 12:30:00,87.5,87.73,87.39,87.67,1832447
2024-08-06 13:30:00,87.68,92.37,86.45,87.68,1229245
2024-08-06 14:30:00,87.68,87.93,87.25,87.68,1570671
2024-08-06 15:30:00,87.68,87.76,86.99,87.015,2873003
2024-08-07 09:30:00,88.104,88.785,87.39,88.1288,2929029
2024-08-07 10:30:00,88.13,88.84,88.02,88.75,1789889
2024-08-07 11:30:00,88.76,88.93,88.5,88.825,1488313
2024-08-07 12:30:00,88.82,88.94,87.975,88.18,1652808
2024-08-07 13:30:00,88.188,88.49,86.975,87.81,1648132
2024-08-07 14:30:00,87.8,87.95,87.525,87.865,1216455
2024-08-07 15:30:00,87.86,87.92,86.26,87.35,1904693
2024-08-08 09:30:00,87.58,88.765,87.58,88.71,2301321
2024-08-08 10:30:00,88.7,88.975,87.7113,88.85,1329771
2024-08-08 11:30:00,88.84,89.0,88.51,88.8911,1178816
2024-08-08 12:30:00,88.89,89.17,88.655,89.13,859601
2024-08-08 13:30:00,89.13,89.33,89.01,89.13,1094131
2024-08-08 14:30:00,89.1599,89.25,88.97,89.16,1009720
2024-08-08 15:30:00,89.16,89.31,88.95,89.22,2408098
2024-08-09 09:30:00,89.08,89.21,88.51,88.965,3532298
2024-08-09 10:30:00,88.97,89.51,88.925,89.29,1114881
2024-08-09 11:30:00,89.29,89.485,89.105,89.2412,802197
2024-08-09 12:30:00,89.31,89.785,89.2786,89.76,1176982
2024-08-09 13:30:00,89.76,89.79,89.3,89.42,1180127
2024-08-09 14:30:00,89.41,90.52,89.27,89.565,909046
2024-08-09 15:30:00,89.56,89.69,89.235,89.375,1957279
2024-08-12 09:30:00,89.93,90.43,87.5,89.7,2741062
2024-08-12 10:30:00,89.705,90.09,89.4159,89.718,2239425
2024-08-12 11:30:00,89.72,89.86,89.505,89.655,1484388
2024-08-12 12:30:00,89.655,89.67,89.37,89.515,1249329
2024-08-12 13:30:00,89.52,89.93,89.4901,89.68,1901863
2024-08-12 14:30:00,89.68,89.85,89.535,89.8,1633025
2024-08-12 15:30:00,89.775,89.9,89.55,89.88,2492434
2024-08-13 09:30:00,89.064,89.25,88.54,88.7299,4308619
2024-08-13 10:30:00,88.725,88.89,88.55,88.797,2270836
2024-08-13 11:30:00,88.8,89.08,88.795,88.95,1817619
2024-08-13 12:30:00,88.95,89.17,88.88,88.9576,1053441
2024-08-13 13:30:00,88.955,89.22,88.943142,89.105,1136758
2024-08-13 14:30:00,89.105,89.23,88.98,89.015,1370076
2024-08-13 15:30:00,89.0199,89.06,88.83,88.955,2684044
2024-08-14 09:30:00,89.15,89.46,88.97,89.355,1934021
2024-08-14 10:30:00,89.36,89.3815,88.7999,89.05,1643273
2024-08-14 11:30:00,89.05,89.52,89.035,89.27,914909
2024-08-14 12:30:00,89.26,89.63,89.26,89.475,905993
2024-08-14 13:30:00,89.47,89.66,89.42,89.555,1239233
2024-08-14 14:30:00,89.55,89.895,89.5059,89.755,1030921
2024-08-14 15:30:00,89.755,89.78,89.42,89.48,2630168
2024-08-15 09:30:00,90.01,92.82,89.93,90.1488,2205571
2024-08-15 10:30:00,90.15,90.865,90.15,90.8199,1139666
2024-08-15 11:30:00,90.825,93.21,86.98,90.74,731731
2024-08-15 12:30:00,90.736,90.79,90.53,90.67,856581
2024-08-15 13:30:00,90.67,90.73,90.565,90.705,658086
2024-08-15 14:30:00,90.71,90.735,90.47,90.595,977723
2024-08-15 15:30:00,90.595,90.68,90.45,90.61,2139922
2024-08-16 09:30:00,90.01,90.61,89.9388,90.2806,1895916
2024-08-16 10:30:00,90.2071,90.465,90.165,90.4099,1084396
2024-08-16 11:30:00,90.43,90.56,90.19,90.435,912039
2024-08-16 12:30:00,90.43,90.6257,90.42,90.585,682060
2024-08-16 13:30:00,90.58,90.69,90.49,90.505,707405
2024-08-16 14:30:00,90.505,90.7,90.31,90.43,1344841
2024-08-16 15:30:00,90.42,90.65,90.4,90.51,1570027
2024-08-19 09:30:00,90.62,91.405,90.62,91.38,2094020
2024-08-19 10:30:00,91.385,91.85,91.3612,91.565,1243996
2024-08-19 11:30:00,91.565,91.5923,89.21,91.2601,1665354
2024-08-19 12:30:00,91.305,91.42,91.19,91.25,882884
2024-08-19 13:30:00,91.25,91.3761,91.07,91.085,862689
2024-08-19 14:30:00,91.09,91.14,86.45,91.03,1696885
2024-08-19 15:30:00,91.025,91.126,90.9,91.06,1719736
2024-08-20 09:30:00,90.92,90.96,89.765,89.85,3218913
2024-08-20 10:30:00,89.855,89.8578,88.91,88.92,3132942
2024-08-20 11:30:00,88.925,90.0,88.64,89.135,2056252
2024-08-20 12:30:00,89.13,89.23,88.95,89.145,1256970
2024-08-20 13:30:00,89.14,89.15,88.915,89.065,2799185
2024-08-20 14:30:00,89.065,89.32,89.01,89.205,1038635
2024-08-20 15:30:00,89.205,89.29,88.67,88.73,2555567
2024-10-29 09:30:00,89.0,89.04,88.26,88.84,2024351
2024-10-29 10:30:00,88.85,89.81,88.09,88.12,1228434
2024-10-29 11:30:00,88.1269,90.07,88.01,88.035,1928097
2024-10-29 12:30:00,88.04,88.57,87.76,87.855,1483004
2024-10-29 13:30:00,87.855,90.26,87.65,87.94,1231735
2024-10-29 14:30:00,87.945,88.005,87.73,87.86,1180969
2024-10-29 15:30:00,87.855,87.975,87.78,87.9,2140072
2024-10-30 09:30:00,88.15,88.66,87.8,88.255,2038238
2024-10-30 10:30:00,88.25,90.47,85.14,88.505,1296449
2024-10-30 11:30:00,88.51,88.732,87.547,88.305,1093676
2024-10-30 12:30:00,88.3,88.305,88.0,88.1042,801749
2024-10-30 13:30:00,88.11,88.34,87.96,88.185,775317
2024-10-30 14:30:00,88.185,88.241,87.98,88.135,1305253
2024-10-30 15:30:00,88.13,88.19,87.851,88.03,2064543
2024-10-31 09:30:00,88.6,89.26,88.51,88.8988,2216040
2024-10-31 10:30:00,88.895,89.055,88.5361,88.74,1489082
2024-10-31 11:30:00,88.74,88.82,88.398,88.4439,1017385
2024-10-31 12:30:00,88.44,88.71,88.0269,88.565,1144126
2024-10-31 13:30:00,88.56,88.68,88.355,88.67,1715864
2024-10-31 14:30:00,88.66,89.22,88.59,89.05,4714135
2024-10-31 15:30:00,89.05,89.105,88.58,88.6,3050641
2024-11-01 09:30:00,89.79,90.11,89.27,89.54,2593278
2024-11-01 10:30:00,89.54,89.56,88.725,88.91,1325483
2024-11-01 11:30:00,88.91,89.06,88.625,88.69,989650
2024-11-01 12:30:00,88.71,88.755,88.33,88.4,898834
2024-11-01 13:30:00,88.4,88.425,87.97,88.1317,1566829
2024-11-01 14:30:00,88.14,88.33,87.99,88.065,1575114
2024-11-01 15:30:00,88.07,88.12,87.85,87.99,2871312
2024-11-04 09:30:00,88.63,89.6,88.51,89.54,2735402
2024-11-04 10:30:00,89.54,89.72,89.2443,89.2788,1705082
2024-11-04 11:30:00,89.275,89.56,89.085,89.54,918410
2024-11-04 12:30:00,89.54,89.54,89.04,89.4118,915446
2024-11-04 13:30:00,89.385,90.72,89.17,89.41,1232929
2024-11-04 14:30:00,89.4,89.67,89.355,89.645,1529823
2024-11-04 15:30:00,89.645,89.67,89.4271,89.5699,2788722
2024-11-05 09:30:00,90.01,90.21,89.61,90.065921,1996750
2024-11-05 10:30:00,90.075,90.34,89.5498,90.21,1493783
2024-11-05 11:30:00,90.22,90.395,88.09,90.29,869342
2024-11-05 12:30:00,90.295,92.32,89.92,90.01,849970
2024-11-05 13:30:00,90.015,90.18,89.662,89.81,1259939
2024-11-05 14:30:00,89.805,89.97,89.5498,89.835,1359689
2024-11-05 15:30:00,89.835,90.17,89.79,90.15,1857993
2024-11-06 09:30:00,92.66,93.42,90.1446,93.4001,6074677
2024-11-06 10:30:00,93.4188,93.65,90.1446,93.275,3269763
2024-11-06 11:30:00,93.28,93.55,93.095,93.5,2316734
2024-11-06 12:30:00,93.505,93.73,93.3945,93.685,1995375
2024-11-06 13:30:00,93.69,94.04,93.615,94.02,1931003
2024-11-06 14:30:00,94.035,94.2698,93.93,94.145,2479443
2024-11-06 15:30:00,94.145,94.195,93.55,93.58,4453216
2024-11-07 09:30:00,93.5,93.5,92.42,92.97,2675473
2024-11-07 10:30:00,92.98,93.09,92.67,92.834,1385770
2024-11-07 11:30:00,92.795,93.18,92.578,93.135,1300043
2024-11-07 12:30:00,93.135,93.245,89.515,93.12,1034273
2024-11-07 13:30:00,93.115,93.3,93.035,93.1042,979406
2024-11-07 14:30:00,93.1099,93.45,92.92,93.355,1378198
2024-11-07 15:30:00,93.355,93.39,93.16,93.19,2958127
2024-11-08 09:30:00,93.14,93.37,92.76,93.04,2850536
2024-11-08 10:30:00,93.035,93.58,93.0,93.35,1552633
2024-11-08 11:30:00,93.345,93.395,93.0,93.296,1075495
2024-11-08 12:30:00,93.2999,93.405,93.21,93.3101,849144
2024-11-08 13:30:00,93.315,93.67,93.265,93.6,877455
2024-11-08 14:30:00,93.6266,93.885,93.59,93.655,1059544
2024-11-08 15:30:00,93.66,93.79,93.45,93.74,2027441
2024-11-11 09:30:00,93.77,94.6,93.33,94.16,2790346
2024-11-11 10:30:00,94.16,94.22,93.875,93.945,1150175
2024-11-11 11:30:00,93.945,94.36,93.885,94.26,1211471
2024-11-11 12:30:00,94.25,94.33,93.98,94.14,882871
2024-11-11 13:30:00,94.135,94.24,94.055,94.225,700636
2024-11-11 14:30:00,94.225,94.45,93.7307,94.265,1196948
2024-11-11 15:30:00,94.27,94.33,89.8,94.29,2026626
2024-11-12 09:30:00,94.55,94.8475,90.17,94.4532,1799299
2024-11-12 10:30:00,94.45,94.53,90.395,94.05,1388142
2024-11-12 11:30:00,94.05,94.23,93.9865,94.01,1308416
2024-11-12 12:30:00,94.01,94.055,93.67,93.7399,814479
2024-11-12 13:30:00,93.735,94.09,93.72,94.045,561785
2024-11-12 14:30:00,94.063,94.18,93.99,94.035,791685
2024-11-12 15:30:00,94.035,94.07,93.75,93.805,1789567
2024-11-13 09:30:00,94.06,94.27,92.93,93.285,2432587
2024-11-13 10:30:00,93.28,94.07,93.05,94.04,1964948
2024-11-13 11:30:00,94.04,94.42,90.17,94.4101,1014238
2024-11-13 12:30:00,94.418,94.7799,94.3639,94.74,1274385
2024-11-13 13:30:00,94.74,94.9,94.68,94.7251,903013
2024-11-13 14:30:00,94.8018,94.83,94.585,94.72,1259867
2024-11-13 15:30:00,94.72,94.805,94.48,94.54,2348873
2024-11-14 09:30:00,95.14,95.22,94.695,94.91,1987530
2024-11-14 10:30:00,94.91,94.925,94.5701,94.705,1050172
2024-11-14 11:30:00,94.71,94.77,88.04,94.405,1069112
2024-11-14 12:30:00,94.4,94.7285,94.265,94.4,1027928
2024-11-14 13:30:00,94.4,94.6968,94.37,94.6297,761741
2024-11-14 14:30:00,94.625,94.87,94.49,94.84,978169
2024-11-14 15:30:00,94.84,94.94,94.65,94.9,1424358
2024-11-15 09:30:00,94.78,95.695,94.6,95.33,2656828
2024-11-15 10:30:00,95.33,95.335,94.84,94.885,1952801
2024-11-15 11:30:00,94.88,94.9,94.47,94.575,1772146
2024-11-15 12:30:00,94.574,94.78,94.39,94.735,1429791
2024-11-15 13:30:00,94.73,94.73,94.485,94.57,900070
2024-11-15 14:30:00,94.575,94.78,93.75,94.605,2028831
2024-11-15 15:30:00,94.61,94.8,94.51,94.71,2647543
2024-11-18 09:30:00,95.48,95.69,95.06,95.545,2530137
2024-11-18 10:30:00,95.54,95.645,95.29,95.555,900206
2024-11-18 11:30:00,95.555,95.8,95.525,95.73,924242
2024-11-18 12:30:00,95.725,96.08,95.7,96.005,824371
2024-11-18 13:30:00,96.0,96.18,95.89,96.05,1943030
2024-11-18 14:30:00,96.05,96.18,95.665,96.17,1337483
2024-11-18 15:30:00,96.17,96.17,95.91,95.97,1722935
2024-11-19 09:30:00,95.22,95.96,94.92,95.645,1635073
2024-11-19 10:30:00,95.645,95.685,95.325,95.47,1650688
2024-11-19 11:30:00,95.47,95.655,95.38,95.645,604857
2024-11-19 12:30:00,95.645,95.71,95.228,95.315,654494
2024-11-19 13:30:00,95.3101,95.4563,95.07,95.29,956060
2024-11-19 14:30:00,95.285,95.9543,95.09,95.205,1308991
2024-11-19 15:30:00,95.205,95.445,95.13,95.41,1576743
2024-11-20 09:30:00,95.73,96.27,95.53,95.93,2470594
2024-11-20 10:30:00,95.94,95.97,95.425,95.505,1085151
2024-11-20 11:30:00,95.505,95.84,95.4901,95.585,728897
2024-11-20 12:30:00,95.59,95.905,95.46,95.785,613063
2024-11-20 13:30:00,95.78,96.57,95.69,95.9101,875263
2024-11-20 14:30:00,95.91,96.17,95.89,96.155,933839
2024-11-20 15:30:00,96.16,96.41,96.1399,96.38,1721139
2024-11-21 09:30:00,96.78,97.38,96.54,97.1599,2580368
2024-11-21 10:30:00,97.15,97.85,97.105,97.635,1847482
2024-11-21 11:30:00,97.63,97.6826,88.59,97.46,1863242
2024-11-21 12:30:00,97.455,97.54,97.28,97.475,1199665
2024-11-21 13:30:00,97.475,97.52,97.305,97.42,1695090
2024-11-21 14:30:00,97.415,97.585,97.29,97.535,1747872
2024-11-21 15:30:00,97.54,97.565,90.4,97.14,2814114
2024-11-22 09:30:00,96.99,97.959,96.9,97.33,2748043
2024-11-22 10:30:00,97.34,97.605,97.19,97.4673,1596680
2024-11-22 11:30:00,97.52,97.61,97.335,97.55,836368
2024-11-22 12:30:00,97.555,97.64,97.1433,97.44,867073
2024-11-22 13:30:00,97.445,97.475,97.215,97.3172,1060873
2024-11-22 14:30:00,97.315,97.53,97.235,97.255,1559987
2024-11-22 15:30:00,97.26,97.42,97.24,97.26,1724027
2024-11-25 09:30:00,97.25,97.74,96.525,96.63,3122484
2024-11-25 10:30:00,96.62,96.655,95.75,95.8005,2642980
2024-11-25 11:30:00,95.805,96.34,88.03,95.61,1737151
2024-11-25 12:30:00,95.6,95.715,94.51,95.44,1252517
2024-11-25 13:30:00,95.45,95.745,95.355,95.525,1049074
2024-11-25 14:30:00,95.525,97.88,95.41,95.4138,1491030
2024-11-25 15:30:00,95.4434,95.555,89.81,95.27,2924689
2024-11-26 09:30:00,95.48,95.68,94.84,95.149,3195640
2024-11-26 10:30:00,95.155,95.38,94.8,95.0082,1460903
2024-11-26 11:30:00,95.07,95.245,94.775,94.8401,1045089
2024-11-26 12:30:00,94.84,95.195,94.84,95.1164,1241784
2024-11-26 13:30:00,95.1199,95.2,94.92,95.1485,1138956
2024-11-26 14:30:00,95.145,95.215,95.06,95.095,1011082
2024-11-26 15:30:00,95.09,95.32,95.074,95.19,2053639
2025-01-28 09:30:00,90.63,90.95,89.7,89.72,2993556
2025-01-28 10:30:00,89.72,90.0299,89.395,89.455,1568932
2025-01-28 11:30:00,89.455,89.97,89.17,89.305,1943643
2025-01-28 12:30:00,89.3787,89.436,89.15,89.1656,1691424
2025-01-28 13:30:00,89.165,90.3861,89.05,89.1648,1539219
2025-01-28 14:30:00,89.16,89.7,89.1081,89.665,1396708
2025-01-28 15:30:00,89.655,89.89,83.93,89.515,2060113
2025-01-29 09:30:00,89.28,90.155,89.14,89.69,1855889
2025-01-29 10:30:00,89.69,89.9751,89.59,89.9591,961631
2025-01-29 11:30:00,89.95,90.06,89.7199,89.7199,766530
2025-01-29 12:30:00,89.71,89.79,89.51,89.605,870754
2025-01-29 13:30:00,89.6075,89.6897,89.2701,89.275,2068886
2025-01-29 14:30:00,89.275,89.775,89.275,89.675,1707309
2025-01-29 15:30:00,89.6731,89.795,89.44,89.65,1575729
2025-01-30 09:30:00,90.25,90.55,89.95,90.4401,2809465
2025-01-30 10:30:00,90.44,90.64,90.13,90.27,3652012
2025-01-30 11:30:00,90.26,90.3079,89.75,89.84,1071694
2025-01-30 12:30:00,89.835,90.36,89.7901,90.26,643875
2025-01-30 13:30:00,90.26,90.3,90.135,90.235,994870
2025-01-30 14:30:00,90.24,90.41,90.13,90.255,1053123
2025-01-30 15:30:00,90.255,90.3201,84.655,90.14,5782403
2025-01-31 09:30:00,90.166,90.166,87.76,88.35,6082401
2025-01-31 10:30:00,88.34,89.11,88.15,88.975,2215542
2025-01-31 11:30:00,88.98,89.205,88.54,88.56,1713301
2025-01-31 12:30:00,88.565,89.0,88.2,88.615,1316519
2025-01-31 13:30:00,88.61,88.76,87.715,87.7711,2070037
2025-01-31 14:30:00,87.805,87.97,87.4202,87.84,2124045
2025-01-31 15:30:00,87.84,87.8674,87.46,87.67,4164468
2025-02-03 09:30:00,87.63,87.98,86.82,87.9601,6980661
2025-02-03 10:30:00,87.96,88.48,87.3333,88.235,3534590
2025-02-03 11:30:00,88.24,88.39,87.94,87.94,1650098
2025-02-03 12:30:00,87.945,88.1157,87.65,88.0301,1944022
2025-02-03 13:30:00,88.06,88.44,87.63,88.32,1186541
2025-02-03 14:30:00,88.33,89.7,88.275,88.285,1582700
2025-02-03 15:30:00,88.28,88.31,88.04,88.18,2272797
2025-02-04 09:30:00,87.734,89.99,87.6275,89.8752,6179230
2025-02-04 10:30:00,89.88,89.97,89.3,89.745,2363832
2025-02-04 11:30:00,89.745,90.23,89.745,89.78,1723982
2025-02-04 12:30:00,89.78,89.945,89.69,89.84,1211819
2025-02-04 13:30:00,89.835,90.025,89.755,89.94,1214458
2025-02-04 14:30:00,89.94,90.04,89.71,89.75,2742493
2025-02-04 15:30:00,89.75,90.095,89.7,90.03,2978355
2025-02-05 09:30:00,90.01,90.26,89.505,90.015,2111166
2025-02-05 10:30:00,90.01,90.32,89.7799,90.2956,1855928
2025-02-05 11:30:00,90.29,90.29,89.98,90.0643,1275268
2025-02-05 12:30:00,90.06,90.14,89.96,90.12,970568
2025-02-05 13:30:00,90.1194,90.31,90.05,90.211,966963
2025-02-05 14:30:00,90.215,90.355,90.15,90.155,812317
2025-02-05 15:30:00,90.1567,90.29,90.11,90.19,1493053
2025-02-06 09:30:00,90.64,90.8604,89.11,89.455,4929047
2025-02-06 10:30:00,89.455,89.5003,88.77,89.01,4425077
2025-02-06 11:30:00,89.0,89.2,88.5,88.5299,2519697
2025-02-06 12:30:00,88.5299,88.7597,88.49,88.675,1547501
2025-02-06 13:30:00,88.675,88.8,88.26,88.28,1901381
2025-02-06 14:30:00,88.275,88.5,88.09,88.4771,1628294
2025-02-06 15:30:00,88.4762,88.73,88.33,88.62,2906625
2025-02-07 09:30:00,88.878,89.25,88.44,89.156,2368203
2025-02-07 10:30:00,89.155,89.195,88.6151,88.7099,1947939
2025-02-07 11:30:00,88.71,89.03,88.6248,88.995,1700424
2025-02-07 12:30:00,88.995,89.34,88.84,89.295,908775
2025-02-07 13:30:00,89.29,89.37,89.02,89.1531,905345
2025-02-07 14:30:00,89.115,89.26,88.67,88.6959,1089889
2025-02-07 15:30:00,88.695,88.8,88.5,88.57,1988154
2025-02-10 09:30:00,89.35,90.1099,89.26,89.95,2594674
2025-02-10 10:30:00,89.95,90.4,89.9167,90.19,1566442
2025-02-10 11:30:00,90.195,90.36,90.07,90.2645,2000030
2025-02-10 12:30:00,90.27,90.4,89.7,90.1701,884552
2025-02-10 13:30:00,90.175,90.41,88.9,90.395,1050663
2025-02-10 14:30:00,90.3903,90.53,90.3345,90.365,1369628
2025-02-10 15:30:00,90.365,90.66,90.34,90.5101,2541427
2025-02-11 09:30:00,90.94,91.22,89.14,90.665,3291029
2025-02-11 10:30:00,90.66,91.46,90.6335,91.3299,1504061
2025-02-11 11:30:00,91.335,91.75,91.135,91.735,1952407
2025-02-11 12:30:00,91.735,91.85,91.53,91.605,1228933
2025-02-11 13:30:00,91.605,91.74,91.32,91.3299,723562
2025-02-11 14:30:00,91.33,91.44,91.0601,91.0747,999383
2025-02-11 15:30:00,91.075,91.28,91.05,91.23,2671453
2025-02-12 09:30:00,90.49,91.11,90.18,90.795,2655036
2025-02-12 10:30:00,90.79,90.87,90.33,90.445,1575606
2025-02-12 11:30:00,90.445,90.615,89.978,90.0812,2754431
2025-02-12 12:30:00,90.085,91.78,89.46,89.525,2213278
2025-02-12 13:30:00,89.53,89.59,89.0849,89.15,2188196
2025-02-12 14:30:00,89.155,89.4,89.031,89.045,1839279
2025-02-12 15:30:00,89.045,89.16,88.875,89.03,4697296
2025-02-13 09:30:00,88.824,89.4,88.32,89.15,3839684
2025-02-13 10:30:00,89.145,89.25,88.835,89.25,2029061
2025-02-13 11:30:00,89.25,89.48,89.04,89.465,1950781
2025-02-13 12:30:00,89.47,89.58,89.265,89.4595,1113619
2025-02-13 13:30:00,89.4883,93.14,89.425,89.7183,1756062
2025-02-13 14:30:00,89.71,93.14,89.64,89.7401,1026971
2025-02-13 15:30:00,89.74,89.91,89.65,89.7301,2261175
2025-02-14 09:30:00,90.05,91.33,90.05,90.495,3743687
2025-02-14 10:30:00,90.5,90.75,90.44,90.7,2474857
2025-02-14 11:30:00,90.69,90.86,90.54,90.67,1470121
2025-02-14 12:30:00,90.67,90.68,89.56,90.43,946183
2025-02-14 13:30:00,90.43,90.54,88.56,90.325,785057
2025-02-14 14:30:00,90.325,90.54,90.3,90.3,1022766
2025-02-14 15:30:00,90.305,90.3762,90.05,90.07,1978524
2025-02-18 09:30:00,90.5,91.11,89.975,91.055,2304412
2025-02-18 10:30:00,91.055,91.15,90.1001,90.87,1757524
2025-02-18 11:30:00,90.87,91.44,90.8368,91.42,1221175
2025-02-18 12:30:00,91.42,91.84,91.3801,91.7272,1106193
2025-02-18 13:30:00,91.765,91.9,91.56,91.61,1266735
2025-02-18 14:30:00,91.61,91.71,91.535,91.5499,1144396
2025-02-18 15:30:00,91.545,91.6,91.085,91.31,2908058
2025-02-19 09:30:00,91.7,92.85,91.5547,92.83,3659555
2025-02-19 10:30:00,92.82,92.88,92.16,92.34,2215613
2025-02-19 11:30:00,92.34,92.71,92.165,92.225,1395992
2025-02-19 12:30:00,92.23,92.295,91.94,91.98,1154701
2025-02-19 13:30:00,91.975,92.02,91.715,91.935,987767
2025-02-19 14:30:00,91.935,92.035,91.8401,91.915,714502
2025-02-19 15:30:00,91.92,92.09,91.82,92.0,1680206
2025-02-20 09:30:00,91.83,92.44,91.43,92.22,2841885
2025-02-20 10:30:00,92.225,92.27,91.83,92.05,1578670
2025-02-20 11:30:00,92.05,92.66,92.0119,92.62,2055657
2025-02-20 12:30:00,92.62,92.73,92.38,92.625,787309
2025-02-20 13:30:00,92.63,92.72,92.41,92.4608,1233116
2025-02-20 14:30:00,92.49,92.8,92.4597,92.7495,1251755
2025-02-20 15:30:00,92.795,93.02,92.73,92.84,2889697
2025-02-21 09:30:00,92.3,92.55,91.95,92.045,3975813
2025-02-21 10:30:00,92.04,92.29,91.765,92.2863,1545028
2025-02-21 11:30:00,92.28,92.4475,92.1972,92.2818,1065416
2025-02-21 12:30:00,92.295,92.35,91.29,91.3159,1553052
2025-02-21 13:30:00,91.31,91.46,91.01,91.12,1802931
2025-02-21 14:30:00,91.12,91.255,90.875,91.045,1731374
2025-02-21 15:30:00,91.05,91.19,90.88,90.94,2564106
2025-02-24 09:30:00,91.09,91.42,90.455,90.513,3940577
2025-02-24 10:30:00,90.52,91.15,90.5,91.06,2954293
2025-02-24 11:30:00,91.07,91.44,90.9905,91.3665,1304784
2025-02-24 12:30:00,91.285,91.4,91.11,91.225,1142423
2025-02-24 13:30:00,91.2275,91.4,91.085,91.145,903445
2025-02-24 14:30:00,91.145,91.2275,90.9433,91.02,1136705
2025-02-24 15:30:00,91.02,91.27,90.92,91.01,1584458
2025-02-25 09:30:00,90.93,91.35,89.5,89.505,2380819
2025-02-25 10:30:00,89.5,89.8299,89.168,89.18,1903077
2025-02-25 11:30:00,89.19,89.385,88.9046,89.315,1700268
2025-02-25 12:30:00,89.315,89.805,89.2437,89.51,783101
2025-02-25 13:30:00,89.51,89.936,89.325,89.338,1164681
2025-02-25 14:30:00,89.3353,90.025,89.3,89.965,1864559
2025-02-25 15:30:00,89.97,90.01,89.525,89.62,2680442
2025-02-26 09:30:00,89.75,89.985,89.18,89.455,1907027
2025-02-26 10:30:00,89.45,89.73,89.078,89.575,2031715
2025-02-26 11:30:00,89.6551,89.6551,89.13,89.2732,1066415
2025-02-26 12:30:00,89.29,89.305,88.795,88.82,1160016
2025-02-26 13:30:00,88.82,89.02,88.75,88.905,1083537
2025-02-26 14:30:00,88.91,89.17,88.7601,88.86,1249769
2025-02-26 15:30:00,88.85,89.2858,88.71,89.19,2818763
2025-04-28 09:30:00,82.3,83.04,82.3,82.76,2097843
2025-04-28 10:30:00,82.7712,82.9763,82.32,82.3307,1193352
2025-04-28 11:30:00,82.335,82.52,82.285,82.465,777193
2025-04-28 12:30:00,82.47,82.59,82.18,82.255,757819
2025-04-28 13:30:00,82.25,82.775,82.22,82.76,680625
2025-04-28 14:30:00,82.77,83.02,82.6644,82.98,875890
2025-04-28 15:30:00,82.98,83.195,82.82,82.93,1614391
2025-04-29 09:30:00,82.04,82.59,81.88,81.905,2698719
2025-04-29 10:30:00,81.905,82.88,81.88,82.66,1063484
2025-04-29 11:30:00,82.67,82.815,82.45,82.63,676626
2025-04-29 12:30:00,82.63,82.8,82.34,82.71,624969
2025-04-29 13:30:00,82.705,83.03,82.59,82.715,643245
2025-04-29 14:30:00,82.71,82.89,82.59,82.77,1103724
2025-04-29 15:30:00,82.77,82.82,82.575,82.605,2246394
2025-04-30 09:30:00,81.4,82.6856,79.865,80.4882,3758042
2025-04-30 10:30:00,80.57,81.55,80.14,80.775,2031505
2025-04-30 11:30:00,80.77,81.0,79.52,79.68,4664401
2025-04-30 12:30:00,79.68,80.11,79.5,80.0319,1445995
2025-04-30 13:30:00,80.06,80.58,79.98,80.16,1780467
2025-04-30 14:30:00,80.16,80.4,79.93,80.02,1518393
2025-04-30 15:30:00,80.02,80.77,79.89,80.48,2962973
2025-05-01 09:30:00,79.84,81.75,79.84,81.58,4584930
2025-05-01 10:30:00,81.5834,81.86,81.39,81.7175,2101664
2025-05-01 11:30:00,81.72,81.75,80.56,80.58,1799525
2025-05-01 12:30:00,80.58,81.07,80.36,80.715,1261833
2025-05-01 13:30:00,80.715,81.655,80.56,81.49,3181324
2025-05-01 14:30:00,81.47,81.55,81.2001,81.3299,1979167
2025-05-01 15:30:00,81.33,81.48,80.72,80.83,2296601
2025-05-02 09:30:00,81.78,82.39,80.315,81.37,4363903
2025-05-02 10:30:00,81.36,81.52,80.965,81.05,1887667
2025-05-02 11:30:00,81.06,82.175,81.05,81.71,2115982
2025-05-02 12:30:00,81.715,82.06,81.295,81.515,2125773
2025-05-02 13:30:00,81.52,82.79,81.41,82.035,1417944
2025-05-02 14:30:00,82.035,82.09,81.72,82.005,1421713
2025-05-02 15:30:00,82.01,82.125,81.9,82.02,2299924
2025-05-05 09:30:00,80.95,80.952,80.05,80.73,4574754
2025-05-05 10:30:00,80.73,82.061,80.52,80.78,1731756
2025-05-05 11:30:00,80.79,81.06,80.65,80.899,1243470
2025-05-05 12:30:00,80.895,82.061,80.53,80.54,1465370
2025-05-05 13:30:00,80.5437,82.73,80.52,80.87,1094453
2025-05-05 14:30:00,80.875,81.0051,80.58,80.6048,1380344
2025-05-05 15:30:00,80.6,82.061,80.33,80.5,2456111
2025-05-06 09:30:00,80.86,81.22,80.07,80.975,3756571
2025-05-06 10:30:00,80.97,81.11,80.79,81.07,1024558
2025-05-06 11:30:00,81.075,81.22,80.72,80.7768,1108631
2025-05-06 12:30:00,80.77,80.9,80.215,80.485,1379582
2025-05-06 13:30:00,80.485,80.85,80.3545,80.745,806664
2025-05-06 14:30:00,80.745,80.88,80.6849,80.835,747186
2025-05-06 15:30:00,80.835,81.01,80.455,80.49,1744204
2025-05-07 09:30:00,80.7,80.93,80.26,80.33,2016183
2025-05-07 10:30:00,80.32,80.58,80.0,80.515,1312459
2025-05-07 11:30:00,80.5007,80.825,80.4325,80.47,997624
2025-05-07 12:30:00,80.47,80.96,80.43,80.7915,857286
2025-05-07 13:30:00,80.6975,82.54,79.94,80.16,1401743
2025-05-07 14:30:00,80.165,80.64,80.065,80.2865,1426613
2025-05-07 15:30:00,80.21,80.7,80.125,80.52,2700099
2025-05-08 09:30:00,81.29,82.12,81.16,81.865,2792168
2025-05-08 10:30:00,81.86,82.22,81.34,82.07,2411273
2025-05-08 11:30:00,82.07,82.725,81.94,82.41,2158772
2025-05-08 12:30:00,82.4113,82.64,82.1,82.125,1279014
2025-05-08 13:30:00,82.13,82.2014,81.89,81.99,903622
2025-05-08 14:30:00,81.99,82.3,81.855,82.175,2635415
2025-05-08 15:30:00,82.18,82.2301,81.58,81.615,2575161
2025-05-09 09:30:00,82.73,82.85,81.76,81.9,2406008
2025-05-09 10:30:00,81.905,82.35,81.825,82.23,1068120
2025-05-09 11:30:00,82.23,82.325,82.11,82.185,1035154
2025-05-09 12:30:00,82.185,82.455,82.11,82.405,982079
2025-05-09 13:30:00,82.41,82.545,82.34,82.42,950888
2025-05-09 14:30:00,82.4272,82.65,82.395,82.52,1075189
2025-05-09 15:30:00,82.525,82.675,82.34,82.43,2041865
2025-05-12 09:30:00,85.48,85.875,84.755,85.06,6582801
2025-05-12 10:30:00,85.0052,85.165,84.15,84.16,1805827
2025-05-12 11:30:00,84.16,84.43,83.9549,84.08,1174278
2025-05-12 12:30:00,84.09,84.485,84.055,84.32,1488959
2025-05-12 13:30:00,84.32,84.46,84.18,84.2577,1199261
2025-05-12 14:30:00,84.29,84.62,84.241,84.5824,970146
2025-05-12 15:30:00,84.56,84.68,84.3546,84.56,2367891
2025-05-13 09:30:00,85.0,85.53,84.66,85.39,3109736
2025-05-13 10:30:00,85.385,85.785,85.16,85.7152,1774130
2025-05-13 11:30:00,85.71,86.03,85.63,86.01,1646599
2025-05-13 12:30:00,86.015,86.27,85.9,86.255,1307765
2025-05-13 13:30:00,86.255,86.445,82.43,86.125,1225164
2025-05-13 14:30:00,86.125,86.33,82.0,86.255,1473784
2025-05-13 15:30:00,86.255,86.335,85.74,85.745,3253685
2025-05-14 09:30:00,85.2,85.415,84.92,85.225,2356198
2025-05-14 10:30:00,85.225,85.42,84.925,85.41,1608160
2025-05-14 11:30:00,85.4,85.59,85.04,85.285,1082766
2025-05-14 12:30:00,85.29,85.38,85.04,85.17,948440
2025-05-14 13:30:00,85.16,85.3,84.965,84.99,813815
2025-05-14 14:30:00,84.995,85.28,84.9922,85.2086,1157415
2025-05-14 15:30:00,85.2,85.46,85.18,85.27,2350275
2025-05-15 09:30:00,84.17,84.575,83.96,84.345,4868366
2025-05-15 10:30:00,84.35,84.775,84.3399,84.6478,2501927
2025-05-15 11:30:00,84.65,85.07,84.54,85.015,1216021
2025-05-15 12:30:00,85.01,85.19,84.96,85.165,888376
2025-05-15 13:30:00,85.16,85.26,84.22,85.2033,1120502
2025-05-15 14:30:00,85.1948,85.5077,85.1803,85.43,1699016
2025-05-15 15:30:00,85.43,85.66,85.285,85.61,2145201
