bar_start,open,high,low,close,volume
2021-01-28 09:30:00,45.92,47.04,45.7,46.0301,5593272
2021-01-28 10:30:00,46.035,46.345,45.69,45.84,3063603
2021-01-28 11:30:00,45.85,46.278801,45.7416,46.09,2186654
2021-01-28 12:30:00,46.08,46.095,45.77,45.9177,1709374
2021-01-28 13:30:00,45.92,46.25,45.87,46.13,1793413
2021-01-28 14:30:00,46.125,46.29,45.95,46.02,4826905
2021-01-28 15:30:00,46.0469,46.25,46.01,46.06,3093130
2021-01-29 09:30:00,45.57,46.04,45.35,45.799,8753898
2021-01-29 10:30:00,45.8,45.915,45.2,45.2099,3452188
2021-01-29 11:30:00,45.2848,45.87,44.86,44.88,3104702
2021-01-29 12:30:00,44.9132,45.0,44.51,44.85,3634677
2021-01-29 13:30:00,44.7395,45.69,44.7,44.7901,2534542
2021-01-29 14:30:00,44.828,45.98,44.6,45.025,3176037
2021-01-29 15:30:00,45.0849,45.54,44.73,44.83,3877548
2021-02-01 09:30:00,45.53,45.63,44.35,44.47,5305057
2021-02-01 10:30:00,44.5202,44.69,44.28,44.6299,3104296
2021-02-01 11:30:00,44.62,44.7,44.32,44.5123,3066120
2021-02-01 12:30:00,44.51,44.79,44.4288,44.75,1959995
2021-02-01 13:30:00,44.7211,45.07,44.6999,45.04,1969508
2021-02-01 14:30:00,44.9972,45.24,44.87,44.885,2579264
2021-02-01 15:30:00,44.9435,44.98,44.76,44.93,3195076
2021-02-02 09:30:00,45.81,46.69,45.2805,45.87,9326770
2021-02-02 10:30:00,45.87,46.9861,45.76,46.7877,5655102
2021-02-02 11:30:00,46.78,46.7937,45.61,46.33,3148407
2021-02-02 12:30:00,46.335,46.38,45.85,45.885,2447934
2021-02-02 13:30:00,45.8884,45.9,45.6,45.6301,2301719
2021-02-02 14:30:00,45.635,45.96,45.6,45.7901,2425369
2021-02-02 15:30:00,45.795,45.92,45.6,45.63,2725383
2021-02-03 09:30:00,45.7,46.99,45.42,46.865,6574863
2021-02-03 10:30:00,46.8761,47.23,46.565,47.14,4915760
2021-02-03 11:30:00,47.15,47.67,46.81,47.1777,3811849
2021-02-03 12:30:00,47.17,47.34,46.95,47.02,2540654
2021-02-03 13:30:00,47.0299,47.41,45.63,47.3684,1712518
2021-02-03 14:30:00,47.36,47.57,47.27,47.31,2670918
2021-02-03 15:30:00,47.3301,47.51,47.25,47.42,2980402
2021-02-04 09:30:00,47.87,48.15,47.27,47.29,6556920
2021-02-04 10:30:00,47.28,47.93,47.25,47.85,3240953
2021-02-04 11:30:00,47.8446,47.87,47.67,47.815,2291089
2021-02-04 12:30:00,47.7523,48.47,47.7523,48.0184,2375232
2021-02-04 13:30:00,48.0611,48.21,47.9823,48.1582,2490784
2021-02-04 14:30:00,48.1474,48.38,48.01,48.09,3714886
2021-02-04 15:30:00,48.0547,48.35,47.97,48.32,2586234
2021-02-05 09:30:00,49.2,49.8,49.04,49.74,9607482
2021-02-05 10:30:00,49.735,50.07,49.65,49.71,6202802
2021-02-05 11:30:00,49.71,49.94,49.62,49.9077,2805281
2021-02-05 12:30:00,49.9,50.0199,48.33,49.875,2364800
2021-02-05 13:30:00,49.9379,50.09,49.809592,50.025,2866192
2021-02-05 14:30:00,49.9794,50.12,49.948776,49.965,2712547
2021-02-05 15:30:00,49.9691,50.08,49.83,49.95,4224585
2021-02-08 09:30:00,50.95,51.94,50.41,51.935,10882170
2021-02-08 10:30:00,51.931,52.06,51.69,51.8199,6349297
2021-02-08 11:30:00,51.9095,52.04,51.515,52.005,3807933
2021-02-08 12:30:00,51.9697,52.09,51.78,51.95,2637738
2021-02-08 13:30:00,51.9512,52.16,51.93,52.155,2684533
2021-02-08 14:30:00,52.0921,52.36,52.0921,52.2999,3330265
2021-02-08 15:30:00,52.3072,52.35,52.01,52.11,5412094
2021-02-09 09:30:00,50.65,51.44,49.76,50.46,9320810
2021-02-09 10:30:00,50.3723,51.12,49.9684,50.21,3370586
2021-02-09 11:30:00,50.1108,51.72,48.45,50.312,3067329
2021-02-09 12:30:00,50.2734,52.1,50.2734,50.6,2103701
2021-02-09 13:30:00,50.6305,50.96,50.56,50.86,3818932
2021-02-09 14:30:00,50.8768,50.8946,50.4875,50.6288,2828294
2021-02-09 15:30:00,50.6719,51.29,50.55,50.62,2611703
2021-02-10 09:30:00,50.63,51.54,50.6,50.925,6179129
2021-02-10 10:30:00,50.8876,51.17,50.39,50.9,4050433
2021-02-10 11:30:00,51.0264,51.18,50.8,51.0116,2001329
2021-02-10 12:30:00,51.01,51.08,50.855,50.87,1762427
2021-02-10 13:30:00,50.875,51.2744,50.79,50.8558,1611028
2021-02-10 14:30:00,50.8468,51.15,50.825,50.97,2418971
2021-02-10 15:30:00,50.9673,51.19,50.7801,51.15,3524114
2021-02-11 09:30:00,50.89,50.93,49.96,50.0633,5476698
2021-02-11 10:30:00,50.0983,50.0983,49.33,49.5277,4445211
2021-02-11 11:30:00,49.52,49.88,48.78,48.7977,3475506
2021-02-11 12:30:00,48.8,49.35,48.8,49.295,2732541
2021-02-11 13:30:00,49.2814,50.9884,49.22,49.32,2121893
2021-02-11 14:30:00,49.3537,49.67,49.22,49.56,2842075
2021-02-11 15:30:00,49.5731,51.05,49.5,49.84,3685427
2021-02-12 09:30:00,49.49,50.49,49.32,50.31,4943266
2021-02-12 10:30:00,50.3741,50.44,47.63,50.1223,2334094
2021-02-12 11:30:00,50.1875,50.715,50.125,50.585,2526603
2021-02-12 12:30:00,50.5556,50.605,48.08,50.3284,1881004
2021-02-12 13:30:00,50.3087,50.44,50.22,50.295,1486726
2021-02-12 14:30:00,50.2783,50.3984,50.2323,50.29,1427802
2021-02-12 15:30:00,50.2804,50.64,50.25,50.52,2604725
2021-02-16 09:30:00,51.99,52.53,50.52,51.99,9465485
2021-02-16 10:30:00,51.985,52.2,51.76,52.0764,2922769
2021-02-16 11:30:00,52.07,52.1984,51.62,51.98,2737328
2021-02-16 12:30:00,51.9362,52.15,51.6705,52.025,1852453
2021-02-16 13:30:00,51.994,52.23,50.56,52.225,2429932
2021-02-16 14:30:00,52.1863,52.26,50.87,52.08,2294763
2021-02-16 15:30:00,52.0773,52.2,52.0,52.03,3080209
2021-04-27 09:30:00,56.07,56.34,55.89,56.1428,5193314
2021-04-27 10:30:00,56.15,56.21,56.035,56.0499,2010079
2021-04-27 11:30:00,56.0771,56.27,56.03,56.175,1609878
2021-04-27 12:30:00,56.1826,56.2,55.83,55.85,1833484
2021-04-27 13:30:00,55.8765,61.71,55.81,56.02,1815669
2021-04-27 14:30:00,55.9315,56.56,55.9315,56.54,2406301
2021-04-27 15:30:00,56.5086,56.63,56.38,56.38,2063520
2021-04-28 09:30:00,56.95,58.04,56.75,57.99,6732592
2021-04-28 10:30:00,58.0,58.46,57.565652,58.3074,3412099
2021-04-28 11:30:00,58.3,58.385,58.095,58.105,2190936
2021-04-28 12:30:00,58.1099,58.22,57.98,58.085,1719169
2021-04-28 13:30:00,58.0829,58.17,57.93,58.14,1728523
2021-04-28 14:30:00,58.1407,58.16,57.9,58.101,3559913
2021-04-28 15:30:00,58.105,58.3,58.03,58.11,3470078
2021-04-29 09:30:00,58.92,59.48,58.8,58.84,7296260
2021-04-29 10:30:00,58.84,58.86,58.415,58.55,3603263
2021-04-29 11:30:00,58.55,58.615,58.15,58.3,2487492
2021-04-29 12:30:00,58.3295,58.74,58.26,58.6,2212786
2021-04-29 13:30:00,58.5637,58.71,55.28,58.6989,1663569
2021-04-29 14:30:00,58.6343,58.975,58.5434,58.55,2784209
2021-04-29 15:30:00,58.55,58.95,58.545,58.94,3549109
2021-04-30 09:30:00,58.47,58.89,57.47,58.145,7811115
2021-04-30 10:30:00,58.1499,58.19,57.75,57.795,3318560
2021-04-30 11:30:00,57.824,57.97,57.74,57.82,2105786
2021-04-30 12:30:00,57.8711,61.4129,57.65,57.79,1969426
2021-04-30 13:30:00,57.7344,57.86,57.57,57.68,1831488
2021-04-30 14:30:00,57.6857,57.71,57.38,57.52,1847993
2021-04-30 15:30:00,57.4732,57.56,57.16,57.27,4029911
2021-05-03 09:30:00,57.98,58.88,57.74,58.33,6303218
2021-05-03 10:30:00,58.3202,58.69,58.29,58.65,2758044
2021-05-03 11:30:00,58.65,58.97,58.6,58.9521,2095512
2021-05-03 12:30:00,58.955,58.99,58.7,58.732,1390016
2021-05-03 13:30:00,58.71,58.82,58.605,58.79,1301131
2021-05-03 14:30:00,58.7999,58.9915,57.94,58.875,1959250
2021-05-03 15:30:00,58.8123,58.885,58.69,58.83,2626320
2021-05-04 09:30:00,59.0,59.45,58.51,58.95,5752590
2021-05-04 10:30:00,58.9501,59.235,58.69,59.0181,3580834
2021-05-04 11:30:00,59.01,59.5,58.89,59.435,2907252
2021-05-04 12:30:00,59.44,59.5,59.15,59.335,1818531
2021-05-04 13:30:00,59.3328,59.46,59.065,59.1482,2130208
2021-05-04 14:30:00,59.144,59.26,59.065,59.2,1683406
2021-05-04 15:30:00,59.2,59.27,59.065,59.2,2922535
2021-05-05 09:30:00,59.73,60.82,58.9999,60.605,10023420
2021-05-05 10:30:00,60.59,61.05,60.53,61.0233,4127423
2021-05-05 11:30:00,61.03,61.1,60.88,60.9899,3108797
2021-05-05 12:30:00,60.9568,61.02,59.5,60.5582,2711029
2021-05-05 13:30:00,60.5877,60.94,59.51,60.9,2666258
2021-05-05 14:30:00,60.894,60.94,60.623,60.785,2316964
2021-05-05 15:30:00,60.7389,61.05,60.69,60.98,3548161
2021-05-06 09:30:00,60.9,61.12,60.03,60.381,5819908
2021-05-06 10:30:00,60.3899,60.82,60.1598,60.765,3203711
2021-05-06 11:30:00,60.77,61.13,60.605,60.9894,2912642
2021-05-06 12:30:00,60.99,61.07,60.77,61.04,2337051
2021-05-06 13:30:00,61.04,61.11,60.91,61.035,2649963
2021-05-06 14:30:00,61.04,61.27,60.9,61.2,2218876
2021-05-06 15:30:00,61.1514,61.64,61.125,61.55,3995290
2021-05-07 09:30:00,61.12,62.06,60.53,61.48,7322825
2021-05-07 10:30:00,61.48,61.85,61.42,61.565,3290570
2021-05-07 11:30:00,61.57,62.12,61.501,62.08,2718683
2021-05-07 12:30:00,62.08,62.21,61.92,62.19,2448432
2021-05-07 13:30:00,62.1921,62.4,62.04,62.353,2702531
2021-05-07 14:30:00,62.3565,62.41,62.14,62.41,3136198
2021-05-07 15:30:00,62.4064,62.47,62.29,62.41,5688038
2021-05-10 09:30:00,63.18,64.02,62.7832,62.875,10124926
2021-05-10 10:30:00,62.875,63.28,62.03,63.18,3252953
2021-05-10 11:30:00,63.17,64.25,63.07,63.235,2472321
2021-05-10 12:30:00,63.235,63.3766,63.07,63.34,2098912
2021-05-10 13:30:00,63.345,63.49,61.4129,62.95,2283201
2021-05-10 14:30:00,62.95,63.04,62.68,63.015,3556189
2021-05-10 15:30:00,63.015,63.0458,62.53,62.575,4870156
2021-05-11 09:30:00,61.68,63.99,61.1,61.13,8813898
2021-05-11 10:30:00,61.13,61.3685,60.42,60.82,6169593
2021-05-11 11:30:00,60.82,61.38,60.63,60.64,3377202
2021-05-11 12:30:00,60.645,60.84,60.45,60.69,2726222
2021-05-11 13:30:00,60.69,60.95,56.9,60.74,2901762
2021-05-11 14:30:00,60.73,60.86,60.51,60.71,3305619
2021-05-11 15:30:00,60.7,60.94,60.38,60.583,4937891
2021-05-12 09:30:00,60.02,61.54,59.82,61.225,7540762
2021-05-12 10:30:00,61.23,61.74,60.91,61.16,5248367
2021-05-12 11:30:00,61.15,61.68,60.9,61.2,7095456
2021-05-12 12:30:00,61.19,61.27,60.95,61.0934,2406901
2021-05-12 13:30:00,61.1311,61.1311,60.35,60.36,2630511
2021-05-12 14:30:00,60.365,60.61,59.91,59.97,3093007
2021-05-12 15:30:00,59.97,60.08,59.75,60.03,3605800
2021-05-13 09:30:00,59.05,60.39,58.75,60.28,6391129
2021-05-13 10:30:00,60.28,60.45,59.66,59.71,3145153
2021-05-13 11:30:00,59.7,59.81,59.3,59.4882,2959504
2021-05-13 12:30:00,59.49,60.19,59.0155,59.1508,2354781
2021-05-13 13:30:00,59.15,59.485,58.75,59.47,2950149
2021-05-13 14:30:00,59.48,59.56,59.3,59.42,2174367
2021-05-13 15:30:00,59.3922,59.51,59.29,59.29,2901274
2021-05-14 09:30:00,59.95,60.7099,59.81,60.3833,5508229
2021-05-14 10:30:00,60.3842,60.62,60.215,60.4842,2680445
2021-05-14 11:30:00,60.48,60.56,60.38,60.435,1390807
2021-05-14 12:30:00,60.435,60.68,60.39,60.65,1431234
2021-05-14 13:30:00,60.6625,60.85,60.52,60.843,1636463
2021-05-14 14:30:00,60.845,60.88,60.35,60.755,2619752
2021-05-14 15:30:00,60.75,60.83,60.59,60.77,2980998
2021-05-21 09:30:00,59.34,59.8317,58.7,59.525,5284454
2021-05-21 10:30:00,59.5206,59.665,59.3296,59.416,1615089
2021-05-21 11:30:00,59.415,59.625,58.84,59.355,1645273
2021-05-21 12:30:00,59.35,59.385,59.03,59.275,1630399
2021-05-21 13:30:00,59.2796,59.43,59.24,59.2979,1275016
2021-05-21 14:30:00,59.3,59.59,59.29,59.47,2210389
2021-05-21 15:30:00,59.47,59.4956,58.85,58.95,4610101
2021-05-24 09:30:00,59.07,59.45,58.69,59.375,4333579
2021-05-24 10:30:00,59.3741,59.44,59.11,59.3222,1632532
2021-05-24 11:30:00,59.2964,59.55,59.05,59.17,1498601
2021-05-24 12:30:00,59.1601,59.51,59.1601,59.44,1301124
2021-05-24 13:30:00,59.4627,59.73,59.38,59.7232,1915202
2021-05-24 14:30:00,59.6937,59.76,59.65,59.73,1723777
2021-05-24 15:30:00,59.735,59.8,59.6,59.62,2396464
2021-05-25 09:30:00,59.5,59.55,58.19,58.63,6118463
2021-05-25 10:30:00,58.64,59.61,58.15,58.205,4818111
2021-05-25 11:30:00,58.2092,58.468,58.12,58.385,2565951
2021-05-25 12:30:00,58.3818,58.43,58.1801,58.2504,2098522
2021-05-25 13:30:00,58.255,58.275,58.15,58.17,1518566
2021-05-25 14:30:00,58.17,58.3999,58.15,58.285,1926382
2021-05-25 15:30:00,58.3323,58.36,58.123,58.23,3503228
2021-05-26 09:30:00,58.3,58.56,57.9,58.255,4353615
2021-05-26 10:30:00,58.26,58.57,58.24,58.48,2002127
2021-05-26 11:30:00,58.48,58.54,58.34,58.43,1706282
2021-05-26 12:30:00,58.425,58.76,58.39,58.7501,2143672
2021-05-26 13:30:00,58.6779,58.78,58.58,58.6052,2556500
2021-05-26 14:30:00,58.6131,58.93,58.6,58.92,2434369
2021-05-26 15:30:00,58.8954,59.23,58.85,58.95,3618610
2021-05-27 09:30:00,59.28,59.7,58.58,58.695,4715828
2021-05-27 10:30:00,58.69,58.75,58.42,58.46,2526251
2021-05-27 11:30:00,58.46,58.56,58.33,58.3763,1928940
2021-05-27 12:30:00,58.3619,58.41,58.18,58.2199,2078891
2021-05-27 13:30:00,58.2098,58.28,58.02,58.27,2151708
2021-05-27 14:30:00,58.2033,58.5771,58.2033,58.51,2428089
2021-05-27 15:30:00,58.5093,58.659,58.455,58.52,3864309
2021-05-28 09:30:00,58.72,58.8,58.19,58.255,4496827
2021-05-28 10:30:00,58.26,58.56,58.17,58.32,1970938
2021-05-28 11:30:00,58.31,58.345,58.11,58.22,1709703
2021-05-28 12:30:00,58.225,58.35,58.17,58.35,1289507
2021-05-28 13:30:00,58.34,58.59,58.33,58.5784,1883248
2021-05-28 14:30:00,58.575,58.6,58.39,58.3948,1451909
2021-05-28 15:30:00,58.4,58.535,58.33,58.37,2902099
2021-06-01 09:30:00,59.38,60.677216,59.36,60.49,9257648
2021-06-01 10:30:00,60.49,60.695,60.19,60.23,3879569
2021-06-01 11:30:00,60.23,60.25,59.93,59.945,2329168
2021-06-01 12:30:00,60.0141,60.1,59.87,60.045,2919327
2021-06-01 13:30:00,60.042,60.49,60.03,60.49,1745362
2021-06-01 14:30:00,60.4428,60.5,60.27,60.34,2199420
2021-06-01 15:30:00,60.3234,60.54,60.29,60.46,3366907
2021-06-02 09:30:00,60.72,61.06,60.17,60.91,6902560
2021-06-02 10:30:00,60.9141,61.019,60.66,60.94,2622354
2021-06-02 11:30:00,60.94,61.31,60.77,61.22,2460353
2021-06-02 12:30:00,61.22,61.26,60.98,61.06,2272129
2021-06-02 13:30:00,61.0455,61.0762,60.79,61.0,1849108
2021-06-02 14:30:00,60.9707,61.21,60.9527,61.105,1721810
2021-06-02 15:30:00,61.0975,61.12,60.88,60.95,3037239
2021-06-03 09:30:00,60.64,61.41,60.3538,61.088,5804906
2021-06-03 10:30:00,61.08,61.27,60.901,60.94,2383038
2021-06-03 11:30:00,60.95,61.18,60.74,61.1,1546289
2021-06-03 12:30:00,61.1,61.23,60.96,61.21,1251062
2021-06-03 13:30:00,61.21,61.34,61.05,61.245,1593813
2021-06-03 14:30:00,61.245,61.265,61.035,61.09,2210144
2021-06-03 15:30:00,61.085,61.2159,61.03,61.18,2969612
2021-06-04 09:30:00,61.43,61.7,60.77,61.13,6170612
2021-06-04 10:30:00,61.13,61.29,61.035,61.085,2504803
2021-06-04 11:30:00,61.09,61.337,61.03,61.3001,1629745
2021-06-04 12:30:00,61.31,61.495,61.1287,61.397,1563124
2021-06-04 13:30:00,61.41,61.43,61.23,61.42,1731288
2021-06-04 14:30:00,61.42,61.5,61.37,61.455,1806508
2021-06-04 15:30:00,61.45,61.5,61.33,61.45,3275479
2021-06-07 09:30:00,61.31,61.74,61.031,61.13,4612564
2021-06-07 10:30:00,61.13,61.2,61.01,61.08,2069213
2021-06-07 11:30:00,61.08,61.175,61.04,61.1182,1362719
2021-06-07 12:30:00,61.115,61.16,61.03,61.115,1150859
2021-06-07 13:30:00,61.12,61.3,61.09,61.2401,1265887
2021-06-07 14:30:00,61.2445,61.28,61.08,61.0836,1587052
2021-06-07 15:30:00,61.09,61.16,61.02,61.05,2362955
2021-06-08 09:30:00,61.51,62.11,60.67,62.0965,8123311
2021-06-08 10:30:00,62.097,62.32,61.745,61.95,4043558
2021-06-08 11:30:00,61.95,62.38,61.8643,62.325,2600964
2021-06-08 12:30:00,62.32,62.38,62.185,62.285,2040904
2021-06-08 13:30:00,62.29,62.48,62.25,62.4758,2190975
2021-06-08 14:30:00,62.47,62.48,62.285,62.285,3007715
2021-06-08 15:30:00,62.28,62.35,62.07,62.13,3884956
2021-06-09 09:30:00,62.66,63.0,62.19,62.84,5905836
2021-06-09 10:30:00,62.84,63.06,62.661,62.84,4179233
2021-06-09 11:30:00,62.845,63.05,62.73,62.975,3886223
2021-06-09 12:30:00,62.9689,63.42,62.95,63.2089,3648972
2021-06-09 13:30:00,63.205,63.25,63.0,63.23,2175743
2021-06-09 14:30:00,63.2274,63.26,62.76,62.765,3182440
2021-06-09 15:30:00,62.76,62.82,62.6,62.66,3548889
2021-07-27 09:30:00,58.01,58.01,57.205,57.73,4440995
2021-07-27 10:30:00,57.72,58.48,57.54,57.6835,2333078
2021-07-27 11:30:00,57.6863,57.79,57.39,57.435,2150940
2021-07-27 12:30:00,57.43,57.6692,57.36,57.505,1465470
2021-07-27 13:30:00,57.505,57.75,57.45,57.69,1121383
2021-07-27 14:30:00,57.703,57.83,57.59,57.685,1340887
2021-07-27 15:30:00,57.6721,57.84,57.55,57.83,2334577
2021-07-28 09:30:00,58.04,58.35,57.62,57.72,3547742
2021-07-28 10:30:00,57.72,58.13,57.65,58.075,2002943
2021-07-28 11:30:00,58.083,58.395,58.07,58.1,1732806
2021-07-28 12:30:00,58.1005,58.27,58.08,58.16,1243000
2021-07-28 13:30:00,58.155,58.27,57.97,58.25,1757309
2021-07-28 14:30:00,58.2514,58.625,58.19,58.375,3002453
2021-07-28 15:30:00,58.37,58.445,58.12,58.21,2055810
2021-07-29 09:30:00,58.94,59.33,58.22,58.71,4314464
2021-07-29 10:30:00,58.8643,59.04,58.66,58.88,2423737
2021-07-29 11:30:00,58.875,59.17,58.875,59.085,1809235
2021-07-29 12:30:00,59.08,59.1769,58.99,59.085,2195170
2021-07-29 13:30:00,59.0798,59.11,58.84,59.06,1992876
2021-07-29 14:30:00,59.0285,59.09,58.865,58.885,1788421
2021-07-29 15:30:00,58.9252,58.95,58.795,58.91,2672255
2021-07-30 09:30:00,58.9,58.95,57.7,57.71,6123955
2021-07-30 10:30:00,57.72,57.84,57.56,57.61,3098758
2021-07-30 11:30:00,57.6,57.68,57.395,57.4599,2843935
2021-07-30 12:30:00,57.45,57.57,57.32,57.495,2729471
2021-07-30 13:30:00,57.4775,57.64,57.35,57.4651,2051355
2021-07-30 14:30:00,57.46,57.69,57.355,57.54,2344538
2021-07-30 15:30:00,57.5417,57.61,57.47,57.55,3386255
2021-08-02 09:30:00,57.58,59.06,57.4,58.405,5894375
2021-08-02 10:30:00,58.405,58.625,57.81,57.845,3677923
2021-08-02 11:30:00,57.85,57.8611,57.445,57.74,3105653
2021-08-02 12:30:00,57.76,58.08,57.704,57.92,1433467
2021-08-02 13:30:00,57.925,58.125,57.79,58.05,1211838
2021-08-02 14:30:00,58.0401,58.11,57.79,57.795,1371924
2021-08-02 15:30:00,57.79,57.91,57.57,57.57,2818360
2021-08-03 09:30:00,57.65,58.09,56.9299,57.71,5685761
2021-08-03 10:30:00,57.705,58.28,57.5291,58.19,3179380
2021-08-03 11:30:00,58.2,58.4102,58.1,58.185,1402822
2021-08-03 12:30:00,58.19,58.22,57.9601,58.035,1141094
2021-08-03 13:30:00,58.04,58.14,57.88,58.13,1216967
2021-08-03 14:30:00,58.12,58.29,58.0861,58.225,1205334
2021-08-03 15:30:00,58.23,58.3,58.115,58.21,1916798
2021-08-04 09:30:00,57.26,57.875,56.87,57.755,6265307
2021-08-04 10:30:00,57.75,57.755,57.24,57.55,2222257
2021-08-04 11:30:00,57.55,59.36,57.051,57.1084,1632646
2021-08-04 12:30:00,57.11,57.2999,56.962,57.08,1824463
2021-08-04 13:30:00,57.08,57.617,56.85,56.8931,1889533
2021-08-04 14:30:00,56.89,57.05,56.86,56.8969,2094597
2021-08-04 15:30:00,56.89,57.11,56.81,56.83,2773680
2021-08-05 09:30:00,57.27,57.59,56.83,57.45,4275788
2021-08-05 10:30:00,57.46,57.7,57.335,57.625,2393609
2021-08-05 11:30:00,57.6089,57.645,57.325,57.335,1570996
2021-08-05 12:30:00,57.34,57.4862,57.26,57.459,1243615
2021-08-05 13:30:00,57.4533,57.5,57.37,57.47,949600
2021-08-05 14:30:00,57.47,57.5,57.21,57.25,1278866
2021-08-05 15:30:00,57.245,57.29,57.08,57.19,1754057
2021-08-06 09:30:00,57.46,58.07,57.46,57.744,3721674
2021-08-06 10:30:00,57.74,58.055,57.62,57.96,1865053
2021-08-06 11:30:00,57.95,57.98,57.7716,57.835,1373750
2021-08-06 12:30:00,57.84,58.01,57.7464,57.86,1022708
2021-08-06 13:30:00,57.865,57.9309,57.775,57.805,1211338
2021-08-06 14:30:00,57.8001,57.89,57.7,57.88,1418352
2021-08-06 15:30:00,57.88,57.887,57.72,57.86,2150629
2021-08-09 09:30:00,57.12,57.52,56.85,56.91,4774054
2021-08-09 10:30:00,56.91,57.405,56.825,57.3,2376146
2021-08-09 11:30:00,57.3367,57.5157,57.27,57.44,1244656
2021-08-09 12:30:00,57.4755,57.52,57.37,57.49,1067221
2021-08-09 13:30:00,57.492,57.5,57.26,57.36,1345973
2021-08-09 14:30:00,57.3537,57.475,57.33,57.35,1284030
2021-08-09 15:30:00,57.3975,57.44,57.17,57.2,1937551
2021-08-10 09:30:00,57.4,58.24,57.27,58.12,4500871
2021-08-10 10:30:00,58.1133,58.24,57.95,58.05,2299153
2021-08-10 11:30:00,58.055,58.15,57.819,58.115,1701574
2021-08-10 12:30:00,58.12,58.34,58.07,58.29,1053335
2021-08-10 13:30:00,58.3,58.36,58.21,58.305,1818392
2021-08-10 14:30:00,58.309,58.3455,58.14,58.24,1632356
2021-08-10 15:30:00,58.2362,58.2459,58.106666,58.19,1943395
2021-08-11 09:30:00,58.18,58.3438,57.72,58.1119,3832005
2021-08-11 10:30:00,58.11,58.11,57.72,57.845,2179679
2021-08-11 11:30:00,57.8214,58.295,57.8,58.27,1726001
2021-08-11 12:30:00,58.2705,58.49,58.26,58.335,1914954
2021-08-11 13:30:00,58.3516,58.4,58.16,58.2583,1586759
2021-08-11 14:30:00,58.2109,58.5,58.2109,58.343,1999555
2021-08-11 15:30:00,58.386,58.39,58.22,58.35,2146428
2021-08-12 09:30:00,57.44,58.09,57.0689,57.115,3304128
2021-08-12 10:30:00,57.115,57.21,56.87,57.15,4708271
2021-08-12 11:30:00,57.14,57.34,56.9125,57.2542,4448064
2021-08-12 12:30:00,57.2551,57.3375,57.06,57.065,887726
2021-08-12 13:30:00,57.0862,57.17,56.98,57.14,1525930
2021-08-12 14:30:00,57.1321,57.33,57.07,57.25,2322022
2021-08-12 15:30:00,57.255,57.36,57.22,57.34,1628188
2021-08-13 09:30:00,57.0,57.2597,56.3,56.485,5773348
2021-08-13 10:30:00,56.4256,56.935,56.4256,56.9,3000908
2021-08-13 11:30:00,56.8797,56.96,56.74,56.885,1451203
2021-08-13 12:30:00,56.8709,57.19,56.71,56.75,974132
2021-08-13 13:30:00,56.7522,56.87,56.72,56.775,1362643
2021-08-13 14:30:00,56.7974,56.995,56.76,56.815,2958797
2021-08-13 15:30:00,56.9177,58.21,56.7,56.78,2696460
2021-10-26 09:30:00,64.52,65.39,64.36,65.245,7402801
2021-10-26 10:30:00,65.2427,65.385,64.35,65.3335,2472173
2021-10-26 11:30:00,65.3381,65.455,63.42,65.3836,2373748
2021-10-26 12:30:00,65.3856,65.425,65.016666,65.275,2203883
2021-10-26 13:30:00,65.2535,65.818,65.24,65.815,2748804
2021-10-26 14:30:00,65.815,65.94,65.56,65.8134,3024182
2021-10-26 15:30:00,65.8619,65.92,65.74,65.84,3546672
2021-10-27 09:30:00,65.17,65.25,64.54,64.7122,4988102
2021-10-27 10:30:00,64.715,65.84,64.4,64.55,4201452
2021-10-27 11:30:00,64.55,64.72,64.38,64.56,2019670
2021-10-27 12:30:00,64.5637,64.565,64.24,64.26,1878561
2021-10-27 13:30:00,64.2596,64.46,64.15,64.365,1710278
2021-10-27 14:30:00,64.37,64.375,63.975,64.215,2474225
2021-10-27 15:30:00,64.21,64.35,64.11,64.13,3183742
2021-10-28 09:30:00,63.875,64.47,63.635,63.9693,4055034
2021-10-28 10:30:00,63.965,63.975,63.655,63.79,1926530
2021-10-28 11:30:00,63.79,63.965,63.72,63.734,1437410
2021-10-28 12:30:00,63.8087,64.18,63.63,63.855,1578030
2021-10-28 13:30:00,63.8345,64.44,63.8345,64.34,2062950
2021-10-28 14:30:00,64.3788,64.3788,64.19,64.2455,1812908
2021-10-28 15:30:00,64.2608,64.46,64.245,64.305,2347103
2021-10-29 09:30:00,65.175,65.37,64.4,64.5884,7162127
2021-10-29 10:30:00,64.5692,65.03,64.52,64.845,2157267
2021-10-29 11:30:00,64.8353,64.88,64.36,64.79,2577416
2021-10-29 12:30:00,64.7997,65.24,64.43,64.48,1310281
2021-10-29 13:30:00,64.4727,64.74,64.42,64.515,1413524
2021-10-29 14:30:00,64.5474,64.55,64.33,64.348,1690995
2021-10-29 15:30:00,64.4114,64.74,64.33,64.47,3022276
2021-11-01 09:30:00,65.07,65.92,65.01,65.67,4921643
2021-11-01 10:30:00,65.68,65.825,65.58,65.795,2074152
2021-11-01 11:30:00,65.8,66.0795,65.75,65.795,3249653
2021-11-01 12:30:00,65.79,65.94,65.68,65.695,1457299
2021-11-01 13:30:00,65.6916,65.85,65.625,65.8,1324644
2021-11-01 14:30:00,65.79,65.94,65.63,65.6332,1409400
2021-11-01 15:30:00,65.635,65.79,65.515,65.62,2787454
2021-11-02 09:30:00,65.03,65.447,64.66,65.015,4688095
2021-11-02 10:30:00,65.1028,65.15,64.84,65.065,1843488
2021-11-02 11:30:00,64.9891,65.1,64.751,64.95,1627534
2021-11-02 12:30:00,64.9434,65.04,64.85,64.98,1363285
2021-11-02 13:30:00,64.9968,65.04,64.82,64.85,1319624
2021-11-02 14:30:00,64.8724,64.93,64.78,64.8845,1414178
2021-11-02 15:30:00,64.871,64.93,64.79,64.82,1939502
2021-11-03 09:30:00,64.02,64.45,63.66,64.37,3659940
2021-11-03 10:30:00,64.3582,64.37,63.99,64.135,1577257
2021-11-03 11:30:00,64.0641,65.9841,63.985,63.995,1178725
2021-11-03 12:30:00,64.0283,64.105,63.9301,63.9771,983974
2021-11-03 13:30:00,63.9774,64.215,63.8,64.1,1864338
2021-11-03 14:30:00,64.159,64.18,63.92,64.0,2574031
2021-11-03 15:30:00,64.022,64.03,63.73,63.94,2478901
2021-11-04 09:30:00,64.76,64.89,64.22,64.29,3673695
2021-11-04 10:30:00,64.29,64.78,64.29,64.53,2515351
2021-11-04 11:30:00,64.53,64.75,63.93,64.345,1673347
2021-11-04 12:30:00,64.35,64.4862,64.14,64.25,1376639
2021-11-04 13:30:00,64.26,64.48,59.62,64.115,1525286
2021-11-04 14:30:00,64.1199,64.39,63.83,64.36,1931619
2021-11-04 15:30:00,64.36,64.4899,64.27,64.42,2575915
2021-11-05 09:30:00,65.01,65.09,64.56,64.685,3800086
2021-11-05 10:30:00,64.685,65.18,64.675,65.08,1916159
2021-11-05 11:30:00,65.086,65.145,65.01,65.065,1662556
2021-11-05 12:30:00,65.06,65.285,64.98,65.045,1503917
2021-11-05 13:30:00,65.04,65.31,65.03,65.245,1292700
2021-11-05 14:30:00,65.24,65.33,64.96,64.99,2295618
2021-11-05 15:30:00,65.0,65.15,64.9201,65.04,2146006
2021-11-08 09:30:00,65.55,66.44,65.38,66.01,6686206
2021-11-08 10:30:00,66.005,66.19,65.91,65.98,2537407
2021-11-08 11:30:00,65.97,66.09,65.74,65.88,1378211
2021-11-08 12:30:00,65.823,65.91,59.9008,65.73,913779
2021-11-08 13:30:00,65.72,65.7733,65.42,65.6566,1061595
2021-11-08 14:30:00,65.66,65.7,64.135,65.595,1450639
2021-11-08 15:30:00,65.6,65.7699,62.6899,65.73,1616766
2021-11-09 09:30:00,65.78,66.6,65.3,65.525,4227877
2021-11-09 10:30:00,65.525,65.79,65.42,65.6501,1825123
2021-11-09 11:30:00,65.655,65.78,61.46,65.715,2062267
2021-11-09 12:30:00,65.7101,65.93,65.7101,65.865,1312065
2021-11-09 13:30:00,65.87,66.25,65.86,66.165,1901952
2021-11-09 14:30:00,66.16,66.37,66.14,66.225,2301458
2021-11-09 15:30:00,66.23,66.37,58.84,66.36,2722859
2021-11-10 09:30:00,65.31,65.89,64.7931,64.945,4599956
2021-11-10 10:30:00,64.94,65.04,64.3,64.425,3075955
2021-11-10 11:30:00,64.42,65.85,64.33,64.36,1457871
2021-11-10 12:30:00,64.3539,65.156,64.13,64.27,1717856
2021-11-10 13:30:00,64.275,64.378,63.8,63.8099,1904629
2021-11-10 14:30:00,63.81,64.345,63.77,64.29,2768373
2021-11-10 15:30:00,64.29,65.38,64.0225,64.21,2286708
2021-11-11 09:30:00,64.35,64.73,64.02,64.41,2681048
2021-11-11 10:30:00,64.41,64.745,64.229,64.625,1566066
2021-11-11 11:30:00,64.62,64.75,64.555,64.6857,1419844
2021-11-11 12:30:00,64.6805,64.83,64.55,64.605,3244669
2021-11-11 13:30:00,64.605,64.68,64.33,64.38,1096833
2021-11-11 14:30:00,64.388,64.45,64.28,64.4,1070404
2021-11-11 15:30:00,64.3991,64.4,64.25,64.31,1589216
2021-11-12 09:30:00,63.94,64.37,63.86,64.08,4877770
2021-11-12 10:30:00,64.08,64.125,63.92,64.03,1316206
2021-11-12 11:30:00,64.03,64.13,63.78,63.8155,1448315
2021-11-12 12:30:00,63.816,63.816,63.63,63.77,1288694
2021-11-12 13:30:00,63.77,63.8,63.58,63.6901,1271885
2021-11-12 14:30:00,63.6999,63.78,63.6136,63.74,1846542
2021-11-12 15:30:00,63.74,63.85,63.67,63.82,2385339
2022-01-27 09:30:00,75.47,76.01,75.1,75.1094,6375106
2022-01-27 10:30:00,75.11,75.59,74.96,75.09,3427944
2022-01-27 11:30:00,75.085,75.43,74.75,74.856473,2639572
2022-01-27 12:30:00,74.9178,74.96,73.98,74.07,3021916
2022-01-27 13:30:00,74.1591,74.74,74.06,74.36,2860912
2022-01-27 14:30:00,74.4834,74.82,74.15,74.725,3259278
2022-01-27 15:30:00,74.6128,75.19,74.58,75.12,4343804
2022-01-28 09:30:00,74.92,75.62,74.18,75.1114,8115837
2022-01-28 10:30:00,75.11,75.12,74.25,74.92,3963814
2022-01-28 11:30:00,74.92,75.192,74.78,74.89,2657317
2022-01-28 12:30:00,74.89,75.0091,74.24,74.78,2247346
2022-01-28 13:30:00,74.79,75.01,74.04,74.11,2984155
2022-01-28 14:30:00,74.11,74.785,73.95,74.685,3630712
2022-01-28 15:30:00,74.6864,75.4,74.554,75.29,3695312
2022-01-31 09:30:00,74.91,75.99,74.26,75.635,5859491
2022-01-31 10:30:00,75.6369,75.76,74.97,75.235,3668547
2022-01-31 11:30:00,75.235,76.04,70.9197,75.95,5011065
2022-01-31 12:30:00,75.945,76.42,75.8449,76.215,3620413
2022-01-31 13:30:00,76.2167,76.35,76.01,76.195,3381225
2022-01-31 14:30:00,76.195,76.36,75.77,76.06,3592177
2022-01-31 15:30:00,76.065,76.14,75.7544,75.9,4367347
2022-02-01 09:30:00,76.51,80.41,76.27,79.65,18256501
2022-02-01 10:30:00,80.0715,81.0,79.44,80.4287,10932003
2022-02-01 11:30:00,80.6902,81.0,79.9501,80.015,5924198
2022-02-01 12:30:00,80.143,80.31,79.77,79.945,4473567
2022-02-01 13:30:00,79.9308,80.87,79.885,80.8119,4462398
2022-02-01 14:30:00,80.7353,81.065,80.46,80.725,5034817
2022-02-01 15:30:00,80.7605,81.51,79.8334,80.89,7474387
2022-02-02 09:30:00,80.06,80.33,79.15,79.525,8063683
2022-02-02 10:30:00,79.52,80.2,79.3,79.765,5302320
2022-02-02 11:30:00,79.6194,80.12,79.58,79.97,2476749
2022-02-02 12:30:00,79.9707,80.18,79.25,79.8196,4750394
2022-02-02 13:30:00,79.8929,80.41,79.79,80.35,2755991
2022-02-02 14:30:00,80.35,80.65,80.11,80.55,3131806
2022-02-02 15:30:00,80.4936,80.81,79.9847,80.62,3209594
2022-02-03 09:30:00,80.06,80.22,79.27,79.61,6295099
2022-02-03 10:30:00,79.62,80.13,79.3589,79.605,3147173
2022-02-03 11:30:00,79.6,79.74,79.18,79.355,3023446
2022-02-03 12:30:00,79.35,80.05,79.02,79.435,2459835
2022-02-03 13:30:00,79.43,80.31,79.43,80.04,3195630
2022-02-03 14:30:00,80.03,80.1696,79.5301,79.72,2977047
2022-02-03 15:30:00,79.725,79.86,79.525,79.68,4069882
2022-02-04 09:30:00,80.86,82.53,80.81,81.8759,8436029
2022-02-04 10:30:00,81.88,82.41,80.965,81.64,4543401
2022-02-04 11:30:00,81.63,81.855,81.39,81.74,2898235
2022-02-04 12:30:00,81.74,81.81,81.41,81.705,2039158
2022-02-04 13:30:00,81.705,82.11,81.66,81.83,2591899
2022-02-04 14:30:00,81.82,81.95,81.6597,81.925,2873205
2022-02-04 15:30:00,81.93,81.99,81.42,81.42,4381635
2022-02-07 09:30:00,81.13,82.48,80.64,82.1535,6778844
2022-02-07 10:30:00,82.155,82.7629,82.11,82.655,4672352
2022-02-07 11:30:00,82.65,82.687,81.88,82.165,2944257
2022-02-07 12:30:00,82.16,82.65,82.07,82.38,2340956
2022-02-07 13:30:00,82.38,82.88,82.38,82.88,2396591
2022-02-07 14:30:00,82.88,83.09,82.73,82.99,3757757
2022-02-07 15:30:00,83.0118,83.03,82.305,82.39,4503638
2022-02-08 09:30:00,82.34,82.54,80.6,80.951,7011219
2022-02-08 10:30:00,81.0156,81.14,79.97,80.11,5693864
2022-02-08 11:30:00,80.2301,80.47,79.92,80.3,4768557
2022-02-08 12:30:00,80.2696,82.7484,80.13,80.38,2429063
2022-02-08 13:30:00,80.3917,80.51,80.29,80.3842,2567874
2022-02-08 14:30:00,80.3915,80.43,79.92,80.1471,3375766
2022-02-08 15:30:00,80.1974,80.5569,80.145,80.2899,4854972
2022-02-09 09:30:00,79.65,80.03,78.94,79.1682,7890144
2022-02-09 10:30:00,79.087,80.7875,78.81,78.98,5417332
2022-02-09 11:30:00,79.0488,79.14,78.7,78.97,2707468
2022-02-09 12:30:00,78.9649,79.16,78.82,78.99,2386868
2022-02-09 13:30:00,78.9662,79.25,78.93,79.11,4518388
2022-02-09 14:30:00,79.1549,79.27,78.93,79.03,6056061
2022-02-09 15:30:00,79.025,79.2,78.92,78.99,6135875
2022-02-10 09:30:00,78.72,79.68,78.42,79.15,5572855
2022-02-10 10:30:00,79.1414,79.1921,78.74,79.02,3930854
2022-02-10 11:30:00,79.02,79.165,78.845,78.93,2125609
2022-02-10 12:30:00,78.921,78.95,77.9,78.14,4255396
2022-02-10 13:30:00,78.1365,79.0,77.89,78.1561,3184396
2022-02-10 14:30:00,78.155,78.49,78.1081,78.1469,3360306
2022-02-10 15:30:00,78.145,78.6566,77.79,78.24,3976808
2022-02-11 09:30:00,78.64,79.365,78.23,79.03,8139556
2022-02-11 10:30:00,79.2389,79.4,78.94,79.145,3807879
2022-02-11 11:30:00,79.2349,79.2349,78.845,79.02,2416048
2022-02-11 12:30:00,79.0437,79.205,78.82,78.835,2041514
2022-02-11 13:30:00,78.9325,79.9,78.7,79.409,7946182
2022-02-11 14:30:00,79.6804,80.1,79.21,80.08,4823869
2022-02-11 15:30:00,79.9883,80.32,79.3468,80.2,5690350
2022-02-14 09:30:00,79.56,79.88,77.98,78.09,6901764
2022-02-14 10:30:00,78.1,78.1299,77.05,77.53,5749382
2022-02-14 11:30:00,77.53,78.07,77.51,77.9101,3035729
2022-02-14 12:30:00,77.91,78.475,77.76,78.18,2568218
2022-02-14 13:30:00,78.1801,79.22,77.885,78.67,4704579
2022-02-14 14:30:00,78.66,78.91,78.26,78.42,3598623
2022-02-14 15:30:00,78.425,79.06,78.1979,78.98,3999324
2022-02-15 09:30:00,76.9,77.99,76.42,77.87,7487416
2022-02-15 10:30:00,77.88,78.05,77.445,77.89,2888179
2022-02-15 11:30:00,77.89,78.15,77.56,77.965,2218327
2022-02-15 12:30:00,77.9659,78.1064,77.68,77.8941,1690389
2022-02-15 13:30:00,77.895,78.98,77.89,78.065,1575908
2022-02-15 14:30:00,78.07,78.14,77.725,77.935,2229502
2022-02-15 15:30:00,77.94,78.08,77.63,77.98,3293487
2022-04-26 09:30:00,82.73,83.81,82.18,83.0673,7122458
2022-04-26 10:30:00,82.896,84.72,82.53,84.11,4693441
2022-04-26 11:30:00,84.11,84.4,83.68,84.11,2949021
2022-04-26 12:30:00,84.1,84.37,83.7741,83.795,2494809
2022-04-26 13:30:00,83.79,83.88,83.01,83.18,2565404
2022-04-26 14:30:00,83.175,83.2,82.26,82.6091,2605580
2022-04-26 15:30:00,82.6,83.3437,82.25,82.3,3664737
2022-04-27 09:30:00,83.39,83.84,82.28,82.95,7136203
2022-04-27 10:30:00,82.96,84.65,82.79,84.56,5188880
2022-04-27 11:30:00,84.55,85.1318,84.23,84.83,3628246
2022-04-27 12:30:00,84.7005,85.34,84.68,85.065,3192538
2022-04-27 13:30:00,85.06,85.4763,82.29,85.185,2672160
2022-04-27 14:30:00,85.19,85.445,84.6,84.88,3470906
2022-04-27 15:30:00,84.88,85.07,82.29,84.67,4486126
2022-04-28 09:30:00,84.88,85.18,84.07,84.83,6038207
2022-04-28 10:30:00,84.8,85.96,84.6604,85.48,4430106
2022-04-28 11:30:00,85.48,86.48,85.3767,86.4601,3301548
2022-04-28 12:30:00,86.47,86.92,84.64,86.79,2534540
2022-04-28 13:30:00,86.79,87.36,84.64,87.31,4159217
2022-04-28 14:30:00,87.31,88.14,84.64,87.86,4356508
2022-04-28 15:30:00,87.865,88.0899,86.208,87.31,5099170
2022-04-29 09:30:00,87.965,89.4,86.08,87.09,6681088
2022-04-29 10:30:00,87.08,87.19,86.13,86.81,3098276
2022-04-29 11:30:00,86.81,87.2,86.07,86.105,2472097
2022-04-29 12:30:00,86.105,86.63,80.28,86.55,2195564
2022-04-29 13:30:00,86.55,87.2,85.65,85.91,2524233
2022-04-29 14:30:00,85.89,86.01,84.77,84.93,3394855
2022-04-29 15:30:00,84.93,86.1842,84.7,85.15,5514642
2022-05-02 09:30:00,85.01,86.91,84.63,86.565,8661487
2022-05-02 10:30:00,86.6542,87.035,84.83,85.07,4849836
2022-05-02 11:30:00,85.039,86.219,85.0061,85.82,3657793
2022-05-02 12:30:00,85.81,86.2,85.285,85.425,2558120
2022-05-02 13:30:00,85.42,85.6289,84.78,84.9524,2834261
2022-05-02 14:30:00,84.922,86.24,84.76,86.185,3468295
2022-05-02 15:30:00,86.1046,86.59,85.7556,86.44,5189010
2022-05-03 09:30:00,85.93,87.5,85.86,87.295,5371983
2022-05-03 10:30:00,87.2995,89.4,87.285,88.445,5278403
2022-05-03 11:30:00,88.45,88.67,86.41,88.28,3902609
2022-05-03 12:30:00,88.2706,88.78,88.02,88.43,3724396
2022-05-03 13:30:00,88.5748,88.5748,82.4993,87.97,3481178
2022-05-03 14:30:00,87.9705,88.73,87.52,88.43,4367937
2022-05-03 15:30:00,88.425,88.6,87.99,88.19,5257902
2022-05-04 09:30:00,89.5,89.98,88.91,89.9053,7954495
2022-05-04 10:30:00,89.7733,90.0,89.36,89.65,4434188
2022-05-04 11:30:00,89.65,89.86,89.39,89.63,2844249
2022-05-04 12:30:00,89.6388,89.82,88.19,89.695,2512181
2022-05-04 13:30:00,89.69,90.77,89.6,90.6299,9633493
2022-05-04 14:30:00,90.61,91.25,89.69,91.25,8474043
2022-05-04 15:30:00,91.245,91.88,90.1512,91.69,7719388
2022-05-05 09:30:00,92.0,92.06,90.63,91.295,8631456
2022-05-05 10:30:00,91.2193,92.0,89.46,89.7083,6319675
2022-05-05 11:30:00,89.6422,91.7,88.38,89.86,5508487
2022-05-05 12:30:00,89.6072,90.52,86.04,90.42,3957165
2022-05-05 13:30:00,90.2705,91.7,90.01,90.16,3602417
2022-05-05 14:30:00,90.4523,90.4853,89.5,89.575,4572974
2022-05-05 15:30:00,89.6776,90.55,89.51,90.34,5457701
2022-05-06 09:30:00,91.02,91.55,89.34,90.1139,5740278
2022-05-06 10:30:00,90.3423,90.99,89.81,90.9,4281520
2022-05-06 11:30:00,90.8091,90.92,90.02,90.57,3077732
2022-05-06 12:30:00,90.5614,91.44,90.31,90.94,3424678
2022-05-06 13:30:00,90.8807,91.25,90.31,90.69,3065944
2022-05-06 14:30:00,90.7218,91.29,90.51,90.8499,3541459
2022-05-06 15:30:00,90.7999,91.82,90.7349,91.71,4826848
2022-05-09 09:30:00,89.44,89.56,87.08,87.19,11871442
2022-05-09 10:30:00,87.3254,87.39,85.91,85.9358,5391059
2022-05-09 11:30:00,86.0828,87.2,85.76,86.6,4746112
2022-05-09 12:30:00,86.6195,86.725,84.96,85.295,3967426
2022-05-09 13:30:00,85.1949,85.41,84.52,84.6128,3945347
2022-05-09 14:30:00,84.6086,85.38,84.31,84.39,4896582
2022-05-09 15:30:00,84.6281,87.43,84.02,84.5029,6235115
2022-05-10 09:30:00,85.69,86.86,84.81,86.75,8809395
2022-05-10 10:30:00,86.76,91.72,84.78,85.11,5264964
2022-05-10 11:30:00,85.0415,85.29,83.82,84.1011,4139110
2022-05-10 12:30:00,84.0224,84.32,83.515,83.975,3836437
2022-05-10 13:30:00,83.7075,88.0,83.52,84.49,3466709
2022-05-10 14:30:00,84.49,85.365,84.46,84.92,3193364
2022-05-10 15:30:00,85.0159,85.08,84.51,85.05,2860300
2022-05-11 09:30:00,86.56,88.13,86.27,87.79,7343917
2022-05-11 10:30:00,87.79,88.57,87.68,88.49,4418985
2022-05-11 11:30:00,88.48,88.94,87.95,87.98,3640099
2022-05-11 12:30:00,87.97,88.196753,87.1512,87.16,3298273
2022-05-11 13:30:00,87.16,87.75,86.68,87.54,3629697
2022-05-11 14:30:00,87.53,87.995,86.45,87.67,3289910
2022-05-11 15:30:00,87.67,87.825,85.02,86.79,4604687
2022-05-12 09:30:00,85.99,86.3,83.29,84.5112,8558105
2022-05-12 10:30:00,84.53,86.79,84.25,85.53,3048243
2022-05-12 11:30:00,85.52,88.0,84.79,85.7115,2779737
2022-05-12 12:30:00,85.72,85.91,84.87,85.26,2732723
2022-05-12 13:30:00,85.25,86.79,84.6761,85.05,2152249
2022-05-12 14:30:00,84.9013,85.58,84.6,85.07,2525875
2022-05-12 15:30:00,85.3758,86.9,84.9682,86.32,4568001
2022-05-13 09:30:00,87.15,87.99,86.3301,87.81,6712155
2022-05-13 10:30:00,87.82,88.34,86.3,88.325,3125753
2022-05-13 11:30:00,88.33,88.73,88.095,88.4902,2555736
2022-05-13 12:30:00,88.4812,88.93,88.38,88.57,2242937
2022-05-13 13:30:00,88.57,88.79,87.85,88.13,2368731
2022-05-13 14:30:00,88.14,88.86,88.1041,88.845,2233696
2022-05-13 15:30:00,88.85,88.95,88.1586,88.83,4304514
2022-07-26 09:30:00,91.13,91.2999,89.7,90.205,3936275
2022-07-26 10:30:00,90.21,90.3588,83.2884,89.44,1662966
2022-07-26 11:30:00,89.44,89.54,89.0,89.17,1552164
2022-07-26 12:30:00,89.18,89.91,89.132998,89.89,1500710
2022-07-26 13:30:00,89.89,90.06,89.42,89.45,1350618
2022-07-26 14:30:00,89.455,89.55,89.15,89.5288,1600019
2022-07-26 15:30:00,89.53,89.86,89.415,89.59,2344684
2022-07-27 09:30:00,90.245,90.86,89.4,89.705,3431721
2022-07-27 10:30:00,89.7,90.97,89.695,90.6701,2042323
2022-07-27 11:30:00,90.68,90.85,90.48,90.53,1214144
2022-07-27 12:30:00,90.5933,90.8,90.3,90.47,1323898
2022-07-27 13:30:00,90.464241,91.03,89.63,90.68,1480971
2022-07-27 14:30:00,90.675,91.82,90.33,91.81,3158478
2022-07-27 15:30:00,91.82,92.15,90.7629,91.545,3401128
2022-07-28 09:30:00,92.145,93.1,91.01,91.22,4688960
2022-07-28 10:30:00,91.23,92.18,91.01,92.165,2156353
2022-07-28 11:30:00,92.16,92.78,91.93,92.72,1820631
2022-07-28 12:30:00,92.5525,92.72,91.57,92.125,1626612
2022-07-28 13:30:00,92.1505,92.74,91.57,92.43,2022775
2022-07-28 14:30:00,92.43,93.1,92.31,93.0799,1971174
2022-07-28 15:30:00,93.067554,93.2556,92.3531,92.67,3749551
2022-07-29 09:30:00,94.465,97.5164,94.1,97.09,9063880
2022-07-29 10:30:00,97.09,97.3213,95.93,96.2,3866162
2022-07-29 11:30:00,96.18,96.95,96.01,96.63,2456216
2022-07-29 12:30:00,96.64,96.829,96.25,96.53,1879885
2022-07-29 13:30:00,96.531951,96.87,92.64,96.8,2112957
2022-07-29 14:30:00,96.6713,97.15,96.67,97.0,2161843
2022-07-29 15:30:00,96.9663,97.34,96.3695,96.97,3543392
2022-08-01 09:30:00,94.77,95.36,93.67,94.165,5077440
2022-08-01 10:30:00,94.17,95.12,94.1184,94.53,2205682
2022-08-01 11:30:00,94.5726,95.0,94.29,94.6273,1591067
2022-08-01 12:30:00,94.8377,94.8377,93.2333,93.2381,2947979
2022-08-01 13:30:00,93.4186,96.93,93.23,94.31,2446058
2022-08-01 14:30:00,94.31,94.99,87.86,94.62,1910438
2022-08-01 15:30:00,94.6342,94.84,94.405,94.5,2104877
2022-08-02 09:30:00,94.62,95.21,93.815,94.37,4225438
2022-08-02 10:30:00,94.37,94.98,93.96,94.77,1935664
2022-08-02 11:30:00,94.78,95.1888,94.62,94.825,1542571
2022-08-02 12:30:00,94.825,95.1,94.685,94.7,1099138
2022-08-02 13:30:00,94.8321,94.8321,94.1,94.59,1640833
2022-08-02 14:30:00,94.5684,94.81,94.133,94.43,1538642
2022-08-02 15:30:00,94.2515,94.5762,94.0,94.08,2786046
2022-08-03 09:30:00,94.42,94.55,93.21,93.7176,3997386
2022-08-03 10:30:00,93.71,93.77,92.0401,92.27,3039057
2022-08-03 11:30:00,92.27,92.59,91.51,91.555,2678010
2022-08-03 12:30:00,91.545,94.07,90.79,91.29,2832715
2022-08-03 13:30:00,91.295,92.23,91.0009,91.7899,1691403
2022-08-03 14:30:00,91.79,92.145,91.62,92.015,1595744
2022-08-03 15:30:00,92.025,92.3409,90.85,91.04,5301308
2022-08-04 09:30:00,90.21,90.37,88.19,89.4325,5781061
2022-08-04 10:30:00,89.43,89.585,88.22,88.55,3529878
2022-08-04 11:30:00,88.535,88.95,88.37,88.69,2904909
2022-08-04 12:30:00,88.69,89.32,84.81,89.2,2439872
2022-08-04 13:30:00,89.21,91.02,88.86,89.175,1578416
2022-08-04 14:30:00,89.18,91.02,88.06,88.175,3102776
2022-08-04 15:30:00,88.17,88.658,86.425,87.2,7234951
2022-08-05 09:30:00,86.395,89.69,86.28,89.0888,5067663
2022-08-05 10:30:00,89.08,89.56,88.6287,88.64,2155167
2022-08-05 11:30:00,88.64,89.03,88.59,88.73,1774427
2022-08-05 12:30:00,88.735,89.32,87.19,89.2495,1329636
2022-08-05 13:30:00,89.11,89.31,87.19,88.99,1028949
2022-08-05 14:30:00,88.98,89.07,88.71,89.0288,1475781
2022-08-05 15:30:00,89.025,89.05,88.41,88.45,2056573
2022-08-08 09:30:00,88.465,89.27,88.22,88.73,4595192
2022-08-08 10:30:00,88.8141,89.6,88.45,89.5417,1687651
2022-08-08 11:30:00,89.535,89.58,88.45,89.18,1342301
2022-08-08 12:30:00,89.2174,89.47,89.0,89.17,1090665
2022-08-08 13:30:00,89.3186,89.5711,88.45,89.435,1054216
2022-08-08 14:30:00,89.4007,89.5,88.95,89.267001,1235344
2022-08-08 15:30:00,89.2765,89.2898,88.86,88.925,1415815
2022-08-09 09:30:00,90.0,91.61,89.95,91.32,4346745
2022-08-09 10:30:00,91.3201,91.37,90.6195,90.855,2057586
2022-08-09 11:30:00,90.855,90.9,90.39,90.815,1626672
2022-08-09 12:30:00,90.776211,91.0688,90.48,91.045,1014058
2022-08-09 13:30:00,91.0476,91.21,88.95,90.677,1124977
2022-08-09 14:30:00,90.67,90.88,90.4003,90.8,1291925
2022-08-09 15:30:00,90.79,90.9222,90.38,90.6,3426382
2022-08-10 09:30:00,90.61,90.82,89.1801,89.65,3442456
2022-08-10 10:30:00,89.4226,91.25,89.4226,91.095,3026454
2022-08-10 11:30:00,91.09,91.39,90.8312,91.3803,1713215
2022-08-10 12:30:00,91.3113,91.635,91.22,91.47,1314751
2022-08-10 13:30:00,91.5405,91.84,90.59,91.2,1505204
2022-08-10 14:30:00,91.2876,91.525,90.92,91.315,1711877
2022-08-10 15:30:00,91.238,91.56,91.17,91.445,2260282
2022-08-11 09:30:00,91.85,92.6,89.29,91.5593,3760532
2022-08-11 10:30:00,91.567,92.72,91.48,92.54,2104646
2022-08-11 11:30:00,92.53,92.97,91.45,92.9596,1570823
2022-08-11 12:30:00,92.96,93.9143,92.92,93.89,2004941
2022-08-11 13:30:00,93.8886,94.3,93.79,94.1,2336812
2022-08-11 14:30:00,94.0999,94.15,93.24,93.415,1980406
2022-08-11 15:30:00,93.364,93.485,92.92,93.2,3038831
2022-08-12 09:30:00,92.485,93.34,92.11,92.71,4849308
2022-08-12 10:30:00,92.5688,93.08,92.4,92.57,1300136
2022-08-12 11:30:00,92.57,93.19,92.48,93.0899,1254895
2022-08-12 12:30:00,93.09,93.3982,93.0,93.177,1059376
2022-08-12 13:30:00,93.0991,93.63,93.0981,93.55,1104928
2022-08-12 14:30:00,93.5432,93.7844,93.081,93.54,1404652
2022-08-12 15:30:00,93.4641,94.03,93.0733,93.9767,2459144
2022-10-25 09:30:00,106.36,107.33,105.98,107.21,3454047
2022-10-25 10:30:00,107.22,107.2471,105.955,105.955,2399783
2022-10-25 11:30:00,105.96,106.3741,105.54,105.6,1668178
2022-10-25 12:30:00,105.6,105.95,105.42,105.5701,1271187
2022-10-25 13:30:00,105.58,106.6,105.33,105.61,1384381
2022-10-25 14:30:00,105.605,105.7288,105.07,105.4612,1544347
2022-10-25 15:30:00,105.4434,106.1246,105.44,105.85,2248644
2022-10-26 09:30:00,106.26,107.4788,106.0,106.98,3682532
2022-10-26 10:30:00,106.9888,107.62,106.94,107.38,2181608
2022-10-26 11:30:00,107.37,107.5,106.39,107.33,1580561
2022-10-26 12:30:00,107.3392,107.83,107.19,107.42,1746680
2022-10-26 13:30:00,107.6569,107.78,107.0702,107.37,1367874
2022-10-26 14:30:00,107.4375,107.77,106.98,107.285,1394895
2022-10-26 15:30:00,107.2761,107.57,107.04,107.17,2716344
2022-10-27 09:30:00,108.42,109.59,107.6,108.6079,4841129
2022-10-27 10:30:00,108.518826,108.92,108.12,108.8,1796165
2022-10-27 11:30:00,108.8,108.8356,108.05,108.35,1834635
2022-10-27 12:30:00,108.345,108.99,108.15,108.565,1754399
2022-10-27 13:30:00,108.5611,108.64,108.23,108.3185,1268762
2022-10-27 14:30:00,108.3969,108.4462,107.42,107.8813,1840608
2022-10-27 15:30:00,107.88,108.4312,107.48,107.76,2775997
2022-10-28 09:30:00,109.46,111.21,108.74,109.9148,9419405
2022-10-28 10:30:00,109.92,109.99,98.84,108.8256,3501825
2022-10-28 11:30:00,108.83,110.45,108.63,110.4364,2319127
2022-10-28 12:30:00,110.43,110.52,105.52,110.24,2035239
2022-10-28 13:30:00,110.2402,110.83,109.88,110.615,1813447
2022-10-28 14:30:00,110.62,111.075,110.02,110.2504,2975577
2022-10-28 15:30:00,110.25,110.88,110.024,110.65,3068362
2022-10-31 09:30:00,109.24,112.13,109.06,111.9888,5050656
2022-10-31 10:30:00,111.99,112.91,109.64,112.48,2791841
2022-10-31 11:30:00,112.5035,112.7488,110.11,110.615,4614803
2022-10-31 12:30:00,110.6385,111.32,109.95,111.13,2236931
2022-10-31 13:30:00,111.1652,111.9763,110.96,111.83,1526547
2022-10-31 14:30:00,111.8575,111.8984,110.94,111.46,1667373
2022-10-31 15:30:00,111.425,111.62,110.72,110.82,2940892
2022-11-01 09:30:00,112.47,112.57,111.05,111.64,3969296
2022-11-01 10:30:00,111.64,111.705,110.65,111.1416,2038253
2022-11-01 11:30:00,111.0598,111.87,110.96,111.66,2219985
2022-11-01 12:30:00,111.65,112.47,110.735,111.3,2868822
2022-11-01 13:30:00,111.3053,111.62,110.81,111.61,2229802
2022-11-01 14:30:00,111.605,112.165,111.49,111.8308,2569366
2022-11-01 15:30:00,111.835,112.16,111.5251,112.0,3848326
2022-11-02 09:30:00,111.58,111.77,109.71,110.06,3277446
2022-11-02 10:30:00,110.251,111.42,109.99,111.35,2005817
2022-11-02 11:30:00,111.352,112.1,111.273855,111.685,1747654
2022-11-02 12:30:00,111.69,111.99,110.21,111.3388,1178219
2022-11-02 13:30:00,111.4032,112.09,111.21,111.7201,2540783
2022-11-02 14:30:00,111.4741,111.94,109.38,109.59,3774044
2022-11-02 15:30:00,109.7318,110.8688,109.3,109.57,3592580
2022-11-03 09:30:00,108.59,110.77,108.31,110.165,4598342
2022-11-03 10:30:00,110.15,111.13,108.88,110.98,1879402
2022-11-03 11:30:00,110.96,111.8,110.05,111.7088,1673502
2022-11-03 12:30:00,111.7,111.82,111.29,111.5988,1657950
2022-11-03 13:30:00,111.59,111.59,108.88,111.065,1644443
2022-11-03 14:30:00,111.065,111.665,110.76,111.6537,1638121
2022-11-03 15:30:00,111.6522,111.71,110.7129,111.07,2740824
2022-11-04 09:30:00,113.02,113.42,111.9,113.39,5303553
2022-11-04 10:30:00,113.1546,113.5,111.94,111.99,2236085
2022-11-04 11:30:00,111.98,112.54,107.55,111.3394,1795057
2022-11-04 12:30:00,111.2285,112.1068,110.95,111.97,1490670
2022-11-04 13:30:00,111.9597,112.17,111.4593,112.0,1295009
2022-11-04 14:30:00,112.001,112.47,111.9515,112.12,1648933
2022-11-04 15:30:00,112.1677,112.44,112.0,112.35,2389048
2022-11-07 09:30:00,112.38,113.535555,112.1,113.45,3811242
2022-11-07 10:30:00,113.47,113.93,113.2,113.82,2079076
2022-11-07 11:30:00,113.829,113.99,113.3,113.84,1306709
2022-11-07 12:30:00,113.84,113.9021,112.31,113.774,1021671
2022-11-07 13:30:00,113.765,113.95,113.53,113.88,934900
2022-11-07 14:30:00,113.87,113.97,113.63,113.735,1377663
2022-11-07 15:30:00,113.74,113.84,113.46,113.66,2740530
2022-11-08 09:30:00,113.61,113.649,112.595,113.28,2873239
2022-11-08 10:30:00,113.1936,113.75,113.1936,113.21,1207264
2022-11-08 11:30:00,113.205,113.66,113.15,113.5499,881333
2022-11-08 12:30:00,113.4692,114.11,113.36,113.4,1315978
2022-11-08 13:30:00,113.39,113.87,112.92,113.15,1388713
2022-11-08 14:30:00,113.3989,114.58,113.14,114.47,1670545
2022-11-08 15:30:00,114.4243,114.665,113.6076,114.05,2400965
2022-11-09 09:30:00,113.2988,113.3388,111.45,111.79,3381846
2022-11-09 10:30:00,111.75,112.37,110.55,111.03,2364389
2022-11-09 11:30:00,110.8438,111.3,105.23,110.605,1505817
2022-11-09 12:30:00,110.7796,111.0,110.4,110.53,1280210
2022-11-09 13:30:00,110.5468,114.0,109.81,109.82,1767913
2022-11-09 14:30:00,109.9507,109.9507,108.765,109.27,2568958
2022-11-09 15:30:00,109.2345,110.5837,108.57,108.9242,3640997
2022-11-10 09:30:00,109.97,110.46,107.57,110.2381,5032050
2022-11-10 10:30:00,110.24,110.64,109.767,110.11,1612150
2022-11-10 11:30:00,110.11,110.3,109.365,109.4408,1665592
2022-11-10 12:30:00,109.43,109.66,108.96,109.5577,1270856
2022-11-10 13:30:00,109.55,109.9,109.26,109.825,1089357
2022-11-10 14:30:00,109.6811,110.21,108.9,110.18,1314881
2022-11-10 15:30:00,110.18,110.7,109.6481,110.41,5086462
2022-11-11 09:30:00,112.58,114.08,108.9,113.9301,5769408
2022-11-11 10:30:00,113.9224,114.35,113.66,113.73,2587182
2022-11-11 11:30:00,113.824095,113.8432,109.61,113.4,1805881
2022-11-11 12:30:00,113.41,114.14,110.5,114.105,1255649
2022-11-11 13:30:00,114.1001,114.1288,113.74,114.07,1104773
2022-11-11 14:30:00,114.07,114.51,113.95,114.295,2101826
2022-11-11 15:30:00,114.29,114.388,113.72,113.96,2866692
2023-01-26 09:30:00,114.77,116.12,114.335,115.52,5549945
2023-01-26 10:30:00,115.4286,116.06,106.9,115.84,2002235
2023-01-26 11:30:00,115.6576,116.775,115.6576,116.7374,2172277
2023-01-26 12:30:00,116.74,117.14,116.46,116.855,1693765
2023-01-26 13:30:00,116.9726,117.41,106.9,117.0,2175524
2023-01-26 14:30:00,117.2599,117.43,116.87,117.28,2168108
2023-01-26 15:30:00,117.3235,117.78,106.9,117.74,2735023
2023-01-27 09:30:00,117.15,117.67,116.61,116.89,3640378
2023-01-27 10:30:00,116.89,116.9782,115.97,116.675,2243888
2023-01-27 11:30:00,116.68,117.26,115.4115,115.4332,1673690
2023-01-27 12:30:00,115.43,116.3,115.38,116.13,1056081
2023-01-27 13:30:00,116.137,116.48,116.01,116.3088,1184417
2023-01-27 14:30:00,116.3,116.33,116.09,116.225,1198167
2023-01-27 15:30:00,116.225,116.4604,109.16,115.6,2295392
2023-01-30 09:30:00,115.19,115.49,113.8,114.885,2959456
2023-01-30 10:30:00,114.89,115.15,114.37,114.43,1607352
2023-01-30 11:30:00,114.43,114.52,113.52,114.0,1749274
2023-01-30 12:30:00,114.0063,114.06,113.43,113.6765,1536239
2023-01-30 13:30:00,113.67,117.11,113.47,113.6408,1489461
2023-01-30 14:30:00,113.7149,113.83,106.9,113.41,2189954
2023-01-30 15:30:00,113.42,114.0153,113.23,113.55,3125546
2023-01-31 09:30:00,112.19,115.44,106.9,115.36,6988796
2023-01-31 10:30:00,114.9354,116.16,113.41,115.7669,3613100
2023-01-31 11:30:00,115.765,115.835635,114.6,115.6898,2350729
2023-01-31 12:30:00,115.69,115.96,115.22,115.8709,1493788
2023-01-31 13:30:00,115.88,115.97,115.295,115.565,1699243
2023-01-31 14:30:00,115.5688,115.87,115.21,115.72,2096780
2023-01-31 15:30:00,115.72,116.4,114.7218,116.06,4030592
2023-02-01 09:30:00,115.665,117.38,111.39,116.15,4360974
2023-02-01 10:30:00,116.14,116.1682,114.98,115.4,2085703
2023-02-01 11:30:00,115.41,116.15,113.34,113.825,2479565
2023-02-01 12:30:00,113.7012,114.16,113.62,114.0971,1415397
2023-02-01 13:30:00,114.095,116.01,113.73,114.1688,1602261
2023-02-01 14:30:00,114.0816,115.34,113.58,114.92,2696646
2023-02-01 15:30:00,114.8066,115.85,114.48,114.75,3064066
2023-02-02 09:30:00,114.85,115.08,111.8,112.4301,4142327
2023-02-02 10:30:00,112.43,114.68,111.95,112.21,3988283
2023-02-02 11:30:00,112.19,112.63,111.65,112.54,1973856
2023-02-02 12:30:00,112.54,112.61,111.17,111.1891,2051995
2023-02-02 13:30:00,111.19,111.285645,109.83,109.9422,3630306
2023-02-02 14:30:00,109.95,110.48,109.86,110.05,2318653
2023-02-02 15:30:00,110.045,111.471,110.002,111.11,3830670
2023-02-03 09:30:00,111.91,114.12,111.8,113.9,4552496
2023-02-03 10:30:00,113.905,114.1,112.91,112.93,2898665
2023-02-03 11:30:00,112.9386,113.091,111.94,112.61,2689854
2023-02-03 12:30:00,112.6157,113.47,111.55,111.74,1687987
2023-02-03 13:30:00,111.745,112.12,111.62,111.96,1690885
2023-02-03 14:30:00,111.96,112.2,111.75,112.0,1768363
2023-02-03 15:30:00,112.0597,112.6528,111.68,111.9,2838267
2023-02-06 09:30:00,112.36,113.4,110.55,110.8,2764858
2023-02-06 10:30:00,110.7629,111.39,110.31,111.35,1947353
2023-02-06 11:30:00,111.2123,111.7422,110.6667,111.4,1619395
2023-02-06 12:30:00,111.39,111.7207,111.29,111.65,1229408
2023-02-06 13:30:00,111.65,111.97,111.59,111.85,1206766
2023-02-06 14:30:00,111.85,111.96,111.5,111.775,1499717
2023-02-06 15:30:00,111.78,112.07,111.4612,111.71,2207723
2023-02-07 09:30:00,112.26,113.375,112.02,112.83,3251737
2023-02-07 10:30:00,112.835,113.66,112.38,113.635,1650870
2023-02-07 11:30:00,113.63,114.35,113.5,114.14,1680586
2023-02-07 12:30:00,114.14,114.93,113.6,113.6,1842957
2023-02-07 13:30:00,113.6,114.4,106.9,114.3064,1413958
2023-02-07 14:30:00,114.32,114.94,114.28,114.92,1522459
2023-02-07 15:30:00,114.92,115.31,113.8277,114.92,2787972
2023-02-08 09:30:00,115.07,115.84,114.55,115.0655,3453812
2023-02-08 10:30:00,114.9447,115.07,114.05,114.3001,1999422
2023-02-08 11:30:00,114.305,115.6,113.85,114.48,1146706
2023-02-08 12:30:00,114.393,114.76,114.03,114.57,1006378
2023-02-08 13:30:00,114.58,114.72,114.08,114.68,1137304
2023-02-08 14:30:00,114.5936,114.82,113.96,114.15,1214035
2023-02-08 15:30:00,114.15,114.5829,113.9,113.93,2306636
2023-02-09 09:30:00,114.335,115.43,114.18,115.2,3417515
2023-02-09 10:30:00,115.2,115.97,114.712,115.875,3093244
2023-02-09 11:30:00,115.6669,116.24,114.62,115.98,2389466
2023-02-09 12:30:00,115.97,116.078,115.08,115.16,1275513
2023-02-09 13:30:00,115.17,115.41,114.76,114.9,1220818
2023-02-09 14:30:00,114.9,114.99,114.5622,114.62,1414237
2023-02-09 15:30:00,114.62,115.1288,114.3,114.36,2685481
2023-02-10 09:30:00,116.24,117.83,116.15,117.0873,5761943
2023-02-10 10:30:00,117.085,118.27,112.5275,117.88,3738032
2023-02-10 11:30:00,117.9969,118.45,116.33,118.29,2683081
2023-02-10 12:30:00,118.3308,118.88,118.2,118.7763,2257307
2023-02-10 13:30:00,118.7835,119.19,118.6,118.82,1999062
2023-02-10 14:30:00,118.8624,119.39,111.08,119.16,2098119
2023-02-10 15:30:00,119.1204,119.63,111.28,119.2,3771932
2023-02-13 09:30:00,117.69,118.01,115.9,116.83,4078610
2023-02-13 10:30:00,116.832,117.388,116.52,116.82,1397946
2023-02-13 11:30:00,116.82,117.57,116.52,117.5379,1123942
2023-02-13 12:30:00,117.53,118.18,117.44,117.935,1302462
2023-02-13 13:30:00,117.892852,118.04,117.64,117.74,743652
2023-02-13 14:30:00,117.73,118.0,117.3,117.5731,1124960
2023-02-13 15:30:00,117.58,118.0,117.1975,117.83,2232084
2023-02-14 09:30:00,116.995,117.81,116.2008,117.57,2800798
2023-02-14 10:30:00,117.59,117.74,116.51,116.5213,1418237
2023-02-14 11:30:00,116.53,117.42,116.01,116.69,1185747
2023-02-14 12:30:00,116.7,117.42,116.471,117.16,979367
2023-02-14 13:30:00,117.16,117.25,116.6,116.75,932533
2023-02-14 14:30:00,116.75,117.15,116.68,116.8421,916478
2023-02-14 15:30:00,116.85,116.89,116.29,116.44,2236590
2023-04-25 09:30:00,117.555,117.83,115.91,116.1387,3048624
2023-04-25 10:30:00,116.13,116.3837,115.7,115.895,1411267
2023-04-25 11:30:00,115.8982,116.79,115.62,116.04,1186910
2023-04-25 12:30:00,116.04,116.67,115.75,115.99,848767
2023-04-25 13:30:00,115.98,116.52,115.9035,116.5003,888251
2023-04-25 14:30:00,116.5101,116.7,109.66,116.42,1259329
2023-04-25 15:30:00,116.41,116.64,116.24,116.53,2226960
2023-04-26 09:30:00,116.11,116.14,114.68,114.8891,2338013
2023-04-26 10:30:00,114.8891,116.82,114.8891,116.3,2242047
2023-04-26 11:30:00,116.29,117.09,116.09,116.81,1093741
2023-04-26 12:30:00,116.81,116.97,115.33,116.2782,812723
2023-04-26 13:30:00,116.28,116.52,115.23,115.38,1335493
2023-04-26 14:30:00,115.385,115.57,114.95,115.1121,2612391
2023-04-26 15:30:00,115.12,115.7773,115.03,115.39,2281053
2023-04-27 09:30:00,115.595,116.37,115.14,116.1098,2916019
2023-04-27 10:30:00,116.11,116.27,115.25,116.0,2289312
2023-04-27 11:30:00,116.02,116.25,114.88,115.47,1724192
2023-04-27 12:30:00,115.47,116.15,115.25,115.985,1397427
2023-04-27 13:30:00,115.98,116.37,115.4,116.35,1403001
2023-04-27 14:30:00,116.36,117.01,116.2017,116.795,1945886
2023-04-27 15:30:00,116.7901,116.98,115.9653,116.88,2926277
2023-04-28 09:30:00,117.22,119.93,116.83,119.64,6943847
2023-04-28 10:30:00,119.64,119.8,118.38,119.56,3720461
2023-04-28 11:30:00,119.561,119.7,119.0,119.63,1556044
2023-04-28 12:30:00,119.64,119.73,119.01,119.29,1236322
2023-04-28 13:30:00,119.29,119.3122,116.83,118.7,1348697
2023-04-28 14:30:00,118.7,118.93,118.11,118.855,1796288
2023-04-28 15:30:00,118.86,118.945,118.1215,118.295,2386727
2023-05-01 09:30:00,115.99,117.31,115.64,116.14,3475016
2023-05-01 10:30:00,116.12,116.2508,114.89,115.28,2414249
2023-05-01 11:30:00,115.2701,116.48,114.75,115.1865,1298245
2023-05-01 12:30:00,115.19,115.45,114.52,114.64,1476278
2023-05-01 13:30:00,114.62,118.34,114.45,115.011,1427545
2023-05-01 14:30:00,115.0101,115.08,114.61,114.76,1506295
2023-05-01 15:30:00,114.77,115.4574,114.65,114.665,2678657
2023-05-02 09:30:00,113.75,113.95,111.38,111.56,4155558
2023-05-02 10:30:00,111.57,111.76,110.24,110.28,2944166
2023-05-02 11:30:00,110.29,112.13,109.28,109.5564,3105758
2023-05-02 12:30:00,109.53,110.37,109.36,110.16,2337553
2023-05-02 13:30:00,110.17,114.67,109.5,110.23,2281508
2023-05-02 14:30:00,110.24,111.01,110.06,110.84,2900481
2023-05-02 15:30:00,110.85,116.5992,110.02,110.13,3510002
2023-05-03 09:30:00,109.21,109.81,108.55,108.73,2938828
2023-05-03 10:30:00,108.72,109.12,108.34,108.5,2714663
2023-05-03 11:30:00,108.5,109.41,108.425,109.1726,1386674
2023-05-03 12:30:00,109.17,114.4549,108.97,109.52,798051
2023-05-03 13:30:00,109.52,109.71,108.77,108.79,1199021
2023-05-03 14:30:00,108.8,109.35,108.15,108.2063,2153327
2023-05-03 15:30:00,108.19,108.814,107.75,107.93,3002405
2023-05-04 09:30:00,108.01,108.76,106.51,106.53,2892326
2023-05-04 10:30:00,106.53,107.48,106.4,107.1385,2374051
2023-05-04 11:30:00,107.12,107.2715,106.1,106.56,1622735
2023-05-04 12:30:00,106.57,107.95,106.26,107.2,1380528
2023-05-04 13:30:00,107.19,107.93,106.41,106.55,1481485
2023-05-04 14:30:00,106.57,106.93,106.09,106.42,2235920
2023-05-04 15:30:00,106.41,106.8398,105.91,106.07,3184324
2023-05-05 09:30:00,108.49,109.05,106.04,108.46,3578050
2023-05-05 10:30:00,108.46,108.8288,108.21,108.75,1951892
2023-05-05 11:30:00,108.74,109.0,108.5401,108.8,1307672
2023-05-05 12:30:00,108.795,108.95,108.63,108.74,883255
2023-05-05 13:30:00,108.745,109.1488,106.04,109.04,942024
2023-05-05 14:30:00,109.04,109.43,109.0262,109.18,1452823
2023-05-05 15:30:00,109.17,109.175,108.52,108.72,2650482
2023-05-08 09:30:00,110.42,110.97,109.55,109.6725,2575529
2023-05-08 10:30:00,109.69,110.39,109.5,110.2014,1695102
2023-05-08 11:30:00,110.22,110.22,109.5,109.57,902417
2023-05-08 12:30:00,109.57,109.82,109.4,109.78,717602
2023-05-08 13:30:00,109.77,109.83,108.6786,109.4388,923259
2023-05-08 14:30:00,109.44,109.7,109.22,109.3281,996746
2023-05-08 15:30:00,109.33,109.8042,109.04,109.11,1931127
2023-05-09 09:30:00,108.12,109.72,108.1,109.11,2292162
2023-05-09 10:30:00,109.11,109.73,108.67,109.15,1264177
2023-05-09 11:30:00,109.16,109.73,108.8826,108.97,1137116
2023-05-09 12:30:00,108.95,109.45,108.9447,109.4087,817836
2023-05-09 13:30:00,109.41,110.23,109.0986,110.05,1268072
2023-05-09 14:30:00,110.06,110.175,109.81,109.96,893259
2023-05-09 15:30:00,109.9541,110.05,109.11,109.16,2172651
2023-05-10 09:30:00,109.905,116.57,107.5,107.9098,2789991
2023-05-10 10:30:00,107.9,108.38,107.38,107.92,1516149
2023-05-10 11:30:00,107.92,108.09,107.17,107.51,1336529
2023-05-10 12:30:00,107.52,107.66,106.8,106.86,1124873
2023-05-10 13:30:00,106.85,107.6,106.71,107.5588,1006424
2023-05-10 14:30:00,107.56,107.98,107.5,107.9126,975032
2023-05-10 15:30:00,107.86,108.12,107.625,107.74,2351427
2023-05-11 09:30:00,106.5,106.64,105.3,105.9738,2943286
2023-05-11 10:30:00,105.97,106.82,105.75,106.34,2157729
2023-05-11 11:30:00,106.34,106.57,105.42,105.8188,1828023
2023-05-11 12:30:00,105.82,106.14,105.42,105.5976,1367183
2023-05-11 13:30:00,105.595,105.64,104.933,105.24,1765955
2023-05-11 14:30:00,105.25,105.735,105.1,105.56,1972584
2023-05-11 15:30:00,105.55,105.825,105.35,105.78,3075970
2023-05-12 09:30:00,106.395,107.01,106.1,106.19,2544633
2023-05-12 10:30:00,106.2,106.565,105.9,106.14,1822704
2023-05-12 11:30:00,106.13,106.26,105.42,105.44,1215860
2023-05-12 12:30:00,105.44,106.39,105.0455,105.285,1185208
2023-05-12 13:30:00,105.28,115.02,104.77,105.12,1173982
2023-05-12 14:30:00,105.12,115.02,105.03,105.4,1003856
2023-05-12 15:30:00,105.4,105.86,105.34,105.78,2381090
2023-07-25 09:30:00,105.16,105.49,104.53,105.19,2142532
2023-07-25 10:30:00,105.19,105.39,104.99,105.23,1423371
2023-07-25 11:30:00,105.24,105.7,105.2301,105.46,880500
2023-07-25 12:30:00,105.46,105.8199,104.93,105.71,948565
2023-07-25 13:30:00,105.72,106.04,105.695,105.96,822956
2023-07-25 14:30:00,105.96,106.08,105.81,106.02,1288032
2023-07-25 15:30:00,106.02,106.1,105.5302,105.69,2852888
2023-07-26 09:30:00,105.11,105.65,104.71,105.0144,2527024
2023-07-26 10:30:00,105.02,105.14,104.635,104.8189,1381422
2023-07-26 11:30:00,104.815,105.02,104.705,104.92,831177
2023-07-26 12:30:00,104.9109,104.9625,104.69,104.835,935017
2023-07-26 13:30:00,104.835,105.68,104.81,105.0,1195717
2023-07-26 14:30:00,105.0,105.72,104.755,105.01,1676145
2023-07-26 15:30:00,105.0026,105.18,104.895,105.12,2425461
2023-07-27 09:30:00,106.0,106.25,104.74,105.73,3367120
2023-07-27 10:30:00,105.74,106.05,105.34,105.78,1754965
2023-07-27 11:30:00,105.78,106.45,105.7548,106.43,1478811
2023-07-27 12:30:00,106.4294,107.0,106.3,106.385,2071378
2023-07-27 13:30:00,106.39,106.4155,105.09,105.6048,1987007
2023-07-27 14:30:00,105.6399,105.8088,105.27,105.2888,1634272
2023-07-27 15:30:00,105.29,105.8541,105.12,105.43,3011469
2023-07-28 09:30:00,105.34,105.7,102.32,103.6889,4511335
2023-07-28 10:30:00,103.68,103.9422,103.03,103.8647,2180042
2023-07-28 11:30:00,103.87,104.05,103.165,103.65,1606617
2023-07-28 12:30:00,103.66,104.82,103.47,103.61,1137046
2023-07-28 13:30:00,103.62,105.42,103.4778,103.75,1239690
2023-07-28 14:30:00,103.75,104.12,103.51,104.05,1599828
2023-07-28 15:30:00,104.05,104.32,103.5678,104.12,2867207
2023-07-31 09:30:00,105.21,107.34,105.16,106.8488,5554901
2023-07-31 10:30:00,106.832,107.865,106.77,107.43,2295574
2023-07-31 11:30:00,107.43,107.72,107.13,107.62,1589350
2023-07-31 12:30:00,107.625,107.6567,106.92,107.03,1528711
2023-07-31 13:30:00,107.04,107.4,104.16,107.15,2651507
2023-07-31 14:30:00,107.16,107.3214,107.0,107.095,1759724
2023-07-31 15:30:00,107.095,107.24,106.73,107.22,4740672
2023-08-01 09:30:00,107.0,107.32,106.11,106.17,2635023
2023-08-01 10:30:00,106.15,106.91,105.64,105.8313,1567075
2023-08-01 11:30:00,105.835,105.98,105.52,105.86,1040459
2023-08-01 12:30:00,105.85,106.34,105.83,106.31,967554
2023-08-01 13:30:00,106.31,107.24,106.2455,106.29,1141866
2023-08-01 14:30:00,106.29,106.49,105.8,106.425,1032561
2023-08-01 15:30:00,106.425,106.64,106.19,106.6,2167231
2023-08-02 09:30:00,106.49,106.49,105.252,106.06,2382150
2023-08-02 10:30:00,106.052,107.0,104.65,105.03,2111600
2023-08-02 11:30:00,105.02,105.71,104.57,104.69,1850397
2023-08-02 12:30:00,104.69,104.9224,104.57,104.9224,809969
2023-08-02 13:30:00,104.92,106.62,104.72,105.04,1088762
2023-08-02 14:30:00,105.04,105.29,104.91,105.0606,1034667
2023-08-02 15:30:00,105.06,105.48,104.98,105.28,2521806
2023-08-03 09:30:00,105.82,106.44,105.29,105.8,3078715
2023-08-03 10:30:00,105.8,107.09,105.58,106.94,2005830
2023-08-03 11:30:00,106.945,107.48,105.87,107.397,1788560
2023-08-03 12:30:00,107.3988,107.88,103.41,107.8,1621933
2023-08-03 13:30:00,107.79,107.8479,105.29,107.54,1520342
2023-08-03 14:30:00,107.5399,107.5694,107.2,107.2869,1024447
2023-08-03 15:30:00,107.2864,107.54,107.11,107.12,1903132
2023-08-04 09:30:00,108.02,109.2462,105.29,108.7191,3420312
2023-08-04 10:30:00,108.71,109.165,108.595833,108.84,1841029
2023-08-04 11:30:00,108.839,109.12,108.34,109.0,1200150
2023-08-04 12:30:00,109.0,109.1,108.5,108.595,1159346
2023-08-04 13:30:00,108.5989,108.69,107.7,107.825,1499658
2023-08-04 14:30:00,107.82,107.9001,107.43,107.76,1475300
2023-08-04 15:30:00,107.76,108.434,107.325,107.44,2432610
2023-08-07 09:30:00,107.92,108.42,106.67,107.03,2639110
2023-08-07 10:30:00,107.0263,107.2,106.505,106.98,1753377
2023-08-07 11:30:00,106.9811,107.2201,106.63,106.995,1230698
2023-08-07 12:30:00,107.0,107.155,106.88,107.0,1072836
2023-08-07 13:30:00,106.995,107.14,106.63,106.701,823453
2023-08-07 14:30:00,106.7,107.07,106.6866,107.04,1004330
2023-08-07 15:30:00,107.045,107.28,107.0028,107.19,2237181
2023-08-08 09:30:00,106.09,106.09,104.83,106.01,2787130
2023-08-08 10:30:00,106.01,106.59,105.76,106.462,1790411
2023-08-08 11:30:00,106.5,107.19,106.46,107.07,1292331
2023-08-08 12:30:00,107.08,107.2488,105.81,107.0,1026391
2023-08-08 13:30:00,107.0,107.26,106.52,107.2288,1082453
2023-08-08 14:30:00,107.2191,107.73,107.14,107.64,1419508
2023-08-08 15:30:00,107.64,107.75,106.5782,107.72,2158030
2023-08-09 09:30:00,109.0,109.82,108.31,109.66,3524278
2023-08-09 10:30:00,109.65,110.16,108.5544,109.67,3004972
2023-08-09 11:30:00,109.68,110.03,108.87,109.02,1919336
2023-08-09 12:30:00,109.02,109.66,108.89,109.585,1269081
2023-08-09 13:30:00,109.59,110.08,109.5525,110.02,1428664
2023-08-09 14:30:00,110.02,110.3761,109.91,110.35,2678095
2023-08-09 15:30:00,110.35,110.4199,109.45,109.565,3440387
2023-08-10 09:30:00,110.21,111.63,109.92,111.37,3916639
2023-08-10 10:30:00,111.37,111.38,110.35,110.485,2507050
2023-08-10 11:30:00,110.48,111.22,110.22,110.325,1602295
2023-08-10 12:30:00,110.32,111.22,109.94,110.12,1094792
2023-08-10 13:30:00,110.12,110.12,109.44,109.92,1364029
2023-08-10 14:30:00,109.92,110.44,109.86,110.04,1286263
2023-08-10 15:30:00,110.04,110.5604,109.89,110.13,2340601
2023-08-11 09:30:00,109.97,111.42,109.91,111.32,2510567
2023-08-11 10:30:00,111.33,111.87,110.91,111.85,1971555
2023-08-11 11:30:00,111.845,112.07,110.91,111.7331,1864090
2023-08-11 12:30:00,111.74,111.89,111.35,111.51,1117212
2023-08-11 13:30:00,111.5299,111.7967,111.3,111.6689,1308566
2023-08-11 14:30:00,111.67,111.84,111.5823,111.77,1292104
2023-08-11 15:30:00,111.77,111.84,111.4797,111.84,2527575
2023-10-06 09:30:00,106.18,106.83,105.28,106.15,7176303
2023-10-06 10:30:00,106.16,106.6,105.11,106.5001,3398896
2023-10-06 11:30:00,106.52,107.805,106.34,107.795,2886110
2023-10-06 12:30:00,107.785,108.26,107.5114,108.02,2490184
2023-10-06 13:30:00,108.03,108.27,106.05,108.15,1731433
2023-10-06 14:30:00,108.155,115.6175,107.35,107.7214,2085097
2023-10-06 15:30:00,107.725,107.845,107.1,107.17,2597525
2023-10-09 09:30:00,110.44,111.22,109.51,111.14,5938575
2023-10-09 10:30:00,111.15,112.07,110.94,111.5601,3910345
2023-10-09 11:30:00,111.56,111.78,110.5401,110.6805,2230749
2023-10-09 12:30:00,110.5833,110.72,110.29,110.52,1498356
2023-10-09 13:30:00,110.52,111.15,110.44,111.1021,1920244
2023-10-09 14:30:00,111.11,111.18,110.535,111.05,1536592
2023-10-09 15:30:00,111.04,111.04,110.52,110.92,2575620
2023-10-10 09:30:00,111.44,111.44,110.18,110.439,2975499
2023-10-10 10:30:00,110.44,111.16,110.12,111.0332,1886226
2023-10-10 11:30:00,111.04,111.25,110.89,111.095,1348180
2023-10-10 12:30:00,111.1,111.29,110.75,111.26,1092568
2023-10-10 13:30:00,111.26,111.3,111.03,111.055,1197971
2023-10-10 14:30:00,111.05,111.451,110.72,110.7887,1228816
2023-10-10 15:30:00,110.8033,110.86,110.365,110.47,2297891
2023-10-11 09:30:00,106.96,107.17,105.35,105.66,16383486
2023-10-11 10:30:00,105.66,106.73,104.94,105.64,8659874
2023-10-11 11:30:00,105.6499,115.63,104.83,105.05,6359135
2023-10-11 12:30:00,105.065,105.67,104.92,105.49,4914747
2023-10-11 13:30:00,105.49,110.45,105.43,105.76,3617860
2023-10-11 14:30:00,105.765,105.92,105.53,105.66,5020724
2023-10-11 15:30:00,105.655,106.55,105.52,106.47,7937192
2023-10-12 09:30:00,107.59,107.84,106.88,107.1702,8055988
2023-10-12 10:30:00,107.17,114.94,106.61,107.185,3930964
2023-10-12 11:30:00,107.185,107.51,107.07,107.17,2437148
2023-10-12 12:30:00,107.18,107.3857,106.73,106.74,3326264
2023-10-12 13:30:00,106.73,106.8892,106.09,106.4185,3488324
2023-10-12 14:30:00,106.415,106.81,106.3914,106.61,2666828
2023-10-12 15:30:00,106.615,106.62,106.24,106.43,4734202
2023-10-13 09:30:00,108.03,108.91,107.84,108.8188,6684191
2023-10-13 10:30:00,108.81,108.91,108.2331,108.88,3951908
2023-10-13 11:30:00,108.88,109.9499,108.53,109.84,2967339
2023-10-13 12:30:00,109.84,115.2493,109.64,109.69,3228101
2023-10-13 13:30:00,109.68,110.2,109.63,110.01,2828127
2023-10-13 14:30:00,110.01,110.12,109.64,109.89,3019640
2023-10-13 15:30:00,109.89,109.915,109.465,109.87,4150306
2023-10-16 09:30:00,110.595,110.7,109.13,109.645,4188478
2023-10-16 10:30:00,109.65,110.3911,109.37,110.0588,2278946
2023-10-16 11:30:00,110.055,110.0632,109.56,109.6811,1537670
2023-10-16 12:30:00,109.685,110.18,109.54,109.9825,1606818
2023-10-16 13:30:00,109.99,110.1,109.8,109.83,1607998
2023-10-16 14:30:00,109.825,110.0599,109.8,109.985,1917804
2023-10-16 15:30:00,109.99,110.02,109.71,109.93,2809370
2023-10-17 09:30:00,109.52,111.08,109.52,111.0655,3741885
2023-10-17 10:30:00,111.07,111.8,110.96,111.26,3188729
2023-10-17 11:30:00,111.26,111.35,110.45,111.1356,2144542
2023-10-17 12:30:00,111.1376,111.195,110.79,110.945,1668694
2023-10-17 13:30:00,110.95,111.3299,110.8,111.32,1898947
2023-10-17 14:30:00,111.31,111.52,111.13,111.51,2175877
2023-10-17 15:30:00,111.52,111.53,110.09,111.38,3024176
2023-10-18 09:30:00,111.79,113.4,111.7,112.91,6238547
2023-10-18 10:30:00,112.9,113.31,112.62,112.92,3033636
2023-10-18 11:30:00,112.9299,113.02,112.24,112.47,2603008
2023-10-18 12:30:00,112.47,113.23,112.4513,113.105,1503847
2023-10-18 13:30:00,113.1,113.134584,111.4063,113.09,2053440
2023-10-18 14:30:00,113.09,113.27,112.57,112.68,2597323
2023-10-18 15:30:00,112.675,113.0,112.2731,112.94,3404033
2023-10-19 09:30:00,112.72,112.95,111.32,112.51,3751471
2023-10-19 10:30:00,112.5,113.47,112.075,113.35,2827947
2023-10-19 11:30:00,113.3566,113.97,113.1136,113.5,2429989
2023-10-19 12:30:00,113.49,113.72,111.94,113.45,1706081
2023-10-19 13:30:00,113.46,113.55,112.86,113.08,1804400
2023-10-19 14:30:00,113.07,113.11,112.71,112.945,2156419
2023-10-19 15:30:00,112.945,113.19,112.8,113.02,2521364
2023-10-20 09:30:00,112.49,113.32,111.16,111.5299,5435887
2023-10-20 10:30:00,111.52,112.42,111.5,112.02,2491664
2023-10-20 11:30:00,112.03,120.3233,111.65,111.95,2055394
2023-10-20 12:30:00,111.94,112.1,111.24,111.59,2004444
2023-10-20 13:30:00,111.6,123.46,111.22,111.5,1781194
2023-10-20 14:30:00,111.49,111.565,111.1,111.25,1937264
2023-10-20 15:30:00,111.255,111.36,110.79,111.08,3772714
2023-10-23 09:30:00,110.37,110.96,109.36,109.56,4194385
2023-10-23 10:30:00,109.56,112.8762,109.08,110.23,2486765
2023-10-23 11:30:00,110.24,110.455,109.23,109.37,1524954
2023-10-23 12:30:00,109.36,109.6,109.09,109.125,1371160
2023-10-23 13:30:00,109.12,109.445,108.67,108.83,1456137
2023-10-23 14:30:00,108.83,115.83,106.35,109.0255,1859941
2023-10-23 15:30:00,109.035,109.5,108.85,109.43,2761142
2023-10-24 09:30:00,109.7,109.82,108.6601,109.15,3263847
2023-10-24 10:30:00,109.16,109.21,108.69,108.77,1749914
2023-10-24 11:30:00,108.77,109.16,108.33,108.495,1624482
2023-10-24 12:30:00,108.495,110.22,108.12,108.739,1617397
2023-10-24 13:30:00,108.74,110.22,108.44,108.8,1431946
2023-10-24 14:30:00,108.795,108.9,108.29,108.55,1841757
2023-10-24 15:30:00,108.545,108.67,108.37,108.39,3285782
2023-10-25 09:30:00,108.5,109.5,108.39,108.77,3729366
2023-10-25 10:30:00,108.75,110.22,108.2,108.4488,3328338
2023-10-25 11:30:00,108.44,109.16,108.13,108.575,1835910
2023-10-25 12:30:00,108.58,108.84,108.34,108.51,1508358
2023-10-25 13:30:00,108.51,109.85,108.33,108.775,1600997
2023-10-25 14:30:00,108.77,111.08,108.575,108.705,1727911
2023-10-25 15:30:00,108.705,108.81,108.48,108.58,2619279
2023-10-26 09:30:00,107.45,108.03,106.495,107.73,3417634
2023-10-26 10:30:00,107.73,108.34,107.08,107.19,2046737
2023-10-26 11:30:00,107.19,107.5,106.75,106.925,1854785
2023-10-26 12:30:00,106.925,107.285,106.845,106.97,1540111
2023-10-26 13:30:00,106.96,107.26,106.66,107.14,1363579
2023-10-26 14:30:00,107.12,107.57,107.113,107.38,1914193
2023-10-26 15:30:00,107.375,107.57,107.2145,107.56,2834984
2023-10-27 09:30:00,108.89,109.86,105.95,106.22,5392436
2023-10-27 10:30:00,106.21,106.3243,105.09,105.13,3019711
2023-10-27 11:30:00,105.12,109.1,105.01,105.085,2492331
2023-10-27 12:30:00,105.07,105.56,104.95,105.445,2336269
2023-10-27 13:30:00,105.45,106.0,105.23,105.9052,2029401
2023-10-27 14:30:00,105.865,106.07,104.9899,105.325,2162929
2023-10-27 15:30:00,105.3298,105.59,105.02,105.55,2500552
2023-10-30 09:30:00,105.71,106.43,105.3744,105.78,3572940
2023-10-30 10:30:00,105.77,105.92,105.21,105.3918,2200878
2023-10-30 11:30:00,105.3901,105.57,105.23,105.465,2157553
2023-10-30 12:30:00,105.475,105.7599,105.3449,105.5402,1710016
2023-10-30 13:30:00,105.545,105.92,105.245,105.4788,2239955
2023-10-30 14:30:00,105.48,109.45,105.4044,105.7282,2144297
2023-10-30 15:30:00,105.725,106.05,105.71,105.84,2966115
2023-10-31 09:30:00,105.6,106.16,104.54,105.72,3342272
2023-10-31 10:30:00,105.715,105.9,105.37,105.855,2002451
2023-10-31 11:30:00,105.86,105.95,105.38,105.46,1510673
2023-10-31 12:30:00,105.45,105.875,105.22,105.645,1581112
2023-10-31 13:30:00,105.6408,105.86,105.48,105.52,1493785
2023-10-31 14:30:00,105.52,105.92,105.4,105.7191,1968480
2023-10-31 15:30:00,105.7169,106.1475,105.67,105.85,3392781
2023-11-01 09:30:00,106.69,107.17,105.59,106.63,4145766
2023-11-01 10:30:00,106.64,107.091,106.43,106.485,2422000
2023-11-01 11:30:00,106.48,106.71,106.345,106.385,2414170
2023-11-01 12:30:00,106.385,106.4987,105.93,106.27,2068290
2023-11-01 13:30:00,106.27,106.7,105.91,106.17,2178691
2023-11-01 14:30:00,106.165,106.35,105.8318,106.235,4065084
2023-11-01 15:30:00,106.235,106.38,105.46,105.61,6259707
2023-11-02 09:30:00,106.03,107.625,105.5,107.29,4195098
2023-11-02 10:30:00,107.28,107.92,107.1604,107.6538,2878369
2023-11-02 11:30:00,107.65,108.33,107.6,107.88,2797799
2023-11-02 12:30:00,107.89,108.48,105.64,108.45,1820109
2023-11-02 13:30:00,108.445,108.76,105.64,108.53,1666803
2023-11-02 14:30:00,108.525,108.78,108.18,108.725,2227586
2023-11-02 15:30:00,108.725,109.2,107.9492,109.13,5031742
2023-11-03 09:30:00,108.66,108.78,107.44,107.51,4507727
2023-11-03 10:30:00,107.515,107.63,106.54,107.0721,3123000
2023-11-03 11:30:00,107.07,108.33,106.98,107.37,1887523
2023-11-03 12:30:00,107.365,107.55,107.18,107.349,2282848
2023-11-03 13:30:00,107.35,107.46,107.2026,107.3399,1689756
2023-11-03 14:30:00,107.33,107.74,107.2882,107.725,2195864
2023-11-03 15:30:00,107.725,107.965,107.5627,107.78,4197026
2023-11-06 09:30:00,108.16,108.27,107.15,107.495,3394739
2023-11-06 10:30:00,107.4988,107.62,106.865,107.08,1818168
2023-11-06 11:30:00,107.07,107.62,106.75,106.76,1412484
2023-11-06 12:30:00,106.7577,106.93,106.25,106.29,1519369
2023-11-06 13:30:00,106.2953,106.31,105.77,105.975,1990487
2023-11-06 14:30:00,105.98,106.21,105.82,106.0638,2028605
2023-11-06 15:30:00,106.065,106.6891,105.77,105.93,3717147
2023-11-07 09:30:00,104.46,104.53,103.285,103.66,4648071
2023-11-07 10:30:00,103.6686,104.15,103.39,103.59,2516796
2023-11-07 11:30:00,103.6,113.02,103.55,103.8677,1860266
2023-11-07 12:30:00,103.86,104.55,103.68,104.49,2001347
2023-11-07 13:30:00,104.48,113.02,104.41,104.7167,1850636
2023-11-07 14:30:00,104.715,104.78,104.01,104.212,1808709
2023-11-07 15:30:00,104.215,104.43,103.9819,104.22,3486493
2023-11-08 09:30:00,103.63,104.9,103.58,103.86,3298718
2023-11-08 10:30:00,103.86,104.03,103.5,103.875,2039213
2023-11-08 11:30:00,103.87,115.675,103.33,103.3736,1940814
2023-11-08 12:30:00,103.375,103.375,102.99,103.18,1784453
2023-11-08 13:30:00,103.18,104.21,103.12,103.23,1339107
2023-11-08 14:30:00,103.23,103.29,103.05,103.1721,1738680
2023-11-08 15:30:00,103.175,103.5526,102.89,102.93,3736521
2023-11-09 09:30:00,103.71,103.98,103.3087,103.639,3412657
2023-11-09 10:30:00,103.63,103.94,103.265,103.4091,2644088
2023-11-09 11:30:00,103.4,105.87,103.14,103.5799,1594153
2023-11-09 12:30:00,103.575,103.7,103.25,103.3101,1642952
2023-11-09 13:30:00,103.31,103.3243,103.08,103.165,1409155
2023-11-09 14:30:00,103.165,103.32,103.02,103.19,1656350
2023-11-09 15:30:00,103.185,103.4216,102.85,102.96,3351799
2023-11-10 09:30:00,103.93,104.41,103.33,103.6,3288390
2023-11-10 10:30:00,103.62,107.385,102.9,103.1451,2374731
2023-11-10 11:30:00,103.14,103.6,102.93,103.055,1703357
2023-11-10 12:30:00,103.055,103.9101,103.0281,103.8038,1740961
2023-11-10 13:30:00,103.81,104.0,102.9682,103.515,1711271
2023-11-10 14:30:00,103.514,103.735,103.4429,103.72,1702101
2023-11-10 15:30:00,103.715,103.8,103.4875,103.79,3233896
2024-01-30 09:30:00,102.41,103.37,102.09,103.0023,4113029
2024-01-30 10:30:00,103.005,104.88,102.99,103.73,2523245
2024-01-30 11:30:00,103.72,103.99,103.67,103.79,1503578
2024-01-30 12:30:00,103.785,103.865,103.625,103.865,1195582
2024-01-30 13:30:00,103.87,104.36,103.7718,104.326,1642291
2024-01-30 14:30:00,104.325,104.62,104.26,104.6185,2416347
2024-01-30 15:30:00,104.62,104.88,104.49,104.8,3470338
2024-01-31 09:30:00,104.68,104.88,103.83,104.56,3934985
2024-01-31 10:30:00,104.56,104.63,103.98,104.01,1922529
2024-01-31 11:30:00,104.005,104.1188,103.41,103.73,1597469
2024-01-31 12:30:00,103.72,103.85,103.5,103.699,1506743
2024-01-31 13:30:00,103.69,103.92,103.51,103.715,1548004
2024-01-31 14:30:00,103.71,103.9809,100.1021,103.3409,2868422
2024-01-31 15:30:00,103.34,103.3588,102.77,102.79,2905395
2024-02-01 09:30:00,103.57,104.03,101.4,103.2751,3735013
2024-02-01 10:30:00,103.2751,103.3681,102.705,103.2952,2183420
2024-02-01 11:30:00,103.3,103.645,103.195,103.505,1236412
2024-02-01 12:30:00,103.505,103.6,101.62,102.73,3334318
2024-02-01 13:30:00,102.73,103.25,102.06,102.0872,2271233
2024-02-01 14:30:00,102.08,102.7099,101.92,102.38,1813326
2024-02-01 15:30:00,102.385,102.53,102.17,102.42,2089561
2024-02-02 09:30:00,103.75,104.0,101.611,103.215,5684458
2024-02-02 10:30:00,103.22,103.445,101.89,103.42,3250794
2024-02-02 11:30:00,103.42,103.49,103.07,103.405,2055593
2024-02-02 12:30:00,103.41,103.52,102.865,102.88,1867898
2024-02-02 13:30:00,102.8882,103.0392,102.3,102.4044,1474002
2024-02-02 14:30:00,102.405,102.93,102.23,102.82,1809033
2024-02-02 15:30:00,102.82,102.83,101.88,101.931,2670004
2024-02-05 09:30:00,101.65,101.65,100.5,100.65,3776196
2024-02-05 10:30:00,100.64,101.64,100.57,101.6,2207809
2024-02-05 11:30:00,101.61,101.95,101.27,101.885,1453345
2024-02-05 12:30:00,101.88,102.28,100.87,102.12,1481249
2024-02-05 13:30:00,102.125,102.38,101.7,101.765,1711815
2024-02-05 14:30:00,101.765,102.03,101.73,101.97,1257289
2024-02-05 15:30:00,101.9646,102.05,101.49,101.49,2557475
2024-02-06 09:30:00,102.105,102.3201,101.56,102.25,2764800
2024-02-06 10:30:00,102.2474,102.45,101.9,102.15,1754061
2024-02-06 11:30:00,102.155,103.04,102.15,102.575,1785270
2024-02-06 12:30:00,102.57,102.82,102.34,102.485,1200872
2024-02-06 13:30:00,102.48,102.6699,102.265,102.365,1333227
2024-02-06 14:30:00,102.37,102.4088,102.0623,102.1053,1545955
2024-02-06 15:30:00,102.1,102.29,102.01,102.265,1657868
2024-02-07 09:30:00,102.25,102.73,101.175,101.5298,2539991
2024-02-07 10:30:00,101.52,103.0,101.32,101.7345,2032554
2024-02-07 11:30:00,101.75,101.86,101.49,101.5581,1209212
2024-02-07 12:30:00,101.56,102.51,101.55,101.875,1118346
2024-02-07 13:30:00,101.871,101.92,101.5,101.805,1447511
2024-02-07 14:30:00,101.81,102.13,101.69,102.0538,1334460
2024-02-07 15:30:00,102.055,102.33,102.05,102.23,2191697
2024-02-08 09:30:00,102.385,103.4,102.11,103.24,3319205
2024-02-08 10:30:00,103.25,103.7,103.17,103.4,2630979
2024-02-08 11:30:00,103.41,103.8,103.2,103.55,1987381
2024-02-08 12:30:00,103.555,103.65,103.19,103.2099,1627680
2024-02-08 13:30:00,103.2,103.74,103.18,103.685,1688075
2024-02-08 14:30:00,103.69,104.42,103.59,104.09,2777484
2024-02-08 15:30:00,104.09,104.26,103.79,103.97,2664865
2024-02-09 09:30:00,104.15,104.84,103.29,103.54,3998987
2024-02-09 10:30:00,103.4266,103.71,101.9,102.045,3158753
2024-02-09 11:30:00,102.045,102.25,101.705,102.14,2369086
2024-02-09 12:30:00,102.14,102.22,101.82,102.1601,1282016
2024-02-09 13:30:00,102.16,104.06,101.95,102.065,1330485
2024-02-09 14:30:00,102.0688,102.1,101.735,102.055,1351462
2024-02-09 15:30:00,102.055,102.7501,101.7,101.755,3271553
2024-02-12 09:30:00,102.11,102.9421,102.0,102.7,3010189
2024-02-12 10:30:00,102.7,102.825,102.39,102.73,1799171
2024-02-12 11:30:00,102.725,103.02,102.65,102.9484,1659532
2024-02-12 12:30:00,102.9426,103.06,102.77,102.995,1229021
2024-02-12 13:30:00,103.0,103.3,102.905,103.0,1489241
2024-02-12 14:30:00,103.005,103.4,102.865,103.225,2116774
2024-02-12 15:30:00,103.225,103.36,102.9461,103.175,3819584
2024-02-13 09:30:00,102.55,103.16,100.93,101.085,3948305
2024-02-13 10:30:00,101.08,101.59,100.715,101.475,2088077
2024-02-13 11:30:00,101.4771,102.51,101.41,101.71,1118259
2024-02-13 12:30:00,101.705,102.16,101.285,101.852,1528062
2024-02-13 13:30:00,101.8549,101.8721,101.21,101.2352,1528560
2024-02-13 14:30:00,101.25,101.32,100.6,100.8101,2117016
2024-02-13 15:30:00,100.815,101.4504,100.74,101.34,3918863
2024-02-14 09:30:00,102.005,102.62,101.5,101.7691,3033819
2024-02-14 10:30:00,101.77,102.34,100.85,101.19,2439168
2024-02-14 11:30:00,101.19,103.97,97.8744,100.73,1843330
2024-02-14 12:30:00,100.735,102.4964,100.59,100.62,1358025
2024-02-14 13:30:00,100.615,100.885,100.52,100.625,1641493
2024-02-14 14:30:00,100.62,100.92,100.5157,100.615,1584429
2024-02-14 15:30:00,100.615,101.1515,100.42,100.82,3259473
2024-02-15 09:30:00,100.6,102.53,100.6,102.31,4017503
2024-02-15 10:30:00,102.31,102.71,102.15,102.53,2369147
2024-02-15 11:30:00,102.53,103.19,102.03,103.08,2548452
2024-02-15 12:30:00,103.09,103.26,101.0315,103.255,1677801
2024-02-15 13:30:00,103.26,103.6,100.84,103.545,1747878
2024-02-15 14:30:00,103.5462,103.94,103.5341,103.61,2363787
2024-02-15 15:30:00,103.605,103.8,102.8738,103.74,4535888
2024-02-16 09:30:00,104.0,104.45,103.52,103.87,4185791
2024-02-16 10:30:00,103.865,104.07,103.585,103.95,2035594
2024-02-16 11:30:00,103.95,104.63,99.62,104.4,1938305
2024-02-16 12:30:00,104.41,104.58,103.93,104.27,1671832
2024-02-16 13:30:00,104.28,104.545,104.19,104.497,1828629
2024-02-16 14:30:00,104.495,104.6,103.99,104.0988,2230407
2024-02-16 15:30:00,104.1,104.19,103.63,103.76,3508465
2024-04-30 09:30:00,119.25,120.21,118.773,119.39,3124415
2024-04-30 10:30:00,119.38,119.7,119.01,119.515,2152440
2024-04-30 11:30:00,119.52,119.53,118.9,119.02,1879886
2024-04-30 12:30:00,119.02,119.0561,118.175,118.92,2034506
2024-04-30 13:30:00,118.9113,119.28,114.54883,119.045,1253980
2024-04-30 14:30:00,119.1247,120.625,118.2777,118.3834,1462807
2024-04-30 15:30:00,118.385,119.0969,117.98,118.195,3482573
2024-05-01 09:30:00,118.27,118.69,117.24,117.36,3510571
2024-05-01 10:30:00,117.35,117.84,116.47,116.58,2457276
2024-05-01 11:30:00,116.58,116.64,115.94,116.327,3990122
2024-05-01 12:30:00,116.32,119.4578,116.02,116.14,2485343
2024-05-01 13:30:00,116.15,116.595,115.78,116.584,2036896
2024-05-01 14:30:00,116.585,117.52,116.29,116.97,2958343
2024-05-01 15:30:00,116.97,117.4,115.65,115.95,8013824
2024-05-02 09:30:00,116.37,117.27,115.9,116.84,6279769
2024-05-02 10:30:00,116.84,117.01,116.14,116.3398,3396780
2024-05-02 11:30:00,116.335,116.55,115.99,116.11,2006642
2024-05-02 12:30:00,116.1067,116.53,115.9011,116.51,1919282
2024-05-02 13:30:00,116.5,116.53,116.16,116.27,2093914
2024-05-02 14:30:00,116.27,116.7,116.14,116.38,2576082
2024-05-02 15:30:00,116.38,116.56,115.98,116.22,4517455
2024-05-03 09:30:00,116.25,116.26,114.11,114.4,4905189
2024-05-03 10:30:00,114.4,115.55,114.18,114.88,2841389
2024-05-03 11:30:00,114.89,115.62,114.7701,115.59,1665358
2024-05-03 12:30:00,115.58,121.7799,115.4842,115.68,1671102
2024-05-03 13:30:00,115.68,116.24,115.29,115.3126,1346589
2024-05-03 14:30:00,115.32,115.655,115.19,115.6044,2037697
2024-05-03 15:30:00,115.6,116.07,115.1747,116.02,3483365
2024-05-06 09:30:00,116.51,117.9242,116.4,117.8148,3895916
2024-05-06 10:30:00,117.81,117.9,117.22,117.25,1989723
2024-05-06 11:30:00,117.25,118.34,117.13,118.2,1983181
2024-05-06 12:30:00,118.2,118.2166,117.15,117.405,2012622
2024-05-06 13:30:00,117.405,117.5002,117.1,117.255,2358643
2024-05-06 14:30:00,117.26,117.3599,117.12,117.18,2181090
2024-05-06 15:30:00,117.18,117.295,116.62,116.72,4169121
2024-05-07 09:30:00,116.9,117.6,116.24,116.3099,4514902
2024-05-07 10:30:00,116.3,119.37,115.93,116.82,2099527
2024-05-07 11:30:00,116.82,116.88,116.35,116.85,1409466
2024-05-07 12:30:00,116.85,117.05,116.71,117.0,1429470
2024-05-07 13:30:00,117.0,117.0399,116.57,116.5803,1683702
2024-05-07 14:30:00,116.58,116.775,116.36,116.735,1654813
2024-05-07 15:30:00,116.735,119.9501,116.17,116.21,3965882
2024-05-08 09:30:00,115.57,116.9542,115.41,116.41,3104539
2024-05-08 10:30:00,116.41,121.4683,116.32,116.73,2193412
2024-05-08 11:30:00,116.73,116.91,116.265,116.315,1366109
2024-05-08 12:30:00,116.315,116.382,116.08,116.0801,1149634
2024-05-08 13:30:00,116.08,116.16,115.6249,115.72,1340502
2024-05-08 14:30:00,115.72,116.12,115.7021,116.046,1577941
2024-05-08 15:30:00,116.045,116.33,115.93,116.16,2811083
2024-05-09 09:30:00,116.11,117.725,116.11,117.58,3244092
2024-05-09 10:30:00,117.6,118.1099,117.575,117.8,1946382
2024-05-09 11:30:00,117.805,117.89,117.62,117.6317,1430214
2024-05-09 12:30:00,117.62,117.73,117.54,117.6485,1195273
2024-05-09 13:30:00,117.655,118.1701,117.27,118.085,1421772
2024-05-09 14:30:00,118.085,118.5,118.0,118.33,1959094
2024-05-09 15:30:00,118.325,118.53,118.3,118.47,2723286
2024-05-10 09:30:00,118.75,118.75,117.81,118.285,2870008
2024-05-10 10:30:00,118.29,118.66,116.0654,118.31,1488676
2024-05-10 11:30:00,118.3,118.38,117.8,117.8288,866884
2024-05-10 12:30:00,117.83,117.865,117.58,117.7087,793850
2024-05-10 13:30:00,117.7,118.784,117.59,117.665,925709
2024-05-10 14:30:00,117.665,119.64,117.6112,118.075,1225601
2024-05-10 15:30:00,118.07,118.11,117.91,117.955,2693802
2024-05-13 09:30:00,118.37,119.04,117.93,118.03,3019848
2024-05-13 10:30:00,118.02,118.35,117.2,117.21,2098755
2024-05-13 11:30:00,117.2193,117.91,117.185,117.805,908688
2024-05-13 12:30:00,117.81,117.8364,117.24,117.3401,1014387
2024-05-13 13:30:00,117.34,117.73,117.115,117.6832,1136168
2024-05-13 14:30:00,117.7028,118.13,117.6764,117.86,1732608
2024-05-13 15:30:00,117.865,118.075,117.74,117.88,2436450
2024-05-14 09:30:00,116.77,117.39,116.48,116.735,2781908
2024-05-14 10:30:00,116.725,117.06,116.53,116.9,1538303
2024-05-14 11:30:00,116.9054,117.29,116.75,116.82,1109053
2024-05-14 12:30:00,116.81,117.29,116.7869,117.14,905204
2024-05-14 13:30:00,117.1387,117.21,106.77,117.175,855428
2024-05-14 14:30:00,117.175,118.47,117.145,117.49,1322407
2024-05-14 15:30:00,117.485,117.74,117.0714,117.61,2397345
2024-05-15 09:30:00,117.67,117.79,116.071,116.3763,3660098
2024-05-15 10:30:00,116.3,118.02,116.295,117.885,3349414
2024-05-15 11:30:00,117.88,118.33,117.8,118.06,1653418
2024-05-15 12:30:00,118.06,118.695,116.56,118.68,1239077
2024-05-15 13:30:00,118.67,118.67,117.67,118.2682,1250369
2024-05-15 14:30:00,118.26,118.305,118.06,118.1488,1646128
2024-05-15 15:30:00,118.14,118.84,118.07,118.615,2585972
2024-05-16 09:30:00,118.81,119.3,118.3275,118.865,2487193
2024-05-16 10:30:00,118.875,119.29,118.825,118.885,1538149
2024-05-16 11:30:00,118.885,118.955,118.4,118.4537,1092852
2024-05-16 12:30:00,118.45,118.46,117.95,117.99,1008914
2024-05-16 13:30:00,117.98,118.08,117.54,117.775,1231982
2024-05-16 14:30:00,117.78,118.105,117.69,117.955,1137261
2024-05-16 15:30:00,117.96,118.13,117.73,117.9,2126756
2024-05-17 09:30:00,118.3,118.85,117.96,118.67,2458694
2024-05-17 10:30:00,118.66,118.92,118.44,118.805,2687446
2024-05-17 11:30:00,118.8055,119.07,118.72,118.954,1033858
2024-05-17 12:30:00,118.94,119.3288,118.93,119.24,1072943
2024-05-17 13:30:00,119.2499,119.58,119.135925,119.58,1180731
2024-05-17 14:30:00,119.58,119.82,119.5114,119.675,1506027
2024-05-17 15:30:00,119.68,119.83,116.5589,119.67,2603388
2024-07-30 09:30:00,116.29,117.44,116.15,117.3464,1852763
2024-07-30 10:30:00,117.34,117.63,117.1,117.1397,1171636
2024-07-30 11:30:00,117.14,117.77,117.0012,117.74,891384
2024-07-30 12:30:00,117.74,118.56,117.69,118.36,1522387
2024-07-30 13:30:00,118.3578,118.595,118.125,118.1406,974580
2024-07-30 14:30:00,118.14,118.285,116.07,118.145,1253839
2024-07-30 15:30:00,118.15,118.5,116.07,118.18,1523309
2024-07-31 09:30:00,119.37,119.76,118.82,119.7,2317448
2024-07-31 10:30:00,119.7,119.7302,119.04,119.23,1321110
2024-07-31 11:30:00,119.23,119.6,119.14,119.43,1062557
2024-07-31 12:30:00,119.42,119.63,118.87,118.985,1185800
2024-07-31 13:30:00,118.97,119.4599,113.6296,119.2,931759
2024-07-31 14:30:00,119.2,119.52,118.98,119.1072,1192756
2024-07-31 15:30:00,119.2,119.63,118.55,118.62,2582487
2024-08-01 09:30:00,118.22,119.5,117.56,117.8824,2674012
2024-08-01 10:30:00,117.83,118.0,116.7405,117.15,1897302
2024-08-01 11:30:00,117.15,117.5,116.835,117.371,1729307
2024-08-01 12:30:00,117.37,118.19,116.92,116.93,1042264
2024-08-01 13:30:00,116.91,118.59,116.36,116.45,1205059
2024-08-01 14:30:00,116.4501,117.01,116.36,116.9,1273875
2024-08-01 15:30:00,116.905,117.3131,116.69,116.9,3112949
2024-08-02 09:30:00,116.34,118.87,115.91,117.6888,4675841
2024-08-02 10:30:00,117.65,117.8856,115.55,116.2925,2899975
2024-08-02 11:30:00,116.3,117.0199,116.05,116.27,1970254
2024-08-02 12:30:00,116.28,116.38,115.89,116.11,1498732
2024-08-02 13:30:00,116.11,116.95,115.41,116.32,1693635
2024-08-02 14:30:00,116.325,118.9802,115.79,116.5945,2272901
2024-08-02 15:30:00,116.59,117.06,116.0,116.86,2432514
2024-08-05 09:30:00,115.33,116.031,113.91,113.92,4502647
2024-08-05 10:30:00,113.94,114.3788,113.25,113.63,2090754
2024-08-05 11:30:00,113.6395,115.61,113.5092,115.37,1927999
2024-08-05 12:30:00,115.36,115.45,114.71,115.06,1158446
2024-08-05 13:30:00,115.06,115.68,114.8718,115.435,1175362
2024-08-05 14:30:00,115.43,115.6,114.88,114.99,1372966
2024-08-05 15:30:00,114.99,115.0239,113.6,114.79,2758209
2024-08-06 09:30:00,114.75,115.38,113.62,114.6936,3060015
2024-08-06 10:30:00,114.71,115.61,114.58,114.71,1642872
2024-08-06 11:30:00,114.7,115.24,114.58,115.01,1045388
2024-08-06 12:30:00,115.0026,115.32,114.78,115.23,993448
2024-08-06 13:30:00,115.24,115.5,114.76,115.14,871290
2024-08-06 14:30:00,115.14,115.63,114.7323,115.16,1086230
2024-08-06 15:30:00,115.16,115.21,114.0,114.04,2681357
2024-08-07 09:30:00,115.37,117.05,115.05,115.74,2649845
2024-08-07 10:30:00,115.75,116.69,115.425,116.56,1649806
2024-08-07 11:30:00,116.57,117.04,115.67,116.965,1302461
2024-08-07 12:30:00,116.96,117.12,115.83,116.151,802228
2024-08-07 13:30:00,116.1698,116.6455,115.62,115.9964,1204481
2024-08-07 14:30:00,115.92,116.16,115.43,116.1,1084913
2024-08-07 15:30:00,116.0988,116.32,114.35,115.7,2503583
2024-08-08 09:30:00,115.93,117.56,115.72,117.27,2041496
2024-08-08 10:30:00,117.27,117.5288,117.0,117.19,1188135
2024-08-08 11:30:00,117.195,117.6,113.5,117.44,942339
2024-08-08 12:30:00,117.43,117.75,116.521,117.61,918355
2024-08-08 13:30:00,117.605,118.1099,117.47,117.75,1183529
2024-08-08 14:30:00,117.75,117.81,117.55,117.725,965540
2024-08-08 15:30:00,117.72,118.0,117.26,117.89,2562668
2024-08-09 09:30:00,117.95,118.22,117.35,118.09,2095191
2024-08-09 10:30:00,118.09,118.84,116.25,118.6,1214459
2024-08-09 11:30:00,118.6,118.86,118.25,118.52,980871
2024-08-09 12:30:00,118.52,119.3,118.4432,119.27,913951
2024-08-09 13:30:00,119.27,119.31,118.57,118.69,830793
2024-08-09 14:30:00,118.69,119.1,118.42,119.01,1132887
2024-08-09 15:30:00,119.0,119.15,118.55,118.85,1473666
2024-08-12 09:30:00,119.47,120.1699,118.49,118.66,3139819
2024-08-12 10:30:00,118.66,119.19,118.54,118.96,1456330
2024-08-12 11:30:00,118.97,118.99,118.44,118.465,1297042
2024-08-12 12:30:00,118.475,118.56,114.64,118.32,1011741
2024-08-12 13:30:00,118.32,118.71,115.3311,118.635,979928
2024-08-12 14:30:00,118.635,118.8,117.49,118.71,1114376
2024-08-12 15:30:00,118.7,119.04,118.52,119.0,2365874
2024-08-13 09:30:00,118.394,119.0,117.54,117.74,2404648
2024-08-13 10:30:00,117.75,118.03,117.49,117.8,1398698
2024-08-13 11:30:00,117.79,118.2,114.16,118.076,891454
2024-08-13 12:30:00,118.07,118.28,117.82,117.9593,783985
2024-08-13 13:30:00,117.96,118.33,114.64,118.089,839561
2024-08-13 14:30:00,118.089,118.29,117.89,117.9802,901859
2024-08-13 15:30:00,117.969,117.99,117.57,117.86,2258927
2024-08-14 09:30:00,118.01,118.92,117.63,118.6899,1918297
2024-08-14 10:30:00,118.69,118.79,117.8191,118.1688,1310739
2024-08-14 11:30:00,118.1657,119.26,118.12,118.77,842548
2024-08-14 12:30:00,118.78,120.0,118.77,119.09,769907
2024-08-14 13:30:00,119.1,119.44,119.0456,119.385,976513
2024-08-14 14:30:00,119.38,119.9,119.3204,119.42,1173650
2024-08-14 15:30:00,119.42,119.4554,118.8301,118.9,2292739
2024-08-15 09:30:00,118.32,118.8899,118.1,118.5407,2279952
2024-08-15 10:30:00,118.56,119.63,118.5296,119.52,1520977
2024-08-15 11:30:00,119.5292,119.63,119.09,119.2324,756867
2024-08-15 12:30:00,119.24,120.09,116.95,119.12,734175
2024-08-15 13:30:00,119.1501,119.17,114.6049,119.08,667614
2024-08-15 14:30:00,119.07,119.11,118.78,118.88,781082
2024-08-15 15:30:00,118.88,118.9308,118.49,118.71,2028490
2024-08-16 09:30:00,117.97,118.4488,117.65,117.73,2728911
2024-08-16 10:30:00,117.74,118.13,117.66,118.08,921363
2024-08-16 11:30:00,118.06,118.3,117.68,118.045,767210
2024-08-16 12:30:00,118.0401,118.25,117.86,118.175,608569
2024-08-16 13:30:00,118.175,118.48,118.13,118.2056,605637
2024-08-16 14:30:00,118.21,118.33,118.02,118.03,649205
2024-08-16 15:30:00,118.04,118.319,118.0201,118.15,1701099
2024-10-29 09:30:00,118.89,119.184,117.94,118.97,1694273
2024-10-29 10:30:00,118.98,119.18,117.85,117.87,1254188
2024-10-29 11:30:00,117.86,119.6436,117.7,117.955,1000020
2024-10-29 12:30:00,117.95,118.0332,117.26,117.3237,1174605
2024-10-29 13:30:00,117.36,120.0905,117.07,117.41,989602
2024-10-29 14:30:00,117.42,117.5,117.11,117.17,1117432
2024-10-29 15:30:00,117.17,117.8735,117.07,117.31,2219208
2024-10-30 09:30:00,117.71,118.28,117.28,117.5019,2031714
2024-10-30 10:30:00,117.52,119.35,117.38,117.8,1278011
2024-10-30 11:30:00,117.806,117.96,117.18,117.305,877189
2024-10-30 12:30:00,117.3,117.43,116.97,117.195,734400
2024-10-30 13:30:00,117.2,117.3688,116.97,117.14,779321
2024-10-30 14:30:00,117.14,119.8937,116.58,116.838,1329724
2024-10-30 15:30:00,116.955,117.4324,116.48,116.795,2280724
2024-10-31 09:30:00,117.15,118.679,116.91,118.02,2551881
2024-10-31 10:30:00,118.02,118.3412,117.71,117.8,1138078
2024-10-31 11:30:00,117.8,118.21,117.06,117.07,1425314
2024-10-31 12:30:00,117.06,117.5,117.0224,117.155,1297920
2024-10-31 13:30:00,117.155,117.28,116.81,117.045,1841196
2024-10-31 14:30:00,117.04,117.42,116.9,117.14,4142747
2024-10-31 15:30:00,117.14,117.338,116.68,116.74,3349404
2024-11-01 09:30:00,119.61,120.02,117.05,117.43,5236306
2024-11-01 10:30:00,117.4388,117.6388,116.38,116.8781,2348441
2024-11-01 11:30:00,116.98,117.2699,116.6,116.71,1799535
2024-11-01 12:30:00,116.71,116.81,116.1,116.1667,1244887
2024-11-01 13:30:00,116.17,120.66,115.64,115.84,1732896
2024-11-01 14:30:00,115.85,116.06,115.28,115.41,1591996
2024-11-01 15:30:00,115.41,116.889,114.84,114.98,3906078
2024-11-04 09:30:00,116.05,118.9,115.83,118.45,3317598
2024-11-04 10:30:00,118.43,118.64,117.95,117.9957,1708719
2024-11-04 11:30:00,117.98,118.49,117.93,118.43,1086708
2024-11-04 12:30:00,118.42,118.53,117.76,118.283202,1066185
2024-11-04 13:30:00,118.28,118.42,118.08,118.2,853400
2024-11-04 14:30:00,118.19,118.68,118.085,118.5961,1098555
2024-11-04 15:30:00,118.6,118.7,118.0711,118.6,2578268
2024-11-05 09:30:00,119.26,119.4,118.01,118.9902,1844927
2024-11-05 10:30:00,118.99,119.21,118.69,118.895,1502995
2024-11-05 11:30:00,118.9,119.19,118.8609,118.9099,727717
2024-11-05 12:30:00,118.9,119.04,118.32,118.4679,732178
2024-11-05 13:30:00,118.47,118.48,118.06,118.35,709827
2024-11-05 14:30:00,118.36,118.63,118.3,118.54,870870
2024-11-05 15:30:00,118.54,119.01,118.4973,118.99,2036411
2024-11-06 09:30:00,121.16,121.91,119.28,121.36,5420879
2024-11-06 10:30:00,121.37,121.8,117.1561,120.64,2461928
2024-11-06 11:30:00,120.6488,121.0,120.41,120.98,1374925
2024-11-06 12:30:00,120.98,121.67,120.7834,121.2457,854621
2024-11-06 13:30:00,121.24,121.77,121.1498,121.62,1014186
2024-11-06 14:30:00,121.62,121.83,121.4942,121.6074,1441026
2024-11-06 15:30:00,121.615,121.69,120.85,120.95,2718896
2024-11-07 09:30:00,120.65,121.3,118.61,120.45,2123005
2024-11-07 10:30:00,120.43,120.5889,119.96,120.02,1137473
2024-11-07 11:30:00,120.02,120.58,119.61,120.5392,1085562
2024-11-07 12:30:00,120.5579,120.96,116.78,120.85,981221
2024-11-07 13:30:00,120.84,121.22,120.7212,121.015,973682
2024-11-07 14:30:00,121.02,121.51,120.9712,121.3891,1207702
2024-11-07 15:30:00,121.385,121.5,120.95,121.12,1343287
2024-11-08 09:30:00,121.0,121.2388,119.66,120.13,2500222
2024-11-08 10:30:00,120.14,120.78,119.9235,120.63,1542659
2024-11-08 11:30:00,120.62,120.72,120.034,120.66,788794
2024-11-08 12:30:00,120.6461,120.83,120.35,120.77,603056
2024-11-08 13:30:00,120.75,121.18,120.7255,120.9909,827253
2024-11-08 14:30:00,120.955,121.42,120.93,121.135,1049100
2024-11-08 15:30:00,121.14,121.17,120.5774,121.15,1881061
2024-11-11 09:30:00,121.0,121.625,120.06,121.04,2562858
2024-11-11 10:30:00,121.04,121.2882,120.35,120.38,1299576
2024-11-11 11:30:00,120.38,121.07,120.33,120.879,748783
2024-11-11 12:30:00,120.87,120.8747,120.44,120.56,792496
2024-11-11 13:30:00,120.56,120.56,120.21,120.43,817290
2024-11-11 14:30:00,120.43,121.09,120.24,120.33,868768
2024-11-11 15:30:00,120.32,120.6827,120.24,120.49,2103812
2024-11-12 09:30:00,120.925,121.35,120.5,121.05,2109482
2024-11-12 10:30:00,121.0433,121.0604,118.875,120.17,1280858
2024-11-12 11:30:00,120.17,120.9988,120.0279,120.565,1130379
2024-11-12 12:30:00,120.57,120.635,118.210846,120.25,658448
2024-11-12 13:30:00,120.2705,120.629033,120.22,120.54,779472
2024-11-12 14:30:00,120.5312,121.0806,120.489795,120.595,807201
2024-11-12 15:30:00,120.59,120.705,120.24,120.35,1916578
2024-11-13 09:30:00,120.65,121.16,118.9,119.3725,2442658
2024-11-13 10:30:00,119.31,120.56,118.8,120.49,1850049
2024-11-13 11:30:00,120.5,121.08,120.3617,121.08,2297210
2024-11-13 12:30:00,121.09,121.85,121.0026,121.715,969311
2024-11-13 13:30:00,121.715,122.2542,121.559,121.82,902365
2024-11-13 14:30:00,121.81,122.02,115.79,121.82,954870
2024-11-13 15:30:00,121.82,121.95,120.59,121.54,2445249
2024-11-14 09:30:00,121.55,121.95,121.0,121.11,2868906
2024-11-14 10:30:00,121.105,121.35,120.74,121.231,1072285
2024-11-14 11:30:00,121.24,121.33,120.57,120.68,1023453
2024-11-14 12:30:00,120.69,120.78,120.4,120.446,791369
2024-11-14 13:30:00,120.4075,120.6,120.34,120.5285,804994
2024-11-14 14:30:00,120.5,120.77,114.7315,120.63,1048146
2024-11-14 15:30:00,120.63,120.9131,120.33,120.57,2193703
2024-11-15 09:30:00,120.33,122.09,120.01,121.0,3983028
2024-11-15 10:30:00,120.99,121.0,120.2,120.26,1535258
2024-11-15 11:30:00,120.255,120.47,119.59,119.7,1273165
2024-11-15 12:30:00,119.7012,120.14,119.44,119.975,880788
2024-11-15 13:30:00,119.971,119.99,119.51,119.5102,872434
2024-11-15 14:30:00,119.515,120.6734,119.29,119.5985,2618676
2024-11-15 15:30:00,119.6,120.1999,119.13,119.32,2773831
2025-01-28 09:30:00,110.535,110.87,109.1,109.2151,2199319
2025-01-28 10:30:00,109.11,109.5328,108.76,108.8792,1035678
2025-01-28 11:30:00,108.886,110.44,108.28,108.39,1188934
2025-01-28 12:30:00,108.3821,108.55,108.17,108.1825,1026604
2025-01-28 13:30:00,108.19,108.44,107.79,107.95,1192219
2025-01-28 14:30:00,107.93,109.29,107.8757,108.2618,2492339
2025-01-28 15:30:00,108.265,108.7295,107.88,108.03,2594448
2025-01-29 09:30:00,107.67,108.54,107.0093,108.15,2186568
2025-01-29 10:30:00,108.14,108.51,108.0201,108.398,1685425
2025-01-29 11:30:00,108.39,108.66,108.2,108.21,817402
2025-01-29 12:30:00,108.2199,108.3997,107.91,108.12,784912
2025-01-29 13:30:00,108.12,108.34,106.7615,108.05,1007341
2025-01-29 14:30:00,108.04,108.61,108.038,108.5,1374782
2025-01-29 15:30:00,108.5468,108.78,108.2766,108.66,2331456
2025-01-30 09:30:00,109.24,109.83,108.63,109.7434,1901309
2025-01-30 10:30:00,109.76,109.85,109.27,109.36,1322273
2025-01-30 11:30:00,109.35,109.4204,108.79,108.9,983171
2025-01-30 12:30:00,108.9,109.61,108.8388,109.5563,831066
2025-01-30 13:30:00,109.5441,109.8205,108.40644,109.6931,1147513
2025-01-30 14:30:00,109.7059,111.15,109.43,109.455,1098549
2025-01-30 15:30:00,109.4706,109.74,108.81,109.59,3272796
2025-01-31 09:30:00,110.45,110.64,106.99,107.78,4505072
2025-01-31 10:30:00,107.78,108.9669,107.52,108.845,1954676
2025-01-31 11:30:00,108.84,109.24,107.62,107.63,1718047
2025-01-31 12:30:00,107.6308,107.9751,107.44,107.625,1702371
2025-01-31 13:30:00,107.5892,109.18,106.38,106.4775,1999312
2025-01-31 14:30:00,106.48,106.95,106.09,106.725,1921510
2025-01-31 15:30:00,106.73,106.85,106.27,106.82,2399374
2025-02-03 09:30:00,106.47,107.0,105.3201,106.68,3342045
2025-02-03 10:30:00,106.67,109.03248,106.25,106.965,1921325
2025-02-03 11:30:00,106.96,107.11,106.4,106.4299,1320065
2025-02-03 12:30:00,106.43,106.86,106.02,106.858,1163538
2025-02-03 13:30:00,106.8268,107.2,106.1,107.1,1277685
2025-02-03 14:30:00,107.09,107.28,106.06,107.135,1109045
2025-02-03 15:30:00,107.13,107.15,106.6172,107.1,2035431
2025-02-04 09:30:00,107.14,109.6,106.39,109.5513,3733821
2025-02-04 10:30:00,109.54,110.04,106.64,109.84,1765058
2025-02-04 11:30:00,109.85,110.28,108.279101,109.775,1310563
2025-02-04 12:30:00,109.775,109.87,109.52,109.6072,932947
2025-02-04 13:30:00,109.61,109.9699,109.455,109.8512,1044819
2025-02-04 14:30:00,109.8586,110.01,105.66,109.77,1394339
2025-02-04 15:30:00,109.77,110.01,109.4713,109.94,2531867
2025-02-05 09:30:00,109.84,110.01,109.1,109.4781,1944122
2025-02-05 10:30:00,109.46,109.86,109.22,109.7,1421124
2025-02-05 11:30:00,109.7088,109.8,109.41,109.473,821149
2025-02-05 12:30:00,109.47,109.53,109.26,109.4899,870808
2025-02-05 13:30:00,109.5053,109.7,109.37,109.56,814879
2025-02-05 14:30:00,109.565,109.84,109.5413,109.6136,1285780
2025-02-05 15:30:00,109.615,109.9,109.4,109.8888,1873771
2025-02-06 09:30:00,110.91,111.05,108.71,109.23,2517687
2025-02-06 10:30:00,109.23,109.27,106.11,108.6099,1218272
2025-02-06 11:30:00,108.6,108.75,108.074,108.09,995545
2025-02-06 12:30:00,108.1024,108.6,108.08,108.5,886498
2025-02-06 13:30:00,108.52,108.67,108.225,108.3,801297
2025-02-06 14:30:00,108.2626,108.33,107.98,108.25,1104521
2025-02-06 15:30:00,108.25,108.49,106.61,108.426,1586748
2025-02-07 09:30:00,108.97,109.7308,108.31,109.41,2220726
2025-02-07 10:30:00,109.41,109.43,108.91,109.061,1040660
2025-02-07 11:30:00,109.065,109.77,108.92,109.42,701919
2025-02-07 12:30:00,109.4204,109.71,109.14,109.6601,629426
2025-02-07 13:30:00,109.66,109.72,109.3893,109.5282,696073
2025-02-07 14:30:00,109.51,111.2354,109.11,109.15,1014574
2025-02-07 15:30:00,109.15,109.2987,108.75,108.91,1990494
2025-02-10 09:30:00,109.925,113.57,109.73,110.115,2313842
2025-02-10 10:30:00,110.103,110.64,107.09,110.54,1075027
2025-02-10 11:30:00,110.54,110.7699,110.36,110.7682,807520
2025-02-10 12:30:00,110.77,111.0,110.660377,110.72,994404
2025-02-10 13:30:00,110.794,110.88,110.2097,110.74,981104
2025-02-10 14:30:00,110.74,110.825,110.61,110.67,904583
2025-02-10 15:30:00,110.67,111.03,110.5275,110.99,2313321
2025-02-11 09:30:00,111.7,111.8,110.82,111.18,1885272
2025-02-11 10:30:00,111.17,111.805,110.97,111.7422,1021333
2025-02-11 11:30:00,111.765,112.345,111.51,112.29,1318995
2025-02-11 12:30:00,112.2975,112.41,111.998,112.28,928664
2025-02-11 13:30:00,112.28,112.51,109.72,112.092,928919
2025-02-11 14:30:00,112.0901,112.19,106.49,111.5038,1273942
2025-02-11 15:30:00,111.505,111.87,111.38,111.72,2457875
2025-02-12 09:30:00,110.15,110.232,109.03,109.5134,2218491
2025-02-12 10:30:00,109.53,109.6588,108.7,108.8401,1659980
2025-02-12 11:30:00,108.86,110.3611,108.42,108.6,1581815
2025-02-12 12:30:00,108.62,109.53,107.97,108.06,1311269
2025-02-12 13:30:00,108.0529,108.13,107.6,107.73,1468041
2025-02-12 14:30:00,107.74,108.1289,107.61,107.64,1545229
2025-02-12 15:30:00,107.64,108.5685,107.18,107.375,3709363
2025-02-13 09:30:00,107.18,109.1552,106.52,107.75,2256531
2025-02-13 10:30:00,107.75,108.08,107.53,108.08,1666888
2025-02-13 11:30:00,108.0712,108.1688,107.46,107.865,1553889
2025-02-13 12:30:00,107.865,108.1098,107.68,108.09,1521950
2025-02-13 13:30:00,108.09,108.39,107.97,108.195,968537
2025-02-13 14:30:00,108.19,108.2799,107.88,108.095,1515694
2025-02-13 15:30:00,108.09,108.4102,107.8496,108.13,2064687
2025-02-14 09:30:00,108.52,110.24,108.24,108.9488,3322658
2025-02-14 10:30:00,108.94,109.32,108.82,109.13,1254630
2025-02-14 11:30:00,109.12,109.33,108.88,108.97,970233
2025-02-14 12:30:00,108.97,108.97,108.55,108.8,942748
2025-02-14 13:30:00,108.8,108.8288,108.48,108.5441,1122198
2025-02-14 14:30:00,108.495,108.75,108.35,108.3612,1285172
2025-02-14 15:30:00,108.375,108.954,108.1,108.22,2599851
2025-04-29 09:30:00,107.6,109.29,107.52,107.9,2229131
2025-04-29 10:30:00,107.895,108.7663,107.84,108.5261,819863
2025-04-29 11:30:00,108.5731,108.63,108.21,108.4668,518284
2025-04-29 12:30:00,108.46,108.48,105.35,108.45,525059
2025-04-29 13:30:00,108.4438,108.84,108.08,108.1562,910542
2025-04-29 14:30:00,108.21,108.61,108.08,108.51,1018463
2025-04-29 15:30:00,108.51,108.55,108.25,108.31,1710025
2025-04-30 09:30:00,107.3,107.5588,105.79,106.3425,2725016
2025-04-30 10:30:00,106.35,116.65929,105.9,106.4891,1830345
2025-04-30 11:30:00,106.485,106.7433,104.15,104.72,3503159
2025-04-30 12:30:00,104.72,105.32,104.53,105.155,1095724
2025-04-30 13:30:00,105.15,105.665761,103.1,105.12,1505815
2025-04-30 14:30:00,105.11,105.35,104.91,105.182,1156434
2025-04-30 15:30:00,105.19,118.93,104.985,105.58,2553672
2025-05-01 09:30:00,105.26,106.9288,104.96,106.54,3270806
2025-05-01 10:30:00,106.54,106.81,106.199,106.6378,2067740
2025-05-01 11:30:00,106.63,106.6799,105.4,105.445,2080994
2025-05-01 12:30:00,105.45,105.99,105.3201,105.7974,1715789
2025-05-01 13:30:00,105.81,106.88,105.7,106.7117,1377859
2025-05-01 14:30:00,106.71,107.0218,106.27,106.4637,1522785
2025-05-01 15:30:00,106.4353,107.62,105.65,105.84,2158246
2025-05-02 09:30:00,107.23,109.0,104.545,105.7901,3950126
2025-05-02 10:30:00,105.79,106.08,104.885,105.11,1868009
2025-05-02 11:30:00,105.12,106.75,99.93,105.9763,1936239
2025-05-02 12:30:00,105.99,106.59,105.28,105.61,1465951
2025-05-02 13:30:00,105.6087,106.4589,105.4,106.42,1325219
2025-05-02 14:30:00,106.42,106.525,105.69,106.2,1605403
2025-05-02 15:30:00,106.2,106.46,105.9513,106.19,2430755
2025-05-05 09:30:00,104.735,105.87,103.07,103.4075,3316252
2025-05-05 10:30:00,103.4,108.5575,103.25,103.565,1980668
2025-05-05 11:30:00,103.565,104.11,103.3,103.77,1494575
2025-05-05 12:30:00,103.775,103.8282,103.3,103.315,1420345
2025-05-05 13:30:00,103.32,106.92,103.305,103.655,1260789
2025-05-05 14:30:00,103.66,103.74,103.23,103.37,1761068
2025-05-05 15:30:00,103.36,103.6,103.08,103.3,2862376
2025-05-06 09:30:00,104.09,105.12,103.48,104.91,3331742
2025-05-06 10:30:00,104.9,105.69,103.96,105.68,2301656
2025-05-06 11:30:00,105.628,108.36,105.27,105.446,1241797
2025-05-06 12:30:00,105.44,105.65,104.9212,105.0072,1307776
2025-05-06 13:30:00,105.0,105.11,104.69,105.03,968128
2025-05-06 14:30:00,105.04,108.0027,104.8987,105.09,1077489
2025-05-06 15:30:00,105.09,105.35,104.69,104.71,2742967
2025-05-07 09:30:00,105.06,105.39,104.18,104.2196,2005611
2025-05-07 10:30:00,104.225,104.83,104.0648,104.78,1542881
2025-05-07 11:30:00,104.78,105.11,104.58,104.6,1077497
2025-05-07 12:30:00,104.59,105.2999,104.5,105.0872,898553
2025-05-07 13:30:00,104.935,108.63,104.11,104.32,1005960
2025-05-07 14:30:00,104.3261,104.7753,103.14,104.2812,1107580
2025-05-07 15:30:00,104.28,104.81,104.23,104.57,2258361
2025-05-08 09:30:00,105.05,106.64,105.02,106.055,2521105
2025-05-08 10:30:00,106.04,106.6,105.7,106.44,1472546
2025-05-08 11:30:00,106.45,107.2,106.26,106.9734,1391125
2025-05-08 12:30:00,106.9412,107.3888,106.61,106.6897,1038358
2025-05-08 13:30:00,106.62,106.9,106.49,106.5331,1154943
2025-05-08 14:30:00,106.5343,107.08,106.32,106.8407,1304910
2025-05-08 15:30:00,106.78,106.9407,106.03,106.135,2218417
2025-05-09 09:30:00,107.2,108.39,106.36,106.5689,1692323
2025-05-09 10:30:00,106.57,107.57,106.4698,107.2885,1464962
2025-05-09 11:30:00,107.285,107.4985,107.05,107.19,696392
2025-05-09 12:30:00,107.185,107.4732,107.01,107.39,718701
2025-05-09 13:30:00,107.39,107.57,107.29,107.375,708764
2025-05-09 14:30:00,107.375,107.75,104.7048,107.5165,910944
2025-05-09 15:30:00,107.51,107.5556,107.2028,107.3,1891871
2025-05-12 09:30:00,110.02,110.45,108.97,109.9,3317932
2025-05-12 10:30:00,109.9,109.93,108.66,108.69,1932347
2025-05-12 11:30:00,108.7,109.0878,108.32,108.55,1190988
2025-05-12 12:30:00,108.55,109.16,103.39,109.0,1031136
2025-05-12 13:30:00,109.0,109.21,108.6,108.735,1101803
2025-05-12 14:30:00,108.74,109.27,108.7304,109.19,925186
2025-05-12 15:30:00,109.19,109.33,108.78,109.2,2403612
2025-05-13 09:30:00,109.28,109.9199,109.02,109.7288,2102705
2025-05-13 10:30:00,109.72,109.96,103.70177,109.7,1456342
2025-05-13 11:30:00,109.69,110.065,109.6124,110.0164,1305867
2025-05-13 12:30:00,110.05,110.2799,109.9624,110.26,997120
2025-05-13 13:30:00,110.26,110.52,106.0518,110.105,1069617
2025-05-13 14:30:00,110.1019,110.34,104.61,110.2441,1354817
2025-05-13 15:30:00,110.225,110.265,109.43,109.45,2203801
2025-05-14 09:30:00,108.86,109.33,108.03,108.46,2750911
2025-05-14 10:30:00,108.46,108.5676,106.91,108.5,1288014
2025-05-14 11:30:00,108.5,108.84,108.36,108.47,1077531
2025-05-14 12:30:00,108.48,108.57,108.2,108.3682,763946
2025-05-14 13:30:00,108.3531,108.44,108.05,108.115,1064334
2025-05-14 14:30:00,108.12,108.49,107.43,108.385,1145158
2025-05-14 15:30:00,108.3812,108.79,108.38,108.5,3871280
2025-05-15 09:30:00,106.49,107.4,105.96,107.1312,2686788
2025-05-15 10:30:00,107.15,108.445,107.125,107.5844,1268813
2025-05-15 11:30:00,107.535,107.99,107.43,107.8948,953829
2025-05-15 12:30:00,107.97,108.045,107.795,107.99,1665765
2025-05-15 13:30:00,107.985,108.04,106.9,107.9702,1059824
2025-05-15 14:30:00,107.9764,108.47,107.94,108.4348,1322762
2025-05-15 15:30:00,108.4,108.65,107.5883,108.6,2401153
